Node,Subest,Feeder,
ST_MAT      ,True        ,True                     ,
P1UDM1      ,P1UHS0_1247 ,P1UHS0_1247 -> P1UDT1470 ,
P1UDM2      ,P1UHS0_1247 ,P1UHS0_1247 -> P1UDT1470 ,
P1UDM3      ,P1UHS0_1247 ,P1UHS0_1247 -> P1UDT1470 ,
P1UDM5      ,P1UHS0_1247 ,P1UHS0_1247 -> P1UDT1470 ,
P1UDM6      ,P1UHS0_1247 ,P1UHS0_1247 -> P1UDT1470 ,
P1UDM7      ,P1UHS0_1247 ,P1UHS0_1247 -> P1UDT1470 ,
P1UDM13     ,P1UHS0_1247 ,P1UHS0_1247 -> P1UDT1470 ,
P1UDM16     ,P1UHS0_1247 ,P1UHS0_1247 -> P1UDT1470 ,
P1UDM19     ,P1UHS0_1247 ,P1UHS0_1247 -> P1UDT1470 ,
P1UDM22     ,P1UHS0_1247 ,P1UHS0_1247 -> P1UDT1469 ,
P1UDM23     ,P1UHS0_1247 ,P1UHS0_1247 -> P1UDT1469 ,
P1UDM24     ,P1UHS0_1247 ,P1UHS0_1247 -> P1UDT1469 ,
P1UDM27     ,P1UHS0_1247 ,P1UHS0_1247 -> P1UDT1469 ,
P1UDM33     ,P1UHS0_1247 ,P1UHS0_1247 -> P1UDT1469 ,
P1UDM34     ,P1UHS0_1247 ,P1UHS0_1247 -> P1UDT1469 ,
P1UDM35     ,P1UHS0_1247 ,P1UHS0_1247 -> P1UDT1469 ,
P1UDM36     ,P1UHS0_1247 ,P1UHS0_1247 -> P1UDT1469 ,
P1UDM38     ,P1UHS0_1247 ,P1UHS0_1247 -> P1UDT1472 ,
P1UDM39     ,P1UHS0_1247 ,P1UHS0_1247 -> P1UDT1472 ,
P1UDM41     ,P1UHS0_1247 ,P1UHS0_1247 -> P1UDT1469 ,
P1UDM42     ,P1UHS0_1247 ,P1UHS0_1247 -> P1UDT1469 ,
P1UDM43     ,P1UHS0_1247 ,P1UHS0_1247 -> P1UDT1469 ,
P1UDM44     ,P1UHS0_1247 ,P1UHS0_1247 -> P1UDT1469 ,
P1UDM45     ,P1UHS0_1247 ,P1UHS0_1247 -> P1UDT1469 ,
P1UDM46     ,P1UHS0_1247 ,P1UHS0_1247 -> P1UDT1469 ,
P1UDM49     ,P1UHS0_1247 ,P1UHS0_1247 -> P1UDT1469 ,
P1UDM51     ,P1UHS0_1247 ,P1UHS0_1247 -> P1UDT1469 ,
P1UDM56     ,P1UHS0_1247 ,P1UHS0_1247 -> P1UDT1470 ,
P1UDM57     ,P1UHS0_1247 ,P1UHS0_1247 -> P1UDT1470 ,
P1UDM60     ,P1UHS0_1247 ,P1UHS0_1247 -> P1UDT1469 ,
P1UDM62     ,P1UHS0_1247 ,P1UHS0_1247 -> P1UDT1469 ,
P1UDM63     ,P1UHS0_1247 ,P1UHS0_1247 -> P1UDT1469 ,
P1UDM64     ,P1UHS0_1247 ,P1UHS0_1247 -> P1UDT1469 ,
P1UDM65     ,P1UHS0_1247 ,P1UHS0_1247 -> P1UDT1469 ,
P1UDM66     ,P1UHS0_1247 ,P1UHS0_1247 -> P1UDT1469 ,
P1UDM67     ,P1UHS0_1247 ,P1UHS0_1247 -> P1UDT1469 ,
P1UDM68     ,P1UHS0_1247 ,P1UHS0_1247 -> P1UDT1469 ,
P1UDM69     ,P1UHS0_1247 ,P1UHS0_1247 -> P1UDT1469 ,
P1UDM70     ,P1UHS0_1247 ,P1UHS0_1247 -> P1UDT1469 ,
P1UDM71     ,P1UHS0_1247 ,P1UHS0_1247 -> P1UDT1469 ,
P1UDM72     ,P1UHS0_1247 ,P1UHS0_1247 -> P1UDT1469 ,
P1UDM73     ,P1UHS0_1247 ,P1UHS0_1247 -> P1UDT1469 ,
P1UDM79     ,P1UHS0_1247 ,P1UHS0_1247 -> P1UDT1469 ,
P1UDM81     ,P1UHS0_1247 ,P1UHS0_1247 -> P1UDT1469 ,
P1UDM83     ,P1UHS0_1247 ,P1UHS0_1247 -> P1UDT1469 ,
P1UDM84     ,P1UHS0_1247 ,P1UHS0_1247 -> P1UDT1469 ,
P1UDM85     ,P1UHS0_1247 ,P1UHS0_1247 -> P1UDT1469 ,
P1UDM86     ,P1UHS0_1247 ,P1UHS0_1247 -> P1UDT1469 ,
P1UDM87     ,P1UHS0_1247 ,P1UHS0_1247 -> P1UDT1469 ,
P1UDM88     ,P1UHS0_1247 ,P1UHS0_1247 -> P1UDT1469 ,
P1UDM89     ,P1UHS0_1247 ,P1UHS0_1247 -> P1UDT1469 ,
P1UDM90     ,P1UHS0_1247 ,P1UHS0_1247 -> P1UDT1469 ,
P1UDM91     ,P1UHS0_1247 ,P1UHS0_1247 -> P1UDT1469 ,
P1UDM92     ,P1UHS0_1247 ,P1UHS0_1247 -> P1UDT1469 ,
P1UDM93     ,P1UHS0_1247 ,P1UHS0_1247 -> P1UDT1469 ,
P1UDM97     ,P1UHS0_1247 ,P1UHS0_1247 -> P1UDT1470 ,
P1UDM99     ,P1UHS0_1247 ,P1UHS0_1247 -> P1UDT1470 ,
P1UDM102    ,P1UHS0_1247 ,P1UHS0_1247 -> P1UDT1470 ,
P1UDM103    ,P1UHS0_1247 ,P1UHS0_1247 -> P1UDT1470 ,
P1UDM104    ,P1UHS0_1247 ,P1UHS0_1247 -> P1UDT1470 ,
P1UDM107    ,P1UHS0_1247 ,P1UHS0_1247 -> P1UDT1470 ,
P1UDM111    ,P1UHS0_1247 ,P1UHS0_1247 -> P1UDT1470 ,
P1UDM113    ,P1UHS0_1247 ,P1UHS0_1247 -> P1UDT1470 ,
P1UDM117    ,P1UHS0_1247 ,P1UHS0_1247 -> P1UDT1470 ,
P1UDM119    ,P1UHS0_1247 ,P1UHS0_1247 -> P1UDT1470 ,
P1UDM120    ,P1UHS0_1247 ,P1UHS0_1247 -> P1UDT1470 ,
P1UDM125    ,P1UHS0_1247 ,P1UHS0_1247 -> P1UDT1470 ,
P1UDM126    ,P1UHS0_1247 ,P1UHS0_1247 -> P1UDT1470 ,
P1UDM128    ,P1UHS0_1247 ,P1UHS0_1247 -> P1UDT1470 ,
P1UDM134    ,P1UHS0_1247 ,P1UHS0_1247 -> P1UDT1470 ,
P1UDM135    ,P1UHS0_1247 ,P1UHS0_1247 -> P1UDT1470 ,
P1UDM136    ,P1UHS0_1247 ,P1UHS0_1247 -> P1UDT1470 ,
P1UDM137    ,P1UHS0_1247 ,P1UHS0_1247 -> P1UDT1470 ,
P1UDM139    ,P1UHS0_1247 ,P1UHS0_1247 -> P1UDT1470 ,
P1UDM142    ,P1UHS0_1247 ,P1UHS0_1247 -> P1UDT1470 ,
P1UDM145    ,P1UHS0_1247 ,P1UHS0_1247 -> P1UDT1470 ,
P1UDM147    ,P1UHS0_1247 ,P1UHS0_1247 -> P1UDT1470 ,
P1UDM148    ,P1UHS0_1247 ,P1UHS0_1247 -> P1UDT1470 ,
P1UDM149    ,P1UHS0_1247 ,P1UHS0_1247 -> P1UDT1470 ,
P1UDM150    ,P1UHS0_1247 ,P1UHS0_1247 -> P1UDT1470 ,
P1UDM151    ,P1UHS0_1247 ,P1UHS0_1247 -> P1UDT1470 ,
P1UDM153    ,P1UHS0_1247 ,P1UHS0_1247 -> P1UDT1470 ,
P1UDM156    ,P1UHS0_1247 ,P1UHS0_1247 -> P1UDT1470 ,
P1UDM158    ,P1UHS0_1247 ,P1UHS0_1247 -> P1UDT1469 ,
P1UDM159    ,P1UHS0_1247 ,P1UHS0_1247 -> P1UDT1469 ,
P1UDM161    ,P1UHS0_1247 ,P1UHS0_1247 -> P1UDT1469 ,
P1UDM163    ,P1UHS0_1247 ,P1UHS0_1247 -> P1UDT1469 ,
P1UDM164    ,P1UHS0_1247 ,P1UHS0_1247 -> P1UDT1469 ,
P1UDM167    ,P1UHS0_1247 ,P1UHS0_1247 -> P1UDT1469 ,
P1UDM168    ,P1UHS0_1247 ,P1UHS0_1247 -> P1UDT1469 ,
P1UDM169    ,P1UHS0_1247 ,P1UHS0_1247 -> P1UDT1469 ,
P1UDM171    ,P1UHS0_1247 ,P1UHS0_1247 -> P1UDT1469 ,
P1UDM174    ,P1UHS0_1247 ,P1UHS0_1247 -> P1UDT1470 ,
P1UDM176    ,P1UHS0_1247 ,P1UHS0_1247 -> P1UDT1470 ,
P1UDM177    ,P1UHS0_1247 ,P1UHS0_1247 -> P1UDT1470 ,
P1UDM179    ,P1UHS0_1247 ,P1UHS0_1247 -> P1UDT1470 ,
P1UDM180    ,P1UHS0_1247 ,P1UHS0_1247 -> P1UDT1470 ,
P1UDM183    ,P1UHS0_1247 ,P1UHS0_1247 -> P1UDT1470 ,
P1UDM187    ,P1UHS0_1247 ,P1UHS0_1247 -> P1UDT1470 ,
P1UDM190    ,P1UHS0_1247 ,P1UHS0_1247 -> P1UDT1470 ,
P1UDM193    ,P1UHS0_1247 ,P1UHS0_1247 -> P1UDT1470 ,
P1UDM195    ,P1UHS0_1247 ,P1UHS0_1247 -> P1UDT1470 ,
P1UDM199    ,P1UHS0_1247 ,P1UHS0_1247 -> P1UDT1470 ,
P1UDM201    ,P1UHS0_1247 ,P1UHS0_1247 -> P1UDT1470 ,
P1UDM202    ,P1UHS0_1247 ,P1UHS0_1247 -> P1UDT1470 ,
P1UDM203    ,P1UHS0_1247 ,P1UHS0_1247 -> P1UDT1470 ,
P1UDM204    ,P1UHS0_1247 ,P1UHS0_1247 -> P1UDT1470 ,
P1UDM209    ,P1UHS0_1247 ,P1UHS0_1247 -> P1UDT1470 ,
P1UDM210    ,P1UHS0_1247 ,P1UHS0_1247 -> P1UDT1470 ,
P1UDM213    ,P1UHS0_1247 ,P1UHS0_1247 -> P1UDT1470 ,
P1UDM216    ,P1UHS0_1247 ,P1UHS0_1247 -> P1UDT1470 ,
P1UDM218    ,P1UHS0_1247 ,P1UHS0_1247 -> P1UDT1470 ,
P1UDM219    ,P1UHS0_1247 ,P1UHS0_1247 -> P1UDT1470 ,
P1UDM221    ,P1UHS0_1247 ,P1UHS0_1247 -> P1UDT1470 ,
P1UDM222    ,P1UHS0_1247 ,P1UHS0_1247 -> P1UDT1470 ,
P1UDM224    ,P1UHS0_1247 ,P1UHS0_1247 -> P1UDT1470 ,
P1UDM226    ,P1UHS0_1247 ,P1UHS0_1247 -> P1UDT1470 ,
P1UDM227    ,P1UHS0_1247 ,P1UHS0_1247 -> P1UDT1470 ,
P1UDM229    ,P1UHS0_1247 ,P1UHS0_1247 -> P1UDT1470 ,
P1UDM230    ,P1UHS0_1247 ,P1UHS0_1247 -> P1UDT1470 ,
P1UDM231    ,P1UHS0_1247 ,P1UHS0_1247 -> P1UDT1470 ,
P1UDM235    ,P1UHS0_1247 ,P1UHS0_1247 -> P1UDT1470 ,
P1UDM236    ,P1UHS0_1247 ,P1UHS0_1247 -> P1UDT1470 ,
P1UDM237    ,P1UHS0_1247 ,P1UHS0_1247 -> P1UDT1470 ,
P1UDM238    ,P1UHS0_1247 ,P1UHS0_1247 -> P1UDT1470 ,
P1UDM239    ,P1UHS0_1247 ,P1UHS0_1247 -> P1UDT1470 ,
P1UDM241    ,P1UHS0_1247 ,P1UHS0_1247 -> P1UDT1470 ,
P1UDM242    ,P1UHS0_1247 ,P1UHS0_1247 -> P1UDT1470 ,
P1UDM247    ,P1UHS0_1247 ,P1UHS0_1247 -> P1UDT1470 ,
P1UDM248    ,P1UHS0_1247 ,P1UHS0_1247 -> P1UDT1470 ,
P1UDM249    ,P1UHS0_1247 ,P1UHS0_1247 -> P1UDT1470 ,
P1UDM250    ,P1UHS0_1247 ,P1UHS0_1247 -> P1UDT1470 ,
P1UDM253    ,P1UHS0_1247 ,P1UHS0_1247 -> P1UDT1470 ,
P1UDM254    ,P1UHS0_1247 ,P1UHS0_1247 -> P1UDT1470 ,
P1UDM255    ,P1UHS0_1247 ,P1UHS0_1247 -> P1UDT1470 ,
P1UDM256    ,P1UHS0_1247 ,P1UHS0_1247 -> P1UDT1470 ,
P1UDM257    ,P1UHS0_1247 ,P1UHS0_1247 -> P1UDT1470 ,
P1UDM261    ,P1UHS0_1247 ,P1UHS0_1247 -> P1UDT1470 ,
P1UDM262    ,P1UHS0_1247 ,P1UHS0_1247 -> P1UDT1470 ,
P1UDM263    ,P1UHS0_1247 ,P1UHS0_1247 -> P1UDT1470 ,
P1UDM266    ,P1UHS0_1247 ,P1UHS0_1247 -> P1UDT1470 ,
P1UDM267    ,P1UHS0_1247 ,P1UHS0_1247 -> P1UDT1470 ,
P1UDM268    ,P1UHS0_1247 ,P1UHS0_1247 -> P1UDT1470 ,
P1UDM284    ,P1UHS0_1247 ,P1UHS0_1247 -> P1UDT1470 ,
P1UDM285    ,P1UHS0_1247 ,P1UHS0_1247 -> P1UDT1470 ,
P1UDM286    ,P1UHS0_1247 ,P1UHS0_1247 -> P1UDT1470 ,
P1UDM289    ,P1UHS0_1247 ,P1UHS0_1247 -> P1UDT1470 ,
P1UDM290    ,P1UHS0_1247 ,P1UHS0_1247 -> P1UDT1470 ,
P1UDM293    ,P1UHS0_1247 ,P1UHS0_1247 -> P1UDT1470 ,
P1UDM294    ,P1UHS0_1247 ,P1UHS0_1247 -> P1UDT1470 ,
P1UDM296    ,P1UHS0_1247 ,P1UHS0_1247 -> P1UDT1470 ,
P1UDM299    ,P1UHS0_1247 ,P1UHS0_1247 -> P1UDT1472 ,
P1UDM300    ,P1UHS0_1247 ,P1UHS0_1247 -> P1UDT1472 ,
P1UDM302    ,P1UHS0_1247 ,P1UHS0_1247 -> P1UDT1472 ,
P1UDM304    ,P1UHS0_1247 ,P1UHS0_1247 -> P1UDT1472 ,
P1UDM305    ,P1UHS0_1247 ,P1UHS0_1247 -> P1UDT1472 ,
P1UDM309    ,P1UHS0_1247 ,P1UHS0_1247 -> P1UDT1470 ,
P1UDM310    ,P1UHS0_1247 ,P1UHS0_1247 -> P1UDT1470 ,
P1UDM313    ,P1UHS0_1247 ,P1UHS0_1247 -> P1UDT1469 ,
P1UDM315    ,P1UHS0_1247 ,P1UHS0_1247 -> P1UDT1469 ,
P1UDM316    ,P1UHS0_1247 ,P1UHS0_1247 -> P1UDT1469 ,
P1UDM317    ,P1UHS0_1247 ,P1UHS0_1247 -> P1UDT1469 ,
P1UDM321    ,P1UHS0_1247 ,P1UHS0_1247 -> P1UDT1469 ,
P1UDM322    ,P1UHS0_1247 ,P1UHS0_1247 -> P1UDT1469 ,
P1UDM323    ,P1UHS0_1247 ,P1UHS0_1247 -> P1UDT1469 ,
P1UDM324    ,P1UHS0_1247 ,P1UHS0_1247 -> P1UDT1469 ,
P1UDM326    ,P1UHS0_1247 ,P1UHS0_1247 -> P1UDT1469 ,
P1UDM329    ,P1UHS0_1247 ,P1UHS0_1247 -> P1UDT1469 ,
P1UDM332    ,P1UHS0_1247 ,P1UHS0_1247 -> P1UDT1469 ,
P1UDM334    ,P1UHS0_1247 ,P1UHS0_1247 -> P1UDT1469 ,
P1UDM338    ,P1UHS0_1247 ,P1UHS0_1247 -> P1UDT1469 ,
P1UDM339    ,P1UHS0_1247 ,P1UHS0_1247 -> P1UDT1469 ,
P1UDM346    ,P1UHS0_1247 ,P1UHS0_1247 -> P1UDT1469 ,
P1UDM349    ,P1UHS0_1247 ,P1UHS0_1247 -> P1UDT1469 ,
P1UDM350    ,P1UHS0_1247 ,P1UHS0_1247 -> P1UDT1469 ,
P1UDM351    ,P1UHS0_1247 ,P1UHS0_1247 -> P1UDT1469 ,
P1UDM355    ,P1UHS0_1247 ,P1UHS0_1247 -> P1UDT1469 ,
P1UDM356    ,P1UHS0_1247 ,P1UHS0_1247 -> P1UDT1469 ,
P1UDM358    ,P1UHS0_1247 ,P1UHS0_1247 -> P1UDT1469 ,
P1UDM359    ,P1UHS0_1247 ,P1UHS0_1247 -> P1UDT1469 ,
P1UDM360    ,P1UHS0_1247 ,P1UHS0_1247 -> P1UDT1469 ,
P1UDM365    ,P1UHS0_1247 ,P1UHS0_1247 -> P1UDT1469 ,
P1UDM367    ,P1UHS0_1247 ,P1UHS0_1247 -> P1UDT1469 ,
P1UDM368    ,P1UHS0_1247 ,P1UHS0_1247 -> P1UDT1469 ,
P1UDM369    ,P1UHS0_1247 ,P1UHS0_1247 -> P1UDT1469 ,
P1UDM370    ,P1UHS0_1247 ,P1UHS0_1247 -> P1UDT1469 ,
P1UDM373    ,P1UHS0_1247 ,P1UHS0_1247 -> P1UDT1469 ,
P1UDM375    ,P1UHS0_1247 ,P1UHS0_1247 -> P1UDT1469 ,
P1UDM376    ,P1UHS0_1247 ,P1UHS0_1247 -> P1UDT1469 ,
P1UDM377    ,P1UHS0_1247 ,P1UHS0_1247 -> P1UDT1469 ,
P1UDM378    ,P1UHS0_1247 ,P1UHS0_1247 -> P1UDT1469 ,
P1UDM379    ,P1UHS0_1247 ,P1UHS0_1247 -> P1UDT1469 ,
P1UDM380    ,P1UHS0_1247 ,P1UHS0_1247 -> P1UDT1469 ,
P1UDM381    ,P1UHS0_1247 ,P1UHS0_1247 -> P1UDT1469 ,
P1UDM382    ,P1UHS0_1247 ,P1UHS0_1247 -> P1UDT1469 ,
P1UDM389    ,P1UHS0_1247 ,P1UHS0_1247 -> P1UDT1470 ,
P1UDM390    ,P1UHS0_1247 ,P1UHS0_1247 -> P1UDT1470 ,
P1UDM391    ,P1UHS0_1247 ,P1UHS0_1247 -> P1UDT1470 ,
P1UDM392    ,P1UHS0_1247 ,P1UHS0_1247 -> P1UDT1470 ,
P1UDM393    ,P1UHS0_1247 ,P1UHS0_1247 -> P1UDT1470 ,
P1UDM394    ,P1UHS0_1247 ,P1UHS0_1247 -> P1UDT1470 ,
P1UDM395    ,P1UHS0_1247 ,P1UHS0_1247 -> P1UDT1470 ,
P1UDM396    ,P1UHS0_1247 ,P1UHS0_1247 -> P1UDT1470 ,
P1UDM398    ,P1UHS0_1247 ,P1UHS0_1247 -> P1UDT1470 ,
P1UDM399    ,P1UHS0_1247 ,P1UHS0_1247 -> P1UDT1470 ,
P1UDM403    ,P1UHS0_1247 ,P1UHS0_1247 -> P1UDT1469 ,
P1UDM404    ,P1UHS0_1247 ,P1UHS0_1247 -> P1UDT1469 ,
P1UDM406    ,P1UHS0_1247 ,P1UHS0_1247 -> P1UDT1469 ,
P1UDM407    ,P1UHS0_1247 ,P1UHS0_1247 -> P1UDT1469 ,
P1UDM410    ,P1UHS0_1247 ,P1UHS0_1247 -> P1UDT1469 ,
P1UDM412    ,P1UHS0_1247 ,P1UHS0_1247 -> P1UDT1469 ,
P1UDM413    ,P1UHS0_1247 ,P1UHS0_1247 -> P1UDT1469 ,
P1UDM414    ,P1UHS0_1247 ,P1UHS0_1247 -> P1UDT1469 ,
P1UDM419    ,P1UHS0_1247 ,P1UHS0_1247 -> P1UDT1469 ,
P1UDM420    ,P1UHS0_1247 ,P1UHS0_1247 -> P1UDT1469 ,
P1UDM422    ,P1UHS0_1247 ,P1UHS0_1247 -> P1UDT1469 ,
P1UDM423    ,P1UHS0_1247 ,P1UHS0_1247 -> P1UDT1469 ,
P1UDM429    ,P1UHS0_1247 ,P1UHS0_1247 -> P1UDT1469 ,
P1UDM436    ,P1UHS0_1247 ,P1UHS0_1247 -> P1UDT1472 ,
P1UDM437    ,P1UHS0_1247 ,P1UHS0_1247 -> P1UDT1472 ,
P1UDM439    ,P1UHS0_1247 ,P1UHS0_1247 -> P1UDT1469 ,
P1UDM441    ,P1UHS0_1247 ,P1UHS0_1247 -> P1UDT1469 ,
P1UDM443    ,P1UHS0_1247 ,P1UHS0_1247 -> P1UDT1469 ,
P1UDM444    ,P1UHS0_1247 ,P1UHS0_1247 -> P1UDT1469 ,
P1UDM445    ,P1UHS0_1247 ,P1UHS0_1247 -> P1UDT1472 ,
P1UDM446    ,P1UHS0_1247 ,P1UHS0_1247 -> P1UDT1472 ,
P1UDM450    ,P1UHS0_1247 ,P1UHS0_1247 -> P1UDT1472 ,
P1UDM452    ,P1UHS0_1247 ,P1UHS0_1247 -> P1UDT1472 ,
P1UDM454    ,P1UHS0_1247 ,P1UHS0_1247 -> P1UDT1472 ,
P1UDM457    ,P1UHS0_1247 ,P1UHS0_1247 -> P1UDT1472 ,
P1UDM459    ,P1UHS0_1247 ,P1UHS0_1247 -> P1UDT1472 ,
P1UDM463    ,P1UHS0_1247 ,P1UHS0_1247 -> P1UDT1472 ,
P1UDM465    ,P1UHS0_1247 ,P1UHS0_1247 -> P1UDT1472 ,
P1UDM467    ,P1UHS0_1247 ,P1UHS0_1247 -> P1UDT1472 ,
P1UDM468    ,P1UHS0_1247 ,P1UHS0_1247 -> P1UDT1472 ,
P1UDM469    ,P1UHS0_1247 ,P1UHS0_1247 -> P1UDT1472 ,
P1UDM471    ,P1UHS0_1247 ,P1UHS0_1247 -> P1UDT1472 ,
P1UDM472    ,P1UHS0_1247 ,P1UHS0_1247 -> P1UDT1472 ,
P1UDM474    ,P1UHS0_1247 ,P1UHS0_1247 -> P1UDT1472 ,
P1UDM476    ,P1UHS0_1247 ,P1UHS0_1247 -> P1UDT1472 ,
P1UDM477    ,P1UHS0_1247 ,P1UHS0_1247 -> P1UDT1472 ,
P1UDM478    ,P1UHS0_1247 ,P1UHS0_1247 -> P1UDT1472 ,
P1UDM482    ,P1UHS0_1247 ,P1UHS0_1247 -> P1UDT1472 ,
P1UDM483    ,P1UHS0_1247 ,P1UHS0_1247 -> P1UDT1472 ,
P1UDM485    ,P1UHS0_1247 ,P1UHS0_1247 -> P1UDT1472 ,
P1UDM487    ,P1UHS0_1247 ,P1UHS0_1247 -> P1UDT1470 ,
P1UDM488    ,P1UHS0_1247 ,P1UHS0_1247 -> P1UDT1470 ,
P1UDM489    ,P1UHS0_1247 ,P1UHS0_1247 -> P1UDT1470 ,
P1UDM490    ,P1UHS0_1247 ,P1UHS0_1247 -> P1UDT1470 ,
P1UDM495    ,P1UHS0_1247 ,P1UHS0_1247 -> P1UDT1470 ,
P1UDM497    ,P1UHS0_1247 ,P1UHS0_1247 -> P1UDT1470 ,
P1UDM500    ,P1UHS0_1247 ,P1UHS0_1247 -> P1UDT1470 ,
P1UDM502    ,P1UHS0_1247 ,P1UHS0_1247 -> P1UDT1470 ,
P1UDM505    ,P1UHS0_1247 ,P1UHS0_1247 -> P1UDT1470 ,
P1UDM506    ,P1UHS0_1247 ,P1UHS0_1247 -> P1UDT1470 ,
P1UDM509    ,P1UHS0_1247 ,P1UHS0_1247 -> P1UDT1470 ,
P1UDM511    ,P1UHS0_1247 ,P1UHS0_1247 -> P1UDT1470 ,
P1UDM512    ,P1UHS0_1247 ,P1UHS0_1247 -> P1UDT1470 ,
P1UDM514    ,P1UHS0_1247 ,P1UHS0_1247 -> P1UDT1470 ,
P1UDM515    ,P1UHS0_1247 ,P1UHS0_1247 -> P1UDT1470 ,
P1UDM516    ,P1UHS0_1247 ,P1UHS0_1247 -> P1UDT1470 ,
P1UDM524    ,P1UHS0_1247 ,P1UHS0_1247 -> P1UDT1470 ,
P1UDM525    ,P1UHS0_1247 ,P1UHS0_1247 -> P1UDT1470 ,
P1UDM528    ,P1UHS0_1247 ,P1UHS0_1247 -> P1UDT1470 ,
P1UDM530    ,P1UHS0_1247 ,P1UHS0_1247 -> P1UDT1470 ,
P1UDM531    ,P1UHS0_1247 ,P1UHS0_1247 -> P1UDT1470 ,
P1UDM532    ,P1UHS0_1247 ,P1UHS0_1247 -> P1UDT1470 ,
P1UDM535    ,P1UHS0_1247 ,P1UHS0_1247 -> P1UDT1470 ,
P1UDM537    ,P1UHS0_1247 ,P1UHS0_1247 -> P1UDT1470 ,
P1UDM538    ,P1UHS0_1247 ,P1UHS0_1247 -> P1UDT1470 ,
P1UDM539    ,P1UHS0_1247 ,P1UHS0_1247 -> P1UDT1470 ,
P1UDM541    ,P1UHS0_1247 ,P1UHS0_1247 -> P1UDT1470 ,
P1UDM542    ,P1UHS0_1247 ,P1UHS0_1247 -> P1UDT1470 ,
P1UDM543    ,P1UHS0_1247 ,P1UHS0_1247 -> P1UDT1470 ,
P1UDM547    ,P1UHS0_1247 ,P1UHS0_1247 -> P1UDT1470 ,
P1UDM549    ,P1UHS0_1247 ,P1UHS0_1247 -> P1UDT1470 ,
P1UDM551    ,P1UHS0_1247 ,P1UHS0_1247 -> P1UDT1470 ,
P1UDM552    ,P1UHS0_1247 ,P1UHS0_1247 -> P1UDT1470 ,
P1UDM554    ,P1UHS0_1247 ,P1UHS0_1247 -> P1UDT1470 ,
P1UDM555    ,P1UHS0_1247 ,P1UHS0_1247 -> P1UDT1470 ,
P1UDM559    ,P1UHS0_1247 ,P1UHS0_1247 -> P1UDT1470 ,
P1UDM562    ,P1UHS0_1247 ,P1UHS0_1247 -> P1UDT1470 ,
P1UDM567    ,P1UHS0_1247 ,P1UHS0_1247 -> P1UDT1470 ,
P1UDM570    ,P1UHS0_1247 ,P1UHS0_1247 -> P1UDT1470 ,
P1UDM571    ,P1UHS0_1247 ,P1UHS0_1247 -> P1UDT1470 ,
P1UDM573    ,P1UHS0_1247 ,P1UHS0_1247 -> P1UDT1470 ,
P1UDM577    ,P1UHS0_1247 ,P1UHS0_1247 -> P1UDT1470 ,
P1UDM578    ,P1UHS0_1247 ,P1UHS0_1247 -> P1UDT1470 ,
P1UDM579    ,P1UHS0_1247 ,P1UHS0_1247 -> P1UDT1470 ,
P1UDM586    ,P1UHS0_1247 ,P1UHS0_1247 -> P1UDT1470 ,
P1UDM587    ,P1UHS0_1247 ,P1UHS0_1247 -> P1UDT1470 ,
P1UDM588    ,P1UHS0_1247 ,P1UHS0_1247 -> P1UDT1469 ,
P1UDM589    ,P1UHS0_1247 ,P1UHS0_1247 -> P1UDT1469 ,
P1UDM590    ,P1UHS0_1247 ,P1UHS0_1247 -> P1UDT1469 ,
P1UDM592    ,P1UHS0_1247 ,P1UHS0_1247 -> P1UDT1469 ,
P1UDM594    ,P1UHS0_1247 ,P1UHS0_1247 -> P1UDT1469 ,
P1UDM596    ,P1UHS0_1247 ,P1UHS0_1247 -> P1UDT1469 ,
P1UDM597    ,P1UHS0_1247 ,P1UHS0_1247 -> P1UDT1469 ,
P1UDM600    ,P1UHS0_1247 ,P1UHS0_1247 -> P1UDT1469 ,
P1UDM603    ,P1UHS0_1247 ,P1UHS0_1247 -> P1UDT1469 ,
P1UDM604    ,P1UHS0_1247 ,P1UHS0_1247 -> P1UDT1469 ,
P1UDM608    ,P1UHS0_1247 ,P1UHS0_1247 -> P1UDT1469 ,
P1UDM609    ,P1UHS0_1247 ,P1UHS0_1247 -> P1UDT1469 ,
P1UDM611    ,P1UHS0_1247 ,P1UHS0_1247 -> P1UDT1469 ,
P1UDM614    ,P1UHS0_1247 ,P1UHS0_1247 -> P1UDT1470 ,
P1UDM615    ,P1UHS0_1247 ,P1UHS0_1247 -> P1UDT1470 ,
P1UDM624    ,P1UHS0_1247 ,P1UHS0_1247 -> P1UDT1469 ,
P1UDM625    ,P1UHS0_1247 ,P1UHS0_1247 -> P1UDT1469 ,
P1UDM627    ,P1UHS0_1247 ,P1UHS0_1247 -> P1UDT1469 ,
P1UDM628    ,P1UHS0_1247 ,P1UHS0_1247 -> P1UDT1469 ,
P1UDM632    ,P1UHS0_1247 ,P1UHS0_1247 -> P1UDT1469 ,
P1UDM636    ,P1UHS0_1247 ,P1UHS0_1247 -> P1UDT1469 ,
P1UDM637    ,P1UHS0_1247 ,P1UHS0_1247 -> P1UDT1469 ,
P1UDM638    ,P1UHS0_1247 ,P1UHS0_1247 -> P1UDT1469 ,
P1UDM640    ,P1UHS0_1247 ,P1UHS0_1247 -> P1UDT1469 ,
P1UDM642    ,P1UHS0_1247 ,P1UHS0_1247 -> P1UDT1469 ,
P1UDM644    ,P1UHS0_1247 ,P1UHS0_1247 -> P1UDT1469 ,
P1UDM645    ,P1UHS0_1247 ,P1UHS0_1247 -> P1UDT1469 ,
P1UDM646    ,P1UHS0_1247 ,P1UHS0_1247 -> P1UDT1469 ,
P1UDM648    ,P1UHS0_1247 ,P1UHS0_1247 -> P1UDT1469 ,
P1UDM652    ,P1UHS0_1247 ,P1UHS0_1247 -> P1UDT1469 ,
P1UDM655    ,P1UHS0_1247 ,P1UHS0_1247 -> P1UDT1469 ,
P1UDM660    ,P1UHS0_1247 ,P1UHS0_1247 -> P1UDT1469 ,
P1UDM663    ,P1UHS0_1247 ,P1UHS0_1247 -> P1UDT1469 ,
P1UDM664    ,P1UHS0_1247 ,P1UHS0_1247 -> P1UDT1469 ,
P1UDM665    ,P1UHS0_1247 ,P1UHS0_1247 -> P1UDT1469 ,
P1UDM667    ,P1UHS0_1247 ,P1UHS0_1247 -> P1UDT1469 ,
P1UDM668    ,P1UHS0_1247 ,P1UHS0_1247 -> P1UDT1469 ,
P1UDM670    ,P1UHS0_1247 ,P1UHS0_1247 -> P1UDT1469 ,
P1UDM674    ,P1UHS0_1247 ,P1UHS0_1247 -> P1UDT1470 ,
P1UDM675    ,P1UHS0_1247 ,P1UHS0_1247 -> P1UDT1470 ,
P1UDM681    ,P1UHS0_1247 ,P1UHS0_1247 -> P1UDT1469 ,
P1UDM682    ,P1UHS0_1247 ,P1UHS0_1247 -> P1UDT1469 ,
P1UDM683    ,P1UHS0_1247 ,P1UHS0_1247 -> P1UDT1470 ,
P1UDM684    ,P1UHS0_1247 ,P1UHS0_1247 -> P1UDT1470 ,
P1UDM685    ,P1UHS0_1247 ,P1UHS0_1247 -> P1UDT1470 ,
P1UDM686    ,P1UHS0_1247 ,P1UHS0_1247 -> P1UDT1470 ,
P1UDM688    ,P1UHS0_1247 ,P1UHS0_1247 -> P1UDT1470 ,
P1UDM696    ,P1UHS0_1247 ,P1UHS0_1247 -> P1UDT1469 ,
P1UDM699    ,P1UHS0_1247 ,P1UHS0_1247 -> P1UDT1469 ,
P1UDM701    ,P1UHS0_1247 ,P1UHS0_1247 -> P1UDT1469 ,
P1UDM704    ,P1UHS0_1247 ,P1UHS0_1247 -> P1UDT1469 ,
P1UDM706    ,P1UHS0_1247 ,P1UHS0_1247 -> P1UDT1469 ,
P1UDM708    ,P1UHS0_1247 ,P1UHS0_1247 -> P1UDT1469 ,
P1UDM709    ,P1UHS0_1247 ,P1UHS0_1247 -> P1UDT1469 ,
P1UDM710    ,P1UHS0_1247 ,P1UHS0_1247 -> P1UDT1469 ,
P1UDM711    ,P1UHS0_1247 ,P1UHS0_1247 -> P1UDT1470 ,
P1UDM712    ,P1UHS0_1247 ,P1UHS0_1247 -> P1UDT1470 ,
P1UDM714    ,P1UHS0_1247 ,P1UHS0_1247 -> P1UDT1470 ,
P1UDM716    ,P1UHS0_1247 ,P1UHS0_1247 -> P1UDT1469 ,
P1UDM718    ,P1UHS0_1247 ,P1UHS0_1247 -> P1UDT1469 ,
P1UDM719    ,P1UHS0_1247 ,P1UHS0_1247 -> P1UDT1469 ,
P1UDM721    ,P1UHS0_1247 ,P1UHS0_1247 -> P1UDT104  ,
P1UDM722    ,P1UHS0_1247 ,P1UHS0_1247 -> P1UDT104  ,
P1UDM724    ,P1UHS0_1247 ,P1UHS0_1247 -> P1UDT1470 ,
P1UDM725    ,P1UHS0_1247 ,P1UHS0_1247 -> P1UDT1470 ,
P1UDM726    ,P1UHS0_1247 ,P1UHS0_1247 -> P1UDT1470 ,
P1UDM728    ,P1UHS0_1247 ,P1UHS0_1247 -> P1UDT1470 ,
P1UDM729    ,P1UHS0_1247 ,P1UHS0_1247 -> P1UDT1470 ,
P1UDM730    ,P1UHS0_1247 ,P1UHS0_1247 -> P1UDT1470 ,
P1UDM733    ,P1UHS0_1247 ,P1UHS0_1247 -> P1UDT1469 ,
P1UDM736    ,P1UHS0_1247 ,P1UHS0_1247 -> P1UDT1469 ,
P1UDM737    ,P1UHS0_1247 ,P1UHS0_1247 -> P1UDT1469 ,
P1UDM738    ,P1UHS0_1247 ,P1UHS0_1247 -> P1UDT1469 ,
P1UDM739    ,P1UHS0_1247 ,P1UHS0_1247 -> P1UDT1469 ,
P1UDM740    ,P1UHS0_1247 ,P1UHS0_1247 -> P1UDT1469 ,
P1UDM742    ,P1UHS0_1247 ,P1UHS0_1247 -> P1UDT1469 ,
P1UDM743    ,P1UHS0_1247 ,P1UHS0_1247 -> P1UDT1469 ,
P1UDM744    ,P1UHS0_1247 ,P1UHS0_1247 -> P1UDT1469 ,
P1UDM745    ,P1UHS0_1247 ,P1UHS0_1247 -> P1UDT1469 ,
P1UDM746    ,P1UHS0_1247 ,P1UHS0_1247 -> P1UDT1469 ,
P1UDM747    ,P1UHS0_1247 ,P1UHS0_1247 -> P1UDT1469 ,
P1UDM749    ,P1UHS0_1247 ,P1UHS0_1247 -> P1UDT1469 ,
P1UDM752    ,P1UHS0_1247 ,P1UHS0_1247 -> P1UDT1469 ,
P1UDM753    ,P1UHS0_1247 ,P1UHS0_1247 -> P1UDT1469 ,
P1UDM755    ,P1UHS0_1247 ,P1UHS0_1247 -> P1UDT1469 ,
P1UDM756    ,P1UHS0_1247 ,P1UHS0_1247 -> P1UDT1469 ,
P1UDM759    ,P1UHS0_1247 ,P1UHS0_1247 -> P1UDT1469 ,
P1UDM760    ,P1UHS0_1247 ,P1UHS0_1247 -> P1UDT1469 ,
P1UDM765    ,P1UHS0_1247 ,P1UHS0_1247 -> P1UDT1469 ,
P1UDM766    ,P1UHS0_1247 ,P1UHS0_1247 -> P1UDT1469 ,
P1UDM769    ,P1UHS0_1247 ,P1UHS0_1247 -> P1UDT1469 ,
P1UDM770    ,P1UHS0_1247 ,P1UHS0_1247 -> P1UDT1469 ,
P1UDM775    ,P1UHS0_1247 ,P1UHS0_1247 -> P1UDT1472 ,
P1UDM777    ,P1UHS0_1247 ,P1UHS0_1247 -> P1UDT1469 ,
P1UDM778    ,P1UHS0_1247 ,P1UHS0_1247 -> P1UDT1469 ,
P1UDM780    ,P1UHS0_1247 ,P1UHS0_1247 -> P1UDT1469 ,
P1UDM786    ,P1UHS0_1247 ,P1UHS0_1247 -> P1UDT1470 ,
P1UDM787    ,P1UHS0_1247 ,P1UHS0_1247 -> P1UDT1470 ,
P1UDM790    ,P1UHS0_1247 ,P1UHS0_1247 -> P1UDT1470 ,
P1UDM792    ,P1UHS0_1247 ,P1UHS0_1247 -> P1UDT1469 ,
P1UDM795    ,P1UHS0_1247 ,P1UHS0_1247 -> P1UDT1469 ,
P1UDM796    ,P1UHS0_1247 ,P1UHS0_1247 -> P1UDT1469 ,
P1UDM798    ,P1UHS0_1247 ,P1UHS0_1247 -> P1UDT1469 ,
P1UDM799    ,P1UHS0_1247 ,P1UHS0_1247 -> P1UDT1470 ,
P1UDM800    ,P1UHS0_1247 ,P1UHS0_1247 -> P1UDT1470 ,
P1UDM802    ,P1UHS0_1247 ,P1UHS0_1247 -> P1UDT1469 ,
P1UDM804    ,P1UHS0_1247 ,P1UHS0_1247 -> P1UDT1469 ,
P1UDM805    ,P1UHS0_1247 ,P1UHS0_1247 -> P1UDT1469 ,
P1UDM806    ,P1UHS0_1247 ,P1UHS0_1247 -> P1UDT1469 ,
P1UDM807    ,P1UHS0_1247 ,P1UHS0_1247 -> P1UDT1469 ,
P1UDM808    ,P1UHS0_1247 ,P1UHS0_1247 -> P1UDT1469 ,
P1UDM810    ,P1UHS0_1247 ,P1UHS0_1247 -> P1UDT1469 ,
P1UDM812    ,P1UHS0_1247 ,P1UHS0_1247 -> P1UDT1469 ,
P1UDM816    ,P1UHS0_1247 ,P1UHS0_1247 -> P1UDT1469 ,
P1UDM818    ,P1UHS0_1247 ,P1UHS0_1247 -> P1UDT1469 ,
P1UDM819    ,P1UHS0_1247 ,P1UHS0_1247 -> P1UDT1469 ,
P1UDM822    ,P1UHS0_1247 ,P1UHS0_1247 -> P1UDT104  ,
P1UDM823    ,P1UHS0_1247 ,P1UHS0_1247 -> P1UDT104  ,
P1UDM825    ,P1UHS0_1247 ,P1UHS0_1247 -> P1UDT1469 ,
P1UDM826    ,P1UHS0_1247 ,P1UHS0_1247 -> P1UDT1469 ,
P1UDM827    ,P1UHS0_1247 ,P1UHS0_1247 -> P1UDT1469 ,
P1UDM828    ,P1UHS0_1247 ,P1UHS0_1247 -> P1UDT1469 ,
P1UDM830    ,P1UHS0_1247 ,P1UHS0_1247 -> P1UDT1472 ,
P1UDM832    ,P1UHS0_1247 ,P1UHS0_1247 -> P1UDT1472 ,
P1UDM836    ,P1UHS0_1247 ,P1UHS0_1247 -> P1UDT1472 ,
P1UDM837    ,P1UHS0_1247 ,P1UHS0_1247 -> P1UDT1472 ,
P1UDM839    ,P1UHS0_1247 ,P1UHS0_1247 -> P1UDT1472 ,
P1UDM841    ,P1UHS0_1247 ,P1UHS0_1247 -> P1UDT1469 ,
P1UDM842    ,P1UHS0_1247 ,P1UHS0_1247 -> P1UDT1469 ,
P1UDM845    ,P1UHS0_1247 ,P1UHS0_1247 -> P1UDT1469 ,
P1UDM846    ,P1UHS0_1247 ,P1UHS0_1247 -> P1UDT1469 ,
P1UDM847    ,P1UHS0_1247 ,P1UHS0_1247 -> P1UDT1469 ,
P1UDM850    ,P1UHS0_1247 ,P1UHS0_1247 -> P1UDT1469 ,
P1UDM854    ,P1UHS0_1247 ,P1UHS0_1247 -> P1UDT1470 ,
P1UDM856    ,P1UHS0_1247 ,P1UHS0_1247 -> P1UDT1470 ,
P1UDM857    ,P1UHS0_1247 ,P1UHS0_1247 -> P1UDT1470 ,
P1UDM860    ,P1UHS0_1247 ,P1UHS0_1247 -> P1UDT1469 ,
P1UDM861    ,P1UHS0_1247 ,P1UHS0_1247 -> P1UDT1469 ,
P1UDM862    ,P1UHS0_1247 ,P1UHS0_1247 -> P1UDT1469 ,
P1UDM863    ,P1UHS0_1247 ,P1UHS0_1247 -> P1UDT1469 ,
P1UDM870    ,P1UHS0_1247 ,P1UHS0_1247 -> P1UDT1469 ,
P1UDM871    ,P1UHS0_1247 ,P1UHS0_1247 -> P1UDT1469 ,
P1UDM873    ,P1UHS0_1247 ,P1UHS0_1247 -> P1UDT1469 ,
P1UDM874    ,P1UHS0_1247 ,P1UHS0_1247 -> P1UDT1469 ,
P1UDM875    ,P1UHS0_1247 ,P1UHS0_1247 -> P1UDT1469 ,
P1UDM876    ,P1UHS0_1247 ,P1UHS0_1247 -> P1UDT1469 ,
P1UDM880    ,P1UHS0_1247 ,P1UHS0_1247 -> P1UDT1469 ,
P1UDM881    ,P1UHS0_1247 ,P1UHS0_1247 -> P1UDT1469 ,
P1UDM882    ,P1UHS0_1247 ,P1UHS0_1247 -> P1UDT1469 ,
P1UDM883    ,P1UHS0_1247 ,P1UHS0_1247 -> P1UDT1469 ,
P1UDM884    ,P1UHS0_1247 ,P1UHS0_1247 -> P1UDT1469 ,
P1UDM885    ,P1UHS0_1247 ,P1UHS0_1247 -> P1UDT1469 ,
P1UDM886    ,P1UHS0_1247 ,P1UHS0_1247 -> P1UDT1469 ,
P1UDM887    ,P1UHS0_1247 ,P1UHS0_1247 -> P1UDT1469 ,
P1UDM888    ,P1UHS0_1247 ,P1UHS0_1247 -> P1UDT1469 ,
P1UDM889    ,P1UHS0_1247 ,P1UHS0_1247 -> P1UDT1469 ,
P1UDM891    ,P1UHS0_1247 ,P1UHS0_1247 -> P1UDT1469 ,
P1UDM892    ,P1UHS0_1247 ,P1UHS0_1247 -> P1UDT1469 ,
P1UDM893    ,P1UHS0_1247 ,P1UHS0_1247 -> P1UDT1469 ,
P1UDM896    ,P1UHS0_1247 ,P1UHS0_1247 -> P1UDT1469 ,
P1UDM900    ,P1UHS0_1247 ,P1UHS0_1247 -> P1UDT1469 ,
P1UDM901    ,P1UHS0_1247 ,P1UHS0_1247 -> P1UDT1469 ,
P1UDM903    ,P1UHS0_1247 ,P1UHS0_1247 -> P1UDT1469 ,
P1UDM904    ,P1UHS0_1247 ,P1UHS0_1247 -> P1UDT1469 ,
P1UDM905    ,P1UHS0_1247 ,P1UHS0_1247 -> P1UDT1469 ,
P1UDM910    ,P1UHS0_1247 ,P1UHS0_1247 -> P1UDT1469 ,
P1UDM912    ,P1UHS0_1247 ,P1UHS0_1247 -> P1UDT1469 ,
P1UDM913    ,P1UHS0_1247 ,P1UHS0_1247 -> P1UDT1469 ,
P1UDM916    ,P1UHS0_1247 ,P1UHS0_1247 -> P1UDT1469 ,
P1UDM917    ,P1UHS0_1247 ,P1UHS0_1247 -> P1UDT1469 ,
P1UDM918    ,P1UHS0_1247 ,P1UHS0_1247 -> P1UDT1469 ,
P1UDM920    ,P1UHS0_1247 ,P1UHS0_1247 -> P1UDT1469 ,
P1UDM924    ,P1UHS0_1247 ,P1UHS0_1247 -> P1UDT1469 ,
P1UDM926    ,P1UHS0_1247 ,P1UHS0_1247 -> P1UDT1469 ,
P1UDM931    ,P1UHS0_1247 ,P1UHS0_1247 -> P1UDT1469 ,
P1UDM932    ,P1UHS0_1247 ,P1UHS0_1247 -> P1UDT1469 ,
P1UDM934    ,P1UHS0_1247 ,P1UHS0_1247 -> P1UDT1469 ,
P1UDM936    ,P1UHS0_1247 ,P1UHS0_1247 -> P1UDT1469 ,
P1UDM937    ,P1UHS0_1247 ,P1UHS0_1247 -> P1UDT1470 ,
P1UDM939    ,P1UHS0_1247 ,P1UHS0_1247 -> P1UDT1470 ,
P1UDM941    ,P1UHS0_1247 ,P1UHS0_1247 -> P1UDT1470 ,
P1UDM942    ,P1UHS0_1247 ,P1UHS0_1247 -> P1UDT1470 ,
P1UDM944    ,P1UHS0_1247 ,P1UHS0_1247 -> P1UDT1470 ,
P1UDM946    ,P1UHS0_1247 ,P1UHS0_1247 -> P1UDT1470 ,
P1UDM948    ,P1UHS0_1247 ,P1UHS0_1247 -> P1UDT1469 ,
P1UDM949    ,P1UHS0_1247 ,P1UHS0_1247 -> P1UDT1469 ,
P1UDM951    ,P1UHS0_1247 ,P1UHS0_1247 -> P1UDT1469 ,
P1UDM952    ,P1UHS0_1247 ,P1UHS0_1247 -> P1UDT1469 ,
P1UDM955    ,P1UHS0_1247 ,P1UHS0_1247 -> P1UDT1469 ,
P1UDM957    ,P1UHS0_1247 ,P1UHS0_1247 -> P1UDT1469 ,
P1UDM963    ,P1UHS0_1247 ,P1UHS0_1247 -> P1UDT1469 ,
P1UDM964    ,P1UHS0_1247 ,P1UHS0_1247 -> P1UDT1469 ,
P1UDM967    ,P1UHS0_1247 ,P1UHS0_1247 -> P1UDT1469 ,
P1UDM969    ,P1UHS0_1247 ,P1UHS0_1247 -> P1UDT1469 ,
P1UDM971    ,P1UHS0_1247 ,P1UHS0_1247 -> P1UDT1469 ,
P1UDM972    ,P1UHS0_1247 ,P1UHS0_1247 -> P1UDT1469 ,
P1UDM974    ,P1UHS0_1247 ,P1UHS0_1247 -> P1UDT1469 ,
P1UDM975    ,P1UHS0_1247 ,P1UHS0_1247 -> P1UDT1469 ,
P1UDM982    ,P1UHS0_1247 ,P1UHS0_1247 -> P1UDT1470 ,
P1UDM985    ,P1UHS0_1247 ,P1UHS0_1247 -> P1UDT1470 ,
P1UDM987    ,P1UHS0_1247 ,P1UHS0_1247 -> P1UDT1470 ,
P1UDM990    ,P1UHS0_1247 ,P1UHS0_1247 -> P1UDT1470 ,
P1UDM996    ,P1UHS0_1247 ,P1UHS0_1247 -> P1UDT1470 ,
P1UDM1001   ,P1UHS0_1247 ,P1UHS0_1247 -> P1UDT1470 ,
P1UDM1005   ,P1UHS0_1247 ,P1UHS0_1247 -> P1UDT1470 ,
P1UDM1006   ,P1UHS0_1247 ,P1UHS0_1247 -> P1UDT1470 ,
P1UDM1015   ,P1UHS0_1247 ,P1UHS0_1247 -> P1UDT1470 ,
P1UDM1018   ,P1UHS0_1247 ,P1UHS0_1247 -> P1UDT1470 ,
P1UDM1020   ,P1UHS0_1247 ,P1UHS0_1247 -> P1UDT1470 ,
P1UDM1021   ,P1UHS0_1247 ,P1UHS0_1247 -> P1UDT1470 ,
P1UDM1023   ,P1UHS0_1247 ,P1UHS0_1247 -> P1UDT1470 ,
P1UDM1024   ,P1UHS0_1247 ,P1UHS0_1247 -> P1UDT1470 ,
P1UDM1026   ,P1UHS0_1247 ,P1UHS0_1247 -> P1UDT1470 ,
P1UDM1029   ,P1UHS0_1247 ,P1UHS0_1247 -> P1UDT1470 ,
P1UDM1031   ,P1UHS0_1247 ,P1UHS0_1247 -> P1UDT1470 ,
P1UDM1035   ,P1UHS0_1247 ,P1UHS0_1247 -> P1UDT1470 ,
P1UDM1036   ,P1UHS0_1247 ,P1UHS0_1247 -> P1UDT1470 ,
P1UDM1037   ,P1UHS0_1247 ,P1UHS0_1247 -> P1UDT1470 ,
P1UDM1038   ,P1UHS0_1247 ,P1UHS0_1247 -> P1UDT1470 ,
P1UDM1045   ,P1UHS0_1247 ,P1UHS0_1247 -> P1UDT1470 ,
P1UDM1047   ,P1UHS0_1247 ,P1UHS0_1247 -> P1UDT1470 ,
P1UDM1049   ,P1UHS0_1247 ,P1UHS0_1247 -> P1UDT1470 ,
P1UDM1052   ,P1UHS0_1247 ,P1UHS0_1247 -> P1UDT1470 ,
P1UDM1053   ,P1UHS0_1247 ,P1UHS0_1247 -> P1UDT1470 ,
P1UDM1055   ,P1UHS0_1247 ,P1UHS0_1247 -> P1UDT1470 ,
P1UDM1058   ,P1UHS0_1247 ,P1UHS0_1247 -> P1UDT1470 ,
P1UDM1060   ,P1UHS0_1247 ,P1UHS0_1247 -> P1UDT1469 ,
P1UDM1062   ,P1UHS0_1247 ,P1UHS0_1247 -> P1UDT1469 ,
P1UDM1064   ,P1UHS0_1247 ,P1UHS0_1247 -> P1UDT1469 ,
P1UDM1065   ,P1UHS0_1247 ,P1UHS0_1247 -> P1UDT1469 ,
P1UDM1067   ,P1UHS0_1247 ,P1UHS0_1247 -> P1UDT1469 ,
P1UDM1072   ,P1UHS0_1247 ,P1UHS0_1247 -> P1UDT1469 ,
P1UDM1075   ,P1UHS0_1247 ,P1UHS0_1247 -> P1UDT1469 ,
P1UDM1076   ,P1UHS0_1247 ,P1UHS0_1247 -> P1UDT1469 ,
P1UDM1079   ,P1UHS0_1247 ,P1UHS0_1247 -> P1UDT1469 ,
P1UDM1080   ,P1UHS0_1247 ,P1UHS0_1247 -> P1UDT1469 ,
P1UDM1084   ,P1UHS0_1247 ,P1UHS0_1247 -> P1UDT1469 ,
P1UDM1085   ,P1UHS0_1247 ,P1UHS0_1247 -> P1UDT1470 ,
P1UDM1086   ,P1UHS0_1247 ,P1UHS0_1247 -> P1UDT1470 ,
P1UDM1087   ,P1UHS0_1247 ,P1UHS0_1247 -> P1UDT1470 ,
P1UDM1089   ,P1UHS0_1247 ,P1UHS0_1247 -> P1UDT1470 ,
P1UDM1098   ,P1UHS0_1247 ,P1UHS0_1247 -> P1UDT1470 ,
P1UDM1109   ,P1UHS0_1247 ,P1UHS0_1247 -> P1UDT1469 ,
P1UDM1110   ,P1UHS0_1247 ,P1UHS0_1247 -> P1UDT1469 ,
P1UDM1111   ,P1UHS0_1247 ,P1UHS0_1247 -> P1UDT1469 ,
P1UDM1115   ,P1UHS0_1247 ,P1UHS0_1247 -> P1UDT1469 ,
P1UDM1117   ,P1UHS0_1247 ,P1UHS0_1247 -> P1UDT1469 ,
P1UDM1118   ,P1UHS0_1247 ,P1UHS0_1247 -> P1UDT1469 ,
P1UDM1119   ,P1UHS0_1247 ,P1UHS0_1247 -> P1UDT1469 ,
P1UDM1122   ,P1UHS0_1247 ,P1UHS0_1247 -> P1UDT1469 ,
P1UDM1124   ,P1UHS0_1247 ,P1UHS0_1247 -> P1UDT1469 ,
P1UDM1125   ,P1UHS0_1247 ,P1UHS0_1247 -> P1UDT1469 ,
P1UDM1126   ,P1UHS0_1247 ,P1UHS0_1247 -> P1UDT1469 ,
P1UDM1128   ,P1UHS0_1247 ,P1UHS0_1247 -> P1UDT1470 ,
P1UDM1129   ,P1UHS0_1247 ,P1UHS0_1247 -> P1UDT1470 ,
P1UDM1131   ,P1UHS0_1247 ,P1UHS0_1247 -> P1UDT1470 ,
P1UDM1132   ,P1UHS0_1247 ,P1UHS0_1247 -> P1UDT1470 ,
P1UDM1133   ,P1UHS0_1247 ,P1UHS0_1247 -> P1UDT1470 ,
P1UDM1134   ,P1UHS0_1247 ,P1UHS0_1247 -> P1UDT1470 ,
P1UDM1138   ,P1UHS0_1247 ,P1UHS0_1247 -> P1UDT1470 ,
P1UDM1140   ,P1UHS0_1247 ,P1UHS0_1247 -> P1UDT1470 ,
P1UDM1144   ,P1UHS0_1247 ,P1UHS0_1247 -> P1UDT1470 ,
P1UDM1146   ,P1UHS0_1247 ,P1UHS0_1247 -> P1UDT1470 ,
P1UDM1148   ,P1UHS0_1247 ,P1UHS0_1247 -> P1UDT1470 ,
P1UDM1149   ,P1UHS0_1247 ,P1UHS0_1247 -> P1UDT1470 ,
P1UDM1150   ,P1UHS0_1247 ,P1UHS0_1247 -> P1UDT1470 ,
P1UDM1151   ,P1UHS0_1247 ,P1UHS0_1247 -> P1UDT1470 ,
P1UDM1153   ,P1UHS0_1247 ,P1UHS0_1247 -> P1UDT1470 ,
P1UDM1159   ,P1UHS0_1247 ,P1UHS0_1247 -> P1UDT1470 ,
P1UDM1160   ,P1UHS0_1247 ,P1UHS0_1247 -> P1UDT1470 ,
P1UDM1171   ,P1UHS0_1247 ,P1UHS0_1247 -> P1UDT1470 ,
P1UDM1178   ,P1UHS0_1247 ,P1UHS0_1247 -> P1UDT1470 ,
P1UDM1186   ,P1UHS0_1247 ,P1UHS0_1247 -> P1UDT1469 ,
P1UDM1187   ,P1UHS0_1247 ,P1UHS0_1247 -> P1UDT1469 ,
P1UDM1188   ,P1UHS0_1247 ,P1UHS0_1247 -> P1UDT1469 ,
P1UDM1189   ,P1UHS0_1247 ,P1UHS0_1247 -> P1UDT1469 ,
P1UDM1190   ,P1UHS0_1247 ,P1UHS0_1247 -> P1UDT1469 ,
P1UDM1191   ,P1UHS0_1247 ,P1UHS0_1247 -> P1UDT1469 ,
P1UDM1192   ,P1UHS0_1247 ,P1UHS0_1247 -> P1UDT1469 ,
P1UDM1193   ,P1UHS0_1247 ,P1UHS0_1247 -> P1UDT1469 ,
P1UDM1196   ,P1UHS0_1247 ,P1UHS0_1247 -> P1UDT1469 ,
P1UDM1198   ,P1UHS0_1247 ,P1UHS0_1247 -> P1UDT1469 ,
P1UDM1199   ,P1UHS0_1247 ,P1UHS0_1247 -> P1UDT1469 ,
P1UDM1200   ,P1UHS0_1247 ,P1UHS0_1247 -> P1UDT1469 ,
P1UDM1203   ,P1UHS0_1247 ,P1UHS0_1247 -> P1UDT1469 ,
P1UDM1204   ,P1UHS0_1247 ,P1UHS0_1247 -> P1UDT1469 ,
P1UDM1205   ,P1UHS0_1247 ,P1UHS0_1247 -> P1UDT1469 ,
P1UDM1207   ,P1UHS0_1247 ,P1UHS0_1247 -> P1UDT1469 ,
P1UDM1208   ,P1UHS0_1247 ,P1UHS0_1247 -> P1UDT1469 ,
P1UDM1213   ,P1UHS0_1247 ,P1UHS0_1247 -> P1UDT1469 ,
P1UDM1214   ,P1UHS0_1247 ,P1UHS0_1247 -> P1UDT1469 ,
P1UDM1215   ,P1UHS0_1247 ,P1UHS0_1247 -> P1UDT1469 ,
P1UDM1217   ,P1UHS0_1247 ,P1UHS0_1247 -> P1UDT1469 ,
P1UDM1218   ,P1UHS0_1247 ,P1UHS0_1247 -> P1UDT1469 ,
P1UDM1219   ,P1UHS0_1247 ,P1UHS0_1247 -> P1UDT1469 ,
P1UDM1222   ,P1UHS0_1247 ,P1UHS0_1247 -> P1UDT1469 ,
P1UDM1223   ,P1UHS0_1247 ,P1UHS0_1247 -> P1UDT1469 ,
P1UDM1224   ,P1UHS0_1247 ,P1UHS0_1247 -> P1UDT1469 ,
P1UDM1228   ,P1UHS0_1247 ,P1UHS0_1247 -> P1UDT1469 ,
P1UDM1229   ,P1UHS0_1247 ,P1UHS0_1247 -> P1UDT1469 ,
P1UDM1233   ,P1UHS0_1247 ,P1UHS0_1247 -> P1UDT1469 ,
P1UDM1234   ,P1UHS0_1247 ,P1UHS0_1247 -> P1UDT1469 ,
P1UDM1236   ,P1UHS0_1247 ,P1UHS0_1247 -> P1UDT1469 ,
P1UDM1243   ,P1UHS0_1247 ,P1UHS0_1247 -> P1UDT1469 ,
P1UDM1245   ,P1UHS0_1247 ,P1UHS0_1247 -> P1UDT1469 ,
P1UDM1246   ,P1UHS0_1247 ,P1UHS0_1247 -> P1UDT1469 ,
P1UDM1247   ,P1UHS0_1247 ,P1UHS0_1247 -> P1UDT1470 ,
P1UDM1248   ,P1UHS0_1247 ,P1UHS0_1247 -> P1UDT1470 ,
P1UDM1250   ,P1UHS0_1247 ,P1UHS0_1247 -> P1UDT1470 ,
P1UDM1252   ,P1UHS0_1247 ,P1UHS0_1247 -> P1UDT1470 ,
P1UDM1253   ,P1UHS0_1247 ,P1UHS0_1247 -> P1UDT1470 ,
P1UDM1255   ,P1UHS0_1247 ,P1UHS0_1247 -> P1UDT1470 ,
P1UDM1256   ,P1UHS0_1247 ,P1UHS0_1247 -> P1UDT1470 ,
P1UDM1258   ,P1UHS0_1247 ,P1UHS0_1247 -> P1UDT1470 ,
P1UDM1259   ,P1UHS0_1247 ,P1UHS0_1247 -> P1UDT1470 ,
P1UDM1261   ,P1UHS0_1247 ,P1UHS0_1247 -> P1UDT1470 ,
P1UDM1269   ,P1UHS0_1247 ,P1UHS0_1247 -> P1UDT1470 ,
P1UDM1270   ,P1UHS0_1247 ,P1UHS0_1247 -> P1UDT1469 ,
P1UDM1272   ,P1UHS0_1247 ,P1UHS0_1247 -> P1UDT1469 ,
P1UDM1273   ,P1UHS0_1247 ,P1UHS0_1247 -> P1UDT1469 ,
P1UDM1274   ,P1UHS0_1247 ,P1UHS0_1247 -> P1UDT1469 ,
P1UDM1275   ,P1UHS0_1247 ,P1UHS0_1247 -> P1UDT1469 ,
P1UDM1276   ,P1UHS0_1247 ,P1UHS0_1247 -> P1UDT1469 ,
P1UDM1278   ,P1UHS0_1247 ,P1UHS0_1247 -> P1UDT1469 ,
P1UDM1279   ,P1UHS0_1247 ,P1UHS0_1247 -> P1UDT1469 ,
P1UDM1280   ,P1UHS0_1247 ,P1UHS0_1247 -> P1UDT1469 ,
P1UDM1282   ,P1UHS0_1247 ,P1UHS0_1247 -> P1UDT1469 ,
P1UDM1283   ,P1UHS0_1247 ,P1UHS0_1247 -> P1UDT1469 ,
P1UDM1284   ,P1UHS0_1247 ,P1UHS0_1247 -> P1UDT1469 ,
P1UDM1286   ,P1UHS0_1247 ,P1UHS0_1247 -> P1UDT1469 ,
P1UDM1288   ,P1UHS0_1247 ,P1UHS0_1247 -> P1UDT1469 ,
P1UDM1289   ,P1UHS0_1247 ,P1UHS0_1247 -> P1UDT1469 ,
P1UDM1290   ,P1UHS0_1247 ,P1UHS0_1247 -> P1UDT1469 ,
P1UDM1292   ,P1UHS0_1247 ,P1UHS0_1247 -> P1UDT1469 ,
P1UDM1293   ,P1UHS0_1247 ,P1UHS0_1247 -> P1UDT1469 ,
P1UDM1296   ,P1UHS0_1247 ,P1UHS0_1247 -> P1UDT1469 ,
P1UDM1297   ,P1UHS0_1247 ,P1UHS0_1247 -> P1UDT1469 ,
P1UDM1299   ,P1UHS0_1247 ,P1UHS0_1247 -> P1UDT1469 ,
P1UDM1300   ,P1UHS0_1247 ,P1UHS0_1247 -> P1UDT1469 ,
P1UDM1301   ,P1UHS0_1247 ,P1UHS0_1247 -> P1UDT1469 ,
P1UDM1302   ,P1UHS0_1247 ,P1UHS0_1247 -> P1UDT1469 ,
P1UDM1304   ,P1UHS0_1247 ,P1UHS0_1247 -> P1UDT1469 ,
P1UDM1305   ,P1UHS0_1247 ,P1UHS0_1247 -> P1UDT1469 ,
P1UDM1306   ,P1UHS0_1247 ,P1UHS0_1247 -> P1UDT1469 ,
P1UDM1308   ,P1UHS0_1247 ,P1UHS0_1247 -> P1UDT1469 ,
P1UDM1309   ,P1UHS0_1247 ,P1UHS0_1247 -> P1UDT1469 ,
P1UDM1310   ,P1UHS0_1247 ,P1UHS0_1247 -> P1UDT1469 ,
P1UDM1312   ,P1UHS0_1247 ,P1UHS0_1247 -> P1UDT1469 ,
P1UDM1313   ,P1UHS0_1247 ,P1UHS0_1247 -> P1UDT1469 ,
P1UDM1315   ,P1UHS0_1247 ,P1UHS0_1247 -> P1UDT1469 ,
P1UDM1316   ,P1UHS0_1247 ,P1UHS0_1247 -> P1UDT1469 ,
P1UDM1318   ,P1UHS0_1247 ,P1UHS0_1247 -> P1UDT1469 ,
P1UDM1324   ,P1UHS0_1247 ,P1UHS0_1247 -> P1UDT1469 ,
P1UDM1326   ,P1UHS0_1247 ,P1UHS0_1247 -> P1UDT1469 ,
P1UDM1327   ,P1UHS0_1247 ,P1UHS0_1247 -> P1UDT1469 ,
P1UDM1329   ,P1UHS0_1247 ,P1UHS0_1247 -> P1UDT1469 ,
P1UDM1330   ,P1UHS0_1247 ,P1UHS0_1247 -> P1UDT1469 ,
P1UDM1332   ,P1UHS0_1247 ,P1UHS0_1247 -> P1UDT1469 ,
P1UDM1333   ,P1UHS0_1247 ,P1UHS0_1247 -> P1UDT1469 ,
P1UDM1338   ,P1UHS0_1247 ,P1UHS0_1247 -> P1UDT1469 ,
P1UDM1339   ,P1UHS0_1247 ,P1UHS0_1247 -> P1UDT1469 ,
P1UDM1340   ,P1UHS0_1247 ,P1UHS0_1247 -> P1UDT1469 ,
P1UDM1341   ,P1UHS0_1247 ,P1UHS0_1247 -> P1UDT1469 ,
P1UDM1346   ,P1UHS0_1247 ,P1UHS0_1247 -> P1UDT1469 ,
P1UDM1348   ,P1UHS0_1247 ,P1UHS0_1247 -> P1UDT1469 ,
P1UDM1349   ,P1UHS0_1247 ,P1UHS0_1247 -> P1UDT1469 ,
P1UDM1353   ,P1UHS0_1247 ,P1UHS0_1247 -> P1UDT1469 ,
P1UDM1359   ,P1UHS0_1247 ,P1UHS0_1247 -> P1UDT1469 ,
P1UDM1361   ,P1UHS0_1247 ,P1UHS0_1247 -> P1UDT1469 ,
P1UDM1362   ,P1UHS0_1247 ,P1UHS0_1247 -> P1UDT1469 ,
P1UDM1364   ,P1UHS0_1247 ,P1UHS0_1247 -> P1UDT1469 ,
P1UDM1367   ,P1UHS0_1247 ,P1UHS0_1247 -> P1UDT1469 ,
P1UDM1368   ,P1UHS0_1247 ,P1UHS0_1247 -> P1UDT1469 ,
P1UDM1369   ,P1UHS0_1247 ,P1UHS0_1247 -> P1UDT1469 ,
P1UDM1371   ,P1UHS0_1247 ,P1UHS0_1247 -> P1UDT1469 ,
P1UDM1375   ,P1UHS0_1247 ,P1UHS0_1247 -> P1UDT1469 ,
P1UDM1376   ,P1UHS0_1247 ,P1UHS0_1247 -> P1UDT1469 ,
P1UDM1379   ,P1UHS0_1247 ,P1UHS0_1247 -> P1UDT1469 ,
P1UDM1380   ,P1UHS0_1247 ,P1UHS0_1247 -> P1UDT1469 ,
P1UDM1381   ,P1UHS0_1247 ,P1UHS0_1247 -> P1UDT1469 ,
P1UDM1383   ,P1UHS0_1247 ,P1UHS0_1247 -> P1UDT1469 ,
P1UDM1386   ,P1UHS0_1247 ,P1UHS0_1247 -> P1UDT1469 ,
P1UDM1389   ,P1UHS0_1247 ,P1UHS0_1247 -> P1UDT1469 ,
P1UDM1390   ,P1UHS0_1247 ,P1UHS0_1247 -> P1UDT1469 ,
P1UDM1392   ,P1UHS0_1247 ,P1UHS0_1247 -> P1UDT1469 ,
P1UDM1394   ,P1UHS0_1247 ,P1UHS0_1247 -> P1UDT1469 ,
P1UDM1398   ,P1UHS0_1247 ,P1UHS0_1247 -> P1UDT1469 ,
P1UDM1401   ,P1UHS0_1247 ,P1UHS0_1247 -> P1UDT1469 ,
P1UDM1403   ,P1UHS0_1247 ,P1UHS0_1247 -> P1UDT1469 ,
P1UDM1406   ,P1UHS0_1247 ,P1UHS0_1247 -> P1UDT1469 ,
P1UDM1408   ,P1UHS0_1247 ,P1UHS0_1247 -> P1UDT1469 ,
P1UDM1409   ,P1UHS0_1247 ,P1UHS0_1247 -> P1UDT1469 ,
P1UDM1410   ,P1UHS0_1247 ,P1UHS0_1247 -> P1UDT1469 ,
P1UDM1411   ,P1UHS0_1247 ,P1UHS0_1247 -> P1UDT1469 ,
P1UDM1418   ,P1UHS0_1247 ,P1UHS0_1247 -> P1UDT1469 ,
P1UDM1419   ,P1UHS0_1247 ,P1UHS0_1247 -> P1UDT1469 ,
P1UDM1421   ,P1UHS0_1247 ,P1UHS0_1247 -> P1UDT1469 ,
P1UDM1422   ,P1UHS0_1247 ,P1UHS0_1247 -> P1UDT1469 ,
P1UDM1427   ,P1UHS0_1247 ,P1UHS0_1247 -> P1UDT1469 ,
P1UDM1428   ,P1UHS0_1247 ,P1UHS0_1247 -> P1UDT1469 ,
P1UDM1429   ,P1UHS0_1247 ,P1UHS0_1247 -> P1UDT1469 ,
P1UDM1433   ,P1UHS0_1247 ,P1UHS0_1247 -> P1UDT1469 ,
P1UDM1434   ,P1UHS0_1247 ,P1UHS0_1247 -> P1UDT1469 ,
P1UDM1436   ,P1UHS0_1247 ,P1UHS0_1247 -> P1UDT1469 ,
P1UDM1437   ,P1UHS0_1247 ,P1UHS0_1247 -> P1UDT1469 ,
P1UDM1445   ,P1UHS0_1247 ,P1UHS0_1247 -> P1UDT1469 ,
P1UDM1446   ,P1UHS0_1247 ,P1UHS0_1247 -> P1UDT1469 ,
P1UDM1449   ,P1UHS0_1247 ,P1UHS0_1247 -> P1UDT1469 ,
P1UDM1450   ,P1UHS0_1247 ,P1UHS0_1247 -> P1UDT1469 ,
P1UDM1452   ,P1UHS0_1247 ,P1UHS0_1247 -> P1UDT1469 ,
P1UDM1456   ,P1UHS0_1247 ,P1UHS0_1247 -> P1UDT1469 ,
P1UDM1457   ,P1UHS0_1247 ,P1UHS0_1247 -> P1UDT1469 ,
P1UDM1458   ,P1UHS0_1247 ,P1UHS0_1247 -> P1UDT1469 ,
P1UDM1461   ,P1UHS0_1247 ,P1UHS0_1247 -> P1UDT1469 ,
P1UDM1463   ,P1UHS0_1247 ,P1UHS0_1247 -> P1UDT1469 ,
P1UDM1464   ,P1UHS0_1247 ,P1UHS0_1247 -> P1UDT1469 ,
P1UDM1466   ,P1UHS0_1247 ,P1UHS0_1247 -> P1UDT1469 ,
P1UDM1468   ,P1UHS0_1247 ,P1UHS0_1247 -> P1UDT1469 ,
P1UDM1469   ,P1UHS0_1247 ,P1UHS0_1247 -> P1UDT1469 ,
P1UDM1470   ,P1UHS0_1247 ,P1UHS0_1247 -> P1UDT1469 ,
P1UDM1472   ,P1UHS0_1247 ,P1UHS0_1247 -> P1UDT1469 ,
P1UDM1473   ,P1UHS0_1247 ,P1UHS0_1247 -> P1UDT1469 ,
P1UDM1474   ,P1UHS0_1247 ,P1UHS0_1247 -> P1UDT1470 ,
P1UDM1476   ,P1UHS0_1247 ,P1UHS0_1247 -> P1UDT1470 ,
P1UDM1477   ,P1UHS0_1247 ,P1UHS0_1247 -> P1UDT1470 ,
P1UDM1478   ,P1UHS0_1247 ,P1UHS0_1247 -> P1UDT1470 ,
P1UDM1479   ,P1UHS0_1247 ,P1UHS0_1247 -> P1UDT1470 ,
P1UDM1485   ,P1UHS0_1247 ,P1UHS0_1247 -> P1UDT1469 ,
P1UDM1489   ,P1UHS0_1247 ,P1UHS0_1247 -> P1UDT1469 ,
P1UDM1491   ,P1UHS0_1247 ,P1UHS0_1247 -> P1UDT1469 ,
P1UDM1492   ,P1UHS0_1247 ,P1UHS0_1247 -> P1UDT1469 ,
P1UDM1496   ,P1UHS0_1247 ,P1UHS0_1247 -> P1UDT1469 ,
P1UDM1499   ,P1UHS0_1247 ,P1UHS0_1247 -> P1UDT1469 ,
P1UDM1500   ,P1UHS0_1247 ,P1UHS0_1247 -> P1UDT1469 ,
P1UDM1503   ,P1UHS0_1247 ,P1UHS0_1247 -> P1UDT1469 ,
P1UDM1506   ,P1UHS0_1247 ,P1UHS0_1247 -> P1UDT1469 ,
P1UDM1508   ,P1UHS0_1247 ,P1UHS0_1247 -> P1UDT1469 ,
P1UDM1510   ,P1UHS0_1247 ,P1UHS0_1247 -> P1UDT1469 ,
P1UDM1514   ,P1UHS0_1247 ,P1UHS0_1247 -> P1UDT1469 ,
P1UDM1515   ,P1UHS0_1247 ,P1UHS0_1247 -> P1UDT1469 ,
P1UDM1519   ,P1UHS0_1247 ,P1UHS0_1247 -> P1UDT1472 ,
P1UDM1520   ,P1UHS0_1247 ,P1UHS0_1247 -> P1UDT1472 ,
P1UDM1522   ,P1UHS0_1247 ,P1UHS0_1247 -> P1UDT1472 ,
P1UDM1523   ,P1UHS0_1247 ,P1UHS0_1247 -> P1UDT1472 ,
P1UDM1525   ,P1UHS0_1247 ,P1UHS0_1247 -> P1UDT1472 ,
P1UDM1526   ,P1UHS0_1247 ,P1UHS0_1247 -> P1UDT1472 ,
P1UDM1528   ,P1UHS0_1247 ,P1UHS0_1247 -> P1UDT1472 ,
P1UDM1530   ,P1UHS0_1247 ,P1UHS0_1247 -> P1UDT1472 ,
P1UDM1533   ,P1UHS0_1247 ,P1UHS0_1247 -> P1UDT1472 ,
P1UDM1535   ,P1UHS0_1247 ,P1UHS0_1247 -> P1UDT1472 ,
P1UDM1536   ,P1UHS0_1247 ,P1UHS0_1247 -> P1UDT1472 ,
P1UDM1541   ,P1UHS0_1247 ,P1UHS0_1247 -> P1UDT1472 ,
P1UDM1543   ,P1UHS0_1247 ,P1UHS0_1247 -> P1UDT1472 ,
P1UDM1544   ,P1UHS0_1247 ,P1UHS0_1247 -> P1UDT1472 ,
P1UDM1545   ,P1UHS0_1247 ,P1UHS0_1247 -> P1UDT1472 ,
P1UDM1546   ,P1UHS0_1247 ,P1UHS0_1247 -> P1UDT1472 ,
P1UDM1549   ,P1UHS0_1247 ,P1UHS0_1247 -> P1UDT1472 ,
P1UDM1551   ,P1UHS0_1247 ,P1UHS0_1247 -> P1UDT1472 ,
P1UDM1552   ,P1UHS0_1247 ,P1UHS0_1247 -> P1UDT1472 ,
P1UDM1556   ,P1UHS0_1247 ,P1UHS0_1247 -> P1UDT1472 ,
P1UDM1557   ,P1UHS0_1247 ,P1UHS0_1247 -> P1UDT1472 ,
P1UDM1558   ,P1UHS0_1247 ,P1UHS0_1247 -> P1UDT1472 ,
P1UDM1564   ,P1UHS0_1247 ,P1UHS0_1247 -> P1UDT1472 ,
P1UDM1565   ,P1UHS0_1247 ,P1UHS0_1247 -> P1UDT1472 ,
P1UDM1566   ,P1UHS0_1247 ,P1UHS0_1247 -> P1UDT1472 ,
P1UDM1568   ,P1UHS0_1247 ,P1UHS0_1247 -> P1UDT1472 ,
P1UDM1570   ,P1UHS0_1247 ,P1UHS0_1247 -> P1UDT1472 ,
P1UDM1572   ,P1UHS0_1247 ,P1UHS0_1247 -> P1UDT1472 ,
P1UDM1573   ,P1UHS0_1247 ,P1UHS0_1247 -> P1UDT1472 ,
P1UDM1574   ,P1UHS0_1247 ,P1UHS0_1247 -> P1UDT1472 ,
P1UDM1575   ,P1UHS0_1247 ,P1UHS0_1247 -> P1UDT1472 ,
P1UDM1576   ,P1UHS0_1247 ,P1UHS0_1247 -> P1UDT1472 ,
P1UDM1577   ,P1UHS0_1247 ,P1UHS0_1247 -> P1UDT1472 ,
P1UDM1578   ,P1UHS0_1247 ,P1UHS0_1247 -> P1UDT1472 ,
P1UDM1580   ,P1UHS0_1247 ,P1UHS0_1247 -> P1UDT1472 ,
P1UDM1582   ,P1UHS0_1247 ,P1UHS0_1247 -> P1UDT1472 ,
P1UDM1583   ,P1UHS0_1247 ,P1UHS0_1247 -> P1UDT1472 ,
P1UDM1585   ,P1UHS0_1247 ,P1UHS0_1247 -> P1UDT1472 ,
P1UDM1586   ,P1UHS0_1247 ,P1UHS0_1247 -> P1UDT1472 ,
P1UDM1588   ,P1UHS0_1247 ,P1UHS0_1247 -> P1UDT1472 ,
P1UDM1592   ,P1UHS0_1247 ,P1UHS0_1247 -> P1UDT1472 ,
P1UDM1605   ,P1UHS0_1247 ,P1UHS0_1247 -> P1UDT1469 ,
P1UDM1606   ,P1UHS0_1247 ,P1UHS0_1247 -> P1UDT1469 ,
P1UDM1608   ,P1UHS0_1247 ,P1UHS0_1247 -> P1UDT1469 ,
P1UDM1609   ,P1UHS0_1247 ,P1UHS0_1247 -> P1UDT1469 ,
P1UDM1612   ,P1UHS0_1247 ,P1UHS0_1247 -> P1UDT1469 ,
P1UDM1613   ,P1UHS0_1247 ,P1UHS0_1247 -> P1UDT1469 ,
P1UDM1615   ,P1UHS0_1247 ,P1UHS0_1247 -> P1UDT1469 ,
P1UDM1616   ,P1UHS0_1247 ,P1UHS0_1247 -> P1UDT1469 ,
P1UDM1617   ,P1UHS0_1247 ,P1UHS0_1247 -> P1UDT1469 ,
P1UDM1618   ,P1UHS0_1247 ,P1UHS0_1247 -> P1UDT1469 ,
P1UDM1619   ,P1UHS0_1247 ,P1UHS0_1247 -> P1UDT1469 ,
P1UDM1620   ,P1UHS0_1247 ,P1UHS0_1247 -> P1UDT1469 ,
P1UDM1623   ,P1UHS0_1247 ,P1UHS0_1247 -> P1UDT1469 ,
P1UDM1624   ,P1UHS0_1247 ,P1UHS0_1247 -> P1UDT1469 ,
P1UDM1626   ,P1UHS0_1247 ,P1UHS0_1247 -> P1UDT1469 ,
P1UDM1627   ,P1UHS0_1247 ,P1UHS0_1247 -> P1UDT1469 ,
P1UDM1628   ,P1UHS0_1247 ,P1UHS0_1247 -> P1UDT1469 ,
P1UDM1629   ,P1UHS0_1247 ,P1UHS0_1247 -> P1UDT1469 ,
P1UDM1633   ,P1UHS0_1247 ,P1UHS0_1247 -> P1UDT1470 ,
P1UDM1637   ,P1UHS0_1247 ,P1UHS0_1247 -> P1UDT1470 ,
P1UDM1649   ,P1UHS0_1247 ,P1UHS0_1247 -> P1UDT1472 ,
P1UDM1650   ,P1UHS0_1247 ,P1UHS0_1247 -> P1UDT1472 ,
P1UDM1659   ,P1UHS0_1247 ,P1UHS0_1247 -> P1UDT1472 ,
P1UDM1661   ,P1UHS0_1247 ,P1UHS0_1247 -> P1UDT1469 ,
P1UDM1663   ,P1UHS0_1247 ,P1UHS0_1247 -> P1UDT1469 ,
P1UDM1664   ,P1UHS0_1247 ,P1UHS0_1247 -> P1UDT1469 ,
P1UDM1684   ,P1UHS0_1247 ,P1UHS0_1247 -> P1UDT1472 ,
P1UDM1685   ,P1UHS0_1247 ,P1UHS0_1247 -> P1UDT1472 ,
P1UDM1686   ,P1UHS0_1247 ,P1UHS0_1247 -> P1UDT1472 ,
P1UDM1694   ,P1UHS1_1247 ,P1UHS1_1247 -> P1UDT1324 ,
P1UDM1695   ,P1UHS1_1247 ,P1UHS1_1247 -> P1UDT1324 ,
P1UDM1697   ,P1UHS1_1247 ,P1UHS1_1247 -> P1UDT1324 ,
P1UDM1701   ,P1UHS1_1247 ,P1UHS1_1247 -> P1UDT1324 ,
P1UDM1702   ,P1UHS1_1247 ,P1UHS1_1247 -> P1UDT1324 ,
P1UDM1703   ,P1UHS1_1247 ,P1UHS1_1247 -> P1UDT1324 ,
P1UDM1705   ,P1UHS1_1247 ,P1UHS1_1247 -> P1UDT1324 ,
P1UDM1706   ,P1UHS1_1247 ,P1UHS1_1247 -> P1UDT1324 ,
P1UDM1707   ,P1UHS1_1247 ,P1UHS1_1247 -> P1UDT1324 ,
P1UDM1708   ,P1UHS1_1247 ,P1UHS1_1247 -> P1UDT1324 ,
P1UDM1709   ,P1UHS1_1247 ,P1UHS1_1247 -> P1UDT1324 ,
P1UDM1710   ,P1UHS1_1247 ,P1UHS1_1247 -> P1UDT1324 ,
P1UDM1713   ,P1UHS1_1247 ,P1UHS1_1247 -> P1UDT1324 ,
P1UDM1714   ,P1UHS1_1247 ,P1UHS1_1247 -> P1UDT1324 ,
P1UDM1715   ,P1UHS1_1247 ,P1UHS1_1247 -> P1UDT1324 ,
P1UDM1717   ,P1UHS1_1247 ,P1UHS1_1247 -> P1UDT1324 ,
P1UDM1718   ,P1UHS1_1247 ,P1UHS1_1247 -> P1UDT1324 ,
P1UDM1719   ,P1UHS1_1247 ,P1UHS1_1247 -> P1UDT1324 ,
P1UDM1720   ,P1UHS1_1247 ,P1UHS1_1247 -> P1UDT1324 ,
P1UDM1722   ,P1UHS1_1247 ,P1UHS1_1247 -> P1UDT1324 ,
P1UDM1723   ,P1UHS1_1247 ,P1UHS1_1247 -> P1UDT1324 ,
P1UDM1724   ,P1UHS1_1247 ,P1UHS1_1247 -> P1UDT1324 ,
P1UDM1726   ,P1UHS1_1247 ,P1UHS1_1247 -> P1UDT1324 ,
P1UDM1727   ,P1UHS1_1247 ,P1UHS1_1247 -> P1UDT1324 ,
P1UDM1729   ,P1UHS1_1247 ,P1UHS1_1247 -> P1UDT1324 ,
P1UDM1730   ,P1UHS1_1247 ,P1UHS1_1247 -> P1UDT1324 ,
P1UDM1731   ,P1UHS1_1247 ,P1UHS1_1247 -> P1UDT1324 ,
P1UDM1732   ,P1UHS1_1247 ,P1UHS1_1247 -> P1UDT1324 ,
P1UDM1734   ,P1UHS1_1247 ,P1UHS1_1247 -> P1UDT1324 ,
P1UDM1736   ,P1UHS1_1247 ,P1UHS1_1247 -> P1UDT1324 ,
P1UDM1737   ,P1UHS1_1247 ,P1UHS1_1247 -> P1UDT1324 ,
P1UDM1738   ,P1UHS1_1247 ,P1UHS1_1247 -> P1UDT1324 ,
P1UDM1739   ,P1UHS1_1247 ,P1UHS1_1247 -> P1UDT1324 ,
P1UDM1740   ,P1UHS1_1247 ,P1UHS1_1247 -> P1UDT1324 ,
P1UDM1741   ,P1UHS1_1247 ,P1UHS1_1247 -> P1UDT1324 ,
P1UDM1742   ,P1UHS1_1247 ,P1UHS1_1247 -> P1UDT1324 ,
P1UDM1743   ,P1UHS1_1247 ,P1UHS1_1247 -> P1UDT1324 ,
P1UDM1744   ,P1UHS1_1247 ,P1UHS1_1247 -> P1UDT1324 ,
P1UDM1745   ,P1UHS1_1247 ,P1UHS1_1247 -> P1UDT1324 ,
P1UDM1748   ,P1UHS1_1247 ,P1UHS1_1247 -> P1UDT1324 ,
P1UDM1749   ,P1UHS1_1247 ,P1UHS1_1247 -> P1UDT1324 ,
P1UDM1752   ,P1UHS1_1247 ,P1UHS1_1247 -> P1UDT1324 ,
P1UDM1754   ,P1UHS1_1247 ,P1UHS1_1247 -> P1UDT1324 ,
P1UDM1755   ,P1UHS1_1247 ,P1UHS1_1247 -> P1UDT1324 ,
P1UDM1756   ,P1UHS1_1247 ,P1UHS1_1247 -> P1UDT1324 ,
P1UDM1757   ,P1UHS1_1247 ,P1UHS1_1247 -> P1UDT1324 ,
P1UDM1758   ,P1UHS1_1247 ,P1UHS1_1247 -> P1UDT1324 ,
P1UDM1759   ,P1UHS1_1247 ,P1UHS1_1247 -> P1UDT1324 ,
P1UDM1760   ,P1UHS1_1247 ,P1UHS1_1247 -> P1UDT1324 ,
P1UDM1761   ,P1UHS1_1247 ,P1UHS1_1247 -> P1UDT1324 ,
P1UDM1762   ,P1UHS1_1247 ,P1UHS1_1247 -> P1UDT1324 ,
P1UDM1763   ,P1UHS1_1247 ,P1UHS1_1247 -> P1UDT1324 ,
P1UDM1764   ,P1UHS1_1247 ,P1UHS1_1247 -> P1UDT1324 ,
P1UDM1765   ,P1UHS1_1247 ,P1UHS1_1247 -> P1UDT1324 ,
P1UDM1766   ,P1UHS1_1247 ,P1UHS1_1247 -> P1UDT1324 ,
P1UDM1767   ,P1UHS1_1247 ,P1UHS1_1247 -> P1UDT1324 ,
P1UDM1768   ,P1UHS1_1247 ,P1UHS1_1247 -> P1UDT1324 ,
P1UDM1769   ,P1UHS1_1247 ,P1UHS1_1247 -> P1UDT1324 ,
P1UDM1770   ,P1UHS1_1247 ,P1UHS1_1247 -> P1UDT1324 ,
P1UDM1771   ,P1UHS1_1247 ,P1UHS1_1247 -> P1UDT1324 ,
P1UDM1772   ,P1UHS1_1247 ,P1UHS1_1247 -> P1UDT1324 ,
P1UDM1773   ,P1UHS1_1247 ,P1UHS1_1247 -> P1UDT1324 ,
P1UDM1774   ,P1UHS1_1247 ,P1UHS1_1247 -> P1UDT1324 ,
P1UDM1775   ,P1UHS1_1247 ,P1UHS1_1247 -> P1UDT1324 ,
P1UDM1778   ,P1UHS1_1247 ,P1UHS1_1247 -> P1UDT1324 ,
P1UDM1781   ,P1UHS1_1247 ,P1UHS1_1247 -> P1UDT716  ,
P1UDM1782   ,P1UHS1_1247 ,P1UHS1_1247 -> P1UDT716  ,
P1UDM1785   ,P1UHS1_1247 ,P1UHS1_1247 -> P1UDT716  ,
P1UDM1787   ,P1UHS1_1247 ,P1UHS1_1247 -> P1UDT716  ,
P1UDM1789   ,P1UHS1_1247 ,P1UHS1_1247 -> P1UDT716  ,
P1UDM1791   ,P1UHS1_1247 ,P1UHS1_1247 -> P1UDT716  ,
P1UDM1792   ,P1UHS1_1247 ,P1UHS1_1247 -> P1UDT716  ,
P1UDM1794   ,P1UHS1_1247 ,P1UHS1_1247 -> P1UDT716  ,
P1UDM1795   ,P1UHS1_1247 ,P1UHS1_1247 -> P1UDT716  ,
P1UDM1797   ,P1UHS1_1247 ,P1UHS1_1247 -> P1UDT716  ,
P1UDM1798   ,P1UHS1_1247 ,P1UHS1_1247 -> P1UDT716  ,
P1UDM1801   ,P1UHS1_1247 ,P1UHS1_1247 -> P1UDT716  ,
P1UDM1803   ,P1UHS1_1247 ,P1UHS1_1247 -> P1UDT716  ,
P1UDM1804   ,P1UHS1_1247 ,P1UHS1_1247 -> P1UDT716  ,
P1UDM1806   ,P1UHS1_1247 ,P1UHS1_1247 -> P1UDT716  ,
P1UDM1808   ,P1UHS1_1247 ,P1UHS1_1247 -> P1UDT716  ,
P1UDM1810   ,P1UHS1_1247 ,P1UHS1_1247 -> P1UDT716  ,
P1UDM1811   ,P1UHS1_1247 ,P1UHS1_1247 -> P1UDT716  ,
P1UDM1812   ,P1UHS1_1247 ,P1UHS1_1247 -> P1UDT716  ,
P1UDM1814   ,P1UHS1_1247 ,P1UHS1_1247 -> P1UDT716  ,
P1UDM1815   ,P1UHS1_1247 ,P1UHS1_1247 -> P1UDT716  ,
P1UDM1816   ,P1UHS1_1247 ,P1UHS1_1247 -> P1UDT716  ,
P1UDM1821   ,P1UHS1_1247 ,P1UHS1_1247 -> P1UDT716  ,
P1UDM1822   ,P1UHS1_1247 ,P1UHS1_1247 -> P1UDT716  ,
P1UDM1823   ,P1UHS1_1247 ,P1UHS1_1247 -> P1UDT716  ,
P1UDM1824   ,P1UHS1_1247 ,P1UHS1_1247 -> P1UDT716  ,
P1UDM1825   ,P1UHS1_1247 ,P1UHS1_1247 -> P1UDT716  ,
P1UDM1827   ,P1UHS1_1247 ,P1UHS1_1247 -> P1UDT716  ,
P1UDM1828   ,P1UHS1_1247 ,P1UHS1_1247 -> P1UDT716  ,
P1UDM1835   ,P1UHS1_1247 ,P1UHS1_1247 -> P1UDT716  ,
P1UDM1836   ,P1UHS1_1247 ,P1UHS1_1247 -> P1UDT716  ,
P1UDM1837   ,P1UHS1_1247 ,P1UHS1_1247 -> P1UDT716  ,
P1UDM1838   ,P1UHS1_1247 ,P1UHS1_1247 -> P1UDT716  ,
P1UDM1839   ,P1UHS1_1247 ,P1UHS1_1247 -> P1UDT716  ,
P1UDM1840   ,P1UHS1_1247 ,P1UHS1_1247 -> P1UDT716  ,
P1UDM1842   ,P1UHS1_1247 ,P1UHS1_1247 -> P1UDT716  ,
P1UDM1843   ,P1UHS1_1247 ,P1UHS1_1247 -> P1UDT716  ,
P1UDM1844   ,P1UHS1_1247 ,P1UHS1_1247 -> P1UDT716  ,
P1UDM1845   ,P1UHS1_1247 ,P1UHS1_1247 -> P1UDT716  ,
P1UDM1847   ,P1UHS1_1247 ,P1UHS1_1247 -> P1UDT716  ,
P1UDM1849   ,P1UHS1_1247 ,P1UHS1_1247 -> P1UDT716  ,
P1UDM1850   ,P1UHS1_1247 ,P1UHS1_1247 -> P1UDT716  ,
P1UDM1851   ,P1UHS1_1247 ,P1UHS1_1247 -> P1UDT716  ,
P1UDM1852   ,P1UHS1_1247 ,P1UHS1_1247 -> P1UDT716  ,
P1UDM1854   ,P1UHS1_1247 ,P1UHS1_1247 -> P1UDT716  ,
P1UDM1857   ,P1UHS1_1247 ,P1UHS1_1247 -> P1UDT716  ,
P1UDM1861   ,P1UHS1_1247 ,P1UHS1_1247 -> P1UDT716  ,
P1UDM1862   ,P1UHS1_1247 ,P1UHS1_1247 -> P1UDT716  ,
P1UDM1864   ,P1UHS1_1247 ,P1UHS1_1247 -> P1UDT716  ,
P1UDM1865   ,P1UHS1_1247 ,P1UHS1_1247 -> P1UDT716  ,
P1UDM1867   ,P1UHS1_1247 ,P1UHS1_1247 -> P1UDT716  ,
P1UDM1868   ,P1UHS1_1247 ,P1UHS1_1247 -> P1UDT716  ,
P1UDM1874   ,P1UHS1_1247 ,P1UHS1_1247 -> P1UDT716  ,
P1UDM1876   ,P1UHS1_1247 ,P1UHS1_1247 -> P1UDT716  ,
P1UDM1877   ,P1UHS1_1247 ,P1UHS1_1247 -> P1UDT716  ,
P1UDM1878   ,P1UHS1_1247 ,P1UHS1_1247 -> P1UDT716  ,
P1UDM1879   ,P1UHS1_1247 ,P1UHS1_1247 -> P1UDT716  ,
P1UDM1882   ,P1UHS1_1247 ,P1UHS1_1247 -> P1UDT716  ,
P1UDM1885   ,P1UHS1_1247 ,P1UHS1_1247 -> P1UDT716  ,
P1UDM1888   ,P1UHS1_1247 ,P1UHS1_1247 -> P1UDT716  ,
P1UDM1890   ,P1UHS1_1247 ,P1UHS1_1247 -> P1UDT716  ,
P1UDM1892   ,P1UHS1_1247 ,P1UHS1_1247 -> P1UDT716  ,
P1UDM1893   ,P1UHS1_1247 ,P1UHS1_1247 -> P1UDT716  ,
P1UDM1896   ,P1UHS1_1247 ,P1UHS1_1247 -> P1UDT716  ,
P1UDM1897   ,P1UHS1_1247 ,P1UHS1_1247 -> P1UDT716  ,
P1UDM1898   ,P1UHS1_1247 ,P1UHS1_1247 -> P1UDT716  ,
P1UDM1901   ,P1UHS1_1247 ,P1UHS1_1247 -> P1UDT716  ,
P1UDM1904   ,P1UHS1_1247 ,P1UHS1_1247 -> P1UDT716  ,
P1UDM1905   ,P1UHS1_1247 ,P1UHS1_1247 -> P1UDT716  ,
P1UDM1906   ,P1UHS1_1247 ,P1UHS1_1247 -> P1UDT716  ,
P1UDM1907   ,P1UHS1_1247 ,P1UHS1_1247 -> P1UDT716  ,
P1UDM1909   ,P1UHS1_1247 ,P1UHS1_1247 -> P1UDT716  ,
P1UDM1910   ,P1UHS1_1247 ,P1UHS1_1247 -> P1UDT716  ,
P1UDM1918   ,P1UHS1_1247 ,P1UHS1_1247 -> P1UDT716  ,
P1UDM1919   ,P1UHS1_1247 ,P1UHS1_1247 -> P1UDT716  ,
P1UDM1920   ,P1UHS1_1247 ,P1UHS1_1247 -> P1UDT716  ,
P1UDM1922   ,P1UHS1_1247 ,P1UHS1_1247 -> P1UDT716  ,
P1UDM1923   ,P1UHS1_1247 ,P1UHS1_1247 -> P1UDT716  ,
P1UDM1924   ,P1UHS1_1247 ,P1UHS1_1247 -> P1UDT716  ,
P1UDM1932   ,P1UHS1_1247 ,P1UHS1_1247 -> P1UDT716  ,
P1UDM1933   ,P1UHS1_1247 ,P1UHS1_1247 -> P1UDT716  ,
P1UDM1939   ,P1UHS1_1247 ,P1UHS1_1247 -> P1UDT716  ,
P1UDM1943   ,P1UHS1_1247 ,P1UHS1_1247 -> P1UDT716  ,
P1UDM1945   ,P1UHS1_1247 ,P1UHS1_1247 -> P1UDT716  ,
P1UDM1946   ,P1UHS1_1247 ,P1UHS1_1247 -> P1UDT716  ,
P1UDM1948   ,P1UHS1_1247 ,P1UHS1_1247 -> P1UDT716  ,
P1UDM1949   ,P1UHS1_1247 ,P1UHS1_1247 -> P1UDT716  ,
P1UDM1950   ,P1UHS1_1247 ,P1UHS1_1247 -> P1UDT716  ,
P1UDM1951   ,P1UHS1_1247 ,P1UHS1_1247 -> P1UDT716  ,
P1UDM1954   ,P1UHS1_1247 ,P1UHS1_1247 -> P1UDT716  ,
P1UDM1958   ,P1UHS1_1247 ,P1UHS1_1247 -> P1UDT716  ,
P1UDM1959   ,P1UHS1_1247 ,P1UHS1_1247 -> P1UDT716  ,
P1UDM1962   ,P1UHS1_1247 ,P1UHS1_1247 -> P1UDT716  ,
P1UDM1968   ,P1UHS1_1247 ,P1UHS1_1247 -> P1UDT716  ,
P1UDM1969   ,P1UHS1_1247 ,P1UHS1_1247 -> P1UDT716  ,
P1UDM1970   ,P1UHS1_1247 ,P1UHS1_1247 -> P1UDT716  ,
P1UDM1971   ,P1UHS1_1247 ,P1UHS1_1247 -> P1UDT716  ,
P1UDM1973   ,P1UHS1_1247 ,P1UHS1_1247 -> P1UDT716  ,
P1UDM1974   ,P1UHS1_1247 ,P1UHS1_1247 -> P1UDT716  ,
P1UDM1981   ,P1UHS1_1247 ,P1UHS1_1247 -> P1UDT716  ,
P1UDM1983   ,P1UHS1_1247 ,P1UHS1_1247 -> P1UDT716  ,
P1UDM1984   ,P1UHS1_1247 ,P1UHS1_1247 -> P1UDT716  ,
P1UDM1985   ,P1UHS1_1247 ,P1UHS1_1247 -> P1UDT716  ,
P1UDM1988   ,P1UHS1_1247 ,P1UHS1_1247 -> P1UDT716  ,
P1UDM1989   ,P1UHS1_1247 ,P1UHS1_1247 -> P1UDT716  ,
P1UDM1990   ,P1UHS1_1247 ,P1UHS1_1247 -> P1UDT716  ,
P1UDM1992   ,P1UHS1_1247 ,P1UHS1_1247 -> P1UDT716  ,
P1UDM1993   ,P1UHS1_1247 ,P1UHS1_1247 -> P1UDT716  ,
P1UDM1994   ,P1UHS1_1247 ,P1UHS1_1247 -> P1UDT716  ,
P1UDM1996   ,P1UHS1_1247 ,P1UHS1_1247 -> P1UDT716  ,
P1UDM1997   ,P1UHS1_1247 ,P1UHS1_1247 -> P1UDT716  ,
P1UDM2001   ,P1UHS1_1247 ,P1UHS1_1247 -> P1UDT716  ,
P1UDM2003   ,P1UHS1_1247 ,P1UHS1_1247 -> P1UDT716  ,
P1UDM2004   ,P1UHS1_1247 ,P1UHS1_1247 -> P1UDT716  ,
P1UDM2005   ,P1UHS1_1247 ,P1UHS1_1247 -> P1UDT716  ,
P1UDM2007   ,P1UHS1_1247 ,P1UHS1_1247 -> P1UDT716  ,
P1UDM2008   ,P1UHS1_1247 ,P1UHS1_1247 -> P1UDT716  ,
P1UDM2009   ,P1UHS1_1247 ,P1UHS1_1247 -> P1UDT716  ,
P1UDM2010   ,P1UHS1_1247 ,P1UHS1_1247 -> P1UDT716  ,
P1UDM2013   ,P1UHS1_1247 ,P1UHS1_1247 -> P1UDT716  ,
P1UDM2015   ,P1UHS1_1247 ,P1UHS1_1247 -> P1UDT716  ,
P1UDM2016   ,P1UHS1_1247 ,P1UHS1_1247 -> P1UDT716  ,
P1UDM2017   ,P1UHS1_1247 ,P1UHS1_1247 -> P1UDT716  ,
P1UDM2023   ,P1UHS1_1247 ,P1UHS1_1247 -> P1UDT716  ,
P1UDM2024   ,P1UHS1_1247 ,P1UHS1_1247 -> P1UDT716  ,
P1UDM2029   ,P1UHS1_1247 ,P1UHS1_1247 -> P1UDT716  ,
P1UDM2030   ,P1UHS1_1247 ,P1UHS1_1247 -> P1UDT716  ,
P1UDM2031   ,P1UHS1_1247 ,P1UHS1_1247 -> P1UDT716  ,
P1UDM2034   ,P1UHS1_1247 ,P1UHS1_1247 -> P1UDT716  ,
P1UDM2038   ,P1UHS1_1247 ,P1UHS1_1247 -> P1UDT716  ,
P1UDM2040   ,P1UHS1_1247 ,P1UHS1_1247 -> P1UDT716  ,
P1UDM2042   ,P1UHS1_1247 ,P1UHS1_1247 -> P1UDT716  ,
P1UDM2043   ,P1UHS1_1247 ,P1UHS1_1247 -> P1UDT716  ,
P1UDM2045   ,P1UHS1_1247 ,P1UHS1_1247 -> P1UDT716  ,
P1UDM2046   ,P1UHS1_1247 ,P1UHS1_1247 -> P1UDT716  ,
P1UDM2047   ,P1UHS1_1247 ,P1UHS1_1247 -> P1UDT716  ,
P1UDM2048   ,P1UHS1_1247 ,P1UHS1_1247 -> P1UDT716  ,
P1UDM2049   ,P1UHS1_1247 ,P1UHS1_1247 -> P1UDT716  ,
P1UDM2053   ,P1UHS1_1247 ,P1UHS1_1247 -> P1UDT716  ,
P1UDM2054   ,P1UHS1_1247 ,P1UHS1_1247 -> P1UDT716  ,
P1UDM2055   ,P1UHS1_1247 ,P1UHS1_1247 -> P1UDT716  ,
P1UDM2056   ,P1UHS1_1247 ,P1UHS1_1247 -> P1UDT716  ,
P1UDM2057   ,P1UHS1_1247 ,P1UHS1_1247 -> P1UDT716  ,
P1UDM2062   ,P1UHS1_1247 ,P1UHS1_1247 -> P1UDT716  ,
P1UDM2063   ,P1UHS1_1247 ,P1UHS1_1247 -> P1UDT716  ,
P1UDM2065   ,P1UHS1_1247 ,P1UHS1_1247 -> P1UDT716  ,
P1UDM2069   ,P1UHS1_1247 ,P1UHS1_1247 -> P1UDT716  ,
P1UDM2070   ,P1UHS1_1247 ,P1UHS1_1247 -> P1UDT716  ,
P1UDM2071   ,P1UHS1_1247 ,P1UHS1_1247 -> P1UDT716  ,
P1UDM2073   ,P1UHS1_1247 ,P1UHS1_1247 -> P1UDT716  ,
P1UDM2076   ,P1UHS1_1247 ,P1UHS1_1247 -> P1UDT716  ,
P1UDM2081   ,P1UHS1_1247 ,P1UHS1_1247 -> P1UDT716  ,
P1UDM2082   ,P1UHS1_1247 ,P1UHS1_1247 -> P1UDT716  ,
P1UDM2083   ,P1UHS1_1247 ,P1UHS1_1247 -> P1UDT716  ,
P1UDM2085   ,P1UHS1_1247 ,P1UHS1_1247 -> P1UDT716  ,
P1UDM2086   ,P1UHS1_1247 ,P1UHS1_1247 -> P1UDT716  ,
P1UDM2088   ,P1UHS1_1247 ,P1UHS1_1247 -> P1UDT716  ,
P1UDM2089   ,P1UHS1_1247 ,P1UHS1_1247 -> P1UDT716  ,
P1UDM2090   ,P1UHS1_1247 ,P1UHS1_1247 -> P1UDT716  ,
P1UDM2092   ,P1UHS1_1247 ,P1UHS1_1247 -> P1UDT716  ,
P1UDM2093   ,P1UHS1_1247 ,P1UHS1_1247 -> P1UDT716  ,
P1UDM2095   ,P1UHS1_1247 ,P1UHS1_1247 -> P1UDT716  ,
P1UDM2096   ,P1UHS1_1247 ,P1UHS1_1247 -> P1UDT716  ,
P1UDM2097   ,P1UHS1_1247 ,P1UHS1_1247 -> P1UDT716  ,
P1UDM2098   ,P1UHS1_1247 ,P1UHS1_1247 -> P1UDT716  ,
P1UDM2099   ,P1UHS1_1247 ,P1UHS1_1247 -> P1UDT716  ,
P1UDM2101   ,P1UHS1_1247 ,P1UHS1_1247 -> P1UDT716  ,
P1UDM2105   ,P1UHS1_1247 ,P1UHS1_1247 -> P1UDT716  ,
P1UDM2106   ,P1UHS1_1247 ,P1UHS1_1247 -> P1UDT716  ,
P1UDM2107   ,P1UHS1_1247 ,P1UHS1_1247 -> P1UDT716  ,
P1UDM2110   ,P1UHS1_1247 ,P1UHS1_1247 -> P1UDT716  ,
P1UDM2111   ,P1UHS1_1247 ,P1UHS1_1247 -> P1UDT716  ,
P1UDM2113   ,P1UHS1_1247 ,P1UHS1_1247 -> P1UDT716  ,
P1UDM2114   ,P1UHS1_1247 ,P1UHS1_1247 -> P1UDT716  ,
P1UDM2115   ,P1UHS1_1247 ,P1UHS1_1247 -> P1UDT716  ,
P1UDM2116   ,P1UHS1_1247 ,P1UHS1_1247 -> P1UDT716  ,
P1UDM2121   ,P1UHS1_1247 ,P1UHS1_1247 -> P1UDT716  ,
P1UDM2122   ,P1UHS1_1247 ,P1UHS1_1247 -> P1UDT716  ,
P1UDM2123   ,P1UHS1_1247 ,P1UHS1_1247 -> P1UDT716  ,
P1UDM2126   ,P1UHS1_1247 ,P1UHS1_1247 -> P1UDT716  ,
P1UDM2127   ,P1UHS1_1247 ,P1UHS1_1247 -> P1UDT716  ,
P1UDM2130   ,P1UHS1_1247 ,P1UHS1_1247 -> P1UDT716  ,
P1UDM2131   ,P1UHS1_1247 ,P1UHS1_1247 -> P1UDT716  ,
P1UDM2135   ,P1UHS1_1247 ,P1UHS1_1247 -> P1UDT716  ,
P1UDM2136   ,P1UHS1_1247 ,P1UHS1_1247 -> P1UDT716  ,
P1UDM2137   ,P1UHS1_1247 ,P1UHS1_1247 -> P1UDT716  ,
P1UDM2138   ,P1UHS1_1247 ,P1UHS1_1247 -> P1UDT716  ,
P1UDM2139   ,P1UHS1_1247 ,P1UHS1_1247 -> P1UDT716  ,
P1UDM2140   ,P1UHS1_1247 ,P1UHS1_1247 -> P1UDT716  ,
P1UDM2141   ,P1UHS1_1247 ,P1UHS1_1247 -> P1UDT716  ,
P1UDM2143   ,P1UHS1_1247 ,P1UHS1_1247 -> P1UDT716  ,
P1UDM2145   ,P1UHS1_1247 ,P1UHS1_1247 -> P1UDT716  ,
P1UDM2146   ,P1UHS1_1247 ,P1UHS1_1247 -> P1UDT716  ,
P1UDM2148   ,P1UHS1_1247 ,P1UHS1_1247 -> P1UDT716  ,
P1UDM2150   ,P1UHS1_1247 ,P1UHS1_1247 -> P1UDT716  ,
P1UDM2151   ,P1UHS1_1247 ,P1UHS1_1247 -> P1UDT716  ,
P1UDM2152   ,P1UHS1_1247 ,P1UHS1_1247 -> P1UDT716  ,
P1UDM2154   ,P1UHS1_1247 ,P1UHS1_1247 -> P1UDT716  ,
P1UDM2155   ,P1UHS1_1247 ,P1UHS1_1247 -> P1UDT716  ,
P1UDM2156   ,P1UHS1_1247 ,P1UHS1_1247 -> P1UDT716  ,
P1UDM2157   ,P1UHS1_1247 ,P1UHS1_1247 -> P1UDT716  ,
P1UDM2158   ,P1UHS1_1247 ,P1UHS1_1247 -> P1UDT716  ,
P1UDM2160   ,P1UHS1_1247 ,P1UHS1_1247 -> P1UDT716  ,
P1UDM2162   ,P1UHS1_1247 ,P1UHS1_1247 -> P1UDT716  ,
P1UDM2163   ,P1UHS1_1247 ,P1UHS1_1247 -> P1UDT716  ,
P1UDM2165   ,P1UHS1_1247 ,P1UHS1_1247 -> P1UDT716  ,
P1UDM2166   ,P1UHS1_1247 ,P1UHS1_1247 -> P1UDT716  ,
P1UDM2167   ,P1UHS1_1247 ,P1UHS1_1247 -> P1UDT716  ,
P1UDM2170   ,P1UHS1_1247 ,P1UHS1_1247 -> P1UDT716  ,
P1UDM2171   ,P1UHS1_1247 ,P1UHS1_1247 -> P1UDT716  ,
P1UDM2172   ,P1UHS1_1247 ,P1UHS1_1247 -> P1UDT716  ,
P1UDM2175   ,P1UHS1_1247 ,P1UHS1_1247 -> P1UDT716  ,
P1UDM2176   ,P1UHS1_1247 ,P1UHS1_1247 -> P1UDT716  ,
P1UDM2177   ,P1UHS1_1247 ,P1UHS1_1247 -> P1UDT716  ,
P1UDM2178   ,P1UHS1_1247 ,P1UHS1_1247 -> P1UDT716  ,
P1UDM2180   ,P1UHS1_1247 ,P1UHS1_1247 -> P1UDT716  ,
P1UDM2181   ,P1UHS1_1247 ,P1UHS1_1247 -> P1UDT716  ,
P1UDM2183   ,P1UHS1_1247 ,P1UHS1_1247 -> P1UDT716  ,
P1UDM2184   ,P1UHS1_1247 ,P1UHS1_1247 -> P1UDT716  ,
P1UDM2187   ,P1UHS1_1247 ,P1UHS1_1247 -> P1UDT716  ,
P1UDM2189   ,P1UHS1_1247 ,P1UHS1_1247 -> P1UDT716  ,
P1UDM2190   ,P1UHS1_1247 ,P1UHS1_1247 -> P1UDT716  ,
P1UDM2191   ,P1UHS1_1247 ,P1UHS1_1247 -> P1UDT716  ,
P1UDM2193   ,P1UHS1_1247 ,P1UHS1_1247 -> P1UDT716  ,
P1UDM2194   ,P1UHS1_1247 ,P1UHS1_1247 -> P1UDT716  ,
P1UDM2196   ,P1UHS1_1247 ,P1UHS1_1247 -> P1UDT716  ,
P1UDM2199   ,P1UHS1_1247 ,P1UHS1_1247 -> P1UDT716  ,
P1UDM2200   ,P1UHS1_1247 ,P1UHS1_1247 -> P1UDT716  ,
P1UDM2201   ,P1UHS1_1247 ,P1UHS1_1247 -> P1UDT716  ,
P1UDM2202   ,P1UHS1_1247 ,P1UHS1_1247 -> P1UDT716  ,
P1UDM2203   ,P1UHS1_1247 ,P1UHS1_1247 -> P1UDT716  ,
P1UDM2209   ,P1UHS1_1247 ,P1UHS1_1247 -> P1UDT1324 ,
P1UDM2210   ,P1UHS1_1247 ,P1UHS1_1247 -> P1UDT1324 ,
P1UDM2214   ,P1UHS1_1247 ,P1UHS1_1247 -> P1UDT1324 ,
P1UDM2215   ,P1UHS1_1247 ,P1UHS1_1247 -> P1UDT1324 ,
P1UDM2221   ,P1UHS1_1247 ,P1UHS1_1247 -> P1UDT1324 ,
P1UDM2222   ,P1UHS1_1247 ,P1UHS1_1247 -> P1UDT1324 ,
P1UDM2223   ,P1UHS1_1247 ,P1UHS1_1247 -> P1UDT1324 ,
P1UDM2224   ,P1UHS1_1247 ,P1UHS1_1247 -> P1UDT1324 ,
P1UDM2225   ,P1UHS1_1247 ,P1UHS1_1247 -> P1UDT1324 ,
P1UDM2226   ,P1UHS1_1247 ,P1UHS1_1247 -> P1UDT1324 ,
P1UDM2227   ,P1UHS1_1247 ,P1UHS1_1247 -> P1UDT1324 ,
P1UDM2228   ,P1UHS1_1247 ,P1UHS1_1247 -> P1UDT1324 ,
P1UDM2229   ,P1UHS1_1247 ,P1UHS1_1247 -> P1UDT1324 ,
P1UDM2231   ,P1UHS1_1247 ,P1UHS1_1247 -> P1UDT1324 ,
P1UDM2232   ,P1UHS1_1247 ,P1UHS1_1247 -> P1UDT1324 ,
P1UDM2233   ,P1UHS1_1247 ,P1UHS1_1247 -> P1UDT1324 ,
P1UDM2239   ,P1UHS1_1247 ,P1UHS1_1247 -> P1UDT1324 ,
P1UDM2240   ,P1UHS1_1247 ,P1UHS1_1247 -> P1UDT1324 ,
P1UDM2241   ,P1UHS1_1247 ,P1UHS1_1247 -> P1UDT1324 ,
P1UDM2242   ,P1UHS1_1247 ,P1UHS1_1247 -> P1UDT1324 ,
P1UDM2243   ,P1UHS1_1247 ,P1UHS1_1247 -> P1UDT1324 ,
P1UDM2244   ,P1UHS1_1247 ,P1UHS1_1247 -> P1UDT1324 ,
P1UDM2245   ,P1UHS1_1247 ,P1UHS1_1247 -> P1UDT1324 ,
P1UDM2249   ,P1UHS1_1247 ,P1UHS1_1247 -> P1UDT1324 ,
P1UDM2250   ,P1UHS1_1247 ,P1UHS1_1247 -> P1UDT1324 ,
P1UDM2251   ,P1UHS1_1247 ,P1UHS1_1247 -> P1UDT1324 ,
P1UDM2253   ,P1UHS1_1247 ,P1UHS1_1247 -> P1UDT1324 ,
P1UDM2258   ,P1UHS1_1247 ,P1UHS1_1247 -> P1UDT1324 ,
P1UDM2259   ,P1UHS1_1247 ,P1UHS1_1247 -> P1UDT1324 ,
P1UDM2260   ,P1UHS1_1247 ,P1UHS1_1247 -> P1UDT1324 ,
P1UDM2262   ,P1UHS1_1247 ,P1UHS1_1247 -> P1UDT1324 ,
P1UDM2266   ,P1UHS1_1247 ,P1UHS1_1247 -> P1UDT1324 ,
P1UDM2267   ,P1UHS1_1247 ,P1UHS1_1247 -> P1UDT716  ,
P1UDM2268   ,P1UHS1_1247 ,P1UHS1_1247 -> P1UDT716  ,
P1UDM2269   ,P1UHS1_1247 ,P1UHS1_1247 -> P1UDT716  ,
P1UDM2271   ,P1UHS1_1247 ,P1UHS1_1247 -> P1UDT716  ,
P1UDM2272   ,P1UHS1_1247 ,P1UHS1_1247 -> P1UDT716  ,
P1UDM2273   ,P1UHS1_1247 ,P1UHS1_1247 -> P1UDT716  ,
P1UDM2274   ,P1UHS1_1247 ,P1UHS1_1247 -> P1UDT716  ,
P1UDM2275   ,P1UHS1_1247 ,P1UHS1_1247 -> P1UDT716  ,
P1UDM2276   ,P1UHS1_1247 ,P1UHS1_1247 -> P1UDT716  ,
P1UDM2277   ,P1UHS1_1247 ,P1UHS1_1247 -> P1UDT716  ,
P1UDM2278   ,P1UHS1_1247 ,P1UHS1_1247 -> P1UDT716  ,
P1UDM2279   ,P1UHS1_1247 ,P1UHS1_1247 -> P1UDT716  ,
P1UDM2281   ,P1UHS1_1247 ,P1UHS1_1247 -> P1UDT716  ,
P1UDM2282   ,P1UHS1_1247 ,P1UHS1_1247 -> P1UDT716  ,
P1UDM2284   ,P1UHS1_1247 ,P1UHS1_1247 -> P1UDT716  ,
P1UDM2290   ,P1UHS1_1247 ,P1UHS1_1247 -> P1UDT716  ,
P1UDM2292   ,P1UHS1_1247 ,P1UHS1_1247 -> P1UDT716  ,
P1UDM2294   ,P1UHS1_1247 ,P1UHS1_1247 -> P1UDT716  ,
P1UDM2295   ,P1UHS1_1247 ,P1UHS1_1247 -> P1UDT716  ,
P1UDM2301   ,P1UHS1_1247 ,P1UHS1_1247 -> P1UDT1324 ,
P1UDM2302   ,P1UHS1_1247 ,P1UHS1_1247 -> P1UDT1324 ,
P1UDM2306   ,P1UHS2_1247 ,P1UHS2_1247 -> P1UDT813  ,
P1UDM2307   ,P1UHS2_1247 ,P1UHS2_1247 -> P1UDT813  ,
P1UDM2308   ,P1UHS2_1247 ,P1UHS2_1247 -> P1UDT813  ,
P1UDM2309   ,P1UHS2_1247 ,P1UHS2_1247 -> P1UDT813  ,
P1UDM2310   ,P1UHS2_1247 ,P1UHS2_1247 -> P1UDT813  ,
P1UDM2312   ,P1UHS2_1247 ,P1UHS2_1247 -> P1UDT813  ,
P1UDM2313   ,P1UHS2_1247 ,P1UHS2_1247 -> P1UDT813  ,
P1UDM2314   ,P1UHS2_1247 ,P1UHS2_1247 -> P1UDT813  ,
P1UDM2317   ,P1UHS2_1247 ,P1UHS2_1247 -> P1UDT813  ,
P1UDM2318   ,P1UHS2_1247 ,P1UHS2_1247 -> P1UDT813  ,
P1UDM2322   ,P1UHS2_1247 ,P1UHS2_1247 -> P1UDT813  ,
P1UDM2323   ,P1UHS2_1247 ,P1UHS2_1247 -> P1UDT813  ,
P1UDM2326   ,P1UHS2_1247 ,P1UHS2_1247 -> P1UDT813  ,
P1UDM2327   ,P1UHS2_1247 ,P1UHS2_1247 -> P1UDT813  ,
P1UDM2328   ,P1UHS2_1247 ,P1UHS2_1247 -> P1UDT813  ,
P1UDM2331   ,P1UHS2_1247 ,P1UHS2_1247 -> P1UDT813  ,
P1UDM2333   ,P1UHS2_1247 ,P1UHS2_1247 -> P1UDT813  ,
P1UDM2335   ,P1UHS2_1247 ,P1UHS2_1247 -> P1UDT813  ,
P1UDM2337   ,P1UHS2_1247 ,P1UHS2_1247 -> P1UDT813  ,
P1UDM2338   ,P1UHS2_1247 ,P1UHS2_1247 -> P1UDT813  ,
P1UDM2340   ,P1UHS2_1247 ,P1UHS2_1247 -> P1UDT813  ,
P1UDM2343   ,P1UHS2_1247 ,P1UHS2_1247 -> P1UDT813  ,
P1UDM2344   ,P1UHS2_1247 ,P1UHS2_1247 -> P1UDT813  ,
P1UDM2345   ,P1UHS2_1247 ,P1UHS2_1247 -> P1UDT813  ,
P1UDM2347   ,P1UHS2_1247 ,P1UHS2_1247 -> P1UDT813  ,
P1UDM2348   ,P1UHS2_1247 ,P1UHS2_1247 -> P1UDT813  ,
P1UDM2350   ,P1UHS2_1247 ,P1UHS2_1247 -> P1UDT813  ,
P1UDM2351   ,P1UHS2_1247 ,P1UHS2_1247 -> P1UDT813  ,
P1UDM2352   ,P1UHS2_1247 ,P1UHS2_1247 -> P1UDT813  ,
P1UDM2356   ,P1UHS2_1247 ,P1UHS2_1247 -> P1UDT813  ,
P1UDM2357   ,P1UHS2_1247 ,P1UHS2_1247 -> P1UDT813  ,
P1UDM2360   ,P1UHS2_1247 ,P1UHS2_1247 -> P1UDT813  ,
P1UDM2361   ,P1UHS2_1247 ,P1UHS2_1247 -> P1UDT813  ,
P1UDM2362   ,P1UHS2_1247 ,P1UHS2_1247 -> P1UDT813  ,
P1UDM2363   ,P1UHS2_1247 ,P1UHS2_1247 -> P1UDT813  ,
P1UDM2364   ,P1UHS2_1247 ,P1UHS2_1247 -> P1UDT813  ,
P1UDM2365   ,P1UHS2_1247 ,P1UHS2_1247 -> P1UDT813  ,
P1UDM2368   ,P1UHS2_1247 ,P1UHS2_1247 -> P1UDT813  ,
P1UDM2372   ,P1UHS2_1247 ,P1UHS2_1247 -> P1UDT813  ,
P1UDM2373   ,P1UHS2_1247 ,P1UHS2_1247 -> P1UDT813  ,
P1UDM2374   ,P1UHS2_1247 ,P1UHS2_1247 -> P1UDT813  ,
P1UDM2375   ,P1UHS2_1247 ,P1UHS2_1247 -> P1UDT813  ,
P1UDM2376   ,P1UHS2_1247 ,P1UHS2_1247 -> P1UDT813  ,
P1UDM2377   ,P1UHS2_1247 ,P1UHS2_1247 -> P1UDT813  ,
P1UDM2379   ,P1UHS2_1247 ,P1UHS2_1247 -> P1UDT813  ,
P1UDM2380   ,P1UHS2_1247 ,P1UHS2_1247 -> P1UDT813  ,
P1UDM2382   ,P1UHS2_1247 ,P1UHS2_1247 -> P1UDT813  ,
P1UDM2383   ,P1UHS2_1247 ,P1UHS2_1247 -> P1UDT813  ,
P1UDM2384   ,P1UHS2_1247 ,P1UHS2_1247 -> P1UDT813  ,
P1UDM2385   ,P1UHS2_1247 ,P1UHS2_1247 -> P1UDT813  ,
P1UDM2387   ,P1UHS2_1247 ,P1UHS2_1247 -> P1UDT813  ,
P1UDM2388   ,P1UHS2_1247 ,P1UHS2_1247 -> P1UDT813  ,
P1UDM2391   ,P1UHS2_1247 ,P1UHS2_1247 -> P1UDT813  ,
P1UDM2392   ,P1UHS2_1247 ,P1UHS2_1247 -> P1UDT813  ,
P1UDM2393   ,P1UHS2_1247 ,P1UHS2_1247 -> P1UDT813  ,
P1UDM2394   ,P1UHS2_1247 ,P1UHS2_1247 -> P1UDT813  ,
P1UDM2396   ,P1UHS2_1247 ,P1UHS2_1247 -> P1UDT813  ,
P1UDM2397   ,P1UHS2_1247 ,P1UHS2_1247 -> P1UDT813  ,
P1UDM2398   ,P1UHS2_1247 ,P1UHS2_1247 -> P1UDT813  ,
P1UDM2404   ,P1UHS2_1247 ,P1UHS2_1247 -> P1UDT813  ,
P1UDM2406   ,P1UHS2_1247 ,P1UHS2_1247 -> P1UDT813  ,
P1UDM2409   ,P1UHS2_1247 ,P1UHS2_1247 -> P1UDT813  ,
P1UDM2411   ,P1UHS2_1247 ,P1UHS2_1247 -> P1UDT813  ,
P1UDM2413   ,P1UHS2_1247 ,P1UHS2_1247 -> P1UDT813  ,
P1UDM2415   ,P1UHS2_1247 ,P1UHS2_1247 -> P1UDT813  ,
P1UDM2416   ,P1UHS2_1247 ,P1UHS2_1247 -> P1UDT813  ,
P1UDM2420   ,P1UHS2_1247 ,P1UHS2_1247 -> P1UDT813  ,
P1UDM2423   ,P1UHS2_1247 ,P1UHS2_1247 -> P1UDT813  ,
P1UDM2424   ,P1UHS2_1247 ,P1UHS2_1247 -> P1UDT813  ,
P1UDM2426   ,P1UHS2_1247 ,P1UHS2_1247 -> P1UDT813  ,
P1UDM2427   ,P1UHS2_1247 ,P1UHS2_1247 -> P1UDT813  ,
P1UDM2428   ,P1UHS2_1247 ,P1UHS2_1247 -> P1UDT813  ,
P1UDM2431   ,P1UHS2_1247 ,P1UHS2_1247 -> P1UDT813  ,
P1UDM2432   ,P1UHS2_1247 ,P1UHS2_1247 -> P1UDT813  ,
P1UDM2434   ,P1UHS2_1247 ,P1UHS2_1247 -> P1UDT813  ,
P1UDM2436   ,P1UHS2_1247 ,P1UHS2_1247 -> P1UDT813  ,
P1UDM2437   ,P1UHS2_1247 ,P1UHS2_1247 -> P1UDT813  ,
P1UDM2438   ,P1UHS2_1247 ,P1UHS2_1247 -> P1UDT813  ,
P1UDM2440   ,P1UHS2_1247 ,P1UHS2_1247 -> P1UDT813  ,
P1UDM2441   ,P1UHS2_1247 ,P1UHS2_1247 -> P1UDT813  ,
P1UDM2442   ,P1UHS2_1247 ,P1UHS2_1247 -> P1UDT813  ,
P1UDM2443   ,P1UHS2_1247 ,P1UHS2_1247 -> P1UDT813  ,
P1UDM2444   ,P1UHS2_1247 ,P1UHS2_1247 -> P1UDT813  ,
P1UDM2445   ,P1UHS2_1247 ,P1UHS2_1247 -> P1UDT813  ,
P1UDM2447   ,P1UHS2_1247 ,P1UHS2_1247 -> P1UDT813  ,
P1UDM2448   ,P1UHS2_1247 ,P1UHS2_1247 -> P1UDT813  ,
P1UDM2450   ,P1UHS2_1247 ,P1UHS2_1247 -> P1UDT813  ,
P1UDM2451   ,P1UHS2_1247 ,P1UHS2_1247 -> P1UDT813  ,
P1UDM2454   ,P1UHS2_1247 ,P1UHS2_1247 -> P1UDT813  ,
P1UDM2457   ,P1UHS2_1247 ,P1UHS2_1247 -> P1UDT813  ,
P1UDM2462   ,P1UHS2_1247 ,P1UHS2_1247 -> P1UDT813  ,
P1UDM2467   ,P1UHS2_1247 ,P1UHS2_1247 -> P1UDT813  ,
P1UDM2469   ,P1UHS2_1247 ,P1UHS2_1247 -> P1UDT813  ,
P1UDM2471   ,P1UHS2_1247 ,P1UHS2_1247 -> P1UDT813  ,
P1UDM2472   ,P1UHS2_1247 ,P1UHS2_1247 -> P1UDT813  ,
P1UDM2473   ,P1UHS2_1247 ,P1UHS2_1247 -> P1UDT813  ,
P1UDM2475   ,P1UHS2_1247 ,P1UHS2_1247 -> P1UDT813  ,
P1UDM2476   ,P1UHS2_1247 ,P1UHS2_1247 -> P1UDT813  ,
P1UDM2481   ,P1UHS2_1247 ,P1UHS2_1247 -> P1UDT813  ,
P1UDM2483   ,P1UHS2_1247 ,P1UHS2_1247 -> P1UDT813  ,
P1UDM2484   ,P1UHS2_1247 ,P1UHS2_1247 -> P1UDT813  ,
P1UDM2485   ,P1UHS2_1247 ,P1UHS2_1247 -> P1UDT813  ,
P1UDM2486   ,P1UHS2_1247 ,P1UHS2_1247 -> P1UDT813  ,
P1UDM2487   ,P1UHS2_1247 ,P1UHS2_1247 -> P1UDT813  ,
P1UDM2489   ,P1UHS2_1247 ,P1UHS2_1247 -> P1UDT813  ,
P1UDM2490   ,P1UHS2_1247 ,P1UHS2_1247 -> P1UDT813  ,
P1UDM2491   ,P1UHS2_1247 ,P1UHS2_1247 -> P1UDT813  ,
P1UDM2492   ,P1UHS2_1247 ,P1UHS2_1247 -> P1UDT813  ,
P1UDM2493   ,P1UHS2_1247 ,P1UHS2_1247 -> P1UDT813  ,
P1UDM2494   ,P1UHS2_1247 ,P1UHS2_1247 -> P1UDT813  ,
P1UDM2495   ,P1UHS2_1247 ,P1UHS2_1247 -> P1UDT813  ,
P1UDM2496   ,P1UHS2_1247 ,P1UHS2_1247 -> P1UDT813  ,
P1UDM2497   ,P1UHS2_1247 ,P1UHS2_1247 -> P1UDT813  ,
P1UDM2499   ,P1UHS2_1247 ,P1UHS2_1247 -> P1UDT813  ,
P1UDM2500   ,P1UHS2_1247 ,P1UHS2_1247 -> P1UDT813  ,
P1UDM2501   ,P1UHS2_1247 ,P1UHS2_1247 -> P1UDT813  ,
P1UDM2502   ,P1UHS2_1247 ,P1UHS2_1247 -> P1UDT813  ,
P1UDM2506   ,P1UHS2_1247 ,P1UHS2_1247 -> P1UDT813  ,
P1UDM2507   ,P1UHS2_1247 ,P1UHS2_1247 -> P1UDT813  ,
P1UDM2508   ,P1UHS2_1247 ,P1UHS2_1247 -> P1UDT813  ,
P1UDM2509   ,P1UHS2_1247 ,P1UHS2_1247 -> P1UDT813  ,
P1UDM2510   ,P1UHS2_1247 ,P1UHS2_1247 -> P1UDT813  ,
P1UDM2512   ,P1UHS2_1247 ,P1UHS2_1247 -> P1UDT813  ,
P1UDM2513   ,P1UHS2_1247 ,P1UHS2_1247 -> P1UDT813  ,
P1UDM2514   ,P1UHS2_1247 ,P1UHS2_1247 -> P1UDT813  ,
P1UDM2515   ,P1UHS2_1247 ,P1UHS2_1247 -> P1UDT813  ,
P1UDM2517   ,P1UHS2_1247 ,P1UHS2_1247 -> P1UDT813  ,
P1UDM2518   ,P1UHS2_1247 ,P1UHS2_1247 -> P1UDT813  ,
P1UDM2519   ,P1UHS2_1247 ,P1UHS2_1247 -> P1UDT813  ,
P1UDM2527   ,P1UHS2_1247 ,P1UHS2_1247 -> P1UDT813  ,
P1UDM2528   ,P1UHS2_1247 ,P1UHS2_1247 -> P1UDT813  ,
P1UDM2530   ,P1UHS2_1247 ,P1UHS2_1247 -> P1UDT813  ,
P1UDM2531   ,P1UHS2_1247 ,P1UHS2_1247 -> P1UDT813  ,
P1UDM2532   ,P1UHS2_1247 ,P1UHS2_1247 -> P1UDT813  ,
P1UDM2534   ,P1UHS2_1247 ,P1UHS2_1247 -> P1UDT813  ,
P1UDM2535   ,P1UHS2_1247 ,P1UHS2_1247 -> P1UDT813  ,
P1UDM2537   ,P1UHS2_1247 ,P1UHS2_1247 -> P1UDT813  ,
P1UDM2541   ,P1UHS2_1247 ,P1UHS2_1247 -> P1UDT813  ,
P1UDM2543   ,P1UHS2_1247 ,P1UHS2_1247 -> P1UDT813  ,
P1UDM2544   ,P1UHS2_1247 ,P1UHS2_1247 -> P1UDT813  ,
P1UDM2546   ,P1UHS2_1247 ,P1UHS2_1247 -> P1UDT813  ,
P1UDM2547   ,P1UHS2_1247 ,P1UHS2_1247 -> P1UDT813  ,
P1UDM2553   ,P1UHS2_1247 ,P1UHS2_1247 -> P1UDT813  ,
P1UDM2554   ,P1UHS2_1247 ,P1UHS2_1247 -> P1UDT813  ,
P1UDM2555   ,P1UHS2_1247 ,P1UHS2_1247 -> P1UDT813  ,
P1UDM2557   ,P1UHS2_1247 ,P1UHS2_1247 -> P1UDT813  ,
P1UDM2558   ,P1UHS2_1247 ,P1UHS2_1247 -> P1UDT813  ,
P1UDM2559   ,P1UHS2_1247 ,P1UHS2_1247 -> P1UDT813  ,
P1UDM2560   ,P1UHS2_1247 ,P1UHS2_1247 -> P1UDT813  ,
P1UDM2569   ,P1UHS2_1247 ,P1UHS2_1247 -> P1UDT813  ,
P1UDM2570   ,P1UHS2_1247 ,P1UHS2_1247 -> P1UDT813  ,
P1UDM2571   ,P1UHS2_1247 ,P1UHS2_1247 -> P1UDT813  ,
P1UDM2572   ,P1UHS2_1247 ,P1UHS2_1247 -> P1UDT813  ,
P1UDM2579   ,P1UHS2_1247 ,P1UHS2_1247 -> P1UDT813  ,
P1UDM2580   ,P1UHS2_1247 ,P1UHS2_1247 -> P1UDT813  ,
P1UDM2581   ,P1UHS2_1247 ,P1UHS2_1247 -> P1UDT813  ,
P1UDM2583   ,P1UHS2_1247 ,P1UHS2_1247 -> P1UDT813  ,
P1UDM2584   ,P1UHS2_1247 ,P1UHS2_1247 -> P1UDT813  ,
P1UDM2587   ,P1UHS2_1247 ,P1UHS2_1247 -> P1UDT813  ,
P1UDM2590   ,P1UHS2_1247 ,P1UHS2_1247 -> P1UDT813  ,
P1UDM2592   ,P1UHS2_1247 ,P1UHS2_1247 -> P1UDT813  ,
P1UDM2593   ,P1UHS2_1247 ,P1UHS2_1247 -> P1UDT813  ,
P1UDM2596   ,P1UHS2_1247 ,P1UHS2_1247 -> P1UDT813  ,
P1UDM2597   ,P1UHS2_1247 ,P1UHS2_1247 -> P1UDT813  ,
P1UDM2599   ,P1UHS2_1247 ,P1UHS2_1247 -> P1UDT813  ,
P1UDM2605   ,P1UHS2_1247 ,P1UHS2_1247 -> P1UDT813  ,
P1UDM2607   ,P1UHS2_1247 ,P1UHS2_1247 -> P1UDT813  ,
P1UDM2608   ,P1UHS2_1247 ,P1UHS2_1247 -> P1UDT813  ,
P1UDM2610   ,P1UHS2_1247 ,P1UHS2_1247 -> P1UDT813  ,
P1UDM2611   ,P1UHS2_1247 ,P1UHS2_1247 -> P1UDT813  ,
P1UDM2613   ,P1UHS2_1247 ,P1UHS2_1247 -> P1UDT813  ,
P1UDM2614   ,P1UHS2_1247 ,P1UHS2_1247 -> P1UDT813  ,
P1UDM2618   ,P1UHS2_1247 ,P1UHS2_1247 -> P1UDT813  ,
P1UDM2620   ,P1UHS2_1247 ,P1UHS2_1247 -> P1UDT813  ,
P1UDM2621   ,P1UHS2_1247 ,P1UHS2_1247 -> P1UDT813  ,
P1UDM2622   ,P1UHS1_1247 ,P1UHS1_1247 -> P1UDT716  ,
P1UDM2623   ,P1UHS1_1247 ,P1UHS1_1247 -> P1UDT716  ,
P1UDM2624   ,P1UHS1_1247 ,P1UHS1_1247 -> P1UDT716  ,
P1UDM2625   ,P1UHS1_1247 ,P1UHS1_1247 -> P1UDT716  ,
P1UDM2626   ,P1UHS1_1247 ,P1UHS1_1247 -> P1UDT716  ,
P1UDM2629   ,P1UHS1_1247 ,P1UHS1_1247 -> P1UDT716  ,
P1UDM2630   ,P1UHS1_1247 ,P1UHS1_1247 -> P1UDT716  ,
P1UDM2631   ,P1UHS1_1247 ,P1UHS1_1247 -> P1UDT716  ,
P1UDM2634   ,P1UHS1_1247 ,P1UHS1_1247 -> P1UDT716  ,
P1UDM2635   ,P1UHS1_1247 ,P1UHS1_1247 -> P1UDT716  ,
P1UDM2636   ,P1UHS1_1247 ,P1UHS1_1247 -> P1UDT716  ,
P1UDM2638   ,P1UHS1_1247 ,P1UHS1_1247 -> P1UDT716  ,
P1UDM2639   ,P1UHS1_1247 ,P1UHS1_1247 -> P1UDT716  ,
P1UDM2640   ,P1UHS1_1247 ,P1UHS1_1247 -> P1UDT716  ,
P1UDM2641   ,P1UHS1_1247 ,P1UHS1_1247 -> P1UDT716  ,
P1UDM2642   ,P1UHS1_1247 ,P1UHS1_1247 -> P1UDT716  ,
P1UDM2644   ,P1UHS1_1247 ,P1UHS1_1247 -> P1UDT716  ,
P1UDM2645   ,P1UHS1_1247 ,P1UHS1_1247 -> P1UDT716  ,
P1UDM2646   ,P1UHS1_1247 ,P1UHS1_1247 -> P1UDT716  ,
P1UDM2648   ,P1UHS1_1247 ,P1UHS1_1247 -> P1UDT716  ,
P1UDM2649   ,P1UHS1_1247 ,P1UHS1_1247 -> P1UDT716  ,
P1UDM2650   ,P1UHS1_1247 ,P1UHS1_1247 -> P1UDT716  ,
P1UDM2651   ,P1UHS1_1247 ,P1UHS1_1247 -> P1UDT716  ,
P1UDM2652   ,P1UHS1_1247 ,P1UHS1_1247 -> P1UDT716  ,
P1UDM2653   ,P1UHS1_1247 ,P1UHS1_1247 -> P1UDT716  ,
P1UDM2654   ,P1UHS1_1247 ,P1UHS1_1247 -> P1UDT716  ,
P1UDM2655   ,P1UHS1_1247 ,P1UHS1_1247 -> P1UDT716  ,
P1UDM2657   ,P1UHS1_1247 ,P1UHS1_1247 -> P1UDT716  ,
P1UDM2658   ,P1UHS1_1247 ,P1UHS1_1247 -> P1UDT716  ,
P1UDM2659   ,P1UHS1_1247 ,P1UHS1_1247 -> P1UDT716  ,
P1UDM2660   ,P1UHS1_1247 ,P1UHS1_1247 -> P1UDT716  ,
P1UDM2665   ,P1UHS1_1247 ,P1UHS1_1247 -> P1UDT716  ,
P1UDM2666   ,P1UHS1_1247 ,P1UHS1_1247 -> P1UDT716  ,
P1UDM2668   ,P1UHS1_1247 ,P1UHS1_1247 -> P1UDT716  ,
P1UDM2669   ,P1UHS1_1247 ,P1UHS1_1247 -> P1UDT716  ,
P1UDM2670   ,P1UHS1_1247 ,P1UHS1_1247 -> P1UDT716  ,
P1UDM2671   ,P1UHS1_1247 ,P1UHS1_1247 -> P1UDT716  ,
P1UDM2672   ,P1UHS1_1247 ,P1UHS1_1247 -> P1UDT716  ,
P1UDM2673   ,P1UHS1_1247 ,P1UHS1_1247 -> P1UDT716  ,
P1UDM2674   ,P1UHS1_1247 ,P1UHS1_1247 -> P1UDT716  ,
P1UDM2683   ,P1UHS1_1247 ,P1UHS1_1247 -> P1UDT716  ,
P1UDM2685   ,P1UHS1_1247 ,P1UHS1_1247 -> P1UDT716  ,
P1UDM2686   ,P1UHS1_1247 ,P1UHS1_1247 -> P1UDT716  ,
P1UDM2688   ,P1UHS1_1247 ,P1UHS1_1247 -> P1UDT716  ,
P1UDM2692   ,P1UHS1_1247 ,P1UHS1_1247 -> P1UDT716  ,
P1UDM2693   ,P1UHS1_1247 ,P1UHS1_1247 -> P1UDT716  ,
P1UDM2698   ,P1UHS1_1247 ,P1UHS1_1247 -> P1UDT716  ,
P1UDM2699   ,P1UHS1_1247 ,P1UHS1_1247 -> P1UDT716  ,
P1UDM2705   ,P1UHS1_1247 ,P1UHS1_1247 -> P1UDT1324 ,
P1UDM2706   ,P1UHS1_1247 ,P1UHS1_1247 -> P1UDT1324 ,
P1UDM2707   ,P1UHS1_1247 ,P1UHS1_1247 -> P1UDT1324 ,
P1UDM2708   ,P1UHS1_1247 ,P1UHS1_1247 -> P1UDT1324 ,
P1UDM2709   ,P1UHS1_1247 ,P1UHS1_1247 -> P1UDT1324 ,
P1UDM2713   ,P1UHS1_1247 ,P1UHS1_1247 -> P1UDT1324 ,
P1UDM2714   ,P1UHS1_1247 ,P1UHS1_1247 -> P1UDT1324 ,
P1UDM2715   ,P1UHS1_1247 ,P1UHS1_1247 -> P1UDT1324 ,
P1UDM2716   ,P1UHS1_1247 ,P1UHS1_1247 -> P1UDT1324 ,
P1UDM2717   ,P1UHS1_1247 ,P1UHS1_1247 -> P1UDT1324 ,
P1UDM2718   ,P1UHS1_1247 ,P1UHS1_1247 -> P1UDT1324 ,
P1UDM2719   ,P1UHS1_1247 ,P1UHS1_1247 -> P1UDT1324 ,
P1UDM2720   ,P1UHS1_1247 ,P1UHS1_1247 -> P1UDT1324 ,
P1UDM2721   ,P1UHS1_1247 ,P1UHS1_1247 -> P1UDT1324 ,
P1UDM2722   ,P1UHS1_1247 ,P1UHS1_1247 -> P1UDT1324 ,
P1UDM2723   ,P1UHS1_1247 ,P1UHS1_1247 -> P1UDT1324 ,
P1UDM2724   ,P1UHS1_1247 ,P1UHS1_1247 -> P1UDT1324 ,
P1UDM2725   ,P1UHS1_1247 ,P1UHS1_1247 -> P1UDT1324 ,
P1UDM2726   ,P1UHS1_1247 ,P1UHS1_1247 -> P1UDT1324 ,
P1UDM2727   ,P1UHS1_1247 ,P1UHS1_1247 -> P1UDT1324 ,
P1UDM2728   ,P1UHS1_1247 ,P1UHS1_1247 -> P1UDT1324 ,
P1UDM2734   ,P1UHS1_1247 ,P1UHS1_1247 -> P1UDT1324 ,
P1UDM2735   ,P1UHS1_1247 ,P1UHS1_1247 -> P1UDT1324 ,
P1UDM2736   ,P1UHS1_1247 ,P1UHS1_1247 -> P1UDT1324 ,
P1UDM2737   ,P1UHS1_1247 ,P1UHS1_1247 -> P1UDT1324 ,
P1UDM2738   ,P1UHS1_1247 ,P1UHS1_1247 -> P1UDT1324 ,
P1UDM2739   ,P1UHS1_1247 ,P1UHS1_1247 -> P1UDT1324 ,
P1UDM2741   ,P1UHS1_1247 ,P1UHS1_1247 -> P1UDT1324 ,
P1UDM2742   ,P1UHS1_1247 ,P1UHS1_1247 -> P1UDT1324 ,
P1UDM2750   ,P1UHS1_1247 ,P1UHS1_1247 -> P1UDT1324 ,
P1UDM2753   ,P1UHS1_1247 ,P1UHS1_1247 -> P1UDT1324 ,
P1UDM2755   ,P1UHS1_1247 ,P1UHS1_1247 -> P1UDT1324 ,
P1UDM2763   ,P1UHS2_1247 ,P1UHS2_1247 -> P1UDT813  ,
P1UDM2770   ,P1UHS2_1247 ,P1UHS2_1247 -> P1UDT813  ,
P1UDM2771   ,P1UHS2_1247 ,P1UHS2_1247 -> P1UDT813  ,
P1UDM2774   ,P1UHS1_1247 ,P1UHS1_1247 -> P1UDT716  ,
P1UDM2775   ,P1UHS1_1247 ,P1UHS1_1247 -> P1UDT716  ,
P1UDM2776   ,P1UHS1_1247 ,P1UHS1_1247 -> P1UDT716  ,
P1UDM2779   ,P1UHS1_1247 ,P1UHS1_1247 -> P1UDT716  ,
P1UDM2782   ,P1UHS1_1247 ,P1UHS1_1247 -> P1UDT716  ,
P1UDM2783   ,P1UHS1_1247 ,P1UHS1_1247 -> P1UDT716  ,
P1UDM2784   ,P1UHS1_1247 ,P1UHS1_1247 -> P1UDT716  ,
P1UDM2785   ,P1UHS1_1247 ,P1UHS1_1247 -> P1UDT716  ,
P1UDM2786   ,P1UHS1_1247 ,P1UHS1_1247 -> P1UDT716  ,
P1UDM2787   ,P1UHS1_1247 ,P1UHS1_1247 -> P1UDT716  ,
P1UDM2788   ,P1UHS1_1247 ,P1UHS1_1247 -> P1UDT716  ,
P1UDM2795   ,P1UHS1_1247 ,P1UHS1_1247 -> P1UDT716  ,
P1UDM2798   ,P1UHS1_1247 ,P1UHS1_1247 -> P1UDT716  ,
P1UDM2799   ,P1UHS1_1247 ,P1UHS1_1247 -> P1UDT716  ,
P1UDM2800   ,P1UHS1_1247 ,P1UHS1_1247 -> P1UDT716  ,
P1UDM2805   ,P1UHS1_1247 ,P1UHS1_1247 -> P1UDT716  ,
P1UDM2807   ,P1UHS1_1247 ,P1UHS1_1247 -> P1UDT716  ,
P1UDM2811   ,P1UHS1_1247 ,P1UHS1_1247 -> P1UDT716  ,
P1UDM2812   ,P1UHS1_1247 ,P1UHS1_1247 -> P1UDT716  ,
P1UDM2821   ,P1UHS1_1247 ,P1UHS1_1247 -> P1UDT716  ,
P1UDM2822   ,P1UHS1_1247 ,P1UHS1_1247 -> P1UDT716  ,
P1UDM2823   ,P1UHS1_1247 ,P1UHS1_1247 -> P1UDT716  ,
P1UDM2824   ,P1UHS1_1247 ,P1UHS1_1247 -> P1UDT716  ,
P1UDM2825   ,P1UHS1_1247 ,P1UHS1_1247 -> P1UDT716  ,
P1UDM2827   ,P1UHS1_1247 ,P1UHS1_1247 -> P1UDT716  ,
P1UDM2828   ,P1UHS1_1247 ,P1UHS1_1247 -> P1UDT716  ,
P1UDM2829   ,P1UHS1_1247 ,P1UHS1_1247 -> P1UDT716  ,
P1UDM2830   ,P1UHS1_1247 ,P1UHS1_1247 -> P1UDT716  ,
P1UDM2832   ,P1UHS1_1247 ,P1UHS1_1247 -> P1UDT716  ,
P1UDM2833   ,P1UHS1_1247 ,P1UHS1_1247 -> P1UDT716  ,
P1UDM2834   ,P1UHS1_1247 ,P1UHS1_1247 -> P1UDT716  ,
P1UDM2835   ,P1UHS1_1247 ,P1UHS1_1247 -> P1UDT716  ,
P1UDM2836   ,P1UHS1_1247 ,P1UHS1_1247 -> P1UDT716  ,
P1UDM2837   ,P1UHS1_1247 ,P1UHS1_1247 -> P1UDT716  ,
P1UDM2839   ,P1UHS1_1247 ,P1UHS1_1247 -> P1UDT716  ,
P1UDM2840   ,P1UHS1_1247 ,P1UHS1_1247 -> P1UDT716  ,
P1UDM2841   ,P1UHS1_1247 ,P1UHS1_1247 -> P1UDT716  ,
P1UDM2842   ,P1UHS1_1247 ,P1UHS1_1247 -> P1UDT716  ,
P1UDM2844   ,P1UHS1_1247 ,P1UHS1_1247 -> P1UDT716  ,
P1UDM2845   ,P1UHS1_1247 ,P1UHS1_1247 -> P1UDT716  ,
P1UDM2846   ,P1UHS1_1247 ,P1UHS1_1247 -> P1UDT716  ,
P1UDM2847   ,P1UHS1_1247 ,P1UHS1_1247 -> P1UDT716  ,
P1UDM2848   ,P1UHS1_1247 ,P1UHS1_1247 -> P1UDT716  ,
P1UDM2849   ,P1UHS1_1247 ,P1UHS1_1247 -> P1UDT716  ,
P1UDM2850   ,P1UHS1_1247 ,P1UHS1_1247 -> P1UDT716  ,
P1UDM2853   ,P1UHS1_1247 ,P1UHS1_1247 -> P1UDT716  ,
P1UDM2858   ,P1UHS1_1247 ,P1UHS1_1247 -> P1UDT716  ,
P1UDM2859   ,P1UHS1_1247 ,P1UHS1_1247 -> P1UDT716  ,
P1UDM2860   ,P1UHS1_1247 ,P1UHS1_1247 -> P1UDT716  ,
P1UDM2863   ,P1UHS1_1247 ,P1UHS1_1247 -> P1UDT716  ,
P1UDM2864   ,P1UHS1_1247 ,P1UHS1_1247 -> P1UDT716  ,
P1UDM2865   ,P1UHS1_1247 ,P1UHS1_1247 -> P1UDT716  ,
P1UDM2866   ,P1UHS1_1247 ,P1UHS1_1247 -> P1UDT716  ,
P1UDM2868   ,P1UHS1_1247 ,P1UHS1_1247 -> P1UDT1324 ,
P1UDM2869   ,P1UHS1_1247 ,P1UHS1_1247 -> P1UDT1324 ,
P1UDM2873   ,P1UHS1_1247 ,P1UHS1_1247 -> P1UDT716  ,
P1UDM2874   ,P1UHS1_1247 ,P1UHS1_1247 -> P1UDT716  ,
P1UDM2875   ,P1UHS1_1247 ,P1UHS1_1247 -> P1UDT716  ,
P1UDM2876   ,P1UHS1_1247 ,P1UHS1_1247 -> P1UDT716  ,
P1UDM2881   ,P1UHS1_1247 ,P1UHS1_1247 -> P1UDT1324 ,
P1UDM2882   ,P1UHS1_1247 ,P1UHS1_1247 -> P1UDT1324 ,
P1UDM2883   ,P1UHS1_1247 ,P1UHS1_1247 -> P1UDT1324 ,
P1UDM2884   ,P1UHS1_1247 ,P1UHS1_1247 -> P1UDT1324 ,
P1UDM2887   ,P1UHS1_1247 ,P1UHS1_1247 -> P1UDT1324 ,
P1UDM2889   ,P1UHS1_1247 ,P1UHS1_1247 -> P1UDT1324 ,
P1UDM2892   ,P1UHS1_1247 ,P1UHS1_1247 -> P1UDT1324 ,
P1UDM2893   ,P1UHS1_1247 ,P1UHS1_1247 -> P1UDT1324 ,
P1UDM2895   ,P1UHS1_1247 ,P1UHS1_1247 -> P1UDT1324 ,
P1UDM2896   ,P1UHS1_1247 ,P1UHS1_1247 -> P1UDT1324 ,
P1UDM2898   ,P1UHS1_1247 ,P1UHS1_1247 -> P1UDT1324 ,
P1UDM2899   ,P1UHS1_1247 ,P1UHS1_1247 -> P1UDT1324 ,
P1UDM2900   ,P1UHS1_1247 ,P1UHS1_1247 -> P1UDT1324 ,
P1UDM2901   ,P1UHS1_1247 ,P1UHS1_1247 -> P1UDT1324 ,
P1UDM2902   ,P1UHS1_1247 ,P1UHS1_1247 -> P1UDT1324 ,
P1UDM2903   ,P1UHS1_1247 ,P1UHS1_1247 -> P1UDT1324 ,
P1UDM2906   ,P1UHS1_1247 ,P1UHS1_1247 -> P1UDT1324 ,
P1UDM2907   ,P1UHS1_1247 ,P1UHS1_1247 -> P1UDT1324 ,
P1UDM2910   ,P1UHS1_1247 ,P1UHS1_1247 -> P1UDT1324 ,
P1UDM2911   ,P1UHS1_1247 ,P1UHS1_1247 -> P1UDT1324 ,
P1UDM2912   ,P1UHS1_1247 ,P1UHS1_1247 -> P1UDT1324 ,
P1UDM2913   ,P1UHS1_1247 ,P1UHS1_1247 -> P1UDT1324 ,
P1UDM2914   ,P1UHS1_1247 ,P1UHS1_1247 -> P1UDT1324 ,
P1UDM2915   ,P1UHS1_1247 ,P1UHS1_1247 -> P1UDT1324 ,
P1UDM2916   ,P1UHS1_1247 ,P1UHS1_1247 -> P1UDT1324 ,
P1UDM2917   ,P1UHS1_1247 ,P1UHS1_1247 -> P1UDT1324 ,
P1UDM2921   ,P1UHS1_1247 ,P1UHS1_1247 -> P1UDT1324 ,
P1UDM2922   ,P1UHS1_1247 ,P1UHS1_1247 -> P1UDT1324 ,
P1UDM2923   ,P1UHS1_1247 ,P1UHS1_1247 -> P1UDT1324 ,
P1UDM2927   ,P1UHS1_1247 ,P1UHS1_1247 -> P1UDT716  ,
P1UDM2928   ,P1UHS1_1247 ,P1UHS1_1247 -> P1UDT716  ,
P1UDM2929   ,P1UHS1_1247 ,P1UHS1_1247 -> P1UDT716  ,
P1UDM2931   ,P1UHS1_1247 ,P1UHS1_1247 -> P1UDT716  ,
P1UDM2932   ,P1UHS1_1247 ,P1UHS1_1247 -> P1UDT716  ,
P1UDM2933   ,P1UHS1_1247 ,P1UHS1_1247 -> P1UDT716  ,
P1UDM2934   ,P1UHS1_1247 ,P1UHS1_1247 -> P1UDT716  ,
P1UDM2935   ,P1UHS1_1247 ,P1UHS1_1247 -> P1UDT716  ,
P1UDM2937   ,P1UHS1_1247 ,P1UHS1_1247 -> P1UDT716  ,
P1UDM2938   ,P1UHS1_1247 ,P1UHS1_1247 -> P1UDT716  ,
P1UDM2940   ,P1UHS1_1247 ,P1UHS1_1247 -> P1UDT716  ,
P1UDM2942   ,P1UHS1_1247 ,P1UHS1_1247 -> P1UDT716  ,
P1UDM2943   ,P1UHS1_1247 ,P1UHS1_1247 -> P1UDT716  ,
P1UDM2944   ,P1UHS1_1247 ,P1UHS1_1247 -> P1UDT716  ,
P1UDM2946   ,P1UHS1_1247 ,P1UHS1_1247 -> P1UDT716  ,
P1UDM2947   ,P1UHS1_1247 ,P1UHS1_1247 -> P1UDT716  ,
P1UDM2948   ,P1UHS1_1247 ,P1UHS1_1247 -> P1UDT716  ,
P1UDM2950   ,P1UHS1_1247 ,P1UHS1_1247 -> P1UDT716  ,
P1UDM2951   ,P1UHS1_1247 ,P1UHS1_1247 -> P1UDT716  ,
P1UDM2952   ,P1UHS1_1247 ,P1UHS1_1247 -> P1UDT716  ,
P1UDM2953   ,P1UHS1_1247 ,P1UHS1_1247 -> P1UDT716  ,
P1UDM2954   ,P1UHS1_1247 ,P1UHS1_1247 -> P1UDT716  ,
P1UDM2955   ,P1UHS1_1247 ,P1UHS1_1247 -> P1UDT716  ,
P1UDM2956   ,P1UHS1_1247 ,P1UHS1_1247 -> P1UDT716  ,
P1UDM2957   ,P1UHS1_1247 ,P1UHS1_1247 -> P1UDT716  ,
P1UDM2958   ,P1UHS1_1247 ,P1UHS1_1247 -> P1UDT716  ,
P1UDM2959   ,P1UHS1_1247 ,P1UHS1_1247 -> P1UDT716  ,
P1UDM2960   ,P1UHS1_1247 ,P1UHS1_1247 -> P1UDT716  ,
P1UDM2961   ,P1UHS1_1247 ,P1UHS1_1247 -> P1UDT716  ,
P1UDM2965   ,P1UHS1_1247 ,P1UHS1_1247 -> P1UDT716  ,
P1UDM2966   ,P1UHS1_1247 ,P1UHS1_1247 -> P1UDT716  ,
P1UDM2967   ,P1UHS1_1247 ,P1UHS1_1247 -> P1UDT716  ,
P1UDM2968   ,P1UHS1_1247 ,P1UHS1_1247 -> P1UDT716  ,
P1UDM2970   ,P1UHS1_1247 ,P1UHS1_1247 -> P1UDT716  ,
P1UDM2972   ,P1UHS1_1247 ,P1UHS1_1247 -> P1UDT716  ,
P1UDM2973   ,P1UHS1_1247 ,P1UHS1_1247 -> P1UDT716  ,
P1UDM2974   ,P1UHS1_1247 ,P1UHS1_1247 -> P1UDT716  ,
P1UDM2975   ,P1UHS1_1247 ,P1UHS1_1247 -> P1UDT716  ,
P1UDM2977   ,P1UHS1_1247 ,P1UHS1_1247 -> P1UDT716  ,
P1UDM2978   ,P1UHS1_1247 ,P1UHS1_1247 -> P1UDT716  ,
P1UDM2979   ,P1UHS1_1247 ,P1UHS1_1247 -> P1UDT716  ,
P1UDM2980   ,P1UHS1_1247 ,P1UHS1_1247 -> P1UDT716  ,
P1UDM2981   ,P1UHS1_1247 ,P1UHS1_1247 -> P1UDT716  ,
P1UDM2982   ,P1UHS1_1247 ,P1UHS1_1247 -> P1UDT716  ,
P1UDM2990   ,P1UHS1_1247 ,P1UHS1_1247 -> P1UDT716  ,
P1UDM2991   ,P1UHS1_1247 ,P1UHS1_1247 -> P1UDT716  ,
P1UDM2992   ,P1UHS1_1247 ,P1UHS1_1247 -> P1UDT716  ,
P1UDM2993   ,P1UHS1_1247 ,P1UHS1_1247 -> P1UDT716  ,
P1UDM2994   ,P1UHS1_1247 ,P1UHS1_1247 -> P1UDT716  ,
P1UDM2995   ,P1UHS1_1247 ,P1UHS1_1247 -> P1UDT716  ,
P1UDM2996   ,P1UHS1_1247 ,P1UHS1_1247 -> P1UDT716  ,
P1UDM2997   ,P1UHS1_1247 ,P1UHS1_1247 -> P1UDT716  ,
P1UDM2998   ,P1UHS1_1247 ,P1UHS1_1247 -> P1UDT716  ,
P1UDM2999   ,P1UHS1_1247 ,P1UHS1_1247 -> P1UDT716  ,
P1UDM3002   ,P1UHS1_1247 ,P1UHS1_1247 -> P1UDT716  ,
P1UDM3003   ,P1UHS1_1247 ,P1UHS1_1247 -> P1UDT716  ,
P1UDM3004   ,P1UHS1_1247 ,P1UHS1_1247 -> P1UDT716  ,
P1UDM3006   ,P1UHS1_1247 ,P1UHS1_1247 -> P1UDT716  ,
P1UDM3007   ,P1UHS1_1247 ,P1UHS1_1247 -> P1UDT716  ,
P1UDM3008   ,P1UHS1_1247 ,P1UHS1_1247 -> P1UDT716  ,
P1UDM3009   ,P1UHS1_1247 ,P1UHS1_1247 -> P1UDT716  ,
P1UDM3011   ,P1UHS1_1247 ,P1UHS1_1247 -> P1UDT716  ,
P1UDM3012   ,P1UHS1_1247 ,P1UHS1_1247 -> P1UDT716  ,
P1UDM3017   ,P1UHS1_1247 ,P1UHS1_1247 -> P1UDT716  ,
P1UDM3019   ,P1UHS1_1247 ,P1UHS1_1247 -> P1UDT716  ,
P1UDM3022   ,P1UHS1_1247 ,P1UHS1_1247 -> P1UDT716  ,
P1UDM3024   ,P1UHS1_1247 ,P1UHS1_1247 -> P1UDT716  ,
P1UDM3025   ,P1UHS1_1247 ,P1UHS1_1247 -> P1UDT716  ,
P1UDM3027   ,P1UHS1_1247 ,P1UHS1_1247 -> P1UDT1324 ,
P1UDM3028   ,P1UHS1_1247 ,P1UHS1_1247 -> P1UDT1324 ,
P1UDM3030   ,P1UHS1_1247 ,P1UHS1_1247 -> P1UDT1324 ,
P1UDM3037   ,P1UHS1_1247 ,P1UHS1_1247 -> P1UDT1324 ,
P1UDM3038   ,P1UHS1_1247 ,P1UHS1_1247 -> P1UDT1324 ,
P1UDM3045   ,P1UHS1_1247 ,P1UHS1_1247 -> P1UDT1324 ,
P1UDM3047   ,P1UHS1_1247 ,P1UHS1_1247 -> P1UDT1324 ,
P1UDM3049   ,P1UHS1_1247 ,P1UHS1_1247 -> P1UDT1324 ,
P1UDM3051   ,P1UHS1_1247 ,P1UHS1_1247 -> P1UDT1324 ,
P1UDM3053   ,P1UHS1_1247 ,P1UHS1_1247 -> P1UDT1324 ,
P1UDM3055   ,P1UHS1_1247 ,P1UHS1_1247 -> P1UDT1324 ,
P1UDM3057   ,P1UHS1_1247 ,P1UHS1_1247 -> P1UDT1324 ,
P1UDM3059   ,P1UHS1_1247 ,P1UHS1_1247 -> P1UDT1324 ,
P1UDM3060   ,P1UHS1_1247 ,P1UHS1_1247 -> P1UDT1324 ,
P1UDM3062   ,P1UHS1_1247 ,P1UHS1_1247 -> P1UDT1324 ,
P1UDM3063   ,P1UHS1_1247 ,P1UHS1_1247 -> P1UDT1324 ,
P1UDM3064   ,P1UHS1_1247 ,P1UHS1_1247 -> P1UDT1324 ,
P1UDM3067   ,P1UHS1_1247 ,P1UHS1_1247 -> P1UDT1324 ,
P1UDM3068   ,P1UHS1_1247 ,P1UHS1_1247 -> P1UDT1324 ,
P1UDM3069   ,P1UHS1_1247 ,P1UHS1_1247 -> P1UDT716  ,
P1UDM3070   ,P1UHS1_1247 ,P1UHS1_1247 -> P1UDT716  ,
P1UDM3071   ,P1UHS1_1247 ,P1UHS1_1247 -> P1UDT716  ,
P1UDM3072   ,P1UHS1_1247 ,P1UHS1_1247 -> P1UDT716  ,
P1UDM3074   ,P1UHS1_1247 ,P1UHS1_1247 -> P1UDT716  ,
P1UDM3075   ,P1UHS1_1247 ,P1UHS1_1247 -> P1UDT716  ,
P1UDM3076   ,P1UHS1_1247 ,P1UHS1_1247 -> P1UDT716  ,
P1UDM3077   ,P1UHS1_1247 ,P1UHS1_1247 -> P1UDT716  ,
P1UDM3078   ,P1UHS1_1247 ,P1UHS1_1247 -> P1UDT716  ,
P1UDM3080   ,P1UHS1_1247 ,P1UHS1_1247 -> P1UDT716  ,
P1UDM3081   ,P1UHS1_1247 ,P1UHS1_1247 -> P1UDT716  ,
P1UDM3083   ,P1UHS1_1247 ,P1UHS1_1247 -> P1UDT716  ,
P1UDM3088   ,P1UHS1_1247 ,P1UHS1_1247 -> P1UDT716  ,
P1UDM3091   ,P1UHS1_1247 ,P1UHS1_1247 -> P1UDT716  ,
P1UDM3092   ,P1UHS1_1247 ,P1UHS1_1247 -> P1UDT716  ,
P1UDM3093   ,P1UHS1_1247 ,P1UHS1_1247 -> P1UDT716  ,
P1UDM3095   ,P1UHS1_1247 ,P1UHS1_1247 -> P1UDT716  ,
P1UDM3096   ,P1UHS1_1247 ,P1UHS1_1247 -> P1UDT716  ,
P1UDM3098   ,P1UHS1_1247 ,P1UHS1_1247 -> P1UDT716  ,
P1UDM3099   ,P1UHS1_1247 ,P1UHS1_1247 -> P1UDT716  ,
P1UDM3101   ,P1UHS1_1247 ,P1UHS1_1247 -> P1UDT1324 ,
P1UDM3102   ,P1UHS1_1247 ,P1UHS1_1247 -> P1UDT1324 ,
P1UDM3104   ,P1UHS1_1247 ,P1UHS1_1247 -> P1UDT716  ,
P1UDM3105   ,P1UHS1_1247 ,P1UHS1_1247 -> P1UDT716  ,
P1UDM3106   ,P1UHS1_1247 ,P1UHS1_1247 -> P1UDT716  ,
P1UDM3107   ,P1UHS1_1247 ,P1UHS1_1247 -> P1UDT716  ,
P1UDM3108   ,P1UHS1_1247 ,P1UHS1_1247 -> P1UDT1324 ,
P1UDM3109   ,P1UHS1_1247 ,P1UHS1_1247 -> P1UDT1324 ,
P1UDM3110   ,P1UHS1_1247 ,P1UHS1_1247 -> P1UDT1324 ,
P1UDM3111   ,P1UHS1_1247 ,P1UHS1_1247 -> P1UDT1324 ,
P1UDM3112   ,P1UHS1_1247 ,P1UHS1_1247 -> P1UDT716  ,
P1UDM3113   ,P1UHS1_1247 ,P1UHS1_1247 -> P1UDT716  ,
P1UDM3114   ,P1UHS1_1247 ,P1UHS1_1247 -> P1UDT716  ,
P1UDM3115   ,P1UHS1_1247 ,P1UHS1_1247 -> P1UDT716  ,
P1UDM3117   ,P1UHS1_1247 ,P1UHS1_1247 -> P1UDT716  ,
P1UDM3120   ,P1UHS1_1247 ,P1UHS1_1247 -> P1UDT1324 ,
P1UDM3121   ,P1UHS1_1247 ,P1UHS1_1247 -> P1UDT1324 ,
P1UDM3125   ,P1UHS1_1247 ,P1UHS1_1247 -> P1UDT1324 ,
P1UDM3127   ,P1UHS1_1247 ,P1UHS1_1247 -> P1UDT1324 ,
P1UDM3128   ,P1UHS1_1247 ,P1UHS1_1247 -> P1UDT1324 ,
P1UDM3129   ,P1UHS1_1247 ,P1UHS1_1247 -> P1UDT1324 ,
P1UDM3130   ,P1UHS1_1247 ,P1UHS1_1247 -> P1UDT1324 ,
P1UDM3133   ,P1UHS1_1247 ,P1UHS1_1247 -> P1UDT1324 ,
P1UDM3134   ,P1UHS1_1247 ,P1UHS1_1247 -> P1UDT1324 ,
P1UDM3135   ,P1UHS1_1247 ,P1UHS1_1247 -> P1UDT1324 ,
P1UDM3136   ,P1UHS1_1247 ,P1UHS1_1247 -> P1UDT1324 ,
P1UDM3139   ,P1UHS1_1247 ,P1UHS1_1247 -> P1UDT1324 ,
P1UDM3140   ,P1UHS1_1247 ,P1UHS1_1247 -> P1UDT1324 ,
P1UDM3142   ,P1UHS1_1247 ,P1UHS1_1247 -> P1UDT1324 ,
P1UDM3143   ,P1UHS1_1247 ,P1UHS1_1247 -> P1UDT1324 ,
P1UDM3144   ,P1UHS1_1247 ,P1UHS1_1247 -> P1UDT1324 ,
P1UDM3147   ,P1UHS1_1247 ,P1UHS1_1247 -> P1UDT1324 ,
P1UDM3149   ,P1UHS1_1247 ,P1UHS1_1247 -> P1UDT1324 ,
P1UDM3150   ,P1UHS1_1247 ,P1UHS1_1247 -> P1UDT1324 ,
P1UDM3151   ,P1UHS1_1247 ,P1UHS1_1247 -> P1UDT1324 ,
P1UDM3154   ,P1UHS1_1247 ,P1UHS1_1247 -> P1UDT1324 ,
P1UDM3155   ,P1UHS1_1247 ,P1UHS1_1247 -> P1UDT1324 ,
P1UDM3156   ,P1UHS1_1247 ,P1UHS1_1247 -> P1UDT1324 ,
P1UDM3158   ,P1UHS1_1247 ,P1UHS1_1247 -> P1UDT1324 ,
P1UDM3159   ,P1UHS1_1247 ,P1UHS1_1247 -> P1UDT1324 ,
P1UDM3160   ,P1UHS1_1247 ,P1UHS1_1247 -> P1UDT1324 ,
P1UDM3161   ,P1UHS1_1247 ,P1UHS1_1247 -> P1UDT1324 ,
P1UDM3162   ,P1UHS1_1247 ,P1UHS1_1247 -> P1UDT1324 ,
P1UDM3163   ,P1UHS1_1247 ,P1UHS1_1247 -> P1UDT1324 ,
P1UDM3164   ,P1UHS1_1247 ,P1UHS1_1247 -> P1UDT1324 ,
P1UDM3168   ,P1UHS1_1247 ,P1UHS1_1247 -> P1UDT1324 ,
P1UDM3169   ,P1UHS1_1247 ,P1UHS1_1247 -> P1UDT1324 ,
P1UDM3170   ,P1UHS1_1247 ,P1UHS1_1247 -> P1UDT1324 ,
P1UDM3171   ,P1UHS1_1247 ,P1UHS1_1247 -> P1UDT1324 ,
P1UDM3172   ,P1UHS1_1247 ,P1UHS1_1247 -> P1UDT1324 ,
P1UDM3175   ,P1UHS1_1247 ,P1UHS1_1247 -> P1UDT1324 ,
P1UDM3176   ,P1UHS1_1247 ,P1UHS1_1247 -> P1UDT1324 ,
P1UDM3177   ,P1UHS1_1247 ,P1UHS1_1247 -> P1UDT1324 ,
P1UDM3178   ,P1UHS1_1247 ,P1UHS1_1247 -> P1UDT1324 ,
P1UDM3180   ,P1UHS1_1247 ,P1UHS1_1247 -> P1UDT716  ,
P1UDM3181   ,P1UHS1_1247 ,P1UHS1_1247 -> P1UDT716  ,
P1UDM3184   ,P1UHS1_1247 ,P1UHS1_1247 -> P1UDT716  ,
P1UDM3185   ,P1UHS1_1247 ,P1UHS1_1247 -> P1UDT716  ,
P1UDM3186   ,P1UHS1_1247 ,P1UHS1_1247 -> P1UDT716  ,
P1UDM3187   ,P1UHS1_1247 ,P1UHS1_1247 -> P1UDT716  ,
P1UDM3188   ,P1UHS1_1247 ,P1UHS1_1247 -> P1UDT716  ,
P1UDM3189   ,P1UHS1_1247 ,P1UHS1_1247 -> P1UDT716  ,
P1UDM3190   ,P1UHS1_1247 ,P1UHS1_1247 -> P1UDT716  ,
P1UDM3191   ,P1UHS1_1247 ,P1UHS1_1247 -> P1UDT716  ,
P1UDM3192   ,P1UHS1_1247 ,P1UHS1_1247 -> P1UDT716  ,
P1UDM3193   ,P1UHS1_1247 ,P1UHS1_1247 -> P1UDT716  ,
P1UDM3195   ,P1UHS1_1247 ,P1UHS1_1247 -> P1UDT716  ,
P1UDM3196   ,P1UHS1_1247 ,P1UHS1_1247 -> P1UDT716  ,
P1UDM3197   ,P1UHS1_1247 ,P1UHS1_1247 -> P1UDT716  ,
P1UDM3198   ,P1UHS1_1247 ,P1UHS1_1247 -> P1UDT716  ,
P1UDM3200   ,P1UHS1_1247 ,P1UHS1_1247 -> P1UDT716  ,
P1UDM3201   ,P1UHS1_1247 ,P1UHS1_1247 -> P1UDT716  ,
P1UDM3203   ,P1UHS1_1247 ,P1UHS1_1247 -> P1UDT716  ,
P1UDM3204   ,P1UHS1_1247 ,P1UHS1_1247 -> P1UDT716  ,
P1UDM3205   ,P1UHS1_1247 ,P1UHS1_1247 -> P1UDT716  ,
P1UDM3207   ,P1UHS1_1247 ,P1UHS1_1247 -> P1UDT716  ,
P1UDM3212   ,P1UHS1_1247 ,P1UHS1_1247 -> P1UDT716  ,
P1UDM3214   ,P1UHS1_1247 ,P1UHS1_1247 -> P1UDT716  ,
P1UDM3215   ,P1UHS1_1247 ,P1UHS1_1247 -> P1UDT716  ,
P1UDM3216   ,P1UHS1_1247 ,P1UHS1_1247 -> P1UDT716  ,
P1UDM3218   ,P1UHS1_1247 ,P1UHS1_1247 -> P1UDT716  ,
P1UDM3219   ,P1UHS1_1247 ,P1UHS1_1247 -> P1UDT716  ,
P1UDM3220   ,P1UHS1_1247 ,P1UHS1_1247 -> P1UDT716  ,
P1UDM3221   ,P1UHS1_1247 ,P1UHS1_1247 -> P1UDT716  ,
P1UDM3226   ,P1UHS1_1247 ,P1UHS1_1247 -> P1UDT716  ,
P1UDM3230   ,P1UHS1_1247 ,P1UHS1_1247 -> P1UDT716  ,
P1UDM3231   ,P1UHS1_1247 ,P1UHS1_1247 -> P1UDT716  ,
P1UDM3232   ,P1UHS1_1247 ,P1UHS1_1247 -> P1UDT716  ,
P1UDM3234   ,P1UHS1_1247 ,P1UHS1_1247 -> P1UDT716  ,
P1UDM3236   ,P1UHS1_1247 ,P1UHS1_1247 -> P1UDT1324 ,
P1UDM3237   ,P1UHS1_1247 ,P1UHS1_1247 -> P1UDT1324 ,
P1UDM3239   ,P1UHS1_1247 ,P1UHS1_1247 -> P1UDT1324 ,
P1UDM3240   ,P1UHS1_1247 ,P1UHS1_1247 -> P1UDT1324 ,
P1UDM3245   ,P1UHS1_1247 ,P1UHS1_1247 -> P1UDT1324 ,
P1UDM3246   ,P1UHS1_1247 ,P1UHS1_1247 -> P1UDT1324 ,
P1UDM3247   ,P1UHS1_1247 ,P1UHS1_1247 -> P1UDT1324 ,
P1UDM3249   ,P1UHS1_1247 ,P1UHS1_1247 -> P1UDT1324 ,
P1UDM3250   ,P1UHS1_1247 ,P1UHS1_1247 -> P1UDT1324 ,
P1UDM3251   ,P1UHS1_1247 ,P1UHS1_1247 -> P1UDT1324 ,
P1UDM3252   ,P1UHS1_1247 ,P1UHS1_1247 -> P1UDT1324 ,
P1UDM3253   ,P1UHS1_1247 ,P1UHS1_1247 -> P1UDT1324 ,
P1UDM3254   ,P1UHS1_1247 ,P1UHS1_1247 -> P1UDT1324 ,
P1UDM3255   ,P1UHS1_1247 ,P1UHS1_1247 -> P1UDT1324 ,
P1UDM3256   ,P1UHS1_1247 ,P1UHS1_1247 -> P1UDT1324 ,
P1UDM3257   ,P1UHS1_1247 ,P1UHS1_1247 -> P1UDT1324 ,
P1UDM3259   ,P1UHS1_1247 ,P1UHS1_1247 -> P1UDT1324 ,
P1UDM3262   ,P1UHS1_1247 ,P1UHS1_1247 -> P1UDT1324 ,
P1UDM3263   ,P1UHS1_1247 ,P1UHS1_1247 -> P1UDT1324 ,
P1UDM3266   ,P1UHS1_1247 ,P1UHS1_1247 -> P1UDT1324 ,
P1UDM3267   ,P1UHS1_1247 ,P1UHS1_1247 -> P1UDT1324 ,
P1UDM3268   ,P1UHS1_1247 ,P1UHS1_1247 -> P1UDT1324 ,
P1UDM3271   ,P1UHS1_1247 ,P1UHS1_1247 -> P1UDT1324 ,
P1UDM3272   ,P1UHS1_1247 ,P1UHS1_1247 -> P1UDT1324 ,
P1UDM3273   ,P1UHS1_1247 ,P1UHS1_1247 -> P1UDT1324 ,
P1UDM3274   ,P1UHS1_1247 ,P1UHS1_1247 -> P1UDT1324 ,
P1UDM3275   ,P1UHS1_1247 ,P1UHS1_1247 -> P1UDT1324 ,
P1UDM3276   ,P1UHS1_1247 ,P1UHS1_1247 -> P1UDT1324 ,
P1UDM3280   ,P1UHS1_1247 ,P1UHS1_1247 -> P1UDT1324 ,
P1UDM3281   ,P1UHS1_1247 ,P1UHS1_1247 -> P1UDT1324 ,
P1UDM3282   ,P1UHS1_1247 ,P1UHS1_1247 -> P1UDT1324 ,
P1UDM3283   ,P1UHS1_1247 ,P1UHS1_1247 -> P1UDT1324 ,
P1UDM3285   ,P1UHS1_1247 ,P1UHS1_1247 -> P1UDT716  ,
P1UDM3286   ,P1UHS1_1247 ,P1UHS1_1247 -> P1UDT716  ,
P1UDM3288   ,P1UHS1_1247 ,P1UHS1_1247 -> P1UDT716  ,
P1UDM3289   ,P1UHS1_1247 ,P1UHS1_1247 -> P1UDT716  ,
P1UDM3291   ,P1UHS1_1247 ,P1UHS1_1247 -> P1UDT716  ,
P1UDM3296   ,P1UHS1_1247 ,P1UHS1_1247 -> P1UDT1324 ,
P1UDM3300   ,P1UHS1_1247 ,P1UHS1_1247 -> P1UDT1324 ,
P1UDM3301   ,P1UHS1_1247 ,P1UHS1_1247 -> P1UDT1324 ,
P1UDM3308   ,P1UHS1_1247 ,P1UHS1_1247 -> P1UDT716  ,
P1UDM3309   ,P1UHS1_1247 ,P1UHS1_1247 -> P1UDT716  ,
P1UDM3310   ,P1UHS1_1247 ,P1UHS1_1247 -> P1UDT716  ,
P1UDM3313   ,P1UHS1_1247 ,P1UHS1_1247 -> P1UDT716  ,
P1UDM3316   ,P1UHS1_1247 ,P1UHS1_1247 -> P1UDT716  ,
P1UDM3317   ,P1UHS1_1247 ,P1UHS1_1247 -> P1UDT716  ,
P1UDM3318   ,P1UHS1_1247 ,P1UHS1_1247 -> P1UDT716  ,
P1UDM3319   ,P1UHS1_1247 ,P1UHS1_1247 -> P1UDT716  ,
P1UDM3324   ,P1UHS1_1247 ,P1UHS1_1247 -> P1UDT716  ,
P1UDM3326   ,P1UHS1_1247 ,P1UHS1_1247 -> P1UDT716  ,
P1UDM3327   ,P1UHS1_1247 ,P1UHS1_1247 -> P1UDT716  ,
P1UDM3329   ,P1UHS1_1247 ,P1UHS1_1247 -> P1UDT716  ,
P1UDM3332   ,P1UHS1_1247 ,P1UHS1_1247 -> P1UDT716  ,
P1UDM3334   ,P1UHS1_1247 ,P1UHS1_1247 -> P1UDT716  ,
P1UDM3335   ,P1UHS1_1247 ,P1UHS1_1247 -> P1UDT716  ,
P1UDM3337   ,P1UHS1_1247 ,P1UHS1_1247 -> P1UDT1324 ,
P1UDM3339   ,P1UHS1_1247 ,P1UHS1_1247 -> P1UDT1324 ,
P1UDM3340   ,P1UHS1_1247 ,P1UHS1_1247 -> P1UDT1324 ,
P1UDM3341   ,P1UHS1_1247 ,P1UHS1_1247 -> P1UDT1324 ,
P1UDM3343   ,P1UHS1_1247 ,P1UHS1_1247 -> P1UDT1324 ,
P1UDM3345   ,P1UHS1_1247 ,P1UHS1_1247 -> P1UDT716  ,
P1UDM3346   ,P1UHS1_1247 ,P1UHS1_1247 -> P1UDT716  ,
P1UDM3348   ,P1UHS1_1247 ,P1UHS1_1247 -> P1UDT716  ,
P1UDM3352   ,P1UHS1_1247 ,P1UHS1_1247 -> P1UDT716  ,
P1UDM3353   ,P1UHS1_1247 ,P1UHS1_1247 -> P1UDT716  ,
P1UDM3354   ,P1UHS1_1247 ,P1UHS1_1247 -> P1UDT716  ,
P1UDM3355   ,P1UHS1_1247 ,P1UHS1_1247 -> P1UDT716  ,
P1UDM3357   ,P1UHS1_1247 ,P1UHS1_1247 -> P1UDT716  ,
P1UDM3358   ,P1UHS1_1247 ,P1UHS1_1247 -> P1UDT716  ,
P1UDM3361   ,P1UHS1_1247 ,P1UHS1_1247 -> P1UDT716  ,
P1UDM3364   ,P1UHS1_1247 ,P1UHS1_1247 -> P1UDT716  ,
P1UDM3367   ,P1UHS1_1247 ,P1UHS1_1247 -> P1UDT1324 ,
P1UDM3369   ,P1UHS1_1247 ,P1UHS1_1247 -> P1UDT1324 ,
P1UDM3370   ,P1UHS1_1247 ,P1UHS1_1247 -> P1UDT1324 ,
P1UDM3371   ,P1UHS1_1247 ,P1UHS1_1247 -> P1UDT1324 ,
P1UDM3372   ,P1UHS1_1247 ,P1UHS1_1247 -> P1UDT1324 ,
P1UDM3373   ,P1UHS1_1247 ,P1UHS1_1247 -> P1UDT716  ,
P1UDM3374   ,P1UHS1_1247 ,P1UHS1_1247 -> P1UDT716  ,
P1UDM3376   ,P1UHS1_1247 ,P1UHS1_1247 -> P1UDT716  ,
P1UDM3377   ,P1UHS1_1247 ,P1UHS1_1247 -> P1UDT716  ,
P1UDM3383   ,P1UHS1_1247 ,P1UHS1_1247 -> P1UDT1324 ,
P1UDM3384   ,P1UHS1_1247 ,P1UHS1_1247 -> P1UDT1324 ,
P1UDM3387   ,P1UHS1_1247 ,P1UHS1_1247 -> P1UDT1324 ,
P1UDM3393   ,P1UHS1_1247 ,P1UHS1_1247 -> P1UDT1324 ,
P1UDM3394   ,P1UHS1_1247 ,P1UHS1_1247 -> P1UDT1324 ,
P1UDM3395   ,P1UHS1_1247 ,P1UHS1_1247 -> P1UDT1324 ,
P1UDM3402   ,P1UHS1_1247 ,P1UHS1_1247 -> P1UDT1324 ,
P1UDM3403   ,P1UHS1_1247 ,P1UHS1_1247 -> P1UDT1324 ,
P1UDM3404   ,P1UHS1_1247 ,P1UHS1_1247 -> P1UDT1324 ,
P1UDM3407   ,P1UHS1_1247 ,P1UHS1_1247 -> P1UDT1324 ,
P1UDM3411   ,P1UHS1_1247 ,P1UHS1_1247 -> P1UDT1324 ,
P1UDM3412   ,P1UHS1_1247 ,P1UHS1_1247 -> P1UDT1324 ,
P1UDM3413   ,P1UHS1_1247 ,P1UHS1_1247 -> P1UDT1324 ,
P1UDM3414   ,P1UHS1_1247 ,P1UHS1_1247 -> P1UDT1324 ,
P1UDM3418   ,P1UHS1_1247 ,P1UHS1_1247 -> P1UDT1324 ,
P1UDM3419   ,P1UHS1_1247 ,P1UHS1_1247 -> P1UDT1324 ,
P1UDM3420   ,P1UHS1_1247 ,P1UHS1_1247 -> P1UDT1324 ,
P1UDM3421   ,P1UHS1_1247 ,P1UHS1_1247 -> P1UDT1324 ,
P1UDM3422   ,P1UHS1_1247 ,P1UHS1_1247 -> P1UDT1324 ,
P1UDM3423   ,P1UHS1_1247 ,P1UHS1_1247 -> P1UDT1324 ,
P1UDM3426   ,P1UHS1_1247 ,P1UHS1_1247 -> P1UDT1324 ,
P1UDM3427   ,P1UHS1_1247 ,P1UHS1_1247 -> P1UDT1324 ,
P1UDM3428   ,P1UHS1_1247 ,P1UHS1_1247 -> P1UDT1324 ,
P1UDM3432   ,P1UHS1_1247 ,P1UHS1_1247 -> P1UDT1324 ,
P1UDM3433   ,P1UHS1_1247 ,P1UHS1_1247 -> P1UDT1324 ,
P1UDM3434   ,P1UHS1_1247 ,P1UHS1_1247 -> P1UDT1324 ,
P1UDM3435   ,P1UHS1_1247 ,P1UHS1_1247 -> P1UDT1324 ,
P1UDM3439   ,P1UHS1_1247 ,P1UHS1_1247 -> P1UDT1324 ,
P1UDM3443   ,P1UHS1_1247 ,P1UHS1_1247 -> P1UDT1324 ,
P1UDM3444   ,P1UHS1_1247 ,P1UHS1_1247 -> P1UDT1324 ,
P1UDM3445   ,P1UHS1_1247 ,P1UHS1_1247 -> P1UDT1324 ,
P1UDM3446   ,P1UHS1_1247 ,P1UHS1_1247 -> P1UDT1324 ,
P1UDM3447   ,P1UHS1_1247 ,P1UHS1_1247 -> P1UDT1324 ,
P1UDM3452   ,P1UHS1_1247 ,P1UHS1_1247 -> P1UDT1324 ,
P1UDM3456   ,P1UHS1_1247 ,P1UHS1_1247 -> P1UDT1324 ,
P1UDM3457   ,P1UHS1_1247 ,P1UHS1_1247 -> P1UDT1324 ,
P1UDM3458   ,P1UHS1_1247 ,P1UHS1_1247 -> P1UDT1324 ,
P1UDM3461   ,P1UHS1_1247 ,P1UHS1_1247 -> P1UDT1324 ,
P1UDM3463   ,P1UHS1_1247 ,P1UHS1_1247 -> P1UDT1324 ,
P1UDM3470   ,P1UHS1_1247 ,P1UHS1_1247 -> P1UDT1324 ,
P1UDM3471   ,P1UHS1_1247 ,P1UHS1_1247 -> P1UDT1324 ,
P1UDM3473   ,P1UHS1_1247 ,P1UHS1_1247 -> P1UDT1324 ,
P1UDM3479   ,P1UHS1_1247 ,P1UHS1_1247 -> P1UDT1324 ,
P1UDM3480   ,P1UHS1_1247 ,P1UHS1_1247 -> P1UDT1324 ,
P1UDM3481   ,P1UHS1_1247 ,P1UHS1_1247 -> P1UDT1324 ,
P1UDM3482   ,P1UHS1_1247 ,P1UHS1_1247 -> P1UDT1324 ,
P1UDM3483   ,P1UHS1_1247 ,P1UHS1_1247 -> P1UDT1324 ,
P1UDM3484   ,P1UHS1_1247 ,P1UHS1_1247 -> P1UDT1324 ,
P1UDM3485   ,P1UHS1_1247 ,P1UHS1_1247 -> P1UDT1324 ,
P1UDM3491   ,P1UHS1_1247 ,P1UHS1_1247 -> P1UDT1324 ,
P1UDM3494   ,P1UHS1_1247 ,P1UHS1_1247 -> P1UDT1324 ,
P1UDM3495   ,P1UHS1_1247 ,P1UHS1_1247 -> P1UDT1324 ,
P1UDM3496   ,P1UHS1_1247 ,P1UHS1_1247 -> P1UDT1324 ,
P1UDM3497   ,P1UHS1_1247 ,P1UHS1_1247 -> P1UDT1324 ,
P1UDM3499   ,P1UHS1_1247 ,P1UHS1_1247 -> P1UDT1324 ,
P1UDM3500   ,P1UHS1_1247 ,P1UHS1_1247 -> P1UDT1324 ,
P1UDM3501   ,P1UHS1_1247 ,P1UHS1_1247 -> P1UDT1324 ,
P1UDM3502   ,P1UHS1_1247 ,P1UHS1_1247 -> P1UDT1324 ,
P1UDM3506   ,P1UHS1_1247 ,P1UHS1_1247 -> P1UDT1324 ,
P1UDM3511   ,P1UHS1_1247 ,P1UHS1_1247 -> P1UDT1324 ,
P1UDM3512   ,P1UHS1_1247 ,P1UHS1_1247 -> P1UDT1324 ,
P1UDM3513   ,P1UHS1_1247 ,P1UHS1_1247 -> P1UDT1324 ,
P1UDM3515   ,P1UHS2_1247 ,P1UHS2_1247 -> P1UDT813  ,
P1UDM3516   ,P1UHS2_1247 ,P1UHS2_1247 -> P1UDT813  ,
P1UDM3517   ,P1UHS2_1247 ,P1UHS2_1247 -> P1UDT813  ,
P1UDM3518   ,P1UHS2_1247 ,P1UHS2_1247 -> P1UDT813  ,
P1UDM3519   ,P1UHS2_1247 ,P1UHS2_1247 -> P1UDT813  ,
P1UDM3520   ,P1UHS2_1247 ,P1UHS2_1247 -> P1UDT813  ,
P1UDM3522   ,P1UHS2_1247 ,P1UHS2_1247 -> P1UDT813  ,
P1UDM3523   ,P1UHS2_1247 ,P1UHS2_1247 -> P1UDT813  ,
P1UDM3525   ,P1UHS2_1247 ,P1UHS2_1247 -> P1UDT813  ,
P1UDM3526   ,P1UHS2_1247 ,P1UHS2_1247 -> P1UDT813  ,
P1UDM3527   ,P1UHS2_1247 ,P1UHS2_1247 -> P1UDT813  ,
P1UDM3528   ,P1UHS2_1247 ,P1UHS2_1247 -> P1UDT813  ,
P1UDM3529   ,P1UHS2_1247 ,P1UHS2_1247 -> P1UDT813  ,
P1UDM3534   ,P1UHS2_1247 ,P1UHS2_1247 -> P1UDT813  ,
P1UDM3536   ,P1UHS2_1247 ,P1UHS2_1247 -> P1UDT813  ,
P1UDM3537   ,P1UHS2_1247 ,P1UHS2_1247 -> P1UDT813  ,
P1UDM3539   ,P1UHS2_1247 ,P1UHS2_1247 -> P1UDT813  ,
P1UDM3540   ,P1UHS2_1247 ,P1UHS2_1247 -> P1UDT813  ,
P1UDM3541   ,P1UHS2_1247 ,P1UHS2_1247 -> P1UDT813  ,
P1UDM3542   ,P1UHS2_1247 ,P1UHS2_1247 -> P1UDT813  ,
P1UDM3544   ,P1UHS2_1247 ,P1UHS2_1247 -> P1UDT813  ,
P1UDM3545   ,P1UHS2_1247 ,P1UHS2_1247 -> P1UDT813  ,
P1UDM3546   ,P1UHS2_1247 ,P1UHS2_1247 -> P1UDT813  ,
P1UDM3547   ,P1UHS2_1247 ,P1UHS2_1247 -> P1UDT813  ,
P1UDM3550   ,P1UHS2_1247 ,P1UHS2_1247 -> P1UDT813  ,
P1UDM3553   ,P1UHS2_1247 ,P1UHS2_1247 -> P1UDT813  ,
P1UDM3554   ,P1UHS2_1247 ,P1UHS2_1247 -> P1UDT813  ,
P1UDM3555   ,P1UHS2_1247 ,P1UHS2_1247 -> P1UDT813  ,
P1UDM3556   ,P1UHS2_1247 ,P1UHS2_1247 -> P1UDT813  ,
P1UDM3557   ,P1UHS2_1247 ,P1UHS2_1247 -> P1UDT813  ,
P1UDM3558   ,P1UHS2_1247 ,P1UHS2_1247 -> P1UDT813  ,
P1UDM3562   ,P1UHS2_1247 ,P1UHS2_1247 -> P1UDT813  ,
P1UDM3563   ,P1UHS2_1247 ,P1UHS2_1247 -> P1UDT813  ,
P1UDM3564   ,P1UHS2_1247 ,P1UHS2_1247 -> P1UDT813  ,
P1UDM3565   ,P1UHS2_1247 ,P1UHS2_1247 -> P1UDT813  ,
P1UDM3566   ,P1UHS2_1247 ,P1UHS2_1247 -> P1UDT813  ,
P1UDM3567   ,P1UHS2_1247 ,P1UHS2_1247 -> P1UDT813  ,
P1UDM3568   ,P1UHS2_1247 ,P1UHS2_1247 -> P1UDT813  ,
P1UDM3570   ,P1UHS2_1247 ,P1UHS2_1247 -> P1UDT813  ,
P1UDM3572   ,P1UHS2_1247 ,P1UHS2_1247 -> P1UDT813  ,
P1UDM3573   ,P1UHS2_1247 ,P1UHS2_1247 -> P1UDT813  ,
P1UDM3574   ,P1UHS2_1247 ,P1UHS2_1247 -> P1UDT813  ,
P1UDM3575   ,P1UHS2_1247 ,P1UHS2_1247 -> P1UDT813  ,
P1UDM3576   ,P1UHS2_1247 ,P1UHS2_1247 -> P1UDT813  ,
P1UDM3579   ,P1UHS2_1247 ,P1UHS2_1247 -> P1UDT813  ,
P1UDM3580   ,P1UHS2_1247 ,P1UHS2_1247 -> P1UDT813  ,
P1UDM3581   ,P1UHS2_1247 ,P1UHS2_1247 -> P1UDT813  ,
P1UDM3582   ,P1UHS2_1247 ,P1UHS2_1247 -> P1UDT813  ,
P1UDM3583   ,P1UHS2_1247 ,P1UHS2_1247 -> P1UDT813  ,
P1UDM3585   ,P1UHS2_1247 ,P1UHS2_1247 -> P1UDT813  ,
P1UDM3589   ,P1UHS2_1247 ,P1UHS2_1247 -> P1UDT813  ,
P1UDM3590   ,P1UHS2_1247 ,P1UHS2_1247 -> P1UDT813  ,
P1UDM3591   ,P1UHS2_1247 ,P1UHS2_1247 -> P1UDT813  ,
P1UDM3592   ,P1UHS2_1247 ,P1UHS2_1247 -> P1UDT813  ,
P1UDM3597   ,P1UHS2_1247 ,P1UHS2_1247 -> P1UDT813  ,
P1UDM3599   ,P1UHS2_1247 ,P1UHS2_1247 -> P1UDT813  ,
P1UDM3600   ,P1UHS2_1247 ,P1UHS2_1247 -> P1UDT813  ,
P1UDM3601   ,P1UHS2_1247 ,P1UHS2_1247 -> P1UDT813  ,
P1UDM3608   ,P1UHS2_1247 ,P1UHS2_1247 -> P1UDT813  ,
P1UDM3609   ,P1UHS2_1247 ,P1UHS2_1247 -> P1UDT813  ,
P1UDM3610   ,P1UHS2_1247 ,P1UHS2_1247 -> P1UDT813  ,
P1UDM3611   ,P1UHS2_1247 ,P1UHS2_1247 -> P1UDT813  ,
P1UDM3612   ,P1UHS2_1247 ,P1UHS2_1247 -> P1UDT813  ,
P1UDM3613   ,P1UHS2_1247 ,P1UHS2_1247 -> P1UDT813  ,
P1UDM3614   ,P1UHS2_1247 ,P1UHS2_1247 -> P1UDT813  ,
P1UDM3615   ,P1UHS2_1247 ,P1UHS2_1247 -> P1UDT813  ,
P1UDM3617   ,P1UHS2_1247 ,P1UHS2_1247 -> P1UDT813  ,
P1UDM3618   ,P1UHS2_1247 ,P1UHS2_1247 -> P1UDT813  ,
P1UDM3621   ,P1UHS2_1247 ,P1UHS2_1247 -> P1UDT813  ,
P1UDM3622   ,P1UHS2_1247 ,P1UHS2_1247 -> P1UDT813  ,
P1UDM3623   ,P1UHS2_1247 ,P1UHS2_1247 -> P1UDT813  ,
P1UDM3624   ,P1UHS2_1247 ,P1UHS2_1247 -> P1UDT813  ,
P1UDM3625   ,P1UHS2_1247 ,P1UHS2_1247 -> P1UDT813  ,
P1UDM3626   ,P1UHS2_1247 ,P1UHS2_1247 -> P1UDT813  ,
P1UDM3627   ,P1UHS2_1247 ,P1UHS2_1247 -> P1UDT813  ,
P1UDM3628   ,P1UHS2_1247 ,P1UHS2_1247 -> P1UDT813  ,
P1UDM3629   ,P1UHS2_1247 ,P1UHS2_1247 -> P1UDT813  ,
P1UDM3630   ,P1UHS2_1247 ,P1UHS2_1247 -> P1UDT813  ,
P1UDM3631   ,P1UHS2_1247 ,P1UHS2_1247 -> P1UDT813  ,
P1UDM3632   ,P1UHS2_1247 ,P1UHS2_1247 -> P1UDT813  ,
P1UDM3633   ,P1UHS2_1247 ,P1UHS2_1247 -> P1UDT813  ,
P1UDM3635   ,P1UHS2_1247 ,P1UHS2_1247 -> P1UDT813  ,
P1UDM3636   ,P1UHS2_1247 ,P1UHS2_1247 -> P1UDT813  ,
P1UDM3637   ,P1UHS2_1247 ,P1UHS2_1247 -> P1UDT813  ,
P1UDM3638   ,P1UHS2_1247 ,P1UHS2_1247 -> P1UDT813  ,
P1UDM3639   ,P1UHS2_1247 ,P1UHS2_1247 -> P1UDT813  ,
P1UDM3640   ,P1UHS2_1247 ,P1UHS2_1247 -> P1UDT813  ,
P1UDM3642   ,P1UHS2_1247 ,P1UHS2_1247 -> P1UDT813  ,
P1UDM3644   ,P1UHS2_1247 ,P1UHS2_1247 -> P1UDT813  ,
P1UDM3646   ,P1UHS2_1247 ,P1UHS2_1247 -> P1UDT813  ,
P1UDM3647   ,P1UHS2_1247 ,P1UHS2_1247 -> P1UDT813  ,
P1UDM3648   ,P1UHS2_1247 ,P1UHS2_1247 -> P1UDT813  ,
P1UDM3649   ,P1UHS2_1247 ,P1UHS2_1247 -> P1UDT813  ,
P1UDM3650   ,P1UHS2_1247 ,P1UHS2_1247 -> P1UDT813  ,
P1UDM3651   ,P1UHS2_1247 ,P1UHS2_1247 -> P1UDT813  ,
P1UDM3652   ,P1UHS2_1247 ,P1UHS2_1247 -> P1UDT813  ,
P1UDM3653   ,P1UHS2_1247 ,P1UHS2_1247 -> P1UDT813  ,
P1UDM3654   ,P1UHS2_1247 ,P1UHS2_1247 -> P1UDT813  ,
P1UDM3659   ,P1UHS2_1247 ,P1UHS2_1247 -> P1UDT813  ,
P1UDM3660   ,P1UHS2_1247 ,P1UHS2_1247 -> P1UDT813  ,
P1UDM3661   ,P1UHS2_1247 ,P1UHS2_1247 -> P1UDT813  ,
P1UDM3665   ,P1UHS2_1247 ,P1UHS2_1247 -> P1UDT813  ,
P1UDM3666   ,P1UHS2_1247 ,P1UHS2_1247 -> P1UDT813  ,
P1UDM3667   ,P1UHS2_1247 ,P1UHS2_1247 -> P1UDT813  ,
P1UDM3668   ,P1UHS2_1247 ,P1UHS2_1247 -> P1UDT813  ,
P1UDM3669   ,P1UHS2_1247 ,P1UHS2_1247 -> P1UDT813  ,
P1UDM3670   ,P1UHS2_1247 ,P1UHS2_1247 -> P1UDT813  ,
P1UDM3672   ,P1UHS2_1247 ,P1UHS2_1247 -> P1UDT813  ,
P1UDM3673   ,P1UHS2_1247 ,P1UHS2_1247 -> P1UDT813  ,
P1UDM3675   ,P1UHS2_1247 ,P1UHS2_1247 -> P1UDT813  ,
P1UDM3678   ,P1UHS2_1247 ,P1UHS2_1247 -> P1UDT813  ,
P1UDM3679   ,P1UHS2_1247 ,P1UHS2_1247 -> P1UDT813  ,
P1UDM3680   ,P1UHS2_1247 ,P1UHS2_1247 -> P1UDT813  ,
P1UDM3682   ,P1UHS2_1247 ,P1UHS2_1247 -> P1UDT813  ,
P1UDM3683   ,P1UHS2_1247 ,P1UHS2_1247 -> P1UDT813  ,
P1UDM3685   ,P1UHS2_1247 ,P1UHS2_1247 -> P1UDT813  ,
P1UDM3686   ,P1UHS2_1247 ,P1UHS2_1247 -> P1UDT813  ,
P1UDM3688   ,P1UHS2_1247 ,P1UHS2_1247 -> P1UDT813  ,
P1UDM3690   ,P1UHS2_1247 ,P1UHS2_1247 -> P1UDT813  ,
P1UDM3691   ,P1UHS2_1247 ,P1UHS2_1247 -> P1UDT813  ,
P1UDM3692   ,P1UHS2_1247 ,P1UHS2_1247 -> P1UDT813  ,
P1UDM3694   ,P1UHS2_1247 ,P1UHS2_1247 -> P1UDT813  ,
P1UDM3695   ,P1UHS2_1247 ,P1UHS2_1247 -> P1UDT813  ,
P1UDM3698   ,P1UHS2_1247 ,P1UHS2_1247 -> P1UDT813  ,
P1UDM3704   ,P1UHS2_1247 ,P1UHS2_1247 -> P1UDT813  ,
P1UDM3705   ,P1UHS2_1247 ,P1UHS2_1247 -> P1UDT813  ,
P1UDM3706   ,P1UHS2_1247 ,P1UHS2_1247 -> P1UDT813  ,
P1UDM3708   ,P1UHS2_1247 ,P1UHS2_1247 -> P1UDT813  ,
P1UDM3711   ,P1UHS2_1247 ,P1UHS2_1247 -> P1UDT813  ,
P1UDM3713   ,P1UHS2_1247 ,P1UHS2_1247 -> P1UDT813  ,
P1UDM3716   ,P1UHS2_1247 ,P1UHS2_1247 -> P1UDT813  ,
P1UDM3717   ,P1UHS2_1247 ,P1UHS2_1247 -> P1UDT813  ,
P1UDM3718   ,P1UHS2_1247 ,P1UHS2_1247 -> P1UDT813  ,
P1UDM3719   ,P1UHS2_1247 ,P1UHS2_1247 -> P1UDT813  ,
P1UDM3721   ,P1UHS2_1247 ,P1UHS2_1247 -> P1UDT813  ,
P1UDM3722   ,P1UHS2_1247 ,P1UHS2_1247 -> P1UDT813  ,
P1UDM3729   ,P1UHS2_1247 ,P1UHS2_1247 -> P1UDT813  ,
P1UDM3731   ,P1UHS2_1247 ,P1UHS2_1247 -> P1UDT813  ,
P1UDM3735   ,P1UHS2_1247 ,P1UHS2_1247 -> P1UDT813  ,
P1UDM3737   ,P1UHS2_1247 ,P1UHS2_1247 -> P1UDT813  ,
P1UDM3739   ,P1UHS2_1247 ,P1UHS2_1247 -> P1UDT813  ,
P1UDM3740   ,P1UHS2_1247 ,P1UHS2_1247 -> P1UDT813  ,
P1UDM3741   ,P1UHS2_1247 ,P1UHS2_1247 -> P1UDT813  ,
P1UDM3742   ,P1UHS2_1247 ,P1UHS2_1247 -> P1UDT813  ,
P1UDM3744   ,P1UHS2_1247 ,P1UHS2_1247 -> P1UDT813  ,
P1UDM3747   ,P1UHS2_1247 ,P1UHS2_1247 -> P1UDT813  ,
P1UDM3748   ,P1UHS2_1247 ,P1UHS2_1247 -> P1UDT813  ,
P1UDM3750   ,P1UHS2_1247 ,P1UHS2_1247 -> P1UDT813  ,
P1UDM3753   ,P1UHS2_1247 ,P1UHS2_1247 -> P1UDT813  ,
P1UDM3757   ,P1UHS2_1247 ,P1UHS2_1247 -> P1UDT813  ,
P1UDM3758   ,P1UHS2_1247 ,P1UHS2_1247 -> P1UDT813  ,
P1UDM3765   ,P1UHS2_1247 ,P1UHS2_1247 -> P1UDT813  ,
P1UDM3766   ,P1UHS2_1247 ,P1UHS2_1247 -> P1UDT813  ,
P1UDM3767   ,P1UHS2_1247 ,P1UHS2_1247 -> P1UDT813  ,
P1UDM3768   ,P1UHS2_1247 ,P1UHS2_1247 -> P1UDT813  ,
P1UDM3769   ,P1UHS2_1247 ,P1UHS2_1247 -> P1UDT813  ,
P1UDM3771   ,P1UHS2_1247 ,P1UHS2_1247 -> P1UDT813  ,
P1UDM3772   ,P1UHS2_1247 ,P1UHS2_1247 -> P1UDT813  ,
P1UDM3773   ,P1UHS2_1247 ,P1UHS2_1247 -> P1UDT813  ,
P1UDM3775   ,P1UHS2_1247 ,P1UHS2_1247 -> P1UDT813  ,
P1UDM3776   ,P1UHS2_1247 ,P1UHS2_1247 -> P1UDT813  ,
P1UDM3777   ,P1UHS2_1247 ,P1UHS2_1247 -> P1UDT813  ,
P1UDM3778   ,P1UHS2_1247 ,P1UHS2_1247 -> P1UDT813  ,
P1UDM3787   ,P1UHS0_1247 ,P1UHS0_1247 -> P1UDT1469 ,
P1UDM3788   ,P1UHS0_1247 ,P1UHS0_1247 -> P1UDT1469 ,
P1UDM3790   ,P1UHS0_1247 ,P1UHS0_1247 -> P1UDT1472 ,
P1UDM3791   ,P1UHS0_1247 ,P1UHS0_1247 -> P1UDT1472 ,
P1UDM3793   ,P1UHS0_1247 ,P1UHS0_1247 -> P1UDT1472 ,
P1UDM3797   ,P1UHS0_1247 ,P1UHS0_1247 -> P1UDT1472 ,
P1UDM3799   ,P1UHS0_1247 ,P1UHS0_1247 -> P1UDT1472 ,
P1UDM3800   ,P1UHS0_1247 ,P1UHS0_1247 -> P1UDT1472 ,
P1UDM3805   ,P1UHS0_1247 ,P1UHS0_1247 -> P1UDT1472 ,
P1UDM3810   ,P1UHS0_1247 ,P1UHS0_1247 -> P1UDT1472 ,
P1UDM3811   ,P1UHS0_1247 ,P1UHS0_1247 -> P1UDT1472 ,
P1UDM3813   ,P1UHS0_1247 ,P1UHS0_1247 -> P1UDT1472 ,
P1UDM3814   ,P1UHS0_1247 ,P1UHS0_1247 -> P1UDT1472 ,
P1UDM3816   ,P1UHS0_1247 ,P1UHS0_1247 -> P1UDT1472 ,
P1UDM3817   ,P1UHS0_1247 ,P1UHS0_1247 -> P1UDT1472 ,
P1UDM3824   ,P1UHS0_1247 ,P1UHS0_1247 -> P1UDT1472 ,
P1UDM3826   ,P1UHS0_1247 ,P1UHS0_1247 -> P1UDT1472 ,
P1UDM3829   ,P1UHS0_1247 ,P1UHS0_1247 -> P1UDT1472 ,
P1UDM3831   ,P1UHS0_1247 ,P1UHS0_1247 -> P1UDT1472 ,
P1UDM3833   ,P1UHS0_1247 ,P1UHS0_1247 -> P1UDT1472 ,
P1UDM3838   ,P1UHS0_1247 ,P1UHS0_1247 -> P1UDT1472 ,
P1UDM3840   ,P1UHS0_1247 ,P1UHS0_1247 -> P1UDT1472 ,
P1UDM3841   ,P1UHS0_1247 ,P1UHS0_1247 -> P1UDT1472 ,
P1UDM3850   ,P1UHS0_1247 ,P1UHS0_1247 -> P1UDT1472 ,
P1UDM3853   ,P1UHS0_1247 ,P1UHS0_1247 -> P1UDT942  ,
P1UDM3854   ,P1UHS0_1247 ,P1UHS0_1247 -> P1UDT942  ,
P1UDM3856   ,P1UHS0_1247 ,P1UHS0_1247 -> P1UDT942  ,
P1UDM3859   ,P1UHS0_1247 ,P1UHS0_1247 -> P1UDT1469 ,
P1UDM3860   ,P1UHS0_1247 ,P1UHS0_1247 -> P1UDT1469 ,
P1UDM3861   ,P1UHS0_1247 ,P1UHS0_1247 -> P1UDT1469 ,
P1UDM3862   ,P1UHS0_1247 ,P1UHS0_1247 -> P1UDT1469 ,
P1UDM3863   ,P1UHS0_1247 ,P1UHS0_1247 -> P1UDT1469 ,
P1UDM3866   ,P1UHS0_1247 ,P1UHS0_1247 -> P1UDT1469 ,
P1UDM3867   ,P1UHS0_1247 ,P1UHS0_1247 -> P1UDT1469 ,
P1UDM3868   ,P1UHS0_1247 ,P1UHS0_1247 -> P1UDT1469 ,
P1UDM3869   ,P1UHS0_1247 ,P1UHS0_1247 -> P1UDT1469 ,
P1UDM3870   ,P1UHS0_1247 ,P1UHS0_1247 -> P1UDT1469 ,
P1UDM3871   ,P1UHS0_1247 ,P1UHS0_1247 -> P1UDT1469 ,
P1UDM3872   ,P1UHS0_1247 ,P1UHS0_1247 -> P1UDT1469 ,
P1UDM3873   ,P1UHS0_1247 ,P1UHS0_1247 -> P1UDT1469 ,
P1UDM3874   ,P1UHS0_1247 ,P1UHS0_1247 -> P1UDT1469 ,
P1UDM3875   ,P1UHS0_1247 ,P1UHS0_1247 -> P1UDT1469 ,
P1UDM3883   ,P1UHS0_1247 ,P1UHS0_1247 -> P1UDT942  ,
P1UDM3884   ,P1UHS0_1247 ,P1UHS0_1247 -> P1UDT942  ,
P1UDM3885   ,P1UHS0_1247 ,P1UHS0_1247 -> P1UDT942  ,
P1UDM3887   ,P1UHS0_1247 ,P1UHS0_1247 -> P1UDT942  ,
P1UDM3888   ,P1UHS0_1247 ,P1UHS0_1247 -> P1UDT942  ,
P1UDM3889   ,P1UHS0_1247 ,P1UHS0_1247 -> P1UDT942  ,
P1UDM3891   ,P1UHS0_1247 ,P1UHS0_1247 -> P1UDT1472 ,
P1UDM3892   ,P1UHS0_1247 ,P1UHS0_1247 -> P1UDT1472 ,
P1UDM3893   ,P1UHS0_1247 ,P1UHS0_1247 -> P1UDT1472 ,
P1UDM3895   ,P1UHS0_1247 ,P1UHS0_1247 -> P1UDT1472 ,
P1UDM3897   ,P1UHS0_1247 ,P1UHS0_1247 -> P1UDT1472 ,
P1UDM3898   ,P1UHS0_1247 ,P1UHS0_1247 -> P1UDT1472 ,
P1UDM3909   ,P1UHS0_1247 ,P1UHS0_1247 -> P1UDT1472 ,
P1UDM3910   ,P1UHS0_1247 ,P1UHS0_1247 -> P1UDT1472 ,
P1UDM3911   ,P1UHS0_1247 ,P1UHS0_1247 -> P1UDT1472 ,
P1UDM3912   ,P1UHS0_1247 ,P1UHS0_1247 -> P1UDT1472 ,
P1UDM3924   ,P1UHS0_1247 ,P1UHS0_1247 -> P1UDT1472 ,
P1UDM3925   ,P1UHS0_1247 ,P1UHS0_1247 -> P1UDT1472 ,
P1UDM3927   ,P1UHS0_1247 ,P1UHS0_1247 -> P1UDT1472 ,
P1UDM3928   ,P1UHS0_1247 ,P1UHS0_1247 -> P1UDT1472 ,
P1UDM3929   ,P1UHS0_1247 ,P1UHS0_1247 -> P1UDT1472 ,
P1UDM3930   ,P1UHS0_1247 ,P1UHS0_1247 -> P1UDT1472 ,
P1UDM3936   ,P1UHS0_1247 ,P1UHS0_1247 -> P1UDT1472 ,
P1UDM3939   ,P1UHS0_1247 ,P1UHS0_1247 -> P1UDT1472 ,
P1UDM3940   ,P1UHS0_1247 ,P1UHS0_1247 -> P1UDT1472 ,
P1UDM3943   ,P1UHS0_1247 ,P1UHS0_1247 -> P1UDT1472 ,
P1UDM3944   ,P1UHS0_1247 ,P1UHS0_1247 -> P1UDT1472 ,
P1UDM3946   ,P1UHS0_1247 ,P1UHS0_1247 -> P1UDT1472 ,
P1UDM3947   ,P1UHS0_1247 ,P1UHS0_1247 -> P1UDT1472 ,
P1UDM3948   ,P1UHS0_1247 ,P1UHS0_1247 -> P1UDT1472 ,
P1UDM3951   ,P1UHS0_1247 ,P1UHS0_1247 -> P1UDT1472 ,
P1UDM3952   ,P1UHS0_1247 ,P1UHS0_1247 -> P1UDT1472 ,
P1UDM3953   ,P1UHS0_1247 ,P1UHS0_1247 -> P1UDT1472 ,
P1UDM3960   ,P1UHS1_1247 ,P1UHS1_1247 -> P1UDT716  ,
P1UDM3961   ,P1UHS1_1247 ,P1UHS1_1247 -> P1UDT716  ,
P1UDM3962   ,P1UHS1_1247 ,P1UHS1_1247 -> P1UDT716  ,
P1UDM3963   ,P1UHS1_1247 ,P1UHS1_1247 -> P1UDT716  ,
P1UDM3964   ,P1UHS1_1247 ,P1UHS1_1247 -> P1UDT716  ,
P1UDM3966   ,P1UHS1_1247 ,P1UHS1_1247 -> P1UDT716  ,
P1UDM3967   ,P1UHS1_1247 ,P1UHS1_1247 -> P1UDT716  ,
P1UDM3968   ,P1UHS1_1247 ,P1UHS1_1247 -> P1UDT716  ,
P1UDM3969   ,P1UHS1_1247 ,P1UHS1_1247 -> P1UDT716  ,
P1UDM3973   ,P1UHS1_1247 ,P1UHS1_1247 -> P1UDT716  ,
P1UDM3974   ,P1UHS1_1247 ,P1UHS1_1247 -> P1UDT716  ,
P1UDM3975   ,P1UHS1_1247 ,P1UHS1_1247 -> P1UDT716  ,
P1UDM3976   ,P1UHS1_1247 ,P1UHS1_1247 -> P1UDT716  ,
P1UDM3978   ,P1UHS1_1247 ,P1UHS1_1247 -> P1UDT716  ,
P1UDM3983   ,P1UHS1_1247 ,P1UHS1_1247 -> P1UDT716  ,
P1UDM3984   ,P1UHS1_1247 ,P1UHS1_1247 -> P1UDT716  ,
P1UDM3986   ,P1UHS1_1247 ,P1UHS1_1247 -> P1UDT716  ,
P1UDM3989   ,P1UHS1_1247 ,P1UHS1_1247 -> P1UDT716  ,
P1UDM3990   ,P1UHS1_1247 ,P1UHS1_1247 -> P1UDT716  ,
P1UDM3991   ,P1UHS1_1247 ,P1UHS1_1247 -> P1UDT716  ,
P1UDM3994   ,P1UHS1_1247 ,P1UHS1_1247 -> P1UDT716  ,
P1UDM3999   ,P1UHS1_1247 ,P1UHS1_1247 -> P1UDT716  ,
P1UDM4000   ,P1UHS1_1247 ,P1UHS1_1247 -> P1UDT716  ,
P1UDM4001   ,P1UHS1_1247 ,P1UHS1_1247 -> P1UDT716  ,
P1UDM4002   ,P1UHS1_1247 ,P1UHS1_1247 -> P1UDT716  ,
P1UDM4004   ,P1UHS1_1247 ,P1UHS1_1247 -> P1UDT716  ,
P1UDM4005   ,P1UHS1_1247 ,P1UHS1_1247 -> P1UDT716  ,
P1UDM4008   ,P1UHS1_1247 ,P1UHS1_1247 -> P1UDT716  ,
P1UDM4011   ,P1UHS1_1247 ,P1UHS1_1247 -> P1UDT716  ,
P1UDM4016   ,P1UHS1_1247 ,P1UHS1_1247 -> P1UDT716  ,
P1UDM4017   ,P1UHS1_1247 ,P1UHS1_1247 -> P1UDT716  ,
P1UDM4019   ,P1UHS1_1247 ,P1UHS1_1247 -> P1UDT716  ,
P1UDM4021   ,P1UHS1_1247 ,P1UHS1_1247 -> P1UDT716  ,
P1UDM4022   ,P1UHS1_1247 ,P1UHS1_1247 -> P1UDT716  ,
P1UDM4024   ,P1UHS1_1247 ,P1UHS1_1247 -> P1UDT716  ,
P1UDM4029   ,P1UHS1_1247 ,P1UHS1_1247 -> P1UDT716  ,
P1UDM4030   ,P1UHS1_1247 ,P1UHS1_1247 -> P1UDT716  ,
P1UDM4031   ,P1UHS1_1247 ,P1UHS1_1247 -> P1UDT716  ,
P1UDM4032   ,P1UHS1_1247 ,P1UHS1_1247 -> P1UDT716  ,
P1UDM4033   ,P1UHS1_1247 ,P1UHS1_1247 -> P1UDT716  ,
P1UDM4034   ,P1UHS1_1247 ,P1UHS1_1247 -> P1UDT716  ,
P1UDM4035   ,P1UHS1_1247 ,P1UHS1_1247 -> P1UDT716  ,
P1UDM4036   ,P1UHS1_1247 ,P1UHS1_1247 -> P1UDT716  ,
P1UDM4038   ,P1UHS1_1247 ,P1UHS1_1247 -> P1UDT716  ,
P1UDM4039   ,P1UHS1_1247 ,P1UHS1_1247 -> P1UDT716  ,
P1UDM4040   ,P1UHS1_1247 ,P1UHS1_1247 -> P1UDT716  ,
P1UDM4044   ,P1UHS1_1247 ,P1UHS1_1247 -> P1UDT716  ,
P1UDM4046   ,P1UHS1_1247 ,P1UHS1_1247 -> P1UDT716  ,
P1UDM4048   ,P1UHS1_1247 ,P1UHS1_1247 -> P1UDT716  ,
P1UDM4050   ,P1UHS1_1247 ,P1UHS1_1247 -> P1UDT716  ,
P1UDM4051   ,P1UHS1_1247 ,P1UHS1_1247 -> P1UDT716  ,
P1UDM4052   ,P1UHS1_1247 ,P1UHS1_1247 -> P1UDT716  ,
P1UDM4053   ,P1UHS1_1247 ,P1UHS1_1247 -> P1UDT716  ,
P1UDM4057   ,P1UHS1_1247 ,P1UHS1_1247 -> P1UDT716  ,
P1UDM4059   ,P1UHS1_1247 ,P1UHS1_1247 -> P1UDT716  ,
P1UDM4060   ,P1UHS1_1247 ,P1UHS1_1247 -> P1UDT716  ,
P1UDM4062   ,P1UHS1_1247 ,P1UHS1_1247 -> P1UDT716  ,
P1UDM4067   ,P1UHS1_1247 ,P1UHS1_1247 -> P1UDT716  ,
P1UDM4068   ,P1UHS1_1247 ,P1UHS1_1247 -> P1UDT716  ,
P1UDM4070   ,P1UHS1_1247 ,P1UHS1_1247 -> P1UDT716  ,
P1UDM4072   ,P1UHS1_1247 ,P1UHS1_1247 -> P1UDT716  ,
P1UDM4074   ,P1UHS1_1247 ,P1UHS1_1247 -> P1UDT716  ,
P1UDM4076   ,P1UHS1_1247 ,P1UHS1_1247 -> P1UDT716  ,
P1UDM4077   ,P1UHS1_1247 ,P1UHS1_1247 -> P1UDT716  ,
P1UDM4078   ,P1UHS1_1247 ,P1UHS1_1247 -> P1UDT716  ,
P1UDM4080   ,P1UHS1_1247 ,P1UHS1_1247 -> P1UDT716  ,
P1UDM4081   ,P1UHS1_1247 ,P1UHS1_1247 -> P1UDT716  ,
P1UDM4082   ,P1UHS1_1247 ,P1UHS1_1247 -> P1UDT716  ,
P1UDM4085   ,P1UHS1_1247 ,P1UHS1_1247 -> P1UDT716  ,
P1UDM4086   ,P1UHS1_1247 ,P1UHS1_1247 -> P1UDT716  ,
P1UDM4087   ,P1UHS1_1247 ,P1UHS1_1247 -> P1UDT716  ,
P1UDM4088   ,P1UHS1_1247 ,P1UHS1_1247 -> P1UDT716  ,
P1UDM4089   ,P1UHS1_1247 ,P1UHS1_1247 -> P1UDT716  ,
P1UDM4090   ,P1UHS1_1247 ,P1UHS1_1247 -> P1UDT716  ,
P1UDM4091   ,P1UHS1_1247 ,P1UHS1_1247 -> P1UDT716  ,
P1UDM4092   ,P1UHS1_1247 ,P1UHS1_1247 -> P1UDT716  ,
P1UDM4093   ,P1UHS1_1247 ,P1UHS1_1247 -> P1UDT716  ,
P1UDM4095   ,P1UHS1_1247 ,P1UHS1_1247 -> P1UDT716  ,
P1UDM4096   ,P1UHS1_1247 ,P1UHS1_1247 -> P1UDT716  ,
P1UDM4097   ,P1UHS1_1247 ,P1UHS1_1247 -> P1UDT716  ,
P1UDM4098   ,P1UHS1_1247 ,P1UHS1_1247 -> P1UDT716  ,
P1UDM4102   ,P1UHS1_1247 ,P1UHS1_1247 -> P1UDT716  ,
P1UDM4103   ,P1UHS1_1247 ,P1UHS1_1247 -> P1UDT716  ,
P1UDM4104   ,P1UHS1_1247 ,P1UHS1_1247 -> P1UDT716  ,
P1UDM4105   ,P1UHS1_1247 ,P1UHS1_1247 -> P1UDT716  ,
P1UDM4106   ,P1UHS1_1247 ,P1UHS1_1247 -> P1UDT716  ,
P1UDM4108   ,P1UHS1_1247 ,P1UHS1_1247 -> P1UDT716  ,
P1UDM4109   ,P1UHS1_1247 ,P1UHS1_1247 -> P1UDT716  ,
P1UDM4111   ,P1UHS1_1247 ,P1UHS1_1247 -> P1UDT716  ,
P1UDM4112   ,P1UHS1_1247 ,P1UHS1_1247 -> P1UDT716  ,
P1UDM4113   ,P1UHS1_1247 ,P1UHS1_1247 -> P1UDT716  ,
P1UDM4117   ,P1UHS1_1247 ,P1UHS1_1247 -> P1UDT716  ,
P1UDM4118   ,P1UHS1_1247 ,P1UHS1_1247 -> P1UDT716  ,
P1UDM4119   ,P1UHS1_1247 ,P1UHS1_1247 -> P1UDT716  ,
P1UDM4120   ,P1UHS1_1247 ,P1UHS1_1247 -> P1UDT716  ,
P1UDM4121   ,P1UHS1_1247 ,P1UHS1_1247 -> P1UDT716  ,
P1UDM4122   ,P1UHS1_1247 ,P1UHS1_1247 -> P1UDT716  ,
P1UDM4125   ,P1UHS1_1247 ,P1UHS1_1247 -> P1UDT716  ,
P1UDM4126   ,P1UHS1_1247 ,P1UHS1_1247 -> P1UDT716  ,
P1UDM4127   ,P1UHS1_1247 ,P1UHS1_1247 -> P1UDT716  ,
P1UDM4128   ,P1UHS1_1247 ,P1UHS1_1247 -> P1UDT716  ,
P1UDM4131   ,P1UHS1_1247 ,P1UHS1_1247 -> P1UDT716  ,
P1UDM4132   ,P1UHS1_1247 ,P1UHS1_1247 -> P1UDT716  ,
P1UDM4133   ,P1UHS1_1247 ,P1UHS1_1247 -> P1UDT716  ,
P1UDM4134   ,P1UHS1_1247 ,P1UHS1_1247 -> P1UDT716  ,
P1UDM4140   ,P1UHS1_1247 ,P1UHS1_1247 -> P1UDT716  ,
P1UDM4141   ,P1UHS1_1247 ,P1UHS1_1247 -> P1UDT716  ,
P1UDM4143   ,P1UHS1_1247 ,P1UHS1_1247 -> P1UDT716  ,
P1UDM4144   ,P1UHS1_1247 ,P1UHS1_1247 -> P1UDT716  ,
P1UDM4145   ,P1UHS1_1247 ,P1UHS1_1247 -> P1UDT716  ,
P1UDM4146   ,P1UHS1_1247 ,P1UHS1_1247 -> P1UDT716  ,
P1UDM4147   ,P1UHS1_1247 ,P1UHS1_1247 -> P1UDT716  ,
P1UDM4148   ,P1UHS1_1247 ,P1UHS1_1247 -> P1UDT716  ,
P1UDM4149   ,P1UHS1_1247 ,P1UHS1_1247 -> P1UDT716  ,
P1UDM4150   ,P1UHS1_1247 ,P1UHS1_1247 -> P1UDT716  ,
P1UDM4151   ,P1UHS1_1247 ,P1UHS1_1247 -> P1UDT716  ,
P1UDM4152   ,P1UHS1_1247 ,P1UHS1_1247 -> P1UDT716  ,
P1UDM4153   ,P1UHS1_1247 ,P1UHS1_1247 -> P1UDT716  ,
P1UDM4160   ,P1UHS1_1247 ,P1UHS1_1247 -> P1UDT716  ,
P1UDM4161   ,P1UHS1_1247 ,P1UHS1_1247 -> P1UDT716  ,
P1UDM4162   ,P1UHS1_1247 ,P1UHS1_1247 -> P1UDT716  ,
P1UDM4163   ,P1UHS1_1247 ,P1UHS1_1247 -> P1UDT716  ,
P1UDM4165   ,P1UHS1_1247 ,P1UHS1_1247 -> P1UDT716  ,
P1UDM4166   ,P1UHS1_1247 ,P1UHS1_1247 -> P1UDT716  ,
P1UDM4167   ,P1UHS1_1247 ,P1UHS1_1247 -> P1UDT716  ,
P1UDM4173   ,P1UHS1_1247 ,P1UHS1_1247 -> P1UDT716  ,
P1UDM4178   ,P1UHS1_1247 ,P1UHS1_1247 -> P1UDT716  ,
P1UDM4179   ,P1UHS1_1247 ,P1UHS1_1247 -> P1UDT716  ,
P1UDM4180   ,P1UHS1_1247 ,P1UHS1_1247 -> P1UDT716  ,
P1UDM4182   ,P1UHS1_1247 ,P1UHS1_1247 -> P1UDT716  ,
P1UDM4183   ,P1UHS1_1247 ,P1UHS1_1247 -> P1UDT716  ,
P1UDM4184   ,P1UHS1_1247 ,P1UHS1_1247 -> P1UDT716  ,
P1UDM4188   ,P1UHS1_1247 ,P1UHS1_1247 -> P1UDT716  ,
P1UDM4189   ,P1UHS1_1247 ,P1UHS1_1247 -> P1UDT716  ,
P1UDM4190   ,P1UHS1_1247 ,P1UHS1_1247 -> P1UDT716  ,
P1UDM4191   ,P1UHS1_1247 ,P1UHS1_1247 -> P1UDT716  ,
P1UDM4193   ,P1UHS1_1247 ,P1UHS1_1247 -> P1UDT716  ,
P1UDM4194   ,P1UHS1_1247 ,P1UHS1_1247 -> P1UDT716  ,
P1UDM4200   ,P1UHS1_1247 ,P1UHS1_1247 -> P1UDT716  ,
P1UDM4201   ,P1UHS1_1247 ,P1UHS1_1247 -> P1UDT716  ,
P1UDM4202   ,P1UHS1_1247 ,P1UHS1_1247 -> P1UDT716  ,
P1UDM4204   ,P1UHS1_1247 ,P1UHS1_1247 -> P1UDT716  ,
P1UDM4205   ,P1UHS1_1247 ,P1UHS1_1247 -> P1UDT716  ,
P1UDM4206   ,P1UHS1_1247 ,P1UHS1_1247 -> P1UDT716  ,
P1UDM4207   ,P1UHS1_1247 ,P1UHS1_1247 -> P1UDT716  ,
P1UDM4213   ,P1UHS1_1247 ,P1UHS1_1247 -> P1UDT716  ,
P1UDM4215   ,P1UHS1_1247 ,P1UHS1_1247 -> P1UDT716  ,
P1UDM4216   ,P1UHS1_1247 ,P1UHS1_1247 -> P1UDT716  ,
P1UDM4218   ,P1UHS1_1247 ,P1UHS1_1247 -> P1UDT716  ,
P1UDM4219   ,P1UHS1_1247 ,P1UHS1_1247 -> P1UDT716  ,
P1UDM4221   ,P1UHS1_1247 ,P1UHS1_1247 -> P1UDT716  ,
P1UDM4224   ,P1UHS1_1247 ,P1UHS1_1247 -> P1UDT716  ,
P1UDM4225   ,P1UHS1_1247 ,P1UHS1_1247 -> P1UDT716  ,
P1UDM4227   ,P1UHS1_1247 ,P1UHS1_1247 -> P1UDT716  ,
P1UDM4229   ,P1UHS1_1247 ,P1UHS1_1247 -> P1UDT716  ,
P1UDM4231   ,P1UHS1_1247 ,P1UHS1_1247 -> P1UDT716  ,
P1UDM4232   ,P1UHS1_1247 ,P1UHS1_1247 -> P1UDT716  ,
P1UDM4233   ,P1UHS1_1247 ,P1UHS1_1247 -> P1UDT716  ,
P1UDM4235   ,P1UHS1_1247 ,P1UHS1_1247 -> P1UDT716  ,
P1UDM4236   ,P1UHS1_1247 ,P1UHS1_1247 -> P1UDT716  ,
P1UDM4239   ,P1UHS1_1247 ,P1UHS1_1247 -> P1UDT716  ,
P1UDM4241   ,P1UHS1_1247 ,P1UHS1_1247 -> P1UDT716  ,
P1UDM4243   ,P1UHS1_1247 ,P1UHS1_1247 -> P1UDT716  ,
P1UDM4244   ,P1UHS1_1247 ,P1UHS1_1247 -> P1UDT716  ,
P1UDM4245   ,P1UHS1_1247 ,P1UHS1_1247 -> P1UDT716  ,
P1UDM4246   ,P1UHS1_1247 ,P1UHS1_1247 -> P1UDT716  ,
P1UDM4247   ,P1UHS1_1247 ,P1UHS1_1247 -> P1UDT716  ,
P1UDM4248   ,P1UHS1_1247 ,P1UHS1_1247 -> P1UDT716  ,
P1UDM4252   ,P1UHS1_1247 ,P1UHS1_1247 -> P1UDT716  ,
P1UDM4253   ,P1UHS1_1247 ,P1UHS1_1247 -> P1UDT716  ,
P1UDM4254   ,P1UHS1_1247 ,P1UHS1_1247 -> P1UDT716  ,
P1UDM4255   ,P1UHS1_1247 ,P1UHS1_1247 -> P1UDT716  ,
P1UDM4256   ,P1UHS1_1247 ,P1UHS1_1247 -> P1UDT716  ,
P1UDM4257   ,P1UHS1_1247 ,P1UHS1_1247 -> P1UDT716  ,
P1UDM4259   ,P1UHS1_1247 ,P1UHS1_1247 -> P1UDT716  ,
P1UDM4260   ,P1UHS1_1247 ,P1UHS1_1247 -> P1UDT716  ,
P1UDM4261   ,P1UHS1_1247 ,P1UHS1_1247 -> P1UDT716  ,
P1UDM4266   ,P1UHS1_1247 ,P1UHS1_1247 -> P1UDT716  ,
P1UDM4267   ,P1UHS1_1247 ,P1UHS1_1247 -> P1UDT716  ,
P1UDM4268   ,P1UHS1_1247 ,P1UHS1_1247 -> P1UDT716  ,
P1UDM4269   ,P1UHS1_1247 ,P1UHS1_1247 -> P1UDT716  ,
P1UDM4271   ,P1UHS1_1247 ,P1UHS1_1247 -> P1UDT716  ,
P1UDM4275   ,P1UHS1_1247 ,P1UHS1_1247 -> P1UDT716  ,
P1UDM4276   ,P1UHS1_1247 ,P1UHS1_1247 -> P1UDT716  ,
P1UDM4277   ,P1UHS1_1247 ,P1UHS1_1247 -> P1UDT716  ,
P1UDM4278   ,P1UHS1_1247 ,P1UHS1_1247 -> P1UDT716  ,
P1UDM4280   ,P1UHS1_1247 ,P1UHS1_1247 -> P1UDT716  ,
P1UDM4281   ,P1UHS1_1247 ,P1UHS1_1247 -> P1UDT716  ,
P1UDM4285   ,P1UHS1_1247 ,P1UHS1_1247 -> P1UDT716  ,
P1UDM4286   ,P1UHS1_1247 ,P1UHS1_1247 -> P1UDT716  ,
P1UDM4288   ,P1UHS1_1247 ,P1UHS1_1247 -> P1UDT716  ,
P1UDM4293   ,P1UHS1_1247 ,P1UHS1_1247 -> P1UDT716  ,
P1UDM4294   ,P1UHS1_1247 ,P1UHS1_1247 -> P1UDT716  ,
P1UDM4295   ,P1UHS1_1247 ,P1UHS1_1247 -> P1UDT716  ,
P1UDM4296   ,P1UHS1_1247 ,P1UHS1_1247 -> P1UDT716  ,
P1UDM4297   ,P1UHS1_1247 ,P1UHS1_1247 -> P1UDT716  ,
P1UDM4298   ,P1UHS1_1247 ,P1UHS1_1247 -> P1UDT716  ,
P1UDM4299   ,P1UHS1_1247 ,P1UHS1_1247 -> P1UDT716  ,
P1UDM4300   ,P1UHS1_1247 ,P1UHS1_1247 -> P1UDT716  ,
P1UDM4303   ,P1UHS1_1247 ,P1UHS1_1247 -> P1UDT716  ,
P1UDM4306   ,P1UHS1_1247 ,P1UHS1_1247 -> P1UDT716  ,
P1UDM4307   ,P1UHS1_1247 ,P1UHS1_1247 -> P1UDT716  ,
P1UDM4309   ,P1UHS1_1247 ,P1UHS1_1247 -> P1UDT716  ,
P1UDM4311   ,P1UHS1_1247 ,P1UHS1_1247 -> P1UDT716  ,
P1UDM4312   ,P1UHS1_1247 ,P1UHS1_1247 -> P1UDT716  ,
P1UDM4314   ,P1UHS1_1247 ,P1UHS1_1247 -> P1UDT716  ,
P1UDM4315   ,P1UHS1_1247 ,P1UHS1_1247 -> P1UDT716  ,
P1UDM4316   ,P1UHS1_1247 ,P1UHS1_1247 -> P1UDT716  ,
P1UDM4319   ,P1UHS1_1247 ,P1UHS1_1247 -> P1UDT716  ,
P1UDM4320   ,P1UHS1_1247 ,P1UHS1_1247 -> P1UDT716  ,
P1UDM4321   ,P1UHS1_1247 ,P1UHS1_1247 -> P1UDT716  ,
P1UDM4323   ,P1UHS1_1247 ,P1UHS1_1247 -> P1UDT716  ,
P1UDM4330   ,P1UHS1_1247 ,P1UHS1_1247 -> P1UDT716  ,
P1UDM4331   ,P1UHS1_1247 ,P1UHS1_1247 -> P1UDT716  ,
P1UDM4333   ,P1UHS1_1247 ,P1UHS1_1247 -> P1UDT716  ,
P1UDM4334   ,P1UHS1_1247 ,P1UHS1_1247 -> P1UDT716  ,
P1UDM4337   ,P1UHS1_1247 ,P1UHS1_1247 -> P1UDT716  ,
P1UDM4340   ,P1UHS1_1247 ,P1UHS1_1247 -> P1UDT716  ,
P1UDM4341   ,P1UHS1_1247 ,P1UHS1_1247 -> P1UDT716  ,
P1UDM4346   ,P1UHS1_1247 ,P1UHS1_1247 -> P1UDT716  ,
P1UDM4347   ,P1UHS1_1247 ,P1UHS1_1247 -> P1UDT716  ,
P1UDM4352   ,P1UHS1_1247 ,P1UHS1_1247 -> P1UDT716  ,
P1UDM4353   ,P1UHS1_1247 ,P1UHS1_1247 -> P1UDT716  ,
P1UDM4354   ,P1UHS1_1247 ,P1UHS1_1247 -> P1UDT716  ,
P1UDM4355   ,P1UHS1_1247 ,P1UHS1_1247 -> P1UDT716  ,
P1UDM4357   ,P1UHS1_1247 ,P1UHS1_1247 -> P1UDT716  ,
P1UDM4358   ,P1UHS1_1247 ,P1UHS1_1247 -> P1UDT716  ,
P1UDM4359   ,P1UHS1_1247 ,P1UHS1_1247 -> P1UDT716  ,
P1UDM4363   ,P1UHS1_1247 ,P1UHS1_1247 -> P1UDT716  ,
P1UDM4364   ,P1UHS1_1247 ,P1UHS1_1247 -> P1UDT716  ,
P1UDM4367   ,P1UHS1_1247 ,P1UHS1_1247 -> P1UDT716  ,
P1UDM4368   ,P1UHS1_1247 ,P1UHS1_1247 -> P1UDT716  ,
P1UDM4370   ,P1UHS1_1247 ,P1UHS1_1247 -> P1UDT716  ,
P1UDM4371   ,P1UHS1_1247 ,P1UHS1_1247 -> P1UDT716  ,
P1UDM4372   ,P1UHS1_1247 ,P1UHS1_1247 -> P1UDT716  ,
P1UDM4373   ,P1UHS1_1247 ,P1UHS1_1247 -> P1UDT716  ,
P1UDM4375   ,P1UHS1_1247 ,P1UHS1_1247 -> P1UDT716  ,
P1UDM4376   ,P1UHS1_1247 ,P1UHS1_1247 -> P1UDT716  ,
P1UDM4380   ,P1UHS1_1247 ,P1UHS1_1247 -> P1UDT716  ,
P1UDM4381   ,P1UHS1_1247 ,P1UHS1_1247 -> P1UDT716  ,
P1UDM4383   ,P1UHS1_1247 ,P1UHS1_1247 -> P1UDT716  ,
P1UDM4384   ,P1UHS1_1247 ,P1UHS1_1247 -> P1UDT716  ,
P1UDM4385   ,P1UHS1_1247 ,P1UHS1_1247 -> P1UDT716  ,
P1UDM4386   ,P1UHS1_1247 ,P1UHS1_1247 -> P1UDT716  ,
P1UDM4387   ,P1UHS1_1247 ,P1UHS1_1247 -> P1UDT716  ,
P1UDM4390   ,P1UHS1_1247 ,P1UHS1_1247 -> P1UDT716  ,
P1UDM4393   ,P1UHS1_1247 ,P1UHS1_1247 -> P1UDT716  ,
P1UDM4397   ,P1UHS1_1247 ,P1UHS1_1247 -> P1UDT716  ,
P1UDM4399   ,P1UHS1_1247 ,P1UHS1_1247 -> P1UDT716  ,
P1UDM4400   ,P1UHS1_1247 ,P1UHS1_1247 -> P1UDT716  ,
P1UDM4403   ,P1UHS1_1247 ,P1UHS1_1247 -> P1UDT716  ,
P1UDM4404   ,P1UHS1_1247 ,P1UHS1_1247 -> P1UDT716  ,
P1UDM4407   ,P1UHS1_1247 ,P1UHS1_1247 -> P1UDT716  ,
P1UDM4408   ,P1UHS1_1247 ,P1UHS1_1247 -> P1UDT716  ,
P1UDM4409   ,P1UHS1_1247 ,P1UHS1_1247 -> P1UDT716  ,
P1UDM4410   ,P1UHS1_1247 ,P1UHS1_1247 -> P1UDT716  ,
P1UDM4413   ,P1UHS1_1247 ,P1UHS1_1247 -> P1UDT716  ,
P1UDM4417   ,P1UHS1_1247 ,P1UHS1_1247 -> P1UDT716  ,
P1UDM4418   ,P1UHS1_1247 ,P1UHS1_1247 -> P1UDT716  ,
P1UDM4419   ,P1UHS1_1247 ,P1UHS1_1247 -> P1UDT716  ,
P1UDM4420   ,P1UHS1_1247 ,P1UHS1_1247 -> P1UDT716  ,
P1UDM4421   ,P1UHS1_1247 ,P1UHS1_1247 -> P1UDT716  ,
P1UDM4422   ,P1UHS1_1247 ,P1UHS1_1247 -> P1UDT716  ,
P1UDM4423   ,P1UHS1_1247 ,P1UHS1_1247 -> P1UDT716  ,
P1UDM4425   ,P1UHS1_1247 ,P1UHS1_1247 -> P1UDT716  ,
P1UDM4426   ,P1UHS1_1247 ,P1UHS1_1247 -> P1UDT716  ,
P1UDM4427   ,P1UHS1_1247 ,P1UHS1_1247 -> P1UDT716  ,
P1UDM4429   ,P1UHS1_1247 ,P1UHS1_1247 -> P1UDT716  ,
P1UDM4433   ,P1UHS1_1247 ,P1UHS1_1247 -> P1UDT716  ,
P1UDM4434   ,P1UHS1_1247 ,P1UHS1_1247 -> P1UDT716  ,
P1UDM4436   ,P1UHS1_1247 ,P1UHS1_1247 -> P1UDT716  ,
P1UDM4437   ,P1UHS1_1247 ,P1UHS1_1247 -> P1UDT716  ,
P1UDM4438   ,P1UHS1_1247 ,P1UHS1_1247 -> P1UDT716  ,
P1UDM4439   ,P1UHS1_1247 ,P1UHS1_1247 -> P1UDT716  ,
P1UDM4440   ,P1UHS1_1247 ,P1UHS1_1247 -> P1UDT716  ,
P1UDM4446   ,P1UHS1_1247 ,P1UHS1_1247 -> P1UDT716  ,
P1UDM4448   ,P1UHS1_1247 ,P1UHS1_1247 -> P1UDT716  ,
P1UDM4449   ,P1UHS1_1247 ,P1UHS1_1247 -> P1UDT716  ,
P1UDM4450   ,P1UHS1_1247 ,P1UHS1_1247 -> P1UDT716  ,
P1UDM4451   ,P1UHS1_1247 ,P1UHS1_1247 -> P1UDT716  ,
P1UDM4452   ,P1UHS1_1247 ,P1UHS1_1247 -> P1UDT716  ,
P1UDM4455   ,P1UHS1_1247 ,P1UHS1_1247 -> P1UDT716  ,
P1UDM4456   ,P1UHS1_1247 ,P1UHS1_1247 -> P1UDT716  ,
P1UDM4460   ,P1UHS1_1247 ,P1UHS1_1247 -> P1UDT716  ,
P1UDM4461   ,P1UHS1_1247 ,P1UHS1_1247 -> P1UDT716  ,
P1UDM4462   ,P1UHS1_1247 ,P1UHS1_1247 -> P1UDT716  ,
P1UDM4464   ,P1UHS1_1247 ,P1UHS1_1247 -> P1UDT716  ,
P1UDM4465   ,P1UHS1_1247 ,P1UHS1_1247 -> P1UDT716  ,
P1UDM4466   ,P1UHS1_1247 ,P1UHS1_1247 -> P1UDT716  ,
P1UDM4467   ,P1UHS1_1247 ,P1UHS1_1247 -> P1UDT716  ,
P1UDM4468   ,P1UHS1_1247 ,P1UHS1_1247 -> P1UDT716  ,
P1UDM4472   ,P1UHS1_1247 ,P1UHS1_1247 -> P1UDT716  ,
P1UDM4474   ,P1UHS1_1247 ,P1UHS1_1247 -> P1UDT716  ,
P1UDM4475   ,P1UHS1_1247 ,P1UHS1_1247 -> P1UDT716  ,
P1UDM4476   ,P1UHS1_1247 ,P1UHS1_1247 -> P1UDT716  ,
P1UDM4477   ,P1UHS1_1247 ,P1UHS1_1247 -> P1UDT716  ,
P1UDM4479   ,P1UHS1_1247 ,P1UHS1_1247 -> P1UDT716  ,
P1UDM4480   ,P1UHS1_1247 ,P1UHS1_1247 -> P1UDT716  ,
P1UDM4481   ,P1UHS1_1247 ,P1UHS1_1247 -> P1UDT716  ,
P1UDM4482   ,P1UHS1_1247 ,P1UHS1_1247 -> P1UDT716  ,
P1UDM4486   ,P1UHS1_1247 ,P1UHS1_1247 -> P1UDT716  ,
P1UDM4487   ,P1UHS1_1247 ,P1UHS1_1247 -> P1UDT716  ,
P1UDM4488   ,P1UHS1_1247 ,P1UHS1_1247 -> P1UDT716  ,
P1UDM4489   ,P1UHS1_1247 ,P1UHS1_1247 -> P1UDT716  ,
P1UDM4491   ,P1UHS1_1247 ,P1UHS1_1247 -> P1UDT716  ,
P1UDM4492   ,P1UHS1_1247 ,P1UHS1_1247 -> P1UDT716  ,
P1UDM4493   ,P1UHS1_1247 ,P1UHS1_1247 -> P1UDT716  ,
P1UDM4494   ,P1UHS1_1247 ,P1UHS1_1247 -> P1UDT716  ,
P1UDM4495   ,P1UHS1_1247 ,P1UHS1_1247 -> P1UDT716  ,
P1UDM4497   ,P1UHS1_1247 ,P1UHS1_1247 -> P1UDT716  ,
P1UDM4498   ,P1UHS1_1247 ,P1UHS1_1247 -> P1UDT716  ,
P1UDM4499   ,P1UHS1_1247 ,P1UHS1_1247 -> P1UDT716  ,
P1UDM4505   ,P1UHS1_1247 ,P1UHS1_1247 -> P1UDT716  ,
P1UDM4506   ,P1UHS1_1247 ,P1UHS1_1247 -> P1UDT716  ,
P1UDM4508   ,P1UHS1_1247 ,P1UHS1_1247 -> P1UDT716  ,
P1UDM4513   ,P1UHS1_1247 ,P1UHS1_1247 -> P1UDT716  ,
P1UDM4515   ,P1UHS1_1247 ,P1UHS1_1247 -> P1UDT716  ,
P1UDM4516   ,P1UHS1_1247 ,P1UHS1_1247 -> P1UDT716  ,
P1UDM4517   ,P1UHS1_1247 ,P1UHS1_1247 -> P1UDT716  ,
P1UDM4518   ,P1UHS1_1247 ,P1UHS1_1247 -> P1UDT716  ,
P1UDM4519   ,P1UHS1_1247 ,P1UHS1_1247 -> P1UDT716  ,
P1UDM4520   ,P1UHS1_1247 ,P1UHS1_1247 -> P1UDT716  ,
P1UDM4521   ,P1UHS1_1247 ,P1UHS1_1247 -> P1UDT716  ,
P1UDM4522   ,P1UHS1_1247 ,P1UHS1_1247 -> P1UDT716  ,
P1UDM4524   ,P1UHS1_1247 ,P1UHS1_1247 -> P1UDT716  ,
P1UDM4525   ,P1UHS1_1247 ,P1UHS1_1247 -> P1UDT716  ,
P1UDM4526   ,P1UHS1_1247 ,P1UHS1_1247 -> P1UDT716  ,
P1UDM4527   ,P1UHS1_1247 ,P1UHS1_1247 -> P1UDT716  ,
P1UDM4528   ,P1UHS1_1247 ,P1UHS1_1247 -> P1UDT716  ,
P1UDM4530   ,P1UHS1_1247 ,P1UHS1_1247 -> P1UDT716  ,
P1UDM4531   ,P1UHS1_1247 ,P1UHS1_1247 -> P1UDT716  ,
P1UDM4532   ,P1UHS1_1247 ,P1UHS1_1247 -> P1UDT716  ,
P1UDM4542   ,P1UHS1_1247 ,P1UHS1_1247 -> P1UDT716  ,
P1UDM4545   ,P1UHS1_1247 ,P1UHS1_1247 -> P1UDT716  ,
P1UDM4546   ,P1UHS1_1247 ,P1UHS1_1247 -> P1UDT716  ,
P1UDM4547   ,P1UHS1_1247 ,P1UHS1_1247 -> P1UDT716  ,
P1UDM4548   ,P1UHS1_1247 ,P1UHS1_1247 -> P1UDT716  ,
P1UDM4549   ,P1UHS1_1247 ,P1UHS1_1247 -> P1UDT716  ,
P1UDM4550   ,P1UHS1_1247 ,P1UHS1_1247 -> P1UDT716  ,
P1UDM4551   ,P1UHS1_1247 ,P1UHS1_1247 -> P1UDT716  ,
P1UDM4555   ,P1UHS1_1247 ,P1UHS1_1247 -> P1UDT716  ,
P1UDM4556   ,P1UHS1_1247 ,P1UHS1_1247 -> P1UDT716  ,
P1UDM4557   ,P1UHS1_1247 ,P1UHS1_1247 -> P1UDT716  ,
P1UDM4558   ,P1UHS1_1247 ,P1UHS1_1247 -> P1UDT716  ,
P1UDM4562   ,P1UHS1_1247 ,P1UHS1_1247 -> P1UDT716  ,
P1UDM4563   ,P1UHS1_1247 ,P1UHS1_1247 -> P1UDT716  ,
P1UDM4564   ,P1UHS1_1247 ,P1UHS1_1247 -> P1UDT716  ,
P1UDM4566   ,P1UHS1_1247 ,P1UHS1_1247 -> P1UDT716  ,
P1UDM4570   ,P1UHS1_1247 ,P1UHS1_1247 -> P1UDT716  ,
P1UDM4571   ,P1UHS1_1247 ,P1UHS1_1247 -> P1UDT716  ,
P1UDM4573   ,P1UHS1_1247 ,P1UHS1_1247 -> P1UDT716  ,
P1UDM4574   ,P1UHS1_1247 ,P1UHS1_1247 -> P1UDT716  ,
P1UDM4575   ,P1UHS1_1247 ,P1UHS1_1247 -> P1UDT716  ,
P1UDM4577   ,P1UHS1_1247 ,P1UHS1_1247 -> P1UDT716  ,
P1UDM4579   ,P1UHS1_1247 ,P1UHS1_1247 -> P1UDT716  ,
P1UDM4582   ,P1UHS1_1247 ,P1UHS1_1247 -> P1UDT716  ,
P1UDM4584   ,P1UHS1_1247 ,P1UHS1_1247 -> P1UDT716  ,
P1UDM4585   ,P1UHS1_1247 ,P1UHS1_1247 -> P1UDT716  ,
P1UDM4586   ,P1UHS1_1247 ,P1UHS1_1247 -> P1UDT716  ,
P1UDM4587   ,P1UHS1_1247 ,P1UHS1_1247 -> P1UDT716  ,
P1UDM4588   ,P1UHS1_1247 ,P1UHS1_1247 -> P1UDT716  ,
P1UDM4589   ,P1UHS1_1247 ,P1UHS1_1247 -> P1UDT716  ,
P1UDM4590   ,P1UHS1_1247 ,P1UHS1_1247 -> P1UDT716  ,
P1UDM4591   ,P1UHS1_1247 ,P1UHS1_1247 -> P1UDT716  ,
P1UDM4592   ,P1UHS1_1247 ,P1UHS1_1247 -> P1UDT716  ,
P1UDM4594   ,P1UHS1_1247 ,P1UHS1_1247 -> P1UDT716  ,
P1UDM4595   ,P1UHS1_1247 ,P1UHS1_1247 -> P1UDT716  ,
P1UDM4596   ,P1UHS1_1247 ,P1UHS1_1247 -> P1UDT716  ,
P1UDM4597   ,P1UHS1_1247 ,P1UHS1_1247 -> P1UDT716  ,
P1UDM4598   ,P1UHS1_1247 ,P1UHS1_1247 -> P1UDT716  ,
P1UDM4604   ,P1UHS1_1247 ,P1UHS1_1247 -> P1UDT716  ,
P1UDM4605   ,P1UHS1_1247 ,P1UHS1_1247 -> P1UDT716  ,
P1UDM4606   ,P1UHS1_1247 ,P1UHS1_1247 -> P1UDT716  ,
P1UDM4607   ,P1UHS1_1247 ,P1UHS1_1247 -> P1UDT716  ,
P1UDM4608   ,P1UHS1_1247 ,P1UHS1_1247 -> P1UDT716  ,
P1UDM4609   ,P1UHS1_1247 ,P1UHS1_1247 -> P1UDT716  ,
P1UDM4610   ,P1UHS1_1247 ,P1UHS1_1247 -> P1UDT716  ,
P1UDM4619   ,P1UHS1_1247 ,P1UHS1_1247 -> P1UDT716  ,
P1UDM4620   ,P1UHS1_1247 ,P1UHS1_1247 -> P1UDT716  ,
P1UDM4621   ,P1UHS1_1247 ,P1UHS1_1247 -> P1UDT716  ,
P1UDM4622   ,P1UHS1_1247 ,P1UHS1_1247 -> P1UDT716  ,
P1UDM4623   ,P1UHS1_1247 ,P1UHS1_1247 -> P1UDT716  ,
P1UDM4625   ,P1UHS1_1247 ,P1UHS1_1247 -> P1UDT716  ,
P1UDM4626   ,P1UHS1_1247 ,P1UHS1_1247 -> P1UDT716  ,
P1UDM4628   ,P1UHS1_1247 ,P1UHS1_1247 -> P1UDT716  ,
P1UDM4629   ,P1UHS1_1247 ,P1UHS1_1247 -> P1UDT716  ,
P1UDM4631   ,P1UHS1_1247 ,P1UHS1_1247 -> P1UDT716  ,
P1UDM4633   ,P1UHS1_1247 ,P1UHS1_1247 -> P1UDT716  ,
P1UDM4636   ,P1UHS1_1247 ,P1UHS1_1247 -> P1UDT716  ,
P1UDM4637   ,P1UHS1_1247 ,P1UHS1_1247 -> P1UDT716  ,
P1UDM4638   ,P1UHS1_1247 ,P1UHS1_1247 -> P1UDT716  ,
P1UDM4639   ,P1UHS1_1247 ,P1UHS1_1247 -> P1UDT716  ,
P1UDM4643   ,P1UHS1_1247 ,P1UHS1_1247 -> P1UDT716  ,
P1UDM4644   ,P1UHS1_1247 ,P1UHS1_1247 -> P1UDT716  ,
P1UDM4645   ,P1UHS1_1247 ,P1UHS1_1247 -> P1UDT716  ,
P1UDM4647   ,P1UHS1_1247 ,P1UHS1_1247 -> P1UDT716  ,
P1UDM4652   ,P1UHS1_1247 ,P1UHS1_1247 -> P1UDT716  ,
P1UDM4654   ,P1UHS1_1247 ,P1UHS1_1247 -> P1UDT716  ,
P1UDM4657   ,P1UHS1_1247 ,P1UHS1_1247 -> P1UDT716  ,
P1UDM4658   ,P1UHS1_1247 ,P1UHS1_1247 -> P1UDT716  ,
P1UDM4660   ,P1UHS1_1247 ,P1UHS1_1247 -> P1UDT716  ,
P1UDM4661   ,P1UHS1_1247 ,P1UHS1_1247 -> P1UDT716  ,
P1UDM4662   ,P1UHS1_1247 ,P1UHS1_1247 -> P1UDT716  ,
P1UDM4666   ,P1UHS1_1247 ,P1UHS1_1247 -> P1UDT716  ,
P1UDM4667   ,P1UHS1_1247 ,P1UHS1_1247 -> P1UDT716  ,
P1UDM4668   ,P1UHS1_1247 ,P1UHS1_1247 -> P1UDT716  ,
P1UDM4670   ,P1UHS1_1247 ,P1UHS1_1247 -> P1UDT716  ,
P1UDM4672   ,P1UHS1_1247 ,P1UHS1_1247 -> P1UDT716  ,
P1UDM4675   ,P1UHS1_1247 ,P1UHS1_1247 -> P1UDT716  ,
P1UDM4676   ,P1UHS1_1247 ,P1UHS1_1247 -> P1UDT716  ,
P1UDM4679   ,P1UHS1_1247 ,P1UHS1_1247 -> P1UDT716  ,
P1UDM4680   ,P1UHS1_1247 ,P1UHS1_1247 -> P1UDT716  ,
P1UDM4684   ,P1UHS1_1247 ,P1UHS1_1247 -> P1UDT716  ,
P1UDM4685   ,P1UHS1_1247 ,P1UHS1_1247 -> P1UDT716  ,
P1UDM4686   ,P1UHS1_1247 ,P1UHS1_1247 -> P1UDT716  ,
P1UDM4689   ,P1UHS1_1247 ,P1UHS1_1247 -> P1UDT716  ,
P1UDM4690   ,P1UHS1_1247 ,P1UHS1_1247 -> P1UDT716  ,
P1UDM4692   ,P1UHS1_1247 ,P1UHS1_1247 -> P1UDT716  ,
P1UDM4693   ,P1UHS1_1247 ,P1UHS1_1247 -> P1UDT716  ,
P1UDM4695   ,P1UHS1_1247 ,P1UHS1_1247 -> P1UDT716  ,
P1UDM4696   ,P1UHS1_1247 ,P1UHS1_1247 -> P1UDT716  ,
P1UDM4697   ,P1UHS1_1247 ,P1UHS1_1247 -> P1UDT716  ,
P1UDM4698   ,P1UHS1_1247 ,P1UHS1_1247 -> P1UDT716  ,
P1UDM4699   ,P1UHS1_1247 ,P1UHS1_1247 -> P1UDT716  ,
P1UDM4700   ,P1UHS1_1247 ,P1UHS1_1247 -> P1UDT716  ,
P1UDM4705   ,P1UHS1_1247 ,P1UHS1_1247 -> P1UDT716  ,
P1UDM4706   ,P1UHS1_1247 ,P1UHS1_1247 -> P1UDT716  ,
P1UDM4708   ,P1UHS1_1247 ,P1UHS1_1247 -> P1UDT716  ,
P1UDM4709   ,P1UHS1_1247 ,P1UHS1_1247 -> P1UDT716  ,
P1UDM4710   ,P1UHS1_1247 ,P1UHS1_1247 -> P1UDT716  ,
P1UDM4711   ,P1UHS1_1247 ,P1UHS1_1247 -> P1UDT716  ,
P1UDM4712   ,P1UHS1_1247 ,P1UHS1_1247 -> P1UDT716  ,
P1UDM4715   ,P1UHS1_1247 ,P1UHS1_1247 -> P1UDT716  ,
P1UDM4717   ,P1UHS1_1247 ,P1UHS1_1247 -> P1UDT716  ,
P1UDM4720   ,P1UHS1_1247 ,P1UHS1_1247 -> P1UDT716  ,
P1UDM4721   ,P1UHS1_1247 ,P1UHS1_1247 -> P1UDT716  ,
P1UDM4722   ,P1UHS1_1247 ,P1UHS1_1247 -> P1UDT716  ,
P1UDM4724   ,P1UHS1_1247 ,P1UHS1_1247 -> P1UDT716  ,
P1UDM4725   ,P1UHS1_1247 ,P1UHS1_1247 -> P1UDT716  ,
P1UDM4726   ,P1UHS1_1247 ,P1UHS1_1247 -> P1UDT716  ,
P1UDM4728   ,P1UHS1_1247 ,P1UHS1_1247 -> P1UDT716  ,
P1UDM4729   ,P1UHS1_1247 ,P1UHS1_1247 -> P1UDT716  ,
P1UDM4731   ,P1UHS1_1247 ,P1UHS1_1247 -> P1UDT716  ,
P1UDM4732   ,P1UHS1_1247 ,P1UHS1_1247 -> P1UDT716  ,
P1UDM4733   ,P1UHS1_1247 ,P1UHS1_1247 -> P1UDT716  ,
P1UDM4734   ,P1UHS1_1247 ,P1UHS1_1247 -> P1UDT716  ,
P1UDM4735   ,P1UHS1_1247 ,P1UHS1_1247 -> P1UDT716  ,
P1UDM4736   ,P1UHS1_1247 ,P1UHS1_1247 -> P1UDT716  ,
P1UDM4739   ,P1UHS1_1247 ,P1UHS1_1247 -> P1UDT716  ,
P1UDM4740   ,P1UHS1_1247 ,P1UHS1_1247 -> P1UDT716  ,
P1UDM4742   ,P1UHS1_1247 ,P1UHS1_1247 -> P1UDT716  ,
P1UDM4743   ,P1UHS1_1247 ,P1UHS1_1247 -> P1UDT716  ,
P1UDM4745   ,P1UHS1_1247 ,P1UHS1_1247 -> P1UDT716  ,
P1UDM4746   ,P1UHS1_1247 ,P1UHS1_1247 -> P1UDT716  ,
P1UDM4747   ,P1UHS1_1247 ,P1UHS1_1247 -> P1UDT716  ,
P1UDM4748   ,P1UHS1_1247 ,P1UHS1_1247 -> P1UDT716  ,
P1UDM4750   ,P1UHS1_1247 ,P1UHS1_1247 -> P1UDT716  ,
P1UDM4751   ,P1UHS1_1247 ,P1UHS1_1247 -> P1UDT716  ,
P1UDM4752   ,P1UHS1_1247 ,P1UHS1_1247 -> P1UDT716  ,
P1UDM4754   ,P1UHS1_1247 ,P1UHS1_1247 -> P1UDT716  ,
P1UDM4755   ,P1UHS1_1247 ,P1UHS1_1247 -> P1UDT716  ,
P1UDM4757   ,P1UHS1_1247 ,P1UHS1_1247 -> P1UDT716  ,
P1UDM4758   ,P1UHS1_1247 ,P1UHS1_1247 -> P1UDT716  ,
P1UDM4759   ,P1UHS1_1247 ,P1UHS1_1247 -> P1UDT716  ,
P1UDM4760   ,P1UHS1_1247 ,P1UHS1_1247 -> P1UDT716  ,
P1UDM4761   ,P1UHS1_1247 ,P1UHS1_1247 -> P1UDT716  ,
P1UDM4762   ,P1UHS1_1247 ,P1UHS1_1247 -> P1UDT716  ,
P1UDM4766   ,P1UHS1_1247 ,P1UHS1_1247 -> P1UDT716  ,
P1UDM4767   ,P1UHS1_1247 ,P1UHS1_1247 -> P1UDT716  ,
P1UDM4769   ,P1UHS1_1247 ,P1UHS1_1247 -> P1UDT716  ,
P1UDM4770   ,P1UHS1_1247 ,P1UHS1_1247 -> P1UDT716  ,
P1UDM4771   ,P1UHS1_1247 ,P1UHS1_1247 -> P1UDT716  ,
P1UDM4772   ,P1UHS1_1247 ,P1UHS1_1247 -> P1UDT716  ,
P1UDM4773   ,P1UHS1_1247 ,P1UHS1_1247 -> P1UDT716  ,
P1UDM4774   ,P1UHS1_1247 ,P1UHS1_1247 -> P1UDT716  ,
P1UDM4776   ,P1UHS1_1247 ,P1UHS1_1247 -> P1UDT716  ,
P1UDM4777   ,P1UHS1_1247 ,P1UHS1_1247 -> P1UDT716  ,
P1UDM4778   ,P1UHS1_1247 ,P1UHS1_1247 -> P1UDT716  ,
P1UDM4779   ,P1UHS1_1247 ,P1UHS1_1247 -> P1UDT716  ,
P1UDM4782   ,P1UHS1_1247 ,P1UHS1_1247 -> P1UDT716  ,
P1UDM4783   ,P1UHS1_1247 ,P1UHS1_1247 -> P1UDT716  ,
P1UDM4784   ,P1UHS1_1247 ,P1UHS1_1247 -> P1UDT716  ,
P1UDM4785   ,P1UHS1_1247 ,P1UHS1_1247 -> P1UDT716  ,
P1UDM4788   ,P1UHS1_1247 ,P1UHS1_1247 -> P1UDT716  ,
P1UDM4791   ,P1UHS1_1247 ,P1UHS1_1247 -> P1UDT716  ,
P1UDM4792   ,P1UHS1_1247 ,P1UHS1_1247 -> P1UDT716  ,
P1UDM4793   ,P1UHS1_1247 ,P1UHS1_1247 -> P1UDT716  ,
P1UDM4797   ,P1UHS1_1247 ,P1UHS1_1247 -> P1UDT716  ,
P1UDM4798   ,P1UHS1_1247 ,P1UHS1_1247 -> P1UDT716  ,
P1UDM4799   ,P1UHS1_1247 ,P1UHS1_1247 -> P1UDT716  ,
P1UDM4800   ,P1UHS1_1247 ,P1UHS1_1247 -> P1UDT716  ,
P1UDM4801   ,P1UHS1_1247 ,P1UHS1_1247 -> P1UDT716  ,
P1UDM4802   ,P1UHS1_1247 ,P1UHS1_1247 -> P1UDT716  ,
P1UDM4805   ,P1UHS1_1247 ,P1UHS1_1247 -> P1UDT716  ,
P1UDM4807   ,P1UHS1_1247 ,P1UHS1_1247 -> P1UDT716  ,
P1UDM4808   ,P1UHS1_1247 ,P1UHS1_1247 -> P1UDT716  ,
P1UDM4809   ,P1UHS1_1247 ,P1UHS1_1247 -> P1UDT716  ,
P1UDM4810   ,P1UHS1_1247 ,P1UHS1_1247 -> P1UDT716  ,
P1UDM4811   ,P1UHS1_1247 ,P1UHS1_1247 -> P1UDT716  ,
P1UDM4812   ,P1UHS1_1247 ,P1UHS1_1247 -> P1UDT716  ,
P1UDM4814   ,P1UHS1_1247 ,P1UHS1_1247 -> P1UDT716  ,
P1UDM4815   ,P1UHS1_1247 ,P1UHS1_1247 -> P1UDT716  ,
P1UDM4816   ,P1UHS1_1247 ,P1UHS1_1247 -> P1UDT716  ,
P1UDM4817   ,P1UHS1_1247 ,P1UHS1_1247 -> P1UDT716  ,
P1UDM4818   ,P1UHS1_1247 ,P1UHS1_1247 -> P1UDT716  ,
P1UDM4819   ,P1UHS1_1247 ,P1UHS1_1247 -> P1UDT716  ,
P1UDM4823   ,P1UHS1_1247 ,P1UHS1_1247 -> P1UDT716  ,
P1UDM4824   ,P1UHS1_1247 ,P1UHS1_1247 -> P1UDT716  ,
P1UDM4825   ,P1UHS1_1247 ,P1UHS1_1247 -> P1UDT716  ,
P1UDM4829   ,P1UHS2_1247 ,P1UHS2_1247 -> P1UDT813  ,
P1UDM4830   ,P1UHS2_1247 ,P1UHS2_1247 -> P1UDT813  ,
P1UDM4832   ,P1UHS2_1247 ,P1UHS2_1247 -> P1UDT813  ,
P1UDM4833   ,P1UHS2_1247 ,P1UHS2_1247 -> P1UDT813  ,
P1UDM4834   ,P1UHS2_1247 ,P1UHS2_1247 -> P1UDT813  ,
P1UDM4835   ,P1UHS2_1247 ,P1UHS2_1247 -> P1UDT813  ,
P1UDM4836   ,P1UHS2_1247 ,P1UHS2_1247 -> P1UDT813  ,
P1UDM4839   ,P1UHS2_1247 ,P1UHS2_1247 -> P1UDT813  ,
P1UDM4840   ,P1UHS2_1247 ,P1UHS2_1247 -> P1UDT813  ,
P1UDM4841   ,P1UHS2_1247 ,P1UHS2_1247 -> P1UDT813  ,
P1UDM4842   ,P1UHS2_1247 ,P1UHS2_1247 -> P1UDT813  ,
P1UDM4843   ,P1UHS2_1247 ,P1UHS2_1247 -> P1UDT813  ,
P1UDM4844   ,P1UHS2_1247 ,P1UHS2_1247 -> P1UDT813  ,
P1UDM4845   ,P1UHS2_1247 ,P1UHS2_1247 -> P1UDT813  ,
P1UDM4846   ,P1UHS2_1247 ,P1UHS2_1247 -> P1UDT813  ,
P1UDM4847   ,P1UHS2_1247 ,P1UHS2_1247 -> P1UDT813  ,
P1UDM4848   ,P1UHS2_1247 ,P1UHS2_1247 -> P1UDT813  ,
P1UDM4851   ,P1UHS2_1247 ,P1UHS2_1247 -> P1UDT813  ,
P1UDM4852   ,P1UHS2_1247 ,P1UHS2_1247 -> P1UDT813  ,
P1UDM4853   ,P1UHS2_1247 ,P1UHS2_1247 -> P1UDT813  ,
P1UDM4854   ,P1UHS2_1247 ,P1UHS2_1247 -> P1UDT813  ,
P1UDM4855   ,P1UHS2_1247 ,P1UHS2_1247 -> P1UDT813  ,
P1UDM4857   ,P1UHS2_1247 ,P1UHS2_1247 -> P1UDT813  ,
P1UDM4861   ,P1UHS2_1247 ,P1UHS2_1247 -> P1UDT813  ,
P1UDM4862   ,P1UHS2_1247 ,P1UHS2_1247 -> P1UDT813  ,
P1UDM4864   ,P1UHS2_1247 ,P1UHS2_1247 -> P1UDT813  ,
P1UDM4865   ,P1UHS2_1247 ,P1UHS2_1247 -> P1UDT813  ,
P1UDM4866   ,P1UHS2_1247 ,P1UHS2_1247 -> P1UDT813  ,
P1UDM4867   ,P1UHS2_1247 ,P1UHS2_1247 -> P1UDT813  ,
P1UDM4869   ,P1UHS2_1247 ,P1UHS2_1247 -> P1UDT813  ,
P1UDM4870   ,P1UHS2_1247 ,P1UHS2_1247 -> P1UDT813  ,
P1UDM4871   ,P1UHS2_1247 ,P1UHS2_1247 -> P1UDT813  ,
P1UDM4872   ,P1UHS2_1247 ,P1UHS2_1247 -> P1UDT813  ,
P1UDM4873   ,P1UHS2_1247 ,P1UHS2_1247 -> P1UDT813  ,
P1UDM4874   ,P1UHS2_1247 ,P1UHS2_1247 -> P1UDT813  ,
P1UDM4878   ,P1UHS2_1247 ,P1UHS2_1247 -> P1UDT813  ,
P1UDM4879   ,P1UHS2_1247 ,P1UHS2_1247 -> P1UDT813  ,
P1UDM4883   ,P1UHS2_1247 ,P1UHS2_1247 -> P1UDT813  ,
P1UDM4884   ,P1UHS2_1247 ,P1UHS2_1247 -> P1UDT813  ,
P1UDM4886   ,P1UHS2_1247 ,P1UHS2_1247 -> P1UDT813  ,
P1UDM4891   ,P1UHS2_1247 ,P1UHS2_1247 -> P1UDT813  ,
P1UDM4893   ,P1UHS2_1247 ,P1UHS2_1247 -> P1UDT813  ,
P1UDM4894   ,P1UHS2_1247 ,P1UHS2_1247 -> P1UDT813  ,
P1UDM4896   ,P1UHS2_1247 ,P1UHS2_1247 -> P1UDT813  ,
P1UDM4897   ,P1UHS2_1247 ,P1UHS2_1247 -> P1UDT813  ,
P1UDM4898   ,P1UHS2_1247 ,P1UHS2_1247 -> P1UDT813  ,
P1UDM4904   ,P1UHS2_1247 ,P1UHS2_1247 -> P1UDT813  ,
P1UDM4906   ,P1UHS2_1247 ,P1UHS2_1247 -> P1UDT813  ,
P1UDM4907   ,P1UHS2_1247 ,P1UHS2_1247 -> P1UDT813  ,
P1UDM4911   ,P1UHS2_1247 ,P1UHS2_1247 -> P1UDT813  ,
P1UDM4912   ,P1UHS2_1247 ,P1UHS2_1247 -> P1UDT813  ,
P1UDM4913   ,P1UHS2_1247 ,P1UHS2_1247 -> P1UDT813  ,
P1UDM4914   ,P1UHS2_1247 ,P1UHS2_1247 -> P1UDT813  ,
P1UDM4915   ,P1UHS2_1247 ,P1UHS2_1247 -> P1UDT813  ,
P1UDM4916   ,P1UHS2_1247 ,P1UHS2_1247 -> P1UDT813  ,
P1UDM4919   ,P1UHS2_1247 ,P1UHS2_1247 -> P1UDT813  ,
P1UDM4921   ,P1UHS2_1247 ,P1UHS2_1247 -> P1UDT813  ,
P1UDM4922   ,P1UHS2_1247 ,P1UHS2_1247 -> P1UDT813  ,
P1UDM4923   ,P1UHS2_1247 ,P1UHS2_1247 -> P1UDT813  ,
P1UDM4924   ,P1UHS2_1247 ,P1UHS2_1247 -> P1UDT813  ,
P1UDM4927   ,P1UHS2_1247 ,P1UHS2_1247 -> P1UDT813  ,
P1UDM4934   ,P1UHS2_1247 ,P1UHS2_1247 -> P1UDT813  ,
P1UDM4935   ,P1UHS2_1247 ,P1UHS2_1247 -> P1UDT813  ,
P1UDM4937   ,P1UHS2_1247 ,P1UHS2_1247 -> P1UDT813  ,
P1UDM4938   ,P1UHS2_1247 ,P1UHS2_1247 -> P1UDT813  ,
P1UDM4940   ,P1UHS2_1247 ,P1UHS2_1247 -> P1UDT813  ,
P1UDM4942   ,P1UHS2_1247 ,P1UHS2_1247 -> P1UDT813  ,
P1UDM4943   ,P1UHS2_1247 ,P1UHS2_1247 -> P1UDT813  ,
P1UDM4944   ,P1UHS2_1247 ,P1UHS2_1247 -> P1UDT813  ,
P1UDM4945   ,P1UHS2_1247 ,P1UHS2_1247 -> P1UDT813  ,
P1UDM4952   ,P1UHS2_1247 ,P1UHS2_1247 -> P1UDT813  ,
P1UDM4953   ,P1UHS2_1247 ,P1UHS2_1247 -> P1UDT813  ,
P1UDM4955   ,P1UHS2_1247 ,P1UHS2_1247 -> P1UDT813  ,
P1UDM4956   ,P1UHS2_1247 ,P1UHS2_1247 -> P1UDT813  ,
P1UDM4958   ,P1UHS2_1247 ,P1UHS2_1247 -> P1UDT813  ,
P1UDM4962   ,P1UHS2_1247 ,P1UHS2_1247 -> P1UDT813  ,
P1UDM4963   ,P1UHS2_1247 ,P1UHS2_1247 -> P1UDT813  ,
P1UDM4964   ,P1UHS2_1247 ,P1UHS2_1247 -> P1UDT813  ,
P1UDM4965   ,P1UHS2_1247 ,P1UHS2_1247 -> P1UDT813  ,
P1UDM4966   ,P1UHS2_1247 ,P1UHS2_1247 -> P1UDT813  ,
P1UDM4968   ,P1UHS1_1247 ,P1UHS1_1247 -> P1UDT1324 ,
P1UDM4969   ,P1UHS1_1247 ,P1UHS1_1247 -> P1UDT1324 ,
P1UDM4970   ,P1UHS1_1247 ,P1UHS1_1247 -> P1UDT1324 ,
P1UDM4971   ,P1UHS1_1247 ,P1UHS1_1247 -> P1UDT1324 ,
P1UDM4972   ,P1UHS1_1247 ,P1UHS1_1247 -> P1UDT1324 ,
P1UDM4976   ,P1UHS1_1247 ,P1UHS1_1247 -> P1UDT1324 ,
P1UDM4977   ,P1UHS1_1247 ,P1UHS1_1247 -> P1UDT1324 ,
P1UDM4979   ,P1UHS1_1247 ,P1UHS1_1247 -> P1UDT1324 ,
P1UDM4981   ,P1UHS1_1247 ,P1UHS1_1247 -> P1UDT1324 ,
P1UDM4983   ,P1UHS1_1247 ,P1UHS1_1247 -> P1UDT1324 ,
P1UDM4986   ,P1UHS1_1247 ,P1UHS1_1247 -> P1UDT1324 ,
P1UDM4988   ,P1UHS1_1247 ,P1UHS1_1247 -> P1UDT1324 ,
P1UDM4989   ,P1UHS1_1247 ,P1UHS1_1247 -> P1UDT1324 ,
P1UDM4991   ,P1UHS1_1247 ,P1UHS1_1247 -> P1UDT1324 ,
P1UDM4994   ,P1UHS1_1247 ,P1UHS1_1247 -> P1UDT1324 ,
P1UDM4996   ,P1UHS1_1247 ,P1UHS1_1247 -> P1UDT1324 ,
P1UDM4997   ,P1UHS1_1247 ,P1UHS1_1247 -> P1UDT1324 ,
P1UDM4999   ,P1UHS1_1247 ,P1UHS1_1247 -> P1UDT1324 ,
P1UDM5002   ,P1UHS1_1247 ,P1UHS1_1247 -> P1UDT1324 ,
P1UDM5003   ,P1UHS1_1247 ,P1UHS1_1247 -> P1UDT1324 ,
P1UDM5006   ,P1UHS2_1247 ,P1UHS2_1247 -> P1UDT813  ,
P1UDM5007   ,P1UHS2_1247 ,P1UHS2_1247 -> P1UDT813  ,
P1UDM5008   ,P1UHS2_1247 ,P1UHS2_1247 -> P1UDT813  ,
P1UDM5009   ,P1UHS2_1247 ,P1UHS2_1247 -> P1UDT813  ,
P1UDM5010   ,P1UHS2_1247 ,P1UHS2_1247 -> P1UDT813  ,
P1UDM5011   ,P1UHS2_1247 ,P1UHS2_1247 -> P1UDT813  ,
P1UDM5012   ,P1UHS2_1247 ,P1UHS2_1247 -> P1UDT813  ,
P1UDM5020   ,P1UHS2_1247 ,P1UHS2_1247 -> P1UDT813  ,
P1UDM5022   ,P1UHS2_1247 ,P1UHS2_1247 -> P1UDT813  ,
P1UDM5023   ,P1UHS2_1247 ,P1UHS2_1247 -> P1UDT813  ,
P1UDM5027   ,P1UHS2_1247 ,P1UHS2_1247 -> P1UDT813  ,
P1UDM5029   ,P1UHS2_1247 ,P1UHS2_1247 -> P1UDT813  ,
P1UDM5030   ,P1UHS2_1247 ,P1UHS2_1247 -> P1UDT813  ,
P1UDM5033   ,P1UHS2_1247 ,P1UHS2_1247 -> P1UDT813  ,
P1UDM5034   ,P1UHS2_1247 ,P1UHS2_1247 -> P1UDT813  ,
P1UDM5035   ,P1UHS2_1247 ,P1UHS2_1247 -> P1UDT813  ,
P1UDM5037   ,P1UHS1_1247 ,P1UHS1_1247 -> P1UDT1324 ,
P1UDM5038   ,P1UHS1_1247 ,P1UHS1_1247 -> P1UDT1324 ,
P1UDM5040   ,P1UHS1_1247 ,P1UHS1_1247 -> P1UDT1324 ,
P1UDM5041   ,P1UHS1_1247 ,P1UHS1_1247 -> P1UDT1324 ,
P1UDM5045   ,P1UHS1_1247 ,P1UHS1_1247 -> P1UDT1324 ,
P1UDM5046   ,P1UHS1_1247 ,P1UHS1_1247 -> P1UDT1324 ,
P1UDM5049   ,P1UHS1_1247 ,P1UHS1_1247 -> P1UDT1324 ,
P1UDM5050   ,P1UHS1_1247 ,P1UHS1_1247 -> P1UDT1324 ,
P1UDM5051   ,P1UHS1_1247 ,P1UHS1_1247 -> P1UDT1324 ,
P1UDM5053   ,P1UHS1_1247 ,P1UHS1_1247 -> P1UDT1324 ,
P1UDM5054   ,P1UHS1_1247 ,P1UHS1_1247 -> P1UDT1324 ,
P1UDM5057   ,P1UHS1_1247 ,P1UHS1_1247 -> P1UDT1324 ,
P1UDM5058   ,P1UHS1_1247 ,P1UHS1_1247 -> P1UDT1324 ,
P1UDM5059   ,P1UHS1_1247 ,P1UHS1_1247 -> P1UDT1324 ,
P1UDM5060   ,P1UHS1_1247 ,P1UHS1_1247 -> P1UDT1324 ,
P1UDM5062   ,P1UHS1_1247 ,P1UHS1_1247 -> P1UDT1324 ,
P1UDM5063   ,P1UHS1_1247 ,P1UHS1_1247 -> P1UDT1324 ,
P1UDM5071   ,P1UHS1_1247 ,P1UHS1_1247 -> P1UDT1324 ,
P1UDM5072   ,P1UHS1_1247 ,P1UHS1_1247 -> P1UDT1324 ,
P1UDM5075   ,P1UHS1_1247 ,P1UHS1_1247 -> P1UDT1324 ,
P1UDM5076   ,P1UHS1_1247 ,P1UHS1_1247 -> P1UDT1324 ,
P1UDM5078   ,P1UHS1_1247 ,P1UHS1_1247 -> P1UDT1324 ,
P1UDM5080   ,P1UHS1_1247 ,P1UHS1_1247 -> P1UDT1324 ,
P1UDM5081   ,P1UHS1_1247 ,P1UHS1_1247 -> P1UDT1324 ,
P1UDM5084   ,P1UHS1_1247 ,P1UHS1_1247 -> P1UDT1324 ,
P1UDM5087   ,P1UHS1_1247 ,P1UHS1_1247 -> P1UDT1324 ,
P1UDM5089   ,P1UHS1_1247 ,P1UHS1_1247 -> P1UDT1324 ,
P1UDM5091   ,P1UHS1_1247 ,P1UHS1_1247 -> P1UDT1324 ,
P1UDM5092   ,P1UHS1_1247 ,P1UHS1_1247 -> P1UDT1324 ,
P1UDM5093   ,P1UHS1_1247 ,P1UHS1_1247 -> P1UDT1324 ,
P1UDM5095   ,P1UHS1_1247 ,P1UHS1_1247 -> P1UDT1324 ,
P1UDM5097   ,P1UHS1_1247 ,P1UHS1_1247 -> P1UDT1324 ,
P1UDM5098   ,P1UHS1_1247 ,P1UHS1_1247 -> P1UDT1324 ,
P1UDM5099   ,P1UHS1_1247 ,P1UHS1_1247 -> P1UDT1324 ,
P1UDM5100   ,P1UHS1_1247 ,P1UHS1_1247 -> P1UDT1324 ,
P1UDM5102   ,P1UHS1_1247 ,P1UHS1_1247 -> P1UDT1324 ,
P1UDM5103   ,P1UHS1_1247 ,P1UHS1_1247 -> P1UDT1324 ,
P1UDM5104   ,P1UHS1_1247 ,P1UHS1_1247 -> P1UDT1324 ,
P1UDM5112   ,P1UHS1_1247 ,P1UHS1_1247 -> P1UDT1324 ,
P1UDM5113   ,P1UHS1_1247 ,P1UHS1_1247 -> P1UDT1324 ,
P1UDM5115   ,P1UHS1_1247 ,P1UHS1_1247 -> P1UDT1324 ,
P1UDM5116   ,P1UHS1_1247 ,P1UHS1_1247 -> P1UDT1324 ,
P1UDM5122   ,P1UHS1_1247 ,P1UHS1_1247 -> P1UDT1324 ,
P1UDM5124   ,P1UHS1_1247 ,P1UHS1_1247 -> P1UDT1324 ,
P1UDM5125   ,P1UHS1_1247 ,P1UHS1_1247 -> P1UDT1324 ,
P1UDM5127   ,P1UHS1_1247 ,P1UHS1_1247 -> P1UDT1324 ,
P1UDM5128   ,P1UHS1_1247 ,P1UHS1_1247 -> P1UDT1324 ,
P1UDM5130   ,P1UHS1_1247 ,P1UHS1_1247 -> P1UDT1324 ,
P1UDM5131   ,P1UHS1_1247 ,P1UHS1_1247 -> P1UDT1324 ,
P1UDM5132   ,P1UHS1_1247 ,P1UHS1_1247 -> P1UDT1324 ,
P1UDM5134   ,P1UHS1_1247 ,P1UHS1_1247 -> P1UDT1324 ,
P1UDM5135   ,P1UHS1_1247 ,P1UHS1_1247 -> P1UDT1324 ,
P1UDM5136   ,P1UHS1_1247 ,P1UHS1_1247 -> P1UDT1324 ,
P1UDM5138   ,P1UHS1_1247 ,P1UHS1_1247 -> P1UDT1324 ,
P1UDM5139   ,P1UHS1_1247 ,P1UHS1_1247 -> P1UDT1324 ,
P1UDM5140   ,P1UHS1_1247 ,P1UHS1_1247 -> P1UDT1324 ,
P1UDM5141   ,P1UHS1_1247 ,P1UHS1_1247 -> P1UDT1324 ,
P1UDM5142   ,P1UHS1_1247 ,P1UHS1_1247 -> P1UDT1324 ,
P1UDM5144   ,P1UHS1_1247 ,P1UHS1_1247 -> P1UDT1324 ,
P1UDM5146   ,P1UHS1_1247 ,P1UHS1_1247 -> P1UDT1324 ,
P1UDM5148   ,P1UHS1_1247 ,P1UHS1_1247 -> P1UDT1324 ,
P1UDM5149   ,P1UHS2_1247 ,P1UHS2_1247 -> P1UDT813  ,
P1UDM5150   ,P1UHS2_1247 ,P1UHS2_1247 -> P1UDT813  ,
P1UDM5151   ,P1UHS2_1247 ,P1UHS2_1247 -> P1UDT813  ,
P1UDM5152   ,P1UHS2_1247 ,P1UHS2_1247 -> P1UDT813  ,
P1UDM5153   ,P1UHS2_1247 ,P1UHS2_1247 -> P1UDT813  ,
P1UDM5154   ,P1UHS2_1247 ,P1UHS2_1247 -> P1UDT813  ,
P1UDM5160   ,P1UHS2_1247 ,P1UHS2_1247 -> P1UDT813  ,
P1UDM5164   ,P1UHS2_1247 ,P1UHS2_1247 -> P1UDT813  ,
P1UDM5166   ,P1UHS2_1247 ,P1UHS2_1247 -> P1UDT813  ,
P1UDM5167   ,P1UHS2_1247 ,P1UHS2_1247 -> P1UDT813  ,
P1UDM5170   ,P1UHS2_1247 ,P1UHS2_1247 -> P1UDT813  ,
P1UDM5172   ,P1UHS2_1247 ,P1UHS2_1247 -> P1UDT813  ,
P1UDM5174   ,P1UHS2_1247 ,P1UHS2_1247 -> P1UDT813  ,
P1UDM5177   ,P1UHS2_1247 ,P1UHS2_1247 -> P1UDT813  ,
P1UDM5178   ,P1UHS2_1247 ,P1UHS2_1247 -> P1UDT813  ,
P1UDM5180   ,P1UHS2_1247 ,P1UHS2_1247 -> P1UDT813  ,
P1UDM5181   ,P1UHS1_1247 ,P1UHS1_1247 -> P1UDT1324 ,
P1UDM5183   ,P1UHS1_1247 ,P1UHS1_1247 -> P1UDT1324 ,
P1UDM5184   ,P1UHS1_1247 ,P1UHS1_1247 -> P1UDT1324 ,
P1UDM5185   ,P1UHS1_1247 ,P1UHS1_1247 -> P1UDT1324 ,
P1UDM5186   ,P1UHS1_1247 ,P1UHS1_1247 -> P1UDT1324 ,
P1UDM5188   ,P1UHS2_1247 ,P1UHS2_1247 -> P1UDT813  ,
P1UDM5189   ,P1UHS2_1247 ,P1UHS2_1247 -> P1UDT813  ,
P1UDM5191   ,P1UHS2_1247 ,P1UHS2_1247 -> P1UDT813  ,
P1UDM5193   ,P1UHS2_1247 ,P1UHS2_1247 -> P1UDT813  ,
P1UDM5194   ,P1UHS2_1247 ,P1UHS2_1247 -> P1UDT813  ,
P1UDM5195   ,P1UHS2_1247 ,P1UHS2_1247 -> P1UDT813  ,
P1UDM5196   ,P1UHS2_1247 ,P1UHS2_1247 -> P1UDT813  ,
P1UDM5197   ,P1UHS2_1247 ,P1UHS2_1247 -> P1UDT813  ,
P1UDM5198   ,P1UHS2_1247 ,P1UHS2_1247 -> P1UDT813  ,
P1UDM5199   ,P1UHS2_1247 ,P1UHS2_1247 -> P1UDT813  ,
P1UDM5200   ,P1UHS2_1247 ,P1UHS2_1247 -> P1UDT813  ,
P1UDM5201   ,P1UHS2_1247 ,P1UHS2_1247 -> P1UDT813  ,
P1UDM5202   ,P1UHS2_1247 ,P1UHS2_1247 -> P1UDT813  ,
P1UDM5203   ,P1UHS2_1247 ,P1UHS2_1247 -> P1UDT813  ,
P1UDM5205   ,P1UHS2_1247 ,P1UHS2_1247 -> P1UDT813  ,
P1UDM5206   ,P1UHS2_1247 ,P1UHS2_1247 -> P1UDT813  ,
P1UDM5207   ,P1UHS2_1247 ,P1UHS2_1247 -> P1UDT813  ,
P1UDM5208   ,P1UHS2_1247 ,P1UHS2_1247 -> P1UDT813  ,
P1UDM5209   ,P1UHS2_1247 ,P1UHS2_1247 -> P1UDT813  ,
P1UDM5211   ,P1UHS2_1247 ,P1UHS2_1247 -> P1UDT813  ,
P1UDM5212   ,P1UHS2_1247 ,P1UHS2_1247 -> P1UDT813  ,
P1UDM5213   ,P1UHS2_1247 ,P1UHS2_1247 -> P1UDT813  ,
P1UDM5215   ,P1UHS2_1247 ,P1UHS2_1247 -> P1UDT813  ,
P1UDM5217   ,P1UHS1_1247 ,P1UHS1_1247 -> P1UDT1324 ,
P1UDM5218   ,P1UHS1_1247 ,P1UHS1_1247 -> P1UDT1324 ,
P1UDM5220   ,P1UHS1_1247 ,P1UHS1_1247 -> P1UDT1324 ,
P1UDM5221   ,P1UHS1_1247 ,P1UHS1_1247 -> P1UDT1324 ,
P1UDM5222   ,P1UHS1_1247 ,P1UHS1_1247 -> P1UDT1324 ,
P1UDM5223   ,P1UHS1_1247 ,P1UHS1_1247 -> P1UDT1324 ,
P1UDM5225   ,P1UHS2_1247 ,P1UHS2_1247 -> P1UDT813  ,
P1UDM5226   ,P1UHS2_1247 ,P1UHS2_1247 -> P1UDT813  ,
P1UDM5229   ,P1UHS2_1247 ,P1UHS2_1247 -> P1UDT813  ,
P1UDM5230   ,P1UHS2_1247 ,P1UHS2_1247 -> P1UDT813  ,
P1UDM5231   ,P1UHS2_1247 ,P1UHS2_1247 -> P1UDT813  ,
P1UDM5232   ,P1UHS2_1247 ,P1UHS2_1247 -> P1UDT813  ,
P1UDM5233   ,P1UHS2_1247 ,P1UHS2_1247 -> P1UDT813  ,
P1UDM5234   ,P1UHS2_1247 ,P1UHS2_1247 -> P1UDT813  ,
P1UDM5235   ,P1UHS2_1247 ,P1UHS2_1247 -> P1UDT813  ,
P1UDM5236   ,P1UHS2_1247 ,P1UHS2_1247 -> P1UDT813  ,
P1UDM5237   ,P1UHS2_1247 ,P1UHS2_1247 -> P1UDT813  ,
P1UDM5238   ,P1UHS2_1247 ,P1UHS2_1247 -> P1UDT813  ,
P1UDM5239   ,P1UHS2_1247 ,P1UHS2_1247 -> P1UDT813  ,
P1UDM5240   ,P1UHS2_1247 ,P1UHS2_1247 -> P1UDT813  ,
P1UDM5242   ,P1UHS2_1247 ,P1UHS2_1247 -> P1UDT813  ,
P1UDM5244   ,P1UHS2_1247 ,P1UHS2_1247 -> P1UDT813  ,
P1UDM5248   ,P1UHS2_1247 ,P1UHS2_1247 -> P1UDT813  ,
P1UDM5249   ,P1UHS2_1247 ,P1UHS2_1247 -> P1UDT813  ,
P1UDM5254   ,P1UHS2_1247 ,P1UHS2_1247 -> P1UDT813  ,
P1UDM5255   ,P1UHS2_1247 ,P1UHS2_1247 -> P1UDT813  ,
P1UDM5256   ,P1UHS2_1247 ,P1UHS2_1247 -> P1UDT813  ,
P1UDM5257   ,P1UHS2_1247 ,P1UHS2_1247 -> P1UDT813  ,
P1UDM5259   ,P1UHS2_1247 ,P1UHS2_1247 -> P1UDT813  ,
P1UDM5265   ,P1UHS2_1247 ,P1UHS2_1247 -> P1UDT813  ,
P1UDM5268   ,P1UHS2_1247 ,P1UHS2_1247 -> P1UDT813  ,
P1UDM5269   ,P1UHS2_1247 ,P1UHS2_1247 -> P1UDT813  ,
P1UDM5270   ,P1UHS2_1247 ,P1UHS2_1247 -> P1UDT813  ,
P1UDM5271   ,P1UHS2_1247 ,P1UHS2_1247 -> P1UDT813  ,
P1UDM5278   ,P1UHS2_1247 ,P1UHS2_1247 -> P1UDT813  ,
P1UDM5281   ,P1UHS2_1247 ,P1UHS2_1247 -> P1UDT813  ,
P1UDM5284   ,P1UHS2_1247 ,P1UHS2_1247 -> P1UDT813  ,
P1UDM5289   ,P1UHS2_1247 ,P1UHS2_1247 -> P1UDT813  ,
P1UDM5292   ,P1UHS2_1247 ,P1UHS2_1247 -> P1UDT813  ,
P1UDM5294   ,P1UHS2_1247 ,P1UHS2_1247 -> P1UDT813  ,
P1UDM5299   ,P1UHS1_1247 ,P1UHS1_1247 -> P1UDT1324 ,
P1UDM5308   ,P1UHS1_1247 ,P1UHS1_1247 -> P1UDT1324 ,
P1UDM5309   ,P1UHS1_1247 ,P1UHS1_1247 -> P1UDT1324 ,
P1UDM5313   ,P1UHS1_1247 ,P1UHS1_1247 -> P1UDT1324 ,
P1UDM5314   ,P1UHS1_1247 ,P1UHS1_1247 -> P1UDT1324 ,
P1UDM5317   ,P1UHS1_1247 ,P1UHS1_1247 -> P1UDT1324 ,
P1UDM5318   ,P1UHS1_1247 ,P1UHS1_1247 -> P1UDT1324 ,
P1UDM5319   ,P1UHS1_1247 ,P1UHS1_1247 -> P1UDT1324 ,
P1UDM5320   ,P1UHS1_1247 ,P1UHS1_1247 -> P1UDT1324 ,
P1UDM5324   ,P1UHS1_1247 ,P1UHS1_1247 -> P1UDT1324 ,
P1UDM5325   ,P1UHS1_1247 ,P1UHS1_1247 -> P1UDT1324 ,
P1UDM5326   ,P1UHS1_1247 ,P1UHS1_1247 -> P1UDT1324 ,
P1UDM5328   ,P1UHS1_1247 ,P1UHS1_1247 -> P1UDT1324 ,
P1UDM5329   ,P1UHS1_1247 ,P1UHS1_1247 -> P1UDT1324 ,
P1UDM5331   ,P1UHS1_1247 ,P1UHS1_1247 -> P1UDT1324 ,
P1UDM5332   ,P1UHS1_1247 ,P1UHS1_1247 -> P1UDT1324 ,
P1UDM5336   ,P1UHS1_1247 ,P1UHS1_1247 -> P1UDT1324 ,
P1UDM5337   ,P1UHS1_1247 ,P1UHS1_1247 -> P1UDT1324 ,
P1UDM5339   ,P1UHS1_1247 ,P1UHS1_1247 -> P1UDT1324 ,
P1UDM5340   ,P1UHS1_1247 ,P1UHS1_1247 -> P1UDT1324 ,
P1UDM5342   ,P1UHS1_1247 ,P1UHS1_1247 -> P1UDT1324 ,
P1UDM5346   ,P1UHS1_1247 ,P1UHS1_1247 -> P1UDT1324 ,
P1UDM5347   ,P1UHS1_1247 ,P1UHS1_1247 -> P1UDT1324 ,
P1UDM5348   ,P1UHS1_1247 ,P1UHS1_1247 -> P1UDT1324 ,
P1UDM5351   ,P1UHS1_1247 ,P1UHS1_1247 -> P1UDT1324 ,
P1UDM5354   ,P1UHS1_1247 ,P1UHS1_1247 -> P1UDT1324 ,
P1UDM5355   ,P1UHS1_1247 ,P1UHS1_1247 -> P1UDT1324 ,
P1UDM5360   ,P1UHS1_1247 ,P1UHS1_1247 -> P1UDT1324 ,
P1UDM5361   ,P1UHS1_1247 ,P1UHS1_1247 -> P1UDT1324 ,
P1UDM5363   ,P1UHS1_1247 ,P1UHS1_1247 -> P1UDT1324 ,
P1UDM5366   ,P1UHS2_1247 ,P1UHS2_1247 -> P1UDT813  ,
P1UDM5367   ,P1UHS2_1247 ,P1UHS2_1247 -> P1UDT813  ,
P1UDM5368   ,P1UHS2_1247 ,P1UHS2_1247 -> P1UDT813  ,
P1UDM5372   ,P1UHS2_1247 ,P1UHS2_1247 -> P1UDT813  ,
P1UDM5374   ,P1UHS2_1247 ,P1UHS2_1247 -> P1UDT813  ,
P1UDM5376   ,P1UHS2_1247 ,P1UHS2_1247 -> P1UDT813  ,
P1UDM5377   ,P1UHS2_1247 ,P1UHS2_1247 -> P1UDT813  ,
P1UDM5378   ,P1UHS2_1247 ,P1UHS2_1247 -> P1UDT813  ,
P1UDM5380   ,P1UHS2_1247 ,P1UHS2_1247 -> P1UDT813  ,
P1UDM5381   ,P1UHS2_1247 ,P1UHS2_1247 -> P1UDT813  ,
P1UDM5385   ,P1UHS2_1247 ,P1UHS2_1247 -> P1UDT813  ,
P1UDM5386   ,P1UHS2_1247 ,P1UHS2_1247 -> P1UDT813  ,
P1UDM5387   ,P1UHS2_1247 ,P1UHS2_1247 -> P1UDT813  ,
P1UDM5389   ,P1UHS2_1247 ,P1UHS2_1247 -> P1UDT813  ,
P1UDM5390   ,P1UHS2_1247 ,P1UHS2_1247 -> P1UDT813  ,
P1UDM5391   ,P1UHS2_1247 ,P1UHS2_1247 -> P1UDT813  ,
P1UDM5393   ,P1UHS2_1247 ,P1UHS2_1247 -> P1UDT813  ,
P1UDM5395   ,P1UHS2_1247 ,P1UHS2_1247 -> P1UDT813  ,
P1UDM5396   ,P1UHS2_1247 ,P1UHS2_1247 -> P1UDT813  ,
P1UDM5397   ,P1UHS2_1247 ,P1UHS2_1247 -> P1UDT813  ,
P1UDM5399   ,P1UHS2_1247 ,P1UHS2_1247 -> P1UDT813  ,
P1UDM5403   ,P1UHS2_1247 ,P1UHS2_1247 -> P1UDT813  ,
P1UDM5405   ,P1UHS2_1247 ,P1UHS2_1247 -> P1UDT813  ,
P1UDM5406   ,P1UHS2_1247 ,P1UHS2_1247 -> P1UDT813  ,
P1UDM5408   ,P1UHS2_1247 ,P1UHS2_1247 -> P1UDT813  ,
P1UDM5409   ,P1UHS2_1247 ,P1UHS2_1247 -> P1UDT813  ,
P1UDM5410   ,P1UHS2_1247 ,P1UHS2_1247 -> P1UDT813  ,
P1UDM5411   ,P1UHS2_1247 ,P1UHS2_1247 -> P1UDT813  ,
P1UDM5412   ,P1UHS2_1247 ,P1UHS2_1247 -> P1UDT813  ,
P1UDM5413   ,P1UHS2_1247 ,P1UHS2_1247 -> P1UDT813  ,
P1UDM5415   ,P1UHS2_1247 ,P1UHS2_1247 -> P1UDT813  ,
P1UDM5417   ,P1UHS2_1247 ,P1UHS2_1247 -> P1UDT813  ,
P1UDM5419   ,P1UHS2_1247 ,P1UHS2_1247 -> P1UDT813  ,
P1UDM5420   ,P1UHS2_1247 ,P1UHS2_1247 -> P1UDT813  ,
P1UDM5421   ,P1UHS2_1247 ,P1UHS2_1247 -> P1UDT813  ,
P1UDM5422   ,P1UHS2_1247 ,P1UHS2_1247 -> P1UDT813  ,
P1UDM5423   ,P1UHS2_1247 ,P1UHS2_1247 -> P1UDT813  ,
P1UDM5425   ,P1UHS2_1247 ,P1UHS2_1247 -> P1UDT813  ,
P1UDM5426   ,P1UHS2_1247 ,P1UHS2_1247 -> P1UDT813  ,
P1UDM5430   ,P1UHS2_1247 ,P1UHS2_1247 -> P1UDT813  ,
P1UDM5431   ,P1UHS2_1247 ,P1UHS2_1247 -> P1UDT813  ,
P1UDM5432   ,P1UHS2_1247 ,P1UHS2_1247 -> P1UDT813  ,
P1UDM5433   ,P1UHS2_1247 ,P1UHS2_1247 -> P1UDT813  ,
P1UDM5434   ,P1UHS2_1247 ,P1UHS2_1247 -> P1UDT813  ,
P1UDM5436   ,P1UHS2_1247 ,P1UHS2_1247 -> P1UDT813  ,
P1UDM5437   ,P1UHS2_1247 ,P1UHS2_1247 -> P1UDT813  ,
P1UDM5438   ,P1UHS2_1247 ,P1UHS2_1247 -> P1UDT813  ,
P1UDM5439   ,P1UHS2_1247 ,P1UHS2_1247 -> P1UDT813  ,
P1UDM5441   ,P1UHS2_1247 ,P1UHS2_1247 -> P1UDT813  ,
P1UDM5442   ,P1UHS2_1247 ,P1UHS2_1247 -> P1UDT813  ,
P1UDM5449   ,P1UHS2_1247 ,P1UHS2_1247 -> P1UDT813  ,
P1UDM5451   ,P1UHS2_1247 ,P1UHS2_1247 -> P1UDT813  ,
P1UDM5453   ,P1UHS2_1247 ,P1UHS2_1247 -> P1UDT813  ,
P1UDM5456   ,P1UHS1_1247 ,P1UHS1_1247 -> P1UDT1324 ,
P1UDM5457   ,P1UHS1_1247 ,P1UHS1_1247 -> P1UDT1324 ,
P1UDM5458   ,P1UHS1_1247 ,P1UHS1_1247 -> P1UDT1324 ,
P1UDM5459   ,P1UHS1_1247 ,P1UHS1_1247 -> P1UDT1324 ,
P1UDM5461   ,P1UHS1_1247 ,P1UHS1_1247 -> P1UDT1324 ,
P1UDM5462   ,P1UHS1_1247 ,P1UHS1_1247 -> P1UDT1324 ,
P1UDM5463   ,P1UHS1_1247 ,P1UHS1_1247 -> P1UDT1324 ,
P1UDM5464   ,P1UHS1_1247 ,P1UHS1_1247 -> P1UDT1324 ,
P1UDM5465   ,P1UHS1_1247 ,P1UHS1_1247 -> P1UDT1324 ,
P1UDM5467   ,P1UHS1_1247 ,P1UHS1_1247 -> P1UDT1324 ,
P1UDM5468   ,P1UHS1_1247 ,P1UHS1_1247 -> P1UDT1324 ,
P1UDM5469   ,P1UHS1_1247 ,P1UHS1_1247 -> P1UDT1324 ,
P1UDM5471   ,P1UHS1_1247 ,P1UHS1_1247 -> P1UDT1324 ,
P1UDM5476   ,P1UHS1_1247 ,P1UHS1_1247 -> P1UDT1324 ,
P1UDM5477   ,P1UHS1_1247 ,P1UHS1_1247 -> P1UDT1324 ,
P1UDM5478   ,P1UHS1_1247 ,P1UHS1_1247 -> P1UDT1324 ,
P1UDM5479   ,P1UHS1_1247 ,P1UHS1_1247 -> P1UDT1324 ,
P1UDM5480   ,P1UHS1_1247 ,P1UHS1_1247 -> P1UDT1324 ,
P1UDM5485   ,P1UHS1_1247 ,P1UHS1_1247 -> P1UDT1324 ,
P1UDM5488   ,P1UHS1_1247 ,P1UHS1_1247 -> P1UDT1324 ,
P1UDM5489   ,P1UHS1_1247 ,P1UHS1_1247 -> P1UDT1324 ,
P1UDM5491   ,P1UHS1_1247 ,P1UHS1_1247 -> P1UDT1324 ,
P1UDM5492   ,P1UHS1_1247 ,P1UHS1_1247 -> P1UDT1324 ,
P1UDM5493   ,P1UHS1_1247 ,P1UHS1_1247 -> P1UDT1324 ,
P1UDM5498   ,P1UHS1_1247 ,P1UHS1_1247 -> P1UDT1324 ,
P1UDM5499   ,P1UHS1_1247 ,P1UHS1_1247 -> P1UDT1324 ,
P1UDM5501   ,P1UHS1_1247 ,P1UHS1_1247 -> P1UDT1324 ,
P1UDM5502   ,P1UHS1_1247 ,P1UHS1_1247 -> P1UDT1324 ,
P1UDM5503   ,P1UHS1_1247 ,P1UHS1_1247 -> P1UDT1324 ,
P1UDM5509   ,P1UHS1_1247 ,P1UHS1_1247 -> P1UDT1324 ,
P1UDM5510   ,P1UHS1_1247 ,P1UHS1_1247 -> P1UDT1324 ,
P1UDM5512   ,P1UHS1_1247 ,P1UHS1_1247 -> P1UDT1324 ,
P1UDM5516   ,P1UHS1_1247 ,P1UHS1_1247 -> P1UDT1324 ,
P1UDM5517   ,P1UHS1_1247 ,P1UHS1_1247 -> P1UDT1324 ,
P1UDM5519   ,P1UHS1_1247 ,P1UHS1_1247 -> P1UDT1324 ,
P1UDM5522   ,P1UHS1_1247 ,P1UHS1_1247 -> P1UDT1324 ,
P1UDM5523   ,P1UHS1_1247 ,P1UHS1_1247 -> P1UDT1324 ,
P1UDM5525   ,P1UHS1_1247 ,P1UHS1_1247 -> P1UDT1324 ,
P1UDM5529   ,P1UHS1_1247 ,P1UHS1_1247 -> P1UDT1324 ,
P1UDM5530   ,P1UHS1_1247 ,P1UHS1_1247 -> P1UDT1324 ,
P1UDM5532   ,P1UHS1_1247 ,P1UHS1_1247 -> P1UDT1324 ,
P1UDM5536   ,P1UHS1_1247 ,P1UHS1_1247 -> P1UDT1324 ,
P1UDM5537   ,P1UHS1_1247 ,P1UHS1_1247 -> P1UDT1324 ,
P1UDM5538   ,P1UHS1_1247 ,P1UHS1_1247 -> P1UDT1324 ,
P1UDM5541   ,P1UHS2_1247 ,P1UHS2_1247 -> P1UDT813  ,
P1UDM5542   ,P1UHS2_1247 ,P1UHS2_1247 -> P1UDT813  ,
P1UDM5543   ,P1UHS2_1247 ,P1UHS2_1247 -> P1UDT813  ,
P1UDM5544   ,P1UHS2_1247 ,P1UHS2_1247 -> P1UDT813  ,
P1UDM5545   ,P1UHS2_1247 ,P1UHS2_1247 -> P1UDT813  ,
P1UDM5549   ,P1UHS2_1247 ,P1UHS2_1247 -> P1UDT813  ,
P1UDM5552   ,P1UHS2_1247 ,P1UHS2_1247 -> P1UDT813  ,
P1UDM5553   ,P1UHS2_1247 ,P1UHS2_1247 -> P1UDT813  ,
P1UDM5554   ,P1UHS2_1247 ,P1UHS2_1247 -> P1UDT813  ,
P1UDM5555   ,P1UHS2_1247 ,P1UHS2_1247 -> P1UDT813  ,
P1UDM5557   ,P1UHS2_1247 ,P1UHS2_1247 -> P1UDT813  ,
P1UDM5558   ,P1UHS2_1247 ,P1UHS2_1247 -> P1UDT813  ,
P1UDM5560   ,P1UHS1_1247 ,P1UHS1_1247 -> P1UDT1324 ,
P1UDM5561   ,P1UHS1_1247 ,P1UHS1_1247 -> P1UDT1324 ,
P1UDM5563   ,P1UHS1_1247 ,P1UHS1_1247 -> P1UDT1324 ,
P1UDM5564   ,P1UHS1_1247 ,P1UHS1_1247 -> P1UDT1324 ,
P1UDM5565   ,P1UHS1_1247 ,P1UHS1_1247 -> P1UDT1324 ,
P1UDM5566   ,P1UHS1_1247 ,P1UHS1_1247 -> P1UDT1324 ,
P1UDM5567   ,P1UHS1_1247 ,P1UHS1_1247 -> P1UDT1324 ,
P1UDM5569   ,P1UHS1_1247 ,P1UHS1_1247 -> P1UDT1324 ,
P1UDM5571   ,P1UHS1_1247 ,P1UHS1_1247 -> P1UDT1324 ,
P1UDM5572   ,P1UHS1_1247 ,P1UHS1_1247 -> P1UDT1324 ,
P1UDM5573   ,P1UHS1_1247 ,P1UHS1_1247 -> P1UDT1324 ,
P1UDM5576   ,P1UHS1_1247 ,P1UHS1_1247 -> P1UDT1324 ,
P1UDM5577   ,P1UHS1_1247 ,P1UHS1_1247 -> P1UDT1324 ,
P1UDM5578   ,P1UHS1_1247 ,P1UHS1_1247 -> P1UDT1324 ,
P1UDM5579   ,P1UHS1_1247 ,P1UHS1_1247 -> P1UDT1324 ,
P1UDM5581   ,P1UHS1_1247 ,P1UHS1_1247 -> P1UDT1324 ,
P1UDM5582   ,P1UHS1_1247 ,P1UHS1_1247 -> P1UDT1324 ,
P1UDM5586   ,P1UHS1_1247 ,P1UHS1_1247 -> P1UDT1324 ,
P1UDM5587   ,P1UHS1_1247 ,P1UHS1_1247 -> P1UDT1324 ,
P1UDM5588   ,P1UHS1_1247 ,P1UHS1_1247 -> P1UDT1324 ,
P1UDM5589   ,P1UHS1_1247 ,P1UHS1_1247 -> P1UDT1324 ,
P1UDM5590   ,P1UHS1_1247 ,P1UHS1_1247 -> P1UDT1324 ,
P1UDM5591   ,P1UHS1_1247 ,P1UHS1_1247 -> P1UDT1324 ,
P1UDM5593   ,P1UHS1_1247 ,P1UHS1_1247 -> P1UDT1324 ,
P1UDM5597   ,P1UHS1_1247 ,P1UHS1_1247 -> P1UDT1324 ,
P1UDM5599   ,P1UHS1_1247 ,P1UHS1_1247 -> P1UDT1324 ,
P1UDM5600   ,P1UHS1_1247 ,P1UHS1_1247 -> P1UDT1324 ,
P1UDM5601   ,P1UHS1_1247 ,P1UHS1_1247 -> P1UDT1324 ,
P1UDM5603   ,P1UHS1_1247 ,P1UHS1_1247 -> P1UDT1324 ,
P1UDM5604   ,P1UHS1_1247 ,P1UHS1_1247 -> P1UDT1324 ,
P1UDM5605   ,P1UHS1_1247 ,P1UHS1_1247 -> P1UDT1324 ,
P1UDM5606   ,P1UHS1_1247 ,P1UHS1_1247 -> P1UDT1324 ,
P1UDM5608   ,P1UHS1_1247 ,P1UHS1_1247 -> P1UDT1324 ,
P1UDM5609   ,P1UHS1_1247 ,P1UHS1_1247 -> P1UDT1324 ,
P1UDM5610   ,P1UHS1_1247 ,P1UHS1_1247 -> P1UDT1324 ,
P1UDM5612   ,P1UHS1_1247 ,P1UHS1_1247 -> P1UDT1324 ,
P1UDM5613   ,P1UHS1_1247 ,P1UHS1_1247 -> P1UDT1324 ,
P1UDM5614   ,P1UHS1_1247 ,P1UHS1_1247 -> P1UDT1324 ,
P1UDM5615   ,P1UHS1_1247 ,P1UHS1_1247 -> P1UDT1324 ,
P1UDM5617   ,P1UHS1_1247 ,P1UHS1_1247 -> P1UDT1324 ,
P1UDM5618   ,P1UHS1_1247 ,P1UHS1_1247 -> P1UDT1324 ,
P1UDM5620   ,P1UHS1_1247 ,P1UHS1_1247 -> P1UDT1324 ,
P1UDM5621   ,P1UHS0_1247 ,P1UHS0_1247 -> P1UDT1472 ,
P1UDM5622   ,P1UHS0_1247 ,P1UHS0_1247 -> P1UDT1472 ,
P1UDM5624   ,P1UHS0_1247 ,P1UHS0_1247 -> P1UDT1472 ,
P1UDM5625   ,P1UHS0_1247 ,P1UHS0_1247 -> P1UDT1472 ,
P1UDM5631   ,P1UHS2_1247 ,P1UHS2_1247 -> P1UDT813  ,
P1UDM5632   ,P1UHS2_1247 ,P1UHS2_1247 -> P1UDT813  ,
P1UDM5635   ,P1UHS2_1247 ,P1UHS2_1247 -> P1UDT813  ,
P1UDM5636   ,P1UHS2_1247 ,P1UHS2_1247 -> P1UDT813  ,
P1UDM5637   ,P1UHS2_1247 ,P1UHS2_1247 -> P1UDT813  ,
P1UDM5638   ,P1UHS2_1247 ,P1UHS2_1247 -> P1UDT813  ,
P1UDM5642   ,P1UHS2_1247 ,P1UHS2_1247 -> P1UDT813  ,
P1UDM5643   ,P1UHS2_1247 ,P1UHS2_1247 -> P1UDT813  ,
P1UDM5645   ,P1UHS2_1247 ,P1UHS2_1247 -> P1UDT813  ,
P1UDM5647   ,P1UHS2_1247 ,P1UHS2_1247 -> P1UDT813  ,
P1UDM5649   ,P1UHS2_1247 ,P1UHS2_1247 -> P1UDT813  ,
P1UDM5651   ,P1UHS2_1247 ,P1UHS2_1247 -> P1UDT813  ,
P1UDM5652   ,P1UHS2_1247 ,P1UHS2_1247 -> P1UDT813  ,
P1UDM5653   ,P1UHS2_1247 ,P1UHS2_1247 -> P1UDT813  ,
P1UDM5654   ,P1UHS2_1247 ,P1UHS2_1247 -> P1UDT813  ,
P1UDM5656   ,P1UHS2_1247 ,P1UHS2_1247 -> P1UDT813  ,
P1UDM5657   ,P1UHS2_1247 ,P1UHS2_1247 -> P1UDT813  ,
P1UDM5659   ,P1UHS2_1247 ,P1UHS2_1247 -> P1UDT813  ,
P1UDM5660   ,P1UHS2_1247 ,P1UHS2_1247 -> P1UDT813  ,
P1UDM5661   ,P1UHS2_1247 ,P1UHS2_1247 -> P1UDT813  ,
P1UDM5662   ,P1UHS2_1247 ,P1UHS2_1247 -> P1UDT813  ,
P1UDM5663   ,P1UHS2_1247 ,P1UHS2_1247 -> P1UDT813  ,
P1UDM5664   ,P1UHS2_1247 ,P1UHS2_1247 -> P1UDT813  ,
P1UDM5665   ,P1UHS2_1247 ,P1UHS2_1247 -> P1UDT813  ,
P1UDM5666   ,P1UHS2_1247 ,P1UHS2_1247 -> P1UDT813  ,
P1UDM5667   ,P1UHS2_1247 ,P1UHS2_1247 -> P1UDT813  ,
P1UDM5668   ,P1UHS2_1247 ,P1UHS2_1247 -> P1UDT813  ,
P1UDM5671   ,P1UHS2_1247 ,P1UHS2_1247 -> P1UDT813  ,
P1UDM5677   ,P1UHS2_1247 ,P1UHS2_1247 -> P1UDT813  ,
P1UDM5684   ,P1UHS1_1247 ,P1UHS1_1247 -> P1UDT1324 ,
P1UDM5685   ,P1UHS1_1247 ,P1UHS1_1247 -> P1UDT1324 ,
P1UDM5687   ,P1UHS1_1247 ,P1UHS1_1247 -> P1UDT1324 ,
P1UDM5688   ,P1UHS1_1247 ,P1UHS1_1247 -> P1UDT1324 ,
P1UDM5690   ,P1UHS2_1247 ,P1UHS2_1247 -> P1UDT813  ,
P1UDM5691   ,P1UHS2_1247 ,P1UHS2_1247 -> P1UDT813  ,
P1UDM5692   ,P1UHS2_1247 ,P1UHS2_1247 -> P1UDT813  ,
P1UDM5694   ,P1UHS1_1247 ,P1UHS1_1247 -> P1UDT1324 ,
P1UDM5695   ,P1UHS1_1247 ,P1UHS1_1247 -> P1UDT1324 ,
P1UDM5696   ,P1UHS1_1247 ,P1UHS1_1247 -> P1UDT1324 ,
P1UDM5697   ,P1UHS1_1247 ,P1UHS1_1247 -> P1UDT1324 ,
P1UDM5698   ,P1UHS1_1247 ,P1UHS1_1247 -> P1UDT1324 ,
P1UDM5699   ,P1UHS1_1247 ,P1UHS1_1247 -> P1UDT1324 ,
P1UDM5700   ,P1UHS1_1247 ,P1UHS1_1247 -> P1UDT1324 ,
P1UDM5701   ,P1UHS1_1247 ,P1UHS1_1247 -> P1UDT1324 ,
P1UDM5706   ,P1UHS1_1247 ,P1UHS1_1247 -> P1UDT1324 ,
P1UDM5707   ,P1UHS1_1247 ,P1UHS1_1247 -> P1UDT1324 ,
P1UDM5708   ,P1UHS1_1247 ,P1UHS1_1247 -> P1UDT1324 ,
P1UDM5709   ,P1UHS1_1247 ,P1UHS1_1247 -> P1UDT1324 ,
P1UDM5710   ,P1UHS1_1247 ,P1UHS1_1247 -> P1UDT1324 ,
P1UDM5711   ,P1UHS1_1247 ,P1UHS1_1247 -> P1UDT1324 ,
P1UDM5712   ,P1UHS1_1247 ,P1UHS1_1247 -> P1UDT1324 ,
P1UDM5713   ,P1UHS1_1247 ,P1UHS1_1247 -> P1UDT1324 ,
P1UDM5714   ,P1UHS1_1247 ,P1UHS1_1247 -> P1UDT1324 ,
P1UDM5716   ,P1UHS1_1247 ,P1UHS1_1247 -> P1UDT1324 ,
P1UDM5717   ,P1UHS1_1247 ,P1UHS1_1247 -> P1UDT1324 ,
P1UDM5718   ,P1UHS1_1247 ,P1UHS1_1247 -> P1UDT1324 ,
P1UDM5721   ,P1UHS1_1247 ,P1UHS1_1247 -> P1UDT1324 ,
P1UDM5722   ,P1UHS1_1247 ,P1UHS1_1247 -> P1UDT1324 ,
P1UDM5723   ,P1UHS1_1247 ,P1UHS1_1247 -> P1UDT1324 ,
P1UDM5726   ,P1UHS1_1247 ,P1UHS1_1247 -> P1UDT1324 ,
P1UDM5727   ,P1UHS1_1247 ,P1UHS1_1247 -> P1UDT1324 ,
P1UDM5729   ,P1UHS1_1247 ,P1UHS1_1247 -> P1UDT1324 ,
P1UDM5730   ,P1UHS1_1247 ,P1UHS1_1247 -> P1UDT1324 ,
P1UDM5731   ,P1UHS1_1247 ,P1UHS1_1247 -> P1UDT1324 ,
P1UDM5735   ,P1UHS2_1247 ,P1UHS2_1247 -> P1UDT813  ,
P1UDM5736   ,P1UHS2_1247 ,P1UHS2_1247 -> P1UDT813  ,
P1UDM5737   ,P1UHS2_1247 ,P1UHS2_1247 -> P1UDT813  ,
P1UDM5738   ,P1UHS2_1247 ,P1UHS2_1247 -> P1UDT813  ,
P1UDM5739   ,P1UHS2_1247 ,P1UHS2_1247 -> P1UDT813  ,
P1UDM5740   ,P1UHS2_1247 ,P1UHS2_1247 -> P1UDT813  ,
P1UDM5741   ,P1UHS2_1247 ,P1UHS2_1247 -> P1UDT813  ,
P1UDM5742   ,P1UHS2_1247 ,P1UHS2_1247 -> P1UDT813  ,
P1UDM5743   ,P1UHS2_1247 ,P1UHS2_1247 -> P1UDT813  ,
P1UDM5746   ,P1UHS2_1247 ,P1UHS2_1247 -> P1UDT813  ,
P1UDM5747   ,P1UHS2_1247 ,P1UHS2_1247 -> P1UDT813  ,
P1UDM5749   ,P1UHS2_1247 ,P1UHS2_1247 -> P1UDT813  ,
P1UDM5750   ,P1UHS2_1247 ,P1UHS2_1247 -> P1UDT813  ,
P1UDM5751   ,P1UHS2_1247 ,P1UHS2_1247 -> P1UDT813  ,
P1UDM5752   ,P1UHS2_1247 ,P1UHS2_1247 -> P1UDT813  ,
P1UDM5753   ,P1UHS2_1247 ,P1UHS2_1247 -> P1UDT813  ,
P1UDM5754   ,P1UHS2_1247 ,P1UHS2_1247 -> P1UDT813  ,
P1UDM5755   ,P1UHS2_1247 ,P1UHS2_1247 -> P1UDT813  ,
P1UDM5756   ,P1UHS2_1247 ,P1UHS2_1247 -> P1UDT813  ,
P1UDM5757   ,P1UHS2_1247 ,P1UHS2_1247 -> P1UDT813  ,
P1UDM5759   ,P1UHS2_1247 ,P1UHS2_1247 -> P1UDT813  ,
P1UDM5762   ,P1UHS2_1247 ,P1UHS2_1247 -> P1UDT813  ,
P1UDM5764   ,P1UHS1_1247 ,P1UHS1_1247 -> P1UDT1324 ,
P1UDM5765   ,P1UHS1_1247 ,P1UHS1_1247 -> P1UDT1324 ,
P1UDM5767   ,P1UHS1_1247 ,P1UHS1_1247 -> P1UDT1324 ,
P1UDM5773   ,P1UHS1_1247 ,P1UHS1_1247 -> P1UDT1324 ,
P1UDM5774   ,P1UHS1_1247 ,P1UHS1_1247 -> P1UDT1324 ,
P1UDM5776   ,P1UHS1_1247 ,P1UHS1_1247 -> P1UDT716  ,
P1UDM5777   ,P1UHS1_1247 ,P1UHS1_1247 -> P1UDT716  ,
P1UDM5780   ,P1UHS1_1247 ,P1UHS1_1247 -> P1UDT716  ,
P1UDM5782   ,P1UHS1_1247 ,P1UHS1_1247 -> P1UDT716  ,
P1UDM5784   ,P1UHS1_1247 ,P1UHS1_1247 -> P1UDT716  ,
P1UDM5786   ,P1UHS1_1247 ,P1UHS1_1247 -> P1UDT1324 ,
P1UDM5787   ,P1UHS1_1247 ,P1UHS1_1247 -> P1UDT1324 ,
P1UDM5789   ,P1UHS1_1247 ,P1UHS1_1247 -> P1UDT1324 ,
P1UDM5791   ,P1UHS1_1247 ,P1UHS1_1247 -> P1UDT1324 ,
P1UDM5792   ,P1UHS1_1247 ,P1UHS1_1247 -> P1UDT1324 ,
P1UDM5793   ,P1UHS1_1247 ,P1UHS1_1247 -> P1UDT1324 ,
P1UDM5795   ,P1UHS1_1247 ,P1UHS1_1247 -> P1UDT1324 ,
P1UDM5796   ,P1UHS1_1247 ,P1UHS1_1247 -> P1UDT1324 ,
P1UDM5797   ,P1UHS1_1247 ,P1UHS1_1247 -> P1UDT1324 ,
P1UDM5798   ,P1UHS1_1247 ,P1UHS1_1247 -> P1UDT1324 ,
P1UDM5799   ,P1UHS1_1247 ,P1UHS1_1247 -> P1UDT1324 ,
P1UDM5801   ,P1UHS1_1247 ,P1UHS1_1247 -> P1UDT1324 ,
P1UDM5802   ,P1UHS1_1247 ,P1UHS1_1247 -> P1UDT1324 ,
P1UDM5803   ,P1UHS1_1247 ,P1UHS1_1247 -> P1UDT1324 ,
P1UDM5804   ,P1UHS1_1247 ,P1UHS1_1247 -> P1UDT1324 ,
P1UDM5805   ,P1UHS1_1247 ,P1UHS1_1247 -> P1UDT1324 ,
P1UDM5806   ,P1UHS1_1247 ,P1UHS1_1247 -> P1UDT1324 ,
P1UDM5807   ,P1UHS1_1247 ,P1UHS1_1247 -> P1UDT1324 ,
P1UDM5809   ,P1UHS1_1247 ,P1UHS1_1247 -> P1UDT1324 ,
P1UDM5810   ,P1UHS1_1247 ,P1UHS1_1247 -> P1UDT1324 ,
P1UDM5811   ,P1UHS1_1247 ,P1UHS1_1247 -> P1UDT1324 ,
P1UDM5812   ,P1UHS1_1247 ,P1UHS1_1247 -> P1UDT1324 ,
P1UDM5813   ,P1UHS1_1247 ,P1UHS1_1247 -> P1UDT1324 ,
P1UDM5815   ,P1UHS1_1247 ,P1UHS1_1247 -> P1UDT1324 ,
P1UDM5817   ,P1UHS1_1247 ,P1UHS1_1247 -> P1UDT1324 ,
P1UDM5821   ,P1UHS1_1247 ,P1UHS1_1247 -> P1UDT1324 ,
P1UDM5824   ,P1UHS1_1247 ,P1UHS1_1247 -> P1UDT1324 ,
P1UDM5826   ,P1UHS1_1247 ,P1UHS1_1247 -> P1UDT1324 ,
P1UDM5828   ,P1UHS1_1247 ,P1UHS1_1247 -> P1UDT1324 ,
P1UDM5830   ,P1UHS1_1247 ,P1UHS1_1247 -> P1UDT1324 ,
P1UDM5831   ,P1UHS1_1247 ,P1UHS1_1247 -> P1UDT1324 ,
P1UDM5833   ,P1UHS1_1247 ,P1UHS1_1247 -> P1UDT1324 ,
P1UDM5834   ,P1UHS1_1247 ,P1UHS1_1247 -> P1UDT1324 ,
P1UDM5835   ,P1UHS1_1247 ,P1UHS1_1247 -> P1UDT1324 ,
P1UDM5836   ,P1UHS1_1247 ,P1UHS1_1247 -> P1UDT1324 ,
P1UDM5837   ,P1UHS1_1247 ,P1UHS1_1247 -> P1UDT1324 ,
P1UDM5838   ,P1UHS1_1247 ,P1UHS1_1247 -> P1UDT1324 ,
P1UDM5844   ,P1UHS1_1247 ,P1UHS1_1247 -> P1UDT1324 ,
P1UDM5846   ,P1UHS1_1247 ,P1UHS1_1247 -> P1UDT1324 ,
P1UDM5847   ,P1UHS1_1247 ,P1UHS1_1247 -> P1UDT1324 ,
P1UDM5848   ,P1UHS1_1247 ,P1UHS1_1247 -> P1UDT1324 ,
P1UDM5854   ,P1UHS1_1247 ,P1UHS1_1247 -> P1UDT1324 ,
P1UDM5855   ,P1UHS1_1247 ,P1UHS1_1247 -> P1UDT1324 ,
P1UDM5856   ,P1UHS1_1247 ,P1UHS1_1247 -> P1UDT1324 ,
P1UDM5857   ,P1UHS1_1247 ,P1UHS1_1247 -> P1UDT1324 ,
P1UDM5859   ,P1UHS1_1247 ,P1UHS1_1247 -> P1UDT1324 ,
P1UDM5860   ,P1UHS1_1247 ,P1UHS1_1247 -> P1UDT1324 ,
P1UDM5861   ,P1UHS1_1247 ,P1UHS1_1247 -> P1UDT1324 ,
P1UDM5868   ,P1UHS1_1247 ,P1UHS1_1247 -> P1UDT1324 ,
P1UDM5869   ,P1UHS1_1247 ,P1UHS1_1247 -> P1UDT1324 ,
P1UDM5871   ,P1UHS1_1247 ,P1UHS1_1247 -> P1UDT1324 ,
P1UDM5872   ,P1UHS1_1247 ,P1UHS1_1247 -> P1UDT1324 ,
P1UDM5873   ,P1UHS1_1247 ,P1UHS1_1247 -> P1UDT1324 ,
P1UDM5874   ,P1UHS1_1247 ,P1UHS1_1247 -> P1UDT1324 ,
P1UDM5875   ,P1UHS1_1247 ,P1UHS1_1247 -> P1UDT1324 ,
P1UDM5876   ,P1UHS1_1247 ,P1UHS1_1247 -> P1UDT1324 ,
P1UDM5881   ,P1UHS1_1247 ,P1UHS1_1247 -> P1UDT1324 ,
P1UDM5883   ,P1UHS1_1247 ,P1UHS1_1247 -> P1UDT1324 ,
P1UDM5884   ,P1UHS1_1247 ,P1UHS1_1247 -> P1UDT1324 ,
P1UDM5885   ,P1UHS1_1247 ,P1UHS1_1247 -> P1UDT1324 ,
P1UDM5887   ,P1UHS1_1247 ,P1UHS1_1247 -> P1UDT1324 ,
P1UDM5888   ,P1UHS1_1247 ,P1UHS1_1247 -> P1UDT1324 ,
P1UDM5889   ,P1UHS1_1247 ,P1UHS1_1247 -> P1UDT1324 ,
P1UDM5891   ,P1UHS1_1247 ,P1UHS1_1247 -> P1UDT1324 ,
P1UDM5892   ,P1UHS1_1247 ,P1UHS1_1247 -> P1UDT1324 ,
P1UDM5894   ,P1UHS2_1247 ,P1UHS2_1247 -> P1UDT813  ,
P1UDM5895   ,P1UHS2_1247 ,P1UHS2_1247 -> P1UDT813  ,
P1UDM5898   ,P1UHS2_1247 ,P1UHS2_1247 -> P1UDT813  ,
P1UDM5899   ,P1UHS2_1247 ,P1UHS2_1247 -> P1UDT813  ,
P1UDM5900   ,P1UHS2_1247 ,P1UHS2_1247 -> P1UDT813  ,
P1UDM5901   ,P1UHS2_1247 ,P1UHS2_1247 -> P1UDT813  ,
P1UDM5903   ,P1UHS2_1247 ,P1UHS2_1247 -> P1UDT813  ,
P1UDM5904   ,P1UHS2_1247 ,P1UHS2_1247 -> P1UDT813  ,
P1UDM5905   ,P1UHS2_1247 ,P1UHS2_1247 -> P1UDT813  ,
P1UDM5906   ,P1UHS1_1247 ,P1UHS1_1247 -> P1UDT716  ,
P1UDM5907   ,P1UHS1_1247 ,P1UHS1_1247 -> P1UDT716  ,
P1UDM5908   ,P1UHS1_1247 ,P1UHS1_1247 -> P1UDT716  ,
P1UDM5910   ,P1UHS1_1247 ,P1UHS1_1247 -> P1UDT716  ,
P1UDM5911   ,P1UHS1_1247 ,P1UHS1_1247 -> P1UDT716  ,
P1UDM5912   ,P1UHS1_1247 ,P1UHS1_1247 -> P1UDT716  ,
P1UDM5914   ,P1UHS1_1247 ,P1UHS1_1247 -> P1UDT716  ,
P1UDM5915   ,P1UHS1_1247 ,P1UHS1_1247 -> P1UDT716  ,
P1UDM5918   ,P1UHS1_1247 ,P1UHS1_1247 -> P1UDT716  ,
P1UDM5919   ,P1UHS1_1247 ,P1UHS1_1247 -> P1UDT716  ,
P1UDM5920   ,P1UHS1_1247 ,P1UHS1_1247 -> P1UDT716  ,
P1UDM5923   ,P1UHS1_1247 ,P1UHS1_1247 -> P1UDT716  ,
P1UDM5924   ,P1UHS1_1247 ,P1UHS1_1247 -> P1UDT716  ,
P1UDM5925   ,P1UHS1_1247 ,P1UHS1_1247 -> P1UDT716  ,
P1UDM5926   ,P1UHS1_1247 ,P1UHS1_1247 -> P1UDT716  ,
P1UDM5927   ,P1UHS1_1247 ,P1UHS1_1247 -> P1UDT716  ,
P1UDM5928   ,P1UHS1_1247 ,P1UHS1_1247 -> P1UDT716  ,
P1UDM5929   ,P1UHS1_1247 ,P1UHS1_1247 -> P1UDT716  ,
P1UDM5930   ,P1UHS1_1247 ,P1UHS1_1247 -> P1UDT716  ,
P1UDM5932   ,P1UHS1_1247 ,P1UHS1_1247 -> P1UDT716  ,
P1UDM5941   ,P1UHS1_1247 ,P1UHS1_1247 -> P1UDT716  ,
P1UDM5942   ,P1UHS1_1247 ,P1UHS1_1247 -> P1UDT716  ,
P1UDM5944   ,P1UHS1_1247 ,P1UHS1_1247 -> P1UDT716  ,
P1UDM5945   ,P1UHS1_1247 ,P1UHS1_1247 -> P1UDT716  ,
P1UDM5946   ,P1UHS1_1247 ,P1UHS1_1247 -> P1UDT716  ,
P1UDM5947   ,P1UHS1_1247 ,P1UHS1_1247 -> P1UDT716  ,
P1UDM5948   ,P1UHS1_1247 ,P1UHS1_1247 -> P1UDT1324 ,
P1UDM5950   ,P1UHS1_1247 ,P1UHS1_1247 -> P1UDT1324 ,
P1UDM5959   ,P1UHS1_1247 ,P1UHS1_1247 -> P1UDT1324 ,
P1UDM5960   ,P1UHS1_1247 ,P1UHS1_1247 -> P1UDT1324 ,
P1UDM5962   ,P1UHS1_1247 ,P1UHS1_1247 -> P1UDT1324 ,
P1UDM5963   ,P1UHS1_1247 ,P1UHS1_1247 -> P1UDT1324 ,
P1UDM5964   ,P1UHS1_1247 ,P1UHS1_1247 -> P1UDT1324 ,
P1UDM5965   ,P1UHS1_1247 ,P1UHS1_1247 -> P1UDT1324 ,
P1UDM5967   ,P1UHS1_1247 ,P1UHS1_1247 -> P1UDT1324 ,
P1UDM5968   ,P1UHS1_1247 ,P1UHS1_1247 -> P1UDT1324 ,
P1UDM5969   ,P1UHS1_1247 ,P1UHS1_1247 -> P1UDT1324 ,
P1UDM5970   ,P1UHS1_1247 ,P1UHS1_1247 -> P1UDT1324 ,
P1UDM5971   ,P1UHS1_1247 ,P1UHS1_1247 -> P1UDT1324 ,
P1UDM5973   ,P1UHS1_1247 ,P1UHS1_1247 -> P1UDT1324 ,
P1UDM5975   ,P1UHS1_1247 ,P1UHS1_1247 -> P1UDT1324 ,
P1UDM5977   ,P1UHS1_1247 ,P1UHS1_1247 -> P1UDT1324 ,
P1UDM5978   ,P1UHS1_1247 ,P1UHS1_1247 -> P1UDT1324 ,
P1UDM5979   ,P1UHS1_1247 ,P1UHS1_1247 -> P1UDT1324 ,
P1UDM5981   ,P1UHS1_1247 ,P1UHS1_1247 -> P1UDT1324 ,
P1UDM5982   ,P1UHS1_1247 ,P1UHS1_1247 -> P1UDT1324 ,
P1UDM5983   ,P1UHS1_1247 ,P1UHS1_1247 -> P1UDT1324 ,
P1UDM5984   ,P1UHS1_1247 ,P1UHS1_1247 -> P1UDT1324 ,
P1UDM5986   ,P1UHS1_1247 ,P1UHS1_1247 -> P1UDT1324 ,
P1UDM5987   ,P1UHS1_1247 ,P1UHS1_1247 -> P1UDT1324 ,
P1UDM5988   ,P1UHS1_1247 ,P1UHS1_1247 -> P1UDT1324 ,
P1UDM5994   ,P1UHS1_1247 ,P1UHS1_1247 -> P1UDT1324 ,
P1UDM5995   ,P1UHS1_1247 ,P1UHS1_1247 -> P1UDT1324 ,
P1UDM5997   ,P1UHS1_1247 ,P1UHS1_1247 -> P1UDT1324 ,
P1UDM5998   ,P1UHS1_1247 ,P1UHS1_1247 -> P1UDT1324 ,
P1UDM6000   ,P1UHS1_1247 ,P1UHS1_1247 -> P1UDT1324 ,
P1UDM6001   ,P1UHS1_1247 ,P1UHS1_1247 -> P1UDT1324 ,
P1UDM6002   ,P1UHS1_1247 ,P1UHS1_1247 -> P1UDT1324 ,
P1UDM6003   ,P1UHS1_1247 ,P1UHS1_1247 -> P1UDT1324 ,
P1UDM6005   ,P1UHS1_1247 ,P1UHS1_1247 -> P1UDT1324 ,
P1UDM6006   ,P1UHS1_1247 ,P1UHS1_1247 -> P1UDT1324 ,
P1UDM6008   ,P1UHS1_1247 ,P1UHS1_1247 -> P1UDT1324 ,
P1UDM6009   ,P1UHS1_1247 ,P1UHS1_1247 -> P1UDT1324 ,
P1UDM6010   ,P1UHS1_1247 ,P1UHS1_1247 -> P1UDT1324 ,
P1UDM6012   ,P1UHS1_1247 ,P1UHS1_1247 -> P1UDT1324 ,
P1UDM6013   ,P1UHS1_1247 ,P1UHS1_1247 -> P1UDT1324 ,
P1UDM6017   ,P1UHS1_1247 ,P1UHS1_1247 -> P1UDT1324 ,
P1UDM6019   ,P1UHS1_1247 ,P1UHS1_1247 -> P1UDT1324 ,
P1UDM6020   ,P1UHS1_1247 ,P1UHS1_1247 -> P1UDT1324 ,
P1UDM6021   ,P1UHS1_1247 ,P1UHS1_1247 -> P1UDT1324 ,
P1UDM6022   ,P1UHS1_1247 ,P1UHS1_1247 -> P1UDT1324 ,
P1UDM6023   ,P1UHS1_1247 ,P1UHS1_1247 -> P1UDT1324 ,
P1UDM6025   ,P1UHS1_1247 ,P1UHS1_1247 -> P1UDT1324 ,
P1UDM6026   ,P1UHS1_1247 ,P1UHS1_1247 -> P1UDT1324 ,
P1UDM6028   ,P1UHS1_1247 ,P1UHS1_1247 -> P1UDT1324 ,
P1UDM6031   ,P1UHS1_1247 ,P1UHS1_1247 -> P1UDT1324 ,
P1UDM6032   ,P1UHS1_1247 ,P1UHS1_1247 -> P1UDT1324 ,
P1UDM6033   ,P1UHS1_1247 ,P1UHS1_1247 -> P1UDT1324 ,
P1UDM6037   ,P1UHS1_1247 ,P1UHS1_1247 -> P1UDT1324 ,
P1UDM6038   ,P1UHS1_1247 ,P1UHS1_1247 -> P1UDT1324 ,
P1UDM6041   ,P1UHS1_1247 ,P1UHS1_1247 -> P1UDT1324 ,
P1UDM6050   ,P1UHS3_1247 ,P1UHS3_1247 -> P1UDT1696 ,
P1UDM6051   ,P1UHS3_1247 ,P1UHS3_1247 -> P1UDT1696 ,
P1UDM6053   ,P1UHS1_1247 ,P1UHS1_1247 -> P1UDT1324 ,
P1UDM6055   ,P1UHS1_1247 ,P1UHS1_1247 -> P1UDT1324 ,
P1UDM6056   ,P1UHS1_1247 ,P1UHS1_1247 -> P1UDT1324 ,
P1UDM6057   ,P1UHS1_1247 ,P1UHS1_1247 -> P1UDT1324 ,
P1UDM6060   ,P1UHS1_1247 ,P1UHS1_1247 -> P1UDT1324 ,
P1UDM6061   ,P1UHS1_1247 ,P1UHS1_1247 -> P1UDT1324 ,
P1UDM6062   ,P1UHS1_1247 ,P1UHS1_1247 -> P1UDT1324 ,
P1UDM6064   ,P1UHS1_1247 ,P1UHS1_1247 -> P1UDT1324 ,
P1UDM6065   ,P1UHS1_1247 ,P1UHS1_1247 -> P1UDT1324 ,
P1UDM6066   ,P1UHS1_1247 ,P1UHS1_1247 -> P1UDT1324 ,
P1UDM6067   ,P1UHS1_1247 ,P1UHS1_1247 -> P1UDT1324 ,
P1UDM6068   ,P1UHS1_1247 ,P1UHS1_1247 -> P1UDT1324 ,
P1UDM6070   ,P1UHS1_1247 ,P1UHS1_1247 -> P1UDT1324 ,
P1UDM6071   ,P1UHS1_1247 ,P1UHS1_1247 -> P1UDT1324 ,
P1UDM6073   ,P1UHS1_1247 ,P1UHS1_1247 -> P1UDT1324 ,
P1UDM6074   ,P1UHS1_1247 ,P1UHS1_1247 -> P1UDT1324 ,
P1UDM6075   ,P1UHS1_1247 ,P1UHS1_1247 -> P1UDT1324 ,
P1UDM6082   ,P1UHS1_1247 ,P1UHS1_1247 -> P1UDT1324 ,
P1UDM6083   ,P1UHS1_1247 ,P1UHS1_1247 -> P1UDT1324 ,
P1UDM6085   ,P1UHS1_1247 ,P1UHS1_1247 -> P1UDT1324 ,
P1UDM6086   ,P1UHS1_1247 ,P1UHS1_1247 -> P1UDT1324 ,
P1UDM6092   ,P1UHS1_1247 ,P1UHS1_1247 -> P1UDT1324 ,
P1UDM6093   ,P1UHS1_1247 ,P1UHS1_1247 -> P1UDT1324 ,
P1UDM6094   ,P1UHS1_1247 ,P1UHS1_1247 -> P1UDT1324 ,
P1UDM6095   ,P1UHS1_1247 ,P1UHS1_1247 -> P1UDT1324 ,
P1UDM6097   ,P1UHS1_1247 ,P1UHS1_1247 -> P1UDT1324 ,
P1UDM6099   ,P1UHS1_1247 ,P1UHS1_1247 -> P1UDT1324 ,
P1UDM6101   ,P1UHS1_1247 ,P1UHS1_1247 -> P1UDT1324 ,
P1UDM6102   ,P1UHS1_1247 ,P1UHS1_1247 -> P1UDT1324 ,
P1UDM6103   ,P1UHS1_1247 ,P1UHS1_1247 -> P1UDT1324 ,
P1UDM6109   ,P1UHS1_1247 ,P1UHS1_1247 -> P1UDT1324 ,
P1UDM6113   ,P1UHS1_1247 ,P1UHS1_1247 -> P1UDT1324 ,
P1UDM6115   ,P1UHS1_1247 ,P1UHS1_1247 -> P1UDT1324 ,
P1UDM6116   ,P1UHS1_1247 ,P1UHS1_1247 -> P1UDT1324 ,
P1UDM6117   ,P1UHS1_1247 ,P1UHS1_1247 -> P1UDT1324 ,
P1UDM6119   ,P1UHS1_1247 ,P1UHS1_1247 -> P1UDT1324 ,
P1UDM6120   ,P1UHS1_1247 ,P1UHS1_1247 -> P1UDT1324 ,
P1UDM6128   ,P1UHS1_1247 ,P1UHS1_1247 -> P1UDT1324 ,
P1UDM6129   ,P1UHS1_1247 ,P1UHS1_1247 -> P1UDT1324 ,
P1UDM6131   ,P1UHS1_1247 ,P1UHS1_1247 -> P1UDT1324 ,
P1UDM6132   ,P1UHS1_1247 ,P1UHS1_1247 -> P1UDT1324 ,
P1UDM6133   ,P1UHS1_1247 ,P1UHS1_1247 -> P1UDT1324 ,
P1UDM6138   ,P1UHS1_1247 ,P1UHS1_1247 -> P1UDT1324 ,
P1UDM6139   ,P1UHS1_1247 ,P1UHS1_1247 -> P1UDT1324 ,
P1UDM6140   ,P1UHS1_1247 ,P1UHS1_1247 -> P1UDT1324 ,
P1UDM6142   ,P1UHS1_1247 ,P1UHS1_1247 -> P1UDT1324 ,
P1UDM6143   ,P1UHS1_1247 ,P1UHS1_1247 -> P1UDT1324 ,
P1UDM6145   ,P1UHS1_1247 ,P1UHS1_1247 -> P1UDT1324 ,
P1UDM6146   ,P1UHS2_1247 ,P1UHS2_1247 -> P1UDT813  ,
P1UDM6151   ,P1UHS2_1247 ,P1UHS2_1247 -> P1UDT813  ,
P1UDM6153   ,P1UHS2_1247 ,P1UHS2_1247 -> P1UDT813  ,
P1UDM6156   ,P1UHS2_1247 ,P1UHS2_1247 -> P1UDT813  ,
P1UDM6158   ,P1UHS2_1247 ,P1UHS2_1247 -> P1UDT813  ,
P1UDM6163   ,P1UHS2_1247 ,P1UHS2_1247 -> P1UDT813  ,
P1UDM6164   ,P1UHS2_1247 ,P1UHS2_1247 -> P1UDT813  ,
P1UDM6166   ,P1UHS2_1247 ,P1UHS2_1247 -> P1UDT813  ,
P1UDM6168   ,P1UHS2_1247 ,P1UHS2_1247 -> P1UDT813  ,
P1UDM6169   ,P1UHS2_1247 ,P1UHS2_1247 -> P1UDT813  ,
P1UDM6171   ,P1UHS2_1247 ,P1UHS2_1247 -> P1UDT813  ,
P1UDM6180   ,P1UHS2_1247 ,P1UHS2_1247 -> P1UDT813  ,
P1UDM6181   ,P1UHS2_1247 ,P1UHS2_1247 -> P1UDT813  ,
P1UDM6183   ,P1UHS2_1247 ,P1UHS2_1247 -> P1UDT813  ,
P1UDM6186   ,P1UHS2_1247 ,P1UHS2_1247 -> P1UDT813  ,
P1UDM6187   ,P1UHS2_1247 ,P1UHS2_1247 -> P1UDT813  ,
P1UDM6189   ,P1UHS2_1247 ,P1UHS2_1247 -> P1UDT813  ,
P1UDM6190   ,P1UHS2_1247 ,P1UHS2_1247 -> P1UDT813  ,
P1UDM6192   ,P1UHS2_1247 ,P1UHS2_1247 -> P1UDT813  ,
P1UDM6193   ,P1UHS2_1247 ,P1UHS2_1247 -> P1UDT813  ,
P1UDM6194   ,P1UHS2_1247 ,P1UHS2_1247 -> P1UDT813  ,
P1UDM6195   ,P1UHS2_1247 ,P1UHS2_1247 -> P1UDT813  ,
P1UDM6196   ,P1UHS2_1247 ,P1UHS2_1247 -> P1UDT813  ,
P1UDM6199   ,P1UHS2_1247 ,P1UHS2_1247 -> P1UDT813  ,
P1UDM6200   ,P1UHS2_1247 ,P1UHS2_1247 -> P1UDT813  ,
P1UDM6201   ,P1UHS2_1247 ,P1UHS2_1247 -> P1UDT813  ,
P1UDM6206   ,P1UHS2_1247 ,P1UHS2_1247 -> P1UDT813  ,
P1UDM6207   ,P1UHS2_1247 ,P1UHS2_1247 -> P1UDT813  ,
P1UDM6208   ,P1UHS2_1247 ,P1UHS2_1247 -> P1UDT813  ,
P1UDM6211   ,P1UHS2_1247 ,P1UHS2_1247 -> P1UDT813  ,
P1UDM6216   ,P1UHS3_1247 ,P1UHS3_1247 -> P1UDT1696 ,
P1UDM6218   ,P1UHS3_1247 ,P1UHS3_1247 -> P1UDT1696 ,
P1UDM6219   ,P1UHS3_1247 ,P1UHS3_1247 -> P1UDT1696 ,
P1UDM6223   ,P1UHS3_1247 ,P1UHS3_1247 -> P1UDT1696 ,
P1UDM6224   ,P1UHS3_1247 ,P1UHS3_1247 -> P1UDT1696 ,
P1UDM6226   ,P1UHS3_1247 ,P1UHS3_1247 -> P1UDT1696 ,
P1UDM6227   ,P1UHS3_1247 ,P1UHS3_1247 -> P1UDT1696 ,
P1UDM6230   ,P1UHS3_1247 ,P1UHS3_1247 -> P1UDT1696 ,
P1UDM6231   ,P1UHS3_1247 ,P1UHS3_1247 -> P1UDT1696 ,
P1UDM6233   ,P1UHS3_1247 ,P1UHS3_1247 -> P1UDT1696 ,
P1UDM6234   ,P1UHS3_1247 ,P1UHS3_1247 -> P1UDT1696 ,
P1UDM6235   ,P1UHS3_1247 ,P1UHS3_1247 -> P1UDT1696 ,
P1UDM6237   ,P1UHS3_1247 ,P1UHS3_1247 -> P1UDT1696 ,
P1UDM6238   ,P1UHS3_1247 ,P1UHS3_1247 -> P1UDT1696 ,
P1UDM6242   ,P1UHS3_1247 ,P1UHS3_1247 -> P1UDT1696 ,
P1UDM6243   ,P1UHS3_1247 ,P1UHS3_1247 -> P1UDT1696 ,
P1UDM6245   ,P1UHS3_1247 ,P1UHS3_1247 -> P1UDT1696 ,
P1UDM6246   ,P1UHS3_1247 ,P1UHS3_1247 -> P1UDT1696 ,
P1UDM6249   ,P1UHS3_1247 ,P1UHS3_1247 -> P1UDT1696 ,
P1UDM6252   ,P1UHS3_1247 ,P1UHS3_1247 -> P1UDT1696 ,
P1UDM6253   ,P1UHS3_1247 ,P1UHS3_1247 -> P1UDT1696 ,
P1UDM6254   ,P1UHS3_1247 ,P1UHS3_1247 -> P1UDT1696 ,
P1UDM6256   ,P1UHS3_1247 ,P1UHS3_1247 -> P1UDT1696 ,
P1UDM6257   ,P1UHS3_1247 ,P1UHS3_1247 -> P1UDT1696 ,
P1UDM6258   ,P1UHS3_1247 ,P1UHS3_1247 -> P1UDT1696 ,
P1UDM6259   ,P1UHS3_1247 ,P1UHS3_1247 -> P1UDT1696 ,
P1UDM6260   ,P1UHS3_1247 ,P1UHS3_1247 -> P1UDT1696 ,
P1UDM6261   ,P1UHS3_1247 ,P1UHS3_1247 -> P1UDT1696 ,
P1UDM6262   ,P1UHS3_1247 ,P1UHS3_1247 -> P1UDT1696 ,
P1UDM6263   ,P1UHS3_1247 ,P1UHS3_1247 -> P1UDT1696 ,
P1UDM6264   ,P1UHS3_1247 ,P1UHS3_1247 -> P1UDT1696 ,
P1UDM6269   ,P1UHS3_1247 ,P1UHS3_1247 -> P1UDT1696 ,
P1UDM6270   ,P1UHS3_1247 ,P1UHS3_1247 -> P1UDT1696 ,
P1UDM6271   ,P1UHS3_1247 ,P1UHS3_1247 -> P1UDT1696 ,
P1UDM6272   ,P1UHS3_1247 ,P1UHS3_1247 -> P1UDT1696 ,
P1UDM6274   ,P1UHS3_1247 ,P1UHS3_1247 -> P1UDT1696 ,
P1UDM6275   ,P1UHS3_1247 ,P1UHS3_1247 -> P1UDT1696 ,
P1UDM6276   ,P1UHS3_1247 ,P1UHS3_1247 -> P1UDT1696 ,
P1UDM6278   ,P1UHS3_1247 ,P1UHS3_1247 -> P1UDT1696 ,
P1UDM6279   ,P1UHS3_1247 ,P1UHS3_1247 -> P1UDT1696 ,
P1UDM6283   ,P1UHS3_1247 ,P1UHS3_1247 -> P1UDT1696 ,
P1UDM6286   ,P1UHS3_1247 ,P1UHS3_1247 -> P1UDT1696 ,
P1UDM6288   ,P1UHS2_1247 ,P1UHS2_1247 -> P1UDT813  ,
P1UDM6289   ,P1UHS2_1247 ,P1UHS2_1247 -> P1UDT813  ,
P1UDM6292   ,P1UHS2_1247 ,P1UHS2_1247 -> P1UDT813  ,
P1UDM6293   ,P1UHS2_1247 ,P1UHS2_1247 -> P1UDT813  ,
P1UDM6294   ,P1UHS2_1247 ,P1UHS2_1247 -> P1UDT813  ,
P1UDM6295   ,P1UHS2_1247 ,P1UHS2_1247 -> P1UDT813  ,
P1UDM6301   ,P1UHS1_1247 ,P1UHS1_1247 -> P1UDT1324 ,
P1UDM6302   ,P1UHS1_1247 ,P1UHS1_1247 -> P1UDT1324 ,
P1UDM6303   ,P1UHS1_1247 ,P1UHS1_1247 -> P1UDT1324 ,
P1UDM6304   ,P1UHS1_1247 ,P1UHS1_1247 -> P1UDT1324 ,
P1UDM6305   ,P1UHS1_1247 ,P1UHS1_1247 -> P1UDT1324 ,
P1UDM6306   ,P1UHS1_1247 ,P1UHS1_1247 -> P1UDT1324 ,
P1UDM6307   ,P1UHS1_1247 ,P1UHS1_1247 -> P1UDT1324 ,
P1UDM6308   ,P1UHS1_1247 ,P1UHS1_1247 -> P1UDT1324 ,
P1UDM6309   ,P1UHS1_1247 ,P1UHS1_1247 -> P1UDT1324 ,
P1UDM6310   ,P1UHS1_1247 ,P1UHS1_1247 -> P1UDT1324 ,
P1UDM6311   ,P1UHS1_1247 ,P1UHS1_1247 -> P1UDT1324 ,
P1UDM6312   ,P1UHS1_1247 ,P1UHS1_1247 -> P1UDT1324 ,
P1UDM6313   ,P1UHS1_1247 ,P1UHS1_1247 -> P1UDT1324 ,
P1UDM6315   ,P1UHS1_1247 ,P1UHS1_1247 -> P1UDT1324 ,
P1UDM6316   ,P1UHS1_1247 ,P1UHS1_1247 -> P1UDT1324 ,
P1UDM6318   ,P1UHS1_1247 ,P1UHS1_1247 -> P1UDT1324 ,
P1UDM6320   ,P1UHS1_1247 ,P1UHS1_1247 -> P1UDT1324 ,
P1UDM6321   ,P1UHS1_1247 ,P1UHS1_1247 -> P1UDT1324 ,
P1UDM6322   ,P1UHS1_1247 ,P1UHS1_1247 -> P1UDT1324 ,
P1UDM6323   ,P1UHS1_1247 ,P1UHS1_1247 -> P1UDT1324 ,
P1UDM6324   ,P1UHS1_1247 ,P1UHS1_1247 -> P1UDT1324 ,
P1UDM6326   ,P1UHS1_1247 ,P1UHS1_1247 -> P1UDT1324 ,
P1UDM6329   ,P1UHS1_1247 ,P1UHS1_1247 -> P1UDT1324 ,
P1UDM6330   ,P1UHS1_1247 ,P1UHS1_1247 -> P1UDT1324 ,
P1UDM6333   ,P1UHS1_1247 ,P1UHS1_1247 -> P1UDT1324 ,
P1UDM6336   ,P1UHS1_1247 ,P1UHS1_1247 -> P1UDT1324 ,
P1UDM6337   ,P1UHS1_1247 ,P1UHS1_1247 -> P1UDT1324 ,
P1UDM6339   ,P1UHS1_1247 ,P1UHS1_1247 -> P1UDT1324 ,
P1UDM6340   ,P1UHS1_1247 ,P1UHS1_1247 -> P1UDT1324 ,
P1UDM6344   ,P1UHS1_1247 ,P1UHS1_1247 -> P1UDT1324 ,
P1UDM6345   ,P1UHS1_1247 ,P1UHS1_1247 -> P1UDT1324 ,
P1UDM6346   ,P1UHS1_1247 ,P1UHS1_1247 -> P1UDT1324 ,
P1UDM6347   ,P1UHS1_1247 ,P1UHS1_1247 -> P1UDT1324 ,
P1UDM6348   ,P1UHS1_1247 ,P1UHS1_1247 -> P1UDT1324 ,
P1UDM6350   ,P1UHS1_1247 ,P1UHS1_1247 -> P1UDT1324 ,
P1UDM6351   ,P1UHS1_1247 ,P1UHS1_1247 -> P1UDT1324 ,
P1UDM6357   ,P1UHS1_1247 ,P1UHS1_1247 -> P1UDT1324 ,
P1UDM6358   ,P1UHS1_1247 ,P1UHS1_1247 -> P1UDT1324 ,
P1UDM6359   ,P1UHS1_1247 ,P1UHS1_1247 -> P1UDT1324 ,
P1UDM6362   ,P1UHS1_1247 ,P1UHS1_1247 -> P1UDT1324 ,
P1UDM6363   ,P1UHS1_1247 ,P1UHS1_1247 -> P1UDT1324 ,
P1UDM6364   ,P1UHS1_1247 ,P1UHS1_1247 -> P1UDT1324 ,
P1UDM6365   ,P1UHS1_1247 ,P1UHS1_1247 -> P1UDT1324 ,
P1UDM6368   ,P1UHS1_1247 ,P1UHS1_1247 -> P1UDT1324 ,
P1UDM6370   ,P1UHS1_1247 ,P1UHS1_1247 -> P1UDT1324 ,
P1UDM6371   ,P1UHS1_1247 ,P1UHS1_1247 -> P1UDT1324 ,
P1UDM6372   ,P1UHS1_1247 ,P1UHS1_1247 -> P1UDT1324 ,
P1UDM6373   ,P1UHS1_1247 ,P1UHS1_1247 -> P1UDT1324 ,
P1UDM6377   ,P1UHS1_1247 ,P1UHS1_1247 -> P1UDT1324 ,
P1UDM6380   ,P1UHS1_1247 ,P1UHS1_1247 -> P1UDT1324 ,
P1UDM6381   ,P1UHS1_1247 ,P1UHS1_1247 -> P1UDT1324 ,
P1UDM6382   ,P1UHS1_1247 ,P1UHS1_1247 -> P1UDT1324 ,
P1UDM6384   ,P1UHS1_1247 ,P1UHS1_1247 -> P1UDT1324 ,
P1UDM6386   ,P1UHS1_1247 ,P1UHS1_1247 -> P1UDT1324 ,
P1UDM6387   ,P1UHS1_1247 ,P1UHS1_1247 -> P1UDT1324 ,
P1UDM6388   ,P1UHS1_1247 ,P1UHS1_1247 -> P1UDT1324 ,
P1UDM6389   ,P1UHS1_1247 ,P1UHS1_1247 -> P1UDT1324 ,
P1UDM6396   ,P1UHS1_1247 ,P1UHS1_1247 -> P1UDT1324 ,
P1UDM6398   ,P1UHS1_1247 ,P1UHS1_1247 -> P1UDT1324 ,
P1UDM6401   ,P1UHS1_1247 ,P1UHS1_1247 -> P1UDT1324 ,
P1UDM6403   ,P1UHS1_1247 ,P1UHS1_1247 -> P1UDT1324 ,
P1UDM6404   ,P1UHS1_1247 ,P1UHS1_1247 -> P1UDT1324 ,
P1UDM6406   ,P1UHS1_1247 ,P1UHS1_1247 -> P1UDT1324 ,
P1UDM6407   ,P1UHS1_1247 ,P1UHS1_1247 -> P1UDT1324 ,
P1UDM6412   ,P1UHS1_1247 ,P1UHS1_1247 -> P1UDT1324 ,
P1UDM6413   ,P1UHS1_1247 ,P1UHS1_1247 -> P1UDT1324 ,
P1UDM6414   ,P1UHS1_1247 ,P1UHS1_1247 -> P1UDT1324 ,
P1UDM6415   ,P1UHS1_1247 ,P1UHS1_1247 -> P1UDT1324 ,
P1UDM6416   ,P1UHS1_1247 ,P1UHS1_1247 -> P1UDT1324 ,
P1UDM6417   ,P1UHS1_1247 ,P1UHS1_1247 -> P1UDT1324 ,
P1UDM6425   ,P1UHS1_1247 ,P1UHS1_1247 -> P1UDT1324 ,
P1UDM6427   ,P1UHS1_1247 ,P1UHS1_1247 -> P1UDT1324 ,
P1UDM6428   ,P1UHS1_1247 ,P1UHS1_1247 -> P1UDT1324 ,
P1UDM6429   ,P1UHS1_1247 ,P1UHS1_1247 -> P1UDT1324 ,
P1UDM6430   ,P1UHS1_1247 ,P1UHS1_1247 -> P1UDT1324 ,
P1UDM6433   ,P1UHS1_1247 ,P1UHS1_1247 -> P1UDT1324 ,
P1UDM6437   ,P1UHS1_1247 ,P1UHS1_1247 -> P1UDT1324 ,
P1UDM6438   ,P1UHS1_1247 ,P1UHS1_1247 -> P1UDT1324 ,
P1UDM6439   ,P1UHS1_1247 ,P1UHS1_1247 -> P1UDT1324 ,
P1UDM6440   ,P1UHS1_1247 ,P1UHS1_1247 -> P1UDT1324 ,
P1UDM6442   ,P1UHS1_1247 ,P1UHS1_1247 -> P1UDT1324 ,
P1UDM6443   ,P1UHS1_1247 ,P1UHS1_1247 -> P1UDT1324 ,
P1UDM6444   ,P1UHS1_1247 ,P1UHS1_1247 -> P1UDT1324 ,
P1UDM6446   ,P1UHS1_1247 ,P1UHS1_1247 -> P1UDT1324 ,
P1UDM6447   ,P1UHS1_1247 ,P1UHS1_1247 -> P1UDT1324 ,
P1UDM6454   ,P1UHS1_1247 ,P1UHS1_1247 -> P1UDT1324 ,
P1UDM6455   ,P1UHS1_1247 ,P1UHS1_1247 -> P1UDT1324 ,
P1UDM6456   ,P1UHS1_1247 ,P1UHS1_1247 -> P1UDT1324 ,
P1UDM6458   ,P1UHS1_1247 ,P1UHS1_1247 -> P1UDT1324 ,
P1UDM6459   ,P1UHS1_1247 ,P1UHS1_1247 -> P1UDT1324 ,
P1UDM6466   ,P1UHS1_1247 ,P1UHS1_1247 -> P1UDT1324 ,
P1UDM6467   ,P1UHS1_1247 ,P1UHS1_1247 -> P1UDT1324 ,
P1UDM6468   ,P1UHS1_1247 ,P1UHS1_1247 -> P1UDT1324 ,
P1UDM6469   ,P1UHS1_1247 ,P1UHS1_1247 -> P1UDT1324 ,
P1UDM6473   ,P1UHS1_1247 ,P1UHS1_1247 -> P1UDT1324 ,
P1UDM6475   ,P1UHS1_1247 ,P1UHS1_1247 -> P1UDT1324 ,
P1UDM6477   ,P1UHS1_1247 ,P1UHS1_1247 -> P1UDT1324 ,
P1UDM6478   ,P1UHS1_1247 ,P1UHS1_1247 -> P1UDT1324 ,
P1UDM6479   ,P1UHS1_1247 ,P1UHS1_1247 -> P1UDT1324 ,
P1UDM6481   ,P1UHS1_1247 ,P1UHS1_1247 -> P1UDT1324 ,
P1UDM6482   ,P1UHS1_1247 ,P1UHS1_1247 -> P1UDT1324 ,
P1UDM6487   ,P1UHS1_1247 ,P1UHS1_1247 -> P1UDT1324 ,
P1UDM6488   ,P1UHS1_1247 ,P1UHS1_1247 -> P1UDT1324 ,
P1UDM6489   ,P1UHS1_1247 ,P1UHS1_1247 -> P1UDT1324 ,
P1UDM6491   ,P1UHS1_1247 ,P1UHS1_1247 -> P1UDT1324 ,
P1UDM6492   ,P1UHS1_1247 ,P1UHS1_1247 -> P1UDT1324 ,
P1UDM6493   ,P1UHS1_1247 ,P1UHS1_1247 -> P1UDT1324 ,
P1UDM6494   ,P1UHS1_1247 ,P1UHS1_1247 -> P1UDT1324 ,
P1UDM6500   ,P1UHS1_1247 ,P1UHS1_1247 -> P1UDT1324 ,
P1UDM6501   ,P1UHS1_1247 ,P1UHS1_1247 -> P1UDT1324 ,
P1UDM6502   ,P1UHS1_1247 ,P1UHS1_1247 -> P1UDT1324 ,
P1UDM6503   ,P1UHS1_1247 ,P1UHS1_1247 -> P1UDT1324 ,
P1UDM6507   ,P1UHS1_1247 ,P1UHS1_1247 -> P1UDT1324 ,
P1UDM6509   ,P1UHS1_1247 ,P1UHS1_1247 -> P1UDT1324 ,
P1UDM6510   ,P1UHS1_1247 ,P1UHS1_1247 -> P1UDT1324 ,
P1UDM6511   ,P1UHS1_1247 ,P1UHS1_1247 -> P1UDT1324 ,
P1UDM6513   ,P1UHS1_1247 ,P1UHS1_1247 -> P1UDT1324 ,
P1UDM6515   ,P1UHS1_1247 ,P1UHS1_1247 -> P1UDT1324 ,
P1UDM6517   ,P1UHS1_1247 ,P1UHS1_1247 -> P1UDT1324 ,
P1UDM6518   ,P1UHS1_1247 ,P1UHS1_1247 -> P1UDT1324 ,
P1UDM6519   ,P1UHS1_1247 ,P1UHS1_1247 -> P1UDT1324 ,
P1UDM6520   ,P1UHS1_1247 ,P1UHS1_1247 -> P1UDT1324 ,
P1UDM6523   ,P1UHS1_1247 ,P1UHS1_1247 -> P1UDT1324 ,
P1UDM6525   ,P1UHS1_1247 ,P1UHS1_1247 -> P1UDT1324 ,
P1UDM6526   ,P1UHS1_1247 ,P1UHS1_1247 -> P1UDT1324 ,
P1UDM6527   ,P1UHS1_1247 ,P1UHS1_1247 -> P1UDT1324 ,
P1UDM6528   ,P1UHS1_1247 ,P1UHS1_1247 -> P1UDT1324 ,
P1UDM6530   ,P1UHS1_1247 ,P1UHS1_1247 -> P1UDT1324 ,
P1UDM6532   ,P1UHS1_1247 ,P1UHS1_1247 -> P1UDT1324 ,
P1UDM6533   ,P1UHS1_1247 ,P1UHS1_1247 -> P1UDT1324 ,
P1UDM6534   ,P1UHS1_1247 ,P1UHS1_1247 -> P1UDT1324 ,
P1UDM6535   ,P1UHS1_1247 ,P1UHS1_1247 -> P1UDT1324 ,
P1UDM6536   ,P1UHS1_1247 ,P1UHS1_1247 -> P1UDT1324 ,
P1UDM6539   ,P1UHS1_1247 ,P1UHS1_1247 -> P1UDT1324 ,
P1UDM6540   ,P1UHS1_1247 ,P1UHS1_1247 -> P1UDT1324 ,
P1UDM6541   ,P1UHS1_1247 ,P1UHS1_1247 -> P1UDT1324 ,
P1UDM6544   ,P1UHS1_1247 ,P1UHS1_1247 -> P1UDT1324 ,
P1UDM6549   ,P1UHS1_1247 ,P1UHS1_1247 -> P1UDT1324 ,
P1UDM6550   ,P1UHS1_1247 ,P1UHS1_1247 -> P1UDT1324 ,
P1UDM6551   ,P1UHS1_1247 ,P1UHS1_1247 -> P1UDT1324 ,
P1UDM6552   ,P1UHS1_1247 ,P1UHS1_1247 -> P1UDT1324 ,
P1UDM6554   ,P1UHS1_1247 ,P1UHS1_1247 -> P1UDT1324 ,
P1UDM6556   ,P1UHS1_1247 ,P1UHS1_1247 -> P1UDT1324 ,
P1UDM6557   ,P1UHS1_1247 ,P1UHS1_1247 -> P1UDT1324 ,
P1UDM6558   ,P1UHS1_1247 ,P1UHS1_1247 -> P1UDT1324 ,
P1UDM6559   ,P1UHS1_1247 ,P1UHS1_1247 -> P1UDT1324 ,
P1UDM6561   ,P1UHS1_1247 ,P1UHS1_1247 -> P1UDT1324 ,
P1UDM6562   ,P1UHS1_1247 ,P1UHS1_1247 -> P1UDT1324 ,
P1UDM6563   ,P1UHS1_1247 ,P1UHS1_1247 -> P1UDT1324 ,
P1UDM6564   ,P1UHS1_1247 ,P1UHS1_1247 -> P1UDT1324 ,
P1UDM6565   ,P1UHS1_1247 ,P1UHS1_1247 -> P1UDT1324 ,
P1UDM6566   ,P1UHS1_1247 ,P1UHS1_1247 -> P1UDT1324 ,
P1UDM6575   ,P1UHS1_1247 ,P1UHS1_1247 -> P1UDT1324 ,
P1UDM6580   ,P1UHS1_1247 ,P1UHS1_1247 -> P1UDT1324 ,
P1UDM6581   ,P1UHS1_1247 ,P1UHS1_1247 -> P1UDT1324 ,
P1UDM6582   ,P1UHS1_1247 ,P1UHS1_1247 -> P1UDT1324 ,
P1UDM6583   ,P1UHS1_1247 ,P1UHS1_1247 -> P1UDT1324 ,
P1UDM6585   ,P1UHS1_1247 ,P1UHS1_1247 -> P1UDT1324 ,
P1UDM6591   ,P1UHS1_1247 ,P1UHS1_1247 -> P1UDT1324 ,
P1UDM6593   ,P1UHS1_1247 ,P1UHS1_1247 -> P1UDT1324 ,
P1UDM6596   ,P1UHS1_1247 ,P1UHS1_1247 -> P1UDT1324 ,
P1UDM6597   ,P1UHS1_1247 ,P1UHS1_1247 -> P1UDT1324 ,
P1UDM6599   ,P1UHS1_1247 ,P1UHS1_1247 -> P1UDT1324 ,
P1UDM6600   ,P1UHS1_1247 ,P1UHS1_1247 -> P1UDT1324 ,
P1UDM6602   ,P1UHS1_1247 ,P1UHS1_1247 -> P1UDT1324 ,
P1UDM6603   ,P1UHS1_1247 ,P1UHS1_1247 -> P1UDT1324 ,
P1UDM6605   ,P1UHS1_1247 ,P1UHS1_1247 -> P1UDT1324 ,
P1UDM6608   ,P1UHS1_1247 ,P1UHS1_1247 -> P1UDT1324 ,
P1UDM6611   ,P1UHS1_1247 ,P1UHS1_1247 -> P1UDT1324 ,
P1UDM6612   ,P1UHS1_1247 ,P1UHS1_1247 -> P1UDT1324 ,
P1UDM6613   ,P1UHS1_1247 ,P1UHS1_1247 -> P1UDT1324 ,
P1UDM6614   ,P1UHS1_1247 ,P1UHS1_1247 -> P1UDT1324 ,
P1UDM6616   ,P1UHS1_1247 ,P1UHS1_1247 -> P1UDT1324 ,
P1UDM6617   ,P1UHS1_1247 ,P1UHS1_1247 -> P1UDT1324 ,
P1UDM6618   ,P1UHS1_1247 ,P1UHS1_1247 -> P1UDT1324 ,
P1UDM6627   ,P1UHS1_1247 ,P1UHS1_1247 -> P1UDT1324 ,
P1UDM6630   ,P1UHS1_1247 ,P1UHS1_1247 -> P1UDT1324 ,
P1UDM6631   ,P1UHS1_1247 ,P1UHS1_1247 -> P1UDT1324 ,
P1UDM6632   ,P1UHS1_1247 ,P1UHS1_1247 -> P1UDT1324 ,
P1UDM6633   ,P1UHS1_1247 ,P1UHS1_1247 -> P1UDT1324 ,
P1UDM6634   ,P1UHS1_1247 ,P1UHS1_1247 -> P1UDT1324 ,
P1UDM6635   ,P1UHS1_1247 ,P1UHS1_1247 -> P1UDT1324 ,
P1UDM6643   ,P1UHS1_1247 ,P1UHS1_1247 -> P1UDT1324 ,
P1UDM6646   ,P1UHS1_1247 ,P1UHS1_1247 -> P1UDT1324 ,
P1UDM6647   ,P1UHS1_1247 ,P1UHS1_1247 -> P1UDT1324 ,
P1UDM6649   ,P1UHS1_1247 ,P1UHS1_1247 -> P1UDT1324 ,
P1UDM6652   ,P1UHS1_1247 ,P1UHS1_1247 -> P1UDT1324 ,
P1UDM6656   ,P1UHS1_1247 ,P1UHS1_1247 -> P1UDT1324 ,
P1UDM6659   ,P1UHS1_1247 ,P1UHS1_1247 -> P1UDT1324 ,
P1UDM6661   ,P1UHS1_1247 ,P1UHS1_1247 -> P1UDT1324 ,
P1UDM6662   ,P1UHS1_1247 ,P1UHS1_1247 -> P1UDT1324 ,
P1UDM6663   ,P1UHS1_1247 ,P1UHS1_1247 -> P1UDT1324 ,
P1UDM6664   ,P1UHS1_1247 ,P1UHS1_1247 -> P1UDT1324 ,
P1UDM6665   ,P1UHS1_1247 ,P1UHS1_1247 -> P1UDT1324 ,
P1UDM6667   ,P1UHS1_1247 ,P1UHS1_1247 -> P1UDT1324 ,
P1UDM6669   ,P1UHS1_1247 ,P1UHS1_1247 -> P1UDT1324 ,
P1UDM6670   ,P1UHS1_1247 ,P1UHS1_1247 -> P1UDT1324 ,
P1UDM6671   ,P1UHS1_1247 ,P1UHS1_1247 -> P1UDT1324 ,
P1UDM6673   ,P1UHS1_1247 ,P1UHS1_1247 -> P1UDT1324 ,
P1UDM6674   ,P1UHS1_1247 ,P1UHS1_1247 -> P1UDT1324 ,
P1UDM6675   ,P1UHS1_1247 ,P1UHS1_1247 -> P1UDT1324 ,
P1UDM6683   ,P1UHS1_1247 ,P1UHS1_1247 -> P1UDT1324 ,
P1UDM6687   ,P1UHS1_1247 ,P1UHS1_1247 -> P1UDT1324 ,
P1UDM6690   ,P1UHS1_1247 ,P1UHS1_1247 -> P1UDT1324 ,
P1UDM6691   ,P1UHS1_1247 ,P1UHS1_1247 -> P1UDT1324 ,
P1UDM6692   ,P1UHS1_1247 ,P1UHS1_1247 -> P1UDT1324 ,
P1UDM6695   ,P1UHS1_1247 ,P1UHS1_1247 -> P1UDT1324 ,
P1UDM6697   ,P1UHS1_1247 ,P1UHS1_1247 -> P1UDT1324 ,
P1UDM6699   ,P1UHS1_1247 ,P1UHS1_1247 -> P1UDT1324 ,
P1UDM6700   ,P1UHS1_1247 ,P1UHS1_1247 -> P1UDT1324 ,
P1UDM6701   ,P1UHS1_1247 ,P1UHS1_1247 -> P1UDT1324 ,
P1UDM6703   ,P1UHS1_1247 ,P1UHS1_1247 -> P1UDT1324 ,
P1UDM6704   ,P1UHS1_1247 ,P1UHS1_1247 -> P1UDT1324 ,
P1UDM6710   ,P1UHS1_1247 ,P1UHS1_1247 -> P1UDT1324 ,
P1UDM6711   ,P1UHS1_1247 ,P1UHS1_1247 -> P1UDT1324 ,
P1UDM6712   ,P1UHS1_1247 ,P1UHS1_1247 -> P1UDT1324 ,
P1UDM6713   ,P1UHS1_1247 ,P1UHS1_1247 -> P1UDT1324 ,
P1UDM6714   ,P1UHS1_1247 ,P1UHS1_1247 -> P1UDT1324 ,
P1UDM6721   ,P1UHS1_1247 ,P1UHS1_1247 -> P1UDT1324 ,
P1UDM6723   ,P1UHS1_1247 ,P1UHS1_1247 -> P1UDT1324 ,
P1UDM6731   ,P1UHS2_1247 ,P1UHS2_1247 -> P1UDT813  ,
P1UDM6732   ,P1UHS2_1247 ,P1UHS2_1247 -> P1UDT813  ,
P1UDM6734   ,P1UHS2_1247 ,P1UHS2_1247 -> P1UDT813  ,
P1UDM6742   ,P1UHS2_1247 ,P1UHS2_1247 -> P1UDT813  ,
P1UDM6745   ,P1UHS2_1247 ,P1UHS2_1247 -> P1UDT813  ,
P1UDM6746   ,P1UHS2_1247 ,P1UHS2_1247 -> P1UDT813  ,
P1UDM6747   ,P1UHS2_1247 ,P1UHS2_1247 -> P1UDT813  ,
P1UDM6752   ,P1UHS2_1247 ,P1UHS2_1247 -> P1UDT813  ,
P1UDM6755   ,P1UHS2_1247 ,P1UHS2_1247 -> P1UDT813  ,
P1UDM6756   ,P1UHS2_1247 ,P1UHS2_1247 -> P1UDT813  ,
P1UDM6758   ,P1UHS2_1247 ,P1UHS2_1247 -> P1UDT813  ,
P1UDM6762   ,P1UHS2_1247 ,P1UHS2_1247 -> P1UDT813  ,
P1UDM6763   ,P1UHS2_1247 ,P1UHS2_1247 -> P1UDT813  ,
P1UDM6764   ,P1UHS2_1247 ,P1UHS2_1247 -> P1UDT813  ,
P1UDM6765   ,P1UHS2_1247 ,P1UHS2_1247 -> P1UDT813  ,
P1UDM6766   ,P1UHS2_1247 ,P1UHS2_1247 -> P1UDT813  ,
P1UDM6767   ,P1UHS2_1247 ,P1UHS2_1247 -> P1UDT813  ,
P1UDM6768   ,P1UHS2_1247 ,P1UHS2_1247 -> P1UDT813  ,
P1UDM6769   ,P1UHS2_1247 ,P1UHS2_1247 -> P1UDT813  ,
P1UDM6771   ,P1UHS2_1247 ,P1UHS2_1247 -> P1UDT813  ,
P1UDM6773   ,P1UHS2_1247 ,P1UHS2_1247 -> P1UDT813  ,
P1UDM6774   ,P1UHS2_1247 ,P1UHS2_1247 -> P1UDT813  ,
P1UDM6777   ,P1UHS1_1247 ,P1UHS1_1247 -> P1UDT1324 ,
P1UDM6778   ,P1UHS1_1247 ,P1UHS1_1247 -> P1UDT1324 ,
P1UDM6779   ,P1UHS1_1247 ,P1UHS1_1247 -> P1UDT1324 ,
P1UDM6780   ,P1UHS1_1247 ,P1UHS1_1247 -> P1UDT1324 ,
P1UDM6781   ,P1UHS1_1247 ,P1UHS1_1247 -> P1UDT1324 ,
P1UDM6782   ,P1UHS1_1247 ,P1UHS1_1247 -> P1UDT1324 ,
P1UDM6783   ,P1UHS1_1247 ,P1UHS1_1247 -> P1UDT1324 ,
P1UDM6785   ,P1UHS1_1247 ,P1UHS1_1247 -> P1UDT1324 ,
P1UDM6787   ,P1UHS1_1247 ,P1UHS1_1247 -> P1UDT1324 ,
P1UDM6789   ,P1UHS1_1247 ,P1UHS1_1247 -> P1UDT1324 ,
P1UDM6791   ,P1UHS1_1247 ,P1UHS1_1247 -> P1UDT1324 ,
P1UDM6792   ,P1UHS1_1247 ,P1UHS1_1247 -> P1UDT1324 ,
P1UDM6794   ,P1UHS1_1247 ,P1UHS1_1247 -> P1UDT1324 ,
P1UDM6796   ,P1UHS1_1247 ,P1UHS1_1247 -> P1UDT1324 ,
P1UDM6800   ,P1UHS1_1247 ,P1UHS1_1247 -> P1UDT1324 ,
P1UDM6801   ,P1UHS1_1247 ,P1UHS1_1247 -> P1UDT1324 ,
P1UDM6802   ,P1UHS2_1247 ,P1UHS2_1247 -> P1UDT813  ,
P1UDM6805   ,P1UHS2_1247 ,P1UHS2_1247 -> P1UDT813  ,
P1UDM6807   ,P1UHS1_1247 ,P1UHS1_1247 -> P1UDT1324 ,
P1UDM6808   ,P1UHS1_1247 ,P1UHS1_1247 -> P1UDT1324 ,
P1UDM6809   ,P1UHS1_1247 ,P1UHS1_1247 -> P1UDT1324 ,
P1UDM6811   ,P1UHS1_1247 ,P1UHS1_1247 -> P1UDT1324 ,
P1UDM6812   ,P1UHS1_1247 ,P1UHS1_1247 -> P1UDT1324 ,
P1UDM6813   ,P1UHS1_1247 ,P1UHS1_1247 -> P1UDT1324 ,
P1UDM6814   ,P1UHS1_1247 ,P1UHS1_1247 -> P1UDT1324 ,
P1UDM6819   ,P1UHS1_1247 ,P1UHS1_1247 -> P1UDT1324 ,
P1UDM6820   ,P1UHS1_1247 ,P1UHS1_1247 -> P1UDT1324 ,
P1UDM6824   ,P1UHS1_1247 ,P1UHS1_1247 -> P1UDT1324 ,
P1UDM6825   ,P1UHS1_1247 ,P1UHS1_1247 -> P1UDT1324 ,
P1UDM6827   ,P1UHS1_1247 ,P1UHS1_1247 -> P1UDT1324 ,
P1UDM6828   ,P1UHS1_1247 ,P1UHS1_1247 -> P1UDT1324 ,
P1UDM6829   ,P1UHS1_1247 ,P1UHS1_1247 -> P1UDT1324 ,
P1UDM6830   ,P1UHS1_1247 ,P1UHS1_1247 -> P1UDT1324 ,
P1UDM6831   ,P1UHS1_1247 ,P1UHS1_1247 -> P1UDT1324 ,
P1UDM6838   ,P1UHS1_1247 ,P1UHS1_1247 -> P1UDT1324 ,
P1UDM6839   ,P1UHS1_1247 ,P1UHS1_1247 -> P1UDT1324 ,
P1UDM6840   ,P1UHS1_1247 ,P1UHS1_1247 -> P1UDT1324 ,
P1UDM6841   ,P1UHS1_1247 ,P1UHS1_1247 -> P1UDT1324 ,
P1UDM6843   ,P1UHS1_1247 ,P1UHS1_1247 -> P1UDT1324 ,
P1UDM6844   ,P1UHS1_1247 ,P1UHS1_1247 -> P1UDT1324 ,
P1UDM6845   ,P1UHS1_1247 ,P1UHS1_1247 -> P1UDT1324 ,
P1UDM6854   ,P1UHS1_1247 ,P1UHS1_1247 -> P1UDT1324 ,
P1UDM6857   ,P1UHS1_1247 ,P1UHS1_1247 -> P1UDT1324 ,
P1UDM6859   ,P1UHS1_1247 ,P1UHS1_1247 -> P1UDT1324 ,
P1UDM6860   ,P1UHS1_1247 ,P1UHS1_1247 -> P1UDT1324 ,
P1UDM6869   ,P1UHS1_1247 ,P1UHS1_1247 -> P1UDT716  ,
P1UDM6870   ,P1UHS1_1247 ,P1UHS1_1247 -> P1UDT716  ,
P1UDM6872   ,P1UHS1_1247 ,P1UHS1_1247 -> P1UDT716  ,
P1UDM6874   ,P1UHS1_1247 ,P1UHS1_1247 -> P1UDT716  ,
P1UDM6876   ,P1UHS1_1247 ,P1UHS1_1247 -> P1UDT716  ,
P1UDM6877   ,P1UHS1_1247 ,P1UHS1_1247 -> P1UDT716  ,
P1UDM6878   ,P1UHS1_1247 ,P1UHS1_1247 -> P1UDT716  ,
P1UDM6879   ,P1UHS1_1247 ,P1UHS1_1247 -> P1UDT716  ,
P1UDM6885   ,P1UHS1_1247 ,P1UHS1_1247 -> P1UDT716  ,
P1UDM6887   ,P1UHS1_1247 ,P1UHS1_1247 -> P1UDT716  ,
P1UDM6888   ,P1UHS1_1247 ,P1UHS1_1247 -> P1UDT716  ,
P1UDM6895   ,P1UHS1_1247 ,P1UHS1_1247 -> P1UDT1324 ,
P1UDM6896   ,P1UHS1_1247 ,P1UHS1_1247 -> P1UDT1324 ,
P1UDM6897   ,P1UHS1_1247 ,P1UHS1_1247 -> P1UDT1324 ,
P1UDM6898   ,P1UHS1_1247 ,P1UHS1_1247 -> P1UDT1324 ,
P1UDM6901   ,P1UHS1_1247 ,P1UHS1_1247 -> P1UDT1324 ,
P1UDM6903   ,P1UHS1_1247 ,P1UHS1_1247 -> P1UDT1324 ,
P1UDM6905   ,P1UHS1_1247 ,P1UHS1_1247 -> P1UDT1324 ,
P1UDM6906   ,P1UHS1_1247 ,P1UHS1_1247 -> P1UDT1324 ,
P1UDM6908   ,P1UHS1_1247 ,P1UHS1_1247 -> P1UDT1324 ,
P1UDM6912   ,P1UHS1_1247 ,P1UHS1_1247 -> P1UDT1324 ,
P1UDM6913   ,P1UHS1_1247 ,P1UHS1_1247 -> P1UDT1324 ,
P1UDM6914   ,P1UHS1_1247 ,P1UHS1_1247 -> P1UDT1324 ,
P1UDM6915   ,P1UHS1_1247 ,P1UHS1_1247 -> P1UDT1324 ,
P1UDM6917   ,P1UHS1_1247 ,P1UHS1_1247 -> P1UDT1324 ,
P1UDM6918   ,P1UHS1_1247 ,P1UHS1_1247 -> P1UDT1324 ,
P1UDM6923   ,P1UHS1_1247 ,P1UHS1_1247 -> P1UDT1324 ,
P1UDM6924   ,P1UHS1_1247 ,P1UHS1_1247 -> P1UDT1324 ,
P1UDM6925   ,P1UHS1_1247 ,P1UHS1_1247 -> P1UDT1324 ,
P1UDM6927   ,P1UHS1_1247 ,P1UHS1_1247 -> P1UDT1324 ,
P1UDM6928   ,P1UHS1_1247 ,P1UHS1_1247 -> P1UDT1324 ,
P1UDM6930   ,P1UHS1_1247 ,P1UHS1_1247 -> P1UDT1324 ,
P1UDM6931   ,P1UHS1_1247 ,P1UHS1_1247 -> P1UDT1324 ,
P1UDM6932   ,P1UHS1_1247 ,P1UHS1_1247 -> P1UDT1324 ,
P1UDM6933   ,P1UHS1_1247 ,P1UHS1_1247 -> P1UDT1324 ,
P1UDM6934   ,P1UHS1_1247 ,P1UHS1_1247 -> P1UDT1324 ,
P1UDM6937   ,P1UHS1_1247 ,P1UHS1_1247 -> P1UDT1324 ,
P1UDM6938   ,P1UHS1_1247 ,P1UHS1_1247 -> P1UDT1324 ,
P1UDM6939   ,P1UHS1_1247 ,P1UHS1_1247 -> P1UDT1324 ,
P1UDM6940   ,P1UHS1_1247 ,P1UHS1_1247 -> P1UDT1324 ,
P1UDM6945   ,P1UHS1_1247 ,P1UHS1_1247 -> P1UDT1324 ,
P1UDM6946   ,P1UHS1_1247 ,P1UHS1_1247 -> P1UDT1324 ,
P1UDM6947   ,P1UHS1_1247 ,P1UHS1_1247 -> P1UDT1324 ,
P1UDM6948   ,P1UHS1_1247 ,P1UHS1_1247 -> P1UDT1324 ,
P1UDM6952   ,P1UHS1_1247 ,P1UHS1_1247 -> P1UDT1324 ,
P1UDM6953   ,P1UHS1_1247 ,P1UHS1_1247 -> P1UDT1324 ,
P1UDM6954   ,P1UHS1_1247 ,P1UHS1_1247 -> P1UDT1324 ,
P1UDM6956   ,P1UHS1_1247 ,P1UHS1_1247 -> P1UDT1324 ,
P1UDM6957   ,P1UHS1_1247 ,P1UHS1_1247 -> P1UDT1324 ,
P1UDM6963   ,P1UHS1_1247 ,P1UHS1_1247 -> P1UDT1324 ,
P1UDM6964   ,P1UHS1_1247 ,P1UHS1_1247 -> P1UDT1324 ,
P1UDM6965   ,P1UHS1_1247 ,P1UHS1_1247 -> P1UDT1324 ,
P1UDM6966   ,P1UHS1_1247 ,P1UHS1_1247 -> P1UDT1324 ,
P1UDM6968   ,P1UHS1_1247 ,P1UHS1_1247 -> P1UDT1324 ,
P1UDM6969   ,P1UHS1_1247 ,P1UHS1_1247 -> P1UDT1324 ,
P1UDM6970   ,P1UHS1_1247 ,P1UHS1_1247 -> P1UDT1324 ,
P1UDM6971   ,P1UHS1_1247 ,P1UHS1_1247 -> P1UDT1324 ,
P1UDM6972   ,P1UHS1_1247 ,P1UHS1_1247 -> P1UDT1324 ,
P1UDM6973   ,P1UHS1_1247 ,P1UHS1_1247 -> P1UDT1324 ,
P1UDM6974   ,P1UHS1_1247 ,P1UHS1_1247 -> P1UDT1324 ,
P1UDM6975   ,P1UHS1_1247 ,P1UHS1_1247 -> P1UDT1324 ,
P1UDM6976   ,P1UHS1_1247 ,P1UHS1_1247 -> P1UDT1324 ,
P1UDM6977   ,P1UHS1_1247 ,P1UHS1_1247 -> P1UDT1324 ,
P1UDM6980   ,P1UHS1_1247 ,P1UHS1_1247 -> P1UDT1324 ,
P1UDM6981   ,P1UHS1_1247 ,P1UHS1_1247 -> P1UDT1324 ,
P1UDM6982   ,P1UHS1_1247 ,P1UHS1_1247 -> P1UDT1324 ,
P1UDM6983   ,P1UHS1_1247 ,P1UHS1_1247 -> P1UDT1324 ,
P1UDM6985   ,P1UHS1_1247 ,P1UHS1_1247 -> P1UDT1324 ,
P1UDM6986   ,P1UHS1_1247 ,P1UHS1_1247 -> P1UDT1324 ,
P1UDM6987   ,P1UHS1_1247 ,P1UHS1_1247 -> P1UDT1324 ,
P1UDM6988   ,P1UHS1_1247 ,P1UHS1_1247 -> P1UDT1324 ,
P1UDM6990   ,P1UHS1_1247 ,P1UHS1_1247 -> P1UDT1324 ,
P1UDM6991   ,P1UHS1_1247 ,P1UHS1_1247 -> P1UDT1324 ,
P1UDM6992   ,P1UHS1_1247 ,P1UHS1_1247 -> P1UDT1324 ,
P1UDM6993   ,P1UHS1_1247 ,P1UHS1_1247 -> P1UDT1324 ,
P1UDM6994   ,P1UHS1_1247 ,P1UHS1_1247 -> P1UDT1324 ,
P1UDM6995   ,P1UHS1_1247 ,P1UHS1_1247 -> P1UDT1324 ,
P1UDM6996   ,P1UHS1_1247 ,P1UHS1_1247 -> P1UDT1324 ,
P1UDM6998   ,P1UHS1_1247 ,P1UHS1_1247 -> P1UDT1324 ,
P1UDM6999   ,P1UHS1_1247 ,P1UHS1_1247 -> P1UDT1324 ,
P1UDM7000   ,P1UHS1_1247 ,P1UHS1_1247 -> P1UDT1324 ,
P1UDM7001   ,P1UHS1_1247 ,P1UHS1_1247 -> P1UDT1324 ,
P1UDM7002   ,P1UHS1_1247 ,P1UHS1_1247 -> P1UDT1324 ,
P1UDM7003   ,P1UHS1_1247 ,P1UHS1_1247 -> P1UDT1324 ,
P1UDM7004   ,P1UHS1_1247 ,P1UHS1_1247 -> P1UDT1324 ,
P1UDM7007   ,P1UHS1_1247 ,P1UHS1_1247 -> P1UDT1324 ,
P1UDM7008   ,P1UHS1_1247 ,P1UHS1_1247 -> P1UDT1324 ,
P1UDM7009   ,P1UHS1_1247 ,P1UHS1_1247 -> P1UDT1324 ,
P1UDM7010   ,P1UHS1_1247 ,P1UHS1_1247 -> P1UDT1324 ,
P1UDM7011   ,P1UHS1_1247 ,P1UHS1_1247 -> P1UDT1324 ,
P1UDM7012   ,P1UHS1_1247 ,P1UHS1_1247 -> P1UDT1324 ,
P1UDM7013   ,P1UHS1_1247 ,P1UHS1_1247 -> P1UDT1324 ,
P1UDM7016   ,P1UHS0_1247 ,P1UHS0_1247 -> P1UDT1472 ,
P1UDM7017   ,P1UHS0_1247 ,P1UHS0_1247 -> P1UDT1472 ,
P1UDM7018   ,P1UHS0_1247 ,P1UHS0_1247 -> P1UDT1472 ,
P1UDM7019   ,P1UHS0_1247 ,P1UHS0_1247 -> P1UDT1472 ,
P1UDM7022   ,P1UHS0_1247 ,P1UHS0_1247 -> P1UDT1472 ,
P1UDM7024   ,P1UHS0_1247 ,P1UHS0_1247 -> P1UDT1472 ,
P1UDM7025   ,P1UHS0_1247 ,P1UHS0_1247 -> P1UDT1472 ,
P1UDM7026   ,P1UHS0_1247 ,P1UHS0_1247 -> P1UDT1472 ,
P1UDM7039   ,P1UHS2_1247 ,P1UHS2_1247 -> P1UDT813  ,
P1UDM7041   ,P1UHS2_1247 ,P1UHS2_1247 -> P1UDT813  ,
P1UDM7049   ,P1UHS0_1247 ,P1UHS0_1247 -> P1UDT1472 ,
P1UDM7050   ,P1UHS0_1247 ,P1UHS0_1247 -> P1UDT1472 ,
P1UDM7054   ,P1UHS0_1247 ,P1UHS0_1247 -> P1UDT1472 ,
P1UDM7055   ,P1UHS0_1247 ,P1UHS0_1247 -> P1UDT1472 ,
P1UDM7061   ,P1UHS0_1247 ,P1UHS0_1247 -> P1UDT1472 ,
P1UDM7062   ,P1UHS0_1247 ,P1UHS0_1247 -> P1UDT1472 ,
P1UDM7063   ,P1UHS0_1247 ,P1UHS0_1247 -> P1UDT1472 ,
P1UDM7065   ,P1UHS0_1247 ,P1UHS0_1247 -> P1UDT1472 ,
P1UDM7066   ,P1UHS0_1247 ,P1UHS0_1247 -> P1UDT1472 ,
P1UDM7067   ,P1UHS0_1247 ,P1UHS0_1247 -> P1UDT1472 ,
P1UDM7068   ,P1UHS0_1247 ,P1UHS0_1247 -> P1UDT1472 ,
P1UDM7069   ,P1UHS0_1247 ,P1UHS0_1247 -> P1UDT1472 ,
P1UDM7070   ,P1UHS0_1247 ,P1UHS0_1247 -> P1UDT1472 ,
P1UDM7071   ,P1UHS0_1247 ,P1UHS0_1247 -> P1UDT1472 ,
P1UDM7072   ,P1UHS0_1247 ,P1UHS0_1247 -> P1UDT1472 ,
P1UDM7084   ,P1UHS0_1247 ,P1UHS0_1247 -> P1UDT1472 ,
P1UDM7085   ,P1UHS0_1247 ,P1UHS0_1247 -> P1UDT1472 ,
P1UDM7088   ,P1UHS0_1247 ,P1UHS0_1247 -> P1UDT1472 ,
P1UDM7090   ,P1UHS0_1247 ,P1UHS0_1247 -> P1UDT1472 ,
P1UDM7096   ,P1UHS0_1247 ,P1UHS0_1247 -> P1UDT1472 ,
P1UDM7101   ,P1UHS0_1247 ,P1UHS0_1247 -> P1UDT1472 ,
P1UDM7102   ,P1UHS0_1247 ,P1UHS0_1247 -> P1UDT1472 ,
P1UDM7106   ,P1UHS0_1247 ,P1UHS0_1247 -> P1UDT1472 ,
P1UDM7109   ,P1UHS2_1247 ,P1UHS2_1247 -> P1UDT813  ,
P1UDM7121   ,P1UHS2_1247 ,P1UHS2_1247 -> P1UDT813  ,
P1UDM7122   ,P1UHS2_1247 ,P1UHS2_1247 -> P1UDT813  ,
P1UDM7126   ,P1UHS2_1247 ,P1UHS2_1247 -> P1UDT813  ,
P1UDM7150   ,P1UHS2_1247 ,P1UHS2_1247 -> P1UDT813  ,
P1UDM7157   ,P1UHS2_1247 ,P1UHS2_1247 -> P1UDT813  ,
P1UDM7182   ,P1UHS2_1247 ,P1UHS2_1247 -> P1UDT813  ,
P1UDM7183   ,P1UHS2_1247 ,P1UHS2_1247 -> P1UDT813  ,
P1UDM7193   ,P1UHS1_1247 ,P1UHS1_1247 -> P1UDT1324 ,
P1UDM7194   ,P1UHS1_1247 ,P1UHS1_1247 -> P1UDT1324 ,
P1UDM7199   ,P1UHS1_1247 ,P1UHS1_1247 -> P1UDT1324 ,
P1UDM7200   ,P1UHS1_1247 ,P1UHS1_1247 -> P1UDT1324 ,
P1UDM7204   ,P1UHS1_1247 ,P1UHS1_1247 -> P1UDT1324 ,
P1UDM7205   ,P1UHS1_1247 ,P1UHS1_1247 -> P1UDT1324 ,
P1UDM7226   ,P1UHS2_1247 ,P1UHS2_1247 -> P1UDT813  ,
P1UDM7231   ,P1UHS2_1247 ,P1UHS2_1247 -> P1UDT813  ,
P1UDM7235   ,P1UHS2_1247 ,P1UHS2_1247 -> P1UDT813  ,
P1UDM7237   ,P1UHS2_1247 ,P1UHS2_1247 -> P1UDT813  ,
P1UDM7252   ,P1UHS2_1247 ,P1UHS2_1247 -> P1UDT813  ,
P1UDM7259   ,P1UHS1_1247 ,P1UHS1_1247 -> P1UDT1324 ,
P1UDM7260   ,P1UHS1_1247 ,P1UHS1_1247 -> P1UDT1324 ,
P1UDM7262   ,P1UHS1_1247 ,P1UHS1_1247 -> P1UDT1324 ,
P1UDM7264   ,P1UHS1_1247 ,P1UHS1_1247 -> P1UDT1324 ,
P1UDM7265   ,P1UHS1_1247 ,P1UHS1_1247 -> P1UDT1324 ,
P1UDM7266   ,P1UHS1_1247 ,P1UHS1_1247 -> P1UDT1324 ,
P1UDM7268   ,P1UHS2_1247 ,P1UHS2_1247 -> P1UDT813  ,
P1UDM7269   ,P1UHS2_1247 ,P1UHS2_1247 -> P1UDT813  ,
P1UDM7270   ,P1UHS2_1247 ,P1UHS2_1247 -> P1UDT813  ,
P1UDM7271   ,P1UHS1_1247 ,P1UHS1_1247 -> P1UDT1324 ,
P1UDM7272   ,P1UHS1_1247 ,P1UHS1_1247 -> P1UDT1324 ,
P1UDM7275   ,P1UHS3_1247 ,P1UHS3_1247 -> P1UDT1696 ,
P1UDM7276   ,P1UHS3_1247 ,P1UHS3_1247 -> P1UDT1696 ,
P1UDM7278   ,P1UHS2_1247 ,P1UHS2_1247 -> P1UDT813  ,
P1UDM7286   ,P1UHS2_1247 ,P1UHS2_1247 -> P1UDT813  ,
P1UDM7287   ,P1UHS2_1247 ,P1UHS2_1247 -> P1UDT813  ,
P1UDM7288   ,P1UHS2_1247 ,P1UHS2_1247 -> P1UDT813  ,
P1UDM7289   ,P1UHS2_1247 ,P1UHS2_1247 -> P1UDT813  ,
P1UDM7290   ,P1UHS2_1247 ,P1UHS2_1247 -> P1UDT813  ,
P1UDM7291   ,P1UHS2_1247 ,P1UHS2_1247 -> P1UDT813  ,
P1UDM7293   ,P1UHS3_1247 ,P1UHS3_1247 -> P1UDT1696 ,
P1UDM7294   ,P1UHS3_1247 ,P1UHS3_1247 -> P1UDT1696 ,
P1UDM7300   ,P1UHS1_1247 ,P1UHS1_1247 -> P1UDT1324 ,
P1UDM7301   ,P1UHS1_1247 ,P1UHS1_1247 -> P1UDT1324 ,
P1UDM7302   ,P1UHS1_1247 ,P1UHS1_1247 -> P1UDT1324 ,
P1UDM7306   ,P1UHS3_1247 ,P1UHS3_1247 -> P1UDT1696 ,
P1UDM7307   ,P1UHS3_1247 ,P1UHS3_1247 -> P1UDT1696 ,
P1UDM7309   ,P1UHS1_1247 ,P1UHS1_1247 -> P1UDT1324 ,
P1UDM7311   ,P1UHS1_1247 ,P1UHS1_1247 -> P1UDT1324 ,
P1UDM7314   ,P1UHS3_1247 ,P1UHS3_1247 -> P1UDT1696 ,
P1UDM7315   ,P1UHS3_1247 ,P1UHS3_1247 -> P1UDT1696 ,
P1UDM7347   ,P1UHS3_1247 ,P1UHS3_1247 -> P1UDT1824 ,
P1UDM7348   ,P1UHS3_1247 ,P1UHS3_1247 -> P1UDT1824 ,
P1UDM7349   ,P1UHS3_1247 ,P1UHS3_1247 -> P1UDT1824 ,
P1UDM7350   ,P1UHS3_1247 ,P1UHS3_1247 -> P1UDT1824 ,
P1UDM7351   ,P1UHS3_1247 ,P1UHS3_1247 -> P1UDT1824 ,
P1UDM7352   ,P1UHS3_1247 ,P1UHS3_1247 -> P1UDT1824 ,
P1UDM7353   ,P1UHS3_1247 ,P1UHS3_1247 -> P1UDT1696 ,
P1UDM7354   ,P1UHS3_1247 ,P1UHS3_1247 -> P1UDT1696 ,
P1UDM7355   ,P1UHS3_1247 ,P1UHS3_1247 -> P1UDT1696 ,
P1UDM7356   ,P1UHS3_1247 ,P1UHS3_1247 -> P1UDT1696 ,
P1UDM7357   ,P1UHS3_1247 ,P1UHS3_1247 -> P1UDT1696 ,
P1UDM7358   ,P1UHS3_1247 ,P1UHS3_1247 -> P1UDT1696 ,
P1UDM7359   ,P1UHS3_1247 ,P1UHS3_1247 -> P1UDT1696 ,
P1UDM7361   ,P1UHS3_1247 ,P1UHS3_1247 -> P1UDT1696 ,
P1UDM7362   ,P1UHS3_1247 ,P1UHS3_1247 -> P1UDT1696 ,
P1UDM7363   ,P1UHS3_1247 ,P1UHS3_1247 -> P1UDT1696 ,
P1UDM7364   ,P1UHS3_1247 ,P1UHS3_1247 -> P1UDT1696 ,
P1UDM7370   ,P1UHS3_1247 ,P1UHS3_1247 -> P1UDT1696 ,
P1UDM7372   ,P1UHS3_1247 ,P1UHS3_1247 -> P1UDT1696 ,
P1UDM7375   ,P1UHS3_1247 ,P1UHS3_1247 -> P1UDT1696 ,
P1UDM7376   ,P1UHS3_1247 ,P1UHS3_1247 -> P1UDT1696 ,
P1UDM7379   ,P1UHS3_1247 ,P1UHS3_1247 -> P1UDT1696 ,
P1UDM7380   ,P1UHS3_1247 ,P1UHS3_1247 -> P1UDT1696 ,
P1UDM7393   ,P1UHS2_1247 ,P1UHS2_1247 -> P1UDT813  ,
P1UDM7394   ,P1UHS2_1247 ,P1UHS2_1247 -> P1UDT813  ,
P1UDM7395   ,P1UHS2_1247 ,P1UHS2_1247 -> P1UDT813  ,
P1UDM7397   ,P1UHS2_1247 ,P1UHS2_1247 -> P1UDT813  ,
P1UDM7398   ,P1UHS2_1247 ,P1UHS2_1247 -> P1UDT813  ,
P1UDM7407   ,P1UHS1_1247 ,P1UHS1_1247 -> P1UDT1324 ,
P1UDM7408   ,P1UHS1_1247 ,P1UHS1_1247 -> P1UDT1324 ,
P1UDM7409   ,P1UHS2_1247 ,P1UHS2_1247 -> P1UDT813  ,
P1UDM7410   ,P1UHS2_1247 ,P1UHS2_1247 -> P1UDT813  ,
P1UDM7415   ,P1UHS1_1247 ,P1UHS1_1247 -> P1UDT1324 ,
P1UDM7416   ,P1UHS1_1247 ,P1UHS1_1247 -> P1UDT1324 ,
P1UDM7418   ,P1UHS1_1247 ,P1UHS1_1247 -> P1UDT1324 ,
P1UDM7426   ,P1UHS1_1247 ,P1UHS1_1247 -> P1UDT1324 ,
P1UDM7427   ,P1UHS1_1247 ,P1UHS1_1247 -> P1UDT1324 ,
P1UDM7441   ,P1UHS2_1247 ,P1UHS2_1247 -> P1UDT813  ,
P1UDM7442   ,P1UHS2_1247 ,P1UHS2_1247 -> P1UDT813  ,
P1UDM7444   ,P1UHS1_1247 ,P1UHS1_1247 -> P1UDT1324 ,
P1UDM7445   ,P1UHS1_1247 ,P1UHS1_1247 -> P1UDT1324 ,
P1UDM7451   ,P1UHS1_1247 ,P1UHS1_1247 -> P1UDT1324 ,
P1UDM7452   ,P1UHS1_1247 ,P1UHS1_1247 -> P1UDT1324 ,
P1UDM7459   ,P1UHS1_1247 ,P1UHS1_1247 -> P1UDT1324 ,
P1UDM7464   ,P1UHS1_1247 ,P1UHS1_1247 -> P1UDT1324 ,
P1UDM7465   ,P1UHS1_1247 ,P1UHS1_1247 -> P1UDT1324 ,
P1UDM7466   ,P1UHS1_1247 ,P1UHS1_1247 -> P1UDT1324 ,
P1UDM7467   ,P1UHS1_1247 ,P1UHS1_1247 -> P1UDT1324 ,
P1UDM7470   ,P1UHS1_1247 ,P1UHS1_1247 -> P1UDT1324 ,
P1UDM7472   ,P1UHS1_1247 ,P1UHS1_1247 -> P1UDT1324 ,
P1UDM7476   ,P1UHS1_1247 ,P1UHS1_1247 -> P1UDT1324 ,
P1UDM7479   ,P1UHS1_1247 ,P1UHS1_1247 -> P1UDT1324 ,
P1UDM7480   ,P1UHS1_1247 ,P1UHS1_1247 -> P1UDT1324 ,
P1UDM7488   ,P1UHS1_1247 ,P1UHS1_1247 -> P1UDT1324 ,
P1UDM7508   ,P1UHS1_1247 ,P1UHS1_1247 -> P1UDT1324 ,
P1UDM7517   ,P1UHS1_1247 ,P1UHS1_1247 -> P1UDT1324 ,
P1UDM7520   ,P1UHS3_1247 ,P1UHS3_1247 -> P1UDT1824 ,
P1UDM7521   ,P1UHS3_1247 ,P1UHS3_1247 -> P1UDT1824 ,
P1UDM7526   ,P1UHS3_1247 ,P1UHS3_1247 -> P1UDT1824 ,
P1UDM7527   ,P1UHS3_1247 ,P1UHS3_1247 -> P1UDT1824 ,
P1UDM7533   ,P1UHS1_1247 ,P1UHS1_1247 -> P1UDT1324 ,
P1UDM7535   ,P1UHS1_1247 ,P1UHS1_1247 -> P1UDT1324 ,
P1UDM7537   ,P1UHS1_1247 ,P1UHS1_1247 -> P1UDT1324 ,
P1UDM7541   ,P1UHS1_1247 ,P1UHS1_1247 -> P1UDT1324 ,
P1UDM7550   ,P1UHS3_1247 ,P1UHS3_1247 -> P1UDT1696 ,
P1UDM7551   ,P1UHS3_1247 ,P1UHS3_1247 -> P1UDT1696 ,
P1UDM7553   ,P1UHS3_1247 ,P1UHS3_1247 -> P1UDT1824 ,
P1UDM7555   ,P1UHS3_1247 ,P1UHS3_1247 -> P1UDT1824 ,
P1UDM7557   ,P1UHS3_1247 ,P1UHS3_1247 -> P1UDT1824 ,
P1UDM7560   ,P1UHS1_1247 ,P1UHS1_1247 -> P1UDT716  ,
P1UDM7561   ,P1UHS1_1247 ,P1UHS1_1247 -> P1UDT716  ,
P1UDM7563   ,P1UHS1_1247 ,P1UHS1_1247 -> P1UDT716  ,
P1UDM7565   ,P1UHS1_1247 ,P1UHS1_1247 -> P1UDT716  ,
P1UDM7566   ,P1UHS1_1247 ,P1UHS1_1247 -> P1UDT716  ,
P1UDM7567   ,P1UHS1_1247 ,P1UHS1_1247 -> P1UDT716  ,
P1UDM7580   ,P1UHS1_1247 ,P1UHS1_1247 -> P1UDT1324 ,
P1UDM7582   ,P1UHS1_1247 ,P1UHS1_1247 -> P1UDT716  ,
P1UDM7583   ,P1UHS1_1247 ,P1UHS1_1247 -> P1UDT716  ,
P1UDM7599   ,P1UHS1_1247 ,P1UHS1_1247 -> P1UDT716  ,
P1UDM7607   ,P1UHS1_1247 ,P1UHS1_1247 -> P1UDT1324 ,
P1UDM7608   ,P1UHS1_1247 ,P1UHS1_1247 -> P1UDT1324 ,
P1UDM7609   ,P1UHS1_1247 ,P1UHS1_1247 -> P1UDT1324 ,
P1UDM7611   ,P1UHS1_1247 ,P1UHS1_1247 -> P1UDT1324 ,
P1UDM7612   ,P1UHS1_1247 ,P1UHS1_1247 -> P1UDT1324 ,
P1UDM7613   ,P1UHS1_1247 ,P1UHS1_1247 -> P1UDT1324 ,
P1UDM7615   ,P1UHS1_1247 ,P1UHS1_1247 -> P1UDT1324 ,
P1UDM7621   ,P1UHS1_1247 ,P1UHS1_1247 -> P1UDT1324 ,
P1UDM7622   ,P1UHS1_1247 ,P1UHS1_1247 -> P1UDT1324 ,
P1UDT0      ,P1UHS0_1247 ,P1UHS0_1247 -> P1UDT1470 ,
P1UDT0LV    ,P1UHS0_1247 ,P1UHS0_1247 -> P1UDT1470 ,
P1UDT1      ,P1UHS0_1247 ,P1UHS0_1247 -> P1UDT104  ,
P1UDT1LV    ,P1UHS0_1247 ,P1UHS0_1247 -> P1UDT104  ,
P1UDT2      ,P1UHS0_1247 ,P1UHS0_1247 -> P1UDT104  ,
P1UDT2LV    ,P1UHS0_1247 ,P1UHS0_1247 -> P1UDT104  ,
P1UDT3      ,P1UHS0_1247 ,P1UHS0_1247 -> P1UDT1470 ,
P1UDT3LV    ,P1UHS0_1247 ,P1UHS0_1247 -> P1UDT1470 ,
P1UDT4      ,P1UHS0_1247 ,P1UHS0_1247 -> P1UDT1470 ,
P1UDT4LV    ,P1UHS0_1247 ,P1UHS0_1247 -> P1UDT1470 ,
P1UDT5      ,P1UHS0_1247 ,P1UHS0_1247 -> P1UDT1470 ,
P1UDT5LV    ,P1UHS0_1247 ,P1UHS0_1247 -> P1UDT1470 ,
P1UDT6      ,P1UHS0_1247 ,P1UHS0_1247 -> P1UDT1469 ,
P1UDT6LV    ,P1UHS0_1247 ,P1UHS0_1247 -> P1UDT1469 ,
P1UDT7      ,P1UHS0_1247 ,P1UHS0_1247 -> P1UDT1469 ,
P1UDT7LV    ,P1UHS0_1247 ,P1UHS0_1247 -> P1UDT1469 ,
P1UDT8      ,P1UHS0_1247 ,P1UHS0_1247 -> P1UDT1472 ,
P1UDT8LV    ,P1UHS0_1247 ,P1UHS0_1247 -> P1UDT1472 ,
P1UDT9      ,P1UHS0_1247 ,P1UHS0_1247 -> P1UDT1472 ,
P1UDT9LV    ,P1UHS0_1247 ,P1UHS0_1247 -> P1UDT1472 ,
P1UDT10     ,P1UHS0_1247 ,P1UHS0_1247 -> P1UDT1469 ,
P1UDT10LV   ,P1UHS0_1247 ,P1UHS0_1247 -> P1UDT1469 ,
P1UDT11     ,P1UHS0_1247 ,P1UHS0_1247 -> P1UDT1469 ,
P1UDT11LV   ,P1UHS0_1247 ,P1UHS0_1247 -> P1UDT1469 ,
P1UDT12     ,P1UHS0_1247 ,P1UHS0_1247 -> P1UDT1470 ,
P1UDT12LV   ,P1UHS0_1247 ,P1UHS0_1247 -> P1UDT1470 ,
P1UDT13     ,P1UHS0_1247 ,P1UHS0_1247 -> P1UDT1469 ,
P1UDT13LV   ,P1UHS0_1247 ,P1UHS0_1247 -> P1UDT1469 ,
P1UDT14     ,P1UHS0_1247 ,P1UHS0_1247 -> P1UDT1469 ,
P1UDT14LV   ,P1UHS0_1247 ,P1UHS0_1247 -> P1UDT1469 ,
P1UDT15     ,P1UHS0_1247 ,P1UHS0_1247 -> P1UDT1469 ,
P1UDT15LV   ,P1UHS0_1247 ,P1UHS0_1247 -> P1UDT1469 ,
P1UDT16     ,P1UHS0_1247 ,P1UHS0_1247 -> P1UDT1469 ,
P1UDT16LV   ,P1UHS0_1247 ,P1UHS0_1247 -> P1UDT1469 ,
P1UDT17     ,P1UHS0_1247 ,P1UHS0_1247 -> P1UDT1470 ,
P1UDT17LV   ,P1UHS0_1247 ,P1UHS0_1247 -> P1UDT1470 ,
P1UDT18     ,P1UHS0_1247 ,P1UHS0_1247 -> P1UDT1470 ,
P1UDT18LV   ,P1UHS0_1247 ,P1UHS0_1247 -> P1UDT1470 ,
P1UDT19     ,P1UHS0_1247 ,P1UHS0_1247 -> P1UDT1470 ,
P1UDT19LV   ,P1UHS0_1247 ,P1UHS0_1247 -> P1UDT1470 ,
P1UDT20     ,P1UHS0_1247 ,P1UHS0_1247 -> P1UDT1470 ,
P1UDT20LV   ,P1UHS0_1247 ,P1UHS0_1247 -> P1UDT1470 ,
P1UDT21     ,P1UHS0_1247 ,P1UHS0_1247 -> P1UDT1470 ,
P1UDT21LV   ,P1UHS0_1247 ,P1UHS0_1247 -> P1UDT1470 ,
P1UDT22     ,P1UHS0_1247 ,P1UHS0_1247 -> P1UDT1470 ,
P1UDT22LV   ,P1UHS0_1247 ,P1UHS0_1247 -> P1UDT1470 ,
P1UDT23     ,P1UHS0_1247 ,P1UHS0_1247 -> P1UDT1470 ,
P1UDT23LV   ,P1UHS0_1247 ,P1UHS0_1247 -> P1UDT1470 ,
P1UDT24     ,P1UHS0_1247 ,P1UHS0_1247 -> P1UDT1470 ,
P1UDT24LV   ,P1UHS0_1247 ,P1UHS0_1247 -> P1UDT1470 ,
P1UDT25     ,P1UHS0_1247 ,P1UHS0_1247 -> P1UDT1470 ,
P1UDT25LV   ,P1UHS0_1247 ,P1UHS0_1247 -> P1UDT1470 ,
P1UDT26     ,P1UHS0_1247 ,P1UHS0_1247 -> P1UDT1470 ,
P1UDT26LV   ,P1UHS0_1247 ,P1UHS0_1247 -> P1UDT1470 ,
P1UDT27     ,P1UHS0_1247 ,P1UHS0_1247 -> P1UDT1470 ,
P1UDT27LV   ,P1UHS0_1247 ,P1UHS0_1247 -> P1UDT1470 ,
P1UDT28     ,P1UHS0_1247 ,P1UHS0_1247 -> P1UDT1470 ,
P1UDT28LV   ,P1UHS0_1247 ,P1UHS0_1247 -> P1UDT1470 ,
P1UDT29     ,P1UHS0_1247 ,P1UHS0_1247 -> P1UDT1470 ,
P1UDT29LV   ,P1UHS0_1247 ,P1UHS0_1247 -> P1UDT1470 ,
P1UDT30     ,P1UHS0_1247 ,P1UHS0_1247 -> P1UDT1469 ,
P1UDT30LV   ,P1UHS0_1247 ,P1UHS0_1247 -> P1UDT1469 ,
P1UDT31     ,P1UHS0_1247 ,P1UHS0_1247 -> P1UDT1469 ,
P1UDT31LV   ,P1UHS0_1247 ,P1UHS0_1247 -> P1UDT1469 ,
P1UDT32     ,P1UHS0_1247 ,P1UHS0_1247 -> P1UDT1469 ,
P1UDT32LV   ,P1UHS0_1247 ,P1UHS0_1247 -> P1UDT1469 ,
P1UDT33     ,P1UHS0_1247 ,P1UHS0_1247 -> P1UDT1469 ,
P1UDT33LV   ,P1UHS0_1247 ,P1UHS0_1247 -> P1UDT1469 ,
P1UDT34     ,P1UHS0_1247 ,P1UHS0_1247 -> P1UDT1470 ,
P1UDT34LV   ,P1UHS0_1247 ,P1UHS0_1247 -> P1UDT1470 ,
P1UDT35     ,P1UHS0_1247 ,P1UHS0_1247 -> P1UDT1470 ,
P1UDT35LV   ,P1UHS0_1247 ,P1UHS0_1247 -> P1UDT1470 ,
P1UDT36     ,P1UHS0_1247 ,P1UHS0_1247 -> P1UDT1470 ,
P1UDT36LV   ,P1UHS0_1247 ,P1UHS0_1247 -> P1UDT1470 ,
P1UDT37     ,P1UHS0_1247 ,P1UHS0_1247 -> P1UDT1470 ,
P1UDT37LV   ,P1UHS0_1247 ,P1UHS0_1247 -> P1UDT1470 ,
P1UDT38     ,P1UHS0_1247 ,P1UHS0_1247 -> P1UDT1470 ,
P1UDT38LV   ,P1UHS0_1247 ,P1UHS0_1247 -> P1UDT1470 ,
P1UDT39     ,P1UHS0_1247 ,P1UHS0_1247 -> P1UDT1470 ,
P1UDT39LV   ,P1UHS0_1247 ,P1UHS0_1247 -> P1UDT1470 ,
P1UDT40     ,P1UHS0_1247 ,P1UHS0_1247 -> P1UDT1470 ,
P1UDT40LV   ,P1UHS0_1247 ,P1UHS0_1247 -> P1UDT1470 ,
P1UDT41     ,P1UHS0_1247 ,P1UHS0_1247 -> P1UDT1470 ,
P1UDT41LV   ,P1UHS0_1247 ,P1UHS0_1247 -> P1UDT1470 ,
P1UDT42     ,P1UHS0_1247 ,P1UHS0_1247 -> P1UDT1470 ,
P1UDT42LV   ,P1UHS0_1247 ,P1UHS0_1247 -> P1UDT1470 ,
P1UDT43     ,P1UHS0_1247 ,P1UHS0_1247 -> P1UDT1470 ,
P1UDT43LV   ,P1UHS0_1247 ,P1UHS0_1247 -> P1UDT1470 ,
P1UDT44     ,P1UHS0_1247 ,P1UHS0_1247 -> P1UDT1470 ,
P1UDT44LV   ,P1UHS0_1247 ,P1UHS0_1247 -> P1UDT1470 ,
P1UDT45     ,P1UHS0_1247 ,P1UHS0_1247 -> P1UDT1470 ,
P1UDT45LV   ,P1UHS0_1247 ,P1UHS0_1247 -> P1UDT1470 ,
P1UDT46     ,P1UHS0_1247 ,P1UHS0_1247 -> P1UDT1470 ,
P1UDT46LV   ,P1UHS0_1247 ,P1UHS0_1247 -> P1UDT1470 ,
P1UDT47     ,P1UHS0_1247 ,P1UHS0_1247 -> P1UDT1470 ,
P1UDT47LV   ,P1UHS0_1247 ,P1UHS0_1247 -> P1UDT1470 ,
P1UDT48     ,P1UHS0_1247 ,P1UHS0_1247 -> P1UDT1470 ,
P1UDT48LV   ,P1UHS0_1247 ,P1UHS0_1247 -> P1UDT1470 ,
P1UDT49     ,P1UHS0_1247 ,P1UHS0_1247 -> P1UDT1470 ,
P1UDT49LV   ,P1UHS0_1247 ,P1UHS0_1247 -> P1UDT1470 ,
P1UDT50     ,P1UHS0_1247 ,P1UHS0_1247 -> P1UDT1470 ,
P1UDT50LV   ,P1UHS0_1247 ,P1UHS0_1247 -> P1UDT1470 ,
P1UDT51     ,P1UHS0_1247 ,P1UHS0_1247 -> P1UDT1470 ,
P1UDT51LV   ,P1UHS0_1247 ,P1UHS0_1247 -> P1UDT1470 ,
P1UDT52     ,P1UHS0_1247 ,P1UHS0_1247 -> P1UDT1470 ,
P1UDT52LV   ,P1UHS0_1247 ,P1UHS0_1247 -> P1UDT1470 ,
P1UDT53     ,P1UHS0_1247 ,P1UHS0_1247 -> P1UDT1470 ,
P1UDT53LV   ,P1UHS0_1247 ,P1UHS0_1247 -> P1UDT1470 ,
P1UDT54     ,P1UHS0_1247 ,P1UHS0_1247 -> P1UDT1470 ,
P1UDT54LV   ,P1UHS0_1247 ,P1UHS0_1247 -> P1UDT1470 ,
P1UDT55     ,P1UHS0_1247 ,P1UHS0_1247 -> P1UDT1470 ,
P1UDT55LV   ,P1UHS0_1247 ,P1UHS0_1247 -> P1UDT1470 ,
P1UDT56     ,P1UHS0_1247 ,P1UHS0_1247 -> P1UDT1470 ,
P1UDT56LV   ,P1UHS0_1247 ,P1UHS0_1247 -> P1UDT1470 ,
P1UDT57     ,P1UHS0_1247 ,P1UHS0_1247 -> P1UDT1470 ,
P1UDT57LV   ,P1UHS0_1247 ,P1UHS0_1247 -> P1UDT1470 ,
P1UDT58     ,P1UHS0_1247 ,P1UHS0_1247 -> P1UDT1470 ,
P1UDT58LV   ,P1UHS0_1247 ,P1UHS0_1247 -> P1UDT1470 ,
P1UDT59     ,P1UHS0_1247 ,P1UHS0_1247 -> P1UDT1470 ,
P1UDT59LV   ,P1UHS0_1247 ,P1UHS0_1247 -> P1UDT1470 ,
P1UDT60     ,P1UHS0_1247 ,P1UHS0_1247 -> P1UDT1470 ,
P1UDT60LV   ,P1UHS0_1247 ,P1UHS0_1247 -> P1UDT1470 ,
P1UDT61     ,P1UHS0_1247 ,P1UHS0_1247 -> P1UDT104  ,
P1UDT61LV   ,P1UHS0_1247 ,P1UHS0_1247 -> P1UDT104  ,
P1UDT62     ,P1UHS0_1247 ,P1UHS0_1247 -> P1UDT104  ,
P1UDT62LV   ,P1UHS0_1247 ,P1UHS0_1247 -> P1UDT104  ,
P1UDT63     ,P1UHS0_1247 ,P1UHS0_1247 -> P1UDT1470 ,
P1UDT63LV   ,P1UHS0_1247 ,P1UHS0_1247 -> P1UDT1470 ,
P1UDT64     ,P1UHS0_1247 ,P1UHS0_1247 -> P1UDT1470 ,
P1UDT64LV   ,P1UHS0_1247 ,P1UHS0_1247 -> P1UDT1470 ,
P1UDT65     ,P1UHS0_1247 ,P1UHS0_1247 -> P1UDT1470 ,
P1UDT65LV   ,P1UHS0_1247 ,P1UHS0_1247 -> P1UDT1470 ,
P1UDT66     ,P1UHS0_1247 ,P1UHS0_1247 -> P1UDT1470 ,
P1UDT66LV   ,P1UHS0_1247 ,P1UHS0_1247 -> P1UDT1470 ,
P1UDT67     ,P1UHS0_1247 ,P1UHS0_1247 -> P1UDT1470 ,
P1UDT67LV   ,P1UHS0_1247 ,P1UHS0_1247 -> P1UDT1470 ,
P1UDT68     ,P1UHS0_1247 ,P1UHS0_1247 -> P1UDT1470 ,
P1UDT68LV   ,P1UHS0_1247 ,P1UHS0_1247 -> P1UDT1470 ,
P1UDT69     ,P1UHS0_1247 ,P1UHS0_1247 -> P1UDT1470 ,
P1UDT69LV   ,P1UHS0_1247 ,P1UHS0_1247 -> P1UDT1470 ,
P1UDT70     ,P1UHS0_1247 ,P1UHS0_1247 -> P1UDT1470 ,
P1UDT70LV   ,P1UHS0_1247 ,P1UHS0_1247 -> P1UDT1470 ,
P1UDT71     ,P1UHS0_1247 ,P1UHS0_1247 -> P1UDT1470 ,
P1UDT71LV   ,P1UHS0_1247 ,P1UHS0_1247 -> P1UDT1470 ,
P1UDT72     ,P1UHS0_1247 ,P1UHS0_1247 -> P1UDT1470 ,
P1UDT72LV   ,P1UHS0_1247 ,P1UHS0_1247 -> P1UDT1470 ,
P1UDT73     ,P1UHS0_1247 ,P1UHS0_1247 -> P1UDT1470 ,
P1UDT73LV   ,P1UHS0_1247 ,P1UHS0_1247 -> P1UDT1470 ,
P1UDT74     ,P1UHS0_1247 ,P1UHS0_1247 -> P1UDT1470 ,
P1UDT74LV   ,P1UHS0_1247 ,P1UHS0_1247 -> P1UDT1470 ,
P1UDT75     ,P1UHS0_1247 ,P1UHS0_1247 -> P1UDT1470 ,
P1UDT75LV   ,P1UHS0_1247 ,P1UHS0_1247 -> P1UDT1470 ,
P1UDT76     ,P1UHS0_1247 ,P1UHS0_1247 -> P1UDT1470 ,
P1UDT76LV   ,P1UHS0_1247 ,P1UHS0_1247 -> P1UDT1470 ,
P1UDT77     ,P1UHS0_1247 ,P1UHS0_1247 -> P1UDT1472 ,
P1UDT77LV   ,P1UHS0_1247 ,P1UHS0_1247 -> P1UDT1472 ,
P1UDT78     ,P1UHS0_1247 ,P1UHS0_1247 -> P1UDT1472 ,
P1UDT78LV   ,P1UHS0_1247 ,P1UHS0_1247 -> P1UDT1472 ,
P1UDT79     ,P1UHS0_1247 ,P1UHS0_1247 -> P1UDT1472 ,
P1UDT79LV   ,P1UHS0_1247 ,P1UHS0_1247 -> P1UDT1472 ,
P1UDT80     ,P1UHS0_1247 ,P1UHS0_1247 -> P1UDT1470 ,
P1UDT80LV   ,P1UHS0_1247 ,P1UHS0_1247 -> P1UDT1470 ,
P1UDT81     ,P1UHS0_1247 ,P1UHS0_1247 -> P1UDT1470 ,
P1UDT81LV   ,P1UHS0_1247 ,P1UHS0_1247 -> P1UDT1470 ,
P1UDT82     ,P1UHS0_1247 ,P1UHS0_1247 -> P1UDT1469 ,
P1UDT82LV   ,P1UHS0_1247 ,P1UHS0_1247 -> P1UDT1469 ,
P1UDT83     ,P1UHS0_1247 ,P1UHS0_1247 -> P1UDT1469 ,
P1UDT83LV   ,P1UHS0_1247 ,P1UHS0_1247 -> P1UDT1469 ,
P1UDT84     ,P1UHS0_1247 ,P1UHS0_1247 -> P1UDT1469 ,
P1UDT84LV   ,P1UHS0_1247 ,P1UHS0_1247 -> P1UDT1469 ,
P1UDT85     ,P1UHS0_1247 ,P1UHS0_1247 -> P1UDT1469 ,
P1UDT85LV   ,P1UHS0_1247 ,P1UHS0_1247 -> P1UDT1469 ,
P1UDT86     ,P1UHS0_1247 ,P1UHS0_1247 -> P1UDT1469 ,
P1UDT86LV   ,P1UHS0_1247 ,P1UHS0_1247 -> P1UDT1469 ,
P1UDT87     ,P1UHS0_1247 ,P1UHS0_1247 -> P1UDT1469 ,
P1UDT87LV   ,P1UHS0_1247 ,P1UHS0_1247 -> P1UDT1469 ,
P1UDT88     ,P1UHS0_1247 ,P1UHS0_1247 -> P1UDT1469 ,
P1UDT88LV   ,P1UHS0_1247 ,P1UHS0_1247 -> P1UDT1469 ,
P1UDT89     ,P1UHS0_1247 ,P1UHS0_1247 -> P1UDT1469 ,
P1UDT89LV   ,P1UHS0_1247 ,P1UHS0_1247 -> P1UDT1469 ,
P1UDT90     ,P1UHS0_1247 ,P1UHS0_1247 -> P1UDT1470 ,
P1UDT90LV   ,P1UHS0_1247 ,P1UHS0_1247 -> P1UDT1470 ,
P1UDT91     ,P1UHS0_1247 ,P1UHS0_1247 -> P1UDT1470 ,
P1UDT91LV   ,P1UHS0_1247 ,P1UHS0_1247 -> P1UDT1470 ,
P1UDT92     ,P1UHS0_1247 ,P1UHS0_1247 -> P1UDT1470 ,
P1UDT92LV   ,P1UHS0_1247 ,P1UHS0_1247 -> P1UDT1470 ,
P1UDT93     ,P1UHS0_1247 ,P1UHS0_1247 -> P1UDT1470 ,
P1UDT93LV   ,P1UHS0_1247 ,P1UHS0_1247 -> P1UDT1470 ,
P1UDT94     ,P1UHS0_1247 ,P1UHS0_1247 -> P1UDT1470 ,
P1UDT94LV   ,P1UHS0_1247 ,P1UHS0_1247 -> P1UDT1470 ,
P1UDT95     ,P1UHS0_1247 ,P1UHS0_1247 -> P1UDT1470 ,
P1UDT95LV   ,P1UHS0_1247 ,P1UHS0_1247 -> P1UDT1470 ,
P1UDT96     ,P1UHS0_1247 ,P1UHS0_1247 -> P1UDT1470 ,
P1UDT96LV   ,P1UHS0_1247 ,P1UHS0_1247 -> P1UDT1470 ,
P1UDT97     ,P1UHS0_1247 ,P1UHS0_1247 -> P1UDT1470 ,
P1UDT97LV   ,P1UHS0_1247 ,P1UHS0_1247 -> P1UDT1470 ,
P1UDT98     ,P1UHS0_1247 ,P1UHS0_1247 -> P1UDT1470 ,
P1UDT98LV   ,P1UHS0_1247 ,P1UHS0_1247 -> P1UDT1470 ,
P1UDT99     ,P1UHS0_1247 ,P1UHS0_1247 -> P1UDT1469 ,
P1UDT99LV   ,P1UHS0_1247 ,P1UHS0_1247 -> P1UDT1469 ,
P1UDT100    ,P1UHS0_1247 ,P1UHS0_1247 -> P1UDT1469 ,
P1UDT100LV  ,P1UHS0_1247 ,P1UHS0_1247 -> P1UDT1469 ,
P1UDT101    ,P1UHS0_1247 ,P1UHS0_1247 -> P1UDT1469 ,
P1UDT101LV  ,P1UHS0_1247 ,P1UHS0_1247 -> P1UDT1469 ,
P1UDT102    ,P1UHS0_1247 ,P1UHS0_1247 -> P1UDT1469 ,
P1UDT102LV  ,P1UHS0_1247 ,P1UHS0_1247 -> P1UDT1469 ,
P1UDT103    ,P1UHS0_1247 ,P1UHS0_1247 -> P1UDT1469 ,
P1UDT103LV  ,P1UHS0_1247 ,P1UHS0_1247 -> P1UDT1469 ,
P1UDT104    ,P1UHS0_1247 ,P1UHS0_1247 -> P1UDT104  ,
P1UDT104LV  ,P1UHS0_1247 ,P1UHS0_1247 -> P1UDT104  ,
P1UDT105    ,P1UHS0_1247 ,P1UHS0_1247 -> P1UDT1469 ,
P1UDT105LV  ,P1UHS0_1247 ,P1UHS0_1247 -> P1UDT1469 ,
P1UDT106    ,P1UHS0_1247 ,P1UHS0_1247 -> P1UDT1469 ,
P1UDT106LV  ,P1UHS0_1247 ,P1UHS0_1247 -> P1UDT1469 ,
P1UDT107    ,P1UHS0_1247 ,P1UHS0_1247 -> P1UDT1470 ,
P1UDT107LV  ,P1UHS0_1247 ,P1UHS0_1247 -> P1UDT1470 ,
P1UDT108    ,P1UHS0_1247 ,P1UHS0_1247 -> P1UDT1472 ,
P1UDT108LV  ,P1UHS0_1247 ,P1UHS0_1247 -> P1UDT1472 ,
P1UDT109    ,P1UHS0_1247 ,P1UHS0_1247 -> P1UDT1472 ,
P1UDT109LV  ,P1UHS0_1247 ,P1UHS0_1247 -> P1UDT1472 ,
P1UDT110    ,P1UHS0_1247 ,P1UHS0_1247 -> P1UDT1469 ,
P1UDT110LV  ,P1UHS0_1247 ,P1UHS0_1247 -> P1UDT1469 ,
P1UDT111    ,P1UHS0_1247 ,P1UHS0_1247 -> P1UDT1470 ,
P1UDT111LV  ,P1UHS0_1247 ,P1UHS0_1247 -> P1UDT1470 ,
P1UDT112    ,P1UHS0_1247 ,P1UHS0_1247 -> P1UDT1469 ,
P1UDT112LV  ,P1UHS0_1247 ,P1UHS0_1247 -> P1UDT1469 ,
P1UDT113    ,P1UHS0_1247 ,P1UHS0_1247 -> P1UDT1472 ,
P1UDT113LV  ,P1UHS0_1247 ,P1UHS0_1247 -> P1UDT1472 ,
P1UDT114    ,P1UHS0_1247 ,P1UHS0_1247 -> P1UDT1472 ,
P1UDT114LV  ,P1UHS0_1247 ,P1UHS0_1247 -> P1UDT1472 ,
P1UDT115    ,P1UHS0_1247 ,P1UHS0_1247 -> P1UDT1472 ,
P1UDT115LV  ,P1UHS0_1247 ,P1UHS0_1247 -> P1UDT1472 ,
P1UDT116    ,P1UHS0_1247 ,P1UHS0_1247 -> P1UDT1472 ,
P1UDT116LV  ,P1UHS0_1247 ,P1UHS0_1247 -> P1UDT1472 ,
P1UDT117    ,P1UHS0_1247 ,P1UHS0_1247 -> P1UDT1472 ,
P1UDT117LV  ,P1UHS0_1247 ,P1UHS0_1247 -> P1UDT1472 ,
P1UDT118    ,P1UHS0_1247 ,P1UHS0_1247 -> P1UDT1472 ,
P1UDT118LV  ,P1UHS0_1247 ,P1UHS0_1247 -> P1UDT1472 ,
P1UDT119    ,P1UHS0_1247 ,P1UHS0_1247 -> P1UDT1472 ,
P1UDT119LV  ,P1UHS0_1247 ,P1UHS0_1247 -> P1UDT1472 ,
P1UDT120    ,P1UHS0_1247 ,P1UHS0_1247 -> P1UDT1472 ,
P1UDT120LV  ,P1UHS0_1247 ,P1UHS0_1247 -> P1UDT1472 ,
P1UDT121    ,P1UHS0_1247 ,P1UHS0_1247 -> P1UDT1472 ,
P1UDT121LV  ,P1UHS0_1247 ,P1UHS0_1247 -> P1UDT1472 ,
P1UDT122    ,P1UHS0_1247 ,P1UHS0_1247 -> P1UDT1472 ,
P1UDT122LV  ,P1UHS0_1247 ,P1UHS0_1247 -> P1UDT1472 ,
P1UDT123    ,P1UHS0_1247 ,P1UHS0_1247 -> P1UDT1472 ,
P1UDT123LV  ,P1UHS0_1247 ,P1UHS0_1247 -> P1UDT1472 ,
P1UDT124    ,P1UHS0_1247 ,P1UHS0_1247 -> P1UDT1472 ,
P1UDT124LV  ,P1UHS0_1247 ,P1UHS0_1247 -> P1UDT1472 ,
P1UDT125    ,P1UHS0_1247 ,P1UHS0_1247 -> P1UDT1472 ,
P1UDT125LV  ,P1UHS0_1247 ,P1UHS0_1247 -> P1UDT1472 ,
P1UDT126    ,P1UHS0_1247 ,P1UHS0_1247 -> P1UDT1472 ,
P1UDT126LV  ,P1UHS0_1247 ,P1UHS0_1247 -> P1UDT1472 ,
P1UDT127    ,P1UHS0_1247 ,P1UHS0_1247 -> P1UDT1472 ,
P1UDT127LV  ,P1UHS0_1247 ,P1UHS0_1247 -> P1UDT1472 ,
P1UDT128    ,P1UHS0_1247 ,P1UHS0_1247 -> P1UDT1472 ,
P1UDT128LV  ,P1UHS0_1247 ,P1UHS0_1247 -> P1UDT1472 ,
P1UDT129    ,P1UHS0_1247 ,P1UHS0_1247 -> P1UDT1472 ,
P1UDT129LV  ,P1UHS0_1247 ,P1UHS0_1247 -> P1UDT1472 ,
P1UDT130    ,P1UHS0_1247 ,P1UHS0_1247 -> P1UDT1470 ,
P1UDT130LV  ,P1UHS0_1247 ,P1UHS0_1247 -> P1UDT1470 ,
P1UDT131    ,P1UHS0_1247 ,P1UHS0_1247 -> P1UDT1470 ,
P1UDT131LV  ,P1UHS0_1247 ,P1UHS0_1247 -> P1UDT1470 ,
P1UDT132    ,P1UHS0_1247 ,P1UHS0_1247 -> P1UDT1470 ,
P1UDT132LV  ,P1UHS0_1247 ,P1UHS0_1247 -> P1UDT1470 ,
P1UDT133    ,P1UHS0_1247 ,P1UHS0_1247 -> P1UDT1472 ,
P1UDT133LV  ,P1UHS0_1247 ,P1UHS0_1247 -> P1UDT1472 ,
P1UDT134    ,P1UHS0_1247 ,P1UHS0_1247 -> P1UDT1470 ,
P1UDT134LV  ,P1UHS0_1247 ,P1UHS0_1247 -> P1UDT1470 ,
P1UDT135    ,P1UHS0_1247 ,P1UHS0_1247 -> P1UDT1472 ,
P1UDT135LV  ,P1UHS0_1247 ,P1UHS0_1247 -> P1UDT1472 ,
P1UDT136    ,P1UHS0_1247 ,P1UHS0_1247 -> P1UDT1470 ,
P1UDT136LV  ,P1UHS0_1247 ,P1UHS0_1247 -> P1UDT1470 ,
P1UDT137    ,P1UHS0_1247 ,P1UHS0_1247 -> P1UDT1470 ,
P1UDT137LV  ,P1UHS0_1247 ,P1UHS0_1247 -> P1UDT1470 ,
P1UDT138    ,P1UHS0_1247 ,P1UHS0_1247 -> P1UDT1470 ,
P1UDT138LV  ,P1UHS0_1247 ,P1UHS0_1247 -> P1UDT1470 ,
P1UDT139    ,P1UHS0_1247 ,P1UHS0_1247 -> P1UDT1470 ,
P1UDT139LV  ,P1UHS0_1247 ,P1UHS0_1247 -> P1UDT1470 ,
P1UDT140    ,P1UHS0_1247 ,P1UHS0_1247 -> P1UDT1470 ,
P1UDT140LV  ,P1UHS0_1247 ,P1UHS0_1247 -> P1UDT1470 ,
P1UDT141    ,P1UHS0_1247 ,P1UHS0_1247 -> P1UDT1470 ,
P1UDT141LV  ,P1UHS0_1247 ,P1UHS0_1247 -> P1UDT1470 ,
P1UDT142    ,P1UHS0_1247 ,P1UHS0_1247 -> P1UDT1470 ,
P1UDT142LV  ,P1UHS0_1247 ,P1UHS0_1247 -> P1UDT1470 ,
P1UDT143    ,P1UHS0_1247 ,P1UHS0_1247 -> P1UDT1470 ,
P1UDT143LV  ,P1UHS0_1247 ,P1UHS0_1247 -> P1UDT1470 ,
P1UDT144    ,P1UHS0_1247 ,P1UHS0_1247 -> P1UDT1470 ,
P1UDT144LV  ,P1UHS0_1247 ,P1UHS0_1247 -> P1UDT1470 ,
P1UDT145    ,P1UHS0_1247 ,P1UHS0_1247 -> P1UDT1470 ,
P1UDT145LV  ,P1UHS0_1247 ,P1UHS0_1247 -> P1UDT1470 ,
P1UDT146    ,P1UHS0_1247 ,P1UHS0_1247 -> P1UDT1470 ,
P1UDT146LV  ,P1UHS0_1247 ,P1UHS0_1247 -> P1UDT1470 ,
P1UDT147    ,P1UHS0_1247 ,P1UHS0_1247 -> P1UDT1470 ,
P1UDT147LV  ,P1UHS0_1247 ,P1UHS0_1247 -> P1UDT1470 ,
P1UDT148    ,P1UHS0_1247 ,P1UHS0_1247 -> P1UDT1470 ,
P1UDT148LV  ,P1UHS0_1247 ,P1UHS0_1247 -> P1UDT1470 ,
P1UDT149    ,P1UHS0_1247 ,P1UHS0_1247 -> P1UDT1470 ,
P1UDT149LV  ,P1UHS0_1247 ,P1UHS0_1247 -> P1UDT1470 ,
P1UDT150    ,P1UHS0_1247 ,P1UHS0_1247 -> P1UDT1470 ,
P1UDT150LV  ,P1UHS0_1247 ,P1UHS0_1247 -> P1UDT1470 ,
P1UDT151    ,P1UHS0_1247 ,P1UHS0_1247 -> P1UDT1470 ,
P1UDT151LV  ,P1UHS0_1247 ,P1UHS0_1247 -> P1UDT1470 ,
P1UDT152    ,P1UHS0_1247 ,P1UHS0_1247 -> P1UDT1470 ,
P1UDT152LV  ,P1UHS0_1247 ,P1UHS0_1247 -> P1UDT1470 ,
P1UDT153    ,P1UHS0_1247 ,P1UHS0_1247 -> P1UDT1470 ,
P1UDT153LV  ,P1UHS0_1247 ,P1UHS0_1247 -> P1UDT1470 ,
P1UDT154    ,P1UHS0_1247 ,P1UHS0_1247 -> P1UDT1470 ,
P1UDT154LV  ,P1UHS0_1247 ,P1UHS0_1247 -> P1UDT1470 ,
P1UDT155    ,P1UHS0_1247 ,P1UHS0_1247 -> P1UDT1470 ,
P1UDT155LV  ,P1UHS0_1247 ,P1UHS0_1247 -> P1UDT1470 ,
P1UDT156    ,P1UHS0_1247 ,P1UHS0_1247 -> P1UDT1470 ,
P1UDT156LV  ,P1UHS0_1247 ,P1UHS0_1247 -> P1UDT1470 ,
P1UDT157    ,P1UHS0_1247 ,P1UHS0_1247 -> P1UDT1470 ,
P1UDT157LV  ,P1UHS0_1247 ,P1UHS0_1247 -> P1UDT1470 ,
P1UDT158    ,P1UHS0_1247 ,P1UHS0_1247 -> P1UDT1469 ,
P1UDT158LV  ,P1UHS0_1247 ,P1UHS0_1247 -> P1UDT1469 ,
P1UDT159    ,P1UHS0_1247 ,P1UHS0_1247 -> P1UDT1469 ,
P1UDT159LV  ,P1UHS0_1247 ,P1UHS0_1247 -> P1UDT1469 ,
P1UDT160    ,P1UHS0_1247 ,P1UHS0_1247 -> P1UDT1469 ,
P1UDT160LV  ,P1UHS0_1247 ,P1UHS0_1247 -> P1UDT1469 ,
P1UDT161    ,P1UHS0_1247 ,P1UHS0_1247 -> P1UDT1469 ,
P1UDT161LV  ,P1UHS0_1247 ,P1UHS0_1247 -> P1UDT1469 ,
P1UDT162    ,P1UHS0_1247 ,P1UHS0_1247 -> P1UDT1470 ,
P1UDT162LV  ,P1UHS0_1247 ,P1UHS0_1247 -> P1UDT1470 ,
P1UDT163    ,P1UHS0_1247 ,P1UHS0_1247 -> P1UDT1470 ,
P1UDT163LV  ,P1UHS0_1247 ,P1UHS0_1247 -> P1UDT1470 ,
P1UDT164    ,P1UHS0_1247 ,P1UHS0_1247 -> P1UDT1470 ,
P1UDT164LV  ,P1UHS0_1247 ,P1UHS0_1247 -> P1UDT1470 ,
P1UDT165    ,P1UHS0_1247 ,P1UHS0_1247 -> P1UDT1470 ,
P1UDT165LV  ,P1UHS0_1247 ,P1UHS0_1247 -> P1UDT1470 ,
P1UDT166    ,P1UHS0_1247 ,P1UHS0_1247 -> P1UDT1470 ,
P1UDT166LV  ,P1UHS0_1247 ,P1UHS0_1247 -> P1UDT1470 ,
P1UDT167    ,P1UHS0_1247 ,P1UHS0_1247 -> P1UDT1470 ,
P1UDT167LV  ,P1UHS0_1247 ,P1UHS0_1247 -> P1UDT1470 ,
P1UDT168    ,P1UHS0_1247 ,P1UHS0_1247 -> P1UDT1470 ,
P1UDT168LV  ,P1UHS0_1247 ,P1UHS0_1247 -> P1UDT1470 ,
P1UDT169    ,P1UHS0_1247 ,P1UHS0_1247 -> P1UDT1469 ,
P1UDT169LV  ,P1UHS0_1247 ,P1UHS0_1247 -> P1UDT1469 ,
P1UDT170    ,P1UHS0_1247 ,P1UHS0_1247 -> P1UDT1470 ,
P1UDT170LV  ,P1UHS0_1247 ,P1UHS0_1247 -> P1UDT1470 ,
P1UDT171    ,P1UHS0_1247 ,P1UHS0_1247 -> P1UDT1469 ,
P1UDT171LV  ,P1UHS0_1247 ,P1UHS0_1247 -> P1UDT1469 ,
P1UDT172    ,P1UHS0_1247 ,P1UHS0_1247 -> P1UDT1469 ,
P1UDT172LV  ,P1UHS0_1247 ,P1UHS0_1247 -> P1UDT1469 ,
P1UDT173    ,P1UHS0_1247 ,P1UHS0_1247 -> P1UDT1469 ,
P1UDT173LV  ,P1UHS0_1247 ,P1UHS0_1247 -> P1UDT1469 ,
P1UDT174    ,P1UHS0_1247 ,P1UHS0_1247 -> P1UDT1469 ,
P1UDT174LV  ,P1UHS0_1247 ,P1UHS0_1247 -> P1UDT1469 ,
P1UDT175    ,P1UHS0_1247 ,P1UHS0_1247 -> P1UDT104  ,
P1UDT175LV  ,P1UHS0_1247 ,P1UHS0_1247 -> P1UDT104  ,
P1UDT176    ,P1UHS0_1247 ,P1UHS0_1247 -> P1UDT1469 ,
P1UDT176LV  ,P1UHS0_1247 ,P1UHS0_1247 -> P1UDT1469 ,
P1UDT177    ,P1UHS0_1247 ,P1UHS0_1247 -> P1UDT1469 ,
P1UDT177LV  ,P1UHS0_1247 ,P1UHS0_1247 -> P1UDT1469 ,
P1UDT178    ,P1UHS0_1247 ,P1UHS0_1247 -> P1UDT1469 ,
P1UDT178LV  ,P1UHS0_1247 ,P1UHS0_1247 -> P1UDT1469 ,
P1UDT179    ,P1UHS0_1247 ,P1UHS0_1247 -> P1UDT1469 ,
P1UDT179LV  ,P1UHS0_1247 ,P1UHS0_1247 -> P1UDT1469 ,
P1UDT180    ,P1UHS0_1247 ,P1UHS0_1247 -> P1UDT1470 ,
P1UDT180LV  ,P1UHS0_1247 ,P1UHS0_1247 -> P1UDT1470 ,
P1UDT181    ,P1UHS0_1247 ,P1UHS0_1247 -> P1UDT1469 ,
P1UDT181LV  ,P1UHS0_1247 ,P1UHS0_1247 -> P1UDT1469 ,
P1UDT182    ,P1UHS0_1247 ,P1UHS0_1247 -> P1UDT1472 ,
P1UDT182LV  ,P1UHS0_1247 ,P1UHS0_1247 -> P1UDT1472 ,
P1UDT183    ,P1UHS0_1247 ,P1UHS0_1247 -> P1UDT1470 ,
P1UDT183LV  ,P1UHS0_1247 ,P1UHS0_1247 -> P1UDT1470 ,
P1UDT184    ,P1UHS0_1247 ,P1UHS0_1247 -> P1UDT1469 ,
P1UDT184LV  ,P1UHS0_1247 ,P1UHS0_1247 -> P1UDT1469 ,
P1UDT185    ,P1UHS0_1247 ,P1UHS0_1247 -> P1UDT1470 ,
P1UDT185LV  ,P1UHS0_1247 ,P1UHS0_1247 -> P1UDT1470 ,
P1UDT186    ,P1UHS0_1247 ,P1UHS0_1247 -> P1UDT1469 ,
P1UDT186LV  ,P1UHS0_1247 ,P1UHS0_1247 -> P1UDT1469 ,
P1UDT187    ,P1UHS0_1247 ,P1UHS0_1247 -> P1UDT1470 ,
P1UDT187LV  ,P1UHS0_1247 ,P1UHS0_1247 -> P1UDT1470 ,
P1UDT188    ,P1UHS0_1247 ,P1UHS0_1247 -> P1UDT1470 ,
P1UDT188LV  ,P1UHS0_1247 ,P1UHS0_1247 -> P1UDT1470 ,
P1UDT189    ,P1UHS0_1247 ,P1UHS0_1247 -> P1UDT1472 ,
P1UDT189LV  ,P1UHS0_1247 ,P1UHS0_1247 -> P1UDT1472 ,
P1UDT190    ,P1UHS0_1247 ,P1UHS0_1247 -> P1UDT1469 ,
P1UDT190LV  ,P1UHS0_1247 ,P1UHS0_1247 -> P1UDT1469 ,
P1UDT191    ,P1UHS0_1247 ,P1UHS0_1247 -> P1UDT1469 ,
P1UDT191LV  ,P1UHS0_1247 ,P1UHS0_1247 -> P1UDT1469 ,
P1UDT192    ,P1UHS0_1247 ,P1UHS0_1247 -> P1UDT1470 ,
P1UDT192LV  ,P1UHS0_1247 ,P1UHS0_1247 -> P1UDT1470 ,
P1UDT193    ,P1UHS0_1247 ,P1UHS0_1247 -> P1UDT1469 ,
P1UDT193LV  ,P1UHS0_1247 ,P1UHS0_1247 -> P1UDT1469 ,
P1UDT194    ,P1UHS0_1247 ,P1UHS0_1247 -> P1UDT1469 ,
P1UDT194LV  ,P1UHS0_1247 ,P1UHS0_1247 -> P1UDT1469 ,
P1UDT195    ,P1UHS0_1247 ,P1UHS0_1247 -> P1UDT1469 ,
P1UDT195LV  ,P1UHS0_1247 ,P1UHS0_1247 -> P1UDT1469 ,
P1UDT196    ,P1UHS0_1247 ,P1UHS0_1247 -> P1UDT1469 ,
P1UDT196LV  ,P1UHS0_1247 ,P1UHS0_1247 -> P1UDT1469 ,
P1UDT197    ,P1UHS0_1247 ,P1UHS0_1247 -> P1UDT1469 ,
P1UDT197LV  ,P1UHS0_1247 ,P1UHS0_1247 -> P1UDT1469 ,
P1UDT198    ,P1UHS0_1247 ,P1UHS0_1247 -> P1UDT1470 ,
P1UDT198LV  ,P1UHS0_1247 ,P1UHS0_1247 -> P1UDT1470 ,
P1UDT199    ,P1UHS0_1247 ,P1UHS0_1247 -> P1UDT1469 ,
P1UDT199LV  ,P1UHS0_1247 ,P1UHS0_1247 -> P1UDT1469 ,
P1UDT200    ,P1UHS0_1247 ,P1UHS0_1247 -> P1UDT1469 ,
P1UDT200LV  ,P1UHS0_1247 ,P1UHS0_1247 -> P1UDT1469 ,
P1UDT201    ,P1UHS0_1247 ,P1UHS0_1247 -> P1UDT104  ,
P1UDT201LV  ,P1UHS0_1247 ,P1UHS0_1247 -> P1UDT104  ,
P1UDT202    ,P1UHS0_1247 ,P1UHS0_1247 -> P1UDT1470 ,
P1UDT202LV  ,P1UHS0_1247 ,P1UHS0_1247 -> P1UDT1470 ,
P1UDT203    ,P1UHS0_1247 ,P1UHS0_1247 -> P1UDT1469 ,
P1UDT203LV  ,P1UHS0_1247 ,P1UHS0_1247 -> P1UDT1469 ,
P1UDT204    ,P1UHS0_1247 ,P1UHS0_1247 -> P1UDT1469 ,
P1UDT204LV  ,P1UHS0_1247 ,P1UHS0_1247 -> P1UDT1469 ,
P1UDT205    ,P1UHS0_1247 ,P1UHS0_1247 -> P1UDT1469 ,
P1UDT205LV  ,P1UHS0_1247 ,P1UHS0_1247 -> P1UDT1469 ,
P1UDT206    ,P1UHS0_1247 ,P1UHS0_1247 -> P1UDT1469 ,
P1UDT206LV  ,P1UHS0_1247 ,P1UHS0_1247 -> P1UDT1469 ,
P1UDT207    ,P1UHS0_1247 ,P1UHS0_1247 -> P1UDT1469 ,
P1UDT207LV  ,P1UHS0_1247 ,P1UHS0_1247 -> P1UDT1469 ,
P1UDT208    ,P1UHS0_1247 ,P1UHS0_1247 -> P1UDT1469 ,
P1UDT208LV  ,P1UHS0_1247 ,P1UHS0_1247 -> P1UDT1469 ,
P1UDT209    ,P1UHS0_1247 ,P1UHS0_1247 -> P1UDT1470 ,
P1UDT209LV  ,P1UHS0_1247 ,P1UHS0_1247 -> P1UDT1470 ,
P1UDT210    ,P1UHS0_1247 ,P1UHS0_1247 -> P1UDT1469 ,
P1UDT210LV  ,P1UHS0_1247 ,P1UHS0_1247 -> P1UDT1469 ,
P1UDT211    ,P1UHS0_1247 ,P1UHS0_1247 -> P1UDT1469 ,
P1UDT211LV  ,P1UHS0_1247 ,P1UHS0_1247 -> P1UDT1469 ,
P1UDT212    ,P1UHS0_1247 ,P1UHS0_1247 -> P1UDT1470 ,
P1UDT212LV  ,P1UHS0_1247 ,P1UHS0_1247 -> P1UDT1470 ,
P1UDT213    ,P1UHS0_1247 ,P1UHS0_1247 -> P1UDT1469 ,
P1UDT213LV  ,P1UHS0_1247 ,P1UHS0_1247 -> P1UDT1469 ,
P1UDT214    ,P1UHS0_1247 ,P1UHS0_1247 -> P1UDT1469 ,
P1UDT214LV  ,P1UHS0_1247 ,P1UHS0_1247 -> P1UDT1469 ,
P1UDT215    ,P1UHS0_1247 ,P1UHS0_1247 -> P1UDT1472 ,
P1UDT215LV  ,P1UHS0_1247 ,P1UHS0_1247 -> P1UDT1472 ,
P1UDT216    ,P1UHS0_1247 ,P1UHS0_1247 -> P1UDT1469 ,
P1UDT216LV  ,P1UHS0_1247 ,P1UHS0_1247 -> P1UDT1469 ,
P1UDT217    ,P1UHS0_1247 ,P1UHS0_1247 -> P1UDT1470 ,
P1UDT217LV  ,P1UHS0_1247 ,P1UHS0_1247 -> P1UDT1470 ,
P1UDT218    ,P1UHS0_1247 ,P1UHS0_1247 -> P1UDT1470 ,
P1UDT218LV  ,P1UHS0_1247 ,P1UHS0_1247 -> P1UDT1470 ,
P1UDT219    ,P1UHS0_1247 ,P1UHS0_1247 -> P1UDT1469 ,
P1UDT219LV  ,P1UHS0_1247 ,P1UHS0_1247 -> P1UDT1469 ,
P1UDT220    ,P1UHS0_1247 ,P1UHS0_1247 -> P1UDT1470 ,
P1UDT220LV  ,P1UHS0_1247 ,P1UHS0_1247 -> P1UDT1470 ,
P1UDT221    ,P1UHS0_1247 ,P1UHS0_1247 -> P1UDT1469 ,
P1UDT221LV  ,P1UHS0_1247 ,P1UHS0_1247 -> P1UDT1469 ,
P1UDT222    ,P1UHS0_1247 ,P1UHS0_1247 -> P1UDT1469 ,
P1UDT222LV  ,P1UHS0_1247 ,P1UHS0_1247 -> P1UDT1469 ,
P1UDT223    ,P1UHS0_1247 ,P1UHS0_1247 -> P1UDT1469 ,
P1UDT223LV  ,P1UHS0_1247 ,P1UHS0_1247 -> P1UDT1469 ,
P1UDT224    ,P1UHS0_1247 ,P1UHS0_1247 -> P1UDT1469 ,
P1UDT224LV  ,P1UHS0_1247 ,P1UHS0_1247 -> P1UDT1469 ,
P1UDT225    ,P1UHS0_1247 ,P1UHS0_1247 -> P1UDT1469 ,
P1UDT225LV  ,P1UHS0_1247 ,P1UHS0_1247 -> P1UDT1469 ,
P1UDT226    ,P1UHS0_1247 ,P1UHS0_1247 -> P1UDT1469 ,
P1UDT226LV  ,P1UHS0_1247 ,P1UHS0_1247 -> P1UDT1469 ,
P1UDT227    ,P1UHS0_1247 ,P1UHS0_1247 -> P1UDT1469 ,
P1UDT227LV  ,P1UHS0_1247 ,P1UHS0_1247 -> P1UDT1469 ,
P1UDT228    ,P1UHS0_1247 ,P1UHS0_1247 -> P1UDT104  ,
P1UDT228LV  ,P1UHS0_1247 ,P1UHS0_1247 -> P1UDT104  ,
P1UDT229    ,P1UHS0_1247 ,P1UHS0_1247 -> P1UDT1469 ,
P1UDT229LV  ,P1UHS0_1247 ,P1UHS0_1247 -> P1UDT1469 ,
P1UDT230    ,P1UHS0_1247 ,P1UHS0_1247 -> P1UDT1472 ,
P1UDT230LV  ,P1UHS0_1247 ,P1UHS0_1247 -> P1UDT1472 ,
P1UDT231    ,P1UHS0_1247 ,P1UHS0_1247 -> P1UDT1472 ,
P1UDT231LV  ,P1UHS0_1247 ,P1UHS0_1247 -> P1UDT1472 ,
P1UDT232    ,P1UHS0_1247 ,P1UHS0_1247 -> P1UDT1472 ,
P1UDT232LV  ,P1UHS0_1247 ,P1UHS0_1247 -> P1UDT1472 ,
P1UDT233    ,P1UHS0_1247 ,P1UHS0_1247 -> P1UDT1469 ,
P1UDT233LV  ,P1UHS0_1247 ,P1UHS0_1247 -> P1UDT1469 ,
P1UDT234    ,P1UHS0_1247 ,P1UHS0_1247 -> P1UDT1469 ,
P1UDT234LV  ,P1UHS0_1247 ,P1UHS0_1247 -> P1UDT1469 ,
P1UDT235    ,P1UHS0_1247 ,P1UHS0_1247 -> P1UDT1470 ,
P1UDT235LV  ,P1UHS0_1247 ,P1UHS0_1247 -> P1UDT1470 ,
P1UDT236    ,P1UHS0_1247 ,P1UHS0_1247 -> P1UDT1470 ,
P1UDT236LV  ,P1UHS0_1247 ,P1UHS0_1247 -> P1UDT1470 ,
P1UDT237    ,P1UHS0_1247 ,P1UHS0_1247 -> P1UDT1469 ,
P1UDT237LV  ,P1UHS0_1247 ,P1UHS0_1247 -> P1UDT1469 ,
P1UDT238    ,P1UHS0_1247 ,P1UHS0_1247 -> P1UDT1469 ,
P1UDT238LV  ,P1UHS0_1247 ,P1UHS0_1247 -> P1UDT1469 ,
P1UDT239    ,P1UHS0_1247 ,P1UHS0_1247 -> P1UDT1469 ,
P1UDT239LV  ,P1UHS0_1247 ,P1UHS0_1247 -> P1UDT1469 ,
P1UDT240    ,P1UHS0_1247 ,P1UHS0_1247 -> P1UDT1469 ,
P1UDT240LV  ,P1UHS0_1247 ,P1UHS0_1247 -> P1UDT1469 ,
P1UDT241    ,P1UHS0_1247 ,P1UHS0_1247 -> P1UDT1469 ,
P1UDT241LV  ,P1UHS0_1247 ,P1UHS0_1247 -> P1UDT1469 ,
P1UDT242    ,P1UHS0_1247 ,P1UHS0_1247 -> P1UDT1469 ,
P1UDT242LV  ,P1UHS0_1247 ,P1UHS0_1247 -> P1UDT1469 ,
P1UDT243    ,P1UHS0_1247 ,P1UHS0_1247 -> P1UDT1469 ,
P1UDT243LV  ,P1UHS0_1247 ,P1UHS0_1247 -> P1UDT1469 ,
P1UDT244    ,P1UHS0_1247 ,P1UHS0_1247 -> P1UDT1469 ,
P1UDT244LV  ,P1UHS0_1247 ,P1UHS0_1247 -> P1UDT1469 ,
P1UDT245    ,P1UHS0_1247 ,P1UHS0_1247 -> P1UDT1469 ,
P1UDT245LV  ,P1UHS0_1247 ,P1UHS0_1247 -> P1UDT1469 ,
P1UDT246    ,P1UHS0_1247 ,P1UHS0_1247 -> P1UDT1469 ,
P1UDT246LV  ,P1UHS0_1247 ,P1UHS0_1247 -> P1UDT1469 ,
P1UDT247    ,P1UHS0_1247 ,P1UHS0_1247 -> P1UDT1470 ,
P1UDT247LV  ,P1UHS0_1247 ,P1UHS0_1247 -> P1UDT1470 ,
P1UDT248    ,P1UHS0_1247 ,P1UHS0_1247 -> P1UDT1469 ,
P1UDT248LV  ,P1UHS0_1247 ,P1UHS0_1247 -> P1UDT1469 ,
P1UDT249    ,P1UHS0_1247 ,P1UHS0_1247 -> P1UDT1469 ,
P1UDT249LV  ,P1UHS0_1247 ,P1UHS0_1247 -> P1UDT1469 ,
P1UDT250    ,P1UHS0_1247 ,P1UHS0_1247 -> P1UDT1470 ,
P1UDT250LV  ,P1UHS0_1247 ,P1UHS0_1247 -> P1UDT1470 ,
P1UDT251    ,P1UHS0_1247 ,P1UHS0_1247 -> P1UDT1469 ,
P1UDT251LV  ,P1UHS0_1247 ,P1UHS0_1247 -> P1UDT1469 ,
P1UDT252    ,P1UHS0_1247 ,P1UHS0_1247 -> P1UDT1469 ,
P1UDT252LV  ,P1UHS0_1247 ,P1UHS0_1247 -> P1UDT1469 ,
P1UDT253    ,P1UHS0_1247 ,P1UHS0_1247 -> P1UDT1469 ,
P1UDT253LV  ,P1UHS0_1247 ,P1UHS0_1247 -> P1UDT1469 ,
P1UDT254    ,P1UHS0_1247 ,P1UHS0_1247 -> P1UDT1469 ,
P1UDT254LV  ,P1UHS0_1247 ,P1UHS0_1247 -> P1UDT1469 ,
P1UDT255    ,P1UHS0_1247 ,P1UHS0_1247 -> P1UDT1469 ,
P1UDT255LV  ,P1UHS0_1247 ,P1UHS0_1247 -> P1UDT1469 ,
P1UDT256    ,P1UHS0_1247 ,P1UHS0_1247 -> P1UDT1469 ,
P1UDT256LV  ,P1UHS0_1247 ,P1UHS0_1247 -> P1UDT1469 ,
P1UDT257    ,P1UHS0_1247 ,P1UHS0_1247 -> P1UDT1469 ,
P1UDT257LV  ,P1UHS0_1247 ,P1UHS0_1247 -> P1UDT1469 ,
P1UDT258    ,P1UHS0_1247 ,P1UHS0_1247 -> P1UDT104  ,
P1UDT258LV  ,P1UHS0_1247 ,P1UHS0_1247 -> P1UDT104  ,
P1UDT259    ,P1UHS0_1247 ,P1UHS0_1247 -> P1UDT104  ,
P1UDT259LV  ,P1UHS0_1247 ,P1UHS0_1247 -> P1UDT104  ,
P1UDT260    ,P1UHS0_1247 ,P1UHS0_1247 -> P1UDT104  ,
P1UDT260LV  ,P1UHS0_1247 ,P1UHS0_1247 -> P1UDT104  ,
P1UDT261    ,P1UHS0_1247 ,P1UHS0_1247 -> P1UDT1472 ,
P1UDT261LV  ,P1UHS0_1247 ,P1UHS0_1247 -> P1UDT1472 ,
P1UDT262    ,P1UHS0_1247 ,P1UHS0_1247 -> P1UDT1470 ,
P1UDT262LV  ,P1UHS0_1247 ,P1UHS0_1247 -> P1UDT1470 ,
P1UDT263    ,P1UHS0_1247 ,P1UHS0_1247 -> P1UDT1470 ,
P1UDT263LV  ,P1UHS0_1247 ,P1UHS0_1247 -> P1UDT1470 ,
P1UDT264    ,P1UHS0_1247 ,P1UHS0_1247 -> P1UDT1470 ,
P1UDT264LV  ,P1UHS0_1247 ,P1UHS0_1247 -> P1UDT1470 ,
P1UDT265    ,P1UHS0_1247 ,P1UHS0_1247 -> P1UDT1470 ,
P1UDT265LV  ,P1UHS0_1247 ,P1UHS0_1247 -> P1UDT1470 ,
P1UDT266    ,P1UHS0_1247 ,P1UHS0_1247 -> P1UDT1470 ,
P1UDT266LV  ,P1UHS0_1247 ,P1UHS0_1247 -> P1UDT1470 ,
P1UDT267    ,P1UHS0_1247 ,P1UHS0_1247 -> P1UDT1470 ,
P1UDT267LV  ,P1UHS0_1247 ,P1UHS0_1247 -> P1UDT1470 ,
P1UDT268    ,P1UHS0_1247 ,P1UHS0_1247 -> P1UDT1470 ,
P1UDT268LV  ,P1UHS0_1247 ,P1UHS0_1247 -> P1UDT1470 ,
P1UDT269    ,P1UHS0_1247 ,P1UHS0_1247 -> P1UDT1470 ,
P1UDT269LV  ,P1UHS0_1247 ,P1UHS0_1247 -> P1UDT1470 ,
P1UDT270    ,P1UHS0_1247 ,P1UHS0_1247 -> P1UDT1470 ,
P1UDT270LV  ,P1UHS0_1247 ,P1UHS0_1247 -> P1UDT1470 ,
P1UDT271    ,P1UHS0_1247 ,P1UHS0_1247 -> P1UDT1470 ,
P1UDT271LV  ,P1UHS0_1247 ,P1UHS0_1247 -> P1UDT1470 ,
P1UDT272    ,P1UHS0_1247 ,P1UHS0_1247 -> P1UDT1470 ,
P1UDT272LV  ,P1UHS0_1247 ,P1UHS0_1247 -> P1UDT1470 ,
P1UDT273    ,P1UHS0_1247 ,P1UHS0_1247 -> P1UDT1470 ,
P1UDT273LV  ,P1UHS0_1247 ,P1UHS0_1247 -> P1UDT1470 ,
P1UDT274    ,P1UHS0_1247 ,P1UHS0_1247 -> P1UDT1470 ,
P1UDT274LV  ,P1UHS0_1247 ,P1UHS0_1247 -> P1UDT1470 ,
P1UDT275    ,P1UHS0_1247 ,P1UHS0_1247 -> P1UDT1470 ,
P1UDT275LV  ,P1UHS0_1247 ,P1UHS0_1247 -> P1UDT1470 ,
P1UDT276    ,P1UHS0_1247 ,P1UHS0_1247 -> P1UDT1470 ,
P1UDT276LV  ,P1UHS0_1247 ,P1UHS0_1247 -> P1UDT1470 ,
P1UDT277    ,P1UHS0_1247 ,P1UHS0_1247 -> P1UDT1470 ,
P1UDT277LV  ,P1UHS0_1247 ,P1UHS0_1247 -> P1UDT1470 ,
P1UDT278    ,P1UHS0_1247 ,P1UHS0_1247 -> P1UDT1470 ,
P1UDT278LV  ,P1UHS0_1247 ,P1UHS0_1247 -> P1UDT1470 ,
P1UDT279    ,P1UHS0_1247 ,P1UHS0_1247 -> P1UDT1470 ,
P1UDT279LV  ,P1UHS0_1247 ,P1UHS0_1247 -> P1UDT1470 ,
P1UDT280    ,P1UHS0_1247 ,P1UHS0_1247 -> P1UDT1469 ,
P1UDT280LV  ,P1UHS0_1247 ,P1UHS0_1247 -> P1UDT1469 ,
P1UDT281    ,P1UHS0_1247 ,P1UHS0_1247 -> P1UDT1469 ,
P1UDT281LV  ,P1UHS0_1247 ,P1UHS0_1247 -> P1UDT1469 ,
P1UDT282    ,P1UHS0_1247 ,P1UHS0_1247 -> P1UDT1469 ,
P1UDT282LV  ,P1UHS0_1247 ,P1UHS0_1247 -> P1UDT1469 ,
P1UDT283    ,P1UHS0_1247 ,P1UHS0_1247 -> P1UDT1469 ,
P1UDT283LV  ,P1UHS0_1247 ,P1UHS0_1247 -> P1UDT1469 ,
P1UDT284    ,P1UHS0_1247 ,P1UHS0_1247 -> P1UDT1470 ,
P1UDT284LV  ,P1UHS0_1247 ,P1UHS0_1247 -> P1UDT1470 ,
P1UDT285    ,P1UHS0_1247 ,P1UHS0_1247 -> P1UDT1470 ,
P1UDT285LV  ,P1UHS0_1247 ,P1UHS0_1247 -> P1UDT1470 ,
P1UDT286    ,P1UHS0_1247 ,P1UHS0_1247 -> P1UDT1470 ,
P1UDT286LV  ,P1UHS0_1247 ,P1UHS0_1247 -> P1UDT1470 ,
P1UDT287    ,P1UHS0_1247 ,P1UHS0_1247 -> P1UDT1469 ,
P1UDT287LV  ,P1UHS0_1247 ,P1UHS0_1247 -> P1UDT1469 ,
P1UDT288    ,P1UHS0_1247 ,P1UHS0_1247 -> P1UDT1469 ,
P1UDT288LV  ,P1UHS0_1247 ,P1UHS0_1247 -> P1UDT1469 ,
P1UDT289    ,P1UHS0_1247 ,P1UHS0_1247 -> P1UDT1469 ,
P1UDT289LV  ,P1UHS0_1247 ,P1UHS0_1247 -> P1UDT1469 ,
P1UDT290    ,P1UHS0_1247 ,P1UHS0_1247 -> P1UDT1469 ,
P1UDT290LV  ,P1UHS0_1247 ,P1UHS0_1247 -> P1UDT1469 ,
P1UDT291    ,P1UHS0_1247 ,P1UHS0_1247 -> P1UDT1469 ,
P1UDT291LV  ,P1UHS0_1247 ,P1UHS0_1247 -> P1UDT1469 ,
P1UDT292    ,P1UHS0_1247 ,P1UHS0_1247 -> P1UDT1469 ,
P1UDT292LV  ,P1UHS0_1247 ,P1UHS0_1247 -> P1UDT1469 ,
P1UDT293    ,P1UHS0_1247 ,P1UHS0_1247 -> P1UDT1469 ,
P1UDT293LV  ,P1UHS0_1247 ,P1UHS0_1247 -> P1UDT1469 ,
P1UDT294    ,P1UHS0_1247 ,P1UHS0_1247 -> P1UDT1469 ,
P1UDT294LV  ,P1UHS0_1247 ,P1UHS0_1247 -> P1UDT1469 ,
P1UDT295    ,P1UHS0_1247 ,P1UHS0_1247 -> P1UDT1469 ,
P1UDT295LV  ,P1UHS0_1247 ,P1UHS0_1247 -> P1UDT1469 ,
P1UDT296    ,P1UHS0_1247 ,P1UHS0_1247 -> P1UDT1470 ,
P1UDT296LV  ,P1UHS0_1247 ,P1UHS0_1247 -> P1UDT1470 ,
P1UDT297    ,P1UHS0_1247 ,P1UHS0_1247 -> P1UDT1470 ,
P1UDT297LV  ,P1UHS0_1247 ,P1UHS0_1247 -> P1UDT1470 ,
P1UDT298    ,P1UHS0_1247 ,P1UHS0_1247 -> P1UDT1470 ,
P1UDT298LV  ,P1UHS0_1247 ,P1UHS0_1247 -> P1UDT1470 ,
P1UDT299    ,P1UHS0_1247 ,P1UHS0_1247 -> P1UDT1470 ,
P1UDT299LV  ,P1UHS0_1247 ,P1UHS0_1247 -> P1UDT1470 ,
P1UDT300    ,P1UHS0_1247 ,P1UHS0_1247 -> P1UDT1470 ,
P1UDT300LV  ,P1UHS0_1247 ,P1UHS0_1247 -> P1UDT1470 ,
P1UDT301    ,P1UHS0_1247 ,P1UHS0_1247 -> P1UDT1470 ,
P1UDT301LV  ,P1UHS0_1247 ,P1UHS0_1247 -> P1UDT1470 ,
P1UDT302    ,P1UHS0_1247 ,P1UHS0_1247 -> P1UDT1470 ,
P1UDT302LV  ,P1UHS0_1247 ,P1UHS0_1247 -> P1UDT1470 ,
P1UDT303    ,P1UHS0_1247 ,P1UHS0_1247 -> P1UDT1470 ,
P1UDT303LV  ,P1UHS0_1247 ,P1UHS0_1247 -> P1UDT1470 ,
P1UDT304    ,P1UHS0_1247 ,P1UHS0_1247 -> P1UDT1470 ,
P1UDT304LV  ,P1UHS0_1247 ,P1UHS0_1247 -> P1UDT1470 ,
P1UDT305    ,P1UHS0_1247 ,P1UHS0_1247 -> P1UDT1470 ,
P1UDT305LV  ,P1UHS0_1247 ,P1UHS0_1247 -> P1UDT1470 ,
P1UDT306    ,P1UHS0_1247 ,P1UHS0_1247 -> P1UDT1470 ,
P1UDT306LV  ,P1UHS0_1247 ,P1UHS0_1247 -> P1UDT1470 ,
P1UDT307    ,P1UHS0_1247 ,P1UHS0_1247 -> P1UDT1470 ,
P1UDT307LV  ,P1UHS0_1247 ,P1UHS0_1247 -> P1UDT1470 ,
P1UDT308    ,P1UHS0_1247 ,P1UHS0_1247 -> P1UDT1469 ,
P1UDT308LV  ,P1UHS0_1247 ,P1UHS0_1247 -> P1UDT1469 ,
P1UDT309    ,P1UHS0_1247 ,P1UHS0_1247 -> P1UDT1469 ,
P1UDT309LV  ,P1UHS0_1247 ,P1UHS0_1247 -> P1UDT1469 ,
P1UDT310    ,P1UHS0_1247 ,P1UHS0_1247 -> P1UDT1469 ,
P1UDT310LV  ,P1UHS0_1247 ,P1UHS0_1247 -> P1UDT1469 ,
P1UDT311    ,P1UHS0_1247 ,P1UHS0_1247 -> P1UDT1469 ,
P1UDT311LV  ,P1UHS0_1247 ,P1UHS0_1247 -> P1UDT1469 ,
P1UDT312    ,P1UHS0_1247 ,P1UHS0_1247 -> P1UDT1469 ,
P1UDT312LV  ,P1UHS0_1247 ,P1UHS0_1247 -> P1UDT1469 ,
P1UDT313    ,P1UHS0_1247 ,P1UHS0_1247 -> P1UDT1469 ,
P1UDT313LV  ,P1UHS0_1247 ,P1UHS0_1247 -> P1UDT1469 ,
P1UDT314    ,P1UHS0_1247 ,P1UHS0_1247 -> P1UDT1469 ,
P1UDT314LV  ,P1UHS0_1247 ,P1UHS0_1247 -> P1UDT1469 ,
P1UDT315    ,P1UHS0_1247 ,P1UHS0_1247 -> P1UDT1469 ,
P1UDT315LV  ,P1UHS0_1247 ,P1UHS0_1247 -> P1UDT1469 ,
P1UDT316    ,P1UHS0_1247 ,P1UHS0_1247 -> P1UDT1469 ,
P1UDT316LV  ,P1UHS0_1247 ,P1UHS0_1247 -> P1UDT1469 ,
P1UDT317    ,P1UHS0_1247 ,P1UHS0_1247 -> P1UDT1469 ,
P1UDT317LV  ,P1UHS0_1247 ,P1UHS0_1247 -> P1UDT1469 ,
P1UDT318    ,P1UHS0_1247 ,P1UHS0_1247 -> P1UDT1469 ,
P1UDT318LV  ,P1UHS0_1247 ,P1UHS0_1247 -> P1UDT1469 ,
P1UDT319    ,P1UHS0_1247 ,P1UHS0_1247 -> P1UDT1469 ,
P1UDT319LV  ,P1UHS0_1247 ,P1UHS0_1247 -> P1UDT1469 ,
P1UDT320    ,P1UHS0_1247 ,P1UHS0_1247 -> P1UDT1470 ,
P1UDT320LV  ,P1UHS0_1247 ,P1UHS0_1247 -> P1UDT1470 ,
P1UDT321    ,P1UHS0_1247 ,P1UHS0_1247 -> P1UDT1470 ,
P1UDT321LV  ,P1UHS0_1247 ,P1UHS0_1247 -> P1UDT1470 ,
P1UDT322    ,P1UHS0_1247 ,P1UHS0_1247 -> P1UDT1470 ,
P1UDT322LV  ,P1UHS0_1247 ,P1UHS0_1247 -> P1UDT1470 ,
P1UDT323    ,P1UHS0_1247 ,P1UHS0_1247 -> P1UDT1470 ,
P1UDT323LV  ,P1UHS0_1247 ,P1UHS0_1247 -> P1UDT1470 ,
P1UDT324    ,P1UHS0_1247 ,P1UHS0_1247 -> P1UDT1470 ,
P1UDT324LV  ,P1UHS0_1247 ,P1UHS0_1247 -> P1UDT1470 ,
P1UDT325    ,P1UHS0_1247 ,P1UHS0_1247 -> P1UDT1469 ,
P1UDT325LV  ,P1UHS0_1247 ,P1UHS0_1247 -> P1UDT1469 ,
P1UDT326    ,P1UHS0_1247 ,P1UHS0_1247 -> P1UDT1469 ,
P1UDT326LV  ,P1UHS0_1247 ,P1UHS0_1247 -> P1UDT1469 ,
P1UDT327    ,P1UHS0_1247 ,P1UHS0_1247 -> P1UDT1469 ,
P1UDT327LV  ,P1UHS0_1247 ,P1UHS0_1247 -> P1UDT1469 ,
P1UDT328    ,P1UHS0_1247 ,P1UHS0_1247 -> P1UDT1469 ,
P1UDT328LV  ,P1UHS0_1247 ,P1UHS0_1247 -> P1UDT1469 ,
P1UDT329    ,P1UHS0_1247 ,P1UHS0_1247 -> P1UDT1469 ,
P1UDT329LV  ,P1UHS0_1247 ,P1UHS0_1247 -> P1UDT1469 ,
P1UDT330    ,P1UHS0_1247 ,P1UHS0_1247 -> P1UDT1469 ,
P1UDT330LV  ,P1UHS0_1247 ,P1UHS0_1247 -> P1UDT1469 ,
P1UDT331    ,P1UHS0_1247 ,P1UHS0_1247 -> P1UDT1469 ,
P1UDT331LV  ,P1UHS0_1247 ,P1UHS0_1247 -> P1UDT1469 ,
P1UDT332    ,P1UHS0_1247 ,P1UHS0_1247 -> P1UDT1469 ,
P1UDT332LV  ,P1UHS0_1247 ,P1UHS0_1247 -> P1UDT1469 ,
P1UDT333    ,P1UHS0_1247 ,P1UHS0_1247 -> P1UDT1469 ,
P1UDT333LV  ,P1UHS0_1247 ,P1UHS0_1247 -> P1UDT1469 ,
P1UDT334    ,P1UHS0_1247 ,P1UHS0_1247 -> P1UDT1469 ,
P1UDT334LV  ,P1UHS0_1247 ,P1UHS0_1247 -> P1UDT1469 ,
P1UDT335    ,P1UHS0_1247 ,P1UHS0_1247 -> P1UDT1469 ,
P1UDT335LV  ,P1UHS0_1247 ,P1UHS0_1247 -> P1UDT1469 ,
P1UDT336    ,P1UHS0_1247 ,P1UHS0_1247 -> P1UDT1469 ,
P1UDT336LV  ,P1UHS0_1247 ,P1UHS0_1247 -> P1UDT1469 ,
P1UDT337    ,P1UHS0_1247 ,P1UHS0_1247 -> P1UDT1469 ,
P1UDT337LV  ,P1UHS0_1247 ,P1UHS0_1247 -> P1UDT1469 ,
P1UDT338    ,P1UHS0_1247 ,P1UHS0_1247 -> P1UDT1469 ,
P1UDT338LV  ,P1UHS0_1247 ,P1UHS0_1247 -> P1UDT1469 ,
P1UDT339    ,P1UHS0_1247 ,P1UHS0_1247 -> P1UDT1469 ,
P1UDT339LV  ,P1UHS0_1247 ,P1UHS0_1247 -> P1UDT1469 ,
P1UDT340    ,P1UHS0_1247 ,P1UHS0_1247 -> P1UDT1469 ,
P1UDT340LV  ,P1UHS0_1247 ,P1UHS0_1247 -> P1UDT1469 ,
P1UDT341    ,P1UHS0_1247 ,P1UHS0_1247 -> P1UDT1469 ,
P1UDT341LV  ,P1UHS0_1247 ,P1UHS0_1247 -> P1UDT1469 ,
P1UDT342    ,P1UHS0_1247 ,P1UHS0_1247 -> P1UDT1469 ,
P1UDT342LV  ,P1UHS0_1247 ,P1UHS0_1247 -> P1UDT1469 ,
P1UDT343    ,P1UHS0_1247 ,P1UHS0_1247 -> P1UDT1469 ,
P1UDT343LV  ,P1UHS0_1247 ,P1UHS0_1247 -> P1UDT1469 ,
P1UDT344    ,P1UHS0_1247 ,P1UHS0_1247 -> P1UDT1469 ,
P1UDT344LV  ,P1UHS0_1247 ,P1UHS0_1247 -> P1UDT1469 ,
P1UDT345    ,P1UHS0_1247 ,P1UHS0_1247 -> P1UDT1469 ,
P1UDT345LV  ,P1UHS0_1247 ,P1UHS0_1247 -> P1UDT1469 ,
P1UDT346    ,P1UHS0_1247 ,P1UHS0_1247 -> P1UDT1469 ,
P1UDT346LV  ,P1UHS0_1247 ,P1UHS0_1247 -> P1UDT1469 ,
P1UDT347    ,P1UHS0_1247 ,P1UHS0_1247 -> P1UDT1469 ,
P1UDT347LV  ,P1UHS0_1247 ,P1UHS0_1247 -> P1UDT1469 ,
P1UDT348    ,P1UHS0_1247 ,P1UHS0_1247 -> P1UDT1469 ,
P1UDT348LV  ,P1UHS0_1247 ,P1UHS0_1247 -> P1UDT1469 ,
P1UDT349    ,P1UHS0_1247 ,P1UHS0_1247 -> P1UDT1469 ,
P1UDT349LV  ,P1UHS0_1247 ,P1UHS0_1247 -> P1UDT1469 ,
P1UDT350    ,P1UHS0_1247 ,P1UHS0_1247 -> P1UDT1469 ,
P1UDT350LV  ,P1UHS0_1247 ,P1UHS0_1247 -> P1UDT1469 ,
P1UDT351    ,P1UHS0_1247 ,P1UHS0_1247 -> P1UDT1469 ,
P1UDT351LV  ,P1UHS0_1247 ,P1UHS0_1247 -> P1UDT1469 ,
P1UDT352    ,P1UHS0_1247 ,P1UHS0_1247 -> P1UDT1469 ,
P1UDT352LV  ,P1UHS0_1247 ,P1UHS0_1247 -> P1UDT1469 ,
P1UDT353    ,P1UHS0_1247 ,P1UHS0_1247 -> P1UDT1469 ,
P1UDT353LV  ,P1UHS0_1247 ,P1UHS0_1247 -> P1UDT1469 ,
P1UDT354    ,P1UHS0_1247 ,P1UHS0_1247 -> P1UDT1469 ,
P1UDT354LV  ,P1UHS0_1247 ,P1UHS0_1247 -> P1UDT1469 ,
P1UDT355    ,P1UHS0_1247 ,P1UHS0_1247 -> P1UDT1469 ,
P1UDT355LV  ,P1UHS0_1247 ,P1UHS0_1247 -> P1UDT1469 ,
P1UDT356    ,P1UHS0_1247 ,P1UHS0_1247 -> P1UDT1469 ,
P1UDT356LV  ,P1UHS0_1247 ,P1UHS0_1247 -> P1UDT1469 ,
P1UDT357    ,P1UHS0_1247 ,P1UHS0_1247 -> P1UDT1469 ,
P1UDT357LV  ,P1UHS0_1247 ,P1UHS0_1247 -> P1UDT1469 ,
P1UDT358    ,P1UHS0_1247 ,P1UHS0_1247 -> P1UDT1469 ,
P1UDT358LV  ,P1UHS0_1247 ,P1UHS0_1247 -> P1UDT1469 ,
P1UDT359    ,P1UHS0_1247 ,P1UHS0_1247 -> P1UDT1469 ,
P1UDT359LV  ,P1UHS0_1247 ,P1UHS0_1247 -> P1UDT1469 ,
P1UDT360    ,P1UHS0_1247 ,P1UHS0_1247 -> P1UDT1469 ,
P1UDT360LV  ,P1UHS0_1247 ,P1UHS0_1247 -> P1UDT1469 ,
P1UDT361    ,P1UHS0_1247 ,P1UHS0_1247 -> P1UDT1469 ,
P1UDT361LV  ,P1UHS0_1247 ,P1UHS0_1247 -> P1UDT1469 ,
P1UDT362    ,P1UHS0_1247 ,P1UHS0_1247 -> P1UDT1469 ,
P1UDT362LV  ,P1UHS0_1247 ,P1UHS0_1247 -> P1UDT1469 ,
P1UDT363    ,P1UHS0_1247 ,P1UHS0_1247 -> P1UDT1469 ,
P1UDT363LV  ,P1UHS0_1247 ,P1UHS0_1247 -> P1UDT1469 ,
P1UDT364    ,P1UHS0_1247 ,P1UHS0_1247 -> P1UDT1469 ,
P1UDT364LV  ,P1UHS0_1247 ,P1UHS0_1247 -> P1UDT1469 ,
P1UDT365    ,P1UHS0_1247 ,P1UHS0_1247 -> P1UDT1469 ,
P1UDT365LV  ,P1UHS0_1247 ,P1UHS0_1247 -> P1UDT1469 ,
P1UDT366    ,P1UHS0_1247 ,P1UHS0_1247 -> P1UDT1469 ,
P1UDT366LV  ,P1UHS0_1247 ,P1UHS0_1247 -> P1UDT1469 ,
P1UDT367    ,P1UHS0_1247 ,P1UHS0_1247 -> P1UDT1469 ,
P1UDT367LV  ,P1UHS0_1247 ,P1UHS0_1247 -> P1UDT1469 ,
P1UDT368    ,P1UHS0_1247 ,P1UHS0_1247 -> P1UDT1470 ,
P1UDT368LV  ,P1UHS0_1247 ,P1UHS0_1247 -> P1UDT1470 ,
P1UDT369    ,P1UHS0_1247 ,P1UHS0_1247 -> P1UDT1470 ,
P1UDT369LV  ,P1UHS0_1247 ,P1UHS0_1247 -> P1UDT1470 ,
P1UDT370    ,P1UHS0_1247 ,P1UHS0_1247 -> P1UDT1469 ,
P1UDT370LV  ,P1UHS0_1247 ,P1UHS0_1247 -> P1UDT1469 ,
P1UDT371    ,P1UHS0_1247 ,P1UHS0_1247 -> P1UDT1469 ,
P1UDT371LV  ,P1UHS0_1247 ,P1UHS0_1247 -> P1UDT1469 ,
P1UDT372    ,P1UHS0_1247 ,P1UHS0_1247 -> P1UDT1469 ,
P1UDT372LV  ,P1UHS0_1247 ,P1UHS0_1247 -> P1UDT1469 ,
P1UDT373    ,P1UHS0_1247 ,P1UHS0_1247 -> P1UDT1469 ,
P1UDT373LV  ,P1UHS0_1247 ,P1UHS0_1247 -> P1UDT1469 ,
P1UDT374    ,P1UHS0_1247 ,P1UHS0_1247 -> P1UDT1469 ,
P1UDT374LV  ,P1UHS0_1247 ,P1UHS0_1247 -> P1UDT1469 ,
P1UDT375    ,P1UHS0_1247 ,P1UHS0_1247 -> P1UDT1469 ,
P1UDT375LV  ,P1UHS0_1247 ,P1UHS0_1247 -> P1UDT1469 ,
P1UDT376    ,P1UHS0_1247 ,P1UHS0_1247 -> P1UDT1469 ,
P1UDT376LV  ,P1UHS0_1247 ,P1UHS0_1247 -> P1UDT1469 ,
P1UDT377    ,P1UHS0_1247 ,P1UHS0_1247 -> P1UDT1469 ,
P1UDT377LV  ,P1UHS0_1247 ,P1UHS0_1247 -> P1UDT1469 ,
P1UDT378    ,P1UHS0_1247 ,P1UHS0_1247 -> P1UDT1469 ,
P1UDT378LV  ,P1UHS0_1247 ,P1UHS0_1247 -> P1UDT1469 ,
P1UDT379    ,P1UHS0_1247 ,P1UHS0_1247 -> P1UDT1469 ,
P1UDT379LV  ,P1UHS0_1247 ,P1UHS0_1247 -> P1UDT1469 ,
P1UDT380    ,P1UHS0_1247 ,P1UHS0_1247 -> P1UDT1472 ,
P1UDT380LV  ,P1UHS0_1247 ,P1UHS0_1247 -> P1UDT1472 ,
P1UDT381    ,P1UHS0_1247 ,P1UHS0_1247 -> P1UDT1472 ,
P1UDT381LV  ,P1UHS0_1247 ,P1UHS0_1247 -> P1UDT1472 ,
P1UDT382    ,P1UHS0_1247 ,P1UHS0_1247 -> P1UDT1472 ,
P1UDT382LV  ,P1UHS0_1247 ,P1UHS0_1247 -> P1UDT1472 ,
P1UDT383    ,P1UHS0_1247 ,P1UHS0_1247 -> P1UDT1472 ,
P1UDT383LV  ,P1UHS0_1247 ,P1UHS0_1247 -> P1UDT1472 ,
P1UDT384    ,P1UHS0_1247 ,P1UHS0_1247 -> P1UDT1472 ,
P1UDT384LV  ,P1UHS0_1247 ,P1UHS0_1247 -> P1UDT1472 ,
P1UDT385    ,P1UHS0_1247 ,P1UHS0_1247 -> P1UDT1472 ,
P1UDT385LV  ,P1UHS0_1247 ,P1UHS0_1247 -> P1UDT1472 ,
P1UDT386    ,P1UHS0_1247 ,P1UHS0_1247 -> P1UDT1472 ,
P1UDT386LV  ,P1UHS0_1247 ,P1UHS0_1247 -> P1UDT1472 ,
P1UDT387    ,P1UHS0_1247 ,P1UHS0_1247 -> P1UDT1472 ,
P1UDT387LV  ,P1UHS0_1247 ,P1UHS0_1247 -> P1UDT1472 ,
P1UDT388    ,P1UHS0_1247 ,P1UHS0_1247 -> P1UDT1472 ,
P1UDT388LV  ,P1UHS0_1247 ,P1UHS0_1247 -> P1UDT1472 ,
P1UDT389    ,P1UHS0_1247 ,P1UHS0_1247 -> P1UDT1472 ,
P1UDT389LV  ,P1UHS0_1247 ,P1UHS0_1247 -> P1UDT1472 ,
P1UDT390    ,P1UHS0_1247 ,P1UHS0_1247 -> P1UDT1472 ,
P1UDT390LV  ,P1UHS0_1247 ,P1UHS0_1247 -> P1UDT1472 ,
P1UDT391    ,P1UHS0_1247 ,P1UHS0_1247 -> P1UDT1472 ,
P1UDT391LV  ,P1UHS0_1247 ,P1UHS0_1247 -> P1UDT1472 ,
P1UDT392    ,P1UHS0_1247 ,P1UHS0_1247 -> P1UDT1472 ,
P1UDT392LV  ,P1UHS0_1247 ,P1UHS0_1247 -> P1UDT1472 ,
P1UDT393    ,P1UHS0_1247 ,P1UHS0_1247 -> P1UDT1472 ,
P1UDT393LV  ,P1UHS0_1247 ,P1UHS0_1247 -> P1UDT1472 ,
P1UDT394    ,P1UHS0_1247 ,P1UHS0_1247 -> P1UDT1472 ,
P1UDT394LV  ,P1UHS0_1247 ,P1UHS0_1247 -> P1UDT1472 ,
P1UDT395    ,P1UHS0_1247 ,P1UHS0_1247 -> P1UDT1472 ,
P1UDT395LV  ,P1UHS0_1247 ,P1UHS0_1247 -> P1UDT1472 ,
P1UDT396    ,P1UHS0_1247 ,P1UHS0_1247 -> P1UDT1472 ,
P1UDT396LV  ,P1UHS0_1247 ,P1UHS0_1247 -> P1UDT1472 ,
P1UDT397    ,P1UHS0_1247 ,P1UHS0_1247 -> P1UDT1472 ,
P1UDT397LV  ,P1UHS0_1247 ,P1UHS0_1247 -> P1UDT1472 ,
P1UDT398    ,P1UHS0_1247 ,P1UHS0_1247 -> P1UDT1472 ,
P1UDT398LV  ,P1UHS0_1247 ,P1UHS0_1247 -> P1UDT1472 ,
P1UDT399    ,P1UHS0_1247 ,P1UHS0_1247 -> P1UDT1472 ,
P1UDT399LV  ,P1UHS0_1247 ,P1UHS0_1247 -> P1UDT1472 ,
P1UDT400    ,P1UHS0_1247 ,P1UHS0_1247 -> P1UDT1472 ,
P1UDT400LV  ,P1UHS0_1247 ,P1UHS0_1247 -> P1UDT1472 ,
P1UDT401    ,P1UHS0_1247 ,P1UHS0_1247 -> P1UDT1472 ,
P1UDT401LV  ,P1UHS0_1247 ,P1UHS0_1247 -> P1UDT1472 ,
P1UDT402    ,P1UHS0_1247 ,P1UHS0_1247 -> P1UDT1472 ,
P1UDT402LV  ,P1UHS0_1247 ,P1UHS0_1247 -> P1UDT1472 ,
P1UDT403    ,P1UHS0_1247 ,P1UHS0_1247 -> P1UDT1472 ,
P1UDT403LV  ,P1UHS0_1247 ,P1UHS0_1247 -> P1UDT1472 ,
P1UDT404    ,P1UHS0_1247 ,P1UHS0_1247 -> P1UDT1472 ,
P1UDT404LV  ,P1UHS0_1247 ,P1UHS0_1247 -> P1UDT1472 ,
P1UDT405    ,P1UHS0_1247 ,P1UHS0_1247 -> P1UDT1472 ,
P1UDT405LV  ,P1UHS0_1247 ,P1UHS0_1247 -> P1UDT1472 ,
P1UDT406    ,P1UHS0_1247 ,P1UHS0_1247 -> P1UDT1472 ,
P1UDT406LV  ,P1UHS0_1247 ,P1UHS0_1247 -> P1UDT1472 ,
P1UDT407    ,P1UHS0_1247 ,P1UHS0_1247 -> P1UDT1470 ,
P1UDT407LV  ,P1UHS0_1247 ,P1UHS0_1247 -> P1UDT1470 ,
P1UDT408    ,P1UHS0_1247 ,P1UHS0_1247 -> P1UDT1472 ,
P1UDT408LV  ,P1UHS0_1247 ,P1UHS0_1247 -> P1UDT1472 ,
P1UDT409    ,P1UHS0_1247 ,P1UHS0_1247 -> P1UDT1470 ,
P1UDT409LV  ,P1UHS0_1247 ,P1UHS0_1247 -> P1UDT1470 ,
P1UDT410    ,P1UHS0_1247 ,P1UHS0_1247 -> P1UDT1470 ,
P1UDT410LV  ,P1UHS0_1247 ,P1UHS0_1247 -> P1UDT1470 ,
P1UDT411    ,P1UHS0_1247 ,P1UHS0_1247 -> P1UDT1470 ,
P1UDT411LV  ,P1UHS0_1247 ,P1UHS0_1247 -> P1UDT1470 ,
P1UDT412    ,P1UHS0_1247 ,P1UHS0_1247 -> P1UDT1469 ,
P1UDT412LV  ,P1UHS0_1247 ,P1UHS0_1247 -> P1UDT1469 ,
P1UDT413    ,P1UHS0_1247 ,P1UHS0_1247 -> P1UDT1469 ,
P1UDT413LV  ,P1UHS0_1247 ,P1UHS0_1247 -> P1UDT1469 ,
P1UDT414    ,P1UHS0_1247 ,P1UHS0_1247 -> P1UDT1470 ,
P1UDT414LV  ,P1UHS0_1247 ,P1UHS0_1247 -> P1UDT1470 ,
P1UDT415    ,P1UHS0_1247 ,P1UHS0_1247 -> P1UDT1469 ,
P1UDT415LV  ,P1UHS0_1247 ,P1UHS0_1247 -> P1UDT1469 ,
P1UDT416    ,P1UHS0_1247 ,P1UHS0_1247 -> P1UDT1469 ,
P1UDT416LV  ,P1UHS0_1247 ,P1UHS0_1247 -> P1UDT1469 ,
P1UDT417    ,P1UHS0_1247 ,P1UHS0_1247 -> P1UDT1469 ,
P1UDT417LV  ,P1UHS0_1247 ,P1UHS0_1247 -> P1UDT1469 ,
P1UDT418    ,P1UHS0_1247 ,P1UHS0_1247 -> P1UDT1469 ,
P1UDT418LV  ,P1UHS0_1247 ,P1UHS0_1247 -> P1UDT1469 ,
P1UDT419    ,P1UHS0_1247 ,P1UHS0_1247 -> P1UDT1469 ,
P1UDT419LV  ,P1UHS0_1247 ,P1UHS0_1247 -> P1UDT1469 ,
P1UDT420    ,P1UHS0_1247 ,P1UHS0_1247 -> P1UDT1469 ,
P1UDT420LV  ,P1UHS0_1247 ,P1UHS0_1247 -> P1UDT1469 ,
P1UDT421    ,P1UHS0_1247 ,P1UHS0_1247 -> P1UDT1470 ,
P1UDT421LV  ,P1UHS0_1247 ,P1UHS0_1247 -> P1UDT1470 ,
P1UDT422    ,P1UHS0_1247 ,P1UHS0_1247 -> P1UDT1470 ,
P1UDT422LV  ,P1UHS0_1247 ,P1UHS0_1247 -> P1UDT1470 ,
P1UDT423    ,P1UHS0_1247 ,P1UHS0_1247 -> P1UDT1470 ,
P1UDT423LV  ,P1UHS0_1247 ,P1UHS0_1247 -> P1UDT1470 ,
P1UDT424    ,P1UHS0_1247 ,P1UHS0_1247 -> P1UDT1470 ,
P1UDT424LV  ,P1UHS0_1247 ,P1UHS0_1247 -> P1UDT1470 ,
P1UDT425    ,P1UHS0_1247 ,P1UHS0_1247 -> P1UDT1470 ,
P1UDT425LV  ,P1UHS0_1247 ,P1UHS0_1247 -> P1UDT1470 ,
P1UDT426    ,P1UHS0_1247 ,P1UHS0_1247 -> P1UDT1470 ,
P1UDT426LV  ,P1UHS0_1247 ,P1UHS0_1247 -> P1UDT1470 ,
P1UDT427    ,P1UHS0_1247 ,P1UHS0_1247 -> P1UDT1470 ,
P1UDT427LV  ,P1UHS0_1247 ,P1UHS0_1247 -> P1UDT1470 ,
P1UDT428    ,P1UHS0_1247 ,P1UHS0_1247 -> P1UDT1469 ,
P1UDT428LV  ,P1UHS0_1247 ,P1UHS0_1247 -> P1UDT1469 ,
P1UDT429    ,P1UHS0_1247 ,P1UHS0_1247 -> P1UDT1469 ,
P1UDT429LV  ,P1UHS0_1247 ,P1UHS0_1247 -> P1UDT1469 ,
P1UDT430    ,P1UHS0_1247 ,P1UHS0_1247 -> P1UDT1470 ,
P1UDT430LV  ,P1UHS0_1247 ,P1UHS0_1247 -> P1UDT1470 ,
P1UDT431    ,P1UHS0_1247 ,P1UHS0_1247 -> P1UDT1470 ,
P1UDT431LV  ,P1UHS0_1247 ,P1UHS0_1247 -> P1UDT1470 ,
P1UDT432    ,P1UHS0_1247 ,P1UHS0_1247 -> P1UDT1469 ,
P1UDT432LV  ,P1UHS0_1247 ,P1UHS0_1247 -> P1UDT1469 ,
P1UDT433    ,P1UHS0_1247 ,P1UHS0_1247 -> P1UDT1470 ,
P1UDT433LV  ,P1UHS0_1247 ,P1UHS0_1247 -> P1UDT1470 ,
P1UDT434    ,P1UHS0_1247 ,P1UHS0_1247 -> P1UDT1469 ,
P1UDT434LV  ,P1UHS0_1247 ,P1UHS0_1247 -> P1UDT1469 ,
P1UDT435    ,P1UHS0_1247 ,P1UHS0_1247 -> P1UDT1472 ,
P1UDT435LV  ,P1UHS0_1247 ,P1UHS0_1247 -> P1UDT1472 ,
P1UDT436    ,P1UHS0_1247 ,P1UHS0_1247 -> P1UDT1472 ,
P1UDT436LV  ,P1UHS0_1247 ,P1UHS0_1247 -> P1UDT1472 ,
P1UDT437    ,P1UHS0_1247 ,P1UHS0_1247 -> P1UDT1470 ,
P1UDT437LV  ,P1UHS0_1247 ,P1UHS0_1247 -> P1UDT1470 ,
P1UDT438    ,P1UHS0_1247 ,P1UHS0_1247 -> P1UDT1472 ,
P1UDT438LV  ,P1UHS0_1247 ,P1UHS0_1247 -> P1UDT1472 ,
P1UDT439    ,P1UHS0_1247 ,P1UHS0_1247 -> P1UDT1470 ,
P1UDT439LV  ,P1UHS0_1247 ,P1UHS0_1247 -> P1UDT1470 ,
P1UDT440    ,P1UHS0_1247 ,P1UHS0_1247 -> P1UDT1469 ,
P1UDT440LV  ,P1UHS0_1247 ,P1UHS0_1247 -> P1UDT1469 ,
P1UDT441    ,P1UHS0_1247 ,P1UHS0_1247 -> P1UDT1469 ,
P1UDT441LV  ,P1UHS0_1247 ,P1UHS0_1247 -> P1UDT1469 ,
P1UDT442    ,P1UHS0_1247 ,P1UHS0_1247 -> P1UDT1469 ,
P1UDT442LV  ,P1UHS0_1247 ,P1UHS0_1247 -> P1UDT1469 ,
P1UDT443    ,P1UHS0_1247 ,P1UHS0_1247 -> P1UDT1472 ,
P1UDT443LV  ,P1UHS0_1247 ,P1UHS0_1247 -> P1UDT1472 ,
P1UDT444    ,P1UHS0_1247 ,P1UHS0_1247 -> P1UDT1472 ,
P1UDT444LV  ,P1UHS0_1247 ,P1UHS0_1247 -> P1UDT1472 ,
P1UDT445    ,P1UHS0_1247 ,P1UHS0_1247 -> P1UDT1469 ,
P1UDT445LV  ,P1UHS0_1247 ,P1UHS0_1247 -> P1UDT1469 ,
P1UDT446    ,P1UHS0_1247 ,P1UHS0_1247 -> P1UDT1469 ,
P1UDT446LV  ,P1UHS0_1247 ,P1UHS0_1247 -> P1UDT1469 ,
P1UDT447    ,P1UHS0_1247 ,P1UHS0_1247 -> P1UDT1472 ,
P1UDT447LV  ,P1UHS0_1247 ,P1UHS0_1247 -> P1UDT1472 ,
P1UDT448    ,P1UHS0_1247 ,P1UHS0_1247 -> P1UDT1472 ,
P1UDT448LV  ,P1UHS0_1247 ,P1UHS0_1247 -> P1UDT1472 ,
P1UDT449    ,P1UHS0_1247 ,P1UHS0_1247 -> P1UDT1469 ,
P1UDT449LV  ,P1UHS0_1247 ,P1UHS0_1247 -> P1UDT1469 ,
P1UDT450    ,P1UHS0_1247 ,P1UHS0_1247 -> P1UDT1470 ,
P1UDT450LV  ,P1UHS0_1247 ,P1UHS0_1247 -> P1UDT1470 ,
P1UDT451    ,P1UHS0_1247 ,P1UHS0_1247 -> P1UDT1472 ,
P1UDT451LV  ,P1UHS0_1247 ,P1UHS0_1247 -> P1UDT1472 ,
P1UDT452    ,P1UHS0_1247 ,P1UHS0_1247 -> P1UDT1469 ,
P1UDT452LV  ,P1UHS0_1247 ,P1UHS0_1247 -> P1UDT1469 ,
P1UDT453    ,P1UHS0_1247 ,P1UHS0_1247 -> P1UDT1469 ,
P1UDT453LV  ,P1UHS0_1247 ,P1UHS0_1247 -> P1UDT1469 ,
P1UDT454    ,P1UHS0_1247 ,P1UHS0_1247 -> P1UDT104  ,
P1UDT454LV  ,P1UHS0_1247 ,P1UHS0_1247 -> P1UDT104  ,
P1UDT455    ,P1UHS0_1247 ,P1UHS0_1247 -> P1UDT1469 ,
P1UDT455LV  ,P1UHS0_1247 ,P1UHS0_1247 -> P1UDT1469 ,
P1UDT456    ,P1UHS0_1247 ,P1UHS0_1247 -> P1UDT1472 ,
P1UDT456LV  ,P1UHS0_1247 ,P1UHS0_1247 -> P1UDT1472 ,
P1UDT457    ,P1UHS0_1247 ,P1UHS0_1247 -> P1UDT1472 ,
P1UDT457LV  ,P1UHS0_1247 ,P1UHS0_1247 -> P1UDT1472 ,
P1UDT458    ,P1UHS0_1247 ,P1UHS0_1247 -> P1UDT1470 ,
P1UDT458LV  ,P1UHS0_1247 ,P1UHS0_1247 -> P1UDT1470 ,
P1UDT459    ,P1UHS0_1247 ,P1UHS0_1247 -> P1UDT1469 ,
P1UDT459LV  ,P1UHS0_1247 ,P1UHS0_1247 -> P1UDT1469 ,
P1UDT460    ,P1UHS0_1247 ,P1UHS0_1247 -> P1UDT1470 ,
P1UDT460LV  ,P1UHS0_1247 ,P1UHS0_1247 -> P1UDT1470 ,
P1UDT461    ,P1UHS0_1247 ,P1UHS0_1247 -> P1UDT1470 ,
P1UDT461LV  ,P1UHS0_1247 ,P1UHS0_1247 -> P1UDT1470 ,
P1UDT462    ,P1UHS0_1247 ,P1UHS0_1247 -> P1UDT1469 ,
P1UDT462LV  ,P1UHS0_1247 ,P1UHS0_1247 -> P1UDT1469 ,
P1UDT463    ,P1UHS0_1247 ,P1UHS0_1247 -> P1UDT1472 ,
P1UDT463LV  ,P1UHS0_1247 ,P1UHS0_1247 -> P1UDT1472 ,
P1UDT464    ,P1UHS0_1247 ,P1UHS0_1247 -> P1UDT1470 ,
P1UDT464LV  ,P1UHS0_1247 ,P1UHS0_1247 -> P1UDT1470 ,
P1UDT465    ,P1UHS0_1247 ,P1UHS0_1247 -> P1UDT1470 ,
P1UDT465LV  ,P1UHS0_1247 ,P1UHS0_1247 -> P1UDT1470 ,
P1UDT466    ,P1UHS0_1247 ,P1UHS0_1247 -> P1UDT1472 ,
P1UDT466LV  ,P1UHS0_1247 ,P1UHS0_1247 -> P1UDT1472 ,
P1UDT467    ,P1UHS0_1247 ,P1UHS0_1247 -> P1UDT1472 ,
P1UDT467LV  ,P1UHS0_1247 ,P1UHS0_1247 -> P1UDT1472 ,
P1UDT468    ,P1UHS0_1247 ,P1UHS0_1247 -> P1UDT1470 ,
P1UDT468LV  ,P1UHS0_1247 ,P1UHS0_1247 -> P1UDT1470 ,
P1UDT469    ,P1UHS0_1247 ,P1UHS0_1247 -> P1UDT1472 ,
P1UDT469LV  ,P1UHS0_1247 ,P1UHS0_1247 -> P1UDT1472 ,
P1UDT470    ,P1UHS0_1247 ,P1UHS0_1247 -> P1UDT1470 ,
P1UDT470LV  ,P1UHS0_1247 ,P1UHS0_1247 -> P1UDT1470 ,
P1UDT471    ,P1UHS0_1247 ,P1UHS0_1247 -> P1UDT104  ,
P1UDT471LV  ,P1UHS0_1247 ,P1UHS0_1247 -> P1UDT104  ,
P1UDT472    ,P1UHS0_1247 ,P1UHS0_1247 -> P1UDT1469 ,
P1UDT472LV  ,P1UHS0_1247 ,P1UHS0_1247 -> P1UDT1469 ,
P1UDT473    ,P1UHS1_1247 ,P1UHS1_1247 -> P1UDT1324 ,
P1UDT473LV  ,P1UHS1_1247 ,P1UHS1_1247 -> P1UDT1324 ,
P1UDT474    ,P1UHS1_1247 ,P1UHS1_1247 -> P1UDT1324 ,
P1UDT474LV  ,P1UHS1_1247 ,P1UHS1_1247 -> P1UDT1324 ,
P1UDT475    ,P1UHS1_1247 ,P1UHS1_1247 -> P1UDT1324 ,
P1UDT475LV  ,P1UHS1_1247 ,P1UHS1_1247 -> P1UDT1324 ,
P1UDT476    ,P1UHS1_1247 ,P1UHS1_1247 -> P1UDT1324 ,
P1UDT476LV  ,P1UHS1_1247 ,P1UHS1_1247 -> P1UDT1324 ,
P1UDT477    ,P1UHS1_1247 ,P1UHS1_1247 -> P1UDT1324 ,
P1UDT477LV  ,P1UHS1_1247 ,P1UHS1_1247 -> P1UDT1324 ,
P1UDT478    ,P1UHS1_1247 ,P1UHS1_1247 -> P1UDT1324 ,
P1UDT478LV  ,P1UHS1_1247 ,P1UHS1_1247 -> P1UDT1324 ,
P1UDT479    ,P1UHS1_1247 ,P1UHS1_1247 -> P1UDT1324 ,
P1UDT479LV  ,P1UHS1_1247 ,P1UHS1_1247 -> P1UDT1324 ,
P1UDT480    ,P1UHS1_1247 ,P1UHS1_1247 -> P1UDT1324 ,
P1UDT480LV  ,P1UHS1_1247 ,P1UHS1_1247 -> P1UDT1324 ,
P1UDT481    ,P1UHS1_1247 ,P1UHS1_1247 -> P1UDT1324 ,
P1UDT481LV  ,P1UHS1_1247 ,P1UHS1_1247 -> P1UDT1324 ,
P1UDT482    ,P1UHS1_1247 ,P1UHS1_1247 -> P1UDT1324 ,
P1UDT482LV  ,P1UHS1_1247 ,P1UHS1_1247 -> P1UDT1324 ,
P1UDT483    ,P1UHS1_1247 ,P1UHS1_1247 -> P1UDT716  ,
P1UDT483LV  ,P1UHS1_1247 ,P1UHS1_1247 -> P1UDT716  ,
P1UDT484    ,P1UHS1_1247 ,P1UHS1_1247 -> P1UDT716  ,
P1UDT484LV  ,P1UHS1_1247 ,P1UHS1_1247 -> P1UDT716  ,
P1UDT485    ,P1UHS1_1247 ,P1UHS1_1247 -> P1UDT716  ,
P1UDT485LV  ,P1UHS1_1247 ,P1UHS1_1247 -> P1UDT716  ,
P1UDT486    ,P1UHS1_1247 ,P1UHS1_1247 -> P1UDT716  ,
P1UDT486LV  ,P1UHS1_1247 ,P1UHS1_1247 -> P1UDT716  ,
P1UDT487    ,P1UHS1_1247 ,P1UHS1_1247 -> P1UDT716  ,
P1UDT487LV  ,P1UHS1_1247 ,P1UHS1_1247 -> P1UDT716  ,
P1UDT488    ,P1UHS1_1247 ,P1UHS1_1247 -> P1UDT716  ,
P1UDT488LV  ,P1UHS1_1247 ,P1UHS1_1247 -> P1UDT716  ,
P1UDT489    ,P1UHS1_1247 ,P1UHS1_1247 -> P1UDT716  ,
P1UDT489LV  ,P1UHS1_1247 ,P1UHS1_1247 -> P1UDT716  ,
P1UDT490    ,P1UHS1_1247 ,P1UHS1_1247 -> P1UDT716  ,
P1UDT490LV  ,P1UHS1_1247 ,P1UHS1_1247 -> P1UDT716  ,
P1UDT491    ,P1UHS1_1247 ,P1UHS1_1247 -> P1UDT716  ,
P1UDT491LV  ,P1UHS1_1247 ,P1UHS1_1247 -> P1UDT716  ,
P1UDT492    ,P1UHS1_1247 ,P1UHS1_1247 -> P1UDT716  ,
P1UDT492LV  ,P1UHS1_1247 ,P1UHS1_1247 -> P1UDT716  ,
P1UDT493    ,P1UHS1_1247 ,P1UHS1_1247 -> P1UDT716  ,
P1UDT493LV  ,P1UHS1_1247 ,P1UHS1_1247 -> P1UDT716  ,
P1UDT494    ,P1UHS1_1247 ,P1UHS1_1247 -> P1UDT716  ,
P1UDT494LV  ,P1UHS1_1247 ,P1UHS1_1247 -> P1UDT716  ,
P1UDT495    ,P1UHS1_1247 ,P1UHS1_1247 -> P1UDT716  ,
P1UDT495LV  ,P1UHS1_1247 ,P1UHS1_1247 -> P1UDT716  ,
P1UDT496    ,P1UHS1_1247 ,P1UHS1_1247 -> P1UDT716  ,
P1UDT496LV  ,P1UHS1_1247 ,P1UHS1_1247 -> P1UDT716  ,
P1UDT497    ,P1UHS1_1247 ,P1UHS1_1247 -> P1UDT716  ,
P1UDT497LV  ,P1UHS1_1247 ,P1UHS1_1247 -> P1UDT716  ,
P1UDT498    ,P1UHS1_1247 ,P1UHS1_1247 -> P1UDT716  ,
P1UDT498LV  ,P1UHS1_1247 ,P1UHS1_1247 -> P1UDT716  ,
P1UDT499    ,P1UHS1_1247 ,P1UHS1_1247 -> P1UDT716  ,
P1UDT499LV  ,P1UHS1_1247 ,P1UHS1_1247 -> P1UDT716  ,
P1UDT500    ,P1UHS1_1247 ,P1UHS1_1247 -> P1UDT716  ,
P1UDT500LV  ,P1UHS1_1247 ,P1UHS1_1247 -> P1UDT716  ,
P1UDT501    ,P1UHS1_1247 ,P1UHS1_1247 -> P1UDT716  ,
P1UDT501LV  ,P1UHS1_1247 ,P1UHS1_1247 -> P1UDT716  ,
P1UDT502    ,P1UHS1_1247 ,P1UHS1_1247 -> P1UDT716  ,
P1UDT502LV  ,P1UHS1_1247 ,P1UHS1_1247 -> P1UDT716  ,
P1UDT503    ,P1UHS1_1247 ,P1UHS1_1247 -> P1UDT716  ,
P1UDT503LV  ,P1UHS1_1247 ,P1UHS1_1247 -> P1UDT716  ,
P1UDT504    ,P1UHS1_1247 ,P1UHS1_1247 -> P1UDT716  ,
P1UDT504LV  ,P1UHS1_1247 ,P1UHS1_1247 -> P1UDT716  ,
P1UDT505    ,P1UHS1_1247 ,P1UHS1_1247 -> P1UDT1324 ,
P1UDT505LV  ,P1UHS1_1247 ,P1UHS1_1247 -> P1UDT1324 ,
P1UDT506    ,P1UHS1_1247 ,P1UHS1_1247 -> P1UDT716  ,
P1UDT506LV  ,P1UHS1_1247 ,P1UHS1_1247 -> P1UDT716  ,
P1UDT507    ,P1UHS1_1247 ,P1UHS1_1247 -> P1UDT716  ,
P1UDT507LV  ,P1UHS1_1247 ,P1UHS1_1247 -> P1UDT716  ,
P1UDT508    ,P1UHS1_1247 ,P1UHS1_1247 -> P1UDT716  ,
P1UDT508LV  ,P1UHS1_1247 ,P1UHS1_1247 -> P1UDT716  ,
P1UDT509    ,P1UHS1_1247 ,P1UHS1_1247 -> P1UDT716  ,
P1UDT509LV  ,P1UHS1_1247 ,P1UHS1_1247 -> P1UDT716  ,
P1UDT510    ,P1UHS1_1247 ,P1UHS1_1247 -> P1UDT716  ,
P1UDT510LV  ,P1UHS1_1247 ,P1UHS1_1247 -> P1UDT716  ,
P1UDT511    ,P1UHS1_1247 ,P1UHS1_1247 -> P1UDT716  ,
P1UDT511LV  ,P1UHS1_1247 ,P1UHS1_1247 -> P1UDT716  ,
P1UDT512    ,P1UHS1_1247 ,P1UHS1_1247 -> P1UDT716  ,
P1UDT512LV  ,P1UHS1_1247 ,P1UHS1_1247 -> P1UDT716  ,
P1UDT513    ,P1UHS1_1247 ,P1UHS1_1247 -> P1UDT716  ,
P1UDT513LV  ,P1UHS1_1247 ,P1UHS1_1247 -> P1UDT716  ,
P1UDT514    ,P1UHS1_1247 ,P1UHS1_1247 -> P1UDT716  ,
P1UDT514LV  ,P1UHS1_1247 ,P1UHS1_1247 -> P1UDT716  ,
P1UDT515    ,P1UHS1_1247 ,P1UHS1_1247 -> P1UDT716  ,
P1UDT515LV  ,P1UHS1_1247 ,P1UHS1_1247 -> P1UDT716  ,
P1UDT516    ,P1UHS1_1247 ,P1UHS1_1247 -> P1UDT716  ,
P1UDT516LV  ,P1UHS1_1247 ,P1UHS1_1247 -> P1UDT716  ,
P1UDT517    ,P1UHS1_1247 ,P1UHS1_1247 -> P1UDT716  ,
P1UDT517LV  ,P1UHS1_1247 ,P1UHS1_1247 -> P1UDT716  ,
P1UDT518    ,P1UHS1_1247 ,P1UHS1_1247 -> P1UDT716  ,
P1UDT518LV  ,P1UHS1_1247 ,P1UHS1_1247 -> P1UDT716  ,
P1UDT519    ,P1UHS1_1247 ,P1UHS1_1247 -> P1UDT716  ,
P1UDT519LV  ,P1UHS1_1247 ,P1UHS1_1247 -> P1UDT716  ,
P1UDT520    ,P1UHS1_1247 ,P1UHS1_1247 -> P1UDT716  ,
P1UDT520LV  ,P1UHS1_1247 ,P1UHS1_1247 -> P1UDT716  ,
P1UDT521    ,P1UHS1_1247 ,P1UHS1_1247 -> P1UDT716  ,
P1UDT521LV  ,P1UHS1_1247 ,P1UHS1_1247 -> P1UDT716  ,
P1UDT522    ,P1UHS1_1247 ,P1UHS1_1247 -> P1UDT716  ,
P1UDT522LV  ,P1UHS1_1247 ,P1UHS1_1247 -> P1UDT716  ,
P1UDT523    ,P1UHS1_1247 ,P1UHS1_1247 -> P1UDT716  ,
P1UDT523LV  ,P1UHS1_1247 ,P1UHS1_1247 -> P1UDT716  ,
P1UDT524    ,P1UHS1_1247 ,P1UHS1_1247 -> P1UDT716  ,
P1UDT524LV  ,P1UHS1_1247 ,P1UHS1_1247 -> P1UDT716  ,
P1UDT525    ,P1UHS1_1247 ,P1UHS1_1247 -> P1UDT716  ,
P1UDT525LV  ,P1UHS1_1247 ,P1UHS1_1247 -> P1UDT716  ,
P1UDT526    ,P1UHS1_1247 ,P1UHS1_1247 -> P1UDT716  ,
P1UDT526LV  ,P1UHS1_1247 ,P1UHS1_1247 -> P1UDT716  ,
P1UDT527    ,P1UHS1_1247 ,P1UHS1_1247 -> P1UDT716  ,
P1UDT527LV  ,P1UHS1_1247 ,P1UHS1_1247 -> P1UDT716  ,
P1UDT528    ,P1UHS1_1247 ,P1UHS1_1247 -> P1UDT716  ,
P1UDT528LV  ,P1UHS1_1247 ,P1UHS1_1247 -> P1UDT716  ,
P1UDT529    ,P1UHS1_1247 ,P1UHS1_1247 -> P1UDT716  ,
P1UDT529LV  ,P1UHS1_1247 ,P1UHS1_1247 -> P1UDT716  ,
P1UDT530    ,P1UHS1_1247 ,P1UHS1_1247 -> P1UDT716  ,
P1UDT530LV  ,P1UHS1_1247 ,P1UHS1_1247 -> P1UDT716  ,
P1UDT531    ,P1UHS1_1247 ,P1UHS1_1247 -> P1UDT716  ,
P1UDT531LV  ,P1UHS1_1247 ,P1UHS1_1247 -> P1UDT716  ,
P1UDT532    ,P1UHS1_1247 ,P1UHS1_1247 -> P1UDT716  ,
P1UDT532LV  ,P1UHS1_1247 ,P1UHS1_1247 -> P1UDT716  ,
P1UDT533    ,P1UHS1_1247 ,P1UHS1_1247 -> P1UDT716  ,
P1UDT533LV  ,P1UHS1_1247 ,P1UHS1_1247 -> P1UDT716  ,
P1UDT534    ,P1UHS1_1247 ,P1UHS1_1247 -> P1UDT716  ,
P1UDT534LV  ,P1UHS1_1247 ,P1UHS1_1247 -> P1UDT716  ,
P1UDT535    ,P1UHS1_1247 ,P1UHS1_1247 -> P1UDT716  ,
P1UDT535LV  ,P1UHS1_1247 ,P1UHS1_1247 -> P1UDT716  ,
P1UDT536    ,P1UHS1_1247 ,P1UHS1_1247 -> P1UDT716  ,
P1UDT536LV  ,P1UHS1_1247 ,P1UHS1_1247 -> P1UDT716  ,
P1UDT537    ,P1UHS1_1247 ,P1UHS1_1247 -> P1UDT716  ,
P1UDT537LV  ,P1UHS1_1247 ,P1UHS1_1247 -> P1UDT716  ,
P1UDT538    ,P1UHS1_1247 ,P1UHS1_1247 -> P1UDT1324 ,
P1UDT538LV  ,P1UHS1_1247 ,P1UHS1_1247 -> P1UDT1324 ,
P1UDT539    ,P1UHS1_1247 ,P1UHS1_1247 -> P1UDT1324 ,
P1UDT539LV  ,P1UHS1_1247 ,P1UHS1_1247 -> P1UDT1324 ,
P1UDT540    ,P1UHS1_1247 ,P1UHS1_1247 -> P1UDT1324 ,
P1UDT540LV  ,P1UHS1_1247 ,P1UHS1_1247 -> P1UDT1324 ,
P1UDT541    ,P1UHS1_1247 ,P1UHS1_1247 -> P1UDT1324 ,
P1UDT541LV  ,P1UHS1_1247 ,P1UHS1_1247 -> P1UDT1324 ,
P1UDT542    ,P1UHS1_1247 ,P1UHS1_1247 -> P1UDT1324 ,
P1UDT542LV  ,P1UHS1_1247 ,P1UHS1_1247 -> P1UDT1324 ,
P1UDT543    ,P1UHS1_1247 ,P1UHS1_1247 -> P1UDT1324 ,
P1UDT543LV  ,P1UHS1_1247 ,P1UHS1_1247 -> P1UDT1324 ,
P1UDT544    ,P1UHS1_1247 ,P1UHS1_1247 -> P1UDT1324 ,
P1UDT544LV  ,P1UHS1_1247 ,P1UHS1_1247 -> P1UDT1324 ,
P1UDT545    ,P1UHS1_1247 ,P1UHS1_1247 -> P1UDT1324 ,
P1UDT545LV  ,P1UHS1_1247 ,P1UHS1_1247 -> P1UDT1324 ,
P1UDT546    ,P1UHS1_1247 ,P1UHS1_1247 -> P1UDT1324 ,
P1UDT546LV  ,P1UHS1_1247 ,P1UHS1_1247 -> P1UDT1324 ,
P1UDT547    ,P1UHS1_1247 ,P1UHS1_1247 -> P1UDT1324 ,
P1UDT547LV  ,P1UHS1_1247 ,P1UHS1_1247 -> P1UDT1324 ,
P1UDT548    ,P1UHS1_1247 ,P1UHS1_1247 -> P1UDT716  ,
P1UDT548LV  ,P1UHS1_1247 ,P1UHS1_1247 -> P1UDT716  ,
P1UDT549    ,P1UHS1_1247 ,P1UHS1_1247 -> P1UDT716  ,
P1UDT549LV  ,P1UHS1_1247 ,P1UHS1_1247 -> P1UDT716  ,
P1UDT550    ,P1UHS1_1247 ,P1UHS1_1247 -> P1UDT716  ,
P1UDT550LV  ,P1UHS1_1247 ,P1UHS1_1247 -> P1UDT716  ,
P1UDT551    ,P1UHS1_1247 ,P1UHS1_1247 -> P1UDT1324 ,
P1UDT551LV  ,P1UHS1_1247 ,P1UHS1_1247 -> P1UDT1324 ,
P1UDT552    ,P1UHS1_1247 ,P1UHS1_1247 -> P1UDT1324 ,
P1UDT552LV  ,P1UHS1_1247 ,P1UHS1_1247 -> P1UDT1324 ,
P1UDT553    ,P1UHS1_1247 ,P1UHS1_1247 -> P1UDT1324 ,
P1UDT553LV  ,P1UHS1_1247 ,P1UHS1_1247 -> P1UDT1324 ,
P1UDT554    ,P1UHS1_1247 ,P1UHS1_1247 -> P1UDT1324 ,
P1UDT554LV  ,P1UHS1_1247 ,P1UHS1_1247 -> P1UDT1324 ,
P1UDT555    ,P1UHS1_1247 ,P1UHS1_1247 -> P1UDT1324 ,
P1UDT555LV  ,P1UHS1_1247 ,P1UHS1_1247 -> P1UDT1324 ,
P1UDT556    ,P1UHS1_1247 ,P1UHS1_1247 -> P1UDT1324 ,
P1UDT556LV  ,P1UHS1_1247 ,P1UHS1_1247 -> P1UDT1324 ,
P1UDT557    ,P1UHS1_1247 ,P1UHS1_1247 -> P1UDT1324 ,
P1UDT557LV  ,P1UHS1_1247 ,P1UHS1_1247 -> P1UDT1324 ,
P1UDT558    ,P1UHS1_1247 ,P1UHS1_1247 -> P1UDT1324 ,
P1UDT558LV  ,P1UHS1_1247 ,P1UHS1_1247 -> P1UDT1324 ,
P1UDT559    ,P1UHS1_1247 ,P1UHS1_1247 -> P1UDT1324 ,
P1UDT559LV  ,P1UHS1_1247 ,P1UHS1_1247 -> P1UDT1324 ,
P1UDT560    ,P1UHS2_1247 ,P1UHS2_1247 -> P1UDT813  ,
P1UDT560LV  ,P1UHS2_1247 ,P1UHS2_1247 -> P1UDT813  ,
P1UDT561    ,P1UHS2_1247 ,P1UHS2_1247 -> P1UDT813  ,
P1UDT561LV  ,P1UHS2_1247 ,P1UHS2_1247 -> P1UDT813  ,
P1UDT562    ,P1UHS2_1247 ,P1UHS2_1247 -> P1UDT813  ,
P1UDT562LV  ,P1UHS2_1247 ,P1UHS2_1247 -> P1UDT813  ,
P1UDT563    ,P1UHS2_1247 ,P1UHS2_1247 -> P1UDT813  ,
P1UDT563LV  ,P1UHS2_1247 ,P1UHS2_1247 -> P1UDT813  ,
P1UDT564    ,P1UHS2_1247 ,P1UHS2_1247 -> P1UDT813  ,
P1UDT564LV  ,P1UHS2_1247 ,P1UHS2_1247 -> P1UDT813  ,
P1UDT565    ,P1UHS2_1247 ,P1UHS2_1247 -> P1UDT813  ,
P1UDT565LV  ,P1UHS2_1247 ,P1UHS2_1247 -> P1UDT813  ,
P1UDT566    ,P1UHS2_1247 ,P1UHS2_1247 -> P1UDT813  ,
P1UDT566LV  ,P1UHS2_1247 ,P1UHS2_1247 -> P1UDT813  ,
P1UDT567    ,P1UHS2_1247 ,P1UHS2_1247 -> P1UDT813  ,
P1UDT567LV  ,P1UHS2_1247 ,P1UHS2_1247 -> P1UDT813  ,
P1UDT568    ,P1UHS2_1247 ,P1UHS2_1247 -> P1UDT813  ,
P1UDT568LV  ,P1UHS2_1247 ,P1UHS2_1247 -> P1UDT813  ,
P1UDT569    ,P1UHS2_1247 ,P1UHS2_1247 -> P1UDT813  ,
P1UDT569LV  ,P1UHS2_1247 ,P1UHS2_1247 -> P1UDT813  ,
P1UDT570    ,P1UHS2_1247 ,P1UHS2_1247 -> P1UDT813  ,
P1UDT570LV  ,P1UHS2_1247 ,P1UHS2_1247 -> P1UDT813  ,
P1UDT571    ,P1UHS2_1247 ,P1UHS2_1247 -> P1UDT813  ,
P1UDT571LV  ,P1UHS2_1247 ,P1UHS2_1247 -> P1UDT813  ,
P1UDT572    ,P1UHS2_1247 ,P1UHS2_1247 -> P1UDT813  ,
P1UDT572LV  ,P1UHS2_1247 ,P1UHS2_1247 -> P1UDT813  ,
P1UDT573    ,P1UHS2_1247 ,P1UHS2_1247 -> P1UDT813  ,
P1UDT573LV  ,P1UHS2_1247 ,P1UHS2_1247 -> P1UDT813  ,
P1UDT574    ,P1UHS2_1247 ,P1UHS2_1247 -> P1UDT813  ,
P1UDT574LV  ,P1UHS2_1247 ,P1UHS2_1247 -> P1UDT813  ,
P1UDT575    ,P1UHS2_1247 ,P1UHS2_1247 -> P1UDT813  ,
P1UDT575LV  ,P1UHS2_1247 ,P1UHS2_1247 -> P1UDT813  ,
P1UDT576    ,P1UHS2_1247 ,P1UHS2_1247 -> P1UDT813  ,
P1UDT576LV  ,P1UHS2_1247 ,P1UHS2_1247 -> P1UDT813  ,
P1UDT577    ,P1UHS2_1247 ,P1UHS2_1247 -> P1UDT813  ,
P1UDT577LV  ,P1UHS2_1247 ,P1UHS2_1247 -> P1UDT813  ,
P1UDT578    ,P1UHS2_1247 ,P1UHS2_1247 -> P1UDT813  ,
P1UDT578LV  ,P1UHS2_1247 ,P1UHS2_1247 -> P1UDT813  ,
P1UDT579    ,P1UHS2_1247 ,P1UHS2_1247 -> P1UDT813  ,
P1UDT579LV  ,P1UHS2_1247 ,P1UHS2_1247 -> P1UDT813  ,
P1UDT580    ,P1UHS2_1247 ,P1UHS2_1247 -> P1UDT813  ,
P1UDT580LV  ,P1UHS2_1247 ,P1UHS2_1247 -> P1UDT813  ,
P1UDT581    ,P1UHS2_1247 ,P1UHS2_1247 -> P1UDT813  ,
P1UDT581LV  ,P1UHS2_1247 ,P1UHS2_1247 -> P1UDT813  ,
P1UDT582    ,P1UHS2_1247 ,P1UHS2_1247 -> P1UDT813  ,
P1UDT582LV  ,P1UHS2_1247 ,P1UHS2_1247 -> P1UDT813  ,
P1UDT583    ,P1UHS2_1247 ,P1UHS2_1247 -> P1UDT813  ,
P1UDT583LV  ,P1UHS2_1247 ,P1UHS2_1247 -> P1UDT813  ,
P1UDT584    ,P1UHS2_1247 ,P1UHS2_1247 -> P1UDT813  ,
P1UDT584LV  ,P1UHS2_1247 ,P1UHS2_1247 -> P1UDT813  ,
P1UDT585    ,P1UHS2_1247 ,P1UHS2_1247 -> P1UDT813  ,
P1UDT585LV  ,P1UHS2_1247 ,P1UHS2_1247 -> P1UDT813  ,
P1UDT586    ,P1UHS2_1247 ,P1UHS2_1247 -> P1UDT813  ,
P1UDT586LV  ,P1UHS2_1247 ,P1UHS2_1247 -> P1UDT813  ,
P1UDT587    ,P1UHS2_1247 ,P1UHS2_1247 -> P1UDT813  ,
P1UDT587LV  ,P1UHS2_1247 ,P1UHS2_1247 -> P1UDT813  ,
P1UDT588    ,P1UHS2_1247 ,P1UHS2_1247 -> P1UDT813  ,
P1UDT588LV  ,P1UHS2_1247 ,P1UHS2_1247 -> P1UDT813  ,
P1UDT589    ,P1UHS2_1247 ,P1UHS2_1247 -> P1UDT813  ,
P1UDT589LV  ,P1UHS2_1247 ,P1UHS2_1247 -> P1UDT813  ,
P1UDT590    ,P1UHS2_1247 ,P1UHS2_1247 -> P1UDT813  ,
P1UDT590LV  ,P1UHS2_1247 ,P1UHS2_1247 -> P1UDT813  ,
P1UDT591    ,P1UHS2_1247 ,P1UHS2_1247 -> P1UDT813  ,
P1UDT591LV  ,P1UHS2_1247 ,P1UHS2_1247 -> P1UDT813  ,
P1UDT592    ,P1UHS2_1247 ,P1UHS2_1247 -> P1UDT813  ,
P1UDT592LV  ,P1UHS2_1247 ,P1UHS2_1247 -> P1UDT813  ,
P1UDT593    ,P1UHS2_1247 ,P1UHS2_1247 -> P1UDT813  ,
P1UDT593LV  ,P1UHS2_1247 ,P1UHS2_1247 -> P1UDT813  ,
P1UDT594    ,P1UHS2_1247 ,P1UHS2_1247 -> P1UDT813  ,
P1UDT594LV  ,P1UHS2_1247 ,P1UHS2_1247 -> P1UDT813  ,
P1UDT595    ,P1UHS2_1247 ,P1UHS2_1247 -> P1UDT813  ,
P1UDT595LV  ,P1UHS2_1247 ,P1UHS2_1247 -> P1UDT813  ,
P1UDT596    ,P1UHS2_1247 ,P1UHS2_1247 -> P1UDT813  ,
P1UDT596LV  ,P1UHS2_1247 ,P1UHS2_1247 -> P1UDT813  ,
P1UDT597    ,P1UHS2_1247 ,P1UHS2_1247 -> P1UDT813  ,
P1UDT597LV  ,P1UHS2_1247 ,P1UHS2_1247 -> P1UDT813  ,
P1UDT598    ,P1UHS2_1247 ,P1UHS2_1247 -> P1UDT813  ,
P1UDT598LV  ,P1UHS2_1247 ,P1UHS2_1247 -> P1UDT813  ,
P1UDT599    ,P1UHS2_1247 ,P1UHS2_1247 -> P1UDT813  ,
P1UDT599LV  ,P1UHS2_1247 ,P1UHS2_1247 -> P1UDT813  ,
P1UDT600    ,P1UHS2_1247 ,P1UHS2_1247 -> P1UDT813  ,
P1UDT600LV  ,P1UHS2_1247 ,P1UHS2_1247 -> P1UDT813  ,
P1UDT601    ,P1UHS2_1247 ,P1UHS2_1247 -> P1UDT813  ,
P1UDT601LV  ,P1UHS2_1247 ,P1UHS2_1247 -> P1UDT813  ,
P1UDT602    ,P1UHS2_1247 ,P1UHS2_1247 -> P1UDT813  ,
P1UDT602LV  ,P1UHS2_1247 ,P1UHS2_1247 -> P1UDT813  ,
P1UDT603    ,P1UHS2_1247 ,P1UHS2_1247 -> P1UDT813  ,
P1UDT603LV  ,P1UHS2_1247 ,P1UHS2_1247 -> P1UDT813  ,
P1UDT604    ,P1UHS2_1247 ,P1UHS2_1247 -> P1UDT813  ,
P1UDT604LV  ,P1UHS2_1247 ,P1UHS2_1247 -> P1UDT813  ,
P1UDT605    ,P1UHS2_1247 ,P1UHS2_1247 -> P1UDT813  ,
P1UDT605LV  ,P1UHS2_1247 ,P1UHS2_1247 -> P1UDT813  ,
P1UDT606    ,P1UHS2_1247 ,P1UHS2_1247 -> P1UDT813  ,
P1UDT606LV  ,P1UHS2_1247 ,P1UHS2_1247 -> P1UDT813  ,
P1UDT607    ,P1UHS2_1247 ,P1UHS2_1247 -> P1UDT813  ,
P1UDT607LV  ,P1UHS2_1247 ,P1UHS2_1247 -> P1UDT813  ,
P1UDT608    ,P1UHS2_1247 ,P1UHS2_1247 -> P1UDT813  ,
P1UDT608LV  ,P1UHS2_1247 ,P1UHS2_1247 -> P1UDT813  ,
P1UDT609    ,P1UHS2_1247 ,P1UHS2_1247 -> P1UDT813  ,
P1UDT609LV  ,P1UHS2_1247 ,P1UHS2_1247 -> P1UDT813  ,
P1UDT610    ,P1UHS2_1247 ,P1UHS2_1247 -> P1UDT813  ,
P1UDT610LV  ,P1UHS2_1247 ,P1UHS2_1247 -> P1UDT813  ,
P1UDT611    ,P1UHS2_1247 ,P1UHS2_1247 -> P1UDT813  ,
P1UDT611LV  ,P1UHS2_1247 ,P1UHS2_1247 -> P1UDT813  ,
P1UDT612    ,P1UHS2_1247 ,P1UHS2_1247 -> P1UDT813  ,
P1UDT612LV  ,P1UHS2_1247 ,P1UHS2_1247 -> P1UDT813  ,
P1UDT613    ,P1UHS2_1247 ,P1UHS2_1247 -> P1UDT813  ,
P1UDT613LV  ,P1UHS2_1247 ,P1UHS2_1247 -> P1UDT813  ,
P1UDT614    ,P1UHS2_1247 ,P1UHS2_1247 -> P1UDT813  ,
P1UDT614LV  ,P1UHS2_1247 ,P1UHS2_1247 -> P1UDT813  ,
P1UDT615    ,P1UHS1_1247 ,P1UHS1_1247 -> P1UDT716  ,
P1UDT615LV  ,P1UHS1_1247 ,P1UHS1_1247 -> P1UDT716  ,
P1UDT616    ,P1UHS1_1247 ,P1UHS1_1247 -> P1UDT716  ,
P1UDT616LV  ,P1UHS1_1247 ,P1UHS1_1247 -> P1UDT716  ,
P1UDT617    ,P1UHS1_1247 ,P1UHS1_1247 -> P1UDT716  ,
P1UDT617LV  ,P1UHS1_1247 ,P1UHS1_1247 -> P1UDT716  ,
P1UDT618    ,P1UHS1_1247 ,P1UHS1_1247 -> P1UDT716  ,
P1UDT618LV  ,P1UHS1_1247 ,P1UHS1_1247 -> P1UDT716  ,
P1UDT619    ,P1UHS1_1247 ,P1UHS1_1247 -> P1UDT716  ,
P1UDT619LV  ,P1UHS1_1247 ,P1UHS1_1247 -> P1UDT716  ,
P1UDT620    ,P1UHS1_1247 ,P1UHS1_1247 -> P1UDT716  ,
P1UDT620LV  ,P1UHS1_1247 ,P1UHS1_1247 -> P1UDT716  ,
P1UDT621    ,P1UHS1_1247 ,P1UHS1_1247 -> P1UDT716  ,
P1UDT621LV  ,P1UHS1_1247 ,P1UHS1_1247 -> P1UDT716  ,
P1UDT622    ,P1UHS1_1247 ,P1UHS1_1247 -> P1UDT716  ,
P1UDT622LV  ,P1UHS1_1247 ,P1UHS1_1247 -> P1UDT716  ,
P1UDT623    ,P1UHS1_1247 ,P1UHS1_1247 -> P1UDT716  ,
P1UDT623LV  ,P1UHS1_1247 ,P1UHS1_1247 -> P1UDT716  ,
P1UDT624    ,P1UHS1_1247 ,P1UHS1_1247 -> P1UDT1324 ,
P1UDT624LV  ,P1UHS1_1247 ,P1UHS1_1247 -> P1UDT1324 ,
P1UDT625    ,P1UHS1_1247 ,P1UHS1_1247 -> P1UDT1324 ,
P1UDT625LV  ,P1UHS1_1247 ,P1UHS1_1247 -> P1UDT1324 ,
P1UDT626    ,P1UHS1_1247 ,P1UHS1_1247 -> P1UDT1324 ,
P1UDT626LV  ,P1UHS1_1247 ,P1UHS1_1247 -> P1UDT1324 ,
P1UDT627    ,P1UHS1_1247 ,P1UHS1_1247 -> P1UDT1324 ,
P1UDT627LV  ,P1UHS1_1247 ,P1UHS1_1247 -> P1UDT1324 ,
P1UDT628    ,P1UHS1_1247 ,P1UHS1_1247 -> P1UDT1324 ,
P1UDT628LV  ,P1UHS1_1247 ,P1UHS1_1247 -> P1UDT1324 ,
P1UDT629    ,P1UHS1_1247 ,P1UHS1_1247 -> P1UDT1324 ,
P1UDT629LV  ,P1UHS1_1247 ,P1UHS1_1247 -> P1UDT1324 ,
P1UDT630    ,P1UHS1_1247 ,P1UHS1_1247 -> P1UDT1324 ,
P1UDT630LV  ,P1UHS1_1247 ,P1UHS1_1247 -> P1UDT1324 ,
P1UDT631    ,P1UHS1_1247 ,P1UHS1_1247 -> P1UDT1324 ,
P1UDT631LV  ,P1UHS1_1247 ,P1UHS1_1247 -> P1UDT1324 ,
P1UDT632    ,P1UHS1_1247 ,P1UHS1_1247 -> P1UDT716  ,
P1UDT632LV  ,P1UHS1_1247 ,P1UHS1_1247 -> P1UDT716  ,
P1UDT633    ,P1UHS1_1247 ,P1UHS1_1247 -> P1UDT716  ,
P1UDT633LV  ,P1UHS1_1247 ,P1UHS1_1247 -> P1UDT716  ,
P1UDT634    ,P1UHS1_1247 ,P1UHS1_1247 -> P1UDT716  ,
P1UDT634LV  ,P1UHS1_1247 ,P1UHS1_1247 -> P1UDT716  ,
P1UDT635    ,P1UHS1_1247 ,P1UHS1_1247 -> P1UDT1324 ,
P1UDT635LV  ,P1UHS1_1247 ,P1UHS1_1247 -> P1UDT1324 ,
P1UDT636    ,P1UHS1_1247 ,P1UHS1_1247 -> P1UDT1324 ,
P1UDT636LV  ,P1UHS1_1247 ,P1UHS1_1247 -> P1UDT1324 ,
P1UDT637    ,P1UHS1_1247 ,P1UHS1_1247 -> P1UDT1324 ,
P1UDT637LV  ,P1UHS1_1247 ,P1UHS1_1247 -> P1UDT1324 ,
P1UDT638    ,P1UHS1_1247 ,P1UHS1_1247 -> P1UDT1324 ,
P1UDT638LV  ,P1UHS1_1247 ,P1UHS1_1247 -> P1UDT1324 ,
P1UDT639    ,P1UHS1_1247 ,P1UHS1_1247 -> P1UDT1324 ,
P1UDT639LV  ,P1UHS1_1247 ,P1UHS1_1247 -> P1UDT1324 ,
P1UDT640    ,P1UHS1_1247 ,P1UHS1_1247 -> P1UDT1324 ,
P1UDT640LV  ,P1UHS1_1247 ,P1UHS1_1247 -> P1UDT1324 ,
P1UDT641    ,P1UHS1_1247 ,P1UHS1_1247 -> P1UDT1324 ,
P1UDT641LV  ,P1UHS1_1247 ,P1UHS1_1247 -> P1UDT1324 ,
P1UDT642    ,P1UHS1_1247 ,P1UHS1_1247 -> P1UDT1324 ,
P1UDT642LV  ,P1UHS1_1247 ,P1UHS1_1247 -> P1UDT1324 ,
P1UDT643    ,P1UHS2_1247 ,P1UHS2_1247 -> P1UDT813  ,
P1UDT643LV  ,P1UHS2_1247 ,P1UHS2_1247 -> P1UDT813  ,
P1UDT644    ,P1UHS2_1247 ,P1UHS2_1247 -> P1UDT813  ,
P1UDT644LV  ,P1UHS2_1247 ,P1UHS2_1247 -> P1UDT813  ,
P1UDT645    ,P1UHS2_1247 ,P1UHS2_1247 -> P1UDT813  ,
P1UDT645LV  ,P1UHS2_1247 ,P1UHS2_1247 -> P1UDT813  ,
P1UDT646    ,P1UHS2_1247 ,P1UHS2_1247 -> P1UDT813  ,
P1UDT646LV  ,P1UHS2_1247 ,P1UHS2_1247 -> P1UDT813  ,
P1UDT647    ,P1UHS1_1247 ,P1UHS1_1247 -> P1UDT716  ,
P1UDT647LV  ,P1UHS1_1247 ,P1UHS1_1247 -> P1UDT716  ,
P1UDT648    ,P1UHS1_1247 ,P1UHS1_1247 -> P1UDT716  ,
P1UDT648LV  ,P1UHS1_1247 ,P1UHS1_1247 -> P1UDT716  ,
P1UDT649    ,P1UHS1_1247 ,P1UHS1_1247 -> P1UDT716  ,
P1UDT649LV  ,P1UHS1_1247 ,P1UHS1_1247 -> P1UDT716  ,
P1UDT650    ,P1UHS1_1247 ,P1UHS1_1247 -> P1UDT716  ,
P1UDT650LV  ,P1UHS1_1247 ,P1UHS1_1247 -> P1UDT716  ,
P1UDT651    ,P1UHS1_1247 ,P1UHS1_1247 -> P1UDT716  ,
P1UDT651LV  ,P1UHS1_1247 ,P1UHS1_1247 -> P1UDT716  ,
P1UDT652    ,P1UHS1_1247 ,P1UHS1_1247 -> P1UDT716  ,
P1UDT652LV  ,P1UHS1_1247 ,P1UHS1_1247 -> P1UDT716  ,
P1UDT653    ,P1UHS1_1247 ,P1UHS1_1247 -> P1UDT716  ,
P1UDT653LV  ,P1UHS1_1247 ,P1UHS1_1247 -> P1UDT716  ,
P1UDT654    ,P1UHS1_1247 ,P1UHS1_1247 -> P1UDT716  ,
P1UDT654LV  ,P1UHS1_1247 ,P1UHS1_1247 -> P1UDT716  ,
P1UDT655    ,P1UHS1_1247 ,P1UHS1_1247 -> P1UDT716  ,
P1UDT655LV  ,P1UHS1_1247 ,P1UHS1_1247 -> P1UDT716  ,
P1UDT656    ,P1UHS1_1247 ,P1UHS1_1247 -> P1UDT716  ,
P1UDT656LV  ,P1UHS1_1247 ,P1UHS1_1247 -> P1UDT716  ,
P1UDT657    ,P1UHS1_1247 ,P1UHS1_1247 -> P1UDT716  ,
P1UDT657LV  ,P1UHS1_1247 ,P1UHS1_1247 -> P1UDT716  ,
P1UDT658    ,P1UHS1_1247 ,P1UHS1_1247 -> P1UDT716  ,
P1UDT658LV  ,P1UHS1_1247 ,P1UHS1_1247 -> P1UDT716  ,
P1UDT659    ,P1UHS1_1247 ,P1UHS1_1247 -> P1UDT716  ,
P1UDT659LV  ,P1UHS1_1247 ,P1UHS1_1247 -> P1UDT716  ,
P1UDT660    ,P1UHS1_1247 ,P1UHS1_1247 -> P1UDT716  ,
P1UDT660LV  ,P1UHS1_1247 ,P1UHS1_1247 -> P1UDT716  ,
P1UDT661    ,P1UHS1_1247 ,P1UHS1_1247 -> P1UDT716  ,
P1UDT661LV  ,P1UHS1_1247 ,P1UHS1_1247 -> P1UDT716  ,
P1UDT662    ,P1UHS1_1247 ,P1UHS1_1247 -> P1UDT716  ,
P1UDT662LV  ,P1UHS1_1247 ,P1UHS1_1247 -> P1UDT716  ,
P1UDT663    ,P1UHS1_1247 ,P1UHS1_1247 -> P1UDT716  ,
P1UDT663LV  ,P1UHS1_1247 ,P1UHS1_1247 -> P1UDT716  ,
P1UDT664    ,P1UHS1_1247 ,P1UHS1_1247 -> P1UDT1324 ,
P1UDT664LV  ,P1UHS1_1247 ,P1UHS1_1247 -> P1UDT1324 ,
P1UDT665    ,P1UHS1_1247 ,P1UHS1_1247 -> P1UDT716  ,
P1UDT665LV  ,P1UHS1_1247 ,P1UHS1_1247 -> P1UDT716  ,
P1UDT666    ,P1UHS1_1247 ,P1UHS1_1247 -> P1UDT716  ,
P1UDT666LV  ,P1UHS1_1247 ,P1UHS1_1247 -> P1UDT716  ,
P1UDT667    ,P1UHS1_1247 ,P1UHS1_1247 -> P1UDT1324 ,
P1UDT667LV  ,P1UHS1_1247 ,P1UHS1_1247 -> P1UDT1324 ,
P1UDT668    ,P1UHS1_1247 ,P1UHS1_1247 -> P1UDT1324 ,
P1UDT668LV  ,P1UHS1_1247 ,P1UHS1_1247 -> P1UDT1324 ,
P1UDT669    ,P1UHS1_1247 ,P1UHS1_1247 -> P1UDT1324 ,
P1UDT669LV  ,P1UHS1_1247 ,P1UHS1_1247 -> P1UDT1324 ,
P1UDT670    ,P1UHS1_1247 ,P1UHS1_1247 -> P1UDT1324 ,
P1UDT670LV  ,P1UHS1_1247 ,P1UHS1_1247 -> P1UDT1324 ,
P1UDT671    ,P1UHS1_1247 ,P1UHS1_1247 -> P1UDT1324 ,
P1UDT671LV  ,P1UHS1_1247 ,P1UHS1_1247 -> P1UDT1324 ,
P1UDT672    ,P1UHS1_1247 ,P1UHS1_1247 -> P1UDT1324 ,
P1UDT672LV  ,P1UHS1_1247 ,P1UHS1_1247 -> P1UDT1324 ,
P1UDT673    ,P1UHS1_1247 ,P1UHS1_1247 -> P1UDT1324 ,
P1UDT673LV  ,P1UHS1_1247 ,P1UHS1_1247 -> P1UDT1324 ,
P1UDT674    ,P1UHS1_1247 ,P1UHS1_1247 -> P1UDT1324 ,
P1UDT674LV  ,P1UHS1_1247 ,P1UHS1_1247 -> P1UDT1324 ,
P1UDT675    ,P1UHS1_1247 ,P1UHS1_1247 -> P1UDT1324 ,
P1UDT675LV  ,P1UHS1_1247 ,P1UHS1_1247 -> P1UDT1324 ,
P1UDT676    ,P1UHS1_1247 ,P1UHS1_1247 -> P1UDT1324 ,
P1UDT676LV  ,P1UHS1_1247 ,P1UHS1_1247 -> P1UDT1324 ,
P1UDT677    ,P1UHS1_1247 ,P1UHS1_1247 -> P1UDT1324 ,
P1UDT677LV  ,P1UHS1_1247 ,P1UHS1_1247 -> P1UDT1324 ,
P1UDT678    ,P1UHS1_1247 ,P1UHS1_1247 -> P1UDT1324 ,
P1UDT678LV  ,P1UHS1_1247 ,P1UHS1_1247 -> P1UDT1324 ,
P1UDT679    ,P1UHS1_1247 ,P1UHS1_1247 -> P1UDT1324 ,
P1UDT679LV  ,P1UHS1_1247 ,P1UHS1_1247 -> P1UDT1324 ,
P1UDT680    ,P1UHS1_1247 ,P1UHS1_1247 -> P1UDT1324 ,
P1UDT680LV  ,P1UHS1_1247 ,P1UHS1_1247 -> P1UDT1324 ,
P1UDT681    ,P1UHS1_1247 ,P1UHS1_1247 -> P1UDT1324 ,
P1UDT681LV  ,P1UHS1_1247 ,P1UHS1_1247 -> P1UDT1324 ,
P1UDT682    ,P1UHS1_1247 ,P1UHS1_1247 -> P1UDT1324 ,
P1UDT682LV  ,P1UHS1_1247 ,P1UHS1_1247 -> P1UDT1324 ,
P1UDT683    ,P1UHS1_1247 ,P1UHS1_1247 -> P1UDT1324 ,
P1UDT683LV  ,P1UHS1_1247 ,P1UHS1_1247 -> P1UDT1324 ,
P1UDT684    ,P1UHS1_1247 ,P1UHS1_1247 -> P1UDT1324 ,
P1UDT684LV  ,P1UHS1_1247 ,P1UHS1_1247 -> P1UDT1324 ,
P1UDT685    ,P1UHS1_1247 ,P1UHS1_1247 -> P1UDT716  ,
P1UDT685LV  ,P1UHS1_1247 ,P1UHS1_1247 -> P1UDT716  ,
P1UDT686    ,P1UHS1_1247 ,P1UHS1_1247 -> P1UDT716  ,
P1UDT686LV  ,P1UHS1_1247 ,P1UHS1_1247 -> P1UDT716  ,
P1UDT687    ,P1UHS1_1247 ,P1UHS1_1247 -> P1UDT716  ,
P1UDT687LV  ,P1UHS1_1247 ,P1UHS1_1247 -> P1UDT716  ,
P1UDT688    ,P1UHS1_1247 ,P1UHS1_1247 -> P1UDT716  ,
P1UDT688LV  ,P1UHS1_1247 ,P1UHS1_1247 -> P1UDT716  ,
P1UDT689    ,P1UHS1_1247 ,P1UHS1_1247 -> P1UDT716  ,
P1UDT689LV  ,P1UHS1_1247 ,P1UHS1_1247 -> P1UDT716  ,
P1UDT690    ,P1UHS1_1247 ,P1UHS1_1247 -> P1UDT716  ,
P1UDT690LV  ,P1UHS1_1247 ,P1UHS1_1247 -> P1UDT716  ,
P1UDT691    ,P1UHS1_1247 ,P1UHS1_1247 -> P1UDT716  ,
P1UDT691LV  ,P1UHS1_1247 ,P1UHS1_1247 -> P1UDT716  ,
P1UDT692    ,P1UHS1_1247 ,P1UHS1_1247 -> P1UDT716  ,
P1UDT692LV  ,P1UHS1_1247 ,P1UHS1_1247 -> P1UDT716  ,
P1UDT693    ,P1UHS1_1247 ,P1UHS1_1247 -> P1UDT716  ,
P1UDT693LV  ,P1UHS1_1247 ,P1UHS1_1247 -> P1UDT716  ,
P1UDT694    ,P1UHS1_1247 ,P1UHS1_1247 -> P1UDT716  ,
P1UDT694LV  ,P1UHS1_1247 ,P1UHS1_1247 -> P1UDT716  ,
P1UDT695    ,P1UHS1_1247 ,P1UHS1_1247 -> P1UDT716  ,
P1UDT695LV  ,P1UHS1_1247 ,P1UHS1_1247 -> P1UDT716  ,
P1UDT696    ,P1UHS1_1247 ,P1UHS1_1247 -> P1UDT716  ,
P1UDT696LV  ,P1UHS1_1247 ,P1UHS1_1247 -> P1UDT716  ,
P1UDT697    ,P1UHS1_1247 ,P1UHS1_1247 -> P1UDT716  ,
P1UDT697LV  ,P1UHS1_1247 ,P1UHS1_1247 -> P1UDT716  ,
P1UDT698    ,P1UHS1_1247 ,P1UHS1_1247 -> P1UDT716  ,
P1UDT698LV  ,P1UHS1_1247 ,P1UHS1_1247 -> P1UDT716  ,
P1UDT699    ,P1UHS1_1247 ,P1UHS1_1247 -> P1UDT716  ,
P1UDT699LV  ,P1UHS1_1247 ,P1UHS1_1247 -> P1UDT716  ,
P1UDT700    ,P1UHS1_1247 ,P1UHS1_1247 -> P1UDT716  ,
P1UDT700LV  ,P1UHS1_1247 ,P1UHS1_1247 -> P1UDT716  ,
P1UDT701    ,P1UHS1_1247 ,P1UHS1_1247 -> P1UDT716  ,
P1UDT701LV  ,P1UHS1_1247 ,P1UHS1_1247 -> P1UDT716  ,
P1UDT702    ,P1UHS1_1247 ,P1UHS1_1247 -> P1UDT1324 ,
P1UDT702LV  ,P1UHS1_1247 ,P1UHS1_1247 -> P1UDT1324 ,
P1UDT703    ,P1UHS1_1247 ,P1UHS1_1247 -> P1UDT1324 ,
P1UDT703LV  ,P1UHS1_1247 ,P1UHS1_1247 -> P1UDT1324 ,
P1UDT704    ,P1UHS1_1247 ,P1UHS1_1247 -> P1UDT1324 ,
P1UDT704LV  ,P1UHS1_1247 ,P1UHS1_1247 -> P1UDT1324 ,
P1UDT705    ,P1UHS1_1247 ,P1UHS1_1247 -> P1UDT1324 ,
P1UDT705LV  ,P1UHS1_1247 ,P1UHS1_1247 -> P1UDT1324 ,
P1UDT706    ,P1UHS1_1247 ,P1UHS1_1247 -> P1UDT1324 ,
P1UDT706LV  ,P1UHS1_1247 ,P1UHS1_1247 -> P1UDT1324 ,
P1UDT707    ,P1UHS1_1247 ,P1UHS1_1247 -> P1UDT716  ,
P1UDT707LV  ,P1UHS1_1247 ,P1UHS1_1247 -> P1UDT716  ,
P1UDT708    ,P1UHS1_1247 ,P1UHS1_1247 -> P1UDT716  ,
P1UDT708LV  ,P1UHS1_1247 ,P1UHS1_1247 -> P1UDT716  ,
P1UDT709    ,P1UHS1_1247 ,P1UHS1_1247 -> P1UDT716  ,
P1UDT709LV  ,P1UHS1_1247 ,P1UHS1_1247 -> P1UDT716  ,
P1UDT710    ,P1UHS1_1247 ,P1UHS1_1247 -> P1UDT716  ,
P1UDT710LV  ,P1UHS1_1247 ,P1UHS1_1247 -> P1UDT716  ,
P1UDT711    ,P1UHS1_1247 ,P1UHS1_1247 -> P1UDT716  ,
P1UDT711LV  ,P1UHS1_1247 ,P1UHS1_1247 -> P1UDT716  ,
P1UDT712    ,P1UHS1_1247 ,P1UHS1_1247 -> P1UDT1324 ,
P1UDT712LV  ,P1UHS1_1247 ,P1UHS1_1247 -> P1UDT1324 ,
P1UDT713    ,P1UHS1_1247 ,P1UHS1_1247 -> P1UDT716  ,
P1UDT713LV  ,P1UHS1_1247 ,P1UHS1_1247 -> P1UDT716  ,
P1UDT714    ,P1UHS1_1247 ,P1UHS1_1247 -> P1UDT1324 ,
P1UDT714LV  ,P1UHS1_1247 ,P1UHS1_1247 -> P1UDT1324 ,
P1UDT715    ,P1UHS1_1247 ,P1UHS1_1247 -> P1UDT716  ,
P1UDT715LV  ,P1UHS1_1247 ,P1UHS1_1247 -> P1UDT716  ,
P1UDT716    ,P1UHS1_1247 ,P1UHS1_1247 -> P1UDT716  ,
P1UDT716LV  ,P1UHS1_1247 ,P1UHS1_1247 -> P1UDT716  ,
P1UDT717    ,P1UHS1_1247 ,P1UHS1_1247 -> P1UDT1324 ,
P1UDT717LV  ,P1UHS1_1247 ,P1UHS1_1247 -> P1UDT1324 ,
P1UDT718    ,P1UHS1_1247 ,P1UHS1_1247 -> P1UDT1324 ,
P1UDT718LV  ,P1UHS1_1247 ,P1UHS1_1247 -> P1UDT1324 ,
P1UDT719    ,P1UHS1_1247 ,P1UHS1_1247 -> P1UDT1324 ,
P1UDT719LV  ,P1UHS1_1247 ,P1UHS1_1247 -> P1UDT1324 ,
P1UDT720    ,P1UHS1_1247 ,P1UHS1_1247 -> P1UDT1324 ,
P1UDT720LV  ,P1UHS1_1247 ,P1UHS1_1247 -> P1UDT1324 ,
P1UDT721    ,P1UHS1_1247 ,P1UHS1_1247 -> P1UDT1324 ,
P1UDT721LV  ,P1UHS1_1247 ,P1UHS1_1247 -> P1UDT1324 ,
P1UDT722    ,P1UHS1_1247 ,P1UHS1_1247 -> P1UDT1324 ,
P1UDT722LV  ,P1UHS1_1247 ,P1UHS1_1247 -> P1UDT1324 ,
P1UDT723    ,P1UHS1_1247 ,P1UHS1_1247 -> P1UDT1324 ,
P1UDT723LV  ,P1UHS1_1247 ,P1UHS1_1247 -> P1UDT1324 ,
P1UDT724    ,P1UHS1_1247 ,P1UHS1_1247 -> P1UDT1324 ,
P1UDT724LV  ,P1UHS1_1247 ,P1UHS1_1247 -> P1UDT1324 ,
P1UDT725    ,P1UHS1_1247 ,P1UHS1_1247 -> P1UDT1324 ,
P1UDT725LV  ,P1UHS1_1247 ,P1UHS1_1247 -> P1UDT1324 ,
P1UDT726    ,P1UHS1_1247 ,P1UHS1_1247 -> P1UDT1324 ,
P1UDT726LV  ,P1UHS1_1247 ,P1UHS1_1247 -> P1UDT1324 ,
P1UDT727    ,P1UHS1_1247 ,P1UHS1_1247 -> P1UDT1324 ,
P1UDT727LV  ,P1UHS1_1247 ,P1UHS1_1247 -> P1UDT1324 ,
P1UDT728    ,P1UHS1_1247 ,P1UHS1_1247 -> P1UDT1324 ,
P1UDT728LV  ,P1UHS1_1247 ,P1UHS1_1247 -> P1UDT1324 ,
P1UDT729    ,P1UHS1_1247 ,P1UHS1_1247 -> P1UDT1324 ,
P1UDT729LV  ,P1UHS1_1247 ,P1UHS1_1247 -> P1UDT1324 ,
P1UDT730    ,P1UHS1_1247 ,P1UHS1_1247 -> P1UDT1324 ,
P1UDT730LV  ,P1UHS1_1247 ,P1UHS1_1247 -> P1UDT1324 ,
P1UDT731    ,P1UHS1_1247 ,P1UHS1_1247 -> P1UDT1324 ,
P1UDT731LV  ,P1UHS1_1247 ,P1UHS1_1247 -> P1UDT1324 ,
P1UDT732    ,P1UHS1_1247 ,P1UHS1_1247 -> P1UDT1324 ,
P1UDT732LV  ,P1UHS1_1247 ,P1UHS1_1247 -> P1UDT1324 ,
P1UDT733    ,P1UHS1_1247 ,P1UHS1_1247 -> P1UDT1324 ,
P1UDT733LV  ,P1UHS1_1247 ,P1UHS1_1247 -> P1UDT1324 ,
P1UDT734    ,P1UHS1_1247 ,P1UHS1_1247 -> P1UDT1324 ,
P1UDT734LV  ,P1UHS1_1247 ,P1UHS1_1247 -> P1UDT1324 ,
P1UDT735    ,P1UHS1_1247 ,P1UHS1_1247 -> P1UDT1324 ,
P1UDT735LV  ,P1UHS1_1247 ,P1UHS1_1247 -> P1UDT1324 ,
P1UDT736    ,P1UHS1_1247 ,P1UHS1_1247 -> P1UDT1324 ,
P1UDT736LV  ,P1UHS1_1247 ,P1UHS1_1247 -> P1UDT1324 ,
P1UDT737    ,P1UHS1_1247 ,P1UHS1_1247 -> P1UDT1324 ,
P1UDT737LV  ,P1UHS1_1247 ,P1UHS1_1247 -> P1UDT1324 ,
P1UDT738    ,P1UHS1_1247 ,P1UHS1_1247 -> P1UDT1324 ,
P1UDT738LV  ,P1UHS1_1247 ,P1UHS1_1247 -> P1UDT1324 ,
P1UDT739    ,P1UHS1_1247 ,P1UHS1_1247 -> P1UDT1324 ,
P1UDT739LV  ,P1UHS1_1247 ,P1UHS1_1247 -> P1UDT1324 ,
P1UDT740    ,P1UHS1_1247 ,P1UHS1_1247 -> P1UDT1324 ,
P1UDT740LV  ,P1UHS1_1247 ,P1UHS1_1247 -> P1UDT1324 ,
P1UDT741    ,P1UHS1_1247 ,P1UHS1_1247 -> P1UDT716  ,
P1UDT741LV  ,P1UHS1_1247 ,P1UHS1_1247 -> P1UDT716  ,
P1UDT742    ,P1UHS1_1247 ,P1UHS1_1247 -> P1UDT716  ,
P1UDT742LV  ,P1UHS1_1247 ,P1UHS1_1247 -> P1UDT716  ,
P1UDT743    ,P1UHS1_1247 ,P1UHS1_1247 -> P1UDT716  ,
P1UDT743LV  ,P1UHS1_1247 ,P1UHS1_1247 -> P1UDT716  ,
P1UDT744    ,P1UHS1_1247 ,P1UHS1_1247 -> P1UDT716  ,
P1UDT744LV  ,P1UHS1_1247 ,P1UHS1_1247 -> P1UDT716  ,
P1UDT745    ,P1UHS1_1247 ,P1UHS1_1247 -> P1UDT716  ,
P1UDT745LV  ,P1UHS1_1247 ,P1UHS1_1247 -> P1UDT716  ,
P1UDT746    ,P1UHS1_1247 ,P1UHS1_1247 -> P1UDT716  ,
P1UDT746LV  ,P1UHS1_1247 ,P1UHS1_1247 -> P1UDT716  ,
P1UDT747    ,P1UHS1_1247 ,P1UHS1_1247 -> P1UDT716  ,
P1UDT747LV  ,P1UHS1_1247 ,P1UHS1_1247 -> P1UDT716  ,
P1UDT748    ,P1UHS1_1247 ,P1UHS1_1247 -> P1UDT716  ,
P1UDT748LV  ,P1UHS1_1247 ,P1UHS1_1247 -> P1UDT716  ,
P1UDT749    ,P1UHS1_1247 ,P1UHS1_1247 -> P1UDT716  ,
P1UDT749LV  ,P1UHS1_1247 ,P1UHS1_1247 -> P1UDT716  ,
P1UDT750    ,P1UHS1_1247 ,P1UHS1_1247 -> P1UDT716  ,
P1UDT750LV  ,P1UHS1_1247 ,P1UHS1_1247 -> P1UDT716  ,
P1UDT751    ,P1UHS1_1247 ,P1UHS1_1247 -> P1UDT716  ,
P1UDT751LV  ,P1UHS1_1247 ,P1UHS1_1247 -> P1UDT716  ,
P1UDT752    ,P1UHS1_1247 ,P1UHS1_1247 -> P1UDT716  ,
P1UDT752LV  ,P1UHS1_1247 ,P1UHS1_1247 -> P1UDT716  ,
P1UDT753    ,P1UHS1_1247 ,P1UHS1_1247 -> P1UDT1324 ,
P1UDT753LV  ,P1UHS1_1247 ,P1UHS1_1247 -> P1UDT1324 ,
P1UDT754    ,P1UHS1_1247 ,P1UHS1_1247 -> P1UDT1324 ,
P1UDT754LV  ,P1UHS1_1247 ,P1UHS1_1247 -> P1UDT1324 ,
P1UDT755    ,P1UHS1_1247 ,P1UHS1_1247 -> P1UDT1324 ,
P1UDT755LV  ,P1UHS1_1247 ,P1UHS1_1247 -> P1UDT1324 ,
P1UDT756    ,P1UHS1_1247 ,P1UHS1_1247 -> P1UDT1324 ,
P1UDT756LV  ,P1UHS1_1247 ,P1UHS1_1247 -> P1UDT1324 ,
P1UDT757    ,P1UHS1_1247 ,P1UHS1_1247 -> P1UDT1324 ,
P1UDT757LV  ,P1UHS1_1247 ,P1UHS1_1247 -> P1UDT1324 ,
P1UDT758    ,P1UHS1_1247 ,P1UHS1_1247 -> P1UDT1324 ,
P1UDT758LV  ,P1UHS1_1247 ,P1UHS1_1247 -> P1UDT1324 ,
P1UDT759    ,P1UHS1_1247 ,P1UHS1_1247 -> P1UDT1324 ,
P1UDT759LV  ,P1UHS1_1247 ,P1UHS1_1247 -> P1UDT1324 ,
P1UDT760    ,P1UHS1_1247 ,P1UHS1_1247 -> P1UDT1324 ,
P1UDT760LV  ,P1UHS1_1247 ,P1UHS1_1247 -> P1UDT1324 ,
P1UDT761    ,P1UHS1_1247 ,P1UHS1_1247 -> P1UDT1324 ,
P1UDT761LV  ,P1UHS1_1247 ,P1UHS1_1247 -> P1UDT1324 ,
P1UDT762    ,P1UHS1_1247 ,P1UHS1_1247 -> P1UDT1324 ,
P1UDT762LV  ,P1UHS1_1247 ,P1UHS1_1247 -> P1UDT1324 ,
P1UDT763    ,P1UHS1_1247 ,P1UHS1_1247 -> P1UDT1324 ,
P1UDT763LV  ,P1UHS1_1247 ,P1UHS1_1247 -> P1UDT1324 ,
P1UDT764    ,P1UHS1_1247 ,P1UHS1_1247 -> P1UDT1324 ,
P1UDT764LV  ,P1UHS1_1247 ,P1UHS1_1247 -> P1UDT1324 ,
P1UDT765    ,P1UHS1_1247 ,P1UHS1_1247 -> P1UDT716  ,
P1UDT765LV  ,P1UHS1_1247 ,P1UHS1_1247 -> P1UDT716  ,
P1UDT766    ,P1UHS1_1247 ,P1UHS1_1247 -> P1UDT1324 ,
P1UDT766LV  ,P1UHS1_1247 ,P1UHS1_1247 -> P1UDT1324 ,
P1UDT767    ,P1UHS1_1247 ,P1UHS1_1247 -> P1UDT1324 ,
P1UDT767LV  ,P1UHS1_1247 ,P1UHS1_1247 -> P1UDT1324 ,
P1UDT768    ,P1UHS1_1247 ,P1UHS1_1247 -> P1UDT716  ,
P1UDT768LV  ,P1UHS1_1247 ,P1UHS1_1247 -> P1UDT716  ,
P1UDT769    ,P1UHS1_1247 ,P1UHS1_1247 -> P1UDT716  ,
P1UDT769LV  ,P1UHS1_1247 ,P1UHS1_1247 -> P1UDT716  ,
P1UDT770    ,P1UHS1_1247 ,P1UHS1_1247 -> P1UDT716  ,
P1UDT770LV  ,P1UHS1_1247 ,P1UHS1_1247 -> P1UDT716  ,
P1UDT771    ,P1UHS1_1247 ,P1UHS1_1247 -> P1UDT1324 ,
P1UDT771LV  ,P1UHS1_1247 ,P1UHS1_1247 -> P1UDT1324 ,
P1UDT772    ,P1UHS1_1247 ,P1UHS1_1247 -> P1UDT716  ,
P1UDT772LV  ,P1UHS1_1247 ,P1UHS1_1247 -> P1UDT716  ,
P1UDT773    ,P1UHS1_1247 ,P1UHS1_1247 -> P1UDT716  ,
P1UDT773LV  ,P1UHS1_1247 ,P1UHS1_1247 -> P1UDT716  ,
P1UDT774    ,P1UHS1_1247 ,P1UHS1_1247 -> P1UDT1324 ,
P1UDT774LV  ,P1UHS1_1247 ,P1UHS1_1247 -> P1UDT1324 ,
P1UDT775    ,P1UHS1_1247 ,P1UHS1_1247 -> P1UDT716  ,
P1UDT775LV  ,P1UHS1_1247 ,P1UHS1_1247 -> P1UDT716  ,
P1UDT776    ,P1UHS1_1247 ,P1UHS1_1247 -> P1UDT1324 ,
P1UDT776LV  ,P1UHS1_1247 ,P1UHS1_1247 -> P1UDT1324 ,
P1UDT777    ,P1UHS1_1247 ,P1UHS1_1247 -> P1UDT1324 ,
P1UDT777LV  ,P1UHS1_1247 ,P1UHS1_1247 -> P1UDT1324 ,
P1UDT778    ,P1UHS1_1247 ,P1UHS1_1247 -> P1UDT1324 ,
P1UDT778LV  ,P1UHS1_1247 ,P1UHS1_1247 -> P1UDT1324 ,
P1UDT779    ,P1UHS1_1247 ,P1UHS1_1247 -> P1UDT1324 ,
P1UDT779LV  ,P1UHS1_1247 ,P1UHS1_1247 -> P1UDT1324 ,
P1UDT780    ,P1UHS1_1247 ,P1UHS1_1247 -> P1UDT1324 ,
P1UDT780LV  ,P1UHS1_1247 ,P1UHS1_1247 -> P1UDT1324 ,
P1UDT781    ,P1UHS1_1247 ,P1UHS1_1247 -> P1UDT1324 ,
P1UDT781LV  ,P1UHS1_1247 ,P1UHS1_1247 -> P1UDT1324 ,
P1UDT782    ,P1UHS1_1247 ,P1UHS1_1247 -> P1UDT1324 ,
P1UDT782LV  ,P1UHS1_1247 ,P1UHS1_1247 -> P1UDT1324 ,
P1UDT783    ,P1UHS1_1247 ,P1UHS1_1247 -> P1UDT1324 ,
P1UDT783LV  ,P1UHS1_1247 ,P1UHS1_1247 -> P1UDT1324 ,
P1UDT784    ,P1UHS1_1247 ,P1UHS1_1247 -> P1UDT1324 ,
P1UDT784LV  ,P1UHS1_1247 ,P1UHS1_1247 -> P1UDT1324 ,
P1UDT785    ,P1UHS1_1247 ,P1UHS1_1247 -> P1UDT1324 ,
P1UDT785LV  ,P1UHS1_1247 ,P1UHS1_1247 -> P1UDT1324 ,
P1UDT786    ,P1UHS1_1247 ,P1UHS1_1247 -> P1UDT1324 ,
P1UDT786LV  ,P1UHS1_1247 ,P1UHS1_1247 -> P1UDT1324 ,
P1UDT787    ,P1UHS1_1247 ,P1UHS1_1247 -> P1UDT1324 ,
P1UDT787LV  ,P1UHS1_1247 ,P1UHS1_1247 -> P1UDT1324 ,
P1UDT788    ,P1UHS1_1247 ,P1UHS1_1247 -> P1UDT1324 ,
P1UDT788LV  ,P1UHS1_1247 ,P1UHS1_1247 -> P1UDT1324 ,
P1UDT789    ,P1UHS1_1247 ,P1UHS1_1247 -> P1UDT1324 ,
P1UDT789LV  ,P1UHS1_1247 ,P1UHS1_1247 -> P1UDT1324 ,
P1UDT790    ,P1UHS1_1247 ,P1UHS1_1247 -> P1UDT1324 ,
P1UDT790LV  ,P1UHS1_1247 ,P1UHS1_1247 -> P1UDT1324 ,
P1UDT791    ,P1UHS1_1247 ,P1UHS1_1247 -> P1UDT1324 ,
P1UDT791LV  ,P1UHS1_1247 ,P1UHS1_1247 -> P1UDT1324 ,
P1UDT792    ,P1UHS1_1247 ,P1UHS1_1247 -> P1UDT1324 ,
P1UDT792LV  ,P1UHS1_1247 ,P1UHS1_1247 -> P1UDT1324 ,
P1UDT793    ,P1UHS3_1247 ,P1UHS3_1247 -> P1UDT1696 ,
P1UDT793LV  ,P1UHS3_1247 ,P1UHS3_1247 -> P1UDT1696 ,
P1UDT794    ,P1UHS2_1247 ,P1UHS2_1247 -> P1UDT813  ,
P1UDT794LV  ,P1UHS2_1247 ,P1UHS2_1247 -> P1UDT813  ,
P1UDT795    ,P1UHS2_1247 ,P1UHS2_1247 -> P1UDT813  ,
P1UDT795LV  ,P1UHS2_1247 ,P1UHS2_1247 -> P1UDT813  ,
P1UDT796    ,P1UHS2_1247 ,P1UHS2_1247 -> P1UDT813  ,
P1UDT796LV  ,P1UHS2_1247 ,P1UHS2_1247 -> P1UDT813  ,
P1UDT797    ,P1UHS2_1247 ,P1UHS2_1247 -> P1UDT813  ,
P1UDT797LV  ,P1UHS2_1247 ,P1UHS2_1247 -> P1UDT813  ,
P1UDT798    ,P1UHS2_1247 ,P1UHS2_1247 -> P1UDT813  ,
P1UDT798LV  ,P1UHS2_1247 ,P1UHS2_1247 -> P1UDT813  ,
P1UDT799    ,P1UHS2_1247 ,P1UHS2_1247 -> P1UDT813  ,
P1UDT799LV  ,P1UHS2_1247 ,P1UHS2_1247 -> P1UDT813  ,
P1UDT800    ,P1UHS2_1247 ,P1UHS2_1247 -> P1UDT813  ,
P1UDT800LV  ,P1UHS2_1247 ,P1UHS2_1247 -> P1UDT813  ,
P1UDT801    ,P1UHS2_1247 ,P1UHS2_1247 -> P1UDT813  ,
P1UDT801LV  ,P1UHS2_1247 ,P1UHS2_1247 -> P1UDT813  ,
P1UDT802    ,P1UHS2_1247 ,P1UHS2_1247 -> P1UDT813  ,
P1UDT802LV  ,P1UHS2_1247 ,P1UHS2_1247 -> P1UDT813  ,
P1UDT803    ,P1UHS2_1247 ,P1UHS2_1247 -> P1UDT813  ,
P1UDT803LV  ,P1UHS2_1247 ,P1UHS2_1247 -> P1UDT813  ,
P1UDT804    ,P1UHS2_1247 ,P1UHS2_1247 -> P1UDT813  ,
P1UDT804LV  ,P1UHS2_1247 ,P1UHS2_1247 -> P1UDT813  ,
P1UDT805    ,P1UHS2_1247 ,P1UHS2_1247 -> P1UDT813  ,
P1UDT805LV  ,P1UHS2_1247 ,P1UHS2_1247 -> P1UDT813  ,
P1UDT806    ,P1UHS2_1247 ,P1UHS2_1247 -> P1UDT813  ,
P1UDT806LV  ,P1UHS2_1247 ,P1UHS2_1247 -> P1UDT813  ,
P1UDT807    ,P1UHS2_1247 ,P1UHS2_1247 -> P1UDT813  ,
P1UDT807LV  ,P1UHS2_1247 ,P1UHS2_1247 -> P1UDT813  ,
P1UDT808    ,P1UHS2_1247 ,P1UHS2_1247 -> P1UDT813  ,
P1UDT808LV  ,P1UHS2_1247 ,P1UHS2_1247 -> P1UDT813  ,
P1UDT809    ,P1UHS2_1247 ,P1UHS2_1247 -> P1UDT813  ,
P1UDT809LV  ,P1UHS2_1247 ,P1UHS2_1247 -> P1UDT813  ,
P1UDT810    ,P1UHS2_1247 ,P1UHS2_1247 -> P1UDT813  ,
P1UDT810LV  ,P1UHS2_1247 ,P1UHS2_1247 -> P1UDT813  ,
P1UDT811    ,P1UHS2_1247 ,P1UHS2_1247 -> P1UDT813  ,
P1UDT811LV  ,P1UHS2_1247 ,P1UHS2_1247 -> P1UDT813  ,
P1UDT812    ,P1UHS2_1247 ,P1UHS2_1247 -> P1UDT813  ,
P1UDT812LV  ,P1UHS2_1247 ,P1UHS2_1247 -> P1UDT813  ,
P1UDT813    ,P1UHS2_1247 ,P1UHS2_1247 -> P1UDT813  ,
P1UDT813LV  ,P1UHS2_1247 ,P1UHS2_1247 -> P1UDT813  ,
P1UDT814    ,P1UHS2_1247 ,P1UHS2_1247 -> P1UDT813  ,
P1UDT814LV  ,P1UHS2_1247 ,P1UHS2_1247 -> P1UDT813  ,
P1UDT815    ,P1UHS2_1247 ,P1UHS2_1247 -> P1UDT813  ,
P1UDT815LV  ,P1UHS2_1247 ,P1UHS2_1247 -> P1UDT813  ,
P1UDT816    ,P1UHS2_1247 ,P1UHS2_1247 -> P1UDT813  ,
P1UDT816LV  ,P1UHS2_1247 ,P1UHS2_1247 -> P1UDT813  ,
P1UDT817    ,P1UHS2_1247 ,P1UHS2_1247 -> P1UDT813  ,
P1UDT817LV  ,P1UHS2_1247 ,P1UHS2_1247 -> P1UDT813  ,
P1UDT818    ,P1UHS2_1247 ,P1UHS2_1247 -> P1UDT813  ,
P1UDT818LV  ,P1UHS2_1247 ,P1UHS2_1247 -> P1UDT813  ,
P1UDT819    ,P1UHS2_1247 ,P1UHS2_1247 -> P1UDT813  ,
P1UDT819LV  ,P1UHS2_1247 ,P1UHS2_1247 -> P1UDT813  ,
P1UDT820    ,P1UHS2_1247 ,P1UHS2_1247 -> P1UDT813  ,
P1UDT820LV  ,P1UHS2_1247 ,P1UHS2_1247 -> P1UDT813  ,
P1UDT821    ,P1UHS2_1247 ,P1UHS2_1247 -> P1UDT813  ,
P1UDT821LV  ,P1UHS2_1247 ,P1UHS2_1247 -> P1UDT813  ,
P1UDT822    ,P1UHS2_1247 ,P1UHS2_1247 -> P1UDT813  ,
P1UDT822LV  ,P1UHS2_1247 ,P1UHS2_1247 -> P1UDT813  ,
P1UDT823    ,P1UHS2_1247 ,P1UHS2_1247 -> P1UDT813  ,
P1UDT823LV  ,P1UHS2_1247 ,P1UHS2_1247 -> P1UDT813  ,
P1UDT824    ,P1UHS2_1247 ,P1UHS2_1247 -> P1UDT813  ,
P1UDT824LV  ,P1UHS2_1247 ,P1UHS2_1247 -> P1UDT813  ,
P1UDT825    ,P1UHS2_1247 ,P1UHS2_1247 -> P1UDT813  ,
P1UDT825LV  ,P1UHS2_1247 ,P1UHS2_1247 -> P1UDT813  ,
P1UDT826    ,P1UHS2_1247 ,P1UHS2_1247 -> P1UDT813  ,
P1UDT826LV  ,P1UHS2_1247 ,P1UHS2_1247 -> P1UDT813  ,
P1UDT827    ,P1UHS2_1247 ,P1UHS2_1247 -> P1UDT813  ,
P1UDT827LV  ,P1UHS2_1247 ,P1UHS2_1247 -> P1UDT813  ,
P1UDT828    ,P1UHS2_1247 ,P1UHS2_1247 -> P1UDT813  ,
P1UDT828LV  ,P1UHS2_1247 ,P1UHS2_1247 -> P1UDT813  ,
P1UDT829    ,P1UHS2_1247 ,P1UHS2_1247 -> P1UDT813  ,
P1UDT829LV  ,P1UHS2_1247 ,P1UHS2_1247 -> P1UDT813  ,
P1UDT830    ,P1UHS2_1247 ,P1UHS2_1247 -> P1UDT813  ,
P1UDT830LV  ,P1UHS2_1247 ,P1UHS2_1247 -> P1UDT813  ,
P1UDT831    ,P1UHS2_1247 ,P1UHS2_1247 -> P1UDT813  ,
P1UDT831LV  ,P1UHS2_1247 ,P1UHS2_1247 -> P1UDT813  ,
P1UDT832    ,P1UHS2_1247 ,P1UHS2_1247 -> P1UDT813  ,
P1UDT832LV  ,P1UHS2_1247 ,P1UHS2_1247 -> P1UDT813  ,
P1UDT833    ,P1UHS2_1247 ,P1UHS2_1247 -> P1UDT813  ,
P1UDT833LV  ,P1UHS2_1247 ,P1UHS2_1247 -> P1UDT813  ,
P1UDT834    ,P1UHS2_1247 ,P1UHS2_1247 -> P1UDT813  ,
P1UDT834LV  ,P1UHS2_1247 ,P1UHS2_1247 -> P1UDT813  ,
P1UDT835    ,P1UHS2_1247 ,P1UHS2_1247 -> P1UDT813  ,
P1UDT835LV  ,P1UHS2_1247 ,P1UHS2_1247 -> P1UDT813  ,
P1UDT836    ,P1UHS2_1247 ,P1UHS2_1247 -> P1UDT813  ,
P1UDT836LV  ,P1UHS2_1247 ,P1UHS2_1247 -> P1UDT813  ,
P1UDT837    ,P1UHS2_1247 ,P1UHS2_1247 -> P1UDT813  ,
P1UDT837LV  ,P1UHS2_1247 ,P1UHS2_1247 -> P1UDT813  ,
P1UDT838    ,P1UHS2_1247 ,P1UHS2_1247 -> P1UDT813  ,
P1UDT838LV  ,P1UHS2_1247 ,P1UHS2_1247 -> P1UDT813  ,
P1UDT839    ,P1UHS2_1247 ,P1UHS2_1247 -> P1UDT813  ,
P1UDT839LV  ,P1UHS2_1247 ,P1UHS2_1247 -> P1UDT813  ,
P1UDT840    ,P1UHS2_1247 ,P1UHS2_1247 -> P1UDT813  ,
P1UDT840LV  ,P1UHS2_1247 ,P1UHS2_1247 -> P1UDT813  ,
P1UDT841    ,P1UHS2_1247 ,P1UHS2_1247 -> P1UDT813  ,
P1UDT841LV  ,P1UHS2_1247 ,P1UHS2_1247 -> P1UDT813  ,
P1UDT842    ,P1UHS2_1247 ,P1UHS2_1247 -> P1UDT813  ,
P1UDT842LV  ,P1UHS2_1247 ,P1UHS2_1247 -> P1UDT813  ,
P1UDT843    ,P1UHS2_1247 ,P1UHS2_1247 -> P1UDT813  ,
P1UDT843LV  ,P1UHS2_1247 ,P1UHS2_1247 -> P1UDT813  ,
P1UDT844    ,P1UHS2_1247 ,P1UHS2_1247 -> P1UDT813  ,
P1UDT844LV  ,P1UHS2_1247 ,P1UHS2_1247 -> P1UDT813  ,
P1UDT845    ,P1UHS2_1247 ,P1UHS2_1247 -> P1UDT813  ,
P1UDT845LV  ,P1UHS2_1247 ,P1UHS2_1247 -> P1UDT813  ,
P1UDT846    ,P1UHS2_1247 ,P1UHS2_1247 -> P1UDT813  ,
P1UDT846LV  ,P1UHS2_1247 ,P1UHS2_1247 -> P1UDT813  ,
P1UDT847    ,P1UHS0_1247 ,P1UHS0_1247 -> P1UDT1469 ,
P1UDT847LV  ,P1UHS0_1247 ,P1UHS0_1247 -> P1UDT1469 ,
P1UDT848    ,P1UHS0_1247 ,P1UHS0_1247 -> P1UDT1469 ,
P1UDT848LV  ,P1UHS0_1247 ,P1UHS0_1247 -> P1UDT1469 ,
P1UDT849    ,P1UHS0_1247 ,P1UHS0_1247 -> P1UDT1472 ,
P1UDT849LV  ,P1UHS0_1247 ,P1UHS0_1247 -> P1UDT1472 ,
P1UDT850    ,P1UHS0_1247 ,P1UHS0_1247 -> P1UDT1472 ,
P1UDT850LV  ,P1UHS0_1247 ,P1UHS0_1247 -> P1UDT1472 ,
P1UDT851    ,P1UHS0_1247 ,P1UHS0_1247 -> P1UDT1472 ,
P1UDT851LV  ,P1UHS0_1247 ,P1UHS0_1247 -> P1UDT1472 ,
P1UDT852    ,P1UHS0_1247 ,P1UHS0_1247 -> P1UDT1472 ,
P1UDT852LV  ,P1UHS0_1247 ,P1UHS0_1247 -> P1UDT1472 ,
P1UDT853    ,P1UHS0_1247 ,P1UHS0_1247 -> P1UDT1472 ,
P1UDT853LV  ,P1UHS0_1247 ,P1UHS0_1247 -> P1UDT1472 ,
P1UDT854    ,P1UHS0_1247 ,P1UHS0_1247 -> P1UDT1472 ,
P1UDT854LV  ,P1UHS0_1247 ,P1UHS0_1247 -> P1UDT1472 ,
P1UDT855    ,P1UHS0_1247 ,P1UHS0_1247 -> P1UDT1472 ,
P1UDT855LV  ,P1UHS0_1247 ,P1UHS0_1247 -> P1UDT1472 ,
P1UDT856    ,P1UHS0_1247 ,P1UHS0_1247 -> P1UDT1472 ,
P1UDT856LV  ,P1UHS0_1247 ,P1UHS0_1247 -> P1UDT1472 ,
P1UDT857    ,P1UHS0_1247 ,P1UHS0_1247 -> P1UDT1472 ,
P1UDT857LV  ,P1UHS0_1247 ,P1UHS0_1247 -> P1UDT1472 ,
P1UDT858    ,P1UHS0_1247 ,P1UHS0_1247 -> P1UDT1472 ,
P1UDT858LV  ,P1UHS0_1247 ,P1UHS0_1247 -> P1UDT1472 ,
P1UDT859    ,P1UHS0_1247 ,P1UHS0_1247 -> P1UDT1472 ,
P1UDT859LV  ,P1UHS0_1247 ,P1UHS0_1247 -> P1UDT1472 ,
P1UDT860    ,P1UHS0_1247 ,P1UHS0_1247 -> P1UDT1472 ,
P1UDT860LV  ,P1UHS0_1247 ,P1UHS0_1247 -> P1UDT1472 ,
P1UDT861    ,P1UHS0_1247 ,P1UHS0_1247 -> P1UDT1472 ,
P1UDT861LV  ,P1UHS0_1247 ,P1UHS0_1247 -> P1UDT1472 ,
P1UDT862    ,P1UHS0_1247 ,P1UHS0_1247 -> P1UDT1472 ,
P1UDT862LV  ,P1UHS0_1247 ,P1UHS0_1247 -> P1UDT1472 ,
P1UDT863    ,P1UHS0_1247 ,P1UHS0_1247 -> P1UDT1472 ,
P1UDT863LV  ,P1UHS0_1247 ,P1UHS0_1247 -> P1UDT1472 ,
P1UDT864    ,P1UHS0_1247 ,P1UHS0_1247 -> P1UDT1472 ,
P1UDT864LV  ,P1UHS0_1247 ,P1UHS0_1247 -> P1UDT1472 ,
P1UDT865    ,P1UHS0_1247 ,P1UHS0_1247 -> P1UDT1472 ,
P1UDT865LV  ,P1UHS0_1247 ,P1UHS0_1247 -> P1UDT1472 ,
P1UDT866    ,P1UHS0_1247 ,P1UHS0_1247 -> P1UDT1472 ,
P1UDT866LV  ,P1UHS0_1247 ,P1UHS0_1247 -> P1UDT1472 ,
P1UDT867    ,P1UHS0_1247 ,P1UHS0_1247 -> P1UDT1472 ,
P1UDT867LV  ,P1UHS0_1247 ,P1UHS0_1247 -> P1UDT1472 ,
P1UDT868    ,P1UHS0_1247 ,P1UHS0_1247 -> P1UDT1472 ,
P1UDT868LV  ,P1UHS0_1247 ,P1UHS0_1247 -> P1UDT1472 ,
P1UDT869    ,P1UHS0_1247 ,P1UHS0_1247 -> P1UDT1472 ,
P1UDT869LV  ,P1UHS0_1247 ,P1UHS0_1247 -> P1UDT1472 ,
P1UDT870    ,P1UHS0_1247 ,P1UHS0_1247 -> P1UDT1472 ,
P1UDT870LV  ,P1UHS0_1247 ,P1UHS0_1247 -> P1UDT1472 ,
P1UDT871    ,P1UHS0_1247 ,P1UHS0_1247 -> P1UDT1472 ,
P1UDT871LV  ,P1UHS0_1247 ,P1UHS0_1247 -> P1UDT1472 ,
P1UDT872    ,P1UHS0_1247 ,P1UHS0_1247 -> P1UDT1472 ,
P1UDT872LV  ,P1UHS0_1247 ,P1UHS0_1247 -> P1UDT1472 ,
P1UDT873    ,P1UHS0_1247 ,P1UHS0_1247 -> P1UDT1472 ,
P1UDT873LV  ,P1UHS0_1247 ,P1UHS0_1247 -> P1UDT1472 ,
P1UDT874    ,P1UHS0_1247 ,P1UHS0_1247 -> P1UDT1472 ,
P1UDT874LV  ,P1UHS0_1247 ,P1UHS0_1247 -> P1UDT1472 ,
P1UDT875    ,P1UHS0_1247 ,P1UHS0_1247 -> P1UDT1472 ,
P1UDT875LV  ,P1UHS0_1247 ,P1UHS0_1247 -> P1UDT1472 ,
P1UDT876    ,P1UHS0_1247 ,P1UHS0_1247 -> P1UDT1472 ,
P1UDT876LV  ,P1UHS0_1247 ,P1UHS0_1247 -> P1UDT1472 ,
P1UDT877    ,P1UHS0_1247 ,P1UHS0_1247 -> P1UDT1472 ,
P1UDT877LV  ,P1UHS0_1247 ,P1UHS0_1247 -> P1UDT1472 ,
P1UDT878    ,P1UHS0_1247 ,P1UHS0_1247 -> P1UDT1472 ,
P1UDT878LV  ,P1UHS0_1247 ,P1UHS0_1247 -> P1UDT1472 ,
P1UDT879    ,P1UHS0_1247 ,P1UHS0_1247 -> P1UDT1472 ,
P1UDT879LV  ,P1UHS0_1247 ,P1UHS0_1247 -> P1UDT1472 ,
P1UDT880    ,P1UHS0_1247 ,P1UHS0_1247 -> P1UDT1472 ,
P1UDT880LV  ,P1UHS0_1247 ,P1UHS0_1247 -> P1UDT1472 ,
P1UDT881    ,P1UHS0_1247 ,P1UHS0_1247 -> P1UDT942  ,
P1UDT881LV  ,P1UHS0_1247 ,P1UHS0_1247 -> P1UDT942  ,
P1UDT882    ,P1UHS0_1247 ,P1UHS0_1247 -> P1UDT942  ,
P1UDT882LV  ,P1UHS0_1247 ,P1UHS0_1247 -> P1UDT942  ,
P1UDT883    ,P1UHS0_1247 ,P1UHS0_1247 -> P1UDT942  ,
P1UDT883LV  ,P1UHS0_1247 ,P1UHS0_1247 -> P1UDT942  ,
P1UDT884    ,P1UHS0_1247 ,P1UHS0_1247 -> P1UDT942  ,
P1UDT884LV  ,P1UHS0_1247 ,P1UHS0_1247 -> P1UDT942  ,
P1UDT885    ,P1UHS0_1247 ,P1UHS0_1247 -> P1UDT1469 ,
P1UDT885LV  ,P1UHS0_1247 ,P1UHS0_1247 -> P1UDT1469 ,
P1UDT886    ,P1UHS0_1247 ,P1UHS0_1247 -> P1UDT1469 ,
P1UDT886LV  ,P1UHS0_1247 ,P1UHS0_1247 -> P1UDT1469 ,
P1UDT887    ,P1UHS0_1247 ,P1UHS0_1247 -> P1UDT1469 ,
P1UDT887LV  ,P1UHS0_1247 ,P1UHS0_1247 -> P1UDT1469 ,
P1UDT888    ,P1UHS0_1247 ,P1UHS0_1247 -> P1UDT1469 ,
P1UDT888LV  ,P1UHS0_1247 ,P1UHS0_1247 -> P1UDT1469 ,
P1UDT889    ,P1UHS0_1247 ,P1UHS0_1247 -> P1UDT1469 ,
P1UDT889LV  ,P1UHS0_1247 ,P1UHS0_1247 -> P1UDT1469 ,
P1UDT890    ,P1UHS0_1247 ,P1UHS0_1247 -> P1UDT1469 ,
P1UDT890LV  ,P1UHS0_1247 ,P1UHS0_1247 -> P1UDT1469 ,
P1UDT891    ,P1UHS0_1247 ,P1UHS0_1247 -> P1UDT1469 ,
P1UDT891LV  ,P1UHS0_1247 ,P1UHS0_1247 -> P1UDT1469 ,
P1UDT892    ,P1UHS0_1247 ,P1UHS0_1247 -> P1UDT942  ,
P1UDT892LV  ,P1UHS0_1247 ,P1UHS0_1247 -> P1UDT942  ,
P1UDT893    ,P1UHS0_1247 ,P1UHS0_1247 -> P1UDT942  ,
P1UDT893LV  ,P1UHS0_1247 ,P1UHS0_1247 -> P1UDT942  ,
P1UDT894    ,P1UHS0_1247 ,P1UHS0_1247 -> P1UDT942  ,
P1UDT894LV  ,P1UHS0_1247 ,P1UHS0_1247 -> P1UDT942  ,
P1UDT895    ,P1UHS0_1247 ,P1UHS0_1247 -> P1UDT942  ,
P1UDT895LV  ,P1UHS0_1247 ,P1UHS0_1247 -> P1UDT942  ,
P1UDT896    ,P1UHS0_1247 ,P1UHS0_1247 -> P1UDT942  ,
P1UDT896LV  ,P1UHS0_1247 ,P1UHS0_1247 -> P1UDT942  ,
P1UDT897    ,P1UHS0_1247 ,P1UHS0_1247 -> P1UDT1472 ,
P1UDT897LV  ,P1UHS0_1247 ,P1UHS0_1247 -> P1UDT1472 ,
P1UDT898    ,P1UHS0_1247 ,P1UHS0_1247 -> P1UDT1472 ,
P1UDT898LV  ,P1UHS0_1247 ,P1UHS0_1247 -> P1UDT1472 ,
P1UDT899    ,P1UHS0_1247 ,P1UHS0_1247 -> P1UDT1472 ,
P1UDT899LV  ,P1UHS0_1247 ,P1UHS0_1247 -> P1UDT1472 ,
P1UDT900    ,P1UHS0_1247 ,P1UHS0_1247 -> P1UDT1472 ,
P1UDT900LV  ,P1UHS0_1247 ,P1UHS0_1247 -> P1UDT1472 ,
P1UDT901    ,P1UHS0_1247 ,P1UHS0_1247 -> P1UDT1472 ,
P1UDT901LV  ,P1UHS0_1247 ,P1UHS0_1247 -> P1UDT1472 ,
P1UDT902    ,P1UHS0_1247 ,P1UHS0_1247 -> P1UDT1472 ,
P1UDT902LV  ,P1UHS0_1247 ,P1UHS0_1247 -> P1UDT1472 ,
P1UDT903    ,P1UHS0_1247 ,P1UHS0_1247 -> P1UDT1472 ,
P1UDT903LV  ,P1UHS0_1247 ,P1UHS0_1247 -> P1UDT1472 ,
P1UDT904    ,P1UHS0_1247 ,P1UHS0_1247 -> P1UDT1472 ,
P1UDT904LV  ,P1UHS0_1247 ,P1UHS0_1247 -> P1UDT1472 ,
P1UDT905    ,P1UHS0_1247 ,P1UHS0_1247 -> P1UDT1472 ,
P1UDT905LV  ,P1UHS0_1247 ,P1UHS0_1247 -> P1UDT1472 ,
P1UDT906    ,P1UHS0_1247 ,P1UHS0_1247 -> P1UDT1472 ,
P1UDT906LV  ,P1UHS0_1247 ,P1UHS0_1247 -> P1UDT1472 ,
P1UDT907    ,P1UHS0_1247 ,P1UHS0_1247 -> P1UDT942  ,
P1UDT907LV  ,P1UHS0_1247 ,P1UHS0_1247 -> P1UDT942  ,
P1UDT908    ,P1UHS0_1247 ,P1UHS0_1247 -> P1UDT942  ,
P1UDT908LV  ,P1UHS0_1247 ,P1UHS0_1247 -> P1UDT942  ,
P1UDT909    ,P1UHS0_1247 ,P1UHS0_1247 -> P1UDT942  ,
P1UDT909LV  ,P1UHS0_1247 ,P1UHS0_1247 -> P1UDT942  ,
P1UDT910    ,P1UHS0_1247 ,P1UHS0_1247 -> P1UDT1472 ,
P1UDT910LV  ,P1UHS0_1247 ,P1UHS0_1247 -> P1UDT1472 ,
P1UDT911    ,P1UHS0_1247 ,P1UHS0_1247 -> P1UDT1472 ,
P1UDT911LV  ,P1UHS0_1247 ,P1UHS0_1247 -> P1UDT1472 ,
P1UDT912    ,P1UHS0_1247 ,P1UHS0_1247 -> P1UDT1472 ,
P1UDT912LV  ,P1UHS0_1247 ,P1UHS0_1247 -> P1UDT1472 ,
P1UDT913    ,P1UHS0_1247 ,P1UHS0_1247 -> P1UDT1472 ,
P1UDT913LV  ,P1UHS0_1247 ,P1UHS0_1247 -> P1UDT1472 ,
P1UDT914    ,P1UHS0_1247 ,P1UHS0_1247 -> P1UDT1472 ,
P1UDT914LV  ,P1UHS0_1247 ,P1UHS0_1247 -> P1UDT1472 ,
P1UDT915    ,P1UHS0_1247 ,P1UHS0_1247 -> P1UDT1472 ,
P1UDT915LV  ,P1UHS0_1247 ,P1UHS0_1247 -> P1UDT1472 ,
P1UDT916    ,P1UHS0_1247 ,P1UHS0_1247 -> P1UDT1472 ,
P1UDT916LV  ,P1UHS0_1247 ,P1UHS0_1247 -> P1UDT1472 ,
P1UDT917    ,P1UHS0_1247 ,P1UHS0_1247 -> P1UDT1472 ,
P1UDT917LV  ,P1UHS0_1247 ,P1UHS0_1247 -> P1UDT1472 ,
P1UDT918    ,P1UHS0_1247 ,P1UHS0_1247 -> P1UDT1472 ,
P1UDT918LV  ,P1UHS0_1247 ,P1UHS0_1247 -> P1UDT1472 ,
P1UDT919    ,P1UHS2_1247 ,P1UHS2_1247 -> P1UDT813  ,
P1UDT919LV  ,P1UHS2_1247 ,P1UHS2_1247 -> P1UDT813  ,
P1UDT920    ,P1UHS0_1247 ,P1UHS0_1247 -> P1UDT1472 ,
P1UDT920LV  ,P1UHS0_1247 ,P1UHS0_1247 -> P1UDT1472 ,
P1UDT921    ,P1UHS0_1247 ,P1UHS0_1247 -> P1UDT1472 ,
P1UDT921LV  ,P1UHS0_1247 ,P1UHS0_1247 -> P1UDT1472 ,
P1UDT922    ,P1UHS0_1247 ,P1UHS0_1247 -> P1UDT1472 ,
P1UDT922LV  ,P1UHS0_1247 ,P1UHS0_1247 -> P1UDT1472 ,
P1UDT923    ,P1UHS0_1247 ,P1UHS0_1247 -> P1UDT1472 ,
P1UDT923LV  ,P1UHS0_1247 ,P1UHS0_1247 -> P1UDT1472 ,
P1UDT924    ,P1UHS0_1247 ,P1UHS0_1247 -> P1UDT1472 ,
P1UDT924LV  ,P1UHS0_1247 ,P1UHS0_1247 -> P1UDT1472 ,
P1UDT925    ,P1UHS0_1247 ,P1UHS0_1247 -> P1UDT1472 ,
P1UDT925LV  ,P1UHS0_1247 ,P1UHS0_1247 -> P1UDT1472 ,
P1UDT926    ,P1UHS0_1247 ,P1UHS0_1247 -> P1UDT1472 ,
P1UDT926LV  ,P1UHS0_1247 ,P1UHS0_1247 -> P1UDT1472 ,
P1UDT927    ,P1UHS0_1247 ,P1UHS0_1247 -> P1UDT1472 ,
P1UDT927LV  ,P1UHS0_1247 ,P1UHS0_1247 -> P1UDT1472 ,
P1UDT928    ,P1UHS0_1247 ,P1UHS0_1247 -> P1UDT1472 ,
P1UDT928LV  ,P1UHS0_1247 ,P1UHS0_1247 -> P1UDT1472 ,
P1UDT929    ,P1UHS0_1247 ,P1UHS0_1247 -> P1UDT1472 ,
P1UDT929LV  ,P1UHS0_1247 ,P1UHS0_1247 -> P1UDT1472 ,
P1UDT930    ,P1UHS0_1247 ,P1UHS0_1247 -> P1UDT1472 ,
P1UDT930LV  ,P1UHS0_1247 ,P1UHS0_1247 -> P1UDT1472 ,
P1UDT931    ,P1UHS0_1247 ,P1UHS0_1247 -> P1UDT1472 ,
P1UDT931LV  ,P1UHS0_1247 ,P1UHS0_1247 -> P1UDT1472 ,
P1UDT932    ,P1UHS0_1247 ,P1UHS0_1247 -> P1UDT1472 ,
P1UDT932LV  ,P1UHS0_1247 ,P1UHS0_1247 -> P1UDT1472 ,
P1UDT933    ,P1UHS0_1247 ,P1UHS0_1247 -> P1UDT1472 ,
P1UDT933LV  ,P1UHS0_1247 ,P1UHS0_1247 -> P1UDT1472 ,
P1UDT934    ,P1UHS0_1247 ,P1UHS0_1247 -> P1UDT1472 ,
P1UDT934LV  ,P1UHS0_1247 ,P1UHS0_1247 -> P1UDT1472 ,
P1UDT935    ,P1UHS0_1247 ,P1UHS0_1247 -> P1UDT1472 ,
P1UDT935LV  ,P1UHS0_1247 ,P1UHS0_1247 -> P1UDT1472 ,
P1UDT936    ,P1UHS0_1247 ,P1UHS0_1247 -> P1UDT1472 ,
P1UDT936LV  ,P1UHS0_1247 ,P1UHS0_1247 -> P1UDT1472 ,
P1UDT937    ,P1UHS0_1247 ,P1UHS0_1247 -> P1UDT1472 ,
P1UDT937LV  ,P1UHS0_1247 ,P1UHS0_1247 -> P1UDT1472 ,
P1UDT938    ,P1UHS0_1247 ,P1UHS0_1247 -> P1UDT942  ,
P1UDT938LV  ,P1UHS0_1247 ,P1UHS0_1247 -> P1UDT942  ,
P1UDT939    ,P1UHS0_1247 ,P1UHS0_1247 -> P1UDT942  ,
P1UDT939LV  ,P1UHS0_1247 ,P1UHS0_1247 -> P1UDT942  ,
P1UDT940    ,P1UHS0_1247 ,P1UHS0_1247 -> P1UDT1469 ,
P1UDT940LV  ,P1UHS0_1247 ,P1UHS0_1247 -> P1UDT1469 ,
P1UDT941    ,P1UHS0_1247 ,P1UHS0_1247 -> P1UDT1469 ,
P1UDT941LV  ,P1UHS0_1247 ,P1UHS0_1247 -> P1UDT1469 ,
P1UDT942    ,P1UHS0_1247 ,P1UHS0_1247 -> P1UDT942  ,
P1UDT942LV  ,P1UHS0_1247 ,P1UHS0_1247 -> P1UDT942  ,
P1UDT943    ,P1UHS0_1247 ,P1UHS0_1247 -> P1UDT942  ,
P1UDT943LV  ,P1UHS0_1247 ,P1UHS0_1247 -> P1UDT942  ,
P1UDT944    ,P1UHS1_1247 ,P1UHS1_1247 -> P1UDT716  ,
P1UDT944LV  ,P1UHS1_1247 ,P1UHS1_1247 -> P1UDT716  ,
P1UDT945    ,P1UHS1_1247 ,P1UHS1_1247 -> P1UDT716  ,
P1UDT945LV  ,P1UHS1_1247 ,P1UHS1_1247 -> P1UDT716  ,
P1UDT946    ,P1UHS1_1247 ,P1UHS1_1247 -> P1UDT716  ,
P1UDT946LV  ,P1UHS1_1247 ,P1UHS1_1247 -> P1UDT716  ,
P1UDT947    ,P1UHS1_1247 ,P1UHS1_1247 -> P1UDT716  ,
P1UDT947LV  ,P1UHS1_1247 ,P1UHS1_1247 -> P1UDT716  ,
P1UDT948    ,P1UHS1_1247 ,P1UHS1_1247 -> P1UDT716  ,
P1UDT948LV  ,P1UHS1_1247 ,P1UHS1_1247 -> P1UDT716  ,
P1UDT949    ,P1UHS1_1247 ,P1UHS1_1247 -> P1UDT716  ,
P1UDT949LV  ,P1UHS1_1247 ,P1UHS1_1247 -> P1UDT716  ,
P1UDT950    ,P1UHS1_1247 ,P1UHS1_1247 -> P1UDT716  ,
P1UDT950LV  ,P1UHS1_1247 ,P1UHS1_1247 -> P1UDT716  ,
P1UDT951    ,P1UHS1_1247 ,P1UHS1_1247 -> P1UDT716  ,
P1UDT951LV  ,P1UHS1_1247 ,P1UHS1_1247 -> P1UDT716  ,
P1UDT952    ,P1UHS1_1247 ,P1UHS1_1247 -> P1UDT716  ,
P1UDT952LV  ,P1UHS1_1247 ,P1UHS1_1247 -> P1UDT716  ,
P1UDT953    ,P1UHS1_1247 ,P1UHS1_1247 -> P1UDT716  ,
P1UDT953LV  ,P1UHS1_1247 ,P1UHS1_1247 -> P1UDT716  ,
P1UDT954    ,P1UHS1_1247 ,P1UHS1_1247 -> P1UDT716  ,
P1UDT954LV  ,P1UHS1_1247 ,P1UHS1_1247 -> P1UDT716  ,
P1UDT955    ,P1UHS1_1247 ,P1UHS1_1247 -> P1UDT716  ,
P1UDT955LV  ,P1UHS1_1247 ,P1UHS1_1247 -> P1UDT716  ,
P1UDT956    ,P1UHS1_1247 ,P1UHS1_1247 -> P1UDT716  ,
P1UDT956LV  ,P1UHS1_1247 ,P1UHS1_1247 -> P1UDT716  ,
P1UDT957    ,P1UHS1_1247 ,P1UHS1_1247 -> P1UDT716  ,
P1UDT957LV  ,P1UHS1_1247 ,P1UHS1_1247 -> P1UDT716  ,
P1UDT958    ,P1UHS1_1247 ,P1UHS1_1247 -> P1UDT716  ,
P1UDT958LV  ,P1UHS1_1247 ,P1UHS1_1247 -> P1UDT716  ,
P1UDT959    ,P1UHS1_1247 ,P1UHS1_1247 -> P1UDT716  ,
P1UDT959LV  ,P1UHS1_1247 ,P1UHS1_1247 -> P1UDT716  ,
P1UDT960    ,P1UHS1_1247 ,P1UHS1_1247 -> P1UDT716  ,
P1UDT960LV  ,P1UHS1_1247 ,P1UHS1_1247 -> P1UDT716  ,
P1UDT961    ,P1UHS1_1247 ,P1UHS1_1247 -> P1UDT716  ,
P1UDT961LV  ,P1UHS1_1247 ,P1UHS1_1247 -> P1UDT716  ,
P1UDT962    ,P1UHS1_1247 ,P1UHS1_1247 -> P1UDT716  ,
P1UDT962LV  ,P1UHS1_1247 ,P1UHS1_1247 -> P1UDT716  ,
P1UDT963    ,P1UHS1_1247 ,P1UHS1_1247 -> P1UDT716  ,
P1UDT963LV  ,P1UHS1_1247 ,P1UHS1_1247 -> P1UDT716  ,
P1UDT964    ,P1UHS1_1247 ,P1UHS1_1247 -> P1UDT716  ,
P1UDT964LV  ,P1UHS1_1247 ,P1UHS1_1247 -> P1UDT716  ,
P1UDT965    ,P1UHS1_1247 ,P1UHS1_1247 -> P1UDT716  ,
P1UDT965LV  ,P1UHS1_1247 ,P1UHS1_1247 -> P1UDT716  ,
P1UDT966    ,P1UHS1_1247 ,P1UHS1_1247 -> P1UDT716  ,
P1UDT966LV  ,P1UHS1_1247 ,P1UHS1_1247 -> P1UDT716  ,
P1UDT967    ,P1UHS1_1247 ,P1UHS1_1247 -> P1UDT716  ,
P1UDT967LV  ,P1UHS1_1247 ,P1UHS1_1247 -> P1UDT716  ,
P1UDT968    ,P1UHS1_1247 ,P1UHS1_1247 -> P1UDT716  ,
P1UDT968LV  ,P1UHS1_1247 ,P1UHS1_1247 -> P1UDT716  ,
P1UDT969    ,P1UHS1_1247 ,P1UHS1_1247 -> P1UDT716  ,
P1UDT969LV  ,P1UHS1_1247 ,P1UHS1_1247 -> P1UDT716  ,
P1UDT970    ,P1UHS1_1247 ,P1UHS1_1247 -> P1UDT716  ,
P1UDT970LV  ,P1UHS1_1247 ,P1UHS1_1247 -> P1UDT716  ,
P1UDT971    ,P1UHS1_1247 ,P1UHS1_1247 -> P1UDT716  ,
P1UDT971LV  ,P1UHS1_1247 ,P1UHS1_1247 -> P1UDT716  ,
P1UDT972    ,P1UHS1_1247 ,P1UHS1_1247 -> P1UDT716  ,
P1UDT972LV  ,P1UHS1_1247 ,P1UHS1_1247 -> P1UDT716  ,
P1UDT973    ,P1UHS1_1247 ,P1UHS1_1247 -> P1UDT716  ,
P1UDT973LV  ,P1UHS1_1247 ,P1UHS1_1247 -> P1UDT716  ,
P1UDT974    ,P1UHS1_1247 ,P1UHS1_1247 -> P1UDT716  ,
P1UDT974LV  ,P1UHS1_1247 ,P1UHS1_1247 -> P1UDT716  ,
P1UDT975    ,P1UHS1_1247 ,P1UHS1_1247 -> P1UDT716  ,
P1UDT975LV  ,P1UHS1_1247 ,P1UHS1_1247 -> P1UDT716  ,
P1UDT976    ,P1UHS1_1247 ,P1UHS1_1247 -> P1UDT716  ,
P1UDT976LV  ,P1UHS1_1247 ,P1UHS1_1247 -> P1UDT716  ,
P1UDT977    ,P1UHS1_1247 ,P1UHS1_1247 -> P1UDT716  ,
P1UDT977LV  ,P1UHS1_1247 ,P1UHS1_1247 -> P1UDT716  ,
P1UDT978    ,P1UHS1_1247 ,P1UHS1_1247 -> P1UDT716  ,
P1UDT978LV  ,P1UHS1_1247 ,P1UHS1_1247 -> P1UDT716  ,
P1UDT979    ,P1UHS1_1247 ,P1UHS1_1247 -> P1UDT716  ,
P1UDT979LV  ,P1UHS1_1247 ,P1UHS1_1247 -> P1UDT716  ,
P1UDT980    ,P1UHS1_1247 ,P1UHS1_1247 -> P1UDT716  ,
P1UDT980LV  ,P1UHS1_1247 ,P1UHS1_1247 -> P1UDT716  ,
P1UDT981    ,P1UHS1_1247 ,P1UHS1_1247 -> P1UDT716  ,
P1UDT981LV  ,P1UHS1_1247 ,P1UHS1_1247 -> P1UDT716  ,
P1UDT982    ,P1UHS1_1247 ,P1UHS1_1247 -> P1UDT716  ,
P1UDT982LV  ,P1UHS1_1247 ,P1UHS1_1247 -> P1UDT716  ,
P1UDT983    ,P1UHS1_1247 ,P1UHS1_1247 -> P1UDT716  ,
P1UDT983LV  ,P1UHS1_1247 ,P1UHS1_1247 -> P1UDT716  ,
P1UDT984    ,P1UHS1_1247 ,P1UHS1_1247 -> P1UDT716  ,
P1UDT984LV  ,P1UHS1_1247 ,P1UHS1_1247 -> P1UDT716  ,
P1UDT985    ,P1UHS1_1247 ,P1UHS1_1247 -> P1UDT716  ,
P1UDT985LV  ,P1UHS1_1247 ,P1UHS1_1247 -> P1UDT716  ,
P1UDT986    ,P1UHS1_1247 ,P1UHS1_1247 -> P1UDT716  ,
P1UDT986LV  ,P1UHS1_1247 ,P1UHS1_1247 -> P1UDT716  ,
P1UDT987    ,P1UHS1_1247 ,P1UHS1_1247 -> P1UDT716  ,
P1UDT987LV  ,P1UHS1_1247 ,P1UHS1_1247 -> P1UDT716  ,
P1UDT988    ,P1UHS1_1247 ,P1UHS1_1247 -> P1UDT716  ,
P1UDT988LV  ,P1UHS1_1247 ,P1UHS1_1247 -> P1UDT716  ,
P1UDT989    ,P1UHS1_1247 ,P1UHS1_1247 -> P1UDT716  ,
P1UDT989LV  ,P1UHS1_1247 ,P1UHS1_1247 -> P1UDT716  ,
P1UDT990    ,P1UHS1_1247 ,P1UHS1_1247 -> P1UDT716  ,
P1UDT990LV  ,P1UHS1_1247 ,P1UHS1_1247 -> P1UDT716  ,
P1UDT991    ,P1UHS1_1247 ,P1UHS1_1247 -> P1UDT716  ,
P1UDT991LV  ,P1UHS1_1247 ,P1UHS1_1247 -> P1UDT716  ,
P1UDT992    ,P1UHS1_1247 ,P1UHS1_1247 -> P1UDT716  ,
P1UDT992LV  ,P1UHS1_1247 ,P1UHS1_1247 -> P1UDT716  ,
P1UDT993    ,P1UHS1_1247 ,P1UHS1_1247 -> P1UDT716  ,
P1UDT993LV  ,P1UHS1_1247 ,P1UHS1_1247 -> P1UDT716  ,
P1UDT994    ,P1UHS1_1247 ,P1UHS1_1247 -> P1UDT716  ,
P1UDT994LV  ,P1UHS1_1247 ,P1UHS1_1247 -> P1UDT716  ,
P1UDT995    ,P1UHS1_1247 ,P1UHS1_1247 -> P1UDT716  ,
P1UDT995LV  ,P1UHS1_1247 ,P1UHS1_1247 -> P1UDT716  ,
P1UDT996    ,P1UHS1_1247 ,P1UHS1_1247 -> P1UDT716  ,
P1UDT996LV  ,P1UHS1_1247 ,P1UHS1_1247 -> P1UDT716  ,
P1UDT997    ,P1UHS1_1247 ,P1UHS1_1247 -> P1UDT716  ,
P1UDT997LV  ,P1UHS1_1247 ,P1UHS1_1247 -> P1UDT716  ,
P1UDT998    ,P1UHS1_1247 ,P1UHS1_1247 -> P1UDT716  ,
P1UDT998LV  ,P1UHS1_1247 ,P1UHS1_1247 -> P1UDT716  ,
P1UDT999    ,P1UHS1_1247 ,P1UHS1_1247 -> P1UDT716  ,
P1UDT999LV  ,P1UHS1_1247 ,P1UHS1_1247 -> P1UDT716  ,
P1UDT1000   ,P1UHS1_1247 ,P1UHS1_1247 -> P1UDT716  ,
P1UDT1000LV ,P1UHS1_1247 ,P1UHS1_1247 -> P1UDT716  ,
P1UDT1001   ,P1UHS1_1247 ,P1UHS1_1247 -> P1UDT716  ,
P1UDT1001LV ,P1UHS1_1247 ,P1UHS1_1247 -> P1UDT716  ,
P1UDT1002   ,P1UHS1_1247 ,P1UHS1_1247 -> P1UDT716  ,
P1UDT1002LV ,P1UHS1_1247 ,P1UHS1_1247 -> P1UDT716  ,
P1UDT1003   ,P1UHS1_1247 ,P1UHS1_1247 -> P1UDT716  ,
P1UDT1003LV ,P1UHS1_1247 ,P1UHS1_1247 -> P1UDT716  ,
P1UDT1004   ,P1UHS1_1247 ,P1UHS1_1247 -> P1UDT716  ,
P1UDT1004LV ,P1UHS1_1247 ,P1UHS1_1247 -> P1UDT716  ,
P1UDT1005   ,P1UHS1_1247 ,P1UHS1_1247 -> P1UDT716  ,
P1UDT1005LV ,P1UHS1_1247 ,P1UHS1_1247 -> P1UDT716  ,
P1UDT1006   ,P1UHS1_1247 ,P1UHS1_1247 -> P1UDT716  ,
P1UDT1006LV ,P1UHS1_1247 ,P1UHS1_1247 -> P1UDT716  ,
P1UDT1007   ,P1UHS1_1247 ,P1UHS1_1247 -> P1UDT716  ,
P1UDT1007LV ,P1UHS1_1247 ,P1UHS1_1247 -> P1UDT716  ,
P1UDT1008   ,P1UHS1_1247 ,P1UHS1_1247 -> P1UDT716  ,
P1UDT1008LV ,P1UHS1_1247 ,P1UHS1_1247 -> P1UDT716  ,
P1UDT1009   ,P1UHS1_1247 ,P1UHS1_1247 -> P1UDT716  ,
P1UDT1009LV ,P1UHS1_1247 ,P1UHS1_1247 -> P1UDT716  ,
P1UDT1010   ,P1UHS1_1247 ,P1UHS1_1247 -> P1UDT716  ,
P1UDT1010LV ,P1UHS1_1247 ,P1UHS1_1247 -> P1UDT716  ,
P1UDT1011   ,P1UHS1_1247 ,P1UHS1_1247 -> P1UDT716  ,
P1UDT1011LV ,P1UHS1_1247 ,P1UHS1_1247 -> P1UDT716  ,
P1UDT1012   ,P1UHS1_1247 ,P1UHS1_1247 -> P1UDT716  ,
P1UDT1012LV ,P1UHS1_1247 ,P1UHS1_1247 -> P1UDT716  ,
P1UDT1013   ,P1UHS1_1247 ,P1UHS1_1247 -> P1UDT716  ,
P1UDT1013LV ,P1UHS1_1247 ,P1UHS1_1247 -> P1UDT716  ,
P1UDT1014   ,P1UHS1_1247 ,P1UHS1_1247 -> P1UDT716  ,
P1UDT1014LV ,P1UHS1_1247 ,P1UHS1_1247 -> P1UDT716  ,
P1UDT1015   ,P1UHS1_1247 ,P1UHS1_1247 -> P1UDT716  ,
P1UDT1015LV ,P1UHS1_1247 ,P1UHS1_1247 -> P1UDT716  ,
P1UDT1016   ,P1UHS1_1247 ,P1UHS1_1247 -> P1UDT716  ,
P1UDT1016LV ,P1UHS1_1247 ,P1UHS1_1247 -> P1UDT716  ,
P1UDT1017   ,P1UHS1_1247 ,P1UHS1_1247 -> P1UDT716  ,
P1UDT1017LV ,P1UHS1_1247 ,P1UHS1_1247 -> P1UDT716  ,
P1UDT1018   ,P1UHS1_1247 ,P1UHS1_1247 -> P1UDT716  ,
P1UDT1018LV ,P1UHS1_1247 ,P1UHS1_1247 -> P1UDT716  ,
P1UDT1019   ,P1UHS1_1247 ,P1UHS1_1247 -> P1UDT716  ,
P1UDT1019LV ,P1UHS1_1247 ,P1UHS1_1247 -> P1UDT716  ,
P1UDT1020   ,P1UHS1_1247 ,P1UHS1_1247 -> P1UDT716  ,
P1UDT1020LV ,P1UHS1_1247 ,P1UHS1_1247 -> P1UDT716  ,
P1UDT1021   ,P1UHS1_1247 ,P1UHS1_1247 -> P1UDT716  ,
P1UDT1021LV ,P1UHS1_1247 ,P1UHS1_1247 -> P1UDT716  ,
P1UDT1022   ,P1UHS1_1247 ,P1UHS1_1247 -> P1UDT716  ,
P1UDT1022LV ,P1UHS1_1247 ,P1UHS1_1247 -> P1UDT716  ,
P1UDT1023   ,P1UHS1_1247 ,P1UHS1_1247 -> P1UDT716  ,
P1UDT1023LV ,P1UHS1_1247 ,P1UHS1_1247 -> P1UDT716  ,
P1UDT1024   ,P1UHS1_1247 ,P1UHS1_1247 -> P1UDT716  ,
P1UDT1024LV ,P1UHS1_1247 ,P1UHS1_1247 -> P1UDT716  ,
P1UDT1025   ,P1UHS1_1247 ,P1UHS1_1247 -> P1UDT716  ,
P1UDT1025LV ,P1UHS1_1247 ,P1UHS1_1247 -> P1UDT716  ,
P1UDT1026   ,P1UHS1_1247 ,P1UHS1_1247 -> P1UDT716  ,
P1UDT1026LV ,P1UHS1_1247 ,P1UHS1_1247 -> P1UDT716  ,
P1UDT1027   ,P1UHS1_1247 ,P1UHS1_1247 -> P1UDT716  ,
P1UDT1027LV ,P1UHS1_1247 ,P1UHS1_1247 -> P1UDT716  ,
P1UDT1028   ,P1UHS1_1247 ,P1UHS1_1247 -> P1UDT716  ,
P1UDT1028LV ,P1UHS1_1247 ,P1UHS1_1247 -> P1UDT716  ,
P1UDT1029   ,P1UHS1_1247 ,P1UHS1_1247 -> P1UDT716  ,
P1UDT1029LV ,P1UHS1_1247 ,P1UHS1_1247 -> P1UDT716  ,
P1UDT1030   ,P1UHS1_1247 ,P1UHS1_1247 -> P1UDT716  ,
P1UDT1030LV ,P1UHS1_1247 ,P1UHS1_1247 -> P1UDT716  ,
P1UDT1031   ,P1UHS1_1247 ,P1UHS1_1247 -> P1UDT716  ,
P1UDT1031LV ,P1UHS1_1247 ,P1UHS1_1247 -> P1UDT716  ,
P1UDT1032   ,P1UHS1_1247 ,P1UHS1_1247 -> P1UDT716  ,
P1UDT1032LV ,P1UHS1_1247 ,P1UHS1_1247 -> P1UDT716  ,
P1UDT1033   ,P1UHS1_1247 ,P1UHS1_1247 -> P1UDT716  ,
P1UDT1033LV ,P1UHS1_1247 ,P1UHS1_1247 -> P1UDT716  ,
P1UDT1034   ,P1UHS1_1247 ,P1UHS1_1247 -> P1UDT716  ,
P1UDT1034LV ,P1UHS1_1247 ,P1UHS1_1247 -> P1UDT716  ,
P1UDT1035   ,P1UHS1_1247 ,P1UHS1_1247 -> P1UDT716  ,
P1UDT1035LV ,P1UHS1_1247 ,P1UHS1_1247 -> P1UDT716  ,
P1UDT1036   ,P1UHS1_1247 ,P1UHS1_1247 -> P1UDT716  ,
P1UDT1036LV ,P1UHS1_1247 ,P1UHS1_1247 -> P1UDT716  ,
P1UDT1037   ,P1UHS1_1247 ,P1UHS1_1247 -> P1UDT716  ,
P1UDT1037LV ,P1UHS1_1247 ,P1UHS1_1247 -> P1UDT716  ,
P1UDT1038   ,P1UHS1_1247 ,P1UHS1_1247 -> P1UDT716  ,
P1UDT1038LV ,P1UHS1_1247 ,P1UHS1_1247 -> P1UDT716  ,
P1UDT1039   ,P1UHS1_1247 ,P1UHS1_1247 -> P1UDT716  ,
P1UDT1039LV ,P1UHS1_1247 ,P1UHS1_1247 -> P1UDT716  ,
P1UDT1040   ,P1UHS1_1247 ,P1UHS1_1247 -> P1UDT716  ,
P1UDT1040LV ,P1UHS1_1247 ,P1UHS1_1247 -> P1UDT716  ,
P1UDT1041   ,P1UHS1_1247 ,P1UHS1_1247 -> P1UDT716  ,
P1UDT1041LV ,P1UHS1_1247 ,P1UHS1_1247 -> P1UDT716  ,
P1UDT1042   ,P1UHS1_1247 ,P1UHS1_1247 -> P1UDT716  ,
P1UDT1042LV ,P1UHS1_1247 ,P1UHS1_1247 -> P1UDT716  ,
P1UDT1043   ,P1UHS1_1247 ,P1UHS1_1247 -> P1UDT716  ,
P1UDT1043LV ,P1UHS1_1247 ,P1UHS1_1247 -> P1UDT716  ,
P1UDT1044   ,P1UHS1_1247 ,P1UHS1_1247 -> P1UDT716  ,
P1UDT1044LV ,P1UHS1_1247 ,P1UHS1_1247 -> P1UDT716  ,
P1UDT1045   ,P1UHS2_1247 ,P1UHS2_1247 -> P1UDT813  ,
P1UDT1045LV ,P1UHS2_1247 ,P1UHS2_1247 -> P1UDT813  ,
P1UDT1046   ,P1UHS2_1247 ,P1UHS2_1247 -> P1UDT813  ,
P1UDT1046LV ,P1UHS2_1247 ,P1UHS2_1247 -> P1UDT813  ,
P1UDT1047   ,P1UHS2_1247 ,P1UHS2_1247 -> P1UDT813  ,
P1UDT1047LV ,P1UHS2_1247 ,P1UHS2_1247 -> P1UDT813  ,
P1UDT1048   ,P1UHS2_1247 ,P1UHS2_1247 -> P1UDT813  ,
P1UDT1048LV ,P1UHS2_1247 ,P1UHS2_1247 -> P1UDT813  ,
P1UDT1049   ,P1UHS2_1247 ,P1UHS2_1247 -> P1UDT813  ,
P1UDT1049LV ,P1UHS2_1247 ,P1UHS2_1247 -> P1UDT813  ,
P1UDT1050   ,P1UHS2_1247 ,P1UHS2_1247 -> P1UDT813  ,
P1UDT1050LV ,P1UHS2_1247 ,P1UHS2_1247 -> P1UDT813  ,
P1UDT1051   ,P1UHS2_1247 ,P1UHS2_1247 -> P1UDT813  ,
P1UDT1051LV ,P1UHS2_1247 ,P1UHS2_1247 -> P1UDT813  ,
P1UDT1052   ,P1UHS2_1247 ,P1UHS2_1247 -> P1UDT813  ,
P1UDT1052LV ,P1UHS2_1247 ,P1UHS2_1247 -> P1UDT813  ,
P1UDT1053   ,P1UHS2_1247 ,P1UHS2_1247 -> P1UDT813  ,
P1UDT1053LV ,P1UHS2_1247 ,P1UHS2_1247 -> P1UDT813  ,
P1UDT1054   ,P1UHS2_1247 ,P1UHS2_1247 -> P1UDT813  ,
P1UDT1054LV ,P1UHS2_1247 ,P1UHS2_1247 -> P1UDT813  ,
P1UDT1055   ,P1UHS2_1247 ,P1UHS2_1247 -> P1UDT813  ,
P1UDT1055LV ,P1UHS2_1247 ,P1UHS2_1247 -> P1UDT813  ,
P1UDT1056   ,P1UHS2_1247 ,P1UHS2_1247 -> P1UDT813  ,
P1UDT1056LV ,P1UHS2_1247 ,P1UHS2_1247 -> P1UDT813  ,
P1UDT1057   ,P1UHS2_1247 ,P1UHS2_1247 -> P1UDT813  ,
P1UDT1057LV ,P1UHS2_1247 ,P1UHS2_1247 -> P1UDT813  ,
P1UDT1058   ,P1UHS2_1247 ,P1UHS2_1247 -> P1UDT813  ,
P1UDT1058LV ,P1UHS2_1247 ,P1UHS2_1247 -> P1UDT813  ,
P1UDT1059   ,P1UHS2_1247 ,P1UHS2_1247 -> P1UDT813  ,
P1UDT1059LV ,P1UHS2_1247 ,P1UHS2_1247 -> P1UDT813  ,
P1UDT1060   ,P1UHS2_1247 ,P1UHS2_1247 -> P1UDT813  ,
P1UDT1060LV ,P1UHS2_1247 ,P1UHS2_1247 -> P1UDT813  ,
P1UDT1061   ,P1UHS2_1247 ,P1UHS2_1247 -> P1UDT813  ,
P1UDT1061LV ,P1UHS2_1247 ,P1UHS2_1247 -> P1UDT813  ,
P1UDT1062   ,P1UHS1_1247 ,P1UHS1_1247 -> P1UDT1324 ,
P1UDT1062LV ,P1UHS1_1247 ,P1UHS1_1247 -> P1UDT1324 ,
P1UDT1063   ,P1UHS1_1247 ,P1UHS1_1247 -> P1UDT1324 ,
P1UDT1063LV ,P1UHS1_1247 ,P1UHS1_1247 -> P1UDT1324 ,
P1UDT1064   ,P1UHS1_1247 ,P1UHS1_1247 -> P1UDT1324 ,
P1UDT1064LV ,P1UHS1_1247 ,P1UHS1_1247 -> P1UDT1324 ,
P1UDT1065   ,P1UHS1_1247 ,P1UHS1_1247 -> P1UDT1324 ,
P1UDT1065LV ,P1UHS1_1247 ,P1UHS1_1247 -> P1UDT1324 ,
P1UDT1066   ,P1UHS2_1247 ,P1UHS2_1247 -> P1UDT813  ,
P1UDT1066LV ,P1UHS2_1247 ,P1UHS2_1247 -> P1UDT813  ,
P1UDT1067   ,P1UHS2_1247 ,P1UHS2_1247 -> P1UDT813  ,
P1UDT1067LV ,P1UHS2_1247 ,P1UHS2_1247 -> P1UDT813  ,
P1UDT1068   ,P1UHS2_1247 ,P1UHS2_1247 -> P1UDT813  ,
P1UDT1068LV ,P1UHS2_1247 ,P1UHS2_1247 -> P1UDT813  ,
P1UDT1069   ,P1UHS2_1247 ,P1UHS2_1247 -> P1UDT813  ,
P1UDT1069LV ,P1UHS2_1247 ,P1UHS2_1247 -> P1UDT813  ,
P1UDT1070   ,P1UHS1_1247 ,P1UHS1_1247 -> P1UDT1324 ,
P1UDT1070LV ,P1UHS1_1247 ,P1UHS1_1247 -> P1UDT1324 ,
P1UDT1071   ,P1UHS1_1247 ,P1UHS1_1247 -> P1UDT1324 ,
P1UDT1071LV ,P1UHS1_1247 ,P1UHS1_1247 -> P1UDT1324 ,
P1UDT1072   ,P1UHS1_1247 ,P1UHS1_1247 -> P1UDT1324 ,
P1UDT1072LV ,P1UHS1_1247 ,P1UHS1_1247 -> P1UDT1324 ,
P1UDT1073   ,P1UHS1_1247 ,P1UHS1_1247 -> P1UDT1324 ,
P1UDT1073LV ,P1UHS1_1247 ,P1UHS1_1247 -> P1UDT1324 ,
P1UDT1074   ,P1UHS1_1247 ,P1UHS1_1247 -> P1UDT1324 ,
P1UDT1074LV ,P1UHS1_1247 ,P1UHS1_1247 -> P1UDT1324 ,
P1UDT1075   ,P1UHS1_1247 ,P1UHS1_1247 -> P1UDT1324 ,
P1UDT1075LV ,P1UHS1_1247 ,P1UHS1_1247 -> P1UDT1324 ,
P1UDT1076   ,P1UHS1_1247 ,P1UHS1_1247 -> P1UDT1324 ,
P1UDT1076LV ,P1UHS1_1247 ,P1UHS1_1247 -> P1UDT1324 ,
P1UDT1077   ,P1UHS1_1247 ,P1UHS1_1247 -> P1UDT1324 ,
P1UDT1077LV ,P1UHS1_1247 ,P1UHS1_1247 -> P1UDT1324 ,
P1UDT1078   ,P1UHS1_1247 ,P1UHS1_1247 -> P1UDT1324 ,
P1UDT1078LV ,P1UHS1_1247 ,P1UHS1_1247 -> P1UDT1324 ,
P1UDT1079   ,P1UHS1_1247 ,P1UHS1_1247 -> P1UDT1324 ,
P1UDT1079LV ,P1UHS1_1247 ,P1UHS1_1247 -> P1UDT1324 ,
P1UDT1080   ,P1UHS1_1247 ,P1UHS1_1247 -> P1UDT1324 ,
P1UDT1080LV ,P1UHS1_1247 ,P1UHS1_1247 -> P1UDT1324 ,
P1UDT1081   ,P1UHS2_1247 ,P1UHS2_1247 -> P1UDT813  ,
P1UDT1081LV ,P1UHS2_1247 ,P1UHS2_1247 -> P1UDT813  ,
P1UDT1082   ,P1UHS2_1247 ,P1UHS2_1247 -> P1UDT813  ,
P1UDT1082LV ,P1UHS2_1247 ,P1UHS2_1247 -> P1UDT813  ,
P1UDT1083   ,P1UHS2_1247 ,P1UHS2_1247 -> P1UDT813  ,
P1UDT1083LV ,P1UHS2_1247 ,P1UHS2_1247 -> P1UDT813  ,
P1UDT1084   ,P1UHS2_1247 ,P1UHS2_1247 -> P1UDT813  ,
P1UDT1084LV ,P1UHS2_1247 ,P1UHS2_1247 -> P1UDT813  ,
P1UDT1085   ,P1UHS1_1247 ,P1UHS1_1247 -> P1UDT1324 ,
P1UDT1085LV ,P1UHS1_1247 ,P1UHS1_1247 -> P1UDT1324 ,
P1UDT1086   ,P1UHS2_1247 ,P1UHS2_1247 -> P1UDT813  ,
P1UDT1086LV ,P1UHS2_1247 ,P1UHS2_1247 -> P1UDT813  ,
P1UDT1087   ,P1UHS2_1247 ,P1UHS2_1247 -> P1UDT813  ,
P1UDT1087LV ,P1UHS2_1247 ,P1UHS2_1247 -> P1UDT813  ,
P1UDT1088   ,P1UHS2_1247 ,P1UHS2_1247 -> P1UDT813  ,
P1UDT1088LV ,P1UHS2_1247 ,P1UHS2_1247 -> P1UDT813  ,
P1UDT1089   ,P1UHS2_1247 ,P1UHS2_1247 -> P1UDT813  ,
P1UDT1089LV ,P1UHS2_1247 ,P1UHS2_1247 -> P1UDT813  ,
P1UDT1090   ,P1UHS2_1247 ,P1UHS2_1247 -> P1UDT813  ,
P1UDT1090LV ,P1UHS2_1247 ,P1UHS2_1247 -> P1UDT813  ,
P1UDT1091   ,P1UHS1_1247 ,P1UHS1_1247 -> P1UDT1324 ,
P1UDT1091LV ,P1UHS1_1247 ,P1UHS1_1247 -> P1UDT1324 ,
P1UDT1092   ,P1UHS2_1247 ,P1UHS2_1247 -> P1UDT813  ,
P1UDT1092LV ,P1UHS2_1247 ,P1UHS2_1247 -> P1UDT813  ,
P1UDT1093   ,P1UHS2_1247 ,P1UHS2_1247 -> P1UDT813  ,
P1UDT1093LV ,P1UHS2_1247 ,P1UHS2_1247 -> P1UDT813  ,
P1UDT1094   ,P1UHS2_1247 ,P1UHS2_1247 -> P1UDT813  ,
P1UDT1094LV ,P1UHS2_1247 ,P1UHS2_1247 -> P1UDT813  ,
P1UDT1095   ,P1UHS2_1247 ,P1UHS2_1247 -> P1UDT813  ,
P1UDT1095LV ,P1UHS2_1247 ,P1UHS2_1247 -> P1UDT813  ,
P1UDT1096   ,P1UHS2_1247 ,P1UHS2_1247 -> P1UDT813  ,
P1UDT1096LV ,P1UHS2_1247 ,P1UHS2_1247 -> P1UDT813  ,
P1UDT1097   ,P1UHS2_1247 ,P1UHS2_1247 -> P1UDT813  ,
P1UDT1097LV ,P1UHS2_1247 ,P1UHS2_1247 -> P1UDT813  ,
P1UDT1098   ,P1UHS2_1247 ,P1UHS2_1247 -> P1UDT813  ,
P1UDT1098LV ,P1UHS2_1247 ,P1UHS2_1247 -> P1UDT813  ,
P1UDT1099   ,P1UHS2_1247 ,P1UHS2_1247 -> P1UDT813  ,
P1UDT1099LV ,P1UHS2_1247 ,P1UHS2_1247 -> P1UDT813  ,
P1UDT1100   ,P1UHS2_1247 ,P1UHS2_1247 -> P1UDT813  ,
P1UDT1100LV ,P1UHS2_1247 ,P1UHS2_1247 -> P1UDT813  ,
P1UDT1101   ,P1UHS2_1247 ,P1UHS2_1247 -> P1UDT813  ,
P1UDT1101LV ,P1UHS2_1247 ,P1UHS2_1247 -> P1UDT813  ,
P1UDT1102   ,P1UHS2_1247 ,P1UHS2_1247 -> P1UDT813  ,
P1UDT1102LV ,P1UHS2_1247 ,P1UHS2_1247 -> P1UDT813  ,
P1UDT1103   ,P1UHS2_1247 ,P1UHS2_1247 -> P1UDT813  ,
P1UDT1103LV ,P1UHS2_1247 ,P1UHS2_1247 -> P1UDT813  ,
P1UDT1104   ,P1UHS2_1247 ,P1UHS2_1247 -> P1UDT813  ,
P1UDT1104LV ,P1UHS2_1247 ,P1UHS2_1247 -> P1UDT813  ,
P1UDT1105   ,P1UHS2_1247 ,P1UHS2_1247 -> P1UDT813  ,
P1UDT1105LV ,P1UHS2_1247 ,P1UHS2_1247 -> P1UDT813  ,
P1UDT1106   ,P1UHS2_1247 ,P1UHS2_1247 -> P1UDT813  ,
P1UDT1106LV ,P1UHS2_1247 ,P1UHS2_1247 -> P1UDT813  ,
P1UDT1107   ,P1UHS2_1247 ,P1UHS2_1247 -> P1UDT813  ,
P1UDT1107LV ,P1UHS2_1247 ,P1UHS2_1247 -> P1UDT813  ,
P1UDT1108   ,P1UHS1_1247 ,P1UHS1_1247 -> P1UDT716  ,
P1UDT1108LV ,P1UHS1_1247 ,P1UHS1_1247 -> P1UDT716  ,
P1UDT1109   ,P1UHS1_1247 ,P1UHS1_1247 -> P1UDT1324 ,
P1UDT1109LV ,P1UHS1_1247 ,P1UHS1_1247 -> P1UDT1324 ,
P1UDT1110   ,P1UHS1_1247 ,P1UHS1_1247 -> P1UDT1324 ,
P1UDT1110LV ,P1UHS1_1247 ,P1UHS1_1247 -> P1UDT1324 ,
P1UDT1111   ,P1UHS1_1247 ,P1UHS1_1247 -> P1UDT1324 ,
P1UDT1111LV ,P1UHS1_1247 ,P1UHS1_1247 -> P1UDT1324 ,
P1UDT1112   ,P1UHS1_1247 ,P1UHS1_1247 -> P1UDT1324 ,
P1UDT1112LV ,P1UHS1_1247 ,P1UHS1_1247 -> P1UDT1324 ,
P1UDT1113   ,P1UHS1_1247 ,P1UHS1_1247 -> P1UDT1324 ,
P1UDT1113LV ,P1UHS1_1247 ,P1UHS1_1247 -> P1UDT1324 ,
P1UDT1114   ,P1UHS1_1247 ,P1UHS1_1247 -> P1UDT1324 ,
P1UDT1114LV ,P1UHS1_1247 ,P1UHS1_1247 -> P1UDT1324 ,
P1UDT1115   ,P1UHS1_1247 ,P1UHS1_1247 -> P1UDT1324 ,
P1UDT1115LV ,P1UHS1_1247 ,P1UHS1_1247 -> P1UDT1324 ,
P1UDT1116   ,P1UHS1_1247 ,P1UHS1_1247 -> P1UDT1324 ,
P1UDT1116LV ,P1UHS1_1247 ,P1UHS1_1247 -> P1UDT1324 ,
P1UDT1117   ,P1UHS1_1247 ,P1UHS1_1247 -> P1UDT1324 ,
P1UDT1117LV ,P1UHS1_1247 ,P1UHS1_1247 -> P1UDT1324 ,
P1UDT1118   ,P1UHS1_1247 ,P1UHS1_1247 -> P1UDT1324 ,
P1UDT1118LV ,P1UHS1_1247 ,P1UHS1_1247 -> P1UDT1324 ,
P1UDT1119   ,P1UHS1_1247 ,P1UHS1_1247 -> P1UDT1324 ,
P1UDT1119LV ,P1UHS1_1247 ,P1UHS1_1247 -> P1UDT1324 ,
P1UDT1120   ,P1UHS1_1247 ,P1UHS1_1247 -> P1UDT1324 ,
P1UDT1120LV ,P1UHS1_1247 ,P1UHS1_1247 -> P1UDT1324 ,
P1UDT1121   ,P1UHS1_1247 ,P1UHS1_1247 -> P1UDT1324 ,
P1UDT1121LV ,P1UHS1_1247 ,P1UHS1_1247 -> P1UDT1324 ,
P1UDT1122   ,P1UHS2_1247 ,P1UHS2_1247 -> P1UDT813  ,
P1UDT1122LV ,P1UHS2_1247 ,P1UHS2_1247 -> P1UDT813  ,
P1UDT1123   ,P1UHS2_1247 ,P1UHS2_1247 -> P1UDT813  ,
P1UDT1123LV ,P1UHS2_1247 ,P1UHS2_1247 -> P1UDT813  ,
P1UDT1124   ,P1UHS2_1247 ,P1UHS2_1247 -> P1UDT813  ,
P1UDT1124LV ,P1UHS2_1247 ,P1UHS2_1247 -> P1UDT813  ,
P1UDT1125   ,P1UHS2_1247 ,P1UHS2_1247 -> P1UDT813  ,
P1UDT1125LV ,P1UHS2_1247 ,P1UHS2_1247 -> P1UDT813  ,
P1UDT1126   ,P1UHS2_1247 ,P1UHS2_1247 -> P1UDT813  ,
P1UDT1126LV ,P1UHS2_1247 ,P1UHS2_1247 -> P1UDT813  ,
P1UDT1127   ,P1UHS2_1247 ,P1UHS2_1247 -> P1UDT813  ,
P1UDT1127LV ,P1UHS2_1247 ,P1UHS2_1247 -> P1UDT813  ,
P1UDT1128   ,P1UHS2_1247 ,P1UHS2_1247 -> P1UDT813  ,
P1UDT1128LV ,P1UHS2_1247 ,P1UHS2_1247 -> P1UDT813  ,
P1UDT1129   ,P1UHS2_1247 ,P1UHS2_1247 -> P1UDT813  ,
P1UDT1129LV ,P1UHS2_1247 ,P1UHS2_1247 -> P1UDT813  ,
P1UDT1130   ,P1UHS2_1247 ,P1UHS2_1247 -> P1UDT813  ,
P1UDT1130LV ,P1UHS2_1247 ,P1UHS2_1247 -> P1UDT813  ,
P1UDT1131   ,P1UHS2_1247 ,P1UHS2_1247 -> P1UDT813  ,
P1UDT1131LV ,P1UHS2_1247 ,P1UHS2_1247 -> P1UDT813  ,
P1UDT1132   ,P1UHS2_1247 ,P1UHS2_1247 -> P1UDT813  ,
P1UDT1132LV ,P1UHS2_1247 ,P1UHS2_1247 -> P1UDT813  ,
P1UDT1133   ,P1UHS2_1247 ,P1UHS2_1247 -> P1UDT813  ,
P1UDT1133LV ,P1UHS2_1247 ,P1UHS2_1247 -> P1UDT813  ,
P1UDT1134   ,P1UHS2_1247 ,P1UHS2_1247 -> P1UDT813  ,
P1UDT1134LV ,P1UHS2_1247 ,P1UHS2_1247 -> P1UDT813  ,
P1UDT1135   ,P1UHS1_1247 ,P1UHS1_1247 -> P1UDT1324 ,
P1UDT1135LV ,P1UHS1_1247 ,P1UHS1_1247 -> P1UDT1324 ,
P1UDT1136   ,P1UHS1_1247 ,P1UHS1_1247 -> P1UDT1324 ,
P1UDT1136LV ,P1UHS1_1247 ,P1UHS1_1247 -> P1UDT1324 ,
P1UDT1137   ,P1UHS1_1247 ,P1UHS1_1247 -> P1UDT1324 ,
P1UDT1137LV ,P1UHS1_1247 ,P1UHS1_1247 -> P1UDT1324 ,
P1UDT1138   ,P1UHS1_1247 ,P1UHS1_1247 -> P1UDT1324 ,
P1UDT1138LV ,P1UHS1_1247 ,P1UHS1_1247 -> P1UDT1324 ,
P1UDT1139   ,P1UHS1_1247 ,P1UHS1_1247 -> P1UDT1324 ,
P1UDT1139LV ,P1UHS1_1247 ,P1UHS1_1247 -> P1UDT1324 ,
P1UDT1140   ,P1UHS1_1247 ,P1UHS1_1247 -> P1UDT1324 ,
P1UDT1140LV ,P1UHS1_1247 ,P1UHS1_1247 -> P1UDT1324 ,
P1UDT1141   ,P1UHS1_1247 ,P1UHS1_1247 -> P1UDT1324 ,
P1UDT1141LV ,P1UHS1_1247 ,P1UHS1_1247 -> P1UDT1324 ,
P1UDT1142   ,P1UHS1_1247 ,P1UHS1_1247 -> P1UDT1324 ,
P1UDT1142LV ,P1UHS1_1247 ,P1UHS1_1247 -> P1UDT1324 ,
P1UDT1143   ,P1UHS1_1247 ,P1UHS1_1247 -> P1UDT1324 ,
P1UDT1143LV ,P1UHS1_1247 ,P1UHS1_1247 -> P1UDT1324 ,
P1UDT1144   ,P1UHS1_1247 ,P1UHS1_1247 -> P1UDT1324 ,
P1UDT1144LV ,P1UHS1_1247 ,P1UHS1_1247 -> P1UDT1324 ,
P1UDT1145   ,P1UHS2_1247 ,P1UHS2_1247 -> P1UDT813  ,
P1UDT1145LV ,P1UHS2_1247 ,P1UHS2_1247 -> P1UDT813  ,
P1UDT1146   ,P1UHS2_1247 ,P1UHS2_1247 -> P1UDT813  ,
P1UDT1146LV ,P1UHS2_1247 ,P1UHS2_1247 -> P1UDT813  ,
P1UDT1147   ,P1UHS2_1247 ,P1UHS2_1247 -> P1UDT813  ,
P1UDT1147LV ,P1UHS2_1247 ,P1UHS2_1247 -> P1UDT813  ,
P1UDT1148   ,P1UHS1_1247 ,P1UHS1_1247 -> P1UDT1324 ,
P1UDT1148LV ,P1UHS1_1247 ,P1UHS1_1247 -> P1UDT1324 ,
P1UDT1149   ,P1UHS1_1247 ,P1UHS1_1247 -> P1UDT1324 ,
P1UDT1149LV ,P1UHS1_1247 ,P1UHS1_1247 -> P1UDT1324 ,
P1UDT1150   ,P1UHS1_1247 ,P1UHS1_1247 -> P1UDT1324 ,
P1UDT1150LV ,P1UHS1_1247 ,P1UHS1_1247 -> P1UDT1324 ,
P1UDT1151   ,P1UHS1_1247 ,P1UHS1_1247 -> P1UDT1324 ,
P1UDT1151LV ,P1UHS1_1247 ,P1UHS1_1247 -> P1UDT1324 ,
P1UDT1152   ,P1UHS1_1247 ,P1UHS1_1247 -> P1UDT1324 ,
P1UDT1152LV ,P1UHS1_1247 ,P1UHS1_1247 -> P1UDT1324 ,
P1UDT1153   ,P1UHS1_1247 ,P1UHS1_1247 -> P1UDT1324 ,
P1UDT1153LV ,P1UHS1_1247 ,P1UHS1_1247 -> P1UDT1324 ,
P1UDT1154   ,P1UHS1_1247 ,P1UHS1_1247 -> P1UDT1324 ,
P1UDT1154LV ,P1UHS1_1247 ,P1UHS1_1247 -> P1UDT1324 ,
P1UDT1155   ,P1UHS1_1247 ,P1UHS1_1247 -> P1UDT1324 ,
P1UDT1155LV ,P1UHS1_1247 ,P1UHS1_1247 -> P1UDT1324 ,
P1UDT1156   ,P1UHS1_1247 ,P1UHS1_1247 -> P1UDT1324 ,
P1UDT1156LV ,P1UHS1_1247 ,P1UHS1_1247 -> P1UDT1324 ,
P1UDT1157   ,P1UHS0_1247 ,P1UHS0_1247 -> P1UDT1472 ,
P1UDT1157LV ,P1UHS0_1247 ,P1UHS0_1247 -> P1UDT1472 ,
P1UDT1158   ,P1UHS0_1247 ,P1UHS0_1247 -> P1UDT1472 ,
P1UDT1158LV ,P1UHS0_1247 ,P1UHS0_1247 -> P1UDT1472 ,
P1UDT1159   ,P1UHS0_1247 ,P1UHS0_1247 -> P1UDT1472 ,
P1UDT1159LV ,P1UHS0_1247 ,P1UHS0_1247 -> P1UDT1472 ,
P1UDT1160   ,P1UHS0_1247 ,P1UHS0_1247 -> P1UDT1472 ,
P1UDT1160LV ,P1UHS0_1247 ,P1UHS0_1247 -> P1UDT1472 ,
P1UDT1161   ,P1UHS0_1247 ,P1UHS0_1247 -> P1UDT1472 ,
P1UDT1161LV ,P1UHS0_1247 ,P1UHS0_1247 -> P1UDT1472 ,
P1UDT1162   ,P1UHS0_1247 ,P1UHS0_1247 -> P1UDT1472 ,
P1UDT1162LV ,P1UHS0_1247 ,P1UHS0_1247 -> P1UDT1472 ,
P1UDT1163   ,P1UHS0_1247 ,P1UHS0_1247 -> P1UDT1472 ,
P1UDT1163LV ,P1UHS0_1247 ,P1UHS0_1247 -> P1UDT1472 ,
P1UDT1164   ,P1UHS0_1247 ,P1UHS0_1247 -> P1UDT1472 ,
P1UDT1164LV ,P1UHS0_1247 ,P1UHS0_1247 -> P1UDT1472 ,
P1UDT1165   ,P1UHS2_1247 ,P1UHS2_1247 -> P1UDT813  ,
P1UDT1165LV ,P1UHS2_1247 ,P1UHS2_1247 -> P1UDT813  ,
P1UDT1166   ,P1UHS2_1247 ,P1UHS2_1247 -> P1UDT813  ,
P1UDT1166LV ,P1UHS2_1247 ,P1UHS2_1247 -> P1UDT813  ,
P1UDT1167   ,P1UHS2_1247 ,P1UHS2_1247 -> P1UDT813  ,
P1UDT1167LV ,P1UHS2_1247 ,P1UHS2_1247 -> P1UDT813  ,
P1UDT1168   ,P1UHS2_1247 ,P1UHS2_1247 -> P1UDT813  ,
P1UDT1168LV ,P1UHS2_1247 ,P1UHS2_1247 -> P1UDT813  ,
P1UDT1169   ,P1UHS2_1247 ,P1UHS2_1247 -> P1UDT813  ,
P1UDT1169LV ,P1UHS2_1247 ,P1UHS2_1247 -> P1UDT813  ,
P1UDT1170   ,P1UHS2_1247 ,P1UHS2_1247 -> P1UDT813  ,
P1UDT1170LV ,P1UHS2_1247 ,P1UHS2_1247 -> P1UDT813  ,
P1UDT1171   ,P1UHS2_1247 ,P1UHS2_1247 -> P1UDT813  ,
P1UDT1171LV ,P1UHS2_1247 ,P1UHS2_1247 -> P1UDT813  ,
P1UDT1172   ,P1UHS2_1247 ,P1UHS2_1247 -> P1UDT813  ,
P1UDT1172LV ,P1UHS2_1247 ,P1UHS2_1247 -> P1UDT813  ,
P1UDT1173   ,P1UHS2_1247 ,P1UHS2_1247 -> P1UDT813  ,
P1UDT1173LV ,P1UHS2_1247 ,P1UHS2_1247 -> P1UDT813  ,
P1UDT1174   ,P1UHS2_1247 ,P1UHS2_1247 -> P1UDT813  ,
P1UDT1174LV ,P1UHS2_1247 ,P1UHS2_1247 -> P1UDT813  ,
P1UDT1175   ,P1UHS2_1247 ,P1UHS2_1247 -> P1UDT813  ,
P1UDT1175LV ,P1UHS2_1247 ,P1UHS2_1247 -> P1UDT813  ,
P1UDT1176   ,P1UHS2_1247 ,P1UHS2_1247 -> P1UDT813  ,
P1UDT1176LV ,P1UHS2_1247 ,P1UHS2_1247 -> P1UDT813  ,
P1UDT1177   ,P1UHS2_1247 ,P1UHS2_1247 -> P1UDT813  ,
P1UDT1177LV ,P1UHS2_1247 ,P1UHS2_1247 -> P1UDT813  ,
P1UDT1178   ,P1UHS2_1247 ,P1UHS2_1247 -> P1UDT813  ,
P1UDT1178LV ,P1UHS2_1247 ,P1UHS2_1247 -> P1UDT813  ,
P1UDT1179   ,P1UHS2_1247 ,P1UHS2_1247 -> P1UDT813  ,
P1UDT1179LV ,P1UHS2_1247 ,P1UHS2_1247 -> P1UDT813  ,
P1UDT1180   ,P1UHS2_1247 ,P1UHS2_1247 -> P1UDT813  ,
P1UDT1180LV ,P1UHS2_1247 ,P1UHS2_1247 -> P1UDT813  ,
P1UDT1181   ,P1UHS2_1247 ,P1UHS2_1247 -> P1UDT813  ,
P1UDT1181LV ,P1UHS2_1247 ,P1UHS2_1247 -> P1UDT813  ,
P1UDT1182   ,P1UHS2_1247 ,P1UHS2_1247 -> P1UDT813  ,
P1UDT1182LV ,P1UHS2_1247 ,P1UHS2_1247 -> P1UDT813  ,
P1UDT1183   ,P1UHS2_1247 ,P1UHS2_1247 -> P1UDT813  ,
P1UDT1183LV ,P1UHS2_1247 ,P1UHS2_1247 -> P1UDT813  ,
P1UDT1184   ,P1UHS1_1247 ,P1UHS1_1247 -> P1UDT1324 ,
P1UDT1184LV ,P1UHS1_1247 ,P1UHS1_1247 -> P1UDT1324 ,
P1UDT1185   ,P1UHS1_1247 ,P1UHS1_1247 -> P1UDT1324 ,
P1UDT1185LV ,P1UHS1_1247 ,P1UHS1_1247 -> P1UDT1324 ,
P1UDT1186   ,P1UHS1_1247 ,P1UHS1_1247 -> P1UDT1324 ,
P1UDT1186LV ,P1UHS1_1247 ,P1UHS1_1247 -> P1UDT1324 ,
P1UDT1187   ,P1UHS1_1247 ,P1UHS1_1247 -> P1UDT1324 ,
P1UDT1187LV ,P1UHS1_1247 ,P1UHS1_1247 -> P1UDT1324 ,
P1UDT1188   ,P1UHS2_1247 ,P1UHS2_1247 -> P1UDT813  ,
P1UDT1188LV ,P1UHS2_1247 ,P1UHS2_1247 -> P1UDT813  ,
P1UDT1189   ,P1UHS1_1247 ,P1UHS1_1247 -> P1UDT1324 ,
P1UDT1189LV ,P1UHS1_1247 ,P1UHS1_1247 -> P1UDT1324 ,
P1UDT1190   ,P1UHS1_1247 ,P1UHS1_1247 -> P1UDT1324 ,
P1UDT1190LV ,P1UHS1_1247 ,P1UHS1_1247 -> P1UDT1324 ,
P1UDT1191   ,P1UHS1_1247 ,P1UHS1_1247 -> P1UDT1324 ,
P1UDT1191LV ,P1UHS1_1247 ,P1UHS1_1247 -> P1UDT1324 ,
P1UDT1192   ,P1UHS1_1247 ,P1UHS1_1247 -> P1UDT1324 ,
P1UDT1192LV ,P1UHS1_1247 ,P1UHS1_1247 -> P1UDT1324 ,
P1UDT1193   ,P1UHS1_1247 ,P1UHS1_1247 -> P1UDT1324 ,
P1UDT1193LV ,P1UHS1_1247 ,P1UHS1_1247 -> P1UDT1324 ,
P1UDT1194   ,P1UHS1_1247 ,P1UHS1_1247 -> P1UDT1324 ,
P1UDT1194LV ,P1UHS1_1247 ,P1UHS1_1247 -> P1UDT1324 ,
P1UDT1195   ,P1UHS1_1247 ,P1UHS1_1247 -> P1UDT1324 ,
P1UDT1195LV ,P1UHS1_1247 ,P1UHS1_1247 -> P1UDT1324 ,
P1UDT1196   ,P1UHS1_1247 ,P1UHS1_1247 -> P1UDT1324 ,
P1UDT1196LV ,P1UHS1_1247 ,P1UHS1_1247 -> P1UDT1324 ,
P1UDT1197   ,P1UHS1_1247 ,P1UHS1_1247 -> P1UDT1324 ,
P1UDT1197LV ,P1UHS1_1247 ,P1UHS1_1247 -> P1UDT1324 ,
P1UDT1198   ,P1UHS1_1247 ,P1UHS1_1247 -> P1UDT1324 ,
P1UDT1198LV ,P1UHS1_1247 ,P1UHS1_1247 -> P1UDT1324 ,
P1UDT1199   ,P1UHS1_1247 ,P1UHS1_1247 -> P1UDT1324 ,
P1UDT1199LV ,P1UHS1_1247 ,P1UHS1_1247 -> P1UDT1324 ,
P1UDT1200   ,P1UHS1_1247 ,P1UHS1_1247 -> P1UDT1324 ,
P1UDT1200LV ,P1UHS1_1247 ,P1UHS1_1247 -> P1UDT1324 ,
P1UDT1201   ,P1UHS2_1247 ,P1UHS2_1247 -> P1UDT813  ,
P1UDT1201LV ,P1UHS2_1247 ,P1UHS2_1247 -> P1UDT813  ,
P1UDT1202   ,P1UHS2_1247 ,P1UHS2_1247 -> P1UDT813  ,
P1UDT1202LV ,P1UHS2_1247 ,P1UHS2_1247 -> P1UDT813  ,
P1UDT1203   ,P1UHS2_1247 ,P1UHS2_1247 -> P1UDT813  ,
P1UDT1203LV ,P1UHS2_1247 ,P1UHS2_1247 -> P1UDT813  ,
P1UDT1204   ,P1UHS2_1247 ,P1UHS2_1247 -> P1UDT813  ,
P1UDT1204LV ,P1UHS2_1247 ,P1UHS2_1247 -> P1UDT813  ,
P1UDT1205   ,P1UHS2_1247 ,P1UHS2_1247 -> P1UDT813  ,
P1UDT1205LV ,P1UHS2_1247 ,P1UHS2_1247 -> P1UDT813  ,
P1UDT1206   ,P1UHS2_1247 ,P1UHS2_1247 -> P1UDT813  ,
P1UDT1206LV ,P1UHS2_1247 ,P1UHS2_1247 -> P1UDT813  ,
P1UDT1207   ,P1UHS2_1247 ,P1UHS2_1247 -> P1UDT813  ,
P1UDT1207LV ,P1UHS2_1247 ,P1UHS2_1247 -> P1UDT813  ,
P1UDT1208   ,P1UHS2_1247 ,P1UHS2_1247 -> P1UDT813  ,
P1UDT1208LV ,P1UHS2_1247 ,P1UHS2_1247 -> P1UDT813  ,
P1UDT1209   ,P1UHS1_1247 ,P1UHS1_1247 -> P1UDT1324 ,
P1UDT1209LV ,P1UHS1_1247 ,P1UHS1_1247 -> P1UDT1324 ,
P1UDT1210   ,P1UHS1_1247 ,P1UHS1_1247 -> P1UDT1324 ,
P1UDT1210LV ,P1UHS1_1247 ,P1UHS1_1247 -> P1UDT1324 ,
P1UDT1211   ,P1UHS1_1247 ,P1UHS1_1247 -> P1UDT1324 ,
P1UDT1211LV ,P1UHS1_1247 ,P1UHS1_1247 -> P1UDT1324 ,
P1UDT1212   ,P1UHS1_1247 ,P1UHS1_1247 -> P1UDT1324 ,
P1UDT1212LV ,P1UHS1_1247 ,P1UHS1_1247 -> P1UDT1324 ,
P1UDT1213   ,P1UHS1_1247 ,P1UHS1_1247 -> P1UDT1324 ,
P1UDT1213LV ,P1UHS1_1247 ,P1UHS1_1247 -> P1UDT1324 ,
P1UDT1214   ,P1UHS1_1247 ,P1UHS1_1247 -> P1UDT1324 ,
P1UDT1214LV ,P1UHS1_1247 ,P1UHS1_1247 -> P1UDT1324 ,
P1UDT1215   ,P1UHS1_1247 ,P1UHS1_1247 -> P1UDT716  ,
P1UDT1215LV ,P1UHS1_1247 ,P1UHS1_1247 -> P1UDT716  ,
P1UDT1216   ,P1UHS1_1247 ,P1UHS1_1247 -> P1UDT716  ,
P1UDT1216LV ,P1UHS1_1247 ,P1UHS1_1247 -> P1UDT716  ,
P1UDT1217   ,P1UHS1_1247 ,P1UHS1_1247 -> P1UDT1324 ,
P1UDT1217LV ,P1UHS1_1247 ,P1UHS1_1247 -> P1UDT1324 ,
P1UDT1218   ,P1UHS1_1247 ,P1UHS1_1247 -> P1UDT1324 ,
P1UDT1218LV ,P1UHS1_1247 ,P1UHS1_1247 -> P1UDT1324 ,
P1UDT1219   ,P1UHS1_1247 ,P1UHS1_1247 -> P1UDT1324 ,
P1UDT1219LV ,P1UHS1_1247 ,P1UHS1_1247 -> P1UDT1324 ,
P1UDT1220   ,P1UHS1_1247 ,P1UHS1_1247 -> P1UDT1324 ,
P1UDT1220LV ,P1UHS1_1247 ,P1UHS1_1247 -> P1UDT1324 ,
P1UDT1221   ,P1UHS1_1247 ,P1UHS1_1247 -> P1UDT1324 ,
P1UDT1221LV ,P1UHS1_1247 ,P1UHS1_1247 -> P1UDT1324 ,
P1UDT1222   ,P1UHS1_1247 ,P1UHS1_1247 -> P1UDT1324 ,
P1UDT1222LV ,P1UHS1_1247 ,P1UHS1_1247 -> P1UDT1324 ,
P1UDT1223   ,P1UHS1_1247 ,P1UHS1_1247 -> P1UDT1324 ,
P1UDT1223LV ,P1UHS1_1247 ,P1UHS1_1247 -> P1UDT1324 ,
P1UDT1224   ,P1UHS1_1247 ,P1UHS1_1247 -> P1UDT1324 ,
P1UDT1224LV ,P1UHS1_1247 ,P1UHS1_1247 -> P1UDT1324 ,
P1UDT1225   ,P1UHS1_1247 ,P1UHS1_1247 -> P1UDT1324 ,
P1UDT1225LV ,P1UHS1_1247 ,P1UHS1_1247 -> P1UDT1324 ,
P1UDT1226   ,P1UHS1_1247 ,P1UHS1_1247 -> P1UDT1324 ,
P1UDT1226LV ,P1UHS1_1247 ,P1UHS1_1247 -> P1UDT1324 ,
P1UDT1227   ,P1UHS1_1247 ,P1UHS1_1247 -> P1UDT1324 ,
P1UDT1227LV ,P1UHS1_1247 ,P1UHS1_1247 -> P1UDT1324 ,
P1UDT1228   ,P1UHS1_1247 ,P1UHS1_1247 -> P1UDT1324 ,
P1UDT1228LV ,P1UHS1_1247 ,P1UHS1_1247 -> P1UDT1324 ,
P1UDT1229   ,P1UHS2_1247 ,P1UHS2_1247 -> P1UDT813  ,
P1UDT1229LV ,P1UHS2_1247 ,P1UHS2_1247 -> P1UDT813  ,
P1UDT1230   ,P1UHS2_1247 ,P1UHS2_1247 -> P1UDT813  ,
P1UDT1230LV ,P1UHS2_1247 ,P1UHS2_1247 -> P1UDT813  ,
P1UDT1231   ,P1UHS1_1247 ,P1UHS1_1247 -> P1UDT716  ,
P1UDT1231LV ,P1UHS1_1247 ,P1UHS1_1247 -> P1UDT716  ,
P1UDT1232   ,P1UHS1_1247 ,P1UHS1_1247 -> P1UDT716  ,
P1UDT1232LV ,P1UHS1_1247 ,P1UHS1_1247 -> P1UDT716  ,
P1UDT1233   ,P1UHS1_1247 ,P1UHS1_1247 -> P1UDT716  ,
P1UDT1233LV ,P1UHS1_1247 ,P1UHS1_1247 -> P1UDT716  ,
P1UDT1234   ,P1UHS1_1247 ,P1UHS1_1247 -> P1UDT716  ,
P1UDT1234LV ,P1UHS1_1247 ,P1UHS1_1247 -> P1UDT716  ,
P1UDT1235   ,P1UHS1_1247 ,P1UHS1_1247 -> P1UDT716  ,
P1UDT1235LV ,P1UHS1_1247 ,P1UHS1_1247 -> P1UDT716  ,
P1UDT1236   ,P1UHS1_1247 ,P1UHS1_1247 -> P1UDT716  ,
P1UDT1236LV ,P1UHS1_1247 ,P1UHS1_1247 -> P1UDT716  ,
P1UDT1237   ,P1UHS1_1247 ,P1UHS1_1247 -> P1UDT716  ,
P1UDT1237LV ,P1UHS1_1247 ,P1UHS1_1247 -> P1UDT716  ,
P1UDT1238   ,P1UHS1_1247 ,P1UHS1_1247 -> P1UDT716  ,
P1UDT1238LV ,P1UHS1_1247 ,P1UHS1_1247 -> P1UDT716  ,
P1UDT1239   ,P1UHS1_1247 ,P1UHS1_1247 -> P1UDT1324 ,
P1UDT1239LV ,P1UHS1_1247 ,P1UHS1_1247 -> P1UDT1324 ,
P1UDT1240   ,P1UHS1_1247 ,P1UHS1_1247 -> P1UDT1324 ,
P1UDT1240LV ,P1UHS1_1247 ,P1UHS1_1247 -> P1UDT1324 ,
P1UDT1241   ,P1UHS1_1247 ,P1UHS1_1247 -> P1UDT1324 ,
P1UDT1241LV ,P1UHS1_1247 ,P1UHS1_1247 -> P1UDT1324 ,
P1UDT1242   ,P1UHS1_1247 ,P1UHS1_1247 -> P1UDT1324 ,
P1UDT1242LV ,P1UHS1_1247 ,P1UHS1_1247 -> P1UDT1324 ,
P1UDT1243   ,P1UHS1_1247 ,P1UHS1_1247 -> P1UDT1324 ,
P1UDT1243LV ,P1UHS1_1247 ,P1UHS1_1247 -> P1UDT1324 ,
P1UDT1244   ,P1UHS1_1247 ,P1UHS1_1247 -> P1UDT1324 ,
P1UDT1244LV ,P1UHS1_1247 ,P1UHS1_1247 -> P1UDT1324 ,
P1UDT1245   ,P1UHS1_1247 ,P1UHS1_1247 -> P1UDT1324 ,
P1UDT1245LV ,P1UHS1_1247 ,P1UHS1_1247 -> P1UDT1324 ,
P1UDT1246   ,P1UHS1_1247 ,P1UHS1_1247 -> P1UDT1324 ,
P1UDT1246LV ,P1UHS1_1247 ,P1UHS1_1247 -> P1UDT1324 ,
P1UDT1247   ,P1UHS1_1247 ,P1UHS1_1247 -> P1UDT1324 ,
P1UDT1247LV ,P1UHS1_1247 ,P1UHS1_1247 -> P1UDT1324 ,
P1UDT1248   ,P1UHS1_1247 ,P1UHS1_1247 -> P1UDT1324 ,
P1UDT1248LV ,P1UHS1_1247 ,P1UHS1_1247 -> P1UDT1324 ,
P1UDT1249   ,P1UHS1_1247 ,P1UHS1_1247 -> P1UDT1324 ,
P1UDT1249LV ,P1UHS1_1247 ,P1UHS1_1247 -> P1UDT1324 ,
P1UDT1250   ,P1UHS1_1247 ,P1UHS1_1247 -> P1UDT1324 ,
P1UDT1250LV ,P1UHS1_1247 ,P1UHS1_1247 -> P1UDT1324 ,
P1UDT1251   ,P1UHS1_1247 ,P1UHS1_1247 -> P1UDT1324 ,
P1UDT1251LV ,P1UHS1_1247 ,P1UHS1_1247 -> P1UDT1324 ,
P1UDT1252   ,P1UHS1_1247 ,P1UHS1_1247 -> P1UDT1324 ,
P1UDT1252LV ,P1UHS1_1247 ,P1UHS1_1247 -> P1UDT1324 ,
P1UDT1253   ,P1UHS1_1247 ,P1UHS1_1247 -> P1UDT1324 ,
P1UDT1253LV ,P1UHS1_1247 ,P1UHS1_1247 -> P1UDT1324 ,
P1UDT1254   ,P1UHS1_1247 ,P1UHS1_1247 -> P1UDT1324 ,
P1UDT1254LV ,P1UHS1_1247 ,P1UHS1_1247 -> P1UDT1324 ,
P1UDT1255   ,P1UHS1_1247 ,P1UHS1_1247 -> P1UDT1324 ,
P1UDT1255LV ,P1UHS1_1247 ,P1UHS1_1247 -> P1UDT1324 ,
P1UDT1256   ,P1UHS1_1247 ,P1UHS1_1247 -> P1UDT1324 ,
P1UDT1256LV ,P1UHS1_1247 ,P1UHS1_1247 -> P1UDT1324 ,
P1UDT1257   ,P1UHS1_1247 ,P1UHS1_1247 -> P1UDT1324 ,
P1UDT1257LV ,P1UHS1_1247 ,P1UHS1_1247 -> P1UDT1324 ,
P1UDT1258   ,P1UHS1_1247 ,P1UHS1_1247 -> P1UDT1324 ,
P1UDT1258LV ,P1UHS1_1247 ,P1UHS1_1247 -> P1UDT1324 ,
P1UDT1259   ,P1UHS1_1247 ,P1UHS1_1247 -> P1UDT1324 ,
P1UDT1259LV ,P1UHS1_1247 ,P1UHS1_1247 -> P1UDT1324 ,
P1UDT1260   ,P1UHS1_1247 ,P1UHS1_1247 -> P1UDT1324 ,
P1UDT1260LV ,P1UHS1_1247 ,P1UHS1_1247 -> P1UDT1324 ,
P1UDT1261   ,P1UHS1_1247 ,P1UHS1_1247 -> P1UDT1324 ,
P1UDT1261LV ,P1UHS1_1247 ,P1UHS1_1247 -> P1UDT1324 ,
P1UDT1262   ,P1UHS1_1247 ,P1UHS1_1247 -> P1UDT1324 ,
P1UDT1262LV ,P1UHS1_1247 ,P1UHS1_1247 -> P1UDT1324 ,
P1UDT1263   ,P1UHS1_1247 ,P1UHS1_1247 -> P1UDT1324 ,
P1UDT1263LV ,P1UHS1_1247 ,P1UHS1_1247 -> P1UDT1324 ,
P1UDT1264   ,P1UHS1_1247 ,P1UHS1_1247 -> P1UDT1324 ,
P1UDT1264LV ,P1UHS1_1247 ,P1UHS1_1247 -> P1UDT1324 ,
P1UDT1265   ,P1UHS1_1247 ,P1UHS1_1247 -> P1UDT1324 ,
P1UDT1265LV ,P1UHS1_1247 ,P1UHS1_1247 -> P1UDT1324 ,
P1UDT1266   ,P1UHS3_1247 ,P1UHS3_1247 -> P1UDT1696 ,
P1UDT1266LV ,P1UHS3_1247 ,P1UHS3_1247 -> P1UDT1696 ,
P1UDT1267   ,P1UHS3_1247 ,P1UHS3_1247 -> P1UDT1824 ,
P1UDT1267LV ,P1UHS3_1247 ,P1UHS3_1247 -> P1UDT1824 ,
P1UDT1268   ,P1UHS3_1247 ,P1UHS3_1247 -> P1UDT1824 ,
P1UDT1268LV ,P1UHS3_1247 ,P1UHS3_1247 -> P1UDT1824 ,
P1UDT1269   ,P1UHS3_1247 ,P1UHS3_1247 -> P1UDT1824 ,
P1UDT1269LV ,P1UHS3_1247 ,P1UHS3_1247 -> P1UDT1824 ,
P1UDT1270   ,P1UHS3_1247 ,P1UHS3_1247 -> P1UDT1696 ,
P1UDT1270LV ,P1UHS3_1247 ,P1UHS3_1247 -> P1UDT1696 ,
P1UDT1271   ,P1UHS3_1247 ,P1UHS3_1247 -> P1UDT1696 ,
P1UDT1271LV ,P1UHS3_1247 ,P1UHS3_1247 -> P1UDT1696 ,
P1UDT1272   ,P1UHS3_1247 ,P1UHS3_1247 -> P1UDT1696 ,
P1UDT1272LV ,P1UHS3_1247 ,P1UHS3_1247 -> P1UDT1696 ,
P1UDT1273   ,P1UHS3_1247 ,P1UHS3_1247 -> P1UDT1696 ,
P1UDT1273LV ,P1UHS3_1247 ,P1UHS3_1247 -> P1UDT1696 ,
P1UDT1274   ,P1UHS1_1247 ,P1UHS1_1247 -> P1UDT1324 ,
P1UDT1274LV ,P1UHS1_1247 ,P1UHS1_1247 -> P1UDT1324 ,
P1UDT1275   ,P1UHS1_1247 ,P1UHS1_1247 -> P1UDT1324 ,
P1UDT1275LV ,P1UHS1_1247 ,P1UHS1_1247 -> P1UDT1324 ,
P1UDT1276   ,P1UHS1_1247 ,P1UHS1_1247 -> P1UDT1324 ,
P1UDT1276LV ,P1UHS1_1247 ,P1UHS1_1247 -> P1UDT1324 ,
P1UDT1277   ,P1UHS1_1247 ,P1UHS1_1247 -> P1UDT1324 ,
P1UDT1277LV ,P1UHS1_1247 ,P1UHS1_1247 -> P1UDT1324 ,
P1UDT1278   ,P1UHS1_1247 ,P1UHS1_1247 -> P1UDT1324 ,
P1UDT1278LV ,P1UHS1_1247 ,P1UHS1_1247 -> P1UDT1324 ,
P1UDT1279   ,P1UHS1_1247 ,P1UHS1_1247 -> P1UDT1324 ,
P1UDT1279LV ,P1UHS1_1247 ,P1UHS1_1247 -> P1UDT1324 ,
P1UDT1280   ,P1UHS1_1247 ,P1UHS1_1247 -> P1UDT1324 ,
P1UDT1280LV ,P1UHS1_1247 ,P1UHS1_1247 -> P1UDT1324 ,
P1UDT1281   ,P1UHS1_1247 ,P1UHS1_1247 -> P1UDT1324 ,
P1UDT1281LV ,P1UHS1_1247 ,P1UHS1_1247 -> P1UDT1324 ,
P1UDT1282   ,P1UHS1_1247 ,P1UHS1_1247 -> P1UDT1324 ,
P1UDT1282LV ,P1UHS1_1247 ,P1UHS1_1247 -> P1UDT1324 ,
P1UDT1283   ,P1UHS1_1247 ,P1UHS1_1247 -> P1UDT1324 ,
P1UDT1283LV ,P1UHS1_1247 ,P1UHS1_1247 -> P1UDT1324 ,
P1UDT1284   ,P1UHS1_1247 ,P1UHS1_1247 -> P1UDT1324 ,
P1UDT1284LV ,P1UHS1_1247 ,P1UHS1_1247 -> P1UDT1324 ,
P1UDT1285   ,P1UHS1_1247 ,P1UHS1_1247 -> P1UDT1324 ,
P1UDT1285LV ,P1UHS1_1247 ,P1UHS1_1247 -> P1UDT1324 ,
P1UDT1286   ,P1UHS1_1247 ,P1UHS1_1247 -> P1UDT1324 ,
P1UDT1286LV ,P1UHS1_1247 ,P1UHS1_1247 -> P1UDT1324 ,
P1UDT1287   ,P1UHS1_1247 ,P1UHS1_1247 -> P1UDT1324 ,
P1UDT1287LV ,P1UHS1_1247 ,P1UHS1_1247 -> P1UDT1324 ,
P1UDT1288   ,P1UHS2_1247 ,P1UHS2_1247 -> P1UDT813  ,
P1UDT1288LV ,P1UHS2_1247 ,P1UHS2_1247 -> P1UDT813  ,
P1UDT1289   ,P1UHS2_1247 ,P1UHS2_1247 -> P1UDT813  ,
P1UDT1289LV ,P1UHS2_1247 ,P1UHS2_1247 -> P1UDT813  ,
P1UDT1290   ,P1UHS2_1247 ,P1UHS2_1247 -> P1UDT813  ,
P1UDT1290LV ,P1UHS2_1247 ,P1UHS2_1247 -> P1UDT813  ,
P1UDT1291   ,P1UHS2_1247 ,P1UHS2_1247 -> P1UDT813  ,
P1UDT1291LV ,P1UHS2_1247 ,P1UHS2_1247 -> P1UDT813  ,
P1UDT1292   ,P1UHS2_1247 ,P1UHS2_1247 -> P1UDT813  ,
P1UDT1292LV ,P1UHS2_1247 ,P1UHS2_1247 -> P1UDT813  ,
P1UDT1293   ,P1UHS2_1247 ,P1UHS2_1247 -> P1UDT813  ,
P1UDT1293LV ,P1UHS2_1247 ,P1UHS2_1247 -> P1UDT813  ,
P1UDT1294   ,P1UHS2_1247 ,P1UHS2_1247 -> P1UDT813  ,
P1UDT1294LV ,P1UHS2_1247 ,P1UHS2_1247 -> P1UDT813  ,
P1UDT1295   ,P1UHS2_1247 ,P1UHS2_1247 -> P1UDT813  ,
P1UDT1295LV ,P1UHS2_1247 ,P1UHS2_1247 -> P1UDT813  ,
P1UDT1296   ,P1UHS2_1247 ,P1UHS2_1247 -> P1UDT813  ,
P1UDT1296LV ,P1UHS2_1247 ,P1UHS2_1247 -> P1UDT813  ,
P1UDT1297   ,P1UHS2_1247 ,P1UHS2_1247 -> P1UDT813  ,
P1UDT1297LV ,P1UHS2_1247 ,P1UHS2_1247 -> P1UDT813  ,
P1UDT1298   ,P1UHS3_1247 ,P1UHS3_1247 -> P1UDT1696 ,
P1UDT1298LV ,P1UHS3_1247 ,P1UHS3_1247 -> P1UDT1696 ,
P1UDT1299   ,P1UHS3_1247 ,P1UHS3_1247 -> P1UDT1696 ,
P1UDT1299LV ,P1UHS3_1247 ,P1UHS3_1247 -> P1UDT1696 ,
P1UDT1300   ,P1UHS3_1247 ,P1UHS3_1247 -> P1UDT1696 ,
P1UDT1300LV ,P1UHS3_1247 ,P1UHS3_1247 -> P1UDT1696 ,
P1UDT1301   ,P1UHS3_1247 ,P1UHS3_1247 -> P1UDT1696 ,
P1UDT1301LV ,P1UHS3_1247 ,P1UHS3_1247 -> P1UDT1696 ,
P1UDT1302   ,P1UHS3_1247 ,P1UHS3_1247 -> P1UDT1696 ,
P1UDT1302LV ,P1UHS3_1247 ,P1UHS3_1247 -> P1UDT1696 ,
P1UDT1303   ,P1UHS3_1247 ,P1UHS3_1247 -> P1UDT1696 ,
P1UDT1303LV ,P1UHS3_1247 ,P1UHS3_1247 -> P1UDT1696 ,
P1UDT1304   ,P1UHS3_1247 ,P1UHS3_1247 -> P1UDT1696 ,
P1UDT1304LV ,P1UHS3_1247 ,P1UHS3_1247 -> P1UDT1696 ,
P1UDT1305   ,P1UHS3_1247 ,P1UHS3_1247 -> P1UDT1696 ,
P1UDT1305LV ,P1UHS3_1247 ,P1UHS3_1247 -> P1UDT1696 ,
P1UDT1306   ,P1UHS3_1247 ,P1UHS3_1247 -> P1UDT1696 ,
P1UDT1306LV ,P1UHS3_1247 ,P1UHS3_1247 -> P1UDT1696 ,
P1UDT1307   ,P1UHS3_1247 ,P1UHS3_1247 -> P1UDT1696 ,
P1UDT1307LV ,P1UHS3_1247 ,P1UHS3_1247 -> P1UDT1696 ,
P1UDT1308   ,P1UHS3_1247 ,P1UHS3_1247 -> P1UDT1696 ,
P1UDT1308LV ,P1UHS3_1247 ,P1UHS3_1247 -> P1UDT1696 ,
P1UDT1309   ,P1UHS3_1247 ,P1UHS3_1247 -> P1UDT1696 ,
P1UDT1309LV ,P1UHS3_1247 ,P1UHS3_1247 -> P1UDT1696 ,
P1UDT1310   ,P1UHS3_1247 ,P1UHS3_1247 -> P1UDT1696 ,
P1UDT1310LV ,P1UHS3_1247 ,P1UHS3_1247 -> P1UDT1696 ,
P1UDT1311   ,P1UHS3_1247 ,P1UHS3_1247 -> P1UDT1696 ,
P1UDT1311LV ,P1UHS3_1247 ,P1UHS3_1247 -> P1UDT1696 ,
P1UDT1312   ,P1UHS3_1247 ,P1UHS3_1247 -> P1UDT1696 ,
P1UDT1312LV ,P1UHS3_1247 ,P1UHS3_1247 -> P1UDT1696 ,
P1UDT1313   ,P1UHS3_1247 ,P1UHS3_1247 -> P1UDT1696 ,
P1UDT1313LV ,P1UHS3_1247 ,P1UHS3_1247 -> P1UDT1696 ,
P1UDT1314   ,P1UHS3_1247 ,P1UHS3_1247 -> P1UDT1696 ,
P1UDT1314LV ,P1UHS3_1247 ,P1UHS3_1247 -> P1UDT1696 ,
P1UDT1315   ,P1UHS3_1247 ,P1UHS3_1247 -> P1UDT1696 ,
P1UDT1315LV ,P1UHS3_1247 ,P1UHS3_1247 -> P1UDT1696 ,
P1UDT1316   ,P1UHS3_1247 ,P1UHS3_1247 -> P1UDT1696 ,
P1UDT1316LV ,P1UHS3_1247 ,P1UHS3_1247 -> P1UDT1696 ,
P1UDT1317   ,P1UHS3_1247 ,P1UHS3_1247 -> P1UDT1696 ,
P1UDT1317LV ,P1UHS3_1247 ,P1UHS3_1247 -> P1UDT1696 ,
P1UDT1318   ,P1UHS2_1247 ,P1UHS2_1247 -> P1UDT813  ,
P1UDT1318LV ,P1UHS2_1247 ,P1UHS2_1247 -> P1UDT813  ,
P1UDT1319   ,P1UHS2_1247 ,P1UHS2_1247 -> P1UDT813  ,
P1UDT1319LV ,P1UHS2_1247 ,P1UHS2_1247 -> P1UDT813  ,
P1UDT1320   ,P1UHS2_1247 ,P1UHS2_1247 -> P1UDT813  ,
P1UDT1320LV ,P1UHS2_1247 ,P1UHS2_1247 -> P1UDT813  ,
P1UDT1321   ,P1UHS3_1247 ,P1UHS3_1247 -> P1UDT1696 ,
P1UDT1321LV ,P1UHS3_1247 ,P1UHS3_1247 -> P1UDT1696 ,
P1UDT1322   ,P1UHS1_1247 ,P1UHS1_1247 -> P1UDT1324 ,
P1UDT1322LV ,P1UHS1_1247 ,P1UHS1_1247 -> P1UDT1324 ,
P1UDT1323   ,P1UHS1_1247 ,P1UHS1_1247 -> P1UDT1324 ,
P1UDT1323LV ,P1UHS1_1247 ,P1UHS1_1247 -> P1UDT1324 ,
P1UDT1324   ,P1UHS1_1247 ,P1UHS1_1247 -> P1UDT1324 ,
P1UDT1324LV ,P1UHS1_1247 ,P1UHS1_1247 -> P1UDT1324 ,
P1UDT1325   ,P1UHS1_1247 ,P1UHS1_1247 -> P1UDT1324 ,
P1UDT1325LV ,P1UHS1_1247 ,P1UHS1_1247 -> P1UDT1324 ,
P1UDT1326   ,P1UHS1_1247 ,P1UHS1_1247 -> P1UDT1324 ,
P1UDT1326LV ,P1UHS1_1247 ,P1UHS1_1247 -> P1UDT1324 ,
P1UDT1327   ,P1UHS1_1247 ,P1UHS1_1247 -> P1UDT1324 ,
P1UDT1327LV ,P1UHS1_1247 ,P1UHS1_1247 -> P1UDT1324 ,
P1UDT1328   ,P1UHS1_1247 ,P1UHS1_1247 -> P1UDT1324 ,
P1UDT1328LV ,P1UHS1_1247 ,P1UHS1_1247 -> P1UDT1324 ,
P1UDT1329   ,P1UHS1_1247 ,P1UHS1_1247 -> P1UDT1324 ,
P1UDT1329LV ,P1UHS1_1247 ,P1UHS1_1247 -> P1UDT1324 ,
P1UDT1330   ,P1UHS1_1247 ,P1UHS1_1247 -> P1UDT1324 ,
P1UDT1330LV ,P1UHS1_1247 ,P1UHS1_1247 -> P1UDT1324 ,
P1UDT1331   ,P1UHS1_1247 ,P1UHS1_1247 -> P1UDT1324 ,
P1UDT1331LV ,P1UHS1_1247 ,P1UHS1_1247 -> P1UDT1324 ,
P1UDT1332   ,P1UHS1_1247 ,P1UHS1_1247 -> P1UDT1324 ,
P1UDT1332LV ,P1UHS1_1247 ,P1UHS1_1247 -> P1UDT1324 ,
P1UDT1333   ,P1UHS1_1247 ,P1UHS1_1247 -> P1UDT1324 ,
P1UDT1333LV ,P1UHS1_1247 ,P1UHS1_1247 -> P1UDT1324 ,
P1UDT1334   ,P1UHS1_1247 ,P1UHS1_1247 -> P1UDT1324 ,
P1UDT1334LV ,P1UHS1_1247 ,P1UHS1_1247 -> P1UDT1324 ,
P1UDT1335   ,P1UHS1_1247 ,P1UHS1_1247 -> P1UDT1324 ,
P1UDT1335LV ,P1UHS1_1247 ,P1UHS1_1247 -> P1UDT1324 ,
P1UDT1336   ,P1UHS1_1247 ,P1UHS1_1247 -> P1UDT1324 ,
P1UDT1336LV ,P1UHS1_1247 ,P1UHS1_1247 -> P1UDT1324 ,
P1UDT1337   ,P1UHS1_1247 ,P1UHS1_1247 -> P1UDT1324 ,
P1UDT1337LV ,P1UHS1_1247 ,P1UHS1_1247 -> P1UDT1324 ,
P1UDT1338   ,P1UHS1_1247 ,P1UHS1_1247 -> P1UDT1324 ,
P1UDT1338LV ,P1UHS1_1247 ,P1UHS1_1247 -> P1UDT1324 ,
P1UDT1339   ,P1UHS1_1247 ,P1UHS1_1247 -> P1UDT1324 ,
P1UDT1339LV ,P1UHS1_1247 ,P1UHS1_1247 -> P1UDT1324 ,
P1UDT1340   ,P1UHS1_1247 ,P1UHS1_1247 -> P1UDT1324 ,
P1UDT1340LV ,P1UHS1_1247 ,P1UHS1_1247 -> P1UDT1324 ,
P1UDT1341   ,P1UHS1_1247 ,P1UHS1_1247 -> P1UDT1324 ,
P1UDT1341LV ,P1UHS1_1247 ,P1UHS1_1247 -> P1UDT1324 ,
P1UDT1342   ,P1UHS1_1247 ,P1UHS1_1247 -> P1UDT1324 ,
P1UDT1342LV ,P1UHS1_1247 ,P1UHS1_1247 -> P1UDT1324 ,
P1UDT1343   ,P1UHS1_1247 ,P1UHS1_1247 -> P1UDT1324 ,
P1UDT1343LV ,P1UHS1_1247 ,P1UHS1_1247 -> P1UDT1324 ,
P1UDT1344   ,P1UHS1_1247 ,P1UHS1_1247 -> P1UDT1324 ,
P1UDT1344LV ,P1UHS1_1247 ,P1UHS1_1247 -> P1UDT1324 ,
P1UDT1345   ,P1UHS1_1247 ,P1UHS1_1247 -> P1UDT1324 ,
P1UDT1345LV ,P1UHS1_1247 ,P1UHS1_1247 -> P1UDT1324 ,
P1UDT1346   ,P1UHS1_1247 ,P1UHS1_1247 -> P1UDT1324 ,
P1UDT1346LV ,P1UHS1_1247 ,P1UHS1_1247 -> P1UDT1324 ,
P1UDT1347   ,P1UHS1_1247 ,P1UHS1_1247 -> P1UDT1324 ,
P1UDT1347LV ,P1UHS1_1247 ,P1UHS1_1247 -> P1UDT1324 ,
P1UDT1348   ,P1UHS1_1247 ,P1UHS1_1247 -> P1UDT1324 ,
P1UDT1348LV ,P1UHS1_1247 ,P1UHS1_1247 -> P1UDT1324 ,
P1UDT1349   ,P1UHS1_1247 ,P1UHS1_1247 -> P1UDT1324 ,
P1UDT1349LV ,P1UHS1_1247 ,P1UHS1_1247 -> P1UDT1324 ,
P1UDT1350   ,P1UHS1_1247 ,P1UHS1_1247 -> P1UDT1324 ,
P1UDT1350LV ,P1UHS1_1247 ,P1UHS1_1247 -> P1UDT1324 ,
P1UDT1351   ,P1UHS1_1247 ,P1UHS1_1247 -> P1UDT1324 ,
P1UDT1351LV ,P1UHS1_1247 ,P1UHS1_1247 -> P1UDT1324 ,
P1UDT1352   ,P1UHS1_1247 ,P1UHS1_1247 -> P1UDT1324 ,
P1UDT1352LV ,P1UHS1_1247 ,P1UHS1_1247 -> P1UDT1324 ,
P1UDT1353   ,P1UHS1_1247 ,P1UHS1_1247 -> P1UDT1324 ,
P1UDT1353LV ,P1UHS1_1247 ,P1UHS1_1247 -> P1UDT1324 ,
P1UDT1354   ,P1UHS1_1247 ,P1UHS1_1247 -> P1UDT1324 ,
P1UDT1354LV ,P1UHS1_1247 ,P1UHS1_1247 -> P1UDT1324 ,
P1UDT1355   ,P1UHS1_1247 ,P1UHS1_1247 -> P1UDT1324 ,
P1UDT1355LV ,P1UHS1_1247 ,P1UHS1_1247 -> P1UDT1324 ,
P1UDT1356   ,P1UHS1_1247 ,P1UHS1_1247 -> P1UDT1324 ,
P1UDT1356LV ,P1UHS1_1247 ,P1UHS1_1247 -> P1UDT1324 ,
P1UDT1357   ,P1UHS1_1247 ,P1UHS1_1247 -> P1UDT1324 ,
P1UDT1357LV ,P1UHS1_1247 ,P1UHS1_1247 -> P1UDT1324 ,
P1UDT1358   ,P1UHS1_1247 ,P1UHS1_1247 -> P1UDT1324 ,
P1UDT1358LV ,P1UHS1_1247 ,P1UHS1_1247 -> P1UDT1324 ,
P1UDT1359   ,P1UHS1_1247 ,P1UHS1_1247 -> P1UDT1324 ,
P1UDT1359LV ,P1UHS1_1247 ,P1UHS1_1247 -> P1UDT1324 ,
P1UDT1360   ,P1UHS1_1247 ,P1UHS1_1247 -> P1UDT1324 ,
P1UDT1360LV ,P1UHS1_1247 ,P1UHS1_1247 -> P1UDT1324 ,
P1UDT1361   ,P1UHS1_1247 ,P1UHS1_1247 -> P1UDT1324 ,
P1UDT1361LV ,P1UHS1_1247 ,P1UHS1_1247 -> P1UDT1324 ,
P1UDT1362   ,P1UHS1_1247 ,P1UHS1_1247 -> P1UDT1324 ,
P1UDT1362LV ,P1UHS1_1247 ,P1UHS1_1247 -> P1UDT1324 ,
P1UDT1363   ,P1UHS1_1247 ,P1UHS1_1247 -> P1UDT1324 ,
P1UDT1363LV ,P1UHS1_1247 ,P1UHS1_1247 -> P1UDT1324 ,
P1UDT1364   ,P1UHS1_1247 ,P1UHS1_1247 -> P1UDT1324 ,
P1UDT1364LV ,P1UHS1_1247 ,P1UHS1_1247 -> P1UDT1324 ,
P1UDT1365   ,P1UHS1_1247 ,P1UHS1_1247 -> P1UDT1324 ,
P1UDT1365LV ,P1UHS1_1247 ,P1UHS1_1247 -> P1UDT1324 ,
P1UDT1366   ,P1UHS1_1247 ,P1UHS1_1247 -> P1UDT1324 ,
P1UDT1366LV ,P1UHS1_1247 ,P1UHS1_1247 -> P1UDT1324 ,
P1UDT1367   ,P1UHS1_1247 ,P1UHS1_1247 -> P1UDT1324 ,
P1UDT1367LV ,P1UHS1_1247 ,P1UHS1_1247 -> P1UDT1324 ,
P1UDT1368   ,P1UHS1_1247 ,P1UHS1_1247 -> P1UDT1324 ,
P1UDT1368LV ,P1UHS1_1247 ,P1UHS1_1247 -> P1UDT1324 ,
P1UDT1369   ,P1UHS1_1247 ,P1UHS1_1247 -> P1UDT1324 ,
P1UDT1369LV ,P1UHS1_1247 ,P1UHS1_1247 -> P1UDT1324 ,
P1UDT1370   ,P1UHS1_1247 ,P1UHS1_1247 -> P1UDT1324 ,
P1UDT1370LV ,P1UHS1_1247 ,P1UHS1_1247 -> P1UDT1324 ,
P1UDT1371   ,P1UHS1_1247 ,P1UHS1_1247 -> P1UDT1324 ,
P1UDT1371LV ,P1UHS1_1247 ,P1UHS1_1247 -> P1UDT1324 ,
P1UDT1372   ,P1UHS1_1247 ,P1UHS1_1247 -> P1UDT1324 ,
P1UDT1372LV ,P1UHS1_1247 ,P1UHS1_1247 -> P1UDT1324 ,
P1UDT1373   ,P1UHS2_1247 ,P1UHS2_1247 -> P1UDT813  ,
P1UDT1373LV ,P1UHS2_1247 ,P1UHS2_1247 -> P1UDT813  ,
P1UDT1374   ,P1UHS2_1247 ,P1UHS2_1247 -> P1UDT813  ,
P1UDT1374LV ,P1UHS2_1247 ,P1UHS2_1247 -> P1UDT813  ,
P1UDT1375   ,P1UHS2_1247 ,P1UHS2_1247 -> P1UDT813  ,
P1UDT1375LV ,P1UHS2_1247 ,P1UHS2_1247 -> P1UDT813  ,
P1UDT1376   ,P1UHS2_1247 ,P1UHS2_1247 -> P1UDT813  ,
P1UDT1376LV ,P1UHS2_1247 ,P1UHS2_1247 -> P1UDT813  ,
P1UDT1377   ,P1UHS2_1247 ,P1UHS2_1247 -> P1UDT813  ,
P1UDT1377LV ,P1UHS2_1247 ,P1UHS2_1247 -> P1UDT813  ,
P1UDT1378   ,P1UHS2_1247 ,P1UHS2_1247 -> P1UDT813  ,
P1UDT1378LV ,P1UHS2_1247 ,P1UHS2_1247 -> P1UDT813  ,
P1UDT1379   ,P1UHS2_1247 ,P1UHS2_1247 -> P1UDT813  ,
P1UDT1379LV ,P1UHS2_1247 ,P1UHS2_1247 -> P1UDT813  ,
P1UDT1380   ,P1UHS2_1247 ,P1UHS2_1247 -> P1UDT813  ,
P1UDT1380LV ,P1UHS2_1247 ,P1UHS2_1247 -> P1UDT813  ,
P1UDT1381   ,P1UHS1_1247 ,P1UHS1_1247 -> P1UDT1324 ,
P1UDT1381LV ,P1UHS1_1247 ,P1UHS1_1247 -> P1UDT1324 ,
P1UDT1382   ,P1UHS1_1247 ,P1UHS1_1247 -> P1UDT1324 ,
P1UDT1382LV ,P1UHS1_1247 ,P1UHS1_1247 -> P1UDT1324 ,
P1UDT1383   ,P1UHS1_1247 ,P1UHS1_1247 -> P1UDT1324 ,
P1UDT1383LV ,P1UHS1_1247 ,P1UHS1_1247 -> P1UDT1324 ,
P1UDT1384   ,P1UHS1_1247 ,P1UHS1_1247 -> P1UDT1324 ,
P1UDT1384LV ,P1UHS1_1247 ,P1UHS1_1247 -> P1UDT1324 ,
P1UDT1385   ,P1UHS2_1247 ,P1UHS2_1247 -> P1UDT813  ,
P1UDT1385LV ,P1UHS2_1247 ,P1UHS2_1247 -> P1UDT813  ,
P1UDT1386   ,P1UHS2_1247 ,P1UHS2_1247 -> P1UDT813  ,
P1UDT1386LV ,P1UHS2_1247 ,P1UHS2_1247 -> P1UDT813  ,
P1UDT1387   ,P1UHS1_1247 ,P1UHS1_1247 -> P1UDT1324 ,
P1UDT1387LV ,P1UHS1_1247 ,P1UHS1_1247 -> P1UDT1324 ,
P1UDT1388   ,P1UHS1_1247 ,P1UHS1_1247 -> P1UDT1324 ,
P1UDT1388LV ,P1UHS1_1247 ,P1UHS1_1247 -> P1UDT1324 ,
P1UDT1389   ,P1UHS1_1247 ,P1UHS1_1247 -> P1UDT1324 ,
P1UDT1389LV ,P1UHS1_1247 ,P1UHS1_1247 -> P1UDT1324 ,
P1UDT1390   ,P1UHS1_1247 ,P1UHS1_1247 -> P1UDT1324 ,
P1UDT1390LV ,P1UHS1_1247 ,P1UHS1_1247 -> P1UDT1324 ,
P1UDT1391   ,P1UHS1_1247 ,P1UHS1_1247 -> P1UDT1324 ,
P1UDT1391LV ,P1UHS1_1247 ,P1UHS1_1247 -> P1UDT1324 ,
P1UDT1392   ,P1UHS1_1247 ,P1UHS1_1247 -> P1UDT1324 ,
P1UDT1392LV ,P1UHS1_1247 ,P1UHS1_1247 -> P1UDT1324 ,
P1UDT1393   ,P1UHS1_1247 ,P1UHS1_1247 -> P1UDT1324 ,
P1UDT1393LV ,P1UHS1_1247 ,P1UHS1_1247 -> P1UDT1324 ,
P1UDT1394   ,P1UHS1_1247 ,P1UHS1_1247 -> P1UDT1324 ,
P1UDT1394LV ,P1UHS1_1247 ,P1UHS1_1247 -> P1UDT1324 ,
P1UDT1395   ,P1UHS1_1247 ,P1UHS1_1247 -> P1UDT716  ,
P1UDT1395LV ,P1UHS1_1247 ,P1UHS1_1247 -> P1UDT716  ,
P1UDT1396   ,P1UHS1_1247 ,P1UHS1_1247 -> P1UDT716  ,
P1UDT1396LV ,P1UHS1_1247 ,P1UHS1_1247 -> P1UDT716  ,
P1UDT1397   ,P1UHS1_1247 ,P1UHS1_1247 -> P1UDT716  ,
P1UDT1397LV ,P1UHS1_1247 ,P1UHS1_1247 -> P1UDT716  ,
P1UDT1398   ,P1UHS1_1247 ,P1UHS1_1247 -> P1UDT716  ,
P1UDT1398LV ,P1UHS1_1247 ,P1UHS1_1247 -> P1UDT716  ,
P1UDT1399   ,P1UHS1_1247 ,P1UHS1_1247 -> P1UDT716  ,
P1UDT1399LV ,P1UHS1_1247 ,P1UHS1_1247 -> P1UDT716  ,
P1UDT1400   ,P1UHS1_1247 ,P1UHS1_1247 -> P1UDT716  ,
P1UDT1400LV ,P1UHS1_1247 ,P1UHS1_1247 -> P1UDT716  ,
P1UDT1401   ,P1UHS1_1247 ,P1UHS1_1247 -> P1UDT1324 ,
P1UDT1401LV ,P1UHS1_1247 ,P1UHS1_1247 -> P1UDT1324 ,
P1UDT1402   ,P1UHS1_1247 ,P1UHS1_1247 -> P1UDT1324 ,
P1UDT1402LV ,P1UHS1_1247 ,P1UHS1_1247 -> P1UDT1324 ,
P1UDT1403   ,P1UHS1_1247 ,P1UHS1_1247 -> P1UDT1324 ,
P1UDT1403LV ,P1UHS1_1247 ,P1UHS1_1247 -> P1UDT1324 ,
P1UDT1404   ,P1UHS1_1247 ,P1UHS1_1247 -> P1UDT1324 ,
P1UDT1404LV ,P1UHS1_1247 ,P1UHS1_1247 -> P1UDT1324 ,
P1UDT1405   ,P1UHS1_1247 ,P1UHS1_1247 -> P1UDT1324 ,
P1UDT1405LV ,P1UHS1_1247 ,P1UHS1_1247 -> P1UDT1324 ,
P1UDT1406   ,P1UHS1_1247 ,P1UHS1_1247 -> P1UDT1324 ,
P1UDT1406LV ,P1UHS1_1247 ,P1UHS1_1247 -> P1UDT1324 ,
P1UDT1407   ,P1UHS1_1247 ,P1UHS1_1247 -> P1UDT1324 ,
P1UDT1407LV ,P1UHS1_1247 ,P1UHS1_1247 -> P1UDT1324 ,
P1UDT1408   ,P1UHS1_1247 ,P1UHS1_1247 -> P1UDT1324 ,
P1UDT1408LV ,P1UHS1_1247 ,P1UHS1_1247 -> P1UDT1324 ,
P1UDT1409   ,P1UHS1_1247 ,P1UHS1_1247 -> P1UDT1324 ,
P1UDT1409LV ,P1UHS1_1247 ,P1UHS1_1247 -> P1UDT1324 ,
P1UDT1410   ,P1UHS1_1247 ,P1UHS1_1247 -> P1UDT1324 ,
P1UDT1410LV ,P1UHS1_1247 ,P1UHS1_1247 -> P1UDT1324 ,
P1UDT1411   ,P1UHS1_1247 ,P1UHS1_1247 -> P1UDT1324 ,
P1UDT1411LV ,P1UHS1_1247 ,P1UHS1_1247 -> P1UDT1324 ,
P1UDT1412   ,P1UHS1_1247 ,P1UHS1_1247 -> P1UDT1324 ,
P1UDT1412LV ,P1UHS1_1247 ,P1UHS1_1247 -> P1UDT1324 ,
P1UDT1413   ,P1UHS1_1247 ,P1UHS1_1247 -> P1UDT1324 ,
P1UDT1413LV ,P1UHS1_1247 ,P1UHS1_1247 -> P1UDT1324 ,
P1UDT1414   ,P1UHS1_1247 ,P1UHS1_1247 -> P1UDT1324 ,
P1UDT1414LV ,P1UHS1_1247 ,P1UHS1_1247 -> P1UDT1324 ,
P1UDT1415   ,P1UHS1_1247 ,P1UHS1_1247 -> P1UDT1324 ,
P1UDT1415LV ,P1UHS1_1247 ,P1UHS1_1247 -> P1UDT1324 ,
P1UDT1416   ,P1UHS1_1247 ,P1UHS1_1247 -> P1UDT1324 ,
P1UDT1416LV ,P1UHS1_1247 ,P1UHS1_1247 -> P1UDT1324 ,
P1UDT1417   ,P1UHS0_1247 ,P1UHS0_1247 -> P1UDT1472 ,
P1UDT1417LV ,P1UHS0_1247 ,P1UHS0_1247 -> P1UDT1472 ,
P1UDT1418   ,P1UHS0_1247 ,P1UHS0_1247 -> P1UDT1472 ,
P1UDT1418LV ,P1UHS0_1247 ,P1UHS0_1247 -> P1UDT1472 ,
P1UDT1419   ,P1UHS0_1247 ,P1UHS0_1247 -> P1UDT1472 ,
P1UDT1419LV ,P1UHS0_1247 ,P1UHS0_1247 -> P1UDT1472 ,
P1UDT1420   ,P1UHS0_1247 ,P1UHS0_1247 -> P1UDT1472 ,
P1UDT1420LV ,P1UHS0_1247 ,P1UHS0_1247 -> P1UDT1472 ,
P1UDT1421   ,P1UHS0_1247 ,P1UHS0_1247 -> P1UDT1472 ,
P1UDT1421LV ,P1UHS0_1247 ,P1UHS0_1247 -> P1UDT1472 ,
P1UDT1422   ,P1UHS0_1247 ,P1UHS0_1247 -> P1UDT1472 ,
P1UDT1422LV ,P1UHS0_1247 ,P1UHS0_1247 -> P1UDT1472 ,
P1UDT1423   ,P1UHS0_1247 ,P1UHS0_1247 -> P1UDT1472 ,
P1UDT1423LV ,P1UHS0_1247 ,P1UHS0_1247 -> P1UDT1472 ,
P1UDT1424   ,P1UHS0_1247 ,P1UHS0_1247 -> P1UDT1472 ,
P1UDT1424LV ,P1UHS0_1247 ,P1UHS0_1247 -> P1UDT1472 ,
P1UDT1425   ,P1UHS0_1247 ,P1UHS0_1247 -> P1UDT942  ,
P1UDT1425LV ,P1UHS0_1247 ,P1UHS0_1247 -> P1UDT942  ,
P1UDT1426   ,P1UHS0_1247 ,P1UHS0_1247 -> P1UDT1472 ,
P1UDT1426LV ,P1UHS0_1247 ,P1UHS0_1247 -> P1UDT1472 ,
P1UDT1427   ,P1UHS2_1247 ,P1UHS2_1247 -> P1UDT813  ,
P1UDT1427LV ,P1UHS2_1247 ,P1UHS2_1247 -> P1UDT813  ,
P1UDT1428   ,P1UHS0_1247 ,P1UHS0_1247 -> P1UDT1472 ,
P1UDT1428LV ,P1UHS0_1247 ,P1UHS0_1247 -> P1UDT1472 ,
P1UDT1429   ,P1UHS0_1247 ,P1UHS0_1247 -> P1UDT1472 ,
P1UDT1429LV ,P1UHS0_1247 ,P1UHS0_1247 -> P1UDT1472 ,
P1UDT1430   ,P1UHS0_1247 ,P1UHS0_1247 -> P1UDT1472 ,
P1UDT1430LV ,P1UHS0_1247 ,P1UHS0_1247 -> P1UDT1472 ,
P1UDT1431   ,P1UHS0_1247 ,P1UHS0_1247 -> P1UDT942  ,
P1UDT1431LV ,P1UHS0_1247 ,P1UHS0_1247 -> P1UDT942  ,
P1UDT1432   ,P1UHS0_1247 ,P1UHS0_1247 -> P1UDT942  ,
P1UDT1432LV ,P1UHS0_1247 ,P1UHS0_1247 -> P1UDT942  ,
P1UDT1433   ,P1UHS0_1247 ,P1UHS0_1247 -> P1UDT942  ,
P1UDT1433LV ,P1UHS0_1247 ,P1UHS0_1247 -> P1UDT942  ,
P1UDT1434   ,P1UHS0_1247 ,P1UHS0_1247 -> P1UDT1472 ,
P1UDT1434LV ,P1UHS0_1247 ,P1UHS0_1247 -> P1UDT1472 ,
P1UDT1435   ,P1UHS0_1247 ,P1UHS0_1247 -> P1UDT1472 ,
P1UDT1435LV ,P1UHS0_1247 ,P1UHS0_1247 -> P1UDT1472 ,
P1UDT1436   ,P1UHS2_1247 ,P1UHS2_1247 -> P1UDT813  ,
P1UDT1436LV ,P1UHS2_1247 ,P1UHS2_1247 -> P1UDT813  ,
P1UDT1437   ,P1UHS0_1247 ,P1UHS0_1247 -> P1UDT1472 ,
P1UDT1437LV ,P1UHS0_1247 ,P1UHS0_1247 -> P1UDT1472 ,
P1UDT1438   ,P1UHS0_1247 ,P1UHS0_1247 -> P1UDT1472 ,
P1UDT1438LV ,P1UHS0_1247 ,P1UHS0_1247 -> P1UDT1472 ,
P1UDT1439   ,P1UHS0_1247 ,P1UHS0_1247 -> P1UDT1472 ,
P1UDT1439LV ,P1UHS0_1247 ,P1UHS0_1247 -> P1UDT1472 ,
P1UDT1440   ,P1UHS0_1247 ,P1UHS0_1247 -> P1UDT1472 ,
P1UDT1440LV ,P1UHS0_1247 ,P1UHS0_1247 -> P1UDT1472 ,
P1UDT1441   ,P1UHS0_1247 ,P1UHS0_1247 -> P1UDT1472 ,
P1UDT1441LV ,P1UHS0_1247 ,P1UHS0_1247 -> P1UDT1472 ,
P1UDT1442   ,P1UHS0_1247 ,P1UHS0_1247 -> P1UDT1472 ,
P1UDT1442LV ,P1UHS0_1247 ,P1UHS0_1247 -> P1UDT1472 ,
P1UDT1443   ,P1UHS0_1247 ,P1UHS0_1247 -> P1UDT1472 ,
P1UDT1443LV ,P1UHS0_1247 ,P1UHS0_1247 -> P1UDT1472 ,
P1UDT1444   ,P1UHS0_1247 ,P1UHS0_1247 -> P1UDT1472 ,
P1UDT1444LV ,P1UHS0_1247 ,P1UHS0_1247 -> P1UDT1472 ,
P1UDT1445   ,P1UHS0_1247 ,P1UHS0_1247 -> P1UDT1472 ,
P1UDT1445LV ,P1UHS0_1247 ,P1UHS0_1247 -> P1UDT1472 ,
P1UDT1446   ,P1UHS0_1247 ,P1UHS0_1247 -> P1UDT1472 ,
P1UDT1446LV ,P1UHS0_1247 ,P1UHS0_1247 -> P1UDT1472 ,
P1UDT1447   ,P1UHS0_1247 ,P1UHS0_1247 -> P1UDT1472 ,
P1UDT1447LV ,P1UHS0_1247 ,P1UHS0_1247 -> P1UDT1472 ,
P1UDT1448   ,P1UHS0_1247 ,P1UHS0_1247 -> P1UDT1472 ,
P1UDT1448LV ,P1UHS0_1247 ,P1UHS0_1247 -> P1UDT1472 ,
P1UDT1449   ,P1UHS0_1247 ,P1UHS0_1247 -> P1UDT1472 ,
P1UDT1449LV ,P1UHS0_1247 ,P1UHS0_1247 -> P1UDT1472 ,
P1UDT1450   ,P1UHS0_1247 ,P1UHS0_1247 -> P1UDT1472 ,
P1UDT1450LV ,P1UHS0_1247 ,P1UHS0_1247 -> P1UDT1472 ,
P1UDT1451   ,P1UHS0_1247 ,P1UHS0_1247 -> P1UDT1472 ,
P1UDT1451LV ,P1UHS0_1247 ,P1UHS0_1247 -> P1UDT1472 ,
P1UDT1452   ,P1UHS0_1247 ,P1UHS0_1247 -> P1UDT1472 ,
P1UDT1452LV ,P1UHS0_1247 ,P1UHS0_1247 -> P1UDT1472 ,
P1UDT1453   ,P1UHS0_1247 ,P1UHS0_1247 -> P1UDT1472 ,
P1UDT1453LV ,P1UHS0_1247 ,P1UHS0_1247 -> P1UDT1472 ,
P1UDT1454   ,P1UHS0_1247 ,P1UHS0_1247 -> P1UDT1472 ,
P1UDT1454LV ,P1UHS0_1247 ,P1UHS0_1247 -> P1UDT1472 ,
P1UDT1455   ,P1UHS0_1247 ,P1UHS0_1247 -> P1UDT1472 ,
P1UDT1455LV ,P1UHS0_1247 ,P1UHS0_1247 -> P1UDT1472 ,
P1UDT1456   ,P1UHS0_1247 ,P1UHS0_1247 -> P1UDT1472 ,
P1UDT1456LV ,P1UHS0_1247 ,P1UHS0_1247 -> P1UDT1472 ,
P1UDT1457   ,P1UHS0_1247 ,P1UHS0_1247 -> P1UDT1472 ,
P1UDT1457LV ,P1UHS0_1247 ,P1UHS0_1247 -> P1UDT1472 ,
P1UDT1458   ,P1UHS0_1247 ,P1UHS0_1247 -> P1UDT1472 ,
P1UDT1458LV ,P1UHS0_1247 ,P1UHS0_1247 -> P1UDT1472 ,
P1UDT1459   ,P1UHS0_1247 ,P1UHS0_1247 -> P1UDT1472 ,
P1UDT1459LV ,P1UHS0_1247 ,P1UHS0_1247 -> P1UDT1472 ,
P1UDT1460   ,P1UHS0_1247 ,P1UHS0_1247 -> P1UDT1472 ,
P1UDT1460LV ,P1UHS0_1247 ,P1UHS0_1247 -> P1UDT1472 ,
P1UDT1461   ,P1UHS0_1247 ,P1UHS0_1247 -> P1UDT1472 ,
P1UDT1461LV ,P1UHS0_1247 ,P1UHS0_1247 -> P1UDT1472 ,
P1UDT1462   ,P1UHS0_1247 ,P1UHS0_1247 -> P1UDT1472 ,
P1UDT1462LV ,P1UHS0_1247 ,P1UHS0_1247 -> P1UDT1472 ,
P1UDT1463   ,P1UHS0_1247 ,P1UHS0_1247 -> P1UDT1472 ,
P1UDT1463LV ,P1UHS0_1247 ,P1UHS0_1247 -> P1UDT1472 ,
P1UDT1464   ,P1UHS0_1247 ,P1UHS0_1247 -> P1UDT1472 ,
P1UDT1464LV ,P1UHS0_1247 ,P1UHS0_1247 -> P1UDT1472 ,
P1UDT1465   ,P1UHS0_1247 ,P1UHS0_1247 -> P1UDT1472 ,
P1UDT1465LV ,P1UHS0_1247 ,P1UHS0_1247 -> P1UDT1472 ,
P1UDT1466   ,P1UHS0_1247 ,P1UHS0_1247 -> P1UDT1472 ,
P1UDT1466LV ,P1UHS0_1247 ,P1UHS0_1247 -> P1UDT1472 ,
P1UDT1467   ,P1UHS0_1247 ,P1UHS0_1247 -> P1UDT1470 ,
P1UDT1467LV ,P1UHS0_1247 ,P1UHS0_1247 -> P1UDT1470 ,
P1UDT1468   ,P1UHS0_1247 ,P1UHS0_1247 -> P1UDT1472 ,
P1UDT1468LV ,P1UHS0_1247 ,P1UHS0_1247 -> P1UDT1472 ,
P1UDT1469   ,P1UHS0_1247 ,P1UHS0_1247 -> P1UDT1469 ,
P1UDT1469LV ,P1UHS0_1247 ,P1UHS0_1247 -> P1UDT1469 ,
P1UDT1470   ,P1UHS0_1247 ,P1UHS0_1247 -> P1UDT1470 ,
P1UDT1470LV ,P1UHS0_1247 ,P1UHS0_1247 -> P1UDT1470 ,
P1UDT1471   ,P1UHS0_1247 ,P1UHS0_1247 -> P1UDT1472 ,
P1UDT1471LV ,P1UHS0_1247 ,P1UHS0_1247 -> P1UDT1472 ,
P1UDT1472   ,P1UHS0_1247 ,P1UHS0_1247 -> P1UDT1472 ,
P1UDT1472LV ,P1UHS0_1247 ,P1UHS0_1247 -> P1UDT1472 ,
P1UDT1473   ,P1UHS0_1247 ,P1UHS0_1247 -> P1UDT1472 ,
P1UDT1473LV ,P1UHS0_1247 ,P1UHS0_1247 -> P1UDT1472 ,
P1UDT1474   ,P1UHS0_1247 ,P1UHS0_1247 -> P1UDT1472 ,
P1UDT1474LV ,P1UHS0_1247 ,P1UHS0_1247 -> P1UDT1472 ,
P1UDT1475   ,P1UHS0_1247 ,P1UHS0_1247 -> P1UDT1472 ,
P1UDT1475LV ,P1UHS0_1247 ,P1UHS0_1247 -> P1UDT1472 ,
P1UDT1476   ,P1UHS0_1247 ,P1UHS0_1247 -> P1UDT1472 ,
P1UDT1476LV ,P1UHS0_1247 ,P1UHS0_1247 -> P1UDT1472 ,
P1UDT1477   ,P1UHS0_1247 ,P1UHS0_1247 -> P1UDT1472 ,
P1UDT1477LV ,P1UHS0_1247 ,P1UHS0_1247 -> P1UDT1472 ,
P1UDT1478   ,P1UHS0_1247 ,P1UHS0_1247 -> P1UDT1472 ,
P1UDT1478LV ,P1UHS0_1247 ,P1UHS0_1247 -> P1UDT1472 ,
P1UDT1479   ,P1UHS0_1247 ,P1UHS0_1247 -> P1UDT1472 ,
P1UDT1479LV ,P1UHS0_1247 ,P1UHS0_1247 -> P1UDT1472 ,
P1UDT1480   ,P1UHS0_1247 ,P1UHS0_1247 -> P1UDT1472 ,
P1UDT1480LV ,P1UHS0_1247 ,P1UHS0_1247 -> P1UDT1472 ,
P1UDT1481   ,P1UHS2_1247 ,P1UHS2_1247 -> P1UDT813  ,
P1UDT1481LV ,P1UHS2_1247 ,P1UHS2_1247 -> P1UDT813  ,
P1UDT1482   ,P1UHS2_1247 ,P1UHS2_1247 -> P1UDT813  ,
P1UDT1482LV ,P1UHS2_1247 ,P1UHS2_1247 -> P1UDT813  ,
P1UDT1483   ,P1UHS2_1247 ,P1UHS2_1247 -> P1UDT813  ,
P1UDT1483LV ,P1UHS2_1247 ,P1UHS2_1247 -> P1UDT813  ,
P1UDT1484   ,P1UHS2_1247 ,P1UHS2_1247 -> P1UDT813  ,
P1UDT1484LV ,P1UHS2_1247 ,P1UHS2_1247 -> P1UDT813  ,
P1UDT1485   ,P1UHS2_1247 ,P1UHS2_1247 -> P1UDT813  ,
P1UDT1485LV ,P1UHS2_1247 ,P1UHS2_1247 -> P1UDT813  ,
P1UDT1486   ,P1UHS0_1247 ,P1UHS0_1247 -> P1UDT1472 ,
P1UDT1486LV ,P1UHS0_1247 ,P1UHS0_1247 -> P1UDT1472 ,
P1UDT1487   ,P1UHS0_1247 ,P1UHS0_1247 -> P1UDT1472 ,
P1UDT1487LV ,P1UHS0_1247 ,P1UHS0_1247 -> P1UDT1472 ,
P1UDT1488   ,P1UHS0_1247 ,P1UHS0_1247 -> P1UDT1472 ,
P1UDT1488LV ,P1UHS0_1247 ,P1UHS0_1247 -> P1UDT1472 ,
P1UDT1489   ,P1UHS0_1247 ,P1UHS0_1247 -> P1UDT1472 ,
P1UDT1489LV ,P1UHS0_1247 ,P1UHS0_1247 -> P1UDT1472 ,
P1UDT1490   ,P1UHS0_1247 ,P1UHS0_1247 -> P1UDT1472 ,
P1UDT1490LV ,P1UHS0_1247 ,P1UHS0_1247 -> P1UDT1472 ,
P1UDT1491   ,P1UHS0_1247 ,P1UHS0_1247 -> P1UDT1472 ,
P1UDT1491LV ,P1UHS0_1247 ,P1UHS0_1247 -> P1UDT1472 ,
P1UDT1492   ,P1UHS2_1247 ,P1UHS2_1247 -> P1UDT813  ,
P1UDT1492LV ,P1UHS2_1247 ,P1UHS2_1247 -> P1UDT813  ,
P1UDT1493   ,P1UHS2_1247 ,P1UHS2_1247 -> P1UDT813  ,
P1UDT1493LV ,P1UHS2_1247 ,P1UHS2_1247 -> P1UDT813  ,
P1UDT1494   ,P1UHS2_1247 ,P1UHS2_1247 -> P1UDT813  ,
P1UDT1494LV ,P1UHS2_1247 ,P1UHS2_1247 -> P1UDT813  ,
P1UDT1495   ,P1UHS2_1247 ,P1UHS2_1247 -> P1UDT813  ,
P1UDT1495LV ,P1UHS2_1247 ,P1UHS2_1247 -> P1UDT813  ,
P1UDT1496   ,P1UHS2_1247 ,P1UHS2_1247 -> P1UDT813  ,
P1UDT1496LV ,P1UHS2_1247 ,P1UHS2_1247 -> P1UDT813  ,
P1UDT1497   ,P1UHS2_1247 ,P1UHS2_1247 -> P1UDT813  ,
P1UDT1497LV ,P1UHS2_1247 ,P1UHS2_1247 -> P1UDT813  ,
P1UDT1498   ,P1UHS2_1247 ,P1UHS2_1247 -> P1UDT813  ,
P1UDT1498LV ,P1UHS2_1247 ,P1UHS2_1247 -> P1UDT813  ,
P1UDT1499   ,P1UHS2_1247 ,P1UHS2_1247 -> P1UDT813  ,
P1UDT1499LV ,P1UHS2_1247 ,P1UHS2_1247 -> P1UDT813  ,
P1UDT1500   ,P1UHS2_1247 ,P1UHS2_1247 -> P1UDT813  ,
P1UDT1500LV ,P1UHS2_1247 ,P1UHS2_1247 -> P1UDT813  ,
P1UDT1501   ,P1UHS2_1247 ,P1UHS2_1247 -> P1UDT813  ,
P1UDT1501LV ,P1UHS2_1247 ,P1UHS2_1247 -> P1UDT813  ,
P1UDT1502   ,P1UHS2_1247 ,P1UHS2_1247 -> P1UDT813  ,
P1UDT1502LV ,P1UHS2_1247 ,P1UHS2_1247 -> P1UDT813  ,
P1UDT1503   ,P1UHS2_1247 ,P1UHS2_1247 -> P1UDT813  ,
P1UDT1503LV ,P1UHS2_1247 ,P1UHS2_1247 -> P1UDT813  ,
P1UDT1504   ,P1UHS2_1247 ,P1UHS2_1247 -> P1UDT813  ,
P1UDT1504LV ,P1UHS2_1247 ,P1UHS2_1247 -> P1UDT813  ,
P1UDT1505   ,P1UHS2_1247 ,P1UHS2_1247 -> P1UDT813  ,
P1UDT1505LV ,P1UHS2_1247 ,P1UHS2_1247 -> P1UDT813  ,
P1UDT1506   ,P1UHS2_1247 ,P1UHS2_1247 -> P1UDT813  ,
P1UDT1506LV ,P1UHS2_1247 ,P1UHS2_1247 -> P1UDT813  ,
P1UDT1507   ,P1UHS2_1247 ,P1UHS2_1247 -> P1UDT813  ,
P1UDT1507LV ,P1UHS2_1247 ,P1UHS2_1247 -> P1UDT813  ,
P1UDT1508   ,P1UHS2_1247 ,P1UHS2_1247 -> P1UDT813  ,
P1UDT1508LV ,P1UHS2_1247 ,P1UHS2_1247 -> P1UDT813  ,
P1UDT1509   ,P1UHS2_1247 ,P1UHS2_1247 -> P1UDT813  ,
P1UDT1509LV ,P1UHS2_1247 ,P1UHS2_1247 -> P1UDT813  ,
P1UDT1510   ,P1UHS2_1247 ,P1UHS2_1247 -> P1UDT813  ,
P1UDT1510LV ,P1UHS2_1247 ,P1UHS2_1247 -> P1UDT813  ,
P1UDT1511   ,P1UHS2_1247 ,P1UHS2_1247 -> P1UDT813  ,
P1UDT1511LV ,P1UHS2_1247 ,P1UHS2_1247 -> P1UDT813  ,
P1UDT1512   ,P1UHS2_1247 ,P1UHS2_1247 -> P1UDT813  ,
P1UDT1512LV ,P1UHS2_1247 ,P1UHS2_1247 -> P1UDT813  ,
P1UDT1513   ,P1UHS2_1247 ,P1UHS2_1247 -> P1UDT813  ,
P1UDT1513LV ,P1UHS2_1247 ,P1UHS2_1247 -> P1UDT813  ,
P1UDT1514   ,P1UHS2_1247 ,P1UHS2_1247 -> P1UDT813  ,
P1UDT1514LV ,P1UHS2_1247 ,P1UHS2_1247 -> P1UDT813  ,
P1UDT1515   ,P1UHS2_1247 ,P1UHS2_1247 -> P1UDT813  ,
P1UDT1515LV ,P1UHS2_1247 ,P1UHS2_1247 -> P1UDT813  ,
P1UDT1516   ,P1UHS2_1247 ,P1UHS2_1247 -> P1UDT813  ,
P1UDT1516LV ,P1UHS2_1247 ,P1UHS2_1247 -> P1UDT813  ,
P1UDT1517   ,P1UHS2_1247 ,P1UHS2_1247 -> P1UDT813  ,
P1UDT1517LV ,P1UHS2_1247 ,P1UHS2_1247 -> P1UDT813  ,
P1UDT1518   ,P1UHS2_1247 ,P1UHS2_1247 -> P1UDT813  ,
P1UDT1518LV ,P1UHS2_1247 ,P1UHS2_1247 -> P1UDT813  ,
P1UDT1519   ,P1UHS2_1247 ,P1UHS2_1247 -> P1UDT813  ,
P1UDT1519LV ,P1UHS2_1247 ,P1UHS2_1247 -> P1UDT813  ,
P1UDT1520   ,P1UHS2_1247 ,P1UHS2_1247 -> P1UDT813  ,
P1UDT1520LV ,P1UHS2_1247 ,P1UHS2_1247 -> P1UDT813  ,
P1UDT1521   ,P1UHS2_1247 ,P1UHS2_1247 -> P1UDT813  ,
P1UDT1521LV ,P1UHS2_1247 ,P1UHS2_1247 -> P1UDT813  ,
P1UDT1522   ,P1UHS2_1247 ,P1UHS2_1247 -> P1UDT813  ,
P1UDT1522LV ,P1UHS2_1247 ,P1UHS2_1247 -> P1UDT813  ,
P1UDT1523   ,P1UHS2_1247 ,P1UHS2_1247 -> P1UDT813  ,
P1UDT1523LV ,P1UHS2_1247 ,P1UHS2_1247 -> P1UDT813  ,
P1UDT1524   ,P1UHS2_1247 ,P1UHS2_1247 -> P1UDT813  ,
P1UDT1524LV ,P1UHS2_1247 ,P1UHS2_1247 -> P1UDT813  ,
P1UDT1525   ,P1UHS2_1247 ,P1UHS2_1247 -> P1UDT813  ,
P1UDT1525LV ,P1UHS2_1247 ,P1UHS2_1247 -> P1UDT813  ,
P1UDT1526   ,P1UHS2_1247 ,P1UHS2_1247 -> P1UDT813  ,
P1UDT1526LV ,P1UHS2_1247 ,P1UHS2_1247 -> P1UDT813  ,
P1UDT1527   ,P1UHS2_1247 ,P1UHS2_1247 -> P1UDT813  ,
P1UDT1527LV ,P1UHS2_1247 ,P1UHS2_1247 -> P1UDT813  ,
P1UDT1528   ,P1UHS2_1247 ,P1UHS2_1247 -> P1UDT813  ,
P1UDT1528LV ,P1UHS2_1247 ,P1UHS2_1247 -> P1UDT813  ,
P1UDT1529   ,P1UHS2_1247 ,P1UHS2_1247 -> P1UDT813  ,
P1UDT1529LV ,P1UHS2_1247 ,P1UHS2_1247 -> P1UDT813  ,
P1UDT1530   ,P1UHS2_1247 ,P1UHS2_1247 -> P1UDT813  ,
P1UDT1530LV ,P1UHS2_1247 ,P1UHS2_1247 -> P1UDT813  ,
P1UDT1531   ,P1UHS2_1247 ,P1UHS2_1247 -> P1UDT813  ,
P1UDT1531LV ,P1UHS2_1247 ,P1UHS2_1247 -> P1UDT813  ,
P1UDT1532   ,P1UHS2_1247 ,P1UHS2_1247 -> P1UDT813  ,
P1UDT1532LV ,P1UHS2_1247 ,P1UHS2_1247 -> P1UDT813  ,
P1UDT1533   ,P1UHS2_1247 ,P1UHS2_1247 -> P1UDT813  ,
P1UDT1533LV ,P1UHS2_1247 ,P1UHS2_1247 -> P1UDT813  ,
P1UDT1534   ,P1UHS2_1247 ,P1UHS2_1247 -> P1UDT813  ,
P1UDT1534LV ,P1UHS2_1247 ,P1UHS2_1247 -> P1UDT813  ,
P1UDT1535   ,P1UHS2_1247 ,P1UHS2_1247 -> P1UDT813  ,
P1UDT1535LV ,P1UHS2_1247 ,P1UHS2_1247 -> P1UDT813  ,
P1UDT1536   ,P1UHS2_1247 ,P1UHS2_1247 -> P1UDT813  ,
P1UDT1536LV ,P1UHS2_1247 ,P1UHS2_1247 -> P1UDT813  ,
P1UDT1537   ,P1UHS2_1247 ,P1UHS2_1247 -> P1UDT813  ,
P1UDT1537LV ,P1UHS2_1247 ,P1UHS2_1247 -> P1UDT813  ,
P1UDT1538   ,P1UHS2_1247 ,P1UHS2_1247 -> P1UDT813  ,
P1UDT1538LV ,P1UHS2_1247 ,P1UHS2_1247 -> P1UDT813  ,
P1UDT1539   ,P1UHS2_1247 ,P1UHS2_1247 -> P1UDT813  ,
P1UDT1539LV ,P1UHS2_1247 ,P1UHS2_1247 -> P1UDT813  ,
P1UDT1540   ,P1UHS2_1247 ,P1UHS2_1247 -> P1UDT813  ,
P1UDT1540LV ,P1UHS2_1247 ,P1UHS2_1247 -> P1UDT813  ,
P1UDT1541   ,P1UHS2_1247 ,P1UHS2_1247 -> P1UDT813  ,
P1UDT1541LV ,P1UHS2_1247 ,P1UHS2_1247 -> P1UDT813  ,
P1UDT1542   ,P1UHS2_1247 ,P1UHS2_1247 -> P1UDT813  ,
P1UDT1542LV ,P1UHS2_1247 ,P1UHS2_1247 -> P1UDT813  ,
P1UDT1543   ,P1UHS2_1247 ,P1UHS2_1247 -> P1UDT813  ,
P1UDT1543LV ,P1UHS2_1247 ,P1UHS2_1247 -> P1UDT813  ,
P1UDT1544   ,P1UHS2_1247 ,P1UHS2_1247 -> P1UDT813  ,
P1UDT1544LV ,P1UHS2_1247 ,P1UHS2_1247 -> P1UDT813  ,
P1UDT1545   ,P1UHS2_1247 ,P1UHS2_1247 -> P1UDT813  ,
P1UDT1545LV ,P1UHS2_1247 ,P1UHS2_1247 -> P1UDT813  ,
P1UDT1546   ,P1UHS2_1247 ,P1UHS2_1247 -> P1UDT813  ,
P1UDT1546LV ,P1UHS2_1247 ,P1UHS2_1247 -> P1UDT813  ,
P1UDT1547   ,P1UHS2_1247 ,P1UHS2_1247 -> P1UDT813  ,
P1UDT1547LV ,P1UHS2_1247 ,P1UHS2_1247 -> P1UDT813  ,
P1UDT1548   ,P1UHS2_1247 ,P1UHS2_1247 -> P1UDT813  ,
P1UDT1548LV ,P1UHS2_1247 ,P1UHS2_1247 -> P1UDT813  ,
P1UDT1549   ,P1UHS2_1247 ,P1UHS2_1247 -> P1UDT813  ,
P1UDT1549LV ,P1UHS2_1247 ,P1UHS2_1247 -> P1UDT813  ,
P1UDT1550   ,P1UHS2_1247 ,P1UHS2_1247 -> P1UDT813  ,
P1UDT1550LV ,P1UHS2_1247 ,P1UHS2_1247 -> P1UDT813  ,
P1UDT1551   ,P1UHS1_1247 ,P1UHS1_1247 -> P1UDT1324 ,
P1UDT1551LV ,P1UHS1_1247 ,P1UHS1_1247 -> P1UDT1324 ,
P1UDT1552   ,P1UHS1_1247 ,P1UHS1_1247 -> P1UDT1324 ,
P1UDT1552LV ,P1UHS1_1247 ,P1UHS1_1247 -> P1UDT1324 ,
P1UDT1553   ,P1UHS1_1247 ,P1UHS1_1247 -> P1UDT1324 ,
P1UDT1553LV ,P1UHS1_1247 ,P1UHS1_1247 -> P1UDT1324 ,
P1UDT1554   ,P1UHS1_1247 ,P1UHS1_1247 -> P1UDT1324 ,
P1UDT1554LV ,P1UHS1_1247 ,P1UHS1_1247 -> P1UDT1324 ,
P1UDT1555   ,P1UHS1_1247 ,P1UHS1_1247 -> P1UDT1324 ,
P1UDT1555LV ,P1UHS1_1247 ,P1UHS1_1247 -> P1UDT1324 ,
P1UDT1556   ,P1UHS1_1247 ,P1UHS1_1247 -> P1UDT1324 ,
P1UDT1556LV ,P1UHS1_1247 ,P1UHS1_1247 -> P1UDT1324 ,
P1UDT1557   ,P1UHS1_1247 ,P1UHS1_1247 -> P1UDT1324 ,
P1UDT1557LV ,P1UHS1_1247 ,P1UHS1_1247 -> P1UDT1324 ,
P1UDT1558   ,P1UHS1_1247 ,P1UHS1_1247 -> P1UDT1324 ,
P1UDT1558LV ,P1UHS1_1247 ,P1UHS1_1247 -> P1UDT1324 ,
P1UDT1559   ,P1UHS1_1247 ,P1UHS1_1247 -> P1UDT1324 ,
P1UDT1559LV ,P1UHS1_1247 ,P1UHS1_1247 -> P1UDT1324 ,
P1UDT1560   ,P1UHS1_1247 ,P1UHS1_1247 -> P1UDT1324 ,
P1UDT1560LV ,P1UHS1_1247 ,P1UHS1_1247 -> P1UDT1324 ,
P1UDT1561   ,P1UHS1_1247 ,P1UHS1_1247 -> P1UDT1324 ,
P1UDT1561LV ,P1UHS1_1247 ,P1UHS1_1247 -> P1UDT1324 ,
P1UDT1562   ,P1UHS1_1247 ,P1UHS1_1247 -> P1UDT1324 ,
P1UDT1562LV ,P1UHS1_1247 ,P1UHS1_1247 -> P1UDT1324 ,
P1UDT1563   ,P1UHS1_1247 ,P1UHS1_1247 -> P1UDT1324 ,
P1UDT1563LV ,P1UHS1_1247 ,P1UHS1_1247 -> P1UDT1324 ,
P1UDT1564   ,P1UHS1_1247 ,P1UHS1_1247 -> P1UDT1324 ,
P1UDT1564LV ,P1UHS1_1247 ,P1UHS1_1247 -> P1UDT1324 ,
P1UDT1565   ,P1UHS1_1247 ,P1UHS1_1247 -> P1UDT1324 ,
P1UDT1565LV ,P1UHS1_1247 ,P1UHS1_1247 -> P1UDT1324 ,
P1UDT1566   ,P1UHS1_1247 ,P1UHS1_1247 -> P1UDT1324 ,
P1UDT1566LV ,P1UHS1_1247 ,P1UHS1_1247 -> P1UDT1324 ,
P1UDT1567   ,P1UHS1_1247 ,P1UHS1_1247 -> P1UDT1324 ,
P1UDT1567LV ,P1UHS1_1247 ,P1UHS1_1247 -> P1UDT1324 ,
P1UDT1568   ,P1UHS1_1247 ,P1UHS1_1247 -> P1UDT1324 ,
P1UDT1568LV ,P1UHS1_1247 ,P1UHS1_1247 -> P1UDT1324 ,
P1UDT1569   ,P1UHS1_1247 ,P1UHS1_1247 -> P1UDT1324 ,
P1UDT1569LV ,P1UHS1_1247 ,P1UHS1_1247 -> P1UDT1324 ,
P1UDT1570   ,P1UHS1_1247 ,P1UHS1_1247 -> P1UDT1324 ,
P1UDT1570LV ,P1UHS1_1247 ,P1UHS1_1247 -> P1UDT1324 ,
P1UDT1571   ,P1UHS1_1247 ,P1UHS1_1247 -> P1UDT1324 ,
P1UDT1571LV ,P1UHS1_1247 ,P1UHS1_1247 -> P1UDT1324 ,
P1UDT1572   ,P1UHS2_1247 ,P1UHS2_1247 -> P1UDT813  ,
P1UDT1572LV ,P1UHS2_1247 ,P1UHS2_1247 -> P1UDT813  ,
P1UDT1573   ,P1UHS2_1247 ,P1UHS2_1247 -> P1UDT813  ,
P1UDT1573LV ,P1UHS2_1247 ,P1UHS2_1247 -> P1UDT813  ,
P1UDT1574   ,P1UHS2_1247 ,P1UHS2_1247 -> P1UDT813  ,
P1UDT1574LV ,P1UHS2_1247 ,P1UHS2_1247 -> P1UDT813  ,
P1UDT1575   ,P1UHS2_1247 ,P1UHS2_1247 -> P1UDT813  ,
P1UDT1575LV ,P1UHS2_1247 ,P1UHS2_1247 -> P1UDT813  ,
P1UDT1576   ,P1UHS1_1247 ,P1UHS1_1247 -> P1UDT1324 ,
P1UDT1576LV ,P1UHS1_1247 ,P1UHS1_1247 -> P1UDT1324 ,
P1UDT1577   ,P1UHS2_1247 ,P1UHS2_1247 -> P1UDT813  ,
P1UDT1577LV ,P1UHS2_1247 ,P1UHS2_1247 -> P1UDT813  ,
P1UDT1578   ,P1UHS1_1247 ,P1UHS1_1247 -> P1UDT1324 ,
P1UDT1578LV ,P1UHS1_1247 ,P1UHS1_1247 -> P1UDT1324 ,
P1UDT1579   ,P1UHS2_1247 ,P1UHS2_1247 -> P1UDT813  ,
P1UDT1579LV ,P1UHS2_1247 ,P1UHS2_1247 -> P1UDT813  ,
P1UDT1580   ,P1UHS2_1247 ,P1UHS2_1247 -> P1UDT813  ,
P1UDT1580LV ,P1UHS2_1247 ,P1UHS2_1247 -> P1UDT813  ,
P1UDT1581   ,P1UHS2_1247 ,P1UHS2_1247 -> P1UDT813  ,
P1UDT1581LV ,P1UHS2_1247 ,P1UHS2_1247 -> P1UDT813  ,
P1UDT1582   ,P1UHS2_1247 ,P1UHS2_1247 -> P1UDT813  ,
P1UDT1582LV ,P1UHS2_1247 ,P1UHS2_1247 -> P1UDT813  ,
P1UDT1583   ,P1UHS2_1247 ,P1UHS2_1247 -> P1UDT813  ,
P1UDT1583LV ,P1UHS2_1247 ,P1UHS2_1247 -> P1UDT813  ,
P1UDT1584   ,P1UHS2_1247 ,P1UHS2_1247 -> P1UDT813  ,
P1UDT1584LV ,P1UHS2_1247 ,P1UHS2_1247 -> P1UDT813  ,
P1UDT1585   ,P1UHS2_1247 ,P1UHS2_1247 -> P1UDT813  ,
P1UDT1585LV ,P1UHS2_1247 ,P1UHS2_1247 -> P1UDT813  ,
P1UDT1586   ,P1UHS2_1247 ,P1UHS2_1247 -> P1UDT813  ,
P1UDT1586LV ,P1UHS2_1247 ,P1UHS2_1247 -> P1UDT813  ,
P1UDT1587   ,P1UHS2_1247 ,P1UHS2_1247 -> P1UDT813  ,
P1UDT1587LV ,P1UHS2_1247 ,P1UHS2_1247 -> P1UDT813  ,
P1UDT1588   ,P1UHS2_1247 ,P1UHS2_1247 -> P1UDT813  ,
P1UDT1588LV ,P1UHS2_1247 ,P1UHS2_1247 -> P1UDT813  ,
P1UDT1589   ,P1UHS2_1247 ,P1UHS2_1247 -> P1UDT813  ,
P1UDT1589LV ,P1UHS2_1247 ,P1UHS2_1247 -> P1UDT813  ,
P1UDT1590   ,P1UHS2_1247 ,P1UHS2_1247 -> P1UDT813  ,
P1UDT1590LV ,P1UHS2_1247 ,P1UHS2_1247 -> P1UDT813  ,
P1UDT1591   ,P1UHS2_1247 ,P1UHS2_1247 -> P1UDT813  ,
P1UDT1591LV ,P1UHS2_1247 ,P1UHS2_1247 -> P1UDT813  ,
P1UDT1592   ,P1UHS2_1247 ,P1UHS2_1247 -> P1UDT813  ,
P1UDT1592LV ,P1UHS2_1247 ,P1UHS2_1247 -> P1UDT813  ,
P1UDT1593   ,P1UHS2_1247 ,P1UHS2_1247 -> P1UDT813  ,
P1UDT1593LV ,P1UHS2_1247 ,P1UHS2_1247 -> P1UDT813  ,
P1UDT1594   ,P1UHS2_1247 ,P1UHS2_1247 -> P1UDT813  ,
P1UDT1594LV ,P1UHS2_1247 ,P1UHS2_1247 -> P1UDT813  ,
P1UDT1595   ,P1UHS2_1247 ,P1UHS2_1247 -> P1UDT813  ,
P1UDT1595LV ,P1UHS2_1247 ,P1UHS2_1247 -> P1UDT813  ,
P1UDT1596   ,P1UHS2_1247 ,P1UHS2_1247 -> P1UDT813  ,
P1UDT1596LV ,P1UHS2_1247 ,P1UHS2_1247 -> P1UDT813  ,
P1UDT1597   ,P1UHS2_1247 ,P1UHS2_1247 -> P1UDT813  ,
P1UDT1597LV ,P1UHS2_1247 ,P1UHS2_1247 -> P1UDT813  ,
P1UDT1598   ,P1UHS2_1247 ,P1UHS2_1247 -> P1UDT813  ,
P1UDT1598LV ,P1UHS2_1247 ,P1UHS2_1247 -> P1UDT813  ,
P1UDT1599   ,P1UHS2_1247 ,P1UHS2_1247 -> P1UDT813  ,
P1UDT1599LV ,P1UHS2_1247 ,P1UHS2_1247 -> P1UDT813  ,
P1UDT1600   ,P1UHS2_1247 ,P1UHS2_1247 -> P1UDT813  ,
P1UDT1600LV ,P1UHS2_1247 ,P1UHS2_1247 -> P1UDT813  ,
P1UDT1601   ,P1UHS2_1247 ,P1UHS2_1247 -> P1UDT813  ,
P1UDT1601LV ,P1UHS2_1247 ,P1UHS2_1247 -> P1UDT813  ,
P1UDT1602   ,P1UHS1_1247 ,P1UHS1_1247 -> P1UDT1324 ,
P1UDT1602LV ,P1UHS1_1247 ,P1UHS1_1247 -> P1UDT1324 ,
P1UDT1603   ,P1UHS1_1247 ,P1UHS1_1247 -> P1UDT1324 ,
P1UDT1603LV ,P1UHS1_1247 ,P1UHS1_1247 -> P1UDT1324 ,
P1UDT1604   ,P1UHS2_1247 ,P1UHS2_1247 -> P1UDT813  ,
P1UDT1604LV ,P1UHS2_1247 ,P1UHS2_1247 -> P1UDT813  ,
P1UDT1605   ,P1UHS2_1247 ,P1UHS2_1247 -> P1UDT813  ,
P1UDT1605LV ,P1UHS2_1247 ,P1UHS2_1247 -> P1UDT813  ,
P1UDT1606   ,P1UHS2_1247 ,P1UHS2_1247 -> P1UDT813  ,
P1UDT1606LV ,P1UHS2_1247 ,P1UHS2_1247 -> P1UDT813  ,
P1UDT1607   ,P1UHS1_1247 ,P1UHS1_1247 -> P1UDT1324 ,
P1UDT1607LV ,P1UHS1_1247 ,P1UHS1_1247 -> P1UDT1324 ,
P1UDT1608   ,P1UHS1_1247 ,P1UHS1_1247 -> P1UDT1324 ,
P1UDT1608LV ,P1UHS1_1247 ,P1UHS1_1247 -> P1UDT1324 ,
P1UDT1609   ,P1UHS1_1247 ,P1UHS1_1247 -> P1UDT1324 ,
P1UDT1609LV ,P1UHS1_1247 ,P1UHS1_1247 -> P1UDT1324 ,
P1UDT1610   ,P1UHS1_1247 ,P1UHS1_1247 -> P1UDT1324 ,
P1UDT1610LV ,P1UHS1_1247 ,P1UHS1_1247 -> P1UDT1324 ,
P1UDT1611   ,P1UHS1_1247 ,P1UHS1_1247 -> P1UDT1324 ,
P1UDT1611LV ,P1UHS1_1247 ,P1UHS1_1247 -> P1UDT1324 ,
P1UDT1612   ,P1UHS2_1247 ,P1UHS2_1247 -> P1UDT813  ,
P1UDT1612LV ,P1UHS2_1247 ,P1UHS2_1247 -> P1UDT813  ,
P1UDT1613   ,P1UHS2_1247 ,P1UHS2_1247 -> P1UDT813  ,
P1UDT1613LV ,P1UHS2_1247 ,P1UHS2_1247 -> P1UDT813  ,
P1UDT1614   ,P1UHS1_1247 ,P1UHS1_1247 -> P1UDT1324 ,
P1UDT1614LV ,P1UHS1_1247 ,P1UHS1_1247 -> P1UDT1324 ,
P1UDT1615   ,P1UHS1_1247 ,P1UHS1_1247 -> P1UDT1324 ,
P1UDT1615LV ,P1UHS1_1247 ,P1UHS1_1247 -> P1UDT1324 ,
P1UDT1616   ,P1UHS3_1247 ,P1UHS3_1247 -> P1UDT1696 ,
P1UDT1616LV ,P1UHS3_1247 ,P1UHS3_1247 -> P1UDT1696 ,
P1UDT1617   ,P1UHS3_1247 ,P1UHS3_1247 -> P1UDT1696 ,
P1UDT1617LV ,P1UHS3_1247 ,P1UHS3_1247 -> P1UDT1696 ,
P1UDT1618   ,P1UHS1_1247 ,P1UHS1_1247 -> P1UDT1324 ,
P1UDT1618LV ,P1UHS1_1247 ,P1UHS1_1247 -> P1UDT1324 ,
P1UDT1619   ,P1UHS2_1247 ,P1UHS2_1247 -> P1UDT813  ,
P1UDT1619LV ,P1UHS2_1247 ,P1UHS2_1247 -> P1UDT813  ,
P1UDT1620   ,P1UHS2_1247 ,P1UHS2_1247 -> P1UDT813  ,
P1UDT1620LV ,P1UHS2_1247 ,P1UHS2_1247 -> P1UDT813  ,
P1UDT1621   ,P1UHS2_1247 ,P1UHS2_1247 -> P1UDT813  ,
P1UDT1621LV ,P1UHS2_1247 ,P1UHS2_1247 -> P1UDT813  ,
P1UDT1622   ,P1UHS2_1247 ,P1UHS2_1247 -> P1UDT813  ,
P1UDT1622LV ,P1UHS2_1247 ,P1UHS2_1247 -> P1UDT813  ,
P1UDT1623   ,P1UHS2_1247 ,P1UHS2_1247 -> P1UDT813  ,
P1UDT1623LV ,P1UHS2_1247 ,P1UHS2_1247 -> P1UDT813  ,
P1UDT1624   ,P1UHS2_1247 ,P1UHS2_1247 -> P1UDT813  ,
P1UDT1624LV ,P1UHS2_1247 ,P1UHS2_1247 -> P1UDT813  ,
P1UDT1625   ,P1UHS2_1247 ,P1UHS2_1247 -> P1UDT813  ,
P1UDT1625LV ,P1UHS2_1247 ,P1UHS2_1247 -> P1UDT813  ,
P1UDT1626   ,P1UHS2_1247 ,P1UHS2_1247 -> P1UDT813  ,
P1UDT1626LV ,P1UHS2_1247 ,P1UHS2_1247 -> P1UDT813  ,
P1UDT1627   ,P1UHS2_1247 ,P1UHS2_1247 -> P1UDT813  ,
P1UDT1627LV ,P1UHS2_1247 ,P1UHS2_1247 -> P1UDT813  ,
P1UDT1628   ,P1UHS3_1247 ,P1UHS3_1247 -> P1UDT1696 ,
P1UDT1628LV ,P1UHS3_1247 ,P1UHS3_1247 -> P1UDT1696 ,
P1UDT1629   ,P1UHS2_1247 ,P1UHS2_1247 -> P1UDT813  ,
P1UDT1629LV ,P1UHS2_1247 ,P1UHS2_1247 -> P1UDT813  ,
P1UDT1630   ,P1UHS2_1247 ,P1UHS2_1247 -> P1UDT813  ,
P1UDT1630LV ,P1UHS2_1247 ,P1UHS2_1247 -> P1UDT813  ,
P1UDT1631   ,P1UHS3_1247 ,P1UHS3_1247 -> P1UDT1696 ,
P1UDT1631LV ,P1UHS3_1247 ,P1UHS3_1247 -> P1UDT1696 ,
P1UDT1632   ,P1UHS1_1247 ,P1UHS1_1247 -> P1UDT1324 ,
P1UDT1632LV ,P1UHS1_1247 ,P1UHS1_1247 -> P1UDT1324 ,
P1UDT1633   ,P1UHS1_1247 ,P1UHS1_1247 -> P1UDT1324 ,
P1UDT1633LV ,P1UHS1_1247 ,P1UHS1_1247 -> P1UDT1324 ,
P1UDT1634   ,P1UHS3_1247 ,P1UHS3_1247 -> P1UDT1696 ,
P1UDT1634LV ,P1UHS3_1247 ,P1UHS3_1247 -> P1UDT1696 ,
P1UDT1635   ,P1UHS3_1247 ,P1UHS3_1247 -> P1UDT1696 ,
P1UDT1635LV ,P1UHS3_1247 ,P1UHS3_1247 -> P1UDT1696 ,
P1UDT1636   ,P1UHS3_1247 ,P1UHS3_1247 -> P1UDT1696 ,
P1UDT1636LV ,P1UHS3_1247 ,P1UHS3_1247 -> P1UDT1696 ,
P1UDT1637   ,P1UHS3_1247 ,P1UHS3_1247 -> P1UDT1696 ,
P1UDT1637LV ,P1UHS3_1247 ,P1UHS3_1247 -> P1UDT1696 ,
P1UDT1638   ,P1UHS3_1247 ,P1UHS3_1247 -> P1UDT1696 ,
P1UDT1638LV ,P1UHS3_1247 ,P1UHS3_1247 -> P1UDT1696 ,
P1UDT1639   ,P1UHS1_1247 ,P1UHS1_1247 -> P1UDT1324 ,
P1UDT1639LV ,P1UHS1_1247 ,P1UHS1_1247 -> P1UDT1324 ,
P1UDT1640   ,P1UHS3_1247 ,P1UHS3_1247 -> P1UDT1696 ,
P1UDT1640LV ,P1UHS3_1247 ,P1UHS3_1247 -> P1UDT1696 ,
P1UDT1641   ,P1UHS3_1247 ,P1UHS3_1247 -> P1UDT1696 ,
P1UDT1641LV ,P1UHS3_1247 ,P1UHS3_1247 -> P1UDT1696 ,
P1UDT1642   ,P1UHS3_1247 ,P1UHS3_1247 -> P1UDT1696 ,
P1UDT1642LV ,P1UHS3_1247 ,P1UHS3_1247 -> P1UDT1696 ,
P1UDT1643   ,P1UHS1_1247 ,P1UHS1_1247 -> P1UDT1324 ,
P1UDT1643LV ,P1UHS1_1247 ,P1UHS1_1247 -> P1UDT1324 ,
P1UDT1644   ,P1UHS3_1247 ,P1UHS3_1247 -> P1UDT1696 ,
P1UDT1644LV ,P1UHS3_1247 ,P1UHS3_1247 -> P1UDT1696 ,
P1UDT1645   ,P1UHS3_1247 ,P1UHS3_1247 -> P1UDT1696 ,
P1UDT1645LV ,P1UHS3_1247 ,P1UHS3_1247 -> P1UDT1696 ,
P1UDT1646   ,P1UHS3_1247 ,P1UHS3_1247 -> P1UDT1696 ,
P1UDT1646LV ,P1UHS3_1247 ,P1UHS3_1247 -> P1UDT1696 ,
P1UDT1647   ,P1UHS3_1247 ,P1UHS3_1247 -> P1UDT1696 ,
P1UDT1647LV ,P1UHS3_1247 ,P1UHS3_1247 -> P1UDT1696 ,
P1UDT1648   ,P1UHS3_1247 ,P1UHS3_1247 -> P1UDT1696 ,
P1UDT1648LV ,P1UHS3_1247 ,P1UHS3_1247 -> P1UDT1696 ,
P1UDT1649   ,P1UHS3_1247 ,P1UHS3_1247 -> P1UDT1696 ,
P1UDT1649LV ,P1UHS3_1247 ,P1UHS3_1247 -> P1UDT1696 ,
P1UDT1650   ,P1UHS3_1247 ,P1UHS3_1247 -> P1UDT1696 ,
P1UDT1650LV ,P1UHS3_1247 ,P1UHS3_1247 -> P1UDT1696 ,
P1UDT1651   ,P1UHS3_1247 ,P1UHS3_1247 -> P1UDT1696 ,
P1UDT1651LV ,P1UHS3_1247 ,P1UHS3_1247 -> P1UDT1696 ,
P1UDT1652   ,P1UHS3_1247 ,P1UHS3_1247 -> P1UDT1696 ,
P1UDT1652LV ,P1UHS3_1247 ,P1UHS3_1247 -> P1UDT1696 ,
P1UDT1653   ,P1UHS3_1247 ,P1UHS3_1247 -> P1UDT1696 ,
P1UDT1653LV ,P1UHS3_1247 ,P1UHS3_1247 -> P1UDT1696 ,
P1UDT1654   ,P1UHS3_1247 ,P1UHS3_1247 -> P1UDT1696 ,
P1UDT1654LV ,P1UHS3_1247 ,P1UHS3_1247 -> P1UDT1696 ,
P1UDT1655   ,P1UHS3_1247 ,P1UHS3_1247 -> P1UDT1696 ,
P1UDT1655LV ,P1UHS3_1247 ,P1UHS3_1247 -> P1UDT1696 ,
P1UDT1656   ,P1UHS3_1247 ,P1UHS3_1247 -> P1UDT1696 ,
P1UDT1656LV ,P1UHS3_1247 ,P1UHS3_1247 -> P1UDT1696 ,
P1UDT1657   ,P1UHS3_1247 ,P1UHS3_1247 -> P1UDT1696 ,
P1UDT1657LV ,P1UHS3_1247 ,P1UHS3_1247 -> P1UDT1696 ,
P1UDT1658   ,P1UHS3_1247 ,P1UHS3_1247 -> P1UDT1696 ,
P1UDT1658LV ,P1UHS3_1247 ,P1UHS3_1247 -> P1UDT1696 ,
P1UDT1659   ,P1UHS3_1247 ,P1UHS3_1247 -> P1UDT1696 ,
P1UDT1659LV ,P1UHS3_1247 ,P1UHS3_1247 -> P1UDT1696 ,
P1UDT1660   ,P1UHS3_1247 ,P1UHS3_1247 -> P1UDT1696 ,
P1UDT1660LV ,P1UHS3_1247 ,P1UHS3_1247 -> P1UDT1696 ,
P1UDT1661   ,P1UHS3_1247 ,P1UHS3_1247 -> P1UDT1696 ,
P1UDT1661LV ,P1UHS3_1247 ,P1UHS3_1247 -> P1UDT1696 ,
P1UDT1662   ,P1UHS3_1247 ,P1UHS3_1247 -> P1UDT1696 ,
P1UDT1662LV ,P1UHS3_1247 ,P1UHS3_1247 -> P1UDT1696 ,
P1UDT1663   ,P1UHS3_1247 ,P1UHS3_1247 -> P1UDT1696 ,
P1UDT1663LV ,P1UHS3_1247 ,P1UHS3_1247 -> P1UDT1696 ,
P1UDT1664   ,P1UHS3_1247 ,P1UHS3_1247 -> P1UDT1696 ,
P1UDT1664LV ,P1UHS3_1247 ,P1UHS3_1247 -> P1UDT1696 ,
P1UDT1665   ,P1UHS3_1247 ,P1UHS3_1247 -> P1UDT1696 ,
P1UDT1665LV ,P1UHS3_1247 ,P1UHS3_1247 -> P1UDT1696 ,
P1UDT1666   ,P1UHS3_1247 ,P1UHS3_1247 -> P1UDT1696 ,
P1UDT1666LV ,P1UHS3_1247 ,P1UHS3_1247 -> P1UDT1696 ,
P1UDT1667   ,P1UHS3_1247 ,P1UHS3_1247 -> P1UDT1696 ,
P1UDT1667LV ,P1UHS3_1247 ,P1UHS3_1247 -> P1UDT1696 ,
P1UDT1668   ,P1UHS3_1247 ,P1UHS3_1247 -> P1UDT1696 ,
P1UDT1668LV ,P1UHS3_1247 ,P1UHS3_1247 -> P1UDT1696 ,
P1UDT1669   ,P1UHS3_1247 ,P1UHS3_1247 -> P1UDT1696 ,
P1UDT1669LV ,P1UHS3_1247 ,P1UHS3_1247 -> P1UDT1696 ,
P1UDT1670   ,P1UHS3_1247 ,P1UHS3_1247 -> P1UDT1696 ,
P1UDT1670LV ,P1UHS3_1247 ,P1UHS3_1247 -> P1UDT1696 ,
P1UDT1671   ,P1UHS3_1247 ,P1UHS3_1247 -> P1UDT1696 ,
P1UDT1671LV ,P1UHS3_1247 ,P1UHS3_1247 -> P1UDT1696 ,
P1UDT1672   ,P1UHS3_1247 ,P1UHS3_1247 -> P1UDT1696 ,
P1UDT1672LV ,P1UHS3_1247 ,P1UHS3_1247 -> P1UDT1696 ,
P1UDT1673   ,P1UHS3_1247 ,P1UHS3_1247 -> P1UDT1696 ,
P1UDT1673LV ,P1UHS3_1247 ,P1UHS3_1247 -> P1UDT1696 ,
P1UDT1674   ,P1UHS3_1247 ,P1UHS3_1247 -> P1UDT1824 ,
P1UDT1674LV ,P1UHS3_1247 ,P1UHS3_1247 -> P1UDT1824 ,
P1UDT1675   ,P1UHS3_1247 ,P1UHS3_1247 -> P1UDT1824 ,
P1UDT1675LV ,P1UHS3_1247 ,P1UHS3_1247 -> P1UDT1824 ,
P1UDT1676   ,P1UHS3_1247 ,P1UHS3_1247 -> P1UDT1824 ,
P1UDT1676LV ,P1UHS3_1247 ,P1UHS3_1247 -> P1UDT1824 ,
P1UDT1677   ,P1UHS3_1247 ,P1UHS3_1247 -> P1UDT1696 ,
P1UDT1677LV ,P1UHS3_1247 ,P1UHS3_1247 -> P1UDT1696 ,
P1UDT1678   ,P1UHS3_1247 ,P1UHS3_1247 -> P1UDT1696 ,
P1UDT1678LV ,P1UHS3_1247 ,P1UHS3_1247 -> P1UDT1696 ,
P1UDT1679   ,P1UHS3_1247 ,P1UHS3_1247 -> P1UDT1696 ,
P1UDT1679LV ,P1UHS3_1247 ,P1UHS3_1247 -> P1UDT1696 ,
P1UDT1680   ,P1UHS3_1247 ,P1UHS3_1247 -> P1UDT1696 ,
P1UDT1680LV ,P1UHS3_1247 ,P1UHS3_1247 -> P1UDT1696 ,
P1UDT1681   ,P1UHS3_1247 ,P1UHS3_1247 -> P1UDT1696 ,
P1UDT1681LV ,P1UHS3_1247 ,P1UHS3_1247 -> P1UDT1696 ,
P1UDT1682   ,P1UHS3_1247 ,P1UHS3_1247 -> P1UDT1696 ,
P1UDT1682LV ,P1UHS3_1247 ,P1UHS3_1247 -> P1UDT1696 ,
P1UDT1683   ,P1UHS3_1247 ,P1UHS3_1247 -> P1UDT1696 ,
P1UDT1683LV ,P1UHS3_1247 ,P1UHS3_1247 -> P1UDT1696 ,
P1UDT1684   ,P1UHS3_1247 ,P1UHS3_1247 -> P1UDT1696 ,
P1UDT1684LV ,P1UHS3_1247 ,P1UHS3_1247 -> P1UDT1696 ,
P1UDT1685   ,P1UHS3_1247 ,P1UHS3_1247 -> P1UDT1696 ,
P1UDT1685LV ,P1UHS3_1247 ,P1UHS3_1247 -> P1UDT1696 ,
P1UDT1686   ,P1UHS3_1247 ,P1UHS3_1247 -> P1UDT1696 ,
P1UDT1686LV ,P1UHS3_1247 ,P1UHS3_1247 -> P1UDT1696 ,
P1UDT1687   ,P1UHS3_1247 ,P1UHS3_1247 -> P1UDT1696 ,
P1UDT1687LV ,P1UHS3_1247 ,P1UHS3_1247 -> P1UDT1696 ,
P1UDT1688   ,P1UHS3_1247 ,P1UHS3_1247 -> P1UDT1696 ,
P1UDT1688LV ,P1UHS3_1247 ,P1UHS3_1247 -> P1UDT1696 ,
P1UDT1689   ,P1UHS3_1247 ,P1UHS3_1247 -> P1UDT1696 ,
P1UDT1689LV ,P1UHS3_1247 ,P1UHS3_1247 -> P1UDT1696 ,
P1UDT1690   ,P1UHS3_1247 ,P1UHS3_1247 -> P1UDT1696 ,
P1UDT1690LV ,P1UHS3_1247 ,P1UHS3_1247 -> P1UDT1696 ,
P1UDT1691   ,P1UHS3_1247 ,P1UHS3_1247 -> P1UDT1696 ,
P1UDT1691LV ,P1UHS3_1247 ,P1UHS3_1247 -> P1UDT1696 ,
P1UDT1692   ,P1UHS3_1247 ,P1UHS3_1247 -> P1UDT1696 ,
P1UDT1692LV ,P1UHS3_1247 ,P1UHS3_1247 -> P1UDT1696 ,
P1UDT1693   ,P1UHS3_1247 ,P1UHS3_1247 -> P1UDT1696 ,
P1UDT1693LV ,P1UHS3_1247 ,P1UHS3_1247 -> P1UDT1696 ,
P1UDT1694   ,P1UHS3_1247 ,P1UHS3_1247 -> P1UDT1696 ,
P1UDT1694LV ,P1UHS3_1247 ,P1UHS3_1247 -> P1UDT1696 ,
P1UDT1695   ,P1UHS3_1247 ,P1UHS3_1247 -> P1UDT1696 ,
P1UDT1695LV ,P1UHS3_1247 ,P1UHS3_1247 -> P1UDT1696 ,
P1UDT1696   ,P1UHS3_1247 ,P1UHS3_1247 -> P1UDT1696 ,
P1UDT1696LV ,P1UHS3_1247 ,P1UHS3_1247 -> P1UDT1696 ,
P1UDT1697   ,P1UHS3_1247 ,P1UHS3_1247 -> P1UDT1696 ,
P1UDT1697LV ,P1UHS3_1247 ,P1UHS3_1247 -> P1UDT1696 ,
P1UDT1698   ,P1UHS3_1247 ,P1UHS3_1247 -> P1UDT1696 ,
P1UDT1698LV ,P1UHS3_1247 ,P1UHS3_1247 -> P1UDT1696 ,
P1UDT1699   ,P1UHS3_1247 ,P1UHS3_1247 -> P1UDT1696 ,
P1UDT1699LV ,P1UHS3_1247 ,P1UHS3_1247 -> P1UDT1696 ,
P1UDT1700   ,P1UHS2_1247 ,P1UHS2_1247 -> P1UDT813  ,
P1UDT1700LV ,P1UHS2_1247 ,P1UHS2_1247 -> P1UDT813  ,
P1UDT1701   ,P1UHS2_1247 ,P1UHS2_1247 -> P1UDT813  ,
P1UDT1701LV ,P1UHS2_1247 ,P1UHS2_1247 -> P1UDT813  ,
P1UDT1702   ,P1UHS2_1247 ,P1UHS2_1247 -> P1UDT813  ,
P1UDT1702LV ,P1UHS2_1247 ,P1UHS2_1247 -> P1UDT813  ,
P1UDT1703   ,P1UHS2_1247 ,P1UHS2_1247 -> P1UDT813  ,
P1UDT1703LV ,P1UHS2_1247 ,P1UHS2_1247 -> P1UDT813  ,
P1UDT1704   ,P1UHS2_1247 ,P1UHS2_1247 -> P1UDT813  ,
P1UDT1704LV ,P1UHS2_1247 ,P1UHS2_1247 -> P1UDT813  ,
P1UDT1705   ,P1UHS2_1247 ,P1UHS2_1247 -> P1UDT813  ,
P1UDT1705LV ,P1UHS2_1247 ,P1UHS2_1247 -> P1UDT813  ,
P1UDT1706   ,P1UHS2_1247 ,P1UHS2_1247 -> P1UDT813  ,
P1UDT1706LV ,P1UHS2_1247 ,P1UHS2_1247 -> P1UDT813  ,
P1UDT1707   ,P1UHS2_1247 ,P1UHS2_1247 -> P1UDT813  ,
P1UDT1707LV ,P1UHS2_1247 ,P1UHS2_1247 -> P1UDT813  ,
P1UDT1708   ,P1UHS2_1247 ,P1UHS2_1247 -> P1UDT813  ,
P1UDT1708LV ,P1UHS2_1247 ,P1UHS2_1247 -> P1UDT813  ,
P1UDT1709   ,P1UHS2_1247 ,P1UHS2_1247 -> P1UDT813  ,
P1UDT1709LV ,P1UHS2_1247 ,P1UHS2_1247 -> P1UDT813  ,
P1UDT1710   ,P1UHS2_1247 ,P1UHS2_1247 -> P1UDT813  ,
P1UDT1710LV ,P1UHS2_1247 ,P1UHS2_1247 -> P1UDT813  ,
P1UDT1711   ,P1UHS2_1247 ,P1UHS2_1247 -> P1UDT813  ,
P1UDT1711LV ,P1UHS2_1247 ,P1UHS2_1247 -> P1UDT813  ,
P1UDT1712   ,P1UHS2_1247 ,P1UHS2_1247 -> P1UDT813  ,
P1UDT1712LV ,P1UHS2_1247 ,P1UHS2_1247 -> P1UDT813  ,
P1UDT1713   ,P1UHS2_1247 ,P1UHS2_1247 -> P1UDT813  ,
P1UDT1713LV ,P1UHS2_1247 ,P1UHS2_1247 -> P1UDT813  ,
P1UDT1714   ,P1UHS2_1247 ,P1UHS2_1247 -> P1UDT813  ,
P1UDT1714LV ,P1UHS2_1247 ,P1UHS2_1247 -> P1UDT813  ,
P1UDT1715   ,P1UHS2_1247 ,P1UHS2_1247 -> P1UDT813  ,
P1UDT1715LV ,P1UHS2_1247 ,P1UHS2_1247 -> P1UDT813  ,
P1UDT1716   ,P1UHS1_1247 ,P1UHS1_1247 -> P1UDT1324 ,
P1UDT1716LV ,P1UHS1_1247 ,P1UHS1_1247 -> P1UDT1324 ,
P1UDT1717   ,P1UHS2_1247 ,P1UHS2_1247 -> P1UDT813  ,
P1UDT1717LV ,P1UHS2_1247 ,P1UHS2_1247 -> P1UDT813  ,
P1UDT1718   ,P1UHS2_1247 ,P1UHS2_1247 -> P1UDT813  ,
P1UDT1718LV ,P1UHS2_1247 ,P1UHS2_1247 -> P1UDT813  ,
P1UDT1719   ,P1UHS2_1247 ,P1UHS2_1247 -> P1UDT813  ,
P1UDT1719LV ,P1UHS2_1247 ,P1UHS2_1247 -> P1UDT813  ,
P1UDT1720   ,P1UHS2_1247 ,P1UHS2_1247 -> P1UDT813  ,
P1UDT1720LV ,P1UHS2_1247 ,P1UHS2_1247 -> P1UDT813  ,
P1UDT1721   ,P1UHS1_1247 ,P1UHS1_1247 -> P1UDT1324 ,
P1UDT1721LV ,P1UHS1_1247 ,P1UHS1_1247 -> P1UDT1324 ,
P1UDT1722   ,P1UHS1_1247 ,P1UHS1_1247 -> P1UDT1324 ,
P1UDT1722LV ,P1UHS1_1247 ,P1UHS1_1247 -> P1UDT1324 ,
P1UDT1723   ,P1UHS2_1247 ,P1UHS2_1247 -> P1UDT813  ,
P1UDT1723LV ,P1UHS2_1247 ,P1UHS2_1247 -> P1UDT813  ,
P1UDT1724   ,P1UHS2_1247 ,P1UHS2_1247 -> P1UDT813  ,
P1UDT1724LV ,P1UHS2_1247 ,P1UHS2_1247 -> P1UDT813  ,
P1UDT1725   ,P1UHS2_1247 ,P1UHS2_1247 -> P1UDT813  ,
P1UDT1725LV ,P1UHS2_1247 ,P1UHS2_1247 -> P1UDT813  ,
P1UDT1726   ,P1UHS1_1247 ,P1UHS1_1247 -> P1UDT1324 ,
P1UDT1726LV ,P1UHS1_1247 ,P1UHS1_1247 -> P1UDT1324 ,
P1UDT1727   ,P1UHS2_1247 ,P1UHS2_1247 -> P1UDT813  ,
P1UDT1727LV ,P1UHS2_1247 ,P1UHS2_1247 -> P1UDT813  ,
P1UDT1728   ,P1UHS1_1247 ,P1UHS1_1247 -> P1UDT1324 ,
P1UDT1728LV ,P1UHS1_1247 ,P1UHS1_1247 -> P1UDT1324 ,
P1UDT1729   ,P1UHS1_1247 ,P1UHS1_1247 -> P1UDT1324 ,
P1UDT1729LV ,P1UHS1_1247 ,P1UHS1_1247 -> P1UDT1324 ,
P1UDT1730   ,P1UHS2_1247 ,P1UHS2_1247 -> P1UDT813  ,
P1UDT1730LV ,P1UHS2_1247 ,P1UHS2_1247 -> P1UDT813  ,
P1UDT1731   ,P1UHS1_1247 ,P1UHS1_1247 -> P1UDT1324 ,
P1UDT1731LV ,P1UHS1_1247 ,P1UHS1_1247 -> P1UDT1324 ,
P1UDT1732   ,P1UHS1_1247 ,P1UHS1_1247 -> P1UDT1324 ,
P1UDT1732LV ,P1UHS1_1247 ,P1UHS1_1247 -> P1UDT1324 ,
P1UDT1733   ,P1UHS1_1247 ,P1UHS1_1247 -> P1UDT1324 ,
P1UDT1733LV ,P1UHS1_1247 ,P1UHS1_1247 -> P1UDT1324 ,
P1UDT1734   ,P1UHS1_1247 ,P1UHS1_1247 -> P1UDT1324 ,
P1UDT1734LV ,P1UHS1_1247 ,P1UHS1_1247 -> P1UDT1324 ,
P1UDT1735   ,P1UHS1_1247 ,P1UHS1_1247 -> P1UDT1324 ,
P1UDT1735LV ,P1UHS1_1247 ,P1UHS1_1247 -> P1UDT1324 ,
P1UDT1736   ,P1UHS1_1247 ,P1UHS1_1247 -> P1UDT1324 ,
P1UDT1736LV ,P1UHS1_1247 ,P1UHS1_1247 -> P1UDT1324 ,
P1UDT1737   ,P1UHS2_1247 ,P1UHS2_1247 -> P1UDT813  ,
P1UDT1737LV ,P1UHS2_1247 ,P1UHS2_1247 -> P1UDT813  ,
P1UDT1738   ,P1UHS1_1247 ,P1UHS1_1247 -> P1UDT1324 ,
P1UDT1738LV ,P1UHS1_1247 ,P1UHS1_1247 -> P1UDT1324 ,
P1UDT1739   ,P1UHS1_1247 ,P1UHS1_1247 -> P1UDT1324 ,
P1UDT1739LV ,P1UHS1_1247 ,P1UHS1_1247 -> P1UDT1324 ,
P1UDT1740   ,P1UHS2_1247 ,P1UHS2_1247 -> P1UDT813  ,
P1UDT1740LV ,P1UHS2_1247 ,P1UHS2_1247 -> P1UDT813  ,
P1UDT1741   ,P1UHS1_1247 ,P1UHS1_1247 -> P1UDT1324 ,
P1UDT1741LV ,P1UHS1_1247 ,P1UHS1_1247 -> P1UDT1324 ,
P1UDT1742   ,P1UHS1_1247 ,P1UHS1_1247 -> P1UDT1324 ,
P1UDT1742LV ,P1UHS1_1247 ,P1UHS1_1247 -> P1UDT1324 ,
P1UDT1743   ,P1UHS1_1247 ,P1UHS1_1247 -> P1UDT1324 ,
P1UDT1743LV ,P1UHS1_1247 ,P1UHS1_1247 -> P1UDT1324 ,
P1UDT1744   ,P1UHS1_1247 ,P1UHS1_1247 -> P1UDT1324 ,
P1UDT1744LV ,P1UHS1_1247 ,P1UHS1_1247 -> P1UDT1324 ,
P1UDT1745   ,P1UHS1_1247 ,P1UHS1_1247 -> P1UDT1324 ,
P1UDT1745LV ,P1UHS1_1247 ,P1UHS1_1247 -> P1UDT1324 ,
P1UDT1746   ,P1UHS1_1247 ,P1UHS1_1247 -> P1UDT1324 ,
P1UDT1746LV ,P1UHS1_1247 ,P1UHS1_1247 -> P1UDT1324 ,
P1UDT1747   ,P1UHS1_1247 ,P1UHS1_1247 -> P1UDT1324 ,
P1UDT1747LV ,P1UHS1_1247 ,P1UHS1_1247 -> P1UDT1324 ,
P1UDT1748   ,P1UHS1_1247 ,P1UHS1_1247 -> P1UDT1324 ,
P1UDT1748LV ,P1UHS1_1247 ,P1UHS1_1247 -> P1UDT1324 ,
P1UDT1749   ,P1UHS1_1247 ,P1UHS1_1247 -> P1UDT1324 ,
P1UDT1749LV ,P1UHS1_1247 ,P1UHS1_1247 -> P1UDT1324 ,
P1UDT1750   ,P1UHS1_1247 ,P1UHS1_1247 -> P1UDT1324 ,
P1UDT1750LV ,P1UHS1_1247 ,P1UHS1_1247 -> P1UDT1324 ,
P1UDT1751   ,P1UHS1_1247 ,P1UHS1_1247 -> P1UDT1324 ,
P1UDT1751LV ,P1UHS1_1247 ,P1UHS1_1247 -> P1UDT1324 ,
P1UDT1752   ,P1UHS1_1247 ,P1UHS1_1247 -> P1UDT1324 ,
P1UDT1752LV ,P1UHS1_1247 ,P1UHS1_1247 -> P1UDT1324 ,
P1UDT1753   ,P1UHS1_1247 ,P1UHS1_1247 -> P1UDT1324 ,
P1UDT1753LV ,P1UHS1_1247 ,P1UHS1_1247 -> P1UDT1324 ,
P1UDT1754   ,P1UHS1_1247 ,P1UHS1_1247 -> P1UDT1324 ,
P1UDT1754LV ,P1UHS1_1247 ,P1UHS1_1247 -> P1UDT1324 ,
P1UDT1755   ,P1UHS1_1247 ,P1UHS1_1247 -> P1UDT1324 ,
P1UDT1755LV ,P1UHS1_1247 ,P1UHS1_1247 -> P1UDT1324 ,
P1UDT1756   ,P1UHS1_1247 ,P1UHS1_1247 -> P1UDT1324 ,
P1UDT1756LV ,P1UHS1_1247 ,P1UHS1_1247 -> P1UDT1324 ,
P1UDT1757   ,P1UHS1_1247 ,P1UHS1_1247 -> P1UDT1324 ,
P1UDT1757LV ,P1UHS1_1247 ,P1UHS1_1247 -> P1UDT1324 ,
P1UDT1758   ,P1UHS1_1247 ,P1UHS1_1247 -> P1UDT1324 ,
P1UDT1758LV ,P1UHS1_1247 ,P1UHS1_1247 -> P1UDT1324 ,
P1UDT1759   ,P1UHS1_1247 ,P1UHS1_1247 -> P1UDT1324 ,
P1UDT1759LV ,P1UHS1_1247 ,P1UHS1_1247 -> P1UDT1324 ,
P1UDT1760   ,P1UHS1_1247 ,P1UHS1_1247 -> P1UDT1324 ,
P1UDT1760LV ,P1UHS1_1247 ,P1UHS1_1247 -> P1UDT1324 ,
P1UDT1761   ,P1UHS1_1247 ,P1UHS1_1247 -> P1UDT1324 ,
P1UDT1761LV ,P1UHS1_1247 ,P1UHS1_1247 -> P1UDT1324 ,
P1UDT1762   ,P1UHS1_1247 ,P1UHS1_1247 -> P1UDT1324 ,
P1UDT1762LV ,P1UHS1_1247 ,P1UHS1_1247 -> P1UDT1324 ,
P1UDT1763   ,P1UHS1_1247 ,P1UHS1_1247 -> P1UDT1324 ,
P1UDT1763LV ,P1UHS1_1247 ,P1UHS1_1247 -> P1UDT1324 ,
P1UDT1764   ,P1UHS1_1247 ,P1UHS1_1247 -> P1UDT1324 ,
P1UDT1764LV ,P1UHS1_1247 ,P1UHS1_1247 -> P1UDT1324 ,
P1UDT1765   ,P1UHS1_1247 ,P1UHS1_1247 -> P1UDT1324 ,
P1UDT1765LV ,P1UHS1_1247 ,P1UHS1_1247 -> P1UDT1324 ,
P1UDT1766   ,P1UHS1_1247 ,P1UHS1_1247 -> P1UDT1324 ,
P1UDT1766LV ,P1UHS1_1247 ,P1UHS1_1247 -> P1UDT1324 ,
P1UDT1767   ,P1UHS1_1247 ,P1UHS1_1247 -> P1UDT1324 ,
P1UDT1767LV ,P1UHS1_1247 ,P1UHS1_1247 -> P1UDT1324 ,
P1UDT1768   ,P1UHS1_1247 ,P1UHS1_1247 -> P1UDT1324 ,
P1UDT1768LV ,P1UHS1_1247 ,P1UHS1_1247 -> P1UDT1324 ,
P1UDT1769   ,P1UHS1_1247 ,P1UHS1_1247 -> P1UDT1324 ,
P1UDT1769LV ,P1UHS1_1247 ,P1UHS1_1247 -> P1UDT1324 ,
P1UDT1770   ,P1UHS1_1247 ,P1UHS1_1247 -> P1UDT1324 ,
P1UDT1770LV ,P1UHS1_1247 ,P1UHS1_1247 -> P1UDT1324 ,
P1UDT1771   ,P1UHS1_1247 ,P1UHS1_1247 -> P1UDT1324 ,
P1UDT1771LV ,P1UHS1_1247 ,P1UHS1_1247 -> P1UDT1324 ,
P1UDT1772   ,P1UHS1_1247 ,P1UHS1_1247 -> P1UDT1324 ,
P1UDT1772LV ,P1UHS1_1247 ,P1UHS1_1247 -> P1UDT1324 ,
P1UDT1773   ,P1UHS1_1247 ,P1UHS1_1247 -> P1UDT1324 ,
P1UDT1773LV ,P1UHS1_1247 ,P1UHS1_1247 -> P1UDT1324 ,
P1UDT1774   ,P1UHS1_1247 ,P1UHS1_1247 -> P1UDT1324 ,
P1UDT1774LV ,P1UHS1_1247 ,P1UHS1_1247 -> P1UDT1324 ,
P1UDT1775   ,P1UHS1_1247 ,P1UHS1_1247 -> P1UDT1324 ,
P1UDT1775LV ,P1UHS1_1247 ,P1UHS1_1247 -> P1UDT1324 ,
P1UDT1776   ,P1UHS1_1247 ,P1UHS1_1247 -> P1UDT1324 ,
P1UDT1776LV ,P1UHS1_1247 ,P1UHS1_1247 -> P1UDT1324 ,
P1UDT1777   ,P1UHS1_1247 ,P1UHS1_1247 -> P1UDT1324 ,
P1UDT1777LV ,P1UHS1_1247 ,P1UHS1_1247 -> P1UDT1324 ,
P1UDT1778   ,P1UHS1_1247 ,P1UHS1_1247 -> P1UDT1324 ,
P1UDT1778LV ,P1UHS1_1247 ,P1UHS1_1247 -> P1UDT1324 ,
P1UDT1779   ,P1UHS1_1247 ,P1UHS1_1247 -> P1UDT1324 ,
P1UDT1779LV ,P1UHS1_1247 ,P1UHS1_1247 -> P1UDT1324 ,
P1UDT1780   ,P1UHS1_1247 ,P1UHS1_1247 -> P1UDT1324 ,
P1UDT1780LV ,P1UHS1_1247 ,P1UHS1_1247 -> P1UDT1324 ,
P1UDT1781   ,P1UHS1_1247 ,P1UHS1_1247 -> P1UDT1324 ,
P1UDT1781LV ,P1UHS1_1247 ,P1UHS1_1247 -> P1UDT1324 ,
P1UDT1782   ,P1UHS1_1247 ,P1UHS1_1247 -> P1UDT1324 ,
P1UDT1782LV ,P1UHS1_1247 ,P1UHS1_1247 -> P1UDT1324 ,
P1UDT1783   ,P1UHS1_1247 ,P1UHS1_1247 -> P1UDT1324 ,
P1UDT1783LV ,P1UHS1_1247 ,P1UHS1_1247 -> P1UDT1324 ,
P1UDT1784   ,P1UHS1_1247 ,P1UHS1_1247 -> P1UDT1324 ,
P1UDT1784LV ,P1UHS1_1247 ,P1UHS1_1247 -> P1UDT1324 ,
P1UDT1785   ,P1UHS1_1247 ,P1UHS1_1247 -> P1UDT1324 ,
P1UDT1785LV ,P1UHS1_1247 ,P1UHS1_1247 -> P1UDT1324 ,
P1UDT1786   ,P1UHS1_1247 ,P1UHS1_1247 -> P1UDT1324 ,
P1UDT1786LV ,P1UHS1_1247 ,P1UHS1_1247 -> P1UDT1324 ,
P1UDT1787   ,P1UHS1_1247 ,P1UHS1_1247 -> P1UDT1324 ,
P1UDT1787LV ,P1UHS1_1247 ,P1UHS1_1247 -> P1UDT1324 ,
P1UDT1788   ,P1UHS1_1247 ,P1UHS1_1247 -> P1UDT1324 ,
P1UDT1788LV ,P1UHS1_1247 ,P1UHS1_1247 -> P1UDT1324 ,
P1UDT1789   ,P1UHS1_1247 ,P1UHS1_1247 -> P1UDT1324 ,
P1UDT1789LV ,P1UHS1_1247 ,P1UHS1_1247 -> P1UDT1324 ,
P1UDT1790   ,P1UHS1_1247 ,P1UHS1_1247 -> P1UDT1324 ,
P1UDT1790LV ,P1UHS1_1247 ,P1UHS1_1247 -> P1UDT1324 ,
P1UDT1791   ,P1UHS1_1247 ,P1UHS1_1247 -> P1UDT1324 ,
P1UDT1791LV ,P1UHS1_1247 ,P1UHS1_1247 -> P1UDT1324 ,
P1UDT1792   ,P1UHS1_1247 ,P1UHS1_1247 -> P1UDT1324 ,
P1UDT1792LV ,P1UHS1_1247 ,P1UHS1_1247 -> P1UDT1324 ,
P1UDT1793   ,P1UHS1_1247 ,P1UHS1_1247 -> P1UDT1324 ,
P1UDT1793LV ,P1UHS1_1247 ,P1UHS1_1247 -> P1UDT1324 ,
P1UDT1794   ,P1UHS1_1247 ,P1UHS1_1247 -> P1UDT1324 ,
P1UDT1794LV ,P1UHS1_1247 ,P1UHS1_1247 -> P1UDT1324 ,
P1UDT1795   ,P1UHS1_1247 ,P1UHS1_1247 -> P1UDT1324 ,
P1UDT1795LV ,P1UHS1_1247 ,P1UHS1_1247 -> P1UDT1324 ,
P1UDT1796   ,P1UHS1_1247 ,P1UHS1_1247 -> P1UDT1324 ,
P1UDT1796LV ,P1UHS1_1247 ,P1UHS1_1247 -> P1UDT1324 ,
P1UDT1797   ,P1UHS3_1247 ,P1UHS3_1247 -> P1UDT1824 ,
P1UDT1797LV ,P1UHS3_1247 ,P1UHS3_1247 -> P1UDT1824 ,
P1UDT1798   ,P1UHS3_1247 ,P1UHS3_1247 -> P1UDT1824 ,
P1UDT1798LV ,P1UHS3_1247 ,P1UHS3_1247 -> P1UDT1824 ,
P1UDT1799   ,P1UHS3_1247 ,P1UHS3_1247 -> P1UDT1824 ,
P1UDT1799LV ,P1UHS3_1247 ,P1UHS3_1247 -> P1UDT1824 ,
P1UDT1800   ,P1UHS3_1247 ,P1UHS3_1247 -> P1UDT1824 ,
P1UDT1800LV ,P1UHS3_1247 ,P1UHS3_1247 -> P1UDT1824 ,
P1UDT1801   ,P1UHS3_1247 ,P1UHS3_1247 -> P1UDT1824 ,
P1UDT1801LV ,P1UHS3_1247 ,P1UHS3_1247 -> P1UDT1824 ,
P1UDT1802   ,P1UHS3_1247 ,P1UHS3_1247 -> P1UDT1824 ,
P1UDT1802LV ,P1UHS3_1247 ,P1UHS3_1247 -> P1UDT1824 ,
P1UDT1803   ,P1UHS3_1247 ,P1UHS3_1247 -> P1UDT1824 ,
P1UDT1803LV ,P1UHS3_1247 ,P1UHS3_1247 -> P1UDT1824 ,
P1UDT1804   ,P1UHS3_1247 ,P1UHS3_1247 -> P1UDT1824 ,
P1UDT1804LV ,P1UHS3_1247 ,P1UHS3_1247 -> P1UDT1824 ,
P1UDT1805   ,P1UHS3_1247 ,P1UHS3_1247 -> P1UDT1824 ,
P1UDT1805LV ,P1UHS3_1247 ,P1UHS3_1247 -> P1UDT1824 ,
P1UDT1806   ,P1UHS3_1247 ,P1UHS3_1247 -> P1UDT1824 ,
P1UDT1806LV ,P1UHS3_1247 ,P1UHS3_1247 -> P1UDT1824 ,
P1UDT1807   ,P1UHS3_1247 ,P1UHS3_1247 -> P1UDT1824 ,
P1UDT1807LV ,P1UHS3_1247 ,P1UHS3_1247 -> P1UDT1824 ,
P1UDT1808   ,P1UHS3_1247 ,P1UHS3_1247 -> P1UDT1824 ,
P1UDT1808LV ,P1UHS3_1247 ,P1UHS3_1247 -> P1UDT1824 ,
P1UDT1809   ,P1UHS1_1247 ,P1UHS1_1247 -> P1UDT1324 ,
P1UDT1809LV ,P1UHS1_1247 ,P1UHS1_1247 -> P1UDT1324 ,
P1UDT1810   ,P1UHS1_1247 ,P1UHS1_1247 -> P1UDT1324 ,
P1UDT1810LV ,P1UHS1_1247 ,P1UHS1_1247 -> P1UDT1324 ,
P1UDT1811   ,P1UHS1_1247 ,P1UHS1_1247 -> P1UDT1324 ,
P1UDT1811LV ,P1UHS1_1247 ,P1UHS1_1247 -> P1UDT1324 ,
P1UDT1812   ,P1UHS3_1247 ,P1UHS3_1247 -> P1UDT1824 ,
P1UDT1812LV ,P1UHS3_1247 ,P1UHS3_1247 -> P1UDT1824 ,
P1UDT1813   ,P1UHS3_1247 ,P1UHS3_1247 -> P1UDT1824 ,
P1UDT1813LV ,P1UHS3_1247 ,P1UHS3_1247 -> P1UDT1824 ,
P1UDT1814   ,P1UHS3_1247 ,P1UHS3_1247 -> P1UDT1824 ,
P1UDT1814LV ,P1UHS3_1247 ,P1UHS3_1247 -> P1UDT1824 ,
P1UDT1815   ,P1UHS3_1247 ,P1UHS3_1247 -> P1UDT1824 ,
P1UDT1815LV ,P1UHS3_1247 ,P1UHS3_1247 -> P1UDT1824 ,
P1UDT1816   ,P1UHS3_1247 ,P1UHS3_1247 -> P1UDT1824 ,
P1UDT1816LV ,P1UHS3_1247 ,P1UHS3_1247 -> P1UDT1824 ,
P1UDT1817   ,P1UHS3_1247 ,P1UHS3_1247 -> P1UDT1824 ,
P1UDT1817LV ,P1UHS3_1247 ,P1UHS3_1247 -> P1UDT1824 ,
P1UDT1818   ,P1UHS3_1247 ,P1UHS3_1247 -> P1UDT1824 ,
P1UDT1818LV ,P1UHS3_1247 ,P1UHS3_1247 -> P1UDT1824 ,
P1UDT1819   ,P1UHS3_1247 ,P1UHS3_1247 -> P1UDT1696 ,
P1UDT1819LV ,P1UHS3_1247 ,P1UHS3_1247 -> P1UDT1696 ,
P1UDT1820   ,P1UHS3_1247 ,P1UHS3_1247 -> P1UDT1824 ,
P1UDT1820LV ,P1UHS3_1247 ,P1UHS3_1247 -> P1UDT1824 ,
P1UDT1821   ,P1UHS3_1247 ,P1UHS3_1247 -> P1UDT1824 ,
P1UDT1821LV ,P1UHS3_1247 ,P1UHS3_1247 -> P1UDT1824 ,
P1UDT1822   ,P1UHS3_1247 ,P1UHS3_1247 -> P1UDT1824 ,
P1UDT1822LV ,P1UHS3_1247 ,P1UHS3_1247 -> P1UDT1824 ,
P1UDT1823   ,P1UHS3_1247 ,P1UHS3_1247 -> P1UDT1824 ,
P1UDT1823LV ,P1UHS3_1247 ,P1UHS3_1247 -> P1UDT1824 ,
P1UDT1824   ,P1UHS3_1247 ,P1UHS3_1247 -> P1UDT1824 ,
P1UDT1824LV ,P1UHS3_1247 ,P1UHS3_1247 -> P1UDT1824 ,
P1UDT1825   ,P1UHS1_1247 ,P1UHS1_1247 -> P1UDT716  ,
P1UDT1825LV ,P1UHS1_1247 ,P1UHS1_1247 -> P1UDT716  ,
P1UDT1826   ,P1UHS1_1247 ,P1UHS1_1247 -> P1UDT716  ,
P1UDT1826LV ,P1UHS1_1247 ,P1UHS1_1247 -> P1UDT716  ,
P1UDT1827   ,P1UHS1_1247 ,P1UHS1_1247 -> P1UDT716  ,
P1UDT1827LV ,P1UHS1_1247 ,P1UHS1_1247 -> P1UDT716  ,
P1UDT1828   ,P1UHS1_1247 ,P1UHS1_1247 -> P1UDT716  ,
P1UDT1828LV ,P1UHS1_1247 ,P1UHS1_1247 -> P1UDT716  ,
P1UDT1829   ,P1UHS1_1247 ,P1UHS1_1247 -> P1UDT716  ,
P1UDT1829LV ,P1UHS1_1247 ,P1UHS1_1247 -> P1UDT716  ,
P1UDT1830   ,P1UHS1_1247 ,P1UHS1_1247 -> P1UDT1324 ,
P1UDT1830LV ,P1UHS1_1247 ,P1UHS1_1247 -> P1UDT1324 ,
P1UDT1831   ,P1UHS1_1247 ,P1UHS1_1247 -> P1UDT716  ,
P1UDT1831LV ,P1UHS1_1247 ,P1UHS1_1247 -> P1UDT716  ,
P1UDT1832   ,P1UHS1_1247 ,P1UHS1_1247 -> P1UDT1324 ,
P1UDT1832LV ,P1UHS1_1247 ,P1UHS1_1247 -> P1UDT1324 ,
P1UDT1833   ,P1UHS1_1247 ,P1UHS1_1247 -> P1UDT716  ,
P1UDT1833LV ,P1UHS1_1247 ,P1UHS1_1247 -> P1UDT716  ,
P1UDT1834   ,P1UHS1_1247 ,P1UHS1_1247 -> P1UDT716  ,
P1UDT1834LV ,P1UHS1_1247 ,P1UHS1_1247 -> P1UDT716  ,
P1UDT1835   ,P1UHS1_1247 ,P1UHS1_1247 -> P1UDT1324 ,
P1UDT1835LV ,P1UHS1_1247 ,P1UHS1_1247 -> P1UDT1324 ,
P1UDT1836   ,P1UHS1_1247 ,P1UHS1_1247 -> P1UDT1324 ,
P1UDT1836LV ,P1UHS1_1247 ,P1UHS1_1247 -> P1UDT1324 ,
P1UDT1837   ,P1UHS1_1247 ,P1UHS1_1247 -> P1UDT1324 ,
P1UDT1837LV ,P1UHS1_1247 ,P1UHS1_1247 -> P1UDT1324 ,
P1UDT1838   ,P1UHS1_1247 ,P1UHS1_1247 -> P1UDT1324 ,
P1UDT1838LV ,P1UHS1_1247 ,P1UHS1_1247 -> P1UDT1324 ,
P1UDT1839   ,P1UHS1_1247 ,P1UHS1_1247 -> P1UDT716  ,
P1UDT1839LV ,P1UHS1_1247 ,P1UHS1_1247 -> P1UDT716  ,
P1UDT1840   ,P1UHS1_1247 ,P1UHS1_1247 -> P1UDT1324 ,
P1UDT1840LV ,P1UHS1_1247 ,P1UHS1_1247 -> P1UDT1324 ,
P1UDT1841   ,P1UHS1_1247 ,P1UHS1_1247 -> P1UDT1324 ,
P1UDT1841LV ,P1UHS1_1247 ,P1UHS1_1247 -> P1UDT1324 ,
P1UDT1842   ,P1UHS1_1247 ,P1UHS1_1247 -> P1UDT1324 ,
P1UDT1842LV ,P1UHS1_1247 ,P1UHS1_1247 -> P1UDT1324 ,
P1UDT1843   ,P1UHS1_1247 ,P1UHS1_1247 -> P1UDT1324 ,
P1UDT1843LV ,P1UHS1_1247 ,P1UHS1_1247 -> P1UDT1324 ,
P1UDT1844   ,P1UHS1_1247 ,P1UHS1_1247 -> P1UDT1324 ,
P1UDT1844LV ,P1UHS1_1247 ,P1UHS1_1247 -> P1UDT1324 ,
P1UDT1845   ,P1UHS1_1247 ,P1UHS1_1247 -> P1UDT1324 ,
P1UDT1845LV ,P1UHS1_1247 ,P1UHS1_1247 -> P1UDT1324 ,
P1UDT1846   ,P1UHS1_1247 ,P1UHS1_1247 -> P1UDT1324 ,
P1UDT1846LV ,P1UHS1_1247 ,P1UHS1_1247 -> P1UDT1324 ,
P1UDT1847   ,P1UHS1_1247 ,P1UHS1_1247 -> P1UDT1324 ,
P1UDT1847LV ,P1UHS1_1247 ,P1UHS1_1247 -> P1UDT1324 ,
P1UDT1848   ,P1UHS1_1247 ,P1UHS1_1247 -> P1UDT1324 ,
P1UDT1848LV ,P1UHS1_1247 ,P1UHS1_1247 -> P1UDT1324 ,
P1UDT1849   ,P1UHS1_1247 ,P1UHS1_1247 -> P1UDT1324 ,
P1UDT1849LV ,P1UHS1_1247 ,P1UHS1_1247 -> P1UDT1324 ,
P1UDT1850   ,P1UHS1_1247 ,P1UHS1_1247 -> P1UDT1324 ,
P1UDT1850LV ,P1UHS1_1247 ,P1UHS1_1247 -> P1UDT1324 ,
P1UDT1851   ,P1UHS3_1247 ,P1UHS3_1247 -> P1UDT1696 ,
P1UDT1851LV ,P1UHS3_1247 ,P1UHS3_1247 -> P1UDT1696 ,
P1UDT1852   ,P1UHS3_1247 ,P1UHS3_1247 -> P1UDT1696 ,
P1UDT1852LV ,P1UHS3_1247 ,P1UHS3_1247 -> P1UDT1696 ,
P1UDT1853   ,P1UHS1_1247 ,P1UHS1_1247 -> P1UDT716  ,
P1UDT1853LV ,P1UHS1_1247 ,P1UHS1_1247 -> P1UDT716  ,
P1UDT1854   ,P1UHS1_1247 ,P1UHS1_1247 -> P1UDT716  ,
P1UDT1854LV ,P1UHS1_1247 ,P1UHS1_1247 -> P1UDT716  ,
P1UDT1855   ,P1UHS1_1247 ,P1UHS1_1247 -> P1UDT716  ,
P1UDT1855LV ,P1UHS1_1247 ,P1UHS1_1247 -> P1UDT716  ,
P1UDT1856   ,P1UHS1_1247 ,P1UHS1_1247 -> P1UDT1324 ,
P1UDT1856LV ,P1UHS1_1247 ,P1UHS1_1247 -> P1UDT1324 ,
P1UDT1857   ,P1UHS1_1247 ,P1UHS1_1247 -> P1UDT1324 ,
P1UDT1857LV ,P1UHS1_1247 ,P1UHS1_1247 -> P1UDT1324 ,
P1UDT1858   ,P1UHS1_1247 ,P1UHS1_1247 -> P1UDT1324 ,
P1UDT1858LV ,P1UHS1_1247 ,P1UHS1_1247 -> P1UDT1324 ,
P1UDT1859   ,P1UHS1_1247 ,P1UHS1_1247 -> P1UDT1324 ,
P1UDT1859LV ,P1UHS1_1247 ,P1UHS1_1247 -> P1UDT1324 ,
P1UDT1860   ,P1UHS1_1247 ,P1UHS1_1247 -> P1UDT1324 ,
P1UDT1860LV ,P1UHS1_1247 ,P1UHS1_1247 -> P1UDT1324 ,
P1UDT1861   ,P1UHS1_1247 ,P1UHS1_1247 -> P1UDT1324 ,
P1UDT1861LV ,P1UHS1_1247 ,P1UHS1_1247 -> P1UDT1324 ,
P1UDT1862   ,P1UHS1_1247 ,P1UHS1_1247 -> P1UDT716  ,
P1UDT1862LV ,P1UHS1_1247 ,P1UHS1_1247 -> P1UDT716  ,
P1UDT1863   ,P1UHS1_1247 ,P1UHS1_1247 -> P1UDT1324 ,
P1UDT1863LV ,P1UHS1_1247 ,P1UHS1_1247 -> P1UDT1324 ,
P1UDT1864   ,P1UHS1_1247 ,P1UHS1_1247 -> P1UDT1324 ,
P1UDT1864LV ,P1UHS1_1247 ,P1UHS1_1247 -> P1UDT1324 ,
P1UDT1865   ,P1UHS1_1247 ,P1UHS1_1247 -> P1UDT1324 ,
P1UDT1865LV ,P1UHS1_1247 ,P1UHS1_1247 -> P1UDT1324 ,
P1UDT1866   ,P1UHS1_1247 ,P1UHS1_1247 -> P1UDT1324 ,
P1UDT1866LV ,P1UHS1_1247 ,P1UHS1_1247 -> P1UDT1324 ,
P1UDT1867   ,P1UHS1_1247 ,P1UHS1_1247 -> P1UDT1324 ,
P1UDT1867LV ,P1UHS1_1247 ,P1UHS1_1247 -> P1UDT1324 ,
P1UDT1868   ,P1UHS1_1247 ,P1UHS1_1247 -> P1UDT1324 ,
P1UDT1868LV ,P1UHS1_1247 ,P1UHS1_1247 -> P1UDT1324 ,
P1UDT1869   ,P1UHS1_1247 ,P1UHS1_1247 -> P1UDT1324 ,
P1UDT1869LV ,P1UHS1_1247 ,P1UHS1_1247 -> P1UDT1324 ,
P1UDT1870   ,P1UHS1_1247 ,P1UHS1_1247 -> P1UDT1324 ,
P1UDT1870LV ,P1UHS1_1247 ,P1UHS1_1247 -> P1UDT1324 ,
P1UDT1871   ,P1UHS1_1247 ,P1UHS1_1247 -> P1UDT1324 ,
P1UDT1871LV ,P1UHS1_1247 ,P1UHS1_1247 -> P1UDT1324 ,
P1UDT1872   ,P1UHS1_1247 ,P1UHS1_1247 -> P1UDT1324 ,
P1UDT1872LV ,P1UHS1_1247 ,P1UHS1_1247 -> P1UDT1324 ,
P1UHS0_69   ,True        ,True                     ,
P1UHS0_1247 ,True        ,True                     ,
P1UHS1_69   ,True        ,True                     ,
P1UHS1_1247 ,True        ,True                     ,
P1UHS2_69   ,True        ,True                     ,
P1UHS2_1247 ,True        ,True                     ,
P1UHS3_69   ,True        ,True                     ,
P1UHS3_1247 ,True        ,True                     ,
P1UTS0_69   ,True        ,True                     ,