Node_A,Node_B,
SM1     ,SM2     ,
SM1     ,SM3     ,
SM122   ,SM126   ,
SM122   ,SM137   ,
SM1250  ,SM1254  ,
SM1250  ,SM1332  ,
SM1617  ,SM1669  ,
SM2912  ,SM2844  ,
SM2912  ,SM3179  ,
SM10778 ,SM11047 ,
SM10778 ,SM11492 ,
SM11492 ,SM11501 ,
SM12643 ,SM12711 ,
SM12643 ,SM12811 ,
SM12811 ,SM12711 ,
SM12811 ,SM12860 ,
SM20001 ,SM19988 ,
SM20001 ,SM20004 ,
SM20004 ,SM20003 ,
SM20000 ,SM19997 ,
SM20000 ,SM19998 ,
SM19998 ,SM19996 ,
SM19998 ,SM19991 ,
SM19991 ,SM19992 ,
SM19991 ,SM19987 ,
SM19987 ,SM19953 ,
SM19732 ,SM19740 ,
SM19732 ,SM19718 ,
SM19732 ,SM19724 ,
SM19724 ,SM19712 ,
SM19724 ,SM19682 ,
SM19682 ,SM19693 ,
SM19682 ,SM19672 ,
SM19682 ,SM19637 ,
SM19637 ,SM19652 ,
SM19637 ,SM19632 ,
SM19637 ,SM19598 ,
SM19598 ,SM19608 ,
SM19598 ,SM19582 ,
SM18004 ,SM18005 ,
SM18004 ,SM17991 ,
SM17991 ,SM17981 ,
SM6645  ,SM6593  ,
SM6645  ,SM5958  ,
SM5629  ,SM5845  ,
SM5629  ,SM5586  ,
SM3418  ,SM3390  ,
SM334   ,SM960   ,
SM334   ,SM345   ,
SM54    ,SM57    ,
SM54    ,SM47    ,
SM23    ,SM26    ,
SM23    ,SM19    ,
SM23    ,SM12    ,
SM12    ,SM13    ,
SM12    ,SM9     ,
SM12    ,SM2     ,
SM2     ,SM9     ,
SM3     ,SM4     ,
SM5     ,SM4     ,
SM5     ,SM7     ,
SM5     ,SM10    ,
SM10    ,SM11    ,
SM61    ,SM78    ,
SM140   ,SM115   ,
SM140   ,SM150   ,
SM140   ,SM194   ,
SM137   ,SM148   ,
SM137   ,SM144   ,
SM144   ,SM148   ,
SM144   ,SM162   ,
SM311   ,SM270   ,
SM311   ,SM276   ,
SM311   ,SM346   ,
SM662   ,SM632   ,
SM662   ,SM697   ,
SM906   ,SM908   ,
SM1254  ,SM1260  ,
SM1332  ,SM1413  ,
SM1413  ,SM1485  ,
SM1673  ,SM1677  ,
SM1673  ,SM1711  ,
SM1669  ,SM1707  ,
SM1853  ,SM1824  ,
SM1853  ,SM1889  ,
SM1889  ,SM1921  ,
SM1921  ,SM1968  ,
SM1921  ,SM1961  ,
SM1961  ,SM2007  ,
SM2007  ,SM2058  ,
SM2058  ,SM2103  ,
SM2103  ,SM2145  ,
SM2145  ,SM2182  ,
SM2182  ,SM2230  ,
SM2230  ,SM2281  ,
SM2281  ,SM2333  ,
SM2333  ,SM2379  ,
SM2379  ,SM2430  ,
SM2430  ,SM2474  ,
SM2474  ,SM2529  ,
SM2529  ,SM2585  ,
SM2585  ,SM2638  ,
SM2638  ,SM2684  ,
SM2684  ,SM2744  ,
SM2744  ,SM2793  ,
SM2793  ,SM2844  ,
SM3270  ,SM3357  ,
SM3270  ,SM3326  ,
SM3270  ,SM3179  ,
SM3179  ,SM3281  ,
SM3457  ,SM3362  ,
SM3457  ,SM3517  ,
SM3457  ,SM3570  ,
SM3570  ,SM3616  ,
SM3570  ,SM3665  ,
SM9228  ,SM8090  ,
SM9228  ,SM9395  ,
SM9833  ,SM9694  ,
SM9833  ,SM9840  ,
SM9833  ,SM10070 ,
SM10070 ,SM10292 ,
SM10292 ,SM10512 ,
SM10512 ,SM10768 ,
SM10768 ,SM11018 ,
SM11018 ,SM11237 ,
SM11047 ,SM11273 ,
SM11501 ,SM11508 ,
SM11763 ,SM11997 ,
SM11997 ,SM12217 ,
SM12217 ,SM12409 ,
SM12409 ,SM12598 ,
SM12711 ,SM12744 ,
SM12744 ,SM12786 ,
SM12744 ,SM12860 ,
SM12860 ,SM12911 ,
SM13481 ,SM13427 ,
SM13481 ,SM13443 ,
SM13481 ,SM13517 ,
SM13611 ,SM13581 ,
SM13611 ,SM13535 ,
SM18935 ,SM18907 ,
SM19988 ,SM19978 ,
SM19978 ,SM19975 ,
SM19979 ,SM19980 ,
SM20003 ,SM20002 ,
SM20002 ,SM19999 ,
SM19997 ,SM19995 ,
SM19996 ,SM19994 ,
SM19994 ,SM19992 ,
SM19967 ,SM19968 ,
SM19967 ,SM19965 ,
SM19965 ,SM19964 ,
SM19964 ,SM19962 ,
SM19962 ,SM19961 ,
SM19961 ,SM19959 ,
SM19959 ,SM19958 ,
SM19953 ,SM19951 ,
SM19909 ,SM19902 ,
SM19839 ,SM19829 ,
SM19839 ,SM19773 ,
SM19799 ,SM19798 ,
SM19799 ,SM19791 ,
SM19799 ,SM19800 ,
SM19800 ,SM19791 ,
SM19791 ,SM19786 ,
SM19786 ,SM19780 ,
SM19780 ,SM19775 ,
SM19775 ,SM19770 ,
SM19770 ,SM19762 ,
SM19762 ,SM19758 ,
SM19758 ,SM19749 ,
SM19749 ,SM19744 ,
SM19744 ,SM19740 ,
SM19740 ,SM19718 ,
SM19718 ,SM19706 ,
SM19712 ,SM19702 ,
SM19702 ,SM19693 ,
SM19675 ,SM19689 ,
SM19689 ,SM19706 ,
SM19675 ,SM19660 ,
SM19660 ,SM19644 ,
SM19672 ,SM19662 ,
SM19662 ,SM19652 ,
SM19536 ,SM19521 ,
SM19536 ,SM19552 ,
SM19552 ,SM19567 ,
SM19632 ,SM19619 ,
SM19619 ,SM19608 ,
SM19582 ,SM19567 ,
SM18005 ,SM17999 ,
SM17981 ,SM17977 ,
SM17981 ,SM17973 ,
SM17981 ,SM17962 ,
SM17948 ,SM17962 ,
SM17948 ,SM17936 ,
SM17628 ,SM17675 ,
SM17628 ,SM17600 ,
SM17600 ,SM17579 ,
SM17579 ,SM17554 ,
SM17554 ,SM17524 ,
SM17524 ,SM17500 ,
SM17500 ,SM17475 ,
SM17212 ,SM17284 ,
SM17212 ,SM17147 ,
SM17147 ,SM17082 ,
SM17082 ,SM17005 ,
SM17005 ,SM16888 ,
SM16888 ,SM16828 ,
SM15969 ,SM16009 ,
SM15137 ,SM15212 ,
SM15137 ,SM15062 ,
SM15062 ,SM14925 ,
SM15062 ,SM15009 ,
SM15009 ,SM14925 ,
SM14925 ,SM14739 ,
SM14925 ,SM14828 ,
SM14828 ,SM14739 ,
SM14739 ,SM14569 ,
SM14739 ,SM14649 ,
SM13220 ,SM13153 ,
SM10253 ,SM10358 ,
SM10253 ,SM10217 ,
SM9345  ,SM9527  ,
SM9345  ,SM9388  ,
SM6593  ,SM6526  ,
SM5958  ,SM5922  ,
SM5958  ,SM5845  ,
SM5845  ,SM5811  ,
SM5586  ,SM5811  ,
SM5586  ,SM5552  ,
SM5552  ,SM5781  ,
SM5552  ,SM5518  ,
SM3774  ,SM3870  ,
SM3774  ,SM3663  ,
SM3603  ,SM3663  ,
SM3603  ,SM3535  ,
SM3483  ,SM3535  ,
SM3483  ,SM3431  ,
SM3382  ,SM3376  ,
SM3382  ,SM3390  ,
SM960   ,SM957   ,
SM345   ,SM357   ,
SM83    ,SM90    ,
SM83    ,SM65    ,
SM57    ,SM60    ,
SM57    ,SM47    ,
SM47    ,SM39    ,
SM27    ,SM30    ,
SM27    ,SM26    ,
SM15    ,SM16    ,
SM16    ,SM17    ,
SM17    ,SM20    ,
SM17    ,SM18    ,
SM18    ,SM20    ,
SM20    ,SM21    ,
SM21    ,SM22    ,
SM22    ,SM24    ,
SM24    ,SM25    ,
SM25    ,SM29    ,
SM28    ,SM32    ,
SM73    ,SM70    ,
SM73    ,SM76    ,
SM76    ,SM80    ,
SM80    ,SM82    ,
SM82    ,SM87    ,
SM87    ,SM89    ,
SM89    ,SM93    ,
SM93    ,SM95    ,
SM78    ,SM94    ,
SM99    ,SM94    ,
SM99    ,SM97    ,
SM99    ,SM103   ,
SM103   ,SM106   ,
SM106   ,SM109   ,
SM109   ,SM110   ,
SM110   ,SM114   ,
SM115   ,SM123   ,
SM150   ,SM166   ,
SM194   ,SM205   ,
SM194   ,SM244   ,
SM356   ,SM302   ,
SM356   ,SM371   ,
SM356   ,SM413   ,
SM413   ,SM430   ,
SM413   ,SM498   ,
SM498   ,SM528   ,
SM498   ,SM581   ,
SM651   ,SM665   ,
SM651   ,SM759   ,
SM843   ,SM852   ,
SM843   ,SM1021  ,
SM1021  ,SM1064  ,
SM1021  ,SM1054  ,
SM1021  ,SM1041  ,
SM1477  ,SM1510  ,
SM1477  ,SM1609  ,
SM1477  ,SM1575  ,
SM158   ,SM172   ,
SM158   ,SM156   ,
SM156   ,SM172   ,
SM156   ,SM154   ,
SM154   ,SM151   ,
SM151   ,SM149   ,
SM149   ,SM148   ,
SM210   ,SM197   ,
SM210   ,SM226   ,
SM226   ,SM242   ,
SM289   ,SM290   ,
SM289   ,SM288   ,
SM288   ,SM286   ,
SM286   ,SM284   ,
SM284   ,SM281   ,
SM281   ,SM279   ,
SM279   ,SM278   ,
SM278   ,SM277   ,
SM277   ,SM276   ,
SM346   ,SM372   ,
SM428   ,SM429   ,
SM632   ,SM634   ,
SM634   ,SM635   ,
SM697   ,SM731   ,
SM731   ,SM768   ,
SM908   ,SM912   ,
SM1286  ,SM1291  ,
SM1286  ,SM1283  ,
SM1283  ,SM1278  ,
SM1278  ,SM1275  ,
SM1275  ,SM1269  ,
SM1269  ,SM1268  ,
SM1485  ,SM1577  ,
SM1677  ,SM1682  ,
SM1711  ,SM1752  ,
SM1707  ,SM1752  ,
SM1824  ,SM1790  ,
SM1831  ,SM1793  ,
SM1793  ,SM1790  ,
SM1793  ,SM1752  ,
SM1752  ,SM1790  ,
SM1831  ,SM1865  ,
SM2024  ,SM2107  ,
SM2024  ,SM2088  ,
SM2024  ,SM1968  ,
SM2088  ,SM2164  ,
SM2088  ,SM2149  ,
SM2149  ,SM2233  ,
SM2149  ,SM2206  ,
SM2206  ,SM2307  ,
SM2307  ,SM2233  ,
SM2307  ,SM2389  ,
SM2389  ,SM2320  ,
SM2389  ,SM2484  ,
SM2881  ,SM2822  ,
SM2881  ,SM2943  ,
SM2943  ,SM2995  ,
SM2995  ,SM3038  ,
SM3038  ,SM3082  ,
SM3082  ,SM3120  ,
SM3120  ,SM3167  ,
SM3167  ,SM3210  ,
SM3210  ,SM3263  ,
SM3263  ,SM3305  ,
SM3305  ,SM3350  ,
SM3357  ,SM3449  ,
SM3357  ,SM3422  ,
SM3374  ,SM3422  ,
SM3374  ,SM3413  ,
SM3374  ,SM3326  ,
SM3326  ,SM3362  ,
SM3326  ,SM3281  ,
SM3281  ,SM3362  ,
SM3362  ,SM3413  ,
SM3517  ,SM3584  ,
SM3517  ,SM3616  ,
SM3616  ,SM3659  ,
SM3616  ,SM3665  ,
SM3665  ,SM3760  ,
SM4418  ,SM4471  ,
SM8090  ,SM8097  ,
SM8799  ,SM8693  ,
SM8799  ,SM8891  ,
SM8891  ,SM8988  ,
SM8988  ,SM9099  ,
SM9099  ,SM9191  ,
SM9191  ,SM9276  ,
SM9649  ,SM9668  ,
SM9649  ,SM9631  ,
SM9631  ,SM9618  ,
SM9395  ,SM9598  ,
SM9598  ,SM9618  ,
SM9598  ,SM9694  ,
SM9694  ,SM9840  ,
SM9840  ,SM9853  ,
SM9853  ,SM9865  ,
SM9865  ,SM9885  ,
SM9885  ,SM9896  ,
SM10711 ,SM10728 ,
SM11070 ,SM10835 ,
SM11070 ,SM11270 ,
SM11270 ,SM11394 ,
SM11237 ,SM11460 ,
SM11536 ,SM11544 ,
SM11896 ,SM11650 ,
SM11896 ,SM12128 ,
SM12128 ,SM12336 ,
SM12336 ,SM12522 ,
SM12522 ,SM12715 ,
SM12786 ,SM12807 ,
SM12911 ,SM12807 ,
SM12911 ,SM12963 ,
SM12963 ,SM12852 ,
SM12963 ,SM13016 ,
SM13427 ,SM13355 ,
SM13443 ,SM13293 ,
SM13443 ,SM13517 ,
SM13517 ,SM13453 ,
SM13517 ,SM13540 ,
SM13517 ,SM13581 ,
SM13581 ,SM13540 ,
SM13581 ,SM13470 ,
SM13470 ,SM13453 ,
SM13470 ,SM13321 ,
SM13470 ,SM13480 ,
SM13480 ,SM13333 ,
SM13480 ,SM13535 ,
SM13535 ,SM13548 ,
SM13548 ,SM13557 ,
SM13557 ,SM13569 ,
SM13569 ,SM13583 ,
SM13583 ,SM13587 ,
SM13587 ,SM13594 ,
SM13594 ,SM13606 ,
SM13638 ,SM13620 ,
SM13638 ,SM13528 ,
SM13638 ,SM13621 ,
SM15085 ,SM14994 ,
SM15770 ,SM15667 ,
SM15770 ,SM15778 ,
SM15778 ,SM15787 ,
SM15787 ,SM15702 ,
SM15787 ,SM15798 ,
SM15798 ,SM15702 ,
SM15798 ,SM15803 ,
SM15803 ,SM15809 ,
SM15809 ,SM15722 ,
SM15954 ,SM15945 ,
SM18340 ,SM18305 ,
SM18907 ,SM18876 ,
SM18806 ,SM18841 ,
SM18806 ,SM18807 ,
SM18806 ,SM18791 ,
SM18936 ,SM18924 ,
SM18936 ,SM18945 ,
SM19515 ,SM19486 ,
SM19515 ,SM19670 ,
SM19670 ,SM19650 ,
SM19670 ,SM19813 ,
SM19813 ,SM19796 ,
SM19813 ,SM19862 ,
SM19880 ,SM19875 ,
SM19880 ,SM19876 ,
SM19975 ,SM19972 ,
SM19972 ,SM19969 ,
SM19969 ,SM19966 ,
SM19973 ,SM19971 ,
SM19973 ,SM19974 ,
SM19974 ,SM19976 ,
SM19980 ,SM19981 ,
SM19999 ,SM19989 ,
SM19995 ,SM19993 ,
SM19993 ,SM19990 ,
SM19990 ,SM19986 ,
SM19986 ,SM19985 ,
SM19976 ,SM19977 ,
SM19981 ,SM19982 ,
SM19985 ,SM19984 ,
SM19977 ,SM19984 ,
SM19982 ,SM19983 ,
SM19983 ,SM19984 ,
SM19971 ,SM19970 ,
SM19970 ,SM19968 ,
SM19963 ,SM19966 ,
SM19963 ,SM19960 ,
SM19960 ,SM19957 ,
SM19957 ,SM19956 ,
SM19956 ,SM19954 ,
SM19956 ,SM19955 ,
SM19955 ,SM19954 ,
SM19954 ,SM19952 ,
SM19947 ,SM19943 ,
SM19947 ,SM19946 ,
SM19946 ,SM19945 ,
SM19945 ,SM19944 ,
SM19944 ,SM19941 ,
SM19951 ,SM19949 ,
SM19949 ,SM19940 ,
SM19940 ,SM19933 ,
SM19933 ,SM19926 ,
SM19902 ,SM19896 ,
SM19765 ,SM19747 ,
SM19765 ,SM19753 ,
SM19753 ,SM19743 ,
SM19743 ,SM19731 ,
SM19809 ,SM19795 ,
SM19809 ,SM19818 ,
SM19818 ,SM19829 ,
SM19773 ,SM19761 ,
SM19783 ,SM19769 ,
SM19783 ,SM19789 ,
SM19789 ,SM19794 ,
SM19794 ,SM19798 ,
SM19794 ,SM19797 ,
SM19797 ,SM19798 ,
SM19754 ,SM19769 ,
SM19754 ,SM19742 ,
SM19742 ,SM19726 ,
SM19599 ,SM19585 ,
SM19599 ,SM19615 ,
SM19615 ,SM19631 ,
SM19631 ,SM19644 ,
SM19495 ,SM19478 ,
SM19495 ,SM19521 ,
SM17999 ,SM17988 ,
SM17977 ,SM17988 ,
SM17977 ,SM17962 ,
SM17977 ,SM17973 ,
SM17973 ,SM17962 ,
SM17917 ,SM17898 ,
SM17917 ,SM17926 ,
SM17926 ,SM17936 ,
SM17741 ,SM17768 ,
SM17741 ,SM17708 ,
SM17708 ,SM17675 ,
SM17243 ,SM17239 ,
SM17243 ,SM17233 ,
SM17395 ,SM17361 ,
SM17395 ,SM17396 ,
SM17395 ,SM17418 ,
SM17475 ,SM17443 ,
SM17284 ,SM17347 ,
SM17286 ,SM17327 ,
SM17286 ,SM17237 ,
SM17237 ,SM17186 ,
SM17186 ,SM17120 ,
SM17120 ,SM17080 ,
SM17080 ,SM17024 ,
SM17024 ,SM16947 ,
SM16828 ,SM16756 ,
SM16756 ,SM16681 ,
SM16681 ,SM16611 ,
SM16611 ,SM16558 ,
SM16558 ,SM16512 ,
SM16512 ,SM16451 ,
SM16378 ,SM16451 ,
SM16378 ,SM16296 ,
SM16296 ,SM16194 ,
SM16009 ,SM16071 ,
SM15832 ,SM15873 ,
SM15832 ,SM15739 ,
SM15832 ,SM15796 ,
SM15796 ,SM15739 ,
SM15739 ,SM15688 ,
SM15688 ,SM15624 ,
SM15624 ,SM15570 ,
SM15570 ,SM15477 ,
SM15477 ,SM15398 ,
SM15398 ,SM15307 ,
SM15307 ,SM15212 ,
SM16035 ,SM16033 ,
SM16035 ,SM16037 ,
SM16037 ,SM16039 ,
SM16039 ,SM16040 ,
SM14569 ,SM14475 ,
SM14475 ,SM14258 ,
SM14475 ,SM14395 ,
SM14395 ,SM14258 ,
SM14395 ,SM14319 ,
SM14319 ,SM14258 ,
SM14258 ,SM14196 ,
SM14196 ,SM14119 ,
SM14119 ,SM14039 ,
SM14039 ,SM13962 ,
SM13962 ,SM13872 ,
SM13872 ,SM13787 ,
SM13787 ,SM13675 ,
SM13153 ,SM13086 ,
SM13153 ,SM12978 ,
SM12978 ,SM13086 ,
SM12978 ,SM12964 ,
SM11143 ,SM11045 ,
SM11045 ,SM10822 ,
SM10358 ,SM10442 ,
SM10358 ,SM10217 ,
SM10217 ,SM10102 ,
SM10217 ,SM10059 ,
SM10059 ,SM10102 ,
SM10059 ,SM9527  ,
SM9527  ,SM9421  ,
SM9527  ,SM9388  ,
SM9388  ,SM9421  ,
SM8656  ,SM8563  ,
SM7658  ,SM7786  ,
SM7658  ,SM7558  ,
SM7558  ,SM7466  ,
SM7466  ,SM7359  ,
SM7359  ,SM7276  ,
SM7228  ,SM7276  ,
SM7228  ,SM7184  ,
SM7228  ,SM7086  ,
SM7086  ,SM6982  ,
SM7086  ,SM6971  ,
SM6931  ,SM6971  ,
SM6931  ,SM6799  ,
SM6799  ,SM6725  ,
SM6799  ,SM6727  ,
SM6691  ,SM6715  ,
SM6691  ,SM6561  ,
SM6308  ,SM6226  ,
SM6308  ,SM6389  ,
SM6389  ,SM6430  ,
SM6430  ,SM6468  ,
SM6468  ,SM6526  ,
SM5922  ,SM5858  ,
SM5922  ,SM5811  ,
SM5811  ,SM5781  ,
SM5781  ,SM5858  ,
SM5781  ,SM5744  ,
SM5518  ,SM5744  ,
SM5518  ,SM5485  ,
SM3870  ,SM3940  ,
SM3531  ,SM3670  ,
SM3531  ,SM3440  ,
SM3440  ,SM3363  ,
SM3288  ,SM3363  ,
SM3288  ,SM3235  ,
SM3288  ,SM3266  ,
SM3288  ,SM3201  ,
SM3201  ,SM3266  ,
SM3201  ,SM3244  ,
SM3201  ,SM3235  ,
SM3201  ,SM3102  ,
SM3102  ,SM3004  ,
SM3004  ,SM2835  ,
SM3431  ,SM3405  ,
SM3405  ,SM3376  ,
SM2113  ,SM2237  ,
SM2113  ,SM1986  ,
SM1986  ,SM1875  ,
SM1875  ,SM1775  ,
SM1775  ,SM1727  ,
SM1775  ,SM1719  ,
SM957   ,SM952   ,
SM357   ,SM368   ,
SM90    ,SM98    ,
SM90    ,SM71    ,
SM71    ,SM77    ,
SM77    ,SM98    ,
SM77    ,SM84    ,
SM84    ,SM105   ,
SM84    ,SM91    ,
SM91    ,SM111   ,
SM91    ,SM100   ,
SM100   ,SM117   ,
SM100   ,SM108   ,
SM108   ,SM120   ,
SM108   ,SM112   ,
SM112   ,SM127   ,
SM112   ,SM118   ,
SM118   ,SM134   ,
SM118   ,SM124   ,
SM29    ,SM31    ,
SM31    ,SM33    ,
SM33    ,SM34    ,
SM34    ,SM35    ,
SM35    ,SM37    ,
SM37    ,SM38    ,
SM38    ,SM40    ,
SM40    ,SM42    ,
SM42    ,SM43    ,
SM43    ,SM44    ,
SM32    ,SM36    ,
SM59    ,SM56    ,
SM59    ,SM62    ,
SM62    ,SM64    ,
SM64    ,SM68    ,
SM68    ,SM70    ,
SM152   ,SM147   ,
SM152   ,SM163   ,
SM163   ,SM165   ,
SM165   ,SM171   ,
SM171   ,SM173   ,
SM173   ,SM177   ,
SM177   ,SM182   ,
SM182   ,SM188   ,
SM188   ,SM190   ,
SM161   ,SM183   ,
SM161   ,SM132   ,
SM234   ,SM227   ,
SM234   ,SM237   ,
SM237   ,SM243   ,
SM243   ,SM250   ,
SM203   ,SM212   ,
SM203   ,SM189   ,
SM189   ,SM179   ,
SM179   ,SM169   ,
SM169   ,SM155   ,
SM155   ,SM164   ,
SM155   ,SM141   ,
SM141   ,SM130   ,
SM130   ,SM123   ,
SM174   ,SM170   ,
SM170   ,SM164   ,
SM174   ,SM181   ,
SM181   ,SM187   ,
SM187   ,SM193   ,
SM166   ,SM180   ,
SM222   ,SM216   ,
SM222   ,SM229   ,
SM229   ,SM236   ,
SM205   ,SM217   ,
SM244   ,SM259   ,
SM244   ,SM302   ,
SM302   ,SM326   ,
SM371   ,SM388   ,
SM430   ,SM454   ,
SM528   ,SM555   ,
SM597   ,SM614   ,
SM597   ,SM581   ,
SM665   ,SM674   ,
SM978   ,SM989   ,
SM978   ,SM965   ,
SM965   ,SM944   ,
SM944   ,SM925   ,
SM759   ,SM792   ,
SM852   ,SM861   ,
SM1057  ,SM1025  ,
SM1025  ,SM991   ,
SM925   ,SM911   ,
SM792   ,SM827   ,
SM861   ,SM870   ,
SM991   ,SM962   ,
SM911   ,SM902   ,
SM827   ,SM857   ,
SM870   ,SM877   ,
SM962   ,SM913   ,
SM902   ,SM892   ,
SM857   ,SM892   ,
SM857   ,SM885   ,
SM877   ,SM885   ,
SM877   ,SM913   ,
SM913   ,SM885   ,
SM892   ,SM885   ,
SM1057  ,SM1089  ,
SM1182  ,SM1206  ,
SM1182  ,SM1171  ,
SM1171  ,SM1160  ,
SM1160  ,SM1146  ,
SM1146  ,SM1135  ,
SM1135  ,SM1114  ,
SM1114  ,SM1098  ,
SM1098  ,SM1086  ,
SM1086  ,SM1077  ,
SM1077  ,SM1064  ,
SM1064  ,SM1054  ,
SM1054  ,SM1083  ,
SM1054  ,SM1041  ,
SM1302  ,SM1326  ,
SM1450  ,SM1472  ,
SM1450  ,SM1542  ,
SM1450  ,SM1510  ,
SM1510  ,SM1542  ,
SM1651  ,SM1687  ,
SM1651  ,SM1609  ,
SM1609  ,SM1575  ,
SM1575  ,SM1828  ,
SM1828  ,SM1926  ,
SM2817  ,SM2906  ,
SM2817  ,SM2924  ,
SM329   ,SM342   ,
SM329   ,SM328   ,
SM328   ,SM325   ,
SM325   ,SM322   ,
SM322   ,SM320   ,
SM320   ,SM318   ,
SM318   ,SM316   ,
SM316   ,SM313   ,
SM313   ,SM312   ,
SM312   ,SM310   ,
SM310   ,SM307   ,
SM307   ,SM305   ,
SM305   ,SM303   ,
SM242   ,SM258   ,
SM290   ,SM292   ,
SM353   ,SM338   ,
SM303   ,SM301   ,
SM258   ,SM274   ,
SM292   ,SM296   ,
SM338   ,SM323   ,
SM301   ,SM299   ,
SM274   ,SM298   ,
SM274   ,SM296   ,
SM296   ,SM298   ,
SM323   ,SM298   ,
SM299   ,SM298   ,
SM353   ,SM370   ,
SM370   ,SM389   ,
SM389   ,SM405   ,
SM467   ,SM470   ,
SM467   ,SM463   ,
SM463   ,SM462   ,
SM462   ,SM459   ,
SM459   ,SM456   ,
SM456   ,SM455   ,
SM455   ,SM453   ,
SM372   ,SM404   ,
SM431   ,SM432   ,
SM431   ,SM429   ,
SM653   ,SM658   ,
SM653   ,SM649   ,
SM649   ,SM647   ,
SM647   ,SM645   ,
SM645   ,SM642   ,
SM642   ,SM640   ,
SM640   ,SM637   ,
SM768   ,SM800   ,
SM912   ,SM915   ,
SM1291  ,SM1294  ,
SM1739  ,SM1742  ,
SM1739  ,SM1735  ,
SM1735  ,SM1730  ,
SM1730  ,SM1722  ,
SM1722  ,SM1716  ,
SM1716  ,SM1710  ,
SM1710  ,SM1703  ,
SM1703  ,SM1698  ,
SM1682  ,SM1684  ,
SM1865  ,SM1897  ,
SM2107  ,SM2179  ,
SM2107  ,SM2164  ,
SM2164  ,SM2249  ,
SM2164  ,SM2233  ,
SM2233  ,SM2320  ,
SM2320  ,SM2249  ,
SM2320  ,SM2408  ,
SM2408  ,SM2336  ,
SM2408  ,SM2484  ,
SM2771  ,SM2722  ,
SM2771  ,SM2822  ,
SM3087  ,SM2983  ,
SM3087  ,SM3197  ,
SM3197  ,SM3317  ,
SM3317  ,SM3425  ,
SM3425  ,SM3432  ,
SM3425  ,SM3546  ,
SM3643  ,SM3596  ,
SM3643  ,SM3683  ,
SM3643  ,SM3701  ,
SM3701  ,SM3762  ,
SM3762  ,SM3820  ,
SM3820  ,SM3868  ,
SM3868  ,SM3903  ,
SM3845  ,SM3915  ,
SM3845  ,SM3894  ,
SM3845  ,SM3746  ,
SM3350  ,SM3395  ,
SM3395  ,SM3441  ,
SM3449  ,SM3486  ,
SM3422  ,SM3486  ,
SM3422  ,SM3469  ,
SM3469  ,SM3528  ,
SM3469  ,SM3413  ,
SM3584  ,SM3659  ,
SM3659  ,SM3720  ,
SM3659  ,SM3760  ,
SM3760  ,SM3824  ,
SM3824  ,SM3874  ,
SM3874  ,SM3926  ,
SM4471  ,SM4547  ,
SM5157  ,SM5099  ,
SM5157  ,SM5216  ,
SM5216  ,SM5274  ,
SM5274  ,SM5339  ,
SM5339  ,SM5408  ,
SM5408  ,SM5486  ,
SM5486  ,SM5548  ,
SM5548  ,SM6474  ,
SM6474  ,SM6482  ,
SM6474  ,SM6583  ,
SM6583  ,SM6669  ,
SM6669  ,SM6779  ,
SM6779  ,SM6922  ,
SM6922  ,SM7057  ,
SM7057  ,SM7191  ,
SM7191  ,SM7309  ,
SM7309  ,SM7414  ,
SM7414  ,SM7518  ,
SM7518  ,SM7616  ,
SM8097  ,SM8103  ,
SM8693  ,SM8596  ,
SM8790  ,SM8692  ,
SM8790  ,SM8888  ,
SM8888  ,SM8984  ,
SM8984  ,SM9097  ,
SM9097  ,SM9187  ,
SM9187  ,SM9271  ,
SM9271  ,SM9355  ,
SM9276  ,SM9366  ,
SM9668  ,SM9683  ,
SM9668  ,SM9896  ,
SM9896  ,SM9917  ,
SM10728 ,SM10860 ,
SM10728 ,SM10835 ,
SM10835 ,SM10860 ,
SM10860 ,SM10875 ,
SM11654 ,SM11663 ,
SM11654 ,SM11639 ,
SM11639 ,SM11625 ,
SM11394 ,SM11515 ,
SM11587 ,SM11595 ,
SM11595 ,SM11603 ,
SM11603 ,SM11515 ,
SM11603 ,SM11616 ,
SM11616 ,SM11515 ,
SM11616 ,SM11625 ,
SM12952 ,SM12965 ,
SM12952 ,SM12936 ,
SM12936 ,SM12915 ,
SM12915 ,SM13109 ,
SM12915 ,SM12892 ,
SM12715 ,SM12892 ,
SM12852 ,SM12876 ,
SM13016 ,SM12876 ,
SM13016 ,SM13057 ,
SM13355 ,SM13269 ,
SM13355 ,SM13283 ,
SM13269 ,SM13186 ,
SM13186 ,SM13109 ,
SM13109 ,SM13057 ,
SM12892 ,SM13057 ,
SM12892 ,SM12876 ,
SM13283 ,SM13293 ,
SM13293 ,SM13310 ,
SM13310 ,SM13321 ,
SM13310 ,SM13453 ,
SM13321 ,SM13333 ,
SM13333 ,SM13192 ,
SM13041 ,SM13031 ,
SM13041 ,SM13058 ,
SM13058 ,SM13077 ,
SM13077 ,SM12979 ,
SM13077 ,SM13112 ,
SM13112 ,SM13135 ,
SM13135 ,SM13191 ,
SM13191 ,SM13246 ,
SM13246 ,SM13348 ,
SM13348 ,SM13437 ,
SM13437 ,SM13528 ,
SM13606 ,SM13528 ,
SM13606 ,SM13620 ,
SM13620 ,SM13571 ,
SM13528 ,SM13571 ,
SM13621 ,SM13593 ,
SM13593 ,SM13578 ,
SM13578 ,SM13518 ,
SM13518 ,SM13454 ,
SM13454 ,SM13397 ,
SM13397 ,SM13343 ,
SM13397 ,SM13297 ,
SM13297 ,SM13343 ,
SM13297 ,SM13249 ,
SM13249 ,SM13197 ,
SM13197 ,SM13150 ,
SM13150 ,SM13111 ,
SM13111 ,SM13051 ,
SM13051 ,SM12998 ,
SM12998 ,SM12945 ,
SM12945 ,SM12877 ,
SM12877 ,SM12822 ,
SM12822 ,SM12801 ,
SM14994 ,SM14893 ,
SM14891 ,SM14871 ,
SM14891 ,SM14967 ,
SM14967 ,SM14902 ,
SM14967 ,SM15016 ,
SM15016 ,SM15067 ,
SM15067 ,SM15021 ,
SM15067 ,SM15103 ,
SM15103 ,SM15028 ,
SM15103 ,SM15151 ,
SM15151 ,SM15139 ,
SM15151 ,SM15166 ,
SM15218 ,SM15166 ,
SM15218 ,SM15147 ,
SM15218 ,SM15242 ,
SM15242 ,SM15259 ,
SM15259 ,SM15160 ,
SM15667 ,SM15559 ,
SM15702 ,SM15616 ,
SM15722 ,SM15635 ,
SM15556 ,SM15551 ,
SM15556 ,SM15448 ,
SM15853 ,SM15748 ,
SM15853 ,SM15924 ,
SM15924 ,SM15934 ,
SM15934 ,SM15945 ,
SM15631 ,SM15748 ,
SM15631 ,SM15519 ,
SM15519 ,SM15421 ,
SM15421 ,SM15319 ,
SM15319 ,SM15208 ,
SM14641 ,SM14532 ,
SM14641 ,SM14577 ,
SM14641 ,SM14771 ,
SM14771 ,SM14664 ,
SM14771 ,SM14634 ,
SM15263 ,SM14634 ,
SM15263 ,SM15274 ,
SM15274 ,SM15287 ,
SM15287 ,SM15300 ,
SM15300 ,SM15312 ,
SM15312 ,SM15321 ,
SM15321 ,SM15326 ,
SM17363 ,SM17336 ,
SM17363 ,SM17367 ,
SM18023 ,SM18019 ,
SM18023 ,SM18039 ,
SM18039 ,SM18058 ,
SM18058 ,SM18075 ,
SM18075 ,SM18090 ,
SM18090 ,SM18109 ,
SM18109 ,SM18129 ,
SM18129 ,SM18147 ,
SM18147 ,SM18163 ,
SM18163 ,SM18181 ,
SM18305 ,SM18264 ,
SM18317 ,SM18280 ,
SM18317 ,SM18349 ,
SM18349 ,SM18376 ,
SM18376 ,SM18405 ,
SM18405 ,SM18431 ,
SM18405 ,SM18448 ,
SM18448 ,SM18431 ,
SM18448 ,SM18470 ,
SM18470 ,SM18490 ,
SM18470 ,SM18519 ,
SM18519 ,SM18490 ,
SM18519 ,SM18544 ,
SM18544 ,SM18567 ,
SM18567 ,SM18592 ,
SM18592 ,SM18621 ,
SM18621 ,SM18655 ,
SM18655 ,SM18690 ,
SM18690 ,SM18724 ,
SM18724 ,SM18755 ,
SM18755 ,SM18784 ,
SM18784 ,SM18791 ,
SM18784 ,SM18807 ,
SM18327 ,SM18310 ,
SM18924 ,SM18910 ,
SM18945 ,SM18962 ,
SM18962 ,SM18975 ,
SM18975 ,SM18989 ,
SM18989 ,SM19002 ,
SM19486 ,SM19462 ,
SM19650 ,SM19626 ,
SM19796 ,SM19777 ,
SM19862 ,SM19868 ,
SM19868 ,SM19875 ,
SM19876 ,SM19871 ,
SM19942 ,SM19936 ,
SM19942 ,SM19948 ,
SM19948 ,SM19950 ,
SM19943 ,SM19939 ,
SM19941 ,SM19938 ,
SM19938 ,SM19935 ,
SM19935 ,SM19932 ,
SM19932 ,SM19929 ,
SM19929 ,SM19927 ,
SM19929 ,SM19921 ,
SM19921 ,SM19915 ,
SM19915 ,SM19910 ,
SM19910 ,SM19905 ,
SM19926 ,SM19912 ,
SM19896 ,SM19887 ,
SM19887 ,SM19881 ,
SM19881 ,SM19870 ,
SM19747 ,SM19735 ,
SM19735 ,SM19720 ,
SM19731 ,SM19723 ,
SM19795 ,SM19781 ,
SM19781 ,SM19766 ,
SM19766 ,SM19750 ,
SM19750 ,SM19736 ,
SM19736 ,SM19721 ,
SM19761 ,SM19751 ,
SM19751 ,SM19741 ,
SM19741 ,SM19728 ,
SM19728 ,SM19719 ,
SM19719 ,SM19708 ,
SM19708 ,SM19696 ,
SM19696 ,SM19685 ,
SM19726 ,SM19711 ,
SM19585 ,SM19569 ,
SM19448 ,SM19431 ,
SM19431 ,SM19415 ,
SM19415 ,SM19400 ,
SM19400 ,SM19382 ,
SM19382 ,SM19364 ,
SM19364 ,SM19350 ,
SM19350 ,SM19333 ,
SM19333 ,SM19317 ,
SM19317 ,SM19299 ,
SM19299 ,SM19275 ,
SM19275 ,SM19292 ,
SM19275 ,SM19247 ,
SM19247 ,SM19225 ,
SM19225 ,SM19180 ,
SM19180 ,SM19143 ,
SM19143 ,SM19110 ,
SM19110 ,SM19076 ,
SM19076 ,SM19043 ,
SM19043 ,SM19014 ,
SM19014 ,SM18986 ,
SM17381 ,SM17354 ,
SM17381 ,SM17337 ,
SM17381 ,SM17311 ,
SM17881 ,SM17857 ,
SM17881 ,SM17898 ,
SM17816 ,SM17842 ,
SM17816 ,SM17793 ,
SM17239 ,SM17220 ,
SM17220 ,SM17187 ,
SM17187 ,SM17145 ,
SM17233 ,SM17221 ,
SM17361 ,SM17327 ,
SM17221 ,SM17173 ,
SM17173 ,SM17137 ,
SM17137 ,SM17087 ,
SM17087 ,SM17027 ,
SM17027 ,SM16932 ,
SM16947 ,SM16912 ,
SM16912 ,SM16932 ,
SM16912 ,SM16880 ,
SM16880 ,SM16932 ,
SM16880 ,SM16839 ,
SM16839 ,SM16807 ,
SM16807 ,SM16799 ,
SM16297 ,SM16319 ,
SM16297 ,SM16262 ,
SM16262 ,SM16222 ,
SM16222 ,SM16194 ,
SM16194 ,SM16144 ,
SM16071 ,SM16102 ,
SM15873 ,SM15912 ,
SM15912 ,SM15939 ,
SM16021 ,SM16015 ,
SM16021 ,SM16027 ,
SM16027 ,SM16031 ,
SM16031 ,SM16033 ,
SM16234 ,SM16236 ,
SM16234 ,SM16231 ,
SM16231 ,SM16228 ,
SM16228 ,SM16225 ,
SM16225 ,SM16223 ,
SM16040 ,SM16044 ,
SM16044 ,SM16048 ,
SM16048 ,SM16055 ,
SM16055 ,SM16059 ,
SM16059 ,SM16057 ,
SM13277 ,SM13273 ,
SM13277 ,SM13252 ,
SM13675 ,SM13551 ,
SM12964 ,SM12981 ,
SM12096 ,SM12307 ,
SM12096 ,SM11872 ,
SM11872 ,SM11624 ,
SM11434 ,SM11458 ,
SM11434 ,SM11388 ,
SM11388 ,SM11226 ,
SM11226 ,SM11076 ,
SM11076 ,SM10822 ,
SM10822 ,SM10683 ,
SM10683 ,SM10602 ,
SM10683 ,SM10538 ,
SM10442 ,SM10538 ,
SM10198 ,SM10243 ,
SM10198 ,SM10149 ,
SM10102 ,SM10149 ,
SM9409  ,SM9383  ,
SM9383  ,SM9365  ,
SM8943  ,SM9054  ,
SM8943  ,SM8837  ,
SM8837  ,SM8843  ,
SM8837  ,SM8741  ,
SM8741  ,SM8633  ,
SM8633  ,SM8537  ,
SM8563  ,SM8403  ,
SM8017  ,SM8127  ,
SM8017  ,SM7912  ,
SM7912  ,SM7786  ,
SM7540  ,SM7655  ,
SM7540  ,SM7457  ,
SM7457  ,SM7458  ,
SM6980  ,SM6985  ,
SM6980  ,SM6815  ,
SM6980  ,SM6970  ,
SM6970  ,SM6964  ,
SM6964  ,SM6956  ,
SM6956  ,SM6945  ,
SM7276  ,SM7184  ,
SM7184  ,SM7065  ,
SM7065  ,SM6953  ,
SM6976  ,SM6960  ,
SM6976  ,SM6982  ,
SM6982  ,SM6971  ,
SM6680  ,SM6643  ,
SM6680  ,SM6703  ,
SM6544  ,SM6602  ,
SM6544  ,SM6467  ,
SM6467  ,SM6334  ,
SM6561  ,SM6432  ,
SM6226  ,SM6146  ,
SM5785  ,SM5740  ,
SM5785  ,SM5709  ,
SM5785  ,SM5818  ,
SM5818  ,SM5744  ,
SM5818  ,SM5858  ,
SM5744  ,SM5709  ,
SM5485  ,SM5709  ,
SM5485  ,SM5446  ,
SM3940  ,SM4038  ,
SM3670  ,SM3825  ,
SM3608  ,SM3728  ,
SM3608  ,SM3594  ,
SM3223  ,SM3225  ,
SM2900  ,SM2895  ,
SM2900  ,SM2801  ,
SM2835  ,SM2737  ,
SM2737  ,SM2623  ,
SM2623  ,SM2516  ,
SM2516  ,SM2514  ,
SM2516  ,SM2372  ,
SM2372  ,SM2237  ,
SM2126  ,SM2245  ,
SM2126  ,SM2000  ,
SM2000  ,SM1893  ,
SM1893  ,SM1796  ,
SM1777  ,SM1787  ,
SM1777  ,SM1727  ,
SM1727  ,SM1719  ,
SM1719  ,SM1611  ,
SM952   ,SM949   ,
SM368   ,SM382   ,
SM98    ,SM105   ,
SM105   ,SM111   ,
SM111   ,SM117   ,
SM117   ,SM120   ,
SM120   ,SM127   ,
SM127   ,SM134   ,
SM134   ,SM142   ,
SM142   ,SM146   ,
SM142   ,SM124   ,
SM124   ,SM129   ,
SM129   ,SM136   ,
SM63    ,SM66    ,
SM66    ,SM69    ,
SM69    ,SM72    ,
SM72    ,SM74    ,
SM74    ,SM79    ,
SM79    ,SM81    ,
SM81    ,SM85    ,
SM44    ,SM46    ,
SM36    ,SM41    ,
SM56    ,SM55    ,
SM131   ,SM128   ,
SM131   ,SM135   ,
SM135   ,SM139   ,
SM139   ,SM143   ,
SM143   ,SM147   ,
SM256   ,SM249   ,
SM256   ,SM267   ,
SM267   ,SM308   ,
SM267   ,SM280   ,
SM280   ,SM324   ,
SM280   ,SM300   ,
SM300   ,SM332   ,
SM300   ,SM321   ,
SM321   ,SM341   ,
SM321   ,SM337   ,
SM265   ,SM306   ,
SM387   ,SM375   ,
SM387   ,SM402   ,
SM402   ,SM438   ,
SM402   ,SM419   ,
SM360   ,SM374   ,
SM360   ,SM344   ,
SM344   ,SM331   ,
SM250   ,SM253   ,
SM212   ,SM225   ,
SM260   ,SM273   ,
SM336   ,SM350   ,
SM336   ,SM319   ,
SM236   ,SM247   ,
SM217   ,SM230   ,
SM283   ,SM272   ,
SM319   ,SM297   ,
SM247   ,SM252   ,
SM230   ,SM248   ,
SM272   ,SM266   ,
SM297   ,SM275   ,
SM252   ,SM261   ,
SM248   ,SM261   ,
SM266   ,SM261   ,
SM275   ,SM261   ,
SM283   ,SM293   ,
SM293   ,SM304   ,
SM259   ,SM269   ,
SM326   ,SM339   ,
SM388   ,SM401   ,
SM454   ,SM483   ,
SM555   ,SM575   ,
SM614   ,SM638   ,
SM706   ,SM716   ,
SM706   ,SM698   ,
SM698   ,SM685   ,
SM685   ,SM674   ,
SM989   ,SM995   ,
SM1368  ,SM1383  ,
SM1368  ,SM1352  ,
SM1352  ,SM1336  ,
SM1336  ,SM1325  ,
SM1325  ,SM1313  ,
SM1089  ,SM1136  ,
SM1206  ,SM1224  ,
SM1515  ,SM1534  ,
SM1515  ,SM1491  ,
SM1491  ,SM1475  ,
SM1475  ,SM1459  ,
SM1459  ,SM1444  ,
SM1444  ,SM1431  ,
SM1211  ,SM1249  ,
SM1211  ,SM1166  ,
SM1363  ,SM1380  ,
SM1363  ,SM1343  ,
SM1343  ,SM1326  ,
SM1533  ,SM1556  ,
SM1533  ,SM1652  ,
SM1533  ,SM1503  ,
SM1503  ,SM1615  ,
SM1503  ,SM1472  ,
SM1472  ,SM1578  ,
SM1542  ,SM1578  ,
SM1687  ,SM1724  ,
SM1946  ,SM1932  ,
SM1946  ,SM1965  ,
SM1965  ,SM1987  ,
SM1987  ,SM2003  ,
SM2003  ,SM2027  ,
SM2027  ,SM2046  ,
SM2046  ,SM2061  ,
SM2061  ,SM2079  ,
SM2079  ,SM2096  ,
SM2096  ,SM2115  ,
SM1926  ,SM2053  ,
SM2754  ,SM2728  ,
SM2754  ,SM2785  ,
SM2785  ,SM2806  ,
SM2806  ,SM2845  ,
SM2845  ,SM2896  ,
SM2906  ,SM2976  ,
SM2924  ,SM2977  ,
SM2924  ,SM3095  ,
SM3095  ,SM3150  ,
SM3095  ,SM3245  ,
SM3245  ,SM3294  ,
SM3245  ,SM3401  ,
SM833   ,SM891   ,
SM833   ,SM830   ,
SM548   ,SM571   ,
SM548   ,SM546   ,
SM546   ,SM542   ,
SM542   ,SM539   ,
SM539   ,SM536   ,
SM536   ,SM533   ,
SM533   ,SM531   ,
SM531   ,SM527   ,
SM342   ,SM358   ,
SM358   ,SM373   ,
SM373   ,SM392   ,
SM392   ,SM406   ,
SM499   ,SM502   ,
SM499   ,SM496   ,
SM496   ,SM494   ,
SM494   ,SM491   ,
SM491   ,SM488   ,
SM488   ,SM487   ,
SM487   ,SM484   ,
SM484   ,SM482   ,
SM482   ,SM479   ,
SM405   ,SM422   ,
SM470   ,SM473   ,
SM702   ,SM703   ,
SM702   ,SM700   ,
SM700   ,SM694   ,
SM694   ,SM691   ,
SM691   ,SM688   ,
SM688   ,SM686   ,
SM686   ,SM681   ,
SM681   ,SM678   ,
SM678   ,SM677   ,
SM453   ,SM450   ,
SM450   ,SM448   ,
SM404   ,SM442   ,
SM432   ,SM435   ,
SM550   ,SM493   ,
SM448   ,SM445   ,
SM445   ,SM442   ,
SM442   ,SM439   ,
SM439   ,SM435   ,
SM550   ,SM582   ,
SM658   ,SM661   ,
SM976   ,SM979   ,
SM976   ,SM971   ,
SM971   ,SM970   ,
SM970   ,SM1010  ,
SM970   ,SM969   ,
SM969   ,SM963   ,
SM963   ,SM959   ,
SM959   ,SM997   ,
SM959   ,SM954   ,
SM954   ,SM997   ,
SM954   ,SM951   ,
SM951   ,SM943   ,
SM800   ,SM836   ,
SM915   ,SM917   ,
SM1128  ,SM1081  ,
SM1128  ,SM1168  ,
SM1294  ,SM1295  ,
SM1742  ,SM1749  ,
SM2265  ,SM2268  ,
SM2265  ,SM2260  ,
SM2260  ,SM2254  ,
SM2254  ,SM2246  ,
SM2246  ,SM2238  ,
SM2238  ,SM2232  ,
SM2232  ,SM2226  ,
SM1904  ,SM1981  ,
SM1904  ,SM1807  ,
SM1897  ,SM1935  ,
SM1935  ,SM1981  ,
SM2179  ,SM2261  ,
SM2179  ,SM2249  ,
SM2249  ,SM2336  ,
SM2336  ,SM2261  ,
SM2504  ,SM2454  ,
SM2504  ,SM2563  ,
SM2563  ,SM2613  ,
SM2613  ,SM2666  ,
SM2666  ,SM2722  ,
SM2983  ,SM2834  ,
SM2861  ,SM2851  ,
SM2861  ,SM2867  ,
SM2867  ,SM2877  ,
SM2551  ,SM2693  ,
SM2693  ,SM2834  ,
SM2834  ,SM2842  ,
SM2842  ,SM2851  ,
SM2551  ,SM2410  ,
SM2226  ,SM2219  ,
SM2035  ,SM2119  ,
SM2035  ,SM1981  ,
SM2119  ,SM2201  ,
SM2454  ,SM2435  ,
SM2435  ,SM2410  ,
SM2410  ,SM2310  ,
SM2219  ,SM2214  ,
SM2214  ,SM2208  ,
SM2208  ,SM2201  ,
SM2201  ,SM2310  ,
SM2877  ,SM2880  ,
SM3452  ,SM3456  ,
SM3452  ,SM3443  ,
SM3443  ,SM3437  ,
SM3437  ,SM3432  ,
SM3546  ,SM3596  ,
SM3596  ,SM3683  ,
SM3683  ,SM3836  ,
SM3836  ,SM3946  ,
SM3946  ,SM4068  ,
SM4068  ,SM4073  ,
SM4068  ,SM4102  ,
SM3903  ,SM3947  ,
SM3915  ,SM4003  ,
SM3915  ,SM3980  ,
SM3949  ,SM3980  ,
SM3949  ,SM4046  ,
SM3949  ,SM4058  ,
SM3949  ,SM3894  ,
SM3894  ,SM3876  ,
SM3816  ,SM3876  ,
SM3816  ,SM3791  ,
SM3816  ,SM3746  ,
SM3746  ,SM3639  ,
SM3639  ,SM3699  ,
SM3441  ,SM3495  ,
SM3495  ,SM3543  ,
SM3543  ,SM3626  ,
SM3543  ,SM3553  ,
SM3553  ,SM3590  ,
SM3486  ,SM3528  ,
SM3528  ,SM3590  ,
SM3686  ,SM3784  ,
SM3720  ,SM3784  ,
SM3784  ,SM3839  ,
SM3839  ,SM3805  ,
SM3839  ,SM3887  ,
SM3926  ,SM3887  ,
SM3926  ,SM4005  ,
SM4547  ,SM4626  ,
SM5099  ,SM5046  ,
SM5270  ,SM5190  ,
SM5270  ,SM5360  ,
SM5360  ,SM5466  ,
SM5466  ,SM5557  ,
SM5557  ,SM5655  ,
SM5655  ,SM5735  ,
SM5735  ,SM5817  ,
SM5817  ,SM5931  ,
SM5931  ,SM5994  ,
SM5994  ,SM6073  ,
SM6073  ,SM6162  ,
SM6521  ,SM6530  ,
SM7250  ,SM7126  ,
SM7250  ,SM7355  ,
SM7355  ,SM7454  ,
SM7454  ,SM7546  ,
SM7546  ,SM7648  ,
SM7648  ,SM7747  ,
SM8204  ,SM8217  ,
SM8204  ,SM8194  ,
SM7616  ,SM7727  ,
SM8103  ,SM8112  ,
SM8596  ,SM8491  ,
SM8692  ,SM8594  ,
SM8810  ,SM8710  ,
SM8810  ,SM8821  ,
SM8810  ,SM8907  ,
SM8907  ,SM8917  ,
SM8907  ,SM8997  ,
SM8997  ,SM9008  ,
SM8997  ,SM9104  ,
SM9104  ,SM9118  ,
SM9104  ,SM9197  ,
SM9197  ,SM9207  ,
SM9197  ,SM9284  ,
SM9284  ,SM9295  ,
SM9284  ,SM9377  ,
SM9355  ,SM9473  ,
SM9754  ,SM9769  ,
SM9754  ,SM9990  ,
SM9754  ,SM9734  ,
SM9734  ,SM9971  ,
SM9734  ,SM9713  ,
SM9366  ,SM9479  ,
SM9683  ,SM9696  ,
SM9683  ,SM9917  ,
SM9917  ,SM9932  ,
SM9932  ,SM9696  ,
SM9932  ,SM9951  ,
SM9951  ,SM9713  ,
SM9713  ,SM9696  ,
SM9479  ,SM9584  ,
SM9584  ,SM9696  ,
SM9951  ,SM9971  ,
SM9971  ,SM9990  ,
SM9990  ,SM10010 ,
SM10789 ,SM10653 ,
SM10789 ,SM10922 ,
SM10922 ,SM11054 ,
SM11054 ,SM11166 ,
SM11723 ,SM11734 ,
SM11723 ,SM11713 ,
SM11713 ,SM11703 ,
SM11703 ,SM11692 ,
SM11692 ,SM11680 ,
SM11680 ,SM11674 ,
SM11674 ,SM11663 ,
SM12965 ,SM12984 ,
SM12984 ,SM13001 ,
SM13001 ,SM13015 ,
SM13192 ,SM13015 ,
SM13031 ,SM13015 ,
SM12607 ,SM12508 ,
SM12607 ,SM12699 ,
SM12699 ,SM12791 ,
SM12791 ,SM12882 ,
SM12882 ,SM12979 ,
SM12845 ,SM12796 ,
SM12845 ,SM12857 ,
SM12857 ,SM12670 ,
SM12857 ,SM12872 ,
SM12872 ,SM12679 ,
SM12872 ,SM12881 ,
SM12881 ,SM12888 ,
SM12888 ,SM12754 ,
SM12754 ,SM12618 ,
SM12618 ,SM12477 ,
SM12094 ,SM11879 ,
SM11262 ,SM11250 ,
SM11262 ,SM11269 ,
SM11269 ,SM11282 ,
SM11282 ,SM11293 ,
SM11293 ,SM11303 ,
SM11303 ,SM11311 ,
SM12801 ,SM12692 ,
SM14893 ,SM14794 ,
SM14871 ,SM14837 ,
SM14787 ,SM14813 ,
SM14787 ,SM14793 ,
SM14787 ,SM14646 ,
SM14787 ,SM14791 ,
SM14902 ,SM14791 ,
SM14902 ,SM14911 ,
SM14911 ,SM14796 ,
SM14911 ,SM14919 ,
SM15021 ,SM15028 ,
SM15028 ,SM14919 ,
SM15028 ,SM15042 ,
SM15139 ,SM15042 ,
SM15139 ,SM15147 ,
SM15147 ,SM15046 ,
SM15147 ,SM15156 ,
SM15156 ,SM15055 ,
SM15156 ,SM15160 ,
SM15160 ,SM15060 ,
SM15251 ,SM15172 ,
SM15251 ,SM15282 ,
SM15282 ,SM15291 ,
SM15559 ,SM15461 ,
SM15616 ,SM15530 ,
SM15635 ,SM15551 ,
SM15551 ,SM15545 ,
SM15551 ,SM15448 ,
SM15448 ,SM15344 ,
SM15344 ,SM15232 ,
SM15232 ,SM15130 ,
SM14966 ,SM14904 ,
SM14966 ,SM14945 ,
SM14945 ,SM14821 ,
SM15208 ,SM15162 ,
SM15162 ,SM15107 ,
SM15107 ,SM15061 ,
SM14532 ,SM14408 ,
SM14577 ,SM14516 ,
SM14419 ,SM14284 ,
SM14419 ,SM14420 ,
SM14664 ,SM14537 ,
SM14634 ,SM14571 ,
SM14571 ,SM14503 ,
SM14503 ,SM14443 ,
SM14443 ,SM14374 ,
SM14374 ,SM14311 ,
SM14533 ,SM14470 ,
SM14533 ,SM14600 ,
SM14600 ,SM14671 ,
SM14671 ,SM14728 ,
SM14728 ,SM14785 ,
SM14785 ,SM14843 ,
SM14843 ,SM14905 ,
SM14905 ,SM14971 ,
SM14971 ,SM15020 ,
SM15020 ,SM15075 ,
SM15326 ,SM15330 ,
SM15330 ,SM15334 ,
SM15334 ,SM15339 ,
SM15339 ,SM15343 ,
SM15343 ,SM15349 ,
SM15349 ,SM15354 ,
SM15354 ,SM15292 ,
SM17336 ,SM17304 ,
SM17367 ,SM17373 ,
SM17517 ,SM17497 ,
SM17517 ,SM17541 ,
SM17541 ,SM17565 ,
SM17565 ,SM17584 ,
SM17584 ,SM17614 ,
SM17614 ,SM17650 ,
SM18019 ,SM18001 ,
SM18001 ,SM17980 ,
SM17980 ,SM17961 ,
SM17961 ,SM17946 ,
SM17946 ,SM17927 ,
SM17946 ,SM17935 ,
SM17935 ,SM17927 ,
SM17935 ,SM17920 ,
SM17920 ,SM17899 ,
SM17920 ,SM17888 ,
SM17888 ,SM17868 ,
SM17888 ,SM17859 ,
SM17859 ,SM17845 ,
SM17859 ,SM17835 ,
SM17924 ,SM17892 ,
SM17924 ,SM17940 ,
SM17940 ,SM17951 ,
SM17951 ,SM17968 ,
SM17968 ,SM17976 ,
SM18181 ,SM18201 ,
SM18264 ,SM18239 ,
SM18280 ,SM18250 ,
SM17910 ,SM17896 ,
SM17910 ,SM17913 ,
SM17913 ,SM17905 ,
SM17905 ,SM17897 ,
SM18310 ,SM18285 ,
SM18401 ,SM18393 ,
SM18401 ,SM18476 ,
SM18879 ,SM18869 ,
SM19005 ,SM18993 ,
SM19005 ,SM19017 ,
SM19017 ,SM19025 ,
SM19002 ,SM19018 ,
SM19018 ,SM19028 ,
SM19462 ,SM19440 ,
SM19626 ,SM19604 ,
SM19777 ,SM19759 ,
SM19863 ,SM19858 ,
SM19863 ,SM19866 ,
SM19866 ,SM19871 ,
SM19936 ,SM19930 ,
SM19931 ,SM19928 ,
SM19931 ,SM19934 ,
SM19934 ,SM19937 ,
SM19937 ,SM19939 ,
SM19925 ,SM19924 ,
SM19924 ,SM19920 ,
SM19905 ,SM19899 ,
SM19899 ,SM19894 ,
SM19912 ,SM19903 ,
SM19903 ,SM19893 ,
SM19893 ,SM19883 ,
SM19870 ,SM19860 ,
SM19720 ,SM19705 ,
SM19723 ,SM19709 ,
SM19709 ,SM19699 ,
SM19699 ,SM19690 ,
SM19690 ,SM19678 ,
SM19678 ,SM19667 ,
SM19667 ,SM19655 ,
SM19721 ,SM19707 ,
SM19707 ,SM19691 ,
SM19691 ,SM19676 ,
SM19676 ,SM19659 ,
SM19659 ,SM19643 ,
SM19385 ,SM19365 ,
SM19385 ,SM19402 ,
SM19402 ,SM19418 ,
SM19418 ,SM19433 ,
SM19685 ,SM19677 ,
SM19711 ,SM19697 ,
SM19569 ,SM19553 ,
SM19553 ,SM19537 ,
SM19537 ,SM19522 ,
SM19360 ,SM19373 ,
SM19336 ,SM19352 ,
SM19336 ,SM19319 ,
SM19319 ,SM19301 ,
SM19301 ,SM19277 ,
SM19433 ,SM19450 ,
SM19677 ,SM19663 ,
SM19697 ,SM19683 ,
SM19683 ,SM19666 ,
SM19518 ,SM19532 ,
SM19518 ,SM19503 ,
SM19480 ,SM19499 ,
SM19480 ,SM19465 ,
SM19465 ,SM19450 ,
SM19663 ,SM19653 ,
SM19653 ,SM19640 ,
SM19640 ,SM19633 ,
SM19666 ,SM19651 ,
SM19532 ,SM19543 ,
SM19499 ,SM19524 ,
SM19633 ,SM19618 ,
SM19651 ,SM19634 ,
SM19543 ,SM19554 ,
SM19524 ,SM19539 ,
SM19618 ,SM19606 ,
SM19634 ,SM19617 ,
SM19554 ,SM19563 ,
SM19539 ,SM19555 ,
SM19606 ,SM19596 ,
SM19617 ,SM19602 ,
SM19563 ,SM19574 ,
SM19555 ,SM19571 ,
SM19596 ,SM19586 ,
SM19596 ,SM19602 ,
SM19602 ,SM19586 ,
SM19574 ,SM19586 ,
SM19571 ,SM19586 ,
SM19503 ,SM19488 ,
SM19522 ,SM19498 ,
SM19373 ,SM19383 ,
SM19352 ,SM19366 ,
SM19488 ,SM19475 ,
SM19498 ,SM19479 ,
SM19383 ,SM19397 ,
SM19366 ,SM19384 ,
SM19475 ,SM19467 ,
SM19479 ,SM19463 ,
SM19397 ,SM19411 ,
SM19384 ,SM19401 ,
SM19467 ,SM19454 ,
SM19463 ,SM19449 ,
SM19411 ,SM19421 ,
SM19401 ,SM19416 ,
SM19454 ,SM19442 ,
SM19449 ,SM19432 ,
SM19421 ,SM19432 ,
SM19416 ,SM19432 ,
SM19442 ,SM19432 ,
SM19277 ,SM19261 ,
SM19261 ,SM19252 ,
SM19252 ,SM19240 ,
SM19240 ,SM19229 ,
SM19229 ,SM19215 ,
SM19215 ,SM19189 ,
SM19189 ,SM19166 ,
SM19166 ,SM19147 ,
SM19147 ,SM19132 ,
SM19132 ,SM19116 ,
SM18986 ,SM18959 ,
SM18959 ,SM18928 ,
SM18928 ,SM18903 ,
SM18886 ,SM18903 ,
SM18886 ,SM18870 ,
SM18870 ,SM18854 ,
SM18854 ,SM18847 ,
SM18854 ,SM18837 ,
SM18837 ,SM18847 ,
SM18837 ,SM18820 ,
SM18820 ,SM18803 ,
SM18803 ,SM18789 ,
SM18789 ,SM18775 ,
SM18775 ,SM18759 ,
SM18759 ,SM18745 ,
SM17316 ,SM17296 ,
SM17316 ,SM17310 ,
SM17310 ,SM17291 ,
SM17291 ,SM17262 ,
SM17262 ,SM17224 ,
SM17294 ,SM17225 ,
SM17294 ,SM17311 ,
SM17294 ,SM17337 ,
SM17294 ,SM17354 ,
SM17354 ,SM17337 ,
SM17337 ,SM17311 ,
SM17311 ,SM17268 ,
SM17857 ,SM17842 ,
SM17106 ,SM17133 ,
SM17106 ,SM17044 ,
SM17106 ,SM17059 ,
SM17106 ,SM17054 ,
SM17025 ,SM17047 ,
SM17025 ,SM17002 ,
SM17002 ,SM16939 ,
SM17002 ,SM16931 ,
SM16917 ,SM16931 ,
SM16917 ,SM16892 ,
SM17145 ,SM17121 ,
SM16795 ,SM16775 ,
SM16795 ,SM16799 ,
SM16319 ,SM16340 ,
SM16171 ,SM16187 ,
SM16171 ,SM16150 ,
SM16150 ,SM16128 ,
SM16128 ,SM16102 ,
SM16144 ,SM16102 ,
SM15939 ,SM15965 ,
SM16015 ,SM16002 ,
SM16230 ,SM16215 ,
SM16230 ,SM16239 ,
SM16239 ,SM16240 ,
SM16240 ,SM16238 ,
SM16238 ,SM16236 ,
SM16364 ,SM16369 ,
SM16364 ,SM16359 ,
SM16359 ,SM16355 ,
SM16355 ,SM16350 ,
SM16350 ,SM16356 ,
SM16356 ,SM16386 ,
SM16386 ,SM16409 ,
SM16223 ,SM16220 ,
SM16220 ,SM16219 ,
SM16219 ,SM16217 ,
SM16217 ,SM16235 ,
SM16235 ,SM16252 ,
SM16252 ,SM16267 ,
SM16057 ,SM16053 ,
SM13273 ,SM13245 ,
SM13252 ,SM13213 ,
SM13418 ,SM13327 ,
SM13418 ,SM13482 ,
SM13482 ,SM13439 ,
SM13482 ,SM13551 ,
SM13551 ,SM13439 ,
SM13439 ,SM13323 ,
SM13323 ,SM13216 ,
SM12981 ,SM13002 ,
SM12494 ,SM12682 ,
SM12494 ,SM12307 ,
SM12454 ,SM12543 ,
SM12454 ,SM12564 ,
SM12454 ,SM12358 ,
SM11360 ,SM11309 ,
SM11309 ,SM11246 ,
SM10993 ,SM10969 ,
SM10993 ,SM11009 ,
SM11624 ,SM11400 ,
SM11624 ,SM11458 ,
SM11458 ,SM11400 ,
SM11200 ,SM11400 ,
SM11200 ,SM11089 ,
SM11089 ,SM10970 ,
SM10970 ,SM10845 ,
SM10845 ,SM10587 ,
SM10602 ,SM10587 ,
SM10602 ,SM10404 ,
SM10243 ,SM10271 ,
SM10243 ,SM10166 ,
SM10166 ,SM10132 ,
SM10166 ,SM10090 ,
SM10149 ,SM10090 ,
SM10090 ,SM10132 ,
SM9657  ,SM9897  ,
SM9657  ,SM9432  ,
SM9365  ,SM9432  ,
SM9365  ,SM9245  ,
SM9054  ,SM9245  ,
SM8843  ,SM8850  ,
SM8450  ,SM8448  ,
SM8450  ,SM8349  ,
SM8537  ,SM8434  ,
SM8434  ,SM8342  ,
SM8403  ,SM8255  ,
SM8127  ,SM8255  ,
SM7895  ,SM7979  ,
SM7895  ,SM7744  ,
SM7895  ,SM7780  ,
SM7780  ,SM7744  ,
SM7780  ,SM7655  ,
SM7458  ,SM7463  ,
SM7233  ,SM7269  ,
SM7233  ,SM7192  ,
SM7192  ,SM7097  ,
SM7097  ,SM7055  ,
SM7097  ,SM6991  ,
SM6985  ,SM6991  ,
SM6815  ,SM6682  ,
SM6640  ,SM6670  ,
SM6640  ,SM6559  ,
SM6640  ,SM6616  ,
SM6616  ,SM6505  ,
SM6945  ,SM6940  ,
SM6940  ,SM6943  ,
SM6943  ,SM6953  ,
SM6953  ,SM6960  ,
SM6960  ,SM6837  ,
SM6837  ,SM6718  ,
SM6718  ,SM6602  ,
SM6643  ,SM6602  ,
SM6562  ,SM6505  ,
SM6562  ,SM6387  ,
SM6387  ,SM6353  ,
SM6387  ,SM6209  ,
SM6334  ,SM6179  ,
SM6432  ,SM6317  ,
SM6146  ,SM6056  ,
SM5740  ,SM5697  ,
SM5740  ,SM5677  ,
SM5677  ,SM5709  ,
SM5446  ,SM5410  ,
SM4038  ,SM4121  ,
SM3825  ,SM3927  ,
SM3728  ,SM3854  ,
SM3728  ,SM3594  ,
SM3594  ,SM3578  ,
SM3228  ,SM3229  ,
SM3228  ,SM3225  ,
SM2895  ,SM2890  ,
SM2895  ,SM2716  ,
SM2801  ,SM2718  ,
SM2718  ,SM2614  ,
SM2614  ,SM2513  ,
SM2514  ,SM2513  ,
SM2376  ,SM2510  ,
SM2376  ,SM2245  ,
SM2508  ,SM2509  ,
SM2508  ,SM2507  ,
SM2507  ,SM2506  ,
SM1887  ,SM1929  ,
SM1887  ,SM1846  ,
SM1846  ,SM1833  ,
SM1833  ,SM1815  ,
SM1815  ,SM1794  ,
SM1794  ,SM1795  ,
SM1795  ,SM1796  ,
SM1796  ,SM1787  ,
SM1521  ,SM1441  ,
SM1521  ,SM1611  ,
SM949   ,SM945   ,
SM382   ,SM396   ,
SM396   ,SM410   ,
SM410   ,SM423   ,
SM423   ,SM441   ,
SM441   ,SM460   ,
SM460   ,SM486   ,
SM486   ,SM510   ,
SM146   ,SM153   ,
SM153   ,SM159   ,
SM159   ,SM167   ,
SM136   ,SM138   ,
SM138   ,SM167   ,
SM138   ,SM145   ,
SM145   ,SM175   ,
SM145   ,SM160   ,
SM160   ,SM184   ,
SM160   ,SM168   ,
SM168   ,SM192   ,
SM168   ,SM176   ,
SM176   ,SM201   ,
SM176   ,SM186   ,
SM186   ,SM195   ,
SM195   ,SM202   ,
SM157   ,SM178   ,
SM232   ,SM221   ,
SM232   ,SM262   ,
SM232   ,SM240   ,
SM240   ,SM268   ,
SM240   ,SM249   ,
SM249   ,SM282   ,
SM282   ,SM268   ,
SM282   ,SM295   ,
SM295   ,SM308   ,
SM308   ,SM324   ,
SM324   ,SM332   ,
SM332   ,SM341   ,
SM341   ,SM359   ,
SM359   ,SM377   ,
SM359   ,SM337   ,
SM337   ,SM349   ,
SM306   ,SM343   ,
SM375   ,SM365   ,
SM409   ,SM398   ,
SM409   ,SM421   ,
SM421   ,SM438   ,
SM438   ,SM461   ,
SM419   ,SM461   ,
SM419   ,SM440   ,
SM390   ,SM403   ,
SM390   ,SM374   ,
SM374   ,SM383   ,
SM383   ,SM397   ,
SM397   ,SM407   ,
SM331   ,SM309   ,
SM253   ,SM257   ,
SM225   ,SM239   ,
SM273   ,SM294   ,
SM350   ,SM364   ,
SM393   ,SM411   ,
SM393   ,SM378   ,
SM378   ,SM362   ,
SM304   ,SM315   ,
SM269   ,SM291   ,
SM339   ,SM352   ,
SM401   ,SM417   ,
SM483   ,SM512   ,
SM575   ,SM590   ,
SM638   ,SM669   ,
SM716   ,SM729   ,
SM869   ,SM842   ,
SM869   ,SM898   ,
SM898   ,SM922   ,
SM1009  ,SM1019  ,
SM1009  ,SM995   ,
SM1383  ,SM1394  ,
SM1629  ,SM1654  ,
SM1629  ,SM1608  ,
SM1608  ,SM1588  ,
SM1588  ,SM1570  ,
SM1313  ,SM1297  ,
SM1136  ,SM1169  ,
SM1224  ,SM1237  ,
SM1534  ,SM1552  ,
SM1771  ,SM1779  ,
SM1771  ,SM1868  ,
SM1771  ,SM1756  ,
SM1756  ,SM1845  ,
SM1756  ,SM1741  ,
SM1741  ,SM1825  ,
SM1741  ,SM1723  ,
SM1723  ,SM1802  ,
SM1723  ,SM1705  ,
SM1705  ,SM1781  ,
SM1705  ,SM1689  ,
SM1689  ,SM1758  ,
SM1689  ,SM1681  ,
SM1431  ,SM1416  ,
SM1292  ,SM1333  ,
SM1292  ,SM1249  ,
SM1380  ,SM1398  ,
SM1633  ,SM1679  ,
SM1633  ,SM1613  ,
SM1613  ,SM1746  ,
SM1613  ,SM1585  ,
SM1585  ,SM1713  ,
SM1585  ,SM1556  ,
SM1556  ,SM1683  ,
SM1652  ,SM1683  ,
SM1652  ,SM1615  ,
SM1615  ,SM1578  ,
SM1724  ,SM1762  ,
SM1915  ,SM1900  ,
SM1915  ,SM1932  ,
SM2456  ,SM2442  ,
SM2456  ,SM2472  ,
SM2472  ,SM2492  ,
SM2492  ,SM2518  ,
SM2518  ,SM2536  ,
SM2536  ,SM2561  ,
SM2561  ,SM2582  ,
SM2582  ,SM2603  ,
SM2603  ,SM2622  ,
SM2622  ,SM2645  ,
SM2645  ,SM2664  ,
SM2439  ,SM2559  ,
SM2439  ,SM2328  ,
SM2115  ,SM2132  ,
SM2132  ,SM2148  ,
SM2053  ,SM2173  ,
SM2728  ,SM2698  ,
SM3419  ,SM3378  ,
SM3419  ,SM3458  ,
SM3458  ,SM3477  ,
SM3477  ,SM3498  ,
SM3498  ,SM3519  ,
SM3519  ,SM3538  ,
SM3538  ,SM3562  ,
SM3562  ,SM3588  ,
SM3588  ,SM3614  ,
SM3614  ,SM3636  ,
SM3636  ,SM3658  ,
SM3677  ,SM3658  ,
SM3677  ,SM3697  ,
SM3155  ,SM3215  ,
SM3155  ,SM3097  ,
SM3097  ,SM3041  ,
SM3041  ,SM2976  ,
SM2977  ,SM3031  ,
SM3150  ,SM3200  ,
SM3346  ,SM3399  ,
SM3346  ,SM3294  ,
SM3509  ,SM3572  ,
SM3509  ,SM3454  ,
SM3454  ,SM3401  ,
SM3401  ,SM3615  ,
SM3615  ,SM3674  ,
SM3615  ,SM3938  ,
SM891   ,SM921   ,
SM921   ,SM973   ,
SM830   ,SM825   ,
SM571   ,SM588   ,
SM588   ,SM603   ,
SM603   ,SM627   ,
SM627   ,SM660   ,
SM782   ,SM786   ,
SM782   ,SM778   ,
SM778   ,SM776   ,
SM776   ,SM773   ,
SM773   ,SM771   ,
SM527   ,SM525   ,
SM525   ,SM521   ,
SM521   ,SM519   ,
SM519   ,SM517   ,
SM406   ,SM425   ,
SM502   ,SM505   ,
SM601   ,SM583   ,
SM583   ,SM566   ,
SM517   ,SM515   ,
SM425   ,SM449   ,
SM505   ,SM508   ,
SM566   ,SM544   ,
SM515   ,SM513   ,
SM449   ,SM480   ,
SM508   ,SM511   ,
SM544   ,SM511   ,
SM513   ,SM511   ,
SM480   ,SM511   ,
SM601   ,SM621   ,
SM621   ,SM648   ,
SM740   ,SM742   ,
SM740   ,SM737   ,
SM737   ,SM734   ,
SM734   ,SM730   ,
SM730   ,SM727   ,
SM727   ,SM725   ,
SM725   ,SM720   ,
SM578   ,SM596   ,
SM596   ,SM616   ,
SM703   ,SM705   ,
SM820   ,SM784   ,
SM820   ,SM851   ,
SM720   ,SM719   ,
SM719   ,SM715   ,
SM616   ,SM643   ,
SM705   ,SM708   ,
SM784   ,SM746   ,
SM715   ,SM713   ,
SM643   ,SM676   ,
SM708   ,SM710   ,
SM746   ,SM710   ,
SM713   ,SM710   ,
SM676   ,SM710   ,
SM851   ,SM880   ,
SM1022  ,SM1024  ,
SM1022  ,SM1017  ,
SM1017  ,SM1015  ,
SM1015  ,SM1014  ,
SM1014  ,SM1011  ,
SM1011  ,SM1006  ,
SM1006  ,SM1005  ,
SM854   ,SM905   ,
SM979   ,SM981   ,
SM1050  ,SM1087  ,
SM1050  ,SM1010  ,
SM1040  ,SM1087  ,
SM1087  ,SM1150  ,
SM1321  ,SM1324  ,
SM1321  ,SM1318  ,
SM1318  ,SM1315  ,
SM1168  ,SM1221  ,
SM1295  ,SM1299  ,
SM1478  ,SM1440  ,
SM1440  ,SM1400  ,
SM1400  ,SM1353  ,
SM1315  ,SM1311  ,
SM1221  ,SM1263  ,
SM1299  ,SM1303  ,
SM1303  ,SM1308  ,
SM1353  ,SM1308  ,
SM1311  ,SM1308  ,
SM1311  ,SM1263  ,
SM1263  ,SM1308  ,
SM1478  ,SM1531  ,
SM1749  ,SM1754  ,
SM2268  ,SM2274  ,
SM2922  ,SM2926  ,
SM2922  ,SM2917  ,
SM2917  ,SM2910  ,
SM2910  ,SM2901  ,
SM2901  ,SM2887  ,
SM2887  ,SM2880  ,
SM3456  ,SM3463  ,
SM4080  ,SM4087  ,
SM4080  ,SM4074  ,
SM4074  ,SM4190  ,
SM4074  ,SM4073  ,
SM4102  ,SM4223  ,
SM3947  ,SM3993  ,
SM4003  ,SM4069  ,
SM4046  ,SM4069  ,
SM4046  ,SM4144  ,
SM4058  ,SM4136  ,
SM4058  ,SM4070  ,
SM3876  ,SM3971  ,
SM3791  ,SM3888  ,
SM3791  ,SM3699  ,
SM3699  ,SM3680  ,
SM3626  ,SM3680  ,
SM3805  ,SM3680  ,
SM3887  ,SM3888  ,
SM3887  ,SM3930  ,
SM4005  ,SM3930  ,
SM4005  ,SM4072  ,
SM4626  ,SM4679  ,
SM5046  ,SM4972  ,
SM5190  ,SM5108  ,
SM5221  ,SM5116  ,
SM5221  ,SM5100  ,
SM5221  ,SM5341  ,
SM5341  ,SM5464  ,
SM5464  ,SM5471  ,
SM5464  ,SM5598  ,
SM5598  ,SM5471  ,
SM5598  ,SM5582  ,
SM5598  ,SM5726  ,
SM5726  ,SM5732  ,
SM6543  ,SM6551  ,
SM6543  ,SM6533  ,
SM6533  ,SM6524  ,
SM6162  ,SM6252  ,
SM6530  ,SM6537  ,
SM7126  ,SM7006  ,
SM7006  ,SM6882  ,
SM6882  ,SM6746  ,
SM6524  ,SM6517  ,
SM6252  ,SM6341  ,
SM6537  ,SM6546  ,
SM6546  ,SM6555  ,
SM6555  ,SM6563  ,
SM6746  ,SM6652  ,
SM6517  ,SM6501  ,
SM6341  ,SM6416  ,
SM6416  ,SM6493  ,
SM6563  ,SM6571  ,
SM6652  ,SM6571  ,
SM6501  ,SM6493  ,
SM6493  ,SM6571  ,
SM7252  ,SM7130  ,
SM7252  ,SM7353  ,
SM7353  ,SM7447  ,
SM7447  ,SM7539  ,
SM7539  ,SM7636  ,
SM7636  ,SM7738  ,
SM7738  ,SM7845  ,
SM7747  ,SM7853  ,
SM8217  ,SM8226  ,
SM8488  ,SM8368  ,
SM8488  ,SM8594  ,
SM8605  ,SM8500  ,
SM8605  ,SM8616  ,
SM8605  ,SM8710  ,
SM8710  ,SM8728  ,
SM8728  ,SM8616  ,
SM8728  ,SM8738  ,
SM8728  ,SM8821  ,
SM8821  ,SM8831  ,
SM8821  ,SM8917  ,
SM8917  ,SM8925  ,
SM8917  ,SM9008  ,
SM9008  ,SM9020  ,
SM9008  ,SM9118  ,
SM9118  ,SM9128  ,
SM9118  ,SM9207  ,
SM9207  ,SM9219  ,
SM9207  ,SM9295  ,
SM9295  ,SM9306  ,
SM9295  ,SM9384  ,
SM9377  ,SM9384  ,
SM9377  ,SM9486  ,
SM9486  ,SM9499  ,
SM9486  ,SM9594  ,
SM9473  ,SM9579  ,
SM9769  ,SM9780  ,
SM10010 ,SM10024 ,
SM10519 ,SM10399 ,
SM10519 ,SM10653 ,
SM10754 ,SM10498 ,
SM10754 ,SM10773 ,
SM10754 ,SM10988 ,
SM11061 ,SM10988 ,
SM11061 ,SM11274 ,
SM11166 ,SM11278 ,
SM11734 ,SM11746 ,
SM12414 ,SM12320 ,
SM12414 ,SM12508 ,
SM12615 ,SM12421 ,
SM12615 ,SM12670 ,
SM12615 ,SM12796 ,
SM12670 ,SM12468 ,
SM12670 ,SM12679 ,
SM12679 ,SM12483 ,
SM12483 ,SM12468 ,
SM12483 ,SM12279 ,
SM11374 ,SM11405 ,
SM11374 ,SM11189 ,
SM11879 ,SM11643 ,
SM11239 ,SM11233 ,
SM11239 ,SM11250 ,
SM10342 ,SM10337 ,
SM10342 ,SM10346 ,
SM10346 ,SM10354 ,
SM10354 ,SM10360 ,
SM10360 ,SM10164 ,
SM10360 ,SM10364 ,
SM11311 ,SM11320 ,
SM12692 ,SM12578 ,
SM14696 ,SM14653 ,
SM14696 ,SM14794 ,
SM14837 ,SM14813 ,
SM14813 ,SM14793 ,
SM14640 ,SM14636 ,
SM14640 ,SM14646 ,
SM14646 ,SM14657 ,
SM14791 ,SM14796 ,
SM14796 ,SM14732 ,
SM14796 ,SM14807 ,
SM14919 ,SM14807 ,
SM14919 ,SM14932 ,
SM14932 ,SM14815 ,
SM14932 ,SM14936 ,
SM14932 ,SM15042 ,
SM15042 ,SM15046 ,
SM15046 ,SM14936 ,
SM15046 ,SM15055 ,
SM15055 ,SM14942 ,
SM15055 ,SM15060 ,
SM15060 ,SM14954 ,
SM15172 ,SM15088 ,
SM15291 ,SM15301 ,
SM15530 ,SM15431 ,
SM15530 ,SM15539 ,
SM15539 ,SM15545 ,
SM15431 ,SM15325 ,
SM15325 ,SM15301 ,
SM15325 ,SM15217 ,
SM15217 ,SM15115 ,
SM15115 ,SM15011 ,
SM15130 ,SM15027 ,
SM14933 ,SM14927 ,
SM14904 ,SM14844 ,
SM14844 ,SM14788 ,
SM14821 ,SM14705 ,
SM14950 ,SM14887 ,
SM14887 ,SM14827 ,
SM14827 ,SM14775 ,
SM14775 ,SM14718 ,
SM14718 ,SM14656 ,
SM14656 ,SM14592 ,
SM14592 ,SM14528 ,
SM14528 ,SM14467 ,
SM14467 ,SM14405 ,
SM14405 ,SM14347 ,
SM14408 ,SM14277 ,
SM14516 ,SM14454 ,
SM14454 ,SM14386 ,
SM14386 ,SM14321 ,
SM14321 ,SM14250 ,
SM14284 ,SM14141 ,
SM14420 ,SM14421 ,
SM14537 ,SM14421 ,
SM14537 ,SM14422 ,
SM14422 ,SM14421 ,
SM14422 ,SM14351 ,
SM14351 ,SM14262 ,
SM14311 ,SM14234 ,
SM14470 ,SM14400 ,
SM14315 ,SM14243 ,
SM15833 ,SM15784 ,
SM15833 ,SM15890 ,
SM15890 ,SM15933 ,
SM15933 ,SM15978 ,
SM15978 ,SM16050 ,
SM16050 ,SM16098 ,
SM16098 ,SM16142 ,
SM16142 ,SM16200 ,
SM16200 ,SM16275 ,
SM16275 ,SM16333 ,
SM16333 ,SM16390 ,
SM16390 ,SM16437 ,
SM16437 ,SM16484 ,
SM16484 ,SM16527 ,
SM16527 ,SM16577 ,
SM16577 ,SM16627 ,
SM16627 ,SM16678 ,
SM16678 ,SM16729 ,
SM16729 ,SM16782 ,
SM16782 ,SM16833 ,
SM16833 ,SM16879 ,
SM16879 ,SM16921 ,
SM16921 ,SM17013 ,
SM17013 ,SM17065 ,
SM17065 ,SM17104 ,
SM17104 ,SM17146 ,
SM17146 ,SM17188 ,
SM17188 ,SM17228 ,
SM17228 ,SM17267 ,
SM17267 ,SM17304 ,
SM17373 ,SM17377 ,
SM17497 ,SM17477 ,
SM16534 ,SM16500 ,
SM16534 ,SM16565 ,
SM16565 ,SM16547 ,
SM16565 ,SM16615 ,
SM16615 ,SM16654 ,
SM16654 ,SM16624 ,
SM16654 ,SM16695 ,
SM16695 ,SM16742 ,
SM16742 ,SM16701 ,
SM16742 ,SM16785 ,
SM16785 ,SM16825 ,
SM16825 ,SM16791 ,
SM16825 ,SM16862 ,
SM16862 ,SM16897 ,
SM16897 ,SM16860 ,
SM16897 ,SM16935 ,
SM17650 ,SM17655 ,
SM17655 ,SM17686 ,
SM17686 ,SM17703 ,
SM17703 ,SM17723 ,
SM17723 ,SM17746 ,
SM17746 ,SM17763 ,
SM17763 ,SM17786 ,
SM17786 ,SM17804 ,
SM17804 ,SM17822 ,
SM17822 ,SM17841 ,
SM17841 ,SM17861 ,
SM17861 ,SM17882 ,
SM17882 ,SM17909 ,
SM17909 ,SM17927 ,
SM17927 ,SM17899 ,
SM17899 ,SM17868 ,
SM17868 ,SM17845 ,
SM17845 ,SM17818 ,
SM17818 ,SM17795 ,
SM17818 ,SM17835 ,
SM17835 ,SM17811 ,
SM17892 ,SM17856 ,
SM17815 ,SM17789 ,
SM17815 ,SM17840 ,
SM18000 ,SM18013 ,
SM18000 ,SM17989 ,
SM17976 ,SM17989 ,
SM18201 ,SM18222 ,
SM18239 ,SM18222 ,
SM18250 ,SM18204 ,
SM18250 ,SM18224 ,
SM18224 ,SM18204 ,
SM18204 ,SM18168 ,
SM18204 ,SM18186 ,
SM17837 ,SM17831 ,
SM17837 ,SM17820 ,
SM17896 ,SM17862 ,
SM17896 ,SM17880 ,
SM17897 ,SM17884 ,
SM17790 ,SM17766 ,
SM17790 ,SM17925 ,
SM17925 ,SM17919 ,
SM17925 ,SM18032 ,
SM18032 ,SM18043 ,
SM18285 ,SM18262 ,
SM18262 ,SM18248 ,
SM18248 ,SM18236 ,
SM18236 ,SM18217 ,
SM18217 ,SM18203 ,
SM18203 ,SM18187 ,
SM18187 ,SM18167 ,
SM18167 ,SM18151 ,
SM18151 ,SM18140 ,
SM18151 ,SM18144 ,
SM18193 ,SM18169 ,
SM18193 ,SM18218 ,
SM18218 ,SM18242 ,
SM18393 ,SM18387 ,
SM18476 ,SM18502 ,
SM18836 ,SM18823 ,
SM18836 ,SM18845 ,
SM18845 ,SM18858 ,
SM18858 ,SM18869 ,
SM18993 ,SM18984 ,
SM19128 ,SM19119 ,
SM19128 ,SM19142 ,
SM19142 ,SM19154 ,
SM19154 ,SM19164 ,
SM19121 ,SM19136 ,
SM19121 ,SM19105 ,
SM19025 ,SM19036 ,
SM19036 ,SM19051 ,
SM19028 ,SM19044 ,
SM19044 ,SM19051 ,
SM19044 ,SM19061 ,
SM19440 ,SM19420 ,
SM19604 ,SM19584 ,
SM19759 ,SM19738 ,
SM19858 ,SM19853 ,
SM19922 ,SM19913 ,
SM19922 ,SM19930 ,
SM19923 ,SM19917 ,
SM19923 ,SM19916 ,
SM19923 ,SM19928 ,
SM19918 ,SM19916 ,
SM19918 ,SM19919 ,
SM19919 ,SM19920 ,
SM19891 ,SM19897 ,
SM19891 ,SM19889 ,
SM19891 ,SM19886 ,
SM19886 ,SM19889 ,
SM19886 ,SM19882 ,
SM19894 ,SM19890 ,
SM19890 ,SM19885 ,
SM19885 ,SM19877 ,
SM19877 ,SM19872 ,
SM19872 ,SM19864 ,
SM19833 ,SM19827 ,
SM19833 ,SM19840 ,
SM19840 ,SM19844 ,
SM19883 ,SM19869 ,
SM19860 ,SM19845 ,
SM19705 ,SM19687 ,
SM19687 ,SM19673 ,
SM19673 ,SM19656 ,
SM19656 ,SM19639 ,
SM19443 ,SM19438 ,
SM19443 ,SM19451 ,
SM19451 ,SM19455 ,
SM19455 ,SM19458 ,
SM19458 ,SM19468 ,
SM19655 ,SM19645 ,
SM19645 ,SM19635 ,
SM19635 ,SM19621 ,
SM19621 ,SM19614 ,
SM19614 ,SM19601 ,
SM19643 ,SM19629 ,
SM19365 ,SM19351 ,
SM19351 ,SM19335 ,
SM19335 ,SM19318 ,
SM19318 ,SM19297 ,
SM19297 ,SM19274 ,
SM19274 ,SM19260 ,
SM19260 ,SM19250 ,
SM19116 ,SM19101 ,
SM19101 ,SM19085 ,
SM19085 ,SM19068 ,
SM19068 ,SM19055 ,
SM19055 ,SM19038 ,
SM19038 ,SM19023 ,
SM19023 ,SM19011 ,
SM18847 ,SM18838 ,
SM18838 ,SM18826 ,
SM18826 ,SM18814 ,
SM18814 ,SM18805 ,
SM18805 ,SM18797 ,
SM18797 ,SM18790 ,
SM18790 ,SM18781 ,
SM18781 ,SM18773 ,
SM18745 ,SM18733 ,
SM18733 ,SM18718 ,
SM17385 ,SM17389 ,
SM17385 ,SM17375 ,
SM17375 ,SM17357 ,
SM17357 ,SM17309 ,
SM17357 ,SM17324 ,
SM17324 ,SM17265 ,
SM17324 ,SM17300 ,
SM17300 ,SM17279 ,
SM17296 ,SM17280 ,
SM17280 ,SM17234 ,
SM17234 ,SM17213 ,
SM17224 ,SM17167 ,
SM17225 ,SM17150 ,
SM17268 ,SM17232 ,
SM17162 ,SM17178 ,
SM17162 ,SM17133 ,
SM17003 ,SM16927 ,
SM17003 ,SM17054 ,
SM17003 ,SM17059 ,
SM17003 ,SM17044 ,
SM17044 ,SM17059 ,
SM17059 ,SM17054 ,
SM17054 ,SM17047 ,
SM16840 ,SM16844 ,
SM16840 ,SM16811 ,
SM16811 ,SM16777 ,
SM16939 ,SM16931 ,
SM16777 ,SM16737 ,
SM16892 ,SM16874 ,
SM17090 ,SM17057 ,
SM17090 ,SM17121 ,
SM16775 ,SM16762 ,
SM16719 ,SM16762 ,
SM16719 ,SM16657 ,
SM16657 ,SM16605 ,
SM16340 ,SM16353 ,
SM16203 ,SM16215 ,
SM16353 ,SM16367 ,
SM16367 ,SM16373 ,
SM16373 ,SM16385 ,
SM16385 ,SM16413 ,
SM16385 ,SM16376 ,
SM16376 ,SM16413 ,
SM16376 ,SM16369 ,
SM16632 ,SM16664 ,
SM16632 ,SM16607 ,
SM16607 ,SM16592 ,
SM16592 ,SM16583 ,
SM16583 ,SM16581 ,
SM16581 ,SM16595 ,
SM16595 ,SM16602 ,
SM16409 ,SM16429 ,
SM16429 ,SM16440 ,
SM16440 ,SM16438 ,
SM16438 ,SM16423 ,
SM16423 ,SM16407 ,
SM16407 ,SM16401 ,
SM16401 ,SM16412 ,
SM16267 ,SM16291 ,
SM16291 ,SM16357 ,
SM16053 ,SM16049 ,
SM16049 ,SM16046 ,
SM16046 ,SM16043 ,
SM16043 ,SM16110 ,
SM16043 ,SM16041 ,
SM13245 ,SM13183 ,
SM13183 ,SM13129 ,
SM12932 ,SM12866 ,
SM12932 ,SM12989 ,
SM13213 ,SM13162 ,
SM13226 ,SM13126 ,
SM13226 ,SM13179 ,
SM13226 ,SM13327 ,
SM13327 ,SM13292 ,
SM13292 ,SM13179 ,
SM13216 ,SM13117 ,
SM13059 ,SM13117 ,
SM13059 ,SM13002 ,
SM12682 ,SM12749 ,
SM12682 ,SM12652 ,
SM12652 ,SM12749 ,
SM12652 ,SM12619 ,
SM12619 ,SM12776 ,
SM12619 ,SM12543 ,
SM12543 ,SM12675 ,
SM12675 ,SM12776 ,
SM12675 ,SM12799 ,
SM12675 ,SM12564 ,
SM12564 ,SM12677 ,
SM12564 ,SM12464 ,
SM12358 ,SM12464 ,
SM12358 ,SM12268 ,
SM12268 ,SM12425 ,
SM12268 ,SM12178 ,
SM12178 ,SM12300 ,
SM12178 ,SM12139 ,
SM12139 ,SM12081 ,
SM12081 ,SM12175 ,
SM12081 ,SM12056 ,
SM12056 ,SM12175 ,
SM12056 ,SM11974 ,
SM11974 ,SM12172 ,
SM11974 ,SM11889 ,
SM11889 ,SM11802 ,
SM10772 ,SM10719 ,
SM10772 ,SM10819 ,
SM10819 ,SM10833 ,
SM10833 ,SM10855 ,
SM11246 ,SM11185 ,
SM10969 ,SM10932 ,
SM10461 ,SM10554 ,
SM10461 ,SM10390 ,
SM10390 ,SM10295 ,
SM11009 ,SM11020 ,
SM10587 ,SM10348 ,
SM10404 ,SM10348 ,
SM10404 ,SM10271 ,
SM10271 ,SM10132 ,
SM9897  ,SM10129 ,
SM10348 ,SM10129 ,
SM9969  ,SM9954  ,
SM9432  ,SM9245  ,
SM8850  ,SM8862  ,
SM8850  ,SM8655  ,
SM8655  ,SM8448  ,
SM8448  ,SM8246  ,
SM8349  ,SM8306  ,
SM8306  ,SM8183  ,
SM8183  ,SM8088  ,
SM8183  ,SM8066  ,
SM8342  ,SM8255  ,
SM7979  ,SM8066  ,
SM7979  ,SM7868  ,
SM7868  ,SM7899  ,
SM7868  ,SM7657  ,
SM7744  ,SM7596  ,
SM7596  ,SM7657  ,
SM7596  ,SM7463  ,
SM7463  ,SM7465  ,
SM7277  ,SM7283  ,
SM7277  ,SM7269  ,
SM6748  ,SM6753  ,
SM6748  ,SM6763  ,
SM6763  ,SM6803  ,
SM6803  ,SM6855  ,
SM6855  ,SM6889  ,
SM6938  ,SM6889  ,
SM6682  ,SM6618  ,
SM6682  ,SM6670  ,
SM6559  ,SM6449  ,
SM6505  ,SM6449  ,
SM6505  ,SM6423  ,
SM6423  ,SM6449  ,
SM6423  ,SM6353  ,
SM6353  ,SM6218  ,
SM6218  ,SM6224  ,
SM6218  ,SM6050  ,
SM6218  ,SM6209  ,
SM6209  ,SM6059  ,
SM6179  ,SM6020  ,
SM6020  ,SM5876  ,
SM6317  ,SM6192  ,
SM6056  ,SM5991  ,
SM5697  ,SM5660  ,
SM5697  ,SM5653  ,
SM5410  ,SM5372  ,
SM4121  ,SM4173  ,
SM3927  ,SM4053  ,
SM3854  ,SM3935  ,
SM3578  ,SM3569  ,
SM3229  ,SM3213  ,
SM2890  ,SM2886  ,
SM2890  ,SM2714  ,
SM2716  ,SM2714  ,
SM2510  ,SM2509  ,
SM2714  ,SM2712  ,
SM2712  ,SM2886  ,
SM2712  ,SM2709  ,
SM2709  ,SM2883  ,
SM2346  ,SM2423  ,
SM2346  ,SM2361  ,
SM2346  ,SM2224  ,
SM2224  ,SM2190  ,
SM1929  ,SM1951  ,
SM1800  ,SM1879  ,
SM1800  ,SM1701  ,
SM1701  ,SM1591  ,
SM1591  ,SM1506  ,
SM1234  ,SM1227  ,
SM1234  ,SM1240  ,
SM1240  ,SM1246  ,
SM1246  ,SM1256  ,
SM1256  ,SM1266  ,
SM1266  ,SM1273  ,
SM1273  ,SM1281  ,
SM1441  ,SM1367  ,
SM945   ,SM940   ,
SM940   ,SM948   ,
SM948   ,SM956   ,
SM956   ,SM964   ,
SM964   ,SM961   ,
SM961   ,SM958   ,
SM958   ,SM953   ,
SM953   ,SM950   ,
SM510   ,SM535   ,
SM167   ,SM175   ,
SM175   ,SM184   ,
SM184   ,SM192   ,
SM192   ,SM201   ,
SM201   ,SM207   ,
SM207   ,SM218   ,
SM218   ,SM224   ,
SM224   ,SM231   ,
SM202   ,SM208   ,
SM178   ,SM199   ,
SM221   ,SM213   ,
SM221   ,SM255   ,
SM262   ,SM255   ,
SM262   ,SM268   ,
SM355   ,SM330   ,
SM330   ,SM287   ,
SM287   ,SM254   ,
SM231   ,SM238   ,
SM208   ,SM220   ,
SM208   ,SM211   ,
SM208   ,SM199   ,
SM199   ,SM211   ,
SM199   ,SM213   ,
SM213   ,SM211   ,
SM255   ,SM245   ,
SM254   ,SM245   ,
SM254   ,SM241   ,
SM254   ,SM238   ,
SM238   ,SM241   ,
SM220   ,SM233   ,
SM245   ,SM233   ,
SM245   ,SM241   ,
SM241   ,SM233   ,
SM220   ,SM211   ,
SM355   ,SM386   ,
SM386   ,SM416   ,
SM416   ,SM464   ,
SM464   ,SM500   ,
SM461   ,SM490   ,
SM440   ,SM451   ,
SM418   ,SM433   ,
SM495   ,SM468   ,
SM495   ,SM522   ,
SM457   ,SM514   ,
SM457   ,SM420   ,
SM407   ,SM420   ,
SM309   ,SM285   ,
SM257   ,SM263   ,
SM239   ,SM251   ,
SM294   ,SM317   ,
SM364   ,SM380   ,
SM411   ,SM427   ,
SM381   ,SM391   ,
SM381   ,SM369   ,
SM352   ,SM367   ,
SM417   ,SM437   ,
SM512   ,SM543   ,
SM590   ,SM608   ,
SM669   ,SM696   ,
SM696   ,SM721   ,
SM729   ,SM739   ,
SM842   ,SM811   ,
SM785   ,SM772   ,
SM772   ,SM761   ,
SM761   ,SM748   ,
SM721   ,SM748   ,
SM739   ,SM748   ,
SM811   ,SM781   ,
SM781   ,SM748   ,
SM785   ,SM795   ,
SM795   ,SM804   ,
SM804   ,SM818   ,
SM1138  ,SM1153  ,
SM1138  ,SM1120  ,
SM1120  ,SM1099  ,
SM922   ,SM974   ,
SM1019  ,SM1030  ,
SM1265  ,SM1225  ,
SM1225  ,SM1176  ,
SM1099  ,SM1088  ,
SM974   ,SM1000  ,
SM1030  ,SM1042  ,
SM1176  ,SM1142  ,
SM1088  ,SM1078  ,
SM1000  ,SM1032  ,
SM1042  ,SM1055  ,
SM1142  ,SM1096  ,
SM1078  ,SM1065  ,
SM1032  ,SM1065  ,
SM1055  ,SM1065  ,
SM1096  ,SM1065  ,
SM1265  ,SM1305  ,
SM1394  ,SM1410  ,
SM1654  ,SM1678  ,
SM1823  ,SM1837  ,
SM1823  ,SM1862  ,
SM1823  ,SM1814  ,
SM1814  ,SM1854  ,
SM1814  ,SM1806  ,
SM1806  ,SM1866  ,
SM1806  ,SM1798  ,
SM1798  ,SM1877  ,
SM1798  ,SM1789  ,
SM1570  ,SM1552  ,
SM1297  ,SM1285  ,
SM1169  ,SM1219  ,
SM1237  ,SM1247  ,
SM1247  ,SM1258  ,
SM1270  ,SM1258  ,
SM1270  ,SM1285  ,
SM1219  ,SM1258  ,
SM1779  ,SM1789  ,
SM1779  ,SM1882  ,
SM1882  ,SM1898  ,
SM1882  ,SM1972  ,
SM1882  ,SM1868  ,
SM1868  ,SM1845  ,
SM1845  ,SM1825  ,
SM1825  ,SM1802  ,
SM1802  ,SM1781  ,
SM1781  ,SM1876  ,
SM1758  ,SM1850  ,
SM1681  ,SM1734  ,
SM1681  ,SM1666  ,
SM1416  ,SM1398  ,
SM1416  ,SM1376  ,
SM1376  ,SM1333  ,
SM1648  ,SM1699  ,
SM1648  ,SM1679  ,
SM1679  ,SM1785  ,
SM1785  ,SM1810  ,
SM1785  ,SM1768  ,
SM1768  ,SM1746  ,
SM1746  ,SM1713  ,
SM1713  ,SM1683  ,
SM1683  ,SM1830  ,
SM1818  ,SM1844  ,
SM1818  ,SM1863  ,
SM1818  ,SM1792  ,
SM1792  ,SM1817  ,
SM1888  ,SM1864  ,
SM1888  ,SM1900  ,
SM2422  ,SM2403  ,
SM2422  ,SM2442  ,
SM2925  ,SM2903  ,
SM2925  ,SM2950  ,
SM2950  ,SM2968  ,
SM2968  ,SM2988  ,
SM2988  ,SM3010  ,
SM3010  ,SM3026  ,
SM3026  ,SM3044  ,
SM3044  ,SM3061  ,
SM3061  ,SM3077  ,
SM3077  ,SM3090  ,
SM3090  ,SM3111  ,
SM3111  ,SM3125  ,
SM2664  ,SM2682  ,
SM2559  ,SM2653  ,
SM2559  ,SM2592  ,
SM2592  ,SM2630  ,
SM2328  ,SM2211  ,
SM2148  ,SM2163  ,
SM2163  ,SM2211  ,
SM2163  ,SM2173  ,
SM2173  ,SM2211  ,
SM2698  ,SM2662  ,
SM3378  ,SM3339  ,
SM3818  ,SM3905  ,
SM4205  ,SM4169  ,
SM4205  ,SM4372  ,
SM4406  ,SM4437  ,
SM4406  ,SM4402  ,
SM4402  ,SM4439  ,
SM4439  ,SM4480  ,
SM4480  ,SM4519  ,
SM4519  ,SM4565  ,
SM4565  ,SM4610  ,
SM4610  ,SM4655  ,
SM4394  ,SM4452  ,
SM4394  ,SM4327  ,
SM4327  ,SM4239  ,
SM4239  ,SM3831  ,
SM3831  ,SM3751  ,
SM3751  ,SM3672  ,
SM3672  ,SM3605  ,
SM3605  ,SM3530  ,
SM3530  ,SM3466  ,
SM3466  ,SM3403  ,
SM3403  ,SM3340  ,
SM3340  ,SM3279  ,
SM3279  ,SM3215  ,
SM3241  ,SM3289  ,
SM3241  ,SM3182  ,
SM3182  ,SM3131  ,
SM3131  ,SM3083  ,
SM3083  ,SM3031  ,
SM3200  ,SM3258  ,
SM3399  ,SM3455  ,
SM3632  ,SM3692  ,
SM3632  ,SM3572  ,
SM3778  ,SM3771  ,
SM3778  ,SM3786  ,
SM3786  ,SM3790  ,
SM3790  ,SM3799  ,
SM3799  ,SM3804  ,
SM3804  ,SM3810  ,
SM3674  ,SM3745  ,
SM3938  ,SM4002  ,
SM3938  ,SM3956  ,
SM3956  ,SM3966  ,
SM3966  ,SM4383  ,
SM1226  ,SM1322  ,
SM1226  ,SM1223  ,
SM1223  ,SM1218  ,
SM1218  ,SM1215  ,
SM973   ,SM1002  ,
SM1165  ,SM1167  ,
SM1165  ,SM1162  ,
SM1162  ,SM1158  ,
SM825   ,SM824   ,
SM824   ,SM823   ,
SM823   ,SM821   ,
SM821   ,SM817   ,
SM817   ,SM812   ,
SM812   ,SM809   ,
SM809   ,SM806   ,
SM806   ,SM802   ,
SM660   ,SM693   ,
SM786   ,SM789   ,
SM972   ,SM918   ,
SM918   ,SM888   ,
SM802   ,SM801   ,
SM693   ,SM726   ,
SM789   ,SM790   ,
SM888   ,SM859   ,
SM801   ,SM798   ,
SM726   ,SM764   ,
SM790   ,SM791   ,
SM859   ,SM831   ,
SM798   ,SM831   ,
SM798   ,SM796   ,
SM764   ,SM796   ,
SM791   ,SM796   ,
SM831   ,SM796   ,
SM972   ,SM1003  ,
SM1111  ,SM1115  ,
SM1111  ,SM1105  ,
SM1105  ,SM1101  ,
SM1101  ,SM1097  ,
SM1097  ,SM1093  ,
SM1093  ,SM1091  ,
SM771   ,SM769   ,
SM769   ,SM766   ,
SM766   ,SM765   ,
SM648   ,SM683   ,
SM742   ,SM744   ,
SM1063  ,SM1066  ,
SM1063  ,SM1061  ,
SM1061  ,SM1058  ,
SM1058  ,SM1056  ,
SM1056  ,SM1053  ,
SM1053  ,SM1049  ,
SM1049  ,SM1045  ,
SM880   ,SM910   ,
SM1024  ,SM1026  ,
SM1407  ,SM1409  ,
SM1407  ,SM1402  ,
SM1402  ,SM1396  ,
SM1396  ,SM1393  ,
SM1393  ,SM1391  ,
SM1391  ,SM1385  ,
SM1385  ,SM1382  ,
SM1382  ,SM1378  ,
SM1378  ,SM1375  ,
SM1005  ,SM999   ,
SM999   ,SM996   ,
SM905   ,SM987   ,
SM981   ,SM984   ,
SM1116  ,SM1047  ,
SM1047  ,SM992   ,
SM996   ,SM992   ,
SM992   ,SM987   ,
SM987   ,SM985   ,
SM985   ,SM984   ,
SM1116  ,SM1199  ,
SM1251  ,SM1252  ,
SM1251  ,SM1248  ,
SM1183  ,SM1231  ,
SM1183  ,SM1150  ,
SM1324  ,SM1328  ,
SM1531  ,SM1581  ,
SM1754  ,SM1760  ,
SM1976  ,SM1916  ,
SM1976  ,SM2044  ,
SM2044  ,SM2106  ,
SM2274  ,SM2279  ,
SM2575  ,SM2493  ,
SM2575  ,SM2646  ,
SM2646  ,SM2720  ,
SM2926  ,SM2934  ,
SM3188  ,SM3132  ,
SM3188  ,SM3261  ,
SM3261  ,SM3322  ,
SM3492  ,SM3497  ,
SM3492  ,SM3484  ,
SM3484  ,SM3478  ,
SM3478  ,SM3475  ,
SM3475  ,SM3467  ,
SM3467  ,SM3463  ,
SM4087  ,SM4095  ,
SM4283  ,SM4367  ,
SM4283  ,SM4408  ,
SM4283  ,SM4190  ,
SM4190  ,SM4350  ,
SM4223  ,SM4375  ,
SM4303  ,SM4409  ,
SM4303  ,SM4370  ,
SM4303  ,SM4168  ,
SM4168  ,SM4270  ,
SM3993  ,SM4042  ,
SM4042  ,SM4079  ,
SM4079  ,SM4146  ,
SM4128  ,SM4146  ,
SM4128  ,SM4277  ,
SM4128  ,SM4069  ,
SM4144  ,SM4236  ,
SM4144  ,SM4136  ,
SM4136  ,SM4234  ,
SM4070  ,SM4137  ,
SM3971  ,SM3990  ,
SM3888  ,SM3930  ,
SM3930  ,SM3990  ,
SM4072  ,SM3990  ,
SM4072  ,SM4137  ,
SM4679  ,SM4741  ,
SM4915  ,SM4846  ,
SM4915  ,SM4972  ,
SM5108  ,SM5028  ,
SM5108  ,SM5116  ,
SM5116  ,SM5065  ,
SM5100  ,SM4977  ,
SM5100  ,SM5214  ,
SM5214  ,SM5329  ,
SM5471  ,SM5329  ,
SM5582  ,SM5465  ,
SM5582  ,SM5732  ,
SM6140  ,SM6044  ,
SM6140  ,SM6227  ,
SM6227  ,SM6319  ,
SM6551  ,SM6558  ,
SM7130  ,SM7014  ,
SM7207  ,SM6973  ,
SM7207  ,SM7408  ,
SM7408  ,SM7589  ,
SM7589  ,SM7783  ,
SM7783  ,SM7942  ,
SM8405  ,SM8413  ,
SM8405  ,SM8394  ,
SM7845  ,SM7938  ,
SM8317  ,SM8324  ,
SM8317  ,SM8307  ,
SM8307  ,SM8299  ,
SM7853  ,SM7949  ,
SM8226  ,SM8239  ,
SM8368  ,SM8239  ,
SM8368  ,SM8381  ,
SM8381  ,SM8386  ,
SM8500  ,SM8386  ,
SM8515  ,SM8526  ,
SM8515  ,SM8616  ,
SM8616  ,SM8626  ,
SM8626  ,SM8526  ,
SM8626  ,SM8738  ,
SM8738  ,SM8831  ,
SM8831  ,SM8859  ,
SM8831  ,SM8925  ,
SM8925  ,SM9020  ,
SM9020  ,SM9029  ,
SM9020  ,SM9128  ,
SM9128  ,SM9219  ,
SM9219  ,SM9205  ,
SM9219  ,SM9306  ,
SM9306  ,SM9398  ,
SM9384  ,SM9398  ,
SM9384  ,SM9499  ,
SM9499  ,SM9508  ,
SM9499  ,SM9602  ,
SM9594  ,SM9708  ,
SM9579  ,SM9691  ,
SM9780  ,SM9691  ,
SM10399 ,SM10279 ,
SM10498 ,SM10504 ,
SM10504 ,SM10534 ,
SM10773 ,SM10795 ,
SM10773 ,SM10994 ,
SM10994 ,SM11005 ,
SM10994 ,SM11190 ,
SM10994 ,SM10988 ,
SM10988 ,SM11162 ,
SM11162 ,SM11190 ,
SM11162 ,SM11334 ,
SM11274 ,SM11334 ,
SM11274 ,SM11499 ,
SM11278 ,SM11398 ,
SM11746 ,SM11757 ,
SM12320 ,SM12215 ,
SM12421 ,SM12223 ,
SM12421 ,SM12468 ,
SM12468 ,SM12258 ,
SM12279 ,SM12258 ,
SM12279 ,SM12049 ,
SM12049 ,SM12029 ,
SM12049 ,SM11801 ,
SM11405 ,SM11379 ,
SM11189 ,SM11190 ,
SM11190 ,SM11379 ,
SM11334 ,SM11379 ,
SM11499 ,SM11760 ,
SM11398 ,SM11514 ,
SM11757 ,SM11774 ,
SM12215 ,SM12108 ,
SM12223 ,SM12002 ,
SM12223 ,SM12258 ,
SM12258 ,SM12029 ,
SM12029 ,SM12002 ,
SM12029 ,SM11784 ,
SM11801 ,SM11784 ,
SM11784 ,SM11760 ,
SM11760 ,SM11782 ,
SM11782 ,SM11793 ,
SM11782 ,SM11655 ,
SM11655 ,SM11793 ,
SM11655 ,SM11514 ,
SM11774 ,SM11785 ,
SM12108 ,SM11994 ,
SM11874 ,SM11994 ,
SM11874 ,SM11793 ,
SM11793 ,SM11785 ,
SM11189 ,SM11005 ,
SM10837 ,SM10816 ,
SM10837 ,SM10862 ,
SM10862 ,SM10880 ,
SM10880 ,SM10900 ,
SM11643 ,SM11416 ,
SM11233 ,SM11224 ,
SM10337 ,SM10327 ,
SM10111 ,SM10092 ,
SM10111 ,SM10130 ,
SM10130 ,SM10147 ,
SM10147 ,SM10164 ,
SM10164 ,SM10179 ,
SM10179 ,SM10193 ,
SM10179 ,SM10364 ,
SM10364 ,SM10374 ,
SM11320 ,SM11327 ,
SM12578 ,SM12471 ,
SM14065 ,SM14146 ,
SM14653 ,SM14492 ,
SM14653 ,SM14619 ,
SM14653 ,SM14636 ,
SM14636 ,SM14619 ,
SM14492 ,SM14619 ,
SM14492 ,SM14375 ,
SM14375 ,SM14242 ,
SM14375 ,SM14224 ,
SM14224 ,SM14242 ,
SM14224 ,SM14146 ,
SM14224 ,SM14208 ,
SM14208 ,SM14165 ,
SM14657 ,SM14669 ,
SM14732 ,SM14669 ,
SM14807 ,SM14815 ,
SM14815 ,SM14823 ,
SM14936 ,SM14942 ,
SM14942 ,SM14954 ,
SM14954 ,SM14833 ,
SM15088 ,SM14996 ,
SM14880 ,SM14872 ,
SM14880 ,SM14888 ,
SM14888 ,SM14898 ,
SM14888 ,SM15011 ,
SM15011 ,SM14898 ,
SM15027 ,SM14917 ,
SM14927 ,SM14917 ,
SM14529 ,SM14635 ,
SM14529 ,SM14521 ,
SM14529 ,SM14416 ,
SM14416 ,SM14409 ,
SM14416 ,SM13748 ,
SM14484 ,SM14429 ,
SM14484 ,SM14549 ,
SM14549 ,SM14614 ,
SM14614 ,SM14680 ,
SM14680 ,SM14734 ,
SM14705 ,SM14578 ,
SM14578 ,SM14450 ,
SM14450 ,SM14314 ,
SM14314 ,SM14164 ,
SM14347 ,SM14274 ,
SM14274 ,SM14206 ,
SM13994 ,SM13982 ,
SM13994 ,SM14007 ,
SM14277 ,SM14139 ,
SM14250 ,SM14179 ,
SM14179 ,SM14117 ,
SM14141 ,SM14018 ,
SM14262 ,SM14167 ,
SM14234 ,SM14163 ,
SM14400 ,SM14339 ,
SM14339 ,SM14261 ,
SM14261 ,SM14188 ,
SM14188 ,SM14123 ,
SM14243 ,SM14176 ,
SM13230 ,SM13218 ,
SM13230 ,SM13233 ,
SM13233 ,SM13238 ,
SM13238 ,SM13248 ,
SM13248 ,SM13255 ,
SM13255 ,SM13262 ,
SM14746 ,SM14689 ,
SM14746 ,SM14803 ,
SM14803 ,SM14861 ,
SM14861 ,SM14920 ,
SM14920 ,SM14980 ,
SM14980 ,SM15036 ,
SM15036 ,SM15083 ,
SM15083 ,SM15138 ,
SM15138 ,SM15190 ,
SM15190 ,SM15241 ,
SM15241 ,SM15296 ,
SM15296 ,SM15356 ,
SM15356 ,SM15388 ,
SM15388 ,SM15440 ,
SM15440 ,SM15492 ,
SM15492 ,SM15547 ,
SM15547 ,SM15600 ,
SM15600 ,SM15669 ,
SM15669 ,SM15720 ,
SM15720 ,SM15784 ,
SM15366 ,SM15320 ,
SM15366 ,SM15397 ,
SM15397 ,SM15423 ,
SM15423 ,SM15453 ,
SM15453 ,SM15411 ,
SM15453 ,SM15488 ,
SM15488 ,SM15451 ,
SM15488 ,SM15523 ,
SM15523 ,SM15482 ,
SM15523 ,SM15565 ,
SM15565 ,SM15516 ,
SM15565 ,SM15601 ,
SM15601 ,SM15560 ,
SM15601 ,SM15646 ,
SM15646 ,SM15598 ,
SM15646 ,SM15681 ,
SM15681 ,SM15642 ,
SM15681 ,SM15727 ,
SM15727 ,SM15679 ,
SM15727 ,SM15769 ,
SM15769 ,SM15721 ,
SM15769 ,SM15806 ,
SM15806 ,SM15766 ,
SM15806 ,SM15840 ,
SM15840 ,SM15805 ,
SM15840 ,SM15876 ,
SM15876 ,SM15842 ,
SM15876 ,SM15917 ,
SM15917 ,SM15886 ,
SM15917 ,SM15952 ,
SM15952 ,SM15919 ,
SM15952 ,SM15992 ,
SM15992 ,SM15956 ,
SM15992 ,SM16062 ,
SM17431 ,SM17436 ,
SM17431 ,SM17416 ,
SM17416 ,SM17408 ,
SM17408 ,SM17404 ,
SM17404 ,SM17391 ,
SM17391 ,SM17380 ,
SM17380 ,SM17377 ,
SM17477 ,SM17462 ,
SM16457 ,SM16419 ,
SM16457 ,SM16397 ,
SM16457 ,SM16500 ,
SM16500 ,SM16473 ,
SM16473 ,SM16397 ,
SM16473 ,SM16547 ,
SM16547 ,SM16624 ,
SM16624 ,SM16701 ,
SM16701 ,SM16791 ,
SM16791 ,SM16860 ,
SM16860 ,SM16929 ,
SM16935 ,SM16929 ,
SM16935 ,SM17018 ,
SM17018 ,SM16929 ,
SM17018 ,SM17063 ,
SM17492 ,SM17487 ,
SM17492 ,SM17512 ,
SM17512 ,SM17539 ,
SM17795 ,SM17784 ,
SM17795 ,SM17811 ,
SM17811 ,SM17800 ,
SM17800 ,SM17788 ,
SM17788 ,SM17765 ,
SM17788 ,SM17771 ,
SM17771 ,SM17756 ,
SM17771 ,SM17753 ,
SM17856 ,SM17829 ,
SM17779 ,SM17789 ,
SM17840 ,SM17865 ,
SM18024 ,SM18040 ,
SM18024 ,SM18013 ,
SM18102 ,SM18076 ,
SM18102 ,SM18130 ,
SM18130 ,SM18155 ,
SM18130 ,SM18168 ,
SM18168 ,SM18155 ,
SM18168 ,SM18186 ,
SM17894 ,SM17865 ,
SM17894 ,SM17869 ,
SM18040 ,SM18057 ,
SM18076 ,SM18057 ,
SM17869 ,SM17853 ,
SM17853 ,SM17839 ,
SM17839 ,SM17823 ,
SM17831 ,SM17825 ,
SM17820 ,SM17807 ,
SM17807 ,SM17778 ,
SM17862 ,SM17849 ,
SM17862 ,SM17884 ,
SM17862 ,SM17875 ,
SM17862 ,SM17880 ,
SM17880 ,SM17875 ,
SM17880 ,SM17884 ,
SM17884 ,SM17875 ,
SM17794 ,SM17810 ,
SM17794 ,SM17787 ,
SM17787 ,SM17777 ,
SM17777 ,SM17774 ,
SM17774 ,SM17761 ,
SM17761 ,SM17755 ,
SM17766 ,SM17745 ,
SM17664 ,SM17645 ,
SM17664 ,SM17657 ,
SM17664 ,SM17678 ,
SM17696 ,SM17678 ,
SM17696 ,SM17704 ,
SM17704 ,SM17729 ,
SM17729 ,SM17758 ,
SM17758 ,SM17785 ,
SM17895 ,SM17883 ,
SM17895 ,SM17906 ,
SM17929 ,SM17904 ,
SM17929 ,SM17942 ,
SM17942 ,SM17957 ,
SM17957 ,SM17974 ,
SM18043 ,SM18056 ,
SM18056 ,SM18065 ,
SM18065 ,SM18078 ,
SM18078 ,SM18089 ,
SM18089 ,SM18104 ,
SM18104 ,SM18115 ,
SM18115 ,SM18126 ,
SM18126 ,SM18140 ,
SM18140 ,SM18144 ,
SM18144 ,SM18134 ,
SM18169 ,SM18146 ,
SM18106 ,SM18095 ,
SM18106 ,SM18120 ,
SM18120 ,SM18132 ,
SM18132 ,SM18143 ,
SM18143 ,SM18150 ,
SM18150 ,SM18161 ,
SM18161 ,SM18172 ,
SM18242 ,SM18261 ,
SM18387 ,SM18377 ,
SM18377 ,SM18369 ,
SM18369 ,SM18362 ,
SM18362 ,SM18354 ,
SM18396 ,SM18371 ,
SM18396 ,SM18417 ,
SM18417 ,SM18436 ,
SM18502 ,SM18527 ,
SM18792 ,SM18782 ,
SM18792 ,SM18800 ,
SM18800 ,SM18812 ,
SM18812 ,SM18823 ,
SM18963 ,SM18956 ,
SM18963 ,SM18974 ,
SM18974 ,SM18984 ,
SM19119 ,SM19106 ,
SM19140 ,SM19126 ,
SM19140 ,SM19152 ,
SM19152 ,SM19160 ,
SM19306 ,SM19324 ,
SM19306 ,SM19284 ,
SM19284 ,SM19266 ,
SM19266 ,SM19254 ,
SM19254 ,SM19241 ,
SM19164 ,SM19179 ,
SM19136 ,SM19153 ,
SM19398 ,SM19376 ,
SM19398 ,SM19420 ,
SM19105 ,SM19089 ,
SM19089 ,SM19075 ,
SM19051 ,SM19061 ,
SM19061 ,SM19075 ,
SM19584 ,SM19559 ,
SM19620 ,SM19591 ,
SM19620 ,SM19600 ,
SM19620 ,SM19646 ,
SM19738 ,SM19716 ,
SM19853 ,SM19842 ,
SM19842 ,SM19837 ,
SM19837 ,SM19831 ,
SM19867 ,SM19861 ,
SM19867 ,SM19874 ,
SM19874 ,SM19878 ,
SM19878 ,SM19884 ,
SM19884 ,SM19888 ,
SM19913 ,SM19906 ,
SM19917 ,SM19911 ,
SM19917 ,SM19914 ,
SM19914 ,SM19907 ,
SM19914 ,SM19916 ,
SM19901 ,SM19907 ,
SM19901 ,SM19897 ,
SM19897 ,SM19895 ,
SM19889 ,SM19895 ,
SM19888 ,SM19892 ,
SM19906 ,SM19900 ,
SM19908 ,SM19904 ,
SM19908 ,SM19907 ,
SM19908 ,SM19911 ,
SM19904 ,SM19900 ,
SM19892 ,SM19898 ,
SM19898 ,SM19900 ,
SM19882 ,SM19879 ,
SM19879 ,SM19873 ,
SM19873 ,SM19865 ,
SM19865 ,SM19859 ,
SM19859 ,SM19848 ,
SM19848 ,SM19836 ,
SM19864 ,SM19857 ,
SM19827 ,SM19822 ,
SM19730 ,SM19748 ,
SM19730 ,SM19713 ,
SM19701 ,SM19686 ,
SM19701 ,SM19714 ,
SM19714 ,SM19729 ,
SM19729 ,SM19745 ,
SM19793 ,SM19776 ,
SM19793 ,SM19808 ,
SM19808 ,SM19819 ,
SM19819 ,SM19832 ,
SM19844 ,SM19855 ,
SM19869 ,SM19855 ,
SM19851 ,SM19852 ,
SM19852 ,SM19854 ,
SM19832 ,SM19841 ,
SM19841 ,SM19854 ,
SM19841 ,SM19855 ,
SM19855 ,SM19854 ,
SM19851 ,SM19850 ,
SM19850 ,SM19849 ,
SM19849 ,SM19847 ,
SM19847 ,SM19838 ,
SM19847 ,SM19845 ,
SM19845 ,SM19838 ,
SM19838 ,SM19830 ,
SM19830 ,SM19820 ,
SM19639 ,SM19624 ,
SM19438 ,SM19434 ,
SM19221 ,SM19217 ,
SM19221 ,SM19226 ,
SM19226 ,SM19231 ,
SM19231 ,SM19234 ,
SM19234 ,SM19239 ,
SM19239 ,SM19243 ,
SM19468 ,SM19472 ,
SM19472 ,SM19476 ,
SM19476 ,SM19482 ,
SM19482 ,SM19489 ,
SM19489 ,SM19494 ,
SM19601 ,SM19589 ,
SM19629 ,SM19612 ,
SM19408 ,SM19427 ,
SM19408 ,SM19388 ,
SM19388 ,SM19367 ,
SM19367 ,SM19346 ,
SM19346 ,SM19327 ,
SM19327 ,SM19308 ,
SM19250 ,SM19238 ,
SM19238 ,SM19227 ,
SM19227 ,SM19216 ,
SM19216 ,SM19194 ,
SM19194 ,SM19172 ,
SM19011 ,SM19003 ,
SM19003 ,SM18991 ,
SM18991 ,SM18978 ,
SM18978 ,SM18969 ,
SM18969 ,SM18957 ,
SM18957 ,SM18947 ,
SM18773 ,SM18766 ,
SM18766 ,SM18756 ,
SM18718 ,SM18701 ,
SM17389 ,SM17393 ,
SM17309 ,SM17250 ,
SM17309 ,SM17265 ,
SM17265 ,SM17202 ,
SM17265 ,SM17222 ,
SM17222 ,SM17154 ,
SM17222 ,SM17168 ,
SM17222 ,SM17279 ,
SM17279 ,SM17241 ,
SM17241 ,SM17168 ,
SM17241 ,SM17211 ,
SM17211 ,SM17182 ,
SM17183 ,SM17182 ,
SM17183 ,SM17152 ,
SM17183 ,SM17189 ,
SM17189 ,SM17193 ,
SM17213 ,SM17193 ,
SM17167 ,SM17128 ,
SM17150 ,SM17073 ,
SM17232 ,SM17197 ,
SM17178 ,SM17197 ,
SM16927 ,SM16896 ,
SM16896 ,SM16870 ,
SM16851 ,SM16870 ,
SM16851 ,SM16844 ,
SM16710 ,SM16709 ,
SM16710 ,SM16699 ,
SM16699 ,SM16686 ,
SM16686 ,SM16673 ,
SM16686 ,SM16737 ,
SM16737 ,SM16673 ,
SM16874 ,SM16849 ,
SM16849 ,SM16831 ,
SM17057 ,SM17004 ,
SM17004 ,SM16907 ,
SM16907 ,SM16857 ,
SM16857 ,SM16813 ,
SM16813 ,SM16774 ,
SM16731 ,SM16769 ,
SM16604 ,SM16673 ,
SM16831 ,SM16800 ,
SM16800 ,SM16769 ,
SM16604 ,SM16517 ,
SM16604 ,SM16535 ,
SM16488 ,SM16535 ,
SM16488 ,SM16529 ,
SM16488 ,SM16517 ,
SM16488 ,SM16439 ,
SM16439 ,SM16412 ,
SM16357 ,SM16420 ,
SM16165 ,SM16229 ,
SM16165 ,SM16110 ,
SM16110 ,SM16132 ,
SM16041 ,SM16132 ,
SM16041 ,SM16038 ,
SM16038 ,SM16036 ,
SM16036 ,SM16034 ,
SM16034 ,SM16032 ,
SM16032 ,SM16025 ,
SM15415 ,SM15493 ,
SM15415 ,SM15338 ,
SM15338 ,SM15252 ,
SM15252 ,SM15178 ,
SM15178 ,SM15100 ,
SM15100 ,SM15012 ,
SM12245 ,SM12233 ,
SM12245 ,SM12265 ,
SM12265 ,SM12283 ,
SM12283 ,SM12298 ,
SM13129 ,SM13067 ,
SM12866 ,SM12821 ,
SM12850 ,SM12773 ,
SM12850 ,SM12927 ,
SM12927 ,SM12994 ,
SM12989 ,SM12994 ,
SM12989 ,SM13084 ,
SM13162 ,SM13084 ,
SM13126 ,SM13046 ,
SM13055 ,SM12940 ,
SM13055 ,SM12900 ,
SM13055 ,SM13179 ,
SM13117 ,SM12925 ,
SM12925 ,SM12900 ,
SM12925 ,SM12749 ,
SM12749 ,SM12900 ,
SM12776 ,SM12940 ,
SM12799 ,SM12968 ,
SM12799 ,SM12677 ,
SM12677 ,SM12834 ,
SM12677 ,SM12555 ,
SM12555 ,SM12708 ,
SM12555 ,SM12425 ,
SM12555 ,SM12464 ,
SM12425 ,SM12572 ,
SM12425 ,SM12300 ,
SM12300 ,SM12441 ,
SM12300 ,SM12175 ,
SM12175 ,SM12302 ,
SM12302 ,SM12373 ,
SM12172 ,SM12272 ,
SM12172 ,SM12102 ,
SM12102 ,SM12058 ,
SM12058 ,SM12007 ,
SM11802 ,SM11706 ,
SM10719 ,SM10621 ,
SM10621 ,SM10508 ,
SM10508 ,SM10005 ,
SM10295 ,SM10209 ,
SM9954  ,SM9937  ,
SM9454  ,SM9541  ,
SM9454  ,SM9452  ,
SM9454  ,SM9372  ,
SM9372  ,SM9371  ,
SM9372  ,SM9297  ,
SM9297  ,SM9251  ,
SM8862  ,SM8868  ,
SM8677  ,SM8880  ,
SM8677  ,SM8678  ,
SM8677  ,SM8469  ,
SM8469  ,SM8463  ,
SM8469  ,SM8241  ,
SM8246  ,SM8042  ,
SM8088  ,SM7899  ,
SM7899  ,SM7867  ,
SM7899  ,SM7703  ,
SM7703  ,SM7679  ,
SM7703  ,SM7514  ,
SM7703  ,SM7657  ,
SM7657  ,SM7465  ,
SM7465  ,SM7392  ,
SM7270  ,SM7245  ,
SM7270  ,SM7283  ,
SM7088  ,SM7158  ,
SM7088  ,SM7092  ,
SM7088  ,SM6984  ,
SM6753  ,SM6758  ,
SM6522  ,SM6534  ,
SM6522  ,SM6514  ,
SM6514  ,SM6412  ,
SM6514  ,SM6568  ,
SM6568  ,SM6618  ,
SM6618  ,SM6465  ,
SM6465  ,SM6362  ,
SM6362  ,SM6217  ,
SM6362  ,SM6229  ,
SM6229  ,SM6071  ,
SM6229  ,SM6224  ,
SM6050  ,SM5906  ,
SM6050  ,SM6059  ,
SM6059  ,SM5943  ,
SM5943  ,SM5906  ,
SM5943  ,SM5777  ,
SM5876  ,SM5715  ,
SM6192  ,SM6069  ,
SM5991  ,SM5917  ,
SM5660  ,SM5626  ,
SM5660  ,SM5616  ,
SM5372  ,SM5348  ,
SM5009  ,SM4969  ,
SM4173  ,SM4244  ,
SM4244  ,SM4280  ,
SM4053  ,SM4161  ,
SM3935  ,SM4043  ,
SM3769  ,SM3840  ,
SM3769  ,SM3682  ,
SM3682  ,SM3611  ,
SM3569  ,SM3554  ,
SM3213  ,SM3186  ,
SM3186  ,SM3142  ,
SM3142  ,SM3128  ,
SM2886  ,SM2883  ,
SM2883  ,SM2940  ,
SM2838  ,SM2944  ,
SM2838  ,SM2780  ,
SM2780  ,SM2708  ,
SM2708  ,SM2657  ,
SM2657  ,SM2599  ,
SM2599  ,SM2678  ,
SM2599  ,SM2505  ,
SM2505  ,SM2423  ,
SM2361  ,SM2377  ,
SM2377  ,SM2415  ,
SM2190  ,SM2142  ,
SM2142  ,SM2099  ,
SM2099  ,SM2039  ,
SM1951  ,SM1949  ,
SM1879  ,SM1949  ,
SM1879  ,SM1910  ,
SM1910  ,SM1941  ,
SM2039  ,SM1988  ,
SM1988  ,SM1949  ,
SM1941  ,SM1983  ,
SM1983  ,SM2025  ,
SM1842  ,SM1925  ,
SM1842  ,SM1748  ,
SM1748  ,SM1675  ,
SM1506  ,SM1432  ,
SM1227  ,SM1220  ,
SM927   ,SM907   ,
SM927   ,SM929   ,
SM929   ,SM930   ,
SM930   ,SM931   ,
SM931   ,SM933   ,
SM933   ,SM937   ,
SM937   ,SM941   ,
SM941   ,SM946   ,
SM1281  ,SM1289  ,
SM1367  ,SM1289  ,
SM950   ,SM946   ,
SM535   ,SM556   ,
SM556   ,SM573   ,
SM573   ,SM589   ,
SM518   ,SM565   ,
SM518   ,SM500   ,
SM1106  ,SM1107  ,
SM1106  ,SM1108  ,
SM1108  ,SM1193  ,
SM1108  ,SM1113  ,
SM1113  ,SM1134  ,
SM1184  ,SM1185  ,
SM1184  ,SM1202  ,
SM1202  ,SM1212  ,
SM1212  ,SM1222  ,
SM490   ,SM504   ,
SM485   ,SM504   ,
SM485   ,SM466   ,
SM466   ,SM451   ,
SM451   ,SM433   ,
SM540   ,SM520   ,
SM540   ,SM554   ,
SM554   ,SM569   ,
SM522   ,SM569   ,
SM522   ,SM551   ,
SM522   ,SM514   ,
SM514   ,SM551   ,
SM530   ,SM557   ,
SM530   ,SM501   ,
SM501   ,SM471   ,
SM471   ,SM444   ,
SM394   ,SM408   ,
SM394   ,SM379   ,
SM379   ,SM363   ,
SM363   ,SM348   ,
SM285   ,SM271   ,
SM263   ,SM271   ,
SM263   ,SM264   ,
SM251   ,SM264   ,
SM317   ,SM335   ,
SM380   ,SM395   ,
SM427   ,SM447   ,
SM560   ,SM567   ,
SM560   ,SM553   ,
SM367   ,SM385   ,
SM437   ,SM458   ,
SM543   ,SM564   ,
SM608   ,SM630   ,
SM630   ,SM659   ,
SM659   ,SM689   ,
SM818   ,SM828   ,
SM1153  ,SM1164  ,
SM1551  ,SM1566  ,
SM1551  ,SM1536  ,
SM1536  ,SM1522  ,
SM1522  ,SM1502  ,
SM1305  ,SM1345  ,
SM1410  ,SM1421  ,
SM1678  ,SM1697  ,
SM1837  ,SM1849  ,
SM1837  ,SM1867  ,
SM1862  ,SM1854  ,
SM1854  ,SM1858  ,
SM1858  ,SM1866  ,
SM1866  ,SM1877  ,
SM1877  ,SM1938  ,
SM1877  ,SM1894  ,
SM1894  ,SM1918  ,
SM1898  ,SM1928  ,
SM1972  ,SM1985  ,
SM1972  ,SM2005  ,
SM2005  ,SM2050  ,
SM2005  ,SM2013  ,
SM2013  ,SM1974  ,
SM1974  ,SM2064  ,
SM1974  ,SM1944  ,
SM1944  ,SM1919  ,
SM1919  ,SM1896  ,
SM1896  ,SM1876  ,
SM1876  ,SM1850  ,
SM1850  ,SM1836  ,
SM1836  ,SM1810  ,
SM1836  ,SM1734  ,
SM1734  ,SM1666  ,
SM1666  ,SM1699  ,
SM1699  ,SM1810  ,
SM1945  ,SM1982  ,
SM1945  ,SM2009  ,
SM1945  ,SM1913  ,
SM1913  ,SM1971  ,
SM1883  ,SM1933  ,
SM1855  ,SM1899  ,
SM1855  ,SM1873  ,
SM1830  ,SM1873  ,
SM1830  ,SM1844  ,
SM1844  ,SM1863  ,
SM1863  ,SM1905  ,
SM1817  ,SM1839  ,
SM1839  ,SM1864  ,
SM1954  ,SM1905  ,
SM1954  ,SM2014  ,
SM2014  ,SM2078  ,
SM2078  ,SM2134  ,
SM2385  ,SM2366  ,
SM2385  ,SM2403  ,
SM2875  ,SM2847  ,
SM2875  ,SM2903  ,
SM3536  ,SM3516  ,
SM3536  ,SM3558  ,
SM3558  ,SM3577  ,
SM3577  ,SM3601  ,
SM3601  ,SM3623  ,
SM3623  ,SM3641  ,
SM3641  ,SM3660  ,
SM3660  ,SM3681  ,
SM3681  ,SM3707  ,
SM3707  ,SM3730  ,
SM3730  ,SM3753  ,
SM3753  ,SM3777  ,
SM3459  ,SM3582  ,
SM3582  ,SM3715  ,
SM3715  ,SM3851  ,
SM3905  ,SM4004  ,
SM4169  ,SM4139  ,
SM4169  ,SM4337  ,
SM4372  ,SM4337  ,
SM4372  ,SM4504  ,
SM4509  ,SM4587  ,
SM4587  ,SM4750  ,
SM4750  ,SM4914  ,
SM5206  ,SM5166  ,
SM5206  ,SM5249  ,
SM5206  ,SM5258  ,
SM5258  ,SM5374  ,
SM5258  ,SM5300  ,
SM5300  ,SM5437  ,
SM5300  ,SM5357  ,
SM5357  ,SM5498  ,
SM5357  ,SM5417  ,
SM4655  ,SM4700  ,
SM4452  ,SM4534  ,
SM4729  ,SM4791  ,
SM4810  ,SM4885  ,
SM4810  ,SM4735  ,
SM4735  ,SM4664  ,
SM4664  ,SM4590  ,
SM4590  ,SM4536  ,
SM4536  ,SM4472  ,
SM4472  ,SM4411  ,
SM4411  ,SM4353  ,
SM4353  ,SM4289  ,
SM3579  ,SM3620  ,
SM3579  ,SM3544  ,
SM3544  ,SM3507  ,
SM3507  ,SM3471  ,
SM3471  ,SM3366  ,
SM3471  ,SM3420  ,
SM3471  ,SM3398  ,
SM3398  ,SM3420  ,
SM3398  ,SM3366  ,
SM3398  ,SM3365  ,
SM3365  ,SM3329  ,
SM3313  ,SM3366  ,
SM3366  ,SM3420  ,
SM3313  ,SM3258  ,
SM3455  ,SM3511  ,
SM3735  ,SM3729  ,
SM3735  ,SM3744  ,
SM3744  ,SM3752  ,
SM3752  ,SM3759  ,
SM3692  ,SM3759  ,
SM3692  ,SM3766  ,
SM3766  ,SM3759  ,
SM3766  ,SM3771  ,
SM4284  ,SM4274  ,
SM4284  ,SM4291  ,
SM4291  ,SM4359  ,
SM4291  ,SM4299  ,
SM4299  ,SM4359  ,
SM3810  ,SM3815  ,
SM3745  ,SM3815  ,
SM4002  ,SM4059  ,
SM4059  ,SM4110  ,
SM4110  ,SM4167  ,
SM4167  ,SM4253  ,
SM4253  ,SM4335  ,
SM4701  ,SM4686  ,
SM4701  ,SM4716  ,
SM4716  ,SM4736  ,
SM4736  ,SM4755  ,
SM4755  ,SM4767  ,
SM4767  ,SM4778  ,
SM4383  ,SM4451  ,
SM4383  ,SM4588  ,
SM1672  ,SM1763  ,
SM1672  ,SM1667  ,
SM1322  ,SM1369  ,
SM1369  ,SM1414  ,
SM1414  ,SM1452  ,
SM1457  ,SM1495  ,
SM1457  ,SM1425  ,
SM1425  ,SM1392  ,
SM1215  ,SM1209  ,
SM1002  ,SM1034  ,
SM1167  ,SM1170  ,
SM1579  ,SM1587  ,
SM1579  ,SM1576  ,
SM1576  ,SM1572  ,
SM1572  ,SM1564  ,
SM1158  ,SM1155  ,
SM1155  ,SM1149  ,
SM1149  ,SM1144  ,
SM1144  ,SM1143  ,
SM1143  ,SM1139  ,
SM1139  ,SM1137  ,
SM1137  ,SM1133  ,
SM1133  ,SM1124  ,
SM1003  ,SM1037  ,
SM1115  ,SM1121  ,
SM1509  ,SM1504  ,
SM1504  ,SM1497  ,
SM1497  ,SM1493  ,
SM1493  ,SM1488  ,
SM1488  ,SM1487  ,
SM1487  ,SM1483  ,
SM1091  ,SM1090  ,
SM1090  ,SM1085  ,
SM1085  ,SM1082  ,
SM765   ,SM758   ,
SM683   ,SM718   ,
SM744   ,SM747   ,
SM1066  ,SM1070  ,
SM1296  ,SM1253  ,
SM1296  ,SM1339  ,
SM1453  ,SM1490  ,
SM1453  ,SM1420  ,
SM1045  ,SM1043  ,
SM910   ,SM968   ,
SM1026  ,SM1029  ,
SM1196  ,SM1154  ,
SM1043  ,SM1039  ,
SM968   ,SM998   ,
SM1029  ,SM1031  ,
SM1154  ,SM1104  ,
SM1039  ,SM1036  ,
SM998   ,SM1033  ,
SM1031  ,SM1033  ,
SM1104  ,SM1069  ,
SM1036  ,SM1033  ,
SM1033  ,SM1069  ,
SM1196  ,SM1242  ,
SM1242  ,SM1287  ,
SM1409  ,SM1411  ,
SM1559  ,SM1507  ,
SM1507  ,SM1455  ,
SM1455  ,SM1419  ,
SM1419  ,SM1415  ,
SM1419  ,SM1377  ,
SM1377  ,SM1330  ,
SM1330  ,SM1287  ,
SM1411  ,SM1415  ,
SM1559  ,SM1621  ,
SM1621  ,SM1686  ,
SM1776  ,SM1835  ,
SM1776  ,SM1704  ,
SM1704  ,SM1636  ,
SM1636  ,SM1568  ,
SM1568  ,SM1513  ,
SM1375  ,SM1370  ,
SM1199  ,SM1282  ,
SM1199  ,SM1252  ,
SM1252  ,SM1282  ,
SM1354  ,SM1359  ,
SM1354  ,SM1351  ,
SM1351  ,SM1347  ,
SM1248  ,SM1231  ,
SM1337  ,SM1342  ,
SM1337  ,SM1335  ,
SM1335  ,SM1334  ,
SM1334  ,SM1328  ,
SM1581  ,SM1645  ,
SM1760  ,SM1764  ,
SM1916  ,SM1870  ,
SM2321  ,SM2324  ,
SM2321  ,SM2316  ,
SM2973  ,SM2980  ,
SM3534  ,SM3541  ,
SM3534  ,SM3529  ,
SM3529  ,SM3524  ,
SM3322  ,SM3381  ,
SM3497  ,SM3502  ,
SM3817  ,SM3736  ,
SM3736  ,SM3656  ,
SM3524  ,SM3518  ,
SM3381  ,SM3445  ,
SM3502  ,SM3508  ,
SM3656  ,SM3586  ,
SM3518  ,SM3512  ,
SM3445  ,SM3512  ,
SM3508  ,SM3512  ,
SM3586  ,SM3512  ,
SM3817  ,SM3882  ,
SM3882  ,SM3928  ,
SM4095  ,SM4367  ,
SM4367  ,SM4448  ,
SM4408  ,SM4523  ,
SM4408  ,SM4350  ,
SM4350  ,SM4375  ,
SM4375  ,SM4496  ,
SM4409  ,SM4502  ,
SM4409  ,SM4476  ,
SM4476  ,SM4572  ,
SM4476  ,SM4617  ,
SM4476  ,SM4370  ,
SM4370  ,SM4497  ,
SM4370  ,SM4270  ,
SM4270  ,SM4248  ,
SM4248  ,SM4398  ,
SM4248  ,SM4146  ,
SM4277  ,SM4346  ,
SM4277  ,SM4236  ,
SM4236  ,SM4357  ,
SM4326  ,SM4357  ,
SM4326  ,SM4444  ,
SM4326  ,SM4234  ,
SM4234  ,SM4137  ,
SM4619  ,SM4527  ,
SM4619  ,SM4711  ,
SM4619  ,SM4730  ,
SM4730  ,SM4852  ,
SM4741  ,SM4779  ,
SM4846  ,SM4858  ,
SM4939  ,SM4858  ,
SM4939  ,SM4879  ,
SM4939  ,SM5028  ,
SM5028  ,SM5065  ,
SM5065  ,SM4977  ,
SM4977  ,SM4879  ,
SM4977  ,SM4852  ,
SM4779  ,SM4858  ,
SM4858  ,SM4879  ,
SM4824  ,SM4711  ,
SM4824  ,SM4932  ,
SM4932  ,SM4988  ,
SM5329  ,SM5465  ,
SM5465  ,SM5580  ,
SM5580  ,SM5684  ,
SM5782  ,SM5684  ,
SM5782  ,SM5773  ,
SM5782  ,SM5874  ,
SM5874  ,SM5970  ,
SM5970  ,SM6044  ,
SM5984  ,SM5851  ,
SM5984  ,SM6087  ,
SM6087  ,SM6208  ,
SM6319  ,SM6403  ,
SM6558  ,SM6570  ,
SM7014  ,SM6895  ,
SM6973  ,SM6734  ,
SM7219  ,SM6961  ,
SM7219  ,SM7441  ,
SM7441  ,SM7456  ,
SM7441  ,SM7624  ,
SM7624  ,SM7830  ,
SM7830  ,SM7870  ,
SM7830  ,SM8010  ,
SM7942  ,SM8101  ,
SM8413  ,SM8418  ,
SM9505  ,SM9518  ,
SM9505  ,SM9739  ,
SM9505  ,SM9494  ,
SM8926  ,SM9112  ,
SM8926  ,SM8915  ,
SM8926  ,SM8753  ,
SM8394  ,SM8383  ,
SM7938  ,SM8034  ,
SM8324  ,SM8332  ,
SM8543  ,SM8562  ,
SM8543  ,SM8730  ,
SM8543  ,SM8522  ,
SM8522  ,SM8703  ,
SM8522  ,SM8502  ,
SM8299  ,SM8294  ,
SM7949  ,SM8045  ,
SM8239  ,SM8245  ,
SM8245  ,SM8257  ,
SM8386  ,SM8396  ,
SM8396  ,SM8404  ,
SM8404  ,SM8334  ,
SM8404  ,SM8408  ,
SM8408  ,SM8412  ,
SM8526  ,SM8412  ,
SM8294  ,SM8285  ,
SM8045  ,SM8155  ,
SM8257  ,SM8269  ,
SM8334  ,SM8269  ,
SM8278  ,SM8269  ,
SM8278  ,SM8285  ,
SM8155  ,SM8269  ,
SM8502  ,SM8684  ,
SM8684  ,SM8703  ,
SM8684  ,SM8859  ,
SM8859  ,SM8876  ,
SM8859  ,SM9029  ,
SM9029  ,SM9052  ,
SM9029  ,SM9205  ,
SM9205  ,SM9227  ,
SM9398  ,SM9508  ,
SM9508  ,SM9616  ,
SM9616  ,SM9735  ,
SM9616  ,SM9602  ,
SM9602  ,SM9726  ,
SM9714  ,SM9726  ,
SM9714  ,SM9806  ,
SM9714  ,SM9708  ,
SM9708  ,SM9698  ,
SM9698  ,SM9793  ,
SM9698  ,SM9691  ,
SM9910  ,SM9806  ,
SM9910  ,SM10044 ,
SM10044 ,SM10169 ,
SM10169 ,SM10279 ,
SM10061 ,SM10079 ,
SM10079 ,SM10093 ,
SM10093 ,SM10109 ,
SM10534 ,SM10558 ,
SM10795 ,SM10816 ,
SM10795 ,SM11005 ,
SM10576 ,SM10558 ,
SM10576 ,SM10595 ,
SM10595 ,SM10614 ,
SM10614 ,SM10639 ,
SM10639 ,SM10651 ,
SM10639 ,SM10900 ,
SM10900 ,SM10920 ,
SM11416 ,SM11187 ,
SM11216 ,SM11207 ,
SM11216 ,SM11224 ,
SM10327 ,SM10312 ,
SM10327 ,SM10092 ,
SM10092 ,SM10075 ,
SM9394  ,SM9548  ,
SM9394  ,SM9264  ,
SM8791  ,SM8771  ,
SM8791  ,SM8789  ,
SM8789  ,SM8772  ,
SM8772  ,SM8735  ,
SM8803  ,SM8734  ,
SM8803  ,SM8816  ,
SM10193 ,SM10204 ,
SM10193 ,SM10374 ,
SM10374 ,SM10386 ,
SM11327 ,SM11336 ,
SM11336 ,SM11346 ,
SM12471 ,SM12355 ,
SM12355 ,SM12237 ,
SM12237 ,SM12111 ,
SM12111 ,SM11975 ,
SM11975 ,SM11840 ,
SM11543 ,SM11529 ,
SM11543 ,SM11550 ,
SM11550 ,SM11559 ,
SM11559 ,SM11569 ,
SM11569 ,SM11573 ,
SM11573 ,SM11580 ,
SM11580 ,SM11594 ,
SM11594 ,SM11473 ,
SM11594 ,SM11602 ,
SM11602 ,SM11617 ,
SM11617 ,SM11628 ,
SM11628 ,SM11641 ,
SM11641 ,SM11656 ,
SM13544 ,SM13553 ,
SM13544 ,SM13674 ,
SM13674 ,SM13799 ,
SM13799 ,SM13902 ,
SM13902 ,SM13925 ,
SM13925 ,SM13933 ,
SM14165 ,SM14130 ,
SM14410 ,SM14320 ,
SM14410 ,SM14483 ,
SM14483 ,SM14581 ,
SM14581 ,SM14676 ,
SM14581 ,SM14669 ,
SM14669 ,SM14676 ,
SM14823 ,SM14833 ,
SM14833 ,SM14786 ,
SM14786 ,SM14742 ,
SM14742 ,SM14666 ,
SM14757 ,SM14721 ,
SM14757 ,SM14702 ,
SM14757 ,SM14770 ,
SM14770 ,SM14811 ,
SM14996 ,SM14896 ,
SM14872 ,SM14896 ,
SM14608 ,SM14599 ,
SM14608 ,SM14510 ,
SM14608 ,SM14625 ,
SM14625 ,SM14521 ,
SM14625 ,SM14635 ,
SM14521 ,SM14510 ,
SM14521 ,SM14409 ,
SM14409 ,SM14397 ,
SM13672 ,SM13590 ,
SM13672 ,SM13805 ,
SM13672 ,SM13748 ,
SM13748 ,SM13805 ,
SM13805 ,SM13838 ,
SM14297 ,SM14219 ,
SM14219 ,SM14162 ,
SM14164 ,SM14037 ,
SM14206 ,SM14137 ,
SM13982 ,SM13974 ,
SM13662 ,SM13737 ,
SM13662 ,SM13575 ,
SM13575 ,SM13490 ,
SM13490 ,SM13407 ,
SM14007 ,SM14011 ,
SM14139 ,SM14021 ,
SM14117 ,SM14055 ,
SM14055 ,SM13993 ,
SM14018 ,SM13886 ,
SM14084 ,SM13967 ,
SM14084 ,SM14167 ,
SM14163 ,SM14100 ,
SM14100 ,SM14041 ,
SM14041 ,SM13978 ,
SM13978 ,SM13909 ,
SM14123 ,SM14058 ,
SM13736 ,SM13732 ,
SM13736 ,SM13746 ,
SM13746 ,SM13756 ,
SM14176 ,SM14115 ,
SM13218 ,SM13211 ,
SM12343 ,SM12330 ,
SM12343 ,SM12170 ,
SM12343 ,SM12354 ,
SM12354 ,SM12182 ,
SM12354 ,SM12369 ,
SM12369 ,SM12195 ,
SM12369 ,SM12384 ,
SM12384 ,SM12213 ,
SM12384 ,SM12395 ,
SM13262 ,SM13275 ,
SM14689 ,SM14632 ,
SM14499 ,SM14452 ,
SM14499 ,SM14551 ,
SM14551 ,SM14603 ,
SM14603 ,SM14658 ,
SM14658 ,SM14706 ,
SM14706 ,SM14749 ,
SM14749 ,SM14701 ,
SM14749 ,SM14800 ,
SM14800 ,SM14748 ,
SM14800 ,SM14847 ,
SM14847 ,SM14797 ,
SM14847 ,SM14892 ,
SM14892 ,SM14845 ,
SM14892 ,SM14944 ,
SM14944 ,SM14894 ,
SM14944 ,SM14989 ,
SM14989 ,SM14948 ,
SM14989 ,SM15037 ,
SM15037 ,SM14991 ,
SM15037 ,SM15076 ,
SM15076 ,SM15043 ,
SM15076 ,SM15119 ,
SM15119 ,SM15080 ,
SM15119 ,SM15155 ,
SM15155 ,SM15182 ,
SM15182 ,SM15167 ,
SM15182 ,SM15210 ,
SM15210 ,SM15244 ,
SM15244 ,SM15271 ,
SM15271 ,SM15320 ,
SM15320 ,SM15267 ,
SM15315 ,SM15267 ,
SM15315 ,SM15352 ,
SM15352 ,SM15383 ,
SM15383 ,SM15411 ,
SM15411 ,SM15451 ,
SM15451 ,SM15482 ,
SM15482 ,SM15516 ,
SM15516 ,SM15560 ,
SM15560 ,SM15598 ,
SM15598 ,SM15642 ,
SM15642 ,SM15679 ,
SM15679 ,SM15721 ,
SM15721 ,SM15766 ,
SM15766 ,SM15805 ,
SM15805 ,SM15842 ,
SM15842 ,SM15886 ,
SM15886 ,SM15919 ,
SM15919 ,SM15956 ,
SM15956 ,SM15988 ,
SM15988 ,SM16056 ,
SM15988 ,SM16062 ,
SM16062 ,SM16092 ,
SM16092 ,SM16131 ,
SM17436 ,SM17450 ,
SM17462 ,SM17450 ,
SM16332 ,SM16283 ,
SM16332 ,SM16374 ,
SM16374 ,SM16314 ,
SM16374 ,SM16419 ,
SM16419 ,SM16397 ,
SM16216 ,SM16301 ,
SM16216 ,SM16122 ,
SM16216 ,SM16145 ,
SM16145 ,SM16078 ,
SM16145 ,SM16095 ,
SM16095 ,SM16000 ,
SM16095 ,SM16070 ,
SM16149 ,SM16114 ,
SM16149 ,SM16190 ,
SM16190 ,SM16246 ,
SM16246 ,SM16288 ,
SM16288 ,SM16330 ,
SM16330 ,SM16371 ,
SM16371 ,SM16418 ,
SM16418 ,SM16461 ,
SM16461 ,SM16505 ,
SM16505 ,SM16540 ,
SM16540 ,SM16585 ,
SM16929 ,SM17051 ,
SM17063 ,SM17051 ,
SM17063 ,SM17097 ,
SM17487 ,SM17478 ,
SM17478 ,SM17464 ,
SM17464 ,SM17453 ,
SM17498 ,SM17482 ,
SM17498 ,SM17488 ,
SM17498 ,SM17510 ,
SM17510 ,SM17502 ,
SM17510 ,SM17526 ,
SM17526 ,SM17515 ,
SM17526 ,SM17544 ,
SM17544 ,SM17530 ,
SM17544 ,SM17560 ,
SM17731 ,SM17721 ,
SM17731 ,SM17753 ,
SM17731 ,SM17743 ,
SM17743 ,SM17753 ,
SM17743 ,SM17750 ,
SM17750 ,SM17753 ,
SM17829 ,SM17801 ,
SM17496 ,SM17504 ,
SM17496 ,SM17486 ,
SM17486 ,SM17471 ,
SM17486 ,SM17476 ,
SM17476 ,SM17461 ,
SM17461 ,SM17451 ,
SM17451 ,SM17440 ,
SM17440 ,SM17427 ,
SM17427 ,SM17415 ,
SM17415 ,SM17403 ,
SM17403 ,SM17386 ,
SM17386 ,SM17365 ,
SM17365 ,SM17350 ,
SM17350 ,SM17333 ,
SM17423 ,SM17388 ,
SM17423 ,SM17455 ,
SM17455 ,SM17484 ,
SM17484 ,SM17509 ,
SM17509 ,SM17527 ,
SM17538 ,SM17527 ,
SM17538 ,SM17542 ,
SM17570 ,SM17551 ,
SM17570 ,SM17604 ,
SM17604 ,SM17573 ,
SM17604 ,SM17651 ,
SM17823 ,SM17825 ,
SM17778 ,SM17760 ,
SM17849 ,SM17826 ,
SM17826 ,SM17810 ,
SM17677 ,SM17681 ,
SM17677 ,SM17673 ,
SM17673 ,SM17668 ,
SM17668 ,SM17662 ,
SM17711 ,SM17697 ,
SM17711 ,SM17725 ,
SM17725 ,SM17747 ,
SM17747 ,SM17755 ,
SM17745 ,SM17718 ,
SM17631 ,SM17621 ,
SM17631 ,SM17645 ,
SM17645 ,SM17613 ,
SM17636 ,SM17613 ,
SM17636 ,SM17657 ,
SM17657 ,SM17678 ,
SM17505 ,SM17495 ,
SM17505 ,SM17518 ,
SM17518 ,SM17529 ,
SM17529 ,SM17535 ,
SM17796 ,SM17803 ,
SM17785 ,SM17809 ,
SM17883 ,SM17871 ,
SM17904 ,SM17870 ,
SM17803 ,SM17812 ,
SM17812 ,SM17817 ,
SM17864 ,SM17852 ,
SM17864 ,SM17871 ,
SM17870 ,SM17847 ,
SM17817 ,SM17827 ,
SM17827 ,SM17847 ,
SM17827 ,SM17836 ,
SM17836 ,SM17847 ,
SM17836 ,SM17843 ,
SM17843 ,SM17847 ,
SM17843 ,SM17852 ,
SM17821 ,SM17808 ,
SM17821 ,SM17833 ,
SM17833 ,SM17844 ,
SM17844 ,SM17855 ,
SM17855 ,SM17867 ,
SM17867 ,SM17874 ,
SM17874 ,SM17893 ,
SM17893 ,SM17903 ,
SM17903 ,SM17922 ,
SM17974 ,SM17995 ,
SM17995 ,SM18020 ,
SM18103 ,SM18093 ,
SM18103 ,SM18111 ,
SM18111 ,SM18121 ,
SM18121 ,SM18125 ,
SM18146 ,SM18122 ,
SM18081 ,SM18071 ,
SM18081 ,SM18095 ,
SM18028 ,SM18018 ,
SM18028 ,SM18035 ,
SM18035 ,SM18049 ,
SM18049 ,SM18062 ,
SM18062 ,SM18072 ,
SM18072 ,SM18080 ,
SM18080 ,SM18094 ,
SM18094 ,SM18105 ,
SM18172 ,SM18185 ,
SM18185 ,SM18194 ,
SM18261 ,SM18296 ,
SM18354 ,SM18343 ,
SM18371 ,SM18351 ,
SM18359 ,SM18346 ,
SM18359 ,SM18370 ,
SM18370 ,SM18383 ,
SM18383 ,SM18394 ,
SM18394 ,SM18407 ,
SM18436 ,SM18453 ,
SM18527 ,SM18550 ,
SM18770 ,SM18762 ,
SM18770 ,SM18782 ,
SM18808 ,SM18793 ,
SM18808 ,SM18824 ,
SM18946 ,SM18949 ,
SM18946 ,SM18956 ,
SM18972 ,SM18958 ,
SM18972 ,SM18988 ,
SM18988 ,SM19001 ,
SM19001 ,SM19016 ,
SM19106 ,SM19094 ,
SM19126 ,SM19112 ,
SM19074 ,SM19059 ,
SM19074 ,SM19091 ,
SM19091 ,SM19107 ,
SM19160 ,SM19170 ,
SM19359 ,SM19377 ,
SM19359 ,SM19341 ,
SM19341 ,SM19324 ,
SM19406 ,SM19436 ,
SM19436 ,SM19469 ,
SM19469 ,SM19501 ,
SM19559 ,SM19538 ,
SM19591 ,SM19566 ,
SM19591 ,SM19600 ,
SM19600 ,SM19576 ,
SM19646 ,SM19671 ,
SM19716 ,SM19694 ,
SM19716 ,SM19725 ,
SM19725 ,SM19694 ,
SM19725 ,SM19755 ,
SM19755 ,SM19778 ,
SM19778 ,SM19801 ,
SM19831 ,SM19823 ,
SM19861 ,SM19856 ,
SM19836 ,SM19825 ,
SM19857 ,SM19846 ,
SM19846 ,SM19834 ,
SM19767 ,SM19784 ,
SM19767 ,SM19748 ,
SM19698 ,SM19715 ,
SM19698 ,SM19681 ,
SM19681 ,SM19664 ,
SM19713 ,SM19695 ,
SM19686 ,SM19669 ,
SM19487 ,SM19471 ,
SM19487 ,SM19508 ,
SM19508 ,SM19530 ,
SM19530 ,SM19545 ,
SM19545 ,SM19561 ,
SM19745 ,SM19760 ,
SM19776 ,SM19760 ,
SM19776 ,SM19774 ,
SM19774 ,SM19760 ,
SM19774 ,SM19787 ,
SM19787 ,SM19802 ,
SM19802 ,SM19811 ,
SM19811 ,SM19820 ,
SM19624 ,SM19609 ,
SM19434 ,SM19429 ,
SM19217 ,SM19214 ,
SM18964 ,SM18961 ,
SM18964 ,SM18970 ,
SM18970 ,SM18976 ,
SM18976 ,SM18977 ,
SM18977 ,SM18983 ,
SM18983 ,SM18990 ,
SM18990 ,SM18992 ,
SM19243 ,SM19246 ,
SM19246 ,SM19253 ,
SM19253 ,SM19255 ,
SM19255 ,SM19258 ,
SM19258 ,SM19264 ,
SM19494 ,SM19504 ,
SM19589 ,SM19578 ,
SM19612 ,SM19595 ,
SM19427 ,SM19446 ,
SM19269 ,SM19264 ,
SM19269 ,SM19273 ,
SM19273 ,SM19283 ,
SM19283 ,SM19291 ,
SM19291 ,SM19300 ,
SM19300 ,SM19308 ,
SM19308 ,SM19280 ,
SM19280 ,SM19263 ,
SM19263 ,SM19251 ,
SM19251 ,SM19236 ,
SM19159 ,SM19146 ,
SM19146 ,SM19137 ,
SM18947 ,SM18941 ,
SM18756 ,SM18749 ,
SM18701 ,SM18685 ,
SM18685 ,SM18671 ,
SM18671 ,SM18654 ,
SM18654 ,SM18638 ,
SM18638 ,SM18625 ,
SM18625 ,SM18610 ,
SM18610 ,SM18596 ,
SM18596 ,SM18582 ,
SM18582 ,SM18569 ,
SM18569 ,SM18559 ,
SM18559 ,SM18547 ,
SM17393 ,SM17390 ,
SM17390 ,SM17382 ,
SM17382 ,SM17371 ,
SM17371 ,SM17359 ,
SM17359 ,SM17340 ,
SM17250 ,SM17180 ,
SM17250 ,SM17202 ,
SM17202 ,SM17135 ,
SM17202 ,SM17154 ,
SM17154 ,SM17091 ,
SM17154 ,SM17107 ,
SM17107 ,SM17031 ,
SM17107 ,SM17056 ,
SM17107 ,SM17168 ,
SM17168 ,SM17119 ,
SM17119 ,SM17056 ,
SM17119 ,SM17064 ,
SM17182 ,SM17152 ,
SM17152 ,SM17127 ,
SM17127 ,SM17093 ,
SM17093 ,SM17052 ,
SM17128 ,SM17061 ,
SM16569 ,SM16549 ,
SM16569 ,SM16582 ,
SM17073 ,SM16941 ,
SM16941 ,SM16855 ,
SM16644 ,SM16606 ,
SM16644 ,SM16669 ,
SM16669 ,SM16702 ,
SM16702 ,SM16709 ,
SM16501 ,SM16492 ,
SM16501 ,SM16499 ,
SM16499 ,SM16490 ,
SM16503 ,SM16490 ,
SM16503 ,SM16477 ,
SM16503 ,SM16517 ,
SM16420 ,SM16477 ,
SM16229 ,SM16329 ,
SM16229 ,SM16257 ,
SM16218 ,SM16257 ,
SM16218 ,SM16173 ,
SM16173 ,SM16185 ,
SM16173 ,SM16132 ,
SM16185 ,SM16201 ,
SM16201 ,SM16224 ,
SM16224 ,SM16261 ,
SM16269 ,SM16300 ,
SM16269 ,SM16243 ,
SM16243 ,SM16212 ,
SM16212 ,SM16198 ,
SM16198 ,SM16184 ,
SM16184 ,SM16179 ,
SM16025 ,SM16028 ,
SM15493 ,SM15575 ,
SM15689 ,SM15632 ,
SM15689 ,SM15781 ,
SM15689 ,SM15755 ,
SM15687 ,SM15782 ,
SM15687 ,SM15596 ,
SM15596 ,SM15506 ,
SM15506 ,SM15429 ,
SM15429 ,SM15350 ,
SM15350 ,SM15257 ,
SM15012 ,SM14916 ,
SM12233 ,SM12196 ,
SM11808 ,SM11754 ,
SM11808 ,SM11672 ,
SM11808 ,SM11860 ,
SM11860 ,SM11721 ,
SM11860 ,SM11894 ,
SM11894 ,SM11768 ,
SM11894 ,SM11916 ,
SM11916 ,SM11935 ,
SM12298 ,SM12311 ,
SM13067 ,SM13005 ,
SM12821 ,SM12778 ,
SM12697 ,SM12631 ,
SM12697 ,SM12773 ,
SM12773 ,SM12708 ,
SM12572 ,SM12631 ,
SM12441 ,SM12491 ,
SM12431 ,SM12491 ,
SM12431 ,SM12373 ,
SM12373 ,SM12310 ,
SM12310 ,SM12272 ,
SM12272 ,SM12229 ,
SM12229 ,SM12187 ,
SM12187 ,SM12154 ,
SM12154 ,SM12121 ,
SM12007 ,SM12121 ,
SM12007 ,SM11965 ,
SM11706 ,SM11660 ,
SM11660 ,SM11607 ,
SM11607 ,SM11581 ,
SM10005 ,SM9881  ,
SM8542  ,SM8544  ,
SM8542  ,SM8373  ,
SM9307  ,SM9259  ,
SM9255  ,SM9259  ,
SM9255  ,SM9251  ,
SM9251  ,SM9171  ,
SM9171  ,SM9179  ,
SM9171  ,SM9075  ,
SM8868  ,SM8880  ,
SM8880  ,SM8970  ,
SM8880  ,SM8884  ,
SM8884  ,SM8977  ,
SM8884  ,SM8889  ,
SM8678  ,SM8889  ,
SM8678  ,SM8463  ,
SM8463  ,SM8229  ,
SM8241  ,SM8229  ,
SM8241  ,SM8012  ,
SM8042  ,SM7867  ,
SM7867  ,SM7679  ,
SM7679  ,SM7505  ,
SM7514  ,SM7505  ,
SM7392  ,SM7324  ,
SM7245  ,SM7206  ,
SM7206  ,SM7158  ,
SM7092  ,SM7100  ,
SM7092  ,SM6993  ,
SM6993  ,SM6999  ,
SM6993  ,SM6984  ,
SM6984  ,SM6910  ,
SM6758  ,SM6800  ,
SM6534  ,SM6545  ,
SM6253  ,SM6397  ,
SM6253  ,SM6293  ,
SM6253  ,SM6106  ,
SM6412  ,SM6325  ,
SM6325  ,SM6217  ,
SM6217  ,SM6055  ,
SM6071  ,SM6055  ,
SM6071  ,SM5948  ,
SM5948  ,SM5929  ,
SM5948  ,SM5778  ,
SM5906  ,SM5730  ,
SM5754  ,SM5730  ,
SM5754  ,SM5777  ,
SM5715  ,SM5560  ,
SM6069  ,SM5972  ,
SM5917  ,SM5815  ,
SM5626  ,SM5573  ,
SM5348  ,SM5313  ,
SM5313  ,SM5284  ,
SM5284  ,SM5263  ,
SM5263  ,SM5236  ,
SM4969  ,SM4927  ,
SM4280  ,SM4312  ,
SM4312  ,SM4316  ,
SM4161  ,SM4316  ,
SM4161  ,SM4318  ,
SM4043  ,SM4026  ,
SM4026  ,SM4011  ,
SM4011  ,SM3991  ,
SM3840  ,SM3883  ,
SM3703  ,SM3767  ,
SM3703  ,SM3598  ,
SM3598  ,SM3533  ,
SM3611  ,SM3554  ,
SM3554  ,SM3533  ,
SM3554  ,SM3444  ,
SM3444  ,SM3503  ,
SM3444  ,SM3356  ,
SM3356  ,SM3280  ,
SM3280  ,SM3214  ,
SM3128  ,SM3119  ,
SM3119  ,SM3121  ,
SM2940  ,SM2944  ,
SM2944  ,SM3029  ,
SM2854  ,SM2963  ,
SM2854  ,SM2762  ,
SM2762  ,SM2678  ,
SM2415  ,SM2488  ,
SM2025  ,SM2063  ,
SM1925  ,SM2041  ,
SM1923  ,SM1939  ,
SM1675  ,SM1595  ,
SM1432  ,SM1356  ,
SM1220  ,SM1210  ,
SM907   ,SM886   ,
SM886   ,SM840   ,
SM840   ,SM779   ,
SM682   ,SM704   ,
SM682   ,SM667   ,
SM667   ,SM633   ,
SM633   ,SM610   ,
SM610   ,SM589   ,
SM565   ,SM593   ,
SM593   ,SM625   ,
SM625   ,SM672   ,
SM1107  ,SM1109  ,
SM1195  ,SM1197  ,
SM1195  ,SM1193  ,
SM1193  ,SM1191  ,
SM1191  ,SM1277  ,
SM1134  ,SM1188  ,
SM1185  ,SM1187  ,
SM1595  ,SM1539  ,
SM1461  ,SM1539  ,
SM1461  ,SM1460  ,
SM1461  ,SM1442  ,
SM1362  ,SM1442  ,
SM1442  ,SM1460  ,
SM1539  ,SM1460  ,
SM1362  ,SM1277  ,
SM1277  ,SM1188  ,
SM1188  ,SM1187  ,
SM1356  ,SM1280  ,
SM1210  ,SM1204  ,
SM1140  ,SM1200  ,
SM1140  ,SM1131  ,
SM1131  ,SM1117  ,
SM1117  ,SM1109  ,
SM779   ,SM724   ,
SM704   ,SM724   ,
SM704   ,SM672   ,
SM672   ,SM724   ,
SM1197  ,SM1198  ,
SM1198  ,SM1200  ,
SM1280  ,SM1200  ,
SM1280  ,SM1204  ,
SM1204  ,SM1200  ,
SM1484  ,SM1496  ,
SM1496  ,SM1516  ,
SM1516  ,SM1530  ,
SM1222  ,SM1230  ,
SM504   ,SM520   ,
SM1245  ,SM1239  ,
SM1245  ,SM1255  ,
SM1255  ,SM1267  ,
SM1267  ,SM1276  ,
SM1276  ,SM1284  ,
SM569   ,SM584   ,
SM551   ,SM562   ,
SM562   ,SM574   ,
SM557   ,SM574   ,
SM586   ,SM574   ,
SM586   ,SM602   ,
SM599   ,SM602   ,
SM599   ,SM612   ,
SM613   ,SM620   ,
SM613   ,SM656   ,
SM613   ,SM622   ,
SM576   ,SM591   ,
SM576   ,SM558   ,
SM558   ,SM532   ,
SM444   ,SM424   ,
SM424   ,SM408   ,
SM474   ,SM503   ,
SM474   ,SM446   ,
SM446   ,SM426   ,
SM426   ,SM412   ,
SM412   ,SM395   ,
SM348   ,SM335   ,
SM271   ,SM264   ,
SM447   ,SM478   ,
SM567   ,SM604   ,
SM639   ,SM657   ,
SM639   ,SM624   ,
SM624   ,SM611   ,
SM553   ,SM547   ,
SM469   ,SM492   ,
SM469   ,SM452   ,
SM452   ,SM434   ,
SM434   ,SM415   ,
SM415   ,SM400   ,
SM400   ,SM385   ,
SM465   ,SM497   ,
SM458   ,SM489   ,
SM564   ,SM579   ,
SM579   ,SM595   ,
SM689   ,SM722   ,
SM828   ,SM841   ,
SM1164  ,SM1177  ,
SM1566  ,SM1584  ,
SM1788  ,SM1805  ,
SM1788  ,SM1772  ,
SM1772  ,SM1753  ,
SM1502  ,SM1486  ,
SM1345  ,SM1386  ,
SM1421  ,SM1435  ,
SM1697  ,SM1718  ,
SM1872  ,SM1891  ,
SM1872  ,SM1849  ,
SM1849  ,SM1867  ,
SM2032  ,SM2057  ,
SM2032  ,SM2169  ,
SM2032  ,SM1996  ,
SM1996  ,SM2146  ,
SM1996  ,SM1978  ,
SM1978  ,SM1959  ,
SM1959  ,SM1938  ,
SM1918  ,SM1928  ,
SM1985  ,SM2042  ,
SM2050  ,SM2042  ,
SM2050  ,SM2131  ,
SM2131  ,SM2203  ,
SM2131  ,SM2064  ,
SM2064  ,SM2089  ,
SM2089  ,SM2101  ,
SM2101  ,SM2109  ,
SM2109  ,SM2105  ,
SM2105  ,SM2092  ,
SM2092  ,SM2175  ,
SM2092  ,SM2081  ,
SM2081  ,SM2151  ,
SM2081  ,SM2056  ,
SM2056  ,SM2127  ,
SM2056  ,SM2015  ,
SM2015  ,SM2094  ,
SM2015  ,SM1982  ,
SM1982  ,SM2054  ,
SM2009  ,SM2054  ,
SM2020  ,SM2067  ,
SM2020  ,SM1971  ,
SM1971  ,SM1933  ,
SM2134  ,SM2185  ,
SM2366  ,SM2350  ,
SM2825  ,SM2804  ,
SM2825  ,SM2847  ,
SM3092  ,SM3037  ,
SM3092  ,SM3147  ,
SM3516  ,SM3499  ,
SM4051  ,SM4014  ,
SM4051  ,SM4132  ,
SM4051  ,SM4085  ,
SM4085  ,SM4174  ,
SM4085  ,SM4115  ,
SM4115  ,SM4224  ,
SM4115  ,SM4153  ,
SM4153  ,SM4175  ,
SM4175  ,SM4231  ,
SM4175  ,SM4199  ,
SM4199  ,SM4261  ,
SM4106  ,SM4183  ,
SM4106  ,SM4131  ,
SM3777  ,SM3802  ,
SM3802  ,SM3821  ,
SM3821  ,SM3837  ,
SM3837  ,SM3851  ,
SM3851  ,SM3945  ,
SM4004  ,SM4094  ,
SM4139  ,SM4116  ,
SM4337  ,SM4465  ,
SM4504  ,SM4465  ,
SM4504  ,SM4654  ,
SM4936  ,SM4872  ,
SM4936  ,SM4986  ,
SM4936  ,SM4979  ,
SM4979  ,SM5121  ,
SM4979  ,SM5029  ,
SM4914  ,SM5078  ,
SM5166  ,SM5123  ,
SM5166  ,SM5272  ,
SM5249  ,SM5325  ,
SM5374  ,SM5325  ,
SM5374  ,SM5437  ,
SM5437  ,SM5498  ,
SM5498  ,SM5550  ,
SM5550  ,SM5607  ,
SM5550  ,SM5417  ,
SM5417  ,SM5476  ,
SM5234  ,SM5298  ,
SM5234  ,SM5169  ,
SM4700  ,SM4706  ,
SM4670  ,SM4706  ,
SM4670  ,SM4682  ,
SM4534  ,SM4620  ,
SM4620  ,SM4682  ,
SM4682  ,SM4823  ,
SM4791  ,SM4853  ,
SM5181  ,SM5250  ,
SM5181  ,SM5110  ,
SM5110  ,SM5043  ,
SM5043  ,SM4962  ,
SM4962  ,SM4885  ,
SM5306  ,SM5384  ,
SM5306  ,SM5240  ,
SM5240  ,SM5176  ,
SM5176  ,SM5106  ,
SM5106  ,SM5037  ,
SM5037  ,SM4958  ,
SM4958  ,SM4881  ,
SM4881  ,SM4811  ,
SM4811  ,SM4738  ,
SM4232  ,SM4241  ,
SM4241  ,SM4251  ,
SM4251  ,SM4262  ,
SM4262  ,SM4274  ,
SM4477  ,SM4540  ,
SM4477  ,SM4422  ,
SM4422  ,SM4359  ,
SM4724  ,SM4803  ,
SM4724  ,SM4656  ,
SM4656  ,SM4581  ,
SM4581  ,SM4635  ,
SM4335  ,SM4404  ,
SM4686  ,SM4674  ,
SM5443  ,SM5426  ,
SM5443  ,SM5461  ,
SM5461  ,SM5479  ,
SM5479  ,SM5499  ,
SM5499  ,SM5510  ,
SM5510  ,SM5527  ,
SM5527  ,SM5543  ,
SM4778  ,SM4796  ,
SM4451  ,SM4524  ,
SM4665  ,SM4689  ,
SM4665  ,SM4643  ,
SM4643  ,SM4588  ,
SM4588  ,SM4949  ,
SM4949  ,SM4999  ,
SM2322  ,SM2562  ,
SM2322  ,SM2319  ,
SM1773  ,SM1767  ,
SM1767  ,SM1763  ,
SM1763  ,SM1755  ,
SM1755  ,SM1750  ,
SM1755  ,SM1667  ,
SM1667  ,SM1659  ,
SM1659  ,SM1750  ,
SM1659  ,SM1653  ,
SM1653  ,SM1743  ,
SM1653  ,SM1649  ,
SM1649  ,SM1740  ,
SM1649  ,SM1644  ,
SM1644  ,SM1736  ,
SM1644  ,SM1638  ,
SM1638  ,SM1729  ,
SM1638  ,SM1631  ,
SM1452  ,SM1494  ,
SM1563  ,SM1583  ,
SM1563  ,SM1550  ,
SM1527  ,SM1550  ,
SM1527  ,SM1495  ,
SM1625  ,SM1630  ,
SM1625  ,SM1619  ,
SM1619  ,SM1612  ,
SM1612  ,SM1607  ,
SM1392  ,SM1348  ,
SM1209  ,SM1205  ,
SM1034  ,SM1068  ,
SM1170  ,SM1175  ,
SM1587  ,SM1589  ,
SM2108  ,SM2111  ,
SM2108  ,SM2102  ,
SM2102  ,SM2095  ,
SM2095  ,SM2090  ,
SM2090  ,SM2085  ,
SM1564  ,SM1561  ,
SM1561  ,SM1557  ,
SM1557  ,SM1553  ,
SM1553  ,SM1548  ,
SM1548  ,SM1543  ,
SM1543  ,SM1538  ,
SM1538  ,SM1535  ,
SM1304  ,SM1350  ,
SM1350  ,SM1399  ,
SM1399  ,SM1443  ,
SM1443  ,SM1481  ,
SM1481  ,SM1523  ,
SM1523  ,SM1528  ,
SM1523  ,SM1573  ,
SM1573  ,SM1632  ,
SM1632  ,SM1693  ,
SM1693  ,SM1759  ,
SM1535  ,SM1532  ,
SM1532  ,SM1528  ,
SM1759  ,SM1812  ,
SM1812  ,SM1859  ,
SM2006  ,SM2011  ,
SM2006  ,SM2002  ,
SM2002  ,SM1999  ,
SM1999  ,SM1994  ,
SM1994  ,SM1990  ,
SM1990  ,SM1984  ,
SM1984  ,SM1980  ,
SM1980  ,SM1973  ,
SM1483  ,SM1479  ,
SM1479  ,SM1476  ,
SM1339  ,SM1388  ,
SM1490  ,SM1540  ,
SM1660  ,SM1540  ,
SM1660  ,SM1783  ,
SM1783  ,SM1804  ,
SM1751  ,SM1809  ,
SM1751  ,SM1686  ,
SM1835  ,SM1885  ,
SM2409  ,SM2414  ,
SM2409  ,SM2402  ,
SM2021  ,SM2136  ,
SM2021  ,SM1908  ,
SM1908  ,SM1819  ,
SM1819  ,SM1712  ,
SM1645  ,SM1706  ,
SM1764  ,SM1770  ,
SM1870  ,SM1820  ,
SM2324  ,SM2334  ,
SM2980  ,SM2986  ,
SM3541  ,SM3548  ,
SM4129  ,SM4134  ,
SM4129  ,SM4127  ,
SM4127  ,SM4124  ,
SM3928  ,SM3996  ,
SM3996  ,SM4057  ,
SM4057  ,SM4113  ,
SM4113  ,SM4119  ,
SM4113  ,SM4176  ,
SM4176  ,SM4273  ,
SM4273  ,SM4351  ,
SM4124  ,SM4119  ,
SM4351  ,SM4426  ,
SM4426  ,SM4490  ,
SM4782  ,SM4798  ,
SM4782  ,SM4771  ,
SM4771  ,SM4763  ,
SM4448  ,SM4535  ,
SM4523  ,SM4535  ,
SM4496  ,SM4618  ,
SM4496  ,SM4502  ,
SM4502  ,SM4572  ,
SM4572  ,SM4680  ,
SM4705  ,SM4812  ,
SM4705  ,SM4809  ,
SM4705  ,SM4617  ,
SM4617  ,SM4740  ,
SM4617  ,SM4628  ,
SM4617  ,SM4497  ,
SM4497  ,SM4628  ,
SM4497  ,SM4436  ,
SM4436  ,SM4513  ,
SM4436  ,SM4398  ,
SM4398  ,SM4346  ,
SM4346  ,SM4416  ,
SM4399  ,SM4416  ,
SM4399  ,SM4357  ,
SM4357  ,SM4444  ,
SM4513  ,SM4416  ,
SM4513  ,SM4628  ,
SM4628  ,SM4740  ,
SM4988  ,SM5061  ,
SM5061  ,SM5115  ,
SM5115  ,SM5170  ,
SM5170  ,SM5225  ,
SM5225  ,SM5280  ,
SM5684  ,SM5773  ,
SM5773  ,SM5851  ,
SM5851  ,SM5802  ,
SM5802  ,SM5737  ,
SM5737  ,SM5675  ,
SM5675  ,SM5620  ,
SM5620  ,SM5553  ,
SM5878  ,SM5689  ,
SM5878  ,SM6042  ,
SM6042  ,SM6219  ,
SM6208  ,SM6331  ,
SM6403  ,SM6476  ,
SM6570  ,SM6580  ,
SM6895  ,SM6766  ,
SM6766  ,SM6667  ,
SM6734  ,SM6566  ,
SM6734  ,SM6676  ,
SM6676  ,SM6566  ,
SM6676  ,SM6688  ,
SM6961  ,SM6700  ,
SM7476  ,SM7492  ,
SM7476  ,SM7456  ,
SM7680  ,SM7686  ,
SM7680  ,SM7870  ,
SM7870  ,SM8047  ,
SM8010  ,SM8047  ,
SM8010  ,SM8218  ,
SM8101  ,SM8293  ,
SM8418  ,SM8428  ,
SM9006  ,SM8832  ,
SM9006  ,SM9057  ,
SM9518  ,SM9535  ,
SM9518  ,SM9761  ,
SM9739  ,SM9761  ,
SM9739  ,SM9956  ,
SM9739  ,SM9718  ,
SM9718  ,SM9938  ,
SM9718  ,SM9697  ,
SM9718  ,SM9494  ,
SM9494  ,SM9480  ,
SM9112  ,SM9274  ,
SM8915  ,SM9098  ,
SM8915  ,SM8896  ,
SM8915  ,SM8746  ,
SM8746  ,SM8730  ,
SM8730  ,SM8896  ,
SM8730  ,SM8703  ,
SM8703  ,SM8876  ,
SM8876  ,SM8896  ,
SM8876  ,SM9052  ,
SM9052  ,SM9074  ,
SM9052  ,SM9227  ,
SM9227  ,SM9241  ,
SM9854  ,SM9874  ,
SM9874  ,SM9894  ,
SM9874  ,SM10109 ,
SM10109 ,SM10123 ,
SM10144 ,SM10123 ,
SM10144 ,SM9911  ,
SM10144 ,SM10156 ,
SM10156 ,SM9925  ,
SM10156 ,SM10172 ,
SM10172 ,SM9938  ,
SM10172 ,SM10186 ,
SM10186 ,SM10206 ,
SM10206 ,SM10223 ,
SM10223 ,SM10238 ,
SM10651 ,SM10718 ,
SM10718 ,SM10920 ,
SM10920 ,SM10928 ,
SM11187 ,SM11199 ,
SM11199 ,SM11207 ,
SM10817 ,SM10956 ,
SM10817 ,SM10678 ,
SM10940 ,SM10956 ,
SM10940 ,SM10928 ,
SM10678 ,SM10463 ,
SM10312 ,SM10302 ,
SM10075 ,SM10055 ,
SM9548  ,SM9790  ,
SM9535  ,SM9775  ,
SM9761  ,SM9775  ,
SM9761  ,SM9970  ,
SM9970  ,SM9985  ,
SM9985  ,SM9775  ,
SM9985  ,SM9996  ,
SM10238 ,SM10256 ,
SM10463 ,SM10274 ,
SM10302 ,SM10288 ,
SM10055 ,SM10031 ,
SM9790  ,SM10031 ,
SM9996  ,SM10031 ,
SM10256 ,SM10274 ,
SM10274 ,SM10171 ,
SM10274 ,SM10288 ,
SM10171 ,SM10118 ,
SM10118 ,SM10031 ,
SM9970  ,SM9956  ,
SM9956  ,SM9938  ,
SM9938  ,SM9925  ,
SM9697  ,SM9925  ,
SM9697  ,SM9679  ,
SM9697  ,SM9480  ,
SM9480  ,SM9464  ,
SM9274  ,SM9464  ,
SM9274  ,SM9260  ,
SM9260  ,SM9252  ,
SM9098  ,SM9252  ,
SM9098  ,SM9074  ,
SM8896  ,SM9074  ,
SM9074  ,SM9241  ,
SM9241  ,SM9252  ,
SM9445  ,SM9464  ,
SM9894  ,SM9911  ,
SM9894  ,SM10123 ,
SM9911  ,SM9679  ,
SM9911  ,SM9925  ,
SM9679  ,SM9464  ,
SM9264  ,SM9176  ,
SM8771  ,SM8700  ,
SM8581  ,SM8575  ,
SM8581  ,SM8610  ,
SM8674  ,SM8610  ,
SM8674  ,SM8735  ,
SM8734  ,SM8679  ,
SM8636  ,SM8679  ,
SM8636  ,SM8618  ,
SM8788  ,SM8727  ,
SM8788  ,SM8816  ,
SM10204 ,SM10213 ,
SM10386 ,SM10396 ,
SM10396 ,SM10406 ,
SM11346 ,SM11353 ,
SM11353 ,SM11367 ,
SM11367 ,SM11375 ,
SM11375 ,SM11381 ,
SM11381 ,SM11395 ,
SM11395 ,SM11404 ,
SM11404 ,SM11413 ,
SM11413 ,SM11426 ,
SM11426 ,SM11431 ,
SM11431 ,SM11438 ,
SM11438 ,SM11443 ,
SM11840 ,SM11731 ,
SM11529 ,SM11520 ,
SM10610 ,SM10600 ,
SM10610 ,SM10382 ,
SM10610 ,SM10616 ,
SM10616 ,SM10401 ,
SM10616 ,SM10622 ,
SM11135 ,SM11028 ,
SM10670 ,SM10667 ,
SM10670 ,SM10482 ,
SM10670 ,SM10679 ,
SM11656 ,SM11666 ,
SM11666 ,SM11676 ,
SM11676 ,SM11686 ,
SM11686 ,SM11697 ,
SM11697 ,SM11707 ,
SM11707 ,SM11717 ,
SM11717 ,SM11729 ,
SM11729 ,SM11740 ,
SM11740 ,SM11750 ,
SM11750 ,SM11762 ,
SM11762 ,SM11629 ,
SM11762 ,SM11776 ,
SM11776 ,SM11788 ,
SM11788 ,SM11795 ,
SM11795 ,SM11805 ,
SM11805 ,SM11819 ,
SM13553 ,SM13568 ,
SM13842 ,SM13766 ,
SM13842 ,SM13936 ,
SM13933 ,SM13936 ,
SM13933 ,SM14045 ,
SM14130 ,SM14045 ,
SM14130 ,SM14161 ,
SM14161 ,SM14198 ,
SM14198 ,SM14236 ,
SM14320 ,SM14236 ,
SM14264 ,SM14155 ,
SM14264 ,SM14345 ,
SM14345 ,SM14335 ,
SM14345 ,SM14412 ,
SM14575 ,SM14526 ,
SM14575 ,SM14666 ,
SM14666 ,SM14623 ,
SM14623 ,SM14594 ,
SM14623 ,SM14681 ,
SM14681 ,SM14594 ,
SM14681 ,SM14721 ,
SM14702 ,SM14643 ,
SM14702 ,SM14716 ,
SM14716 ,SM14655 ,
SM14716 ,SM14811 ,
SM14811 ,SM14863 ,
SM14896 ,SM14863 ,
SM14599 ,SM14588 ,
SM14599 ,SM14494 ,
SM14494 ,SM14480 ,
SM14494 ,SM14390 ,
SM14494 ,SM14510 ,
SM14510 ,SM14397 ,
SM14397 ,SM14390 ,
SM13507 ,SM13428 ,
SM13507 ,SM13590 ,
SM13838 ,SM13880 ,
SM13920 ,SM13880 ,
SM13920 ,SM13949 ,
SM14162 ,SM14114 ,
SM14114 ,SM14069 ,
SM14037 ,SM13901 ,
SM14137 ,SM14080 ,
SM14080 ,SM14023 ,
SM13974 ,SM13964 ,
SM13818 ,SM13894 ,
SM13818 ,SM13737 ,
SM13585 ,SM13747 ,
SM13949 ,SM13985 ,
SM14069 ,SM14015 ,
SM14015 ,SM13985 ,
SM13901 ,SM13747 ,
SM14023 ,SM13964 ,
SM13964 ,SM13894 ,
SM13585 ,SM13410 ,
SM13410 ,SM13285 ,
SM13285 ,SM13146 ,
SM13407 ,SM13326 ,
SM13409 ,SM13332 ,
SM13409 ,SM13465 ,
SM14011 ,SM14021 ,
SM13993 ,SM13929 ,
SM13929 ,SM13857 ,
SM13886 ,SM13734 ,
SM13967 ,SM13868 ,
SM13868 ,SM13768 ,
SM13909 ,SM13835 ,
SM12808 ,SM12802 ,
SM12808 ,SM12816 ,
SM14058 ,SM13991 ,
SM13732 ,SM13722 ,
SM12986 ,SM12977 ,
SM12986 ,SM12992 ,
SM12992 ,SM13007 ,
SM13007 ,SM13013 ,
SM13756 ,SM13762 ,
SM14115 ,SM14057 ,
SM13211 ,SM13207 ,
SM13102 ,SM13090 ,
SM12330 ,SM12314 ,
SM12330 ,SM12150 ,
SM12150 ,SM12125 ,
SM12150 ,SM12170 ,
SM12170 ,SM12182 ,
SM12182 ,SM12195 ,
SM12195 ,SM12213 ,
SM12213 ,SM12228 ,
SM12395 ,SM12228 ,
SM12395 ,SM12420 ,
SM13275 ,SM13279 ,
SM14632 ,SM14564 ,
SM14452 ,SM14394 ,
SM14439 ,SM14377 ,
SM14439 ,SM14485 ,
SM14485 ,SM14542 ,
SM14542 ,SM14597 ,
SM14597 ,SM14650 ,
SM14650 ,SM14701 ,
SM14701 ,SM14748 ,
SM14748 ,SM14797 ,
SM14797 ,SM14845 ,
SM14845 ,SM14894 ,
SM14894 ,SM14948 ,
SM14948 ,SM14991 ,
SM14991 ,SM15043 ,
SM15043 ,SM15080 ,
SM15080 ,SM15113 ,
SM15113 ,SM15131 ,
SM15113 ,SM15167 ,
SM15188 ,SM15131 ,
SM15188 ,SM15226 ,
SM15226 ,SM15267 ,
SM15044 ,SM15064 ,
SM15064 ,SM15074 ,
SM15074 ,SM15095 ,
SM15095 ,SM15117 ,
SM15117 ,SM15131 ,
SM15044 ,SM15022 ,
SM15022 ,SM15006 ,
SM15006 ,SM14987 ,
SM14987 ,SM14978 ,
SM14978 ,SM14959 ,
SM14959 ,SM14940 ,
SM14940 ,SM14931 ,
SM14931 ,SM14913 ,
SM14913 ,SM14903 ,
SM14903 ,SM14890 ,
SM14890 ,SM14881 ,
SM14881 ,SM14874 ,
SM15123 ,SM15084 ,
SM15123 ,SM15163 ,
SM15163 ,SM15199 ,
SM15199 ,SM15234 ,
SM15672 ,SM15599 ,
SM15672 ,SM15768 ,
SM15672 ,SM15736 ,
SM15736 ,SM15826 ,
SM15736 ,SM15801 ,
SM15801 ,SM15882 ,
SM15882 ,SM15826 ,
SM15882 ,SM15951 ,
SM15951 ,SM15903 ,
SM15951 ,SM16051 ,
SM16056 ,SM16090 ,
SM16090 ,SM16123 ,
SM16131 ,SM16169 ,
SM16283 ,SM16233 ,
SM16272 ,SM16208 ,
SM16272 ,SM16301 ,
SM16272 ,SM16314 ,
SM16314 ,SM16301 ,
SM16122 ,SM16051 ,
SM16122 ,SM16078 ,
SM16078 ,SM15974 ,
SM16078 ,SM16000 ,
SM16000 ,SM15927 ,
SM16000 ,SM15971 ,
SM15971 ,SM15944 ,
SM16070 ,SM16016 ,
SM16114 ,SM16081 ,
SM15511 ,SM15543 ,
SM15511 ,SM15508 ,
SM15511 ,SM15466 ,
SM15644 ,SM15548 ,
SM15644 ,SM15590 ,
SM15644 ,SM15740 ,
SM15740 ,SM15683 ,
SM15740 ,SM15829 ,
SM15829 ,SM15783 ,
SM15829 ,SM15913 ,
SM15913 ,SM15867 ,
SM15913 ,SM15984 ,
SM15984 ,SM15941 ,
SM15984 ,SM16089 ,
SM16585 ,SM16620 ,
SM16620 ,SM16661 ,
SM17051 ,SM17116 ,
SM17051 ,SM17097 ,
SM17097 ,SM17129 ,
SM17129 ,SM17116 ,
SM17129 ,SM17160 ,
SM17160 ,SM17116 ,
SM17160 ,SM17194 ,
SM17194 ,SM17176 ,
SM17194 ,SM17229 ,
SM17229 ,SM17176 ,
SM17229 ,SM17261 ,
SM17261 ,SM17246 ,
SM17261 ,SM17289 ,
SM17289 ,SM17323 ,
SM17323 ,SM17299 ,
SM17323 ,SM17344 ,
SM17344 ,SM17366 ,
SM17453 ,SM17447 ,
SM17482 ,SM17467 ,
SM17482 ,SM17473 ,
SM17473 ,SM17457 ,
SM17473 ,SM17488 ,
SM17488 ,SM17502 ,
SM17502 ,SM17515 ,
SM17515 ,SM17530 ,
SM17530 ,SM17547 ,
SM17560 ,SM17547 ,
SM17560 ,SM17574 ,
SM17721 ,SM17713 ,
SM17751 ,SM17724 ,
SM17751 ,SM17770 ,
SM17801 ,SM17770 ,
SM17504 ,SM17513 ,
SM17471 ,SM17454 ,
SM17454 ,SM17438 ,
SM17438 ,SM17419 ,
SM17419 ,SM17402 ,
SM17402 ,SM17376 ,
SM17558 ,SM17548 ,
SM17558 ,SM17567 ,
SM17567 ,SM17581 ,
SM17547 ,SM17563 ,
SM17574 ,SM17563 ,
SM17574 ,SM17590 ,
SM17713 ,SM17706 ,
SM17706 ,SM17698 ,
SM17698 ,SM17693 ,
SM17693 ,SM17679 ,
SM17724 ,SM17710 ,
SM17710 ,SM17694 ,
SM17581 ,SM17589 ,
SM17563 ,SM17577 ,
SM17590 ,SM17577 ,
SM17590 ,SM17610 ,
SM17610 ,SM17596 ,
SM17610 ,SM17632 ,
SM17679 ,SM17666 ,
SM17694 ,SM17669 ,
SM17589 ,SM17603 ,
SM17577 ,SM17596 ,
SM17596 ,SM17616 ,
SM17632 ,SM17643 ,
SM17666 ,SM17643 ,
SM17666 ,SM17653 ,
SM17603 ,SM17620 ,
SM17620 ,SM17633 ,
SM17616 ,SM17627 ,
SM17643 ,SM17653 ,
SM17653 ,SM17644 ,
SM17644 ,SM17627 ,
SM17644 ,SM17633 ,
SM17513 ,SM17525 ,
SM17525 ,SM17534 ,
SM17534 ,SM17548 ,
SM17376 ,SM17353 ,
SM17353 ,SM17328 ,
SM17328 ,SM17298 ,
SM17298 ,SM17269 ,
SM17269 ,SM17242 ,
SM16643 ,SM16590 ,
SM16643 ,SM16609 ,
SM16643 ,SM16708 ,
SM16708 ,SM16677 ,
SM16708 ,SM16787 ,
SM17333 ,SM17319 ,
SM17388 ,SM17346 ,
SM17216 ,SM17175 ,
SM17216 ,SM17252 ,
SM17252 ,SM17283 ,
SM17283 ,SM17317 ,
SM17317 ,SM17338 ,
SM17338 ,SM17334 ,
SM17542 ,SM17551 ,
SM17551 ,SM17562 ,
SM17562 ,SM17573 ,
SM17573 ,SM17586 ,
SM17651 ,SM17692 ,
SM17692 ,SM17716 ,
SM17716 ,SM17744 ,
SM17760 ,SM17744 ,
SM17682 ,SM17674 ,
SM17682 ,SM17687 ,
SM17687 ,SM17681 ,
SM17625 ,SM17648 ,
SM17648 ,SM17659 ,
SM17674 ,SM17670 ,
SM17674 ,SM17659 ,
SM17659 ,SM17670 ,
SM17625 ,SM17606 ,
SM17606 ,SM17586 ,
SM17334 ,SM17259 ,
SM17334 ,SM17315 ,
SM17312 ,SM17273 ,
SM17662 ,SM17658 ,
SM17697 ,SM17680 ,
SM17649 ,SM17654 ,
SM17654 ,SM17658 ,
SM17658 ,SM17680 ,
SM17649 ,SM17642 ,
SM17642 ,SM17634 ,
SM17700 ,SM17672 ,
SM17700 ,SM17718 ,
SM17618 ,SM17622 ,
SM17618 ,SM17621 ,
SM17578 ,SM17566 ,
SM17578 ,SM17594 ,
SM17594 ,SM17613 ,
SM17472 ,SM17460 ,
SM17472 ,SM17485 ,
SM17485 ,SM17495 ,
SM17424 ,SM17411 ,
SM17424 ,SM17442 ,
SM17442 ,SM17456 ,
SM17535 ,SM17545 ,
SM17545 ,SM17552 ,
SM17564 ,SM17552 ,
SM17564 ,SM17576 ,
SM17576 ,SM17585 ,
SM17585 ,SM17601 ,
SM17702 ,SM17691 ,
SM17702 ,SM17717 ,
SM17717 ,SM17737 ,
SM17737 ,SM17754 ,
SM17754 ,SM17767 ,
SM17767 ,SM17783 ,
SM17783 ,SM17797 ,
SM17797 ,SM17808 ,
SM17782 ,SM17764 ,
SM17782 ,SM17799 ,
SM17799 ,SM17814 ,
SM17814 ,SM17830 ,
SM17830 ,SM17846 ,
SM17846 ,SM17858 ,
SM17922 ,SM17931 ,
SM17931 ,SM17938 ,
SM17938 ,SM17944 ,
SM17944 ,SM17953 ,
SM18020 ,SM18037 ,
SM18093 ,SM18085 ,
SM18122 ,SM18097 ,
SM18061 ,SM18048 ,
SM18061 ,SM18071 ,
SM18007 ,SM17996 ,
SM18007 ,SM18018 ,
SM18084 ,SM18087 ,
SM18084 ,SM18092 ,
SM18092 ,SM18101 ,
SM18108 ,SM18101 ,
SM18108 ,SM18117 ,
SM18117 ,SM18123 ,
SM18105 ,SM18119 ,
SM18119 ,SM18131 ,
SM18199 ,SM18191 ,
SM18199 ,SM18208 ,
SM18208 ,SM18215 ,
SM18194 ,SM18207 ,
SM18207 ,SM18216 ,
SM18307 ,SM18321 ,
SM18296 ,SM18324 ,
SM18343 ,SM18337 ,
SM18351 ,SM18324 ,
SM18324 ,SM18337 ,
SM18335 ,SM18321 ,
SM18335 ,SM18346 ,
SM18308 ,SM18292 ,
SM18308 ,SM18322 ,
SM18322 ,SM18338 ,
SM18338 ,SM18350 ,
SM18350 ,SM18361 ,
SM18361 ,SM18372 ,
SM18407 ,SM18418 ,
SM18418 ,SM18429 ,
SM18453 ,SM18473 ,
SM18550 ,SM18570 ,
SM18742 ,SM18735 ,
SM18742 ,SM18751 ,
SM18751 ,SM18762 ,
SM18776 ,SM18767 ,
SM18776 ,SM18793 ,
SM18716 ,SM18703 ,
SM18716 ,SM18707 ,
SM18716 ,SM18731 ,
SM18731 ,SM18744 ,
SM18824 ,SM18840 ,
SM18840 ,SM18857 ,
SM18949 ,SM18958 ,
SM18918 ,SM18905 ,
SM18918 ,SM18930 ,
SM18930 ,SM18944 ,
SM18944 ,SM18960 ,
SM18960 ,SM18973 ,
SM19016 ,SM19029 ,
SM19094 ,SM19084 ,
SM19112 ,SM19100 ,
SM19059 ,SM19041 ,
SM19019 ,SM18999 ,
SM19019 ,SM19032 ,
SM19032 ,SM19052 ,
SM19052 ,SM19066 ,
SM19107 ,SM19123 ,
SM19123 ,SM19138 ,
SM19170 ,SM19176 ,
SM19377 ,SM19394 ,
SM19394 ,SM19412 ,
SM19501 ,SM19538 ,
SM19538 ,SM19566 ,
SM19576 ,SM19556 ,
SM19671 ,SM19694 ,
SM19628 ,SM19613 ,
SM19628 ,SM19642 ,
SM19642 ,SM19657 ,
SM19657 ,SM19674 ,
SM19674 ,SM19688 ,
SM19688 ,SM19704 ,
SM19782 ,SM19771 ,
SM19782 ,SM19790 ,
SM19790 ,SM19805 ,
SM19805 ,SM19810 ,
SM19801 ,SM19816 ,
SM19823 ,SM19816 ,
SM19856 ,SM19843 ,
SM19825 ,SM19815 ,
SM19815 ,SM19806 ,
SM19834 ,SM19824 ,
SM19824 ,SM19814 ,
SM19814 ,SM19804 ,
SM19804 ,SM19784 ,
SM19734 ,SM19752 ,
SM19734 ,SM19715 ,
SM19616 ,SM19625 ,
SM19616 ,SM19603 ,
SM19603 ,SM19592 ,
SM19592 ,SM19583 ,
SM19664 ,SM19647 ,
SM19695 ,SM19679 ,
SM19669 ,SM19654 ,
SM19471 ,SM19453 ,
SM19389 ,SM19381 ,
SM19389 ,SM19395 ,
SM19395 ,SM19399 ,
SM19399 ,SM19405 ,
SM19405 ,SM19413 ,
SM19413 ,SM19417 ,
SM19561 ,SM19577 ,
SM19577 ,SM19593 ,
SM19593 ,SM19609 ,
SM19429 ,SM19423 ,
SM19214 ,SM19196 ,
SM18961 ,SM18955 ,
SM18763 ,SM18757 ,
SM18763 ,SM18768 ,
SM18768 ,SM18771 ,
SM18771 ,SM18777 ,
SM18777 ,SM18783 ,
SM18783 ,SM18788 ,
SM18788 ,SM18794 ,
SM18794 ,SM18799 ,
SM18992 ,SM18997 ,
SM18997 ,SM19004 ,
SM19004 ,SM19007 ,
SM19007 ,SM19010 ,
SM19171 ,SM19151 ,
SM19171 ,SM19200 ,
SM19200 ,SM19223 ,
SM19223 ,SM19236 ,
SM19137 ,SM19125 ,
SM18941 ,SM18931 ,
SM18749 ,SM18739 ,
SM18739 ,SM18729 ,
SM18729 ,SM18722 ,
SM18722 ,SM18711 ,
SM18711 ,SM18704 ,
SM18704 ,SM18696 ,
SM18696 ,SM18691 ,
SM18691 ,SM18683 ,
SM18683 ,SM18676 ,
SM18676 ,SM18670 ,
SM18670 ,SM18664 ,
SM18664 ,SM18656 ,
SM18547 ,SM18537 ,
SM18537 ,SM18526 ,
SM18526 ,SM18513 ,
SM18513 ,SM18503 ,
SM18503 ,SM18488 ,
SM18488 ,SM18478 ,
SM18478 ,SM18464 ,
SM18464 ,SM18454 ,
SM18454 ,SM18445 ,
SM18445 ,SM18437 ,
SM18437 ,SM18427 ,
SM18427 ,SM18424 ,
SM18427 ,SM18416 ,
SM18416 ,SM18424 ,
SM18416 ,SM18406 ,
SM18406 ,SM18419 ,
SM18406 ,SM18392 ,
SM18392 ,SM18381 ,
SM18381 ,SM18367 ,
SM18367 ,SM18358 ,
SM18358 ,SM18345 ,
SM18345 ,SM18333 ,
SM18333 ,SM18318 ,
SM18318 ,SM18306 ,
SM18306 ,SM18287 ,
SM18287 ,SM18270 ,
SM18270 ,SM18258 ,
SM18258 ,SM18246 ,
SM18246 ,SM18228 ,
SM18228 ,SM18205 ,
SM18205 ,SM18183 ,
SM18183 ,SM18160 ,
SM18160 ,SM18137 ,
SM18137 ,SM18114 ,
SM18114 ,SM18091 ,
SM18091 ,SM18110 ,
SM18091 ,SM18070 ,
SM18070 ,SM18050 ,
SM17340 ,SM17320 ,
SM17320 ,SM17260 ,
SM17180 ,SM17117 ,
SM17180 ,SM17135 ,
SM17135 ,SM17070 ,
SM17135 ,SM17091 ,
SM17091 ,SM17015 ,
SM17091 ,SM17031 ,
SM17031 ,SM16916 ,
SM17031 ,SM16930 ,
SM16930 ,SM16861 ,
SM16930 ,SM16877 ,
SM16930 ,SM17056 ,
SM17056 ,SM16945 ,
SM17064 ,SM16945 ,
SM17052 ,SM16990 ,
SM17061 ,SM16942 ,
SM16871 ,SM16942 ,
SM16871 ,SM16797 ,
SM16797 ,SM16733 ,
SM16733 ,SM16674 ,
SM16549 ,SM16519 ,
SM16398 ,SM16302 ,
SM16398 ,SM16491 ,
SM16582 ,SM16584 ,
SM16855 ,SM16767 ,
SM16606 ,SM16564 ,
SM16454 ,SM16434 ,
SM16454 ,SM16475 ,
SM16475 ,SM16492 ,
SM16434 ,SM16405 ,
SM16405 ,SM16382 ,
SM16490 ,SM16477 ,
SM16347 ,SM16382 ,
SM16347 ,SM16329 ,
SM16329 ,SM16325 ,
SM16257 ,SM16325 ,
SM16261 ,SM16295 ,
SM16300 ,SM16322 ,
SM16551 ,SM16564 ,
SM16551 ,SM16556 ,
SM16556 ,SM16562 ,
SM16562 ,SM16574 ,
SM16562 ,SM16573 ,
SM16573 ,SM16574 ,
SM16573 ,SM16665 ,
SM16573 ,SM16575 ,
SM16491 ,SM16580 ,
SM16584 ,SM16580 ,
SM16767 ,SM16665 ,
SM16575 ,SM16580 ,
SM16368 ,SM16351 ,
SM16368 ,SM16379 ,
SM16379 ,SM16380 ,
SM16380 ,SM16325 ,
SM16295 ,SM16326 ,
SM16295 ,SM16322 ,
SM16322 ,SM16326 ,
SM16322 ,SM16351 ,
SM16351 ,SM16326 ,
SM16179 ,SM16176 ,
SM16176 ,SM16172 ,
SM16028 ,SM16029 ,
SM15575 ,SM15645 ,
SM15575 ,SM15632 ,
SM15632 ,SM15713 ,
SM15781 ,SM15713 ,
SM15781 ,SM15837 ,
SM15837 ,SM15897 ,
SM15837 ,SM15755 ,
SM15755 ,SM15814 ,
SM15782 ,SM15865 ,
SM15955 ,SM15909 ,
SM15955 ,SM15999 ,
SM15946 ,SM16026 ,
SM15946 ,SM15980 ,
SM15946 ,SM15872 ,
SM15872 ,SM15911 ,
SM15872 ,SM15795 ,
SM15795 ,SM15831 ,
SM15795 ,SM15700 ,
SM15700 ,SM15749 ,
SM15700 ,SM15611 ,
SM15611 ,SM15660 ,
SM15611 ,SM15515 ,
SM15515 ,SM15567 ,
SM15515 ,SM15439 ,
SM15257 ,SM15177 ,
SM14916 ,SM14817 ,
SM12196 ,SM12171 ,
SM11702 ,SM11653 ,
SM11702 ,SM11754 ,
SM11754 ,SM11601 ,
SM11672 ,SM11601 ,
SM11672 ,SM11423 ,
SM11672 ,SM11721 ,
SM11721 ,SM11768 ,
SM11768 ,SM11505 ,
SM11768 ,SM11800 ,
SM11800 ,SM11535 ,
SM11800 ,SM11839 ,
SM11800 ,SM11935 ,
SM11935 ,SM11954 ,
SM11954 ,SM11839 ,
SM11954 ,SM11973 ,
SM12311 ,SM12325 ,
SM13005 ,SM12938 ,
SM12778 ,SM12720 ,
SM12631 ,SM12559 ,
SM12559 ,SM12491 ,
SM12664 ,SM12720 ,
SM12664 ,SM12614 ,
SM12614 ,SM12556 ,
SM12556 ,SM12505 ,
SM12505 ,SM12485 ,
SM12485 ,SM12569 ,
SM12485 ,SM12460 ,
SM12460 ,SM12502 ,
SM12460 ,SM12433 ,
SM12433 ,SM12502 ,
SM12433 ,SM12401 ,
SM12121 ,SM12075 ,
SM12075 ,SM12060 ,
SM12075 ,SM11965 ,
SM11965 ,SM11925 ,
SM11925 ,SM12060 ,
SM11925 ,SM11899 ,
SM11899 ,SM12037 ,
SM11581 ,SM11868 ,
SM11581 ,SM11565 ,
SM11565 ,SM11839 ,
SM11565 ,SM11535 ,
SM11973 ,SM11993 ,
SM12325 ,SM12339 ,
SM12938 ,SM12863 ,
SM12863 ,SM12800 ,
SM12800 ,SM12737 ,
SM12737 ,SM12685 ,
SM12685 ,SM12638 ,
SM12638 ,SM12569 ,
SM12569 ,SM12502 ,
SM12401 ,SM12372 ,
SM12372 ,SM12359 ,
SM12060 ,SM12037 ,
SM12037 ,SM12011 ,
SM12011 ,SM11993 ,
SM11868 ,SM11993 ,
SM12339 ,SM12348 ,
SM12348 ,SM12359 ,
SM11535 ,SM11505 ,
SM11206 ,SM11314 ,
SM11206 ,SM11355 ,
SM11206 ,SM11141 ,
SM9881  ,SM9750  ,
SM8547  ,SM8387  ,
SM8547  ,SM8544  ,
SM8373  ,SM8207  ,
SM8199  ,SM8033  ,
SM8229  ,SM7996  ,
SM8012  ,SM7996  ,
SM8012  ,SM7813  ,
SM7813  ,SM7788  ,
SM7813  ,SM7594  ,
SM7594  ,SM7570  ,
SM7594  ,SM7398  ,
SM7505  ,SM7320  ,
SM7323  ,SM7320  ,
SM7323  ,SM7324  ,
SM7100  ,SM7109  ,
SM7100  ,SM6999  ,
SM6999  ,SM7005  ,
SM6759  ,SM6773  ,
SM6759  ,SM6648  ,
SM6910  ,SM6856  ,
SM6856  ,SM6800  ,
SM6648  ,SM6545  ,
SM6545  ,SM6397  ,
SM6397  ,SM6438  ,
SM6293  ,SM6438  ,
SM6293  ,SM6135  ,
SM6135  ,SM5988  ,
SM6135  ,SM6106  ,
SM6106  ,SM5973  ,
SM6055  ,SM5929  ,
SM5929  ,SM5751  ,
SM5778  ,SM5635  ,
SM5506  ,SM5483  ,
SM5506  ,SM5530  ,
SM5530  ,SM5560  ,
SM5560  ,SM5382  ,
SM5183  ,SM5150  ,
SM5183  ,SM4975  ,
SM5183  ,SM5203  ,
SM5972  ,SM5841  ,
SM5766  ,SM5713  ,
SM5766  ,SM5815  ,
SM5538  ,SM5505  ,
SM5505  ,SM5472  ,
SM5472  ,SM5431  ,
SM5472  ,SM5236  ,
SM5236  ,SM5205  ,
SM4927  ,SM4862  ,
SM4862  ,SM4802  ,
SM4713  ,SM4802  ,
SM4713  ,SM4634  ,
SM4634  ,SM4520  ,
SM4520  ,SM4507  ,
SM4520  ,SM4420  ,
SM4420  ,SM4432  ,
SM4420  ,SM4318  ,
SM4420  ,SM4316  ,
SM4316  ,SM4318  ,
SM4318  ,SM4320  ,
SM4320  ,SM4382  ,
SM4320  ,SM4313  ,
SM4313  ,SM4382  ,
SM4313  ,SM4282  ,
SM4282  ,SM4245  ,
SM4245  ,SM4213  ,
SM4213  ,SM4186  ,
SM3991  ,SM3977  ,
SM3883  ,SM3910  ,
SM3767  ,SM3794  ,
SM3599  ,SM3667  ,
SM3599  ,SM3551  ,
SM3214  ,SM3133  ,
SM3214  ,SM3121  ,
SM3121  ,SM3133  ,
SM3068  ,SM3133  ,
SM3068  ,SM3029  ,
SM3066  ,SM3064  ,
SM3064  ,SM3008  ,
SM2963  ,SM3008  ,
SM2740  ,SM2816  ,
SM2740  ,SM2656  ,
SM2656  ,SM2576  ,
SM2576  ,SM2488  ,
SM2063  ,SM2041  ,
SM2446  ,SM2459  ,
SM2459  ,SM2478  ,
SM1939  ,SM1953  ,
SM1953  ,SM1975  ,
SM1530  ,SM1541  ,
SM1230  ,SM1239  ,
SM1554  ,SM1541  ,
SM1554  ,SM1571  ,
SM1571  ,SM1586  ,
SM1586  ,SM1599  ,
SM1458  ,SM1500  ,
SM1458  ,SM1422  ,
SM1422  ,SM1384  ,
SM1284  ,SM1293  ,
SM584   ,SM598   ,
SM598   ,SM618   ,
SM618   ,SM655   ,
SM626   ,SM664   ,
SM626   ,SM620   ,
SM626   ,SM612   ,
SM612   ,SM620   ,
SM656   ,SM664   ,
SM656   ,SM695   ,
SM622   ,SM650   ,
SM622   ,SM629   ,
SM591   ,SM607   ,
SM654   ,SM684   ,
SM654   ,SM628   ,
SM628   ,SM609   ,
SM609   ,SM592   ,
SM532   ,SM503   ,
SM577   ,SM592   ,
SM577   ,SM561   ,
SM561   ,SM537   ,
SM604   ,SM636   ,
SM657   ,SM690   ,
SM826   ,SM838   ,
SM826   ,SM819   ,
SM819   ,SM808   ,
SM808   ,SM803   ,
SM803   ,SM799   ,
SM675   ,SM709   ,
SM675   ,SM644   ,
SM547   ,SM534   ,
SM492   ,SM509   ,
SM509   ,SM524   ,
SM524   ,SM534   ,
SM524   ,SM552   ,
SM552   ,SM570   ,
SM523   ,SM545   ,
SM523   ,SM497   ,
SM489   ,SM516   ,
SM595   ,SM605   ,
SM605   ,SM617   ,
SM722   ,SM754   ,
SM841   ,SM847   ,
SM1177  ,SM1194  ,
SM1584  ,SM1602  ,
SM1805  ,SM1822  ,
SM1966  ,SM2001  ,
SM1966  ,SM1942  ,
SM1942  ,SM1970  ,
SM1942  ,SM1931  ,
SM1931  ,SM1970  ,
SM1931  ,SM1911  ,
SM1753  ,SM1738  ,
SM1486  ,SM1470  ,
SM1386  ,SM1423  ,
SM1435  ,SM1445  ,
SM1596  ,SM1549  ,
SM1549  ,SM1501  ,
SM1470  ,SM1501  ,
SM1470  ,SM1456  ,
SM1423  ,SM1456  ,
SM1445  ,SM1456  ,
SM1501  ,SM1456  ,
SM1596  ,SM1663  ,
SM1663  ,SM1718  ,
SM1718  ,SM1738  ,
SM1891  ,SM1911  ,
SM2057  ,SM2086  ,
SM2057  ,SM2191  ,
SM2169  ,SM2205  ,
SM2146  ,SM2171  ,
SM2122  ,SM2171  ,
SM2122  ,SM2097  ,
SM2097  ,SM2070  ,
SM2070  ,SM2042  ,
SM2318  ,SM2340  ,
SM2318  ,SM2296  ,
SM2296  ,SM2273  ,
SM2203  ,SM2273  ,
SM2258  ,SM2290  ,
SM2258  ,SM2239  ,
SM2239  ,SM2217  ,
SM2217  ,SM2198  ,
SM2198  ,SM2175  ,
SM2175  ,SM2151  ,
SM2151  ,SM2127  ,
SM2127  ,SM2094  ,
SM2094  ,SM2054  ,
SM2112  ,SM2161  ,
SM2112  ,SM2067  ,
SM2185  ,SM2251  ,
SM2350  ,SM2332  ,
SM2483  ,SM2417  ,
SM2483  ,SM2556  ,
SM2556  ,SM2625  ,
SM2804  ,SM2789  ,
SM2979  ,SM2911  ,
SM2979  ,SM2964  ,
SM2979  ,SM3037  ,
SM3037  ,SM3015  ,
SM3060  ,SM3015  ,
SM3060  ,SM3103  ,
SM3147  ,SM3198  ,
SM3499  ,SM3480  ,
SM4014  ,SM3987  ,
SM4132  ,SM4103  ,
SM4132  ,SM4174  ,
SM4174  ,SM4224  ,
SM4224  ,SM4285  ,
SM4285  ,SM4363  ,
SM4231  ,SM4319  ,
SM4344  ,SM4319  ,
SM4344  ,SM4386  ,
SM4261  ,SM4386  ,
SM4261  ,SM4315  ,
SM4183  ,SM4294  ,
SM4131  ,SM4152  ,
SM4054  ,SM4152  ,
SM4054  ,SM3945  ,
SM4094  ,SM4116  ,
SM4465  ,SM4600  ,
SM4600  ,SM4762  ,
SM4600  ,SM4654  ,
SM4654  ,SM4828  ,
SM4872  ,SM4828  ,
SM4872  ,SM5012  ,
SM4986  ,SM5071  ,
SM5121  ,SM5071  ,
SM5121  ,SM5171  ,
SM5029  ,SM5171  ,
SM5029  ,SM5078  ,
SM5078  ,SM5123  ,
SM5123  ,SM5219  ,
SM5272  ,SM5219  ,
SM5325  ,SM5407  ,
SM5407  ,SM5497  ,
SM5497  ,SM5569  ,
SM5569  ,SM5651  ,
SM5651  ,SM5714  ,
SM6029  ,SM6097  ,
SM6029  ,SM5975  ,
SM5975  ,SM5910  ,
SM5910  ,SM5821  ,
SM5821  ,SM5759  ,
SM5759  ,SM5681  ,
SM5607  ,SM5641  ,
SM5476  ,SM5504  ,
SM5370  ,SM5456  ,
SM5370  ,SM5298  ,
SM5597  ,SM5542  ,
SM5597  ,SM5721  ,
SM5597  ,SM5657  ,
SM5657  ,SM5770  ,
SM5657  ,SM5690  ,
SM5169  ,SM5113  ,
SM5034  ,SM5113  ,
SM5034  ,SM5056  ,
SM5034  ,SM4951  ,
SM4951  ,SM4982  ,
SM4951  ,SM4823  ,
SM4853  ,SM4922  ,
SM5250  ,SM5319  ,
SM5691  ,SM5769  ,
SM5691  ,SM5736  ,
SM5691  ,SM5636  ,
SM5636  ,SM5549  ,
SM5549  ,SM5473  ,
SM5473  ,SM5384  ,
SM5955  ,SM5898  ,
SM5955  ,SM5992  ,
SM5855  ,SM5951  ,
SM5855  ,SM5789  ,
SM5789  ,SM5708  ,
SM5708  ,SM5644  ,
SM5644  ,SM5562  ,
SM5562  ,SM5487  ,
SM5487  ,SM5391  ,
SM5391  ,SM5311  ,
SM5311  ,SM5242  ,
SM5242  ,SM5178  ,
SM4738  ,SM4666  ,
SM4666  ,SM4593  ,
SM4593  ,SM4540  ,
SM4950  ,SM5033  ,
SM4950  ,SM4874  ,
SM4874  ,SM4803  ,
SM4722  ,SM4773  ,
SM4722  ,SM4677  ,
SM4677  ,SM4635  ,
SM4404  ,SM4463  ,
SM4674  ,SM4661  ,
SM4948  ,SM4865  ,
SM4948  ,SM4976  ,
SM4948  ,SM5030  ,
SM5426  ,SM5399  ,
SM6155  ,SM6145  ,
SM6155  ,SM6172  ,
SM6172  ,SM6190  ,
SM6190  ,SM6204  ,
SM6204  ,SM6220  ,
SM6220  ,SM6236  ,
SM6236  ,SM6250  ,
SM6250  ,SM6267  ,
SM5543  ,SM5561  ,
SM4796  ,SM4817  ,
SM4524  ,SM4591  ,
SM4689  ,SM4717  ,
SM5375  ,SM5362  ,
SM5375  ,SM5394  ,
SM5394  ,SM5421  ,
SM5421  ,SM5435  ,
SM5435  ,SM5454  ,
SM5454  ,SM5475  ,
SM5475  ,SM5496  ,
SM5496  ,SM5509  ,
SM5509  ,SM5526  ,
SM5526  ,SM5541  ,
SM5541  ,SM5559  ,
SM5559  ,SM5571  ,
SM5571  ,SM5592  ,
SM4999  ,SM5062  ,
SM5142  ,SM5148  ,
SM5142  ,SM5195  ,
SM5142  ,SM5244  ,
SM5369  ,SM5450  ,
SM3040  ,SM3073  ,
SM3040  ,SM2562  ,
SM2562  ,SM2632  ,
SM2632  ,SM2704  ,
SM2704  ,SM2779  ,
SM2985  ,SM2990  ,
SM2985  ,SM2978  ,
SM2978  ,SM2972  ,
SM2319  ,SM2312  ,
SM2312  ,SM2304  ,
SM2304  ,SM2299  ,
SM2299  ,SM2289  ,
SM2289  ,SM2287  ,
SM2287  ,SM2282  ,
SM2282  ,SM2277  ,
SM2277  ,SM2348  ,
SM2277  ,SM2270  ,
SM2270  ,SM2267  ,
SM2267  ,SM2262  ,
SM2262  ,SM2257  ,
SM2257  ,SM2250  ,
SM2250  ,SM2243  ,
SM2243  ,SM2236  ,
SM2236  ,SM2227  ,
SM2227  ,SM2221  ,
SM1750  ,SM1743  ,
SM1743  ,SM1740  ,
SM1740  ,SM1736  ,
SM1736  ,SM1729  ,
SM1729  ,SM1721  ,
SM1721  ,SM1714  ,
SM1721  ,SM1631  ,
SM1631  ,SM1626  ,
SM1494  ,SM1545  ,
SM1606  ,SM1635  ,
SM1606  ,SM1650  ,
SM1606  ,SM1583  ,
SM1583  ,SM1643  ,
SM1643  ,SM1650  ,
SM1643  ,SM1637  ,
SM1637  ,SM1630  ,
SM2147  ,SM2153  ,
SM2147  ,SM2143  ,
SM2143  ,SM2138  ,
SM2138  ,SM2133  ,
SM2133  ,SM2130  ,
SM1607  ,SM1598  ,
SM1348  ,SM1310  ,
SM1205  ,SM1201  ,
SM1068  ,SM1102  ,
SM1175  ,SM1178  ,
SM1589  ,SM1593  ,
SM2111  ,SM2116  ,
SM2738  ,SM2741  ,
SM2738  ,SM2730  ,
SM2730  ,SM2723  ,
SM2723  ,SM2715  ,
SM2715  ,SM2706  ,
SM2706  ,SM2701  ,
SM2085  ,SM2080  ,
SM2080  ,SM2073  ,
SM2073  ,SM2069  ,
SM2069  ,SM2062  ,
SM2062  ,SM2059  ,
SM2059  ,SM2052  ,
SM2052  ,SM2047  ,
SM2047  ,SM2043  ,
SM1859  ,SM1906  ,
SM2011  ,SM2018  ,
SM2210  ,SM2154  ,
SM2043  ,SM2040  ,
SM1906  ,SM1963  ,
SM2018  ,SM2028  ,
SM2154  ,SM2091  ,
SM2040  ,SM2036  ,
SM1963  ,SM2036  ,
SM2028  ,SM2036  ,
SM2091  ,SM2036  ,
SM2210  ,SM2283  ,
SM2283  ,SM2352  ,
SM2611  ,SM2615  ,
SM2611  ,SM2606  ,
SM2606  ,SM2601  ,
SM2601  ,SM2593  ,
SM2593  ,SM2588  ,
SM2588  ,SM2581  ,
SM2581  ,SM2577  ,
SM2577  ,SM2570  ,
SM1973  ,SM1967  ,
SM1695  ,SM1761  ,
SM1761  ,SM1816  ,
SM1804  ,SM1816  ,
SM2022  ,SM1948  ,
SM2022  ,SM2084  ,
SM1952  ,SM2023  ,
SM1952  ,SM1912  ,
SM1912  ,SM1861  ,
SM1861  ,SM1809  ,
SM1885  ,SM1943  ,
SM2418  ,SM2424  ,
SM2418  ,SM2414  ,
SM3069  ,SM3071  ,
SM3069  ,SM3062  ,
SM3062  ,SM3057  ,
SM2402  ,SM2397  ,
SM2136  ,SM2253  ,
SM2349  ,SM2353  ,
SM2349  ,SM2344  ,
SM2344  ,SM2339  ,
SM2339  ,SM2334  ,
SM2986  ,SM2992  ,
SM3548  ,SM3556  ,
SM4134  ,SM4142  ,
SM4848  ,SM4859  ,
SM4848  ,SM4839  ,
SM4490  ,SM4562  ,
SM4562  ,SM4644  ,
SM5084  ,SM4991  ,
SM5084  ,SM5173  ,
SM5173  ,SM5256  ,
SM5441  ,SM5540  ,
SM5441  ,SM5525  ,
SM5441  ,SM5436  ,
SM5336  ,SM5436  ,
SM5336  ,SM5337  ,
SM5248  ,SM5337  ,
SM5248  ,SM5251  ,
SM4763  ,SM4749  ,
SM4535  ,SM4639  ,
SM4639  ,SM4749  ,
SM4737  ,SM4749  ,
SM4737  ,SM4806  ,
SM4737  ,SM4728  ,
SM4728  ,SM4806  ,
SM4728  ,SM4718  ,
SM4718  ,SM4696  ,
SM4696  ,SM4710  ,
SM4618  ,SM4710  ,
SM4680  ,SM4733  ,
SM4812  ,SM4917  ,
SM4812  ,SM4931  ,
SM4809  ,SM4931  ,
SM4931  ,SM5049  ,
SM5280  ,SM5350  ,
SM5350  ,SM5420  ,
SM5553  ,SM5490  ,
SM5689  ,SM5603  ,
SM5689  ,SM5614  ,
SM5545  ,SM5444  ,
SM5545  ,SM5649  ,
SM5649  ,SM5720  ,
SM5720  ,SM5801  ,
SM6219  ,SM6392  ,
SM6331  ,SM6439  ,
SM6476  ,SM6588  ,
SM6580  ,SM6588  ,
SM6667  ,SM6588  ,
SM6439  ,SM6392  ,
SM6439  ,SM6566  ,
SM6566  ,SM6392  ,
SM6688  ,SM6700  ,
SM6700  ,SM6721  ,
SM6721  ,SM6737  ,
SM6737  ,SM6756  ,
SM7492  ,SM7502  ,
SM7686  ,SM7690  ,
SM7875  ,SM8059  ,
SM8059  ,SM8270  ,
SM8047  ,SM8252  ,
SM8218  ,SM8252  ,
SM8218  ,SM8420  ,
SM8440  ,SM8432  ,
SM8440  ,SM8453  ,
SM8447  ,SM8457  ,
SM8447  ,SM8428  ,
SM8832  ,SM8654  ,
SM8453  ,SM8459  ,
SM8459  ,SM8467  ,
SM8467  ,SM8457  ,
SM8639  ,SM8569  ,
SM8639  ,SM8700  ,
SM8700  ,SM8575  ,
SM8420  ,SM8569  ,
SM8420  ,SM8432  ,
SM8252  ,SM8263  ,
SM8263  ,SM8270  ,
SM8270  ,SM8280  ,
SM8280  ,SM8288  ,
SM8288  ,SM8078  ,
SM8288  ,SM8325  ,
SM8325  ,SM8354  ,
SM8354  ,SM8365  ,
SM8365  ,SM8379  ,
SM8379  ,SM8196  ,
SM8379  ,SM8390  ,
SM8618  ,SM8630  ,
SM8727  ,SM8630  ,
SM8727  ,SM8644  ,
SM9361  ,SM9203  ,
SM9361  ,SM9374  ,
SM9361  ,SM9514  ,
SM10231 ,SM10241 ,
SM10231 ,SM10220 ,
SM10220 ,SM10213 ,
SM10213 ,SM10406 ,
SM10406 ,SM10433 ,
SM10433 ,SM10445 ,
SM10445 ,SM10460 ,
SM10460 ,SM10478 ,
SM10478 ,SM10250 ,
SM10478 ,SM10495 ,
SM10495 ,SM10264 ,
SM10495 ,SM10522 ,
SM11033 ,SM10790 ,
SM11033 ,SM11241 ,
SM11443 ,SM11453 ,
SM11731 ,SM11615 ,
SM11504 ,SM11497 ,
SM11504 ,SM11512 ,
SM11512 ,SM11520 ,
SM10600 ,SM10588 ,
SM10600 ,SM10367 ,
SM10367 ,SM10350 ,
SM10367 ,SM10382 ,
SM10382 ,SM10401 ,
SM10401 ,SM10420 ,
SM10622 ,SM10420 ,
SM10622 ,SM10634 ,
SM11028 ,SM10909 ,
SM10667 ,SM10469 ,
SM10667 ,SM10477 ,
SM10477 ,SM10469 ,
SM10477 ,SM10482 ,
SM10482 ,SM10329 ,
SM10482 ,SM10487 ,
SM10487 ,SM10493 ,
SM10487 ,SM10679 ,
SM10679 ,SM10688 ,
SM11154 ,SM10933 ,
SM11154 ,SM11345 ,
SM11154 ,SM11350 ,
SM11350 ,SM11345 ,
SM11345 ,SM11368 ,
SM11500 ,SM11387 ,
SM11387 ,SM11285 ,
SM11285 ,SM11179 ,
SM10779 ,SM10750 ,
SM10779 ,SM10572 ,
SM10779 ,SM10806 ,
SM11819 ,SM11824 ,
SM11824 ,SM11837 ,
SM13568 ,SM13582 ,
SM13766 ,SM13661 ,
SM13979 ,SM13918 ,
SM13979 ,SM14040 ,
SM13936 ,SM14045 ,
SM14155 ,SM14094 ,
SM14335 ,SM14341 ,
SM14445 ,SM14341 ,
SM14445 ,SM14526 ,
SM14544 ,SM14594 ,
SM14594 ,SM14557 ,
SM14622 ,SM14557 ,
SM14643 ,SM14570 ,
SM14643 ,SM14655 ,
SM14655 ,SM14580 ,
SM14588 ,SM14580 ,
SM14588 ,SM14480 ,
SM14480 ,SM14472 ,
SM14480 ,SM14382 ,
SM14390 ,SM14382 ,
SM12057 ,SM12046 ,
SM12057 ,SM12066 ,
SM12066 ,SM12073 ,
SM12073 ,SM12079 ,
SM13428 ,SM13354 ,
SM13354 ,SM13265 ,
SM13265 ,SM13182 ,
SM13182 ,SM13103 ,
SM13103 ,SM13003 ,
SM13146 ,SM13004 ,
SM13326 ,SM13235 ,
SM13235 ,SM13148 ,
SM13332 ,SM13241 ,
SM13415 ,SM13423 ,
SM13415 ,SM13465 ,
SM13465 ,SM13520 ,
SM13584 ,SM13520 ,
SM13584 ,SM13650 ,
SM13650 ,SM13703 ,
SM13703 ,SM13788 ,
SM13788 ,SM13857 ,
SM13721 ,SM13712 ,
SM13721 ,SM13734 ,
SM13734 ,SM13745 ,
SM13745 ,SM13757 ,
SM13757 ,SM13768 ,
SM13835 ,SM13761 ,
SM12802 ,SM12793 ,
SM11983 ,SM11977 ,
SM11983 ,SM11885 ,
SM11983 ,SM11998 ,
SM12816 ,SM12825 ,
SM13991 ,SM13923 ,
SM13722 ,SM13716 ,
SM12977 ,SM12970 ,
SM12163 ,SM12149 ,
SM12163 ,SM11918 ,
SM12163 ,SM12179 ,
SM12179 ,SM11938 ,
SM12179 ,SM12192 ,
SM12192 ,SM12200 ,
SM13013 ,SM13021 ,
SM13762 ,SM13771 ,
SM14057 ,SM13997 ,
SM13203 ,SM13200 ,
SM13200 ,SM13195 ,
SM13195 ,SM13188 ,
SM13090 ,SM13188 ,
SM13090 ,SM13068 ,
SM12299 ,SM12285 ,
SM12299 ,SM12098 ,
SM12299 ,SM12314 ,
SM12314 ,SM12125 ,
SM12125 ,SM12098 ,
SM11195 ,SM11175 ,
SM11195 ,SM10921 ,
SM10555 ,SM10751 ,
SM10751 ,SM10965 ,
SM11470 ,SM11412 ,
SM11470 ,SM11547 ,
SM12228 ,SM12254 ,
SM12254 ,SM12276 ,
SM12254 ,SM12420 ,
SM12420 ,SM12443 ,
SM13290 ,SM13298 ,
SM13290 ,SM13279 ,
SM14564 ,SM14498 ,
SM14394 ,SM14346 ,
SM14377 ,SM14325 ,
SM14053 ,SM14005 ,
SM14053 ,SM14102 ,
SM14102 ,SM14153 ,
SM14153 ,SM14214 ,
SM14874 ,SM14866 ,
SM14866 ,SM14854 ,
SM15084 ,SM15049 ,
SM14751 ,SM14765 ,
SM14751 ,SM14747 ,
SM14747 ,SM14741 ,
SM14741 ,SM14730 ,
SM15364 ,SM15293 ,
SM15364 ,SM15425 ,
SM15364 ,SM15413 ,
SM15234 ,SM15269 ,
SM15599 ,SM15535 ,
SM15599 ,SM15695 ,
SM15768 ,SM15695 ,
SM15768 ,SM15851 ,
SM15768 ,SM15826 ,
SM15826 ,SM15903 ,
SM15903 ,SM15851 ,
SM15903 ,SM15974 ,
SM16051 ,SM15974 ,
SM15974 ,SM15927 ,
SM15927 ,SM15851 ,
SM15927 ,SM15869 ,
SM15869 ,SM15790 ,
SM15869 ,SM15816 ,
SM15869 ,SM15944 ,
SM15944 ,SM15896 ,
SM16016 ,SM15991 ,
SM16081 ,SM16017 ,
SM15610 ,SM15641 ,
SM15610 ,SM15578 ,
SM15578 ,SM15543 ,
SM15543 ,SM15444 ,
SM15543 ,SM15508 ,
SM15508 ,SM15444 ,
SM15444 ,SM15502 ,
SM15444 ,SM15378 ,
SM15466 ,SM15419 ,
SM15548 ,SM15457 ,
SM15548 ,SM15499 ,
SM15590 ,SM15499 ,
SM15590 ,SM15683 ,
SM15683 ,SM15783 ,
SM15783 ,SM15867 ,
SM15867 ,SM15941 ,
SM15941 ,SM16001 ,
SM16001 ,SM16087 ,
SM16001 ,SM16089 ,
SM16089 ,SM16087 ,
SM16089 ,SM16161 ,
SM16661 ,SM16707 ,
SM16707 ,SM16754 ,
SM17116 ,SM17176 ,
SM17176 ,SM17246 ,
SM17246 ,SM17299 ,
SM17299 ,SM17351 ,
SM17351 ,SM17400 ,
SM17351 ,SM17366 ,
SM17366 ,SM17397 ,
SM17447 ,SM17428 ,
SM17467 ,SM17449 ,
SM17467 ,SM17457 ,
SM17457 ,SM17439 ,
SM17242 ,SM17207 ,
SM16590 ,SM16531 ,
SM16590 ,SM16541 ,
SM16609 ,SM16541 ,
SM16609 ,SM16677 ,
SM16677 ,SM16753 ,
SM16753 ,SM16814 ,
SM16753 ,SM16787 ,
SM16787 ,SM16848 ,
SM17319 ,SM17292 ,
SM17292 ,SM17271 ,
SM17346 ,SM17297 ,
SM16960 ,SM16961 ,
SM16960 ,SM16958 ,
SM16958 ,SM16905 ,
SM16958 ,SM16956 ,
SM16956 ,SM16955 ,
SM17175 ,SM17144 ,
SM16962 ,SM16959 ,
SM16962 ,SM16965 ,
SM16965 ,SM16967 ,
SM16967 ,SM16969 ,
SM17196 ,SM17157 ,
SM17196 ,SM17236 ,
SM17259 ,SM17236 ,
SM17273 ,SM17240 ,
SM17203 ,SM17165 ,
SM17203 ,SM17235 ,
SM17235 ,SM17266 ,
SM17266 ,SM17295 ,
SM17295 ,SM17325 ,
SM17325 ,SM17348 ,
SM17348 ,SM17368 ,
SM17368 ,SM17369 ,
SM17368 ,SM17398 ,
SM17580 ,SM17568 ,
SM17580 ,SM17595 ,
SM17595 ,SM17612 ,
SM17612 ,SM17630 ,
SM17612 ,SM17634 ,
SM17634 ,SM17672 ,
SM17672 ,SM17630 ,
SM17626 ,SM17630 ,
SM17626 ,SM17622 ,
SM17549 ,SM17561 ,
SM17549 ,SM17536 ,
SM17536 ,SM17528 ,
SM17528 ,SM17516 ,
SM17550 ,SM17533 ,
SM17550 ,SM17566 ,
SM17469 ,SM17459 ,
SM17425 ,SM17417 ,
SM17425 ,SM17437 ,
SM17437 ,SM17444 ,
SM17460 ,SM17444 ,
SM17374 ,SM17352 ,
SM17374 ,SM17399 ,
SM17399 ,SM17411 ,
SM17201 ,SM17170 ,
SM17201 ,SM17226 ,
SM17226 ,SM17257 ,
SM17456 ,SM17468 ,
SM17468 ,SM17481 ,
SM17481 ,SM17491 ,
SM17506 ,SM17491 ,
SM17506 ,SM17523 ,
SM17523 ,SM17543 ,
SM17543 ,SM17559 ,
SM17559 ,SM17575 ,
SM17575 ,SM17591 ,
SM17601 ,SM17617 ,
SM17691 ,SM17661 ,
SM17707 ,SM17695 ,
SM17707 ,SM17719 ,
SM17719 ,SM17740 ,
SM17740 ,SM17752 ,
SM17667 ,SM17656 ,
SM17667 ,SM17676 ,
SM17699 ,SM17689 ,
SM17699 ,SM17712 ,
SM17720 ,SM17712 ,
SM17720 ,SM17738 ,
SM17806 ,SM17791 ,
SM17806 ,SM17819 ,
SM17819 ,SM17834 ,
SM17834 ,SM17850 ,
SM17850 ,SM17866 ,
SM17866 ,SM17879 ,
SM17879 ,SM17901 ,
SM17901 ,SM17921 ,
SM17921 ,SM17930 ,
SM17930 ,SM17939 ,
SM18087 ,SM18096 ,
SM18096 ,SM18107 ,
SM18116 ,SM18107 ,
SM18116 ,SM18128 ,
SM18197 ,SM18206 ,
SM18156 ,SM18164 ,
SM18123 ,SM18133 ,
SM18133 ,SM18141 ,
SM18131 ,SM18142 ,
SM18191 ,SM18180 ,
SM18211 ,SM18200 ,
SM18211 ,SM18221 ,
SM18271 ,SM18286 ,
SM18286 ,SM18299 ,
SM18299 ,SM18313 ,
SM18313 ,SM18302 ,
SM18372 ,SM18386 ,
SM18429 ,SM18438 ,
SM18438 ,SM18446 ,
SM18473 ,SM18497 ,
SM18570 ,SM18594 ,
SM18723 ,SM18710 ,
SM18723 ,SM18727 ,
SM18723 ,SM18735 ,
SM18735 ,SM18740 ,
SM18754 ,SM18740 ,
SM18754 ,SM18767 ,
SM18727 ,SM18740 ,
SM18727 ,SM18710 ,
SM18692 ,SM18702 ,
SM18692 ,SM18681 ,
SM18703 ,SM18688 ,
SM18707 ,SM18697 ,
SM18697 ,SM18687 ,
SM18744 ,SM18758 ,
SM18758 ,SM18772 ,
SM18857 ,SM18874 ,
SM18874 ,SM18890 ,
SM18890 ,SM18905 ,
SM18819 ,SM18802 ,
SM18819 ,SM18834 ,
SM18834 ,SM18851 ,
SM18851 ,SM18866 ,
SM18866 ,SM18883 ,
SM18883 ,SM18898 ,
SM18973 ,SM18987 ,
SM19029 ,SM19046 ,
SM19084 ,SM19072 ,
SM19100 ,SM19088 ,
SM19041 ,SM19027 ,
SM18999 ,SM18985 ,
SM18923 ,SM18911 ,
SM18923 ,SM18938 ,
SM18938 ,SM18952 ,
SM18952 ,SM18967 ,
SM18967 ,SM18980 ,
SM19066 ,SM19086 ,
SM19141 ,SM19158 ,
SM19141 ,SM19155 ,
SM19141 ,SM19138 ,
SM19138 ,SM19155 ,
SM19176 ,SM19182 ,
SM19259 ,SM19245 ,
SM19259 ,SM19279 ,
SM19279 ,SM19309 ,
SM19309 ,SM19329 ,
SM19329 ,SM19348 ,
SM19412 ,SM19425 ,
SM19425 ,SM19441 ,
SM19441 ,SM19457 ,
SM19457 ,SM19474 ,
SM19474 ,SM19491 ,
SM19581 ,SM19565 ,
SM19581 ,SM19597 ,
SM19597 ,SM19613 ,
SM19588 ,SM19572 ,
SM19588 ,SM19607 ,
SM19607 ,SM19627 ,
SM19627 ,SM19648 ,
SM19648 ,SM19665 ,
SM19665 ,SM19684 ,
SM19704 ,SM19717 ,
SM19771 ,SM19764 ,
SM19792 ,SM19779 ,
SM19792 ,SM19788 ,
SM19792 ,SM19807 ,
SM19807 ,SM19803 ,
SM19807 ,SM19817 ,
SM19817 ,SM19812 ,
SM19817 ,SM19821 ,
SM19826 ,SM19821 ,
SM19826 ,SM19835 ,
SM19810 ,SM19816 ,
SM19843 ,SM19835 ,
SM19821 ,SM19812 ,
SM19812 ,SM19803 ,
SM19806 ,SM19785 ,
SM19785 ,SM19768 ,
SM19768 ,SM19752 ,
SM19636 ,SM19649 ,
SM19649 ,SM19658 ,
SM19658 ,SM19668 ,
SM19668 ,SM19680 ,
SM19680 ,SM19692 ,
SM19692 ,SM19700 ,
SM19684 ,SM19703 ,
SM19717 ,SM19733 ,
SM19764 ,SM19757 ,
SM19779 ,SM19763 ,
SM19779 ,SM19772 ,
SM19772 ,SM19756 ,
SM19700 ,SM19710 ,
SM19703 ,SM19710 ,
SM19703 ,SM19722 ,
SM19727 ,SM19722 ,
SM19727 ,SM19739 ,
SM19727 ,SM19737 ,
SM19733 ,SM19746 ,
SM19757 ,SM19746 ,
SM19763 ,SM19746 ,
SM19756 ,SM19739 ,
SM19710 ,SM19722 ,
SM19722 ,SM19739 ,
SM19737 ,SM19746 ,
SM19772 ,SM19803 ,
SM19772 ,SM19788 ,
SM19788 ,SM19803 ,
SM19636 ,SM19625 ,
SM19456 ,SM19470 ,
SM19456 ,SM19445 ,
SM19445 ,SM19435 ,
SM19435 ,SM19424 ,
SM19424 ,SM19414 ,
SM19583 ,SM19573 ,
SM19647 ,SM19630 ,
SM19679 ,SM19661 ,
SM19654 ,SM19638 ,
SM19453 ,SM19437 ,
SM19381 ,SM19378 ,
SM19144 ,SM19139 ,
SM19144 ,SM19150 ,
SM19150 ,SM19157 ,
SM19157 ,SM19162 ,
SM19162 ,SM19169 ,
SM19169 ,SM19178 ,
SM19178 ,SM19188 ,
SM19417 ,SM19423 ,
SM19196 ,SM19188 ,
SM18950 ,SM18943 ,
SM18950 ,SM18955 ,
SM18757 ,SM18753 ,
SM18568 ,SM18564 ,
SM18568 ,SM18572 ,
SM18572 ,SM18578 ,
SM18578 ,SM18580 ,
SM18580 ,SM18583 ,
SM18583 ,SM18588 ,
SM18588 ,SM18591 ,
SM18591 ,SM18595 ,
SM18595 ,SM18600 ,
SM18799 ,SM18804 ,
SM18804 ,SM18810 ,
SM18810 ,SM18816 ,
SM18816 ,SM18822 ,
SM19010 ,SM19020 ,
SM19151 ,SM19130 ,
SM19108 ,SM19098 ,
SM19108 ,SM19117 ,
SM19117 ,SM19125 ,
SM18931 ,SM18922 ,
SM18922 ,SM18916 ,
SM18916 ,SM18909 ,
SM18909 ,SM18899 ,
SM18899 ,SM18893 ,
SM18893 ,SM18887 ,
SM18887 ,SM18878 ,
SM18748 ,SM18764 ,
SM18764 ,SM18780 ,
SM18822 ,SM18828 ,
SM18948 ,SM18932 ,
SM18932 ,SM18920 ,
SM18878 ,SM18873 ,
SM18780 ,SM18796 ,
SM18828 ,SM18835 ,
SM18920 ,SM18904 ,
SM18873 ,SM18863 ,
SM18796 ,SM18813 ,
SM18835 ,SM18842 ,
SM18904 ,SM18889 ,
SM18863 ,SM18859 ,
SM18813 ,SM18832 ,
SM18842 ,SM18846 ,
SM18889 ,SM18871 ,
SM18859 ,SM18856 ,
SM18832 ,SM18853 ,
SM18832 ,SM18846 ,
SM18846 ,SM18853 ,
SM18871 ,SM18853 ,
SM18856 ,SM18853 ,
SM18948 ,SM18965 ,
SM19020 ,SM19021 ,
SM19130 ,SM19113 ,
SM19090 ,SM19082 ,
SM18965 ,SM18979 ,
SM19021 ,SM19026 ,
SM19113 ,SM19095 ,
SM19082 ,SM19077 ,
SM18979 ,SM18995 ,
SM19026 ,SM19031 ,
SM19095 ,SM19078 ,
SM19077 ,SM19071 ,
SM18995 ,SM19009 ,
SM19031 ,SM19035 ,
SM19078 ,SM19060 ,
SM19064 ,SM19054 ,
SM19064 ,SM19071 ,
SM19009 ,SM19024 ,
SM19035 ,SM19040 ,
SM19060 ,SM19054 ,
SM19054 ,SM19040 ,
SM19024 ,SM19040 ,
SM19090 ,SM19098 ,
SM18748 ,SM18730 ,
SM18730 ,SM18712 ,
SM18712 ,SM18695 ,
SM18695 ,SM18678 ,
SM18656 ,SM18652 ,
SM18652 ,SM18649 ,
SM18649 ,SM18644 ,
SM18644 ,SM18641 ,
SM18641 ,SM18661 ,
SM18641 ,SM18636 ,
SM18636 ,SM18633 ,
SM18633 ,SM18628 ,
SM18678 ,SM18661 ,
SM18628 ,SM18622 ,
SM18622 ,SM18618 ,
SM18419 ,SM18414 ,
SM18414 ,SM18410 ,
SM18410 ,SM18404 ,
SM18404 ,SM18399 ,
SM18399 ,SM18395 ,
SM18395 ,SM18388 ,
SM18600 ,SM18604 ,
SM18604 ,SM18607 ,
SM18607 ,SM18612 ,
SM18612 ,SM18618 ,
SM18388 ,SM18385 ,
SM18385 ,SM18380 ,
SM18380 ,SM18375 ,
SM18375 ,SM18368 ,
SM18368 ,SM18364 ,
SM18364 ,SM18360 ,
SM18360 ,SM18355 ,
SM18355 ,SM18352 ,
SM18352 ,SM18344 ,
SM18344 ,SM18336 ,
SM18336 ,SM18323 ,
SM18323 ,SM18315 ,
SM18145 ,SM18162 ,
SM18145 ,SM18127 ,
SM18127 ,SM18110 ,
SM18050 ,SM18029 ,
SM18029 ,SM18011 ,
SM17260 ,SM17195 ,
SM17117 ,SM17049 ,
SM17117 ,SM17070 ,
SM17070 ,SM16975 ,
SM17070 ,SM17015 ,
SM17015 ,SM16895 ,
SM17015 ,SM16916 ,
SM16916 ,SM16843 ,
SM16916 ,SM16861 ,
SM16861 ,SM16792 ,
SM16861 ,SM16804 ,
SM16877 ,SM16804 ,
SM16877 ,SM16806 ,
SM16877 ,SM16945 ,
SM16945 ,SM16876 ,
SM16938 ,SM16876 ,
SM16938 ,SM16990 ,
SM16990 ,SM16909 ,
SM16868 ,SM16909 ,
SM16868 ,SM16829 ,
SM16829 ,SM16790 ,
SM16790 ,SM16749 ,
SM16749 ,SM16662 ,
SM16662 ,SM16599 ,
SM16674 ,SM16610 ,
SM16610 ,SM16552 ,
SM16510 ,SM16522 ,
SM16510 ,SM16486 ,
SM16482 ,SM16486 ,
SM16482 ,SM16483 ,
SM16519 ,SM16494 ,
SM16159 ,SM16154 ,
SM16159 ,SM16163 ,
SM16163 ,SM16164 ,
SM16302 ,SM16166 ,
SM16172 ,SM16166 ,
SM16107 ,SM16166 ,
SM16107 ,SM16029 ,
SM16029 ,SM16023 ,
SM15670 ,SM15751 ,
SM15670 ,SM15713 ,
SM15670 ,SM15645 ,
SM15751 ,SM15827 ,
SM15968 ,SM15918 ,
SM15968 ,SM16084 ,
SM15968 ,SM16045 ,
SM16045 ,SM16105 ,
SM16112 ,SM16099 ,
SM16112 ,SM16124 ,
SM16124 ,SM16136 ,
SM16483 ,SM16494 ,
SM16154 ,SM16147 ,
SM16014 ,SM16006 ,
SM16014 ,SM16019 ,
SM16019 ,SM16023 ,
SM15827 ,SM15884 ,
SM15827 ,SM15918 ,
SM15918 ,SM15884 ,
SM16084 ,SM16099 ,
SM15960 ,SM15937 ,
SM15960 ,SM15977 ,
SM15977 ,SM15994 ,
SM16136 ,SM16147 ,
SM16006 ,SM15994 ,
SM15908 ,SM15937 ,
SM15908 ,SM15884 ,
SM16164 ,SM16166 ,
SM16105 ,SM16156 ,
SM15897 ,SM15943 ,
SM15897 ,SM15814 ,
SM15814 ,SM15865 ,
SM15865 ,SM15943 ,
SM15865 ,SM15909 ,
SM15909 ,SM15996 ,
SM15996 ,SM15943 ,
SM15996 ,SM16075 ,
SM16075 ,SM16120 ,
SM15999 ,SM16073 ,
SM16026 ,SM16113 ,
SM16026 ,SM16082 ,
SM16082 ,SM16148 ,
SM16082 ,SM15980 ,
SM15980 ,SM15911 ,
SM15911 ,SM15831 ,
SM15831 ,SM15749 ,
SM15749 ,SM15660 ,
SM15660 ,SM15567 ,
SM15567 ,SM15479 ,
SM15439 ,SM15479 ,
SM15439 ,SM15361 ,
SM15177 ,SM15094 ,
SM14817 ,SM14725 ,
SM12171 ,SM12136 ,
SM11653 ,SM11590 ,
SM11653 ,SM11527 ,
SM11527 ,SM11442 ,
SM11527 ,SM11295 ,
SM11601 ,SM11355 ,
SM11355 ,SM11295 ,
SM11141 ,SM11295 ,
SM11141 ,SM11084 ,
SM9750  ,SM9599  ,
SM9599  ,SM9475  ,
SM9475  ,SM9351  ,
SM9351  ,SM9265  ,
SM8387  ,SM8237  ,
SM8207  ,SM8001  ,
SM7877  ,SM7793  ,
SM7877  ,SM7878  ,
SM8033  ,SM7881  ,
SM7996  ,SM7788  ,
SM7788  ,SM7570  ,
SM7570  ,SM7365  ,
SM7398  ,SM7365  ,
SM7144  ,SM7156  ,
SM7144  ,SM7049  ,
SM7144  ,SM7132  ,
SM7132  ,SM7036  ,
SM7132  ,SM7122  ,
SM7111  ,SM7114  ,
SM7111  ,SM7013  ,
SM7111  ,SM7109  ,
SM7109  ,SM7005  ,
SM7005  ,SM7013  ,
SM6773  ,SM6783  ,
SM6608  ,SM6783  ,
SM6608  ,SM6438  ,
SM6399  ,SM6585  ,
SM6399  ,SM6484  ,
SM6399  ,SM6343  ,
SM6399  ,SM6221  ,
SM6221  ,SM6343  ,
SM6221  ,SM6181  ,
SM6221  ,SM6037  ,
SM6037  ,SM6019  ,
SM5837  ,SM5849  ,
SM5837  ,SM5701  ,
SM5837  ,SM5826  ,
SM5988  ,SM5819  ,
SM5988  ,SM5973  ,
SM5973  ,SM5810  ,
SM5632  ,SM5639  ,
SM5632  ,SM5481  ,
SM5632  ,SM5507  ,
SM5534  ,SM5507  ,
SM5534  ,SM5564  ,
SM5751  ,SM5594  ,
SM5611  ,SM5594  ,
SM5611  ,SM5635  ,
SM5468  ,SM5434  ,
SM5468  ,SM5483  ,
SM5011  ,SM4983  ,
SM5011  ,SM4807  ,
SM5011  ,SM5041  ,
SM5041  ,SM4837  ,
SM5041  ,SM5068  ,
SM5068  ,SM4856  ,
SM5068  ,SM5069  ,
SM5068  ,SM5229  ,
SM5382  ,SM5229  ,
SM5150  ,SM5125  ,
SM5150  ,SM4955  ,
SM4975  ,SM4955  ,
SM4975  ,SM5007  ,
SM5007  ,SM5048  ,
SM5007  ,SM5203  ,
SM5203  ,SM5235  ,
SM5841  ,SM5762  ,
SM5652  ,SM5615  ,
SM5652  ,SM5676  ,
SM5431  ,SM5381  ,
SM5431  ,SM5205  ,
SM5205  ,SM5186  ,
SM5186  ,SM5381  ,
SM5186  ,SM5152  ,
SM4731  ,SM4801  ,
SM4731  ,SM4660  ,
SM4660  ,SM4576  ,
SM4576  ,SM4508  ,
SM4507  ,SM4508  ,
SM4432  ,SM4462  ,
SM4417  ,SM4462  ,
SM4508  ,SM4462  ,
SM4417  ,SM4382  ,
SM4876  ,SM4849  ,
SM4876  ,SM4902  ,
SM4902  ,SM4908  ,
SM4908  ,SM4896  ,
SM4896  ,SM4864  ,
SM4864  ,SM5076  ,
SM4864  ,SM4841  ,
SM4841  ,SM4814  ,
SM4186  ,SM4163  ,
SM3977  ,SM3932  ,
SM3977  ,SM3910  ,
SM3910  ,SM3932  ,
SM3794  ,SM3800  ,
SM3800  ,SM3798  ,
SM3667  ,SM3731  ,
SM3704  ,SM3732  ,
SM2816  ,SM2930  ,
SM2930  ,SM3001  ,
SM3001  ,SM3065  ,
SM3065  ,SM3126  ,
SM2478  ,SM2500  ,
SM2500  ,SM2524  ,
SM1975  ,SM1993  ,
SM1993  ,SM2008  ,
SM2008  ,SM2038  ,
SM2038  ,SM2048  ,
SM2048  ,SM2066  ,
SM1878  ,SM1927  ,
SM1878  ,SM1832  ,
SM1832  ,SM1778  ,
SM1599  ,SM1620  ,
SM1500  ,SM1547  ,
SM1709  ,SM1690  ,
SM1690  ,SM1676  ,
SM1778  ,SM1717  ,
SM1620  ,SM1640  ,
SM1547  ,SM1594  ,
SM1676  ,SM1657  ,
SM1717  ,SM1657  ,
SM1640  ,SM1657  ,
SM1594  ,SM1657  ,
SM1709  ,SM1733  ,
SM1733  ,SM1747  ,
SM1338  ,SM1349  ,
SM1338  ,SM1331  ,
SM1331  ,SM1320  ,
SM1320  ,SM1312  ,
SM1384  ,SM1340  ,
SM1293  ,SM1340  ,
SM1293  ,SM1300  ,
SM692   ,SM738   ,
SM664   ,SM712   ,
SM712   ,SM750   ,
SM712   ,SM695   ,
SM695   ,SM728   ,
SM680   ,SM707   ,
SM680   ,SM650   ,
SM650   ,SM629   ,
SM629   ,SM607   ,
SM684   ,SM714   ,
SM699   ,SM690   ,
SM699   ,SM652   ,
SM838   ,SM845   ,
SM939   ,SM920   ,
SM939   ,SM967   ,
SM967   ,SM983   ,
SM983   ,SM1013  ,
SM815   ,SM829   ,
SM815   ,SM799   ,
SM709   ,SM735   ,
SM743   ,SM751   ,
SM743   ,SM733   ,
SM733   ,SM723   ,
SM580   ,SM594   ,
SM580   ,SM568   ,
SM580   ,SM572   ,
SM644   ,SM619   ,
SM619   ,SM600   ,
SM600   ,SM585   ,
SM545   ,SM559   ,
SM545   ,SM529   ,
SM529   ,SM559   ,
SM516   ,SM549   ,
SM623   ,SM606   ,
SM623   ,SM641   ,
SM641   ,SM666   ,
SM617   ,SM631   ,
SM631   ,SM646   ,
SM774   ,SM755   ,
SM774   ,SM794   ,
SM754   ,SM788   ,
SM847   ,SM856   ,
SM1194  ,SM1216  ,
SM1602  ,SM1624  ,
SM1822  ,SM1841  ,
SM1995  ,SM2049  ,
SM1995  ,SM2033  ,
SM2033  ,SM2049  ,
SM2033  ,SM2001  ,
SM1970  ,SM2141  ,
SM2141  ,SM2166  ,
SM2141  ,SM2278  ,
SM2141  ,SM2114  ,
SM2114  ,SM2255  ,
SM2114  ,SM2086  ,
SM2086  ,SM2218  ,
SM2218  ,SM2255  ,
SM2218  ,SM2293  ,
SM2191  ,SM2256  ,
SM2391  ,SM2401  ,
SM2391  ,SM2375  ,
SM2375  ,SM2355  ,
SM2355  ,SM2340  ,
SM2542  ,SM2537  ,
SM2542  ,SM2548  ,
SM2548  ,SM2573  ,
SM2573  ,SM2600  ,
SM2395  ,SM2481  ,
SM2481  ,SM2583  ,
SM2583  ,SM2734  ,
SM2640  ,SM2696  ,
SM2640  ,SM2691  ,
SM2640  ,SM2578  ,
SM2578  ,SM2511  ,
SM2511  ,SM2452  ,
SM2452  ,SM2392  ,
SM2392  ,SM2335  ,
SM2625  ,SM2695  ,
SM2789  ,SM2765  ,
SM2832  ,SM2765  ,
SM2832  ,SM2911  ,
SM2911  ,SM2964  ,
SM2964  ,SM3015  ,
SM2695  ,SM2765  ,
SM2819  ,SM2759  ,
SM3103  ,SM3145  ,
SM3198  ,SM3259  ,
SM3480  ,SM3461  ,
SM3679  ,SM3619  ,
SM3679  ,SM3755  ,
SM3755  ,SM3826  ,
SM3987  ,SM3957  ,
SM3987  ,SM4025  ,
SM4025  ,SM4052  ,
SM4172  ,SM4120  ,
SM4172  ,SM4249  ,
SM4249  ,SM4323  ,
SM4323  ,SM4378  ,
SM4669  ,SM4745  ,
SM4669  ,SM4606  ,
SM4606  ,SM4549  ,
SM4549  ,SM4484  ,
SM4484  ,SM4429  ,
SM4386  ,SM4427  ,
SM4315  ,SM4427  ,
SM4315  ,SM4354  ,
SM4294  ,SM4354  ,
SM4264  ,SM4366  ,
SM4264  ,SM4152  ,
SM4531  ,SM4482  ,
SM4531  ,SM4659  ,
SM4531  ,SM4569  ,
SM4569  ,SM4699  ,
SM4569  ,SM4624  ,
SM4624  ,SM4753  ,
SM4624  ,SM4663  ,
SM4663  ,SM4715  ,
SM4663  ,SM4707  ,
SM4707  ,SM4850  ,
SM4707  ,SM4762  ,
SM4762  ,SM4909  ,
SM4762  ,SM4786  ,
SM4786  ,SM4828  ,
SM4828  ,SM4959  ,
SM4959  ,SM4909  ,
SM4959  ,SM5012  ,
SM5071  ,SM5135  ,
SM5135  ,SM5202  ,
SM5202  ,SM5275  ,
SM5275  ,SM5354  ,
SM5171  ,SM5219  ,
SM5714  ,SM5795  ,
SM6097  ,SM6163  ,
SM6446  ,SM6401  ,
SM6446  ,SM6485  ,
SM6485  ,SM6549  ,
SM6549  ,SM6606  ,
SM5770  ,SM5814  ,
SM5814  ,SM5867  ,
SM5814  ,SM5690  ,
SM5690  ,SM5741  ,
SM5113  ,SM5056  ,
SM5056  ,SM4982  ,
SM4982  ,SM4922  ,
SM5319  ,SM5397  ,
SM5769  ,SM5829  ,
SM5736  ,SM5790  ,
SM5790  ,SM5833  ,
SM5833  ,SM5898  ,
SM6180  ,SM6138  ,
SM6180  ,SM6300  ,
SM6180  ,SM6231  ,
SM6231  ,SM6351  ,
SM6231  ,SM6279  ,
SM5992  ,SM6033  ,
SM5951  ,SM6002  ,
SM6327  ,SM6287  ,
SM6327  ,SM6368  ,
SM6368  ,SM6425  ,
SM6368  ,SM6409  ,
SM6199  ,SM6276  ,
SM5780  ,SM5854  ,
SM6145  ,SM6130  ,
SM6435  ,SM6364  ,
SM6364  ,SM6272  ,
SM6272  ,SM6182  ,
SM6182  ,SM6092  ,
SM6092  ,SM6110  ,
SM6092  ,SM6014  ,
SM6014  ,SM5956  ,
SM5956  ,SM5854  ,
SM6130  ,SM6110  ,
SM6435  ,SM6523  ,
SM6898  ,SM6825  ,
SM6898  ,SM7104  ,
SM6898  ,SM6947  ,
SM6947  ,SM7169  ,
SM6947  ,SM7017  ,
SM7017  ,SM7223  ,
SM7017  ,SM7078  ,
SM7078  ,SM7288  ,
SM7078  ,SM7116  ,
SM7116  ,SM7212  ,
SM7116  ,SM7160  ,
SM7160  ,SM7217  ,
SM6267  ,SM6284  ,
SM5561  ,SM5575  ,
SM4817  ,SM4835  ,
SM4591  ,SM4678  ,
SM4717  ,SM4734  ,
SM5362  ,SM5347  ,
SM6096  ,SM6078  ,
SM6096  ,SM6114  ,
SM6114  ,SM6131  ,
SM6131  ,SM6149  ,
SM6149  ,SM6157  ,
SM6157  ,SM6176  ,
SM6176  ,SM6193  ,
SM6193  ,SM6205  ,
SM6205  ,SM6223  ,
SM6223  ,SM6240  ,
SM6240  ,SM6254  ,
SM6254  ,SM6270  ,
SM6270  ,SM6288  ,
SM6288  ,SM6302  ,
SM5996  ,SM6075  ,
SM5996  ,SM5927  ,
SM5592  ,SM5610  ,
SM5062  ,SM5103  ,
SM5103  ,SM5148  ,
SM5148  ,SM5195  ,
SM5195  ,SM5261  ,
SM5195  ,SM5244  ,
SM5244  ,SM5287  ,
SM5287  ,SM5342  ,
SM5342  ,SM5392  ,
SM5392  ,SM5457  ,
SM5450  ,SM5514  ,
SM5450  ,SM5565  ,
SM5619  ,SM5565  ,
SM5619  ,SM5664  ,
SM5664  ,SM5711  ,
SM5723  ,SM5757  ,
SM5723  ,SM5695  ,
SM5695  ,SM5722  ,
SM5722  ,SM5758  ,
SM5797  ,SM5823  ,
SM5797  ,SM6286  ,
SM3801  ,SM4031  ,
SM3801  ,SM3780  ,
SM3482  ,SM3522  ,
SM3482  ,SM3438  ,
SM3438  ,SM3400  ,
SM3400  ,SM3364  ,
SM3364  ,SM3327  ,
SM3327  ,SM3286  ,
SM3286  ,SM3253  ,
SM3253  ,SM3208  ,
SM3166  ,SM3208  ,
SM3166  ,SM3123  ,
SM3096  ,SM3123  ,
SM3096  ,SM3073  ,
SM3101  ,SM3152  ,
SM3101  ,SM3053  ,
SM3053  ,SM3005  ,
SM3005  ,SM3000  ,
SM3005  ,SM2936  ,
SM2936  ,SM2846  ,
SM2846  ,SM2779  ,
SM2990  ,SM2994  ,
SM3196  ,SM3152  ,
SM2994  ,SM3000  ,
SM3196  ,SM3257  ,
SM3257  ,SM3311  ,
SM3311  ,SM3360  ,
SM2972  ,SM2966  ,
SM2966  ,SM2962  ,
SM2962  ,SM2957  ,
SM2557  ,SM2631  ,
SM2631  ,SM2703  ,
SM2913  ,SM2920  ,
SM2913  ,SM2905  ,
SM2905  ,SM2894  ,
SM2894  ,SM2885  ,
SM2885  ,SM2879  ,
SM2879  ,SM2874  ,
SM2874  ,SM2864  ,
SM2221  ,SM2215  ,
SM2215  ,SM2209  ,
SM2209  ,SM2202  ,
SM2202  ,SM2196  ,
SM1934  ,SM1998  ,
SM2162  ,SM2165  ,
SM2162  ,SM2158  ,
SM2158  ,SM2153  ,
SM2786  ,SM2790  ,
SM2786  ,SM2775  ,
SM2775  ,SM2770  ,
SM2770  ,SM2764  ,
SM2764  ,SM2758  ,
SM2758  ,SM2751  ,
SM2130  ,SM2121  ,
SM1598  ,SM1593  ,
SM1310  ,SM1272  ,
SM1201  ,SM1192  ,
SM1102  ,SM1151  ,
SM1178  ,SM1180  ,
SM1272  ,SM1233  ,
SM1192  ,SM1233  ,
SM1192  ,SM1186  ,
SM1151  ,SM1186  ,
SM1151  ,SM1180  ,
SM1180  ,SM1186  ,
SM1233  ,SM1186  ,
SM2116  ,SM2121  ,
SM2741  ,SM2747  ,
SM3337  ,SM3341  ,
SM3337  ,SM3332  ,
SM3332  ,SM3328  ,
SM3328  ,SM3325  ,
SM3325  ,SM3320  ,
SM3320  ,SM3314  ,
SM3314  ,SM3306  ,
SM2701  ,SM2694  ,
SM2694  ,SM2685  ,
SM2685  ,SM2681  ,
SM2681  ,SM2673  ,
SM2673  ,SM2670  ,
SM2670  ,SM2663  ,
SM2663  ,SM2658  ,
SM2352  ,SM2419  ,
SM2615  ,SM2618  ,
SM2946  ,SM2860  ,
SM2658  ,SM2655  ,
SM2419  ,SM2487  ,
SM2618  ,SM2628  ,
SM2860  ,SM2788  ,
SM2655  ,SM2649  ,
SM2487  ,SM2569  ,
SM2628  ,SM2634  ,
SM2788  ,SM2711  ,
SM2649  ,SM2643  ,
SM2569  ,SM2643  ,
SM2634  ,SM2643  ,
SM2711  ,SM2643  ,
SM2946  ,SM3013  ,
SM3013  ,SM3074  ,
SM3234  ,SM3238  ,
SM3234  ,SM3227  ,
SM3227  ,SM3218  ,
SM3218  ,SM3212  ,
SM3212  ,SM3206  ,
SM3206  ,SM3202  ,
SM3202  ,SM3195  ,
SM3195  ,SM3187  ,
SM2927  ,SM2998  ,
SM2927  ,SM2836  ,
SM2836  ,SM2769  ,
SM2570  ,SM2564  ,
SM2269  ,SM2341  ,
SM2269  ,SM2197  ,
SM2197  ,SM2144  ,
SM2144  ,SM2084  ,
SM1967  ,SM1964  ,
SM1816  ,SM1860  ,
SM1860  ,SM1902  ,
SM1902  ,SM1948  ,
SM1948  ,SM1956  ,
SM1956  ,SM1964  ,
SM2503  ,SM2512  ,
SM2503  ,SM2494  ,
SM2494  ,SM2490  ,
SM2023  ,SM2082  ,
SM2434  ,SM2436  ,
SM2434  ,SM2424  ,
SM3075  ,SM3079  ,
SM3075  ,SM3071  ,
SM3651  ,SM3655  ,
SM3651  ,SM3644  ,
SM3644  ,SM3638  ,
SM3638  ,SM3634  ,
SM3057  ,SM3050  ,
SM2397  ,SM2394  ,
SM2394  ,SM2386  ,
SM2359  ,SM2364  ,
SM2359  ,SM2353  ,
SM3009  ,SM3012  ,
SM3009  ,SM3002  ,
SM3002  ,SM2997  ,
SM2997  ,SM2992  ,
SM3556  ,SM3559  ,
SM4142  ,SM4148  ,
SM4859  ,SM4869  ,
SM5233  ,SM5247  ,
SM5256  ,SM5345  ,
SM5540  ,SM5600  ,
SM5540  ,SM5605  ,
SM5525  ,SM5605  ,
SM5605  ,SM5663  ,
SM5801  ,SM5862  ,
SM5862  ,SM5950  ,
SM5950  ,SM5993  ,
SM6756  ,SM6780  ,
SM7059  ,SM7308  ,
SM7502  ,SM7509  ,
SM7690  ,SM7704  ,
SM7704  ,SM7724  ,
SM7905  ,SM7724  ,
SM7905  ,SM7930  ,
SM7905  ,SM8078  ,
SM8078  ,SM8137  ,
SM8137  ,SM7930  ,
SM8196  ,SM8020  ,
SM8196  ,SM8172  ,
SM8390  ,SM8410  ,
SM8630  ,SM8521  ,
SM8644  ,SM8556  ,
SM8644  ,SM8587  ,
SM8644  ,SM8551  ,
SM9203  ,SM9026  ,
SM9374  ,SM9381  ,
SM9514  ,SM9670  ,
SM10241 ,SM10250 ,
SM10250 ,SM10264 ,
SM10264 ,SM10281 ,
SM10281 ,SM10299 ,
SM10522 ,SM10539 ,
SM10790 ,SM10539 ,
SM10574 ,SM10559 ,
SM10574 ,SM10338 ,
SM10574 ,SM10588 ,
SM10588 ,SM10350 ,
SM10350 ,SM10338 ,
SM9416  ,SM9411  ,
SM9416  ,SM9425  ,
SM9425  ,SM9435  ,
SM9435  ,SM9443  ,
SM9443  ,SM9457  ,
SM9457  ,SM9472  ,
SM9472  ,SM9482  ,
SM9989  ,SM9873  ,
SM9989  ,SM10110 ,
SM10420 ,SM10437 ,
SM10634 ,SM10437 ,
SM10909 ,SM10776 ,
SM10776 ,SM10650 ,
SM10650 ,SM10531 ,
SM10159 ,SM10146 ,
SM10159 ,SM10175 ,
SM10329 ,SM10175 ,
SM10175 ,SM9997  ,
SM10493 ,SM10497 ,
SM10493 ,SM10688 ,
SM10688 ,SM10691 ,
SM10688 ,SM10933 ,
SM10933 ,SM10691 ,
SM11080 ,SM10964 ,
SM11080 ,SM11179 ,
SM10750 ,SM10736 ,
SM10750 ,SM10564 ,
SM10564 ,SM10551 ,
SM10564 ,SM10572 ,
SM10572 ,SM10580 ,
SM10806 ,SM10831 ,
SM11837 ,SM11851 ,
SM12748 ,SM12659 ,
SM12748 ,SM12843 ,
SM12843 ,SM12948 ,
SM12948 ,SM13039 ,
SM13039 ,SM13133 ,
SM13582 ,SM13588 ,
SM13582 ,SM13661 ,
SM13661 ,SM13588 ,
SM13918 ,SM13848 ,
SM14349 ,SM14355 ,
SM14349 ,SM14457 ,
SM14349 ,SM14341 ,
SM14457 ,SM14557 ,
SM14570 ,SM14465 ,
SM14570 ,SM14580 ,
SM14580 ,SM14472 ,
SM14472 ,SM14465 ,
SM14472 ,SM14373 ,
SM14382 ,SM14373 ,
SM13458 ,SM13537 ,
SM13458 ,SM13389 ,
SM13389 ,SM13303 ,
SM13303 ,SM13215 ,
SM12046 ,SM12039 ,
SM11030 ,SM11012 ,
SM11030 ,SM10857 ,
SM11030 ,SM11053 ,
SM11053 ,SM10873 ,
SM11053 ,SM11066 ,
SM12079 ,SM12092 ,
SM12092 ,SM12100 ,
SM12100 ,SM12118 ,
SM12118 ,SM12126 ,
SM12126 ,SM12138 ,
SM13003 ,SM12897 ,
SM13004 ,SM12841 ,
SM12389 ,SM12385 ,
SM12389 ,SM12396 ,
SM13148 ,SM13056 ,
SM13241 ,SM13159 ,
SM13423 ,SM13434 ,
SM13434 ,SM13442 ,
SM13442 ,SM13448 ,
SM13448 ,SM13452 ,
SM13452 ,SM13460 ,
SM13460 ,SM13468 ,
SM13468 ,SM13473 ,
SM13473 ,SM13479 ,
SM13479 ,SM13377 ,
SM13479 ,SM13486 ,
SM13486 ,SM13494 ,
SM13494 ,SM13499 ,
SM13761 ,SM13681 ,
SM12793 ,SM12787 ,
SM11977 ,SM11970 ,
SM11977 ,SM11797 ,
SM11885 ,SM11818 ,
SM11998 ,SM11825 ,
SM11998 ,SM12016 ,
SM12825 ,SM12832 ,
SM13923 ,SM13849 ,
SM13716 ,SM13708 ,
SM12970 ,SM12960 ,
SM12149 ,SM12129 ,
SM12149 ,SM11897 ,
SM11897 ,SM11875 ,
SM11897 ,SM11918 ,
SM11918 ,SM11938 ,
SM11938 ,SM11957 ,
SM11957 ,SM11982 ,
SM12200 ,SM12214 ,
SM12637 ,SM12532 ,
SM12637 ,SM12735 ,
SM13021 ,SM13029 ,
SM13408 ,SM13338 ,
SM13408 ,SM13483 ,
SM13483 ,SM13562 ,
SM13771 ,SM13780 ,
SM13997 ,SM13935 ,
SM13935 ,SM13862 ,
SM13188 ,SM13184 ,
SM13184 ,SM13174 ,
SM13068 ,SM13174 ,
SM13068 ,SM13050 ,
SM12285 ,SM12273 ,
SM12285 ,SM12076 ,
SM12098 ,SM12076 ,
SM11437 ,SM11429 ,
SM11437 ,SM11175 ,
SM11175 ,SM11158 ,
SM10921 ,SM10869 ,
SM10921 ,SM10791 ,
SM10791 ,SM10661 ,
SM10661 ,SM10526 ,
SM10526 ,SM10408 ,
SM10408 ,SM10294 ,
SM10294 ,SM10184 ,
SM10184 ,SM10063 ,
SM10063 ,SM9946  ,
SM9946  ,SM9827  ,
SM9827  ,SM9701  ,
SM9908  ,SM8682  ,
SM9908  ,SM10082 ,
SM10082 ,SM10248 ,
SM10248 ,SM10412 ,
SM10412 ,SM10596 ,
SM10596 ,SM10783 ,
SM10965 ,SM11149 ,
SM11412 ,SM11371 ,
SM11371 ,SM11316 ,
SM11547 ,SM11621 ,
SM11621 ,SM11733 ,
SM12276 ,SM12290 ,
SM12276 ,SM12443 ,
SM12443 ,SM12455 ,
SM13304 ,SM13312 ,
SM13304 ,SM13298 ,
SM14437 ,SM14369 ,
SM14437 ,SM14498 ,
SM14346 ,SM14281 ,
SM14325 ,SM14267 ,
SM14005 ,SM13948 ,
SM12996 ,SM12875 ,
SM12996 ,SM12887 ,
SM13259 ,SM13144 ,
SM13259 ,SM13383 ,
SM13697 ,SM13631 ,
SM13697 ,SM13781 ,
SM13781 ,SM13851 ,
SM13851 ,SM13922 ,
SM13922 ,SM13983 ,
SM13983 ,SM14043 ,
SM14043 ,SM14097 ,
SM14097 ,SM14156 ,
SM14156 ,SM14223 ,
SM14223 ,SM14201 ,
SM14223 ,SM14299 ,
SM14299 ,SM14367 ,
SM14367 ,SM14434 ,
SM14434 ,SM14493 ,
SM14180 ,SM14201 ,
SM14180 ,SM14113 ,
SM14730 ,SM14722 ,
SM15293 ,SM15228 ,
SM15293 ,SM15370 ,
SM15425 ,SM15370 ,
SM15425 ,SM15494 ,
SM15425 ,SM15480 ,
SM15480 ,SM15555 ,
SM15480 ,SM15544 ,
SM15480 ,SM15413 ,
SM15413 ,SM15470 ,
SM15346 ,SM15380 ,
SM15346 ,SM15310 ,
SM15535 ,SM15623 ,
SM15695 ,SM15623 ,
SM15695 ,SM15790 ,
SM15851 ,SM15790 ,
SM15790 ,SM15718 ,
SM15718 ,SM15623 ,
SM15718 ,SM15816 ,
SM15816 ,SM15896 ,
SM15991 ,SM15967 ,
SM16017 ,SM15976 ,
SM15641 ,SM15671 ,
SM15566 ,SM15622 ,
SM15566 ,SM15494 ,
SM15566 ,SM15502 ,
SM15502 ,SM15436 ,
SM15378 ,SM15436 ,
SM15378 ,SM15305 ,
SM15180 ,SM15110 ,
SM15180 ,SM15122 ,
SM15180 ,SM15254 ,
SM15254 ,SM15197 ,
SM15254 ,SM15335 ,
SM15373 ,SM15335 ,
SM15373 ,SM15419 ,
SM15457 ,SM15376 ,
SM15457 ,SM15417 ,
SM15499 ,SM15417 ,
SM15304 ,SM15256 ,
SM15304 ,SM15353 ,
SM15353 ,SM15394 ,
SM15394 ,SM15434 ,
SM15434 ,SM15472 ,
SM15472 ,SM15512 ,
SM15512 ,SM15561 ,
SM15561 ,SM15609 ,
SM15609 ,SM15656 ,
SM15656 ,SM15701 ,
SM15701 ,SM15750 ,
SM15750 ,SM15799 ,
SM15799 ,SM15834 ,
SM16085 ,SM16065 ,
SM16085 ,SM16108 ,
SM16108 ,SM16129 ,
SM16087 ,SM16141 ,
SM16161 ,SM16141 ,
SM16161 ,SM16277 ,
SM16754 ,SM16798 ,
SM16798 ,SM16838 ,
SM16838 ,SM16881 ,
SM16881 ,SM16915 ,
SM16915 ,SM16996 ,
SM16996 ,SM16995 ,
SM17400 ,SM17410 ,
SM17400 ,SM17414 ,
SM17397 ,SM17414 ,
SM17428 ,SM17414 ,
SM17449 ,SM17432 ,
SM17449 ,SM17439 ,
SM17439 ,SM17421 ,
SM17207 ,SM17172 ,
SM16531 ,SM16502 ,
SM16541 ,SM16469 ,
SM16249 ,SM16205 ,
SM16249 ,SM16273 ,
SM16273 ,SM16294 ,
SM16294 ,SM16305 ,
SM16305 ,SM16310 ,
SM16310 ,SM16308 ,
SM16814 ,SM16882 ,
SM16814 ,SM16848 ,
SM16848 ,SM16914 ,
SM17271 ,SM17253 ,
SM17297 ,SM17247 ,
SM16963 ,SM16966 ,
SM16963 ,SM16961 ,
SM16905 ,SM16867 ,
SM16867 ,SM16824 ,
SM16955 ,SM16952 ,
SM17144 ,SM17111 ,
SM16959 ,SM16957 ,
SM16726 ,SM16776 ,
SM16726 ,SM16680 ,
SM16680 ,SM16633 ,
SM16559 ,SM16528 ,
SM16559 ,SM16596 ,
SM16629 ,SM16596 ,
SM16629 ,SM16670 ,
SM16718 ,SM16670 ,
SM16718 ,SM16773 ,
SM16969 ,SM16971 ,
SM17157 ,SM17122 ,
SM16982 ,SM16981 ,
SM16982 ,SM16984 ,
SM16773 ,SM16819 ,
SM16971 ,SM16973 ,
SM17122 ,SM17081 ,
SM16981 ,SM16979 ,
SM16819 ,SM16864 ,
SM16973 ,SM16974 ,
SM17081 ,SM17038 ,
SM16979 ,SM16978 ,
SM16864 ,SM16903 ,
SM16903 ,SM16976 ,
SM16903 ,SM16974 ,
SM16974 ,SM16976 ,
SM17038 ,SM16976 ,
SM17038 ,SM16978 ,
SM16978 ,SM16976 ,
SM16984 ,SM16986 ,
SM17198 ,SM17158 ,
SM17198 ,SM17240 ,
SM17165 ,SM17136 ,
SM16964 ,SM16910 ,
SM16964 ,SM17028 ,
SM17028 ,SM17072 ,
SM17072 ,SM17105 ,
SM17105 ,SM17139 ,
SM17139 ,SM17169 ,
SM17169 ,SM17208 ,
SM17372 ,SM17394 ,
SM17372 ,SM17369 ,
SM17369 ,SM17398 ,
SM17398 ,SM17413 ,
SM17413 ,SM17430 ,
SM17568 ,SM17561 ,
SM17448 ,SM17430 ,
SM17448 ,SM17463 ,
SM17463 ,SM17479 ,
SM17479 ,SM17493 ,
SM17493 ,SM17507 ,
SM17516 ,SM17507 ,
SM17533 ,SM17519 ,
SM17519 ,SM17507 ,
SM17459 ,SM17445 ,
SM17339 ,SM17326 ,
SM17339 ,SM17358 ,
SM17358 ,SM17370 ,
SM17370 ,SM17387 ,
SM17387 ,SM17405 ,
SM17405 ,SM17417 ,
SM17204 ,SM17199 ,
SM17274 ,SM17245 ,
SM17274 ,SM17301 ,
SM17301 ,SM17330 ,
SM17352 ,SM17330 ,
SM17170 ,SM17148 ,
SM17113 ,SM17062 ,
SM17113 ,SM17164 ,
SM17164 ,SM17218 ,
SM17257 ,SM17278 ,
SM17278 ,SM17303 ,
SM17278 ,SM17321 ,
SM17321 ,SM17303 ,
SM17321 ,SM17288 ,
SM17321 ,SM17341 ,
SM17341 ,SM17364 ,
SM17433 ,SM17412 ,
SM17433 ,SM17452 ,
SM17452 ,SM17470 ,
SM17470 ,SM17490 ,
SM17490 ,SM17503 ,
SM17503 ,SM17520 ,
SM17520 ,SM17537 ,
SM17556 ,SM17537 ,
SM17556 ,SM17572 ,
SM17572 ,SM17588 ,
SM17588 ,SM17592 ,
SM17588 ,SM17602 ,
SM17591 ,SM17611 ,
SM17617 ,SM17611 ,
SM17617 ,SM17635 ,
SM17661 ,SM17635 ,
SM17695 ,SM17671 ,
SM17641 ,SM17624 ,
SM17641 ,SM17656 ,
SM17332 ,SM17306 ,
SM17332 ,SM17318 ,
SM17676 ,SM17689 ,
SM17483 ,SM17465 ,
SM17483 ,SM17499 ,
SM17499 ,SM17514 ,
SM17553 ,SM17531 ,
SM17553 ,SM17571 ,
SM17571 ,SM17587 ,
SM17587 ,SM17609 ,
SM17609 ,SM17639 ,
SM17639 ,SM17660 ,
SM17660 ,SM17685 ,
SM17685 ,SM17701 ,
SM17701 ,SM17715 ,
SM17715 ,SM17728 ,
SM17728 ,SM17749 ,
SM17749 ,SM17739 ,
SM17749 ,SM17759 ,
SM17759 ,SM17775 ,
SM17775 ,SM17791 ,
SM17730 ,SM17722 ,
SM17730 ,SM17742 ,
SM17769 ,SM17742 ,
SM17769 ,SM17748 ,
SM17769 ,SM17772 ,
SM17769 ,SM17798 ,
SM17798 ,SM17772 ,
SM17798 ,SM17792 ,
SM17798 ,SM17824 ,
SM17860 ,SM17848 ,
SM17860 ,SM17887 ,
SM17887 ,SM17918 ,
SM17939 ,SM17945 ,
SM17945 ,SM17955 ,
SM17955 ,SM17963 ,
SM17963 ,SM17972 ,
SM17972 ,SM17984 ,
SM17984 ,SM17998 ,
SM17998 ,SM18012 ,
SM18128 ,SM18138 ,
SM18138 ,SM18148 ,
SM18148 ,SM18159 ,
SM18159 ,SM18170 ,
SM18184 ,SM18170 ,
SM18184 ,SM18195 ,
SM18195 ,SM18210 ,
SM18210 ,SM18225 ,
SM18225 ,SM18237 ,
SM18237 ,SM18247 ,
SM18263 ,SM18254 ,
SM18263 ,SM18273 ,
SM18206 ,SM18212 ,
SM18212 ,SM18219 ,
SM18164 ,SM18173 ,
SM18141 ,SM18149 ,
SM18142 ,SM18153 ,
SM18180 ,SM18174 ,
SM18200 ,SM18188 ,
SM18200 ,SM18190 ,
SM18190 ,SM18188 ,
SM18190 ,SM18178 ,
SM18221 ,SM18232 ,
SM18232 ,SM18240 ,
SM18289 ,SM18277 ,
SM18289 ,SM18302 ,
SM18332 ,SM18294 ,
SM18332 ,SM18301 ,
SM18332 ,SM18328 ,
SM18386 ,SM18398 ,
SM18398 ,SM18409 ,
SM18409 ,SM18421 ,
SM18446 ,SM18457 ,
SM18457 ,SM18466 ,
SM18497 ,SM18521 ,
SM18594 ,SM18623 ,
SM18681 ,SM18672 ,
SM18688 ,SM18673 ,
SM18687 ,SM18679 ,
SM18679 ,SM18667 ,
SM18772 ,SM18785 ,
SM18785 ,SM18802 ,
SM18736 ,SM18720 ,
SM18736 ,SM18746 ,
SM18746 ,SM18760 ,
SM18760 ,SM18774 ,
SM18774 ,SM18786 ,
SM18884 ,SM18875 ,
SM18884 ,SM18894 ,
SM18911 ,SM18896 ,
SM18897 ,SM18882 ,
SM18897 ,SM18912 ,
SM18912 ,SM18925 ,
SM18925 ,SM18939 ,
SM18939 ,SM18953 ,
SM18953 ,SM18968 ,
SM18980 ,SM18994 ,
SM19086 ,SM19103 ,
SM19148 ,SM19134 ,
SM19148 ,SM19163 ,
SM19158 ,SM19177 ,
SM19155 ,SM19167 ,
SM19183 ,SM19184 ,
SM19183 ,SM19182 ,
SM19245 ,SM19232 ,
SM19233 ,SM19222 ,
SM19233 ,SM19244 ,
SM19244 ,SM19256 ,
SM19256 ,SM19268 ,
SM19268 ,SM19287 ,
SM19287 ,SM19311 ,
SM19311 ,SM19325 ,
SM19348 ,SM19369 ,
SM19325 ,SM19340 ,
SM19340 ,SM19357 ,
SM19414 ,SM19403 ,
SM19573 ,SM19560 ,
SM19630 ,SM19611 ,
SM19661 ,SM19641 ,
SM19638 ,SM19623 ,
SM19437 ,SM19422 ,
SM19378 ,SM19371 ,
SM19139 ,SM19131 ,
SM18913 ,SM18908 ,
SM18913 ,SM18917 ,
SM18917 ,SM18921 ,
SM18921 ,SM18927 ,
SM18927 ,SM18929 ,
SM18929 ,SM18937 ,
SM18937 ,SM18940 ,
SM18940 ,SM18943 ,
SM18747 ,SM18741 ,
SM18747 ,SM18753 ,
SM18564 ,SM18560 ,
SM18560 ,SM18556 ,
SM18556 ,SM18554 ,
SM18554 ,SM18548 ,
SM18548 ,SM18545 ,
SM18545 ,SM18540 ,
SM18315 ,SM18304 ,
SM18162 ,SM18179 ,
SM18158 ,SM18179 ,
SM18158 ,SM18136 ,
SM18136 ,SM18113 ,
SM18113 ,SM18088 ,
SM18016 ,SM18030 ,
SM18016 ,SM18003 ,
SM18003 ,SM17985 ,
SM18011 ,SM17990 ,
SM17195 ,SM17130 ,
SM17049 ,SM16926 ,
SM17049 ,SM16975 ,
SM16975 ,SM16878 ,
SM16975 ,SM16895 ,
SM16895 ,SM16827 ,
SM16895 ,SM16843 ,
SM16843 ,SM16768 ,
SM16843 ,SM16792 ,
SM16792 ,SM16724 ,
SM16804 ,SM16724 ,
SM16804 ,SM16735 ,
SM16806 ,SM16735 ,
SM16735 ,SM16660 ,
SM16599 ,SM16521 ,
SM16521 ,SM16489 ,
SM16489 ,SM16462 ,
SM16408 ,SM16433 ,
SM16408 ,SM16399 ,
SM16408 ,SM16381 ,
SM16381 ,SM16346 ,
SM16120 ,SM16151 ,
SM16073 ,SM16113 ,
SM16113 ,SM16196 ,
SM16113 ,SM16148 ,
SM16148 ,SM16256 ,
SM16324 ,SM16256 ,
SM16324 ,SM16388 ,
SM16388 ,SM16444 ,
SM16444 ,SM16506 ,
SM16506 ,SM16554 ,
SM16554 ,SM16612 ,
SM16427 ,SM16498 ,
SM16427 ,SM16431 ,
SM16427 ,SM16348 ,
SM16427 ,SM16287 ,
SM16287 ,SM16348 ,
SM16287 ,SM16431 ,
SM16287 ,SM16186 ,
SM16186 ,SM16116 ,
SM15521 ,SM15589 ,
SM15521 ,SM15382 ,
SM15521 ,SM15464 ,
SM15464 ,SM15382 ,
SM15464 ,SM15408 ,
SM15479 ,SM15403 ,
SM15361 ,SM15403 ,
SM15361 ,SM15264 ,
SM15094 ,SM15010 ,
SM14744 ,SM14802 ,
SM14744 ,SM14687 ,
SM14725 ,SM14626 ,
SM12136 ,SM12093 ,
SM11533 ,SM11452 ,
SM11533 ,SM11442 ,
SM11533 ,SM11590 ,
SM11590 ,SM11442 ,
SM11442 ,SM11363 ,
SM11442 ,SM11228 ,
SM11228 ,SM11124 ,
SM11228 ,SM11084 ,
SM11228 ,SM11295 ,
SM11084 ,SM11015 ,
SM11015 ,SM11124 ,
SM11015 ,SM10905 ,
SM10905 ,SM10788 ,
SM10788 ,SM11013 ,
SM10788 ,SM10671 ,
SM10466 ,SM10671 ,
SM10466 ,SM10562 ,
SM10466 ,SM10368 ,
SM9265  ,SM9180  ,
SM8237  ,SM8071  ,
SM8001  ,SM7823  ,
SM7878  ,SM7881  ,
SM7881  ,SM7746  ,
SM7881  ,SM7748  ,
SM7748  ,SM7746  ,
SM7553  ,SM7746  ,
SM7553  ,SM7369  ,
SM7174  ,SM7117  ,
SM7174  ,SM7069  ,
SM7174  ,SM7163  ,
SM7163  ,SM7061  ,
SM7163  ,SM7156  ,
SM7156  ,SM7054  ,
SM7054  ,SM7061  ,
SM7054  ,SM7049  ,
SM6585  ,SM6788  ,
SM6585  ,SM6660  ,
SM6585  ,SM6484  ,
SM6484  ,SM6660  ,
SM6484  ,SM6343  ,
SM6343  ,SM6181  ,
SM6181  ,SM6019  ,
SM5859  ,SM5865  ,
SM5859  ,SM5772  ,
SM5859  ,SM5849  ,
SM5849  ,SM5718  ,
SM5718  ,SM5584  ,
SM5718  ,SM5701  ,
SM5701  ,SM5567  ,
SM5826  ,SM5819  ,
SM5819  ,SM5683  ,
SM5819  ,SM5810  ,
SM5810  ,SM5639  ,
SM5455  ,SM5433  ,
SM5455  ,SM5481  ,
SM5481  ,SM5507  ,
SM5307  ,SM5283  ,
SM5307  ,SM5332  ,
SM5332  ,SM5359  ,
SM5564  ,SM5594  ,
SM5380  ,SM5359  ,
SM5380  ,SM5405  ,
SM5405  ,SM5434  ,
SM4983  ,SM4957  ,
SM4983  ,SM4776  ,
SM4807  ,SM4776  ,
SM4807  ,SM4681  ,
SM4807  ,SM4837  ,
SM4837  ,SM4687  ,
SM4837  ,SM4856  ,
SM4856  ,SM4697  ,
SM4856  ,SM4877  ,
SM5069  ,SM4877  ,
SM5069  ,SM5125  ,
SM5069  ,SM5229  ,
SM5229  ,SM5125  ,
SM5125  ,SM4929  ,
SM4929  ,SM4877  ,
SM4929  ,SM4955  ,
SM4766  ,SM4761  ,
SM4766  ,SM4788  ,
SM4788  ,SM4814  ,
SM4163  ,SM4158  ,
SM4158  ,SM4151  ,
SM3962  ,SM3976  ,
SM3875  ,SM3988  ,
SM3875  ,SM3798  ,
SM3798  ,SM3731  ,
SM3732  ,SM3775  ,
SM3961  ,SM3995  ,
SM3961  ,SM3950  ,
SM3950  ,SM3939  ,
SM3939  ,SM3967  ,
SM3464  ,SM3539  ,
SM3464  ,SM3377  ,
SM3377  ,SM3292  ,
SM3126  ,SM3194  ,
SM2524  ,SM2547  ,
SM2547  ,SM2568  ,
SM2568  ,SM2587  ,
SM2587  ,SM2607  ,
SM2378  ,SM2450  ,
SM2378  ,SM2311  ,
SM2311  ,SM2241  ,
SM2066  ,SM2083  ,
SM1927  ,SM1991  ,
SM2167  ,SM2152  ,
SM2152  ,SM2135  ,
SM2241  ,SM2174  ,
SM2083  ,SM2100  ,
SM1991  ,SM2055  ,
SM2135  ,SM2117  ,
SM2174  ,SM2117  ,
SM2100  ,SM2117  ,
SM2055  ,SM2117  ,
SM2167  ,SM2184  ,
SM2184  ,SM2199  ,
SM2199  ,SM2222  ,
SM1747  ,SM1766  ,
SM1349  ,SM1361  ,
SM1203  ,SM1235  ,
SM1203  ,SM1174  ,
SM935   ,SM1001  ,
SM935   ,SM879   ,
SM879   ,SM871   ,
SM879   ,SM832   ,
SM832   ,SM780   ,
SM1312  ,SM1300  ,
SM1340  ,SM1300  ,
SM738   ,SM753   ,
SM753   ,SM780   ,
SM770   ,SM780   ,
SM770   ,SM762   ,
SM762   ,SM750   ,
SM750   ,SM728   ,
SM728   ,SM757   ,
SM728   ,SM707   ,
SM783   ,SM757   ,
SM783   ,SM813   ,
SM813   ,SM844   ,
SM775   ,SM805   ,
SM775   ,SM745   ,
SM745   ,SM714   ,
SM883   ,SM889   ,
SM883   ,SM900   ,
SM883   ,SM874   ,
SM874   ,SM900   ,
SM874   ,SM868   ,
SM868   ,SM860   ,
SM860   ,SM853   ,
SM853   ,SM845   ,
SM920   ,SM909   ,
SM1241  ,SM1217  ,
SM1241  ,SM1271  ,
SM1271  ,SM1298  ,
SM1141  ,SM1228  ,
SM1141  ,SM1060  ,
SM1013  ,SM1060  ,
SM901   ,SM942   ,
SM901   ,SM873   ,
SM858   ,SM873   ,
SM858   ,SM855   ,
SM858   ,SM846   ,
SM846   ,SM829   ,
SM787   ,SM810   ,
SM787   ,SM763   ,
SM763   ,SM751   ,
SM763   ,SM735   ,
SM810   ,SM839   ,
SM839   ,SM855   ,
SM855   ,SM873   ,
SM666   ,SM687   ,
SM687   ,SM711   ,
SM646   ,SM679   ,
SM755   ,SM741   ,
SM797   ,SM777   ,
SM797   ,SM816   ,
SM816   ,SM835   ,
SM794   ,SM814   ,
SM814   ,SM834   ,
SM788   ,SM822   ,
SM856   ,SM867   ,
SM1067  ,SM1035  ,
SM1067  ,SM1100  ,
SM1216  ,SM1229  ,
SM1468  ,SM1434  ,
SM1468  ,SM1514  ,
SM1624  ,SM1646  ,
SM1841  ,SM1856  ,
SM2026  ,SM2051  ,
SM2026  ,SM2087  ,
SM2192  ,SM2223  ,
SM2192  ,SM2338  ,
SM2192  ,SM2166  ,
SM2166  ,SM2308  ,
SM2308  ,SM2338  ,
SM2308  ,SM2445  ,
SM2308  ,SM2278  ,
SM2278  ,SM2400  ,
SM2278  ,SM2255  ,
SM2255  ,SM2342  ,
SM2342  ,SM2370  ,
SM2342  ,SM2293  ,
SM2449  ,SM2467  ,
SM2449  ,SM2517  ,
SM2449  ,SM2425  ,
SM2425  ,SM2471  ,
SM2425  ,SM2401  ,
SM2401  ,SM2437  ,
SM2554  ,SM2579  ,
SM2554  ,SM2539  ,
SM2539  ,SM2533  ,
SM2533  ,SM2531  ,
SM2531  ,SM2534  ,
SM2534  ,SM2537  ,
SM2831  ,SM2907  ,
SM2831  ,SM2774  ,
SM2774  ,SM2763  ,
SM2774  ,SM2719  ,
SM2774  ,SM2679  ,
SM2679  ,SM2719  ,
SM2679  ,SM2763  ,
SM2679  ,SM2637  ,
SM2763  ,SM2719  ,
SM2763  ,SM2807  ,
SM2807  ,SM2853  ,
SM2734  ,SM2878  ,
SM2696  ,SM2753  ,
SM2691  ,SM2759  ,
SM3049  ,SM3003  ,
SM3049  ,SM3091  ,
SM3091  ,SM3138  ,
SM3138  ,SM3180  ,
SM3191  ,SM3252  ,
SM3191  ,SM3145  ,
SM3259  ,SM3315  ,
SM3461  ,SM3439  ,
SM3619  ,SM3555  ,
SM3520  ,SM3555  ,
SM3520  ,SM3487  ,
SM3520  ,SM3488  ,
SM3488  ,SM3460  ,
SM3513  ,SM3462  ,
SM3513  ,SM3575  ,
SM3575  ,SM3633  ,
SM3864  ,SM3833  ,
SM3864  ,SM3892  ,
SM3892  ,SM3911  ,
SM3826  ,SM3878  ,
SM3957  ,SM3919  ,
SM3957  ,SM4056  ,
SM4056  ,SM4020  ,
SM3911  ,SM3919  ,
SM3911  ,SM3878  ,
SM3878  ,SM3919  ,
SM4020  ,SM3986  ,
SM4378  ,SM4438  ,
SM4745  ,SM4826  ,
SM5177  ,SM5303  ,
SM5177  ,SM5047  ,
SM5047  ,SM4893  ,
SM4893  ,SM4744  ,
SM4427  ,SM4466  ,
SM4354  ,SM4466  ,
SM4354  ,SM4401  ,
SM4401  ,SM4415  ,
SM4401  ,SM4366  ,
SM4366  ,SM4415  ,
SM4441  ,SM4482  ,
SM4482  ,SM4613  ,
SM4613  ,SM4566  ,
SM4613  ,SM4657  ,
SM4657  ,SM4694  ,
SM4657  ,SM4659  ,
SM4659  ,SM4694  ,
SM4699  ,SM4751  ,
SM4699  ,SM4794  ,
SM4699  ,SM4753  ,
SM4753  ,SM4845  ,
SM4715  ,SM4800  ,
SM4850  ,SM4800  ,
SM4850  ,SM4909  ,
SM5354  ,SM5438  ,
SM6163  ,SM6235  ,
SM6401  ,SM6358  ,
SM6437  ,SM6375  ,
SM6375  ,SM6307  ,
SM6307  ,SM6358  ,
SM6307  ,SM6235  ,
SM6437  ,SM6502  ,
SM6502  ,SM6594  ,
SM6594  ,SM6661  ,
SM7209  ,SM7307  ,
SM7209  ,SM7103  ,
SM7103  ,SM6996  ,
SM6606  ,SM6654  ,
SM6654  ,SM6711  ,
SM6711  ,SM6774  ,
SM5867  ,SM5939  ,
SM5867  ,SM5741  ,
SM5647  ,SM5710  ,
SM5647  ,SM5566  ,
SM5566  ,SM5489  ,
SM5489  ,SM5397  ,
SM5968  ,SM5918  ,
SM5968  ,SM6076  ,
SM5968  ,SM6011  ,
SM5829  ,SM5920  ,
SM6138  ,SM6084  ,
SM6138  ,SM6251  ,
SM6300  ,SM6251  ,
SM6300  ,SM6351  ,
SM6351  ,SM6394  ,
SM6394  ,SM6479  ,
SM6394  ,SM6421  ,
SM6279  ,SM6370  ,
SM6033  ,SM6081  ,
SM6002  ,SM6070  ,
SM6287  ,SM6245  ,
SM6388  ,SM6345  ,
SM6388  ,SM6495  ,
SM6388  ,SM6425  ,
SM6425  ,SM6557  ,
SM6409  ,SM6461  ,
SM6409  ,SM6455  ,
SM6276  ,SM6352  ,
SM6681  ,SM6633  ,
SM6681  ,SM6738  ,
SM6523  ,SM6625  ,
SM6625  ,SM6717  ,
SM7104  ,SM7047  ,
SM7104  ,SM7169  ,
SM7169  ,SM7223  ,
SM7223  ,SM7288  ,
SM7288  ,SM7395  ,
SM7212  ,SM7263  ,
SM7263  ,SM7319  ,
SM7339  ,SM7319  ,
SM7339  ,SM7391  ,
SM7217  ,SM7391  ,
SM7217  ,SM7279  ,
SM6284  ,SM6297  ,
SM5964  ,SM6032  ,
SM5964  ,SM5879  ,
SM5575  ,SM5595  ,
SM5293  ,SM5371  ,
SM5293  ,SM5309  ,
SM5293  ,SM5213  ,
SM5213  ,SM5134  ,
SM4835  ,SM4844  ,
SM4678  ,SM4765  ,
SM4678  ,SM4752  ,
SM4734  ,SM4752  ,
SM4964  ,SM4870  ,
SM4964  ,SM5060  ,
SM5347  ,SM5326  ,
SM5634  ,SM5547  ,
SM5634  ,SM5613  ,
SM5634  ,SM5705  ,
SM5705  ,SM5796  ,
SM6078  ,SM6061  ,
SM6346  ,SM6268  ,
SM6346  ,SM6330  ,
SM6346  ,SM6415  ,
SM6415  ,SM6487  ,
SM6876  ,SM6852  ,
SM6876  ,SM6900  ,
SM6900  ,SM6916  ,
SM6916  ,SM6935  ,
SM6935  ,SM6963  ,
SM6963  ,SM6987  ,
SM6987  ,SM7011  ,
SM7011  ,SM7034  ,
SM7034  ,SM7058  ,
SM7058  ,SM7077  ,
SM7077  ,SM7098  ,
SM7098  ,SM7115  ,
SM7115  ,SM7143  ,
SM7143  ,SM7172  ,
SM6705  ,SM6824  ,
SM6705  ,SM6620  ,
SM6302  ,SM6318  ,
SM6075  ,SM6167  ,
SM6324  ,SM6390  ,
SM6324  ,SM6248  ,
SM6248  ,SM6171  ,
SM5927  ,SM5813  ,
SM5610  ,SM5630  ,
SM5474  ,SM5558  ,
SM5474  ,SM5389  ,
SM5558  ,SM5645  ,
SM5645  ,SM5630  ,
SM5645  ,SM5731  ,
SM5457  ,SM5514  ,
SM5514  ,SM5565  ,
SM6102  ,SM6171  ,
SM6102  ,SM6028  ,
SM6028  ,SM5965  ,
SM5965  ,SM5896  ,
SM5711  ,SM5765  ,
SM5765  ,SM5809  ,
SM5765  ,SM5757  ,
SM5757  ,SM5809  ,
SM5864  ,SM5809  ,
SM5864  ,SM5896  ,
SM5896  ,SM5809  ,
SM5864  ,SM5938  ,
SM5938  ,SM5977  ,
SM5758  ,SM5800  ,
SM5800  ,SM5827  ,
SM5827  ,SM5872  ,
SM5823  ,SM5857  ,
SM6314  ,SM6271  ,
SM6314  ,SM6366  ,
SM6366  ,SM6406  ,
SM6406  ,SM6450  ,
SM6286  ,SM6411  ,
SM6286  ,SM6569  ,
SM6569  ,SM6722  ,
SM6569  ,SM6888  ,
SM6888  ,SM6992  ,
SM6888  ,SM7304  ,
SM4031  ,SM4089  ,
SM4089  ,SM4147  ,
SM4147  ,SM4228  ,
SM4228  ,SM4324  ,
SM3780  ,SM3763  ,
SM3763  ,SM3747  ,
SM3698  ,SM3747  ,
SM3698  ,SM3653  ,
SM3653  ,SM3613  ,
SM3613  ,SM3565  ,
SM3565  ,SM3522  ,
SM4165  ,SM4217  ,
SM4165  ,SM4126  ,
SM4126  ,SM4096  ,
SM4096  ,SM4061  ,
SM4061  ,SM4022  ,
SM4022  ,SM3984  ,
SM3984  ,SM3944  ,
SM3944  ,SM3908  ,
SM3908  ,SM3881  ,
SM3779  ,SM3822  ,
SM3779  ,SM3734  ,
SM3734  ,SM3685  ,
SM3685  ,SM3675  ,
SM3685  ,SM3642  ,
SM3685  ,SM3591  ,
SM3591  ,SM3642  ,
SM3591  ,SM3675  ,
SM3591  ,SM3532  ,
SM3360  ,SM3410  ,
SM3410  ,SM3472  ,
SM3796  ,SM3756  ,
SM3796  ,SM3860  ,
SM2957  ,SM2954  ,
SM2703  ,SM2778  ,
SM2920  ,SM2923  ,
SM2920  ,SM3014  ,
SM3014  ,SM3033  ,
SM3033  ,SM3039  ,
SM2864  ,SM2858  ,
SM2858  ,SM2849  ,
SM2849  ,SM2840  ,
SM2491  ,SM2566  ,
SM2794  ,SM2799  ,
SM2794  ,SM2790  ,
SM3379  ,SM3386  ,
SM3379  ,SM3375  ,
SM3375  ,SM3373  ,
SM3373  ,SM3367  ,
SM3367  ,SM3358  ,
SM3358  ,SM3354  ,
SM3354  ,SM3347  ,
SM2751  ,SM2747  ,
SM3341  ,SM3347  ,
SM3972  ,SM3979  ,
SM3972  ,SM3968  ,
SM3968  ,SM3963  ,
SM3963  ,SM3960  ,
SM3960  ,SM3952  ,
SM3952  ,SM3943  ,
SM3943  ,SM3934  ,
SM3934  ,SM3929  ,
SM3306  ,SM3301  ,
SM3301  ,SM3291  ,
SM3291  ,SM3287  ,
SM3287  ,SM3283  ,
SM3283  ,SM3275  ,
SM3275  ,SM3271  ,
SM3271  ,SM3269  ,
SM3074  ,SM3129  ,
SM3238  ,SM3243  ,
SM3853  ,SM3856  ,
SM3853  ,SM3846  ,
SM3846  ,SM3838  ,
SM3838  ,SM3835  ,
SM3835  ,SM3834  ,
SM3834  ,SM3828  ,
SM3828  ,SM3819  ,
SM3819  ,SM3814  ,
SM3424  ,SM3496  ,
SM3424  ,SM3368  ,
SM3187  ,SM3184  ,
SM2998  ,SM3059  ,
SM3157  ,SM3161  ,
SM3161  ,SM3165  ,
SM3368  ,SM3304  ,
SM3184  ,SM3181  ,
SM3059  ,SM3115  ,
SM3165  ,SM3171  ,
SM3304  ,SM3242  ,
SM3181  ,SM3175  ,
SM3115  ,SM3175  ,
SM3171  ,SM3175  ,
SM3242  ,SM3175  ,
SM3157  ,SM3153  ,
SM3153  ,SM3148  ,
SM2525  ,SM2520  ,
SM2520  ,SM2512  ,
SM3140  ,SM3148  ,
SM3140  ,SM3136  ,
SM3136  ,SM3130  ,
SM3130  ,SM3124  ,
SM2490  ,SM2485  ,
SM2082  ,SM2140  ,
SM2140  ,SM2193  ,
SM2193  ,SM2264  ,
SM2436  ,SM2444  ,
SM2748  ,SM2675  ,
SM2748  ,SM2820  ,
SM2820  ,SM2908  ,
SM3079  ,SM3084  ,
SM3661  ,SM3666  ,
SM3661  ,SM3655  ,
SM4263  ,SM4272  ,
SM4263  ,SM4254  ,
SM4254  ,SM4243  ,
SM4243  ,SM4235  ,
SM4235  ,SM4229  ,
SM3634  ,SM3629  ,
SM3050  ,SM3047  ,
SM2635  ,SM2767  ,
SM3012  ,SM3018  ,
SM3573  ,SM3576  ,
SM3573  ,SM3568  ,
SM3568  ,SM3559  ,
SM4148  ,SM4155  ,
SM4155  ,SM4160  ,
SM4869  ,SM4886  ,
SM4869  ,SM4997  ,
SM4997  ,SM5131  ,
SM5131  ,SM5257  ,
SM5131  ,SM5247  ,
SM5247  ,SM5257  ,
SM5669  ,SM5678  ,
SM5669  ,SM5661  ,
SM5661  ,SM5654  ,
SM5654  ,SM5642  ,
SM5642  ,SM5627  ,
SM5627  ,SM5604  ,
SM5604  ,SM5590  ,
SM5345  ,SM5451  ,
SM5451  ,SM5544  ,
SM5600  ,SM5659  ,
SM5600  ,SM5663  ,
SM5663  ,SM5724  ,
SM5724  ,SM5659  ,
SM5724  ,SM5775  ,
SM5775  ,SM5698  ,
SM5775  ,SM5824  ,
SM5993  ,SM6048  ,
SM6780  ,SM6781  ,
SM6781  ,SM6809  ,
SM6809  ,SM6836  ,
SM7265  ,SM7258  ,
SM7265  ,SM7422  ,
SM7544  ,SM7562  ,
SM7544  ,SM7692  ,
SM7544  ,SM7529  ,
SM7529  ,SM7730  ,
SM7529  ,SM7516  ,
SM7516  ,SM7509  ,
SM7509  ,SM7610  ,
SM7610  ,SM7724  ,
SM7730  ,SM7930  ,
SM8020  ,SM7860  ,
SM8020  ,SM7961  ,
SM8172  ,SM8190  ,
SM8305  ,SM8190  ,
SM8305  ,SM8410  ,
SM8410  ,SM8521  ,
SM8521  ,SM8556  ,
SM8556  ,SM8551  ,
SM8556  ,SM8587  ,
SM8587  ,SM8551  ,
SM8551  ,SM8514  ,
SM8514  ,SM8481  ,
SM9026  ,SM8845  ,
SM9390  ,SM9405  ,
SM9390  ,SM9381  ,
SM9670  ,SM9891  ,
SM9891  ,SM10096 ,
SM10096 ,SM10299 ,
SM10299 ,SM10321 ,
SM10299 ,SM10394 ,
SM10394 ,SM10539 ,
SM10539 ,SM10559 ,
SM10559 ,SM10321 ,
SM10321 ,SM10338 ,
SM9405  ,SM9411  ,
SM8538  ,SM8530  ,
SM8538  ,SM8549  ,
SM8549  ,SM8558  ,
SM8558  ,SM8568  ,
SM8568  ,SM8578  ,
SM8578  ,SM8589  ,
SM8589  ,SM8597  ,
SM9015  ,SM8921  ,
SM9015  ,SM9123  ,
SM9123  ,SM9213  ,
SM9482  ,SM9488  ,
SM9873  ,SM9749  ,
SM9791  ,SM9749  ,
SM9791  ,SM9801  ,
SM9997  ,SM9817  ,
SM9580  ,SM9570  ,
SM9580  ,SM9590  ,
SM10497 ,SM10511 ,
SM10497 ,SM10691 ,
SM10691 ,SM10693 ,
SM10693 ,SM10511 ,
SM10693 ,SM10701 ,
SM10701 ,SM10524 ,
SM10701 ,SM10706 ,
SM10964 ,SM10844 ,
SM10736 ,SM10551 ,
SM10310 ,SM10423 ,
SM10310 ,SM10212 ,
SM10212 ,SM10100 ,
SM10100 ,SM9987  ,
SM9680  ,SM9672  ,
SM9680  ,SM9687  ,
SM9687  ,SM9692  ,
SM10349 ,SM10362 ,
SM10580 ,SM10590 ,
SM10831 ,SM10858 ,
SM11851 ,SM11857 ,
SM12659 ,SM12554 ,
SM11986 ,SM11976 ,
SM11986 ,SM11995 ,
SM11995 ,SM12005 ,
SM12005 ,SM12017 ,
SM12017 ,SM12025 ,
SM12025 ,SM12039 ,
SM13133 ,SM13215 ,
SM11012 ,SM11006 ,
SM11012 ,SM10829 ,
SM10857 ,SM10829 ,
SM10857 ,SM10873 ,
SM10873 ,SM10894 ,
SM10894 ,SM10915 ,
SM10894 ,SM11066 ,
SM11066 ,SM11088 ,
SM11088 ,SM10915 ,
SM11088 ,SM11102 ,
SM11102 ,SM10930 ,
SM11102 ,SM11119 ,
SM12138 ,SM12148 ,
SM12897 ,SM12804 ,
SM12261 ,SM12250 ,
SM12261 ,SM12274 ,
SM12274 ,SM12281 ,
SM12841 ,SM12674 ,
SM12379 ,SM12370 ,
SM12379 ,SM12266 ,
SM12379 ,SM12385 ,
SM12159 ,SM12147 ,
SM12159 ,SM11952 ,
SM12159 ,SM12174 ,
SM12286 ,SM12174 ,
SM12286 ,SM12396 ,
SM12396 ,SM12404 ,
SM13056 ,SM12958 ,
SM12507 ,SM12501 ,
SM12507 ,SM12516 ,
SM12516 ,SM12525 ,
SM13159 ,SM13066 ,
SM13066 ,SM12966 ,
SM12617 ,SM12604 ,
SM12617 ,SM12623 ,
SM13244 ,SM13250 ,
SM13377 ,SM13250 ,
SM13258 ,SM13250 ,
SM13258 ,SM13272 ,
SM13272 ,SM13106 ,
SM13499 ,SM13506 ,
SM13681 ,SM13599 ,
SM12787 ,SM12780 ,
SM11970 ,SM11961 ,
SM11970 ,SM11781 ,
SM11781 ,SM11758 ,
SM11781 ,SM11797 ,
SM11818 ,SM11688 ,
SM11825 ,SM11833 ,
SM11833 ,SM11844 ,
SM12016 ,SM11844 ,
SM12016 ,SM12030 ,
SM12832 ,SM12837 ,
SM13849 ,SM13773 ,
SM13708 ,SM13704 ,
SM13374 ,SM13449 ,
SM13374 ,SM13289 ,
SM13289 ,SM13202 ,
SM12960 ,SM12954 ,
SM12530 ,SM12636 ,
SM12530 ,SM12426 ,
SM12426 ,SM12331 ,
SM12129 ,SM12117 ,
SM12129 ,SM11875 ,
SM11875 ,SM11858 ,
SM11449 ,SM11652 ,
SM11449 ,SM11271 ,
SM10990 ,SM10983 ,
SM10990 ,SM10997 ,
SM10997 ,SM11007 ,
SM11007 ,SM11016 ,
SM11016 ,SM11025 ,
SM11025 ,SM11037 ,
SM11037 ,SM11048 ,
SM11048 ,SM11059 ,
SM11752 ,SM11766 ,
SM11752 ,SM11982 ,
SM12214 ,SM12224 ,
SM12430 ,SM12333 ,
SM12430 ,SM12532 ,
SM12252 ,SM12242 ,
SM12252 ,SM12045 ,
SM12252 ,SM12273 ,
SM13023 ,SM13035 ,
SM13023 ,SM13132 ,
SM13023 ,SM13011 ,
SM12735 ,SM12830 ,
SM13029 ,SM13033 ,
SM13338 ,SM13253 ,
SM13132 ,SM13113 ,
SM13113 ,SM13099 ,
SM13011 ,SM13099 ,
SM12830 ,SM12935 ,
SM13033 ,SM13036 ,
SM13253 ,SM13155 ,
SM13099 ,SM13085 ,
SM13085 ,SM13065 ,
SM13000 ,SM13065 ,
SM13000 ,SM12935 ,
SM13036 ,SM13044 ,
SM13155 ,SM13065 ,
SM13065 ,SM13044 ,
SM13132 ,SM13140 ,
SM13140 ,SM13147 ,
SM13147 ,SM13158 ,
SM13562 ,SM13649 ,
SM13780 ,SM13790 ,
SM13790 ,SM13796 ,
SM13862 ,SM13796 ,
SM13174 ,SM13168 ,
SM13168 ,SM13161 ,
SM13050 ,SM13161 ,
SM13050 ,SM13035 ,
SM13158 ,SM13161 ,
SM13649 ,SM13715 ,
SM13715 ,SM13796 ,
SM12273 ,SM12063 ,
SM12076 ,SM12063 ,
SM11429 ,SM11476 ,
SM11429 ,SM11291 ,
SM11291 ,SM11158 ,
SM11158 ,SM11138 ,
SM10869 ,SM10848 ,
SM10848 ,SM10820 ,
SM10052 ,SM10042 ,
SM10052 ,SM9846  ,
SM9846  ,SM10042 ,
SM9846  ,SM9829  ,
SM9701  ,SM9585  ,
SM9585  ,SM9476  ,
SM9476  ,SM9356  ,
SM9356  ,SM9268  ,
SM9268  ,SM9152  ,
SM9268  ,SM9182  ,
SM8682  ,SM9152  ,
SM8682  ,SM9667  ,
SM9667  ,SM9771  ,
SM9771  ,SM9869  ,
SM10593 ,SM10507 ,
SM10593 ,SM10655 ,
SM10655 ,SM10709 ,
SM10709 ,SM10889 ,
SM10709 ,SM10782 ,
SM10782 ,SM10889 ,
SM10782 ,SM10851 ,
SM11153 ,SM11097 ,
SM11153 ,SM11205 ,
SM11149 ,SM11259 ,
SM11316 ,SM11259 ,
SM11733 ,SM11850 ,
SM11850 ,SM11944 ,
SM12290 ,SM12271 ,
SM12455 ,SM12472 ,
SM13316 ,SM13320 ,
SM13316 ,SM13312 ,
SM14305 ,SM14228 ,
SM14305 ,SM14369 ,
SM14222 ,SM14159 ,
SM14222 ,SM14281 ,
SM14267 ,SM14205 ,
SM13948 ,SM13891 ,
SM13891 ,SM13827 ,
SM13827 ,SM13769 ,
SM13769 ,SM13701 ,
SM13701 ,SM13640 ,
SM13640 ,SM13565 ,
SM13565 ,SM13496 ,
SM12875 ,SM12761 ,
SM12887 ,SM12788 ,
SM13019 ,SM12898 ,
SM13019 ,SM12910 ,
SM13019 ,SM13144 ,
SM12910 ,SM12810 ,
SM12810 ,SM12710 ,
SM13360 ,SM13308 ,
SM13360 ,SM13396 ,
SM13631 ,SM13552 ,
SM13504 ,SM13430 ,
SM13396 ,SM13430 ,
SM13430 ,SM13488 ,
SM13488 ,SM13552 ,
SM14048 ,SM13981 ,
SM14048 ,SM14113 ,
SM14722 ,SM14704 ,
SM15228 ,SM15040 ,
SM15228 ,SM15305 ,
SM15370 ,SM15305 ,
SM15370 ,SM15436 ,
SM15494 ,SM15436 ,
SM15110 ,SM15040 ,
SM15110 ,SM15050 ,
SM15122 ,SM15050 ,
SM15122 ,SM15197 ,
SM15197 ,SM15270 ,
SM15270 ,SM15243 ,
SM15376 ,SM15279 ,
SM15376 ,SM15329 ,
SM15417 ,SM15329 ,
SM15174 ,SM15129 ,
SM15174 ,SM15214 ,
SM15214 ,SM15256 ,
SM15213 ,SM15161 ,
SM15213 ,SM15255 ,
SM15255 ,SM15303 ,
SM15303 ,SM15345 ,
SM15345 ,SM15387 ,
SM15387 ,SM15424 ,
SM15424 ,SM15465 ,
SM15465 ,SM15505 ,
SM15505 ,SM15550 ,
SM15550 ,SM15593 ,
SM15593 ,SM15640 ,
SM15640 ,SM15677 ,
SM15834 ,SM15877 ,
SM16065 ,SM16011 ,
SM16109 ,SM16079 ,
SM16109 ,SM16135 ,
SM16135 ,SM16175 ,
SM16396 ,SM16469 ,
SM16396 ,SM16466 ,
SM16396 ,SM16410 ,
SM16396 ,SM16321 ,
SM16129 ,SM16152 ,
SM16152 ,SM16183 ,
SM16255 ,SM16221 ,
SM16255 ,SM16277 ,
SM16277 ,SM16343 ,
SM16994 ,SM17039 ,
SM16994 ,SM16995 ,
SM17039 ,SM17078 ,
SM17078 ,SM17110 ,
SM17110 ,SM17142 ,
SM16502 ,SM16466 ,
SM16502 ,SM16469 ,
SM16466 ,SM16410 ,
SM16410 ,SM16343 ,
SM16321 ,SM16343 ,
SM16183 ,SM16221 ,
SM16175 ,SM16205 ,
SM15866 ,SM15861 ,
SM15866 ,SM15870 ,
SM15870 ,SM15881 ,
SM15881 ,SM15885 ,
SM16308 ,SM16307 ,
SM17012 ,SM16999 ,
SM17012 ,SM17019 ,
SM16882 ,SM16970 ,
SM16882 ,SM16914 ,
SM16914 ,SM17021 ,
SM17253 ,SM17227 ,
SM17227 ,SM17205 ,
SM17247 ,SM17200 ,
SM17200 ,SM17153 ,
SM17043 ,SM17068 ,
SM17043 ,SM17019 ,
SM16970 ,SM17067 ,
SM16970 ,SM17021 ,
SM17021 ,SM17092 ,
SM17205 ,SM17174 ,
SM17174 ,SM17156 ,
SM17156 ,SM17132 ,
SM17153 ,SM17108 ,
SM17068 ,SM17089 ,
SM17067 ,SM17089 ,
SM17067 ,SM17092 ,
SM17092 ,SM17132 ,
SM17132 ,SM17108 ,
SM17108 ,SM17089 ,
SM16999 ,SM16968 ,
SM16968 ,SM16966 ,
SM16824 ,SM16779 ,
SM16952 ,SM16951 ,
SM17111 ,SM17075 ,
SM16957 ,SM16954 ,
SM16776 ,SM16822 ,
SM16636 ,SM16637 ,
SM16636 ,SM16634 ,
SM16634 ,SM16633 ,
SM16633 ,SM16593 ,
SM16528 ,SM16472 ,
SM16528 ,SM16509 ,
SM15895 ,SM15862 ,
SM16157 ,SM16121 ,
SM16157 ,SM16207 ,
SM16207 ,SM16266 ,
SM16986 ,SM16988 ,
SM17158 ,SM17124 ,
SM17101 ,SM17071 ,
SM17101 ,SM17136 ,
SM16910 ,SM16875 ,
SM16780 ,SM16761 ,
SM16780 ,SM16796 ,
SM16796 ,SM16810 ,
SM16810 ,SM16830 ,
SM16830 ,SM16842 ,
SM16842 ,SM16858 ,
SM17041 ,SM17011 ,
SM17041 ,SM17066 ,
SM17066 ,SM17086 ,
SM17208 ,SM17244 ,
SM17244 ,SM17263 ,
SM17394 ,SM17409 ,
SM17409 ,SM17420 ,
SM17420 ,SM17434 ,
SM17434 ,SM17445 ,
SM17326 ,SM17307 ,
SM17143 ,SM17126 ,
SM17143 ,SM17159 ,
SM17159 ,SM17177 ,
SM17014 ,SM17001 ,
SM17014 ,SM17022 ,
SM17022 ,SM17033 ,
SM17033 ,SM17034 ,
SM17134 ,SM17103 ,
SM17134 ,SM17163 ,
SM17163 ,SM17219 ,
SM17163 ,SM17191 ,
SM17191 ,SM17219 ,
SM17219 ,SM17245 ,
SM17069 ,SM17032 ,
SM17069 ,SM17098 ,
SM17098 ,SM17123 ,
SM17123 ,SM17148 ,
SM17062 ,SM16992 ,
SM16885 ,SM16918 ,
SM16783 ,SM16746 ,
SM16783 ,SM16823 ,
SM16823 ,SM16859 ,
SM16859 ,SM16894 ,
SM17218 ,SM17238 ,
SM17264 ,SM17258 ,
SM17264 ,SM17288 ,
SM17364 ,SM17392 ,
SM17364 ,SM17412 ,
SM17412 ,SM17392 ,
SM17384 ,SM17343 ,
SM17306 ,SM17276 ,
SM17318 ,SM17293 ,
SM17465 ,SM17446 ,
SM17407 ,SM17383 ,
SM17407 ,SM17422 ,
SM17422 ,SM17441 ,
SM17514 ,SM17531 ,
SM17458 ,SM17441 ,
SM17458 ,SM17474 ,
SM17474 ,SM17489 ,
SM17489 ,SM17501 ,
SM17652 ,SM17637 ,
SM17652 ,SM17665 ,
SM17665 ,SM17683 ,
SM17683 ,SM17705 ,
SM17739 ,SM17732 ,
SM17732 ,SM17705 ,
SM17732 ,SM17726 ,
SM17726 ,SM17705 ,
SM17726 ,SM17722 ,
SM17684 ,SM17638 ,
SM17684 ,SM17714 ,
SM17714 ,SM17748 ,
SM17714 ,SM17742 ,
SM17748 ,SM17772 ,
SM17772 ,SM17792 ,
SM17792 ,SM17813 ,
SM17824 ,SM17832 ,
SM17824 ,SM17848 ,
SM17854 ,SM17832 ,
SM17854 ,SM17838 ,
SM17854 ,SM17878 ,
SM17878 ,SM17863 ,
SM17878 ,SM17908 ,
SM17908 ,SM17885 ,
SM17908 ,SM17928 ,
SM17928 ,SM17916 ,
SM17928 ,SM17941 ,
SM17941 ,SM17934 ,
SM18012 ,SM18021 ,
SM18176 ,SM18182 ,
SM18189 ,SM18182 ,
SM18189 ,SM18202 ,
SM18202 ,SM18214 ,
SM18214 ,SM18229 ,
SM18229 ,SM18241 ,
SM18241 ,SM18253 ,
SM18247 ,SM18254 ,
SM18297 ,SM18290 ,
SM18297 ,SM18309 ,
SM18273 ,SM18283 ,
SM18283 ,SM18295 ,
SM18283 ,SM18298 ,
SM18298 ,SM18295 ,
SM18298 ,SM18314 ,
SM18298 ,SM18303 ,
SM18279 ,SM18294 ,
SM18279 ,SM18268 ,
SM18219 ,SM18227 ,
SM18227 ,SM18234 ,
SM18234 ,SM18240 ,
SM18240 ,SM18244 ,
SM18277 ,SM18266 ,
SM18266 ,SM18256 ,
SM18268 ,SM18256 ,
SM18256 ,SM18249 ,
SM18249 ,SM18244 ,
SM18294 ,SM18303 ,
SM18294 ,SM18301 ,
SM18301 ,SM18303 ,
SM18303 ,SM18328 ,
SM18391 ,SM18363 ,
SM18391 ,SM18378 ,
SM18391 ,SM18389 ,
SM18391 ,SM18408 ,
SM18421 ,SM18430 ,
SM18430 ,SM18439 ,
SM18466 ,SM18479 ,
SM18479 ,SM18491 ,
SM18521 ,SM18543 ,
SM18605 ,SM18598 ,
SM18598 ,SM18589 ,
SM18667 ,SM18657 ,
SM18689 ,SM18674 ,
SM18689 ,SM18706 ,
SM18706 ,SM18720 ,
SM18637 ,SM18624 ,
SM18637 ,SM18653 ,
SM18653 ,SM18668 ,
SM18668 ,SM18684 ,
SM18684 ,SM18699 ,
SM18787 ,SM18779 ,
SM18787 ,SM18798 ,
SM18798 ,SM18809 ,
SM18786 ,SM18801 ,
SM18875 ,SM18862 ,
SM18896 ,SM18881 ,
SM18882 ,SM18865 ,
SM18769 ,SM18779 ,
SM18769 ,SM18761 ,
SM18761 ,SM18752 ,
SM18752 ,SM18743 ,
SM18743 ,SM18728 ,
SM18743 ,SM18737 ,
SM18737 ,SM18726 ,
SM18726 ,SM18719 ,
SM18719 ,SM18708 ,
SM18968 ,SM18981 ,
SM18994 ,SM19008 ,
SM19103 ,SM19122 ,
SM19134 ,SM19122 ,
SM19134 ,SM19135 ,
SM19149 ,SM19135 ,
SM19149 ,SM19165 ,
SM19165 ,SM19175 ,
SM19175 ,SM19187 ,
SM19187 ,SM19191 ,
SM19191 ,SM19195 ,
SM19195 ,SM19199 ,
SM19199 ,SM19201 ,
SM19342 ,SM19332 ,
SM19342 ,SM19355 ,
SM19355 ,SM19363 ,
SM19363 ,SM19379 ,
SM19357 ,SM19375 ,
SM19403 ,SM19392 ,
SM19560 ,SM19548 ,
SM19611 ,SM19590 ,
SM19641 ,SM19622 ,
SM19623 ,SM19610 ,
SM19422 ,SM19404 ,
SM19371 ,SM19362 ,
SM19131 ,SM19127 ,
SM18908 ,SM18901 ,
SM18705 ,SM18698 ,
SM18705 ,SM18709 ,
SM18709 ,SM18715 ,
SM18715 ,SM18721 ,
SM18721 ,SM18725 ,
SM18540 ,SM18536 ,
SM18536 ,SM18532 ,
SM18304 ,SM18291 ,
SM18179 ,SM18196 ,
SM18196 ,SM18213 ,
SM18213 ,SM18230 ,
SM18230 ,SM18243 ,
SM18100 ,SM18118 ,
SM18100 ,SM18079 ,
SM18088 ,SM18067 ,
SM18030 ,SM18047 ,
SM18009 ,SM18027 ,
SM18009 ,SM18015 ,
SM17985 ,SM17969 ,
SM17990 ,SM17969 ,
SM17130 ,SM17112 ,
SM17017 ,SM17030 ,
SM17017 ,SM16926 ,
SM16926 ,SM16878 ,
SM16878 ,SM16827 ,
SM16827 ,SM16768 ,
SM16612 ,SM16667 ,
SM16498 ,SM16560 ,
SM16532 ,SM16587 ,
SM16532 ,SM16480 ,
SM16116 ,SM16067 ,
SM15589 ,SM15658 ,
SM15382 ,SM15288 ,
SM15408 ,SM15355 ,
SM15403 ,SM15316 ,
SM15264 ,SM15316 ,
SM15264 ,SM15185 ,
SM15081 ,SM15135 ,
SM15081 ,SM15035 ,
SM15035 ,SM14981 ,
SM15010 ,SM14924 ,
SM14802 ,SM14862 ,
SM14738 ,SM14829 ,
SM14829 ,SM14924 ,
SM14981 ,SM14924 ,
SM14924 ,SM14862 ,
SM14738 ,SM14644 ,
SM14407 ,SM14298 ,
SM14407 ,SM14517 ,
SM14517 ,SM14626 ,
SM14687 ,SM14626 ,
SM12093 ,SM12065 ,
SM11452 ,SM11378 ,
SM11452 ,SM11363 ,
SM11363 ,SM11124 ,
SM11124 ,SM11013 ,
SM11013 ,SM11256 ,
SM11013 ,SM10893 ,
SM10893 ,SM10671 ,
SM10562 ,SM10604 ,
SM10368 ,SM10484 ,
SM10368 ,SM10265 ,
SM9180  ,SM9056  ,
SM8071  ,SM7932  ,
SM7823  ,SM7620  ,
SM7620  ,SM7437  ,
SM7038  ,SM7137  ,
SM7038  ,SM6959  ,
SM7369  ,SM7155  ,
SM7134  ,SM7141  ,
SM7134  ,SM7128  ,
SM7128  ,SM7121  ,
SM7121  ,SM7117  ,
SM7117  ,SM7069  ,
SM7069  ,SM7061  ,
SM6788  ,SM6886  ,
SM6788  ,SM6660  ,
SM6660  ,SM6886  ,
SM6516  ,SM6539  ,
SM6196  ,SM6355  ,
SM6196  ,SM6215  ,
SM6196  ,SM6036  ,
SM5883  ,SM5888  ,
SM5883  ,SM5877  ,
SM5877  ,SM5873  ,
SM5873  ,SM5866  ,
SM5866  ,SM5865  ,
SM5772  ,SM5755  ,
SM5772  ,SM5704  ,
SM5704  ,SM5685  ,
SM5704  ,SM5650  ,
SM5650  ,SM5623  ,
SM5650  ,SM5576  ,
SM5584  ,SM5523  ,
SM5584  ,SM5503  ,
SM5567  ,SM5503  ,
SM5554  ,SM5401  ,
SM5422  ,SM5401  ,
SM5422  ,SM5433  ,
SM5266  ,SM5241  ,
SM5266  ,SM5283  ,
SM4830  ,SM4787  ,
SM4830  ,SM4630  ,
SM4830  ,SM4854  ,
SM4854  ,SM4891  ,
SM4891  ,SM4928  ,
SM4928  ,SM4725  ,
SM4928  ,SM4957  ,
SM4957  ,SM4756  ,
SM4776  ,SM4756  ,
SM4776  ,SM4668  ,
SM4681  ,SM4668  ,
SM4681  ,SM4687  ,
SM4687  ,SM4697  ,
SM4697  ,SM4698  ,
SM4877  ,SM4698  ,
SM4727  ,SM4698  ,
SM4727  ,SM4742  ,
SM4742  ,SM4761  ,
SM4209  ,SM4266  ,
SM4209  ,SM4184  ,
SM4184  ,SM4164  ,
SM4164  ,SM4154  ,
SM4154  ,SM4076  ,
SM4154  ,SM4151  ,
SM3976  ,SM3988  ,
SM3988  ,SM4076  ,
SM3988  ,SM4013  ,
SM4013  ,SM4076  ,
SM4013  ,SM4036  ,
SM3792  ,SM3775  ,
SM3995  ,SM4036  ,
SM3995  ,SM4078  ,
SM4078  ,SM4036  ,
SM4078  ,SM4122  ,
SM4122  ,SM4182  ,
SM4182  ,SM4269  ,
SM4269  ,SM4333  ,
SM4333  ,SM4389  ,
SM3967  ,SM4032  ,
SM3625  ,SM3723  ,
SM3625  ,SM3539  ,
SM3451  ,SM3581  ,
SM3451  ,SM3446  ,
SM3451  ,SM3330  ,
SM3292  ,SM3194  ,
SM3302  ,SM3330  ,
SM3302  ,SM3308  ,
SM3094  ,SM3156  ,
SM3094  ,SM3036  ,
SM3036  ,SM2974  ,
SM2974  ,SM2897  ,
SM2897  ,SM2811  ,
SM2607  ,SM2627  ,
SM2450  ,SM2521  ,
SM2739  ,SM2710  ,
SM2710  ,SM2686  ,
SM2811  ,SM2745  ,
SM2627  ,SM2650  ,
SM2521  ,SM2595  ,
SM2686  ,SM2669  ,
SM2745  ,SM2669  ,
SM2650  ,SM2669  ,
SM2595  ,SM2669  ,
SM2739  ,SM2755  ,
SM2755  ,SM2776  ,
SM2776  ,SM2797  ,
SM2222  ,SM2247  ,
SM1766  ,SM1782  ,
SM1361  ,SM1371  ,
SM1371  ,SM1381  ,
SM1235  ,SM1323  ,
SM1174  ,SM1159  ,
SM1001  ,SM1059  ,
SM936   ,SM1016  ,
SM936   ,SM871   ,
SM844   ,SM863   ,
SM805   ,SM837   ,
SM890   ,SM893   ,
SM890   ,SM889   ,
SM900   ,SM909   ,
SM1179  ,SM1157  ,
SM1179  ,SM1217  ,
SM1373  ,SM1344  ,
SM1373  ,SM1403  ,
SM1403  ,SM1426  ,
SM1426  ,SM1449  ,
SM1298  ,SM1327  ,
SM1327  ,SM1357  ,
SM1228  ,SM1307  ,
SM1156  ,SM1190  ,
SM1156  ,SM1110  ,
SM1110  ,SM1075  ,
SM1075  ,SM1062  ,
SM1075  ,SM1046  ,
SM990   ,SM1020  ,
SM990   ,SM942   ,
SM1018  ,SM1028  ,
SM1018  ,SM1008  ,
SM1008  ,SM994   ,
SM736   ,SM760   ,
SM736   ,SM711   ,
SM679   ,SM701   ,
SM701   ,SM717   ,
SM741   ,SM717   ,
SM777   ,SM760   ,
SM980   ,SM988   ,
SM980   ,SM966   ,
SM1341  ,SM1358  ,
SM1341  ,SM1329  ,
SM1329  ,SM1316  ,
SM1100  ,SM1147  ,
SM1229  ,SM1243  ,
SM1434  ,SM1397  ,
SM1316  ,SM1301  ,
SM1147  ,SM1181  ,
SM1243  ,SM1259  ,
SM1397  ,SM1355  ,
SM1301  ,SM1288  ,
SM1181  ,SM1232  ,
SM1259  ,SM1274  ,
SM1355  ,SM1314  ,
SM1288  ,SM1274  ,
SM1232  ,SM1274  ,
SM1274  ,SM1314  ,
SM1622  ,SM1601  ,
SM1622  ,SM1655  ,
SM1655  ,SM1731  ,
SM1655  ,SM1691  ,
SM1514  ,SM1558  ,
SM1646  ,SM1670  ,
SM1670  ,SM1685  ,
SM1856  ,SM1874  ,
SM2051  ,SM2076  ,
SM2051  ,SM2123  ,
SM2087  ,SM2123  ,
SM2087  ,SM2223  ,
SM2223  ,SM2252  ,
SM2223  ,SM2363  ,
SM2363  ,SM2387  ,
SM2363  ,SM2338  ,
SM2338  ,SM2479  ,
SM2445  ,SM2479  ,
SM2445  ,SM2544  ,
SM2445  ,SM2400  ,
SM2400  ,SM2519  ,
SM2400  ,SM2370  ,
SM2489  ,SM2519  ,
SM2489  ,SM2598  ,
SM2489  ,SM2467  ,
SM2467  ,SM2558  ,
SM2558  ,SM2598  ,
SM2558  ,SM2517  ,
SM2517  ,SM2471  ,
SM2602  ,SM2621  ,
SM2602  ,SM2579  ,
SM3098  ,SM3063  ,
SM3098  ,SM3134  ,
SM3020  ,SM3070  ,
SM3020  ,SM2965  ,
SM2965  ,SM2907  ,
SM2853  ,SM2916  ,
SM2916  ,SM2878  ,
SM2878  ,SM3025  ,
SM2871  ,SM2915  ,
SM2871  ,SM2808  ,
SM3003  ,SM2953  ,
SM2915  ,SM2953  ,
SM3025  ,SM3139  ,
SM3139  ,SM3192  ,
SM3139  ,SM3268  ,
SM3268  ,SM3393  ,
SM3180  ,SM3233  ,
SM3252  ,SM3303  ,
SM3315  ,SM3370  ,
SM3439  ,SM3421  ,
SM3555  ,SM3487  ,
SM3487  ,SM3421  ,
SM3421  ,SM3370  ,
SM3460  ,SM3428  ,
SM3462  ,SM3406  ,
SM3462  ,SM3371  ,
SM3335  ,SM3371  ,
SM3335  ,SM3297  ,
SM3527  ,SM3393  ,
SM3527  ,SM3668  ,
SM3633  ,SM3690  ,
SM3690  ,SM3742  ,
SM3833  ,SM3795  ,
SM3954  ,SM3918  ,
SM3954  ,SM3986  ,
SM4438  ,SM4491  ,
SM4826  ,SM4898  ,
SM5303  ,SM5467  ,
SM5680  ,SM5761  ,
SM5680  ,SM5618  ,
SM5618  ,SM5537  ,
SM5537  ,SM5460  ,
SM5460  ,SM5368  ,
SM5368  ,SM5294  ,
SM5294  ,SM5226  ,
SM4694  ,SM4751  ,
SM4751  ,SM4794  ,
SM4794  ,SM4845  ,
SM4845  ,SM4895  ,
SM4895  ,SM4945  ,
SM4867  ,SM4945  ,
SM4945  ,SM5019  ,
SM5019  ,SM5091  ,
SM5522  ,SM5599  ,
SM5599  ,SM5672  ,
SM5672  ,SM5747  ,
SM5226  ,SM5158  ,
SM5158  ,SM5091  ,
SM5747  ,SM5816  ,
SM5816  ,SM5909  ,
SM5909  ,SM5976  ,
SM5976  ,SM6034  ,
SM6965  ,SM7072  ,
SM6965  ,SM6865  ,
SM6865  ,SM6743  ,
SM6743  ,SM6661  ,
SM7307  ,SM7393  ,
SM7742  ,SM7838  ,
SM7742  ,SM7656  ,
SM7151  ,SM7218  ,
SM7151  ,SM7076  ,
SM7076  ,SM7003  ,
SM7003  ,SM6930  ,
SM6996  ,SM6893  ,
SM6893  ,SM6774  ,
SM6774  ,SM6860  ,
SM6860  ,SM6930  ,
SM5939  ,SM5983  ,
SM5939  ,SM5834  ,
SM5834  ,SM5791  ,
SM5791  ,SM5710  ,
SM5842  ,SM5983  ,
SM5842  ,SM5918  ,
SM5918  ,SM6026  ,
SM6076  ,SM6026  ,
SM6076  ,SM6142  ,
SM6142  ,SM6216  ,
SM6142  ,SM6168  ,
SM6142  ,SM6011  ,
SM6011  ,SM6040  ,
SM5920  ,SM5979  ,
SM6084  ,SM6068  ,
SM6251  ,SM6201  ,
SM6923  ,SM7031  ,
SM6923  ,SM6804  ,
SM6804  ,SM6707  ,
SM6707  ,SM6632  ,
SM6632  ,SM6560  ,
SM6560  ,SM6479  ,
SM6479  ,SM6421  ,
SM6421  ,SM6452  ,
SM6421  ,SM6370  ,
SM6370  ,SM6310  ,
SM6310  ,SM6345  ,
SM6310  ,SM6261  ,
SM6261  ,SM6345  ,
SM6261  ,SM6195  ,
SM6081  ,SM6121  ,
SM6203  ,SM6177  ,
SM6203  ,SM6245  ,
SM6195  ,SM6153  ,
SM6195  ,SM6121  ,
SM6121  ,SM6153  ,
SM6153  ,SM6177  ,
SM6495  ,SM6452  ,
SM6495  ,SM6557  ,
SM6557  ,SM6611  ,
SM6611  ,SM6656  ,
SM6611  ,SM6461  ,
SM6461  ,SM6455  ,
SM6455  ,SM6507  ,
SM6352  ,SM6413  ,
SM6633  ,SM6586  ,
SM6633  ,SM6790  ,
SM6873  ,SM6790  ,
SM6873  ,SM6933  ,
SM6912  ,SM6933  ,
SM6912  ,SM7012  ,
SM6912  ,SM6957  ,
SM6738  ,SM6957  ,
SM6717  ,SM6782  ,
SM6782  ,SM6883  ,
SM6883  ,SM7007  ,
SM7047  ,SM7007  ,
SM7341  ,SM7290  ,
SM7341  ,SM7400  ,
SM7400  ,SM7459  ,
SM7459  ,SM7515  ,
SM7515  ,SM7567  ,
SM7567  ,SM7622  ,
SM7622  ,SM7681  ,
SM7564  ,SM7652  ,
SM7564  ,SM7489  ,
SM7391  ,SM7440  ,
SM7279  ,SM7440  ,
SM7279  ,SM7327  ,
SM6936  ,SM7056  ,
SM6936  ,SM6818  ,
SM6818  ,SM6775  ,
SM6818  ,SM6760  ,
SM6760  ,SM6775  ,
SM6760  ,SM6665  ,
SM6665  ,SM6587  ,
SM6297  ,SM6313  ,
SM6032  ,SM6112  ,
SM6032  ,SM6046  ,
SM6046  ,SM6061  ,
SM5879  ,SM5796  ,
SM5595  ,SM5613  ,
SM5371  ,SM5469  ,
SM5309  ,SM5326  ,
SM5134  ,SM5060  ,
SM4844  ,SM4857  ,
SM4765  ,SM4827  ,
SM4765  ,SM4752  ,
SM4870  ,SM4827  ,
SM4870  ,SM4857  ,
SM5547  ,SM5469  ,
SM6268  ,SM6191  ,
SM6330  ,SM6313  ,
SM6487  ,SM6587  ,
SM6852  ,SM6817  ,
SM7443  ,SM7417  ,
SM7443  ,SM7593  ,
SM7443  ,SM7498  ,
SM7498  ,SM7649  ,
SM7498  ,SM7537  ,
SM7537  ,SM7698  ,
SM7537  ,SM7586  ,
SM7586  ,SM7751  ,
SM7586  ,SM7637  ,
SM7637  ,SM7808  ,
SM7637  ,SM7670  ,
SM7670  ,SM7782  ,
SM7670  ,SM7710  ,
SM7710  ,SM7871  ,
SM7710  ,SM7759  ,
SM7759  ,SM7916  ,
SM7759  ,SM7809  ,
SM7809  ,SM7960  ,
SM7809  ,SM7858  ,
SM7172  ,SM7195  ,
SM6824  ,SM6968  ,
SM7083  ,SM7189  ,
SM7083  ,SM6979  ,
SM6979  ,SM6877  ,
SM6620  ,SM6513  ,
SM6318  ,SM6336  ,
SM6167  ,SM6260  ,
SM6390  ,SM6454  ,
SM6765  ,SM6885  ,
SM6765  ,SM6863  ,
SM6765  ,SM6675  ,
SM6675  ,SM6739  ,
SM6675  ,SM6600  ,
SM6600  ,SM6655  ,
SM6600  ,SM6512  ,
SM6512  ,SM6440  ,
SM6015  ,SM6063  ,
SM5872  ,SM5885  ,
SM5885  ,SM5857  ,
SM6271  ,SM6228  ,
SM6303  ,SM6228  ,
SM6303  ,SM6374  ,
SM6462  ,SM6374  ,
SM6462  ,SM6520  ,
SM6440  ,SM6374  ,
SM6063  ,SM6124  ,
SM6124  ,SM6175  ,
SM6175  ,SM6228  ,
SM6520  ,SM6584  ,
SM6450  ,SM6486  ,
SM6411  ,SM6553  ,
SM6934  ,SM7161  ,
SM6934  ,SM6722  ,
SM7301  ,SM7385  ,
SM7301  ,SM7202  ,
SM7202  ,SM7095  ,
SM7095  ,SM6992  ,
SM7556  ,SM7640  ,
SM7556  ,SM7486  ,
SM7486  ,SM7390  ,
SM7390  ,SM7304  ,
SM7304  ,SM7755  ,
SM5006  ,SM5182  ,
SM5006  ,SM4989  ,
SM4625  ,SM4775  ,
SM4625  ,SM4768  ,
SM4625  ,SM4598  ,
SM4598  ,SM4760  ,
SM4598  ,SM4582  ,
SM4582  ,SM4621  ,
SM4621  ,SM4747  ,
SM4621  ,SM4732  ,
SM4324  ,SM4400  ,
SM4584  ,SM4641  ,
SM4584  ,SM4552  ,
SM4552  ,SM4498  ,
SM4498  ,SM4454  ,
SM4414  ,SM4454  ,
SM4414  ,SM4371  ,
SM4371  ,SM4330  ,
SM4330  ,SM4278  ,
SM4278  ,SM4217  ,
SM4930  ,SM4938  ,
SM4930  ,SM4919  ,
SM4919  ,SM4907  ,
SM4907  ,SM4899  ,
SM4899  ,SM4882  ,
SM4518  ,SM4522  ,
SM4093  ,SM4135  ,
SM4093  ,SM4037  ,
SM4037  ,SM3973  ,
SM3881  ,SM3855  ,
SM3855  ,SM3822  ,
SM3912  ,SM3973  ,
SM3912  ,SM3860  ,
SM4206  ,SM4214  ,
SM4206  ,SM4200  ,
SM4200  ,SM4196  ,
SM4196  ,SM4250  ,
SM4196  ,SM4198  ,
SM2954  ,SM2948  ,
SM2778  ,SM2848  ,
SM2923  ,SM2928  ,
SM2928  ,SM2933  ,
SM2933  ,SM2937  ,
SM2937  ,SM2848  ,
SM2937  ,SM2942  ,
SM2942  ,SM2948  ,
SM4202  ,SM4198  ,
SM4202  ,SM4204  ,
SM4204  ,SM4208  ,
SM4208  ,SM4225  ,
SM4225  ,SM4240  ,
SM4240  ,SM4265  ,
SM4300  ,SM4308  ,
SM4300  ,SM4292  ,
SM4292  ,SM4286  ,
SM4286  ,SM4276  ,
SM4276  ,SM4268  ,
SM4268  ,SM4260  ,
SM3412  ,SM3880  ,
SM3412  ,SM3408  ,
SM2840  ,SM2833  ,
SM2799  ,SM2805  ,
SM3391  ,SM3396  ,
SM3391  ,SM3386  ,
SM4015  ,SM4019  ,
SM4015  ,SM4012  ,
SM4012  ,SM4006  ,
SM4006  ,SM3999  ,
SM3999  ,SM3994  ,
SM3994  ,SM4055  ,
SM3994  ,SM3989  ,
SM3989  ,SM3985  ,
SM3985  ,SM3979  ,
SM4256  ,SM4166  ,
SM4166  ,SM4108  ,
SM4108  ,SM4055  ,
SM4256  ,SM4338  ,
SM4338  ,SM4407  ,
SM4583  ,SM4589  ,
SM4583  ,SM4579  ,
SM4579  ,SM4574  ,
SM4574  ,SM4568  ,
SM4568  ,SM4563  ,
SM4563  ,SM4560  ,
SM4560  ,SM4558  ,
SM4558  ,SM4553  ,
SM4553  ,SM4543  ,
SM3929  ,SM3924  ,
SM3924  ,SM3920  ,
SM3920  ,SM3916  ,
SM3916  ,SM3913  ,
SM3913  ,SM3907  ,
SM3592  ,SM3662  ,
SM3592  ,SM3515  ,
SM3856  ,SM3859  ,
SM4114  ,SM4062  ,
SM4114  ,SM4178  ,
SM4459  ,SM4468  ,
SM4459  ,SM4453  ,
SM4453  ,SM4449  ,
SM4449  ,SM4446  ,
SM4446  ,SM4440  ,
SM4440  ,SM4435  ,
SM4435  ,SM4433  ,
SM4041  ,SM4101  ,
SM4041  ,SM3978  ,
SM3978  ,SM3914  ,
SM3814  ,SM3809  ,
SM3496  ,SM3564  ,
SM3770  ,SM3773  ,
SM3773  ,SM3781  ,
SM3914  ,SM3862  ,
SM3809  ,SM3803  ,
SM3564  ,SM3637  ,
SM3781  ,SM3788  ,
SM3862  ,SM3797  ,
SM3803  ,SM3797  ,
SM3637  ,SM3711  ,
SM3788  ,SM3797  ,
SM3797  ,SM3711  ,
SM3770  ,SM3761  ,
SM3761  ,SM3754  ,
SM3754  ,SM3750  ,
SM3750  ,SM3741  ,
SM3741  ,SM3733  ,
SM3733  ,SM3727  ,
SM3124  ,SM3118  ,
SM3118  ,SM3116  ,
SM2908  ,SM2982  ,
SM3084  ,SM3086  ,
SM3411  ,SM3348  ,
SM3411  ,SM3479  ,
SM3666  ,SM3673  ,
SM3965  ,SM3901  ,
SM3965  ,SM4027  ,
SM4279  ,SM4288  ,
SM4279  ,SM4272  ,
SM4987  ,SM4996  ,
SM4987  ,SM4978  ,
SM4978  ,SM4970  ,
SM4970  ,SM4963  ,
SM4963  ,SM4953  ,
SM4953  ,SM4947  ,
SM4229  ,SM4219  ,
SM3629  ,SM3622  ,
SM3251  ,SM3361  ,
SM3576  ,SM3585  ,
SM4162  ,SM4171  ,
SM4162  ,SM4160  ,
SM4886  ,SM4900  ,
SM4900  ,SM4913  ,
SM5682  ,SM5694  ,
SM5682  ,SM5678  ,
SM5974  ,SM6006  ,
SM5974  ,SM6051  ,
SM5974  ,SM5935  ,
SM5935  ,SM6012  ,
SM5935  ,SM5880  ,
SM5880  ,SM5981  ,
SM5880  ,SM5828  ,
SM5828  ,SM5944  ,
SM5828  ,SM5794  ,
SM5794  ,SM5887  ,
SM5794  ,SM5743  ,
SM5590  ,SM5572  ,
SM5572  ,SM5544  ,
SM5659  ,SM5698  ,
SM5698  ,SM5743  ,
SM5743  ,SM5824  ,
SM5824  ,SM5887  ,
SM6048  ,SM6109  ,
SM6109  ,SM6159  ,
SM6159  ,SM6174  ,
SM6211  ,SM6174  ,
SM6211  ,SM6264  ,
SM6836  ,SM6872  ,
SM7127  ,SM7001  ,
SM7127  ,SM7258  ,
SM7258  ,SM7370  ,
SM7370  ,SM7479  ,
SM7422  ,SM7479  ,
SM7422  ,SM7562  ,
SM7562  ,SM7571  ,
SM7692  ,SM7767  ,
SM7692  ,SM7860  ,
SM7961  ,SM7978  ,
SM8073  ,SM7978  ,
SM8073  ,SM8190  ,
SM8481  ,SM8455  ,
SM8442  ,SM8455  ,
SM8442  ,SM8429  ,
SM8845  ,SM8668  ,
SM8518  ,SM8505  ,
SM8518  ,SM8530  ,
SM7583  ,SM7576  ,
SM7583  ,SM7591  ,
SM7591  ,SM7601  ,
SM7601  ,SM7612  ,
SM7612  ,SM7618  ,
SM7618  ,SM7625  ,
SM7625  ,SM7634  ,
SM8166  ,SM8049  ,
SM8166  ,SM8287  ,
SM8287  ,SM8397  ,
SM8597  ,SM8603  ,
SM8921  ,SM8825  ,
SM8649  ,SM8642  ,
SM8397  ,SM8512  ,
SM8603  ,SM8613  ,
SM8825  ,SM8731  ,
SM8642  ,SM8629  ,
SM8512  ,SM8621  ,
SM8613  ,SM8621  ,
SM8731  ,SM8621  ,
SM8629  ,SM8621  ,
SM8649  ,SM8657  ,
SM8657  ,SM8666  ,
SM9555  ,SM9563  ,
SM9555  ,SM9544  ,
SM9544  ,SM9533  ,
SM9213  ,SM9304  ,
SM9488  ,SM9498  ,
SM9749  ,SM9622  ,
SM9622  ,SM9506  ,
SM9515  ,SM9506  ,
SM9515  ,SM9523  ,
SM9523  ,SM9533  ,
SM9801  ,SM9817  ,
SM9304  ,SM9396  ,
SM9498  ,SM9506  ,
SM9506  ,SM9396  ,
SM9570  ,SM9563  ,
SM8681  ,SM8673  ,
SM8681  ,SM8690  ,
SM8690  ,SM8698  ,
SM9590  ,SM9596  ,
SM9604  ,SM9596  ,
SM9604  ,SM9619  ,
SM9619  ,SM9628  ,
SM9987  ,SM9882  ,
SM9672  ,SM9665  ,
SM9322  ,SM9418  ,
SM9418  ,SM9534  ,
SM9628  ,SM9633  ,
SM9882  ,SM9768  ,
SM9665  ,SM9656  ,
SM9534  ,SM9656  ,
SM9534  ,SM9645  ,
SM9633  ,SM9645  ,
SM9768  ,SM9645  ,
SM9656  ,SM9645  ,
SM9322  ,SM9237  ,
SM9237  ,SM9154  ,
SM9154  ,SM9043  ,
SM8781  ,SM8777  ,
SM8781  ,SM8787  ,
SM8787  ,SM8806  ,
SM9692  ,SM9699  ,
SM9699  ,SM9711  ,
SM9711  ,SM9720  ,
SM9720  ,SM9732  ,
SM10362 ,SM10375 ,
SM10612 ,SM10628 ,
SM10612 ,SM10599 ,
SM10858 ,SM10876 ,
SM11857 ,SM11864 ,
SM12554 ,SM12465 ,
SM11976 ,SM11964 ,
SM10991 ,SM10985 ,
SM10991 ,SM10999 ,
SM10999 ,SM11001 ,
SM11001 ,SM11006 ,
SM11006 ,SM10809 ,
SM10809 ,SM10786 ,
SM10809 ,SM10829 ,
SM9912  ,SM9900  ,
SM9912  ,SM9921  ,
SM9921  ,SM9930  ,
SM9930  ,SM9940  ,
SM9940  ,SM9949  ,
SM9949  ,SM9964  ,
SM9964  ,SM9973  ,
SM9973  ,SM9984  ,
SM10915 ,SM10930 ,
SM10930 ,SM10954 ,
SM10954 ,SM10974 ,
SM10954 ,SM11119 ,
SM11119 ,SM11131 ,
SM12148 ,SM12157 ,
SM12804 ,SM12709 ,
SM12250 ,SM12241 ,
SM11244 ,SM11222 ,
SM11244 ,SM11098 ,
SM11244 ,SM11275 ,
SM11275 ,SM11121 ,
SM11275 ,SM11308 ,
SM12281 ,SM12287 ,
SM12287 ,SM12297 ,
SM12674 ,SM12497 ,
SM12362 ,SM12352 ,
SM12362 ,SM12370 ,
SM12266 ,SM12147 ,
SM12147 ,SM11942 ,
SM11942 ,SM11684 ,
SM11942 ,SM11952 ,
SM11952 ,SM11967 ,
SM12174 ,SM11967 ,
SM12174 ,SM12191 ,
SM12191 ,SM11984 ,
SM12191 ,SM12203 ,
SM12404 ,SM12415 ,
SM12958 ,SM12854 ,
SM12501 ,SM12493 ,
SM11620 ,SM11597 ,
SM11620 ,SM11382 ,
SM11620 ,SM11636 ,
SM11636 ,SM11401 ,
SM11636 ,SM11640 ,
SM12525 ,SM12531 ,
SM12531 ,SM12537 ,
SM12966 ,SM12867 ,
SM12604 ,SM12594 ,
SM11726 ,SM11705 ,
SM11726 ,SM11534 ,
SM11726 ,SM11747 ,
SM11747 ,SM11555 ,
SM11747 ,SM11770 ,
SM12623 ,SM12634 ,
SM12634 ,SM12639 ,
SM12639 ,SM12649 ,
SM12649 ,SM12657 ,
SM12657 ,SM12669 ,
SM12904 ,SM13106 ,
SM13178 ,SM13097 ,
SM13178 ,SM13263 ,
SM13263 ,SM13358 ,
SM13358 ,SM13432 ,
SM13432 ,SM13516 ,
SM13506 ,SM13516 ,
SM13599 ,SM13516 ,
SM12780 ,SM12772 ,
SM11961 ,SM11947 ,
SM11961 ,SM11758 ,
SM11758 ,SM11739 ,
SM11337 ,SM11231 ,
SM11844 ,SM11843 ,
SM12030 ,SM11843 ,
SM12030 ,SM12047 ,
SM12846 ,SM12855 ,
SM12846 ,SM12837 ,
SM13773 ,SM13688 ,
SM13773 ,SM13691 ,
SM13704 ,SM13691 ,
SM13449 ,SM13526 ,
SM12878 ,SM12870 ,
SM12878 ,SM12884 ,
SM12884 ,SM12893 ,
SM12071 ,SM12062 ,
SM12071 ,SM11849 ,
SM12071 ,SM12083 ,
SM12083 ,SM11847 ,
SM12083 ,SM12095 ,
SM12331 ,SM12221 ,
SM12117 ,SM12221 ,
SM12117 ,SM12104 ,
SM12117 ,SM12009 ,
SM11953 ,SM12009 ,
SM11953 ,SM11858 ,
SM11858 ,SM11846 ,
SM11858 ,SM11652 ,
SM11652 ,SM11846 ,
SM12095 ,SM12104 ,
SM12221 ,SM12104 ,
SM12104 ,SM12009 ,
SM11846 ,SM11847 ,
SM11847 ,SM11849 ,
SM10907 ,SM10895 ,
SM10907 ,SM10917 ,
SM11271 ,SM11104 ,
SM10983 ,SM10973 ,
SM10730 ,SM10485 ,
SM10485 ,SM10275 ,
SM10275 ,SM10230 ,
SM10275 ,SM10060 ,
SM10359 ,SM10249 ,
SM10359 ,SM10468 ,
SM10468 ,SM10597 ,
SM10597 ,SM10713 ,
SM11059 ,SM11065 ,
SM11065 ,SM11077 ,
SM11077 ,SM11085 ,
SM11524 ,SM11312 ,
SM11524 ,SM11780 ,
SM11766 ,SM11780 ,
SM11766 ,SM12001 ,
SM12001 ,SM12085 ,
SM12085 ,SM12224 ,
SM12224 ,SM12235 ,
SM12224 ,SM12333 ,
SM12235 ,SM12242 ,
SM12045 ,SM12022 ,
SM12045 ,SM11806 ,
SM12045 ,SM12063 ,
SM11476 ,SM11634 ,
SM11476 ,SM11468 ,
SM11476 ,SM11299 ,
SM11299 ,SM11127 ,
SM11138 ,SM11127 ,
SM10820 ,SM10771 ,
SM10371 ,SM10567 ,
SM10567 ,SM10771 ,
SM10713 ,SM10853 ,
SM10853 ,SM10979 ,
SM10979 ,SM11094 ,
SM11085 ,SM11094 ,
SM11312 ,SM11106 ,
SM11116 ,SM11106 ,
SM11106 ,SM11094 ,
SM11116 ,SM11127 ,
SM11468 ,SM11634 ,
SM11634 ,SM11806 ,
SM11780 ,SM11806 ,
SM11780 ,SM12022 ,
SM10371 ,SM10194 ,
SM10042 ,SM10021 ,
SM10021 ,SM10194 ,
SM10021 ,SM10008 ,
SM10021 ,SM9829  ,
SM9829  ,SM9812  ,
SM9106  ,SM9101  ,
SM9106  ,SM9117  ,
SM9117  ,SM9124  ,
SM9124  ,SM9135  ,
SM9135  ,SM9145  ,
SM9145  ,SM9152  ,
SM6857  ,SM6958  ,
SM8904  ,SM8858  ,
SM8904  ,SM8956  ,
SM8956  ,SM9011  ,
SM9011  ,SM9131  ,
SM9011  ,SM9080  ,
SM9080  ,SM9139  ,
SM9139  ,SM9188  ,
SM9188  ,SM9240  ,
SM9240  ,SM9287  ,
SM9287  ,SM9353  ,
SM9287  ,SM9330  ,
SM9330  ,SM9397  ,
SM9397  ,SM9461  ,
SM9461  ,SM9521  ,
SM9521  ,SM9586  ,
SM9586  ,SM9655  ,
SM9655  ,SM9721  ,
SM10492 ,SM10697 ,
SM10127 ,SM10188 ,
SM9869  ,SM9963  ,
SM10507 ,SM10440 ,
SM11062 ,SM10962 ,
SM11062 ,SM11145 ,
SM11062 ,SM11136 ,
SM11004 ,SM11136 ,
SM11004 ,SM11114 ,
SM11004 ,SM10889 ,
SM10851 ,SM10914 ,
SM10914 ,SM10980 ,
SM10980 ,SM11036 ,
SM11036 ,SM11097 ,
SM11519 ,SM11393 ,
SM11519 ,SM11667 ,
SM11667 ,SM11815 ,
SM11205 ,SM11259 ,
SM11944 ,SM12019 ,
SM11944 ,SM12012 ,
SM12012 ,SM12019 ,
SM12012 ,SM12069 ,
SM12069 ,SM12141 ,
SM12141 ,SM12155 ,
SM12141 ,SM12194 ,
SM12230 ,SM12194 ,
SM12230 ,SM12301 ,
SM12230 ,SM12271 ,
SM12271 ,SM12301 ,
SM12472 ,SM12486 ,
SM13324 ,SM13328 ,
SM13324 ,SM13320 ,
SM14157 ,SM14092 ,
SM14157 ,SM14228 ,
SM14109 ,SM14061 ,
SM14109 ,SM14159 ,
SM14149 ,SM14095 ,
SM14095 ,SM14049 ,
SM14049 ,SM13999 ,
SM13999 ,SM13944 ,
SM13944 ,SM13887 ,
SM13496 ,SM13429 ,
SM12761 ,SM12648 ,
SM11891 ,SM11943 ,
SM11891 ,SM11670 ,
SM11891 ,SM11835 ,
SM12123 ,SM11956 ,
SM12123 ,SM12091 ,
SM12123 ,SM12269 ,
SM12710 ,SM12609 ,
SM13308 ,SM13254 ,
SM13254 ,SM13208 ,
SM13368 ,SM13266 ,
SM13368 ,SM13287 ,
SM13368 ,SM13491 ,
SM13491 ,SM13421 ,
SM13491 ,SM13625 ,
SM13912 ,SM13829 ,
SM13912 ,SM13954 ,
SM13912 ,SM13981 ,
SM13981 ,SM13954 ,
SM14371 ,SM14438 ,
SM14678 ,SM14660 ,
SM14660 ,SM14638 ,
SM14638 ,SM14610 ,
SM15040 ,SM14975 ,
SM15050 ,SM14975 ,
SM15033 ,SM14949 ,
SM15033 ,SM14970 ,
SM15033 ,SM15111 ,
SM15111 ,SM15092 ,
SM15243 ,SM15207 ,
SM15279 ,SM15240 ,
SM15329 ,SM15240 ,
SM15089 ,SM15054 ,
SM15089 ,SM15129 ,
SM14962 ,SM14988 ,
SM14962 ,SM14928 ,
SM15161 ,SM15153 ,
SM15205 ,SM15170 ,
SM15205 ,SM15245 ,
SM15245 ,SM15283 ,
SM15283 ,SM15327 ,
SM15327 ,SM15371 ,
SM15371 ,SM15406 ,
SM15406 ,SM15442 ,
SM15491 ,SM15442 ,
SM15491 ,SM15541 ,
SM15541 ,SM15592 ,
SM15677 ,SM15716 ,
SM15874 ,SM15864 ,
SM15874 ,SM15902 ,
SM15877 ,SM15915 ,
SM16011 ,SM15983 ,
SM16079 ,SM16022 ,
SM15902 ,SM15925 ,
SM15915 ,SM15950 ,
SM15983 ,SM15966 ,
SM16022 ,SM15981 ,
SM15925 ,SM15950 ,
SM15950 ,SM15981 ,
SM15950 ,SM15966 ,
SM15864 ,SM15852 ,
SM15852 ,SM15811 ,
SM15852 ,SM15848 ,
SM15848 ,SM15846 ,
SM15846 ,SM15849 ,
SM15849 ,SM15854 ,
SM15854 ,SM15861 ,
SM15822 ,SM15789 ,
SM15885 ,SM15889 ,
SM16237 ,SM16197 ,
SM16237 ,SM16263 ,
SM16280 ,SM16263 ,
SM16280 ,SM16304 ,
SM16307 ,SM16304 ,
SM16640 ,SM16591 ,
SM16640 ,SM16639 ,
SM16640 ,SM16682 ,
SM16682 ,SM16728 ,
SM16728 ,SM16779 ,
SM16637 ,SM16638 ,
SM16507 ,SM16452 ,
SM16507 ,SM16544 ,
SM16544 ,SM16593 ,
SM16472 ,SM16446 ,
SM16446 ,SM16415 ,
SM16415 ,SM16389 ,
SM16389 ,SM16349 ,
SM16349 ,SM16318 ,
SM16318 ,SM16278 ,
SM15738 ,SM15730 ,
SM15738 ,SM15724 ,
SM15724 ,SM15693 ,
SM15810 ,SM15754 ,
SM15810 ,SM15862 ,
SM16091 ,SM16064 ,
SM16091 ,SM16121 ,
SM16013 ,SM16064 ,
SM16013 ,SM15997 ,
SM15997 ,SM15989 ,
SM15989 ,SM15998 ,
SM16042 ,SM15998 ,
SM16042 ,SM16080 ,
SM16266 ,SM16311 ,
SM16989 ,SM16991 ,
SM16989 ,SM16988 ,
SM17124 ,SM17085 ,
SM17071 ,SM17026 ,
SM16856 ,SM16883 ,
SM16856 ,SM16835 ,
SM16835 ,SM16809 ,
SM16875 ,SM16846 ,
SM16761 ,SM16751 ,
SM16523 ,SM16493 ,
SM16523 ,SM16557 ,
SM16557 ,SM16597 ,
SM16597 ,SM16625 ,
SM16625 ,SM16641 ,
SM16641 ,SM16651 ,
SM16651 ,SM16642 ,
SM16770 ,SM16713 ,
SM16770 ,SM16818 ,
SM16858 ,SM16873 ,
SM17011 ,SM16940 ,
SM16906 ,SM16893 ,
SM16818 ,SM16850 ,
SM16940 ,SM16913 ,
SM16893 ,SM16886 ,
SM16893 ,SM16850 ,
SM16850 ,SM16886 ,
SM16886 ,SM16913 ,
SM16906 ,SM16920 ,
SM17102 ,SM17126 ,
SM17102 ,SM17086 ,
SM17263 ,SM17287 ,
SM17287 ,SM17307 ,
SM16937 ,SM16920 ,
SM16937 ,SM16953 ,
SM16953 ,SM17001 ,
SM16786 ,SM16758 ,
SM16786 ,SM16805 ,
SM16805 ,SM16832 ,
SM16832 ,SM16836 ,
SM16832 ,SM16853 ,
SM16832 ,SM16899 ,
SM16899 ,SM16853 ,
SM16899 ,SM16836 ,
SM16899 ,SM16946 ,
SM16946 ,SM17035 ,
SM16946 ,SM17034 ,
SM17034 ,SM17035 ,
SM17103 ,SM17074 ,
SM17037 ,SM17036 ,
SM17036 ,SM17035 ,
SM17035 ,SM17074 ,
SM17037 ,SM17020 ,
SM17020 ,SM17009 ,
SM17009 ,SM16993 ,
SM17032 ,SM17008 ,
SM16902 ,SM16863 ,
SM16902 ,SM16944 ,
SM16944 ,SM16992 ,
SM16992 ,SM16918 ,
SM16817 ,SM16841 ,
SM16817 ,SM16794 ,
SM16794 ,SM16764 ,
SM16764 ,SM16748 ,
SM16748 ,SM16716 ,
SM16716 ,SM16683 ,
SM16683 ,SM16648 ,
SM16648 ,SM16614 ,
SM16568 ,SM16586 ,
SM16658 ,SM16619 ,
SM16658 ,SM16698 ,
SM16698 ,SM16746 ,
SM16675 ,SM16631 ,
SM16675 ,SM16691 ,
SM16691 ,SM16705 ,
SM16894 ,SM16928 ,
SM16928 ,SM17010 ,
SM17238 ,SM17258 ,
SM17258 ,SM17302 ,
SM17302 ,SM17343 ,
SM17181 ,SM17151 ,
SM17181 ,SM17217 ,
SM17217 ,SM17249 ,
SM17249 ,SM17276 ,
SM17293 ,SM17272 ,
SM17446 ,SM17426 ,
SM17383 ,SM17360 ,
SM17214 ,SM17179 ,
SM17214 ,SM17248 ,
SM17248 ,SM17275 ,
SM17275 ,SM17305 ,
SM17305 ,SM17331 ,
SM17331 ,SM17355 ,
SM17355 ,SM17379 ,
SM17379 ,SM17362 ,
SM17501 ,SM17511 ,
SM17569 ,SM17546 ,
SM17569 ,SM17555 ,
SM17569 ,SM17583 ,
SM17583 ,SM17605 ,
SM17605 ,SM17638 ,
SM17605 ,SM17623 ,
SM17637 ,SM17623 ,
SM17637 ,SM17638 ,
SM17638 ,SM17623 ,
SM17640 ,SM17598 ,
SM17640 ,SM17647 ,
SM17640 ,SM17663 ,
SM17690 ,SM17663 ,
SM17690 ,SM17709 ,
SM17709 ,SM17733 ,
SM17733 ,SM17757 ,
SM17757 ,SM17780 ,
SM17813 ,SM17838 ,
SM17813 ,SM17832 ,
SM17838 ,SM17863 ,
SM17863 ,SM17885 ,
SM17885 ,SM17916 ,
SM17916 ,SM17934 ,
SM17934 ,SM17949 ,
SM17949 ,SM17965 ,
SM17965 ,SM17978 ,
SM18021 ,SM18031 ,
SM18031 ,SM18044 ,
SM18044 ,SM18059 ,
SM18059 ,SM18073 ,
SM18073 ,SM18083 ,
SM18083 ,SM18098 ,
SM18098 ,SM18112 ,
SM18112 ,SM18124 ,
SM18124 ,SM18139 ,
SM18139 ,SM18152 ,
SM18152 ,SM18166 ,
SM18166 ,SM18177 ,
SM18177 ,SM18192 ,
SM18192 ,SM18209 ,
SM18209 ,SM18220 ,
SM18253 ,SM18259 ,
SM18259 ,SM18269 ,
SM18275 ,SM18269 ,
SM18275 ,SM18282 ,
SM18284 ,SM18282 ,
SM18284 ,SM18290 ,
SM18309 ,SM18319 ,
SM18319 ,SM18329 ,
SM18314 ,SM18326 ,
SM18326 ,SM18334 ,
SM18326 ,SM18339 ,
SM18339 ,SM18334 ,
SM18339 ,SM18353 ,
SM18353 ,SM18363 ,
SM18363 ,SM18389 ,
SM18363 ,SM18378 ,
SM18378 ,SM18389 ,
SM18389 ,SM18403 ,
SM18403 ,SM18415 ,
SM18440 ,SM18432 ,
SM18440 ,SM18444 ,
SM18444 ,SM18450 ,
SM18450 ,SM18459 ,
SM18459 ,SM18465 ,
SM18465 ,SM18474 ,
SM18458 ,SM18469 ,
SM18458 ,SM18447 ,
SM18491 ,SM18505 ,
SM18505 ,SM18515 ,
SM18589 ,SM18579 ,
SM18657 ,SM18648 ,
SM18674 ,SM18660 ,
SM18599 ,SM18609 ,
SM18599 ,SM18590 ,
SM18590 ,SM18581 ,
SM18611 ,SM18597 ,
SM18611 ,SM18624 ,
SM18555 ,SM18541 ,
SM18555 ,SM18563 ,
SM18563 ,SM18577 ,
SM18614 ,SM18601 ,
SM18614 ,SM18630 ,
SM18630 ,SM18645 ,
SM18645 ,SM18662 ,
SM18662 ,SM18677 ,
SM18677 ,SM18694 ,
SM18694 ,SM18708 ,
SM18981 ,SM18996 ,
SM19008 ,SM19022 ,
SM19022 ,SM19037 ,
SM19201 ,SM19202 ,
SM19332 ,SM19320 ,
SM19496 ,SM19485 ,
SM19496 ,SM19523 ,
SM19496 ,SM19512 ,
SM19512 ,SM19523 ,
SM19512 ,SM19528 ,
SM19528 ,SM19540 ,
SM19540 ,SM19548 ,
SM19379 ,SM19392 ,
SM19375 ,SM19392 ,
SM19590 ,SM19575 ,
SM19622 ,SM19605 ,
SM19610 ,SM19594 ,
SM19404 ,SM19387 ,
SM19362 ,SM19358 ,
SM19127 ,SM19120 ,
SM18901 ,SM18895 ,
SM18698 ,SM18693 ,
SM18523 ,SM18520 ,
SM18523 ,SM18529 ,
SM18291 ,SM18278 ,
SM18278 ,SM18267 ,
SM18267 ,SM18255 ,
SM18267 ,SM18243 ,
SM18243 ,SM18255 ,
SM18118 ,SM18135 ,
SM18054 ,SM18066 ,
SM18054 ,SM18042 ,
SM18054 ,SM18033 ,
SM18033 ,SM18025 ,
SM18025 ,SM18015 ,
SM18079 ,SM18064 ,
SM18067 ,SM18064 ,
SM18067 ,SM18047 ,
SM18047 ,SM18046 ,
SM18047 ,SM18027 ,
SM18027 ,SM18046 ,
SM18064 ,SM18046 ,
SM17915 ,SM17933 ,
SM17933 ,SM17947 ,
SM17947 ,SM17964 ,
SM17964 ,SM17983 ,
SM17978 ,SM17992 ,
SM17992 ,SM18002 ,
SM18002 ,SM17983 ,
SM18002 ,SM17994 ,
SM18038 ,SM18022 ,
SM18038 ,SM18053 ,
SM18053 ,SM18055 ,
SM18220 ,SM18235 ,
SM18235 ,SM18245 ,
SM18245 ,SM18257 ,
SM18413 ,SM18422 ,
SM18415 ,SM18425 ,
SM18432 ,SM18425 ,
SM18442 ,SM18435 ,
SM18435 ,SM18425 ,
SM18422 ,SM18425 ,
SM18442 ,SM18452 ,
SM18452 ,SM18462 ,
SM18493 ,SM18484 ,
SM18493 ,SM18501 ,
SM18501 ,SM18510 ,
SM18510 ,SM18517 ,
SM18517 ,SM18528 ,
SM18528 ,SM18534 ,
SM18534 ,SM18542 ,
SM18474 ,SM18483 ,
SM18469 ,SM18480 ,
SM18516 ,SM18508 ,
SM18516 ,SM18524 ,
SM18515 ,SM18530 ,
SM18553 ,SM18546 ,
SM18553 ,SM18558 ,
SM18558 ,SM18575 ,
SM18558 ,SM18565 ,
SM18565 ,SM18575 ,
SM18565 ,SM18571 ,
SM18571 ,SM18579 ,
SM18593 ,SM18584 ,
SM18584 ,SM18575 ,
SM18546 ,SM18539 ,
SM18539 ,SM18530 ,
SM18539 ,SM18533 ,
SM18533 ,SM18524 ,
SM18581 ,SM18576 ,
SM18597 ,SM18585 ,
SM18585 ,SM18573 ,
SM18573 ,SM18561 ,
SM18561 ,SM18557 ,
SM18561 ,SM18552 ,
SM18542 ,SM18552 ,
SM18483 ,SM18492 ,
SM18480 ,SM18492 ,
SM18508 ,SM18500 ,
SM18566 ,SM18557 ,
SM18557 ,SM18552 ,
SM18492 ,SM18500 ,
SM18566 ,SM18576 ,
SM18531 ,SM18518 ,
SM18531 ,SM18541 ,
SM18397 ,SM18382 ,
SM18397 ,SM18411 ,
SM18411 ,SM18423 ,
SM18423 ,SM18433 ,
SM18577 ,SM18587 ,
SM18601 ,SM18587 ,
SM18700 ,SM18682 ,
SM18700 ,SM18717 ,
SM18717 ,SM18734 ,
SM18734 ,SM18750 ,
SM18750 ,SM18765 ,
SM18765 ,SM18778 ,
SM18778 ,SM18795 ,
SM18795 ,SM18811 ,
SM18811 ,SM18815 ,
SM18811 ,SM18829 ,
SM18829 ,SM18848 ,
SM18848 ,SM18868 ,
SM18868 ,SM18885 ,
SM18885 ,SM18902 ,
SM18902 ,SM18919 ,
SM18919 ,SM18934 ,
SM18934 ,SM18951 ,
SM18996 ,SM19006 ,
SM19006 ,SM19015 ,
SM19037 ,SM19042 ,
SM19202 ,SM19204 ,
SM19320 ,SM19305 ,
SM19485 ,SM19473 ,
SM19485 ,SM19506 ,
SM19506 ,SM19513 ,
SM19506 ,SM19523 ,
SM19523 ,SM19541 ,
SM19541 ,SM19558 ,
SM19575 ,SM19558 ,
SM19514 ,SM19525 ,
SM19514 ,SM19507 ,
SM19605 ,SM19587 ,
SM19594 ,SM19579 ,
SM19387 ,SM19370 ,
SM19358 ,SM19354 ,
SM19120 ,SM19115 ,
SM18895 ,SM18892 ,
SM18693 ,SM18686 ,
SM18520 ,SM18514 ,
SM18514 ,SM18511 ,
SM18300 ,SM18312 ,
SM18300 ,SM18288 ,
SM18288 ,SM18276 ,
SM18276 ,SM18265 ,
SM18265 ,SM18255 ,
SM18135 ,SM18154 ,
SM18066 ,SM18086 ,
SM18066 ,SM18052 ,
SM18042 ,SM18036 ,
SM18036 ,SM18052 ,
SM18036 ,SM18041 ,
SM18041 ,SM18052 ,
SM18041 ,SM18060 ,
SM18041 ,SM18045 ,
SM18045 ,SM18060 ,
SM18045 ,SM18051 ,
SM17983 ,SM17994 ,
SM17994 ,SM18010 ,
SM18010 ,SM18022 ,
SM18055 ,SM18051 ,
SM18082 ,SM18069 ,
SM18082 ,SM18099 ,
SM18226 ,SM18198 ,
SM18226 ,SM18252 ,
SM18252 ,SM18281 ,
SM18257 ,SM18272 ,
SM18272 ,SM18293 ,
SM18293 ,SM18311 ,
SM18311 ,SM18325 ,
SM18325 ,SM18342 ,
SM18494 ,SM18506 ,
SM18506 ,SM18518 ,
SM18366 ,SM18356 ,
SM18366 ,SM18382 ,
SM18374 ,SM18347 ,
SM18374 ,SM18402 ,
SM18402 ,SM18428 ,
SM18428 ,SM18434 ,
SM18428 ,SM18441 ,
SM18433 ,SM18443 ,
SM18682 ,SM18666 ,
SM18627 ,SM18620 ,
SM18627 ,SM18631 ,
SM18631 ,SM18635 ,
SM18844 ,SM18849 ,
SM18849 ,SM18855 ,
SM19067 ,SM19073 ,
SM19067 ,SM19062 ,
SM19062 ,SM19057 ,
SM18951 ,SM18966 ,
SM18966 ,SM18982 ,
SM19015 ,SM19033 ,
SM19033 ,SM19045 ,
SM19033 ,SM19047 ,
SM19042 ,SM19048 ,
SM19205 ,SM19207 ,
SM19205 ,SM19204 ,
SM19305 ,SM19298 ,
SM19298 ,SM19290 ,
SM19473 ,SM19459 ,
SM19459 ,SM19452 ,
SM19507 ,SM19497 ,
SM19502 ,SM19492 ,
SM19502 ,SM19511 ,
SM19587 ,SM19570 ,
SM19579 ,SM19562 ,
SM19466 ,SM19484 ,
SM19466 ,SM19447 ,
SM19447 ,SM19428 ,
SM19321 ,SM19314 ,
SM19321 ,SM19323 ,
SM19370 ,SM19353 ,
SM19370 ,SM19345 ,
SM19354 ,SM19345 ,
SM19115 ,SM19109 ,
SM18892 ,SM18888 ,
SM18686 ,SM18680 ,
SM18511 ,SM18507 ,
SM18312 ,SM18320 ,
SM18320 ,SM18331 ,
SM18331 ,SM18341 ,
SM18341 ,SM18348 ,
SM18348 ,SM18357 ,
SM18281 ,SM18316 ,
SM18316 ,SM18347 ,
SM18342 ,SM18356 ,
SM18390 ,SM18384 ,
SM18390 ,SM18400 ,
SM18400 ,SM18412 ,
SM18412 ,SM18420 ,
SM18420 ,SM18426 ,
SM18426 ,SM18434 ,
SM18434 ,SM18441 ,
SM18441 ,SM18451 ,
SM18441 ,SM18449 ,
SM18449 ,SM18451 ,
SM18449 ,SM18461 ,
SM18443 ,SM18455 ,
SM18455 ,SM18467 ,
SM18467 ,SM18482 ,
SM18482 ,SM18496 ,
SM18496 ,SM18509 ,
SM18509 ,SM18522 ,
SM18616 ,SM18602 ,
SM18616 ,SM18632 ,
SM18632 ,SM18647 ,
SM18647 ,SM18666 ,
SM18620 ,SM18613 ,
SM18538 ,SM18551 ,
SM18538 ,SM18525 ,
SM18525 ,SM18512 ,
SM18468 ,SM18463 ,
SM18463 ,SM18460 ,
SM18460 ,SM18456 ,
SM18456 ,SM18451 ,
SM18461 ,SM18472 ,
SM18472 ,SM18487 ,
SM18487 ,SM18499 ,
SM18499 ,SM18512 ,
SM18522 ,SM18535 ,
SM18602 ,SM18586 ,
SM18602 ,SM18603 ,
SM18603 ,SM18608 ,
SM18608 ,SM18613 ,
SM18551 ,SM18562 ,
SM18551 ,SM18549 ,
SM18549 ,SM18562 ,
SM18549 ,SM18535 ,
SM18586 ,SM18574 ,
SM18574 ,SM18562 ,
SM18468 ,SM18471 ,
SM18471 ,SM18477 ,
SM18635 ,SM18640 ,
SM18640 ,SM18646 ,
SM18855 ,SM18861 ,
SM19073 ,SM19080 ,
SM19080 ,SM19087 ,
SM19323 ,SM19331 ,
SM19353 ,SM19337 ,
SM19353 ,SM19339 ,
SM19345 ,SM19339 ,
SM19109 ,SM19102 ,
SM18888 ,SM18880 ,
SM18680 ,SM18675 ,
SM18507 ,SM18504 ,
SM18504 ,SM18498 ,
SM18498 ,SM18495 ,
SM18495 ,SM18489 ,
SM18357 ,SM18365 ,
SM18365 ,SM18373 ,
SM18373 ,SM18384 ,
SM18477 ,SM18481 ,
SM18481 ,SM18486 ,
SM18646 ,SM18651 ,
SM18861 ,SM18864 ,
SM19087 ,SM19092 ,
SM19331 ,SM19337 ,
SM19337 ,SM19339 ,
SM19102 ,SM19096 ,
SM18880 ,SM18877 ,
SM18675 ,SM18669 ,
SM18669 ,SM18665 ,
SM18665 ,SM18658 ,
SM18658 ,SM18651 ,
SM18489 ,SM18486 ,
SM18864 ,SM18872 ,
SM19092 ,SM19096 ,
SM18877 ,SM18872 ,
SM19314 ,SM19307 ,
SM19307 ,SM19302 ,
SM19302 ,SM19293 ,
SM19133 ,SM19156 ,
SM19133 ,SM19118 ,
SM19057 ,SM19053 ,
SM19053 ,SM19049 ,
SM18982 ,SM18998 ,
SM18998 ,SM19012 ,
SM19012 ,SM19030 ,
SM19114 ,SM19129 ,
SM19114 ,SM19111 ,
SM19069 ,SM19083 ,
SM19069 ,SM19058 ,
SM19058 ,SM19045 ,
SM19045 ,SM19047 ,
SM19047 ,SM19048 ,
SM19208 ,SM19209 ,
SM19208 ,SM19207 ,
SM19290 ,SM19282 ,
SM19393 ,SM19380 ,
SM19452 ,SM19439 ,
SM19497 ,SM19493 ,
SM19493 ,SM19492 ,
SM19407 ,SM19419 ,
SM19407 ,SM19396 ,
SM19396 ,SM19386 ,
SM19386 ,SM19374 ,
SM19428 ,SM19410 ,
SM19410 ,SM19391 ,
SM19391 ,SM19368 ,
SM19368 ,SM19347 ,
SM19293 ,SM19285 ,
SM19156 ,SM19174 ,
SM19190 ,SM19174 ,
SM19190 ,SM19206 ,
SM19190 ,SM19213 ,
SM19213 ,SM19224 ,
SM19213 ,SM19220 ,
SM19129 ,SM19145 ,
SM19111 ,SM19104 ,
SM19104 ,SM19097 ,
SM19083 ,SM19093 ,
SM19209 ,SM19210 ,
SM19282 ,SM19286 ,
SM19286 ,SM19289 ,
SM19289 ,SM19294 ,
SM19294 ,SM19295 ,
SM19380 ,SM19372 ,
SM19372 ,SM19356 ,
SM19356 ,SM19343 ,
SM19343 ,SM19328 ,
SM19328 ,SM19313 ,
SM19328 ,SM19315 ,
SM19328 ,SM19303 ,
SM19374 ,SM19361 ,
SM19361 ,SM19349 ,
SM19349 ,SM19338 ,
SM19338 ,SM19326 ,
SM19326 ,SM19316 ,
SM19347 ,SM19330 ,
SM19285 ,SM19278 ,
SM19174 ,SM19206 ,
SM19206 ,SM19224 ,
SM19224 ,SM19237 ,
SM19237 ,SM19248 ,
SM19220 ,SM19228 ,
SM19228 ,SM19235 ,
SM19235 ,SM19242 ,
SM19145 ,SM19161 ,
SM19173 ,SM19161 ,
SM19173 ,SM19185 ,
SM19192 ,SM19185 ,
SM19192 ,SM19197 ,
SM19295 ,SM19304 ,
SM19304 ,SM19313 ,
SM19313 ,SM19303 ,
SM19313 ,SM19315 ,
SM19315 ,SM19303 ,
SM19303 ,SM19288 ,
SM19288 ,SM19272 ,
SM19272 ,SM19265 ,
SM19265 ,SM19257 ,
SM19257 ,SM19249 ,
SM19249 ,SM19242 ,
SM19316 ,SM19296 ,
SM19316 ,SM19330 ,
SM19330 ,SM19310 ,
SM19278 ,SM19271 ,
SM19271 ,SM19270 ,
SM19270 ,SM19267 ,
SM19248 ,SM19262 ,
SM19262 ,SM19267 ,
SM19262 ,SM19276 ,
SM19276 ,SM19310 ,
SM19276 ,SM19296 ,
SM19296 ,SM19310 ,
SM19197 ,SM19203 ,
SM19097 ,SM19093 ,
SM19210 ,SM19212 ,
SM19212 ,SM19203 ,
SM19419 ,SM19430 ,
SM19430 ,SM19439 ,
SM19118 ,SM19099 ,
SM19099 ,SM19081 ,
SM19049 ,SM19039 ,
SM19039 ,SM19034 ,
SM19034 ,SM19030 ,
SM19030 ,SM19050 ,
SM19050 ,SM19063 ,
SM19063 ,SM19081 ,
SM19511 ,SM19519 ,
SM19570 ,SM19551 ,
SM19562 ,SM19546 ,
SM19484 ,SM19509 ,
SM19519 ,SM19527 ,
SM19551 ,SM19533 ,
SM19551 ,SM19546 ,
SM19546 ,SM19533 ,
SM19509 ,SM19533 ,
SM19509 ,SM19527 ,
SM19527 ,SM19533 ,
SM18198 ,SM18171 ,
SM18198 ,SM18154 ,
SM18154 ,SM18171 ,
SM18086 ,SM18099 ,
SM18060 ,SM18069 ,
SM18099 ,SM18171 ,
SM19513 ,SM19525 ,
SM19558 ,SM19525 ,
SM18844 ,SM18839 ,
SM18839 ,SM18830 ,
SM18830 ,SM18827 ,
SM18827 ,SM18821 ,
SM18821 ,SM18815 ,
SM18494 ,SM18485 ,
SM18485 ,SM18475 ,
SM18475 ,SM18484 ,
SM18475 ,SM18462 ,
SM18593 ,SM18606 ,
SM18648 ,SM18639 ,
SM18660 ,SM18642 ,
SM18609 ,SM18619 ,
SM18606 ,SM18617 ,
SM18639 ,SM18629 ,
SM18642 ,SM18629 ,
SM18619 ,SM18629 ,
SM18617 ,SM18629 ,
SM18329 ,SM18334 ,
SM17915 ,SM17873 ,
SM17873 ,SM17851 ,
SM17480 ,SM17494 ,
SM17480 ,SM17466 ,
SM17466 ,SM17435 ,
SM17435 ,SM17401 ,
SM16700 ,SM16656 ,
SM16700 ,SM16722 ,
SM16722 ,SM16740 ,
SM17112 ,SM17096 ,
SM17096 ,SM17076 ,
SM17058 ,SM17076 ,
SM17058 ,SM17030 ,
SM16755 ,SM16763 ,
SM16755 ,SM16730 ,
SM16730 ,SM16667 ,
SM16560 ,SM16630 ,
SM16740 ,SM16738 ,
SM16738 ,SM16714 ,
SM16759 ,SM16744 ,
SM16759 ,SM16763 ,
SM16684 ,SM16744 ,
SM16684 ,SM16720 ,
SM16684 ,SM16630 ,
SM16714 ,SM16720 ,
SM16720 ,SM16744 ,
SM16656 ,SM16587 ,
SM16270 ,SM16327 ,
SM15843 ,SM15786 ,
SM15843 ,SM15891 ,
SM15891 ,SM15929 ,
SM15929 ,SM15982 ,
SM15982 ,SM16067 ,
SM15658 ,SM15723 ,
SM15537 ,SM15627 ,
SM15627 ,SM15723 ,
SM15786 ,SM15723 ,
SM15537 ,SM15455 ,
SM15288 ,SM15201 ,
SM15355 ,SM15286 ,
SM15316 ,SM15225 ,
SM15185 ,SM15225 ,
SM15185 ,SM15108 ,
SM15185 ,SM15135 ,
SM15108 ,SM15143 ,
SM15108 ,SM15034 ,
SM15034 ,SM15059 ,
SM15034 ,SM14956 ,
SM14956 ,SM14968 ,
SM14956 ,SM14867 ,
SM14644 ,SM14545 ,
SM14298 ,SM14174 ,
SM11990 ,SM11946 ,
SM11990 ,SM12028 ,
SM12028 ,SM12065 ,
SM11298 ,SM11210 ,
SM11298 ,SM11159 ,
SM11298 ,SM11378 ,
SM11378 ,SM11256 ,
SM11159 ,SM11096 ,
SM11096 ,SM11210 ,
SM11096 ,SM11026 ,
SM10846 ,SM11026 ,
SM10846 ,SM10762 ,
SM10762 ,SM10604 ,
SM10484 ,SM10668 ,
SM10484 ,SM10392 ,
SM10265 ,SM10176 ,
SM7932  ,SM7787  ,
SM7787  ,SM7632  ,
SM7437  ,SM7236  ,
SM7137  ,SM7236  ,
SM6959  ,SM6862  ,
SM6862  ,SM6609  ,
SM6862  ,SM6744  ,
SM6862  ,SM6702  ,
SM6702  ,SM6744  ,
SM6702  ,SM6531  ,
SM6702  ,SM6684  ,
SM7155  ,SM6890  ,
SM7155  ,SM7148  ,
SM7148  ,SM7141  ,
SM6890  ,SM6646  ,
SM6646  ,SM6663  ,
SM6646  ,SM6539  ,
SM6539  ,SM6492  ,
SM6355  ,SM6492  ,
SM6215  ,SM6377  ,
SM6215  ,SM6047  ,
SM5888  ,SM5890  ,
SM5753  ,SM5633  ,
SM5700  ,SM5528  ,
SM5755  ,SM5685  ,
SM5685  ,SM5623  ,
SM5623  ,SM5539  ,
SM5576  ,SM5539  ,
SM5576  ,SM5523  ,
SM5523  ,SM5482  ,
SM5523  ,SM5463  ,
SM5463  ,SM5396  ,
SM5463  ,SM5365  ,
SM5503  ,SM5415  ,
SM5415  ,SM5409  ,
SM5409  ,SM5401  ,
SM5222  ,SM5200  ,
SM5222  ,SM5241  ,
SM4787  ,SM4757  ,
SM4787  ,SM4586  ,
SM4630  ,SM4586  ,
SM4630  ,SM4638  ,
SM4638  ,SM4671  ,
SM4671  ,SM4646  ,
SM4693  ,SM4646  ,
SM4693  ,SM4653  ,
SM4725  ,SM4653  ,
SM4725  ,SM4662  ,
SM4756  ,SM4662  ,
SM4756  ,SM4668  ,
SM4668  ,SM4662  ,
SM4362  ,SM4339  ,
SM4362  ,SM4395  ,
SM4395  ,SM4392  ,
SM4032  ,SM4091  ,
SM4032  ,SM4021  ,
SM3948  ,SM4021  ,
SM3948  ,SM3858  ,
SM3858  ,SM3723  ,
SM3726  ,SM3865  ,
SM3726  ,SM3832  ,
SM3726  ,SM3691  ,
SM3726  ,SM3581  ,
SM3581  ,SM3563  ,
SM3563  ,SM3627  ,
SM3563  ,SM3552  ,
SM3446  ,SM3481  ,
SM3336  ,SM3345  ,
SM3336  ,SM3308  ,
SM3219  ,SM3284  ,
SM3219  ,SM3240  ,
SM3219  ,SM3156  ,
SM3240  ,SM3284  ,
SM3240  ,SM3262  ,
SM3262  ,SM3272  ,
SM3272  ,SM3293  ,
SM3293  ,SM3316  ,
SM3316  ,SM3333  ,
SM2797  ,SM2813  ,
SM2247  ,SM2266  ,
SM1782  ,SM1797  ,
SM1604  ,SM1737  ,
SM1604  ,SM1499  ,
SM1381  ,SM1390  ,
SM1390  ,SM1395  ,
SM1244  ,SM1309  ,
SM1244  ,SM1208  ,
SM1244  ,SM1173  ,
SM1173  ,SM1127  ,
SM1159  ,SM1127  ,
SM1059  ,SM1127  ,
SM1016  ,SM1084  ,
SM932   ,SM975   ,
SM932   ,SM904   ,
SM904   ,SM894   ,
SM904   ,SM882   ,
SM882   ,SM894   ,
SM882   ,SM863   ,
SM837   ,SM862   ,
SM986   ,SM955   ,
SM986   ,SM1007  ,
SM1007  ,SM1027  ,
SM1027  ,SM1051  ,
SM1051  ,SM1074  ,
SM1074  ,SM1094  ,
SM1094  ,SM1130  ,
SM1130  ,SM1157  ,
SM1317  ,SM1290  ,
SM1317  ,SM1344  ,
SM1517  ,SM1469  ,
SM1517  ,SM1562  ,
SM1562  ,SM1658  ,
SM1562  ,SM1618  ,
SM1449  ,SM1473  ,
SM1473  ,SM1505  ,
SM1357  ,SM1379  ,
SM1379  ,SM1405  ,
SM1405  ,SM1428  ,
SM1307  ,SM1389  ,
SM1190  ,SM1238  ,
SM1052  ,SM1038  ,
SM1038  ,SM1028  ,
SM1279  ,SM1238  ,
SM1279  ,SM1319  ,
SM1412  ,SM1424  ,
SM1412  ,SM1401  ,
SM1401  ,SM1387  ,
SM994   ,SM988   ,
SM1358  ,SM1372  ,
SM1601  ,SM1614  ,
SM1387  ,SM1372  ,
SM1614  ,SM1661  ,
SM1661  ,SM1702  ,
SM1702  ,SM1732  ,
SM1731  ,SM1732  ,
SM1731  ,SM1745  ,
SM1731  ,SM1715  ,
SM1731  ,SM1691  ,
SM1691  ,SM1715  ,
SM1691  ,SM1745  ,
SM1745  ,SM1715  ,
SM1745  ,SM1774  ,
SM1774  ,SM1799  ,
SM1784  ,SM1801  ,
SM1784  ,SM1765  ,
SM1558  ,SM1610  ,
SM1685  ,SM1700  ,
SM1829  ,SM1780  ,
SM1829  ,SM1874  ,
SM1874  ,SM1890  ,
SM2076  ,SM2104  ,
SM2076  ,SM2157  ,
SM2123  ,SM2157  ,
SM2252  ,SM2272  ,
SM2387  ,SM2411  ,
SM2526  ,SM2594  ,
SM2479  ,SM2571  ,
SM2571  ,SM2688  ,
SM2544  ,SM2677  ,
SM2519  ,SM2636  ,
SM2636  ,SM2659  ,
SM2636  ,SM2598  ,
SM2713  ,SM2736  ,
SM2713  ,SM2687  ,
SM2687  ,SM2668  ,
SM2668  ,SM2648  ,
SM2648  ,SM2621  ,
SM3027  ,SM2989  ,
SM3027  ,SM3063  ,
SM3174  ,SM3109  ,
SM3174  ,SM3248  ,
SM3248  ,SM3319  ,
SM3134  ,SM3168  ,
SM3070  ,SM3114  ,
SM3388  ,SM3433  ,
SM3388  ,SM3338  ,
SM3338  ,SM3290  ,
SM3696  ,SM3671  ,
SM3696  ,SM3721  ,
SM3721  ,SM3749  ,
SM3749  ,SM3772  ,
SM3742  ,SM3795  ,
SM3795  ,SM3783  ,
SM3795  ,SM3850  ,
SM3850  ,SM3783  ,
SM3850  ,SM3899  ,
SM3918  ,SM3899  ,
SM4029  ,SM3925  ,
SM4029  ,SM4117  ,
SM4117  ,SM4230  ,
SM4491  ,SM4556  ,
SM4898  ,SM4968  ,
SM4968  ,SM5051  ,
SM5467  ,SM5617  ,
SM5825  ,SM5919  ,
SM5825  ,SM5761  ,
SM6184  ,SM6262  ,
SM6184  ,SM6111  ,
SM6111  ,SM6034  ,
SM7072  ,SM7186  ,
SM7557  ,SM7641  ,
SM7557  ,SM7487  ,
SM7487  ,SM7393  ,
SM7838  ,SM7919  ,
SM8300  ,SM8388  ,
SM8300  ,SM8200  ,
SM7696  ,SM7763  ,
SM7696  ,SM7635  ,
SM7635  ,SM7580  ,
SM7656  ,SM7572  ,
SM7218  ,SM7292  ,
SM7124  ,SM7229  ,
SM7124  ,SM7025  ,
SM7580  ,SM7525  ,
SM7572  ,SM7497  ,
SM7292  ,SM7345  ,
SM7229  ,SM7325  ,
SM7525  ,SM7471  ,
SM7497  ,SM7407  ,
SM7345  ,SM7407  ,
SM7325  ,SM7407  ,
SM7471  ,SM7407  ,
SM7025  ,SM6920  ,
SM6920  ,SM6805  ,
SM6805  ,SM6716  ,
SM6716  ,SM6635  ,
SM5983  ,SM6026  ,
SM6418  ,SM6477  ,
SM7031  ,SM7138  ,
SM7227  ,SM7347  ,
SM7227  ,SM7110  ,
SM6745  ,SM6915  ,
SM6915  ,SM7016  ,
SM7016  ,SM7110  ,
SM7090  ,SM7200  ,
SM7090  ,SM6983  ,
SM6983  ,SM6880  ,
SM6880  ,SM6762  ,
SM6656  ,SM6762  ,
SM6656  ,SM6694  ,
SM6507  ,SM6619  ,
SM6413  ,SM6478  ,
SM6586  ,SM6478  ,
SM6586  ,SM6556  ,
SM6790  ,SM6723  ,
SM6723  ,SM6619  ,
SM6723  ,SM6694  ,
SM6762  ,SM6694  ,
SM6694  ,SM6619  ,
SM6619  ,SM6556  ,
SM6556  ,SM6478  ,
SM6933  ,SM7012  ,
SM7012  ,SM7081  ,
SM7081  ,SM7153  ,
SM7007  ,SM7087  ,
SM7087  ,SM7201  ,
SM7290  ,SM7241  ,
SM7361  ,SM7273  ,
SM7153  ,SM7273  ,
SM7153  ,SM7201  ,
SM7201  ,SM7273  ,
SM7201  ,SM7241  ,
SM7361  ,SM7446  ,
SM7446  ,SM7532  ,
SM7532  ,SM7614  ,
SM7614  ,SM7700  ,
SM8079  ,SM8176  ,
SM8079  ,SM7991  ,
SM7991  ,SM7914  ,
SM7914  ,SM7834  ,
SM7834  ,SM7739  ,
SM7681  ,SM7739  ,
SM7652  ,SM7739  ,
SM7864  ,SM7800  ,
SM7800  ,SM7739  ,
SM7864  ,SM7921  ,
SM7921  ,SM7977  ,
SM7977  ,SM8035  ,
SM7440  ,SM7496  ,
SM7327  ,SM7348  ,
SM7327  ,SM7272  ,
SM7167  ,SM7272  ,
SM7167  ,SM7056  ,
SM6795  ,SM6817  ,
SM7417  ,SM7383  ,
SM7417  ,SM7488  ,
SM7488  ,SM7569  ,
SM7593  ,SM7569  ,
SM7593  ,SM7649  ,
SM7649  ,SM7698  ,
SM7698  ,SM7751  ,
SM7751  ,SM7808  ,
SM7782  ,SM7841  ,
SM7871  ,SM7916  ,
SM7916  ,SM7960  ,
SM7960  ,SM8005  ,
SM7858  ,SM8005  ,
SM7858  ,SM7907  ,
SM7605  ,SM7701  ,
SM7605  ,SM7521  ,
SM7521  ,SM7430  ,
SM7195  ,SM7211  ,
SM6968  ,SM7102  ,
SM7189  ,SM7285  ,
SM7666  ,SM7750  ,
SM7666  ,SM7732  ,
SM7666  ,SM7574  ,
SM7574  ,SM7639  ,
SM7574  ,SM7495  ,
SM7495  ,SM7551  ,
SM7495  ,SM7403  ,
SM6877  ,SM6768  ,
SM6513  ,SM6427  ,
SM6336  ,SM6350  ,
SM6260  ,SM6350  ,
SM6454  ,SM6527  ,
SM6885  ,SM6994  ,
SM6885  ,SM6966  ,
SM6966  ,SM7080  ,
SM6966  ,SM6863  ,
SM6863  ,SM6739  ,
SM6739  ,SM6655  ,
SM6655  ,SM6584  ,
SM6486  ,SM6547  ,
SM6547  ,SM6604  ,
SM6921  ,SM6841  ,
SM6921  ,SM6997  ,
SM6997  ,SM7073  ,
SM7073  ,SM7150  ,
SM7150  ,SM7220  ,
SM7530  ,SM7478  ,
SM7530  ,SM7584  ,
SM7584  ,SM7644  ,
SM7644  ,SM7708  ,
SM7472  ,SM7545  ,
SM7472  ,SM7385  ,
SM7904  ,SM7985  ,
SM7904  ,SM7821  ,
SM7821  ,SM7731  ,
SM7731  ,SM7640  ,
SM8191  ,SM8291  ,
SM8191  ,SM8093  ,
SM8093  ,SM8007  ,
SM8007  ,SM7925  ,
SM7925  ,SM7846  ,
SM7846  ,SM7755  ,
SM7755  ,SM8114  ,
SM8114  ,SM8214  ,
SM8114  ,SM8585  ,
SM8858  ,SM8585  ,
SM8858  ,SM8929  ,
SM8929  ,SM8999  ,
SM9181  ,SM9267  ,
SM9131  ,SM9267  ,
SM9267  ,SM9347  ,
SM9540  ,SM9630  ,
SM9630  ,SM9730  ,
SM10185 ,SM10049 ,
SM10185 ,SM10363 ,
SM10240 ,SM10331 ,
SM10240 ,SM10148 ,
SM10148 ,SM10046 ,
SM10046 ,SM9957  ,
SM9721  ,SM9792  ,
SM9792  ,SM9863  ,
SM9863  ,SM9957  ,
SM9863  ,SM9926  ,
SM9926  ,SM9994  ,
SM9994  ,SM10058 ,
SM10058 ,SM10126 ,
SM10126 ,SM10191 ,
SM10191 ,SM10255 ,
SM10255 ,SM10316 ,
SM10316 ,SM10384 ,
SM10384 ,SM10448 ,
SM10448 ,SM10541 ,
SM10448 ,SM10510 ,
SM10510 ,SM10591 ,
SM10591 ,SM10666 ,
SM10666 ,SM10735 ,
SM10735 ,SM10808 ,
SM10697 ,SM10911 ,
SM11212 ,SM11305 ,
SM11212 ,SM11123 ,
SM11123 ,SM11034 ,
SM11034 ,SM10938 ,
SM10938 ,SM10832 ,
SM10832 ,SM10959 ,
SM10959 ,SM11078 ,
SM10720 ,SM10830 ,
SM10720 ,SM10627 ,
SM10627 ,SM10517 ,
SM10517 ,SM10427 ,
SM10427 ,SM10334 ,
SM10334 ,SM10246 ,
SM10188 ,SM10246 ,
SM10154 ,SM10246 ,
SM10154 ,SM10051 ,
SM10051 ,SM9963  ,
SM10440 ,SM10376 ,
SM10962 ,SM10865 ,
SM11332 ,SM11530 ,
SM11332 ,SM11136 ,
SM11332 ,SM11145 ,
SM11145 ,SM11136 ,
SM11136 ,SM11393 ,
SM11136 ,SM11114 ,
SM11114 ,SM11393 ,
SM12393 ,SM12417 ,
SM12393 ,SM12545 ,
SM12393 ,SM12387 ,
SM12387 ,SM12536 ,
SM12387 ,SM12357 ,
SM12357 ,SM12349 ,
SM12349 ,SM12344 ,
SM12156 ,SM12207 ,
SM12156 ,SM12089 ,
SM12089 ,SM12155 ,
SM12089 ,SM12019 ,
SM12155 ,SM12246 ,
SM13334 ,SM13342 ,
SM13334 ,SM13328 ,
SM14092 ,SM14035 ,
SM14008 ,SM13951 ,
SM13951 ,SM13895 ,
SM13887 ,SM13824 ,
SM13429 ,SM13366 ,
SM13366 ,SM13295 ,
SM12055 ,SM12087 ,
SM12055 ,SM11999 ,
SM11999 ,SM11943 ,
SM11670 ,SM11737 ,
SM11670 ,SM11593 ,
SM11835 ,SM11794 ,
SM11956 ,SM11794 ,
SM11956 ,SM11920 ,
SM11920 ,SM11673 ,
SM11920 ,SM12091 ,
SM12091 ,SM12251 ,
SM12269 ,SM12388 ,
SM12609 ,SM12503 ,
SM12782 ,SM12646 ,
SM12782 ,SM12691 ,
SM12782 ,SM12920 ,
SM13208 ,SM13160 ,
SM13266 ,SM13166 ,
SM13266 ,SM13141 ,
SM13287 ,SM13141 ,
SM13287 ,SM13421 ,
SM13421 ,SM13560 ,
SM13560 ,SM13693 ,
SM13560 ,SM13625 ,
SM13625 ,SM13742 ,
SM13829 ,SM13742 ,
SM14050 ,SM13960 ,
SM14050 ,SM14030 ,
SM14050 ,SM14136 ,
SM14136 ,SM14110 ,
SM14136 ,SM14237 ,
SM14237 ,SM14194 ,
SM14424 ,SM14381 ,
SM14424 ,SM14462 ,
SM14438 ,SM14462 ,
SM14438 ,SM14495 ,
SM14553 ,SM14527 ,
SM14527 ,SM14495 ,
SM14674 ,SM14567 ,
SM14674 ,SM14611 ,
SM14674 ,SM14760 ,
SM14975 ,SM14923 ,
SM14923 ,SM14878 ,
SM14949 ,SM14884 ,
SM14970 ,SM14884 ,
SM14970 ,SM15029 ,
SM15029 ,SM15092 ,
SM15092 ,SM15158 ,
SM15195 ,SM15158 ,
SM15158 ,SM15240 ,
SM15002 ,SM14961 ,
SM15002 ,SM15054 ,
SM15054 ,SM15019 ,
SM15019 ,SM14988 ,
SM14961 ,SM14908 ,
SM14908 ,SM14860 ,
SM14860 ,SM14812 ,
SM14812 ,SM14762 ,
SM14762 ,SM14719 ,
SM14719 ,SM14673 ,
SM14062 ,SM14009 ,
SM14062 ,SM14111 ,
SM14111 ,SM14160 ,
SM14160 ,SM14221 ,
SM14221 ,SM14279 ,
SM14279 ,SM14342 ,
SM14342 ,SM14392 ,
SM14392 ,SM14447 ,
SM14447 ,SM14490 ,
SM14490 ,SM14538 ,
SM14538 ,SM14590 ,
SM14590 ,SM14633 ,
SM15153 ,SM15145 ,
SM15170 ,SM15145 ,
SM15069 ,SM15014 ,
SM15069 ,SM15097 ,
SM15097 ,SM15128 ,
SM15128 ,SM15169 ,
SM15169 ,SM15200 ,
SM15200 ,SM15239 ,
SM15239 ,SM15273 ,
SM15273 ,SM15318 ,
SM15318 ,SM15363 ,
SM15401 ,SM15363 ,
SM15401 ,SM15443 ,
SM15443 ,SM15489 ,
SM15489 ,SM15536 ,
SM15592 ,SM15648 ,
SM15716 ,SM15741 ,
SM15741 ,SM15765 ,
SM15811 ,SM15765 ,
SM15699 ,SM15648 ,
SM15699 ,SM15760 ,
SM15760 ,SM15789 ,
SM15868 ,SM15847 ,
SM15868 ,SM15889 ,
SM16197 ,SM16180 ,
SM16177 ,SM16180 ,
SM16177 ,SM16189 ,
SM16341 ,SM16285 ,
SM16341 ,SM16395 ,
SM16395 ,SM16445 ,
SM16445 ,SM16496 ,
SM16452 ,SM16411 ,
SM16411 ,SM16363 ,
SM16278 ,SM16259 ,
SM16259 ,SM16226 ,
SM16007 ,SM16074 ,
SM15730 ,SM15707 ,
SM15693 ,SM15647 ,
SM15754 ,SM15691 ,
SM15606 ,SM15571 ,
SM15606 ,SM15639 ,
SM15639 ,SM15673 ,
SM15673 ,SM15708 ,
SM15708 ,SM15742 ,
SM15742 ,SM15777 ,
SM15835 ,SM15807 ,
SM15668 ,SM15628 ,
SM15668 ,SM15690 ,
SM15690 ,SM15726 ,
SM15785 ,SM15759 ,
SM15785 ,SM15717 ,
SM15785 ,SM15818 ,
SM15818 ,SM15844 ,
SM16080 ,SM16100 ,
SM16311 ,SM16352 ,
SM16991 ,SM16987 ,
SM16991 ,SM17042 ,
SM17042 ,SM17085 ,
SM16980 ,SM16983 ,
SM16980 ,SM16977 ,
SM17026 ,SM16977 ,
SM17026 ,SM16972 ,
SM17026 ,SM16923 ,
SM16883 ,SM16901 ,
SM16987 ,SM16983 ,
SM16901 ,SM16923 ,
SM16977 ,SM16923 ,
SM16977 ,SM16972 ,
SM16972 ,SM16923 ,
SM16352 ,SM16394 ,
SM16394 ,SM16435 ,
SM16809 ,SM16793 ,
SM16793 ,SM16765 ,
SM16846 ,SM16826 ,
SM16751 ,SM16745 ,
SM16493 ,SM16456 ,
SM16402 ,SM16361 ,
SM16402 ,SM16442 ,
SM16442 ,SM16474 ,
SM16474 ,SM16514 ,
SM16514 ,SM16545 ,
SM16545 ,SM16589 ,
SM16589 ,SM16626 ,
SM16642 ,SM16626 ,
SM16642 ,SM16672 ,
SM16672 ,SM16626 ,
SM16672 ,SM16713 ,
SM16711 ,SM16671 ,
SM16588 ,SM16546 ,
SM16588 ,SM16623 ,
SM16821 ,SM16803 ,
SM16803 ,SM16788 ,
SM16993 ,SM16943 ,
SM16943 ,SM16922 ,
SM17008 ,SM16936 ,
SM16890 ,SM16908 ,
SM16890 ,SM16863 ,
SM16863 ,SM16841 ,
SM16721 ,SM16687 ,
SM16687 ,SM16663 ,
SM16687 ,SM16649 ,
SM16687 ,SM16603 ,
SM16603 ,SM16649 ,
SM16603 ,SM16553 ,
SM16614 ,SM16578 ,
SM16578 ,SM16530 ,
SM16530 ,SM16487 ,
SM16487 ,SM16441 ,
SM16441 ,SM16403 ,
SM16403 ,SM16362 ,
SM16286 ,SM16248 ,
SM16286 ,SM16335 ,
SM16335 ,SM16387 ,
SM16387 ,SM16430 ,
SM16430 ,SM16471 ,
SM16586 ,SM16619 ,
SM16550 ,SM16516 ,
SM16550 ,SM16598 ,
SM16598 ,SM16631 ,
SM16463 ,SM16424 ,
SM16463 ,SM16504 ,
SM16504 ,SM16537 ,
SM16537 ,SM16566 ,
SM16566 ,SM16613 ,
SM16613 ,SM16652 ,
SM16652 ,SM16693 ,
SM16693 ,SM16734 ,
SM16734 ,SM16778 ,
SM17053 ,SM17088 ,
SM17088 ,SM17118 ,
SM17118 ,SM17151 ,
SM16889 ,SM16852 ,
SM16889 ,SM16924 ,
SM17231 ,SM17209 ,
SM17231 ,SM17256 ,
SM17256 ,SM17272 ,
SM17426 ,SM17406 ,
SM17360 ,SM17335 ,
SM17179 ,SM17149 ,
SM16919 ,SM16884 ,
SM16919 ,SM16997 ,
SM16997 ,SM17040 ,
SM17040 ,SM17079 ,
SM17079 ,SM17109 ,
SM17314 ,SM17290 ,
SM17401 ,SM17342 ,
SM17050 ,SM17100 ,
SM17050 ,SM16985 ,
SM16985 ,SM16900 ,
SM16900 ,SM16847 ,
SM16847 ,SM16801 ,
SM16801 ,SM16750 ,
SM16750 ,SM16685 ,
SM16685 ,SM16628 ,
SM16628 ,SM16571 ,
SM16571 ,SM16524 ,
SM16524 ,SM16470 ,
SM16470 ,SM16428 ,
SM16428 ,SM16377 ,
SM16377 ,SM16327 ,
SM15580 ,SM15612 ,
SM14453 ,SM14210 ,
SM14453 ,SM14387 ,
SM14740 ,SM14715 ,
SM14740 ,SM14761 ,
SM14943 ,SM14846 ,
SM14943 ,SM15030 ,
SM15030 ,SM15114 ,
SM15114 ,SM15198 ,
SM15198 ,SM15280 ,
SM15280 ,SM15374 ,
SM15374 ,SM15455 ,
SM15201 ,SM15118 ,
SM14968 ,SM14865 ,
SM14968 ,SM14867 ,
SM14867 ,SM14780 ,
SM14545 ,SM14449 ,
SM14174 ,SM14078 ,
SM11946 ,SM11908 ,
SM11373 ,SM11260 ,
SM11126 ,SM11011 ,
SM11126 ,SM11026 ,
SM10904 ,SM11011 ,
SM10904 ,SM10769 ,
SM10904 ,SM10668 ,
SM10668 ,SM10540 ,
SM10392 ,SM10540 ,
SM10392 ,SM10287 ,
SM10176 ,SM10077 ,
SM10077 ,SM9981  ,
SM9981  ,SM9887  ,
SM9887  ,SM10083 ,
SM9887  ,SM9766  ,
SM9766  ,SM9972  ,
SM9766  ,SM9639  ,
SM9639  ,SM9862  ,
SM9639  ,SM9552  ,
SM9552  ,SM9706  ,
SM9552  ,SM9465  ,
SM7951  ,SM7887  ,
SM7344  ,SM7501  ,
SM7501  ,SM7632  ,
SM6429  ,SM6242  ,
SM6429  ,SM6357  ,
SM6609  ,SM6464  ,
SM6531  ,SM6377  ,
SM6684  ,SM6663  ,
SM6663  ,SM6492  ,
SM6316  ,SM6464  ,
SM6316  ,SM6357  ,
SM6316  ,SM6152  ,
SM6152  ,SM6022  ,
SM6022  ,SM6027  ,
SM6022  ,SM5923  ,
SM5912  ,SM5915  ,
SM5912  ,SM5908  ,
SM5908  ,SM5905  ,
SM5905  ,SM5899  ,
SM5899  ,SM5897  ,
SM5897  ,SM5894  ,
SM5894  ,SM5890  ,
SM5733  ,SM5574  ,
SM5633  ,SM5495  ,
SM5512  ,SM5495  ,
SM5512  ,SM5528  ,
SM5528  ,SM5356  ,
SM5539  ,SM5482  ,
SM5482  ,SM5396  ,
SM5396  ,SM5305  ,
SM5365  ,SM5305  ,
SM5365  ,SM5299  ,
SM5299  ,SM5259  ,
SM5299  ,SM5255  ,
SM5255  ,SM5198  ,
SM5200  ,SM5188  ,
SM5018  ,SM5188  ,
SM5018  ,SM4842  ,
SM4720  ,SM4691  ,
SM4720  ,SM4542  ,
SM4720  ,SM4757  ,
SM4757  ,SM4567  ,
SM4586  ,SM4567  ,
SM4238  ,SM4179  ,
SM4369  ,SM4325  ,
SM4339  ,SM4290  ,
SM4339  ,SM4193  ,
SM4193  ,SM4290  ,
SM4193  ,SM4091  ,
SM4091  ,SM4021  ,
SM4083  ,SM4143  ,
SM4083  ,SM4018  ,
SM4018  ,SM4040  ,
SM4018  ,SM3982  ,
SM3982  ,SM3917  ,
SM3917  ,SM3865  ,
SM3832  ,SM3847  ,
SM3691  ,SM3700  ,
SM3627  ,SM3700  ,
SM3627  ,SM3552  ,
SM3552  ,SM3481  ,
SM3861  ,SM3842  ,
SM3861  ,SM3909  ,
SM3861  ,SM3879  ,
SM3879  ,SM3890  ,
SM3890  ,SM3906  ,
SM3333  ,SM3351  ,
SM2813  ,SM2837  ,
SM2612  ,SM2760  ,
SM2612  ,SM2461  ,
SM2266  ,SM2285  ,
SM2071  ,SM2187  ,
SM2071  ,SM1940  ,
SM1797  ,SM1813  ,
SM1881  ,SM1869  ,
SM1813  ,SM1826  ,
SM1826  ,SM1843  ,
SM1843  ,SM1851  ,
SM1851  ,SM1869  ,
SM1881  ,SM1895  ,
SM1895  ,SM1907  ,
SM1454  ,SM1466  ,
SM1309  ,SM1365  ,
SM1309  ,SM1262  ,
SM1208  ,SM1262  ,
SM1208  ,SM1145  ,
SM1145  ,SM1084  ,
SM1103  ,SM1092  ,
SM1092  ,SM1084  ,
SM993   ,SM1023  ,
SM993   ,SM975   ,
SM894   ,SM895   ,
SM862   ,SM876   ,
SM876   ,SM897   ,
SM897   ,SM895   ,
SM897   ,SM916   ,
SM916   ,SM955   ,
SM1048  ,SM1023  ,
SM1048  ,SM1071  ,
SM1071  ,SM1095  ,
SM1095  ,SM1125  ,
SM1125  ,SM1148  ,
SM1148  ,SM1172  ,
SM1172  ,SM1207  ,
SM1207  ,SM1236  ,
SM1236  ,SM1261  ,
SM1261  ,SM1290  ,
SM1436  ,SM1404  ,
SM1436  ,SM1469  ,
SM1582  ,SM1605  ,
SM1582  ,SM1616  ,
SM1639  ,SM1616  ,
SM1639  ,SM1658  ,
SM1658  ,SM1726  ,
SM1726  ,SM1791  ,
SM1726  ,SM1618  ,
SM1618  ,SM1692  ,
SM1692  ,SM1791  ,
SM1692  ,SM1769  ,
SM1505  ,SM1537  ,
SM1537  ,SM1565  ,
SM1428  ,SM1451  ,
SM1451  ,SM1482  ,
SM1389  ,SM1462  ,
SM1319  ,SM1360  ,
SM1424  ,SM1438  ,
SM1696  ,SM1634  ,
SM1696  ,SM1757  ,
SM1757  ,SM1811  ,
SM1811  ,SM1857  ,
SM1857  ,SM1903  ,
SM1997  ,SM2016  ,
SM1997  ,SM1977  ,
SM1977  ,SM1950  ,
SM1950  ,SM1936  ,
SM1936  ,SM1917  ,
SM1799  ,SM1852  ,
SM1799  ,SM1821  ,
SM1799  ,SM1801  ,
SM1801  ,SM1821  ,
SM1801  ,SM1852  ,
SM1901  ,SM1917  ,
SM1901  ,SM1890  ,
SM1765  ,SM1744  ,
SM1610  ,SM1671  ,
SM1700  ,SM1725  ,
SM1780  ,SM1725  ,
SM1744  ,SM1725  ,
SM1671  ,SM1725  ,
SM2104  ,SM2120  ,
SM2104  ,SM2195  ,
SM2157  ,SM2195  ,
SM2272  ,SM2297  ,
SM2272  ,SM2411  ,
SM2411  ,SM2441  ,
SM2572  ,SM2608  ,
SM2572  ,SM2616  ,
SM2616  ,SM2707  ,
SM2594  ,SM2699  ,
SM2688  ,SM2699  ,
SM2688  ,SM2677  ,
SM2677  ,SM2659  ,
SM2889  ,SM2869  ,
SM2889  ,SM2932  ,
SM2932  ,SM2969  ,
SM2756  ,SM2792  ,
SM2756  ,SM2736  ,
SM2792  ,SM2821  ,
SM2821  ,SM2843  ,
SM2843  ,SM2870  ,
SM2870  ,SM2898  ,
SM2898  ,SM2947  ,
SM2947  ,SM2989  ,
SM3109  ,SM3043  ,
SM3193  ,SM3141  ,
SM2969  ,SM3006  ,
SM3006  ,SM3043  ,
SM3043  ,SM3088  ,
SM3088  ,SM3141  ,
SM3193  ,SM3255  ,
SM3255  ,SM3310  ,
SM3618  ,SM3676  ,
SM3618  ,SM3557  ,
SM3557  ,SM3501  ,
SM3501  ,SM3442  ,
SM3442  ,SM3392  ,
SM3319  ,SM3353  ,
SM3168  ,SM3205  ,
SM3114  ,SM3163  ,
SM3416  ,SM3387  ,
SM3416  ,SM3448  ,
SM3448  ,SM3474  ,
SM3474  ,SM3500  ,
SM3433  ,SM3490  ,
SM3649  ,SM3630  ,
SM3649  ,SM3671  ,
SM3813  ,SM3765  ,
SM4230  ,SM4360  ,
SM4556  ,SM4614  ,
SM5051  ,SM5118  ,
SM5118  ,SM5189  ,
SM5617  ,SM5752  ,
SM5982  ,SM6039  ,
SM5982  ,SM5919  ,
SM6337  ,SM6402  ,
SM6337  ,SM6262  ,
SM7281  ,SM7368  ,
SM7281  ,SM7186  ,
SM7641  ,SM7729  ,
SM8087  ,SM8181  ,
SM8087  ,SM7997  ,
SM7997  ,SM7919  ,
SM8388  ,SM8485  ,
SM8911  ,SM8989  ,
SM8911  ,SM8829  ,
SM8242  ,SM8309  ,
SM8242  ,SM8178  ,
SM8178  ,SM8108  ,
SM8200  ,SM8104  ,
SM7763  ,SM7827  ,
SM7675  ,SM7769  ,
SM8108  ,SM8050  ,
SM8104  ,SM8018  ,
SM7827  ,SM7882  ,
SM7769  ,SM7856  ,
SM8050  ,SM7988  ,
SM8018  ,SM7937  ,
SM7882  ,SM7937  ,
SM7856  ,SM7937  ,
SM7988  ,SM7937  ,
SM7675  ,SM7588  ,
SM7588  ,SM7510  ,
SM7510  ,SM7426  ,
SM7426  ,SM7335  ,
SM7801  ,SM7890  ,
SM7801  ,SM7718  ,
SM7718  ,SM7623  ,
SM7296  ,SM7377  ,
SM7296  ,SM7200  ,
SM7700  ,SM7789  ,
SM8176  ,SM8279  ,
SM8720  ,SM8801  ,
SM8720  ,SM8627  ,
SM8035  ,SM8094  ,
SM8094  ,SM8163  ,
SM7957  ,SM8037  ,
SM7957  ,SM7885  ,
SM8400  ,SM8495  ,
SM8400  ,SM8311  ,
SM8311  ,SM8212  ,
SM8212  ,SM8111  ,
SM8685  ,SM8774  ,
SM8685  ,SM8601  ,
SM8601  ,SM8513  ,
SM8513  ,SM8415  ,
SM8415  ,SM8327  ,
SM8005  ,SM8051  ,
SM7907  ,SM8051  ,
SM7701  ,SM7773  ,
SM7794  ,SM7842  ,
SM7794  ,SM7752  ,
SM7752  ,SM7672  ,
SM7672  ,SM7592  ,
SM7592  ,SM7522  ,
SM7430  ,SM7333  ,
SM7211  ,SM7231  ,
SM7102  ,SM7231  ,
SM7285  ,SM7366  ,
SM7750  ,SM7847  ,
SM7750  ,SM7828  ,
SM7828  ,SM7908  ,
SM7828  ,SM7732  ,
SM7732  ,SM7639  ,
SM7639  ,SM7551  ,
SM7551  ,SM7474  ,
SM7403  ,SM7474  ,
SM7403  ,SM7314  ,
SM6768  ,SM6679  ,
SM6427  ,SM6350  ,
SM6527  ,SM6614  ,
SM6994  ,SM7106  ,
SM6994  ,SM7080  ,
SM7080  ,SM7194  ,
SM7608  ,SM7776  ,
SM7608  ,SM7453  ,
SM7453  ,SM7293  ,
SM7293  ,SM7096  ,
SM7664  ,SM7829  ,
SM8254  ,SM8343  ,
SM8254  ,SM8157  ,
SM8157  ,SM8058  ,
SM7708  ,SM7771  ,
SM7626  ,SM7721  ,
SM7626  ,SM7545  ,
SM8069  ,SM8167  ,
SM8069  ,SM7985  ,
SM8565  ,SM8648  ,
SM8565  ,SM8474  ,
SM8474  ,SM8374  ,
SM8374  ,SM8291  ,
SM8759  ,SM8836  ,
SM8759  ,SM8669  ,
SM8669  ,SM8584  ,
SM8584  ,SM8494  ,
SM8494  ,SM8398  ,
SM8398  ,SM8312  ,
SM8312  ,SM8214  ,
SM8756  ,SM8902  ,
SM8756  ,SM8585  ,
SM8999  ,SM9081  ,
SM9081  ,SM9163  ,
SM9163  ,SM9232  ,
SM9373  ,SM9564  ,
SM9373  ,SM9462  ,
SM9347  ,SM9462  ,
SM9730  ,SM9826  ,
SM10049 ,SM10247 ,
SM10363 ,SM10247 ,
SM10631 ,SM10727 ,
SM10631 ,SM10516 ,
SM10516 ,SM10424 ,
SM10424 ,SM10331 ,
SM10937 ,SM11031 ,
SM10937 ,SM10840 ,
SM10840 ,SM10737 ,
SM11169 ,SM11297 ,
SM11169 ,SM11041 ,
SM11041 ,SM11110 ,
SM10808 ,SM10886 ,
SM10886 ,SM10960 ,
SM11284 ,SM11221 ,
SM11221 ,SM11161 ,
SM11288 ,SM11196 ,
SM11288 ,SM11424 ,
SM11424 ,SM11521 ,
SM11584 ,SM11521 ,
SM11584 ,SM11649 ,
SM11649 ,SM11794 ,
SM11794 ,SM11741 ,
SM11741 ,SM11613 ,
SM11741 ,SM11673 ,
SM11673 ,SM11596 ,
SM11596 ,SM11531 ,
SM12251 ,SM12397 ,
SM12251 ,SM12388 ,
SM12388 ,SM12503 ,
SM12503 ,SM12397 ,
SM12503 ,SM12646 ,
SM12646 ,SM12540 ,
SM12691 ,SM12540 ,
SM12691 ,SM12835 ,
SM12835 ,SM12920 ,
SM13160 ,SM13114 ,
SM13166 ,SM13141 ,
SM12818 ,SM12871 ,
SM12871 ,SM12934 ,
SM12934 ,SM12985 ,
SM12985 ,SM13025 ,
SM13025 ,SM13060 ,
SM13060 ,SM13114 ,
SM12818 ,SM12767 ,
SM12767 ,SM12716 ,
SM12716 ,SM12661 ,
SM12826 ,SM12743 ,
SM12826 ,SM12906 ,
SM12906 ,SM12993 ,
SM12993 ,SM13080 ,
SM13080 ,SM13151 ,
SM13151 ,SM13223 ,
SM13223 ,SM13300 ,
SM13693 ,SM13825 ,
SM13693 ,SM13742 ,
SM13742 ,SM13858 ,
SM13858 ,SM13825 ,
SM13858 ,SM13960 ,
SM13960 ,SM13946 ,
SM13946 ,SM13825 ,
SM13946 ,SM14030 ,
SM14030 ,SM14110 ,
SM14110 ,SM14194 ,
SM14316 ,SM14288 ,
SM14316 ,SM14350 ,
SM14350 ,SM14381 ,
SM14417 ,SM14398 ,
SM14417 ,SM14487 ,
SM14487 ,SM14398 ,
SM14487 ,SM14567 ,
SM14462 ,SM14495 ,
SM14567 ,SM14509 ,
SM14611 ,SM14509 ,
SM14611 ,SM14717 ,
SM14717 ,SM14810 ,
SM14717 ,SM14760 ,
SM14878 ,SM14856 ,
SM14856 ,SM14810 ,
SM14884 ,SM14810 ,
SM14615 ,SM14563 ,
SM14615 ,SM14673 ,
SM14009 ,SM13955 ,
SM13668 ,SM13598 ,
SM13668 ,SM13601 ,
SM13668 ,SM13726 ,
SM13726 ,SM13671 ,
SM13726 ,SM13798 ,
SM13798 ,SM13729 ,
SM13798 ,SM13850 ,
SM13850 ,SM13804 ,
SM13850 ,SM13911 ,
SM13911 ,SM13928 ,
SM14256 ,SM14213 ,
SM14256 ,SM14306 ,
SM14306 ,SM14330 ,
SM14330 ,SM14318 ,
SM14633 ,SM14672 ,
SM14848 ,SM14808 ,
SM14848 ,SM14889 ,
SM14889 ,SM14930 ,
SM15014 ,SM14969 ,
SM14835 ,SM14809 ,
SM14835 ,SM14840 ,
SM14840 ,SM14855 ,
SM14855 ,SM14869 ,
SM14869 ,SM14883 ,
SM14883 ,SM14901 ,
SM14901 ,SM14915 ,
SM15087 ,SM15048 ,
SM15087 ,SM15133 ,
SM15133 ,SM15184 ,
SM15184 ,SM15237 ,
SM15237 ,SM15289 ,
SM15289 ,SM15281 ,
SM15289 ,SM15351 ,
SM15351 ,SM15332 ,
SM15351 ,SM15400 ,
SM15400 ,SM15384 ,
SM15400 ,SM15449 ,
SM15536 ,SM15588 ,
SM15637 ,SM15588 ,
SM15637 ,SM15686 ,
SM15686 ,SM15737 ,
SM15737 ,SM15771 ,
SM15813 ,SM15771 ,
SM15813 ,SM15847 ,
SM16189 ,SM16202 ,
SM16285 ,SM16214 ,
SM16285 ,SM16241 ,
SM16258 ,SM16241 ,
SM16258 ,SM16271 ,
SM16271 ,SM16279 ,
SM16279 ,SM16303 ,
SM16303 ,SM16309 ,
SM16363 ,SM16309 ,
SM16074 ,SM16111 ,
SM16111 ,SM16146 ,
SM16146 ,SM16195 ,
SM16195 ,SM16260 ,
SM16260 ,SM16309 ,
SM16241 ,SM16214 ,
SM16214 ,SM16202 ,
SM15651 ,SM15626 ,
SM15651 ,SM15633 ,
SM15633 ,SM15584 ,
SM15707 ,SM15666 ,
SM15647 ,SM15597 ,
SM15579 ,SM15518 ,
SM15579 ,SM15634 ,
SM15634 ,SM15691 ,
SM15571 ,SM15534 ,
SM15534 ,SM15498 ,
SM15381 ,SM15359 ,
SM15381 ,SM15405 ,
SM15405 ,SM15427 ,
SM15427 ,SM15452 ,
SM15452 ,SM15474 ,
SM15474 ,SM15500 ,
SM15500 ,SM15524 ,
SM15777 ,SM15807 ,
SM15628 ,SM15605 ,
SM15628 ,SM15585 ,
SM15585 ,SM15533 ,
SM15533 ,SM15487 ,
SM15680 ,SM15649 ,
SM15649 ,SM15613 ,
SM15844 ,SM15879 ,
SM15879 ,SM15910 ,
SM16100 ,SM16126 ,
SM16126 ,SM16155 ,
SM16155 ,SM16193 ,
SM16193 ,SM16245 ,
SM16435 ,SM16468 ,
SM16468 ,SM16513 ,
SM16513 ,SM16543 ,
SM16765 ,SM16747 ,
SM16826 ,SM16784 ,
SM16745 ,SM16739 ,
SM16655 ,SM16696 ,
SM16655 ,SM16618 ,
SM16456 ,SM16425 ,
SM16361 ,SM16315 ,
SM16290 ,SM16227 ,
SM16290 ,SM16339 ,
SM16339 ,SM16391 ,
SM16391 ,SM16436 ,
SM16436 ,SM16459 ,
SM16459 ,SM16481 ,
SM16481 ,SM16467 ,
SM16481 ,SM16525 ,
SM16525 ,SM16567 ,
SM16567 ,SM16621 ,
SM16621 ,SM16671 ,
SM16448 ,SM16414 ,
SM16414 ,SM16370 ,
SM16362 ,SM16320 ,
SM16320 ,SM16274 ,
SM16274 ,SM16199 ,
SM16248 ,SM16192 ,
SM16182 ,SM16138 ,
SM16182 ,SM16247 ,
SM16247 ,SM16299 ,
SM16299 ,SM16338 ,
SM16338 ,SM16383 ,
SM16471 ,SM16516 ,
SM16383 ,SM16424 ,
SM16153 ,SM16117 ,
SM16153 ,SM16204 ,
SM16204 ,SM16265 ,
SM16265 ,SM16313 ,
SM16313 ,SM16360 ,
SM16360 ,SM16400 ,
SM16400 ,SM16443 ,
SM16443 ,SM16478 ,
SM16478 ,SM16520 ,
SM16520 ,SM16555 ,
SM16778 ,SM16815 ,
SM16815 ,SM16852 ,
SM16635 ,SM16601 ,
SM16635 ,SM16622 ,
SM16635 ,SM16676 ,
SM16676 ,SM16666 ,
SM16676 ,SM16712 ,
SM16771 ,SM16712 ,
SM16771 ,SM16760 ,
SM16771 ,SM16820 ,
SM16924 ,SM17006 ,
SM17209 ,SM17184 ,
SM17378 ,SM17349 ,
SM17378 ,SM17406 ,
SM17335 ,SM17313 ,
SM17149 ,SM17114 ,
SM16884 ,SM16845 ,
SM16455 ,SM16416 ,
SM15776 ,SM15804 ,
SM15776 ,SM15743 ,
SM15743 ,SM15710 ,
SM15710 ,SM15676 ,
SM15676 ,SM15643 ,
SM15643 ,SM15612 ,
SM15510 ,SM15557 ,
SM15510 ,SM15469 ,
SM15469 ,SM15430 ,
SM15430 ,SM15392 ,
SM15392 ,SM15347 ,
SM14471 ,SM14568 ,
SM14471 ,SM14411 ,
SM14411 ,SM14359 ,
SM14359 ,SM14287 ,
SM14287 ,SM14181 ,
SM14287 ,SM14217 ,
SM14217 ,SM14147 ,
SM14147 ,SM14085 ,
SM14085 ,SM14028 ,
SM14028 ,SM13832 ,
SM14028 ,SM13899 ,
SM14006 ,SM13896 ,
SM14006 ,SM14101 ,
SM14101 ,SM14210 ,
SM14387 ,SM14326 ,
SM14670 ,SM14616 ,
SM14670 ,SM14715 ,
SM14753 ,SM14727 ,
SM14753 ,SM14774 ,
SM14753 ,SM14761 ,
SM14761 ,SM14774 ,
SM14761 ,SM14776 ,
SM14761 ,SM14846 ,
SM14774 ,SM14781 ,
SM14774 ,SM14776 ,
SM14776 ,SM14781 ,
SM14727 ,SM14694 ,
SM14694 ,SM14663 ,
SM14663 ,SM14630 ,
SM14690 ,SM14604 ,
SM14690 ,SM14768 ,
SM14768 ,SM14841 ,
SM14841 ,SM14778 ,
SM14841 ,SM14939 ,
SM14939 ,SM15032 ,
SM15032 ,SM15118 ,
SM14865 ,SM14766 ,
SM14865 ,SM14780 ,
SM14780 ,SM14695 ,
SM14449 ,SM14348 ,
SM14078 ,SM13989 ,
SM11908 ,SM11865 ,
SM11260 ,SM11157 ,
SM10887 ,SM10748 ,
SM10887 ,SM10769 ,
SM10769 ,SM10645 ,
SM10769 ,SM10540 ,
SM10540 ,SM10426 ,
SM10287 ,SM10426 ,
SM10287 ,SM10195 ,
SM10195 ,SM10311 ,
SM10195 ,SM10083 ,
SM10083 ,SM10214 ,
SM10083 ,SM9972  ,
SM9972  ,SM10098 ,
SM9972  ,SM9862  ,
SM9862  ,SM9959  ,
SM9706  ,SM9815  ,
SM9465  ,SM9567  ,
SM9465  ,SM9346  ,
SM9346  ,SM9263  ,
SM9263  ,SM9423  ,
SM9263  ,SM9183  ,
SM9183  ,SM9310  ,
SM9183  ,SM9090  ,
SM9090  ,SM9193  ,
SM7887  ,SM7824  ,
SM7887  ,SM7762  ,
SM5330  ,SM5358  ,
SM5606  ,SM5519  ,
SM5606  ,SM5686  ,
SM5686  ,SM5776  ,
SM5776  ,SM5856  ,
SM5856  ,SM5933  ,
SM5933  ,SM5971  ,
SM5971  ,SM6008  ,
SM6008  ,SM5987  ,
SM6008  ,SM6125  ,
SM6125  ,SM6242  ,
SM6027  ,SM5928  ,
SM5923  ,SM5928  ,
SM5923  ,SM5915  ,
SM5742  ,SM5583  ,
SM5748  ,SM5601  ,
SM5601  ,SM5442  ,
SM5574  ,SM5400  ,
SM5574  ,SM5452  ,
SM5452  ,SM5400  ,
SM5452  ,SM5495  ,
SM5495  ,SM5310  ,
SM5262  ,SM5209  ,
SM5262  ,SM5305  ,
SM5305  ,SM5259  ,
SM5259  ,SM5224  ,
SM5209  ,SM5199  ,
SM4649  ,SM4633  ,
SM4649  ,SM4597  ,
SM4649  ,SM4632  ,
SM4632  ,SM4658  ,
SM4658  ,SM4676  ,
SM4842  ,SM4676  ,
SM4842  ,SM4691  ,
SM4691  ,SM4667  ,
SM4542  ,SM4515  ,
SM4542  ,SM4567  ,
SM4311  ,SM4376  ,
SM4311  ,SM4212  ,
SM4179  ,SM4133  ,
SM4170  ,SM4112  ,
SM4040  ,SM4034  ,
SM4034  ,SM4065  ,
SM3921  ,SM3951  ,
SM3895  ,SM3951  ,
SM3895  ,SM3847  ,
SM3847  ,SM3785  ,
SM3785  ,SM3808  ,
SM3785  ,SM3700  ,
SM3830  ,SM3808  ,
SM3830  ,SM3842  ,
SM3909  ,SM3969  ,
SM3969  ,SM4028  ,
SM4028  ,SM4082  ,
SM3906  ,SM3923  ,
SM3351  ,SM3372  ,
SM3172  ,SM3300  ,
SM3172  ,SM3052  ,
SM2837  ,SM2866  ,
SM2981  ,SM2959  ,
SM2866  ,SM2891  ,
SM2891  ,SM2921  ,
SM2921  ,SM2941  ,
SM2941  ,SM2959  ,
SM2981  ,SM2999  ,
SM2999  ,SM3016  ,
SM2399  ,SM2421  ,
SM2421  ,SM2443  ,
SM1907  ,SM1922  ,
SM1466  ,SM1480  ,
SM1480  ,SM1489  ,
SM1365  ,SM1418  ,
SM1365  ,SM1306  ,
SM1262  ,SM1306  ,
SM1306  ,SM1346  ,
SM1346  ,SM1418  ,
SM1346  ,SM1374  ,
SM1374  ,SM1404  ,
SM1404  ,SM1430  ,
SM1430  ,SM1447  ,
SM1524  ,SM1580  ,
SM1590  ,SM1580  ,
SM1590  ,SM1605  ,
SM1605  ,SM1616  ,
SM2060  ,SM2045  ,
SM2060  ,SM2075  ,
SM2075  ,SM2093  ,
SM1962  ,SM2019  ,
SM1962  ,SM1914  ,
SM1914  ,SM1871  ,
SM1871  ,SM1834  ,
SM1834  ,SM1791  ,
SM1769  ,SM1848  ,
SM1769  ,SM1827  ,
SM1565  ,SM1600  ,
SM1482  ,SM1525  ,
SM1462  ,SM1546  ,
SM1360  ,SM1406  ,
SM1438  ,SM1448  ,
SM1634  ,SM1574  ,
SM1720  ,SM1628  ,
SM1720  ,SM1803  ,
SM1803  ,SM1847  ,
SM1847  ,SM1892  ,
SM1892  ,SM1924  ,
SM1924  ,SM1960  ,
SM1960  ,SM1992  ,
SM1992  ,SM2010  ,
SM1903  ,SM1958  ,
SM1958  ,SM2029  ,
SM2016  ,SM2029  ,
SM2231  ,SM2242  ,
SM2231  ,SM2276  ,
SM2231  ,SM2204  ,
SM2204  ,SM2263  ,
SM2204  ,SM2186  ,
SM2186  ,SM2234  ,
SM2186  ,SM2168  ,
SM2168  ,SM2207  ,
SM2168  ,SM2160  ,
SM2160  ,SM2156  ,
SM2156  ,SM2313  ,
SM2156  ,SM2139  ,
SM2139  ,SM2120  ,
SM2195  ,SM2225  ,
SM2297  ,SM2325  ,
SM2297  ,SM2441  ,
SM2441  ,SM2465  ,
SM2608  ,SM2652  ,
SM2608  ,SM2721  ,
SM2721  ,SM2726  ,
SM2721  ,SM2707  ,
SM2707  ,SM2699  ,
SM2862  ,SM2876  ,
SM2862  ,SM2859  ,
SM2859  ,SM2869  ,
SM3323  ,SM3299  ,
SM3323  ,SM3355  ,
SM3310  ,SM3359  ,
SM3676  ,SM3743  ,
SM3992  ,SM4044  ,
SM3992  ,SM3942  ,
SM4360  ,SM4470  ,
SM4675  ,SM4746  ,
SM4746  ,SM4821  ,
SM5189  ,SM5254  ,
SM5752  ,SM5902  ,
SM6118  ,SM6185  ,
SM6118  ,SM6039  ,
SM6463  ,SM6548  ,
SM6463  ,SM6402  ,
SM7531  ,SM7485  ,
SM7531  ,SM7671  ,
SM7531  ,SM7582  ,
SM7582  ,SM7671  ,
SM7582  ,SM7643  ,
SM7368  ,SM7449  ,
SM7819  ,SM7903  ,
SM7819  ,SM7729  ,
SM8181  ,SM8284  ,
SM8660  ,SM8749  ,
SM8660  ,SM8574  ,
SM8574  ,SM8485  ,
SM8989  ,SM9082  ,
SM9495  ,SM9589  ,
SM9495  ,SM9404  ,
SM9404  ,SM9318  ,
SM8755  ,SM8804  ,
SM8755  ,SM8687  ,
SM8829  ,SM8748  ,
SM8309  ,SM8362  ,
SM8146  ,SM8243  ,
SM8687  ,SM8632  ,
SM8748  ,SM8658  ,
SM8362  ,SM8427  ,
SM8243  ,SM8335  ,
SM8632  ,SM8577  ,
SM8658  ,SM8572  ,
SM8427  ,SM8471  ,
SM8335  ,SM8422  ,
SM8577  ,SM8541  ,
SM8572  ,SM8503  ,
SM8471  ,SM8503  ,
SM8422  ,SM8503  ,
SM8541  ,SM8503  ,
SM8146  ,SM8053  ,
SM8053  ,SM7967  ,
SM7967  ,SM7890  ,
SM8417  ,SM8516  ,
SM8417  ,SM8328  ,
SM8328  ,SM8236  ,
SM8236  ,SM8134  ,
SM7623  ,SM7543  ,
SM7543  ,SM7467  ,
SM7467  ,SM7377  ,
SM7874  ,SM7958  ,
SM7874  ,SM7789  ,
SM8279  ,SM8355  ,
SM8801  ,SM8881  ,
SM9246  ,SM9317  ,
SM9246  ,SM9177  ,
SM8555  ,SM8611  ,
SM8495  ,SM8588  ,
SM8935  ,SM9017  ,
SM8935  ,SM8851  ,
SM8851  ,SM8774  ,
SM9200  ,SM9275  ,
SM9200  ,SM9129  ,
SM9129  ,SM9035  ,
SM9035  ,SM8951  ,
SM8951  ,SM8869  ,
SM8173  ,SM8233  ,
SM8173  ,SM8015  ,
SM8173  ,SM8115  ,
SM8327  ,SM8235  ,
SM8235  ,SM8132  ,
SM8051  ,SM8132  ,
SM8046  ,SM8132  ,
SM8046  ,SM8115  ,
SM8046  ,SM7944  ,
SM7944  ,SM7965  ,
SM7944  ,SM7886  ,
SM7965  ,SM8115  ,
SM7965  ,SM8015  ,
SM8015  ,SM8063  ,
SM8063  ,SM8233  ,
SM8063  ,SM8099  ,
SM8099  ,SM8292  ,
SM8099  ,SM8145  ,
SM7522  ,SM7442  ,
SM7333  ,SM7231  ,
SM7366  ,SM7442  ,
SM7847  ,SM7927  ,
SM7847  ,SM7908  ,
SM7908  ,SM7987  ,
SM8356  ,SM8316  ,
SM8356  ,SM8525  ,
SM8356  ,SM8414  ,
SM8414  ,SM8571  ,
SM8414  ,SM8472  ,
SM8281  ,SM8454  ,
SM8281  ,SM8092  ,
SM8092  ,SM7933  ,
SM7933  ,SM7776  ,
SM7474  ,SM7381  ,
SM7314  ,SM7381  ,
SM7314  ,SM7214  ,
SM6679  ,SM6614  ,
SM7106  ,SM7214  ,
SM7106  ,SM7194  ,
SM7194  ,SM7295  ,
SM7381  ,SM7295  ,
SM7214  ,SM7295  ,
SM8315  ,SM8484  ,
SM8315  ,SM8136  ,
SM8136  ,SM7976  ,
SM7976  ,SM7829  ,
SM8343  ,SM8438  ,
SM8872  ,SM8953  ,
SM8872  ,SM8793  ,
SM8793  ,SM8715  ,
SM8187  ,SM8261  ,
SM8167  ,SM8266  ,
SM8691  ,SM8631  ,
SM8715  ,SM8625  ,
SM8261  ,SM8321  ,
SM8266  ,SM8350  ,
SM8631  ,SM8573  ,
SM8625  ,SM8539  ,
SM8321  ,SM8380  ,
SM8350  ,SM8451  ,
SM8573  ,SM8508  ,
SM8539  ,SM8451  ,
SM8380  ,SM8451  ,
SM8451  ,SM8508  ,
SM8691  ,SM8758  ,
SM8758  ,SM8812  ,
SM8648  ,SM8739  ,
SM9092  ,SM9175  ,
SM9092  ,SM8993  ,
SM8993  ,SM8919  ,
SM8919  ,SM8836  ,
SM9325  ,SM9471  ,
SM9325  ,SM9215  ,
SM9215  ,SM9272  ,
SM9215  ,SM9061  ,
SM9061  ,SM8902  ,
SM9303  ,SM9376  ,
SM9564  ,SM9611  ,
SM9611  ,SM9776  ,
SM9611  ,SM9462  ,
SM9826  ,SM9924  ,
SM9924  ,SM9988  ,
SM9988  ,SM10050 ,
SM10767 ,SM10714 ,
SM10767 ,SM10996 ,
SM10767 ,SM10818 ,
SM10818 ,SM10871 ,
SM10871 ,SM10919 ,
SM10919 ,SM11051 ,
SM10727 ,SM10838 ,
SM11067 ,SM11021 ,
SM11067 ,SM11111 ,
SM11111 ,SM11248 ,
SM11111 ,SM11151 ,
SM11151 ,SM11300 ,
SM11151 ,SM11183 ,
SM11183 ,SM11342 ,
SM11183 ,SM11218 ,
SM11031 ,SM11118 ,
SM11318 ,SM11279 ,
SM11318 ,SM11351 ,
SM11531 ,SM11490 ,
SM11631 ,SM11491 ,
SM11631 ,SM12146 ,
SM12397 ,SM12540 ,
SM12146 ,SM12327 ,
SM12661 ,SM12603 ,
SM12743 ,SM12666 ,
SM12262 ,SM12323 ,
SM12323 ,SM12380 ,
SM12603 ,SM12544 ,
SM12666 ,SM12574 ,
SM12380 ,SM12437 ,
SM12437 ,SM12492 ,
SM12492 ,SM12574 ,
SM12492 ,SM12544 ,
SM12262 ,SM12199 ,
SM12199 ,SM12142 ,
SM12312 ,SM12222 ,
SM12312 ,SM12392 ,
SM12392 ,SM12480 ,
SM12480 ,SM12558 ,
SM12558 ,SM12644 ,
SM12644 ,SM12725 ,
SM12725 ,SM12803 ,
SM12803 ,SM12880 ,
SM13300 ,SM13373 ,
SM13373 ,SM13438 ,
SM13503 ,SM13438 ,
SM13503 ,SM13574 ,
SM13574 ,SM13653 ,
SM13653 ,SM13710 ,
SM13710 ,SM13784 ,
SM14099 ,SM14070 ,
SM14099 ,SM14132 ,
SM14132 ,SM14169 ,
SM14169 ,SM14212 ,
SM14212 ,SM14247 ,
SM14247 ,SM14288 ,
SM14398 ,SM14509 ,
SM14226 ,SM14170 ,
SM14226 ,SM14289 ,
SM14289 ,SM14354 ,
SM14354 ,SM14401 ,
SM14401 ,SM14460 ,
SM14460 ,SM14511 ,
SM14563 ,SM14511 ,
SM13897 ,SM13836 ,
SM13897 ,SM13955 ,
SM13598 ,SM13529 ,
SM13598 ,SM13531 ,
SM13601 ,SM13531 ,
SM13601 ,SM13671 ,
SM13671 ,SM13729 ,
SM13729 ,SM13804 ,
SM13804 ,SM13852 ,
SM13852 ,SM13889 ,
SM13889 ,SM13921 ,
SM13928 ,SM13921 ,
SM14213 ,SM14191 ,
SM14276 ,SM14252 ,
SM14276 ,SM14318 ,
SM14700 ,SM14735 ,
SM14700 ,SM14672 ,
SM14808 ,SM14772 ,
SM14759 ,SM14735 ,
SM14735 ,SM14772 ,
SM14759 ,SM14783 ,
SM14783 ,SM14809 ,
SM14539 ,SM14502 ,
SM14539 ,SM14596 ,
SM14596 ,SM14648 ,
SM14648 ,SM14606 ,
SM14648 ,SM14699 ,
SM14699 ,SM14703 ,
SM14915 ,SM14929 ,
SM15048 ,SM14998 ,
SM15058 ,SM14999 ,
SM15058 ,SM15102 ,
SM15102 ,SM15150 ,
SM15150 ,SM15192 ,
SM15192 ,SM15235 ,
SM15235 ,SM15281 ,
SM15281 ,SM15332 ,
SM15332 ,SM15384 ,
SM15384 ,SM15432 ,
SM15449 ,SM15432 ,
SM15449 ,SM15497 ,
SM15586 ,SM15538 ,
SM15584 ,SM15527 ,
SM15573 ,SM15520 ,
SM15573 ,SM15617 ,
SM15617 ,SM15666 ,
SM15597 ,SM15553 ,
SM15518 ,SM15467 ,
SM15498 ,SM15456 ,
SM15456 ,SM15409 ,
SM15359 ,SM15328 ,
SM15004 ,SM14952 ,
SM15004 ,SM15038 ,
SM15038 ,SM15052 ,
SM15336 ,SM15277 ,
SM15336 ,SM15391 ,
SM15391 ,SM15416 ,
SM15416 ,SM15446 ,
SM15524 ,SM15554 ,
SM15487 ,SM15446 ,
SM15613 ,SM15577 ,
SM15630 ,SM15603 ,
SM15630 ,SM15663 ,
SM15663 ,SM15685 ,
SM15685 ,SM15711 ,
SM15711 ,SM15731 ,
SM15910 ,SM15942 ,
SM15942 ,SM15975 ,
SM15975 ,SM16008 ,
SM16008 ,SM16066 ,
SM16245 ,SM16282 ,
SM16282 ,SM16323 ,
SM16323 ,SM16358 ,
SM16543 ,SM16579 ,
SM16747 ,SM16743 ,
SM16618 ,SM16579 ,
SM16425 ,SM16392 ,
SM16315 ,SM16268 ,
SM16227 ,SM15949 ,
SM16012 ,SM15961 ,
SM16012 ,SM16061 ,
SM16366 ,SM16336 ,
SM16336 ,SM16316 ,
SM16316 ,SM16293 ,
SM16293 ,SM16264 ,
SM16264 ,SM16213 ,
SM16251 ,SM16210 ,
SM16251 ,SM16276 ,
SM16312 ,SM16276 ,
SM16312 ,SM16344 ,
SM16199 ,SM16139 ,
SM16192 ,SM16160 ,
SM16138 ,SM16106 ,
SM15914 ,SM15878 ,
SM15914 ,SM15947 ,
SM15947 ,SM15979 ,
SM15979 ,SM15958 ,
SM15979 ,SM16030 ,
SM16030 ,SM16083 ,
SM16083 ,SM16117 ,
SM15880 ,SM15905 ,
SM15880 ,SM15850 ,
SM16086 ,SM16020 ,
SM16086 ,SM16125 ,
SM16125 ,SM16174 ,
SM16174 ,SM16250 ,
SM16250 ,SM16306 ,
SM16306 ,SM16354 ,
SM16354 ,SM16404 ,
SM16404 ,SM16449 ,
SM16449 ,SM16495 ,
SM16495 ,SM16533 ,
SM16555 ,SM16601 ,
SM16576 ,SM16533 ,
SM16576 ,SM16622 ,
SM16622 ,SM16666 ,
SM16666 ,SM16712 ,
SM16712 ,SM16760 ,
SM16760 ,SM16802 ,
SM16802 ,SM16834 ,
SM16802 ,SM16820 ,
SM16820 ,SM16869 ,
SM17023 ,SM17000 ,
SM17023 ,SM17055 ,
SM17006 ,SM17045 ,
SM17184 ,SM17161 ,
SM17349 ,SM17322 ,
SM17281 ,SM17255 ,
SM17281 ,SM17313 ,
SM17114 ,SM17083 ,
SM16845 ,SM16808 ,
SM16808 ,SM16772 ,
SM16772 ,SM16727 ,
SM16727 ,SM16688 ,
SM16688 ,SM16647 ,
SM16416 ,SM16372 ,
SM15863 ,SM15893 ,
SM15863 ,SM15830 ,
SM15830 ,SM15793 ,
SM15830 ,SM15804 ,
SM15793 ,SM15747 ,
SM15747 ,SM15697 ,
SM15697 ,SM15650 ,
SM15650 ,SM15602 ,
SM15602 ,SM15557 ,
SM15845 ,SM15887 ,
SM15845 ,SM15802 ,
SM15802 ,SM15761 ,
SM15761 ,SM15709 ,
SM15709 ,SM15662 ,
SM15662 ,SM15614 ,
SM15347 ,SM15302 ,
SM14568 ,SM14579 ,
SM14497 ,SM14543 ,
SM14497 ,SM14455 ,
SM14455 ,SM14404 ,
SM14404 ,SM14361 ,
SM14036 ,SM13986 ,
SM13765 ,SM13646 ,
SM13765 ,SM13832 ,
SM13832 ,SM13899 ,
SM13474 ,SM13350 ,
SM13474 ,SM13392 ,
SM13896 ,SM13776 ,
SM14120 ,SM14052 ,
SM14120 ,SM14185 ,
SM14185 ,SM14259 ,
SM14259 ,SM14326 ,
SM14616 ,SM14565 ,
SM14565 ,SM14514 ,
SM14630 ,SM14591 ,
SM14604 ,SM14524 ,
SM14456 ,SM14524 ,
SM14456 ,SM14378 ,
SM14378 ,SM14313 ,
SM14710 ,SM14639 ,
SM14766 ,SM14675 ,
SM14766 ,SM14695 ,
SM14695 ,SM14601 ,
SM14348 ,SM14227 ,
SM13989 ,SM13890 ,
SM11865 ,SM11821 ,
SM11157 ,SM11050 ,
SM10748 ,SM10629 ,
SM10748 ,SM10645 ,
SM10645 ,SM10503 ,
SM10645 ,SM10426 ,
SM10426 ,SM10311 ,
SM10311 ,SM10503 ,
SM10311 ,SM10214 ,
SM10214 ,SM10397 ,
SM10214 ,SM10098 ,
SM10098 ,SM10282 ,
SM9959  ,SM10182 ,
SM9567  ,SM9669  ,
SM9423  ,SM9538  ,
SM9310  ,SM9410  ,
SM9193  ,SM9299  ,
SM9193  ,SM9079  ,
SM9079  ,SM9194  ,
SM9079  ,SM8898  ,
SM8898  ,SM8945  ,
SM7824  ,SM7762  ,
SM7762  ,SM7711  ,
SM7762  ,SM7613  ,
SM7513  ,SM7613  ,
SM7513  ,SM7406  ,
SM7406  ,SM7238  ,
SM7238  ,SM7046  ,
SM7046  ,SM6830  ,
SM6830  ,SM6709  ,
SM5358  ,SM5379  ,
SM5088  ,SM5211  ,
SM3953  ,SM4000  ,
SM3953  ,SM3897  ,
SM3344  ,SM3274  ,
SM3344  ,SM3224  ,
SM3344  ,SM3417  ,
SM3417  ,SM3493  ,
SM3493  ,SM3571  ,
SM3571  ,SM3436  ,
SM3571  ,SM3650  ,
SM3650  ,SM3514  ,
SM3650  ,SM3737  ,
SM3737  ,SM3602  ,
SM3737  ,SM3829  ,
SM3829  ,SM3684  ,
SM3829  ,SM3889  ,
SM3889  ,SM3782  ,
SM3889  ,SM3955  ,
SM4714  ,SM4609  ,
SM4714  ,SM4840  ,
SM4840  ,SM4836  ,
SM5423  ,SM5324  ,
SM5423  ,SM5519  ,
SM5551  ,SM5413  ,
SM5551  ,SM5493  ,
SM5551  ,SM5674  ,
SM5674  ,SM5656  ,
SM5674  ,SM5803  ,
SM5656  ,SM5493  ,
SM5583  ,SM5398  ,
SM5442  ,SM5333  ,
SM5442  ,SM5363  ,
SM5377  ,SM5363  ,
SM5377  ,SM5400  ,
SM5400  ,SM5227  ,
SM5133  ,SM5098  ,
SM5133  ,SM5165  ,
SM5165  ,SM5180  ,
SM4633  ,SM4604  ,
SM4633  ,SM4573  ,
SM4573  ,SM4555  ,
SM4573  ,SM4597  ,
SM4457  ,SM4443  ,
SM4457  ,SM4479  ,
SM4212  ,SM4092  ,
SM4133  ,SM4082  ,
SM4112  ,SM4065  ,
SM4065  ,SM4007  ,
SM3923  ,SM3941  ,
SM3716  ,SM3867  ,
SM3716  ,SM3566  ,
SM3372  ,SM3389  ,
SM3485  ,SM3465  ,
SM3389  ,SM3407  ,
SM3407  ,SM3423  ,
SM3423  ,SM3447  ,
SM3447  ,SM3465  ,
SM3485  ,SM3504  ,
SM3504  ,SM3525  ,
SM3016  ,SM3030  ,
SM3030  ,SM3048  ,
SM2443  ,SM2457  ,
SM1922  ,SM1937  ,
SM1489  ,SM1508  ,
SM1508  ,SM1512  ,
SM1447  ,SM1464  ,
SM1464  ,SM1492  ,
SM1569  ,SM1555  ,
SM1569  ,SM1580  ,
SM2045  ,SM2030  ,
SM2373  ,SM2427  ,
SM2373  ,SM2323  ,
SM2323  ,SM2271  ,
SM2271  ,SM2216  ,
SM2093  ,SM2110  ,
SM2019  ,SM2074  ,
SM2129  ,SM2178  ,
SM2129  ,SM2072  ,
SM2072  ,SM2012  ,
SM2012  ,SM1955  ,
SM1848  ,SM1909  ,
SM1827  ,SM1909  ,
SM1827  ,SM1880  ,
SM1600  ,SM1641  ,
SM1525  ,SM1560  ,
SM1560  ,SM1603  ,
SM1603  ,SM1642  ,
SM1546  ,SM1628  ,
SM1439  ,SM1474  ,
SM1439  ,SM1406  ,
SM1448  ,SM1463  ,
SM1574  ,SM1526  ,
SM1526  ,SM1474  ,
SM1474  ,SM1463  ,
SM1680  ,SM1642  ,
SM1680  ,SM1674  ,
SM2037  ,SM1979  ,
SM2037  ,SM2068  ,
SM2068  ,SM2098  ,
SM2098  ,SM2188  ,
SM2098  ,SM2124  ,
SM2124  ,SM2228  ,
SM2124  ,SM2150  ,
SM2150  ,SM2284  ,
SM2150  ,SM2176  ,
SM2176  ,SM2200  ,
SM2200  ,SM2248  ,
SM2200  ,SM2213  ,
SM2213  ,SM2248  ,
SM2213  ,SM2229  ,
SM2010  ,SM2031  ,
SM2031  ,SM2034  ,
SM2034  ,SM2029  ,
SM2242  ,SM2240  ,
SM2242  ,SM2291  ,
SM2291  ,SM2315  ,
SM2276  ,SM2298  ,
SM2263  ,SM2298  ,
SM2263  ,SM2234  ,
SM2234  ,SM2207  ,
SM2365  ,SM2420  ,
SM2365  ,SM2458  ,
SM2365  ,SM2313  ,
SM2313  ,SM2390  ,
SM2313  ,SM2259  ,
SM2259  ,SM2357  ,
SM2259  ,SM2225  ,
SM2325  ,SM2357  ,
SM2325  ,SM2465  ,
SM2465  ,SM2495  ,
SM2652  ,SM2660  ,
SM2652  ,SM2726  ,
SM2726  ,SM2735  ,
SM2902  ,SM2892  ,
SM2902  ,SM2884  ,
SM2884  ,SM2876  ,
SM3151  ,SM3183  ,
SM3299  ,SM3295  ,
SM3494  ,SM3435  ,
SM3494  ,SM3550  ,
SM3355  ,SM3394  ,
SM3359  ,SM3414  ,
SM3709  ,SM3664  ,
SM3709  ,SM3757  ,
SM3757  ,SM3807  ,
SM3743  ,SM3811  ,
SM4047  ,SM4009  ,
SM4047  ,SM4075  ,
SM4075  ,SM4107  ,
SM4044  ,SM4088  ,
SM4431  ,SM4391  ,
SM4431  ,SM4461  ,
SM4461  ,SM4501  ,
SM4470  ,SM4578  ,
SM4838  ,SM4777  ,
SM4838  ,SM4888  ,
SM4888  ,SM4944  ,
SM4821  ,SM4889  ,
SM5254  ,SM5323  ,
SM5774  ,SM5725  ,
SM5774  ,SM5820  ,
SM5820  ,SM5882  ,
SM5882  ,SM5946  ,
SM6173  ,SM6126  ,
SM6173  ,SM6225  ,
SM6225  ,SM6275  ,
SM6185  ,SM6259  ,
SM6629  ,SM6701  ,
SM6629  ,SM6548  ,
SM7423  ,SM7362  ,
SM7423  ,SM7485  ,
SM7671  ,SM7760  ,
SM7643  ,SM7706  ,
SM7449  ,SM7534  ,
SM7903  ,SM7983  ,
SM8361  ,SM8466  ,
SM8361  ,SM8284  ,
SM8749  ,SM8827  ,
SM9238  ,SM9313  ,
SM9238  ,SM9165  ,
SM9165  ,SM9082  ,
SM9589  ,SM9686  ,
SM10101 ,SM10197 ,
SM10101 ,SM10007 ,
SM10007 ,SM9907  ,
SM9250  ,SM9305  ,
SM9250  ,SM9201  ,
SM9318  ,SM9244  ,
SM8804  ,SM8852  ,
SM8688  ,SM8775  ,
SM8775  ,SM8854  ,
SM9201  ,SM9158  ,
SM9244  ,SM9174  ,
SM8852  ,SM8914  ,
SM8854  ,SM8937  ,
SM9158  ,SM9100  ,
SM9174  ,SM9091  ,
SM8914  ,SM8963  ,
SM8937  ,SM8978  ,
SM9100  ,SM9059  ,
SM9091  ,SM9022  ,
SM8963  ,SM8992  ,
SM8992  ,SM9022  ,
SM8978  ,SM9022  ,
SM9059  ,SM9022  ,
SM8688  ,SM8602  ,
SM8602  ,SM8516  ,
SM8966  ,SM9049  ,
SM8966  ,SM8883  ,
SM8883  ,SM8807  ,
SM8807  ,SM8729  ,
SM8729  ,SM8637  ,
SM8134  ,SM8044  ,
SM8044  ,SM7958  ,
SM8462  ,SM8550  ,
SM8462  ,SM8355  ,
SM8881  ,SM8964  ,
SM9317  ,SM9402  ,
SM9879  ,SM9974  ,
SM9879  ,SM9774  ,
SM9774  ,SM9673  ,
SM9177  ,SM9096  ,
SM8611  ,SM8670  ,
SM8588  ,SM8671  ,
SM9070  ,SM9005  ,
SM9096  ,SM9000  ,
SM8670  ,SM8736  ,
SM8671  ,SM8761  ,
SM9005  ,SM8949  ,
SM9000  ,SM8923  ,
SM8736  ,SM8780  ,
SM8761  ,SM8838  ,
SM8949  ,SM8894  ,
SM8923  ,SM8838  ,
SM8780  ,SM8838  ,
SM8838  ,SM8894  ,
SM9070  ,SM9134  ,
SM9017  ,SM9110  ,
SM9433  ,SM9528  ,
SM9433  ,SM9340  ,
SM9340  ,SM9275  ,
SM9758  ,SM9856  ,
SM9758  ,SM9648  ,
SM9648  ,SM9558  ,
SM9558  ,SM9458  ,
SM9458  ,SM9363  ,
SM8869  ,SM8786  ,
SM8233  ,SM8292  ,
SM8292  ,SM8339  ,
SM8145  ,SM8189  ,
SM7927  ,SM8014  ,
SM7927  ,SM7987  ,
SM7987  ,SM8080  ,
SM8316  ,SM8478  ,
SM8478  ,SM8441  ,
SM8478  ,SM8525  ,
SM8525  ,SM8571  ,
SM8571  ,SM8612  ,
SM8612  ,SM8713  ,
SM8472  ,SM8504  ,
SM8454  ,SM8504  ,
SM8454  ,SM8532  ,
SM8532  ,SM8590  ,
SM8590  ,SM8709  ,
SM8590  ,SM8638  ,
SM8638  ,SM8764  ,
SM8638  ,SM8683  ,
SM8683  ,SM8815  ,
SM8683  ,SM8743  ,
SM8484  ,SM8600  ,
SM8887  ,SM8839  ,
SM8887  ,SM9028  ,
SM8887  ,SM8936  ,
SM8936  ,SM9078  ,
SM8936  ,SM8982  ,
SM8798  ,SM8878  ,
SM8798  ,SM8714  ,
SM8714  ,SM8622  ,
SM8622  ,SM8533  ,
SM8533  ,SM8438  ,
SM8953  ,SM9039  ,
SM9368  ,SM9321  ,
SM9368  ,SM9532  ,
SM9368  ,SM9415  ,
SM9415  ,SM9575  ,
SM9415  ,SM9474  ,
SM9292  ,SM9360  ,
SM9292  ,SM9224  ,
SM8812  ,SM8863  ,
SM8739  ,SM8817  ,
SM9206  ,SM9159  ,
SM9206  ,SM9256  ,
SM9175  ,SM9243  ,
SM9609  ,SM9804  ,
SM9609  ,SM9737  ,
SM9609  ,SM9471  ,
SM9737  ,SM9939  ,
SM9737  ,SM9870  ,
SM9338  ,SM9430  ,
SM9376  ,SM9468  ,
SM9468  ,SM9557  ,
SM9767  ,SM9935  ,
SM9767  ,SM9776  ,
SM9776  ,SM9935  ,
SM10050 ,SM10119 ,
SM10119 ,SM10216 ,
SM10216 ,SM10298 ,
SM10298 ,SM10388 ,
SM10714 ,SM10673 ,
SM10714 ,SM10939 ,
SM10939 ,SM10881 ,
SM10939 ,SM10996 ,
SM10996 ,SM11056 ,
SM11056 ,SM11107 ,
SM11134 ,SM11197 ,
SM11134 ,SM11164 ,
SM11134 ,SM11051 ,
SM11051 ,SM11164 ,
SM11051 ,SM10944 ,
SM10944 ,SM11021 ,
SM10944 ,SM10838 ,
SM11208 ,SM11164 ,
SM11447 ,SM11365 ,
SM11365 ,SM11280 ,
SM11280 ,SM11197 ,
SM11447 ,SM11542 ,
SM11542 ,SM11638 ,
SM12142 ,SM12068 ,
SM12222 ,SM12130 ,
SM11637 ,SM11710 ,
SM11710 ,SM11792 ,
SM11638 ,SM11738 ,
SM12068 ,SM12000 ,
SM12130 ,SM12032 ,
SM11792 ,SM11862 ,
SM11738 ,SM11841 ,
SM12000 ,SM11926 ,
SM12032 ,SM11926 ,
SM11862 ,SM11926 ,
SM11841 ,SM11926 ,
SM11637 ,SM11558 ,
SM11696 ,SM11582 ,
SM11696 ,SM11809 ,
SM11809 ,SM11910 ,
SM11910 ,SM12015 ,
SM12015 ,SM12115 ,
SM12115 ,SM12210 ,
SM12210 ,SM12296 ,
SM12296 ,SM12382 ,
SM12880 ,SM12962 ,
SM12962 ,SM13045 ,
SM13045 ,SM13124 ,
SM13124 ,SM13194 ,
SM13194 ,SM13264 ,
SM13264 ,SM13340 ,
SM13783 ,SM13743 ,
SM13783 ,SM13817 ,
SM13817 ,SM13856 ,
SM13784 ,SM13845 ,
SM14070 ,SM14033 ,
SM14121 ,SM14071 ,
SM13856 ,SM13893 ,
SM13845 ,SM13903 ,
SM14033 ,SM14000 ,
SM14071 ,SM14014 ,
SM13893 ,SM13932 ,
SM13903 ,SM13963 ,
SM14000 ,SM13963 ,
SM14014 ,SM13963 ,
SM13932 ,SM13963 ,
SM14121 ,SM14170 ,
SM13743 ,SM13709 ,
SM13709 ,SM13677 ,
SM13677 ,SM13648 ,
SM13648 ,SM13534 ,
SM13648 ,SM13608 ,
SM13608 ,SM13534 ,
SM13608 ,SM13558 ,
SM13775 ,SM13706 ,
SM13775 ,SM13836 ,
SM13464 ,SM13399 ,
SM13464 ,SM13402 ,
SM13464 ,SM13529 ,
SM13529 ,SM13466 ,
SM13531 ,SM13466 ,
SM13081 ,SM13043 ,
SM13081 ,SM13092 ,
SM13092 ,SM13063 ,
SM13444 ,SM13393 ,
SM13444 ,SM13498 ,
SM13498 ,SM13556 ,
SM13823 ,SM13795 ,
SM13823 ,SM13866 ,
SM13866 ,SM13913 ,
SM13913 ,SM13953 ,
SM13953 ,SM13992 ,
SM13992 ,SM14042 ,
SM14042 ,SM14086 ,
SM14189 ,SM14186 ,
SM14252 ,SM14186 ,
SM14304 ,SM14271 ,
SM14304 ,SM14358 ,
SM14358 ,SM14393 ,
SM14393 ,SM14432 ,
SM14432 ,SM14463 ,
SM14463 ,SM14502 ,
SM14479 ,SM14440 ,
SM14479 ,SM14525 ,
SM14525 ,SM14566 ,
SM14566 ,SM14606 ,
SM14606 ,SM14652 ,
SM14652 ,SM14682 ,
SM14703 ,SM14682 ,
SM14929 ,SM14937 ,
SM14998 ,SM14977 ,
SM14999 ,SM14960 ,
SM14972 ,SM14960 ,
SM14960 ,SM14951 ,
SM14951 ,SM14937 ,
SM14937 ,SM14977 ,
SM14972 ,SM14979 ,
SM14979 ,SM14984 ,
SM14984 ,SM14992 ,
SM14992 ,SM15005 ,
SM15005 ,SM15017 ,
SM15186 ,SM15141 ,
SM15186 ,SM15238 ,
SM15238 ,SM15290 ,
SM15290 ,SM15341 ,
SM15341 ,SM15390 ,
SM15432 ,SM15478 ,
SM15497 ,SM15478 ,
SM15497 ,SM15538 ,
SM15527 ,SM15478 ,
SM15520 ,SM15473 ,
SM15504 ,SM15462 ,
SM15504 ,SM15553 ,
SM15467 ,SM15418 ,
SM15409 ,SM15368 ,
SM15328 ,SM15297 ,
SM14958 ,SM14953 ,
SM14958 ,SM14605 ,
SM14952 ,SM14885 ,
SM15052 ,SM15068 ,
SM15176 ,SM15124 ,
SM15176 ,SM15224 ,
SM15224 ,SM15277 ,
SM15481 ,SM15458 ,
SM15731 ,SM15756 ,
SM15756 ,SM15780 ,
SM15780 ,SM15821 ,
SM15821 ,SM15856 ,
SM15856 ,SM15892 ,
SM15892 ,SM15922 ,
SM16066 ,SM16096 ,
SM16096 ,SM16127 ,
SM16127 ,SM16162 ,
SM16162 ,SM16209 ,
SM16358 ,SM16392 ,
SM16268 ,SM16209 ,
SM15949 ,SM15936 ,
SM15899 ,SM15823 ,
SM15899 ,SM15961 ,
SM16061 ,SM16076 ,
SM16076 ,SM16088 ,
SM16088 ,SM16104 ,
SM16104 ,SM16119 ,
SM16119 ,SM16143 ,
SM16143 ,SM16167 ,
SM16213 ,SM16167 ,
SM16188 ,SM16167 ,
SM16188 ,SM16210 ,
SM15986 ,SM15972 ,
SM15986 ,SM16003 ,
SM16003 ,SM16018 ,
SM16060 ,SM16018 ,
SM16060 ,SM16058 ,
SM16058 ,SM16054 ,
SM16139 ,SM16097 ,
SM16097 ,SM16047 ,
SM16160 ,SM16133 ,
SM16115 ,SM16133 ,
SM16115 ,SM16094 ,
SM16106 ,SM16077 ,
SM15878 ,SM15838 ,
SM15928 ,SM15905 ,
SM15838 ,SM15800 ,
SM15800 ,SM15753 ,
SM15540 ,SM15495 ,
SM15540 ,SM15587 ,
SM15850 ,SM15824 ,
SM16020 ,SM15973 ,
SM16069 ,SM16004 ,
SM16069 ,SM16103 ,
SM16103 ,SM16137 ,
SM16137 ,SM16181 ,
SM16181 ,SM16244 ,
SM16244 ,SM16298 ,
SM16298 ,SM16337 ,
SM16337 ,SM16384 ,
SM16384 ,SM16426 ,
SM16426 ,SM16464 ,
SM16464 ,SM16508 ,
SM16725 ,SM16697 ,
SM16725 ,SM16757 ,
SM16757 ,SM16789 ,
SM16789 ,SM16812 ,
SM16812 ,SM16837 ,
SM16837 ,SM16865 ,
SM16834 ,SM16865 ,
SM16869 ,SM16887 ,
SM16869 ,SM16911 ,
SM17000 ,SM16933 ,
SM17048 ,SM16998 ,
SM17048 ,SM17095 ,
SM17095 ,SM17131 ,
SM17055 ,SM17077 ,
SM17045 ,SM17084 ,
SM17161 ,SM17138 ,
SM17322 ,SM17285 ,
SM17255 ,SM17223 ,
SM17046 ,SM17007 ,
SM17007 ,SM16925 ,
SM16925 ,SM16891 ,
SM16647 ,SM16608 ,
SM16372 ,SM16331 ,
SM15893 ,SM15916 ,
SM15916 ,SM15938 ,
SM15938 ,SM15962 ,
SM15962 ,SM15990 ,
SM15921 ,SM15959 ,
SM15921 ,SM15887 ,
SM16134 ,SM16178 ,
SM16178 ,SM16242 ,
SM16515 ,SM16485 ,
SM16515 ,SM16536 ,
SM16508 ,SM16538 ,
SM16697 ,SM16668 ,
SM16736 ,SM16694 ,
SM16536 ,SM16561 ,
SM16538 ,SM16570 ,
SM16668 ,SM16645 ,
SM16694 ,SM16653 ,
SM16561 ,SM16594 ,
SM16570 ,SM16617 ,
SM16645 ,SM16617 ,
SM16653 ,SM16617 ,
SM16594 ,SM16617 ,
SM16736 ,SM16781 ,
SM16781 ,SM16816 ,
SM17060 ,SM17094 ,
SM17131 ,SM17166 ,
SM17077 ,SM17099 ,
SM17084 ,SM17115 ,
SM17138 ,SM17115 ,
SM17285 ,SM17251 ,
SM17223 ,SM17190 ,
SM17190 ,SM17155 ,
SM16891 ,SM16854 ,
SM16608 ,SM16563 ,
SM16331 ,SM16281 ,
SM16281 ,SM16232 ,
SM16232 ,SM16168 ,
SM15990 ,SM16024 ,
SM15959 ,SM15995 ,
SM16206 ,SM16170 ,
SM16170 ,SM16140 ,
SM16168 ,SM16130 ,
SM16024 ,SM16072 ,
SM15995 ,SM16063 ,
SM16140 ,SM16118 ,
SM16130 ,SM16093 ,
SM16072 ,SM16093 ,
SM16063 ,SM16093 ,
SM16118 ,SM16093 ,
SM16206 ,SM16254 ,
SM16254 ,SM16284 ,
SM16242 ,SM16292 ,
SM16485 ,SM16460 ,
SM16526 ,SM16497 ,
SM16497 ,SM16453 ,
SM16284 ,SM16317 ,
SM16292 ,SM16334 ,
SM16460 ,SM16432 ,
SM16453 ,SM16417 ,
SM16317 ,SM16345 ,
SM16334 ,SM16375 ,
SM16432 ,SM16406 ,
SM16417 ,SM16375 ,
SM16345 ,SM16375 ,
SM16375 ,SM16406 ,
SM16526 ,SM16563 ,
SM16816 ,SM16854 ,
SM17094 ,SM17125 ,
SM17166 ,SM17210 ,
SM17099 ,SM17115 ,
SM17251 ,SM17210 ,
SM17155 ,SM17125 ,
SM17060 ,SM17016 ,
SM17016 ,SM16934 ,
SM16934 ,SM16898 ,
SM16898 ,SM16865 ,
SM16865 ,SM16887 ,
SM16887 ,SM16911 ,
SM16911 ,SM16998 ,
SM16911 ,SM16933 ,
SM16933 ,SM16998 ,
SM16134 ,SM16101 ,
SM16101 ,SM16068 ,
SM16068 ,SM16005 ,
SM16005 ,SM15964 ,
SM15964 ,SM15931 ,
SM15931 ,SM15898 ,
SM15898 ,SM15857 ,
SM15614 ,SM15568 ,
SM15302 ,SM15253 ,
SM15253 ,SM15211 ,
SM14668 ,SM14698 ,
SM14668 ,SM14631 ,
SM14579 ,SM14631 ,
SM14579 ,SM14589 ,
SM14579 ,SM14543 ,
SM14543 ,SM14589 ,
SM14543 ,SM14631 ,
SM14631 ,SM14589 ,
SM14698 ,SM14731 ,
SM14731 ,SM14764 ,
SM14361 ,SM14308 ,
SM13986 ,SM13937 ,
SM13646 ,SM13511 ,
SM13209 ,SM13069 ,
SM13209 ,SM13350 ,
SM13392 ,SM13296 ,
SM13510 ,SM13386 ,
SM13510 ,SM13652 ,
SM13652 ,SM13776 ,
SM12974 ,SM12883 ,
SM12974 ,SM13052 ,
SM13052 ,SM13134 ,
SM13134 ,SM13205 ,
SM14052 ,SM14016 ,
SM14251 ,SM14193 ,
SM14251 ,SM14312 ,
SM14312 ,SM14364 ,
SM14364 ,SM14413 ,
SM14413 ,SM14464 ,
SM14464 ,SM14514 ,
SM14591 ,SM14556 ,
SM14556 ,SM14524 ,
SM13730 ,SM13777 ,
SM13730 ,SM13685 ,
SM13685 ,SM13651 ,
SM13651 ,SM13600 ,
SM13600 ,SM13550 ,
SM13550 ,SM13505 ,
SM14313 ,SM14229 ,
SM14639 ,SM14562 ,
SM14675 ,SM14562 ,
SM14675 ,SM14601 ,
SM14601 ,SM14512 ,
SM14227 ,SM14125 ,
SM13890 ,SM13782 ,
SM11821 ,SM11773 ,
SM11773 ,SM11725 ,
SM11050 ,SM10925 ,
SM10629 ,SM10486 ,
SM10629 ,SM10503 ,
SM10503 ,SM10397 ,
SM10397 ,SM10486 ,
SM10397 ,SM10282 ,
SM10282 ,SM10377 ,
SM10282 ,SM10182 ,
SM10182 ,SM10262 ,
SM10182 ,SM10066 ,
SM10066 ,SM10153 ,
SM10066 ,SM9948  ,
SM9948  ,SM10028 ,
SM9948  ,SM9831  ,
SM9669  ,SM9831  ,
SM9669  ,SM9538  ,
SM9538  ,SM9707  ,
SM9538  ,SM9410  ,
SM9410  ,SM9592  ,
SM9410  ,SM9299  ,
SM9299  ,SM9467  ,
SM9299  ,SM9194  ,
SM9194  ,SM9332  ,
SM8945  ,SM9087  ,
SM9007  ,SM9138  ,
SM9007  ,SM9107  ,
SM9007  ,SM8897  ,
SM8897  ,SM8975  ,
SM8897  ,SM8813  ,
SM8813  ,SM8886  ,
SM8813  ,SM8725  ,
SM7628  ,SM7691  ,
SM6709  ,SM6630  ,
SM5379  ,SM5412  ,
SM5285  ,SM5367  ,
SM5285  ,SM5211  ,
SM5024  ,SM4940  ,
SM4940  ,SM4851  ,
SM4851  ,SM4770  ,
SM4460  ,SM4499  ,
SM4460  ,SM4425  ,
SM4425  ,SM4381  ,
SM4381  ,SM4342  ,
SM4342  ,SM4297  ,
SM4297  ,SM4237  ,
SM4237  ,SM4188  ,
SM4188  ,SM4104  ,
SM4188  ,SM4145  ,
SM4145  ,SM4104  ,
SM4145  ,SM4118  ,
SM4118  ,SM4090  ,
SM4090  ,SM4048  ,
SM4048  ,SM4000  ,
SM3897  ,SM3852  ,
SM3274  ,SM3246  ,
SM3274  ,SM3169  ,
SM3224  ,SM3158  ,
SM3224  ,SM3232  ,
SM3273  ,SM3232  ,
SM3273  ,SM3296  ,
SM3331  ,SM3296  ,
SM3331  ,SM3369  ,
SM3369  ,SM3436  ,
SM3436  ,SM3514  ,
SM3514  ,SM3415  ,
SM3514  ,SM3602  ,
SM3602  ,SM3489  ,
SM3602  ,SM3684  ,
SM3684  ,SM3561  ,
SM3684  ,SM3782  ,
SM3782  ,SM3640  ,
SM3782  ,SM3844  ,
SM3955  ,SM3844  ,
SM3955  ,SM4010  ,
SM4609  ,SM4607  ,
SM4607  ,SM4603  ,
SM4836  ,SM4832  ,
SM4836  ,SM4920  ,
SM4920  ,SM5000  ,
SM5000  ,SM5087  ,
SM5087  ,SM5167  ,
SM5167  ,SM5246  ,
SM5246  ,SM5324  ,
SM5334  ,SM5184  ,
SM5334  ,SM5413  ,
SM5493  ,SM5317  ,
SM5398  ,SM5302  ,
SM5333  ,SM5302  ,
SM5333  ,SM5363  ,
SM5363  ,SM5232  ,
SM5232  ,SM5112  ,
SM5112  ,SM4974  ,
SM5044  ,SM5005  ,
SM5044  ,SM5073  ,
SM5073  ,SM5098  ,
SM4604  ,SM4575  ,
SM4604  ,SM4514  ,
SM4604  ,SM4555  ,
SM4555  ,SM4514  ,
SM4412  ,SM4393  ,
SM4412  ,SM4443  ,
SM4049  ,SM4067  ,
SM4067  ,SM4077  ,
SM3525  ,SM3545  ,
SM3545  ,SM3567  ,
SM3048  ,SM3067  ,
SM2457  ,SM2476  ,
SM1937  ,SM1947  ,
SM1947  ,SM1969  ,
SM1969  ,SM1989  ,
SM1512  ,SM1519  ,
SM1519  ,SM1544  ,
SM1519  ,SM1511  ,
SM1511  ,SM1544  ,
SM1511  ,SM1492  ,
SM1492  ,SM1555  ,
SM1555  ,SM1544  ,
SM2004  ,SM1989  ,
SM2004  ,SM2030  ,
SM2427  ,SM2473  ,
SM2545  ,SM2609  ,
SM2545  ,SM2475  ,
SM2475  ,SM2416  ,
SM2416  ,SM2356  ,
SM2356  ,SM2294  ,
SM2216  ,SM2170  ,
SM2110  ,SM2170  ,
SM2110  ,SM2128  ,
SM2074  ,SM2128  ,
SM2178  ,SM2235  ,
SM2343  ,SM2396  ,
SM2343  ,SM2301  ,
SM2301  ,SM2292  ,
SM2017  ,SM2077  ,
SM2017  ,SM1920  ,
SM2017  ,SM1957  ,
SM1957  ,SM1880  ,
SM1957  ,SM1909  ,
SM1955  ,SM1909  ,
SM1880  ,SM1920  ,
SM1664  ,SM1674  ,
SM1920  ,SM1979  ,
SM1979  ,SM2077  ,
SM2118  ,SM2077  ,
SM2118  ,SM2155  ,
SM2155  ,SM2188  ,
SM2188  ,SM2228  ,
SM2228  ,SM2284  ,
SM2284  ,SM2337  ,
SM2337  ,SM2368  ,
SM2368  ,SM2384  ,
SM2248  ,SM2280  ,
SM2280  ,SM2303  ,
SM2280  ,SM2229  ,
SM2229  ,SM2240  ,
SM2315  ,SM2345  ,
SM2451  ,SM2429  ,
SM2451  ,SM2540  ,
SM2451  ,SM2464  ,
SM2358  ,SM2388  ,
SM2358  ,SM2327  ,
SM2327  ,SM2298  ,
SM2440  ,SM2388  ,
SM2440  ,SM2464  ,
SM2440  ,SM2460  ,
SM2460  ,SM2464  ,
SM2460  ,SM2482  ,
SM2482  ,SM2552  ,
SM2482  ,SM2515  ,
SM2470  ,SM2515  ,
SM2470  ,SM2560  ,
SM2470  ,SM2420  ,
SM2420  ,SM2499  ,
SM2458  ,SM2499  ,
SM2458  ,SM2426  ,
SM2426  ,SM2574  ,
SM2426  ,SM2390  ,
SM2390  ,SM2532  ,
SM2390  ,SM2357  ,
SM2357  ,SM2495  ,
SM2495  ,SM2532  ,
SM2660  ,SM2667  ,
SM2660  ,SM2735  ,
SM2735  ,SM2742  ,
SM2892  ,SM2893  ,
SM2892  ,SM2938  ,
SM2938  ,SM2893  ,
SM2938  ,SM2949  ,
SM3183  ,SM3230  ,
SM3295  ,SM3318  ,
SM3435  ,SM3385  ,
SM3587  ,SM3526  ,
SM3587  ,SM3645  ,
SM3645  ,SM3710  ,
SM3550  ,SM3612  ,
SM3394  ,SM3429  ,
SM3414  ,SM3473  ,
SM3664  ,SM3628  ,
SM3793  ,SM3725  ,
SM3793  ,SM3758  ,
SM3793  ,SM3843  ,
SM4105  ,SM4156  ,
SM4503  ,SM4570  ,
SM4924  ,SM5070  ,
SM5385  ,SM5480  ,
SM5385  ,SM5308  ,
SM4944  ,SM4993  ,
SM4889  ,SM4960  ,
SM5243  ,SM5194  ,
SM5243  ,SM5288  ,
SM5308  ,SM5239  ,
SM4993  ,SM5058  ,
SM4960  ,SM5036  ,
SM5194  ,SM5145  ,
SM5239  ,SM5174  ,
SM5058  ,SM5101  ,
SM5036  ,SM5101  ,
SM5145  ,SM5101  ,
SM5174  ,SM5101  ,
SM5288  ,SM5344  ,
SM5344  ,SM5395  ,
SM5323  ,SM5403  ,
SM5725  ,SM5671  ,
SM5808  ,SM5739  ,
SM5395  ,SM5459  ,
SM5403  ,SM5491  ,
SM5671  ,SM5628  ,
SM5739  ,SM5665  ,
SM5459  ,SM5515  ,
SM5491  ,SM5515  ,
SM5491  ,SM5568  ,
SM5628  ,SM5568  ,
SM5665  ,SM5621  ,
SM5515  ,SM5568  ,
SM5568  ,SM5621  ,
SM5808  ,SM5892  ,
SM5892  ,SM5961  ,
SM6311  ,SM6445  ,
SM6777  ,SM6894  ,
SM6777  ,SM6686  ,
SM6275  ,SM6328  ,
SM6259  ,SM6333  ,
SM6673  ,SM6627  ,
SM6686  ,SM6621  ,
SM6328  ,SM6372  ,
SM6333  ,SM6398  ,
SM6627  ,SM6574  ,
SM6621  ,SM6535  ,
SM6372  ,SM6414  ,
SM6398  ,SM6457  ,
SM6574  ,SM6508  ,
SM6535  ,SM6457  ,
SM6414  ,SM6457  ,
SM6457  ,SM6508  ,
SM6673  ,SM6730  ,
SM6730  ,SM6798  ,
SM6701  ,SM6802  ,
SM7305  ,SM7240  ,
SM7305  ,SM7362  ,
SM7848  ,SM7926  ,
SM7848  ,SM7760  ,
SM7706  ,SM7770  ,
SM7534  ,SM7615  ,
SM7983  ,SM8068  ,
SM8466  ,SM8553  ,
SM8909  ,SM8985  ,
SM8909  ,SM8827  ,
SM9313  ,SM9389  ,
SM9893  ,SM9986  ,
SM9893  ,SM9788  ,
SM9788  ,SM9686  ,
SM10197 ,SM10285 ,
SM10722 ,SM10834 ,
SM10722 ,SM10626 ,
SM10626 ,SM10509 ,
SM10509 ,SM10419 ,
SM9810  ,SM9886  ,
SM9810  ,SM9747  ,
SM9907  ,SM9805  ,
SM9305  ,SM9344  ,
SM9212  ,SM9286  ,
SM9747  ,SM9674  ,
SM9805  ,SM9702  ,
SM9344  ,SM9412  ,
SM9286  ,SM9352  ,
SM9674  ,SM9603  ,
SM9702  ,SM9601  ,
SM9412  ,SM9478  ,
SM9352  ,SM9448  ,
SM9603  ,SM9573  ,
SM9601  ,SM9539  ,
SM9478  ,SM9539  ,
SM9448  ,SM9539  ,
SM9573  ,SM9539  ,
SM9212  ,SM9142  ,
SM9142  ,SM9049  ,
SM9551  ,SM9644  ,
SM9551  ,SM9456  ,
SM9456  ,SM9362  ,
SM9362  ,SM9290  ,
SM9290  ,SM9216  ,
SM9216  ,SM9143  ,
SM8637  ,SM8550  ,
SM9048  ,SM9143  ,
SM9048  ,SM8964  ,
SM9402  ,SM9493  ,
SM9974  ,SM10069 ,
SM10465 ,SM10577 ,
SM10465 ,SM10372 ,
SM10372 ,SM10277 ,
SM9588  ,SM9652  ,
SM9528  ,SM9624  ,
SM10045 ,SM10151 ,
SM10045 ,SM9952  ,
SM9952  ,SM9856  ,
SM10422 ,SM10518 ,
SM10422 ,SM10328 ,
SM10328 ,SM10236 ,
SM10236 ,SM10143 ,
SM10143 ,SM10039 ,
SM10039 ,SM9944  ,
SM9363  ,SM9289  ,
SM8786  ,SM8708  ,
SM8708  ,SM8620  ,
SM9140  ,SM9214  ,
SM9140  ,SM9046  ,
SM9046  ,SM8960  ,
SM8960  ,SM8877  ,
SM8877  ,SM8794  ,
SM8794  ,SM8713  ,
SM8713  ,SM8645  ,
SM8645  ,SM8607  ,
SM8607  ,SM8667  ,
SM8607  ,SM8504  ,
SM8667  ,SM8709  ,
SM8709  ,SM8778  ,
SM8764  ,SM8905  ,
SM8815  ,SM8861  ,
SM8861  ,SM8941  ,
SM8743  ,SM8769  ,
SM8600  ,SM8716  ,
SM8839  ,SM8796  ,
SM8839  ,SM8972  ,
SM9028  ,SM8972  ,
SM9028  ,SM9078  ,
SM9078  ,SM9121  ,
SM9121  ,SM9198  ,
SM8982  ,SM9010  ,
SM8878  ,SM8961  ,
SM9094  ,SM9044  ,
SM9094  ,SM9133  ,
SM9133  ,SM9278  ,
SM9133  ,SM9185  ,
SM9185  ,SM9314  ,
SM9185  ,SM9235  ,
SM9039  ,SM9132  ,
SM9321  ,SM9279  ,
SM9321  ,SM9491  ,
SM9491  ,SM9436  ,
SM9491  ,SM9634  ,
SM9491  ,SM9532  ,
SM9532  ,SM9575  ,
SM9575  ,SM9621  ,
SM9621  ,SM9712  ,
SM9474  ,SM9507  ,
SM9360  ,SM9451  ,
SM9587  ,SM9536  ,
SM9587  ,SM9746  ,
SM9587  ,SM9638  ,
SM9224  ,SM9150  ,
SM8863  ,SM8922  ,
SM8817  ,SM8895  ,
SM9159  ,SM9102  ,
SM9102  ,SM9034  ,
SM9150  ,SM9063  ,
SM8922  ,SM8974  ,
SM8895  ,SM8974  ,
SM9034  ,SM8974  ,
SM9063  ,SM8974  ,
SM9638  ,SM9800  ,
SM9638  ,SM9693  ,
SM9693  ,SM9861  ,
SM9693  ,SM9759  ,
SM9256  ,SM9312  ,
SM9243  ,SM9316  ,
SM9745  ,SM9677  ,
SM9745  ,SM9808  ,
SM9808  ,SM9875  ,
SM9804  ,SM9998  ,
SM9804  ,SM9939  ,
SM9939  ,SM10009 ,
SM10009 ,SM10080 ,
SM9870  ,SM9992  ,
SM9992  ,SM10120 ,
SM9931  ,SM10019 ,
SM9931  ,SM9836  ,
SM9836  ,SM9742  ,
SM9967  ,SM10020 ,
SM9935  ,SM10091 ,
SM10388 ,SM10472 ,
SM10472 ,SM10579 ,
SM10673 ,SM10579 ,
SM10881 ,SM10796 ,
SM10881 ,SM10910 ,
SM11010 ,SM10910 ,
SM11010 ,SM11109 ,
SM11488 ,SM11425 ,
SM11488 ,SM11558 ,
SM11582 ,SM11481 ,
SM11044 ,SM11108 ,
SM11044 ,SM10975 ,
SM10975 ,SM10903 ,
SM11165 ,SM11073 ,
SM11165 ,SM11253 ,
SM11253 ,SM11349 ,
SM11349 ,SM11445 ,
SM11445 ,SM11552 ,
SM11552 ,SM11665 ,
SM11665 ,SM11779 ,
SM11779 ,SM11881 ,
SM12382 ,SM12467 ,
SM12467 ,SM12541 ,
SM12541 ,SM12630 ,
SM12630 ,SM12712 ,
SM12712 ,SM12789 ,
SM12789 ,SM12869 ,
SM13340 ,SM13404 ,
SM13404 ,SM13471 ,
SM13471 ,SM13534 ,
SM13558 ,SM13513 ,
SM13706 ,SM13647 ,
SM13335 ,SM13260 ,
SM13335 ,SM13261 ,
SM13335 ,SM13399 ,
SM13399 ,SM13337 ,
SM13402 ,SM13337 ,
SM13402 ,SM13466 ,
SM13043 ,SM12995 ,
SM12956 ,SM12995 ,
SM12956 ,SM12946 ,
SM12946 ,SM12917 ,
SM13063 ,SM13053 ,
SM13393 ,SM13330 ,
SM13403 ,SM13347 ,
SM13403 ,SM13456 ,
SM13456 ,SM13512 ,
SM13512 ,SM13567 ,
SM13556 ,SM13630 ,
SM13795 ,SM13753 ,
SM13879 ,SM13820 ,
SM13879 ,SM13910 ,
SM13910 ,SM13952 ,
SM13952 ,SM13987 ,
SM13987 ,SM14017 ,
SM14017 ,SM14067 ,
SM14067 ,SM14107 ,
SM14086 ,SM14129 ,
SM14231 ,SM14171 ,
SM14231 ,SM14271 ,
SM14300 ,SM14245 ,
SM14300 ,SM14333 ,
SM14333 ,SM14389 ,
SM14389 ,SM14440 ,
SM14207 ,SM14150 ,
SM14207 ,SM14143 ,
SM14207 ,SM14265 ,
SM14265 ,SM14203 ,
SM14265 ,SM14322 ,
SM14322 ,SM14263 ,
SM14322 ,SM14376 ,
SM14376 ,SM14423 ,
SM14423 ,SM14466 ,
SM14466 ,SM14523 ,
SM14523 ,SM14554 ,
SM14647 ,SM14613 ,
SM14647 ,SM14683 ,
SM14683 ,SM14729 ,
SM14729 ,SM14773 ,
SM14773 ,SM14820 ,
SM14820 ,SM14877 ,
SM14877 ,SM14910 ,
SM14910 ,SM14947 ,
SM15017 ,SM15025 ,
SM15141 ,SM15093 ,
SM15173 ,SM15140 ,
SM15173 ,SM15206 ,
SM15206 ,SM15248 ,
SM15248 ,SM15284 ,
SM15284 ,SM15331 ,
SM15331 ,SM15377 ,
SM15377 ,SM15420 ,
SM15390 ,SM15433 ,
SM15433 ,SM15473 ,
SM15462 ,SM15420 ,
SM15418 ,SM15369 ,
SM15368 ,SM15322 ,
SM15297 ,SM15322 ,
SM15297 ,SM15278 ,
SM15278 ,SM15322 ,
SM15278 ,SM15262 ,
SM15262 ,SM15246 ,
SM15246 ,SM15227 ,
SM14953 ,SM14926 ,
SM14605 ,SM14598 ,
SM14750 ,SM14767 ,
SM14885 ,SM14825 ,
SM14895 ,SM14852 ,
SM14895 ,SM14941 ,
SM14941 ,SM14986 ,
SM14986 ,SM15031 ,
SM15068 ,SM15031 ,
SM15068 ,SM15073 ,
SM15124 ,SM15073 ,
SM15073 ,SM15031 ,
SM15057 ,SM15007 ,
SM15057 ,SM15096 ,
SM15230 ,SM15187 ,
SM15230 ,SM15222 ,
SM15230 ,SM15285 ,
SM15285 ,SM15379 ,
SM15379 ,SM15459 ,
SM15459 ,SM15546 ,
SM15546 ,SM15638 ,
SM15638 ,SM15734 ,
SM15734 ,SM15823 ,
SM15752 ,SM15706 ,
SM15752 ,SM15797 ,
SM15797 ,SM15762 ,
SM15797 ,SM15825 ,
SM15825 ,SM15762 ,
SM15825 ,SM15855 ,
SM15855 ,SM15883 ,
SM15883 ,SM15907 ,
SM15907 ,SM15930 ,
SM15930 ,SM15953 ,
SM15953 ,SM15923 ,
SM15953 ,SM15972 ,
SM15923 ,SM15894 ,
SM15894 ,SM15858 ,
SM15858 ,SM15815 ,
SM15888 ,SM15836 ,
SM15888 ,SM15920 ,
SM15920 ,SM15957 ,
SM16054 ,SM16052 ,
SM16052 ,SM15987 ,
SM16052 ,SM16047 ,
SM16047 ,SM15987 ,
SM15860 ,SM15819 ,
SM15860 ,SM15901 ,
SM15901 ,SM15935 ,
SM15970 ,SM15935 ,
SM15970 ,SM16010 ,
SM15753 ,SM15703 ,
SM15495 ,SM15454 ,
SM15221 ,SM15183 ,
SM15221 ,SM15266 ,
SM15266 ,SM15317 ,
SM15595 ,SM15563 ,
SM15595 ,SM15625 ,
SM15587 ,SM15629 ,
SM15824 ,SM15794 ,
SM15859 ,SM15820 ,
SM15859 ,SM15900 ,
SM15973 ,SM15932 ,
SM15973 ,SM15963 ,
SM16004 ,SM15963 ,
SM15839 ,SM15871 ,
SM15871 ,SM15904 ,
SM15900 ,SM15904 ,
SM15900 ,SM15932 ,
SM15932 ,SM15904 ,
SM15932 ,SM15963 ,
SM15839 ,SM15808 ,
SM15808 ,SM15774 ,
SM15817 ,SM15772 ,
SM15817 ,SM15857 ,
SM15568 ,SM15517 ,
SM15517 ,SM15476 ,
SM15211 ,SM15171 ,
SM15171 ,SM15125 ,
SM15125 ,SM15082 ,
SM15082 ,SM15045 ,
SM14764 ,SM14799 ,
SM14714 ,SM14756 ,
SM14714 ,SM14667 ,
SM14667 ,SM14609 ,
SM14308 ,SM14240 ,
SM13937 ,SM13875 ,
SM13511 ,SM13391 ,
SM13069 ,SM12908 ,
SM12703 ,SM12625 ,
SM12703 ,SM12784 ,
SM12784 ,SM12862 ,
SM13296 ,SM13199 ,
SM13386 ,SM13240 ,
SM12546 ,SM12473 ,
SM12546 ,SM12640 ,
SM12640 ,SM12721 ,
SM12721 ,SM12805 ,
SM12805 ,SM12883 ,
SM12612 ,SM12528 ,
SM12612 ,SM12687 ,
SM12687 ,SM12762 ,
SM12762 ,SM12836 ,
SM12836 ,SM12918 ,
SM13205 ,SM13280 ,
SM14016 ,SM13984 ,
SM14138 ,SM14096 ,
SM14138 ,SM14193 ,
SM13871 ,SM13861 ,
SM13871 ,SM13859 ,
SM13859 ,SM13815 ,
SM13815 ,SM13777 ,
SM13271 ,SM13322 ,
SM13271 ,SM13219 ,
SM13219 ,SM13170 ,
SM13170 ,SM13123 ,
SM13123 ,SM13072 ,
SM13072 ,SM13018 ,
SM13018 ,SM12957 ,
SM13505 ,SM13461 ,
SM13461 ,SM13435 ,
SM14229 ,SM14154 ,
SM14344 ,SM14246 ,
SM14344 ,SM14426 ,
SM14426 ,SM14512 ,
SM14426 ,SM14562 ,
SM14562 ,SM14512 ,
SM14125 ,SM14027 ,
SM13782 ,SM13665 ,
SM12168 ,SM12227 ,
SM12168 ,SM12088 ,
SM12088 ,SM12021 ,
SM12021 ,SM11911 ,
SM11725 ,SM11683 ,
SM10925 ,SM10799 ,
SM10486 ,SM10377 ,
SM10377 ,SM10262 ,
SM10262 ,SM10421 ,
SM10262 ,SM10153 ,
SM10153 ,SM10421 ,
SM10153 ,SM10028 ,
SM10028 ,SM9913  ,
SM9831  ,SM9913  ,
SM9831  ,SM9707  ,
SM9707  ,SM9787  ,
SM9707  ,SM9592  ,
SM9592  ,SM9662  ,
SM9467  ,SM9591  ,
SM9467  ,SM9520  ,
SM9332  ,SM9453  ,
SM9332  ,SM9386  ,
SM9239  ,SM9323  ,
SM9239  ,SM9273  ,
SM9239  ,SM9130  ,
SM9130  ,SM9087  ,
SM9138  ,SM9226  ,
SM9169  ,SM9226  ,
SM9169  ,SM9107  ,
SM9107  ,SM9038  ,
SM9038  ,SM8975  ,
SM8975  ,SM8933  ,
SM8933  ,SM8886  ,
SM8886  ,SM8841  ,
SM8841  ,SM8800  ,
SM8725  ,SM8800  ,
SM8725  ,SM8624  ,
SM7691  ,SM7743  ,
SM6672  ,SM6729  ,
SM6420  ,SM6371  ,
SM6420  ,SM6473  ,
SM6473  ,SM6550  ,
SM6550  ,SM6595  ,
SM6595  ,SM6630  ,
SM5412  ,SM5367  ,
SM6371  ,SM6306  ,
SM6306  ,SM6243  ,
SM6243  ,SM6197  ,
SM6197  ,SM6150  ,
SM6150  ,SM6089  ,
SM5844  ,SM5989  ,
SM5844  ,SM5707  ,
SM5707  ,SM5570  ,
SM5570  ,SM5425  ,
SM5425  ,SM5343  ,
SM5343  ,SM5273  ,
SM5273  ,SM5146  ,
SM5273  ,SM5204  ,
SM5204  ,SM5146  ,
SM5146  ,SM5093  ,
SM5093  ,SM5016  ,
SM5016  ,SM4942  ,
SM4942  ,SM4860  ,
SM4770  ,SM4685  ,
SM4499  ,SM4551  ,
SM4430  ,SM4483  ,
SM4430  ,SM4365  ,
SM4365  ,SM4306  ,
SM4306  ,SM4222  ,
SM3922  ,SM3886  ,
SM3922  ,SM3970  ,
SM3852  ,SM3787  ,
SM3787  ,SM3710  ,
SM3612  ,SM3647  ,
SM3604  ,SM3657  ,
SM3604  ,SM3583  ,
SM3604  ,SM3540  ,
SM3540  ,SM3583  ,
SM3540  ,SM3506  ,
SM3429  ,SM3473  ,
SM3473  ,SM3506  ,
SM3628  ,SM3583  ,
SM3725  ,SM3657  ,
SM3758  ,SM3724  ,
SM3758  ,SM3843  ,
SM3843  ,SM3886  ,
SM4156  ,SM4222  ,
SM4570  ,SM4642  ,
SM5070  ,SM5197  ,
SM5480  ,SM5556  ,
SM5961  ,SM6017  ,
SM6445  ,SM6598  ,
SM6894  ,SM7000  ,
SM7504  ,SM7578  ,
SM7504  ,SM7416  ,
SM8009  ,SM8096  ,
SM8009  ,SM7926  ,
SM7832  ,SM7888  ,
SM7832  ,SM7770  ,
SM7615  ,SM7702  ,
SM8068  ,SM8162  ,
SM8553  ,SM8641  ,
SM8985  ,SM9076  ,
SM9485  ,SM9577  ,
SM9485  ,SM9389  ,
SM9986  ,SM10084 ,
SM10473 ,SM10586 ,
SM10473 ,SM10383 ,
SM10383 ,SM10285 ,
SM10834 ,SM10941 ,
SM11340 ,SM11435 ,
SM11340 ,SM11245 ,
SM11245 ,SM11160 ,
SM11160 ,SM11069 ,
SM10458 ,SM10535 ,
SM10458 ,SM10398 ,
SM10398 ,SM10336 ,
SM10419 ,SM10325 ,
SM9886  ,SM9942  ,
SM9755  ,SM9850  ,
SM9850  ,SM9945  ,
SM10336 ,SM10270 ,
SM10325 ,SM10237 ,
SM9942  ,SM10012 ,
SM9945  ,SM10041 ,
SM10270 ,SM10210 ,
SM10237 ,SM10145 ,
SM10012 ,SM10076 ,
SM10041 ,SM10145 ,
SM10210 ,SM10145 ,
SM10145 ,SM10076 ,
SM9755  ,SM9644  ,
SM10165 ,SM10257 ,
SM10165 ,SM10068 ,
SM10068 ,SM9977  ,
SM9977  ,SM9883  ,
SM9883  ,SM9781  ,
SM9781  ,SM9678  ,
SM9678  ,SM9582  ,
SM9582  ,SM9493  ,
SM10069 ,SM10168 ,
SM10577 ,SM10681 ,
SM11122 ,SM11213 ,
SM11122 ,SM11024 ,
SM11024 ,SM10923 ,
SM10190 ,SM10252 ,
SM10252 ,SM10314 ,
SM10151 ,SM10245 ,
SM10732 ,SM10849 ,
SM10732 ,SM10633 ,
SM10633 ,SM10518 ,
SM11086 ,SM11177 ,
SM11086 ,SM10987 ,
SM10987 ,SM10877 ,
SM10877 ,SM10764 ,
SM10764 ,SM10657 ,
SM10657 ,SM10548 ,
SM10548 ,SM10438 ,
SM9944  ,SM9849  ,
SM9289  ,SM9214  ,
SM9756  ,SM9849  ,
SM9756  ,SM9646  ,
SM9646  ,SM9556  ,
SM9556  ,SM9460  ,
SM9460  ,SM9367  ,
SM8905  ,SM8959  ,
SM8959  ,SM9016  ,
SM9016  ,SM9085  ,
SM9085  ,SM9222  ,
SM9085  ,SM9147  ,
SM9002  ,SM9077  ,
SM9002  ,SM8941  ,
SM8941  ,SM8892  ,
SM8892  ,SM8855  ,
SM8855  ,SM8924  ,
SM8855  ,SM8769  ,
SM8769  ,SM8716  ,
SM8716  ,SM8796  ,
SM8796  ,SM8924  ,
SM8972  ,SM8924  ,
SM9615  ,SM9703  ,
SM9615  ,SM9522  ,
SM9522  ,SM9429  ,
SM9429  ,SM9335  ,
SM9335  ,SM9269  ,
SM9269  ,SM9198  ,
SM9198  ,SM9122  ,
SM9122  ,SM9178  ,
SM9122  ,SM9010  ,
SM9010  ,SM8961  ,
SM8961  ,SM9044  ,
SM9210  ,SM9178  ,
SM9210  ,SM9242  ,
SM9242  ,SM9278  ,
SM9278  ,SM9314  ,
SM9314  ,SM9343  ,
SM9343  ,SM9424  ,
SM9235  ,SM9253  ,
SM9132  ,SM9204  ,
SM9279  ,SM9204  ,
SM9279  ,SM9253  ,
SM9436  ,SM9414  ,
SM9634  ,SM9572  ,
SM9634  ,SM9798  ,
SM10000 ,SM10087 ,
SM10000 ,SM9903  ,
SM9903  ,SM9809  ,
SM9809  ,SM9712  ,
SM9712  ,SM9651  ,
SM9651  ,SM9607  ,
SM9607  ,SM9682  ,
SM9607  ,SM9507  ,
SM9507  ,SM9451  ,
SM9451  ,SM9536  ,
SM9746  ,SM9682  ,
SM9746  ,SM9800  ,
SM9800  ,SM9861  ,
SM9861  ,SM9919  ,
SM9919  ,SM10023 ,
SM9759  ,SM9794  ,
SM9312  ,SM9358  ,
SM9316  ,SM9400  ,
SM9677  ,SM9610  ,
SM9927  ,SM9877  ,
SM9927  ,SM10128 ,
SM9979  ,SM10163 ,
SM9979  ,SM9936  ,
SM9979  ,SM9875  ,
SM9875  ,SM9936  ,
SM9936  ,SM10002 ,
SM10002 ,SM10032 ,
SM9998  ,SM10065 ,
SM9998  ,SM10107 ,
SM10107 ,SM10065 ,
SM10107 ,SM10155 ,
SM10155 ,SM10317 ,
SM10155 ,SM10201 ,
SM10201 ,SM10373 ,
SM10201 ,SM10225 ,
SM10080 ,SM10225 ,
SM10080 ,SM10120 ,
SM10120 ,SM10267 ,
SM10309 ,SM10267 ,
SM10211 ,SM10296 ,
SM10211 ,SM10116 ,
SM10116 ,SM10019 ,
SM10020 ,SM10091 ,
SM10608 ,SM10553 ,
SM10608 ,SM10716 ,
SM10579 ,SM10644 ,
SM10644 ,SM10716 ,
SM10716 ,SM10796 ,
SM10796 ,SM10910 ,
SM10910 ,SM10802 ,
SM10802 ,SM10740 ,
SM10740 ,SM10553 ,
SM10740 ,SM10682 ,
SM11109 ,SM11201 ,
SM11425 ,SM11354 ,
SM11481 ,SM11384 ,
SM11108 ,SM11170 ,
SM11170 ,SM11227 ,
SM11201 ,SM11294 ,
SM11354 ,SM11294 ,
SM11384 ,SM11294 ,
SM11227 ,SM11294 ,
SM10682 ,SM10488 ,
SM10682 ,SM10623 ,
SM10623 ,SM10441 ,
SM10623 ,SM10565 ,
SM10903 ,SM10824 ,
SM11073 ,SM10972 ,
SM10705 ,SM10566 ,
SM10717 ,SM10496 ,
SM10717 ,SM10946 ,
SM10946 ,SM11140 ,
SM11140 ,SM11330 ,
SM11881 ,SM11988 ,
SM11988 ,SM12084 ,
SM12084 ,SM12188 ,
SM12188 ,SM12280 ,
SM12280 ,SM12365 ,
SM12365 ,SM12451 ,
SM12869 ,SM12955 ,
SM13381 ,SM13331 ,
SM13381 ,SM13416 ,
SM13416 ,SM13467 ,
SM13467 ,SM13513 ,
SM13647 ,SM13572 ,
SM13260 ,SM13193 ,
SM13260 ,SM13196 ,
SM13261 ,SM13196 ,
SM12231 ,SM12288 ,
SM12231 ,SM12173 ,
SM12173 ,SM12097 ,
SM12097 ,SM12038 ,
SM12038 ,SM11968 ,
SM12099 ,SM12052 ,
SM12099 ,SM12135 ,
SM12917 ,SM12914 ,
SM13053 ,SM13047 ,
SM13330 ,SM13267 ,
SM13347 ,SM13282 ,
SM13406 ,SM13345 ,
SM13406 ,SM13475 ,
SM13475 ,SM13543 ,
SM13567 ,SM13626 ,
SM13630 ,SM13690 ,
SM13753 ,SM13719 ,
SM13820 ,SM13806 ,
SM13830 ,SM13772 ,
SM13830 ,SM13892 ,
SM13892 ,SM13947 ,
SM13947 ,SM14003 ,
SM14003 ,SM14051 ,
SM14051 ,SM14098 ,
SM14107 ,SM14151 ,
SM14129 ,SM14171 ,
SM14199 ,SM14151 ,
SM14199 ,SM14245 ,
SM14098 ,SM14150 ,
SM14143 ,SM14090 ,
SM14143 ,SM14203 ,
SM14203 ,SM14263 ,
SM14263 ,SM14324 ,
SM14324 ,SM14366 ,
SM14366 ,SM14403 ,
SM14403 ,SM14446 ,
SM14446 ,SM14496 ,
SM14496 ,SM14550 ,
SM14554 ,SM14613 ,
SM14602 ,SM14550 ,
SM14602 ,SM14654 ,
SM14654 ,SM14709 ,
SM14709 ,SM14755 ,
SM14755 ,SM14798 ,
SM14798 ,SM14838 ,
SM14838 ,SM14879 ,
SM14879 ,SM14938 ,
SM14938 ,SM14993 ,
SM14947 ,SM14983 ,
SM15025 ,SM15041 ,
SM15093 ,SM15071 ,
SM15105 ,SM15078 ,
SM15105 ,SM15140 ,
SM15079 ,SM15070 ,
SM14993 ,SM15023 ,
SM14983 ,SM15008 ,
SM15008 ,SM15041 ,
SM15041 ,SM15047 ,
SM15041 ,SM15071 ,
SM15047 ,SM15056 ,
SM15078 ,SM15056 ,
SM15023 ,SM15056 ,
SM15079 ,SM15091 ,
SM15091 ,SM15106 ,
SM15106 ,SM15121 ,
SM15121 ,SM15136 ,
SM15136 ,SM15152 ,
SM15311 ,SM15250 ,
SM15311 ,SM15369 ,
SM15227 ,SM15209 ,
SM15209 ,SM15196 ,
SM14926 ,SM14899 ,
SM14598 ,SM14576 ,
SM14293 ,SM14301 ,
SM14293 ,SM14286 ,
SM14286 ,SM14278 ,
SM14278 ,SM14270 ,
SM14270 ,SM14269 ,
SM14269 ,SM14268 ,
SM14268 ,SM14266 ,
SM14285 ,SM14266 ,
SM14285 ,SM14239 ,
SM14285 ,SM14309 ,
SM14309 ,SM14239 ,
SM14309 ,SM14323 ,
SM14323 ,SM14343 ,
SM14343 ,SM14362 ,
SM14362 ,SM14370 ,
SM14370 ,SM14336 ,
SM14370 ,SM14384 ,
SM14384 ,SM14396 ,
SM14396 ,SM14415 ,
SM14415 ,SM14379 ,
SM14415 ,SM14433 ,
SM14415 ,SM14473 ,
SM14473 ,SM14433 ,
SM14473 ,SM14435 ,
SM14473 ,SM14501 ,
SM14501 ,SM14531 ,
SM14574 ,SM14531 ,
SM14574 ,SM14618 ,
SM14767 ,SM14795 ,
SM14795 ,SM14825 ,
SM14852 ,SM14806 ,
SM14737 ,SM14691 ,
SM14737 ,SM14782 ,
SM14782 ,SM14826 ,
SM14826 ,SM14876 ,
SM14876 ,SM14858 ,
SM14876 ,SM14907 ,
SM14907 ,SM14858 ,
SM14907 ,SM14963 ,
SM14963 ,SM15007 ,
SM14918 ,SM14870 ,
SM14918 ,SM14974 ,
SM14974 ,SM15013 ,
SM15096 ,SM15142 ,
SM15142 ,SM15187 ,
SM15187 ,SM15222 ,
SM15222 ,SM15265 ,
SM15265 ,SM15313 ,
SM15313 ,SM15360 ,
SM15360 ,SM15402 ,
SM15402 ,SM15441 ,
SM15441 ,SM15483 ,
SM15483 ,SM15526 ,
SM15526 ,SM15576 ,
SM15576 ,SM15618 ,
SM15618 ,SM15665 ,
SM15665 ,SM15706 ,
SM15684 ,SM15636 ,
SM15684 ,SM15728 ,
SM15764 ,SM15712 ,
SM15764 ,SM15815 ,
SM15836 ,SM15791 ,
SM15725 ,SM15675 ,
SM15725 ,SM15773 ,
SM15773 ,SM15819 ,
SM15957 ,SM15987 ,
SM15558 ,SM15509 ,
SM15558 ,SM15607 ,
SM15607 ,SM15654 ,
SM15654 ,SM15703 ,
SM15454 ,SM15410 ,
SM15183 ,SM15144 ,
SM14912 ,SM14864 ,
SM14912 ,SM14964 ,
SM14609 ,SM14559 ,
SM14240 ,SM14183 ,
SM13875 ,SM13814 ,
SM13391 ,SM13251 ,
SM12908 ,SM12752 ,
SM12539 ,SM12462 ,
SM12539 ,SM12625 ,
SM11522 ,SM11433 ,
SM11522 ,SM11633 ,
SM11633 ,SM11735 ,
SM11735 ,SM11848 ,
SM12862 ,SM12949 ,
SM13199 ,SM13110 ,
SM13240 ,SM13110 ,
SM12383 ,SM12295 ,
SM12383 ,SM12473 ,
SM12289 ,SM12208 ,
SM12289 ,SM12371 ,
SM12371 ,SM12453 ,
SM12453 ,SM12528 ,
SM12180 ,SM12082 ,
SM12180 ,SM12256 ,
SM12256 ,SM12340 ,
SM12340 ,SM12408 ,
SM12957 ,SM12894 ,
SM12894 ,SM12840 ,
SM13435 ,SM13405 ,
SM13405 ,SM13380 ,
SM14154 ,SM14087 ,
SM14154 ,SM14246 ,
SM14087 ,SM14026 ,
SM14026 ,SM13961 ,
SM13961 ,SM13884 ,
SM14027 ,SM13924 ,
SM13665 ,SM13533 ,
SM12291 ,SM12351 ,
SM12291 ,SM12227 ,
SM11232 ,SM11150 ,
SM11232 ,SM11323 ,
SM11323 ,SM11414 ,
SM11414 ,SM11464 ,
SM11464 ,SM11545 ,
SM11464 ,SM11507 ,
SM11668 ,SM11585 ,
SM11668 ,SM11545 ,
SM11668 ,SM11745 ,
SM11911 ,SM11869 ,
SM11683 ,SM11644 ,
SM11644 ,SM11627 ,
SM10799 ,SM10761 ,
SM10475 ,SM10547 ,
SM10547 ,SM10611 ,
SM9913  ,SM9787  ,
SM9662  ,SM9733  ,
SM9662  ,SM9591  ,
SM9591  ,SM9733  ,
SM9591  ,SM9520  ,
SM9520  ,SM9453  ,
SM9453  ,SM9386  ,
SM9386  ,SM9323  ,
SM9323  ,SM9273  ,
SM9273  ,SM9226  ,
SM9839  ,SM9929  ,
SM9839  ,SM9751  ,
SM9751  ,SM9653  ,
SM9653  ,SM9566  ,
SM9566  ,SM9483  ,
SM9483  ,SM9391  ,
SM9391  ,SM9320  ,
SM9320  ,SM9257  ,
SM9257  ,SM9195  ,
SM8800  ,SM8751  ,
SM8751  ,SM8689  ,
SM8624  ,SM8689  ,
SM8624  ,SM8507  ,
SM7743  ,SM7806  ,
SM6729  ,SM6793  ,
SM6089  ,SM5989  ,
SM6244  ,SM6381  ,
SM6244  ,SM6249  ,
SM6244  ,SM6198  ,
SM6198  ,SM6249  ,
SM6198  ,SM6053  ,
SM6053  ,SM5941  ,
SM5941  ,SM5787  ,
SM5787  ,SM5648  ,
SM5648  ,SM5502  ,
SM5502  ,SM5331  ,
SM5331  ,SM5197  ,
SM4860  ,SM4781  ,
SM4781  ,SM4708  ,
SM5640  ,SM5702  ,
SM5640  ,SM5556  ,
SM6017  ,SM6090  ,
SM6090  ,SM6161  ,
SM6598  ,SM6750  ,
SM7105  ,SM7208  ,
SM7105  ,SM7000  ,
SM7578  ,SM7662  ,
SM8096  ,SM8192  ,
SM8665  ,SM8754  ,
SM8665  ,SM8582  ,
SM8582  ,SM8496  ,
SM7888  ,SM7946  ,
SM7791  ,SM7873  ,
SM7791  ,SM7702  ,
SM8162  ,SM8265  ,
SM8641  ,SM8732  ,
SM9076  ,SM9162  ,
SM9577  ,SM9675  ,
SM10181 ,SM10273 ,
SM10181 ,SM10084 ,
SM10586 ,SM10689 ,
SM11132 ,SM11225 ,
SM11132 ,SM11046 ,
SM11046 ,SM10941 ,
SM11435 ,SM11532 ,
SM11985 ,SM12077 ,
SM11985 ,SM11882 ,
SM11882 ,SM11783 ,
SM11783 ,SM11671 ,
SM11049 ,SM11112 ,
SM11049 ,SM10982 ,
SM11069 ,SM10971 ,
SM10535 ,SM10609 ,
SM10439 ,SM10545 ,
SM10982 ,SM10906 ,
SM10971 ,SM10868 ,
SM10609 ,SM10684 ,
SM10545 ,SM10649 ,
SM10906 ,SM10826 ,
SM10868 ,SM10749 ,
SM10684 ,SM10749 ,
SM10649 ,SM10749 ,
SM10826 ,SM10749 ,
SM10439 ,SM10347 ,
SM10347 ,SM10257 ,
SM10882 ,SM10989 ,
SM10882 ,SM10766 ,
SM10766 ,SM10662 ,
SM10662 ,SM10557 ,
SM10557 ,SM10450 ,
SM10450 ,SM10355 ,
SM10355 ,SM10260 ,
SM10260 ,SM10168 ,
SM10681 ,SM10793 ,
SM11213 ,SM11310 ,
SM11722 ,SM11834 ,
SM11722 ,SM11609 ,
SM11609 ,SM11502 ,
SM11502 ,SM11408 ,
SM10923 ,SM10813 ,
SM10314 ,SM10379 ,
SM10245 ,SM10339 ,
SM10733 ,SM10665 ,
SM10813 ,SM10699 ,
SM10379 ,SM10443 ,
SM10339 ,SM10434 ,
SM10665 ,SM10589 ,
SM10699 ,SM10598 ,
SM10443 ,SM10502 ,
SM10434 ,SM10502 ,
SM10589 ,SM10502 ,
SM10598 ,SM10502 ,
SM10733 ,SM10810 ,
SM10810 ,SM10888 ,
SM10888 ,SM10961 ,
SM10849 ,SM10953 ,
SM11339 ,SM11277 ,
SM11408 ,SM11315 ,
SM10961 ,SM11029 ,
SM10953 ,SM11058 ,
SM11277 ,SM11215 ,
SM11315 ,SM11220 ,
SM11029 ,SM11100 ,
SM11058 ,SM11142 ,
SM11215 ,SM11181 ,
SM11220 ,SM11142 ,
SM11220 ,SM11100 ,
SM11100 ,SM11142 ,
SM11142 ,SM11181 ,
SM11339 ,SM11406 ,
SM11406 ,SM11469 ,
SM11266 ,SM11366 ,
SM11266 ,SM11177 ,
SM11704 ,SM11820 ,
SM11704 ,SM11588 ,
SM11588 ,SM11483 ,
SM11483 ,SM11383 ,
SM11383 ,SM11292 ,
SM11292 ,SM11194 ,
SM11194 ,SM11105 ,
SM11105 ,SM11003 ,
SM10438 ,SM10345 ,
SM10345 ,SM10251 ,
SM10251 ,SM10158 ,
SM10158 ,SM10056 ,
SM10056 ,SM9961  ,
SM9367  ,SM9293  ,
SM9293  ,SM9222  ,
SM9222  ,SM9147  ,
SM9703  ,SM9764  ,
SM9703  ,SM9779  ,
SM9779  ,SM9842  ,
SM9842  ,SM9904  ,
SM9961  ,SM9866  ,
SM9866  ,SM9764  ,
SM9904  ,SM9968  ,
SM9968  ,SM10029 ,
SM10029 ,SM10094 ,
SM9920  ,SM10015 ,
SM9920  ,SM9819  ,
SM9819  ,SM9716  ,
SM9716  ,SM9617  ,
SM9617  ,SM9519  ,
SM9519  ,SM9424  ,
SM9424  ,SM9379  ,
SM9379  ,SM9333  ,
SM9333  ,SM9414  ,
SM9333  ,SM9253  ,
SM9572  ,SM9710  ,
SM9798  ,SM9710  ,
SM9798  ,SM9953  ,
SM10087 ,SM10180 ,
SM10620 ,SM10726 ,
SM11330 ,SM11523 ,
SM11523 ,SM11751 ,
SM11751 ,SM11966 ,
SM12458 ,SM12400 ,
SM12458 ,SM12511 ,
SM12511 ,SM12567 ,
SM12451 ,SM12529 ,
SM12912 ,SM12856 ,
SM12912 ,SM12969 ,
SM12969 ,SM13026 ,
SM13026 ,SM13079 ,
SM12955 ,SM13034 ,
SM13331 ,SM13281 ,
SM13436 ,SM13372 ,
SM13372 ,SM13301 ,
SM13079 ,SM13128 ,
SM13034 ,SM13116 ,
SM13281 ,SM13231 ,
SM13301 ,SM13227 ,
SM13128 ,SM13154 ,
SM13116 ,SM13180 ,
SM13231 ,SM13180 ,
SM13227 ,SM13180 ,
SM13154 ,SM13180 ,
SM13436 ,SM13501 ,
SM13501 ,SM13572 ,
SM13193 ,SM13125 ,
SM13193 ,SM13127 ,
SM13196 ,SM13127 ,
SM13127 ,SM13049 ,
SM13049 ,SM13125 ,
SM13049 ,SM12971 ,
SM12346 ,SM12400 ,
SM12971 ,SM13048 ,
SM12971 ,SM12885 ,
SM12885 ,SM12972 ,
SM12885 ,SM12809 ,
SM12809 ,SM12886 ,
SM12809 ,SM12723 ,
SM12567 ,SM12627 ,
SM12529 ,SM12621 ,
SM12806 ,SM12750 ,
SM12806 ,SM12856 ,
SM12972 ,SM12886 ,
SM12886 ,SM12812 ,
SM12812 ,SM12769 ,
SM12723 ,SM12769 ,
SM12723 ,SM12660 ,
SM12627 ,SM12660 ,
SM12750 ,SM12724 ,
SM12769 ,SM12724 ,
SM12693 ,SM12724 ,
SM12693 ,SM12660 ,
SM12972 ,SM13048 ,
SM13048 ,SM13125 ,
SM12346 ,SM12288 ,
SM11968 ,SM11898 ,
SM11898 ,SM11830 ,
SM12052 ,SM11962 ,
SM12135 ,SM12137 ,
SM12909 ,SM12919 ,
SM12909 ,SM12914 ,
SM13047 ,SM13054 ,
SM13267 ,SM13201 ,
SM13282 ,SM13222 ,
SM13345 ,SM13268 ,
SM13629 ,SM13635 ,
SM13629 ,SM13624 ,
SM13624 ,SM13615 ,
SM13615 ,SM13619 ,
SM13543 ,SM13622 ,
SM13645 ,SM13632 ,
SM13645 ,SM13654 ,
SM13654 ,SM13684 ,
SM13626 ,SM13684 ,
SM13626 ,SM13687 ,
SM13687 ,SM13724 ,
SM13687 ,SM13690 ,
SM13690 ,SM13731 ,
SM13690 ,SM13719 ,
SM13806 ,SM13772 ,
SM13772 ,SM13731 ,
SM13772 ,SM13724 ,
SM13724 ,SM13684 ,
SM13751 ,SM13684 ,
SM13751 ,SM13813 ,
SM13813 ,SM13877 ,
SM13619 ,SM13622 ,
SM13622 ,SM13632 ,
SM13877 ,SM13939 ,
SM13939 ,SM13990 ,
SM13990 ,SM14044 ,
SM14044 ,SM14090 ,
SM13940 ,SM13898 ,
SM14255 ,SM14200 ,
SM14255 ,SM14310 ,
SM14617 ,SM14552 ,
SM14617 ,SM14679 ,
SM14679 ,SM14707 ,
SM14707 ,SM14736 ,
SM14736 ,SM14763 ,
SM14763 ,SM14790 ,
SM14790 ,SM14818 ,
SM14818 ,SM14851 ,
SM14851 ,SM14875 ,
SM15152 ,SM15168 ,
SM15250 ,SM15219 ,
SM15219 ,SM15196 ,
SM15196 ,SM15179 ,
SM14899 ,SM14875 ,
SM15168 ,SM15179 ,
SM14576 ,SM14555 ,
SM14301 ,SM14283 ,
SM14112 ,SM14116 ,
SM14068 ,SM14127 ,
SM14182 ,SM14127 ,
SM14204 ,SM14244 ,
SM14379 ,SM14338 ,
SM14379 ,SM14435 ,
SM14435 ,SM14388 ,
SM14388 ,SM14338 ,
SM14388 ,SM14353 ,
SM14353 ,SM14280 ,
SM14353 ,SM14302 ,
SM14618 ,SM14659 ,
SM14659 ,SM14711 ,
SM14711 ,SM14758 ,
SM14758 ,SM14806 ,
SM14691 ,SM14642 ,
SM14593 ,SM14621 ,
SM14593 ,SM14535 ,
SM14593 ,SM14572 ,
SM14572 ,SM14522 ,
SM14572 ,SM14547 ,
SM14830 ,SM14831 ,
SM14850 ,SM14831 ,
SM14850 ,SM14870 ,
SM14686 ,SM14651 ,
SM14686 ,SM14720 ,
SM14720 ,SM14713 ,
SM15013 ,SM15066 ,
SM15066 ,SM15101 ,
SM15101 ,SM15146 ,
SM15146 ,SM15189 ,
SM15189 ,SM15229 ,
SM15229 ,SM15268 ,
SM15268 ,SM15314 ,
SM15314 ,SM15358 ,
SM15358 ,SM15395 ,
SM15395 ,SM15428 ,
SM15428 ,SM15463 ,
SM15463 ,SM15503 ,
SM15503 ,SM15549 ,
SM15549 ,SM15591 ,
SM15591 ,SM15636 ,
SM15661 ,SM15712 ,
SM15735 ,SM15694 ,
SM15735 ,SM15791 ,
SM15675 ,SM15620 ,
SM15426 ,SM15385 ,
SM15426 ,SM15468 ,
SM15468 ,SM15509 ,
SM15276 ,SM15233 ,
SM15276 ,SM15323 ,
SM15323 ,SM15372 ,
SM15372 ,SM15410 ,
SM15144 ,SM15098 ,
SM14864 ,SM14816 ,
SM14559 ,SM14507 ,
SM14183 ,SM14128 ,
SM13814 ,SM13754 ,
SM13754 ,SM13689 ,
SM13251 ,SM13122 ,
SM12752 ,SM12593 ,
SM12377 ,SM12292 ,
SM12377 ,SM12462 ,
SM11341 ,SM11247 ,
SM11341 ,SM11433 ,
SM10934 ,SM10825 ,
SM10934 ,SM11038 ,
SM11038 ,SM11128 ,
SM11685 ,SM11540 ,
SM11685 ,SM11838 ,
SM12208 ,SM12162 ,
SM12162 ,SM12105 ,
SM12105 ,SM12044 ,
SM12044 ,SM11979 ,
SM11979 ,SM11914 ,
SM12082 ,SM11996 ,
SM11509 ,SM11422 ,
SM11509 ,SM11614 ,
SM11614 ,SM11720 ,
SM11720 ,SM11829 ,
SM11829 ,SM11922 ,
SM11922 ,SM12023 ,
SM12023 ,SM12122 ,
SM12122 ,SM12211 ,
SM12211 ,SM12294 ,
SM12294 ,SM12374 ,
SM12840 ,SM12795 ,
SM13380 ,SM13344 ,
SM13344 ,SM13305 ,
SM13305 ,SM13270 ,
SM13341 ,SM13204 ,
SM13884 ,SM13810 ,
SM13924 ,SM13810 ,
SM13657 ,SM13733 ,
SM13733 ,SM13810 ,
SM13657 ,SM13576 ,
SM13576 ,SM13493 ,
SM13533 ,SM13413 ,
SM12406 ,SM12474 ,
SM12406 ,SM12351 ,
SM11063 ,SM10966 ,
SM11063 ,SM11150 ,
SM10943 ,SM10913 ,
SM10943 ,SM10958 ,
SM10958 ,SM10942 ,
SM10942 ,SM10918 ,
SM11545 ,SM11563 ,
SM11563 ,SM11612 ,
SM11612 ,SM11627 ,
SM11612 ,SM11693 ,
SM11745 ,SM11749 ,
SM11745 ,SM11810 ,
SM11810 ,SM11869 ,
SM11749 ,SM11693 ,
SM11627 ,SM11693 ,
SM10874 ,SM10918 ,
SM10874 ,SM10807 ,
SM10807 ,SM10741 ,
SM10745 ,SM10741 ,
SM10745 ,SM10676 ,
SM10745 ,SM10743 ,
SM10761 ,SM10743 ,
SM10611 ,SM10676 ,
SM10676 ,SM10741 ,
SM9871  ,SM9934  ,
SM9934  ,SM10001 ,
SM10001 ,SM10064 ,
SM10064 ,SM10133 ,
SM9929  ,SM10017 ,
SM9763  ,SM9595  ,
SM9595  ,SM9441  ,
SM9195  ,SM9149  ,
SM9149  ,SM9089  ,
SM8689  ,SM8634  ,
SM8634  ,SM8580  ,
SM8507  ,SM8580  ,
SM8507  ,SM8389  ,
SM7806  ,SM7863  ,
SM7604  ,SM7764  ,
SM7604  ,SM7668  ,
SM7604  ,SM7575  ,
SM7604  ,SM7461  ,
SM7461  ,SM7494  ,
SM7461  ,SM7350  ,
SM6793  ,SM6878  ,
SM6662  ,SM6859  ,
SM6662  ,SM6506  ,
SM6506  ,SM6381  ,
SM6249  ,SM6296  ,
SM6296  ,SM6347  ,
SM6347  ,SM6393  ,
SM6393  ,SM6434  ,
SM6359  ,SM6419  ,
SM6359  ,SM6285  ,
SM6285  ,SM6207  ,
SM6207  ,SM6141  ,
SM6141  ,SM6058  ,
SM6058  ,SM5995  ,
SM5995  ,SM5942  ,
SM5942  ,SM5848  ,
SM5848  ,SM5779  ,
SM5779  ,SM5702  ,
SM6161  ,SM6238  ,
SM6238  ,SM6309  ,
SM6750  ,SM6975  ,
SM7306  ,SM7389  ,
SM7306  ,SM7208  ,
SM7745  ,SM7839  ,
SM7745  ,SM7662  ,
SM8192  ,SM8295  ,
SM8754  ,SM8826  ,
SM9199  ,SM9270  ,
SM9199  ,SM9125  ,
SM9125  ,SM9033  ,
SM9033  ,SM8948  ,
SM8465  ,SM8527  ,
SM8465  ,SM8395  ,
SM8346  ,SM8445  ,
SM8346  ,SM8265  ,
SM8732  ,SM8809  ,
SM9162  ,SM9234  ,
SM9675  ,SM9777  ,
SM10273 ,SM10369 ,
SM10801 ,SM10912 ,
SM10801 ,SM10689 ,
SM11225 ,SM11319 ,
SM11753 ,SM11861 ,
SM11753 ,SM11642 ,
SM11642 ,SM11532 ,
SM12077 ,SM12181 ,
SM12600 ,SM12683 ,
SM12600 ,SM12517 ,
SM12517 ,SM12432 ,
SM12432 ,SM12350 ,
SM11645 ,SM11718 ,
SM11645 ,SM11570 ,
SM11671 ,SM11557 ,
SM11112 ,SM11174 ,
SM10989 ,SM11091 ,
SM11091 ,SM11176 ,
SM11570 ,SM11494 ,
SM11557 ,SM11454 ,
SM11174 ,SM11234 ,
SM11176 ,SM11265 ,
SM11494 ,SM11430 ,
SM11454 ,SM11364 ,
SM11234 ,SM11301 ,
SM11265 ,SM11364 ,
SM11430 ,SM11364 ,
SM11364 ,SM11301 ,
SM11477 ,SM11575 ,
SM11477 ,SM11377 ,
SM11377 ,SM11286 ,
SM11286 ,SM11191 ,
SM11191 ,SM11103 ,
SM11103 ,SM11002 ,
SM11002 ,SM10901 ,
SM10901 ,SM10793 ,
SM11310 ,SM11402 ,
SM11834 ,SM11936 ,
SM12411 ,SM12495 ,
SM12411 ,SM12334 ,
SM12334 ,SM12239 ,
SM12239 ,SM12153 ,
SM11469 ,SM11541 ,
SM11366 ,SM11461 ,
SM12120 ,SM12051 ,
SM12120 ,SM12185 ,
SM11919 ,SM12026 ,
SM11919 ,SM11820 ,
SM12338 ,SM12413 ,
SM12338 ,SM12248 ,
SM12248 ,SM12167 ,
SM12167 ,SM12067 ,
SM12067 ,SM11969 ,
SM11969 ,SM11867 ,
SM11867 ,SM11767 ,
SM11767 ,SM11659 ,
SM11659 ,SM11777 ,
SM11659 ,SM11549 ,
SM11003 ,SM10898 ,
SM10898 ,SM10787 ,
SM10787 ,SM10677 ,
SM10677 ,SM10570 ,
SM10094 ,SM10157 ,
SM10015 ,SM10115 ,
SM9858  ,SM9953  ,
SM9858  ,SM9710  ,
SM10180 ,SM10268 ,
SM10726 ,SM10843 ,
SM10843 ,SM10951 ,
SM10951 ,SM11057 ,
SM11057 ,SM11148 ,
SM11148 ,SM11235 ,
SM11830 ,SM11755 ,
SM11962 ,SM11876 ,
SM11892 ,SM11832 ,
SM11892 ,SM11907 ,
SM11907 ,SM11930 ,
SM12137 ,SM12140 ,
SM12919 ,SM12933 ,
SM13054 ,SM13064 ,
SM13064 ,SM13096 ,
SM13201 ,SM13115 ,
SM13222 ,SM13167 ,
SM13502 ,SM13546 ,
SM13635 ,SM13643 ,
SM13843 ,SM13786 ,
SM13843 ,SM13898 ,
SM14200 ,SM14140 ,
SM14152 ,SM14106 ,
SM14152 ,SM14209 ,
SM14209 ,SM14230 ,
SM14442 ,SM14383 ,
SM14442 ,SM14491 ,
SM14491 ,SM14515 ,
SM14491 ,SM14552 ,
SM14552 ,SM14515 ,
SM14534 ,SM14515 ,
SM14534 ,SM14555 ,
SM14283 ,SM14272 ,
SM14116 ,SM14122 ,
SM13603 ,SM13570 ,
SM13603 ,SM13508 ,
SM13603 ,SM13634 ,
SM13634 ,SM13538 ,
SM13634 ,SM13666 ,
SM13666 ,SM13577 ,
SM13666 ,SM13683 ,
SM13683 ,SM13597 ,
SM13683 ,SM13696 ,
SM13696 ,SM13623 ,
SM13696 ,SM13718 ,
SM13718 ,SM13644 ,
SM13718 ,SM13735 ,
SM13735 ,SM13663 ,
SM13735 ,SM13758 ,
SM13758 ,SM13680 ,
SM13758 ,SM13778 ,
SM13778 ,SM13698 ,
SM13778 ,SM13797 ,
SM13797 ,SM13808 ,
SM13808 ,SM13841 ,
SM13841 ,SM13873 ,
SM13873 ,SM13907 ,
SM13907 ,SM13846 ,
SM13907 ,SM13942 ,
SM13942 ,SM13874 ,
SM13942 ,SM13969 ,
SM13969 ,SM13905 ,
SM13969 ,SM14001 ,
SM14001 ,SM13938 ,
SM14001 ,SM14022 ,
SM14022 ,SM13965 ,
SM14022 ,SM14047 ,
SM14280 ,SM14225 ,
SM14225 ,SM14175 ,
SM14225 ,SM14302 ,
SM14302 ,SM14248 ,
SM14328 ,SM14257 ,
SM14328 ,SM14380 ,
SM14380 ,SM14436 ,
SM14436 ,SM14481 ,
SM14481 ,SM14536 ,
SM14536 ,SM14586 ,
SM14586 ,SM14560 ,
SM14586 ,SM14612 ,
SM14612 ,SM14642 ,
SM14642 ,SM14621 ,
SM14560 ,SM14535 ,
SM14535 ,SM14522 ,
SM14522 ,SM14500 ,
SM14500 ,SM14476 ,
SM14500 ,SM14547 ,
SM14547 ,SM14518 ,
SM14518 ,SM14504 ,
SM14582 ,SM14546 ,
SM14582 ,SM14620 ,
SM14620 ,SM14651 ,
SM14624 ,SM14583 ,
SM14624 ,SM14662 ,
SM14662 ,SM14685 ,
SM14685 ,SM14713 ,
SM15220 ,SM15275 ,
SM15275 ,SM15333 ,
SM15333 ,SM15386 ,
SM15386 ,SM15437 ,
SM15437 ,SM15485 ,
SM15485 ,SM15513 ,
SM15513 ,SM15552 ,
SM15552 ,SM15572 ,
SM15572 ,SM15594 ,
SM15594 ,SM15574 ,
SM15594 ,SM15604 ,
SM15594 ,SM15655 ,
SM15694 ,SM15655 ,
SM15583 ,SM15531 ,
SM15583 ,SM15620 ,
SM15385 ,SM15342 ,
SM15154 ,SM15109 ,
SM15154 ,SM15194 ,
SM15194 ,SM15233 ,
SM14976 ,SM14922 ,
SM14976 ,SM15015 ,
SM15015 ,SM15063 ,
SM15063 ,SM15098 ,
SM14816 ,SM14769 ,
SM14507 ,SM14458 ,
SM14128 ,SM14076 ,
SM14076 ,SM14025 ,
SM13689 ,SM13628 ,
SM13628 ,SM13555 ,
SM13122 ,SM12973 ,
SM12593 ,SM12519 ,
SM12204 ,SM12112 ,
SM12204 ,SM12292 ,
SM11082 ,SM10986 ,
SM11082 ,SM11168 ,
SM11168 ,SM11247 ,
SM10715 ,SM10618 ,
SM10715 ,SM10825 ,
SM10235 ,SM10136 ,
SM10235 ,SM10323 ,
SM10323 ,SM10418 ,
SM11081 ,SM10955 ,
SM11081 ,SM11188 ,
SM11188 ,SM11304 ,
SM11128 ,SM11219 ,
SM11219 ,SM11313 ,
SM11540 ,SM11418 ,
SM11418 ,SM11313 ,
SM11418 ,SM11304 ,
SM11914 ,SM11853 ,
SM11996 ,SM11900 ,
SM11479 ,SM11554 ,
SM11554 ,SM11632 ,
SM11632 ,SM11708 ,
SM11708 ,SM11811 ,
SM11708 ,SM11786 ,
SM11853 ,SM11786 ,
SM11900 ,SM11811 ,
SM11479 ,SM11415 ,
SM11415 ,SM11347 ,
SM11347 ,SM11283 ,
SM11422 ,SM11329 ,
SM10945 ,SM10836 ,
SM10945 ,SM11052 ,
SM11052 ,SM11137 ,
SM11137 ,SM11230 ,
SM11230 ,SM11325 ,
SM11325 ,SM11427 ,
SM11427 ,SM11518 ,
SM11518 ,SM11630 ,
SM11630 ,SM11744 ,
SM11744 ,SM11856 ,
SM11856 ,SM11940 ,
SM12374 ,SM12439 ,
SM12439 ,SM12504 ,
SM12667 ,SM12584 ,
SM12667 ,SM12732 ,
SM12732 ,SM12795 ,
SM13270 ,SM13229 ,
SM13204 ,SM13074 ,
SM12775 ,SM12613 ,
SM12775 ,SM12942 ,
SM12942 ,SM12873 ,
SM12942 ,SM13071 ,
SM13071 ,SM13189 ,
SM13189 ,SM13307 ,
SM13493 ,SM13307 ,
SM13493 ,SM13413 ,
SM13413 ,SM13307 ,
SM12527 ,SM12588 ,
SM12527 ,SM12474 ,
SM12275 ,SM12446 ,
SM12275 ,SM12078 ,
SM10866 ,SM10752 ,
SM10866 ,SM10966 ,
SM10863 ,SM10797 ,
SM10797 ,SM10724 ,
SM10724 ,SM10663 ,
SM10663 ,SM10613 ,
SM10613 ,SM10568 ,
SM10133 ,SM10196 ,
SM10017 ,SM10108 ,
SM10108 ,SM10200 ,
SM10200 ,SM10280 ,
SM11448 ,SM11662 ,
SM11448 ,SM11261 ,
SM11978 ,SM11917 ,
SM11978 ,SM12043 ,
SM11940 ,SM12018 ,
SM12403 ,SM12328 ,
SM12403 ,SM12489 ,
SM12489 ,SM12576 ,
SM12504 ,SM12584 ,
SM12706 ,SM12654 ,
SM12706 ,SM12756 ,
SM12756 ,SM12851 ,
SM12851 ,SM12907 ,
SM12907 ,SM12967 ,
SM12967 ,SM13032 ,
SM13032 ,SM13095 ,
SM13095 ,SM13139 ,
SM13139 ,SM13185 ,
SM13074 ,SM12922 ,
SM12613 ,SM12446 ,
SM12760 ,SM12707 ,
SM12707 ,SM12650 ,
SM12588 ,SM12650 ,
SM12922 ,SM12774 ,
SM12774 ,SM12626 ,
SM12626 ,SM12601 ,
SM12576 ,SM12654 ,
SM12043 ,SM12110 ,
SM12018 ,SM12074 ,
SM12328 ,SM12255 ,
SM12255 ,SM12189 ,
SM12189 ,SM12133 ,
SM12189 ,SM12110 ,
SM12074 ,SM12133 ,
SM12078 ,SM11878 ,
SM10752 ,SM10656 ,
SM10568 ,SM10520 ,
SM10196 ,SM10258 ,
SM10258 ,SM10320 ,
SM10280 ,SM10335 ,
SM11662 ,SM11878 ,
SM11662 ,SM11727 ,
SM11727 ,SM11796 ,
SM11796 ,SM11859 ,
SM10656 ,SM10556 ,
SM10520 ,SM10556 ,
SM10320 ,SM10387 ,
SM10335 ,SM10387 ,
SM10387 ,SM10462 ,
SM10462 ,SM10556 ,
SM11859 ,SM11917 ,
SM12760 ,SM12817 ,
SM12817 ,SM12873 ,
SM13185 ,SM13229 ,
SM11261 ,SM11083 ,
SM11083 ,SM10879 ,
SM10879 ,SM10664 ,
SM9613  ,SM9529  ,
SM9613  ,SM9530  ,
SM9530  ,SM9441  ,
SM9089  ,SM9021  ,
SM9021  ,SM8944  ,
SM8580  ,SM8506  ,
SM8506  ,SM8439  ,
SM8389  ,SM8439  ,
SM8389  ,SM8318  ,
SM7863  ,SM7917  ,
SM7764  ,SM7850  ,
SM7764  ,SM7758  ,
SM7758  ,SM7850  ,
SM7758  ,SM7668  ,
SM7668  ,SM7575  ,
SM7575  ,SM7494  ,
SM7494  ,SM7410  ,
SM7410  ,SM7330  ,
SM7410  ,SM7350  ,
SM7350  ,SM7330  ,
SM6878  ,SM6941  ,
SM6859  ,SM7067  ,
SM7284  ,SM7213  ,
SM7213  ,SM7139  ,
SM7330  ,SM7247  ,
SM7247  ,SM7020  ,
SM6941  ,SM7020  ,
SM7020  ,SM7067  ,
SM7067  ,SM7139  ,
SM7284  ,SM7340  ,
SM7340  ,SM7402  ,
SM7221  ,SM7315  ,
SM7221  ,SM7119  ,
SM7119  ,SM7022  ,
SM6434  ,SM6475  ,
SM6419  ,SM6481  ,
SM6906  ,SM6821  ,
SM7022  ,SM6924  ,
SM6475  ,SM6538  ,
SM6481  ,SM6572  ,
SM6821  ,SM6752  ,
SM6924  ,SM6810  ,
SM6538  ,SM6597  ,
SM6572  ,SM6644  ,
SM6752  ,SM6698  ,
SM6810  ,SM6720  ,
SM6597  ,SM6644  ,
SM6644  ,SM6720  ,
SM6644  ,SM6698  ,
SM6906  ,SM6977  ,
SM6977  ,SM7053  ,
SM6870  ,SM6969  ,
SM6870  ,SM6747  ,
SM6747  ,SM6666  ,
SM6666  ,SM6596  ,
SM6596  ,SM6509  ,
SM6509  ,SM6443  ,
SM6443  ,SM6380  ,
SM6975  ,SM7193  ,
SM7481  ,SM7552  ,
SM7481  ,SM7389  ,
SM7918  ,SM7994  ,
SM7918  ,SM7839  ,
SM8378  ,SM8477  ,
SM8378  ,SM8295  ,
SM8826  ,SM8906  ,
SM9270  ,SM9337  ,
SM9837  ,SM9933  ,
SM9837  ,SM9736  ,
SM9736  ,SM9635  ,
SM9635  ,SM9547  ,
SM9547  ,SM9449  ,
SM8931  ,SM8986  ,
SM8885  ,SM8969  ,
SM8885  ,SM8809  ,
SM9234  ,SM9308  ,
SM9777  ,SM9880  ,
SM10369 ,SM10457 ,
SM10912 ,SM11014 ,
SM11411 ,SM11503 ,
SM11411 ,SM11319 ,
SM11861 ,SM11958 ,
SM12353 ,SM12438 ,
SM12353 ,SM12270 ,
SM12270 ,SM12181 ,
SM12683 ,SM12765 ,
SM13169 ,SM13242 ,
SM13169 ,SM13104 ,
SM13104 ,SM13022 ,
SM13022 ,SM12941 ,
SM12941 ,SM12848 ,
SM12326 ,SM12381 ,
SM12326 ,SM12264 ,
SM12264 ,SM12202 ,
SM12350 ,SM12263 ,
SM11718 ,SM11799 ,
SM11575 ,SM11691 ,
SM11691 ,SM11804 ,
SM12202 ,SM12145 ,
SM12263 ,SM12176 ,
SM11799 ,SM11871 ,
SM11804 ,SM11904 ,
SM12145 ,SM12070 ,
SM12176 ,SM12072 ,
SM11871 ,SM11939 ,
SM11904 ,SM12008 ,
SM12070 ,SM12008 ,
SM12072 ,SM12008 ,
SM11939 ,SM12008 ,
SM12134 ,SM12225 ,
SM12134 ,SM12034 ,
SM12034 ,SM11929 ,
SM11929 ,SM11828 ,
SM11828 ,SM11715 ,
SM11715 ,SM11600 ,
SM11600 ,SM11496 ,
SM11496 ,SM11402 ,
SM11936 ,SM12041 ,
SM12495 ,SM12581 ,
SM12983 ,SM13061 ,
SM12983 ,SM12903 ,
SM12903 ,SM12827 ,
SM12827 ,SM12751 ,
SM12751 ,SM12676 ,
SM12676 ,SM12597 ,
SM12597 ,SM12520 ,
SM12185 ,SM12243 ,
SM12026 ,SM12127 ,
SM12514 ,SM12470 ,
SM12470 ,SM12412 ,
SM12520 ,SM12444 ,
SM12243 ,SM12305 ,
SM12127 ,SM12219 ,
SM12412 ,SM12367 ,
SM12444 ,SM12378 ,
SM12305 ,SM12308 ,
SM12308 ,SM12378 ,
SM12308 ,SM12313 ,
SM12219 ,SM12313 ,
SM12367 ,SM12313 ,
SM12514 ,SM12565 ,
SM12565 ,SM12596 ,
SM12476 ,SM12526 ,
SM12476 ,SM12413 ,
SM12413 ,SM12449 ,
SM12449 ,SM12535 ,
SM12449 ,SM12448 ,
SM12448 ,SM12509 ,
SM12448 ,SM12363 ,
SM12363 ,SM12278 ,
SM12278 ,SM12186 ,
SM12186 ,SM12080 ,
SM12080 ,SM11987 ,
SM11987 ,SM11880 ,
SM11880 ,SM11777 ,
SM11777 ,SM11664 ,
SM11664 ,SM11551 ,
SM11664 ,SM11549 ,
SM11549 ,SM11450 ,
SM11450 ,SM11551 ,
SM11450 ,SM11358 ,
SM11358 ,SM11444 ,
SM11358 ,SM11264 ,
SM11264 ,SM11348 ,
SM11264 ,SM11178 ,
SM10560 ,SM10630 ,
SM10630 ,SM10690 ,
SM10690 ,SM10758 ,
SM10542 ,SM10646 ,
SM10542 ,SM10444 ,
SM11263 ,SM11202 ,
SM11263 ,SM11328 ,
SM11235 ,SM11333 ,
SM11755 ,SM11679 ,
SM11876 ,SM11778 ,
SM11876 ,SM11832 ,
SM11832 ,SM11778 ,
SM11328 ,SM11397 ,
SM11333 ,SM11432 ,
SM11679 ,SM11599 ,
SM11714 ,SM11622 ,
SM11714 ,SM11778 ,
SM11397 ,SM11459 ,
SM11432 ,SM11528 ,
SM11599 ,SM11528 ,
SM11622 ,SM11528 ,
SM11459 ,SM11528 ,
SM11930 ,SM11948 ,
SM12140 ,SM12114 ,
SM12824 ,SM12785 ,
SM12824 ,SM12865 ,
SM12933 ,SM12953 ,
SM13096 ,SM13115 ,
SM13115 ,SM13042 ,
SM13167 ,SM13121 ,
SM13121 ,SM13073 ,
SM13073 ,SM12990 ,
SM12990 ,SM12951 ,
SM12865 ,SM12899 ,
SM12899 ,SM12975 ,
SM12953 ,SM12975 ,
SM12953 ,SM13042 ,
SM13042 ,SM12975 ,
SM12951 ,SM12895 ,
SM12895 ,SM12859 ,
SM12859 ,SM12820 ,
SM12820 ,SM12792 ,
SM12792 ,SM12763 ,
SM12747 ,SM12763 ,
SM12747 ,SM12738 ,
SM12738 ,SM12731 ,
SM12731 ,SM12728 ,
SM12728 ,SM12589 ,
SM12728 ,SM12726 ,
SM12726 ,SM12713 ,
SM12713 ,SM12698 ,
SM12698 ,SM12671 ,
SM12858 ,SM12790 ,
SM12858 ,SM12937 ,
SM12937 ,SM12847 ,
SM12937 ,SM13008 ,
SM13008 ,SM12929 ,
SM13008 ,SM13075 ,
SM13075 ,SM13010 ,
SM13075 ,SM13130 ,
SM13130 ,SM13181 ,
SM13181 ,SM13232 ,
SM13232 ,SM13286 ,
SM13286 ,SM13336 ,
SM13740 ,SM13802 ,
SM13740 ,SM13707 ,
SM13546 ,SM13592 ,
SM13643 ,SM13658 ,
SM13786 ,SM13728 ,
SM13707 ,SM13678 ,
SM13592 ,SM13641 ,
SM13658 ,SM13641 ,
SM13658 ,SM13678 ,
SM13728 ,SM13678 ,
SM13678 ,SM13641 ,
SM13802 ,SM13840 ,
SM13840 ,SM13885 ,
SM14089 ,SM14054 ,
SM14089 ,SM14140 ,
SM14106 ,SM14064 ,
SM14142 ,SM14122 ,
SM13570 ,SM13532 ,
SM13570 ,SM13476 ,
SM13476 ,SM13446 ,
SM13446 ,SM13398 ,
SM13398 ,SM13353 ,
SM13353 ,SM13420 ,
SM13353 ,SM13302 ,
SM13302 ,SM13384 ,
SM13302 ,SM13247 ,
SM13247 ,SM13336 ,
SM13247 ,SM13198 ,
SM13336 ,SM13384 ,
SM13532 ,SM13500 ,
SM13500 ,SM13469 ,
SM13469 ,SM13420 ,
SM13420 ,SM13384 ,
SM13811 ,SM13867 ,
SM13885 ,SM13934 ,
SM13934 ,SM13976 ,
SM14054 ,SM14012 ,
SM14054 ,SM14064 ,
SM14064 ,SM14012 ,
SM13927 ,SM13971 ,
SM13971 ,SM14012 ,
SM13971 ,SM13976 ,
SM13976 ,SM14012 ,
SM13927 ,SM13867 ,
SM13198 ,SM13136 ,
SM13136 ,SM13076 ,
SM13076 ,SM13010 ,
SM12596 ,SM12633 ,
SM12526 ,SM12616 ,
SM12526 ,SM12557 ,
SM12557 ,SM12592 ,
SM12535 ,SM12592 ,
SM12535 ,SM12509 ,
SM12509 ,SM12534 ,
SM12534 ,SM12552 ,
SM12671 ,SM12645 ,
SM12790 ,SM12722 ,
SM12777 ,SM12695 ,
SM12777 ,SM12847 ,
SM12847 ,SM12929 ,
SM12929 ,SM13010 ,
SM12616 ,SM12695 ,
SM12655 ,SM12722 ,
SM12655 ,SM12592 ,
SM12592 ,SM12622 ,
SM12622 ,SM12645 ,
SM12552 ,SM12568 ,
SM12568 ,SM12582 ,
SM12582 ,SM12589 ,
SM12589 ,SM12595 ,
SM12595 ,SM12605 ,
SM12605 ,SM12620 ,
SM12620 ,SM12635 ,
SM12059 ,SM12114 ,
SM12059 ,SM11991 ,
SM11991 ,SM11948 ,
SM11551 ,SM11444 ,
SM11444 ,SM11348 ,
SM11348 ,SM11255 ,
SM11255 ,SM11167 ,
SM11255 ,SM11178 ,
SM11178 ,SM11093 ,
SM11093 ,SM11167 ,
SM11093 ,SM10984 ,
SM10758 ,SM10828 ,
SM10646 ,SM10742 ,
SM11133 ,SM11072 ,
SM11167 ,SM11042 ,
SM10984 ,SM11042 ,
SM10984 ,SM10885 ,
SM10828 ,SM10885 ,
SM10742 ,SM10856 ,
SM11072 ,SM11000 ,
SM11042 ,SM11000 ,
SM11042 ,SM10931 ,
SM10931 ,SM10856 ,
SM10931 ,SM10885 ,
SM11133 ,SM11202 ,
SM12717 ,SM12686 ,
SM12686 ,SM12647 ,
SM12647 ,SM12635 ,
SM12717 ,SM12746 ,
SM12746 ,SM12785 ,
SM13476 ,SM13508 ,
SM13508 ,SM13538 ,
SM13538 ,SM13577 ,
SM13577 ,SM13597 ,
SM13597 ,SM13623 ,
SM13623 ,SM13644 ,
SM13644 ,SM13663 ,
SM13663 ,SM13680 ,
SM13680 ,SM13698 ,
SM13698 ,SM13656 ,
SM13698 ,SM13713 ,
SM13713 ,SM13750 ,
SM13750 ,SM13789 ,
SM13789 ,SM13812 ,
SM13812 ,SM13846 ,
SM13846 ,SM13874 ,
SM13874 ,SM13905 ,
SM13905 ,SM13938 ,
SM13938 ,SM13965 ,
SM13965 ,SM13996 ,
SM13996 ,SM14020 ,
SM13996 ,SM14047 ,
SM14047 ,SM14072 ,
SM14072 ,SM14020 ,
SM14072 ,SM14105 ,
SM14105 ,SM14060 ,
SM14105 ,SM14148 ,
SM14175 ,SM14148 ,
SM14248 ,SM14220 ,
SM14248 ,SM14238 ,
SM14238 ,SM14220 ,
SM14238 ,SM14257 ,
SM14257 ,SM14195 ,
SM14135 ,SM14088 ,
SM14135 ,SM14187 ,
SM14187 ,SM14235 ,
SM14235 ,SM14294 ,
SM14294 ,SM14352 ,
SM14352 ,SM14391 ,
SM14391 ,SM14428 ,
SM14476 ,SM14461 ,
SM14461 ,SM14428 ,
SM14461 ,SM14448 ,
SM14504 ,SM14489 ,
SM14489 ,SM14482 ,
SM14482 ,SM14488 ,
SM14506 ,SM14488 ,
SM14506 ,SM14519 ,
SM14519 ,SM14469 ,
SM14519 ,SM14546 ,
SM14505 ,SM14478 ,
SM14505 ,SM14541 ,
SM14541 ,SM14583 ,
SM14216 ,SM14178 ,
SM14402 ,SM14357 ,
SM14402 ,SM14459 ,
SM14459 ,SM14508 ,
SM15099 ,SM15126 ,
SM15126 ,SM15159 ,
SM15159 ,SM15193 ,
SM15193 ,SM15223 ,
SM15223 ,SM15260 ,
SM15422 ,SM15393 ,
SM15422 ,SM15460 ,
SM15460 ,SM15496 ,
SM15496 ,SM15532 ,
SM15532 ,SM15574 ,
SM15574 ,SM15615 ,
SM15574 ,SM15604 ,
SM15604 ,SM15615 ,
SM15604 ,SM15655 ,
SM15655 ,SM15615 ,
SM15531 ,SM15490 ,
SM15295 ,SM15249 ,
SM15295 ,SM15342 ,
SM15109 ,SM15072 ,
SM14824 ,SM14779 ,
SM14824 ,SM14873 ,
SM14873 ,SM14922 ,
SM14628 ,SM14573 ,
SM14628 ,SM14677 ,
SM14677 ,SM14723 ,
SM14723 ,SM14769 ,
SM14458 ,SM14399 ,
SM14399 ,SM14356 ,
SM14025 ,SM13973 ,
SM13973 ,SM13916 ,
SM13555 ,SM13489 ,
SM13489 ,SM13422 ,
SM12973 ,SM12891 ,
SM12429 ,SM12356 ,
SM12429 ,SM12447 ,
SM12519 ,SM12447 ,
SM12013 ,SM11909 ,
SM12013 ,SM12112 ,
SM10883 ,SM10775 ,
SM10883 ,SM10986 ,
SM10414 ,SM10318 ,
SM10414 ,SM10500 ,
SM10500 ,SM10618 ,
SM10035 ,SM9941  ,
SM10035 ,SM10136 ,
SM9606  ,SM9516  ,
SM9606  ,SM9704  ,
SM9704  ,SM9807  ,
SM10456 ,SM10405 ,
SM10456 ,SM10523 ,
SM10418 ,SM10513 ,
SM10513 ,SM10632 ,
SM10955 ,SM10850 ,
SM10850 ,SM10731 ,
SM10850 ,SM10694 ,
SM11283 ,SM11217 ,
SM11329 ,SM11238 ,
SM10978 ,SM11060 ,
SM11060 ,SM11095 ,
SM10523 ,SM10594 ,
SM10594 ,SM10660 ,
SM10660 ,SM10694 ,
SM10632 ,SM10694 ,
SM10632 ,SM10731 ,
SM10731 ,SM10694 ,
SM11217 ,SM11156 ,
SM11238 ,SM11156 ,
SM11095 ,SM11156 ,
SM10978 ,SM10890 ,
SM10890 ,SM10798 ,
SM10798 ,SM10704 ,
SM10836 ,SM10721 ,
SM10263 ,SM10078 ,
SM9529  ,SM9440  ,
SM9440  ,SM9364  ,
SM9364  ,SM9298  ,
SM8848  ,SM8910  ,
SM8848  ,SM8792  ,
SM8792  ,SM8745  ,
SM8867  ,SM8797  ,
SM8439  ,SM8364  ,
SM8318  ,SM8364  ,
SM8318  ,SM8262  ,
SM7917  ,SM7968  ,
SM7922  ,SM8023  ,
SM7922  ,SM7935  ,
SM7850  ,SM7935  ,
SM8216  ,SM8308  ,
SM8745  ,SM8676  ,
SM8797  ,SM8724  ,
SM8367  ,SM8431  ,
SM8308  ,SM8392  ,
SM8676  ,SM8617  ,
SM8724  ,SM8640  ,
SM8431  ,SM8498  ,
SM8392  ,SM8483  ,
SM8483  ,SM8559  ,
SM8483  ,SM8617  ,
SM8617  ,SM8559  ,
SM8640  ,SM8559  ,
SM8640  ,SM8498  ,
SM8498  ,SM8559  ,
SM8367  ,SM8313  ,
SM8313  ,SM8250  ,
SM8364  ,SM8301  ,
SM8262  ,SM8301  ,
SM7968  ,SM8026  ,
SM8026  ,SM8081  ,
SM8081  ,SM8116  ,
SM8023  ,SM8116  ,
SM8023  ,SM7935  ,
SM8250  ,SM8182  ,
SM8301  ,SM8206  ,
SM8206  ,SM8182  ,
SM8206  ,SM8116  ,
SM8116  ,SM8182  ,
SM8216  ,SM8120  ,
SM8120  ,SM8038  ,
SM8038  ,SM7955  ,
SM7955  ,SM7880  ,
SM7402  ,SM7464  ,
SM7315  ,SM7396  ,
SM7777  ,SM7861  ,
SM7777  ,SM7687  ,
SM7687  ,SM7598  ,
SM7598  ,SM7523  ,
SM7053  ,SM7113  ,
SM6969  ,SM7079  ,
SM7512  ,SM7450  ,
SM7450  ,SM7397  ,
SM7523  ,SM7438  ,
SM7113  ,SM7197  ,
SM7079  ,SM7190  ,
SM7397  ,SM7336  ,
SM7438  ,SM7351  ,
SM7197  ,SM7234  ,
SM7190  ,SM7282  ,
SM7336  ,SM7282  ,
SM7351  ,SM7282  ,
SM7234  ,SM7282  ,
SM7512  ,SM7563  ,
SM7563  ,SM7617  ,
SM7375  ,SM7538  ,
SM7375  ,SM7193  ,
SM7633  ,SM7726  ,
SM7633  ,SM7552  ,
SM8083  ,SM8175  ,
SM8083  ,SM7994  ,
SM8567  ,SM8652  ,
SM8567  ,SM8477  ,
SM9073  ,SM9184  ,
SM8906  ,SM8979  ,
SM9337  ,SM9431  ,
SM9933  ,SM10025 ,
SM10521 ,SM10636 ,
SM10521 ,SM10428 ,
SM10428 ,SM10332 ,
SM10332 ,SM10242 ,
SM10242 ,SM10150 ,
SM10150 ,SM10047 ,
SM9428  ,SM9496  ,
SM9380  ,SM9477  ,
SM9380  ,SM9308  ,
SM9880  ,SM9976  ,
SM10457 ,SM10571 ,
SM11014 ,SM11113 ,
SM11503 ,SM11610 ,
SM12061 ,SM12160 ,
SM12061 ,SM11958 ,
SM12438 ,SM12518 ,
SM12930 ,SM13014 ,
SM12930 ,SM12842 ,
SM12842 ,SM12765 ,
SM13242 ,SM13319 ,
SM13514 ,SM13613 ,
SM13514 ,SM13447 ,
SM13447 ,SM13387 ,
SM13387 ,SM13315 ,
SM12781 ,SM12829 ,
SM12781 ,SM12729 ,
SM12848 ,SM12771 ,
SM12381 ,SM12436 ,
SM12225 ,SM12317 ,
SM12729 ,SM12678 ,
SM12771 ,SM12690 ,
SM12436 ,SM12490 ,
SM12317 ,SM12394 ,
SM12678 ,SM12628 ,
SM12690 ,SM12606 ,
SM12490 ,SM12521 ,
SM12394 ,SM12484 ,
SM12628 ,SM12590 ,
SM12606 ,SM12547 ,
SM12521 ,SM12547 ,
SM12484 ,SM12547 ,
SM12590 ,SM12547 ,
SM12653 ,SM12730 ,
SM12653 ,SM12566 ,
SM12566 ,SM12487 ,
SM12487 ,SM12399 ,
SM12399 ,SM12319 ,
SM12319 ,SM12232 ,
SM12232 ,SM12143 ,
SM12143 ,SM12041 ,
SM12581 ,SM12668 ,
SM13539 ,SM13524 ,
SM13539 ,SM13580 ,
SM13549 ,SM13525 ,
SM13549 ,SM13579 ,
SM13579 ,SM13604 ,
SM13604 ,SM13642 ,
SM13642 ,SM13673 ,
SM13673 ,SM13711 ,
SM13711 ,SM13755 ,
SM13755 ,SM13794 ,
SM13794 ,SM13821 ,
SM13821 ,SM13860 ,
SM13860 ,SM13881 ,
SM14020 ,SM14060 ,
SM14060 ,SM14077 ,
SM14077 ,SM14104 ,
SM14148 ,SM14104 ,
SM14148 ,SM14184 ,
SM14184 ,SM14134 ,
SM14184 ,SM14220 ,
SM14195 ,SM14166 ,
SM14103 ,SM14133 ,
SM14103 ,SM14074 ,
SM14088 ,SM14034 ,
SM14034 ,SM13959 ,
SM14034 ,SM13977 ,
SM13759 ,SM13977 ,
SM13759 ,SM13613 ,
SM13315 ,SM13239 ,
SM12829 ,SM12879 ,
SM12730 ,SM12813 ,
SM13257 ,SM13210 ,
SM13210 ,SM13165 ,
SM13239 ,SM13171 ,
SM12879 ,SM12939 ,
SM12813 ,SM12889 ,
SM13165 ,SM13120 ,
SM13171 ,SM13107 ,
SM12939 ,SM12987 ,
SM12889 ,SM12976 ,
SM13120 ,SM13091 ,
SM13107 ,SM13040 ,
SM12987 ,SM13040 ,
SM12976 ,SM13040 ,
SM13091 ,SM13040 ,
SM13257 ,SM13309 ,
SM13214 ,SM13288 ,
SM13288 ,SM13362 ,
SM13362 ,SM13419 ,
SM13419 ,SM13484 ,
SM13536 ,SM13484 ,
SM13536 ,SM13519 ,
SM13536 ,SM13596 ,
SM13596 ,SM13676 ,
SM13676 ,SM13752 ,
SM13752 ,SM13720 ,
SM13752 ,SM13819 ,
SM13881 ,SM13883 ,
SM14002 ,SM13966 ,
SM14002 ,SM14031 ,
SM14074 ,SM14038 ,
SM14038 ,SM14004 ,
SM14004 ,SM13956 ,
SM13959 ,SM13941 ,
SM13791 ,SM13847 ,
SM13819 ,SM13888 ,
SM13883 ,SM13888 ,
SM13883 ,SM13931 ,
SM13966 ,SM13931 ,
SM13956 ,SM13906 ,
SM13906 ,SM13847 ,
SM13888 ,SM13931 ,
SM13791 ,SM13720 ,
SM13720 ,SM13667 ,
SM13667 ,SM13607 ,
SM13309 ,SM13357 ,
SM13357 ,SM13394 ,
SM13394 ,SM13441 ,
SM13441 ,SM13462 ,
SM13462 ,SM13519 ,
SM13462 ,SM13484 ,
SM13519 ,SM13545 ,
SM13545 ,SM13607 ,
SM13959 ,SM13977 ,
SM14031 ,SM14079 ,
SM14079 ,SM14104 ,
SM14104 ,SM14134 ,
SM14134 ,SM14166 ,
SM14166 ,SM14133 ,
SM13214 ,SM13143 ,
SM13143 ,SM13070 ,
SM13070 ,SM12988 ,
SM12988 ,SM12901 ,
SM13524 ,SM13525 ,
SM12901 ,SM12823 ,
SM12823 ,SM12742 ,
SM12742 ,SM12668 ,
SM13664 ,SM13591 ,
SM13664 ,SM13725 ,
SM13725 ,SM13801 ,
SM13801 ,SM13855 ,
SM14178 ,SM14144 ,
SM14233 ,SM14177 ,
SM14233 ,SM14296 ,
SM14296 ,SM14357 ,
SM14063 ,SM14010 ,
SM14063 ,SM14108 ,
SM14108 ,SM14158 ,
SM14158 ,SM14218 ,
SM14508 ,SM14558 ,
SM14558 ,SM14607 ,
SM14607 ,SM14665 ,
SM14665 ,SM14712 ,
SM14712 ,SM14752 ,
SM14752 ,SM14801 ,
SM14801 ,SM14849 ,
SM14849 ,SM14897 ,
SM14897 ,SM14946 ,
SM15216 ,SM15191 ,
SM15249 ,SM15204 ,
SM15024 ,SM14982 ,
SM15024 ,SM15072 ,
SM14779 ,SM14733 ,
SM14468 ,SM14414 ,
SM14468 ,SM14520 ,
SM14520 ,SM14573 ,
SM14232 ,SM14173 ,
SM14232 ,SM14291 ,
SM13916 ,SM13854 ,
SM13854 ,SM13800 ,
SM13422 ,SM13365 ,
SM12891 ,SM12815 ,
SM12356 ,SM12282 ,
SM11909 ,SM11813 ,
SM10658 ,SM10725 ,
SM10658 ,SM10585 ,
SM10585 ,SM10474 ,
SM10585 ,SM10505 ,
SM10775 ,SM10672 ,
SM10234 ,SM10137 ,
SM10234 ,SM10318 ,
SM9743  ,SM9636  ,
SM9743  ,SM9843  ,
SM9843  ,SM9941  ,
SM9419  ,SM9329  ,
SM9419  ,SM9516  ,
SM9027  ,SM8870  ,
SM9027  ,SM9190  ,
SM9190  ,SM9324  ,
SM9916  ,SM9848  ,
SM9916  ,SM9982  ,
SM9807  ,SM9905  ,
SM10405 ,SM10343 ,
SM10343 ,SM10284 ,
SM10284 ,SM10233 ,
SM10704 ,SM10624 ,
SM10721 ,SM10619 ,
SM10078 ,SM9889  ,
SM9294  ,SM9331  ,
SM9294  ,SM9247  ,
SM9247  ,SM9196  ,
SM9298  ,SM9233  ,
SM8910  ,SM8962  ,
SM8828  ,SM8908  ,
SM8908  ,SM8983  ,
SM9196  ,SM9155  ,
SM9233  ,SM9168  ,
SM8962  ,SM9018  ,
SM8983  ,SM9031  ,
SM9155  ,SM9120  ,
SM9018  ,SM9051  ,
SM9031  ,SM9088  ,
SM9120  ,SM9088  ,
SM9088  ,SM9051  ,
SM8828  ,SM8752  ,
SM9331  ,SM9392  ,
SM9324  ,SM9497  ,
SM9848  ,SM9782  ,
SM9889  ,SM9684  ,
SM9392  ,SM9450  ,
SM9450  ,SM9512  ,
SM9497  ,SM9512  ,
SM9497  ,SM9578  ,
SM9497  ,SM9641  ,
SM9709  ,SM9641  ,
SM9684  ,SM9578  ,
SM9512  ,SM9578  ,
SM9578  ,SM9641  ,
SM9709  ,SM9782  ,
SM10515 ,SM10619 ,
SM10515 ,SM10573 ,
SM10515 ,SM10459 ,
SM10459 ,SM10413 ,
SM9982  ,SM10043 ,
SM9905  ,SM10003 ,
SM10003 ,SM10099 ,
SM10233 ,SM10208 ,
SM10300 ,SM10239 ,
SM10300 ,SM10356 ,
SM10043 ,SM10112 ,
SM10112 ,SM10177 ,
SM10099 ,SM10177 ,
SM10099 ,SM10208 ,
SM10208 ,SM10177 ,
SM10239 ,SM10177 ,
SM10356 ,SM10413 ,
SM10624 ,SM10573 ,
SM8752  ,SM8662  ,
SM8662  ,SM8576  ,
SM8576  ,SM8487  ,
SM8487  ,SM8391  ,
SM7880  ,SM7796  ,
SM7464  ,SM7519  ,
SM7396  ,SM7483  ,
SM7861  ,SM7943  ,
SM8371  ,SM8554  ,
SM8371  ,SM8195  ,
SM8195  ,SM8021  ,
SM8021  ,SM7865  ,
SM7617  ,SM7677  ,
SM7538  ,SM7715  ,
SM8028  ,SM7966  ,
SM7966  ,SM7915  ,
SM7915  ,SM7859  ,
SM7865  ,SM7859  ,
SM7865  ,SM7798  ,
SM7865  ,SM7736  ,
SM7677  ,SM7736  ,
SM7715  ,SM7798  ,
SM7859  ,SM7798  ,
SM7798  ,SM7736  ,
SM8028  ,SM8086  ,
SM8086  ,SM8147  ,
SM7975  ,SM8061  ,
SM7975  ,SM7894  ,
SM7894  ,SM7814  ,
SM7814  ,SM7726  ,
SM8277  ,SM8353  ,
SM8277  ,SM8175  ,
SM8742  ,SM8819  ,
SM8819  ,SM8899  ,
SM8899  ,SM8976  ,
SM8976  ,SM9067  ,
SM9067  ,SM9157  ,
SM9597  ,SM9545  ,
SM9597  ,SM9659  ,
SM9659  ,SM9725  ,
SM9725  ,SM9786  ,
SM9581  ,SM9664  ,
SM9581  ,SM9503  ,
SM9503  ,SM9422  ,
SM9184  ,SM9341  ,
SM9184  ,SM9280  ,
SM9184  ,SM9225  ,
SM9065  ,SM9153  ,
SM9065  ,SM8979  ,
SM9431  ,SM9525  ,
SM10025 ,SM10122 ,
SM10636 ,SM10734 ,
SM11163 ,SM11249 ,
SM11163 ,SM11074 ,
SM11074 ,SM10976 ,
SM10976 ,SM10870 ,
SM10870 ,SM10755 ,
SM10755 ,SM10654 ,
SM10097 ,SM10162 ,
SM10097 ,SM10026 ,
SM9976  ,SM10072 ,
SM10571 ,SM10675 ,
SM11113 ,SM11204 ,
SM11610 ,SM11719 ,
SM12160 ,SM12247 ,
SM12599 ,SM12681 ,
SM12599 ,SM12518 ,
SM13014 ,SM13098 ,
SM13451 ,SM13523 ,
SM13523 ,SM13591 ,
SM13234 ,SM13164 ,
SM13234 ,SM13311 ,
SM13311 ,SM13382 ,
SM13382 ,SM13445 ,
SM13828 ,SM13793 ,
SM13828 ,SM13870 ,
SM13900 ,SM13844 ,
SM13900 ,SM13958 ,
SM13958 ,SM14010 ,
SM13694 ,SM13636 ,
SM13694 ,SM13763 ,
SM13763 ,SM13822 ,
SM13822 ,SM13882 ,
SM13882 ,SM13943 ,
SM14218 ,SM14275 ,
SM14275 ,SM14337 ,
SM14337 ,SM14385 ,
SM14385 ,SM14441 ,
SM14441 ,SM14486 ,
SM14486 ,SM14540 ,
SM14540 ,SM14595 ,
SM14595 ,SM14645 ,
SM14921 ,SM14886 ,
SM14982 ,SM14934 ,
SM14684 ,SM14637 ,
SM14684 ,SM14733 ,
SM14414 ,SM14363 ,
SM14073 ,SM14019 ,
SM14073 ,SM14124 ,
SM14124 ,SM14173 ,
SM13800 ,SM13723 ,
SM13365 ,SM13294 ,
SM12815 ,SM12739 ,
SM12282 ,SM12197 ,
SM11700 ,SM11591 ,
SM11700 ,SM11813 ,
SM10725 ,SM10803 ,
SM10474 ,SM10385 ,
SM10505 ,SM10449 ,
SM10672 ,SM10575 ,
SM10137 ,SM10036 ,
SM9546  ,SM9446  ,
SM9546  ,SM9636  ,
SM9192  ,SM9116  ,
SM9192  ,SM9261  ,
SM9261  ,SM9329  ,
SM8870  ,SM8722  ,
SM8391  ,SM8303  ,
SM7796  ,SM7717  ,
SM7519  ,SM7573  ,
SM7483  ,SM7549  ,
SM7943  ,SM8024  ,
SM8554  ,SM8722  ,
SM9024  ,SM9116  ,
SM8303  ,SM8205  ,
SM7717  ,SM7627  ,
SM7573  ,SM7627  ,
SM7549  ,SM7627  ,
SM8024  ,SM8110  ,
SM8110  ,SM8205  ,
SM9024  ,SM8939  ,
SM8939  ,SM8860  ,
SM8860  ,SM8779  ,
SM8779  ,SM8694  ,
SM8694  ,SM8609  ,
SM8609  ,SM8524  ,
SM8147  ,SM8211  ,
SM8061  ,SM8153  ,
SM8592  ,SM8529  ,
SM8529  ,SM8470  ,
SM8524  ,SM8425  ,
SM8211  ,SM8283  ,
SM8153  ,SM8248  ,
SM8470  ,SM8401  ,
SM8425  ,SM8337  ,
SM8283  ,SM8337  ,
SM8248  ,SM8337  ,
SM8401  ,SM8337  ,
SM8592  ,SM8647  ,
SM8647  ,SM8705  ,
SM8545  ,SM8628  ,
SM9113  ,SM9047  ,
SM9113  ,SM9170  ,
SM9170  ,SM9223  ,
SM9157  ,SM9230  ,
SM9545  ,SM9489  ,
SM9650  ,SM9559  ,
SM9223  ,SM9266  ,
SM9230  ,SM9301  ,
SM9489  ,SM9427  ,
SM9559  ,SM9469  ,
SM9266  ,SM9319  ,
SM9301  ,SM9375  ,
SM9427  ,SM9375  ,
SM9469  ,SM9375  ,
SM9319  ,SM9375  ,
SM9650  ,SM9757  ,
SM9757  ,SM9851  ,
SM10378 ,SM10467 ,
SM10378 ,SM10301 ,
SM10301 ,SM10224 ,
SM9786  ,SM9852  ,
SM9664  ,SM9744  ,
SM10202 ,SM10135 ,
SM10224 ,SM10140 ,
SM9852  ,SM9915  ,
SM9744  ,SM9821  ,
SM10135 ,SM10067 ,
SM10140 ,SM10053 ,
SM9915  ,SM9975  ,
SM9821  ,SM9899  ,
SM10053 ,SM9975  ,
SM9975  ,SM9899  ,
SM10202 ,SM10261 ,
SM10261 ,SM10326 ,
SM10104 ,SM10205 ,
SM10104 ,SM10011 ,
SM9422  ,SM9341  ,
SM9341  ,SM9225  ,
SM9341  ,SM9280  ,
SM9280  ,SM9225  ,
SM9225  ,SM9153  ,
SM9620  ,SM9715  ,
SM9620  ,SM9525  ,
SM10122 ,SM10222 ,
SM10734 ,SM10847 ,
SM11249 ,SM11344 ,
SM11790 ,SM11893 ,
SM11790 ,SM11677 ,
SM11677 ,SM11566 ,
SM11566 ,SM11462 ,
SM11462 ,SM11370 ,
SM11370 ,SM11276 ,
SM10698 ,SM10777 ,
SM10675 ,SM10784 ,
SM11252 ,SM11192 ,
SM11276 ,SM11186 ,
SM10777 ,SM10859 ,
SM10784 ,SM10896 ,
SM11192 ,SM11129 ,
SM11186 ,SM11099 ,
SM10859 ,SM10927 ,
SM10896 ,SM10998 ,
SM11129 ,SM11068 ,
SM11099 ,SM10998 ,
SM10927 ,SM10998 ,
SM10998 ,SM11068 ,
SM11252 ,SM11321 ,
SM11204 ,SM11296 ,
SM11719 ,SM11831 ,
SM12247 ,SM12335 ,
SM12681 ,SM12759 ,
SM12759 ,SM12838 ,
SM12838 ,SM12924 ,
SM12924 ,SM13009 ,
SM13414 ,SM13378 ,
SM13414 ,SM13463 ,
SM13495 ,SM13431 ,
SM13495 ,SM13563 ,
SM13563 ,SM13636 ,
SM13278 ,SM13206 ,
SM13278 ,SM13349 ,
SM13349 ,SM13412 ,
SM13412 ,SM13477 ,
SM13477 ,SM13541 ,
SM13541 ,SM13618 ,
SM13943 ,SM13998 ,
SM13998 ,SM14046 ,
SM14046 ,SM14091 ,
SM14091 ,SM14145 ,
SM14145 ,SM14202 ,
SM14202 ,SM14260 ,
SM14260 ,SM14317 ,
SM14661 ,SM14627 ,
SM14627 ,SM14587 ,
SM14637 ,SM14584 ,
SM14331 ,SM14368 ,
SM14317 ,SM14372 ,
SM14587 ,SM14548 ,
SM14584 ,SM14530 ,
SM14368 ,SM14406 ,
SM14372 ,SM14427 ,
SM14548 ,SM14513 ,
SM14530 ,SM14474 ,
SM14406 ,SM14444 ,
SM14427 ,SM14474 ,
SM14513 ,SM14474 ,
SM14474 ,SM14444 ,
SM14331 ,SM14290 ,
SM14290 ,SM14249 ,
SM14363 ,SM14307 ,
SM14019 ,SM13968 ,
SM13659 ,SM13589 ,
SM13659 ,SM13723 ,
SM13294 ,SM13225 ,
SM12651 ,SM12704 ,
SM12651 ,SM12591 ,
SM12739 ,SM12663 ,
SM12119 ,SM12184 ,
SM12119 ,SM12050 ,
SM12197 ,SM12116 ,
SM11537 ,SM11608 ,
SM11537 ,SM11466 ,
SM11466 ,SM11403 ,
SM11591 ,SM11486 ,
SM10878 ,SM10950 ,
SM10878 ,SM10803 ,
SM10385 ,SM10291 ,
SM10449 ,SM10391 ,
SM10575 ,SM10467 ,
SM10036 ,SM9943  ,
SM9446  ,SM9348  ,
SM9348  ,SM9282  ,
SM9282  ,SM9211  ,
SM9851  ,SM9943  ,
SM10326 ,SM10391 ,
SM10205 ,SM10291 ,
SM10814 ,SM10924 ,
SM10924 ,SM11022 ,
SM11403 ,SM11335 ,
SM11486 ,SM11392 ,
SM10950 ,SM11017 ,
SM11017 ,SM11092 ,
SM11022 ,SM11120 ,
SM11335 ,SM11267 ,
SM11392 ,SM11302 ,
SM11092 ,SM11147 ,
SM11120 ,SM11209 ,
SM11267 ,SM11209 ,
SM11302 ,SM11209 ,
SM11147 ,SM11209 ,
SM10814 ,SM10703 ,
SM10703 ,SM10603 ,
SM10011 ,SM9918  ,
SM9918  ,SM9818  ,
SM9818  ,SM9715  ,
SM10305 ,SM10403 ,
SM10305 ,SM10222 ,
SM10847 ,SM10952 ,
SM11344 ,SM11439 ,
SM11893 ,SM11992 ,
SM12376 ,SM12461 ,
SM12376 ,SM12293 ,
SM12293 ,SM12206 ,
SM12206 ,SM12113 ,
SM12113 ,SM12014 ,
SM12014 ,SM11913 ,
SM11321 ,SM11380 ,
SM11296 ,SM11386 ,
SM11887 ,SM11822 ,
SM11913 ,SM11814 ,
SM11380 ,SM11446 ,
SM11386 ,SM11485 ,
SM11822 ,SM11743 ,
SM11814 ,SM11701 ,
SM11446 ,SM11516 ,
SM11485 ,SM11589 ,
SM11743 ,SM11669 ,
SM11701 ,SM11589 ,
SM11516 ,SM11589 ,
SM11589 ,SM11669 ,
SM11887 ,SM11955 ,
SM11955 ,SM12027 ,
SM11831 ,SM11933 ,
SM12335 ,SM12416 ,
SM12416 ,SM12496 ,
SM12961 ,SM12905 ,
SM12961 ,SM13024 ,
SM13062 ,SM12980 ,
SM13062 ,SM13137 ,
SM13137 ,SM13206 ,
SM12798 ,SM12718 ,
SM12718 ,SM12641 ,
SM12641 ,SM12551 ,
SM12551 ,SM12478 ,
SM12478 ,SM12390 ,
SM12027 ,SM12090 ,
SM11933 ,SM12033 ,
SM12459 ,SM12398 ,
SM12398 ,SM12345 ,
SM12390 ,SM12309 ,
SM12090 ,SM12165 ,
SM12033 ,SM12131 ,
SM12345 ,SM12284 ,
SM12309 ,SM12220 ,
SM12165 ,SM12220 ,
SM12131 ,SM12220 ,
SM12284 ,SM12220 ,
SM12459 ,SM12513 ,
SM12513 ,SM12571 ,
SM12496 ,SM12579 ,
SM12905 ,SM12849 ,
SM12980 ,SM12896 ,
SM12571 ,SM12632 ,
SM12579 ,SM12665 ,
SM12849 ,SM12797 ,
SM12896 ,SM12819 ,
SM12632 ,SM12684 ,
SM12665 ,SM12740 ,
SM12797 ,SM12740 ,
SM12819 ,SM12740 ,
SM12684 ,SM12740 ,
SM12798 ,SM12874 ,
SM12874 ,SM12959 ,
SM12959 ,SM13038 ,
SM13038 ,SM13118 ,
SM13118 ,SM13187 ,
SM13187 ,SM13256 ,
SM13618 ,SM13682 ,
SM13682 ,SM13744 ,
SM13744 ,SM13809 ,
SM13809 ,SM13864 ,
SM13864 ,SM13930 ,
SM13930 ,SM13980 ,
SM13980 ,SM14032 ,
SM14249 ,SM14211 ,
SM14307 ,SM14241 ,
SM13995 ,SM14029 ,
SM14029 ,SM14066 ,
SM14032 ,SM14081 ,
SM14211 ,SM14168 ,
SM14241 ,SM14190 ,
SM14066 ,SM14093 ,
SM14081 ,SM14131 ,
SM14168 ,SM14131 ,
SM14190 ,SM14131 ,
SM14093 ,SM14131 ,
SM13995 ,SM13957 ,
SM13957 ,SM13919 ,
SM13968 ,SM13915 ,
SM13616 ,SM13660 ,
SM13616 ,SM13564 ,
SM13564 ,SM13522 ,
SM13589 ,SM13521 ,
SM13190 ,SM13236 ,
SM13190 ,SM13142 ,
SM13142 ,SM13100 ,
SM13225 ,SM13156 ,
SM12704 ,SM12758 ,
SM12608 ,SM12688 ,
SM12688 ,SM12768 ,
SM13100 ,SM13037 ,
SM13156 ,SM13094 ,
SM12758 ,SM12814 ,
SM12768 ,SM12844 ,
SM13037 ,SM12982 ,
SM13094 ,SM13012 ,
SM12814 ,SM12868 ,
SM12844 ,SM12928 ,
SM12982 ,SM12928 ,
SM13012 ,SM12928 ,
SM13012 ,SM12868 ,
SM12868 ,SM12928 ,
SM12608 ,SM12524 ,
SM12064 ,SM11963 ,
SM12064 ,SM12166 ,
SM12166 ,SM12249 ,
SM12591 ,SM12533 ,
SM12663 ,SM12580 ,
SM12184 ,SM12240 ,
SM12240 ,SM12303 ,
SM12249 ,SM12341 ,
SM12533 ,SM12479 ,
SM12580 ,SM12499 ,
SM12303 ,SM12364 ,
SM12341 ,SM12418 ,
SM12479 ,SM12418 ,
SM12499 ,SM12418 ,
SM12364 ,SM12418 ,
SM11419 ,SM11324 ,
SM11324 ,SM11229 ,
SM10603 ,SM10491 ,
SM10491 ,SM10403 ,
SM11055 ,SM11139 ,
SM11055 ,SM10952 ,
SM11439 ,SM11539 ,
SM12086 ,SM12190 ,
SM12086 ,SM11992 ,
SM12461 ,SM12538 ,
SM12538 ,SM12624 ,
SM12624 ,SM12702 ,
SM12702 ,SM12783 ,
SM13256 ,SM13329 ,
SM13329 ,SM13395 ,
SM13395 ,SM13459 ,
SM13459 ,SM13527 ,
SM13108 ,SM13027 ,
SM13027 ,SM12947 ,
SM12524 ,SM12445 ,
SM11963 ,SM11863 ,
SM11863 ,SM11756 ,
SM11229 ,SM11139 ,
SM11646 ,SM11756 ,
SM11646 ,SM11539 ,
SM12190 ,SM12277 ,
SM12277 ,SM12360 ,
SM12783 ,SM12861 ,
SM12861 ,SM12947 ,
SM12445 ,SM12360 ,
SM13108 ,SM13172 ,
SM13172 ,SM13243 ,
SM13522 ,SM13472 ,
SM13521 ,SM13450 ,
SM13236 ,SM13291 ,
SM13243 ,SM13317 ,
SM13472 ,SM13426 ,
SM13450 ,SM13388 ,
SM13291 ,SM13339 ,
SM13317 ,SM13388 ,
SM13426 ,SM13388 ,
SM13388 ,SM13339 ,
SM13527 ,SM13595 ,
SM13595 ,SM13669 ,
SM13919 ,SM13878 ,
SM13915 ,SM13853 ,
SM13660 ,SM13705 ,
SM13669 ,SM13727 ,
SM13878 ,SM13833 ,
SM13853 ,SM13803 ,
SM13705 ,SM13749 ,
SM13727 ,SM13803 ,
SM13833 ,SM13803 ,
SM13803 ,SM13749 ,
SM11419 ,SM11510 ,
SM11510 ,SM11619 ,
SM12050 ,SM11981 ,
SM12116 ,SM12024 ,
SM11608 ,SM11690 ,
SM11619 ,SM11730 ,
SM11981 ,SM11906 ,
SM12024 ,SM11932 ,
SM11690 ,SM11769 ,
SM11730 ,SM11845 ,
SM11906 ,SM11845 ,
SM11932 ,SM11845 ,
SM11769 ,SM11845 ,
SM13024 ,SM13082 ,
SM13009 ,SM13093 ,
SM13378 ,SM13325 ,
SM13431 ,SM13367 ,
SM13082 ,SM13131 ,
SM13093 ,SM13157 ,
SM13325 ,SM13276 ,
SM13367 ,SM13299 ,
SM13131 ,SM13175 ,
SM13157 ,SM13228 ,
SM13276 ,SM13228 ,
SM13299 ,SM13228 ,
SM13175 ,SM13228 ,
SM9211  ,SM9137  ,
SM9137  ,SM9041  ,
SM8705  ,SM8766  ,
SM8628  ,SM8719  ,
SM9047  ,SM8987  ,
SM9041  ,SM8955  ,
SM8766  ,SM8823  ,
SM8719  ,SM8795  ,
SM8987  ,SM8930  ,
SM8955  ,SM8871  ,
SM8823  ,SM8871  ,
SM8795  ,SM8871  ,
SM8930  ,SM8871  ,
SM14661 ,SM14693 ,
SM14645 ,SM14697 ,
SM14886 ,SM14857 ,
SM14934 ,SM14882 ,
SM14693 ,SM14726 ,
SM14697 ,SM14743 ,
SM14857 ,SM14819 ,
SM14882 ,SM14836 ,
SM14726 ,SM14754 ,
SM14743 ,SM14789 ,
SM14819 ,SM14789 ,
SM14836 ,SM14789 ,
SM14754 ,SM14789 ,
SM13463 ,SM13509 ,
SM13445 ,SM13515 ,
SM13793 ,SM13738 ,
SM13844 ,SM13785 ,
SM13509 ,SM13554 ,
SM13515 ,SM13586 ,
SM13738 ,SM13692 ,
SM13785 ,SM13714 ,
SM13554 ,SM13605 ,
SM13586 ,SM13655 ,
SM13692 ,SM13655 ,
SM13714 ,SM13655 ,
SM13605 ,SM13655 ,
SM13164 ,SM13098 ,
SM10698 ,SM10638 ,
SM10638 ,SM10561 ,
SM10654 ,SM10549 ,
SM10162 ,SM10228 ,
SM10072 ,SM10170 ,
SM10561 ,SM10479 ,
SM10549 ,SM10447 ,
SM10228 ,SM10286 ,
SM10170 ,SM10259 ,
SM10479 ,SM10417 ,
SM10447 ,SM10353 ,
SM10286 ,SM10353 ,
SM10259 ,SM10353 ,
SM10417 ,SM10353 ,
SM8545  ,SM8458  ,
SM8458  ,SM8353  ,
SM14921 ,SM14957 ,
SM14957 ,SM14985 ,
SM14946 ,SM14990 ,
SM15191 ,SM15164 ,
SM15204 ,SM15165 ,
SM14985 ,SM15018 ,
SM14990 ,SM15039 ,
SM15164 ,SM15134 ,
SM15165 ,SM15120 ,
SM15018 ,SM15051 ,
SM15039 ,SM15077 ,
SM15134 ,SM15104 ,
SM15120 ,SM15077 ,
SM15051 ,SM15077 ,
SM15077 ,SM15104 ,
SM13870 ,SM13914 ,
SM13855 ,SM13917 ,
SM14144 ,SM14118 ,
SM14177 ,SM14126 ,
SM13914 ,SM13950 ,
SM13917 ,SM13972 ,
SM14118 ,SM14082 ,
SM14126 ,SM14075 ,
SM13950 ,SM13988 ,
SM13972 ,SM14024 ,
SM14082 ,SM14056 ,
SM14075 ,SM14024 ,
SM13988 ,SM14024 ,
SM14024 ,SM14056 ,
SM13451 ,SM13390 ,
SM13390 ,SM13319 ,
SM10026 ,SM9966  ,
SM10047 ,SM9958  ,
SM9496  ,SM9561  ,
SM9477  ,SM9568  ,
SM9966  ,SM9898  ,
SM9958  ,SM9864  ,
SM9561  ,SM9623  ,
SM9568  ,SM9660  ,
SM9898  ,SM9830  ,
SM9864  ,SM9765  ,
SM9623  ,SM9689  ,
SM9660  ,SM9765  ,
SM9830  ,SM9765  ,
SM9765  ,SM9689  ,
SM8742  ,SM8652  ,
SM14291 ,SM14356 ,
SM15216 ,SM15247 ,
SM15247 ,SM15272 ,
SM15272 ,SM15309 ,
SM15260 ,SM15299 ,
SM15393 ,SM15367 ,
SM15407 ,SM15375 ,
SM15309 ,SM15337 ,
SM15299 ,SM15337 ,
SM15367 ,SM15337 ,
SM15367 ,SM15375 ,
SM15375 ,SM15337 ,
SM15407 ,SM15450 ,
SM15450 ,SM15490 ,
SM14418 ,SM14431 ,
SM14431 ,SM14451 ,
SM14431 ,SM14488 ,
SM14451 ,SM14469 ,
SM14469 ,SM14478 ,
SM14418 ,SM14425 ,
SM14425 ,SM14430 ,
SM14430 ,SM14448 ,
SM13580 ,SM13656 ,
SM13105 ,SM13088 ,
SM13088 ,SM13061 ,
SM9428  ,SM9370  ,
SM9449  ,SM9357  ,
SM8986  ,SM9045  ,
SM8969  ,SM9055  ,
SM9370  ,SM9315  ,
SM9357  ,SM9288  ,
SM9045  ,SM9111  ,
SM9055  ,SM9146  ,
SM9315  ,SM9262  ,
SM9288  ,SM9218  ,
SM9111  ,SM9167  ,
SM9146  ,SM9218  ,
SM9262  ,SM9218  ,
SM9218  ,SM9167  ,
SM8867  ,SM8944  ,
SM10263 ,SM10451 ,
SM10451 ,SM10664 ,
SM14142 ,SM14172 ,
SM14172 ,SM14215 ,
SM14230 ,SM14254 ,
SM14329 ,SM14295 ,
SM14329 ,SM14383 ,
SM14215 ,SM14254 ,
SM14254 ,SM14295 ,
SM10444 ,SM10357 ,
SM10357 ,SM10268 ,
SM10560 ,SM10483 ,
SM10483 ,SM10429 ,
SM10570 ,SM10455 ,
SM10157 ,SM10221 ,
SM10115 ,SM10215 ,
SM10429 ,SM10366 ,
SM10455 ,SM10365 ,
SM10221 ,SM10254 ,
SM10215 ,SM10290 ,
SM10366 ,SM10330 ,
SM10365 ,SM10290 ,
SM10254 ,SM10290 ,
SM10290 ,SM10330 ,
SM12153 ,SM12054 ,
SM11541 ,SM11611 ,
SM11461 ,SM11568 ,
SM12051 ,SM11980 ,
SM11980 ,SM11905 ,
SM12054 ,SM11949 ,
SM11611 ,SM11689 ,
SM11568 ,SM11678 ,
SM11905 ,SM11842 ,
SM11949 ,SM11855 ,
SM11689 ,SM11728 ,
SM11678 ,SM11775 ,
SM11678 ,SM11842 ,
SM11842 ,SM11775 ,
SM11855 ,SM11775 ,
SM11728 ,SM11775 ,
SM8931  ,SM8875  ,
SM8948  ,SM8866  ,
SM8527  ,SM8591  ,
SM8445  ,SM8534  ,
SM8875  ,SM8824  ,
SM8866  ,SM8785  ,
SM8591  ,SM8646  ,
SM8534  ,SM8619  ,
SM8824  ,SM8767  ,
SM8785  ,SM8706  ,
SM8646  ,SM8706  ,
SM8619  ,SM8706  ,
SM8767  ,SM8706  ,
SM6380  ,SM6309  ,
SM10863 ,SM10913 ,
SM14280 ,SM14338 ,
SM8395  ,SM8333  ,
SM8496  ,SM8407  ,
SM7946  ,SM7999  ,
SM7873  ,SM7956  ,
SM8333  ,SM8275  ,
SM8407  ,SM8320  ,
SM7999  ,SM8062  ,
SM7956  ,SM8041  ,
SM8275  ,SM8198  ,
SM8320  ,SM8225  ,
SM8062  ,SM8121  ,
SM8041  ,SM8121  ,
SM8041  ,SM8198  ,
SM8198  ,SM8121  ,
SM8198  ,SM8225  ,
SM8225  ,SM8121  ,
SM9871  ,SM9799  ,
SM9799  ,SM9733  ,
SM11545 ,SM11585 ,
SM11545 ,SM11507 ,
SM11507 ,SM11585 ,
SM11838 ,SM11971 ,
SM11848 ,SM11931 ,
SM11931 ,SM12020 ,
SM12949 ,SM13028 ,
SM13028 ,SM13110 ,
SM12205 ,SM12106 ,
SM12205 ,SM12295 ,
SM12020 ,SM12106 ,
SM14830 ,SM14842 ,
SM14842 ,SM14858 ,
SM14379 ,SM14433 ,
SM14244 ,SM14292 ,
SM14292 ,SM14336 ,
SM14182 ,SM14239 ,
SM10620 ,SM10501 ,
SM10501 ,SM10411 ,
SM10411 ,SM10313 ,
SM10313 ,SM10226 ,
SM10226 ,SM10125 ,
SM10125 ,SM10023 ,
SM10023 ,SM9950  ,
SM9950  ,SM9909  ,
SM9909  ,SM9983  ,
SM9909  ,SM9794  ,
SM9794  ,SM9820  ,
SM9794  ,SM9731  ,
SM9731  ,SM9820  ,
SM9731  ,SM9643  ,
SM9643  ,SM9569  ,
SM9358  ,SM9420  ,
SM9400  ,SM9492  ,
SM9610  ,SM9550  ,
SM9550  ,SM9492  ,
SM9569  ,SM9492  ,
SM9420  ,SM9492  ,
SM9877  ,SM9820  ,
SM10081 ,SM10027 ,
SM10027 ,SM9983  ,
SM10081 ,SM10128 ,
SM10128 ,SM10163 ,
SM10163 ,SM10199 ,
SM10199 ,SM10308 ,
SM10199 ,SM10232 ,
SM10142 ,SM10232 ,
SM10142 ,SM10266 ,
SM10266 ,SM10232 ,
SM10496 ,SM10308 ,
SM10308 ,SM10232 ,
SM10266 ,SM10317 ,
SM10317 ,SM10373 ,
SM10373 ,SM10425 ,
SM10225 ,SM10267 ,
SM10481 ,SM10617 ,
SM10471 ,SM10528 ,
SM10471 ,SM10410 ,
SM10410 ,SM10352 ,
SM10352 ,SM10296 ,
SM10296 ,SM10395 ,
SM10824 ,SM10747 ,
SM10972 ,SM10867 ,
SM10425 ,SM10476 ,
SM10432 ,SM10476 ,
SM10550 ,SM10476 ,
SM10550 ,SM10617 ,
SM10617 ,SM10685 ,
SM10583 ,SM10685 ,
SM10747 ,SM10707 ,
SM10867 ,SM10746 ,
SM10746 ,SM10685 ,
SM10685 ,SM10707 ,
SM10583 ,SM10528 ,
SM10395 ,SM10441 ,
SM10441 ,SM10488 ,
SM10488 ,SM10553 ,
SM10142 ,SM10065 ,
SM10142 ,SM10032 ,
SM10032 ,SM10065 ,
SM9253  ,SM9204  ,
SM9147  ,SM9077  ,
SM4708  ,SM4642  ,
SM3688  ,SM3724  ,
SM3688  ,SM3647  ,
SM4685  ,SM4616  ,
SM4685  ,SM4551  ,
SM4551  ,SM4616  ,
SM4551  ,SM4559  ,
SM4551  ,SM4546  ,
SM4551  ,SM4483  ,
SM4483  ,SM4546  ,
SM4616  ,SM4546  ,
SM4616  ,SM4559  ,
SM4559  ,SM4546  ,
SM10475 ,SM10421 ,
SM12918 ,SM12997 ,
SM13280 ,SM13359 ,
SM13984 ,SM13945 ,
SM14096 ,SM14059 ,
SM13861 ,SM13837 ,
SM13837 ,SM13807 ,
SM13807 ,SM13741 ,
SM13741 ,SM13679 ,
SM13679 ,SM13617 ,
SM13617 ,SM13542 ,
SM13322 ,SM13369 ,
SM13212 ,SM13284 ,
SM13212 ,SM13145 ,
SM13145 ,SM13078 ,
SM13078 ,SM12997 ,
SM13359 ,SM13417 ,
SM13945 ,SM13908 ,
SM14059 ,SM14013 ,
SM14013 ,SM13970 ,
SM13970 ,SM13926 ,
SM13926 ,SM13869 ,
SM13869 ,SM13816 ,
SM13816 ,SM13760 ,
SM13542 ,SM13478 ,
SM13369 ,SM13411 ,
SM13284 ,SM13352 ,
SM13487 ,SM13559 ,
SM13487 ,SM13417 ,
SM13908 ,SM13865 ,
SM13865 ,SM13826 ,
SM13826 ,SM13792 ,
SM13792 ,SM13739 ,
SM13739 ,SM13695 ,
SM13739 ,SM13760 ,
SM13760 ,SM13695 ,
SM13478 ,SM13411 ,
SM13411 ,SM13352 ,
SM13559 ,SM13633 ,
SM13633 ,SM13695 ,
SM14964 ,SM15003 ,
SM15003 ,SM15053 ,
SM15324 ,SM15294 ,
SM15324 ,SM15362 ,
SM15317 ,SM15365 ,
SM15563 ,SM15529 ,
SM15774 ,SM15746 ,
SM15746 ,SM15714 ,
SM15772 ,SM15719 ,
SM15476 ,SM15438 ,
SM15438 ,SM15399 ,
SM15399 ,SM15357 ,
SM15357 ,SM15308 ,
SM15026 ,SM15065 ,
SM15065 ,SM15086 ,
SM15053 ,SM15090 ,
SM15294 ,SM15261 ,
SM15308 ,SM15258 ,
SM15086 ,SM15116 ,
SM15090 ,SM15132 ,
SM15261 ,SM15231 ,
SM15258 ,SM15215 ,
SM15116 ,SM15149 ,
SM15132 ,SM15175 ,
SM15231 ,SM15202 ,
SM15215 ,SM15175 ,
SM15149 ,SM15175 ,
SM15175 ,SM15202 ,
SM15621 ,SM15674 ,
SM15621 ,SM15659 ,
SM15621 ,SM15582 ,
SM15582 ,SM15528 ,
SM15362 ,SM15389 ,
SM15365 ,SM15404 ,
SM15529 ,SM15501 ,
SM15714 ,SM15682 ,
SM15719 ,SM15674 ,
SM15659 ,SM15682 ,
SM15528 ,SM15486 ,
SM15389 ,SM15414 ,
SM15404 ,SM15445 ,
SM15501 ,SM15471 ,
SM15486 ,SM15445 ,
SM15414 ,SM15445 ,
SM15445 ,SM15471 ,
SM15026 ,SM14997 ,
SM15045 ,SM14995 ,
SM14799 ,SM14832 ,
SM14756 ,SM14805 ,
SM14997 ,SM14973 ,
SM14995 ,SM14955 ,
SM14832 ,SM14868 ,
SM14805 ,SM14853 ,
SM14973 ,SM14935 ,
SM14955 ,SM14900 ,
SM14868 ,SM14900 ,
SM14853 ,SM14900 ,
SM14935 ,SM14900 ,
SM15625 ,SM15664 ,
SM15629 ,SM15678 ,
SM15794 ,SM15763 ,
SM15820 ,SM15775 ,
SM15664 ,SM15692 ,
SM15678 ,SM15729 ,
SM15763 ,SM15729 ,
SM15775 ,SM15729 ,
SM15692 ,SM15729 ,
SM15728 ,SM15762 ,
SM13261 ,SM13337 ,
SM8905  ,SM8842  ,
SM8842  ,SM8778  ,
SM10190 ,SM10124 ,
SM10277 ,SM10189 ,
SM9652  ,SM9719  ,
SM9624  ,SM9724  ,
SM10124 ,SM10057 ,
SM10189 ,SM10089 ,
SM9719  ,SM9789  ,
SM9724  ,SM9822  ,
SM10057 ,SM9995  ,
SM10089 ,SM9993  ,
SM9789  ,SM9859  ,
SM9822  ,SM9923  ,
SM9995  ,SM9960  ,
SM9993  ,SM9923  ,
SM9859  ,SM9923  ,
SM9923  ,SM9960  ,
SM7416  ,SM7328  ,
SM7328  ,SM7237  ,
SM6798  ,SM6881  ,
SM6802  ,SM6919  ,
SM7240  ,SM7180  ,
SM7237  ,SM7131  ,
SM6881  ,SM6951  ,
SM6919  ,SM7030  ,
SM7180  ,SM7101  ,
SM7131  ,SM7030  ,
SM6951  ,SM7030  ,
SM7030  ,SM7101  ,
SM3246  ,SM3207  ,
SM3169  ,SM3108  ,
SM3169  ,SM3158  ,
SM3158  ,SM3051  ,
SM3232  ,SM3106  ,
SM3209  ,SM3154  ,
SM3209  ,SM3277  ,
SM3277  ,SM3343  ,
SM3343  ,SM3415  ,
SM3415  ,SM3489  ,
SM3489  ,SM3561  ,
SM3561  ,SM3640  ,
SM3640  ,SM3705  ,
SM3844  ,SM3705  ,
SM3844  ,SM3891  ,
SM3891  ,SM3768  ,
SM3891  ,SM3937  ,
SM3891  ,SM4010  ,
SM4010  ,SM4066  ,
SM4066  ,SM3937  ,
SM4066  ,SM4111  ,
SM4111  ,SM4149  ,
SM4149  ,SM4194  ,
SM4194  ,SM4247  ,
SM4247  ,SM4304  ,
SM4603  ,SM4601  ,
SM4832  ,SM4829  ,
SM4926  ,SM4822  ,
SM4926  ,SM5032  ,
SM5032  ,SM5020  ,
SM5032  ,SM5184  ,
SM5218  ,SM5122  ,
SM5218  ,SM5265  ,
SM5218  ,SM5317  ,
SM5317  ,SM5265  ,
SM5265  ,SM5302  ,
SM5302  ,SM5154  ,
SM5154  ,SM4998  ,
SM4890  ,SM4861  ,
SM4890  ,SM4916  ,
SM4974  ,SM4916  ,
SM4974  ,SM5005  ,
SM4575  ,SM4557  ,
SM4575  ,SM4487  ,
SM4575  ,SM4514  ,
SM4514  ,SM4487  ,
SM4393  ,SM4358  ,
SM4097  ,SM4109  ,
SM3567  ,SM3589  ,
SM3067  ,SM3081  ,
SM2476  ,SM2496  ,
SM2496  ,SM2522  ,
SM2522  ,SM2541  ,
SM2541  ,SM2567  ,
SM2567  ,SM2584  ,
SM2584  ,SM2604  ,
SM2473  ,SM2530  ,
SM2609  ,SM2672  ,
SM2773  ,SM2828  ,
SM2773  ,SM2787  ,
SM2773  ,SM2750  ,
SM2773  ,SM2717  ,
SM2773  ,SM2674  ,
SM2674  ,SM2717  ,
SM2674  ,SM2617  ,
SM2617  ,SM2565  ,
SM2565  ,SM2501  ,
SM2501  ,SM2448  ,
SM2294  ,SM2235  ,
SM2170  ,SM2128  ,
SM2396  ,SM2448  ,
SM2432  ,SM2486  ,
SM2486  ,SM2538  ,
SM2538  ,SM2590  ,
SM2590  ,SM2639  ,
SM2639  ,SM2665  ,
SM2639  ,SM2700  ,
SM2772  ,SM2795  ,
SM2772  ,SM2749  ,
SM2749  ,SM2729  ,
SM2729  ,SM2702  ,
SM2702  ,SM2671  ,
SM2671  ,SM2644  ,
SM2644  ,SM2591  ,
SM2591  ,SM2549  ,
SM2549  ,SM2498  ,
SM2438  ,SM2498  ,
SM2438  ,SM2398  ,
SM2438  ,SM2384  ,
SM2303  ,SM2331  ,
SM2331  ,SM2371  ,
SM2345  ,SM2429  ,
SM2429  ,SM2407  ,
SM2429  ,SM2502  ,
SM2540  ,SM2502  ,
SM2540  ,SM2580  ,
SM2580  ,SM2641  ,
SM2580  ,SM2596  ,
SM2596  ,SM2629  ,
SM2552  ,SM2629  ,
SM2552  ,SM2515  ,
SM2515  ,SM2586  ,
SM2586  ,SM2676  ,
SM2586  ,SM2560  ,
SM2560  ,SM2546  ,
SM2546  ,SM2597  ,
SM2499  ,SM2597  ,
SM2626  ,SM2597  ,
SM2626  ,SM2610  ,
SM2610  ,SM2654  ,
SM2610  ,SM2574  ,
SM2574  ,SM2661  ,
SM2574  ,SM2532  ,
SM2667  ,SM2661  ,
SM2667  ,SM2742  ,
SM2742  ,SM2757  ,
SM2742  ,SM2882  ,
SM2893  ,SM2882  ,
SM2882  ,SM2863  ,
SM2882  ,SM2949  ,
SM2949  ,SM2958  ,
SM3397  ,SM3430  ,
SM3230  ,SM3278  ,
SM3318  ,SM3334  ,
SM3385  ,SM3334  ,
SM3526  ,SM3468  ,
SM3176  ,SM3146  ,
SM3176  ,SM3207  ,
SM3207  ,SM3117  ,
SM3117  ,SM3055  ,
SM3108  ,SM3055  ,
SM3108  ,SM2991  ,
SM3051  ,SM2991  ,
SM3051  ,SM3106  ,
SM3106  ,SM3154  ,
SM2935  ,SM2904  ,
SM2935  ,SM2960  ,
SM2960  ,SM2987  ,
SM2987  ,SM3011  ,
SM3011  ,SM3034  ,
SM3034  ,SM3058  ,
SM3058  ,SM3080  ,
SM3080  ,SM3104  ,
SM3104  ,SM3122  ,
SM3122  ,SM3149  ,
SM3149  ,SM3170  ,
SM3170  ,SM3189  ,
SM3189  ,SM3216  ,
SM3216  ,SM3236  ,
SM3595  ,SM3549  ,
SM3705  ,SM3768  ,
SM3768  ,SM3823  ,
SM3823  ,SM3869  ,
SM3937  ,SM3997  ,
SM3997  ,SM4050  ,
SM4050  ,SM4099  ,
SM4099  ,SM4141  ,
SM4141  ,SM4191  ,
SM4141  ,SM4304  ,
SM4304  ,SM4336  ,
SM4601  ,SM4599  ,
SM4601  ,SM4702  ,
SM4702  ,SM4822  ,
SM4829  ,SM4822  ,
SM4822  ,SM4815  ,
SM4815  ,SM4808  ,
SM5020  ,SM5013  ,
SM5020  ,SM5122  ,
SM5122  ,SM5013  ,
SM5013  ,SM4904  ,
SM4904  ,SM4795  ,
SM4904  ,SM4790  ,
SM4818  ,SM4785  ,
SM4818  ,SM4843  ,
SM4843  ,SM4861  ,
SM4525  ,SM4493  ,
SM4525  ,SM4421  ,
SM4525  ,SM4557  ,
SM4557  ,SM4450  ,
SM4487  ,SM4450  ,
SM4358  ,SM4331  ,
SM3589  ,SM3609  ,
SM3081  ,SM3093  ,
SM3093  ,SM3112  ,
SM3112  ,SM3127  ,
SM3127  ,SM3143  ,
SM3143  ,SM3159  ,
SM2857  ,SM2914  ,
SM2857  ,SM2802  ,
SM2802  ,SM2752  ,
SM2604  ,SM2624  ,
SM2530  ,SM2589  ,
SM2672  ,SM2724  ,
SM2828  ,SM2868  ,
SM2841  ,SM2868  ,
SM3045  ,SM2975  ,
SM3045  ,SM3107  ,
SM3107  ,SM3164  ,
SM3236  ,SM3237  ,
SM3549  ,SM3523  ,
SM3523  ,SM3505  ,
SM3505  ,SM3491  ,
SM3900  ,SM3936  ,
SM3936  ,SM3983  ,
SM3983  ,SM4024  ,
SM4024  ,SM4063  ,
SM4191  ,SM4255  ,
SM4336  ,SM4364  ,
SM4599  ,SM4595  ,
SM4808  ,SM4805  ,
SM4805  ,SM4795  ,
SM4795  ,SM4790  ,
SM4790  ,SM4688  ,
SM4790  ,SM4785  ,
SM4785  ,SM4688  ,
SM4594  ,SM4688  ,
SM4594  ,SM4595  ,
SM4493  ,SM4469  ,
SM4421  ,SM4384  ,
SM4421  ,SM4450  ,
SM4331  ,SM4296  ,
SM4296  ,SM4252  ,
SM4252  ,SM4197  ,
SM3631  ,SM3648  ,
SM3648  ,SM3669  ,
SM3669  ,SM3693  ,
SM3693  ,SM3717  ,
SM3159  ,SM3177  ,
SM2914  ,SM2955  ,
SM2899  ,SM2975  ,
SM3054  ,SM3023  ,
SM3054  ,SM3085  ,
SM3085  ,SM3135  ,
SM3135  ,SM3178  ,
SM3178  ,SM3203  ,
SM3203  ,SM3220  ,
SM3491  ,SM3470  ,
SM3812  ,SM3789  ,
SM3789  ,SM3764  ,
SM4063  ,SM4098  ,
SM4098  ,SM4125  ,
SM4255  ,SM4314  ,
SM4255  ,SM4397  ,
SM4364  ,SM4397  ,
SM4397  ,SM4419  ,
SM4419  ,SM4314  ,
SM4419  ,SM4445  ,
SM4445  ,SM4469  ,
SM4384  ,SM4347  ,
SM4197  ,SM4157  ,
SM4157  ,SM4125  ,
SM4314  ,SM4347  ,
SM3717  ,SM3739  ,
SM3349  ,SM3402  ,
SM3470  ,SM3453  ,
SM3453  ,SM3427  ,
SM3427  ,SM3402  ,
SM3764  ,SM3739  ,
SM3349  ,SM3298  ,
SM3177  ,SM3190  ,
SM2955  ,SM3023  ,
SM3199  ,SM3190  ,
SM3199  ,SM3217  ,
SM3217  ,SM3250  ,
SM3250  ,SM3298  ,
SM3220  ,SM3237  ,
SM2899  ,SM2809  ,
SM2809  ,SM2768  ,
SM2768  ,SM2724  ,
SM2752  ,SM2697  ,
SM2624  ,SM2647  ,
SM2589  ,SM2647  ,
SM2697  ,SM2647  ,
SM3631  ,SM3609  ,
SM3900  ,SM3869  ,
SM2841  ,SM2800  ,
SM2787  ,SM2800  ,
SM2800  ,SM2798  ,
SM2798  ,SM2783  ,
SM2783  ,SM2761  ,
SM2761  ,SM2725  ,
SM2725  ,SM2690  ,
SM2690  ,SM2665  ,
SM2700  ,SM2766  ,
SM2795  ,SM2814  ,
SM2814  ,SM2839  ,
SM2839  ,SM2873  ,
SM2873  ,SM2904  ,
SM2904  ,SM2826  ,
SM2826  ,SM2766  ,
SM2991  ,SM2919  ,
SM2919  ,SM2931  ,
SM2827  ,SM2931  ,
SM2827  ,SM2856  ,
SM2827  ,SM2781  ,
SM2781  ,SM2856  ,
SM2781  ,SM2796  ,
SM2781  ,SM2731  ,
SM2731  ,SM2796  ,
SM2731  ,SM2680  ,
SM2680  ,SM2746  ,
SM2680  ,SM2641  ,
SM2641  ,SM2689  ,
SM2689  ,SM2746  ,
SM2689  ,SM2830  ,
SM2689  ,SM2629  ,
SM2676  ,SM2782  ,
SM2676  ,SM2727  ,
SM2727  ,SM2733  ,
SM2597  ,SM2683  ,
SM2683  ,SM2733  ,
SM2777  ,SM2812  ,
SM2777  ,SM2784  ,
SM2654  ,SM2784  ,
SM2661  ,SM2757  ,
SM2757  ,SM2863  ,
SM2863  ,SM2958  ,
SM2958  ,SM2970  ,
SM2970  ,SM2824  ,
SM2970  ,SM2993  ,
SM2993  ,SM3019  ,
SM3019  ,SM2918  ,
SM3019  ,SM3056  ,
SM3056  ,SM2971  ,
SM3056  ,SM3100  ,
SM3100  ,SM3021  ,
SM3100  ,SM3146  ,
SM3430  ,SM3468  ,
SM3278  ,SM3334  ,
SM3146  ,SM3072  ,
SM3072  ,SM3007  ,
SM3055  ,SM3007  ,
SM3055  ,SM2931  ,
SM2856  ,SM3007  ,
SM2796  ,SM2951  ,
SM2796  ,SM2746  ,
SM2746  ,SM2888  ,
SM2830  ,SM2888  ,
SM2830  ,SM2971  ,
SM2830  ,SM2782  ,
SM2782  ,SM2918  ,
SM2850  ,SM2918  ,
SM2918  ,SM2971  ,
SM3021  ,SM2951  ,
SM2951  ,SM2888  ,
SM2951  ,SM3007  ,
SM2850  ,SM2812  ,
SM2824  ,SM2784  ,
SM2502  ,SM2463  ,
SM2498  ,SM2463  ,
SM2398  ,SM2404  ,
SM2398  ,SM2371  ,
SM2371  ,SM2404  ,
SM2407  ,SM2404  ,
SM2787  ,SM2750  ,
SM2750  ,SM2717  ,
SM2432  ,SM2380  ,
SM2380  ,SM2351  ,
SM2330  ,SM2351  ,
SM2330  ,SM2300  ,
SM2300  ,SM2292  ,
SM4097  ,SM4077  ,
SM3970  ,SM4017  ,
SM4017  ,SM4064  ,
SM4064  ,SM4104  ,
SM16010 ,SM16077 ,
SM16094 ,SM16077 ,
SM15936 ,SM15922 ,
SM9742  ,SM9640  ,
SM9640  ,SM9557  ,
SM8620  ,SM8535  ,
SM8535  ,SM8444  ,
SM8339  ,SM8444  ,
SM8074  ,SM8148  ,
SM8074  ,SM8014  ,
SM8080  ,SM8180  ,
SM8180  ,SM8201  ,
SM8180  ,SM8267  ,
SM8267  ,SM8201  ,
SM8441  ,SM8406  ,
SM8406  ,SM8341  ,
SM8444  ,SM8341  ,
SM8341  ,SM8232  ,
SM8232  ,SM8201  ,
SM8232  ,SM8148  ,
SM8148  ,SM8201  ,
SM9588  ,SM9524  ,
SM9673  ,SM9574  ,
SM9134  ,SM9186  ,
SM9110  ,SM9189  ,
SM9524  ,SM9463  ,
SM9574  ,SM9484  ,
SM9186  ,SM9236  ,
SM9189  ,SM9258  ,
SM9463  ,SM9401  ,
SM9484  ,SM9385  ,
SM9236  ,SM9283  ,
SM9258  ,SM9326  ,
SM9401  ,SM9359  ,
SM9385  ,SM9326  ,
SM9283  ,SM9326  ,
SM9326  ,SM9359  ,
SM6311  ,SM6165  ,
SM5946  ,SM5986  ,
SM5986  ,SM6021  ,
SM6021  ,SM6067  ,
SM6067  ,SM6126  ,
SM4924  ,SM4772  ,
SM4501  ,SM4545  ,
SM4545  ,SM4580  ,
SM4580  ,SM4612  ,
SM4578  ,SM4640  ,
SM4578  ,SM4673  ,
SM4723  ,SM4673  ,
SM4723  ,SM4777  ,
SM4612  ,SM4640  ,
SM4640  ,SM4673  ,
SM4503  ,SM4447  ,
SM4447  ,SM4388  ,
SM4107  ,SM4138  ,
SM4088  ,SM4130  ,
SM4391  ,SM4348  ,
SM4388  ,SM4328  ,
SM4138  ,SM4180  ,
SM4130  ,SM4189  ,
SM4348  ,SM4310  ,
SM4310  ,SM4281  ,
SM4180  ,SM4207  ,
SM4189  ,SM4246  ,
SM4281  ,SM4246  ,
SM4246  ,SM4207  ,
SM4105  ,SM4060  ,
SM4060  ,SM4008  ,
SM3807  ,SM3841  ,
SM3811  ,SM3863  ,
SM4009  ,SM3975  ,
SM4008  ,SM3958  ,
SM3841  ,SM3877  ,
SM3863  ,SM3904  ,
SM3975  ,SM3931  ,
SM3958  ,SM3904  ,
SM3877  ,SM3904  ,
SM3904  ,SM3931  ,
SM1664  ,SM1641  ,
SM4049  ,SM4033  ,
SM4033  ,SM4016  ,
SM3941  ,SM3964  ,
SM4016  ,SM3998  ,
SM3998  ,SM3981  ,
SM3981  ,SM3964  ,
SM7613  ,SM7711  ,
SM17046 ,SM17083 ,
SM15928 ,SM15958 ,
SM15481 ,SM15507 ,
SM15507 ,SM15542 ,
SM15542 ,SM15577 ,
SM15577 ,SM15603 ,
SM14189 ,SM14191 ,
SM11208 ,SM11248 ,
SM11248 ,SM11300 ,
SM11300 ,SM11342 ,
SM11342 ,SM11389 ,
SM11389 ,SM11491 ,
SM11389 ,SM11421 ,
SM11218 ,SM11322 ,
SM11118 ,SM11203 ,
SM11490 ,SM11451 ,
SM11451 ,SM11421 ,
SM11491 ,SM11421 ,
SM11421 ,SM11322 ,
SM11322 ,SM11240 ,
SM11240 ,SM11203 ,
SM9338  ,SM9272  ,
SM4007  ,SM3951  ,
SM4479  ,SM4495  ,
SM4495  ,SM4512  ,
SM4676  ,SM4667  ,
SM4515  ,SM4512  ,
SM5180  ,SM5192  ,
SM5192  ,SM5199  ,
SM5803  ,SM5932  ,
SM5987  ,SM5959  ,
SM5959  ,SM5932  ,
SM5932  ,SM5928  ,
SM14710 ,SM14778 ,
SM14036 ,SM14083 ,
SM14083 ,SM14181 ,
SM16344 ,SM16370 ,
SM16366 ,SM16393 ,
SM16393 ,SM16422 ,
SM16422 ,SM16447 ,
SM16447 ,SM16458 ,
SM16458 ,SM16467 ,
SM16743 ,SM16741 ,
SM16784 ,SM16741 ,
SM16784 ,SM16739 ,
SM16739 ,SM16741 ,
SM16739 ,SM16696 ,
SM16696 ,SM16741 ,
SM15554 ,SM15581 ,
SM15581 ,SM15605 ,
SM15586 ,SM15626 ,
SM14930 ,SM14969 ,
SM11351 ,SM11410 ,
SM11297 ,SM11410 ,
SM11356 ,SM11465 ,
SM11521 ,SM11613 ,
SM11613 ,SM11465 ,
SM11110 ,SM11196 ,
SM11110 ,SM10960 ,
SM10960 ,SM11032 ,
SM11032 ,SM11101 ,
SM11101 ,SM11161 ,
SM9303  ,SM9232  ,
SM8187  ,SM8118  ,
SM8118  ,SM8060  ,
SM8060  ,SM7998  ,
SM8058  ,SM7970  ,
SM7771  ,SM7833  ,
SM7721  ,SM7803  ,
SM7998  ,SM7945  ,
SM7970  ,SM7889  ,
SM7833  ,SM7889  ,
SM7803  ,SM7889  ,
SM7945  ,SM7889  ,
SM7886  ,SM7842  ,
SM7842  ,SM7773  ,
SM8555  ,SM8493  ,
SM8627  ,SM8540  ,
SM8540  ,SM8449  ,
SM8163  ,SM8230  ,
SM8037  ,SM8117  ,
SM8493  ,SM8421  ,
SM8421  ,SM8357  ,
SM8449  ,SM8348  ,
SM8230  ,SM8297  ,
SM8117  ,SM8210  ,
SM8357  ,SM8329  ,
SM8348  ,SM8297  ,
SM8297  ,SM8329  ,
SM8297  ,SM8210  ,
SM4675  ,SM4614  ,
SM3942  ,SM3896  ,
SM3510  ,SM3600  ,
SM3600  ,SM3652  ,
SM3500  ,SM3521  ,
SM3521  ,SM3542  ,
SM3490  ,SM3537  ,
SM3630  ,SM3607  ,
SM3765  ,SM3718  ,
SM3896  ,SM3857  ,
SM3857  ,SM3806  ,
SM3806  ,SM3738  ,
SM3542  ,SM3560  ,
SM3537  ,SM3580  ,
SM3537  ,SM3607  ,
SM3607  ,SM3580  ,
SM3718  ,SM3689  ,
SM3738  ,SM3689  ,
SM3689  ,SM3646  ,
SM3646  ,SM3624  ,
SM3560  ,SM3624  ,
SM3560  ,SM3580  ,
SM3580  ,SM3624  ,
SM3510  ,SM3426  ,
SM3426  ,SM3342  ,
SM3392  ,SM3353  ,
SM3353  ,SM3321  ,
SM3321  ,SM3267  ,
SM3239  ,SM3267  ,
SM3239  ,SM3205  ,
SM3163  ,SM3211  ,
SM3342  ,SM3309  ,
SM3309  ,SM3267  ,
SM3267  ,SM3211  ,
SM3342  ,SM3387  ,
SM1917  ,SM1886  ,
SM1886  ,SM1852  ,
SM1852  ,SM1821  ,
SM2399  ,SM2383  ,
SM2383  ,SM2362  ,
SM2285  ,SM2305  ,
SM2362  ,SM2347  ,
SM2347  ,SM2326  ,
SM2326  ,SM2305  ,
SM4170  ,SM4267  ,
SM4267  ,SM4325  ,
SM4227  ,SM4143  ,
SM4227  ,SM4290  ,
SM5224  ,SM5198  ,
SM5198  ,SM5188  ,
SM6242  ,SM6357  ,
SM10887 ,SM11011 ,
SM17100 ,SM17140 ,
SM17140 ,SM17185 ,
SM17109 ,SM17141 ,
SM17290 ,SM17270 ,
SM17342 ,SM17282 ,
SM17185 ,SM17215 ,
SM17141 ,SM17171 ,
SM17270 ,SM17254 ,
SM17254 ,SM17230 ,
SM17282 ,SM17215 ,
SM17215 ,SM17206 ,
SM17171 ,SM17206 ,
SM17230 ,SM17206 ,
SM16448 ,SM16479 ,
SM16479 ,SM16518 ,
SM16518 ,SM16553 ,
SM16623 ,SM16659 ,
SM16659 ,SM16704 ,
SM16788 ,SM16766 ,
SM16766 ,SM16752 ,
SM16922 ,SM16908 ,
SM16936 ,SM16908 ,
SM16723 ,SM16752 ,
SM16704 ,SM16752 ,
SM16723 ,SM16706 ,
SM16706 ,SM16689 ,
SM16689 ,SM16663 ,
SM16663 ,SM16649 ,
SM15680 ,SM15717 ,
SM15717 ,SM15759 ,
SM15726 ,SM15759 ,
SM11284 ,SM11343 ,
SM11343 ,SM11407 ,
SM11407 ,SM11472 ,
SM11305 ,SM11390 ,
SM11959 ,SM11886 ,
SM11959 ,SM12031 ,
SM11959 ,SM12035 ,
SM11078 ,SM11180 ,
SM10830 ,SM10935 ,
SM11035 ,SM10935 ,
SM11035 ,SM11125 ,
SM11530 ,SM11759 ,
SM12417 ,SM12435 ,
SM12417 ,SM12563 ,
SM12545 ,SM12563 ,
SM12545 ,SM12536 ,
SM12536 ,SM12523 ,
SM12510 ,SM12562 ,
SM12510 ,SM12450 ,
SM12450 ,SM12402 ,
SM12402 ,SM12329 ,
SM12329 ,SM12253 ,
SM12253 ,SM12207 ,
SM12246 ,SM12318 ,
SM12318 ,SM12386 ,
SM12386 ,SM12423 ,
SM12423 ,SM12498 ,
SM12498 ,SM12549 ,
SM12549 ,SM12642 ,
SM12642 ,SM12701 ,
SM12701 ,SM12766 ,
SM13342 ,SM13346 ,
SM13400 ,SM13351 ,
SM13400 ,SM13361 ,
SM13400 ,SM13425 ,
SM13774 ,SM13717 ,
SM13774 ,SM13764 ,
SM13774 ,SM13834 ,
SM14035 ,SM13975 ,
SM13895 ,SM13831 ,
SM13824 ,SM13767 ,
SM13767 ,SM13831 ,
SM13767 ,SM13700 ,
SM13295 ,SM13221 ,
SM12315 ,SM12368 ,
SM12315 ,SM12158 ,
SM12315 ,SM12259 ,
SM12259 ,SM12101 ,
SM12259 ,SM12209 ,
SM12209 ,SM12031 ,
SM12209 ,SM12151 ,
SM12151 ,SM11951 ,
SM12151 ,SM12087 ,
SM12087 ,SM11960 ,
SM11960 ,SM11877 ,
SM11823 ,SM11787 ,
SM11787 ,SM11737 ,
SM11472 ,SM11538 ,
SM11390 ,SM11484 ,
SM11886 ,SM11817 ,
SM11951 ,SM11817 ,
SM11877 ,SM11812 ,
SM11812 ,SM11687 ,
SM11606 ,SM11687 ,
SM11606 ,SM11538 ,
SM11484 ,SM11579 ,
SM11817 ,SM11732 ,
SM11732 ,SM11709 ,
SM11709 ,SM11687 ,
SM11687 ,SM11579 ,
SM12031 ,SM12035 ,
SM12035 ,SM12101 ,
SM11902 ,SM12010 ,
SM11902 ,SM11803 ,
SM11180 ,SM11287 ,
SM11125 ,SM11214 ,
SM11214 ,SM11307 ,
SM11759 ,SM11972 ,
SM12435 ,SM12440 ,
SM12435 ,SM12577 ,
SM12563 ,SM12577 ,
SM12943 ,SM13020 ,
SM12943 ,SM13006 ,
SM12943 ,SM12853 ,
SM12853 ,SM12923 ,
SM12853 ,SM12779 ,
SM12779 ,SM12839 ,
SM12779 ,SM12700 ,
SM12700 ,SM12766 ,
SM12700 ,SM12656 ,
SM12766 ,SM12839 ,
SM13346 ,SM13351 ,
SM13351 ,SM13361 ,
SM13361 ,SM13364 ,
SM13425 ,SM13364 ,
SM13425 ,SM13457 ,
SM13457 ,SM13485 ,
SM13609 ,SM13547 ,
SM13609 ,SM13670 ,
SM13717 ,SM13670 ,
SM13764 ,SM13686 ,
SM13764 ,SM13834 ,
SM13834 ,SM13904 ,
SM13904 ,SM13975 ,
SM13831 ,SM13770 ,
SM13770 ,SM13702 ,
SM13770 ,SM13700 ,
SM13700 ,SM13639 ,
SM13221 ,SM13152 ,
SM12368 ,SM12410 ,
SM12368 ,SM12201 ,
SM12201 ,SM12109 ,
SM12201 ,SM12158 ,
SM12158 ,SM12101 ,
SM12010 ,SM12109 ,
SM12260 ,SM12410 ,
SM12260 ,SM12321 ,
SM11852 ,SM11890 ,
SM11803 ,SM11695 ,
SM11695 ,SM11586 ,
SM11307 ,SM11396 ,
SM11928 ,SM11890 ,
SM11928 ,SM11972 ,
SM12440 ,SM12434 ,
SM12440 ,SM12585 ,
SM12577 ,SM12585 ,
SM13101 ,SM13163 ,
SM13101 ,SM13149 ,
SM13101 ,SM13020 ,
SM13020 ,SM13087 ,
SM13087 ,SM13149 ,
SM13087 ,SM13006 ,
SM13364 ,SM13371 ,
SM13371 ,SM13379 ,
SM13485 ,SM13547 ,
SM13530 ,SM13455 ,
SM13530 ,SM13612 ,
SM13612 ,SM13686 ,
SM13637 ,SM13561 ,
SM13637 ,SM13566 ,
SM13637 ,SM13702 ,
SM13702 ,SM13639 ,
SM13639 ,SM13566 ,
SM13152 ,SM13083 ,
SM12410 ,SM12469 ,
SM12321 ,SM12469 ,
SM12321 ,SM12375 ,
SM12375 ,SM12512 ,
SM12375 ,SM12391 ,
SM12391 ,SM12407 ,
SM12407 ,SM12456 ,
SM12407 ,SM12424 ,
SM12424 ,SM12434 ,
SM12434 ,SM12586 ,
SM12585 ,SM12586 ,
SM13237 ,SM13306 ,
SM13237 ,SM13224 ,
SM13237 ,SM13163 ,
SM13163 ,SM13224 ,
SM13217 ,SM13224 ,
SM13217 ,SM13274 ,
SM13217 ,SM13149 ,
SM13379 ,SM13385 ,
SM13385 ,SM13375 ,
SM13455 ,SM13401 ,
SM13424 ,SM13363 ,
SM13424 ,SM13370 ,
SM13424 ,SM13492 ,
SM13492 ,SM13433 ,
SM13492 ,SM13561 ,
SM13561 ,SM13497 ,
SM13566 ,SM13497 ,
SM13083 ,SM12999 ,
SM12999 ,SM12916 ,
SM12469 ,SM12512 ,
SM12500 ,SM12560 ,
SM12500 ,SM12456 ,
SM12573 ,SM12560 ,
SM12573 ,SM12583 ,
SM12583 ,SM12586 ,
SM13306 ,SM13370 ,
SM13306 ,SM13363 ,
SM13318 ,SM13363 ,
SM13318 ,SM13313 ,
SM13318 ,SM13274 ,
SM13224 ,SM13274 ,
SM13274 ,SM13313 ,
SM13313 ,SM13356 ,
SM13375 ,SM13356 ,
SM13375 ,SM13401 ,
SM13401 ,SM13356 ,
SM13370 ,SM13433 ,
SM12916 ,SM12833 ,
SM12833 ,SM12753 ,
SM12753 ,SM12694 ,
SM12694 ,SM12629 ,
SM12629 ,SM12560 ,
SM13433 ,SM13497 ,
SM11586 ,SM11487 ,
SM11487 ,SM11396 ,
SM13006 ,SM12923 ,
SM12923 ,SM12839 ,
SM12656 ,SM12602 ,
SM12602 ,SM12562 ,
SM10376 ,SM10306 ,
SM10306 ,SM10246 ,
SM10737 ,SM10643 ,
SM10643 ,SM10541 ,
SM7664  ,SM7511  ,
SM7220  ,SM7294  ,
SM7294  ,SM7354  ,
SM7354  ,SM7415  ,
SM7415  ,SM7478  ,
SM7096  ,SM6899  ,
SM6604  ,SM6647  ,
SM6647  ,SM6699  ,
SM6699  ,SM6757  ,
SM6757  ,SM6841  ,
SM8111  ,SM8027  ,
SM8027  ,SM7941  ,
SM7941  ,SM7891  ,
SM7891  ,SM7841  ,
SM7885  ,SM7805  ,
SM7496  ,SM7508  ,
SM7452  ,SM7508  ,
SM7452  ,SM7411  ,
SM7411  ,SM7348  ,
SM7348  ,SM7272  ,
SM7536  ,SM7508  ,
SM7536  ,SM7638  ,
SM7569  ,SM7638  ,
SM7638  ,SM7725  ,
SM7725  ,SM7805  ,
SM7335  ,SM7242  ,
SM6635  ,SM6565  ,
SM6565  ,SM6477  ,
SM7138  ,SM7242  ,
SM3813  ,SM3849  ,
SM3849  ,SM3884  ,
SM3884  ,SM3925  ,
SM3884  ,SM3899  ,
SM3899  ,SM3925  ,
SM3772  ,SM3783  ,
SM1103  ,SM1127  ,
SM1454  ,SM1446  ,
SM1446  ,SM1437  ,
SM1395  ,SM1408  ,
SM1408  ,SM1417  ,
SM1417  ,SM1427  ,
SM1427  ,SM1437  ,
SM3481  ,SM3409  ,
SM3409  ,SM3345  ,
SM3345  ,SM3284  ,
SM6609  ,SM6744  ,
SM11126 ,SM11210 ,
SM14968 ,SM15059 ,
SM15059 ,SM15143 ,
SM15143 ,SM15225 ,
SM15286 ,SM15225 ,
SM17314 ,SM17329 ,
SM17329 ,SM17345 ,
SM17345 ,SM17362 ,
SM17508 ,SM17494 ,
SM17508 ,SM17521 ,
SM17521 ,SM17540 ,
SM17780 ,SM17805 ,
SM17805 ,SM17828 ,
SM17828 ,SM17851 ,
SM17540 ,SM17557 ,
SM17557 ,SM17582 ,
SM17511 ,SM17522 ,
SM17522 ,SM17532 ,
SM17546 ,SM17532 ,
SM17546 ,SM17555 ,
SM17608 ,SM17582 ,
SM17608 ,SM17663 ,
SM17608 ,SM17647 ,
SM17647 ,SM17663 ,
SM17053 ,SM17010 ,
SM16821 ,SM16836 ,
SM16836 ,SM16853 ,
SM16711 ,SM16758 ,
SM16496 ,SM16539 ,
SM16591 ,SM16539 ,
SM16639 ,SM16638 ,
SM15195 ,SM15207 ,
SM14553 ,SM14585 ,
SM14585 ,SM14610 ,
SM14008 ,SM14061 ,
SM9540  ,SM9444  ,
SM9444  ,SM9353  ,
SM6447  ,SM6577  ,
SM6447  ,SM6511  ,
SM5852  ,SM5969  ,
SM5852  ,SM5889  ,
SM5719  ,SM5881  ,
SM5719  ,SM5353  ,
SM5182  ,SM5353  ,
SM5182  ,SM5335  ,
SM4775  ,SM4911  ,
SM4775  ,SM4768  ,
SM4768  ,SM4897  ,
SM4768  ,SM4760  ,
SM4760  ,SM4878  ,
SM4760  ,SM4747  ,
SM4747  ,SM4866  ,
SM4747  ,SM4732  ,
SM4732  ,SM4855  ,
SM4464  ,SM4541  ,
SM4464  ,SM4400  ,
SM4641  ,SM4683  ,
SM5023  ,SM5031  ,
SM5023  ,SM5015  ,
SM5015  ,SM5001  ,
SM5001  ,SM4990  ,
SM4990  ,SM4984  ,
SM4984  ,SM4971  ,
SM4971  ,SM4965  ,
SM4965  ,SM4952  ,
SM4952  ,SM4946  ,
SM4946  ,SM4938  ,
SM5445  ,SM5516  ,
SM5445  ,SM5424  ,
SM5424  ,SM5402  ,
SM5402  ,SM5429  ,
SM4882  ,SM4883  ,
SM4883  ,SM4887  ,
SM4887  ,SM4894  ,
SM4894  ,SM4903  ,
SM4903  ,SM4912  ,
SM4912  ,SM4918  ,
SM4918  ,SM4923  ,
SM4522  ,SM4529  ,
SM4187  ,SM4216  ,
SM4187  ,SM4135  ,
SM4216  ,SM4233  ,
SM4233  ,SM4226  ,
SM4226  ,SM4220  ,
SM4220  ,SM4214  ,
SM4428  ,SM4467  ,
SM4428  ,SM4380  ,
SM4816  ,SM5092  ,
SM4816  ,SM4799  ,
SM4265  ,SM4287  ,
SM4307  ,SM4302  ,
SM4307  ,SM4308  ,
SM4719  ,SM4743  ,
SM4719  ,SM4695  ,
SM4695  ,SM4652  ,
SM4652  ,SM4602  ,
SM4602  ,SM4561  ,
SM4561  ,SM4528  ,
SM4528  ,SM4492  ,
SM4492  ,SM4458  ,
SM4458  ,SM4434  ,
SM4434  ,SM4385  ,
SM4260  ,SM4259  ,
SM3880  ,SM3959  ,
SM4023  ,SM4030  ,
SM4023  ,SM4019  ,
SM4647  ,SM4692  ,
SM4647  ,SM4637  ,
SM4637  ,SM4631  ,
SM4407  ,SM4474  ,
SM4589  ,SM4596  ,
SM5366  ,SM5373  ,
SM5366  ,SM5361  ,
SM5361  ,SM5355  ,
SM5355  ,SM5349  ,
SM5349  ,SM5340  ,
SM5340  ,SM5328  ,
SM5328  ,SM5321  ,
SM5321  ,SM5312  ,
SM5312  ,SM5304  ,
SM5304  ,SM5297  ,
SM4543  ,SM4537  ,
SM4537  ,SM4530  ,
SM4530  ,SM4517  ,
SM4517  ,SM4511  ,
SM4511  ,SM4505  ,
SM4178  ,SM4275  ,
SM4468  ,SM4473  ,
SM4820  ,SM4726  ,
SM4505  ,SM4500  ,
SM4275  ,SM4352  ,
SM4473  ,SM4478  ,
SM4726  ,SM4645  ,
SM4500  ,SM4494  ,
SM4352  ,SM4424  ,
SM4478  ,SM4485  ,
SM4645  ,SM4564  ,
SM4494  ,SM4489  ,
SM4424  ,SM4489  ,
SM4485  ,SM4489  ,
SM4564  ,SM4489  ,
SM4820  ,SM4910  ,
SM5215  ,SM5223  ,
SM5215  ,SM5207  ,
SM5207  ,SM5201  ,
SM5201  ,SM5196  ,
SM5196  ,SM5193  ,
SM5193  ,SM5187  ,
SM5187  ,SM5179  ,
SM4703  ,SM4793  ,
SM4703  ,SM4629  ,
SM4433  ,SM4423  ,
SM4101  ,SM4159  ,
SM4374  ,SM4379  ,
SM4379  ,SM4387  ,
SM4629  ,SM4554  ,
SM4423  ,SM4413  ,
SM4159  ,SM4242  ,
SM4387  ,SM4396  ,
SM4554  ,SM4475  ,
SM4413  ,SM4410  ,
SM4242  ,SM4332  ,
SM4396  ,SM4403  ,
SM4475  ,SM4405  ,
SM4410  ,SM4405  ,
SM4332  ,SM4405  ,
SM4403  ,SM4405  ,
SM4374  ,SM4368  ,
SM4368  ,SM4361  ,
SM4361  ,SM4356  ,
SM4356  ,SM4349  ,
SM4349  ,SM4345  ,
SM3727  ,SM3719  ,
SM4027  ,SM4086  ,
SM4288  ,SM4295  ,
SM4605  ,SM4533  ,
SM4605  ,SM4684  ,
SM5002  ,SM5014  ,
SM5002  ,SM4996  ,
SM5806  ,SM5832  ,
SM5806  ,SM5798  ,
SM5798  ,SM5784  ,
SM5784  ,SM5771  ,
SM5238  ,SM5406  ,
SM5406  ,SM5585  ,
SM5717  ,SM5729  ,
SM5717  ,SM5706  ,
SM5706  ,SM5694  ,
SM6006  ,SM6045  ,
SM6006  ,SM6134  ,
SM6091  ,SM6134  ,
SM6091  ,SM6051  ,
SM6051  ,SM6012  ,
SM6012  ,SM5981  ,
SM5981  ,SM5944  ,
SM6237  ,SM6312  ,
SM6237  ,SM6264  ,
SM6264  ,SM6312  ,
SM6872  ,SM6853  ,
SM6872  ,SM7001  ,
SM6853  ,SM6827  ,
SM6827  ,SM6813  ,
SM7479  ,SM7571  ,
SM7571  ,SM7673  ,
SM7673  ,SM7781  ,
SM7767  ,SM7781  ,
SM7879  ,SM7781  ,
SM8429  ,SM8446  ,
SM8446  ,SM8456  ,
SM8456  ,SM8464  ,
SM8505  ,SM8499  ,
SM8075  ,SM8286  ,
SM8464  ,SM8473  ,
SM8473  ,SM8480  ,
SM8480  ,SM8492  ,
SM8492  ,SM8499  ,
SM8075  ,SM7902  ,
SM7568  ,SM7559  ,
SM7568  ,SM7576  ,
SM6816  ,SM6741  ,
SM6816  ,SM6778  ,
SM6811  ,SM6778  ,
SM6811  ,SM6638  ,
SM6811  ,SM6858  ,
SM6891  ,SM6858  ,
SM6891  ,SM6887  ,
SM6918  ,SM6887  ,
SM6918  ,SM6905  ,
SM7634  ,SM7647  ,
SM8049  ,SM7947  ,
SM8122  ,SM7948  ,
SM8122  ,SM8323  ,
SM8323  ,SM8511  ,
SM8666  ,SM8673  ,
SM8698  ,SM8711  ,
SM8711  ,SM8723  ,
SM8723  ,SM8733  ,
SM9043  ,SM8942  ,
SM8777  ,SM8770  ,
SM8326  ,SM8433  ,
SM8433  ,SM8548  ,
SM8733  ,SM8740  ,
SM8942  ,SM8844  ,
SM8770  ,SM8762  ,
SM8548  ,SM8650  ,
SM8740  ,SM8747  ,
SM8844  ,SM8757  ,
SM8762  ,SM8757  ,
SM8650  ,SM8757  ,
SM8747  ,SM8757  ,
SM8326  ,SM8213  ,
SM7835  ,SM7826  ,
SM7835  ,SM7843  ,
SM7843  ,SM7849  ,
SM8806  ,SM8814  ,
SM8814  ,SM8820  ,
SM8820  ,SM8830  ,
SM8830  ,SM8834  ,
SM9732  ,SM9740  ,
SM9740  ,SM9752  ,
SM10375 ,SM10628 ,
SM10628 ,SM10648 ,
SM10628 ,SM10876 ,
SM10876 ,SM10897 ,
SM11864 ,SM11873 ,
SM12465 ,SM12361 ,
SM11964 ,SM11950 ,
SM10985 ,SM10967 ,
SM10738 ,SM10712 ,
SM10738 ,SM10757 ,
SM10757 ,SM10786 ,
SM9892  ,SM9884  ,
SM9892  ,SM9900  ,
SM8973  ,SM8968  ,
SM8973  ,SM8981  ,
SM8981  ,SM8991  ,
SM8991  ,SM8996  ,
SM8996  ,SM9004  ,
SM9004  ,SM9013  ,
SM9013  ,SM9025  ,
SM9025  ,SM9032  ,
SM9032  ,SM9042  ,
SM9984  ,SM9991  ,
SM9991  ,SM10004 ,
SM10004 ,SM10013 ,
SM10013 ,SM10018 ,
SM10018 ,SM10033 ,
SM10974 ,SM10992 ,
SM10974 ,SM11131 ,
SM11131 ,SM11155 ,
SM12157 ,SM12169 ,
SM12709 ,SM12611 ,
SM12241 ,SM12236 ,
SM11222 ,SM11193 ,
SM11222 ,SM11071 ,
SM11098 ,SM11071 ,
SM11098 ,SM11121 ,
SM11121 ,SM11146 ,
SM11146 ,SM11173 ,
SM11146 ,SM11308 ,
SM11308 ,SM11331 ,
SM12297 ,SM12304 ,
SM12347 ,SM12342 ,
SM11385 ,SM11361 ,
SM11385 ,SM11223 ,
SM11385 ,SM11409 ,
SM11409 ,SM11436 ,
SM11684 ,SM11457 ,
SM11684 ,SM11698 ,
SM11698 ,SM11478 ,
SM11698 ,SM11712 ,
SM11967 ,SM11712 ,
SM11967 ,SM11984 ,
SM11984 ,SM11736 ,
SM11984 ,SM12003 ,
SM12203 ,SM12003 ,
SM12422 ,SM12427 ,
SM12422 ,SM12415 ,
SM12854 ,SM12757 ,
SM12493 ,SM12488 ,
SM11597 ,SM11578 ,
SM11597 ,SM11372 ,
SM11382 ,SM11372 ,
SM11382 ,SM11401 ,
SM11401 ,SM11420 ,
SM11420 ,SM11440 ,
SM11420 ,SM11640 ,
SM11640 ,SM11647 ,
SM11647 ,SM11440 ,
SM11647 ,SM11661 ,
SM12537 ,SM12542 ,
SM12867 ,SM12770 ,
SM12594 ,SM12587 ,
SM12267 ,SM12366 ,
SM12542 ,SM12550 ,
SM12770 ,SM12672 ,
SM12587 ,SM12575 ,
SM12366 ,SM12463 ,
SM12550 ,SM12561 ,
SM12672 ,SM12561 ,
SM12672 ,SM12548 ,
SM12672 ,SM12575 ,
SM12575 ,SM12548 ,
SM12463 ,SM12548 ,
SM12561 ,SM12548 ,
SM12267 ,SM12164 ,
SM12164 ,SM12048 ,
SM12048 ,SM11927 ,
SM11705 ,SM11513 ,
SM11534 ,SM11513 ,
SM11534 ,SM11555 ,
SM11555 ,SM11572 ,
SM11572 ,SM11576 ,
SM11572 ,SM11770 ,
SM11770 ,SM11791 ,
SM11791 ,SM11576 ,
SM11791 ,SM11807 ,
SM11807 ,SM11583 ,
SM11807 ,SM11827 ,
SM12669 ,SM12673 ,
SM12673 ,SM12680 ,
SM12680 ,SM12689 ,
SM12689 ,SM12610 ,
SM12689 ,SM12696 ,
SM12794 ,SM12696 ,
SM12794 ,SM12890 ,
SM12890 ,SM12991 ,
SM12991 ,SM13097 ,
SM12736 ,SM12727 ,
SM12736 ,SM12741 ,
SM12741 ,SM12745 ,
SM12745 ,SM12755 ,
SM12755 ,SM12764 ,
SM11947 ,SM11937 ,
SM11947 ,SM11739 ,
SM11739 ,SM11716 ,
SM10708 ,SM10702 ,
SM10708 ,SM10723 ,
SM10723 ,SM10739 ,
SM10739 ,SM10744 ,
SM11231 ,SM11130 ,
SM10823 ,SM10815 ,
SM10823 ,SM10841 ,
SM11843 ,SM11826 ,
SM11826 ,SM11836 ,
SM11826 ,SM12047 ,
SM12047 ,SM12062 ,
SM12855 ,SM12864 ,
SM13688 ,SM13610 ,
SM13688 ,SM13691 ,
SM13526 ,SM13610 ,
SM12870 ,SM12864 ,
SM12062 ,SM11836 ,
SM11849 ,SM11836 ,
SM10895 ,SM10884 ,
SM10322 ,SM10113 ,
SM10322 ,SM10407 ,
SM10322 ,SM10544 ,
SM10544 ,SM10606 ,
SM10544 ,SM10785 ,
SM10917 ,SM10926 ,
SM10926 ,SM10936 ,
SM11104 ,SM10947 ,
SM10973 ,SM10963 ,
SM10811 ,SM10957 ,
SM10811 ,SM10785 ,
SM10811 ,SM10606 ,
SM10785 ,SM10936 ,
SM10936 ,SM10947 ,
SM10947 ,SM10957 ,
SM10957 ,SM10963 ,
SM10606 ,SM10407 ,
SM10407 ,SM10230 ,
SM10230 ,SM10037 ,
SM10060 ,SM9841  ,
SM10249 ,SM10141 ,
SM10194 ,SM10008 ,
SM10008 ,SM9812  ,
SM9562  ,SM9676  ,
SM9562  ,SM9447  ,
SM9447  ,SM9336  ,
SM9101  ,SM9093  ,
SM6958  ,SM7068  ,
SM6577  ,SM6631  ,
SM6511  ,SM6631  ,
SM6511  ,SM6610  ,
SM5969  ,SM6136  ,
SM5969  ,SM6003  ,
SM5889  ,SM5881  ,
SM5881  ,SM6023  ,
SM5692  ,SM5853  ,
SM5692  ,SM5679  ,
SM5692  ,SM5531  ,
SM5531  ,SM5520  ,
SM5531  ,SM5353  ,
SM5353  ,SM5335  ,
SM5335  ,SM5520  ,
SM5318  ,SM5478  ,
SM5318  ,SM5301  ,
SM5318  ,SM5185  ,
SM5185  ,SM5175  ,
SM5185  ,SM5057  ,
SM5057  ,SM5039  ,
SM5057  ,SM4911  ,
SM4911  ,SM4897  ,
SM4897  ,SM5039  ,
SM4897  ,SM4878  ,
SM4878  ,SM5026  ,
SM4878  ,SM4866  ,
SM4866  ,SM5010  ,
SM4855  ,SM4995  ,
SM4690  ,SM4783  ,
SM4690  ,SM4622  ,
SM4622  ,SM4541  ,
SM4739  ,SM4792  ,
SM4739  ,SM4683  ,
SM5031  ,SM5042  ,
SM5846  ,SM5850  ,
SM5846  ,SM5839  ,
SM5839  ,SM5830  ,
SM5830  ,SM5891  ,
SM5593  ,SM5687  ,
SM5593  ,SM5516  ,
SM5501  ,SM5625  ,
SM4923  ,SM4937  ,
SM4529  ,SM4539  ,
SM4539  ,SM4550  ,
SM4550  ,SM4548  ,
SM4548  ,SM4532  ,
SM4532  ,SM4510  ,
SM4510  ,SM4488  ,
SM4488  ,SM4467  ,
SM5092  ,SM5107  ,
SM4799  ,SM4780  ,
SM4287  ,SM4293  ,
SM4293  ,SM4302  ,
SM4769  ,SM4780  ,
SM4769  ,SM4759  ,
SM4759  ,SM4743  ,
SM5212  ,SM5315  ,
SM5212  ,SM5419  ,
SM5212  ,SM5117  ,
SM5117  ,SM5008  ,
SM5008  ,SM4901  ,
SM4901  ,SM4789  ,
SM4385  ,SM4341  ,
SM4259  ,SM4258  ,
SM4181  ,SM4215  ,
SM4181  ,SM4150  ,
SM4150  ,SM4123  ,
SM4123  ,SM4100  ,
SM3959  ,SM4100  ,
SM3959  ,SM4071  ,
SM3959  ,SM4045  ,
SM3959  ,SM4039  ,
SM3959  ,SM4035  ,
SM4035  ,SM4039  ,
SM4035  ,SM4100  ,
SM4035  ,SM4030  ,
SM4692  ,SM4758  ,
SM4631  ,SM4627  ,
SM4474  ,SM4544  ,
SM4596  ,SM4611  ,
SM5373  ,SM5383  ,
SM6170  ,SM6187  ,
SM6170  ,SM6156  ,
SM6156  ,SM6147  ,
SM6147  ,SM6133  ,
SM6133  ,SM6119  ,
SM6119  ,SM6104  ,
SM5297  ,SM5291  ,
SM5291  ,SM5281  ,
SM5281  ,SM5278  ,
SM5278  ,SM5271  ,
SM4910  ,SM4994  ,
SM5223  ,SM5228  ,
SM5637  ,SM5535  ,
SM5271  ,SM5268  ,
SM4994  ,SM5083  ,
SM5228  ,SM5237  ,
SM5535  ,SM5439  ,
SM5268  ,SM5260  ,
SM5083  ,SM5168  ,
SM5237  ,SM5245  ,
SM5439  ,SM5338  ,
SM5260  ,SM5253  ,
SM5168  ,SM5253  ,
SM5245  ,SM5253  ,
SM5338  ,SM5253  ,
SM5637  ,SM5712  ,
SM5712  ,SM5805  ,
SM6031  ,SM6043  ,
SM6031  ,SM6016  ,
SM6016  ,SM6007  ,
SM6007  ,SM5997  ,
SM5997  ,SM5990  ,
SM5990  ,SM5978  ,
SM5608  ,SM5688  ,
SM5608  ,SM5517  ,
SM5517  ,SM5416  ,
SM5179  ,SM5172  ,
SM4793  ,SM4884  ,
SM5119  ,SM5124  ,
SM5124  ,SM5129  ,
SM5416  ,SM5314  ,
SM5172  ,SM5164  ,
SM4884  ,SM4973  ,
SM5129  ,SM5136  ,
SM5314  ,SM5230  ,
SM5164  ,SM5153  ,
SM4973  ,SM5072  ,
SM5136  ,SM5141  ,
SM5230  ,SM5147  ,
SM5153  ,SM5147  ,
SM5072  ,SM5147  ,
SM5141  ,SM5147  ,
SM5119  ,SM5111  ,
SM5111  ,SM5104  ,
SM5104  ,SM5096  ,
SM5096  ,SM5089  ,
SM5089  ,SM5082  ,
SM4684  ,SM4774  ,
SM5014  ,SM5022  ,
SM5387  ,SM5295  ,
SM5387  ,SM5500  ,
SM5812  ,SM5822  ,
SM5812  ,SM5868  ,
SM5812  ,SM5832  ,
SM6278  ,SM6295  ,
SM6278  ,SM6280  ,
SM6255  ,SM6280  ,
SM6255  ,SM6233  ,
SM6233  ,SM6210  ,
SM6210  ,SM6189  ,
SM5771  ,SM5760  ,
SM5585  ,SM5745  ,
SM5729  ,SM5738  ,
SM6086  ,SM6120  ,
SM6086  ,SM6045  ,
SM6045  ,SM6164  ,
SM6134  ,SM6164  ,
SM6339  ,SM6405  ,
SM6339  ,SM6367  ,
SM6298  ,SM6367  ,
SM6298  ,SM6312  ,
SM6367  ,SM6405  ,
SM6405  ,SM6373  ,
SM6405  ,SM6448  ,
SM6448  ,SM6373  ,
SM6448  ,SM6407  ,
SM6448  ,SM6483  ,
SM6813  ,SM6801  ,
SM7535  ,SM7364  ,
SM7535  ,SM7541  ,
SM7535  ,SM7720  ,
SM7720  ,SM7902  ,
SM7559  ,SM7547  ,
SM6791  ,SM6712  ,
SM6791  ,SM6741  ,
SM6741  ,SM6612  ,
SM6778  ,SM6628  ,
SM6638  ,SM6628  ,
SM6638  ,SM6651  ,
SM6651  ,SM6664  ,
SM6664  ,SM6451  ,
SM6664  ,SM6678  ,
SM6678  ,SM6458  ,
SM6678  ,SM6695  ,
SM6905  ,SM6944  ,
SM7198  ,SM7060  ,
SM7198  ,SM7312  ,
SM7312  ,SM7420  ,
SM7420  ,SM7524  ,
SM7647  ,SM7654  ,
SM7947  ,SM7844  ,
SM7693  ,SM7683  ,
SM7683  ,SM7674  ,
SM7524  ,SM7621  ,
SM7654  ,SM7669  ,
SM7844  ,SM7733  ,
SM7674  ,SM7733  ,
SM7674  ,SM7621  ,
SM7621  ,SM7669  ,
SM7669  ,SM7733  ,
SM7693  ,SM7697  ,
SM7697  ,SM7712  ,
SM7712  ,SM7723  ,
SM7761  ,SM7749  ,
SM7761  ,SM7772  ,
SM7772  ,SM7779  ,
SM8095  ,SM7990  ,
SM8095  ,SM8213  ,
SM7826  ,SM7817  ,
SM7044  ,SM7040  ,
SM7044  ,SM6902  ,
SM7044  ,SM6925  ,
SM7044  ,SM7048  ,
SM7048  ,SM6925  ,
SM7048  ,SM6942  ,
SM7048  ,SM7028  ,
SM7849  ,SM7857  ,
SM7857  ,SM7866  ,
SM7866  ,SM7872  ,
SM7872  ,SM7883  ,
SM8834  ,SM8840  ,
SM9249  ,SM9166  ,
SM9249  ,SM9281  ,
SM9249  ,SM9328  ,
SM9328  ,SM9354  ,
SM9328  ,SM9437  ,
SM9437  ,SM9459  ,
SM9437  ,SM9549  ,
SM9752  ,SM9760  ,
SM10106 ,SM9999  ,
SM10106 ,SM10219 ,
SM10219 ,SM10319 ,
SM10319 ,SM10431 ,
SM10431 ,SM10546 ,
SM10648 ,SM10897 ,
SM11254 ,SM11152 ,
SM11254 ,SM11369 ,
SM11369 ,SM11482 ,
SM11873 ,SM11883 ,
SM12361 ,SM12257 ,
SM11950 ,SM11941 ,
SM11482 ,SM11605 ,
SM11883 ,SM11895 ,
SM12257 ,SM12152 ,
SM11941 ,SM11934 ,
SM11605 ,SM11742 ,
SM11895 ,SM11901 ,
SM12152 ,SM12036 ,
SM11934 ,SM11921 ,
SM11742 ,SM11870 ,
SM11901 ,SM11870 ,
SM11901 ,SM12036 ,
SM12036 ,SM11921 ,
SM11921 ,SM11870 ,
SM10967 ,SM10949 ,
SM10967 ,SM10712 ,
SM10712 ,SM10696 ,
SM9835  ,SM9824  ,
SM9835  ,SM9847  ,
SM9847  ,SM9860  ,
SM9860  ,SM9872  ,
SM9872  ,SM9884  ,
SM8957  ,SM8947  ,
SM8957  ,SM8968  ,
SM8022  ,SM8013  ,
SM8022  ,SM8031  ,
SM8031  ,SM8040  ,
SM8040  ,SM8048  ,
SM8048  ,SM8054  ,
SM8054  ,SM8064  ,
SM8064  ,SM8070  ,
SM8070  ,SM8082  ,
SM8082  ,SM8091  ,
SM8091  ,SM8098  ,
SM9042  ,SM9053  ,
SM9053  ,SM9064  ,
SM9064  ,SM9072  ,
SM9072  ,SM9084  ,
SM9084  ,SM9095  ,
SM10033 ,SM10038 ,
SM10506 ,SM10402 ,
SM10506 ,SM10642 ,
SM10642 ,SM10760 ,
SM10992 ,SM11155 ,
SM11511 ,SM11399 ,
SM11193 ,SM11182 ,
SM11193 ,SM11043 ,
SM11071 ,SM11043 ,
SM11043 ,SM11023 ,
SM10760 ,SM10892 ,
SM10892 ,SM11008 ,
SM11008 ,SM11023 ,
SM11008 ,SM11079 ,
SM11079 ,SM11172 ,
SM11172 ,SM11182 ,
SM11172 ,SM11281 ,
SM11281 ,SM11182 ,
SM11281 ,SM11399 ,
SM10131 ,SM10117 ,
SM10131 ,SM10138 ,
SM10138 ,SM10152 ,
SM10152 ,SM10161 ,
SM10161 ,SM10173 ,
SM10173 ,SM10034 ,
SM10173 ,SM10183 ,
SM10183 ,SM10073 ,
SM10183 ,SM10192 ,
SM10192 ,SM10086 ,
SM10192 ,SM10207 ,
SM11173 ,SM11198 ,
SM11173 ,SM11331 ,
SM11331 ,SM11361 ,
SM12304 ,SM12316 ,
SM12316 ,SM12324 ,
SM12324 ,SM12332 ,
SM11361 ,SM11198 ,
SM11223 ,SM11198 ,
SM11223 ,SM11236 ,
SM11236 ,SM11243 ,
SM11243 ,SM11251 ,
SM11243 ,SM11436 ,
SM11436 ,SM11457 ,
SM11457 ,SM11251 ,
SM11457 ,SM11478 ,
SM11478 ,SM11257 ,
SM11478 ,SM11493 ,
SM11712 ,SM11493 ,
SM11712 ,SM11736 ,
SM11736 ,SM11506 ,
SM11736 ,SM11765 ,
SM12003 ,SM11765 ,
SM12124 ,SM12004 ,
SM12124 ,SM12234 ,
SM12234 ,SM12337 ,
SM12337 ,SM12428 ,
SM12442 ,SM12452 ,
SM12442 ,SM12427 ,
SM12757 ,SM12662 ,
SM12488 ,SM12482 ,
SM12482 ,SM12475 ,
SM12475 ,SM12466 ,
SM12466 ,SM12553 ,
SM12466 ,SM12428 ,
SM12428 ,SM12452 ,
SM12452 ,SM12553 ,
SM12553 ,SM12662 ,
SM12004 ,SM11884 ,
SM11578 ,SM11567 ,
SM11578 ,SM11352 ,
SM11372 ,SM11352 ,
SM10400 ,SM10393 ,
SM10400 ,SM10409 ,
SM10409 ,SM10416 ,
SM10416 ,SM10430 ,
SM10430 ,SM10436 ,
SM10436 ,SM10446 ,
SM10446 ,SM10452 ,
SM10452 ,SM10464 ,
SM11440 ,SM11475 ,
SM11661 ,SM11475 ,
SM11661 ,SM11675 ,
SM11927 ,SM11816 ,
SM11816 ,SM11682 ,
SM11682 ,SM11675 ,
SM11682 ,SM11564 ,
SM11564 ,SM11495 ,
SM11144 ,SM11258 ,
SM11258 ,SM11376 ,
SM11495 ,SM11376 ,
SM11144 ,SM11027 ,
SM11027 ,SM10899 ,
SM10525 ,SM10514 ,
SM10525 ,SM10536 ,
SM10536 ,SM10543 ,
SM10543 ,SM10552 ,
SM10552 ,SM10563 ,
SM10563 ,SM10569 ,
SM11576 ,SM11583 ,
SM11583 ,SM11592 ,
SM11592 ,SM11598 ,
SM11592 ,SM11827 ,
SM11827 ,SM11854 ,
SM12322 ,SM12216 ,
SM12322 ,SM12419 ,
SM12419 ,SM12515 ,
SM12515 ,SM12610 ,
SM12610 ,SM12696 ,
SM12696 ,SM12705 ,
SM12705 ,SM12714 ,
SM12714 ,SM12719 ,
SM12719 ,SM12727 ,
SM11903 ,SM11888 ,
SM11903 ,SM11681 ,
SM11903 ,SM11923 ,
SM11923 ,SM11937 ,
SM11937 ,SM11716 ,
SM11716 ,SM11681 ,
SM10702 ,SM10692 ,
SM9681  ,SM9671  ,
SM9681  ,SM9688  ,
SM9688  ,SM9695  ,
SM9695  ,SM9705  ,
SM10203 ,SM10088 ,
SM9785  ,SM9778  ,
SM9785  ,SM9797  ,
SM9797  ,SM9803  ,
SM10841 ,SM10854 ,
SM10854 ,SM10864 ,
SM10864 ,SM10872 ,
SM10872 ,SM10884 ,
SM9844  ,SM9834  ,
SM9844  ,SM9857  ,
SM9857  ,SM9868  ,
SM9868  ,SM9876  ,
SM10113 ,SM10037 ,
SM10037 ,SM9906  ,
SM9906  ,SM9901  ,
SM9906  ,SM9700  ,
SM9841  ,SM9612  ,
SM10022 ,SM9914  ,
SM9914  ,SM9796  ,
SM9796  ,SM9676  ,
SM9023  ,SM9012  ,
SM9023  ,SM9030  ,
SM9030  ,SM9040  ,
SM9040  ,SM9050  ,
SM9336  ,SM9254  ,
SM9093  ,SM9083  ,
SM7068  ,SM7181  ,
SM6631  ,SM6690  ,
SM6610  ,SM6690  ,
SM6610  ,SM6714  ,
SM6136  ,SM6294  ,
SM6136  ,SM6132  ,
SM6023  ,SM6122  ,
SM6108  ,SM6115  ,
SM6108  ,SM6105  ,
SM6105  ,SM6095  ,
SM5853  ,SM6013  ,
SM5853  ,SM5843  ,
SM5679  ,SM5843  ,
SM5679  ,SM5520  ,
SM5546  ,SM5631  ,
SM5546  ,SM5478  ,
SM5478  ,SM5462  ,
SM5462  ,SM5612  ,
SM5462  ,SM5447  ,
SM5462  ,SM5301  ,
SM5301  ,SM5289  ,
SM5301  ,SM5175  ,
SM5175  ,SM5159  ,
SM5175  ,SM5039  ,
SM5039  ,SM5026  ,
SM5026  ,SM5159  ,
SM5026  ,SM5010  ,
SM5010  ,SM5144  ,
SM4995  ,SM5038  ,
SM4871  ,SM4966  ,
SM4871  ,SM4783  ,
SM4905  ,SM4956  ,
SM4905  ,SM4847  ,
SM4847  ,SM4792  ,
SM5052  ,SM5059  ,
SM5052  ,SM5042  ,
SM5850  ,SM5860  ,
SM6613  ,SM6624  ,
SM6613  ,SM6603  ,
SM6603  ,SM6687  ,
SM6603  ,SM6659  ,
SM6603  ,SM6590  ,
SM6590  ,SM6623  ,
SM6579  ,SM6623  ,
SM6579  ,SM6567  ,
SM5891  ,SM5792  ,
SM5625  ,SM5658  ,
SM5622  ,SM5763  ,
SM5622  ,SM5588  ,
SM4967  ,SM5003  ,
SM5003  ,SM5050  ,
SM5050  ,SM5081  ,
SM5081  ,SM5120  ,
SM5120  ,SM5140  ,
SM5140  ,SM5155  ,
SM5140  ,SM5156  ,
SM5156  ,SM5155  ,
SM5156  ,SM5149  ,
SM5149  ,SM5143  ,
SM5143  ,SM5138  ,
SM5138  ,SM5126  ,
SM5126  ,SM5107  ,
SM5591  ,SM5696  ,
SM5591  ,SM5728  ,
SM5591  ,SM5643  ,
SM5536  ,SM5643  ,
SM5536  ,SM5529  ,
SM5428  ,SM5529  ,
SM5428  ,SM5524  ,
SM5428  ,SM5315  ,
SM5315  ,SM5419  ,
SM5419  ,SM5511  ,
SM5511  ,SM5524  ,
SM5488  ,SM5578  ,
SM5488  ,SM5484  ,
SM5488  ,SM5376  ,
SM5376  ,SM5290  ,
SM5290  ,SM5208  ,
SM5208  ,SM5130  ,
SM5130  ,SM5053  ,
SM5053  ,SM4985  ,
SM4758  ,SM4819  ,
SM5427  ,SM5432  ,
SM5427  ,SM5414  ,
SM5414  ,SM5404  ,
SM4627  ,SM4623  ,
SM4544  ,SM4623  ,
SM4611  ,SM4623  ,
SM5383  ,SM5390  ,
SM6187  ,SM6200  ,
SM6842  ,SM6832  ,
SM6842  ,SM7147  ,
SM6842  ,SM6848  ,
SM6848  ,SM7140  ,
SM6848  ,SM6844  ,
SM6844  ,SM7136  ,
SM6844  ,SM6839  ,
SM6839  ,SM7129  ,
SM6839  ,SM6822  ,
SM6822  ,SM7120  ,
SM6822  ,SM6814  ,
SM6814  ,SM7112  ,
SM6814  ,SM6807  ,
SM6807  ,SM7108  ,
SM6807  ,SM6796  ,
SM6104  ,SM6083  ,
SM6083  ,SM6065  ,
SM5805  ,SM5900  ,
SM6315  ,SM6232  ,
SM5900  ,SM5985  ,
SM5985  ,SM6054  ,
SM6054  ,SM6148  ,
SM6148  ,SM6232  ,
SM6315  ,SM6396  ,
SM6396  ,SM6466  ,
SM6708  ,SM6726  ,
SM6708  ,SM6674  ,
SM6674  ,SM6641  ,
SM6641  ,SM6653  ,
SM6615  ,SM6653  ,
SM6615  ,SM6581  ,
SM6247  ,SM6322  ,
SM6247  ,SM6169  ,
SM6169  ,SM6099  ,
SM5688  ,SM5786  ,
SM5949  ,SM5957  ,
SM6099  ,SM6024  ,
SM6024  ,SM5963  ,
SM5963  ,SM5869  ,
SM5869  ,SM5786  ,
SM5949  ,SM5937  ,
SM5937  ,SM5921  ,
SM5921  ,SM5901  ,
SM5901  ,SM5884  ,
SM5500  ,SM5587  ,
SM5822  ,SM5835  ,
SM5822  ,SM5903  ,
SM5868  ,SM5903  ,
SM6282  ,SM6281  ,
SM6282  ,SM6323  ,
SM6282  ,SM6295  ,
SM6436  ,SM6451  ,
SM6451  ,SM6323  ,
SM6451  ,SM6458  ,
SM6458  ,SM6363  ,
SM6458  ,SM6472  ,
SM6695  ,SM6697  ,
SM6944  ,SM6926  ,
SM6944  ,SM7060  ,
SM7060  ,SM6926  ,
SM7060  ,SM6981  ,
SM6981  ,SM6926  ,
SM6981  ,SM6989  ,
SM6989  ,SM6998  ,
SM6998  ,SM7010  ,
SM7010  ,SM7019  ,
SM7723  ,SM7728  ,
SM7728  ,SM7735  ,
SM7735  ,SM7740  ,
SM7740  ,SM7749  ,
SM7033  ,SM7029  ,
SM7033  ,SM6812  ,
SM7033  ,SM7035  ,
SM7040  ,SM7039  ,
SM7040  ,SM6875  ,
SM7040  ,SM6902  ,
SM6902  ,SM6636  ,
SM6925  ,SM6653  ,
SM6636  ,SM6581  ,
SM6322  ,SM6542  ,
SM6491  ,SM6519  ,
SM6491  ,SM6592  ,
SM6491  ,SM6470  ,
SM6470  ,SM6573  ,
SM6470  ,SM6456  ,
SM6456  ,SM6552  ,
SM6456  ,SM6441  ,
SM6441  ,SM6552  ,
SM6441  ,SM6422  ,
SM6422  ,SM6532  ,
SM6422  ,SM6404  ,
SM6404  ,SM6510  ,
SM6404  ,SM6384  ,
SM5884  ,SM5861  ,
SM5587  ,SM5673  ,
SM5673  ,SM5764  ,
SM5835  ,SM5847  ,
SM5945  ,SM5980  ,
SM6281  ,SM6214  ,
SM6281  ,SM6263  ,
SM6281  ,SM6326  ,
SM6281  ,SM6323  ,
SM6326  ,SM6263  ,
SM6326  ,SM6363  ,
SM6363  ,SM6342  ,
SM6472  ,SM6378  ,
SM6472  ,SM6525  ,
SM6525  ,SM6489  ,
SM6697  ,SM6713  ,
SM6713  ,SM6728  ,
SM6728  ,SM6510  ,
SM6728  ,SM6742  ,
SM6742  ,SM6532  ,
SM6742  ,SM6764  ,
SM7019  ,SM7024  ,
SM7024  ,SM6764  ,
SM7024  ,SM7029  ,
SM7029  ,SM6789  ,
SM6789  ,SM6764  ,
SM6789  ,SM6573  ,
SM6789  ,SM6812  ,
SM6812  ,SM6592  ,
SM6812  ,SM6847  ,
SM7035  ,SM6847  ,
SM7035  ,SM7039  ,
SM7039  ,SM6847  ,
SM7039  ,SM6875  ,
SM6875  ,SM6626  ,
SM6626  ,SM6542  ,
SM6542  ,SM6519  ,
SM6519  ,SM6607  ,
SM6592  ,SM6607  ,
SM6607  ,SM6847  ,
SM6552  ,SM6764  ,
SM6532  ,SM6510  ,
SM6510  ,SM6489  ,
SM6384  ,SM6369  ,
SM6144  ,SM6292  ,
SM6144  ,SM5998  ,
SM5861  ,SM5847  ,
SM5764  ,SM5847  ,
SM5847  ,SM5998  ,
SM5980  ,SM6025  ,
SM6025  ,SM6100  ,
SM6100  ,SM6158  ,
SM6214  ,SM6158  ,
SM6342  ,SM6292  ,
SM6342  ,SM6378  ,
SM6378  ,SM6292  ,
SM6378  ,SM6369  ,
SM6369  ,SM6292  ,
SM6214  ,SM6263  ,
SM5945  ,SM5903  ,
SM6942  ,SM7028  ,
SM7028  ,SM6974  ,
SM6974  ,SM7002  ,
SM7883  ,SM7892  ,
SM8363  ,SM8256  ,
SM8363  ,SM8359  ,
SM8363  ,SM8486  ,
SM8486  ,SM8482  ,
SM8486  ,SM8598  ,
SM8840  ,SM8849  ,
SM9166  ,SM9066  ,
SM9166  ,SM9202  ,
SM9202  ,SM9109  ,
SM9202  ,SM9281  ,
SM9281  ,SM9354  ,
SM9354  ,SM9459  ,
SM9459  ,SM9560  ,
SM9549  ,SM9560  ,
SM9549  ,SM9661  ,
SM9760  ,SM9770  ,
SM9999  ,SM9890  ,
SM9795  ,SM9783  ,
SM9795  ,SM9802  ,
SM9560  ,SM9658  ,
SM9658  ,SM9783  ,
SM9658  ,SM9661  ,
SM9661  ,SM9770  ,
SM9770  ,SM9773  ,
SM9890  ,SM9773  ,
SM9783  ,SM9773  ,
SM9802  ,SM9814  ,
SM9814  ,SM9824  ,
SM8918  ,SM8912  ,
SM8918  ,SM8928  ,
SM8928  ,SM8932  ,
SM8932  ,SM8938  ,
SM8938  ,SM8947  ,
SM8003  ,SM7993  ,
SM8003  ,SM8013  ,
SM7129  ,SM7120  ,
SM7120  ,SM7112  ,
SM7112  ,SM7108  ,
SM7108  ,SM7094  ,
SM6796  ,SM6785  ,
SM6785  ,SM6776  ,
SM6776  ,SM6754  ,
SM6466  ,SM6576  ,
SM6726  ,SM6740  ,
SM7002  ,SM7021  ,
SM7892  ,SM7901  ,
SM8256  ,SM8128  ,
SM8256  ,SM8258  ,
SM8359  ,SM8258  ,
SM8359  ,SM8482  ,
SM8482  ,SM8593  ,
SM8593  ,SM8695  ,
SM8593  ,SM8598  ,
SM8598  ,SM8702  ,
SM8849  ,SM8856  ,
SM9066  ,SM8965  ,
SM9066  ,SM9109  ,
SM9109  ,SM8994  ,
SM8890  ,SM8882  ,
SM8695  ,SM8802  ,
SM8695  ,SM8702  ,
SM8702  ,SM8783  ,
SM8856  ,SM8865  ,
SM8965  ,SM8865  ,
SM8965  ,SM8994  ,
SM8994  ,SM8874  ,
SM8882  ,SM8874  ,
SM8802  ,SM8874  ,
SM8802  ,SM8783  ,
SM8783  ,SM8865  ,
SM8865  ,SM8874  ,
SM8890  ,SM8901  ,
SM8901  ,SM8912  ,
SM7962  ,SM7954  ,
SM7962  ,SM7974  ,
SM7094  ,SM7084  ,
SM7084  ,SM7070  ,
SM6754  ,SM6769  ,
SM6754  ,SM6657  ,
SM6576  ,SM6657  ,
SM6740  ,SM6657  ,
SM6740  ,SM6769  ,
SM7401  ,SM7299  ,
SM7299  ,SM7177  ,
SM7177  ,SM7043  ,
SM7043  ,SM6908  ,
SM6908  ,SM6769  ,
SM6769  ,SM6657  ,
SM7401  ,SM7506  ,
SM7506  ,SM7603  ,
SM7603  ,SM7716  ,
SM7901  ,SM7909  ,
SM8128  ,SM8019  ,
SM8128  ,SM8133  ,
SM8258  ,SM8133  ,
SM7950  ,SM7940  ,
SM7940  ,SM7931  ,
SM7716  ,SM7825  ,
SM7909  ,SM7920  ,
SM8019  ,SM7920  ,
SM8019  ,SM8025  ,
SM8133  ,SM8025  ,
SM7931  ,SM7923  ,
SM7825  ,SM7923  ,
SM7920  ,SM7923  ,
SM8025  ,SM7923  ,
SM7950  ,SM7954  ,
SM7974  ,SM7981  ,
SM7981  ,SM7986  ,
SM7986  ,SM7993  ,
SM7129  ,SM7136  ,
SM7136  ,SM7140  ,
SM7140  ,SM7147  ,
SM7147  ,SM7154  ,
SM7913  ,SM7984  ,
SM7913  ,SM7973  ,
SM7973  ,SM8098  ,
SM8098  ,SM8105  ,
SM8105  ,SM8113  ,
SM8113  ,SM7984  ,
SM8113  ,SM8124  ,
SM8124  ,SM8131  ,
SM8131  ,SM8142  ,
SM8726  ,SM8614  ,
SM8726  ,SM8818  ,
SM9095  ,SM9103  ,
SM9501  ,SM9387  ,
SM9501  ,SM9605  ,
SM9605  ,SM9728  ,
SM10038 ,SM10048 ,
SM10402 ,SM10293 ,
SM10105 ,SM10095 ,
SM10105 ,SM10117 ,
SM9728  ,SM9845  ,
SM10048 ,SM10062 ,
SM10293 ,SM10187 ,
SM10095 ,SM10085 ,
SM9845  ,SM9962  ,
SM10062 ,SM10074 ,
SM10187 ,SM10074 ,
SM10085 ,SM10074 ,
SM9962  ,SM10074 ,
SM9685  ,SM9502  ,
SM9685  ,SM9878  ,
SM9878  ,SM9980  ,
SM9980  ,SM10034 ,
SM10034 ,SM10073 ,
SM10073 ,SM10086 ,
SM10086 ,SM10103 ,
SM10086 ,SM10207 ,
SM10207 ,SM10218 ,
SM10218 ,SM10103 ,
SM10218 ,SM10227 ,
SM10227 ,SM10121 ,
SM10272 ,SM10139 ,
SM10272 ,SM10167 ,
SM10272 ,SM10276 ,
SM10276 ,SM10167 ,
SM10276 ,SM10283 ,
SM11251 ,SM11257 ,
SM11257 ,SM11272 ,
SM11493 ,SM11272 ,
SM11493 ,SM11506 ,
SM11506 ,SM11290 ,
SM11506 ,SM11525 ,
SM11765 ,SM11525 ,
SM11884 ,SM11761 ,
SM11761 ,SM11626 ,
SM11567 ,SM11556 ,
SM11352 ,SM11338 ,
SM10948 ,SM11064 ,
SM10948 ,SM10821 ,
SM10821 ,SM10695 ,
SM10393 ,SM10380 ,
SM9784  ,SM9902  ,
SM9784  ,SM9666  ,
SM9378  ,SM9369  ,
SM9378  ,SM9382  ,
SM9382  ,SM9393  ,
SM9393  ,SM9408  ,
SM9408  ,SM9413  ,
SM9413  ,SM9417  ,
SM9417  ,SM9426  ,
SM9426  ,SM9434  ,
SM9928  ,SM9811  ,
SM9928  ,SM10040 ,
SM9517  ,SM9509  ,
SM9517  ,SM9526  ,
SM9526  ,SM9543  ,
SM9543  ,SM9553  ,
SM9553  ,SM9565  ,
SM9565  ,SM9571  ,
SM10569 ,SM10578 ,
SM10578 ,SM10584 ,
SM10584 ,SM10592 ,
SM11184 ,SM11087 ,
SM11184 ,SM11289 ,
SM11289 ,SM11391 ,
SM11391 ,SM11498 ,
SM11854 ,SM11866 ,
SM12103 ,SM11989 ,
SM12103 ,SM12216 ,
SM11651 ,SM11635 ,
SM11498 ,SM11618 ,
SM11618 ,SM11694 ,
SM11694 ,SM11866 ,
SM11866 ,SM11989 ,
SM11651 ,SM11681 ,
SM10687 ,SM10674 ,
SM10687 ,SM10692 ,
SM9671  ,SM9663  ,
SM8763  ,SM8750  ,
SM8763  ,SM8776  ,
SM8776  ,SM8784  ,
SM8784  ,SM8808  ,
SM9220  ,SM9126  ,
SM8846  ,SM8833  ,
SM8846  ,SM8864  ,
SM8864  ,SM8879  ,
SM9803  ,SM9816  ,
SM9816  ,SM9825  ,
SM9825  ,SM9834  ,
SM8893  ,SM8879  ,
SM8893  ,SM8913  ,
SM9349  ,SM9221  ,
SM9349  ,SM9339  ,
SM9349  ,SM9537  ,
SM9537  ,SM9511  ,
SM9537  ,SM9722  ,
SM9876  ,SM9888  ,
SM9888  ,SM9895  ,
SM9895  ,SM9901  ,
SM9700  ,SM9722  ,
SM9700  ,SM9511  ,
SM9612  ,SM9407  ,
SM9012  ,SM9003  ,
SM7444  ,SM7528  ,
SM7444  ,SM7360  ,
SM7360  ,SM7275  ,
SM7275  ,SM7181  ,
SM9050  ,SM9062  ,
SM9254  ,SM9173  ,
SM9083  ,SM9071  ,
SM9062  ,SM9071  ,
SM9173  ,SM9071  ,
SM6690  ,SM6714  ,
SM6714  ,SM6767  ,
SM6294  ,SM6444  ,
SM6294  ,SM6257  ,
SM6257  ,SM6382  ,
SM6132  ,SM6127  ,
SM6127  ,SM6122  ,
SM6122  ,SM6115  ,
SM6382  ,SM6444  ,
SM6382  ,SM6494  ,
SM6494  ,SM6444  ,
SM6494  ,SM6601  ,
SM6601  ,SM6693  ,
SM6601  ,SM6685  ,
SM6874  ,SM6909  ,
SM6874  ,SM7037  ,
SM6874  ,SM6854  ,
SM6854  ,SM7008  ,
SM6854  ,SM6820  ,
SM6095  ,SM6088  ,
SM6013  ,SM6088  ,
SM6013  ,SM6080  ,
SM5843  ,SM6005  ,
SM5768  ,SM5936  ,
SM5768  ,SM5749  ,
SM5768  ,SM5631  ,
SM5612  ,SM5749  ,
SM5612  ,SM5596  ,
SM5596  ,SM5734  ,
SM5596  ,SM5579  ,
SM5596  ,SM5447  ,
SM5447  ,SM5430  ,
SM5447  ,SM5289  ,
SM5289  ,SM5276  ,
SM5289  ,SM5159  ,
SM5159  ,SM5144  ,
SM5144  ,SM5276  ,
SM5144  ,SM5137  ,
SM5038  ,SM5137  ,
SM4966  ,SM5064  ,
SM5021  ,SM5040  ,
SM5021  ,SM5004  ,
SM5004  ,SM4980  ,
SM4980  ,SM4956  ,
SM5075  ,SM5085  ,
SM5075  ,SM5066  ,
SM5066  ,SM5059  ,
SM5871  ,SM5886  ,
SM5871  ,SM5860  ,
SM6624  ,SM6634  ,
SM6624  ,SM6735  ,
SM6735  ,SM6871  ,
SM6794  ,SM6896  ,
SM6794  ,SM6687  ,
SM6794  ,SM6731  ,
SM6731  ,SM6687  ,
SM6687  ,SM6659  ,
SM6659  ,SM6623  ,
SM7259  ,SM7264  ,
SM7259  ,SM7249  ,
SM7249  ,SM7230  ,
SM6567  ,SM6554  ,
SM6554  ,SM6541  ,
SM6541  ,SM6528  ,
SM6528  ,SM6518  ,
SM6062  ,SM6206  ,
SM6062  ,SM6004  ,
SM6062  ,SM5952  ,
SM5952  ,SM5799  ,
SM5799  ,SM5793  ,
SM5799  ,SM5658  ,
SM5793  ,SM5804  ,
SM5804  ,SM5840  ,
SM5763  ,SM5925  ,
SM5763  ,SM5767  ,
SM5588  ,SM5767  ,
SM5893  ,SM5966  ,
SM5893  ,SM5967  ,
SM5893  ,SM5807  ,
SM5807  ,SM5875  ,
SM5807  ,SM5696  ,
SM5696  ,SM5783  ,
SM5728  ,SM5783  ,
SM5728  ,SM5863  ,
SM5728  ,SM5643  ,
SM5643  ,SM5727  ,
SM5727  ,SM5914  ,
SM5914  ,SM6060  ,
SM6348  ,SM6365  ,
SM6348  ,SM6335  ,
SM6335  ,SM6320  ,
SM6320  ,SM6304  ,
SM5756  ,SM5838  ,
SM5756  ,SM5667  ,
SM5667  ,SM5578  ,
SM5484  ,SM5477  ,
SM5477  ,SM5470  ,
SM5470  ,SM5458  ,
SM5458  ,SM5453  ,
SM4934  ,SM4868  ,
SM4868  ,SM4819  ,
SM5432  ,SM5440  ,
SM6230  ,SM6246  ,
SM6230  ,SM6213  ,
SM6213  ,SM6200  ,
SM5404  ,SM5390  ,
SM6832  ,SM6833  ,
SM6832  ,SM7154  ,
SM7154  ,SM7159  ,
SM7159  ,SM6833  ,
SM7159  ,SM7165  ,
SM7165  ,SM6834  ,
SM7165  ,SM7173  ,
SM7984  ,SM7989  ,
SM7989  ,SM8002  ,
SM8002  ,SM8016  ,
SM8002  ,SM8142  ,
SM8142  ,SM8154  ,
SM8614  ,SM8510  ,
SM8773  ,SM8583  ,
SM8773  ,SM8950  ,
SM8818  ,SM8916  ,
SM9103  ,SM9108  ,
SM9387  ,SM9296  ,
SM9148  ,SM9141  ,
SM9148  ,SM9156  ,
SM9156  ,SM9160  ,
SM9502  ,SM9439  ,
SM9439  ,SM9300  ,
SM10103 ,SM10121 ,
SM10121 ,SM10139 ,
SM10167 ,SM10054 ,
SM10054 ,SM9947  ,
SM10283 ,SM10289 ,
SM10289 ,SM10297 ,
SM10297 ,SM10303 ,
SM10303 ,SM10307 ,
SM11272 ,SM11290 ,
SM10324 ,SM10315 ,
SM10324 ,SM10333 ,
SM10333 ,SM10340 ,
SM10695 ,SM10581 ,
SM10380 ,SM10370 ,
SM10016 ,SM10134 ,
SM10340 ,SM10344 ,
SM10581 ,SM10454 ,
SM10370 ,SM10361 ,
SM10134 ,SM10244 ,
SM10344 ,SM10351 ,
SM10454 ,SM10351 ,
SM10361 ,SM10351 ,
SM10244 ,SM10351 ,
SM10016 ,SM9902  ,
SM10315 ,SM10307 ,
SM9666  ,SM9554  ,
SM9369  ,SM9350  ,
SM8490  ,SM8479  ,
SM8490  ,SM8497  ,
SM8497  ,SM8501  ,
SM8501  ,SM8509  ,
SM8509  ,SM8520  ,
SM8520  ,SM8528  ,
SM8528  ,SM8536  ,
SM8536  ,SM8546  ,
SM8546  ,SM8552  ,
SM9434  ,SM9442  ,
SM9811  ,SM9690  ,
SM9509  ,SM9500  ,
SM8664  ,SM8635  ,
SM8664  ,SM8672  ,
SM8672  ,SM8680  ,
SM8680  ,SM8686  ,
SM8686  ,SM8697  ,
SM8697  ,SM8707  ,
SM8707  ,SM8721  ,
SM9571  ,SM9583  ,
SM9583  ,SM9593  ,
SM10071 ,SM9965  ,
SM10071 ,SM10178 ,
SM10178 ,SM10278 ,
SM10592 ,SM10601 ,
SM11087 ,SM10977 ,
SM10674 ,SM10647 ,
SM9654  ,SM9647  ,
SM9654  ,SM9663  ,
SM8750  ,SM8737  ,
SM8437  ,SM8443  ,
SM8437  ,SM8435  ,
SM8435  ,SM8430  ,
SM8430  ,SM8152  ,
SM8430  ,SM8426  ,
SM8426  ,SM8377  ,
SM9126  ,SM9014  ,
SM8566  ,SM8653  ,
SM8653  ,SM8744  ,
SM8744  ,SM8822  ,
SM8822  ,SM8920  ,
SM8920  ,SM9014  ,
SM8566  ,SM8476  ,
SM8240  ,SM8231  ,
SM8240  ,SM8029  ,
SM8240  ,SM8249  ,
SM8249  ,SM8260  ,
SM8260  ,SM8268  ,
SM8268  ,SM8276  ,
SM8913  ,SM8927  ,
SM9221  ,SM9060  ,
SM9221  ,SM9217  ,
SM9339  ,SM9217  ,
SM9339  ,SM9511  ,
SM9407  ,SM9231  ,
SM9003  ,SM8995  ,
SM7528  ,SM7606  ,
SM7182  ,SM7268  ,
SM7182  ,SM7075  ,
SM7182  ,SM7107  ,
SM7107  ,SM7042  ,
SM7107  ,SM7004  ,
SM7004  ,SM6867  ,
SM6861  ,SM6867  ,
SM6861  ,SM6767  ,
SM6444  ,SM6617  ,
SM6617  ,SM6797  ,
SM6693  ,SM6797  ,
SM6693  ,SM6685  ,
SM6685  ,SM6772  ,
SM6772  ,SM6850  ,
SM6850  ,SM6909  ,
SM6909  ,SM7063  ,
SM7063  ,SM7216  ,
SM7037  ,SM7168  ,
SM7037  ,SM7085  ,
SM7085  ,SM7168  ,
SM7085  ,SM7008  ,
SM7008  ,SM7032  ,
SM6820  ,SM6978  ,
SM6820  ,SM6806  ,
SM6088  ,SM6080  ,
SM6080  ,SM6077  ,
SM6077  ,SM6072  ,
SM6005  ,SM6066  ,
SM6074  ,SM6066  ,
SM6074  ,SM6093  ,
SM6093  ,SM6116  ,
SM6082  ,SM6103  ,
SM6082  ,SM6064  ,
SM5936  ,SM6052  ,
SM5936  ,SM5930  ,
SM5930  ,SM6035  ,
SM5930  ,SM5916  ,
SM5930  ,SM5749  ,
SM5749  ,SM5734  ,
SM5734  ,SM5907  ,
SM5734  ,SM5716  ,
SM5716  ,SM5836  ,
SM5716  ,SM5579  ,
SM5579  ,SM5563  ,
SM5579  ,SM5430  ,
SM5430  ,SM5411  ,
SM5430  ,SM5276  ,
SM5276  ,SM5267  ,
SM5137  ,SM5267  ,
SM5064  ,SM5139  ,
SM5064  ,SM5054  ,
SM5054  ,SM5095  ,
SM5054  ,SM5040  ,
SM5040  ,SM5095  ,
SM5095  ,SM5139  ,
SM5095  ,SM5109  ,
SM5109  ,SM5102  ,
SM5102  ,SM5085  ,
SM5895  ,SM5904  ,
SM5895  ,SM5886  ,
SM6634  ,SM6650  ,
SM6871  ,SM6986  ,
SM6896  ,SM6988  ,
SM7260  ,SM7243  ,
SM7260  ,SM7264  ,
SM7653  ,SM7682  ,
SM7653  ,SM7619  ,
SM7619  ,SM7587  ,
SM7587  ,SM7548  ,
SM7230  ,SM7215  ,
SM7215  ,SM7196  ,
SM7196  ,SM7166  ,
SM7166  ,SM7133  ,
SM7133  ,SM7384  ,
SM7133  ,SM7099  ,
SM6518  ,SM6500  ,
SM6206  ,SM6166  ,
SM6166  ,SM6222  ,
SM6166  ,SM6004  ,
SM6004  ,SM5840  ,
SM5925  ,SM6041  ,
SM5925  ,SM5954  ,
SM5767  ,SM5954  ,
SM5966  ,SM6030  ,
SM5966  ,SM6010  ,
SM6010  ,SM6154  ,
SM6010  ,SM5967  ,
SM5967  ,SM6057  ,
SM5967  ,SM5924  ,
SM5924  ,SM5875  ,
SM5875  ,SM5960  ,
SM5863  ,SM5953  ,
SM5863  ,SM5999  ,
SM5999  ,SM5953  ,
SM5999  ,SM6079  ,
SM5999  ,SM6137  ,
SM6060  ,SM6241  ,
SM6365  ,SM6376  ,
SM6831  ,SM6845  ,
SM6831  ,SM6823  ,
SM6823  ,SM6826  ,
SM6826  ,SM6829  ,
SM6829  ,SM6840  ,
SM6840  ,SM6851  ,
SM6575  ,SM6540  ,
SM6575  ,SM6304  ,
SM6304  ,SM6290  ,
SM5838  ,SM5947  ,
SM5453  ,SM5440  ,
SM6246  ,SM6258  ,
SM6835  ,SM6838  ,
SM6835  ,SM7173  ,
SM6835  ,SM6834  ,
SM7173  ,SM7175  ,
SM7661  ,SM7561  ,
SM7661  ,SM7768  ,
SM7768  ,SM7869  ,
SM8016  ,SM8160  ,
SM8154  ,SM8160  ,
SM8510  ,SM8399  ,
SM8583  ,SM8376  ,
SM8701  ,SM8523  ,
SM8701  ,SM8873  ,
SM8873  ,SM9019  ,
SM9300  ,SM9172  ,
SM9403  ,SM9311  ,
SM9403  ,SM9504  ,
SM9554  ,SM9438  ,
SM9350  ,SM9342  ,
SM9058  ,SM9164  ,
SM9058  ,SM8954  ,
SM8954  ,SM8857  ,
SM8857  ,SM8765  ,
SM8479  ,SM8475  ,
SM8479  ,SM8319  ,
SM8319  ,SM8151  ,
SM8151  ,SM8141  ,
SM7840  ,SM7775  ,
SM7840  ,SM7722  ,
SM7840  ,SM7896  ,
SM7896  ,SM7774  ,
SM7896  ,SM7797  ,
SM7896  ,SM7952  ,
SM8222  ,SM8057  ,
SM8222  ,SM8385  ,
SM8385  ,SM8552  ,
SM8552  ,SM8561  ,
SM9442  ,SM9455  ,
SM9690  ,SM9576  ,
SM9500  ,SM9490  ,
SM8635  ,SM8604  ,
SM8310  ,SM8219  ,
SM8310  ,SM8411  ,
SM8411  ,SM8517  ,
SM8517  ,SM8615  ,
SM8721  ,SM8717  ,
SM9208  ,SM9115  ,
SM9208  ,SM9302  ,
SM9302  ,SM9399  ,
SM9593  ,SM9600  ,
SM9965  ,SM9855  ,
SM9642  ,SM9637  ,
SM9637  ,SM9632  ,
SM9399  ,SM9510  ,
SM9600  ,SM9614  ,
SM9855  ,SM9741  ,
SM9632  ,SM9629  ,
SM9510  ,SM9627  ,
SM9614  ,SM9627  ,
SM9741  ,SM9627  ,
SM9629  ,SM9627  ,
SM9642  ,SM9647  ,
SM8737  ,SM8718  ,
SM8737  ,SM8443  ,
SM8164  ,SM8159  ,
SM8164  ,SM8168  ,
SM8168  ,SM8158  ,
SM8158  ,SM8152  ,
SM8152  ,SM8138  ,
SM8138  ,SM8125  ,
SM8377  ,SM8302  ,
SM8302  ,SM8125  ,
SM8476  ,SM8375  ,
SM8231  ,SM8375  ,
SM8231  ,SM8055  ,
SM8029  ,SM8055  ,
SM8029  ,SM7995  ,
SM7995  ,SM7964  ,
SM7964  ,SM7928  ,
SM7928  ,SM7893  ,
SM7893  ,SM7855  ,
SM7855  ,SM7815  ,
SM8276  ,SM8208  ,
SM8276  ,SM8424  ,
SM8643  ,SM8424  ,
SM8643  ,SM8675  ,
SM8643  ,SM8835  ,
SM8927  ,SM8835  ,
SM8927  ,SM8934  ,
SM9060  ,SM8934  ,
SM9060  ,SM9069  ,
SM9217  ,SM9069  ,
SM8995  ,SM8990  ,
SM8290  ,SM8489  ,
SM8290  ,SM8208  ,
SM8290  ,SM8076  ,
SM8076  ,SM7992  ,
SM8076  ,SM7898  ,
SM7606  ,SM7663  ,
SM7318  ,SM7372  ,
SM7318  ,SM7268  ,
SM7075  ,SM7045  ,
SM7075  ,SM6946  ,
SM7042  ,SM6946  ,
SM6948  ,SM7050  ,
SM6948  ,SM7091  ,
SM7091  ,SM7125  ,
SM7216  ,SM7298  ,
SM7216  ,SM7311  ,
SM7311  ,SM7439  ,
SM7311  ,SM7302  ,
SM7168  ,SM7302  ,
SM7373  ,SM7302  ,
SM7815  ,SM7765  ,
SM7992  ,SM7836  ,
SM7898  ,SM7836  ,
SM7663  ,SM7685  ,
SM7663  ,SM7555  ,
SM7555  ,SM7469  ,
SM7555  ,SM7434  ,
SM7434  ,SM7469  ,
SM7434  ,SM7372  ,
SM7372  ,SM7321  ,
SM7321  ,SM7298  ,
SM7321  ,SM7199  ,
SM7199  ,SM7125  ,
SM7045  ,SM7050  ,
SM7050  ,SM7125  ,
SM7439  ,SM7469  ,
SM7439  ,SM7595  ,
SM7595  ,SM7659  ,
SM7765  ,SM7799  ,
SM7799  ,SM7836  ,
SM7719  ,SM7659  ,
SM7719  ,SM7685  ,
SM7992  ,SM8208  ,
SM8424  ,SM8489  ,
SM8489  ,SM8675  ,
SM8675  ,SM8853  ,
SM8835  ,SM8853  ,
SM8835  ,SM8934  ,
SM8934  ,SM8946  ,
SM8946  ,SM8853  ,
SM8946  ,SM8952  ,
SM8946  ,SM9069  ,
SM8967  ,SM8958  ,
SM8952  ,SM8958  ,
SM8967  ,SM8971  ,
SM8971  ,SM8980  ,
SM8980  ,SM8990  ,
SM7373  ,SM7425  ,
SM7032  ,SM6978  ,
SM6978  ,SM6952  ,
SM6806  ,SM6952  ,
SM6806  ,SM6792  ,
SM6792  ,SM6932  ,
SM6792  ,SM6771  ,
SM6116  ,SM6103  ,
SM6064  ,SM6052  ,
SM6052  ,SM6035  ,
SM6035  ,SM6018  ,
SM6018  ,SM5962  ,
SM6018  ,SM5916  ,
SM5916  ,SM5962  ,
SM5916  ,SM5907  ,
SM5907  ,SM5962  ,
SM5907  ,SM5836  ,
SM5836  ,SM5788  ,
SM5788  ,SM5746  ,
SM5746  ,SM5670  ,
SM5670  ,SM5563  ,
SM5563  ,SM5411  ,
SM5411  ,SM5267  ,
SM5139  ,SM5217  ,
SM5217  ,SM5296  ,
SM5296  ,SM5386  ,
SM5386  ,SM5492  ,
SM5492  ,SM5581  ,
SM5581  ,SM5666  ,
SM5904  ,SM5913  ,
SM6266  ,SM6178  ,
SM6266  ,SM6349  ,
SM6349  ,SM6424  ,
SM6650  ,SM6668  ,
SM7162  ,SM7041  ,
SM7162  ,SM7278  ,
SM6986  ,SM7074  ,
SM6988  ,SM7074  ,
SM6988  ,SM7071  ,
SM7243  ,SM7210  ,
SM7714  ,SM7737  ,
SM7714  ,SM7682  ,
SM7936  ,SM8008  ,
SM7900  ,SM7982  ,
SM7900  ,SM7953  ,
SM7900  ,SM7862  ,
SM7862  ,SM7929  ,
SM7862  ,SM7906  ,
SM7810  ,SM7876  ,
SM7810  ,SM7854  ,
SM7548  ,SM7517  ,
SM7517  ,SM7480  ,
SM7480  ,SM7699  ,
SM7480  ,SM7433  ,
SM7433  ,SM7645  ,
SM7433  ,SM7384  ,
SM7384  ,SM7590  ,
SM7384  ,SM7334  ,
SM7099  ,SM7334  ,
SM7099  ,SM7064  ,
SM6500  ,SM6490  ,
SM6490  ,SM6480  ,
SM6338  ,SM6480  ,
SM6222  ,SM6283  ,
SM6222  ,SM6186  ,
SM6041  ,SM6186  ,
SM5954  ,SM6030  ,
SM6030  ,SM6107  ,
SM6030  ,SM6101  ,
SM6101  ,SM6188  ,
SM6101  ,SM6154  ,
SM6154  ,SM6321  ,
SM6154  ,SM6151  ,
SM6151  ,SM6113  ,
SM6151  ,SM6057  ,
SM6057  ,SM6113  ,
SM5960  ,SM5953  ,
SM6079  ,SM6123  ,
SM6079  ,SM6137  ,
SM6137  ,SM6274  ,
SM6241  ,SM6376  ,
SM6376  ,SM6385  ,
SM6845  ,SM6868  ,
SM7146  ,SM7145  ,
SM7146  ,SM7149  ,
SM7149  ,SM7254  ,
SM7157  ,SM7224  ,
SM7170  ,SM7251  ,
SM6851  ,SM7185  ,
SM6851  ,SM6849  ,
SM6849  ,SM7183  ,
SM6849  ,SM6846  ,
SM6009  ,SM6098  ,
SM6504  ,SM6428  ,
SM6428  ,SM6356  ,
SM6356  ,SM6273  ,
SM6273  ,SM6183  ,
SM6183  ,SM6098  ,
SM6504  ,SM6582  ,
SM6838  ,SM6843  ,
SM6838  ,SM7175  ,
SM7175  ,SM7176  ,
SM7561  ,SM7470  ,
SM7597  ,SM7550  ,
SM7597  ,SM7757  ,
SM7757  ,SM7910  ,
SM7910  ,SM7959  ,
SM7869  ,SM7963  ,
SM7963  ,SM8065  ,
SM8065  ,SM8177  ,
SM8170  ,SM8177  ,
SM8170  ,SM8160  ,
SM8399  ,SM8296  ,
SM8376  ,SM8202  ,
SM8523  ,SM8384  ,
SM8282  ,SM8272  ,
SM8282  ,SM8289  ,
SM8289  ,SM8298  ,
SM9019  ,SM9172  ,
SM9311  ,SM9229  ,
SM9438  ,SM9327  ,
SM9342  ,SM9334  ,
SM9164  ,SM9248  ,
SM9036  ,SM9144  ,
SM9144  ,SM9229  ,
SM9327  ,SM9248  ,
SM9327  ,SM9334  ,
SM9036  ,SM8940  ,
SM8940  ,SM8847  ,
SM8393  ,SM8382  ,
SM8393  ,SM8224  ,
SM8393  ,SM8402  ,
SM8402  ,SM8409  ,
SM8409  ,SM8247  ,
SM8409  ,SM8416  ,
SM8416  ,SM8271  ,
SM8416  ,SM8423  ,
SM8765  ,SM8663  ,
SM8475  ,SM8468  ,
SM8468  ,SM8460  ,
SM7713  ,SM7607  ,
SM7713  ,SM7775  ,
SM7775  ,SM7665  ,
SM7689  ,SM7665  ,
SM7689  ,SM7722  ,
SM7722  ,SM7645  ,
SM7722  ,SM7741  ,
SM7741  ,SM7699  ,
SM7741  ,SM7774  ,
SM7774  ,SM7699  ,
SM7774  ,SM7797  ,
SM7797  ,SM7753  ,
SM7797  ,SM7831  ,
SM7952  ,SM7831  ,
SM7952  ,SM7854  ,
SM7952  ,SM8057  ,
SM8057  ,SM8011  ,
SM8011  ,SM7876  ,
SM8011  ,SM7906  ,
SM8011  ,SM8072  ,
SM8072  ,SM7953  ,
SM8072  ,SM8144  ,
SM8570  ,SM8579  ,
SM8570  ,SM8561  ,
SM9455  ,SM9470  ,
SM9576  ,SM9470  ,
SM9576  ,SM9481  ,
SM9490  ,SM9481  ,
SM8595  ,SM8586  ,
SM8595  ,SM8599  ,
SM8599  ,SM8604  ,
SM8219  ,SM8144  ,
SM8067  ,SM7972  ,
SM8067  ,SM8089  ,
SM8089  ,SM8004  ,
SM8089  ,SM8109  ,
SM8109  ,SM8032  ,
SM8109  ,SM8135  ,
SM8135  ,SM8150  ,
SM8150  ,SM8056  ,
SM8150  ,SM8165  ,
SM8165  ,SM8077  ,
SM8165  ,SM8174  ,
SM8174  ,SM8077  ,
SM8174  ,SM8186  ,
SM8186  ,SM8102  ,
SM8186  ,SM8197  ,
SM8615  ,SM8717  ,
SM8717  ,SM8712  ,
SM9115  ,SM9001  ,
SM9001  ,SM8903  ,
SM8519  ,SM8608  ,
SM8519  ,SM8419  ,
SM8419  ,SM8330  ,
SM8330  ,SM8234  ,
SM8159  ,SM8149  ,
SM7816  ,SM7822  ,
SM7816  ,SM7807  ,
SM7807  ,SM7790  ,
SM7790  ,SM7778  ,
SM7778  ,SM7754  ,
SM7754  ,SM7734  ,
SM7734  ,SM7709  ,
SM8125  ,SM8100  ,
SM8100  ,SM8084  ,
SM8100  ,SM8220  ,
SM8220  ,SM8084  ,
SM8084  ,SM8055  ,
SM7642  ,SM7678  ,
SM7642  ,SM7490  ,
SM7642  ,SM7609  ,
SM7609  ,SM7468  ,
SM7609  ,SM7566  ,
SM7566  ,SM7429  ,
SM7566  ,SM7526  ,
SM7526  ,SM7388  ,
SM7526  ,SM7482  ,
SM7482  ,SM7388  ,
SM7482  ,SM7380  ,
SM7425  ,SM7380  ,
SM6952  ,SM6932  ,
SM6932  ,SM6907  ,
SM6771  ,SM6907  ,
SM6771  ,SM6751  ,
SM6751  ,SM6884  ,
SM6751  ,SM6736  ,
SM6736  ,SM6866  ,
SM6736  ,SM6724  ,
SM6724  ,SM6828  ,
SM6724  ,SM6706  ,
SM6706  ,SM6808  ,
SM6706  ,SM6692  ,
SM6692  ,SM6786  ,
SM6692  ,SM6732  ,
SM6719  ,SM6732  ,
SM6719  ,SM6704  ,
SM7118  ,SM6928  ,
SM7118  ,SM7244  ,
SM7244  ,SM7235  ,
SM7244  ,SM7357  ,
SM7357  ,SM7316  ,
SM7357  ,SM7418  ,
SM7418  ,SM7316  ,
SM7418  ,SM7455  ,
SM7455  ,SM7473  ,
SM7709  ,SM7678  ,
SM7490  ,SM7473  ,
SM7490  ,SM7468  ,
SM7468  ,SM7429  ,
SM6907  ,SM6884  ,
SM6884  ,SM6866  ,
SM6866  ,SM6917  ,
SM6828  ,SM6917  ,
SM6808  ,SM6786  ,
SM6786  ,SM6928  ,
SM6786  ,SM6732  ,
SM7066  ,SM6962  ,
SM6962  ,SM6917  ,
SM7066  ,SM7142  ,
SM7142  ,SM7235  ,
SM7235  ,SM7316  ,
SM7429  ,SM7388  ,
SM7278  ,SM7376  ,
SM7611  ,SM7630  ,
SM7611  ,SM7784  ,
SM7611  ,SM7585  ,
SM7585  ,SM7766  ,
SM7074  ,SM7171  ,
SM7074  ,SM7071  ,
SM7071  ,SM7171  ,
SM7171  ,SM7210  ,
SM7737  ,SM7766  ,
SM8004  ,SM8032  ,
SM8032  ,SM8056  ,
SM8056  ,SM8077  ,
SM8077  ,SM8102  ,
SM8102  ,SM8119  ,
SM8102  ,SM8197  ,
SM8197  ,SM8209  ,
SM8209  ,SM8119  ,
SM8209  ,SM8221  ,
SM8221  ,SM8228  ,
SM8228  ,SM8140  ,
SM8228  ,SM8234  ,
SM8149  ,SM8126  ,
SM7820  ,SM7939  ,
SM7820  ,SM7756  ,
SM7820  ,SM7822  ,
SM7565  ,SM7660  ,
SM7565  ,SM7477  ,
SM7477  ,SM7376  ,
SM7630  ,SM7650  ,
SM7630  ,SM7802  ,
SM7784  ,SM7802  ,
SM7802  ,SM7811  ,
SM8140  ,SM8126  ,
SM8126  ,SM8030  ,
SM8030  ,SM7939  ,
SM7939  ,SM7818  ,
SM7818  ,SM7811  ,
SM7818  ,SM7756  ,
SM7756  ,SM7660  ,
SM7650  ,SM7811  ,
SM7784  ,SM7766  ,
SM8659  ,SM8704  ,
SM8659  ,SM8712  ,
SM8712  ,SM8704  ,
SM8903  ,SM8805  ,
SM8805  ,SM8699  ,
SM8805  ,SM8696  ,
SM8696  ,SM8699  ,
SM8696  ,SM8608  ,
SM8699  ,SM8704  ,
SM7972  ,SM8036  ,
SM8036  ,SM8008  ,
SM8008  ,SM8144  ,
SM8008  ,SM7982  ,
SM8579  ,SM8586  ,
SM9470  ,SM9481  ,
SM7982  ,SM7953  ,
SM7953  ,SM7929  ,
SM7929  ,SM7906  ,
SM7906  ,SM7876  ,
SM7876  ,SM7854  ,
SM7854  ,SM7831  ,
SM7753  ,SM7831  ,
SM7590  ,SM7665  ,
SM7334  ,SM7291  ,
SM7064  ,SM7291  ,
SM7064  ,SM7026  ,
SM7026  ,SM7226  ,
SM7026  ,SM6990  ,
SM6658  ,SM6761  ,
SM6658  ,SM6578  ,
SM6480  ,SM6578  ,
SM6383  ,SM6469  ,
SM6383  ,SM6360  ,
SM6383  ,SM6283  ,
SM6107  ,SM6188  ,
SM6188  ,SM6344  ,
SM6332  ,SM6344  ,
SM6332  ,SM6442  ,
SM6332  ,SM6321  ,
SM6321  ,SM6431  ,
SM6321  ,SM6305  ,
SM6305  ,SM6417  ,
SM6305  ,SM6291  ,
SM6113  ,SM6128  ,
SM6128  ,SM6123  ,
SM6274  ,SM6291  ,
SM6274  ,SM6395  ,
SM6385  ,SM6395  ,
SM6868  ,SM6879  ,
SM7145  ,SM7164  ,
SM7145  ,SM7297  ,
SM7289  ,SM7297  ,
SM7289  ,SM7286  ,
SM7286  ,SM7280  ,
SM7280  ,SM7274  ,
SM7274  ,SM7379  ,
SM7274  ,SM7254  ,
SM7254  ,SM7266  ,
SM7266  ,SM7261  ,
SM7261  ,SM7367  ,
SM7261  ,SM7255  ,
SM7261  ,SM7224  ,
SM7224  ,SM7255  ,
SM7255  ,SM7358  ,
SM7255  ,SM7251  ,
SM7251  ,SM7352  ,
SM7251  ,SM7246  ,
SM7246  ,SM7343  ,
SM7185  ,SM7239  ,
SM7183  ,SM7232  ,
SM7183  ,SM7225  ,
SM6846  ,SM6954  ,
SM6846  ,SM6819  ,
SM6642  ,SM6710  ,
SM6843  ,SM6819  ,
SM6843  ,SM6954  ,
SM7176  ,SM7082  ,
SM7363  ,SM7256  ,
SM7363  ,SM7470  ,
SM7326  ,SM7300  ,
SM7326  ,SM7225  ,
SM7326  ,SM7332  ,
SM7550  ,SM7579  ,
SM7579  ,SM7602  ,
SM7969  ,SM7980  ,
SM7969  ,SM7959  ,
SM8215  ,SM8223  ,
SM8223  ,SM8238  ,
SM8238  ,SM8244  ,
SM8384  ,SM8244  ,
SM8384  ,SM8259  ,
SM8272  ,SM8259  ,
SM8272  ,SM8106  ,
SM8106  ,SM8259  ,
SM8244  ,SM8259  ,
SM8106  ,SM7980  ,
SM7980  ,SM7795  ,
SM7795  ,SM7602  ,
SM8298  ,SM8304  ,
SM8304  ,SM8314  ,
SM8847  ,SM8760  ,
SM8382  ,SM8372  ,
SM8224  ,SM8203  ,
SM8224  ,SM8247  ,
SM8247  ,SM8271  ,
SM8271  ,SM8251  ,
SM8423  ,SM8436  ,
SM8663  ,SM8557  ,
SM8557  ,SM8452  ,
SM8460  ,SM8452  ,
SM8336  ,SM8452  ,
SM8336  ,SM8227  ,
SM8227  ,SM8107  ,
SM8107  ,SM8006  ,
SM8006  ,SM7911  ,
SM7911  ,SM7812  ,
SM7646  ,SM7554  ,
SM7581  ,SM7554  ,
SM7581  ,SM7500  ,
SM7581  ,SM7607  ,
SM7607  ,SM7542  ,
SM7607  ,SM7629  ,
SM7291  ,SM7226  ,
SM7152  ,SM7271  ,
SM7152  ,SM7123  ,
SM7152  ,SM6990  ,
SM6990  ,SM6901  ,
SM6901  ,SM6972  ,
SM6901  ,SM6761  ,
SM6955  ,SM6972  ,
SM6955  ,SM7089  ,
SM6955  ,SM6939  ,
SM6459  ,SM6453  ,
SM6459  ,SM6360  ,
SM6459  ,SM6469  ,
SM6578  ,SM6469  ,
SM6360  ,SM6277  ,
SM6277  ,SM6344  ,
SM6344  ,SM6453  ,
SM6453  ,SM6442  ,
SM6442  ,SM6431  ,
SM6431  ,SM6417  ,
SM6417  ,SM6408  ,
SM6408  ,SM6395  ,
SM6408  ,SM6291  ,
SM6879  ,SM6892  ,
SM7164  ,SM7187  ,
SM7164  ,SM7313  ,
SM7303  ,SM7313  ,
SM7303  ,SM7310  ,
SM7310  ,SM7399  ,
SM7310  ,SM7297  ,
SM7394  ,SM7399  ,
SM7851  ,SM7688  ,
SM7851  ,SM8000  ,
SM8314  ,SM8322  ,
SM8760  ,SM8661  ,
SM8372  ,SM8360  ,
SM8372  ,SM8203  ,
SM8203  ,SM8185  ,
SM7667  ,SM7651  ,
SM7667  ,SM7676  ,
SM7676  ,SM7694  ,
SM8052  ,SM7884  ,
SM7884  ,SM7705  ,
SM7812  ,SM7707  ,
SM7707  ,SM7599  ,
SM7599  ,SM7560  ,
SM7599  ,SM7507  ,
SM7533  ,SM7451  ,
SM7533  ,SM7554  ,
SM7554  ,SM7500  ,
SM7451  ,SM7432  ,
SM7349  ,SM7432  ,
SM7349  ,SM7413  ,
SM7349  ,SM7271  ,
SM7123  ,SM7089  ,
SM7123  ,SM6972  ,
SM7089  ,SM7051  ,
SM7051  ,SM7009  ,
SM7051  ,SM6939  ,
SM6939  ,SM6927  ,
SM6927  ,SM7009  ,
SM6913  ,SM6967  ,
SM6913  ,SM6937  ,
SM6904  ,SM6937  ,
SM6904  ,SM6911  ,
SM6911  ,SM6892  ,
SM7204  ,SM7222  ,
SM7204  ,SM7338  ,
SM7204  ,SM7187  ,
SM7187  ,SM7322  ,
SM7313  ,SM7322  ,
SM7313  ,SM7405  ,
SM7405  ,SM7412  ,
SM7405  ,SM7399  ,
SM7688  ,SM7631  ,
SM7631  ,SM7651  ,
SM7404  ,SM7387  ,
SM7404  ,SM7424  ,
SM7424  ,SM7287  ,
SM7424  ,SM7436  ,
SM7436  ,SM7317  ,
SM7436  ,SM7462  ,
SM7462  ,SM7445  ,
SM7694  ,SM7705  ,
SM7705  ,SM7527  ,
SM7560  ,SM7499  ,
SM7507  ,SM7499  ,
SM7507  ,SM7432  ,
SM7432  ,SM7413  ,
SM7413  ,SM7499  ,
SM7413  ,SM7378  ,
SM7378  ,SM7491  ,
SM7378  ,SM7475  ,
SM7378  ,SM7342  ,
SM7342  ,SM7460  ,
SM7342  ,SM7317  ,
SM7445  ,SM7460  ,
SM7460  ,SM7475  ,
SM7527  ,SM7475  ,
SM7527  ,SM7491  ,
SM7491  ,SM7499  ,
SM7317  ,SM7287  ,
SM7222  ,SM7253  ,
SM7222  ,SM7346  ,
SM7338  ,SM7346  ,
SM7338  ,SM7428  ,
SM7338  ,SM7329  ,
SM7329  ,SM7421  ,
SM7329  ,SM7322  ,
SM7322  ,SM7412  ,
SM7412  ,SM7421  ,
SM7421  ,SM7428  ,
SM7428  ,SM7435  ,
SM7435  ,SM7346  ,
SM7435  ,SM7427  ,
SM7427  ,SM7371  ,
SM7427  ,SM7387  ,
SM7387  ,SM7371  ,
SM7371  ,SM7346  ,
SM7253  ,SM7287  ,
SM8185  ,SM8352  ,
SM8185  ,SM8169  ,
SM8000  ,SM8169  ,
SM8322  ,SM8331  ,
SM8661  ,SM8564  ,
SM8360  ,SM8352  ,
SM8352  ,SM8461  ,
SM8352  ,SM8344  ,
SM8169  ,SM8344  ,
SM8331  ,SM8338  ,
SM8564  ,SM8461  ,
SM8461  ,SM8344  ,
SM8344  ,SM8338  ,
SM8052  ,SM8251  ,
SM8436  ,SM8452  ,
SM7394  ,SM7386  ,
SM7386  ,SM7379  ,
SM7379  ,SM7374  ,
SM7374  ,SM7367  ,
SM7367  ,SM7358  ,
SM7358  ,SM7352  ,
SM7352  ,SM7343  ,
SM7343  ,SM7337  ,
SM7337  ,SM7332  ,
SM7337  ,SM7239  ,
SM7232  ,SM7332  ,
SM7225  ,SM7248  ,
SM7248  ,SM7300  ,
SM7248  ,SM7267  ,
SM7179  ,SM7262  ,
SM7179  ,SM7082  ,
SM6954  ,SM7082  ,
SM7082  ,SM7205  ,
SM7205  ,SM7256  ,
SM7256  ,SM7262  ,
SM7262  ,SM7267  ,
SM7267  ,SM7300  ,
SM6954  ,SM6819  ,
SM6819  ,SM6710  ,
SM7629  ,SM7665  ,
SM8215  ,SM8202  ,
SM8202  ,SM8193  ,
SM8193  ,SM8184  ,
SM8184  ,SM8177  ,
SM8177  ,SM8296  ,
SM6642  ,SM6582  ,
SM6704  ,SM6696  ,
SM6424  ,SM6499  ,
SM7041  ,SM6914  ,
SM6499  ,SM6599  ,
SM6599  ,SM6683  ,
SM6683  ,SM6787  ,
SM6787  ,SM6914  ,
SM6178  ,SM6085  ,
SM6085  ,SM6001  ,
SM6001  ,SM5940  ,
SM5940  ,SM5934  ,
SM5940  ,SM5831  ,
SM5831  ,SM5934  ,
SM5831  ,SM5750  ,
SM5750  ,SM5666  ,
SM5913  ,SM5926  ,
SM5926  ,SM5934  ,
SM8220  ,SM8375  ,
SM6009  ,SM5947  ,
SM6072  ,SM6066  ,
SM6946  ,SM6867  ,
SM10647 ,SM10641 ,
SM10278 ,SM10389 ,
SM10601 ,SM10607 ,
SM10977 ,SM10861 ,
SM10641 ,SM10637 ,
SM10389 ,SM10489 ,
SM10607 ,SM10615 ,
SM10861 ,SM10729 ,
SM10637 ,SM10625 ,
SM10489 ,SM10615 ,
SM10615 ,SM10625 ,
SM10615 ,SM10729 ,
SM9504  ,SM9608  ,
SM9608  ,SM9723  ,
SM9723  ,SM9838  ,
SM9838  ,SM9947  ,
SM8916  ,SM9009  ,
SM9108  ,SM9114  ,
SM9296  ,SM9209  ,
SM9141  ,SM9136  ,
SM9136  ,SM9127  ,
SM9009  ,SM9119  ,
SM9114  ,SM9119  ,
SM9209  ,SM9119  ,
SM9127  ,SM9119  ,
SM6834  ,SM6833  ,
SM11290 ,SM11306 ,
SM11525 ,SM11306 ,
SM11525 ,SM11546 ,
SM11546 ,SM11556 ,
SM11626 ,SM11556 ,
SM11556 ,SM11417 ,
SM11417 ,SM11326 ,
SM11338 ,SM11326 ,
SM11171 ,SM11268 ,
SM11171 ,SM11064 ,
SM11306 ,SM11317 ,
SM11326 ,SM11268 ,
SM4934  ,SM4985  ,
SM5529  ,SM5524  ,
SM9220  ,SM9309  ,
SM9309  ,SM9406  ,
SM9705  ,SM9717  ,
SM10088 ,SM9978  ,
SM9778  ,SM9772  ,
SM9406  ,SM9513  ,
SM9717  ,SM9729  ,
SM9978  ,SM9867  ,
SM9772  ,SM9762  ,
SM9513  ,SM9626  ,
SM9729  ,SM9738  ,
SM9867  ,SM9753  ,
SM9762  ,SM9753  ,
SM9626  ,SM9753  ,
SM9738  ,SM9753  ,
SM10040 ,SM10160 ,
SM10160 ,SM10269 ,
SM10464 ,SM10470 ,
SM10899 ,SM10759 ,
SM10514 ,SM10499 ,
SM10269 ,SM10381 ,
SM10470 ,SM10480 ,
SM10759 ,SM10635 ,
SM10499 ,SM10494 ,
SM10381 ,SM10494 ,
SM10381 ,SM10490 ,
SM10381 ,SM10480 ,
SM10480 ,SM10490 ,
SM10635 ,SM10490 ,
SM10494 ,SM10490 ,
SM10696 ,SM10949 ,
SM10696 ,SM10686 ,
SM10686 ,SM10929 ,
SM10546 ,SM10669 ,
SM10669 ,SM10763 ,
SM10763 ,SM10916 ,
SM10916 ,SM10929 ,
SM10916 ,SM11040 ,
SM11040 ,SM11152 ,
SM10949 ,SM10929 ,
SM7484  ,SM7577  ,
SM7577  ,SM7684  ,
SM7779  ,SM7785  ,
SM7990  ,SM7897  ,
SM7817  ,SM7804  ,
SM7684  ,SM7792  ,
SM7785  ,SM7792  ,
SM7897  ,SM7792  ,
SM7804  ,SM7792  ,
SM6436  ,SM6426  ,
SM6426  ,SM6410  ,
SM6410  ,SM6400  ,
SM6400  ,SM6379  ,
SM6379  ,SM6354  ,
SM6354  ,SM6329  ,
SM6189  ,SM6212  ,
SM5760  ,SM5745  ,
SM5745  ,SM5911  ,
SM5745  ,SM5738  ,
SM5911  ,SM6038  ,
SM6120  ,SM6143  ,
SM6239  ,SM6269  ,
SM6239  ,SM6202  ,
SM6202  ,SM6164  ,
SM6373  ,SM6407  ,
SM6407  ,SM6433  ,
SM6407  ,SM6483  ,
SM6483  ,SM6433  ,
SM6483  ,SM6536  ,
SM6801  ,SM6784  ,
SM7364  ,SM7178  ,
SM7541  ,SM7547  ,
SM7178  ,SM6949  ,
SM6755  ,SM6649  ,
SM6755  ,SM6677  ,
SM6712  ,SM6677  ,
SM6712  ,SM6589  ,
SM6589  ,SM6564  ,
SM6564  ,SM6677  ,
SM6564  ,SM6529  ,
SM6329  ,SM6212  ,
SM6212  ,SM6160  ,
SM6160  ,SM6194  ,
SM6160  ,SM6038  ,
SM6038  ,SM6143  ,
SM6143  ,SM6194  ,
SM6269  ,SM6301  ,
SM6433  ,SM6460  ,
SM6433  ,SM6536  ,
SM6536  ,SM6460  ,
SM6536  ,SM6591  ,
SM6784  ,SM6733  ,
SM6784  ,SM6949  ,
SM6949  ,SM6733  ,
SM6733  ,SM6622  ,
SM6649  ,SM6622  ,
SM6649  ,SM6529  ,
SM6529  ,SM6496  ,
SM6386  ,SM6496  ,
SM6460  ,SM6496  ,
SM6591  ,SM6496  ,
SM6591  ,SM6622  ,
SM6622  ,SM6496  ,
SM6386  ,SM6301  ,
SM6301  ,SM6265  ,
SM6265  ,SM6194  ,
SM6649  ,SM6677  ,
SM6589  ,SM6612  ,
SM6612  ,SM6628  ,
SM5082  ,SM5079  ,
SM5079  ,SM5074  ,
SM4774  ,SM4863  ,
SM5022  ,SM5035  ,
SM5295  ,SM5210  ,
SM5074  ,SM5067  ,
SM4863  ,SM4954  ,
SM5035  ,SM5045  ,
SM5210  ,SM5132  ,
SM5067  ,SM5063  ,
SM4954  ,SM5055  ,
SM5045  ,SM5055  ,
SM5132  ,SM5055  ,
SM5063  ,SM5055  ,
SM4100  ,SM4039  ,
SM4100  ,SM4071  ,
SM4071  ,SM4039  ,
SM4071  ,SM4045  ,
SM4045  ,SM4039  ,
SM4341  ,SM4305  ,
SM4258  ,SM4305  ,
SM4258  ,SM4257  ,
SM4215  ,SM4257  ,
SM4305  ,SM4257  ,
SM4967  ,SM4937  ,
SM5792  ,SM5687  ,
SM10022 ,SM10141 ,
SM10203 ,SM10304 ,
SM10304 ,SM10415 ,
SM10744 ,SM10756 ,
SM11130 ,SM11019 ,
SM10815 ,SM10805 ,
SM10415 ,SM10533 ,
SM10756 ,SM10770 ,
SM11019 ,SM10908 ,
SM10805 ,SM10794 ,
SM10533 ,SM10659 ,
SM10770 ,SM10780 ,
SM10908 ,SM10780 ,
SM10794 ,SM10780 ,
SM10659 ,SM10780 ,
SM12332 ,SM12342 ,
SM11511 ,SM11648 ,
SM11648 ,SM11789 ,
SM12169 ,SM12177 ,
SM12611 ,SM12506 ,
SM12236 ,SM12226 ,
SM11789 ,SM11912 ,
SM12177 ,SM12183 ,
SM12506 ,SM12405 ,
SM12226 ,SM12218 ,
SM11912 ,SM12040 ,
SM12183 ,SM12193 ,
SM12405 ,SM12306 ,
SM12218 ,SM12212 ,
SM12040 ,SM12161 ,
SM12193 ,SM12161 ,
SM12193 ,SM12306 ,
SM12306 ,SM12212 ,
SM12212 ,SM12161 ,
SM4345  ,SM4340  ,
SM4340  ,SM4334  ,
SM4334  ,SM4329  ,
SM4086  ,SM4140  ,
SM4295  ,SM4301  ,
SM4533  ,SM4455  ,
SM4455  ,SM4390  ,
SM4329  ,SM4322  ,
SM4140  ,SM4218  ,
SM4301  ,SM4309  ,
SM4390  ,SM4317  ,
SM4322  ,SM4317  ,
SM4218  ,SM4317  ,
SM4309  ,SM4317  ,
SM5501  ,SM5429  ,
SM12764 ,SM12772 ,
SM12347 ,SM12352 ,
SM7879  ,SM7978  ,
SM5944  ,SM5887  ,
SM5238  ,SM5086  ,
SM4947  ,SM4941  ,
SM4615  ,SM4764  ,
SM4764  ,SM4925  ,
SM4913  ,SM4925  ,
SM5086  ,SM4925  ,
SM4941  ,SM4935  ,
SM4935  ,SM4925  ,
SM4615  ,SM4481  ,
SM4481  ,SM4355  ,
SM4219  ,SM4210  ,
SM3974  ,SM4084  ,
SM3974  ,SM3873  ,
SM4171  ,SM4177  ,
SM4177  ,SM4185  ,
SM4210  ,SM4203  ,
SM4185  ,SM4192  ,
SM4192  ,SM4195  ,
SM4195  ,SM4203  ,
SM3873  ,SM3740  ,
SM3622  ,SM3617  ,
SM3361  ,SM3476  ,
SM3585  ,SM3593  ,
SM3617  ,SM3610  ,
SM3593  ,SM3597  ,
SM3597  ,SM3606  ,
SM3606  ,SM3610  ,
SM3719  ,SM3712  ,
SM3712  ,SM3708  ,
SM3479  ,SM3547  ,
SM3673  ,SM3678  ,
SM3901  ,SM3848  ,
SM3708  ,SM3702  ,
SM3547  ,SM3621  ,
SM3678  ,SM3687  ,
SM3848  ,SM3776  ,
SM3702  ,SM3694  ,
SM3621  ,SM3694  ,
SM3687  ,SM3694  ,
SM3776  ,SM3694  ,
SM3348  ,SM3285  ,
SM3116  ,SM3113  ,
SM2982  ,SM3046  ,
SM3086  ,SM3089  ,
SM3285  ,SM3226  ,
SM3113  ,SM3110  ,
SM3110  ,SM3105  ,
SM3046  ,SM3105  ,
SM3089  ,SM3099  ,
SM3226  ,SM3160  ,
SM3160  ,SM3099  ,
SM3160  ,SM3105  ,
SM3105  ,SM3099  ,
SM3907  ,SM3902  ,
SM3662  ,SM3748  ,
SM3859  ,SM3866  ,
SM4062  ,SM4001  ,
SM3902  ,SM3898  ,
SM3748  ,SM3827  ,
SM3866  ,SM3872  ,
SM4001  ,SM3933  ,
SM3898  ,SM3893  ,
SM3827  ,SM3885  ,
SM3827  ,SM3872  ,
SM3872  ,SM3885  ,
SM3933  ,SM3885  ,
SM3933  ,SM3893  ,
SM3893  ,SM3885  ,
SM3408  ,SM3404  ,
SM2815  ,SM2810  ,
SM2810  ,SM2805  ,
SM3396  ,SM3404  ,
SM2815  ,SM2823  ,
SM2823  ,SM2829  ,
SM2829  ,SM2833  ,
SM4380  ,SM4343  ,
SM4343  ,SM4298  ,
SM4298  ,SM4250  ,
SM6112  ,SM6191  ,
SM6795  ,SM6775  ,
SM6418  ,SM6361  ,
SM6361  ,SM6289  ,
SM6289  ,SM6216  ,
SM6216  ,SM6168  ,
SM6168  ,SM6201  ,
SM6168  ,SM6094  ,
SM6094  ,SM6068  ,
SM6094  ,SM6040  ,
SM6040  ,SM6000  ,
SM6000  ,SM6068  ,
SM6000  ,SM5979  ,
SM3233  ,SM3265  ,
SM3265  ,SM3297  ,
SM3303  ,SM3352  ,
SM3352  ,SM3406  ,
SM3428  ,SM3406  ,
SM3406  ,SM3371  ,
SM3290  ,SM3247  ,
SM3247  ,SM3192  ,
SM1052  ,SM1062  ,
SM1062  ,SM1046  ,
SM1046  ,SM1020  ,
SM4392  ,SM4389  ,
SM4585  ,SM4526  ,
SM4526  ,SM4442  ,
SM4442  ,SM4373  ,
SM4373  ,SM4321  ,
SM4321  ,SM4266  ,
SM4585  ,SM4698  ,
SM18529 ,SM18532 ,
SM19122 ,SM19135 ,
SM18699 ,SM18713 ,
SM18713 ,SM18728 ,
SM18865 ,SM18850 ,
SM18850 ,SM18833 ,
SM18833 ,SM18818 ,
SM18809 ,SM18818 ,
SM18801 ,SM18817 ,
SM18862 ,SM18852 ,
SM18881 ,SM18867 ,
SM18831 ,SM18843 ,
SM18831 ,SM18817 ,
SM18831 ,SM18825 ,
SM18825 ,SM18818 ,
SM18852 ,SM18843 ,
SM18852 ,SM18867 ,
SM18447 ,SM18439 ,
SM18314 ,SM18295 ,
SM16472 ,SM16509 ,
SM16822 ,SM16866 ,
SM16951 ,SM16949 ,
SM17075 ,SM17029 ,
SM16954 ,SM16950 ,
SM16866 ,SM16904 ,
SM16949 ,SM16948 ,
SM17029 ,SM16948 ,
SM17029 ,SM16950 ,
SM16950 ,SM16948 ,
SM16904 ,SM16948 ,
SM14678 ,SM14692 ,
SM14692 ,SM14704 ,
SM12788 ,SM12898 ,
SM14149 ,SM14205 ,
SM9152  ,SM9182  ,
SM12893 ,SM12902 ,
SM13202 ,SM13119 ,
SM12954 ,SM12950 ,
SM12636 ,SM12734 ,
SM12902 ,SM12913 ,
SM13119 ,SM13030 ,
SM12950 ,SM12944 ,
SM12734 ,SM12828 ,
SM12913 ,SM12921 ,
SM13030 ,SM12926 ,
SM13030 ,SM12944 ,
SM12944 ,SM12828 ,
SM12828 ,SM12926 ,
SM12921 ,SM12926 ,
SM11337 ,SM11441 ,
SM11441 ,SM11562 ,
SM11562 ,SM11688 ,
SM10599 ,SM10590 ,
SM10511 ,SM10524 ,
SM10524 ,SM10530 ,
SM10530 ,SM10706 ,
SM10706 ,SM10710 ,
SM10706 ,SM10844 ,
SM10844 ,SM10710 ,
SM10710 ,SM10605 ,
SM10605 ,SM10537 ,
SM10537 ,SM10423 ,
SM3251  ,SM3137  ,
SM3047  ,SM3042  ,
SM2767  ,SM2909  ,
SM3018  ,SM3022  ,
SM3042  ,SM3035  ,
SM3022  ,SM3028  ,
SM3028  ,SM3032  ,
SM3032  ,SM3035  ,
SM2485  ,SM2477  ,
SM2477  ,SM2469  ,
SM2469  ,SM2466  ,
SM2264  ,SM2329  ,
SM2444  ,SM2447  ,
SM2675  ,SM2605  ,
SM2605  ,SM2528  ,
SM2466  ,SM2462  ,
SM2329  ,SM2393  ,
SM2447  ,SM2453  ,
SM2528  ,SM2455  ,
SM2462  ,SM2455  ,
SM2393  ,SM2455  ,
SM2453  ,SM2455  ,
SM3515  ,SM3450  ,
SM3450  ,SM3384  ,
SM3269  ,SM3264  ,
SM3129  ,SM3185  ,
SM3243  ,SM3249  ,
SM3384  ,SM3324  ,
SM3264  ,SM3260  ,
SM3185  ,SM3260  ,
SM3249  ,SM3254  ,
SM3324  ,SM3260  ,
SM3260  ,SM3254  ,
SM3756  ,SM3713  ,
SM3713  ,SM3675  ,
SM3532  ,SM3472  ,
SM3675  ,SM3642  ,
SM6015  ,SM5977  ,
SM5813  ,SM5731  ,
SM7489  ,SM7395  ,
SM7395  ,SM7319  ,
SM5522  ,SM5438  ,
SM4867  ,SM4800  ,
SM4744  ,SM4577  ,
SM4466  ,SM4506  ,
SM4506  ,SM4538  ,
SM4456  ,SM4538  ,
SM4566  ,SM4538  ,
SM4566  ,SM4577  ,
SM4577  ,SM4538  ,
SM4456  ,SM4415  ,
SM2808  ,SM2753  ,
SM966   ,SM947   ,
SM835   ,SM850   ,
SM850   ,SM866   ,
SM834   ,SM849   ,
SM822   ,SM848   ,
SM867   ,SM875   ,
SM1035  ,SM1004  ,
SM947   ,SM926   ,
SM926   ,SM914   ,
SM866   ,SM881   ,
SM849   ,SM872   ,
SM848   ,SM864   ,
SM848   ,SM875   ,
SM875   ,SM884   ,
SM1004  ,SM977   ,
SM914   ,SM903   ,
SM881   ,SM903   ,
SM881   ,SM887   ,
SM872   ,SM887   ,
SM872   ,SM878   ,
SM864   ,SM878   ,
SM864   ,SM884   ,
SM884   ,SM878   ,
SM977   ,SM923   ,
SM903   ,SM887   ,
SM887   ,SM899   ,
SM899   ,SM923   ,
SM899   ,SM878   ,
SM871   ,SM807   ,
SM5554  ,SM5683  ,
SM16480 ,SM16431 ,
SM16431 ,SM16348 ,
SM16768 ,SM16732 ,
SM16732 ,SM16717 ,
SM16717 ,SM16703 ,
SM16703 ,SM16692 ,
SM16692 ,SM16679 ,
SM16679 ,SM16650 ,
SM16724 ,SM16650 ,
SM16724 ,SM16660 ,
SM16660 ,SM16600 ,
SM16511 ,SM16548 ,
SM16548 ,SM16600 ,
SM16600 ,SM16650 ,
SM16511 ,SM16465 ,
SM16465 ,SM16421 ,
SM16421 ,SM16399 ,
SM16462 ,SM16433 ,
SM16151 ,SM16196 ,
SM16196 ,SM16256 ,
SM18725 ,SM18732 ,
SM18732 ,SM18738 ,
SM18738 ,SM18741 ,
SM19163 ,SM19181 ,
SM19177 ,SM19181 ,
SM19177 ,SM19211 ,
SM19186 ,SM19219 ,
SM19186 ,SM19184 ,
SM19186 ,SM19167 ,
SM19167 ,SM19184 ,
SM19219 ,SM19232 ,
SM19222 ,SM19211 ,
SM19181 ,SM19211 ,
SM18605 ,SM18615 ,
SM18615 ,SM18626 ,
SM18626 ,SM18634 ,
SM18672 ,SM18663 ,
SM18673 ,SM18659 ,
SM18659 ,SM18643 ,
SM18634 ,SM18643 ,
SM18643 ,SM18650 ,
SM18650 ,SM18663 ,
SM18173 ,SM18178 ,
SM18149 ,SM18157 ,
SM18153 ,SM18165 ,
SM18174 ,SM18165 ,
SM18174 ,SM18175 ,
SM18188 ,SM18175 ,
SM18178 ,SM18175 ,
SM18157 ,SM18165 ,
SM18165 ,SM18175 ,
SM17599 ,SM17607 ,
SM17599 ,SM17597 ,
SM17597 ,SM17593 ,
SM17593 ,SM17592 ,
SM17602 ,SM17619 ,
SM17646 ,SM17619 ,
SM17646 ,SM17671 ,
SM17611 ,SM17635 ,
SM17615 ,SM17607 ,
SM17615 ,SM17624 ,
SM17177 ,SM17199 ,
SM17142 ,SM17172 ,
SM17410 ,SM17421 ,
SM17414 ,SM17432 ,
SM15270 ,SM15335 ,
SM15494 ,SM15555 ,
SM15555 ,SM15622 ,
SM15555 ,SM15619 ,
SM15544 ,SM15619 ,
SM15544 ,SM15470 ,
SM15412 ,SM15447 ,
SM15447 ,SM15475 ,
SM15475 ,SM15514 ,
SM15514 ,SM15562 ,
SM15608 ,SM15562 ,
SM15608 ,SM15653 ,
SM15653 ,SM15696 ,
SM15696 ,SM15745 ,
SM15745 ,SM15788 ,
SM15788 ,SM15828 ,
SM15828 ,SM15812 ,
SM15828 ,SM15875 ,
SM15875 ,SM15906 ,
SM15875 ,SM15926 ,
SM15926 ,SM15906 ,
SM15926 ,SM15948 ,
SM15948 ,SM15967 ,
SM15976 ,SM15940 ,
SM15671 ,SM15705 ,
SM15619 ,SM15698 ,
SM15812 ,SM15779 ,
SM15779 ,SM15758 ,
SM15906 ,SM15940 ,
SM15733 ,SM15758 ,
SM15733 ,SM15705 ,
SM15412 ,SM15380 ,
SM13588 ,SM13602 ,
SM13602 ,SM13614 ,
SM13848 ,SM13779 ,
SM14355 ,SM14360 ,
SM14355 ,SM14465 ,
SM14373 ,SM14360 ,
SM13537 ,SM13627 ,
SM13614 ,SM13627 ,
SM13779 ,SM13699 ,
SM13699 ,SM13627 ,
SM10146 ,SM10110 ,
SM10110 ,SM10229 ,
SM10229 ,SM10341 ,
SM10531 ,SM10453 ,
SM10453 ,SM10341 ,
SM2635  ,SM2497  ,
SM2386  ,SM2381  ,
SM2381  ,SM2374  ,
SM2374  ,SM2369  ,
SM2369  ,SM2364  ,
SM2525  ,SM2527  ,
SM2769  ,SM2692  ,
SM2564  ,SM2555  ,
SM2341  ,SM2405  ,
SM2527  ,SM2535  ,
SM2692  ,SM2620  ,
SM2555  ,SM2550  ,
SM2405  ,SM2468  ,
SM2535  ,SM2543  ,
SM2620  ,SM2550  ,
SM2550  ,SM2543  ,
SM2550  ,SM2468  ,
SM2491  ,SM2433  ,
SM2196  ,SM2194  ,
SM1998  ,SM2065  ,
SM2165  ,SM2172  ,
SM2433  ,SM2367  ,
SM2367  ,SM2306  ,
SM2194  ,SM2189  ,
SM2065  ,SM2125  ,
SM2172  ,SM2177  ,
SM2306  ,SM2244  ,
SM2189  ,SM2183  ,
SM2125  ,SM2181  ,
SM2177  ,SM2181  ,
SM2244  ,SM2181  ,
SM2183  ,SM2181  ,
SM5389  ,SM5322  ,
SM5322  ,SM5261  ,
SM4052  ,SM4081  ,
SM4081  ,SM4120  ,
SM2637  ,SM2600  ,
SM594   ,SM606   ,
SM568   ,SM549   ,
SM568   ,SM572   ,
SM572   ,SM559   ,
SM3962  ,SM3932  ,
SM5048  ,SM5076  ,
SM5048  ,SM5235  ,
SM5235  ,SM5264  ,
SM5762  ,SM5703  ,
SM5615  ,SM5602  ,
SM5615  ,SM5381  ,
SM5381  ,SM5351  ,
SM5152  ,SM5351  ,
SM5152  ,SM5128  ,
SM5128  ,SM5316  ,
SM5128  ,SM5097  ,
SM5097  ,SM5286  ,
SM5097  ,SM5076  ,
SM5076  ,SM5264  ,
SM5264  ,SM5286  ,
SM5703  ,SM5662  ,
SM5638  ,SM5662  ,
SM5638  ,SM5609  ,
SM5602  ,SM5609  ,
SM5351  ,SM5316  ,
SM5316  ,SM5286  ,
SM4849  ,SM4801  ,
SM7049  ,SM7036  ,
SM7036  ,SM7027  ,
SM7122  ,SM7027  ,
SM7122  ,SM7114  ,
SM7114  ,SM7018  ,
SM7018  ,SM7027  ,
SM7018  ,SM7013  ,
SM16346 ,SM16289 ,
SM16289 ,SM16211 ,
SM16552 ,SM16522 ,
SM16156 ,SM16211 ,
SM16806 ,SM16876 ,
SM19369 ,SM19390 ,
SM19390 ,SM19409 ,
SM19409 ,SM19426 ,
SM19491 ,SM19516 ,
SM19516 ,SM19535 ,
SM19535 ,SM19549 ,
SM19549 ,SM19565 ,
SM19531 ,SM19505 ,
SM19531 ,SM19550 ,
SM19550 ,SM19572 ,
SM19470 ,SM19477 ,
SM19426 ,SM19444 ,
SM19444 ,SM19461 ,
SM19461 ,SM19481 ,
SM19481 ,SM19490 ,
SM19481 ,SM19505 ,
SM19505 ,SM19490 ,
SM19490 ,SM19477 ,
SM18894 ,SM18906 ,
SM18906 ,SM18915 ,
SM18898 ,SM18914 ,
SM18954 ,SM18942 ,
SM18954 ,SM18971 ,
SM18987 ,SM19000 ,
SM19046 ,SM19070 ,
SM19046 ,SM19056 ,
SM19046 ,SM19072 ,
SM19072 ,SM19056 ,
SM19072 ,SM19065 ,
SM19072 ,SM19070 ,
SM19079 ,SM19070 ,
SM19079 ,SM19088 ,
SM19027 ,SM19013 ,
SM18985 ,SM18971 ,
SM18915 ,SM18933 ,
SM18915 ,SM18926 ,
SM18915 ,SM18914 ,
SM18914 ,SM18926 ,
SM18914 ,SM18933 ,
SM18942 ,SM18933 ,
SM18933 ,SM18926 ,
SM19013 ,SM19000 ,
SM19070 ,SM19065 ,
SM19070 ,SM19056 ,
SM19056 ,SM19065 ,
SM18702 ,SM18710 ,
SM15310 ,SM15269 ,
SM14493 ,SM14561 ,
SM14854 ,SM14839 ,
SM15049 ,SM15001 ,
SM14765 ,SM14777 ,
SM14561 ,SM14629 ,
SM14839 ,SM14834 ,
SM15001 ,SM14965 ,
SM14777 ,SM14784 ,
SM14629 ,SM14688 ,
SM14834 ,SM14822 ,
SM14965 ,SM14914 ,
SM14784 ,SM14792 ,
SM14688 ,SM14745 ,
SM14822 ,SM14814 ,
SM14914 ,SM14859 ,
SM14792 ,SM14804 ,
SM14745 ,SM14804 ,
SM14814 ,SM14804 ,
SM14859 ,SM14804 ,
SM14040 ,SM14094 ,
SM11497 ,SM11489 ,
SM11489 ,SM11480 ,
SM11480 ,SM11474 ,
SM11474 ,SM11463 ,
SM11463 ,SM11615 ,
SM11463 ,SM11453 ,
SM5525  ,SM5436  ,
SM5251  ,SM5160  ,
SM5160  ,SM5077  ,
SM5077  ,SM4992  ,
SM4806  ,SM4880  ,
SM4880  ,SM4992  ,
SM4880  ,SM4921  ,
SM4825  ,SM4797  ,
SM4710  ,SM4733  ,
SM4733  ,SM4797  ,
SM4834  ,SM4797  ,
SM4834  ,SM4875  ,
SM4917  ,SM5017  ,
SM4917  ,SM5049  ,
SM5049  ,SM5090  ,
SM5279  ,SM5220  ,
SM5279  ,SM5346  ,
SM5346  ,SM5418  ,
SM5418  ,SM5490  ,
SM5420  ,SM5490  ,
SM5603  ,SM5508  ,
SM5603  ,SM5614  ,
SM5614  ,SM5521  ,
SM5444  ,SM5327  ,
SM5327  ,SM5231  ,
SM5231  ,SM5320  ,
SM5231  ,SM5151  ,
SM5151  ,SM5127  ,
SM4921  ,SM4943  ,
SM4943  ,SM4981  ,
SM5017  ,SM5027  ,
SM5017  ,SM5090  ,
SM5090  ,SM5163  ,
SM5220  ,SM5163  ,
SM5220  ,SM5252  ,
SM5252  ,SM5163  ,
SM5252  ,SM5282  ,
SM5282  ,SM5292  ,
SM5282  ,SM5393  ,
SM5508  ,SM5393  ,
SM5508  ,SM5521  ,
SM5521  ,SM5320  ,
SM5320  ,SM5292  ,
SM5161  ,SM5292  ,
SM5292  ,SM5393  ,
SM5161  ,SM5163  ,
SM5161  ,SM5127  ,
SM5127  ,SM5027  ,
SM4981  ,SM5027  ,
SM4839  ,SM4831  ,
SM4644  ,SM4721  ,
SM4721  ,SM4813  ,
SM4813  ,SM4906  ,
SM4906  ,SM4991  ,
SM1934  ,SM1884  ,
SM1884  ,SM1838  ,
SM1838  ,SM1786  ,
SM1714  ,SM1708  ,
SM1714  ,SM1626  ,
SM1626  ,SM1623  ,
SM1545  ,SM1597  ,
SM1635  ,SM1662  ,
SM1635  ,SM1650  ,
SM1662  ,SM1665  ,
SM1786  ,SM1728  ,
SM1708  ,SM1728  ,
SM1708  ,SM1668  ,
SM1623  ,SM1668  ,
SM1623  ,SM1597  ,
SM1665  ,SM1668  ,
SM2557  ,SM2480  ,
SM2480  ,SM2413  ,
SM2413  ,SM2348  ,
SM5780  ,SM5693  ,
SM5693  ,SM5624  ,
SM5624  ,SM5532  ,
SM5178  ,SM5105  ,
SM5105  ,SM5033  ,
SM5352  ,SM5449  ,
SM5352  ,SM5364  ,
SM5352  ,SM5269  ,
SM5269  ,SM5191  ,
SM4873  ,SM4933  ,
SM4873  ,SM4833  ,
SM4833  ,SM4773  ,
SM4571  ,SM4636  ,
SM4571  ,SM4516  ,
SM4516  ,SM4463  ,
SM4661  ,SM4648  ,
SM4865  ,SM4784  ,
SM4976  ,SM4933  ,
SM4976  ,SM5030  ,
SM5030  ,SM5114  ,
SM5399  ,SM5378  ,
SM5378  ,SM5364  ,
SM5532  ,SM5449  ,
SM5191  ,SM5114  ,
SM4784  ,SM4704  ,
SM4704  ,SM4636  ,
SM4636  ,SM4648  ,
SM5770  ,SM5721  ,
SM5721  ,SM5668  ,
SM5668  ,SM5589  ,
SM5668  ,SM5681  ,
SM5681  ,SM5641  ,
SM5641  ,SM5589  ,
SM5589  ,SM5555  ,
SM5555  ,SM5504  ,
SM5504  ,SM5456  ,
SM5456  ,SM5542  ,
SM4429  ,SM4363  ,
SM4363  ,SM4319  ,
SM2335  ,SM2275  ,
SM2275  ,SM2212  ,
SM2212  ,SM2161  ,
SM2314  ,SM2354  ,
SM2314  ,SM2332  ,
SM2314  ,SM2251  ,
SM2417  ,SM2354  ,
SM2395  ,SM2290  ,
SM2290  ,SM2273  ,
SM585   ,SM570   ,
SM652   ,SM636   ,
SM692   ,SM655   ,
SM5676  ,SM5713  ,
SM11355 ,SM11423 ,
SM11423 ,SM11314 ,
SM11423 ,SM11428 ,
SM11428 ,SM11314 ,
SM11428 ,SM11505 ,
SM18419 ,SM18424 ,
SM18215 ,SM18223 ,
SM18223 ,SM18233 ,
SM18216 ,SM18231 ,
SM18231 ,SM18233 ,
SM18231 ,SM18238 ,
SM18238 ,SM18233 ,
SM18238 ,SM18251 ,
SM18251 ,SM18260 ,
SM18260 ,SM18274 ,
SM18274 ,SM18292 ,
SM17858 ,SM17872 ,
SM17872 ,SM17890 ,
SM17890 ,SM17907 ,
SM17907 ,SM17923 ,
SM17953 ,SM17960 ,
SM17960 ,SM17970 ,
SM18037 ,SM18063 ,
SM18085 ,SM18077 ,
SM18097 ,SM18074 ,
SM18034 ,SM18026 ,
SM18034 ,SM18048 ,
SM17986 ,SM17975 ,
SM17975 ,SM17967 ,
SM17967 ,SM17958 ,
SM17958 ,SM17950 ,
SM17950 ,SM17952 ,
SM17950 ,SM17943 ,
SM17943 ,SM17952 ,
SM17943 ,SM17937 ,
SM17937 ,SM17932 ,
SM17932 ,SM17923 ,
SM17959 ,SM17956 ,
SM17954 ,SM17956 ,
SM17954 ,SM17952 ,
SM17959 ,SM17966 ,
SM17966 ,SM17971 ,
SM17971 ,SM17979 ,
SM17970 ,SM17982 ,
SM17982 ,SM17993 ,
SM17993 ,SM18006 ,
SM18063 ,SM18074 ,
SM18063 ,SM18068 ,
SM18068 ,SM18074 ,
SM18068 ,SM18077 ,
SM18014 ,SM18006 ,
SM18014 ,SM18017 ,
SM18014 ,SM18026 ,
SM18026 ,SM18017 ,
SM18017 ,SM18008 ,
SM18008 ,SM17997 ,
SM17997 ,SM17987 ,
SM17979 ,SM17987 ,
SM17986 ,SM17996 ,
SM17752 ,SM17764 ,
SM17259 ,SM17277 ,
SM17277 ,SM17315 ,
SM16123 ,SM16158 ,
SM16169 ,SM16233 ,
SM16208 ,SM16158 ,
SM13203 ,SM13207 ,
SM11500 ,SM11629 ,
SM9057  ,SM9176  ,
SM4809  ,SM4740  ,
SM1820  ,SM1770  ,
SM1770  ,SM1706  ,
SM1695  ,SM1627  ,
SM1627  ,SM1567  ,
SM1476  ,SM1471  ,
SM1388  ,SM1429  ,
SM1429  ,SM1467  ,
SM1429  ,SM1465  ,
SM1567  ,SM1518  ,
SM1471  ,SM1467  ,
SM1467  ,SM1465  ,
SM1465  ,SM1518  ,
SM537   ,SM507   ,
SM507   ,SM478   ,
SM3551  ,SM3503  ,
SM3533  ,SM3503  ,
SM9259  ,SM9179  ,
SM9179  ,SM9086  ,
SM9086  ,SM8977  ,
SM9086  ,SM9075  ,
SM9075  ,SM8970  ,
SM8970  ,SM8977  ,
SM19504 ,SM19510 ,
SM19578 ,SM19568 ,
SM19595 ,SM19580 ,
SM19446 ,SM19464 ,
SM19510 ,SM19517 ,
SM19568 ,SM19557 ,
SM19580 ,SM19564 ,
SM19464 ,SM19483 ,
SM19517 ,SM19526 ,
SM19557 ,SM19544 ,
SM19564 ,SM19547 ,
SM19483 ,SM19500 ,
SM19500 ,SM19520 ,
SM19526 ,SM19529 ,
SM19544 ,SM19529 ,
SM19544 ,SM19534 ,
SM19542 ,SM19534 ,
SM19542 ,SM19520 ,
SM19520 ,SM19534 ,
SM19529 ,SM19534 ,
SM19542 ,SM19547 ,
SM11135 ,SM11242 ,
SM11242 ,SM11357 ,
SM11357 ,SM11473 ,
SM9854  ,SM9832  ,
SM9832  ,SM9735  ,
SM9735  ,SM9726  ,
SM9726  ,SM9813  ,
SM9813  ,SM9806  ,
SM8746  ,SM8562  ,
SM8746  ,SM8753  ,
SM8753  ,SM8560  ,
SM8383  ,SM8369  ,
SM8034  ,SM8139  ,
SM8332  ,SM8340  ,
SM8562  ,SM8560  ,
SM8369  ,SM8358  ,
SM8139  ,SM8253  ,
SM8340  ,SM8345  ,
SM8345  ,SM8351  ,
SM8351  ,SM8253  ,
SM8351  ,SM8358  ,
SM4444  ,SM4527  ,
SM1712  ,SM1592  ,
SM1592  ,SM1498  ,
SM1513  ,SM1498  ,
SM1370  ,SM1366  ,
SM1359  ,SM1364  ,
SM1366  ,SM1364  ,
SM1433  ,SM1498  ,
SM1347  ,SM1342  ,
SM1253  ,SM1213  ,
SM1213  ,SM1163  ,
SM1082  ,SM1080  ,
SM758   ,SM756   ,
SM718   ,SM752   ,
SM747   ,SM749   ,
SM1070  ,SM1072  ,
SM1072  ,SM1076  ,
SM1163  ,SM1122  ,
SM1080  ,SM1079  ,
SM756   ,SM752   ,
SM752   ,SM749   ,
SM1076  ,SM1079  ,
SM1076  ,SM1122  ,
SM1122  ,SM1079  ,
SM1304  ,SM1257  ,
SM1257  ,SM1214  ,
SM1124  ,SM1118  ,
SM1037  ,SM1073  ,
SM1121  ,SM1126  ,
SM1126  ,SM1132  ,
SM1214  ,SM1161  ,
SM1118  ,SM1112  ,
SM1073  ,SM1112  ,
SM1132  ,SM1123  ,
SM1112  ,SM1123  ,
SM4232  ,SM4221  ,
SM4221  ,SM4211  ,
SM4289  ,SM4201  ,
SM3620  ,SM3654  ,
SM3574  ,SM3635  ,
SM3574  ,SM3511  ,
SM3729  ,SM3722  ,
SM4211  ,SM4201  ,
SM3654  ,SM3695  ,
SM3714  ,SM3706  ,
SM3706  ,SM3695  ,
SM3714  ,SM3722  ,
SM1933  ,SM1899  ,
SM9307  ,SM9371  ,
SM9371  ,SM9452  ,
SM9452  ,SM9541  ,
SM9541  ,SM9625  ,
SM9727  ,SM9625  ,
SM9727  ,SM9823  ,
SM9823  ,SM9937  ,
SM9823  ,SM9922  ,
SM10014 ,SM9922  ,
SM10014 ,SM9937  ,
SM10014 ,SM10114 ,
SM10114 ,SM10209 ,
SM9937  ,SM9922  ,
SM12834 ,SM12968 ,
SM12994 ,SM13084 ,
SM13046 ,SM12968 ,
SM16517 ,SM16529 ,
SM16529 ,SM16535 ,
SM19159 ,SM19172 ,
SM19406 ,SM19376 ,
SM19241 ,SM19230 ,
SM19179 ,SM19198 ,
SM19153 ,SM19168 ,
SM19168 ,SM19193 ,
SM19193 ,SM19218 ,
SM19218 ,SM19198 ,
SM19218 ,SM19230 ,
SM18125 ,SM18134 ,
SM17750 ,SM17756 ,
SM17756 ,SM17762 ,
SM17762 ,SM17765 ,
SM17765 ,SM17773 ,
SM17773 ,SM17776 ,
SM17776 ,SM17781 ,
SM17781 ,SM17784 ,
SM14297 ,SM14365 ,
SM14365 ,SM14429 ,
SM14898 ,SM14909 ,
SM14909 ,SM14917 ,
SM14146 ,SM14242 ,
SM2973  ,SM2967  ,
SM2967  ,SM2961  ,
SM2720  ,SM2791  ,
SM2934  ,SM2939  ,
SM3132  ,SM3076  ,
SM2961  ,SM2956  ,
SM2791  ,SM2865  ,
SM2939  ,SM2945  ,
SM3076  ,SM3017  ,
SM2956  ,SM2952  ,
SM2865  ,SM2952  ,
SM2945  ,SM2952  ,
SM3017  ,SM2952  ,
SM2316  ,SM2309  ,
SM2309  ,SM2302  ,
SM2106  ,SM2159  ,
SM2279  ,SM2286  ,
SM2493  ,SM2428  ,
SM2302  ,SM2295  ,
SM2159  ,SM2220  ,
SM2286  ,SM2288  ,
SM2428  ,SM2360  ,
SM2295  ,SM2288  ,
SM2220  ,SM2288  ,
SM2288  ,SM2360  ,
SM3329  ,SM3289  ,
SM4509  ,SM4437  ,
SM3459  ,SM3380  ,
SM3380  ,SM3307  ,
SM3125  ,SM3144  ,
SM2984  ,SM3078  ,
SM2984  ,SM2855  ,
SM2682  ,SM2705  ,
SM2705  ,SM2732  ,
SM2653  ,SM2743  ,
SM2743  ,SM2732  ,
SM2743  ,SM2855  ,
SM2630  ,SM2662  ,
SM3339  ,SM3312  ,
SM3312  ,SM3276  ,
SM3276  ,SM3256  ,
SM3256  ,SM3231  ,
SM3307  ,SM3231  ,
SM3144  ,SM3162  ,
SM3078  ,SM3173  ,
SM3173  ,SM3162  ,
SM3173  ,SM3231  ,
SM10852 ,SM10827 ,
SM10852 ,SM10855 ,
SM11185 ,SM11115 ,
SM10932 ,SM10891 ,
SM10554 ,SM10640 ,
SM10753 ,SM10640 ,
SM10753 ,SM10700 ,
SM10753 ,SM10774 ,
SM10753 ,SM10800 ,
SM10800 ,SM10827 ,
SM10827 ,SM10902 ,
SM10902 ,SM10968 ,
SM10968 ,SM11039 ,
SM11039 ,SM11115 ,
SM10891 ,SM10842 ,
SM10842 ,SM10774 ,
SM10640 ,SM10700 ,
SM10700 ,SM10774 ,
SM16731 ,SM16690 ,
SM16646 ,SM16690 ,
SM16646 ,SM16616 ,
SM16602 ,SM16616 ,
SM16774 ,SM16715 ,
SM16605 ,SM16542 ,
SM16542 ,SM16476 ,
SM16664 ,SM16715 ,
SM16476 ,SM16413 ,
SM17906 ,SM17919 ,
SM14734 ,SM14788 ,
SM369   ,SM361   ,
SM361   ,SM351   ,
SM362   ,SM347   ,
SM315   ,SM327   ,
SM291   ,SM314   ,
SM351   ,SM340   ,
SM347   ,SM340   ,
SM347   ,SM333   ,
SM327   ,SM333   ,
SM314   ,SM333   ,
SM340   ,SM333   ,
SM418   ,SM403   ,
SM436   ,SM414   ,
SM414   ,SM399   ,
SM377   ,SM384   ,
SM349   ,SM354   ,
SM349   ,SM343   ,
SM343   ,SM354   ,
SM365   ,SM354   ,
SM398   ,SM399   ,
SM399   ,SM384   ,
SM384   ,SM376   ,
SM376   ,SM366   ,
SM366   ,SM354   ,
SM2510  ,SM2513  ,
SM6938  ,SM6991  ,
SM6938  ,SM6995  ,
SM6995  ,SM6991  ,
SM6995  ,SM7055  ,
SM16203 ,SM16187 ,
SM15985 ,SM16002 ,
SM15985 ,SM15965 ,
SM15075 ,SM15127 ,
SM15127 ,SM15181 ,
SM15181 ,SM15236 ,
SM15236 ,SM15292 ,
SM14950 ,SM15000 ,
SM15000 ,SM15061 ,
SM8194  ,SM8188  ,
SM7727  ,SM7837  ,
SM8112  ,SM8123  ,
SM8491  ,SM8370  ,
SM8188  ,SM8179  ,
SM7837  ,SM7934  ,
SM8123  ,SM8130  ,
SM8370  ,SM8274  ,
SM8179  ,SM8171  ,
SM7934  ,SM8039  ,
SM8130  ,SM8143  ,
SM8274  ,SM8156  ,
SM8171  ,SM8161  ,
SM8039  ,SM8156  ,
SM8143  ,SM8156  ,
SM8156  ,SM8161  ,
SM4046  ,SM3980  ,
SM1040  ,SM997   ,
SM943   ,SM938   ,
SM836   ,SM865   ,
SM917   ,SM919   ,
SM1081  ,SM1044  ,
SM1044  ,SM1012  ,
SM938   ,SM934   ,
SM865   ,SM896   ,
SM919   ,SM924   ,
SM1012  ,SM982   ,
SM934   ,SM928   ,
SM896   ,SM928   ,
SM896   ,SM924   ,
SM924   ,SM928   ,
SM924   ,SM982   ,
SM982   ,SM928   ,
SM854   ,SM793   ,
SM793   ,SM732   ,
SM677   ,SM673   ,
SM582   ,SM615   ,
SM661   ,SM663   ,
SM673   ,SM671   ,
SM663   ,SM668   ,
SM668   ,SM670   ,
SM670   ,SM671   ,
SM578   ,SM563   ,
SM563   ,SM538   ,
SM479   ,SM476   ,
SM422   ,SM443   ,
SM473   ,SM477   ,
SM477   ,SM481   ,
SM538   ,SM506   ,
SM476   ,SM472   ,
SM443   ,SM472   ,
SM443   ,SM475   ,
SM481   ,SM475   ,
SM481   ,SM506   ,
SM506   ,SM475   ,
SM472   ,SM475   ,
SM157   ,SM133   ,
SM133   ,SM119   ,
SM85    ,SM88    ,
SM46    ,SM48    ,
SM41    ,SM45    ,
SM55    ,SM53    ,
SM75    ,SM67    ,
SM67    ,SM58    ,
SM58    ,SM52    ,
SM48    ,SM49    ,
SM45    ,SM50    ,
SM53    ,SM51    ,
SM51    ,SM50    ,
SM51    ,SM52    ,
SM52    ,SM50    ,
SM49    ,SM50    ,
SM75    ,SM86    ,
SM86    ,SM96    ,
SM128   ,SM125   ,
SM125   ,SM121   ,
SM121   ,SM119   ,
SM119   ,SM113   ,
SM88    ,SM92    ,
SM92    ,SM96    ,
SM96    ,SM107   ,
SM107   ,SM113   ,
SM19360 ,SM19344 ,
SM19344 ,SM19334 ,
SM19334 ,SM19322 ,
SM19322 ,SM19312 ,
SM19312 ,SM19292 ,
SM19925 ,SM19927 ,
SM18879 ,SM18891 ,
SM18891 ,SM18900 ,
SM18900 ,SM18910 ,
SM15139 ,SM15166 ,
SM6521  ,SM6515  ,
SM6515  ,SM6503  ,
SM6503  ,SM6497  ,
SM6497  ,SM6488  ,
SM6488  ,SM6482  ,
SM1698  ,SM1694  ,
SM1694  ,SM1688  ,
SM1688  ,SM1684  ,
SM1166  ,SM1129  ,
SM1129  ,SM1083  ,
SM260   ,SM246   ,
SM246   ,SM228   ,
SM193   ,SM198   ,
SM180   ,SM191   ,
SM216   ,SM209   ,
SM228   ,SM215   ,
SM198   ,SM204   ,
SM191   ,SM204   ,
SM209   ,SM204   ,
SM215   ,SM204   ,
SM265   ,SM235   ,
SM190   ,SM196   ,
SM183   ,SM200   ,
SM223   ,SM219   ,
SM196   ,SM200   ,
SM200   ,SM206   ,
SM206   ,SM214   ,
SM214   ,SM219   ,
SM223   ,SM227   ,
SM3223  ,SM3222  ,
SM3235  ,SM3222  ,
SM3235  ,SM3244  ,
SM3235  ,SM3266  ,
SM3266  ,SM3244  ,
SM6703  ,SM6725  ,
SM6725  ,SM6715  ,
SM6725  ,SM6727  ,
SM6727  ,SM6715  ,
SM9409  ,SM9421  ,
SM17347 ,SM17396 ,
SM17396 ,SM17443 ,
SM17396 ,SM17429 ,
SM17396 ,SM17418 ,
SM17418 ,SM17429 ,
SM17418 ,SM17443 ,
SM17443 ,SM17429 ,
SM17793 ,SM17768 ,
SM19448 ,SM19460 ,
SM19460 ,SM19478 ,
SM19950 ,SM19952 ,
SM18807 ,SM18841 ,
SM18841 ,SM18876 ,
SM13453 ,SM13540 ,
SM12852 ,SM12807 ,
SM11587 ,SM11574 ,
SM11574 ,SM11571 ,
SM11460 ,SM11571 ,
SM11460 ,SM11560 ,
SM11460 ,SM11553 ,
SM11544 ,SM11553 ,
SM11650 ,SM11553 ,
SM11650 ,SM11560 ,
SM11650 ,SM11571 ,
SM11571 ,SM11560 ,
SM11560 ,SM11553 ,
SM637   ,SM635   ,
SM197   ,SM185   ,
SM185   ,SM172   ,
SM132   ,SM116   ,
SM95    ,SM102   ,
SM102   ,SM116   ,
SM102   ,SM104   ,
SM102   ,SM101   ,
SM101   ,SM104   ,
SM101   ,SM97    ,
SM116   ,SM104   ,
SM97    ,SM94    ,
SM71    ,SM65    ,
SM65    ,SM60    ,
SM39    ,SM30    ,
SM14569 ,SM14649 ,
SM11536 ,SM11526 ,
SM11526 ,SM11517 ,
SM11517 ,SM11508 ,
SM1268  ,SM1264  ,
SM1264  ,SM1260  ,
SM276   ,SM270   ,
SM19    ,SM14    ,
SM14    ,SM13    ,
SM4     ,SM7     ,
SM9088  ,SM9168  ,
SM4246  ,SM4328  ,
SM12576 ,SM12601 ,
SM10425 ,SM10566 ,
SM17633 ,SM17669 ,
SM3798  ,SM3792  ,
SM1364  ,SM1433  ,
SM10537 ,SM10551 ,
SM8690  ,SM8511  ,
SM7069  ,SM6886  ,
SM442   ,SM493   ,
SM3606  ,SM3476  ,
SM4195  ,SM4084  ,
SM2374  ,SM2497  ,
SM6054  ,SM6043  ,
SM3981  ,SM4092  ,
SM11508 ,SM11763 ,
SM7467  ,SM7347  ,
SM11101 ,SM10911 ,
SM10119 ,SM10247 ,
SM6054  ,SM6065  ,
SM7516  ,SM7308  ,
SM2921  ,SM3052  ,
SM3981  ,SM3867  ,
SM1843  ,SM1737  ,
SM1843  ,SM1940  ,
SM2326  ,SM2461  ,
SM14231 ,SM14252 ,
SM4188  ,SM5088  ,
SM15112 ,SM15203 ,
SM15340 ,SM15435 ,
SM15340 ,SM15704 ,
SM15704 ,SM15715 ,
SM15715 ,SM15732 ,
SM15715 ,SM15757 ,
SM15757 ,SM15744 ,
SM15757 ,SM15767 ,
SM15767 ,SM15484 ,
SM15484 ,SM15522 ,
SM15484 ,SM15396 ,
SM15396 ,SM15298 ,
SM15435 ,SM15525 ,
SM15525 ,SM15564 ,
SM15732 ,SM15744 ,
SM15569 ,SM15564 ,
SM15569 ,SM15522 ,
SM15298 ,SM15203 ,
SM15298 ,SM15112 ,