Node,OH,
SM1     ,A ,
SM2     ,A ,
SM3     ,A ,
SM4     ,A ,
SM5     ,A ,
SM7     ,A ,
SM9     ,A ,
SM10    ,A ,
SM11    ,A ,
SM12    ,A ,
SM13    ,A ,
SM14    ,A ,
SM15    ,A ,
SM16    ,A ,
SM17    ,A ,
SM18    ,A ,
SM19    ,A ,
SM20    ,A ,
SM21    ,A ,
SM22    ,A ,
SM23    ,A ,
SM24    ,A ,
SM25    ,A ,
SM26    ,A ,
SM27    ,A ,
SM28    ,S ,
SM29    ,S ,
SM30    ,A ,
SM31    ,S ,
SM32    ,S ,
SM33    ,S ,
SM34    ,S ,
SM35    ,S ,
SM36    ,S ,
SM37    ,S ,
SM38    ,S ,
SM39    ,A ,
SM40    ,S ,
SM41    ,S ,
SM42    ,S ,
SM43    ,S ,
SM44    ,S ,
SM45    ,S ,
SM46    ,S ,
SM47    ,A ,
SM48    ,S ,
SM49    ,S ,
SM50    ,S ,
SM51    ,S ,
SM52    ,S ,
SM53    ,S ,
SM54    ,A ,
SM55    ,S ,
SM56    ,S ,
SM57    ,A ,
SM58    ,S ,
SM59    ,S ,
SM60    ,A ,
SM61    ,A ,
SM62    ,S ,
SM63    ,S ,
SM64    ,S ,
SM65    ,A ,
SM66    ,S ,
SM67    ,S ,
SM68    ,S ,
SM69    ,S ,
SM70    ,S ,
SM71    ,A ,
SM72    ,S ,
SM73    ,S ,
SM74    ,S ,
SM75    ,S ,
SM76    ,S ,
SM77    ,A ,
SM78    ,A ,
SM79    ,S ,
SM80    ,S ,
SM81    ,S ,
SM82    ,S ,
SM83    ,A ,
SM84    ,A ,
SM85    ,S ,
SM86    ,S ,
SM87    ,S ,
SM88    ,S ,
SM89    ,S ,
SM90    ,A ,
SM91    ,A ,
SM92    ,S ,
SM93    ,S ,
SM94    ,S ,
SM95    ,S ,
SM96    ,S ,
SM97    ,S ,
SM98    ,A ,
SM99    ,S ,
SM100   ,A ,
SM101   ,S ,
SM102   ,S ,
SM103   ,S ,
SM104   ,S ,
SM105   ,A ,
SM106   ,S ,
SM107   ,S ,
SM108   ,A ,
SM109   ,S ,
SM110   ,S ,
SM111   ,A ,
SM112   ,A ,
SM113   ,S ,
SM114   ,S ,
SM115   ,S ,
SM116   ,A ,
SM117   ,A ,
SM118   ,A ,
SM119   ,S ,
SM120   ,A ,
SM121   ,S ,
SM122   ,A ,
SM123   ,S ,
SM124   ,A ,
SM125   ,S ,
SM126   ,A ,
SM127   ,A ,
SM128   ,S ,
SM129   ,A ,
SM130   ,S ,
SM131   ,S ,
SM132   ,A ,
SM133   ,A ,
SM134   ,A ,
SM135   ,S ,
SM136   ,A ,
SM137   ,A ,
SM138   ,A ,
SM139   ,S ,
SM140   ,S ,
SM141   ,S ,
SM142   ,A ,
SM143   ,S ,
SM144   ,A ,
SM145   ,A ,
SM146   ,A ,
SM147   ,S ,
SM148   ,S ,
SM149   ,S ,
SM150   ,S ,
SM151   ,S ,
SM152   ,S ,
SM153   ,A ,
SM154   ,S ,
SM155   ,S ,
SM156   ,S ,
SM157   ,A ,
SM158   ,S ,
SM159   ,A ,
SM160   ,A ,
SM161   ,A ,
SM162   ,A ,
SM163   ,S ,
SM164   ,S ,
SM165   ,S ,
SM166   ,S ,
SM167   ,A ,
SM168   ,A ,
SM169   ,S ,
SM170   ,S ,
SM171   ,S ,
SM172   ,S ,
SM173   ,S ,
SM174   ,S ,
SM175   ,A ,
SM176   ,A ,
SM177   ,S ,
SM178   ,A ,
SM179   ,S ,
SM180   ,S ,
SM181   ,S ,
SM182   ,S ,
SM183   ,A ,
SM184   ,A ,
SM185   ,S ,
SM186   ,A ,
SM187   ,S ,
SM188   ,S ,
SM189   ,S ,
SM190   ,S ,
SM191   ,S ,
SM192   ,A ,
SM193   ,S ,
SM194   ,S ,
SM195   ,A ,
SM196   ,S ,
SM197   ,S ,
SM198   ,S ,
SM199   ,A ,
SM200   ,S ,
SM201   ,A ,
SM202   ,A ,
SM203   ,S ,
SM204   ,S ,
SM205   ,S ,
SM206   ,S ,
SM207   ,A ,
SM208   ,A ,
SM209   ,S ,
SM210   ,S ,
SM211   ,A ,
SM212   ,S ,
SM213   ,A ,
SM214   ,S ,
SM215   ,S ,
SM216   ,S ,
SM217   ,S ,
SM218   ,A ,
SM219   ,S ,
SM220   ,A ,
SM221   ,A ,
SM222   ,S ,
SM223   ,S ,
SM224   ,A ,
SM225   ,S ,
SM226   ,S ,
SM227   ,S ,
SM228   ,S ,
SM229   ,S ,
SM230   ,S ,
SM231   ,A ,
SM232   ,A ,
SM233   ,A ,
SM234   ,S ,
SM235   ,A ,
SM236   ,S ,
SM237   ,S ,
SM238   ,A ,
SM239   ,S ,
SM240   ,A ,
SM241   ,A ,
SM242   ,S ,
SM243   ,S ,
SM244   ,S ,
SM245   ,A ,
SM246   ,S ,
SM247   ,S ,
SM248   ,S ,
SM249   ,A ,
SM250   ,S ,
SM251   ,S ,
SM252   ,S ,
SM253   ,S ,
SM254   ,A ,
SM255   ,A ,
SM256   ,A ,
SM257   ,S ,
SM258   ,S ,
SM259   ,S ,
SM260   ,S ,
SM261   ,S ,
SM262   ,A ,
SM263   ,S ,
SM264   ,S ,
SM265   ,A ,
SM266   ,S ,
SM267   ,A ,
SM268   ,A ,
SM269   ,S ,
SM270   ,S ,
SM271   ,S ,
SM272   ,S ,
SM273   ,S ,
SM274   ,S ,
SM275   ,S ,
SM276   ,S ,
SM277   ,S ,
SM278   ,S ,
SM279   ,S ,
SM280   ,A ,
SM281   ,S ,
SM282   ,A ,
SM283   ,S ,
SM284   ,S ,
SM285   ,S ,
SM286   ,S ,
SM287   ,A ,
SM288   ,S ,
SM289   ,S ,
SM290   ,S ,
SM291   ,S ,
SM292   ,S ,
SM293   ,S ,
SM294   ,S ,
SM295   ,A ,
SM296   ,S ,
SM297   ,S ,
SM298   ,S ,
SM299   ,S ,
SM300   ,A ,
SM301   ,S ,
SM302   ,S ,
SM303   ,S ,
SM304   ,S ,
SM305   ,S ,
SM306   ,A ,
SM307   ,S ,
SM308   ,A ,
SM309   ,S ,
SM310   ,S ,
SM311   ,A ,
SM312   ,S ,
SM313   ,S ,
SM314   ,S ,
SM315   ,S ,
SM316   ,S ,
SM317   ,S ,
SM318   ,S ,
SM319   ,S ,
SM320   ,S ,
SM321   ,A ,
SM322   ,S ,
SM323   ,S ,
SM324   ,A ,
SM325   ,S ,
SM326   ,S ,
SM327   ,S ,
SM328   ,S ,
SM329   ,S ,
SM330   ,A ,
SM331   ,S ,
SM332   ,A ,
SM333   ,S ,
SM334   ,A ,
SM335   ,S ,
SM336   ,S ,
SM337   ,A ,
SM338   ,S ,
SM339   ,S ,
SM340   ,S ,
SM341   ,A ,
SM342   ,S ,
SM343   ,A ,
SM344   ,S ,
SM345   ,A ,
SM346   ,A ,
SM347   ,S ,
SM348   ,S ,
SM349   ,A ,
SM350   ,S ,
SM351   ,S ,
SM352   ,S ,
SM353   ,S ,
SM354   ,A ,
SM355   ,A ,
SM356   ,S ,
SM357   ,A ,
SM358   ,S ,
SM359   ,A ,
SM360   ,S ,
SM361   ,S ,
SM362   ,S ,
SM363   ,S ,
SM364   ,S ,
SM365   ,A ,
SM366   ,A ,
SM367   ,S ,
SM368   ,A ,
SM369   ,S ,
SM370   ,S ,
SM371   ,S ,
SM372   ,A ,
SM373   ,S ,
SM374   ,S ,
SM375   ,A ,
SM376   ,A ,
SM377   ,A ,
SM378   ,S ,
SM379   ,S ,
SM380   ,S ,
SM381   ,S ,
SM382   ,A ,
SM383   ,A ,
SM384   ,A ,
SM385   ,S ,
SM386   ,A ,
SM387   ,A ,
SM388   ,S ,
SM389   ,S ,
SM390   ,S ,
SM391   ,S ,
SM392   ,S ,
SM393   ,S ,
SM394   ,S ,
SM395   ,S ,
SM396   ,A ,
SM397   ,A ,
SM398   ,A ,
SM399   ,A ,
SM400   ,S ,
SM401   ,S ,
SM402   ,A ,
SM403   ,S ,
SM404   ,A ,
SM405   ,S ,
SM406   ,S ,
SM407   ,A ,
SM408   ,S ,
SM409   ,A ,
SM410   ,A ,
SM411   ,S ,
SM412   ,S ,
SM413   ,S ,
SM414   ,A ,
SM415   ,S ,
SM416   ,A ,
SM417   ,S ,
SM418   ,S ,
SM419   ,A ,
SM420   ,A ,
SM421   ,A ,
SM422   ,S ,
SM423   ,A ,
SM424   ,S ,
SM425   ,S ,
SM426   ,S ,
SM427   ,S ,
SM428   ,S ,
SM429   ,S ,
SM430   ,S ,
SM431   ,S ,
SM432   ,S ,
SM433   ,S ,
SM434   ,S ,
SM435   ,S ,
SM436   ,A ,
SM437   ,S ,
SM438   ,A ,
SM439   ,S ,
SM440   ,A ,
SM441   ,A ,
SM442   ,S ,
SM443   ,S ,
SM444   ,S ,
SM445   ,S ,
SM446   ,S ,
SM447   ,S ,
SM448   ,S ,
SM449   ,S ,
SM450   ,S ,
SM451   ,S ,
SM452   ,S ,
SM453   ,S ,
SM454   ,S ,
SM455   ,S ,
SM456   ,S ,
SM457   ,A ,
SM458   ,S ,
SM459   ,S ,
SM460   ,A ,
SM461   ,A ,
SM462   ,S ,
SM463   ,S ,
SM464   ,A ,
SM465   ,A ,
SM466   ,S ,
SM467   ,S ,
SM468   ,A ,
SM469   ,S ,
SM470   ,S ,
SM471   ,S ,
SM472   ,S ,
SM473   ,S ,
SM474   ,S ,
SM475   ,S ,
SM476   ,S ,
SM477   ,S ,
SM478   ,S ,
SM479   ,S ,
SM480   ,S ,
SM481   ,S ,
SM482   ,S ,
SM483   ,S ,
SM484   ,S ,
SM485   ,S ,
SM486   ,A ,
SM487   ,S ,
SM488   ,S ,
SM489   ,S ,
SM490   ,A ,
SM491   ,S ,
SM492   ,S ,
SM493   ,A ,
SM494   ,S ,
SM495   ,A ,
SM496   ,S ,
SM497   ,A ,
SM498   ,S ,
SM499   ,S ,
SM500   ,A ,
SM501   ,S ,
SM502   ,S ,
SM503   ,S ,
SM504   ,S ,
SM505   ,S ,
SM506   ,S ,
SM507   ,S ,
SM508   ,S ,
SM509   ,S ,
SM510   ,A ,
SM511   ,S ,
SM512   ,S ,
SM513   ,S ,
SM514   ,A ,
SM515   ,S ,
SM516   ,S ,
SM517   ,S ,
SM518   ,A ,
SM519   ,S ,
SM520   ,A ,
SM521   ,S ,
SM522   ,A ,
SM523   ,A ,
SM524   ,S ,
SM525   ,S ,
SM527   ,S ,
SM528   ,S ,
SM529   ,A ,
SM530   ,S ,
SM531   ,S ,
SM532   ,S ,
SM533   ,S ,
SM534   ,S ,
SM535   ,A ,
SM536   ,S ,
SM537   ,S ,
SM538   ,S ,
SM539   ,S ,
SM540   ,A ,
SM542   ,S ,
SM543   ,S ,
SM544   ,S ,
SM545   ,A ,
SM546   ,S ,
SM547   ,S ,
SM548   ,S ,
SM549   ,S ,
SM550   ,A ,
SM551   ,A ,
SM552   ,S ,
SM553   ,S ,
SM554   ,A ,
SM555   ,S ,
SM556   ,A ,
SM557   ,S ,
SM558   ,S ,
SM559   ,S ,
SM560   ,S ,
SM561   ,S ,
SM562   ,A ,
SM563   ,S ,
SM564   ,S ,
SM565   ,A ,
SM566   ,S ,
SM567   ,S ,
SM568   ,S ,
SM569   ,A ,
SM570   ,S ,
SM571   ,S ,
SM572   ,S ,
SM573   ,A ,
SM574   ,S ,
SM575   ,S ,
SM576   ,S ,
SM577   ,S ,
SM578   ,S ,
SM579   ,S ,
SM580   ,S ,
SM581   ,S ,
SM582   ,A ,
SM583   ,S ,
SM584   ,A ,
SM585   ,S ,
SM586   ,A ,
SM588   ,S ,
SM589   ,A ,
SM590   ,S ,
SM591   ,S ,
SM592   ,S ,
SM593   ,A ,
SM594   ,S ,
SM595   ,S ,
SM596   ,S ,
SM597   ,S ,
SM598   ,A ,
SM599   ,A ,
SM600   ,S ,
SM601   ,S ,
SM602   ,A ,
SM603   ,S ,
SM604   ,A ,
SM605   ,S ,
SM606   ,S ,
SM607   ,S ,
SM608   ,S ,
SM609   ,S ,
SM610   ,A ,
SM611   ,A ,
SM612   ,A ,
SM613   ,A ,
SM614   ,S ,
SM615   ,A ,
SM616   ,S ,
SM617   ,S ,
SM618   ,A ,
SM619   ,S ,
SM620   ,A ,
SM621   ,S ,
SM622   ,A ,
SM623   ,S ,
SM624   ,A ,
SM625   ,A ,
SM626   ,A ,
SM627   ,S ,
SM628   ,S ,
SM629   ,S ,
SM630   ,S ,
SM631   ,S ,
SM632   ,S ,
SM633   ,A ,
SM634   ,S ,
SM635   ,S ,
SM636   ,A ,
SM637   ,S ,
SM638   ,S ,
SM639   ,A ,
SM640   ,S ,
SM641   ,S ,
SM642   ,S ,
SM643   ,S ,
SM644   ,S ,
SM645   ,S ,
SM646   ,S ,
SM647   ,S ,
SM648   ,S ,
SM649   ,S ,
SM650   ,S ,
SM651   ,S ,
SM652   ,A ,
SM653   ,S ,
SM654   ,S ,
SM655   ,A ,
SM656   ,A ,
SM657   ,A ,
SM658   ,S ,
SM659   ,S ,
SM660   ,S ,
SM661   ,S ,
SM662   ,S ,
SM663   ,S ,
SM664   ,A ,
SM665   ,S ,
SM666   ,S ,
SM667   ,A ,
SM668   ,S ,
SM669   ,S ,
SM670   ,S ,
SM671   ,S ,
SM672   ,A ,
SM673   ,S ,
SM674   ,S ,
SM675   ,S ,
SM676   ,S ,
SM677   ,S ,
SM678   ,S ,
SM679   ,S ,
SM680   ,S ,
SM681   ,S ,
SM682   ,A ,
SM683   ,S ,
SM684   ,S ,
SM685   ,S ,
SM686   ,S ,
SM687   ,S ,
SM688   ,S ,
SM689   ,S ,
SM690   ,A ,
SM691   ,S ,
SM692   ,A ,
SM693   ,S ,
SM694   ,S ,
SM695   ,A ,
SM696   ,S ,
SM697   ,S ,
SM698   ,S ,
SM699   ,A ,
SM700   ,S ,
SM701   ,S ,
SM702   ,S ,
SM703   ,S ,
SM704   ,A ,
SM705   ,S ,
SM706   ,S ,
SM707   ,S ,
SM708   ,S ,
SM709   ,S ,
SM710   ,S ,
SM711   ,S ,
SM712   ,A ,
SM713   ,S ,
SM714   ,S ,
SM715   ,S ,
SM716   ,S ,
SM717   ,S ,
SM718   ,S ,
SM719   ,S ,
SM720   ,S ,
SM721   ,S ,
SM722   ,S ,
SM723   ,S ,
SM724   ,A ,
SM725   ,S ,
SM726   ,S ,
SM727   ,S ,
SM728   ,S ,
SM729   ,S ,
SM730   ,S ,
SM731   ,S ,
SM732   ,A ,
SM733   ,S ,
SM734   ,S ,
SM735   ,S ,
SM736   ,S ,
SM737   ,S ,
SM738   ,A ,
SM739   ,S ,
SM740   ,S ,
SM741   ,S ,
SM742   ,S ,
SM743   ,S ,
SM744   ,S ,
SM745   ,S ,
SM746   ,S ,
SM747   ,S ,
SM748   ,S ,
SM749   ,S ,
SM750   ,A ,
SM751   ,S ,
SM752   ,S ,
SM753   ,A ,
SM754   ,S ,
SM755   ,S ,
SM756   ,S ,
SM757   ,A ,
SM758   ,S ,
SM759   ,S ,
SM760   ,S ,
SM761   ,S ,
SM762   ,A ,
SM763   ,S ,
SM764   ,S ,
SM765   ,S ,
SM766   ,S ,
SM768   ,S ,
SM769   ,S ,
SM770   ,A ,
SM771   ,S ,
SM772   ,S ,
SM773   ,S ,
SM774   ,S ,
SM775   ,S ,
SM776   ,S ,
SM777   ,S ,
SM778   ,S ,
SM779   ,A ,
SM780   ,A ,
SM781   ,S ,
SM782   ,S ,
SM783   ,A ,
SM784   ,S ,
SM785   ,S ,
SM786   ,S ,
SM787   ,S ,
SM788   ,S ,
SM789   ,S ,
SM790   ,S ,
SM791   ,S ,
SM792   ,S ,
SM793   ,A ,
SM794   ,S ,
SM795   ,S ,
SM796   ,S ,
SM797   ,S ,
SM798   ,S ,
SM799   ,S ,
SM800   ,S ,
SM801   ,S ,
SM802   ,S ,
SM803   ,S ,
SM804   ,S ,
SM805   ,S ,
SM806   ,S ,
SM807   ,A ,
SM808   ,S ,
SM809   ,S ,
SM810   ,S ,
SM811   ,S ,
SM812   ,S ,
SM813   ,A ,
SM814   ,S ,
SM815   ,S ,
SM816   ,S ,
SM817   ,S ,
SM818   ,S ,
SM819   ,S ,
SM820   ,S ,
SM821   ,S ,
SM822   ,S ,
SM823   ,S ,
SM824   ,S ,
SM825   ,S ,
SM826   ,S ,
SM827   ,S ,
SM828   ,S ,
SM829   ,S ,
SM830   ,S ,
SM831   ,S ,
SM832   ,A ,
SM833   ,S ,
SM834   ,S ,
SM835   ,S ,
SM836   ,S ,
SM837   ,S ,
SM838   ,S ,
SM839   ,S ,
SM840   ,A ,
SM841   ,S ,
SM842   ,S ,
SM843   ,S ,
SM844   ,A ,
SM845   ,S ,
SM846   ,S ,
SM847   ,S ,
SM848   ,S ,
SM849   ,S ,
SM850   ,S ,
SM851   ,S ,
SM852   ,S ,
SM853   ,S ,
SM854   ,A ,
SM855   ,S ,
SM856   ,S ,
SM857   ,S ,
SM858   ,S ,
SM859   ,S ,
SM860   ,S ,
SM861   ,S ,
SM862   ,S ,
SM863   ,A ,
SM864   ,S ,
SM865   ,S ,
SM866   ,S ,
SM867   ,S ,
SM868   ,S ,
SM869   ,S ,
SM870   ,S ,
SM871   ,A ,
SM872   ,S ,
SM873   ,S ,
SM874   ,S ,
SM875   ,S ,
SM876   ,S ,
SM877   ,S ,
SM878   ,S ,
SM879   ,A ,
SM880   ,S ,
SM881   ,S ,
SM882   ,S ,
SM883   ,S ,
SM884   ,S ,
SM885   ,S ,
SM886   ,A ,
SM887   ,S ,
SM888   ,S ,
SM889   ,S ,
SM890   ,A ,
SM891   ,S ,
SM892   ,S ,
SM893   ,A ,
SM894   ,A ,
SM895   ,A ,
SM896   ,S ,
SM897   ,S ,
SM898   ,S ,
SM899   ,S ,
SM900   ,A ,
SM901   ,S ,
SM902   ,S ,
SM903   ,S ,
SM904   ,S ,
SM905   ,A ,
SM906   ,S ,
SM907   ,A ,
SM908   ,S ,
SM909   ,A ,
SM910   ,S ,
SM911   ,S ,
SM912   ,S ,
SM913   ,S ,
SM914   ,S ,
SM915   ,S ,
SM916   ,S ,
SM917   ,S ,
SM918   ,S ,
SM919   ,S ,
SM920   ,A ,
SM921   ,S ,
SM922   ,S ,
SM923   ,S ,
SM924   ,S ,
SM925   ,S ,
SM926   ,S ,
SM927   ,A ,
SM928   ,S ,
SM929   ,A ,
SM930   ,A ,
SM931   ,A ,
SM932   ,S ,
SM933   ,A ,
SM934   ,S ,
SM935   ,A ,
SM936   ,A ,
SM937   ,A ,
SM938   ,S ,
SM939   ,A ,
SM940   ,A ,
SM941   ,A ,
SM942   ,S ,
SM943   ,S ,
SM944   ,S ,
SM945   ,A ,
SM946   ,A ,
SM947   ,S ,
SM948   ,A ,
SM949   ,A ,
SM950   ,A ,
SM951   ,S ,
SM952   ,A ,
SM953   ,A ,
SM954   ,S ,
SM955   ,S ,
SM956   ,A ,
SM957   ,A ,
SM958   ,A ,
SM959   ,S ,
SM960   ,A ,
SM961   ,A ,
SM962   ,S ,
SM963   ,S ,
SM964   ,A ,
SM965   ,S ,
SM966   ,S ,
SM967   ,A ,
SM968   ,S ,
SM969   ,S ,
SM970   ,S ,
SM971   ,S ,
SM972   ,S ,
SM973   ,S ,
SM974   ,S ,
SM975   ,S ,
SM976   ,S ,
SM977   ,S ,
SM978   ,S ,
SM979   ,S ,
SM980   ,S ,
SM981   ,S ,
SM982   ,S ,
SM983   ,A ,
SM984   ,S ,
SM985   ,S ,
SM986   ,S ,
SM987   ,A ,
SM988   ,S ,
SM989   ,S ,
SM990   ,S ,
SM991   ,S ,
SM992   ,S ,
SM993   ,S ,
SM994   ,S ,
SM995   ,S ,
SM996   ,S ,
SM997   ,A ,
SM998   ,S ,
SM999   ,S ,
SM1000  ,S ,
SM1001  ,A ,
SM1002  ,S ,
SM1003  ,S ,
SM1004  ,S ,
SM1005  ,S ,
SM1006  ,S ,
SM1007  ,S ,
SM1008  ,S ,
SM1009  ,S ,
SM1010  ,A ,
SM1011  ,S ,
SM1012  ,S ,
SM1013  ,A ,
SM1014  ,S ,
SM1015  ,S ,
SM1016  ,A ,
SM1017  ,S ,
SM1018  ,S ,
SM1019  ,S ,
SM1020  ,S ,
SM1021  ,S ,
SM1022  ,S ,
SM1023  ,S ,
SM1024  ,S ,
SM1025  ,S ,
SM1026  ,S ,
SM1027  ,S ,
SM1028  ,S ,
SM1029  ,S ,
SM1030  ,S ,
SM1031  ,S ,
SM1032  ,S ,
SM1033  ,S ,
SM1034  ,S ,
SM1035  ,S ,
SM1036  ,S ,
SM1037  ,S ,
SM1038  ,S ,
SM1039  ,S ,
SM1040  ,A ,
SM1041  ,S ,
SM1042  ,S ,
SM1043  ,S ,
SM1044  ,S ,
SM1045  ,S ,
SM1046  ,S ,
SM1047  ,A ,
SM1048  ,S ,
SM1049  ,S ,
SM1050  ,A ,
SM1051  ,S ,
SM1052  ,S ,
SM1053  ,S ,
SM1054  ,S ,
SM1055  ,S ,
SM1056  ,S ,
SM1057  ,S ,
SM1058  ,S ,
SM1059  ,A ,
SM1060  ,A ,
SM1061  ,S ,
SM1062  ,S ,
SM1063  ,S ,
SM1064  ,S ,
SM1065  ,S ,
SM1066  ,S ,
SM1067  ,S ,
SM1068  ,S ,
SM1069  ,S ,
SM1070  ,S ,
SM1071  ,S ,
SM1072  ,S ,
SM1073  ,S ,
SM1074  ,S ,
SM1075  ,S ,
SM1076  ,S ,
SM1077  ,S ,
SM1078  ,S ,
SM1079  ,S ,
SM1080  ,S ,
SM1081  ,S ,
SM1082  ,S ,
SM1083  ,S ,
SM1084  ,A ,
SM1085  ,S ,
SM1086  ,S ,
SM1087  ,A ,
SM1088  ,S ,
SM1089  ,S ,
SM1090  ,S ,
SM1091  ,S ,
SM1092  ,A ,
SM1093  ,S ,
SM1094  ,S ,
SM1095  ,S ,
SM1096  ,S ,
SM1097  ,S ,
SM1098  ,S ,
SM1099  ,S ,
SM1100  ,S ,
SM1101  ,S ,
SM1102  ,S ,
SM1103  ,A ,
SM1104  ,S ,
SM1105  ,S ,
SM1106  ,A ,
SM1107  ,A ,
SM1108  ,A ,
SM1109  ,A ,
SM1110  ,S ,
SM1111  ,S ,
SM1112  ,S ,
SM1113  ,A ,
SM1114  ,S ,
SM1115  ,S ,
SM1116  ,A ,
SM1117  ,A ,
SM1118  ,S ,
SM1120  ,S ,
SM1121  ,S ,
SM1122  ,S ,
SM1123  ,S ,
SM1124  ,S ,
SM1125  ,S ,
SM1126  ,S ,
SM1127  ,A ,
SM1128  ,S ,
SM1129  ,S ,
SM1130  ,S ,
SM1131  ,A ,
SM1132  ,S ,
SM1133  ,S ,
SM1134  ,A ,
SM1135  ,S ,
SM1136  ,S ,
SM1137  ,S ,
SM1138  ,S ,
SM1139  ,S ,
SM1140  ,A ,
SM1141  ,A ,
SM1142  ,S ,
SM1143  ,S ,
SM1144  ,S ,
SM1145  ,A ,
SM1146  ,S ,
SM1147  ,S ,
SM1148  ,S ,
SM1149  ,S ,
SM1150  ,A ,
SM1151  ,S ,
SM1153  ,S ,
SM1154  ,S ,
SM1155  ,S ,
SM1156  ,S ,
SM1157  ,S ,
SM1158  ,S ,
SM1159  ,A ,
SM1160  ,S ,
SM1161  ,S ,
SM1162  ,S ,
SM1163  ,S ,
SM1164  ,S ,
SM1165  ,S ,
SM1166  ,S ,
SM1167  ,S ,
SM1168  ,S ,
SM1169  ,S ,
SM1170  ,S ,
SM1171  ,S ,
SM1172  ,S ,
SM1173  ,A ,
SM1174  ,A ,
SM1175  ,S ,
SM1176  ,S ,
SM1177  ,S ,
SM1178  ,S ,
SM1179  ,S ,
SM1180  ,S ,
SM1181  ,S ,
SM1182  ,S ,
SM1183  ,A ,
SM1184  ,A ,
SM1185  ,A ,
SM1186  ,S ,
SM1187  ,A ,
SM1188  ,A ,
SM1190  ,S ,
SM1191  ,A ,
SM1192  ,S ,
SM1193  ,A ,
SM1194  ,S ,
SM1195  ,A ,
SM1196  ,S ,
SM1197  ,A ,
SM1198  ,A ,
SM1199  ,A ,
SM1200  ,A ,
SM1201  ,S ,
SM1202  ,A ,
SM1203  ,A ,
SM1204  ,A ,
SM1205  ,S ,
SM1206  ,S ,
SM1207  ,S ,
SM1208  ,A ,
SM1209  ,S ,
SM1210  ,A ,
SM1211  ,S ,
SM1212  ,S ,
SM1213  ,S ,
SM1214  ,S ,
SM1215  ,S ,
SM1216  ,S ,
SM1217  ,S ,
SM1218  ,S ,
SM1219  ,S ,
SM1220  ,A ,
SM1221  ,S ,
SM1222  ,S ,
SM1223  ,S ,
SM1224  ,S ,
SM1225  ,S ,
SM1226  ,S ,
SM1227  ,A ,
SM1228  ,A ,
SM1229  ,S ,
SM1230  ,S ,
SM1231  ,A ,
SM1232  ,S ,
SM1233  ,S ,
SM1234  ,A ,
SM1235  ,A ,
SM1236  ,S ,
SM1237  ,S ,
SM1238  ,S ,
SM1239  ,S ,
SM1240  ,A ,
SM1241  ,S ,
SM1242  ,S ,
SM1243  ,S ,
SM1244  ,A ,
SM1245  ,S ,
SM1246  ,A ,
SM1247  ,S ,
SM1248  ,A ,
SM1249  ,S ,
SM1250  ,S ,
SM1251  ,A ,
SM1252  ,A ,
SM1253  ,S ,
SM1254  ,S ,
SM1255  ,S ,
SM1256  ,A ,
SM1257  ,S ,
SM1258  ,S ,
SM1259  ,S ,
SM1260  ,S ,
SM1261  ,S ,
SM1262  ,A ,
SM1263  ,S ,
SM1264  ,S ,
SM1265  ,S ,
SM1266  ,A ,
SM1267  ,S ,
SM1268  ,S ,
SM1269  ,S ,
SM1270  ,S ,
SM1271  ,S ,
SM1272  ,S ,
SM1273  ,A ,
SM1274  ,S ,
SM1275  ,S ,
SM1276  ,S ,
SM1277  ,A ,
SM1278  ,S ,
SM1279  ,S ,
SM1280  ,A ,
SM1281  ,A ,
SM1282  ,A ,
SM1283  ,S ,
SM1284  ,S ,
SM1285  ,S ,
SM1286  ,S ,
SM1287  ,S ,
SM1288  ,S ,
SM1289  ,A ,
SM1290  ,S ,
SM1291  ,S ,
SM1292  ,S ,
SM1293  ,S ,
SM1294  ,S ,
SM1295  ,S ,
SM1296  ,S ,
SM1297  ,S ,
SM1298  ,S ,
SM1299  ,S ,
SM1300  ,S ,
SM1301  ,S ,
SM1302  ,A ,
SM1303  ,S ,
SM1304  ,S ,
SM1305  ,S ,
SM1306  ,A ,
SM1307  ,A ,
SM1308  ,S ,
SM1309  ,A ,
SM1310  ,S ,
SM1311  ,S ,
SM1312  ,S ,
SM1313  ,S ,
SM1314  ,S ,
SM1315  ,S ,
SM1316  ,S ,
SM1317  ,S ,
SM1318  ,S ,
SM1319  ,S ,
SM1320  ,S ,
SM1321  ,S ,
SM1322  ,S ,
SM1323  ,A ,
SM1324  ,S ,
SM1325  ,S ,
SM1326  ,A ,
SM1327  ,S ,
SM1328  ,S ,
SM1329  ,S ,
SM1330  ,S ,
SM1331  ,S ,
SM1332  ,A ,
SM1333  ,S ,
SM1334  ,S ,
SM1335  ,S ,
SM1336  ,S ,
SM1337  ,S ,
SM1338  ,S ,
SM1339  ,S ,
SM1340  ,S ,
SM1341  ,S ,
SM1342  ,S ,
SM1343  ,A ,
SM1344  ,S ,
SM1345  ,S ,
SM1346  ,A ,
SM1347  ,S ,
SM1348  ,S ,
SM1349  ,S ,
SM1350  ,S ,
SM1351  ,S ,
SM1352  ,S ,
SM1353  ,S ,
SM1354  ,S ,
SM1355  ,S ,
SM1356  ,A ,
SM1357  ,S ,
SM1358  ,S ,
SM1359  ,S ,
SM1360  ,S ,
SM1361  ,S ,
SM1362  ,A ,
SM1363  ,A ,
SM1364  ,A ,
SM1365  ,A ,
SM1366  ,S ,
SM1367  ,A ,
SM1368  ,S ,
SM1369  ,S ,
SM1370  ,S ,
SM1371  ,S ,
SM1372  ,S ,
SM1373  ,S ,
SM1374  ,A ,
SM1375  ,S ,
SM1376  ,S ,
SM1377  ,S ,
SM1378  ,S ,
SM1379  ,S ,
SM1380  ,A ,
SM1381  ,S ,
SM1382  ,S ,
SM1383  ,S ,
SM1384  ,S ,
SM1385  ,S ,
SM1386  ,S ,
SM1387  ,S ,
SM1388  ,S ,
SM1389  ,A ,
SM1390  ,S ,
SM1391  ,S ,
SM1392  ,S ,
SM1393  ,S ,
SM1394  ,S ,
SM1395  ,S ,
SM1396  ,S ,
SM1397  ,S ,
SM1398  ,A ,
SM1399  ,S ,
SM1400  ,S ,
SM1401  ,S ,
SM1402  ,S ,
SM1403  ,S ,
SM1404  ,S ,
SM1405  ,S ,
SM1406  ,S ,
SM1407  ,S ,
SM1408  ,S ,
SM1409  ,S ,
SM1410  ,S ,
SM1411  ,S ,
SM1412  ,S ,
SM1413  ,A ,
SM1414  ,S ,
SM1415  ,S ,
SM1416  ,S ,
SM1417  ,A ,
SM1418  ,A ,
SM1419  ,S ,
SM1420  ,A ,
SM1421  ,S ,
SM1422  ,S ,
SM1423  ,S ,
SM1424  ,S ,
SM1425  ,S ,
SM1426  ,S ,
SM1427  ,S ,
SM1428  ,S ,
SM1429  ,S ,
SM1430  ,S ,
SM1431  ,A ,
SM1432  ,A ,
SM1433  ,A ,
SM1434  ,S ,
SM1435  ,S ,
SM1436  ,A ,
SM1437  ,S ,
SM1438  ,S ,
SM1439  ,S ,
SM1440  ,S ,
SM1441  ,A ,
SM1442  ,A ,
SM1443  ,S ,
SM1444  ,A ,
SM1445  ,S ,
SM1446  ,S ,
SM1447  ,S ,
SM1448  ,S ,
SM1449  ,S ,
SM1450  ,A ,
SM1451  ,S ,
SM1452  ,S ,
SM1453  ,A ,
SM1454  ,S ,
SM1455  ,S ,
SM1456  ,S ,
SM1457  ,S ,
SM1458  ,S ,
SM1459  ,A ,
SM1460  ,A ,
SM1461  ,A ,
SM1462  ,A ,
SM1463  ,S ,
SM1464  ,S ,
SM1465  ,S ,
SM1466  ,S ,
SM1467  ,S ,
SM1468  ,S ,
SM1469  ,A ,
SM1470  ,S ,
SM1471  ,S ,
SM1472  ,A ,
SM1473  ,S ,
SM1474  ,S ,
SM1475  ,A ,
SM1476  ,S ,
SM1477  ,A ,
SM1478  ,S ,
SM1479  ,S ,
SM1480  ,S ,
SM1481  ,S ,
SM1482  ,S ,
SM1483  ,S ,
SM1484  ,S ,
SM1485  ,A ,
SM1486  ,S ,
SM1487  ,S ,
SM1488  ,S ,
SM1489  ,S ,
SM1490  ,A ,
SM1491  ,A ,
SM1492  ,S ,
SM1493  ,S ,
SM1494  ,S ,
SM1495  ,S ,
SM1496  ,S ,
SM1497  ,S ,
SM1498  ,A ,
SM1499  ,A ,
SM1500  ,S ,
SM1501  ,S ,
SM1502  ,S ,
SM1503  ,A ,
SM1504  ,S ,
SM1505  ,S ,
SM1506  ,A ,
SM1507  ,S ,
SM1508  ,S ,
SM1509  ,S ,
SM1510  ,A ,
SM1511  ,S ,
SM1512  ,S ,
SM1513  ,A ,
SM1514  ,S ,
SM1515  ,A ,
SM1516  ,S ,
SM1517  ,A ,
SM1518  ,S ,
SM1519  ,S ,
SM1521  ,A ,
SM1522  ,S ,
SM1523  ,S ,
SM1524  ,A ,
SM1525  ,S ,
SM1526  ,S ,
SM1527  ,S ,
SM1528  ,S ,
SM1530  ,S ,
SM1531  ,S ,
SM1532  ,S ,
SM1533  ,A ,
SM1534  ,A ,
SM1535  ,S ,
SM1536  ,S ,
SM1537  ,S ,
SM1538  ,S ,
SM1539  ,A ,
SM1540  ,A ,
SM1541  ,S ,
SM1542  ,A ,
SM1543  ,S ,
SM1544  ,S ,
SM1545  ,S ,
SM1546  ,A ,
SM1547  ,S ,
SM1548  ,S ,
SM1549  ,S ,
SM1550  ,S ,
SM1551  ,S ,
SM1552  ,A ,
SM1553  ,S ,
SM1554  ,S ,
SM1555  ,S ,
SM1556  ,A ,
SM1557  ,S ,
SM1558  ,S ,
SM1559  ,S ,
SM1560  ,S ,
SM1561  ,S ,
SM1562  ,A ,
SM1563  ,S ,
SM1564  ,S ,
SM1565  ,S ,
SM1566  ,S ,
SM1567  ,S ,
SM1568  ,A ,
SM1569  ,S ,
SM1570  ,A ,
SM1571  ,S ,
SM1572  ,S ,
SM1573  ,S ,
SM1574  ,S ,
SM1575  ,A ,
SM1576  ,S ,
SM1577  ,A ,
SM1578  ,A ,
SM1579  ,S ,
SM1580  ,S ,
SM1581  ,S ,
SM1582  ,A ,
SM1583  ,S ,
SM1584  ,S ,
SM1585  ,A ,
SM1586  ,S ,
SM1587  ,S ,
SM1588  ,A ,
SM1589  ,S ,
SM1590  ,S ,
SM1591  ,A ,
SM1592  ,A ,
SM1593  ,S ,
SM1594  ,S ,
SM1595  ,A ,
SM1596  ,S ,
SM1597  ,S ,
SM1598  ,S ,
SM1599  ,S ,
SM1600  ,S ,
SM1601  ,S ,
SM1602  ,S ,
SM1603  ,S ,
SM1604  ,A ,
SM1605  ,S ,
SM1606  ,S ,
SM1607  ,S ,
SM1608  ,A ,
SM1609  ,A ,
SM1610  ,S ,
SM1611  ,A ,
SM1612  ,S ,
SM1613  ,A ,
SM1614  ,S ,
SM1615  ,A ,
SM1616  ,S ,
SM1617  ,S ,
SM1618  ,A ,
SM1619  ,S ,
SM1620  ,S ,
SM1621  ,S ,
SM1622  ,S ,
SM1623  ,S ,
SM1624  ,S ,
SM1625  ,S ,
SM1626  ,S ,
SM1627  ,S ,
SM1628  ,A ,
SM1629  ,A ,
SM1630  ,S ,
SM1631  ,S ,
SM1632  ,S ,
SM1633  ,A ,
SM1634  ,S ,
SM1635  ,S ,
SM1636  ,A ,
SM1637  ,S ,
SM1638  ,S ,
SM1639  ,S ,
SM1640  ,S ,
SM1641  ,S ,
SM1642  ,S ,
SM1643  ,S ,
SM1644  ,S ,
SM1645  ,S ,
SM1646  ,S ,
SM1648  ,A ,
SM1649  ,S ,
SM1650  ,S ,
SM1651  ,A ,
SM1652  ,A ,
SM1653  ,S ,
SM1654  ,A ,
SM1655  ,S ,
SM1657  ,S ,
SM1658  ,S ,
SM1659  ,S ,
SM1660  ,A ,
SM1661  ,S ,
SM1662  ,S ,
SM1663  ,S ,
SM1664  ,S ,
SM1665  ,S ,
SM1666  ,A ,
SM1667  ,S ,
SM1668  ,S ,
SM1669  ,S ,
SM1670  ,S ,
SM1671  ,S ,
SM1672  ,S ,
SM1673  ,S ,
SM1674  ,S ,
SM1675  ,A ,
SM1676  ,S ,
SM1677  ,S ,
SM1678  ,A ,
SM1679  ,A ,
SM1680  ,S ,
SM1681  ,A ,
SM1682  ,S ,
SM1683  ,A ,
SM1684  ,S ,
SM1685  ,S ,
SM1686  ,S ,
SM1687  ,A ,
SM1688  ,S ,
SM1689  ,A ,
SM1690  ,S ,
SM1691  ,S ,
SM1692  ,A ,
SM1693  ,S ,
SM1694  ,S ,
SM1695  ,S ,
SM1696  ,S ,
SM1697  ,A ,
SM1698  ,S ,
SM1699  ,A ,
SM1700  ,S ,
SM1701  ,A ,
SM1702  ,S ,
SM1703  ,S ,
SM1704  ,A ,
SM1705  ,A ,
SM1706  ,S ,
SM1707  ,S ,
SM1708  ,S ,
SM1709  ,S ,
SM1710  ,S ,
SM1711  ,S ,
SM1712  ,A ,
SM1713  ,A ,
SM1714  ,S ,
SM1715  ,S ,
SM1716  ,S ,
SM1717  ,S ,
SM1718  ,S ,
SM1719  ,A ,
SM1720  ,A ,
SM1721  ,S ,
SM1722  ,S ,
SM1723  ,A ,
SM1724  ,A ,
SM1725  ,S ,
SM1726  ,A ,
SM1727  ,A ,
SM1728  ,S ,
SM1729  ,S ,
SM1730  ,S ,
SM1731  ,S ,
SM1732  ,S ,
SM1733  ,S ,
SM1734  ,A ,
SM1735  ,S ,
SM1736  ,S ,
SM1737  ,A ,
SM1738  ,A ,
SM1739  ,S ,
SM1740  ,S ,
SM1741  ,A ,
SM1742  ,S ,
SM1743  ,S ,
SM1744  ,S ,
SM1745  ,S ,
SM1746  ,A ,
SM1747  ,S ,
SM1748  ,A ,
SM1749  ,S ,
SM1750  ,S ,
SM1751  ,S ,
SM1752  ,S ,
SM1753  ,A ,
SM1754  ,S ,
SM1755  ,S ,
SM1756  ,A ,
SM1757  ,S ,
SM1758  ,A ,
SM1759  ,S ,
SM1760  ,S ,
SM1761  ,S ,
SM1762  ,A ,
SM1763  ,S ,
SM1764  ,S ,
SM1765  ,S ,
SM1766  ,S ,
SM1767  ,S ,
SM1768  ,A ,
SM1769  ,A ,
SM1770  ,S ,
SM1771  ,A ,
SM1772  ,A ,
SM1773  ,S ,
SM1774  ,S ,
SM1775  ,A ,
SM1776  ,A ,
SM1777  ,A ,
SM1778  ,S ,
SM1779  ,A ,
SM1780  ,S ,
SM1781  ,A ,
SM1782  ,S ,
SM1783  ,A ,
SM1784  ,S ,
SM1785  ,A ,
SM1786  ,S ,
SM1787  ,A ,
SM1788  ,A ,
SM1789  ,A ,
SM1790  ,S ,
SM1791  ,S ,
SM1792  ,S ,
SM1793  ,S ,
SM1794  ,A ,
SM1795  ,A ,
SM1796  ,A ,
SM1797  ,S ,
SM1798  ,A ,
SM1799  ,S ,
SM1800  ,A ,
SM1801  ,S ,
SM1802  ,A ,
SM1803  ,A ,
SM1804  ,A ,
SM1805  ,A ,
SM1806  ,A ,
SM1807  ,A ,
SM1809  ,S ,
SM1810  ,A ,
SM1811  ,S ,
SM1812  ,S ,
SM1813  ,S ,
SM1814  ,A ,
SM1815  ,A ,
SM1816  ,S ,
SM1817  ,S ,
SM1818  ,A ,
SM1819  ,A ,
SM1820  ,S ,
SM1821  ,S ,
SM1822  ,A ,
SM1823  ,A ,
SM1824  ,S ,
SM1825  ,A ,
SM1826  ,S ,
SM1827  ,A ,
SM1828  ,A ,
SM1829  ,S ,
SM1830  ,A ,
SM1831  ,S ,
SM1832  ,S ,
SM1833  ,A ,
SM1834  ,S ,
SM1835  ,A ,
SM1836  ,A ,
SM1837  ,A ,
SM1838  ,S ,
SM1839  ,S ,
SM1841  ,A ,
SM1842  ,A ,
SM1843  ,S ,
SM1844  ,A ,
SM1845  ,A ,
SM1846  ,A ,
SM1847  ,A ,
SM1848  ,A ,
SM1849  ,A ,
SM1850  ,A ,
SM1851  ,S ,
SM1852  ,S ,
SM1853  ,S ,
SM1854  ,A ,
SM1855  ,A ,
SM1856  ,A ,
SM1857  ,S ,
SM1858  ,A ,
SM1859  ,S ,
SM1860  ,S ,
SM1861  ,S ,
SM1862  ,A ,
SM1863  ,S ,
SM1864  ,S ,
SM1865  ,S ,
SM1866  ,A ,
SM1867  ,A ,
SM1868  ,A ,
SM1869  ,S ,
SM1870  ,S ,
SM1871  ,S ,
SM1872  ,A ,
SM1873  ,A ,
SM1874  ,S ,
SM1875  ,A ,
SM1876  ,A ,
SM1877  ,A ,
SM1878  ,S ,
SM1879  ,A ,
SM1880  ,A ,
SM1881  ,S ,
SM1882  ,A ,
SM1883  ,A ,
SM1884  ,S ,
SM1885  ,A ,
SM1886  ,S ,
SM1887  ,A ,
SM1888  ,S ,
SM1889  ,S ,
SM1890  ,A ,
SM1891  ,A ,
SM1892  ,A ,
SM1893  ,A ,
SM1894  ,A ,
SM1895  ,S ,
SM1896  ,A ,
SM1897  ,S ,
SM1898  ,A ,
SM1899  ,A ,
SM1900  ,S ,
SM1901  ,A ,
SM1902  ,S ,
SM1903  ,S ,
SM1904  ,A ,
SM1905  ,S ,
SM1906  ,S ,
SM1907  ,S ,
SM1908  ,A ,
SM1909  ,S ,
SM1910  ,A ,
SM1911  ,A ,
SM1912  ,S ,
SM1913  ,A ,
SM1914  ,S ,
SM1915  ,S ,
SM1916  ,S ,
SM1917  ,A ,
SM1918  ,A ,
SM1919  ,A ,
SM1920  ,A ,
SM1921  ,S ,
SM1922  ,S ,
SM1923  ,S ,
SM1924  ,A ,
SM1925  ,A ,
SM1926  ,A ,
SM1927  ,S ,
SM1928  ,A ,
SM1929  ,A ,
SM1931  ,A ,
SM1932  ,S ,
SM1933  ,A ,
SM1934  ,S ,
SM1935  ,S ,
SM1936  ,A ,
SM1937  ,S ,
SM1938  ,A ,
SM1939  ,S ,
SM1940  ,A ,
SM1941  ,A ,
SM1942  ,A ,
SM1943  ,A ,
SM1944  ,A ,
SM1945  ,A ,
SM1946  ,S ,
SM1947  ,S ,
SM1948  ,S ,
SM1949  ,A ,
SM1950  ,A ,
SM1951  ,A ,
SM1952  ,S ,
SM1953  ,S ,
SM1954  ,S ,
SM1955  ,S ,
SM1956  ,S ,
SM1957  ,A ,
SM1958  ,S ,
SM1959  ,A ,
SM1960  ,A ,
SM1961  ,S ,
SM1962  ,S ,
SM1963  ,S ,
SM1964  ,S ,
SM1965  ,S ,
SM1966  ,A ,
SM1967  ,S ,
SM1968  ,A ,
SM1969  ,S ,
SM1970  ,A ,
SM1971  ,S ,
SM1972  ,A ,
SM1973  ,S ,
SM1974  ,A ,
SM1975  ,S ,
SM1976  ,S ,
SM1977  ,A ,
SM1978  ,A ,
SM1979  ,A ,
SM1980  ,S ,
SM1981  ,S ,
SM1982  ,A ,
SM1983  ,A ,
SM1984  ,S ,
SM1985  ,A ,
SM1986  ,A ,
SM1987  ,S ,
SM1988  ,A ,
SM1989  ,S ,
SM1990  ,S ,
SM1991  ,S ,
SM1992  ,A ,
SM1993  ,S ,
SM1994  ,S ,
SM1995  ,A ,
SM1996  ,A ,
SM1997  ,A ,
SM1998  ,S ,
SM1999  ,S ,
SM2000  ,A ,
SM2001  ,A ,
SM2002  ,S ,
SM2003  ,S ,
SM2004  ,S ,
SM2005  ,A ,
SM2006  ,S ,
SM2007  ,S ,
SM2008  ,S ,
SM2009  ,A ,
SM2010  ,A ,
SM2011  ,S ,
SM2012  ,S ,
SM2013  ,A ,
SM2014  ,S ,
SM2015  ,A ,
SM2016  ,A ,
SM2017  ,A ,
SM2018  ,S ,
SM2019  ,S ,
SM2020  ,S ,
SM2021  ,A ,
SM2022  ,S ,
SM2023  ,S ,
SM2024  ,A ,
SM2025  ,A ,
SM2026  ,A ,
SM2027  ,S ,
SM2028  ,S ,
SM2029  ,S ,
SM2030  ,S ,
SM2031  ,A ,
SM2032  ,A ,
SM2033  ,A ,
SM2034  ,A ,
SM2035  ,S ,
SM2036  ,S ,
SM2037  ,A ,
SM2038  ,S ,
SM2039  ,A ,
SM2040  ,S ,
SM2041  ,A ,
SM2042  ,A ,
SM2043  ,S ,
SM2044  ,S ,
SM2045  ,S ,
SM2046  ,S ,
SM2047  ,S ,
SM2048  ,S ,
SM2049  ,A ,
SM2050  ,A ,
SM2051  ,A ,
SM2052  ,S ,
SM2053  ,A ,
SM2054  ,A ,
SM2055  ,S ,
SM2056  ,A ,
SM2057  ,A ,
SM2058  ,S ,
SM2059  ,S ,
SM2060  ,S ,
SM2061  ,S ,
SM2062  ,S ,
SM2063  ,A ,
SM2064  ,A ,
SM2065  ,S ,
SM2066  ,S ,
SM2067  ,S ,
SM2068  ,A ,
SM2069  ,S ,
SM2070  ,A ,
SM2071  ,A ,
SM2072  ,S ,
SM2073  ,S ,
SM2074  ,S ,
SM2075  ,S ,
SM2076  ,A ,
SM2077  ,A ,
SM2078  ,S ,
SM2079  ,S ,
SM2080  ,S ,
SM2081  ,A ,
SM2082  ,S ,
SM2083  ,S ,
SM2084  ,S ,
SM2085  ,S ,
SM2086  ,A ,
SM2087  ,A ,
SM2088  ,A ,
SM2089  ,A ,
SM2090  ,S ,
SM2091  ,S ,
SM2092  ,A ,
SM2093  ,S ,
SM2094  ,A ,
SM2095  ,S ,
SM2096  ,S ,
SM2097  ,A ,
SM2098  ,A ,
SM2099  ,A ,
SM2100  ,S ,
SM2101  ,A ,
SM2102  ,S ,
SM2103  ,S ,
SM2104  ,A ,
SM2105  ,A ,
SM2106  ,S ,
SM2107  ,A ,
SM2108  ,S ,
SM2109  ,A ,
SM2110  ,S ,
SM2111  ,S ,
SM2112  ,S ,
SM2113  ,A ,
SM2114  ,A ,
SM2115  ,S ,
SM2116  ,S ,
SM2117  ,S ,
SM2118  ,A ,
SM2119  ,A ,
SM2120  ,A ,
SM2121  ,S ,
SM2122  ,A ,
SM2123  ,A ,
SM2124  ,A ,
SM2125  ,S ,
SM2126  ,A ,
SM2127  ,A ,
SM2128  ,S ,
SM2129  ,S ,
SM2130  ,S ,
SM2131  ,A ,
SM2132  ,S ,
SM2133  ,S ,
SM2134  ,S ,
SM2135  ,S ,
SM2136  ,A ,
SM2138  ,S ,
SM2139  ,A ,
SM2140  ,S ,
SM2141  ,A ,
SM2142  ,A ,
SM2143  ,S ,
SM2144  ,S ,
SM2145  ,S ,
SM2146  ,A ,
SM2147  ,S ,
SM2148  ,S ,
SM2149  ,A ,
SM2150  ,A ,
SM2151  ,A ,
SM2152  ,S ,
SM2153  ,S ,
SM2154  ,S ,
SM2155  ,A ,
SM2156  ,A ,
SM2157  ,A ,
SM2158  ,S ,
SM2159  ,S ,
SM2160  ,A ,
SM2161  ,S ,
SM2162  ,S ,
SM2163  ,S ,
SM2164  ,A ,
SM2165  ,S ,
SM2166  ,A ,
SM2167  ,S ,
SM2168  ,A ,
SM2169  ,A ,
SM2170  ,S ,
SM2171  ,A ,
SM2172  ,S ,
SM2173  ,S ,
SM2174  ,S ,
SM2175  ,A ,
SM2176  ,A ,
SM2177  ,S ,
SM2178  ,S ,
SM2179  ,A ,
SM2181  ,S ,
SM2182  ,S ,
SM2183  ,S ,
SM2184  ,S ,
SM2185  ,S ,
SM2186  ,A ,
SM2187  ,A ,
SM2188  ,A ,
SM2189  ,S ,
SM2190  ,A ,
SM2191  ,A ,
SM2192  ,A ,
SM2193  ,S ,
SM2194  ,S ,
SM2195  ,A ,
SM2196  ,S ,
SM2197  ,S ,
SM2198  ,A ,
SM2199  ,S ,
SM2200  ,A ,
SM2201  ,S ,
SM2202  ,S ,
SM2203  ,A ,
SM2204  ,A ,
SM2205  ,A ,
SM2206  ,A ,
SM2207  ,A ,
SM2208  ,S ,
SM2209  ,S ,
SM2210  ,S ,
SM2211  ,A ,
SM2212  ,S ,
SM2213  ,A ,
SM2214  ,S ,
SM2215  ,S ,
SM2216  ,S ,
SM2217  ,A ,
SM2218  ,A ,
SM2219  ,S ,
SM2220  ,S ,
SM2221  ,S ,
SM2222  ,S ,
SM2223  ,A ,
SM2224  ,A ,
SM2225  ,A ,
SM2226  ,S ,
SM2227  ,S ,
SM2228  ,A ,
SM2229  ,A ,
SM2230  ,S ,
SM2231  ,A ,
SM2232  ,S ,
SM2233  ,A ,
SM2234  ,A ,
SM2235  ,S ,
SM2236  ,S ,
SM2237  ,A ,
SM2238  ,S ,
SM2239  ,A ,
SM2240  ,A ,
SM2241  ,S ,
SM2242  ,A ,
SM2243  ,S ,
SM2244  ,S ,
SM2245  ,A ,
SM2246  ,S ,
SM2247  ,S ,
SM2248  ,A ,
SM2249  ,A ,
SM2250  ,S ,
SM2251  ,S ,
SM2252  ,A ,
SM2253  ,A ,
SM2254  ,S ,
SM2255  ,A ,
SM2256  ,A ,
SM2257  ,S ,
SM2258  ,A ,
SM2259  ,A ,
SM2260  ,S ,
SM2261  ,A ,
SM2262  ,S ,
SM2263  ,A ,
SM2264  ,S ,
SM2265  ,S ,
SM2266  ,S ,
SM2267  ,S ,
SM2268  ,S ,
SM2269  ,S ,
SM2270  ,S ,
SM2271  ,S ,
SM2272  ,A ,
SM2273  ,A ,
SM2274  ,S ,
SM2275  ,S ,
SM2276  ,A ,
SM2277  ,S ,
SM2278  ,A ,
SM2279  ,S ,
SM2280  ,A ,
SM2281  ,S ,
SM2282  ,S ,
SM2283  ,S ,
SM2284  ,A ,
SM2285  ,S ,
SM2286  ,S ,
SM2287  ,S ,
SM2288  ,S ,
SM2289  ,S ,
SM2290  ,A ,
SM2291  ,A ,
SM2292  ,S ,
SM2293  ,A ,
SM2294  ,S ,
SM2295  ,S ,
SM2296  ,A ,
SM2297  ,A ,
SM2298  ,A ,
SM2299  ,S ,
SM2300  ,S ,
SM2301  ,S ,
SM2302  ,S ,
SM2303  ,A ,
SM2304  ,S ,
SM2305  ,S ,
SM2306  ,S ,
SM2307  ,A ,
SM2308  ,A ,
SM2309  ,S ,
SM2310  ,A ,
SM2311  ,S ,
SM2312  ,S ,
SM2313  ,A ,
SM2314  ,S ,
SM2315  ,A ,
SM2316  ,S ,
SM2318  ,A ,
SM2319  ,S ,
SM2320  ,A ,
SM2321  ,S ,
SM2322  ,S ,
SM2323  ,S ,
SM2324  ,S ,
SM2325  ,A ,
SM2326  ,S ,
SM2327  ,A ,
SM2328  ,A ,
SM2329  ,S ,
SM2330  ,S ,
SM2331  ,A ,
SM2332  ,S ,
SM2333  ,S ,
SM2334  ,S ,
SM2335  ,S ,
SM2336  ,A ,
SM2337  ,A ,
SM2338  ,A ,
SM2339  ,S ,
SM2340  ,A ,
SM2341  ,S ,
SM2342  ,A ,
SM2343  ,S ,
SM2344  ,S ,
SM2345  ,A ,
SM2346  ,A ,
SM2347  ,S ,
SM2348  ,S ,
SM2349  ,S ,
SM2350  ,S ,
SM2351  ,S ,
SM2352  ,S ,
SM2353  ,S ,
SM2354  ,S ,
SM2355  ,A ,
SM2356  ,S ,
SM2357  ,A ,
SM2358  ,A ,
SM2359  ,S ,
SM2360  ,S ,
SM2361  ,A ,
SM2362  ,S ,
SM2363  ,A ,
SM2364  ,S ,
SM2365  ,A ,
SM2366  ,S ,
SM2367  ,S ,
SM2368  ,A ,
SM2369  ,S ,
SM2370  ,A ,
SM2371  ,A ,
SM2372  ,A ,
SM2373  ,S ,
SM2374  ,S ,
SM2375  ,A ,
SM2376  ,A ,
SM2377  ,A ,
SM2378  ,S ,
SM2379  ,S ,
SM2380  ,S ,
SM2381  ,S ,
SM2383  ,S ,
SM2384  ,A ,
SM2385  ,S ,
SM2386  ,S ,
SM2387  ,A ,
SM2388  ,A ,
SM2389  ,A ,
SM2390  ,A ,
SM2391  ,A ,
SM2392  ,S ,
SM2393  ,S ,
SM2394  ,S ,
SM2395  ,A ,
SM2396  ,S ,
SM2397  ,S ,
SM2398  ,A ,
SM2399  ,S ,
SM2400  ,A ,
SM2401  ,A ,
SM2402  ,S ,
SM2403  ,S ,
SM2404  ,A ,
SM2405  ,S ,
SM2407  ,A ,
SM2408  ,A ,
SM2409  ,S ,
SM2410  ,S ,
SM2411  ,A ,
SM2413  ,S ,
SM2414  ,S ,
SM2415  ,A ,
SM2416  ,S ,
SM2417  ,S ,
SM2418  ,S ,
SM2419  ,S ,
SM2420  ,A ,
SM2421  ,S ,
SM2422  ,S ,
SM2423  ,A ,
SM2424  ,S ,
SM2425  ,A ,
SM2426  ,A ,
SM2427  ,S ,
SM2428  ,S ,
SM2429  ,A ,
SM2430  ,S ,
SM2432  ,S ,
SM2433  ,S ,
SM2434  ,S ,
SM2435  ,S ,
SM2436  ,S ,
SM2437  ,A ,
SM2438  ,A ,
SM2439  ,A ,
SM2440  ,A ,
SM2441  ,A ,
SM2442  ,S ,
SM2443  ,S ,
SM2444  ,S ,
SM2445  ,A ,
SM2446  ,S ,
SM2447  ,S ,
SM2448  ,S ,
SM2449  ,A ,
SM2450  ,S ,
SM2451  ,A ,
SM2452  ,S ,
SM2453  ,S ,
SM2454  ,S ,
SM2455  ,S ,
SM2456  ,S ,
SM2457  ,S ,
SM2458  ,A ,
SM2459  ,S ,
SM2460  ,A ,
SM2461  ,A ,
SM2462  ,S ,
SM2463  ,S ,
SM2464  ,A ,
SM2465  ,A ,
SM2466  ,S ,
SM2467  ,A ,
SM2468  ,S ,
SM2469  ,S ,
SM2470  ,A ,
SM2471  ,A ,
SM2472  ,S ,
SM2473  ,S ,
SM2474  ,S ,
SM2475  ,S ,
SM2476  ,S ,
SM2477  ,S ,
SM2478  ,S ,
SM2479  ,A ,
SM2480  ,S ,
SM2481  ,A ,
SM2482  ,A ,
SM2483  ,S ,
SM2484  ,A ,
SM2485  ,S ,
SM2486  ,S ,
SM2487  ,S ,
SM2488  ,A ,
SM2489  ,A ,
SM2490  ,S ,
SM2491  ,S ,
SM2492  ,S ,
SM2493  ,S ,
SM2494  ,S ,
SM2495  ,A ,
SM2496  ,S ,
SM2497  ,A ,
SM2498  ,S ,
SM2499  ,A ,
SM2500  ,S ,
SM2501  ,S ,
SM2502  ,A ,
SM2503  ,S ,
SM2504  ,S ,
SM2505  ,A ,
SM2506  ,A ,
SM2507  ,A ,
SM2508  ,A ,
SM2509  ,A ,
SM2510  ,A ,
SM2511  ,S ,
SM2512  ,S ,
SM2513  ,A ,
SM2514  ,A ,
SM2515  ,A ,
SM2516  ,A ,
SM2517  ,A ,
SM2518  ,S ,
SM2519  ,A ,
SM2520  ,S ,
SM2521  ,S ,
SM2522  ,S ,
SM2524  ,S ,
SM2525  ,S ,
SM2526  ,A ,
SM2527  ,S ,
SM2528  ,S ,
SM2529  ,S ,
SM2530  ,S ,
SM2531  ,S ,
SM2532  ,A ,
SM2533  ,S ,
SM2534  ,S ,
SM2535  ,S ,
SM2536  ,S ,
SM2537  ,S ,
SM2538  ,S ,
SM2539  ,S ,
SM2540  ,A ,
SM2541  ,S ,
SM2542  ,S ,
SM2543  ,S ,
SM2544  ,A ,
SM2545  ,S ,
SM2546  ,A ,
SM2547  ,S ,
SM2548  ,S ,
SM2549  ,S ,
SM2550  ,S ,
SM2551  ,A ,
SM2552  ,A ,
SM2554  ,S ,
SM2555  ,S ,
SM2556  ,S ,
SM2557  ,S ,
SM2558  ,A ,
SM2559  ,A ,
SM2560  ,A ,
SM2561  ,S ,
SM2562  ,S ,
SM2563  ,S ,
SM2564  ,S ,
SM2565  ,S ,
SM2566  ,S ,
SM2567  ,S ,
SM2568  ,S ,
SM2569  ,S ,
SM2570  ,S ,
SM2571  ,A ,
SM2572  ,A ,
SM2573  ,S ,
SM2574  ,A ,
SM2575  ,S ,
SM2576  ,A ,
SM2577  ,S ,
SM2578  ,S ,
SM2579  ,S ,
SM2580  ,A ,
SM2581  ,S ,
SM2582  ,S ,
SM2583  ,A ,
SM2584  ,S ,
SM2585  ,S ,
SM2586  ,A ,
SM2587  ,S ,
SM2588  ,S ,
SM2589  ,S ,
SM2590  ,S ,
SM2591  ,S ,
SM2592  ,A ,
SM2593  ,S ,
SM2594  ,A ,
SM2595  ,S ,
SM2596  ,A ,
SM2597  ,A ,
SM2598  ,A ,
SM2599  ,A ,
SM2600  ,S ,
SM2601  ,S ,
SM2602  ,S ,
SM2603  ,S ,
SM2604  ,S ,
SM2605  ,S ,
SM2606  ,S ,
SM2607  ,S ,
SM2608  ,A ,
SM2609  ,S ,
SM2610  ,A ,
SM2611  ,S ,
SM2612  ,A ,
SM2613  ,S ,
SM2614  ,A ,
SM2615  ,S ,
SM2616  ,A ,
SM2617  ,S ,
SM2618  ,S ,
SM2620  ,S ,
SM2621  ,S ,
SM2622  ,S ,
SM2623  ,A ,
SM2624  ,S ,
SM2625  ,S ,
SM2626  ,A ,
SM2627  ,S ,
SM2628  ,S ,
SM2629  ,A ,
SM2630  ,A ,
SM2631  ,S ,
SM2632  ,S ,
SM2634  ,S ,
SM2635  ,A ,
SM2636  ,A ,
SM2637  ,S ,
SM2638  ,S ,
SM2639  ,S ,
SM2640  ,S ,
SM2641  ,A ,
SM2643  ,S ,
SM2644  ,S ,
SM2645  ,S ,
SM2646  ,S ,
SM2647  ,S ,
SM2648  ,S ,
SM2649  ,S ,
SM2650  ,S ,
SM2652  ,A ,
SM2653  ,A ,
SM2654  ,A ,
SM2655  ,S ,
SM2656  ,A ,
SM2657  ,A ,
SM2658  ,S ,
SM2659  ,A ,
SM2660  ,A ,
SM2661  ,A ,
SM2662  ,A ,
SM2663  ,S ,
SM2664  ,S ,
SM2665  ,S ,
SM2666  ,S ,
SM2667  ,A ,
SM2668  ,S ,
SM2669  ,S ,
SM2670  ,S ,
SM2671  ,S ,
SM2672  ,S ,
SM2673  ,S ,
SM2674  ,S ,
SM2675  ,S ,
SM2676  ,A ,
SM2677  ,A ,
SM2678  ,A ,
SM2679  ,S ,
SM2680  ,A ,
SM2681  ,S ,
SM2682  ,S ,
SM2683  ,A ,
SM2684  ,S ,
SM2685  ,S ,
SM2686  ,S ,
SM2687  ,S ,
SM2688  ,A ,
SM2689  ,A ,
SM2690  ,S ,
SM2691  ,A ,
SM2692  ,S ,
SM2693  ,A ,
SM2694  ,S ,
SM2695  ,S ,
SM2696  ,S ,
SM2697  ,S ,
SM2698  ,A ,
SM2699  ,A ,
SM2700  ,S ,
SM2701  ,S ,
SM2702  ,S ,
SM2703  ,S ,
SM2704  ,S ,
SM2705  ,S ,
SM2706  ,S ,
SM2707  ,A ,
SM2708  ,A ,
SM2709  ,A ,
SM2710  ,S ,
SM2711  ,S ,
SM2712  ,A ,
SM2713  ,S ,
SM2714  ,A ,
SM2715  ,S ,
SM2716  ,A ,
SM2717  ,S ,
SM2718  ,A ,
SM2719  ,S ,
SM2720  ,S ,
SM2721  ,A ,
SM2722  ,S ,
SM2723  ,S ,
SM2724  ,S ,
SM2725  ,S ,
SM2726  ,A ,
SM2727  ,A ,
SM2728  ,A ,
SM2729  ,S ,
SM2730  ,S ,
SM2731  ,A ,
SM2732  ,S ,
SM2733  ,A ,
SM2734  ,A ,
SM2735  ,A ,
SM2736  ,S ,
SM2737  ,A ,
SM2738  ,S ,
SM2739  ,S ,
SM2740  ,A ,
SM2741  ,S ,
SM2742  ,A ,
SM2743  ,S ,
SM2744  ,S ,
SM2745  ,S ,
SM2746  ,A ,
SM2747  ,S ,
SM2748  ,S ,
SM2749  ,S ,
SM2750  ,S ,
SM2751  ,S ,
SM2752  ,S ,
SM2753  ,S ,
SM2754  ,A ,
SM2755  ,S ,
SM2756  ,S ,
SM2757  ,A ,
SM2758  ,S ,
SM2759  ,A ,
SM2760  ,A ,
SM2761  ,S ,
SM2762  ,A ,
SM2763  ,S ,
SM2764  ,S ,
SM2765  ,S ,
SM2766  ,S ,
SM2767  ,A ,
SM2768  ,S ,
SM2769  ,S ,
SM2770  ,S ,
SM2771  ,S ,
SM2772  ,S ,
SM2773  ,S ,
SM2774  ,S ,
SM2775  ,S ,
SM2776  ,S ,
SM2777  ,A ,
SM2778  ,S ,
SM2779  ,S ,
SM2780  ,A ,
SM2781  ,A ,
SM2782  ,A ,
SM2783  ,S ,
SM2784  ,A ,
SM2785  ,A ,
SM2786  ,S ,
SM2787  ,S ,
SM2788  ,S ,
SM2789  ,S ,
SM2790  ,S ,
SM2791  ,S ,
SM2792  ,S ,
SM2793  ,S ,
SM2794  ,S ,
SM2795  ,S ,
SM2796  ,A ,
SM2797  ,S ,
SM2798  ,S ,
SM2799  ,S ,
SM2800  ,S ,
SM2801  ,A ,
SM2802  ,S ,
SM2804  ,S ,
SM2805  ,S ,
SM2806  ,A ,
SM2807  ,S ,
SM2808  ,S ,
SM2809  ,S ,
SM2810  ,S ,
SM2811  ,S ,
SM2812  ,A ,
SM2813  ,S ,
SM2814  ,S ,
SM2815  ,S ,
SM2816  ,A ,
SM2817  ,S ,
SM2819  ,A ,
SM2820  ,S ,
SM2821  ,S ,
SM2822  ,S ,
SM2823  ,S ,
SM2824  ,A ,
SM2825  ,S ,
SM2826  ,S ,
SM2827  ,A ,
SM2828  ,S ,
SM2829  ,S ,
SM2830  ,A ,
SM2831  ,S ,
SM2832  ,S ,
SM2833  ,S ,
SM2834  ,S ,
SM2835  ,A ,
SM2836  ,S ,
SM2837  ,S ,
SM2838  ,A ,
SM2839  ,S ,
SM2840  ,S ,
SM2841  ,S ,
SM2842  ,S ,
SM2843  ,S ,
SM2844  ,S ,
SM2845  ,A ,
SM2846  ,S ,
SM2847  ,S ,
SM2848  ,S ,
SM2849  ,S ,
SM2850  ,A ,
SM2851  ,S ,
SM2853  ,S ,
SM2854  ,A ,
SM2855  ,A ,
SM2856  ,A ,
SM2857  ,S ,
SM2858  ,S ,
SM2859  ,A ,
SM2860  ,S ,
SM2861  ,S ,
SM2862  ,A ,
SM2863  ,A ,
SM2864  ,S ,
SM2865  ,S ,
SM2866  ,S ,
SM2867  ,S ,
SM2868  ,S ,
SM2869  ,A ,
SM2870  ,S ,
SM2871  ,S ,
SM2873  ,S ,
SM2874  ,S ,
SM2875  ,S ,
SM2876  ,A ,
SM2877  ,S ,
SM2878  ,A ,
SM2879  ,S ,
SM2880  ,S ,
SM2881  ,S ,
SM2882  ,A ,
SM2883  ,A ,
SM2884  ,A ,
SM2885  ,S ,
SM2886  ,A ,
SM2887  ,S ,
SM2888  ,A ,
SM2889  ,A ,
SM2890  ,A ,
SM2891  ,S ,
SM2892  ,A ,
SM2893  ,A ,
SM2894  ,S ,
SM2895  ,A ,
SM2896  ,A ,
SM2897  ,S ,
SM2898  ,S ,
SM2899  ,S ,
SM2900  ,A ,
SM2901  ,S ,
SM2902  ,A ,
SM2903  ,S ,
SM2904  ,S ,
SM2905  ,S ,
SM2906  ,S ,
SM2907  ,S ,
SM2908  ,S ,
SM2909  ,A ,
SM2910  ,S ,
SM2911  ,S ,
SM2912  ,S ,
SM2913  ,S ,
SM2914  ,S ,
SM2915  ,S ,
SM2916  ,S ,
SM2917  ,S ,
SM2918  ,A ,
SM2919  ,A ,
SM2920  ,S ,
SM2921  ,S ,
SM2922  ,S ,
SM2923  ,S ,
SM2924  ,S ,
SM2925  ,S ,
SM2926  ,S ,
SM2927  ,S ,
SM2928  ,S ,
SM2930  ,A ,
SM2931  ,A ,
SM2932  ,A ,
SM2933  ,S ,
SM2934  ,S ,
SM2935  ,S ,
SM2936  ,S ,
SM2937  ,S ,
SM2938  ,A ,
SM2939  ,S ,
SM2940  ,A ,
SM2941  ,S ,
SM2942  ,S ,
SM2943  ,S ,
SM2944  ,A ,
SM2945  ,S ,
SM2946  ,S ,
SM2947  ,S ,
SM2948  ,S ,
SM2949  ,A ,
SM2950  ,S ,
SM2951  ,A ,
SM2952  ,S ,
SM2953  ,S ,
SM2954  ,S ,
SM2955  ,S ,
SM2956  ,S ,
SM2957  ,S ,
SM2958  ,A ,
SM2959  ,S ,
SM2960  ,S ,
SM2961  ,S ,
SM2962  ,S ,
SM2963  ,A ,
SM2964  ,S ,
SM2965  ,S ,
SM2966  ,S ,
SM2967  ,S ,
SM2968  ,S ,
SM2969  ,A ,
SM2970  ,A ,
SM2971  ,A ,
SM2972  ,S ,
SM2973  ,S ,
SM2974  ,S ,
SM2975  ,S ,
SM2976  ,S ,
SM2977  ,S ,
SM2978  ,S ,
SM2979  ,S ,
SM2980  ,S ,
SM2981  ,S ,
SM2982  ,S ,
SM2983  ,A ,
SM2984  ,A ,
SM2985  ,S ,
SM2986  ,S ,
SM2987  ,S ,
SM2988  ,S ,
SM2989  ,S ,
SM2990  ,S ,
SM2991  ,A ,
SM2992  ,S ,
SM2993  ,A ,
SM2994  ,S ,
SM2995  ,S ,
SM2997  ,S ,
SM2998  ,S ,
SM2999  ,S ,
SM3000  ,S ,
SM3001  ,A ,
SM3002  ,S ,
SM3003  ,S ,
SM3004  ,A ,
SM3005  ,S ,
SM3006  ,A ,
SM3007  ,A ,
SM3008  ,A ,
SM3009  ,S ,
SM3010  ,S ,
SM3011  ,S ,
SM3012  ,S ,
SM3013  ,S ,
SM3014  ,A ,
SM3015  ,S ,
SM3016  ,S ,
SM3017  ,S ,
SM3018  ,S ,
SM3019  ,A ,
SM3020  ,S ,
SM3021  ,A ,
SM3022  ,S ,
SM3023  ,S ,
SM3025  ,A ,
SM3026  ,S ,
SM3027  ,S ,
SM3028  ,S ,
SM3029  ,A ,
SM3030  ,S ,
SM3031  ,S ,
SM3032  ,S ,
SM3033  ,A ,
SM3034  ,S ,
SM3035  ,S ,
SM3036  ,S ,
SM3037  ,S ,
SM3038  ,S ,
SM3039  ,A ,
SM3040  ,S ,
SM3041  ,S ,
SM3042  ,S ,
SM3043  ,S ,
SM3044  ,S ,
SM3045  ,S ,
SM3046  ,S ,
SM3047  ,S ,
SM3048  ,S ,
SM3049  ,S ,
SM3050  ,S ,
SM3051  ,A ,
SM3052  ,A ,
SM3053  ,S ,
SM3054  ,S ,
SM3055  ,A ,
SM3056  ,A ,
SM3057  ,S ,
SM3058  ,S ,
SM3059  ,S ,
SM3060  ,S ,
SM3061  ,S ,
SM3062  ,S ,
SM3063  ,S ,
SM3064  ,A ,
SM3065  ,A ,
SM3066  ,A ,
SM3067  ,S ,
SM3068  ,A ,
SM3069  ,S ,
SM3070  ,S ,
SM3071  ,S ,
SM3072  ,A ,
SM3073  ,S ,
SM3074  ,S ,
SM3075  ,S ,
SM3076  ,S ,
SM3077  ,S ,
SM3078  ,A ,
SM3079  ,S ,
SM3080  ,S ,
SM3081  ,S ,
SM3082  ,S ,
SM3083  ,S ,
SM3084  ,S ,
SM3085  ,S ,
SM3086  ,S ,
SM3087  ,A ,
SM3088  ,S ,
SM3089  ,S ,
SM3090  ,S ,
SM3091  ,S ,
SM3092  ,S ,
SM3093  ,S ,
SM3094  ,S ,
SM3095  ,S ,
SM3096  ,S ,
SM3097  ,S ,
SM3098  ,S ,
SM3099  ,S ,
SM3100  ,A ,
SM3101  ,S ,
SM3102  ,A ,
SM3103  ,S ,
SM3104  ,S ,
SM3105  ,S ,
SM3106  ,A ,
SM3107  ,S ,
SM3108  ,A ,
SM3109  ,A ,
SM3110  ,S ,
SM3111  ,S ,
SM3112  ,S ,
SM3113  ,S ,
SM3114  ,S ,
SM3115  ,S ,
SM3116  ,S ,
SM3117  ,A ,
SM3118  ,S ,
SM3119  ,A ,
SM3120  ,S ,
SM3121  ,A ,
SM3122  ,S ,
SM3123  ,S ,
SM3124  ,S ,
SM3125  ,S ,
SM3126  ,A ,
SM3127  ,S ,
SM3128  ,A ,
SM3129  ,S ,
SM3130  ,S ,
SM3131  ,S ,
SM3132  ,S ,
SM3133  ,A ,
SM3134  ,S ,
SM3135  ,S ,
SM3136  ,S ,
SM3137  ,A ,
SM3138  ,S ,
SM3139  ,A ,
SM3140  ,S ,
SM3141  ,S ,
SM3142  ,A ,
SM3143  ,S ,
SM3144  ,S ,
SM3145  ,S ,
SM3146  ,A ,
SM3147  ,S ,
SM3148  ,S ,
SM3149  ,S ,
SM3150  ,S ,
SM3151  ,S ,
SM3152  ,S ,
SM3153  ,S ,
SM3154  ,A ,
SM3155  ,S ,
SM3156  ,S ,
SM3157  ,S ,
SM3158  ,A ,
SM3159  ,S ,
SM3160  ,S ,
SM3161  ,S ,
SM3162  ,S ,
SM3163  ,S ,
SM3164  ,S ,
SM3165  ,S ,
SM3166  ,S ,
SM3167  ,S ,
SM3168  ,S ,
SM3169  ,A ,
SM3170  ,S ,
SM3171  ,S ,
SM3172  ,A ,
SM3173  ,S ,
SM3174  ,A ,
SM3175  ,S ,
SM3176  ,A ,
SM3177  ,S ,
SM3178  ,S ,
SM3179  ,A ,
SM3180  ,S ,
SM3181  ,S ,
SM3182  ,S ,
SM3183  ,S ,
SM3184  ,S ,
SM3185  ,S ,
SM3186  ,A ,
SM3187  ,S ,
SM3188  ,S ,
SM3189  ,S ,
SM3190  ,S ,
SM3191  ,S ,
SM3192  ,S ,
SM3193  ,S ,
SM3194  ,A ,
SM3195  ,S ,
SM3196  ,S ,
SM3197  ,A ,
SM3198  ,S ,
SM3199  ,S ,
SM3200  ,S ,
SM3201  ,A ,
SM3202  ,S ,
SM3203  ,S ,
SM3205  ,S ,
SM3206  ,S ,
SM3207  ,A ,
SM3208  ,S ,
SM3209  ,A ,
SM3210  ,S ,
SM3211  ,S ,
SM3212  ,S ,
SM3213  ,A ,
SM3214  ,A ,
SM3215  ,S ,
SM3216  ,S ,
SM3217  ,S ,
SM3218  ,S ,
SM3219  ,S ,
SM3220  ,S ,
SM3222  ,A ,
SM3223  ,A ,
SM3224  ,A ,
SM3225  ,A ,
SM3226  ,S ,
SM3227  ,S ,
SM3228  ,A ,
SM3229  ,A ,
SM3230  ,S ,
SM3231  ,A ,
SM3232  ,A ,
SM3233  ,S ,
SM3234  ,S ,
SM3235  ,A ,
SM3236  ,S ,
SM3237  ,S ,
SM3238  ,S ,
SM3239  ,S ,
SM3240  ,S ,
SM3241  ,S ,
SM3242  ,S ,
SM3243  ,S ,
SM3244  ,A ,
SM3245  ,S ,
SM3246  ,A ,
SM3247  ,S ,
SM3248  ,A ,
SM3249  ,S ,
SM3250  ,S ,
SM3251  ,A ,
SM3252  ,S ,
SM3253  ,S ,
SM3254  ,S ,
SM3255  ,S ,
SM3256  ,A ,
SM3257  ,S ,
SM3258  ,S ,
SM3259  ,S ,
SM3260  ,S ,
SM3261  ,S ,
SM3262  ,S ,
SM3263  ,S ,
SM3264  ,S ,
SM3265  ,S ,
SM3266  ,A ,
SM3267  ,S ,
SM3268  ,A ,
SM3269  ,S ,
SM3270  ,A ,
SM3271  ,S ,
SM3272  ,S ,
SM3273  ,A ,
SM3274  ,A ,
SM3275  ,S ,
SM3276  ,A ,
SM3277  ,A ,
SM3278  ,S ,
SM3279  ,S ,
SM3280  ,A ,
SM3281  ,A ,
SM3283  ,S ,
SM3284  ,S ,
SM3285  ,S ,
SM3286  ,S ,
SM3287  ,S ,
SM3288  ,A ,
SM3289  ,S ,
SM3290  ,S ,
SM3291  ,S ,
SM3292  ,A ,
SM3293  ,S ,
SM3294  ,S ,
SM3295  ,S ,
SM3296  ,A ,
SM3297  ,S ,
SM3298  ,S ,
SM3299  ,S ,
SM3300  ,A ,
SM3301  ,S ,
SM3302  ,A ,
SM3303  ,S ,
SM3304  ,S ,
SM3305  ,S ,
SM3306  ,S ,
SM3307  ,A ,
SM3308  ,A ,
SM3309  ,S ,
SM3310  ,S ,
SM3311  ,S ,
SM3312  ,A ,
SM3313  ,S ,
SM3314  ,S ,
SM3315  ,S ,
SM3316  ,S ,
SM3317  ,A ,
SM3318  ,S ,
SM3319  ,A ,
SM3320  ,S ,
SM3321  ,S ,
SM3322  ,S ,
SM3323  ,S ,
SM3324  ,S ,
SM3325  ,S ,
SM3326  ,A ,
SM3327  ,S ,
SM3328  ,S ,
SM3329  ,S ,
SM3330  ,A ,
SM3331  ,A ,
SM3332  ,S ,
SM3333  ,S ,
SM3334  ,S ,
SM3335  ,S ,
SM3336  ,A ,
SM3337  ,S ,
SM3338  ,S ,
SM3339  ,A ,
SM3340  ,S ,
SM3341  ,S ,
SM3342  ,S ,
SM3343  ,A ,
SM3344  ,A ,
SM3345  ,S ,
SM3346  ,S ,
SM3347  ,S ,
SM3348  ,S ,
SM3349  ,S ,
SM3350  ,S ,
SM3351  ,S ,
SM3352  ,S ,
SM3353  ,S ,
SM3354  ,S ,
SM3355  ,S ,
SM3356  ,A ,
SM3357  ,A ,
SM3358  ,S ,
SM3359  ,S ,
SM3360  ,S ,
SM3361  ,A ,
SM3362  ,A ,
SM3363  ,A ,
SM3364  ,S ,
SM3365  ,S ,
SM3366  ,S ,
SM3367  ,S ,
SM3368  ,S ,
SM3369  ,A ,
SM3370  ,S ,
SM3371  ,S ,
SM3372  ,S ,
SM3373  ,S ,
SM3374  ,A ,
SM3375  ,S ,
SM3376  ,A ,
SM3377  ,A ,
SM3378  ,A ,
SM3379  ,S ,
SM3380  ,A ,
SM3381  ,S ,
SM3382  ,A ,
SM3384  ,S ,
SM3385  ,S ,
SM3386  ,S ,
SM3387  ,S ,
SM3388  ,S ,
SM3389  ,S ,
SM3390  ,A ,
SM3391  ,S ,
SM3392  ,S ,
SM3393  ,A ,
SM3394  ,S ,
SM3395  ,S ,
SM3396  ,S ,
SM3397  ,S ,
SM3398  ,S ,
SM3399  ,S ,
SM3400  ,S ,
SM3401  ,S ,
SM3402  ,S ,
SM3403  ,S ,
SM3404  ,S ,
SM3405  ,A ,
SM3406  ,S ,
SM3407  ,S ,
SM3408  ,S ,
SM3409  ,S ,
SM3410  ,S ,
SM3411  ,S ,
SM3412  ,S ,
SM3413  ,A ,
SM3414  ,S ,
SM3415  ,A ,
SM3416  ,S ,
SM3417  ,A ,
SM3418  ,A ,
SM3419  ,A ,
SM3420  ,S ,
SM3421  ,S ,
SM3422  ,A ,
SM3423  ,S ,
SM3424  ,S ,
SM3425  ,S ,
SM3426  ,A ,
SM3427  ,S ,
SM3428  ,S ,
SM3429  ,S ,
SM3430  ,S ,
SM3431  ,A ,
SM3432  ,S ,
SM3433  ,S ,
SM3435  ,S ,
SM3436  ,A ,
SM3437  ,S ,
SM3438  ,S ,
SM3439  ,S ,
SM3440  ,A ,
SM3441  ,S ,
SM3442  ,S ,
SM3443  ,S ,
SM3444  ,A ,
SM3445  ,S ,
SM3446  ,A ,
SM3447  ,S ,
SM3448  ,S ,
SM3449  ,A ,
SM3450  ,S ,
SM3451  ,A ,
SM3452  ,S ,
SM3453  ,S ,
SM3454  ,S ,
SM3455  ,S ,
SM3456  ,S ,
SM3457  ,A ,
SM3458  ,A ,
SM3459  ,A ,
SM3460  ,S ,
SM3461  ,S ,
SM3462  ,S ,
SM3463  ,S ,
SM3464  ,A ,
SM3465  ,S ,
SM3466  ,S ,
SM3467  ,S ,
SM3468  ,S ,
SM3469  ,A ,
SM3470  ,S ,
SM3471  ,S ,
SM3472  ,S ,
SM3473  ,S ,
SM3474  ,S ,
SM3475  ,S ,
SM3476  ,A ,
SM3477  ,A ,
SM3478  ,S ,
SM3479  ,S ,
SM3480  ,S ,
SM3481  ,S ,
SM3482  ,S ,
SM3483  ,A ,
SM3484  ,S ,
SM3485  ,S ,
SM3486  ,A ,
SM3487  ,S ,
SM3488  ,S ,
SM3489  ,A ,
SM3490  ,S ,
SM3491  ,S ,
SM3492  ,S ,
SM3493  ,A ,
SM3494  ,S ,
SM3495  ,S ,
SM3496  ,S ,
SM3497  ,S ,
SM3498  ,A ,
SM3499  ,S ,
SM3500  ,S ,
SM3501  ,S ,
SM3502  ,S ,
SM3503  ,A ,
SM3504  ,S ,
SM3505  ,S ,
SM3506  ,S ,
SM3507  ,S ,
SM3508  ,S ,
SM3509  ,S ,
SM3510  ,A ,
SM3511  ,S ,
SM3512  ,S ,
SM3513  ,S ,
SM3514  ,A ,
SM3515  ,S ,
SM3516  ,S ,
SM3517  ,A ,
SM3518  ,S ,
SM3519  ,A ,
SM3520  ,S ,
SM3521  ,S ,
SM3522  ,S ,
SM3523  ,S ,
SM3524  ,S ,
SM3525  ,S ,
SM3526  ,S ,
SM3527  ,A ,
SM3528  ,A ,
SM3529  ,S ,
SM3530  ,S ,
SM3531  ,A ,
SM3532  ,S ,
SM3533  ,A ,
SM3534  ,S ,
SM3535  ,A ,
SM3536  ,S ,
SM3537  ,S ,
SM3538  ,A ,
SM3539  ,A ,
SM3540  ,S ,
SM3541  ,S ,
SM3542  ,S ,
SM3543  ,A ,
SM3544  ,S ,
SM3545  ,S ,
SM3546  ,S ,
SM3547  ,S ,
SM3548  ,S ,
SM3549  ,S ,
SM3550  ,S ,
SM3551  ,A ,
SM3552  ,S ,
SM3553  ,A ,
SM3554  ,A ,
SM3555  ,S ,
SM3556  ,S ,
SM3557  ,S ,
SM3558  ,S ,
SM3559  ,S ,
SM3560  ,S ,
SM3561  ,A ,
SM3562  ,A ,
SM3563  ,A ,
SM3564  ,S ,
SM3565  ,S ,
SM3566  ,A ,
SM3567  ,S ,
SM3568  ,S ,
SM3569  ,A ,
SM3570  ,A ,
SM3571  ,A ,
SM3572  ,S ,
SM3573  ,S ,
SM3574  ,S ,
SM3575  ,S ,
SM3576  ,S ,
SM3577  ,S ,
SM3578  ,A ,
SM3579  ,S ,
SM3580  ,S ,
SM3581  ,A ,
SM3582  ,A ,
SM3583  ,S ,
SM3584  ,A ,
SM3585  ,S ,
SM3586  ,S ,
SM3587  ,S ,
SM3588  ,A ,
SM3589  ,S ,
SM3590  ,A ,
SM3591  ,S ,
SM3592  ,S ,
SM3593  ,S ,
SM3594  ,A ,
SM3595  ,S ,
SM3596  ,S ,
SM3597  ,S ,
SM3598  ,A ,
SM3599  ,A ,
SM3600  ,A ,
SM3601  ,S ,
SM3602  ,A ,
SM3603  ,A ,
SM3604  ,S ,
SM3605  ,S ,
SM3606  ,S ,
SM3607  ,S ,
SM3608  ,A ,
SM3609  ,S ,
SM3610  ,S ,
SM3611  ,A ,
SM3612  ,S ,
SM3613  ,S ,
SM3614  ,A ,
SM3615  ,S ,
SM3616  ,A ,
SM3617  ,S ,
SM3618  ,S ,
SM3619  ,S ,
SM3620  ,S ,
SM3621  ,S ,
SM3622  ,S ,
SM3623  ,S ,
SM3624  ,S ,
SM3625  ,A ,
SM3626  ,A ,
SM3627  ,S ,
SM3628  ,S ,
SM3629  ,S ,
SM3630  ,S ,
SM3631  ,S ,
SM3632  ,S ,
SM3633  ,S ,
SM3634  ,S ,
SM3635  ,S ,
SM3636  ,A ,
SM3637  ,S ,
SM3638  ,S ,
SM3639  ,A ,
SM3640  ,A ,
SM3641  ,S ,
SM3642  ,S ,
SM3643  ,S ,
SM3644  ,S ,
SM3645  ,S ,
SM3646  ,S ,
SM3647  ,S ,
SM3648  ,S ,
SM3649  ,S ,
SM3650  ,A ,
SM3651  ,S ,
SM3652  ,A ,
SM3653  ,S ,
SM3654  ,S ,
SM3655  ,S ,
SM3656  ,S ,
SM3657  ,S ,
SM3658  ,A ,
SM3659  ,A ,
SM3660  ,S ,
SM3661  ,S ,
SM3662  ,S ,
SM3663  ,A ,
SM3664  ,S ,
SM3665  ,A ,
SM3666  ,S ,
SM3667  ,A ,
SM3668  ,A ,
SM3669  ,S ,
SM3670  ,A ,
SM3671  ,S ,
SM3672  ,S ,
SM3673  ,S ,
SM3674  ,S ,
SM3675  ,S ,
SM3676  ,S ,
SM3677  ,A ,
SM3678  ,S ,
SM3679  ,S ,
SM3680  ,A ,
SM3681  ,S ,
SM3682  ,A ,
SM3683  ,A ,
SM3684  ,A ,
SM3685  ,S ,
SM3686  ,A ,
SM3687  ,S ,
SM3688  ,S ,
SM3689  ,S ,
SM3690  ,S ,
SM3691  ,A ,
SM3692  ,S ,
SM3693  ,S ,
SM3694  ,S ,
SM3695  ,S ,
SM3696  ,S ,
SM3697  ,A ,
SM3698  ,S ,
SM3699  ,A ,
SM3700  ,S ,
SM3701  ,S ,
SM3702  ,S ,
SM3703  ,A ,
SM3704  ,A ,
SM3705  ,A ,
SM3706  ,S ,
SM3707  ,S ,
SM3708  ,S ,
SM3709  ,S ,
SM3710  ,S ,
SM3711  ,S ,
SM3712  ,S ,
SM3713  ,S ,
SM3714  ,S ,
SM3715  ,A ,
SM3716  ,A ,
SM3717  ,S ,
SM3718  ,A ,
SM3719  ,S ,
SM3720  ,A ,
SM3721  ,S ,
SM3722  ,S ,
SM3723  ,A ,
SM3724  ,S ,
SM3725  ,S ,
SM3726  ,A ,
SM3727  ,S ,
SM3728  ,A ,
SM3729  ,S ,
SM3730  ,S ,
SM3731  ,A ,
SM3732  ,A ,
SM3733  ,S ,
SM3734  ,S ,
SM3735  ,S ,
SM3736  ,S ,
SM3737  ,A ,
SM3738  ,S ,
SM3739  ,S ,
SM3740  ,A ,
SM3741  ,S ,
SM3742  ,S ,
SM3743  ,S ,
SM3744  ,S ,
SM3745  ,S ,
SM3746  ,A ,
SM3747  ,S ,
SM3748  ,S ,
SM3749  ,S ,
SM3750  ,S ,
SM3751  ,S ,
SM3752  ,S ,
SM3753  ,S ,
SM3754  ,S ,
SM3755  ,S ,
SM3756  ,S ,
SM3757  ,S ,
SM3758  ,S ,
SM3759  ,S ,
SM3760  ,A ,
SM3761  ,S ,
SM3762  ,S ,
SM3763  ,S ,
SM3764  ,S ,
SM3765  ,A ,
SM3766  ,S ,
SM3767  ,A ,
SM3768  ,A ,
SM3769  ,A ,
SM3770  ,S ,
SM3771  ,S ,
SM3772  ,S ,
SM3773  ,S ,
SM3774  ,A ,
SM3775  ,A ,
SM3776  ,S ,
SM3777  ,S ,
SM3778  ,S ,
SM3779  ,S ,
SM3780  ,S ,
SM3781  ,S ,
SM3782  ,A ,
SM3783  ,S ,
SM3784  ,A ,
SM3785  ,S ,
SM3786  ,S ,
SM3787  ,S ,
SM3788  ,S ,
SM3789  ,S ,
SM3790  ,S ,
SM3791  ,A ,
SM3792  ,A ,
SM3793  ,S ,
SM3794  ,A ,
SM3795  ,A ,
SM3796  ,S ,
SM3797  ,S ,
SM3798  ,A ,
SM3799  ,S ,
SM3800  ,A ,
SM3801  ,S ,
SM3802  ,S ,
SM3803  ,S ,
SM3804  ,S ,
SM3805  ,A ,
SM3806  ,S ,
SM3807  ,S ,
SM3808  ,S ,
SM3809  ,S ,
SM3810  ,S ,
SM3811  ,S ,
SM3812  ,S ,
SM3813  ,A ,
SM3814  ,S ,
SM3815  ,S ,
SM3816  ,A ,
SM3817  ,S ,
SM3818  ,A ,
SM3819  ,S ,
SM3820  ,S ,
SM3821  ,S ,
SM3822  ,S ,
SM3823  ,A ,
SM3824  ,A ,
SM3825  ,A ,
SM3826  ,S ,
SM3827  ,S ,
SM3828  ,S ,
SM3829  ,A ,
SM3830  ,S ,
SM3831  ,S ,
SM3832  ,A ,
SM3833  ,A ,
SM3834  ,S ,
SM3835  ,S ,
SM3836  ,A ,
SM3837  ,S ,
SM3838  ,S ,
SM3839  ,A ,
SM3840  ,A ,
SM3841  ,S ,
SM3842  ,S ,
SM3843  ,S ,
SM3844  ,A ,
SM3845  ,A ,
SM3846  ,S ,
SM3847  ,S ,
SM3848  ,S ,
SM3849  ,A ,
SM3850  ,A ,
SM3851  ,A ,
SM3852  ,S ,
SM3853  ,S ,
SM3854  ,A ,
SM3855  ,S ,
SM3856  ,S ,
SM3857  ,S ,
SM3858  ,A ,
SM3859  ,S ,
SM3860  ,S ,
SM3861  ,S ,
SM3862  ,S ,
SM3863  ,S ,
SM3864  ,A ,
SM3865  ,A ,
SM3866  ,S ,
SM3867  ,A ,
SM3868  ,S ,
SM3869  ,A ,
SM3870  ,A ,
SM3872  ,S ,
SM3873  ,A ,
SM3874  ,A ,
SM3875  ,A ,
SM3876  ,A ,
SM3877  ,S ,
SM3878  ,S ,
SM3879  ,S ,
SM3880  ,A ,
SM3881  ,S ,
SM3882  ,S ,
SM3883  ,A ,
SM3884  ,A ,
SM3885  ,S ,
SM3886  ,S ,
SM3887  ,A ,
SM3888  ,A ,
SM3889  ,A ,
SM3890  ,S ,
SM3891  ,A ,
SM3892  ,A ,
SM3893  ,S ,
SM3894  ,A ,
SM3895  ,S ,
SM3896  ,S ,
SM3897  ,S ,
SM3898  ,S ,
SM3899  ,A ,
SM3900  ,A ,
SM3901  ,S ,
SM3902  ,S ,
SM3903  ,S ,
SM3904  ,S ,
SM3905  ,A ,
SM3906  ,S ,
SM3907  ,S ,
SM3908  ,S ,
SM3909  ,S ,
SM3910  ,A ,
SM3911  ,A ,
SM3912  ,S ,
SM3913  ,S ,
SM3914  ,S ,
SM3915  ,A ,
SM3916  ,S ,
SM3917  ,A ,
SM3918  ,A ,
SM3919  ,S ,
SM3920  ,S ,
SM3921  ,A ,
SM3922  ,S ,
SM3923  ,S ,
SM3924  ,S ,
SM3925  ,A ,
SM3926  ,A ,
SM3927  ,A ,
SM3928  ,S ,
SM3929  ,S ,
SM3930  ,A ,
SM3931  ,S ,
SM3932  ,A ,
SM3933  ,S ,
SM3934  ,S ,
SM3935  ,A ,
SM3936  ,A ,
SM3937  ,A ,
SM3938  ,S ,
SM3939  ,A ,
SM3940  ,A ,
SM3941  ,S ,
SM3942  ,S ,
SM3943  ,S ,
SM3944  ,S ,
SM3945  ,A ,
SM3946  ,A ,
SM3947  ,S ,
SM3948  ,A ,
SM3949  ,A ,
SM3950  ,A ,
SM3951  ,S ,
SM3952  ,S ,
SM3953  ,S ,
SM3954  ,A ,
SM3955  ,A ,
SM3956  ,S ,
SM3957  ,A ,
SM3958  ,S ,
SM3959  ,A ,
SM3960  ,S ,
SM3961  ,A ,
SM3962  ,A ,
SM3963  ,S ,
SM3964  ,S ,
SM3965  ,S ,
SM3966  ,S ,
SM3967  ,A ,
SM3968  ,S ,
SM3969  ,S ,
SM3970  ,S ,
SM3971  ,A ,
SM3972  ,S ,
SM3973  ,S ,
SM3974  ,A ,
SM3975  ,S ,
SM3976  ,A ,
SM3977  ,A ,
SM3978  ,S ,
SM3979  ,S ,
SM3980  ,A ,
SM3981  ,S ,
SM3982  ,A ,
SM3983  ,A ,
SM3984  ,S ,
SM3985  ,S ,
SM3986  ,A ,
SM3987  ,A ,
SM3988  ,A ,
SM3989  ,S ,
SM3990  ,A ,
SM3991  ,A ,
SM3992  ,S ,
SM3993  ,S ,
SM3994  ,S ,
SM3995  ,A ,
SM3996  ,S ,
SM3997  ,A ,
SM3998  ,S ,
SM3999  ,S ,
SM4000  ,S ,
SM4001  ,S ,
SM4002  ,S ,
SM4003  ,A ,
SM4004  ,A ,
SM4005  ,A ,
SM4006  ,S ,
SM4007  ,S ,
SM4008  ,S ,
SM4009  ,S ,
SM4010  ,A ,
SM4011  ,A ,
SM4012  ,S ,
SM4013  ,A ,
SM4014  ,A ,
SM4015  ,S ,
SM4016  ,S ,
SM4017  ,S ,
SM4018  ,A ,
SM4019  ,S ,
SM4020  ,A ,
SM4021  ,A ,
SM4022  ,S ,
SM4023  ,S ,
SM4024  ,A ,
SM4025  ,S ,
SM4026  ,A ,
SM4027  ,S ,
SM4028  ,S ,
SM4029  ,A ,
SM4030  ,S ,
SM4031  ,S ,
SM4032  ,A ,
SM4033  ,S ,
SM4034  ,A ,
SM4035  ,S ,
SM4036  ,A ,
SM4037  ,S ,
SM4038  ,A ,
SM4039  ,S ,
SM4040  ,A ,
SM4041  ,S ,
SM4042  ,S ,
SM4043  ,A ,
SM4044  ,S ,
SM4045  ,A ,
SM4046  ,A ,
SM4047  ,S ,
SM4048  ,S ,
SM4049  ,S ,
SM4050  ,A ,
SM4051  ,A ,
SM4052  ,S ,
SM4053  ,A ,
SM4054  ,A ,
SM4055  ,S ,
SM4056  ,A ,
SM4057  ,S ,
SM4058  ,A ,
SM4059  ,S ,
SM4060  ,S ,
SM4061  ,S ,
SM4062  ,S ,
SM4063  ,A ,
SM4064  ,S ,
SM4065  ,S ,
SM4066  ,A ,
SM4067  ,S ,
SM4068  ,A ,
SM4069  ,A ,
SM4070  ,A ,
SM4071  ,S ,
SM4072  ,A ,
SM4073  ,A ,
SM4074  ,A ,
SM4075  ,S ,
SM4076  ,A ,
SM4077  ,S ,
SM4078  ,A ,
SM4079  ,A ,
SM4080  ,A ,
SM4081  ,A ,
SM4082  ,S ,
SM4083  ,A ,
SM4084  ,A ,
SM4085  ,A ,
SM4086  ,S ,
SM4087  ,A ,
SM4088  ,S ,
SM4089  ,S ,
SM4090  ,S ,
SM4091  ,A ,
SM4092  ,A ,
SM4093  ,S ,
SM4094  ,A ,
SM4095  ,A ,
SM4096  ,S ,
SM4097  ,S ,
SM4098  ,A ,
SM4099  ,A ,
SM4100  ,S ,
SM4101  ,S ,
SM4102  ,A ,
SM4103  ,A ,
SM4104  ,S ,
SM4105  ,S ,
SM4106  ,A ,
SM4107  ,S ,
SM4108  ,S ,
SM4109  ,S ,
SM4110  ,S ,
SM4111  ,A ,
SM4112  ,S ,
SM4113  ,S ,
SM4114  ,S ,
SM4115  ,A ,
SM4116  ,A ,
SM4117  ,A ,
SM4118  ,S ,
SM4119  ,S ,
SM4120  ,S ,
SM4121  ,A ,
SM4122  ,A ,
SM4123  ,S ,
SM4124  ,S ,
SM4125  ,A ,
SM4126  ,S ,
SM4127  ,S ,
SM4128  ,A ,
SM4129  ,S ,
SM4130  ,S ,
SM4131  ,A ,
SM4132  ,A ,
SM4133  ,S ,
SM4134  ,S ,
SM4135  ,S ,
SM4136  ,A ,
SM4137  ,A ,
SM4138  ,S ,
SM4139  ,A ,
SM4140  ,S ,
SM4141  ,A ,
SM4142  ,S ,
SM4143  ,A ,
SM4144  ,A ,
SM4145  ,S ,
SM4146  ,A ,
SM4147  ,S ,
SM4148  ,S ,
SM4149  ,A ,
SM4150  ,S ,
SM4151  ,A ,
SM4152  ,A ,
SM4153  ,A ,
SM4154  ,A ,
SM4155  ,S ,
SM4156  ,S ,
SM4157  ,A ,
SM4158  ,A ,
SM4159  ,S ,
SM4160  ,S ,
SM4161  ,A ,
SM4162  ,S ,
SM4163  ,A ,
SM4164  ,A ,
SM4165  ,S ,
SM4166  ,S ,
SM4167  ,S ,
SM4168  ,A ,
SM4169  ,A ,
SM4170  ,S ,
SM4171  ,S ,
SM4172  ,S ,
SM4173  ,A ,
SM4174  ,A ,
SM4175  ,A ,
SM4176  ,S ,
SM4177  ,S ,
SM4178  ,S ,
SM4179  ,S ,
SM4180  ,S ,
SM4181  ,S ,
SM4182  ,A ,
SM4183  ,A ,
SM4184  ,A ,
SM4185  ,S ,
SM4186  ,A ,
SM4187  ,S ,
SM4188  ,S ,
SM4189  ,S ,
SM4190  ,A ,
SM4191  ,A ,
SM4192  ,S ,
SM4193  ,A ,
SM4194  ,A ,
SM4195  ,S ,
SM4196  ,S ,
SM4197  ,A ,
SM4198  ,S ,
SM4199  ,A ,
SM4200  ,S ,
SM4201  ,S ,
SM4202  ,S ,
SM4203  ,S ,
SM4204  ,S ,
SM4205  ,A ,
SM4206  ,S ,
SM4207  ,S ,
SM4208  ,S ,
SM4209  ,A ,
SM4210  ,S ,
SM4211  ,S ,
SM4212  ,A ,
SM4213  ,A ,
SM4214  ,S ,
SM4215  ,S ,
SM4216  ,S ,
SM4217  ,S ,
SM4218  ,S ,
SM4219  ,S ,
SM4220  ,S ,
SM4221  ,S ,
SM4222  ,S ,
SM4223  ,A ,
SM4224  ,A ,
SM4225  ,S ,
SM4226  ,S ,
SM4227  ,A ,
SM4228  ,S ,
SM4229  ,S ,
SM4230  ,A ,
SM4231  ,S ,
SM4232  ,S ,
SM4233  ,S ,
SM4234  ,A ,
SM4235  ,S ,
SM4236  ,A ,
SM4237  ,S ,
SM4238  ,S ,
SM4239  ,A ,
SM4240  ,S ,
SM4241  ,S ,
SM4242  ,S ,
SM4243  ,S ,
SM4244  ,A ,
SM4245  ,A ,
SM4246  ,S ,
SM4247  ,A ,
SM4248  ,A ,
SM4249  ,S ,
SM4250  ,S ,
SM4251  ,S ,
SM4252  ,A ,
SM4253  ,S ,
SM4254  ,S ,
SM4255  ,A ,
SM4256  ,S ,
SM4257  ,S ,
SM4258  ,S ,
SM4259  ,S ,
SM4260  ,S ,
SM4261  ,A ,
SM4262  ,S ,
SM4263  ,S ,
SM4264  ,A ,
SM4265  ,S ,
SM4266  ,A ,
SM4267  ,S ,
SM4268  ,S ,
SM4269  ,A ,
SM4270  ,A ,
SM4272  ,S ,
SM4273  ,S ,
SM4274  ,S ,
SM4275  ,S ,
SM4276  ,S ,
SM4277  ,A ,
SM4278  ,S ,
SM4279  ,S ,
SM4280  ,A ,
SM4281  ,S ,
SM4282  ,A ,
SM4283  ,A ,
SM4284  ,S ,
SM4285  ,A ,
SM4286  ,S ,
SM4287  ,S ,
SM4288  ,S ,
SM4289  ,S ,
SM4290  ,A ,
SM4291  ,S ,
SM4292  ,S ,
SM4293  ,S ,
SM4294  ,A ,
SM4295  ,S ,
SM4296  ,A ,
SM4297  ,S ,
SM4298  ,S ,
SM4299  ,S ,
SM4300  ,S ,
SM4301  ,S ,
SM4302  ,S ,
SM4303  ,A ,
SM4304  ,A ,
SM4305  ,S ,
SM4306  ,S ,
SM4307  ,S ,
SM4308  ,S ,
SM4309  ,S ,
SM4310  ,S ,
SM4311  ,A ,
SM4312  ,A ,
SM4313  ,A ,
SM4314  ,A ,
SM4315  ,A ,
SM4316  ,A ,
SM4317  ,S ,
SM4318  ,A ,
SM4319  ,S ,
SM4320  ,A ,
SM4321  ,A ,
SM4322  ,S ,
SM4323  ,S ,
SM4324  ,S ,
SM4325  ,S ,
SM4326  ,A ,
SM4327  ,A ,
SM4328  ,S ,
SM4329  ,S ,
SM4330  ,S ,
SM4331  ,A ,
SM4332  ,S ,
SM4333  ,A ,
SM4334  ,S ,
SM4335  ,S ,
SM4336  ,A ,
SM4337  ,A ,
SM4338  ,S ,
SM4339  ,A ,
SM4340  ,S ,
SM4341  ,S ,
SM4342  ,S ,
SM4343  ,S ,
SM4344  ,A ,
SM4345  ,S ,
SM4346  ,A ,
SM4347  ,A ,
SM4348  ,S ,
SM4349  ,S ,
SM4350  ,A ,
SM4351  ,S ,
SM4352  ,S ,
SM4353  ,S ,
SM4354  ,A ,
SM4355  ,A ,
SM4356  ,S ,
SM4357  ,A ,
SM4358  ,A ,
SM4359  ,S ,
SM4360  ,A ,
SM4361  ,S ,
SM4362  ,A ,
SM4363  ,S ,
SM4364  ,A ,
SM4365  ,S ,
SM4366  ,A ,
SM4367  ,A ,
SM4368  ,S ,
SM4369  ,S ,
SM4370  ,A ,
SM4371  ,S ,
SM4372  ,A ,
SM4373  ,A ,
SM4374  ,S ,
SM4375  ,A ,
SM4376  ,A ,
SM4378  ,S ,
SM4379  ,S ,
SM4380  ,S ,
SM4381  ,S ,
SM4382  ,A ,
SM4383  ,S ,
SM4384  ,A ,
SM4385  ,S ,
SM4386  ,A ,
SM4387  ,S ,
SM4388  ,S ,
SM4389  ,A ,
SM4390  ,S ,
SM4391  ,S ,
SM4392  ,A ,
SM4393  ,A ,
SM4394  ,A ,
SM4395  ,A ,
SM4396  ,S ,
SM4397  ,A ,
SM4398  ,A ,
SM4399  ,A ,
SM4400  ,S ,
SM4401  ,A ,
SM4402  ,A ,
SM4403  ,S ,
SM4404  ,S ,
SM4405  ,S ,
SM4406  ,A ,
SM4407  ,S ,
SM4408  ,A ,
SM4409  ,A ,
SM4410  ,S ,
SM4411  ,S ,
SM4412  ,A ,
SM4413  ,S ,
SM4414  ,S ,
SM4415  ,A ,
SM4416  ,A ,
SM4417  ,A ,
SM4418  ,A ,
SM4419  ,A ,
SM4420  ,A ,
SM4421  ,A ,
SM4422  ,S ,
SM4423  ,S ,
SM4424  ,S ,
SM4425  ,S ,
SM4426  ,S ,
SM4427  ,A ,
SM4428  ,S ,
SM4429  ,S ,
SM4430  ,S ,
SM4431  ,S ,
SM4432  ,A ,
SM4433  ,S ,
SM4434  ,S ,
SM4435  ,S ,
SM4436  ,A ,
SM4437  ,A ,
SM4438  ,S ,
SM4439  ,A ,
SM4440  ,S ,
SM4441  ,A ,
SM4442  ,A ,
SM4443  ,A ,
SM4444  ,A ,
SM4445  ,A ,
SM4446  ,S ,
SM4447  ,S ,
SM4448  ,A ,
SM4449  ,S ,
SM4450  ,A ,
SM4451  ,S ,
SM4452  ,A ,
SM4453  ,S ,
SM4454  ,S ,
SM4455  ,S ,
SM4456  ,A ,
SM4457  ,A ,
SM4458  ,S ,
SM4459  ,S ,
SM4460  ,S ,
SM4461  ,S ,
SM4462  ,A ,
SM4463  ,S ,
SM4464  ,S ,
SM4465  ,A ,
SM4466  ,A ,
SM4467  ,S ,
SM4468  ,S ,
SM4469  ,A ,
SM4470  ,A ,
SM4471  ,A ,
SM4472  ,S ,
SM4473  ,S ,
SM4474  ,S ,
SM4475  ,S ,
SM4476  ,A ,
SM4477  ,S ,
SM4478  ,S ,
SM4479  ,A ,
SM4480  ,A ,
SM4481  ,A ,
SM4482  ,A ,
SM4483  ,S ,
SM4484  ,S ,
SM4485  ,S ,
SM4487  ,A ,
SM4488  ,S ,
SM4489  ,S ,
SM4490  ,S ,
SM4491  ,S ,
SM4492  ,S ,
SM4493  ,A ,
SM4494  ,S ,
SM4495  ,A ,
SM4496  ,A ,
SM4497  ,A ,
SM4498  ,S ,
SM4499  ,S ,
SM4500  ,S ,
SM4501  ,S ,
SM4502  ,A ,
SM4503  ,S ,
SM4504  ,A ,
SM4505  ,S ,
SM4506  ,A ,
SM4507  ,A ,
SM4508  ,A ,
SM4509  ,A ,
SM4510  ,S ,
SM4511  ,S ,
SM4512  ,A ,
SM4513  ,A ,
SM4514  ,A ,
SM4515  ,A ,
SM4516  ,S ,
SM4517  ,S ,
SM4518  ,S ,
SM4519  ,A ,
SM4520  ,A ,
SM4522  ,S ,
SM4523  ,A ,
SM4524  ,S ,
SM4525  ,A ,
SM4526  ,A ,
SM4527  ,A ,
SM4528  ,S ,
SM4529  ,S ,
SM4530  ,S ,
SM4531  ,A ,
SM4532  ,S ,
SM4533  ,S ,
SM4534  ,A ,
SM4535  ,A ,
SM4536  ,S ,
SM4537  ,S ,
SM4538  ,A ,
SM4539  ,S ,
SM4540  ,S ,
SM4541  ,S ,
SM4542  ,A ,
SM4543  ,S ,
SM4544  ,S ,
SM4545  ,S ,
SM4546  ,S ,
SM4547  ,A ,
SM4548  ,S ,
SM4549  ,S ,
SM4550  ,S ,
SM4551  ,S ,
SM4552  ,S ,
SM4553  ,S ,
SM4554  ,S ,
SM4555  ,A ,
SM4556  ,S ,
SM4557  ,A ,
SM4558  ,S ,
SM4559  ,S ,
SM4560  ,S ,
SM4561  ,S ,
SM4562  ,S ,
SM4563  ,S ,
SM4564  ,S ,
SM4565  ,A ,
SM4566  ,A ,
SM4567  ,A ,
SM4568  ,S ,
SM4569  ,A ,
SM4570  ,S ,
SM4571  ,S ,
SM4572  ,A ,
SM4573  ,A ,
SM4574  ,S ,
SM4575  ,A ,
SM4576  ,A ,
SM4577  ,A ,
SM4578  ,A ,
SM4579  ,S ,
SM4580  ,S ,
SM4581  ,S ,
SM4582  ,A ,
SM4583  ,S ,
SM4584  ,S ,
SM4585  ,A ,
SM4586  ,A ,
SM4587  ,A ,
SM4588  ,S ,
SM4589  ,S ,
SM4590  ,S ,
SM4591  ,S ,
SM4593  ,S ,
SM4594  ,A ,
SM4595  ,A ,
SM4596  ,S ,
SM4597  ,A ,
SM4598  ,A ,
SM4599  ,A ,
SM4600  ,A ,
SM4601  ,A ,
SM4602  ,S ,
SM4603  ,A ,
SM4604  ,A ,
SM4605  ,S ,
SM4606  ,S ,
SM4607  ,A ,
SM4609  ,A ,
SM4610  ,A ,
SM4611  ,S ,
SM4612  ,S ,
SM4613  ,S ,
SM4614  ,S ,
SM4615  ,A ,
SM4616  ,S ,
SM4617  ,A ,
SM4618  ,A ,
SM4619  ,A ,
SM4620  ,A ,
SM4621  ,A ,
SM4622  ,S ,
SM4623  ,S ,
SM4624  ,A ,
SM4625  ,A ,
SM4626  ,A ,
SM4627  ,S ,
SM4628  ,A ,
SM4629  ,S ,
SM4630  ,A ,
SM4631  ,S ,
SM4632  ,A ,
SM4633  ,A ,
SM4634  ,A ,
SM4635  ,S ,
SM4636  ,S ,
SM4637  ,S ,
SM4638  ,A ,
SM4639  ,A ,
SM4640  ,A ,
SM4641  ,S ,
SM4642  ,S ,
SM4643  ,S ,
SM4644  ,S ,
SM4645  ,S ,
SM4646  ,A ,
SM4647  ,S ,
SM4648  ,S ,
SM4649  ,A ,
SM4652  ,S ,
SM4653  ,A ,
SM4654  ,A ,
SM4655  ,A ,
SM4656  ,S ,
SM4657  ,S ,
SM4658  ,A ,
SM4659  ,A ,
SM4660  ,A ,
SM4661  ,S ,
SM4662  ,A ,
SM4663  ,A ,
SM4664  ,S ,
SM4665  ,S ,
SM4666  ,S ,
SM4667  ,A ,
SM4668  ,A ,
SM4669  ,S ,
SM4670  ,A ,
SM4671  ,A ,
SM4673  ,S ,
SM4674  ,S ,
SM4675  ,S ,
SM4676  ,A ,
SM4677  ,S ,
SM4678  ,S ,
SM4679  ,A ,
SM4680  ,A ,
SM4681  ,A ,
SM4682  ,A ,
SM4683  ,S ,
SM4684  ,S ,
SM4685  ,S ,
SM4686  ,S ,
SM4687  ,A ,
SM4688  ,A ,
SM4689  ,S ,
SM4690  ,S ,
SM4691  ,A ,
SM4692  ,S ,
SM4693  ,A ,
SM4694  ,S ,
SM4695  ,S ,
SM4696  ,A ,
SM4697  ,A ,
SM4698  ,A ,
SM4699  ,A ,
SM4700  ,A ,
SM4701  ,S ,
SM4702  ,A ,
SM4703  ,S ,
SM4704  ,S ,
SM4705  ,A ,
SM4706  ,A ,
SM4707  ,A ,
SM4708  ,S ,
SM4710  ,A ,
SM4711  ,A ,
SM4713  ,A ,
SM4714  ,A ,
SM4715  ,S ,
SM4716  ,S ,
SM4717  ,S ,
SM4718  ,A ,
SM4719  ,S ,
SM4720  ,A ,
SM4721  ,S ,
SM4722  ,S ,
SM4723  ,S ,
SM4724  ,S ,
SM4725  ,A ,
SM4726  ,S ,
SM4727  ,A ,
SM4728  ,A ,
SM4729  ,S ,
SM4730  ,A ,
SM4731  ,A ,
SM4732  ,A ,
SM4733  ,A ,
SM4734  ,S ,
SM4735  ,S ,
SM4736  ,S ,
SM4737  ,A ,
SM4738  ,S ,
SM4739  ,S ,
SM4740  ,A ,
SM4741  ,A ,
SM4742  ,A ,
SM4743  ,S ,
SM4744  ,A ,
SM4745  ,S ,
SM4746  ,S ,
SM4747  ,A ,
SM4749  ,A ,
SM4750  ,A ,
SM4751  ,S ,
SM4752  ,S ,
SM4753  ,A ,
SM4755  ,S ,
SM4756  ,A ,
SM4757  ,A ,
SM4758  ,S ,
SM4759  ,S ,
SM4760  ,A ,
SM4761  ,A ,
SM4762  ,A ,
SM4763  ,A ,
SM4764  ,A ,
SM4765  ,S ,
SM4766  ,A ,
SM4767  ,S ,
SM4768  ,A ,
SM4769  ,S ,
SM4770  ,S ,
SM4771  ,A ,
SM4772  ,A ,
SM4773  ,S ,
SM4774  ,S ,
SM4775  ,A ,
SM4776  ,A ,
SM4777  ,S ,
SM4778  ,S ,
SM4779  ,S ,
SM4780  ,S ,
SM4781  ,S ,
SM4782  ,A ,
SM4783  ,S ,
SM4784  ,S ,
SM4785  ,S ,
SM4786  ,A ,
SM4787  ,A ,
SM4788  ,A ,
SM4789  ,A ,
SM4790  ,S ,
SM4791  ,S ,
SM4792  ,S ,
SM4793  ,S ,
SM4794  ,S ,
SM4795  ,S ,
SM4796  ,S ,
SM4797  ,A ,
SM4798  ,A ,
SM4799  ,S ,
SM4800  ,S ,
SM4801  ,A ,
SM4802  ,A ,
SM4803  ,S ,
SM4805  ,S ,
SM4806  ,A ,
SM4807  ,A ,
SM4808  ,S ,
SM4809  ,A ,
SM4810  ,S ,
SM4811  ,S ,
SM4812  ,A ,
SM4813  ,S ,
SM4814  ,A ,
SM4815  ,S ,
SM4816  ,S ,
SM4817  ,S ,
SM4818  ,S ,
SM4819  ,S ,
SM4820  ,S ,
SM4821  ,S ,
SM4822  ,S ,
SM4823  ,A ,
SM4824  ,A ,
SM4825  ,A ,
SM4826  ,S ,
SM4827  ,S ,
SM4828  ,A ,
SM4829  ,S ,
SM4830  ,A ,
SM4831  ,A ,
SM4832  ,S ,
SM4833  ,S ,
SM4834  ,A ,
SM4835  ,S ,
SM4836  ,S ,
SM4837  ,A ,
SM4838  ,S ,
SM4839  ,A ,
SM4840  ,A ,
SM4841  ,A ,
SM4842  ,A ,
SM4843  ,S ,
SM4844  ,S ,
SM4845  ,S ,
SM4846  ,S ,
SM4847  ,S ,
SM4848  ,A ,
SM4849  ,A ,
SM4850  ,A ,
SM4851  ,S ,
SM4852  ,A ,
SM4853  ,S ,
SM4854  ,A ,
SM4855  ,A ,
SM4856  ,A ,
SM4857  ,S ,
SM4858  ,S ,
SM4859  ,A ,
SM4860  ,S ,
SM4861  ,S ,
SM4862  ,A ,
SM4863  ,S ,
SM4864  ,A ,
SM4865  ,S ,
SM4866  ,A ,
SM4867  ,S ,
SM4868  ,S ,
SM4869  ,A ,
SM4870  ,S ,
SM4871  ,S ,
SM4872  ,A ,
SM4873  ,S ,
SM4874  ,S ,
SM4875  ,A ,
SM4876  ,A ,
SM4877  ,A ,
SM4878  ,A ,
SM4879  ,A ,
SM4880  ,A ,
SM4881  ,S ,
SM4882  ,S ,
SM4883  ,S ,
SM4884  ,S ,
SM4885  ,S ,
SM4886  ,A ,
SM4887  ,S ,
SM4888  ,S ,
SM4889  ,S ,
SM4890  ,S ,
SM4891  ,A ,
SM4893  ,A ,
SM4894  ,S ,
SM4895  ,S ,
SM4896  ,A ,
SM4897  ,A ,
SM4898  ,S ,
SM4899  ,S ,
SM4900  ,A ,
SM4901  ,A ,
SM4902  ,A ,
SM4903  ,S ,
SM4904  ,A ,
SM4905  ,S ,
SM4906  ,S ,
SM4907  ,S ,
SM4908  ,A ,
SM4909  ,A ,
SM4910  ,S ,
SM4911  ,A ,
SM4912  ,S ,
SM4913  ,A ,
SM4914  ,A ,
SM4915  ,S ,
SM4916  ,S ,
SM4917  ,A ,
SM4918  ,S ,
SM4919  ,S ,
SM4920  ,S ,
SM4921  ,A ,
SM4922  ,S ,
SM4923  ,S ,
SM4924  ,A ,
SM4925  ,A ,
SM4926  ,A ,
SM4927  ,A ,
SM4928  ,A ,
SM4929  ,A ,
SM4930  ,S ,
SM4931  ,A ,
SM4932  ,A ,
SM4933  ,S ,
SM4934  ,S ,
SM4935  ,S ,
SM4936  ,A ,
SM4937  ,S ,
SM4938  ,S ,
SM4939  ,S ,
SM4940  ,S ,
SM4941  ,S ,
SM4942  ,S ,
SM4943  ,A ,
SM4944  ,S ,
SM4945  ,S ,
SM4946  ,S ,
SM4947  ,S ,
SM4948  ,S ,
SM4949  ,S ,
SM4950  ,S ,
SM4951  ,A ,
SM4952  ,S ,
SM4953  ,S ,
SM4954  ,S ,
SM4955  ,A ,
SM4956  ,S ,
SM4957  ,A ,
SM4958  ,S ,
SM4959  ,A ,
SM4960  ,S ,
SM4962  ,S ,
SM4963  ,S ,
SM4964  ,S ,
SM4965  ,S ,
SM4966  ,S ,
SM4967  ,S ,
SM4968  ,S ,
SM4969  ,A ,
SM4970  ,S ,
SM4971  ,S ,
SM4972  ,S ,
SM4973  ,S ,
SM4974  ,S ,
SM4975  ,A ,
SM4976  ,S ,
SM4977  ,A ,
SM4978  ,S ,
SM4979  ,A ,
SM4980  ,S ,
SM4981  ,A ,
SM4982  ,S ,
SM4983  ,A ,
SM4984  ,S ,
SM4985  ,S ,
SM4986  ,S ,
SM4987  ,S ,
SM4988  ,S ,
SM4989  ,A ,
SM4990  ,S ,
SM4991  ,S ,
SM4992  ,A ,
SM4993  ,S ,
SM4994  ,S ,
SM4995  ,A ,
SM4996  ,S ,
SM4997  ,A ,
SM4998  ,A ,
SM4999  ,S ,
SM5000  ,S ,
SM5001  ,S ,
SM5002  ,S ,
SM5003  ,S ,
SM5004  ,S ,
SM5005  ,S ,
SM5006  ,A ,
SM5007  ,A ,
SM5008  ,A ,
SM5009  ,A ,
SM5010  ,A ,
SM5011  ,A ,
SM5012  ,A ,
SM5013  ,A ,
SM5014  ,S ,
SM5015  ,S ,
SM5016  ,S ,
SM5017  ,A ,
SM5018  ,A ,
SM5019  ,S ,
SM5020  ,A ,
SM5021  ,S ,
SM5022  ,S ,
SM5023  ,S ,
SM5024  ,S ,
SM5026  ,A ,
SM5027  ,A ,
SM5028  ,S ,
SM5029  ,A ,
SM5030  ,S ,
SM5031  ,S ,
SM5032  ,A ,
SM5033  ,S ,
SM5034  ,A ,
SM5035  ,S ,
SM5036  ,S ,
SM5037  ,S ,
SM5038  ,A ,
SM5039  ,A ,
SM5040  ,S ,
SM5041  ,A ,
SM5042  ,S ,
SM5043  ,S ,
SM5044  ,S ,
SM5045  ,S ,
SM5046  ,S ,
SM5047  ,A ,
SM5048  ,A ,
SM5049  ,A ,
SM5050  ,S ,
SM5051  ,S ,
SM5052  ,S ,
SM5053  ,S ,
SM5054  ,S ,
SM5055  ,S ,
SM5056  ,S ,
SM5057  ,A ,
SM5058  ,S ,
SM5059  ,S ,
SM5060  ,S ,
SM5061  ,S ,
SM5062  ,S ,
SM5063  ,S ,
SM5064  ,S ,
SM5065  ,A ,
SM5066  ,S ,
SM5067  ,S ,
SM5068  ,A ,
SM5069  ,A ,
SM5070  ,A ,
SM5071  ,S ,
SM5072  ,S ,
SM5073  ,S ,
SM5074  ,S ,
SM5075  ,S ,
SM5076  ,A ,
SM5077  ,A ,
SM5078  ,A ,
SM5079  ,S ,
SM5081  ,S ,
SM5082  ,S ,
SM5083  ,S ,
SM5084  ,S ,
SM5085  ,S ,
SM5086  ,A ,
SM5087  ,S ,
SM5088  ,A ,
SM5089  ,S ,
SM5090  ,A ,
SM5091  ,S ,
SM5092  ,S ,
SM5093  ,S ,
SM5095  ,S ,
SM5096  ,S ,
SM5097  ,A ,
SM5098  ,S ,
SM5099  ,S ,
SM5100  ,A ,
SM5101  ,S ,
SM5102  ,S ,
SM5103  ,S ,
SM5104  ,S ,
SM5105  ,S ,
SM5106  ,S ,
SM5107  ,S ,
SM5108  ,S ,
SM5109  ,S ,
SM5110  ,S ,
SM5111  ,S ,
SM5112  ,A ,
SM5113  ,S ,
SM5114  ,S ,
SM5115  ,S ,
SM5116  ,A ,
SM5117  ,A ,
SM5118  ,S ,
SM5119  ,S ,
SM5120  ,S ,
SM5121  ,A ,
SM5122  ,A ,
SM5123  ,A ,
SM5124  ,S ,
SM5125  ,A ,
SM5126  ,S ,
SM5127  ,A ,
SM5128  ,A ,
SM5129  ,S ,
SM5130  ,S ,
SM5131  ,A ,
SM5132  ,S ,
SM5133  ,S ,
SM5134  ,S ,
SM5135  ,S ,
SM5136  ,S ,
SM5137  ,A ,
SM5138  ,S ,
SM5139  ,S ,
SM5140  ,S ,
SM5141  ,S ,
SM5142  ,S ,
SM5143  ,S ,
SM5144  ,A ,
SM5145  ,S ,
SM5146  ,S ,
SM5147  ,S ,
SM5148  ,S ,
SM5149  ,S ,
SM5150  ,A ,
SM5151  ,A ,
SM5152  ,A ,
SM5153  ,S ,
SM5154  ,A ,
SM5155  ,S ,
SM5156  ,S ,
SM5157  ,S ,
SM5158  ,S ,
SM5159  ,A ,
SM5160  ,A ,
SM5161  ,A ,
SM5163  ,S ,
SM5164  ,S ,
SM5165  ,S ,
SM5166  ,A ,
SM5167  ,S ,
SM5168  ,S ,
SM5169  ,S ,
SM5170  ,S ,
SM5171  ,A ,
SM5172  ,S ,
SM5173  ,S ,
SM5174  ,S ,
SM5175  ,A ,
SM5176  ,S ,
SM5177  ,A ,
SM5178  ,S ,
SM5179  ,S ,
SM5180  ,S ,
SM5181  ,S ,
SM5182  ,A ,
SM5183  ,A ,
SM5184  ,A ,
SM5185  ,A ,
SM5186  ,A ,
SM5187  ,S ,
SM5188  ,A ,
SM5189  ,S ,
SM5190  ,S ,
SM5191  ,S ,
SM5192  ,S ,
SM5193  ,S ,
SM5194  ,S ,
SM5195  ,S ,
SM5196  ,S ,
SM5197  ,A ,
SM5198  ,A ,
SM5199  ,S ,
SM5200  ,A ,
SM5201  ,S ,
SM5202  ,S ,
SM5203  ,A ,
SM5204  ,S ,
SM5205  ,A ,
SM5206  ,A ,
SM5207  ,S ,
SM5208  ,S ,
SM5209  ,S ,
SM5210  ,S ,
SM5211  ,A ,
SM5212  ,A ,
SM5213  ,S ,
SM5214  ,A ,
SM5215  ,S ,
SM5216  ,S ,
SM5217  ,S ,
SM5218  ,A ,
SM5219  ,A ,
SM5220  ,S ,
SM5221  ,A ,
SM5222  ,A ,
SM5223  ,S ,
SM5224  ,A ,
SM5225  ,S ,
SM5226  ,S ,
SM5227  ,A ,
SM5228  ,S ,
SM5229  ,A ,
SM5230  ,S ,
SM5231  ,A ,
SM5232  ,A ,
SM5233  ,A ,
SM5234  ,S ,
SM5235  ,A ,
SM5236  ,A ,
SM5237  ,S ,
SM5238  ,A ,
SM5239  ,S ,
SM5240  ,S ,
SM5241  ,A ,
SM5242  ,S ,
SM5243  ,S ,
SM5244  ,S ,
SM5245  ,S ,
SM5246  ,S ,
SM5247  ,A ,
SM5248  ,A ,
SM5249  ,S ,
SM5250  ,S ,
SM5251  ,A ,
SM5252  ,A ,
SM5253  ,S ,
SM5254  ,S ,
SM5255  ,A ,
SM5256  ,S ,
SM5257  ,A ,
SM5258  ,A ,
SM5259  ,A ,
SM5260  ,S ,
SM5261  ,S ,
SM5262  ,S ,
SM5263  ,A ,
SM5264  ,A ,
SM5265  ,A ,
SM5266  ,A ,
SM5267  ,A ,
SM5268  ,S ,
SM5269  ,S ,
SM5270  ,S ,
SM5271  ,S ,
SM5272  ,A ,
SM5273  ,S ,
SM5274  ,S ,
SM5275  ,S ,
SM5276  ,A ,
SM5278  ,S ,
SM5279  ,S ,
SM5280  ,S ,
SM5281  ,S ,
SM5282  ,A ,
SM5283  ,A ,
SM5284  ,A ,
SM5285  ,A ,
SM5286  ,A ,
SM5287  ,S ,
SM5288  ,S ,
SM5289  ,A ,
SM5290  ,S ,
SM5291  ,S ,
SM5292  ,A ,
SM5293  ,S ,
SM5294  ,S ,
SM5295  ,S ,
SM5296  ,S ,
SM5297  ,S ,
SM5298  ,S ,
SM5299  ,A ,
SM5300  ,A ,
SM5301  ,A ,
SM5302  ,A ,
SM5303  ,A ,
SM5304  ,S ,
SM5305  ,S ,
SM5306  ,S ,
SM5307  ,A ,
SM5308  ,S ,
SM5309  ,S ,
SM5310  ,A ,
SM5311  ,S ,
SM5312  ,S ,
SM5313  ,A ,
SM5314  ,S ,
SM5315  ,A ,
SM5316  ,A ,
SM5317  ,A ,
SM5318  ,A ,
SM5319  ,S ,
SM5320  ,A ,
SM5321  ,S ,
SM5322  ,S ,
SM5323  ,S ,
SM5324  ,S ,
SM5325  ,S ,
SM5326  ,S ,
SM5327  ,A ,
SM5328  ,S ,
SM5329  ,A ,
SM5330  ,A ,
SM5331  ,A ,
SM5332  ,A ,
SM5333  ,A ,
SM5334  ,A ,
SM5335  ,A ,
SM5336  ,A ,
SM5337  ,A ,
SM5338  ,S ,
SM5339  ,S ,
SM5340  ,S ,
SM5341  ,A ,
SM5342  ,S ,
SM5343  ,S ,
SM5344  ,S ,
SM5345  ,S ,
SM5346  ,S ,
SM5347  ,S ,
SM5348  ,A ,
SM5349  ,S ,
SM5350  ,S ,
SM5351  ,A ,
SM5352  ,S ,
SM5353  ,A ,
SM5354  ,S ,
SM5355  ,S ,
SM5356  ,A ,
SM5357  ,A ,
SM5358  ,A ,
SM5359  ,A ,
SM5360  ,S ,
SM5361  ,S ,
SM5362  ,S ,
SM5363  ,A ,
SM5364  ,S ,
SM5365  ,S ,
SM5366  ,S ,
SM5367  ,A ,
SM5368  ,S ,
SM5369  ,S ,
SM5370  ,S ,
SM5371  ,S ,
SM5372  ,A ,
SM5373  ,S ,
SM5374  ,A ,
SM5375  ,S ,
SM5376  ,S ,
SM5377  ,A ,
SM5378  ,S ,
SM5379  ,A ,
SM5380  ,A ,
SM5381  ,A ,
SM5382  ,A ,
SM5383  ,S ,
SM5384  ,S ,
SM5385  ,S ,
SM5386  ,S ,
SM5387  ,S ,
SM5389  ,S ,
SM5390  ,S ,
SM5391  ,S ,
SM5392  ,S ,
SM5393  ,A ,
SM5394  ,S ,
SM5395  ,S ,
SM5396  ,A ,
SM5397  ,S ,
SM5398  ,A ,
SM5399  ,S ,
SM5400  ,A ,
SM5401  ,A ,
SM5402  ,A ,
SM5403  ,S ,
SM5404  ,S ,
SM5405  ,A ,
SM5406  ,A ,
SM5407  ,S ,
SM5408  ,S ,
SM5409  ,A ,
SM5410  ,A ,
SM5411  ,A ,
SM5412  ,A ,
SM5413  ,A ,
SM5414  ,S ,
SM5415  ,A ,
SM5416  ,S ,
SM5417  ,A ,
SM5418  ,S ,
SM5419  ,A ,
SM5420  ,S ,
SM5421  ,S ,
SM5422  ,A ,
SM5423  ,S ,
SM5424  ,A ,
SM5425  ,A ,
SM5426  ,S ,
SM5427  ,S ,
SM5428  ,A ,
SM5429  ,A ,
SM5430  ,A ,
SM5431  ,A ,
SM5432  ,S ,
SM5433  ,A ,
SM5434  ,A ,
SM5435  ,S ,
SM5436  ,A ,
SM5437  ,A ,
SM5438  ,S ,
SM5439  ,S ,
SM5440  ,S ,
SM5441  ,A ,
SM5442  ,A ,
SM5443  ,S ,
SM5444  ,A ,
SM5445  ,A ,
SM5446  ,A ,
SM5447  ,A ,
SM5449  ,S ,
SM5450  ,S ,
SM5451  ,S ,
SM5452  ,A ,
SM5453  ,S ,
SM5454  ,S ,
SM5455  ,A ,
SM5456  ,S ,
SM5457  ,S ,
SM5458  ,S ,
SM5459  ,S ,
SM5460  ,S ,
SM5461  ,S ,
SM5462  ,A ,
SM5463  ,A ,
SM5464  ,A ,
SM5465  ,A ,
SM5466  ,S ,
SM5467  ,A ,
SM5468  ,A ,
SM5469  ,S ,
SM5470  ,S ,
SM5471  ,A ,
SM5472  ,A ,
SM5473  ,S ,
SM5474  ,S ,
SM5475  ,S ,
SM5476  ,A ,
SM5477  ,S ,
SM5478  ,A ,
SM5479  ,S ,
SM5480  ,S ,
SM5481  ,A ,
SM5482  ,A ,
SM5483  ,A ,
SM5484  ,S ,
SM5485  ,A ,
SM5486  ,S ,
SM5487  ,S ,
SM5488  ,S ,
SM5489  ,S ,
SM5490  ,S ,
SM5491  ,S ,
SM5492  ,S ,
SM5493  ,A ,
SM5495  ,A ,
SM5496  ,S ,
SM5497  ,S ,
SM5498  ,A ,
SM5499  ,S ,
SM5500  ,S ,
SM5501  ,A ,
SM5502  ,A ,
SM5503  ,A ,
SM5504  ,A ,
SM5505  ,A ,
SM5506  ,A ,
SM5507  ,A ,
SM5508  ,A ,
SM5509  ,S ,
SM5510  ,S ,
SM5511  ,A ,
SM5512  ,A ,
SM5514  ,S ,
SM5515  ,S ,
SM5516  ,A ,
SM5517  ,S ,
SM5518  ,A ,
SM5519  ,S ,
SM5520  ,A ,
SM5521  ,A ,
SM5522  ,S ,
SM5523  ,A ,
SM5524  ,A ,
SM5525  ,A ,
SM5526  ,S ,
SM5527  ,S ,
SM5528  ,A ,
SM5529  ,A ,
SM5530  ,A ,
SM5531  ,A ,
SM5532  ,S ,
SM5534  ,A ,
SM5535  ,S ,
SM5536  ,A ,
SM5537  ,S ,
SM5538  ,A ,
SM5539  ,A ,
SM5540  ,A ,
SM5541  ,S ,
SM5542  ,A ,
SM5543  ,S ,
SM5544  ,S ,
SM5545  ,A ,
SM5546  ,A ,
SM5547  ,S ,
SM5548  ,S ,
SM5549  ,S ,
SM5550  ,A ,
SM5551  ,A ,
SM5552  ,A ,
SM5553  ,S ,
SM5554  ,A ,
SM5555  ,S ,
SM5556  ,S ,
SM5557  ,S ,
SM5558  ,S ,
SM5559  ,S ,
SM5560  ,A ,
SM5561  ,S ,
SM5562  ,S ,
SM5563  ,A ,
SM5564  ,A ,
SM5565  ,S ,
SM5566  ,S ,
SM5567  ,A ,
SM5568  ,S ,
SM5569  ,S ,
SM5570  ,A ,
SM5571  ,S ,
SM5572  ,S ,
SM5573  ,A ,
SM5574  ,A ,
SM5575  ,S ,
SM5576  ,A ,
SM5578  ,S ,
SM5579  ,A ,
SM5580  ,A ,
SM5581  ,S ,
SM5582  ,A ,
SM5583  ,A ,
SM5584  ,A ,
SM5585  ,A ,
SM5586  ,A ,
SM5587  ,S ,
SM5588  ,A ,
SM5589  ,S ,
SM5590  ,S ,
SM5591  ,A ,
SM5592  ,S ,
SM5593  ,A ,
SM5594  ,A ,
SM5595  ,S ,
SM5596  ,A ,
SM5597  ,A ,
SM5598  ,A ,
SM5599  ,S ,
SM5600  ,A ,
SM5601  ,A ,
SM5602  ,A ,
SM5603  ,A ,
SM5604  ,S ,
SM5605  ,A ,
SM5606  ,S ,
SM5607  ,A ,
SM5608  ,S ,
SM5609  ,A ,
SM5610  ,S ,
SM5611  ,A ,
SM5612  ,A ,
SM5613  ,S ,
SM5614  ,A ,
SM5615  ,A ,
SM5616  ,A ,
SM5617  ,A ,
SM5618  ,S ,
SM5619  ,S ,
SM5620  ,S ,
SM5621  ,S ,
SM5622  ,A ,
SM5623  ,A ,
SM5624  ,S ,
SM5625  ,A ,
SM5626  ,A ,
SM5627  ,S ,
SM5628  ,S ,
SM5629  ,A ,
SM5630  ,S ,
SM5631  ,A ,
SM5632  ,A ,
SM5633  ,A ,
SM5634  ,S ,
SM5635  ,A ,
SM5636  ,S ,
SM5637  ,S ,
SM5638  ,A ,
SM5639  ,A ,
SM5640  ,S ,
SM5641  ,A ,
SM5642  ,S ,
SM5643  ,A ,
SM5644  ,S ,
SM5645  ,S ,
SM5647  ,S ,
SM5648  ,A ,
SM5649  ,A ,
SM5650  ,A ,
SM5651  ,S ,
SM5652  ,A ,
SM5653  ,A ,
SM5654  ,S ,
SM5655  ,S ,
SM5656  ,A ,
SM5657  ,A ,
SM5658  ,A ,
SM5659  ,A ,
SM5660  ,A ,
SM5661  ,S ,
SM5662  ,A ,
SM5663  ,A ,
SM5664  ,S ,
SM5665  ,S ,
SM5666  ,S ,
SM5667  ,S ,
SM5668  ,A ,
SM5669  ,S ,
SM5670  ,A ,
SM5671  ,S ,
SM5672  ,S ,
SM5673  ,S ,
SM5674  ,A ,
SM5675  ,S ,
SM5676  ,A ,
SM5677  ,A ,
SM5678  ,S ,
SM5679  ,A ,
SM5680  ,S ,
SM5681  ,S ,
SM5682  ,S ,
SM5683  ,A ,
SM5684  ,S ,
SM5685  ,A ,
SM5686  ,S ,
SM5687  ,A ,
SM5688  ,S ,
SM5689  ,A ,
SM5690  ,A ,
SM5691  ,S ,
SM5692  ,A ,
SM5693  ,S ,
SM5694  ,S ,
SM5695  ,S ,
SM5696  ,A ,
SM5697  ,A ,
SM5698  ,A ,
SM5700  ,A ,
SM5701  ,A ,
SM5702  ,S ,
SM5703  ,A ,
SM5704  ,A ,
SM5705  ,S ,
SM5706  ,S ,
SM5707  ,A ,
SM5708  ,S ,
SM5709  ,A ,
SM5710  ,S ,
SM5711  ,S ,
SM5712  ,S ,
SM5713  ,A ,
SM5714  ,S ,
SM5715  ,A ,
SM5716  ,A ,
SM5717  ,S ,
SM5718  ,A ,
SM5719  ,A ,
SM5720  ,A ,
SM5721  ,A ,
SM5722  ,S ,
SM5723  ,S ,
SM5724  ,A ,
SM5725  ,S ,
SM5726  ,A ,
SM5727  ,A ,
SM5728  ,A ,
SM5729  ,S ,
SM5730  ,A ,
SM5731  ,S ,
SM5732  ,A ,
SM5733  ,A ,
SM5734  ,A ,
SM5735  ,S ,
SM5736  ,S ,
SM5737  ,S ,
SM5738  ,S ,
SM5739  ,S ,
SM5740  ,A ,
SM5741  ,A ,
SM5742  ,A ,
SM5743  ,A ,
SM5744  ,A ,
SM5745  ,S ,
SM5746  ,A ,
SM5747  ,S ,
SM5748  ,A ,
SM5749  ,A ,
SM5750  ,S ,
SM5751  ,A ,
SM5752  ,A ,
SM5753  ,A ,
SM5754  ,A ,
SM5755  ,A ,
SM5756  ,S ,
SM5757  ,S ,
SM5758  ,S ,
SM5759  ,S ,
SM5760  ,A ,
SM5761  ,S ,
SM5762  ,A ,
SM5763  ,A ,
SM5764  ,S ,
SM5765  ,S ,
SM5766  ,A ,
SM5767  ,A ,
SM5768  ,A ,
SM5769  ,S ,
SM5770  ,A ,
SM5771  ,A ,
SM5772  ,A ,
SM5773  ,A ,
SM5774  ,S ,
SM5775  ,A ,
SM5776  ,S ,
SM5777  ,A ,
SM5778  ,A ,
SM5779  ,S ,
SM5780  ,S ,
SM5781  ,A ,
SM5782  ,S ,
SM5783  ,A ,
SM5784  ,A ,
SM5785  ,A ,
SM5786  ,S ,
SM5787  ,A ,
SM5788  ,A ,
SM5789  ,S ,
SM5790  ,S ,
SM5791  ,S ,
SM5792  ,A ,
SM5793  ,A ,
SM5794  ,A ,
SM5795  ,S ,
SM5796  ,S ,
SM5797  ,S ,
SM5798  ,A ,
SM5799  ,A ,
SM5800  ,S ,
SM5801  ,A ,
SM5802  ,S ,
SM5803  ,A ,
SM5804  ,A ,
SM5805  ,S ,
SM5806  ,A ,
SM5807  ,A ,
SM5808  ,S ,
SM5809  ,S ,
SM5810  ,A ,
SM5811  ,A ,
SM5812  ,A ,
SM5813  ,S ,
SM5814  ,A ,
SM5815  ,A ,
SM5816  ,S ,
SM5817  ,S ,
SM5818  ,A ,
SM5819  ,A ,
SM5820  ,S ,
SM5821  ,S ,
SM5822  ,A ,
SM5823  ,S ,
SM5824  ,A ,
SM5825  ,S ,
SM5826  ,A ,
SM5827  ,S ,
SM5828  ,A ,
SM5829  ,S ,
SM5830  ,S ,
SM5831  ,S ,
SM5832  ,A ,
SM5833  ,S ,
SM5834  ,S ,
SM5835  ,A ,
SM5836  ,A ,
SM5837  ,A ,
SM5838  ,S ,
SM5839  ,S ,
SM5840  ,A ,
SM5841  ,A ,
SM5842  ,A ,
SM5843  ,A ,
SM5844  ,A ,
SM5845  ,A ,
SM5846  ,S ,
SM5847  ,A ,
SM5848  ,S ,
SM5849  ,A ,
SM5850  ,S ,
SM5851  ,S ,
SM5852  ,A ,
SM5853  ,A ,
SM5854  ,S ,
SM5855  ,S ,
SM5856  ,S ,
SM5857  ,S ,
SM5858  ,A ,
SM5859  ,A ,
SM5860  ,S ,
SM5861  ,A ,
SM5862  ,A ,
SM5863  ,A ,
SM5864  ,S ,
SM5865  ,A ,
SM5866  ,S ,
SM5867  ,A ,
SM5868  ,A ,
SM5869  ,S ,
SM5871  ,S ,
SM5872  ,S ,
SM5873  ,S ,
SM5874  ,S ,
SM5875  ,A ,
SM5876  ,A ,
SM5877  ,S ,
SM5878  ,A ,
SM5879  ,S ,
SM5880  ,A ,
SM5881  ,A ,
SM5882  ,S ,
SM5883  ,S ,
SM5884  ,A ,
SM5885  ,S ,
SM5886  ,S ,
SM5887  ,A ,
SM5888  ,A ,
SM5889  ,A ,
SM5890  ,S ,
SM5891  ,A ,
SM5892  ,S ,
SM5893  ,A ,
SM5894  ,S ,
SM5895  ,S ,
SM5896  ,S ,
SM5897  ,A ,
SM5898  ,S ,
SM5899  ,S ,
SM5900  ,S ,
SM5901  ,A ,
SM5902  ,A ,
SM5903  ,A ,
SM5904  ,S ,
SM5905  ,S ,
SM5906  ,A ,
SM5907  ,A ,
SM5908  ,S ,
SM5909  ,S ,
SM5910  ,S ,
SM5911  ,A ,
SM5912  ,S ,
SM5913  ,S ,
SM5914  ,A ,
SM5915  ,S ,
SM5916  ,A ,
SM5917  ,A ,
SM5918  ,A ,
SM5919  ,S ,
SM5920  ,S ,
SM5921  ,A ,
SM5922  ,A ,
SM5923  ,A ,
SM5924  ,A ,
SM5925  ,A ,
SM5926  ,S ,
SM5927  ,S ,
SM5928  ,S ,
SM5929  ,A ,
SM5930  ,A ,
SM5931  ,S ,
SM5932  ,S ,
SM5933  ,S ,
SM5934  ,S ,
SM5935  ,A ,
SM5936  ,A ,
SM5937  ,A ,
SM5938  ,S ,
SM5939  ,S ,
SM5940  ,S ,
SM5941  ,A ,
SM5942  ,S ,
SM5943  ,A ,
SM5944  ,A ,
SM5945  ,A ,
SM5946  ,S ,
SM5947  ,S ,
SM5948  ,A ,
SM5949  ,A ,
SM5950  ,A ,
SM5951  ,S ,
SM5952  ,A ,
SM5953  ,A ,
SM5954  ,A ,
SM5955  ,S ,
SM5956  ,S ,
SM5957  ,A ,
SM5958  ,A ,
SM5959  ,S ,
SM5960  ,A ,
SM5961  ,S ,
SM5962  ,A ,
SM5963  ,S ,
SM5964  ,S ,
SM5965  ,S ,
SM5966  ,A ,
SM5967  ,A ,
SM5968  ,A ,
SM5969  ,A ,
SM5970  ,S ,
SM5971  ,S ,
SM5972  ,A ,
SM5973  ,A ,
SM5974  ,A ,
SM5975  ,S ,
SM5976  ,S ,
SM5977  ,S ,
SM5978  ,A ,
SM5979  ,S ,
SM5980  ,A ,
SM5981  ,A ,
SM5982  ,S ,
SM5983  ,A ,
SM5984  ,A ,
SM5985  ,S ,
SM5986  ,S ,
SM5987  ,S ,
SM5988  ,A ,
SM5989  ,A ,
SM5990  ,A ,
SM5991  ,A ,
SM5992  ,S ,
SM5993  ,A ,
SM5994  ,S ,
SM5995  ,S ,
SM5996  ,S ,
SM5997  ,A ,
SM5998  ,A ,
SM5999  ,A ,
SM6000  ,S ,
SM6001  ,S ,
SM6002  ,S ,
SM6003  ,A ,
SM6004  ,A ,
SM6005  ,A ,
SM6006  ,A ,
SM6007  ,A ,
SM6008  ,S ,
SM6009  ,S ,
SM6010  ,A ,
SM6011  ,A ,
SM6012  ,A ,
SM6013  ,A ,
SM6014  ,S ,
SM6015  ,S ,
SM6016  ,A ,
SM6017  ,S ,
SM6018  ,A ,
SM6019  ,A ,
SM6020  ,A ,
SM6021  ,S ,
SM6022  ,A ,
SM6023  ,A ,
SM6024  ,S ,
SM6025  ,A ,
SM6026  ,A ,
SM6027  ,A ,
SM6028  ,S ,
SM6029  ,S ,
SM6030  ,A ,
SM6031  ,A ,
SM6032  ,S ,
SM6033  ,S ,
SM6034  ,S ,
SM6035  ,A ,
SM6036  ,A ,
SM6037  ,A ,
SM6038  ,A ,
SM6039  ,S ,
SM6040  ,A ,
SM6041  ,A ,
SM6042  ,A ,
SM6043  ,A ,
SM6044  ,S ,
SM6045  ,A ,
SM6046  ,S ,
SM6047  ,A ,
SM6048  ,A ,
SM6050  ,A ,
SM6051  ,A ,
SM6052  ,A ,
SM6053  ,A ,
SM6054  ,S ,
SM6055  ,A ,
SM6056  ,A ,
SM6057  ,A ,
SM6058  ,S ,
SM6059  ,A ,
SM6060  ,A ,
SM6061  ,S ,
SM6062  ,A ,
SM6063  ,S ,
SM6064  ,A ,
SM6065  ,A ,
SM6066  ,S ,
SM6067  ,S ,
SM6068  ,A ,
SM6069  ,A ,
SM6070  ,S ,
SM6071  ,A ,
SM6072  ,S ,
SM6073  ,S ,
SM6074  ,S ,
SM6075  ,S ,
SM6076  ,A ,
SM6077  ,S ,
SM6078  ,S ,
SM6079  ,A ,
SM6080  ,S ,
SM6081  ,S ,
SM6082  ,A ,
SM6083  ,A ,
SM6084  ,A ,
SM6085  ,S ,
SM6086  ,A ,
SM6087  ,A ,
SM6088  ,S ,
SM6089  ,A ,
SM6090  ,S ,
SM6091  ,A ,
SM6092  ,S ,
SM6093  ,S ,
SM6094  ,S ,
SM6095  ,S ,
SM6096  ,S ,
SM6097  ,S ,
SM6098  ,S ,
SM6099  ,S ,
SM6100  ,A ,
SM6101  ,A ,
SM6102  ,S ,
SM6103  ,A ,
SM6104  ,A ,
SM6105  ,S ,
SM6106  ,A ,
SM6107  ,A ,
SM6108  ,S ,
SM6109  ,A ,
SM6110  ,S ,
SM6111  ,S ,
SM6112  ,S ,
SM6113  ,A ,
SM6114  ,S ,
SM6115  ,S ,
SM6116  ,S ,
SM6118  ,S ,
SM6119  ,A ,
SM6120  ,A ,
SM6121  ,S ,
SM6122  ,S ,
SM6123  ,A ,
SM6124  ,S ,
SM6125  ,A ,
SM6126  ,S ,
SM6127  ,S ,
SM6128  ,A ,
SM6130  ,S ,
SM6131  ,S ,
SM6132  ,S ,
SM6133  ,A ,
SM6134  ,A ,
SM6135  ,A ,
SM6136  ,S ,
SM6137  ,A ,
SM6138  ,A ,
SM6140  ,S ,
SM6141  ,S ,
SM6142  ,A ,
SM6143  ,A ,
SM6144  ,A ,
SM6145  ,S ,
SM6146  ,A ,
SM6147  ,A ,
SM6148  ,S ,
SM6149  ,S ,
SM6150  ,A ,
SM6151  ,A ,
SM6152  ,A ,
SM6153  ,S ,
SM6154  ,A ,
SM6155  ,S ,
SM6156  ,A ,
SM6157  ,S ,
SM6158  ,A ,
SM6159  ,A ,
SM6160  ,A ,
SM6161  ,S ,
SM6162  ,S ,
SM6163  ,S ,
SM6164  ,A ,
SM6165  ,A ,
SM6166  ,A ,
SM6167  ,S ,
SM6168  ,S ,
SM6169  ,S ,
SM6170  ,A ,
SM6171  ,S ,
SM6172  ,S ,
SM6173  ,S ,
SM6174  ,A ,
SM6175  ,S ,
SM6176  ,S ,
SM6177  ,S ,
SM6178  ,S ,
SM6179  ,A ,
SM6180  ,A ,
SM6181  ,A ,
SM6182  ,S ,
SM6183  ,S ,
SM6184  ,S ,
SM6185  ,S ,
SM6186  ,A ,
SM6187  ,A ,
SM6188  ,A ,
SM6189  ,A ,
SM6190  ,S ,
SM6191  ,S ,
SM6192  ,A ,
SM6193  ,S ,
SM6194  ,A ,
SM6195  ,S ,
SM6196  ,A ,
SM6197  ,A ,
SM6198  ,A ,
SM6199  ,S ,
SM6200  ,A ,
SM6201  ,A ,
SM6202  ,A ,
SM6203  ,S ,
SM6204  ,S ,
SM6205  ,S ,
SM6206  ,A ,
SM6207  ,S ,
SM6208  ,A ,
SM6209  ,A ,
SM6210  ,A ,
SM6211  ,A ,
SM6212  ,A ,
SM6213  ,A ,
SM6214  ,A ,
SM6215  ,A ,
SM6216  ,S ,
SM6217  ,A ,
SM6218  ,A ,
SM6219  ,A ,
SM6220  ,S ,
SM6221  ,A ,
SM6222  ,A ,
SM6223  ,S ,
SM6224  ,A ,
SM6225  ,S ,
SM6226  ,A ,
SM6227  ,S ,
SM6228  ,S ,
SM6229  ,A ,
SM6230  ,A ,
SM6231  ,A ,
SM6232  ,S ,
SM6233  ,A ,
SM6235  ,S ,
SM6236  ,S ,
SM6237  ,A ,
SM6238  ,S ,
SM6239  ,A ,
SM6240  ,S ,
SM6241  ,A ,
SM6242  ,A ,
SM6243  ,A ,
SM6244  ,A ,
SM6245  ,S ,
SM6246  ,A ,
SM6247  ,S ,
SM6248  ,S ,
SM6249  ,S ,
SM6250  ,S ,
SM6251  ,A ,
SM6252  ,S ,
SM6253  ,A ,
SM6254  ,S ,
SM6255  ,A ,
SM6257  ,A ,
SM6258  ,A ,
SM6259  ,S ,
SM6260  ,S ,
SM6261  ,S ,
SM6262  ,S ,
SM6263  ,A ,
SM6264  ,A ,
SM6265  ,A ,
SM6266  ,S ,
SM6267  ,S ,
SM6268  ,S ,
SM6269  ,A ,
SM6270  ,S ,
SM6271  ,S ,
SM6272  ,S ,
SM6273  ,S ,
SM6274  ,A ,
SM6275  ,S ,
SM6276  ,S ,
SM6277  ,A ,
SM6278  ,A ,
SM6279  ,A ,
SM6280  ,A ,
SM6281  ,A ,
SM6282  ,A ,
SM6283  ,A ,
SM6284  ,S ,
SM6285  ,S ,
SM6286  ,A ,
SM6287  ,S ,
SM6288  ,S ,
SM6289  ,S ,
SM6290  ,A ,
SM6291  ,A ,
SM6292  ,A ,
SM6293  ,A ,
SM6294  ,A ,
SM6295  ,A ,
SM6296  ,S ,
SM6297  ,S ,
SM6298  ,A ,
SM6300  ,A ,
SM6301  ,A ,
SM6302  ,S ,
SM6303  ,S ,
SM6304  ,A ,
SM6305  ,A ,
SM6306  ,A ,
SM6307  ,S ,
SM6308  ,A ,
SM6309  ,S ,
SM6310  ,A ,
SM6311  ,A ,
SM6312  ,A ,
SM6313  ,S ,
SM6314  ,S ,
SM6315  ,S ,
SM6316  ,A ,
SM6317  ,A ,
SM6318  ,S ,
SM6319  ,S ,
SM6320  ,A ,
SM6321  ,A ,
SM6322  ,S ,
SM6323  ,A ,
SM6324  ,S ,
SM6325  ,A ,
SM6326  ,A ,
SM6327  ,S ,
SM6328  ,S ,
SM6329  ,A ,
SM6330  ,S ,
SM6331  ,A ,
SM6332  ,A ,
SM6333  ,S ,
SM6334  ,A ,
SM6335  ,A ,
SM6336  ,S ,
SM6337  ,S ,
SM6338  ,A ,
SM6339  ,A ,
SM6341  ,S ,
SM6342  ,A ,
SM6343  ,A ,
SM6344  ,A ,
SM6345  ,A ,
SM6346  ,S ,
SM6347  ,S ,
SM6348  ,A ,
SM6349  ,S ,
SM6350  ,S ,
SM6351  ,A ,
SM6352  ,S ,
SM6353  ,A ,
SM6354  ,A ,
SM6355  ,A ,
SM6356  ,S ,
SM6357  ,A ,
SM6358  ,S ,
SM6359  ,S ,
SM6360  ,A ,
SM6361  ,S ,
SM6362  ,A ,
SM6363  ,A ,
SM6364  ,S ,
SM6365  ,A ,
SM6366  ,S ,
SM6367  ,A ,
SM6368  ,S ,
SM6369  ,A ,
SM6370  ,S ,
SM6371  ,A ,
SM6372  ,S ,
SM6373  ,A ,
SM6374  ,S ,
SM6375  ,S ,
SM6376  ,A ,
SM6377  ,A ,
SM6378  ,A ,
SM6379  ,A ,
SM6380  ,S ,
SM6381  ,A ,
SM6382  ,A ,
SM6383  ,A ,
SM6384  ,A ,
SM6385  ,A ,
SM6386  ,A ,
SM6387  ,A ,
SM6388  ,A ,
SM6389  ,A ,
SM6390  ,S ,
SM6392  ,A ,
SM6393  ,S ,
SM6394  ,A ,
SM6395  ,A ,
SM6396  ,S ,
SM6397  ,A ,
SM6398  ,S ,
SM6399  ,A ,
SM6400  ,A ,
SM6401  ,S ,
SM6402  ,S ,
SM6403  ,S ,
SM6404  ,A ,
SM6405  ,A ,
SM6406  ,S ,
SM6407  ,A ,
SM6408  ,A ,
SM6409  ,S ,
SM6410  ,A ,
SM6411  ,A ,
SM6412  ,A ,
SM6413  ,S ,
SM6414  ,S ,
SM6415  ,S ,
SM6416  ,S ,
SM6417  ,A ,
SM6418  ,S ,
SM6419  ,S ,
SM6420  ,A ,
SM6421  ,S ,
SM6422  ,A ,
SM6423  ,A ,
SM6424  ,S ,
SM6425  ,A ,
SM6426  ,A ,
SM6427  ,S ,
SM6428  ,S ,
SM6429  ,A ,
SM6430  ,A ,
SM6431  ,A ,
SM6432  ,A ,
SM6433  ,A ,
SM6434  ,S ,
SM6435  ,S ,
SM6436  ,A ,
SM6437  ,S ,
SM6438  ,A ,
SM6439  ,A ,
SM6440  ,S ,
SM6441  ,A ,
SM6442  ,A ,
SM6443  ,S ,
SM6444  ,A ,
SM6445  ,A ,
SM6446  ,S ,
SM6447  ,A ,
SM6448  ,A ,
SM6449  ,A ,
SM6450  ,S ,
SM6451  ,A ,
SM6452  ,A ,
SM6453  ,A ,
SM6454  ,S ,
SM6455  ,S ,
SM6456  ,A ,
SM6457  ,S ,
SM6458  ,A ,
SM6459  ,A ,
SM6460  ,A ,
SM6461  ,A ,
SM6462  ,S ,
SM6463  ,S ,
SM6464  ,A ,
SM6465  ,A ,
SM6466  ,S ,
SM6467  ,A ,
SM6468  ,A ,
SM6469  ,A ,
SM6470  ,A ,
SM6472  ,A ,
SM6473  ,A ,
SM6474  ,S ,
SM6475  ,S ,
SM6476  ,S ,
SM6477  ,S ,
SM6478  ,S ,
SM6479  ,S ,
SM6480  ,A ,
SM6481  ,S ,
SM6482  ,S ,
SM6483  ,A ,
SM6484  ,A ,
SM6485  ,S ,
SM6486  ,S ,
SM6487  ,S ,
SM6488  ,S ,
SM6489  ,A ,
SM6490  ,A ,
SM6491  ,A ,
SM6492  ,A ,
SM6493  ,S ,
SM6494  ,A ,
SM6495  ,A ,
SM6496  ,A ,
SM6497  ,S ,
SM6499  ,S ,
SM6500  ,A ,
SM6501  ,S ,
SM6502  ,S ,
SM6503  ,S ,
SM6504  ,A ,
SM6505  ,A ,
SM6506  ,A ,
SM6507  ,S ,
SM6508  ,S ,
SM6509  ,S ,
SM6510  ,A ,
SM6511  ,A ,
SM6512  ,S ,
SM6513  ,S ,
SM6514  ,A ,
SM6515  ,S ,
SM6516  ,A ,
SM6517  ,S ,
SM6518  ,A ,
SM6519  ,A ,
SM6520  ,S ,
SM6521  ,S ,
SM6522  ,A ,
SM6523  ,S ,
SM6524  ,S ,
SM6525  ,A ,
SM6526  ,A ,
SM6527  ,S ,
SM6528  ,A ,
SM6529  ,A ,
SM6530  ,S ,
SM6531  ,A ,
SM6532  ,A ,
SM6533  ,S ,
SM6534  ,A ,
SM6535  ,S ,
SM6536  ,A ,
SM6537  ,S ,
SM6538  ,S ,
SM6539  ,A ,
SM6540  ,A ,
SM6541  ,A ,
SM6542  ,A ,
SM6543  ,S ,
SM6544  ,A ,
SM6545  ,A ,
SM6546  ,S ,
SM6547  ,S ,
SM6548  ,S ,
SM6549  ,S ,
SM6550  ,A ,
SM6551  ,S ,
SM6552  ,A ,
SM6553  ,A ,
SM6554  ,A ,
SM6555  ,S ,
SM6556  ,A ,
SM6557  ,A ,
SM6558  ,S ,
SM6559  ,A ,
SM6560  ,S ,
SM6561  ,A ,
SM6562  ,A ,
SM6563  ,S ,
SM6564  ,A ,
SM6565  ,S ,
SM6566  ,A ,
SM6567  ,A ,
SM6568  ,A ,
SM6569  ,A ,
SM6570  ,S ,
SM6571  ,S ,
SM6572  ,S ,
SM6573  ,A ,
SM6574  ,S ,
SM6575  ,A ,
SM6576  ,S ,
SM6577  ,A ,
SM6578  ,S ,
SM6579  ,A ,
SM6580  ,S ,
SM6581  ,A ,
SM6582  ,S ,
SM6583  ,S ,
SM6584  ,S ,
SM6585  ,A ,
SM6586  ,A ,
SM6587  ,S ,
SM6588  ,S ,
SM6589  ,A ,
SM6590  ,A ,
SM6591  ,A ,
SM6592  ,A ,
SM6593  ,A ,
SM6594  ,S ,
SM6595  ,A ,
SM6596  ,S ,
SM6597  ,S ,
SM6598  ,A ,
SM6599  ,S ,
SM6600  ,S ,
SM6601  ,A ,
SM6602  ,A ,
SM6603  ,A ,
SM6604  ,S ,
SM6606  ,S ,
SM6607  ,A ,
SM6608  ,A ,
SM6609  ,A ,
SM6610  ,A ,
SM6611  ,A ,
SM6612  ,A ,
SM6613  ,A ,
SM6614  ,S ,
SM6615  ,A ,
SM6616  ,A ,
SM6617  ,A ,
SM6618  ,A ,
SM6619  ,S ,
SM6620  ,S ,
SM6621  ,S ,
SM6622  ,A ,
SM6623  ,A ,
SM6624  ,A ,
SM6625  ,S ,
SM6626  ,A ,
SM6627  ,S ,
SM6628  ,A ,
SM6629  ,S ,
SM6630  ,A ,
SM6631  ,A ,
SM6632  ,S ,
SM6633  ,A ,
SM6634  ,A ,
SM6635  ,S ,
SM6636  ,A ,
SM6638  ,A ,
SM6640  ,A ,
SM6641  ,A ,
SM6642  ,S ,
SM6643  ,A ,
SM6644  ,S ,
SM6645  ,A ,
SM6646  ,A ,
SM6647  ,S ,
SM6648  ,A ,
SM6649  ,A ,
SM6650  ,A ,
SM6651  ,A ,
SM6652  ,S ,
SM6653  ,A ,
SM6654  ,S ,
SM6655  ,S ,
SM6656  ,A ,
SM6657  ,S ,
SM6658  ,S ,
SM6659  ,A ,
SM6660  ,A ,
SM6661  ,S ,
SM6662  ,A ,
SM6663  ,A ,
SM6664  ,A ,
SM6665  ,S ,
SM6666  ,S ,
SM6667  ,S ,
SM6668  ,A ,
SM6669  ,S ,
SM6670  ,A ,
SM6672  ,S ,
SM6673  ,S ,
SM6674  ,A ,
SM6675  ,S ,
SM6676  ,A ,
SM6677  ,A ,
SM6678  ,A ,
SM6679  ,S ,
SM6680  ,A ,
SM6681  ,A ,
SM6682  ,A ,
SM6683  ,S ,
SM6684  ,A ,
SM6685  ,A ,
SM6686  ,S ,
SM6687  ,A ,
SM6688  ,A ,
SM6690  ,A ,
SM6691  ,A ,
SM6692  ,A ,
SM6693  ,A ,
SM6694  ,S ,
SM6695  ,A ,
SM6696  ,A ,
SM6697  ,A ,
SM6698  ,S ,
SM6699  ,S ,
SM6700  ,A ,
SM6701  ,S ,
SM6702  ,A ,
SM6703  ,A ,
SM6704  ,A ,
SM6705  ,S ,
SM6706  ,A ,
SM6707  ,S ,
SM6708  ,A ,
SM6709  ,A ,
SM6710  ,S ,
SM6711  ,S ,
SM6712  ,A ,
SM6713  ,A ,
SM6714  ,A ,
SM6715  ,A ,
SM6716  ,S ,
SM6717  ,S ,
SM6718  ,A ,
SM6719  ,A ,
SM6720  ,S ,
SM6721  ,A ,
SM6722  ,A ,
SM6723  ,A ,
SM6724  ,A ,
SM6725  ,A ,
SM6726  ,A ,
SM6727  ,A ,
SM6728  ,A ,
SM6729  ,S ,
SM6730  ,S ,
SM6731  ,A ,
SM6732  ,A ,
SM6733  ,A ,
SM6734  ,A ,
SM6735  ,A ,
SM6736  ,A ,
SM6737  ,A ,
SM6738  ,A ,
SM6739  ,S ,
SM6740  ,A ,
SM6741  ,A ,
SM6742  ,A ,
SM6743  ,S ,
SM6744  ,A ,
SM6745  ,A ,
SM6746  ,S ,
SM6747  ,S ,
SM6748  ,S ,
SM6750  ,A ,
SM6751  ,A ,
SM6752  ,S ,
SM6753  ,S ,
SM6754  ,A ,
SM6755  ,A ,
SM6756  ,A ,
SM6757  ,S ,
SM6758  ,S ,
SM6759  ,A ,
SM6760  ,S ,
SM6761  ,S ,
SM6762  ,S ,
SM6763  ,S ,
SM6764  ,A ,
SM6765  ,S ,
SM6766  ,S ,
SM6767  ,A ,
SM6768  ,S ,
SM6769  ,S ,
SM6771  ,A ,
SM6772  ,A ,
SM6773  ,A ,
SM6774  ,S ,
SM6775  ,S ,
SM6776  ,A ,
SM6777  ,S ,
SM6778  ,A ,
SM6779  ,S ,
SM6780  ,A ,
SM6781  ,A ,
SM6782  ,S ,
SM6783  ,A ,
SM6784  ,A ,
SM6785  ,A ,
SM6786  ,A ,
SM6787  ,S ,
SM6788  ,A ,
SM6789  ,A ,
SM6790  ,A ,
SM6791  ,A ,
SM6792  ,A ,
SM6793  ,S ,
SM6794  ,A ,
SM6795  ,S ,
SM6796  ,A ,
SM6797  ,A ,
SM6798  ,S ,
SM6799  ,A ,
SM6800  ,S ,
SM6801  ,A ,
SM6802  ,S ,
SM6803  ,S ,
SM6804  ,S ,
SM6805  ,S ,
SM6806  ,A ,
SM6807  ,A ,
SM6808  ,A ,
SM6809  ,A ,
SM6810  ,S ,
SM6811  ,A ,
SM6812  ,A ,
SM6813  ,A ,
SM6814  ,A ,
SM6815  ,A ,
SM6816  ,A ,
SM6817  ,S ,
SM6818  ,S ,
SM6819  ,S ,
SM6820  ,A ,
SM6821  ,S ,
SM6822  ,A ,
SM6823  ,A ,
SM6824  ,S ,
SM6825  ,A ,
SM6826  ,A ,
SM6827  ,A ,
SM6828  ,A ,
SM6829  ,A ,
SM6830  ,A ,
SM6831  ,A ,
SM6832  ,A ,
SM6833  ,A ,
SM6834  ,A ,
SM6835  ,A ,
SM6836  ,A ,
SM6837  ,A ,
SM6838  ,A ,
SM6839  ,A ,
SM6840  ,A ,
SM6841  ,S ,
SM6842  ,A ,
SM6843  ,A ,
SM6844  ,A ,
SM6845  ,A ,
SM6846  ,A ,
SM6847  ,A ,
SM6848  ,A ,
SM6849  ,A ,
SM6850  ,A ,
SM6851  ,A ,
SM6852  ,S ,
SM6853  ,A ,
SM6854  ,A ,
SM6855  ,S ,
SM6856  ,S ,
SM6857  ,A ,
SM6858  ,A ,
SM6859  ,A ,
SM6860  ,S ,
SM6861  ,A ,
SM6862  ,A ,
SM6863  ,S ,
SM6865  ,S ,
SM6866  ,A ,
SM6867  ,A ,
SM6868  ,A ,
SM6870  ,S ,
SM6871  ,A ,
SM6872  ,A ,
SM6873  ,A ,
SM6874  ,A ,
SM6875  ,A ,
SM6876  ,S ,
SM6877  ,S ,
SM6878  ,S ,
SM6879  ,A ,
SM6880  ,S ,
SM6881  ,S ,
SM6882  ,S ,
SM6883  ,S ,
SM6884  ,A ,
SM6885  ,S ,
SM6886  ,A ,
SM6887  ,A ,
SM6888  ,S ,
SM6889  ,S ,
SM6890  ,A ,
SM6891  ,A ,
SM6892  ,A ,
SM6893  ,S ,
SM6894  ,S ,
SM6895  ,S ,
SM6896  ,A ,
SM6898  ,A ,
SM6899  ,A ,
SM6900  ,S ,
SM6901  ,S ,
SM6902  ,A ,
SM6904  ,A ,
SM6905  ,A ,
SM6906  ,S ,
SM6907  ,A ,
SM6908  ,S ,
SM6909  ,A ,
SM6910  ,S ,
SM6911  ,A ,
SM6912  ,A ,
SM6913  ,A ,
SM6914  ,S ,
SM6915  ,A ,
SM6916  ,S ,
SM6917  ,A ,
SM6918  ,A ,
SM6919  ,S ,
SM6920  ,S ,
SM6921  ,S ,
SM6922  ,S ,
SM6923  ,S ,
SM6924  ,S ,
SM6925  ,A ,
SM6926  ,A ,
SM6927  ,A ,
SM6928  ,A ,
SM6930  ,S ,
SM6931  ,S ,
SM6932  ,A ,
SM6933  ,S ,
SM6934  ,A ,
SM6935  ,S ,
SM6936  ,S ,
SM6937  ,A ,
SM6938  ,S ,
SM6939  ,A ,
SM6940  ,S ,
SM6941  ,S ,
SM6942  ,A ,
SM6943  ,S ,
SM6944  ,A ,
SM6945  ,S ,
SM6946  ,A ,
SM6947  ,A ,
SM6948  ,A ,
SM6949  ,A ,
SM6951  ,S ,
SM6952  ,A ,
SM6953  ,S ,
SM6954  ,S ,
SM6955  ,A ,
SM6956  ,S ,
SM6957  ,A ,
SM6958  ,A ,
SM6959  ,A ,
SM6960  ,S ,
SM6961  ,A ,
SM6962  ,A ,
SM6963  ,S ,
SM6964  ,S ,
SM6965  ,S ,
SM6966  ,S ,
SM6967  ,A ,
SM6968  ,S ,
SM6969  ,S ,
SM6970  ,S ,
SM6971  ,S ,
SM6972  ,A ,
SM6973  ,A ,
SM6974  ,A ,
SM6975  ,A ,
SM6976  ,S ,
SM6977  ,S ,
SM6978  ,A ,
SM6979  ,S ,
SM6980  ,S ,
SM6981  ,A ,
SM6982  ,S ,
SM6983  ,S ,
SM6984  ,S ,
SM6985  ,S ,
SM6986  ,A ,
SM6987  ,S ,
SM6988  ,A ,
SM6989  ,A ,
SM6990  ,A ,
SM6991  ,S ,
SM6992  ,S ,
SM6993  ,S ,
SM6994  ,S ,
SM6995  ,S ,
SM6996  ,S ,
SM6997  ,S ,
SM6998  ,A ,
SM6999  ,S ,
SM7000  ,S ,
SM7001  ,S ,
SM7002  ,A ,
SM7003  ,S ,
SM7004  ,A ,
SM7005  ,S ,
SM7006  ,S ,
SM7007  ,S ,
SM7008  ,A ,
SM7009  ,A ,
SM7010  ,A ,
SM7011  ,S ,
SM7012  ,S ,
SM7013  ,S ,
SM7014  ,S ,
SM7016  ,A ,
SM7017  ,A ,
SM7018  ,A ,
SM7019  ,A ,
SM7020  ,S ,
SM7021  ,A ,
SM7022  ,S ,
SM7024  ,A ,
SM7025  ,S ,
SM7026  ,A ,
SM7027  ,S ,
SM7028  ,A ,
SM7029  ,A ,
SM7030  ,S ,
SM7031  ,S ,
SM7032  ,A ,
SM7033  ,A ,
SM7034  ,S ,
SM7035  ,A ,
SM7036  ,S ,
SM7037  ,A ,
SM7038  ,A ,
SM7039  ,A ,
SM7040  ,A ,
SM7041  ,S ,
SM7042  ,A ,
SM7043  ,S ,
SM7044  ,A ,
SM7045  ,A ,
SM7046  ,A ,
SM7047  ,A ,
SM7048  ,A ,
SM7049  ,S ,
SM7050  ,A ,
SM7051  ,A ,
SM7053  ,S ,
SM7054  ,S ,
SM7055  ,S ,
SM7056  ,S ,
SM7057  ,S ,
SM7058  ,S ,
SM7059  ,A ,
SM7060  ,S ,
SM7061  ,S ,
SM7063  ,A ,
SM7064  ,A ,
SM7065  ,A ,
SM7066  ,A ,
SM7067  ,S ,
SM7068  ,A ,
SM7069  ,S ,
SM7070  ,A ,
SM7071  ,A ,
SM7072  ,S ,
SM7073  ,S ,
SM7074  ,A ,
SM7075  ,A ,
SM7076  ,S ,
SM7077  ,S ,
SM7078  ,A ,
SM7079  ,S ,
SM7080  ,S ,
SM7081  ,S ,
SM7082  ,S ,
SM7083  ,S ,
SM7084  ,A ,
SM7085  ,A ,
SM7086  ,A ,
SM7087  ,S ,
SM7088  ,S ,
SM7089  ,A ,
SM7090  ,S ,
SM7091  ,A ,
SM7092  ,S ,
SM7094  ,A ,
SM7095  ,S ,
SM7096  ,A ,
SM7097  ,S ,
SM7098  ,S ,
SM7099  ,A ,
SM7100  ,S ,
SM7101  ,S ,
SM7102  ,S ,
SM7103  ,S ,
SM7104  ,A ,
SM7105  ,S ,
SM7106  ,S ,
SM7107  ,A ,
SM7108  ,A ,
SM7109  ,S ,
SM7110  ,A ,
SM7111  ,S ,
SM7112  ,A ,
SM7113  ,S ,
SM7114  ,S ,
SM7115  ,S ,
SM7116  ,A ,
SM7117  ,S ,
SM7118  ,A ,
SM7119  ,S ,
SM7120  ,A ,
SM7121  ,S ,
SM7122  ,S ,
SM7123  ,A ,
SM7124  ,S ,
SM7125  ,A ,
SM7126  ,S ,
SM7127  ,S ,
SM7128  ,S ,
SM7129  ,A ,
SM7130  ,S ,
SM7131  ,S ,
SM7132  ,S ,
SM7133  ,A ,
SM7134  ,S ,
SM7136  ,A ,
SM7137  ,A ,
SM7138  ,S ,
SM7139  ,S ,
SM7140  ,A ,
SM7141  ,S ,
SM7142  ,A ,
SM7143  ,S ,
SM7144  ,S ,
SM7145  ,A ,
SM7146  ,A ,
SM7147  ,A ,
SM7148  ,S ,
SM7149  ,A ,
SM7150  ,S ,
SM7151  ,S ,
SM7152  ,S ,
SM7153  ,S ,
SM7154  ,A ,
SM7155  ,A ,
SM7156  ,S ,
SM7157  ,A ,
SM7158  ,S ,
SM7159  ,A ,
SM7160  ,A ,
SM7161  ,A ,
SM7162  ,S ,
SM7163  ,S ,
SM7164  ,A ,
SM7165  ,A ,
SM7166  ,A ,
SM7167  ,S ,
SM7168  ,A ,
SM7169  ,A ,
SM7170  ,A ,
SM7171  ,A ,
SM7172  ,S ,
SM7173  ,A ,
SM7174  ,S ,
SM7175  ,A ,
SM7176  ,A ,
SM7177  ,S ,
SM7178  ,A ,
SM7179  ,A ,
SM7180  ,S ,
SM7181  ,A ,
SM7182  ,A ,
SM7183  ,A ,
SM7184  ,A ,
SM7185  ,A ,
SM7186  ,S ,
SM7187  ,A ,
SM7189  ,S ,
SM7190  ,S ,
SM7191  ,S ,
SM7192  ,S ,
SM7193  ,A ,
SM7194  ,S ,
SM7195  ,S ,
SM7196  ,A ,
SM7197  ,S ,
SM7198  ,S ,
SM7199  ,A ,
SM7200  ,S ,
SM7201  ,S ,
SM7202  ,S ,
SM7204  ,A ,
SM7205  ,S ,
SM7206  ,S ,
SM7207  ,A ,
SM7208  ,S ,
SM7209  ,S ,
SM7210  ,A ,
SM7211  ,S ,
SM7212  ,S ,
SM7213  ,S ,
SM7214  ,S ,
SM7215  ,A ,
SM7216  ,A ,
SM7217  ,A ,
SM7218  ,S ,
SM7219  ,A ,
SM7220  ,S ,
SM7221  ,S ,
SM7222  ,A ,
SM7223  ,A ,
SM7224  ,A ,
SM7225  ,S ,
SM7226  ,A ,
SM7227  ,A ,
SM7228  ,A ,
SM7229  ,S ,
SM7230  ,A ,
SM7231  ,S ,
SM7232  ,S ,
SM7233  ,S ,
SM7234  ,S ,
SM7235  ,A ,
SM7236  ,A ,
SM7237  ,S ,
SM7238  ,A ,
SM7239  ,S ,
SM7240  ,S ,
SM7241  ,S ,
SM7242  ,S ,
SM7243  ,A ,
SM7244  ,A ,
SM7245  ,S ,
SM7246  ,S ,
SM7247  ,S ,
SM7248  ,S ,
SM7249  ,A ,
SM7250  ,S ,
SM7251  ,S ,
SM7252  ,S ,
SM7253  ,A ,
SM7254  ,A ,
SM7255  ,S ,
SM7256  ,S ,
SM7258  ,S ,
SM7259  ,A ,
SM7260  ,A ,
SM7261  ,S ,
SM7262  ,S ,
SM7263  ,S ,
SM7264  ,A ,
SM7265  ,A ,
SM7266  ,S ,
SM7267  ,S ,
SM7268  ,A ,
SM7269  ,S ,
SM7270  ,S ,
SM7271  ,S ,
SM7272  ,S ,
SM7273  ,S ,
SM7274  ,S ,
SM7275  ,A ,
SM7276  ,A ,
SM7277  ,S ,
SM7278  ,S ,
SM7279  ,A ,
SM7280  ,S ,
SM7281  ,S ,
SM7282  ,S ,
SM7283  ,S ,
SM7284  ,S ,
SM7285  ,S ,
SM7286  ,A ,
SM7287  ,A ,
SM7288  ,A ,
SM7289  ,S ,
SM7290  ,S ,
SM7291  ,A ,
SM7292  ,S ,
SM7293  ,A ,
SM7294  ,S ,
SM7295  ,S ,
SM7296  ,S ,
SM7297  ,S ,
SM7298  ,A ,
SM7299  ,S ,
SM7300  ,S ,
SM7301  ,S ,
SM7302  ,A ,
SM7303  ,S ,
SM7304  ,S ,
SM7305  ,S ,
SM7306  ,S ,
SM7307  ,S ,
SM7308  ,A ,
SM7309  ,S ,
SM7310  ,A ,
SM7311  ,A ,
SM7312  ,S ,
SM7313  ,S ,
SM7314  ,S ,
SM7315  ,S ,
SM7316  ,A ,
SM7317  ,A ,
SM7318  ,A ,
SM7319  ,S ,
SM7320  ,A ,
SM7321  ,A ,
SM7322  ,S ,
SM7323  ,A ,
SM7324  ,A ,
SM7325  ,S ,
SM7326  ,S ,
SM7327  ,A ,
SM7328  ,S ,
SM7329  ,S ,
SM7330  ,S ,
SM7332  ,S ,
SM7333  ,S ,
SM7334  ,A ,
SM7335  ,S ,
SM7336  ,S ,
SM7337  ,S ,
SM7338  ,S ,
SM7339  ,A ,
SM7340  ,S ,
SM7341  ,S ,
SM7342  ,A ,
SM7343  ,S ,
SM7344  ,A ,
SM7345  ,S ,
SM7346  ,S ,
SM7347  ,A ,
SM7348  ,S ,
SM7349  ,S ,
SM7350  ,A ,
SM7351  ,S ,
SM7352  ,S ,
SM7353  ,S ,
SM7354  ,S ,
SM7355  ,S ,
SM7357  ,A ,
SM7358  ,S ,
SM7359  ,A ,
SM7360  ,A ,
SM7361  ,S ,
SM7362  ,S ,
SM7363  ,S ,
SM7364  ,A ,
SM7365  ,A ,
SM7366  ,S ,
SM7367  ,S ,
SM7368  ,S ,
SM7369  ,A ,
SM7370  ,S ,
SM7371  ,S ,
SM7372  ,A ,
SM7373  ,A ,
SM7374  ,S ,
SM7375  ,A ,
SM7376  ,S ,
SM7377  ,S ,
SM7378  ,A ,
SM7379  ,S ,
SM7380  ,A ,
SM7381  ,S ,
SM7383  ,A ,
SM7384  ,A ,
SM7385  ,S ,
SM7386  ,S ,
SM7387  ,S ,
SM7388  ,A ,
SM7389  ,S ,
SM7390  ,S ,
SM7391  ,A ,
SM7392  ,A ,
SM7393  ,S ,
SM7394  ,S ,
SM7395  ,S ,
SM7396  ,S ,
SM7397  ,S ,
SM7398  ,A ,
SM7399  ,S ,
SM7400  ,S ,
SM7401  ,S ,
SM7402  ,S ,
SM7403  ,S ,
SM7404  ,A ,
SM7405  ,S ,
SM7406  ,A ,
SM7407  ,S ,
SM7408  ,A ,
SM7410  ,S ,
SM7411  ,S ,
SM7412  ,S ,
SM7413  ,A ,
SM7414  ,S ,
SM7415  ,S ,
SM7416  ,S ,
SM7417  ,A ,
SM7418  ,A ,
SM7420  ,S ,
SM7421  ,S ,
SM7422  ,A ,
SM7423  ,S ,
SM7424  ,S ,
SM7425  ,A ,
SM7426  ,S ,
SM7427  ,S ,
SM7428  ,S ,
SM7429  ,A ,
SM7430  ,S ,
SM7432  ,S ,
SM7433  ,A ,
SM7434  ,A ,
SM7435  ,S ,
SM7436  ,S ,
SM7437  ,A ,
SM7438  ,S ,
SM7439  ,A ,
SM7440  ,A ,
SM7441  ,A ,
SM7442  ,S ,
SM7443  ,A ,
SM7444  ,A ,
SM7445  ,S ,
SM7446  ,S ,
SM7447  ,S ,
SM7449  ,S ,
SM7450  ,S ,
SM7451  ,A ,
SM7452  ,S ,
SM7453  ,A ,
SM7454  ,S ,
SM7455  ,A ,
SM7456  ,A ,
SM7457  ,A ,
SM7458  ,A ,
SM7459  ,S ,
SM7460  ,S ,
SM7461  ,A ,
SM7462  ,A ,
SM7463  ,A ,
SM7464  ,S ,
SM7465  ,A ,
SM7466  ,A ,
SM7467  ,S ,
SM7468  ,A ,
SM7469  ,A ,
SM7470  ,S ,
SM7471  ,S ,
SM7472  ,S ,
SM7473  ,A ,
SM7474  ,S ,
SM7475  ,S ,
SM7476  ,A ,
SM7477  ,S ,
SM7478  ,S ,
SM7479  ,S ,
SM7480  ,A ,
SM7481  ,S ,
SM7482  ,A ,
SM7483  ,S ,
SM7484  ,S ,
SM7485  ,S ,
SM7486  ,S ,
SM7487  ,S ,
SM7488  ,S ,
SM7489  ,S ,
SM7490  ,A ,
SM7491  ,S ,
SM7492  ,A ,
SM7494  ,S ,
SM7495  ,S ,
SM7496  ,A ,
SM7497  ,S ,
SM7498  ,A ,
SM7499  ,S ,
SM7500  ,A ,
SM7501  ,A ,
SM7502  ,A ,
SM7504  ,S ,
SM7505  ,A ,
SM7506  ,S ,
SM7507  ,S ,
SM7508  ,A ,
SM7509  ,A ,
SM7510  ,S ,
SM7511  ,A ,
SM7512  ,S ,
SM7513  ,A ,
SM7514  ,A ,
SM7515  ,S ,
SM7516  ,A ,
SM7517  ,A ,
SM7518  ,S ,
SM7519  ,S ,
SM7521  ,S ,
SM7522  ,S ,
SM7523  ,S ,
SM7524  ,S ,
SM7525  ,S ,
SM7526  ,A ,
SM7527  ,A ,
SM7528  ,A ,
SM7529  ,A ,
SM7530  ,S ,
SM7531  ,S ,
SM7532  ,S ,
SM7533  ,S ,
SM7534  ,S ,
SM7535  ,S ,
SM7536  ,A ,
SM7537  ,A ,
SM7538  ,A ,
SM7539  ,S ,
SM7540  ,A ,
SM7541  ,S ,
SM7542  ,A ,
SM7543  ,S ,
SM7544  ,A ,
SM7545  ,S ,
SM7546  ,S ,
SM7547  ,S ,
SM7548  ,A ,
SM7549  ,S ,
SM7550  ,A ,
SM7551  ,S ,
SM7552  ,S ,
SM7553  ,A ,
SM7554  ,S ,
SM7555  ,A ,
SM7556  ,S ,
SM7557  ,S ,
SM7558  ,A ,
SM7559  ,S ,
SM7560  ,A ,
SM7561  ,S ,
SM7562  ,A ,
SM7563  ,S ,
SM7564  ,S ,
SM7565  ,S ,
SM7566  ,A ,
SM7567  ,S ,
SM7568  ,S ,
SM7569  ,S ,
SM7570  ,A ,
SM7571  ,A ,
SM7572  ,S ,
SM7573  ,S ,
SM7574  ,S ,
SM7575  ,S ,
SM7576  ,S ,
SM7577  ,S ,
SM7578  ,S ,
SM7579  ,A ,
SM7580  ,S ,
SM7581  ,S ,
SM7582  ,S ,
SM7583  ,S ,
SM7584  ,S ,
SM7585  ,A ,
SM7586  ,A ,
SM7587  ,A ,
SM7588  ,S ,
SM7589  ,A ,
SM7590  ,A ,
SM7591  ,S ,
SM7592  ,S ,
SM7593  ,A ,
SM7594  ,A ,
SM7595  ,A ,
SM7596  ,A ,
SM7597  ,A ,
SM7598  ,S ,
SM7599  ,S ,
SM7601  ,S ,
SM7602  ,A ,
SM7603  ,S ,
SM7604  ,A ,
SM7605  ,S ,
SM7606  ,A ,
SM7607  ,S ,
SM7608  ,A ,
SM7609  ,A ,
SM7610  ,A ,
SM7611  ,A ,
SM7612  ,S ,
SM7613  ,A ,
SM7614  ,S ,
SM7615  ,S ,
SM7616  ,S ,
SM7617  ,S ,
SM7618  ,S ,
SM7619  ,A ,
SM7620  ,A ,
SM7621  ,S ,
SM7622  ,S ,
SM7623  ,S ,
SM7624  ,A ,
SM7625  ,S ,
SM7626  ,S ,
SM7627  ,S ,
SM7628  ,S ,
SM7629  ,S ,
SM7630  ,A ,
SM7631  ,A ,
SM7632  ,A ,
SM7633  ,S ,
SM7634  ,S ,
SM7635  ,S ,
SM7636  ,S ,
SM7637  ,A ,
SM7638  ,S ,
SM7639  ,S ,
SM7640  ,S ,
SM7641  ,S ,
SM7642  ,A ,
SM7643  ,S ,
SM7644  ,S ,
SM7645  ,A ,
SM7646  ,A ,
SM7647  ,S ,
SM7648  ,S ,
SM7649  ,A ,
SM7650  ,A ,
SM7651  ,A ,
SM7652  ,S ,
SM7653  ,A ,
SM7654  ,S ,
SM7655  ,A ,
SM7656  ,S ,
SM7657  ,A ,
SM7658  ,A ,
SM7659  ,A ,
SM7660  ,S ,
SM7661  ,S ,
SM7662  ,S ,
SM7663  ,A ,
SM7664  ,A ,
SM7665  ,S ,
SM7666  ,S ,
SM7667  ,A ,
SM7668  ,S ,
SM7669  ,S ,
SM7670  ,S ,
SM7671  ,S ,
SM7672  ,S ,
SM7673  ,S ,
SM7674  ,S ,
SM7675  ,S ,
SM7676  ,A ,
SM7677  ,S ,
SM7678  ,A ,
SM7679  ,A ,
SM7680  ,A ,
SM7681  ,S ,
SM7682  ,A ,
SM7683  ,S ,
SM7684  ,S ,
SM7685  ,A ,
SM7686  ,A ,
SM7687  ,S ,
SM7688  ,A ,
SM7689  ,S ,
SM7690  ,A ,
SM7691  ,S ,
SM7692  ,A ,
SM7693  ,S ,
SM7694  ,A ,
SM7696  ,S ,
SM7697  ,S ,
SM7698  ,A ,
SM7699  ,A ,
SM7700  ,S ,
SM7701  ,S ,
SM7702  ,S ,
SM7703  ,A ,
SM7704  ,A ,
SM7705  ,A ,
SM7706  ,S ,
SM7707  ,S ,
SM7708  ,S ,
SM7709  ,A ,
SM7710  ,A ,
SM7711  ,A ,
SM7712  ,S ,
SM7713  ,A ,
SM7714  ,A ,
SM7715  ,A ,
SM7716  ,S ,
SM7717  ,S ,
SM7718  ,S ,
SM7719  ,A ,
SM7720  ,A ,
SM7721  ,S ,
SM7722  ,S ,
SM7723  ,S ,
SM7724  ,A ,
SM7725  ,S ,
SM7726  ,S ,
SM7727  ,S ,
SM7728  ,S ,
SM7729  ,S ,
SM7730  ,A ,
SM7731  ,S ,
SM7732  ,S ,
SM7733  ,S ,
SM7734  ,A ,
SM7735  ,S ,
SM7736  ,S ,
SM7737  ,A ,
SM7738  ,S ,
SM7739  ,S ,
SM7740  ,S ,
SM7741  ,S ,
SM7742  ,S ,
SM7743  ,S ,
SM7744  ,A ,
SM7745  ,S ,
SM7746  ,A ,
SM7747  ,S ,
SM7748  ,A ,
SM7749  ,S ,
SM7750  ,S ,
SM7751  ,A ,
SM7752  ,S ,
SM7753  ,A ,
SM7754  ,A ,
SM7755  ,S ,
SM7756  ,S ,
SM7757  ,A ,
SM7758  ,S ,
SM7759  ,A ,
SM7760  ,S ,
SM7761  ,S ,
SM7762  ,A ,
SM7763  ,S ,
SM7764  ,A ,
SM7765  ,A ,
SM7766  ,A ,
SM7767  ,A ,
SM7768  ,S ,
SM7769  ,S ,
SM7770  ,S ,
SM7771  ,S ,
SM7772  ,S ,
SM7773  ,S ,
SM7774  ,S ,
SM7775  ,A ,
SM7776  ,A ,
SM7777  ,S ,
SM7778  ,A ,
SM7779  ,S ,
SM7780  ,A ,
SM7781  ,S ,
SM7782  ,S ,
SM7783  ,A ,
SM7784  ,A ,
SM7785  ,S ,
SM7786  ,A ,
SM7787  ,A ,
SM7788  ,A ,
SM7789  ,S ,
SM7790  ,A ,
SM7791  ,S ,
SM7792  ,S ,
SM7793  ,A ,
SM7794  ,S ,
SM7795  ,A ,
SM7796  ,S ,
SM7797  ,S ,
SM7798  ,S ,
SM7799  ,A ,
SM7800  ,S ,
SM7801  ,S ,
SM7802  ,A ,
SM7803  ,S ,
SM7804  ,S ,
SM7805  ,S ,
SM7806  ,S ,
SM7807  ,A ,
SM7808  ,A ,
SM7809  ,A ,
SM7810  ,A ,
SM7811  ,A ,
SM7812  ,S ,
SM7813  ,A ,
SM7814  ,S ,
SM7815  ,A ,
SM7816  ,A ,
SM7817  ,S ,
SM7818  ,A ,
SM7819  ,S ,
SM7820  ,A ,
SM7821  ,S ,
SM7822  ,A ,
SM7823  ,A ,
SM7824  ,A ,
SM7825  ,S ,
SM7826  ,S ,
SM7827  ,S ,
SM7828  ,S ,
SM7829  ,A ,
SM7830  ,A ,
SM7831  ,S ,
SM7832  ,S ,
SM7833  ,S ,
SM7834  ,S ,
SM7835  ,S ,
SM7836  ,A ,
SM7837  ,S ,
SM7838  ,S ,
SM7839  ,S ,
SM7840  ,A ,
SM7841  ,S ,
SM7842  ,S ,
SM7843  ,S ,
SM7844  ,S ,
SM7845  ,S ,
SM7846  ,S ,
SM7847  ,S ,
SM7848  ,S ,
SM7849  ,S ,
SM7850  ,S ,
SM7851  ,A ,
SM7853  ,S ,
SM7854  ,S ,
SM7855  ,A ,
SM7856  ,S ,
SM7857  ,S ,
SM7858  ,A ,
SM7859  ,S ,
SM7860  ,A ,
SM7861  ,S ,
SM7862  ,A ,
SM7863  ,S ,
SM7864  ,S ,
SM7865  ,A ,
SM7866  ,S ,
SM7867  ,A ,
SM7868  ,A ,
SM7869  ,S ,
SM7870  ,A ,
SM7871  ,A ,
SM7872  ,S ,
SM7873  ,S ,
SM7874  ,S ,
SM7875  ,A ,
SM7876  ,S ,
SM7877  ,A ,
SM7878  ,A ,
SM7879  ,S ,
SM7880  ,S ,
SM7881  ,A ,
SM7882  ,S ,
SM7883  ,S ,
SM7884  ,A ,
SM7885  ,S ,
SM7886  ,S ,
SM7887  ,A ,
SM7888  ,S ,
SM7889  ,S ,
SM7890  ,S ,
SM7891  ,S ,
SM7892  ,S ,
SM7893  ,A ,
SM7894  ,S ,
SM7895  ,A ,
SM7896  ,A ,
SM7897  ,S ,
SM7898  ,A ,
SM7899  ,A ,
SM7900  ,A ,
SM7901  ,S ,
SM7902  ,A ,
SM7903  ,S ,
SM7904  ,S ,
SM7905  ,A ,
SM7906  ,S ,
SM7907  ,A ,
SM7908  ,S ,
SM7909  ,S ,
SM7910  ,A ,
SM7911  ,S ,
SM7912  ,A ,
SM7913  ,A ,
SM7914  ,S ,
SM7915  ,S ,
SM7916  ,A ,
SM7917  ,S ,
SM7918  ,S ,
SM7919  ,S ,
SM7920  ,S ,
SM7921  ,S ,
SM7922  ,A ,
SM7923  ,S ,
SM7925  ,S ,
SM7926  ,S ,
SM7927  ,S ,
SM7928  ,A ,
SM7929  ,S ,
SM7930  ,A ,
SM7931  ,S ,
SM7932  ,A ,
SM7933  ,A ,
SM7934  ,S ,
SM7935  ,S ,
SM7936  ,A ,
SM7937  ,S ,
SM7938  ,S ,
SM7939  ,S ,
SM7940  ,S ,
SM7941  ,S ,
SM7942  ,A ,
SM7943  ,S ,
SM7944  ,S ,
SM7945  ,S ,
SM7946  ,S ,
SM7947  ,S ,
SM7948  ,A ,
SM7949  ,S ,
SM7950  ,S ,
SM7951  ,A ,
SM7952  ,A ,
SM7953  ,S ,
SM7954  ,S ,
SM7955  ,S ,
SM7956  ,S ,
SM7957  ,S ,
SM7958  ,S ,
SM7959  ,A ,
SM7960  ,A ,
SM7961  ,A ,
SM7962  ,S ,
SM7963  ,S ,
SM7964  ,A ,
SM7965  ,A ,
SM7966  ,S ,
SM7967  ,S ,
SM7968  ,S ,
SM7969  ,A ,
SM7970  ,S ,
SM7972  ,A ,
SM7973  ,A ,
SM7974  ,S ,
SM7975  ,S ,
SM7976  ,A ,
SM7977  ,S ,
SM7978  ,S ,
SM7979  ,A ,
SM7980  ,A ,
SM7981  ,S ,
SM7982  ,S ,
SM7983  ,S ,
SM7984  ,A ,
SM7985  ,S ,
SM7986  ,S ,
SM7987  ,S ,
SM7988  ,S ,
SM7989  ,A ,
SM7990  ,S ,
SM7991  ,S ,
SM7992  ,A ,
SM7993  ,S ,
SM7994  ,S ,
SM7995  ,A ,
SM7996  ,A ,
SM7997  ,S ,
SM7998  ,S ,
SM7999  ,S ,
SM8000  ,A ,
SM8001  ,A ,
SM8002  ,A ,
SM8003  ,S ,
SM8004  ,A ,
SM8005  ,A ,
SM8006  ,S ,
SM8007  ,S ,
SM8008  ,S ,
SM8009  ,S ,
SM8010  ,A ,
SM8011  ,A ,
SM8012  ,A ,
SM8013  ,S ,
SM8014  ,S ,
SM8015  ,A ,
SM8016  ,A ,
SM8017  ,A ,
SM8018  ,S ,
SM8019  ,S ,
SM8020  ,A ,
SM8021  ,A ,
SM8022  ,S ,
SM8023  ,S ,
SM8024  ,S ,
SM8025  ,S ,
SM8026  ,S ,
SM8027  ,S ,
SM8028  ,S ,
SM8029  ,A ,
SM8030  ,S ,
SM8031  ,S ,
SM8032  ,A ,
SM8033  ,A ,
SM8034  ,S ,
SM8035  ,S ,
SM8036  ,S ,
SM8037  ,S ,
SM8038  ,S ,
SM8039  ,S ,
SM8040  ,S ,
SM8041  ,S ,
SM8042  ,A ,
SM8044  ,S ,
SM8045  ,S ,
SM8046  ,S ,
SM8047  ,A ,
SM8048  ,S ,
SM8049  ,S ,
SM8050  ,S ,
SM8051  ,A ,
SM8052  ,A ,
SM8053  ,S ,
SM8054  ,S ,
SM8055  ,A ,
SM8056  ,A ,
SM8057  ,A ,
SM8058  ,S ,
SM8059  ,A ,
SM8060  ,S ,
SM8061  ,S ,
SM8062  ,S ,
SM8063  ,A ,
SM8064  ,S ,
SM8065  ,S ,
SM8066  ,A ,
SM8067  ,S ,
SM8068  ,S ,
SM8069  ,S ,
SM8070  ,S ,
SM8071  ,A ,
SM8072  ,A ,
SM8073  ,S ,
SM8074  ,S ,
SM8075  ,A ,
SM8076  ,A ,
SM8077  ,A ,
SM8078  ,A ,
SM8079  ,S ,
SM8080  ,S ,
SM8081  ,S ,
SM8082  ,S ,
SM8083  ,S ,
SM8084  ,A ,
SM8086  ,S ,
SM8087  ,S ,
SM8088  ,A ,
SM8089  ,S ,
SM8090  ,S ,
SM8091  ,S ,
SM8092  ,A ,
SM8093  ,S ,
SM8094  ,S ,
SM8095  ,S ,
SM8096  ,S ,
SM8097  ,S ,
SM8098  ,S ,
SM8099  ,A ,
SM8100  ,A ,
SM8101  ,A ,
SM8102  ,A ,
SM8103  ,S ,
SM8104  ,S ,
SM8105  ,S ,
SM8106  ,A ,
SM8107  ,S ,
SM8108  ,S ,
SM8109  ,S ,
SM8110  ,S ,
SM8111  ,S ,
SM8112  ,S ,
SM8113  ,S ,
SM8114  ,S ,
SM8115  ,A ,
SM8116  ,S ,
SM8117  ,S ,
SM8118  ,S ,
SM8119  ,A ,
SM8120  ,S ,
SM8121  ,S ,
SM8122  ,A ,
SM8123  ,S ,
SM8124  ,S ,
SM8125  ,A ,
SM8126  ,S ,
SM8127  ,A ,
SM8128  ,S ,
SM8130  ,S ,
SM8131  ,S ,
SM8132  ,S ,
SM8133  ,S ,
SM8134  ,S ,
SM8135  ,S ,
SM8136  ,A ,
SM8137  ,A ,
SM8138  ,A ,
SM8139  ,S ,
SM8140  ,A ,
SM8141  ,A ,
SM8142  ,S ,
SM8143  ,S ,
SM8144  ,A ,
SM8145  ,A ,
SM8146  ,S ,
SM8147  ,S ,
SM8148  ,S ,
SM8149  ,A ,
SM8150  ,S ,
SM8151  ,A ,
SM8152  ,A ,
SM8153  ,S ,
SM8154  ,S ,
SM8155  ,S ,
SM8156  ,S ,
SM8157  ,S ,
SM8158  ,A ,
SM8159  ,A ,
SM8160  ,S ,
SM8161  ,S ,
SM8162  ,S ,
SM8163  ,S ,
SM8164  ,A ,
SM8165  ,S ,
SM8166  ,S ,
SM8167  ,S ,
SM8168  ,A ,
SM8169  ,A ,
SM8170  ,S ,
SM8171  ,S ,
SM8172  ,A ,
SM8173  ,A ,
SM8174  ,S ,
SM8175  ,S ,
SM8176  ,S ,
SM8177  ,S ,
SM8178  ,S ,
SM8179  ,S ,
SM8180  ,S ,
SM8181  ,S ,
SM8182  ,S ,
SM8183  ,A ,
SM8184  ,S ,
SM8185  ,A ,
SM8186  ,S ,
SM8187  ,S ,
SM8188  ,S ,
SM8189  ,A ,
SM8190  ,S ,
SM8191  ,S ,
SM8192  ,S ,
SM8193  ,S ,
SM8194  ,S ,
SM8195  ,A ,
SM8196  ,A ,
SM8197  ,S ,
SM8198  ,S ,
SM8199  ,A ,
SM8200  ,S ,
SM8201  ,S ,
SM8202  ,S ,
SM8203  ,A ,
SM8204  ,S ,
SM8205  ,S ,
SM8206  ,S ,
SM8207  ,A ,
SM8208  ,A ,
SM8209  ,S ,
SM8210  ,S ,
SM8211  ,S ,
SM8212  ,S ,
SM8213  ,S ,
SM8214  ,S ,
SM8215  ,S ,
SM8216  ,S ,
SM8217  ,S ,
SM8218  ,A ,
SM8219  ,A ,
SM8220  ,A ,
SM8221  ,S ,
SM8222  ,A ,
SM8223  ,S ,
SM8224  ,A ,
SM8225  ,S ,
SM8226  ,S ,
SM8227  ,S ,
SM8228  ,S ,
SM8229  ,A ,
SM8230  ,S ,
SM8231  ,A ,
SM8232  ,S ,
SM8233  ,A ,
SM8234  ,S ,
SM8235  ,S ,
SM8236  ,S ,
SM8237  ,A ,
SM8238  ,S ,
SM8239  ,S ,
SM8240  ,A ,
SM8241  ,A ,
SM8242  ,S ,
SM8243  ,S ,
SM8244  ,S ,
SM8245  ,S ,
SM8246  ,A ,
SM8247  ,A ,
SM8248  ,S ,
SM8249  ,A ,
SM8250  ,S ,
SM8251  ,A ,
SM8252  ,A ,
SM8253  ,S ,
SM8254  ,S ,
SM8255  ,A ,
SM8256  ,S ,
SM8257  ,S ,
SM8258  ,S ,
SM8259  ,S ,
SM8260  ,A ,
SM8261  ,S ,
SM8262  ,A ,
SM8263  ,A ,
SM8265  ,S ,
SM8266  ,S ,
SM8267  ,A ,
SM8268  ,A ,
SM8269  ,S ,
SM8270  ,A ,
SM8271  ,A ,
SM8272  ,S ,
SM8274  ,S ,
SM8275  ,S ,
SM8276  ,A ,
SM8277  ,S ,
SM8278  ,S ,
SM8279  ,S ,
SM8280  ,A ,
SM8281  ,A ,
SM8282  ,S ,
SM8283  ,S ,
SM8284  ,S ,
SM8285  ,S ,
SM8286  ,A ,
SM8287  ,S ,
SM8288  ,A ,
SM8289  ,S ,
SM8290  ,A ,
SM8291  ,S ,
SM8292  ,A ,
SM8293  ,A ,
SM8294  ,S ,
SM8295  ,S ,
SM8296  ,S ,
SM8297  ,S ,
SM8298  ,S ,
SM8299  ,S ,
SM8300  ,S ,
SM8301  ,S ,
SM8302  ,A ,
SM8303  ,S ,
SM8304  ,S ,
SM8305  ,S ,
SM8306  ,A ,
SM8307  ,S ,
SM8308  ,S ,
SM8309  ,S ,
SM8310  ,A ,
SM8311  ,S ,
SM8312  ,S ,
SM8313  ,S ,
SM8314  ,S ,
SM8315  ,A ,
SM8316  ,A ,
SM8317  ,S ,
SM8318  ,A ,
SM8319  ,A ,
SM8320  ,S ,
SM8321  ,S ,
SM8322  ,S ,
SM8323  ,A ,
SM8324  ,S ,
SM8325  ,A ,
SM8326  ,S ,
SM8327  ,S ,
SM8328  ,S ,
SM8329  ,S ,
SM8330  ,S ,
SM8331  ,S ,
SM8332  ,S ,
SM8333  ,S ,
SM8334  ,S ,
SM8335  ,S ,
SM8336  ,S ,
SM8337  ,S ,
SM8338  ,S ,
SM8339  ,A ,
SM8340  ,S ,
SM8341  ,S ,
SM8342  ,A ,
SM8343  ,S ,
SM8344  ,S ,
SM8345  ,S ,
SM8346  ,S ,
SM8348  ,S ,
SM8349  ,A ,
SM8350  ,S ,
SM8351  ,S ,
SM8352  ,S ,
SM8353  ,S ,
SM8354  ,A ,
SM8355  ,S ,
SM8356  ,A ,
SM8357  ,S ,
SM8358  ,S ,
SM8359  ,S ,
SM8360  ,S ,
SM8361  ,S ,
SM8362  ,S ,
SM8363  ,S ,
SM8364  ,S ,
SM8365  ,A ,
SM8367  ,S ,
SM8368  ,S ,
SM8369  ,S ,
SM8370  ,S ,
SM8371  ,A ,
SM8372  ,S ,
SM8373  ,A ,
SM8374  ,S ,
SM8375  ,S ,
SM8376  ,A ,
SM8377  ,A ,
SM8378  ,S ,
SM8379  ,A ,
SM8380  ,S ,
SM8381  ,S ,
SM8382  ,S ,
SM8383  ,S ,
SM8384  ,A ,
SM8385  ,A ,
SM8386  ,S ,
SM8387  ,A ,
SM8388  ,S ,
SM8389  ,A ,
SM8390  ,A ,
SM8391  ,S ,
SM8392  ,S ,
SM8393  ,S ,
SM8394  ,S ,
SM8395  ,S ,
SM8396  ,S ,
SM8397  ,S ,
SM8398  ,S ,
SM8399  ,S ,
SM8400  ,S ,
SM8401  ,S ,
SM8402  ,S ,
SM8403  ,A ,
SM8404  ,S ,
SM8405  ,S ,
SM8406  ,A ,
SM8407  ,S ,
SM8408  ,S ,
SM8409  ,S ,
SM8410  ,S ,
SM8411  ,A ,
SM8412  ,S ,
SM8413  ,S ,
SM8414  ,A ,
SM8415  ,S ,
SM8416  ,S ,
SM8417  ,S ,
SM8418  ,S ,
SM8419  ,S ,
SM8420  ,S ,
SM8421  ,S ,
SM8422  ,S ,
SM8423  ,S ,
SM8424  ,A ,
SM8425  ,S ,
SM8426  ,A ,
SM8427  ,S ,
SM8428  ,S ,
SM8429  ,S ,
SM8430  ,A ,
SM8431  ,S ,
SM8432  ,S ,
SM8433  ,S ,
SM8434  ,A ,
SM8435  ,A ,
SM8436  ,S ,
SM8437  ,A ,
SM8438  ,S ,
SM8439  ,S ,
SM8440  ,S ,
SM8441  ,A ,
SM8442  ,S ,
SM8443  ,A ,
SM8444  ,S ,
SM8445  ,S ,
SM8446  ,S ,
SM8447  ,S ,
SM8448  ,A ,
SM8449  ,S ,
SM8450  ,A ,
SM8451  ,S ,
SM8452  ,S ,
SM8453  ,S ,
SM8454  ,A ,
SM8455  ,S ,
SM8456  ,S ,
SM8457  ,S ,
SM8458  ,S ,
SM8459  ,S ,
SM8460  ,S ,
SM8461  ,S ,
SM8462  ,S ,
SM8463  ,A ,
SM8464  ,S ,
SM8465  ,S ,
SM8466  ,S ,
SM8467  ,S ,
SM8468  ,S ,
SM8469  ,A ,
SM8470  ,S ,
SM8471  ,S ,
SM8472  ,A ,
SM8473  ,S ,
SM8474  ,S ,
SM8475  ,S ,
SM8476  ,S ,
SM8477  ,S ,
SM8478  ,A ,
SM8479  ,S ,
SM8480  ,A ,
SM8481  ,S ,
SM8482  ,S ,
SM8483  ,S ,
SM8484  ,A ,
SM8485  ,S ,
SM8486  ,S ,
SM8487  ,S ,
SM8488  ,S ,
SM8489  ,A ,
SM8490  ,S ,
SM8491  ,S ,
SM8492  ,S ,
SM8493  ,S ,
SM8494  ,S ,
SM8495  ,S ,
SM8496  ,S ,
SM8497  ,S ,
SM8498  ,S ,
SM8499  ,S ,
SM8500  ,S ,
SM8501  ,S ,
SM8502  ,A ,
SM8503  ,S ,
SM8504  ,A ,
SM8505  ,S ,
SM8506  ,S ,
SM8507  ,A ,
SM8508  ,S ,
SM8509  ,S ,
SM8510  ,S ,
SM8511  ,A ,
SM8512  ,S ,
SM8513  ,S ,
SM8514  ,S ,
SM8515  ,S ,
SM8516  ,S ,
SM8517  ,A ,
SM8518  ,S ,
SM8519  ,S ,
SM8520  ,S ,
SM8521  ,S ,
SM8522  ,A ,
SM8523  ,A ,
SM8524  ,S ,
SM8525  ,A ,
SM8526  ,S ,
SM8527  ,S ,
SM8528  ,S ,
SM8529  ,S ,
SM8530  ,S ,
SM8532  ,A ,
SM8533  ,S ,
SM8534  ,S ,
SM8535  ,S ,
SM8536  ,S ,
SM8537  ,A ,
SM8538  ,S ,
SM8539  ,S ,
SM8540  ,S ,
SM8541  ,S ,
SM8542  ,A ,
SM8543  ,A ,
SM8544  ,A ,
SM8545  ,S ,
SM8546  ,S ,
SM8547  ,A ,
SM8548  ,S ,
SM8549  ,S ,
SM8550  ,S ,
SM8551  ,S ,
SM8552  ,S ,
SM8553  ,S ,
SM8554  ,A ,
SM8555  ,S ,
SM8556  ,S ,
SM8557  ,S ,
SM8558  ,S ,
SM8559  ,S ,
SM8560  ,A ,
SM8561  ,S ,
SM8562  ,A ,
SM8563  ,A ,
SM8564  ,S ,
SM8565  ,S ,
SM8566  ,S ,
SM8567  ,S ,
SM8568  ,S ,
SM8569  ,A ,
SM8570  ,S ,
SM8571  ,A ,
SM8572  ,S ,
SM8573  ,S ,
SM8574  ,S ,
SM8575  ,A ,
SM8576  ,S ,
SM8577  ,S ,
SM8578  ,S ,
SM8579  ,S ,
SM8580  ,S ,
SM8581  ,A ,
SM8582  ,S ,
SM8583  ,A ,
SM8584  ,S ,
SM8585  ,A ,
SM8586  ,S ,
SM8587  ,S ,
SM8588  ,S ,
SM8589  ,S ,
SM8590  ,A ,
SM8591  ,S ,
SM8592  ,S ,
SM8593  ,S ,
SM8594  ,S ,
SM8595  ,S ,
SM8596  ,S ,
SM8597  ,S ,
SM8598  ,S ,
SM8599  ,S ,
SM8600  ,A ,
SM8601  ,S ,
SM8602  ,S ,
SM8603  ,S ,
SM8604  ,S ,
SM8605  ,S ,
SM8607  ,A ,
SM8608  ,S ,
SM8609  ,S ,
SM8610  ,A ,
SM8611  ,S ,
SM8612  ,A ,
SM8613  ,S ,
SM8614  ,S ,
SM8615  ,A ,
SM8616  ,S ,
SM8617  ,S ,
SM8618  ,A ,
SM8619  ,S ,
SM8620  ,S ,
SM8621  ,S ,
SM8622  ,S ,
SM8624  ,A ,
SM8625  ,S ,
SM8626  ,S ,
SM8627  ,S ,
SM8628  ,S ,
SM8629  ,S ,
SM8630  ,A ,
SM8631  ,S ,
SM8632  ,S ,
SM8633  ,A ,
SM8634  ,S ,
SM8635  ,S ,
SM8636  ,A ,
SM8637  ,S ,
SM8638  ,A ,
SM8639  ,A ,
SM8640  ,S ,
SM8641  ,S ,
SM8642  ,S ,
SM8643  ,A ,
SM8644  ,A ,
SM8645  ,S ,
SM8646  ,S ,
SM8647  ,S ,
SM8648  ,S ,
SM8649  ,S ,
SM8650  ,S ,
SM8652  ,S ,
SM8653  ,S ,
SM8654  ,A ,
SM8655  ,A ,
SM8656  ,A ,
SM8657  ,S ,
SM8658  ,S ,
SM8659  ,A ,
SM8660  ,S ,
SM8661  ,S ,
SM8662  ,S ,
SM8663  ,S ,
SM8664  ,S ,
SM8665  ,S ,
SM8666  ,S ,
SM8667  ,A ,
SM8668  ,A ,
SM8669  ,S ,
SM8670  ,S ,
SM8671  ,S ,
SM8672  ,S ,
SM8673  ,S ,
SM8674  ,A ,
SM8675  ,A ,
SM8676  ,S ,
SM8677  ,A ,
SM8678  ,A ,
SM8679  ,A ,
SM8680  ,S ,
SM8681  ,S ,
SM8682  ,S ,
SM8683  ,A ,
SM8684  ,A ,
SM8685  ,S ,
SM8686  ,S ,
SM8687  ,S ,
SM8688  ,S ,
SM8689  ,S ,
SM8690  ,S ,
SM8691  ,S ,
SM8692  ,S ,
SM8693  ,S ,
SM8694  ,S ,
SM8695  ,S ,
SM8696  ,A ,
SM8697  ,S ,
SM8698  ,S ,
SM8699  ,S ,
SM8700  ,A ,
SM8701  ,A ,
SM8702  ,S ,
SM8703  ,A ,
SM8704  ,S ,
SM8705  ,S ,
SM8706  ,S ,
SM8707  ,S ,
SM8708  ,S ,
SM8709  ,S ,
SM8710  ,S ,
SM8711  ,S ,
SM8712  ,S ,
SM8713  ,S ,
SM8714  ,S ,
SM8715  ,S ,
SM8716  ,A ,
SM8717  ,S ,
SM8718  ,A ,
SM8719  ,S ,
SM8720  ,S ,
SM8721  ,S ,
SM8722  ,A ,
SM8723  ,S ,
SM8724  ,S ,
SM8725  ,A ,
SM8726  ,S ,
SM8727  ,A ,
SM8728  ,S ,
SM8729  ,S ,
SM8730  ,A ,
SM8731  ,S ,
SM8732  ,S ,
SM8733  ,S ,
SM8734  ,A ,
SM8735  ,A ,
SM8736  ,S ,
SM8737  ,A ,
SM8738  ,S ,
SM8739  ,S ,
SM8740  ,S ,
SM8741  ,A ,
SM8742  ,S ,
SM8743  ,A ,
SM8744  ,S ,
SM8745  ,S ,
SM8746  ,A ,
SM8747  ,S ,
SM8748  ,S ,
SM8749  ,S ,
SM8750  ,A ,
SM8751  ,S ,
SM8752  ,S ,
SM8753  ,A ,
SM8754  ,S ,
SM8755  ,S ,
SM8756  ,A ,
SM8757  ,S ,
SM8758  ,S ,
SM8759  ,S ,
SM8760  ,S ,
SM8761  ,S ,
SM8762  ,S ,
SM8763  ,A ,
SM8764  ,A ,
SM8765  ,S ,
SM8766  ,S ,
SM8767  ,S ,
SM8769  ,A ,
SM8770  ,S ,
SM8771  ,A ,
SM8772  ,A ,
SM8773  ,A ,
SM8774  ,S ,
SM8775  ,S ,
SM8776  ,A ,
SM8777  ,S ,
SM8778  ,S ,
SM8779  ,S ,
SM8780  ,S ,
SM8781  ,S ,
SM8783  ,S ,
SM8784  ,A ,
SM8785  ,S ,
SM8786  ,S ,
SM8787  ,S ,
SM8788  ,A ,
SM8789  ,A ,
SM8790  ,S ,
SM8791  ,A ,
SM8792  ,S ,
SM8793  ,S ,
SM8794  ,S ,
SM8795  ,S ,
SM8796  ,A ,
SM8797  ,S ,
SM8798  ,S ,
SM8799  ,S ,
SM8800  ,S ,
SM8801  ,S ,
SM8802  ,S ,
SM8803  ,A ,
SM8804  ,S ,
SM8805  ,S ,
SM8806  ,S ,
SM8807  ,S ,
SM8808  ,A ,
SM8809  ,S ,
SM8810  ,S ,
SM8812  ,S ,
SM8813  ,A ,
SM8814  ,S ,
SM8815  ,A ,
SM8816  ,A ,
SM8817  ,S ,
SM8818  ,S ,
SM8819  ,S ,
SM8820  ,S ,
SM8821  ,S ,
SM8822  ,A ,
SM8823  ,S ,
SM8824  ,S ,
SM8825  ,S ,
SM8826  ,S ,
SM8827  ,S ,
SM8828  ,S ,
SM8829  ,S ,
SM8830  ,S ,
SM8831  ,S ,
SM8832  ,A ,
SM8833  ,A ,
SM8834  ,S ,
SM8835  ,A ,
SM8836  ,S ,
SM8837  ,A ,
SM8838  ,S ,
SM8839  ,A ,
SM8840  ,S ,
SM8841  ,S ,
SM8842  ,S ,
SM8843  ,A ,
SM8844  ,S ,
SM8845  ,A ,
SM8846  ,A ,
SM8847  ,S ,
SM8848  ,S ,
SM8849  ,S ,
SM8850  ,A ,
SM8851  ,S ,
SM8852  ,S ,
SM8853  ,A ,
SM8854  ,S ,
SM8855  ,A ,
SM8856  ,S ,
SM8857  ,S ,
SM8858  ,S ,
SM8859  ,A ,
SM8860  ,S ,
SM8861  ,A ,
SM8862  ,A ,
SM8863  ,S ,
SM8864  ,A ,
SM8865  ,S ,
SM8866  ,S ,
SM8867  ,S ,
SM8868  ,A ,
SM8869  ,S ,
SM8870  ,A ,
SM8871  ,S ,
SM8872  ,S ,
SM8873  ,A ,
SM8874  ,S ,
SM8875  ,S ,
SM8876  ,A ,
SM8877  ,S ,
SM8878  ,S ,
SM8879  ,A ,
SM8880  ,A ,
SM8881  ,S ,
SM8882  ,S ,
SM8883  ,S ,
SM8884  ,A ,
SM8885  ,S ,
SM8886  ,S ,
SM8887  ,A ,
SM8888  ,S ,
SM8889  ,A ,
SM8890  ,S ,
SM8891  ,S ,
SM8892  ,A ,
SM8893  ,A ,
SM8894  ,S ,
SM8895  ,S ,
SM8896  ,A ,
SM8897  ,A ,
SM8898  ,A ,
SM8899  ,S ,
SM8901  ,S ,
SM8902  ,A ,
SM8903  ,S ,
SM8904  ,S ,
SM8905  ,S ,
SM8906  ,S ,
SM8907  ,S ,
SM8908  ,S ,
SM8909  ,S ,
SM8910  ,S ,
SM8911  ,S ,
SM8912  ,S ,
SM8913  ,A ,
SM8914  ,S ,
SM8915  ,A ,
SM8916  ,S ,
SM8917  ,S ,
SM8918  ,S ,
SM8919  ,S ,
SM8920  ,S ,
SM8921  ,S ,
SM8922  ,S ,
SM8923  ,S ,
SM8924  ,A ,
SM8925  ,S ,
SM8926  ,A ,
SM8927  ,A ,
SM8928  ,S ,
SM8929  ,S ,
SM8930  ,S ,
SM8931  ,S ,
SM8932  ,S ,
SM8933  ,S ,
SM8934  ,A ,
SM8935  ,S ,
SM8936  ,A ,
SM8937  ,S ,
SM8938  ,S ,
SM8939  ,S ,
SM8940  ,S ,
SM8941  ,S ,
SM8942  ,S ,
SM8943  ,A ,
SM8944  ,S ,
SM8945  ,A ,
SM8946  ,S ,
SM8947  ,S ,
SM8948  ,S ,
SM8949  ,S ,
SM8950  ,A ,
SM8951  ,S ,
SM8952  ,S ,
SM8953  ,S ,
SM8954  ,S ,
SM8955  ,S ,
SM8956  ,S ,
SM8957  ,S ,
SM8958  ,S ,
SM8959  ,S ,
SM8960  ,S ,
SM8961  ,S ,
SM8962  ,S ,
SM8963  ,S ,
SM8964  ,S ,
SM8965  ,S ,
SM8966  ,S ,
SM8967  ,S ,
SM8968  ,S ,
SM8969  ,S ,
SM8970  ,S ,
SM8971  ,S ,
SM8972  ,A ,
SM8973  ,S ,
SM8974  ,S ,
SM8975  ,S ,
SM8976  ,S ,
SM8977  ,S ,
SM8978  ,S ,
SM8979  ,S ,
SM8980  ,S ,
SM8981  ,S ,
SM8982  ,A ,
SM8983  ,S ,
SM8984  ,S ,
SM8985  ,S ,
SM8986  ,S ,
SM8987  ,S ,
SM8988  ,S ,
SM8989  ,S ,
SM8990  ,S ,
SM8991  ,S ,
SM8992  ,S ,
SM8993  ,S ,
SM8994  ,S ,
SM8995  ,S ,
SM8996  ,S ,
SM8997  ,S ,
SM8999  ,S ,
SM9000  ,S ,
SM9001  ,S ,
SM9002  ,S ,
SM9003  ,S ,
SM9004  ,S ,
SM9005  ,S ,
SM9006  ,A ,
SM9007  ,A ,
SM9008  ,S ,
SM9009  ,S ,
SM9010  ,S ,
SM9011  ,S ,
SM9012  ,S ,
SM9013  ,S ,
SM9014  ,S ,
SM9015  ,S ,
SM9016  ,S ,
SM9017  ,S ,
SM9018  ,S ,
SM9019  ,A ,
SM9020  ,S ,
SM9021  ,S ,
SM9022  ,S ,
SM9023  ,S ,
SM9024  ,S ,
SM9025  ,S ,
SM9026  ,A ,
SM9027  ,A ,
SM9028  ,A ,
SM9029  ,A ,
SM9030  ,S ,
SM9031  ,S ,
SM9032  ,S ,
SM9033  ,S ,
SM9034  ,S ,
SM9035  ,S ,
SM9036  ,S ,
SM9038  ,S ,
SM9039  ,S ,
SM9040  ,S ,
SM9041  ,S ,
SM9042  ,S ,
SM9043  ,S ,
SM9044  ,A ,
SM9045  ,S ,
SM9046  ,S ,
SM9047  ,S ,
SM9048  ,S ,
SM9049  ,S ,
SM9050  ,S ,
SM9051  ,S ,
SM9052  ,A ,
SM9053  ,S ,
SM9054  ,A ,
SM9055  ,S ,
SM9056  ,A ,
SM9057  ,A ,
SM9058  ,S ,
SM9059  ,S ,
SM9060  ,A ,
SM9061  ,A ,
SM9062  ,S ,
SM9063  ,S ,
SM9064  ,S ,
SM9065  ,S ,
SM9066  ,S ,
SM9067  ,S ,
SM9069  ,A ,
SM9070  ,S ,
SM9071  ,S ,
SM9072  ,S ,
SM9073  ,A ,
SM9074  ,A ,
SM9075  ,S ,
SM9076  ,S ,
SM9077  ,S ,
SM9078  ,A ,
SM9079  ,A ,
SM9080  ,S ,
SM9081  ,S ,
SM9082  ,S ,
SM9083  ,S ,
SM9084  ,S ,
SM9085  ,S ,
SM9086  ,S ,
SM9087  ,A ,
SM9088  ,S ,
SM9089  ,S ,
SM9090  ,A ,
SM9091  ,S ,
SM9092  ,S ,
SM9093  ,S ,
SM9094  ,A ,
SM9095  ,S ,
SM9096  ,S ,
SM9097  ,S ,
SM9098  ,A ,
SM9099  ,S ,
SM9100  ,S ,
SM9101  ,S ,
SM9102  ,S ,
SM9103  ,S ,
SM9104  ,S ,
SM9106  ,S ,
SM9107  ,S ,
SM9108  ,S ,
SM9109  ,S ,
SM9110  ,S ,
SM9111  ,S ,
SM9112  ,A ,
SM9113  ,S ,
SM9114  ,S ,
SM9115  ,S ,
SM9116  ,S ,
SM9117  ,S ,
SM9118  ,S ,
SM9119  ,S ,
SM9120  ,S ,
SM9121  ,A ,
SM9122  ,S ,
SM9123  ,S ,
SM9124  ,S ,
SM9125  ,S ,
SM9126  ,S ,
SM9127  ,S ,
SM9128  ,S ,
SM9129  ,S ,
SM9130  ,A ,
SM9131  ,A ,
SM9132  ,S ,
SM9133  ,A ,
SM9134  ,S ,
SM9135  ,S ,
SM9136  ,S ,
SM9137  ,S ,
SM9138  ,A ,
SM9139  ,S ,
SM9140  ,S ,
SM9141  ,S ,
SM9142  ,S ,
SM9143  ,S ,
SM9144  ,S ,
SM9145  ,S ,
SM9146  ,S ,
SM9147  ,S ,
SM9148  ,S ,
SM9149  ,S ,
SM9150  ,S ,
SM9152  ,S ,
SM9153  ,S ,
SM9154  ,S ,
SM9155  ,S ,
SM9156  ,S ,
SM9157  ,S ,
SM9158  ,S ,
SM9159  ,S ,
SM9160  ,S ,
SM9162  ,S ,
SM9163  ,S ,
SM9164  ,S ,
SM9165  ,S ,
SM9166  ,S ,
SM9167  ,S ,
SM9168  ,S ,
SM9169  ,S ,
SM9170  ,S ,
SM9171  ,S ,
SM9172  ,A ,
SM9173  ,S ,
SM9174  ,S ,
SM9175  ,S ,
SM9176  ,A ,
SM9177  ,S ,
SM9178  ,A ,
SM9179  ,S ,
SM9180  ,A ,
SM9181  ,A ,
SM9182  ,S ,
SM9183  ,A ,
SM9184  ,A ,
SM9185  ,A ,
SM9186  ,S ,
SM9187  ,S ,
SM9188  ,S ,
SM9189  ,S ,
SM9190  ,A ,
SM9191  ,S ,
SM9192  ,S ,
SM9193  ,A ,
SM9194  ,A ,
SM9195  ,S ,
SM9196  ,S ,
SM9197  ,S ,
SM9198  ,S ,
SM9199  ,S ,
SM9200  ,S ,
SM9201  ,S ,
SM9202  ,S ,
SM9203  ,A ,
SM9204  ,S ,
SM9205  ,A ,
SM9206  ,S ,
SM9207  ,S ,
SM9208  ,S ,
SM9209  ,S ,
SM9210  ,A ,
SM9211  ,S ,
SM9212  ,S ,
SM9213  ,S ,
SM9214  ,S ,
SM9215  ,A ,
SM9216  ,S ,
SM9217  ,A ,
SM9218  ,S ,
SM9219  ,S ,
SM9220  ,S ,
SM9221  ,A ,
SM9222  ,S ,
SM9223  ,S ,
SM9224  ,S ,
SM9225  ,S ,
SM9226  ,S ,
SM9227  ,A ,
SM9228  ,A ,
SM9229  ,S ,
SM9230  ,S ,
SM9231  ,A ,
SM9232  ,S ,
SM9233  ,S ,
SM9234  ,S ,
SM9235  ,A ,
SM9236  ,S ,
SM9237  ,S ,
SM9238  ,S ,
SM9239  ,A ,
SM9240  ,S ,
SM9241  ,A ,
SM9242  ,A ,
SM9243  ,S ,
SM9244  ,S ,
SM9245  ,A ,
SM9246  ,S ,
SM9247  ,S ,
SM9248  ,S ,
SM9249  ,S ,
SM9250  ,S ,
SM9251  ,S ,
SM9252  ,A ,
SM9253  ,A ,
SM9254  ,S ,
SM9255  ,S ,
SM9256  ,S ,
SM9257  ,S ,
SM9258  ,S ,
SM9259  ,S ,
SM9260  ,A ,
SM9261  ,S ,
SM9262  ,S ,
SM9263  ,A ,
SM9264  ,A ,
SM9265  ,A ,
SM9266  ,S ,
SM9267  ,A ,
SM9268  ,S ,
SM9269  ,S ,
SM9270  ,S ,
SM9271  ,S ,
SM9272  ,A ,
SM9273  ,S ,
SM9274  ,A ,
SM9275  ,S ,
SM9276  ,S ,
SM9278  ,A ,
SM9279  ,A ,
SM9280  ,A ,
SM9281  ,S ,
SM9282  ,S ,
SM9283  ,S ,
SM9284  ,S ,
SM9286  ,S ,
SM9287  ,S ,
SM9288  ,S ,
SM9289  ,S ,
SM9290  ,S ,
SM9292  ,S ,
SM9293  ,S ,
SM9294  ,S ,
SM9295  ,S ,
SM9296  ,S ,
SM9297  ,S ,
SM9298  ,S ,
SM9299  ,A ,
SM9300  ,A ,
SM9301  ,S ,
SM9302  ,S ,
SM9303  ,S ,
SM9304  ,S ,
SM9305  ,S ,
SM9306  ,S ,
SM9307  ,S ,
SM9308  ,S ,
SM9309  ,S ,
SM9310  ,A ,
SM9311  ,S ,
SM9312  ,S ,
SM9313  ,S ,
SM9314  ,A ,
SM9315  ,S ,
SM9316  ,S ,
SM9317  ,S ,
SM9318  ,S ,
SM9319  ,S ,
SM9320  ,S ,
SM9321  ,A ,
SM9322  ,S ,
SM9323  ,S ,
SM9324  ,A ,
SM9325  ,A ,
SM9326  ,S ,
SM9327  ,S ,
SM9328  ,S ,
SM9329  ,S ,
SM9330  ,S ,
SM9331  ,S ,
SM9332  ,A ,
SM9333  ,S ,
SM9334  ,S ,
SM9335  ,S ,
SM9336  ,S ,
SM9337  ,S ,
SM9338  ,A ,
SM9339  ,A ,
SM9340  ,S ,
SM9341  ,S ,
SM9342  ,S ,
SM9343  ,A ,
SM9344  ,S ,
SM9345  ,A ,
SM9346  ,A ,
SM9347  ,A ,
SM9348  ,S ,
SM9349  ,A ,
SM9350  ,S ,
SM9351  ,A ,
SM9352  ,S ,
SM9353  ,S ,
SM9354  ,S ,
SM9355  ,S ,
SM9356  ,S ,
SM9357  ,S ,
SM9358  ,S ,
SM9359  ,S ,
SM9360  ,S ,
SM9361  ,A ,
SM9362  ,S ,
SM9363  ,S ,
SM9364  ,S ,
SM9365  ,A ,
SM9366  ,S ,
SM9367  ,S ,
SM9368  ,A ,
SM9369  ,S ,
SM9370  ,S ,
SM9371  ,S ,
SM9372  ,S ,
SM9373  ,A ,
SM9374  ,S ,
SM9375  ,S ,
SM9376  ,S ,
SM9377  ,S ,
SM9378  ,S ,
SM9379  ,S ,
SM9380  ,S ,
SM9381  ,S ,
SM9382  ,S ,
SM9383  ,A ,
SM9384  ,S ,
SM9385  ,S ,
SM9386  ,S ,
SM9387  ,S ,
SM9388  ,A ,
SM9389  ,S ,
SM9390  ,S ,
SM9391  ,S ,
SM9392  ,S ,
SM9393  ,S ,
SM9394  ,A ,
SM9395  ,A ,
SM9396  ,S ,
SM9397  ,S ,
SM9398  ,S ,
SM9399  ,S ,
SM9400  ,S ,
SM9401  ,S ,
SM9402  ,S ,
SM9403  ,S ,
SM9404  ,S ,
SM9405  ,S ,
SM9406  ,S ,
SM9407  ,A ,
SM9408  ,S ,
SM9409  ,A ,
SM9410  ,A ,
SM9411  ,S ,
SM9412  ,S ,
SM9413  ,S ,
SM9414  ,A ,
SM9415  ,A ,
SM9416  ,S ,
SM9417  ,S ,
SM9418  ,S ,
SM9419  ,S ,
SM9420  ,S ,
SM9421  ,A ,
SM9422  ,S ,
SM9423  ,A ,
SM9424  ,S ,
SM9425  ,S ,
SM9426  ,S ,
SM9427  ,S ,
SM9428  ,S ,
SM9429  ,S ,
SM9430  ,A ,
SM9431  ,S ,
SM9432  ,A ,
SM9433  ,S ,
SM9434  ,S ,
SM9435  ,S ,
SM9436  ,A ,
SM9437  ,S ,
SM9438  ,S ,
SM9439  ,A ,
SM9440  ,S ,
SM9441  ,A ,
SM9442  ,S ,
SM9443  ,S ,
SM9444  ,S ,
SM9445  ,A ,
SM9446  ,S ,
SM9447  ,S ,
SM9448  ,S ,
SM9449  ,S ,
SM9450  ,S ,
SM9451  ,S ,
SM9452  ,S ,
SM9453  ,S ,
SM9454  ,S ,
SM9455  ,S ,
SM9456  ,S ,
SM9457  ,S ,
SM9458  ,S ,
SM9459  ,S ,
SM9460  ,S ,
SM9461  ,S ,
SM9462  ,A ,
SM9463  ,S ,
SM9464  ,A ,
SM9465  ,A ,
SM9467  ,A ,
SM9468  ,S ,
SM9469  ,S ,
SM9470  ,S ,
SM9471  ,A ,
SM9472  ,S ,
SM9473  ,S ,
SM9474  ,A ,
SM9475  ,A ,
SM9476  ,S ,
SM9477  ,S ,
SM9478  ,S ,
SM9479  ,S ,
SM9480  ,A ,
SM9481  ,S ,
SM9482  ,S ,
SM9483  ,S ,
SM9484  ,S ,
SM9485  ,S ,
SM9486  ,S ,
SM9488  ,S ,
SM9489  ,S ,
SM9490  ,S ,
SM9491  ,A ,
SM9492  ,S ,
SM9493  ,S ,
SM9494  ,A ,
SM9495  ,S ,
SM9496  ,S ,
SM9497  ,A ,
SM9498  ,S ,
SM9499  ,S ,
SM9500  ,S ,
SM9501  ,S ,
SM9502  ,A ,
SM9503  ,S ,
SM9504  ,S ,
SM9505  ,A ,
SM9506  ,S ,
SM9507  ,A ,
SM9508  ,S ,
SM9509  ,S ,
SM9510  ,S ,
SM9511  ,A ,
SM9512  ,S ,
SM9513  ,S ,
SM9514  ,A ,
SM9515  ,S ,
SM9516  ,S ,
SM9517  ,S ,
SM9518  ,A ,
SM9519  ,S ,
SM9520  ,S ,
SM9521  ,S ,
SM9522  ,S ,
SM9523  ,S ,
SM9524  ,S ,
SM9525  ,S ,
SM9526  ,S ,
SM9527  ,A ,
SM9528  ,S ,
SM9529  ,S ,
SM9530  ,A ,
SM9532  ,A ,
SM9533  ,S ,
SM9534  ,S ,
SM9535  ,A ,
SM9536  ,A ,
SM9537  ,A ,
SM9538  ,A ,
SM9539  ,S ,
SM9540  ,S ,
SM9541  ,S ,
SM9543  ,S ,
SM9544  ,S ,
SM9545  ,S ,
SM9546  ,S ,
SM9547  ,S ,
SM9548  ,A ,
SM9549  ,S ,
SM9550  ,S ,
SM9551  ,S ,
SM9552  ,A ,
SM9553  ,S ,
SM9554  ,S ,
SM9555  ,S ,
SM9556  ,S ,
SM9557  ,S ,
SM9558  ,S ,
SM9559  ,S ,
SM9560  ,S ,
SM9561  ,S ,
SM9562  ,S ,
SM9563  ,S ,
SM9564  ,A ,
SM9565  ,S ,
SM9566  ,S ,
SM9567  ,A ,
SM9568  ,S ,
SM9569  ,S ,
SM9570  ,S ,
SM9571  ,S ,
SM9572  ,A ,
SM9573  ,S ,
SM9574  ,S ,
SM9575  ,A ,
SM9576  ,S ,
SM9577  ,S ,
SM9578  ,A ,
SM9579  ,S ,
SM9580  ,S ,
SM9581  ,S ,
SM9582  ,S ,
SM9583  ,S ,
SM9584  ,S ,
SM9585  ,S ,
SM9586  ,S ,
SM9587  ,A ,
SM9588  ,S ,
SM9589  ,S ,
SM9590  ,S ,
SM9591  ,S ,
SM9592  ,S ,
SM9593  ,S ,
SM9594  ,S ,
SM9595  ,A ,
SM9596  ,S ,
SM9597  ,S ,
SM9598  ,S ,
SM9599  ,A ,
SM9600  ,S ,
SM9601  ,S ,
SM9602  ,S ,
SM9603  ,S ,
SM9604  ,S ,
SM9605  ,S ,
SM9606  ,S ,
SM9607  ,S ,
SM9608  ,S ,
SM9609  ,A ,
SM9610  ,S ,
SM9611  ,A ,
SM9612  ,A ,
SM9613  ,S ,
SM9614  ,S ,
SM9615  ,S ,
SM9616  ,S ,
SM9617  ,S ,
SM9618  ,A ,
SM9619  ,S ,
SM9620  ,S ,
SM9621  ,A ,
SM9622  ,S ,
SM9623  ,S ,
SM9624  ,S ,
SM9625  ,S ,
SM9626  ,S ,
SM9627  ,S ,
SM9628  ,S ,
SM9629  ,S ,
SM9630  ,S ,
SM9631  ,A ,
SM9632  ,S ,
SM9633  ,S ,
SM9634  ,A ,
SM9635  ,S ,
SM9636  ,S ,
SM9637  ,S ,
SM9638  ,A ,
SM9639  ,A ,
SM9640  ,S ,
SM9641  ,S ,
SM9642  ,S ,
SM9643  ,S ,
SM9644  ,S ,
SM9645  ,S ,
SM9646  ,S ,
SM9647  ,S ,
SM9648  ,S ,
SM9649  ,A ,
SM9650  ,S ,
SM9651  ,S ,
SM9652  ,S ,
SM9653  ,S ,
SM9654  ,S ,
SM9655  ,S ,
SM9656  ,S ,
SM9657  ,A ,
SM9658  ,S ,
SM9659  ,S ,
SM9660  ,S ,
SM9661  ,S ,
SM9662  ,S ,
SM9663  ,S ,
SM9664  ,S ,
SM9665  ,S ,
SM9666  ,S ,
SM9667  ,S ,
SM9668  ,A ,
SM9669  ,A ,
SM9670  ,A ,
SM9671  ,S ,
SM9672  ,S ,
SM9673  ,S ,
SM9674  ,S ,
SM9675  ,S ,
SM9676  ,S ,
SM9677  ,S ,
SM9678  ,S ,
SM9679  ,A ,
SM9680  ,S ,
SM9681  ,S ,
SM9682  ,A ,
SM9683  ,A ,
SM9684  ,A ,
SM9685  ,A ,
SM9686  ,S ,
SM9687  ,S ,
SM9688  ,S ,
SM9689  ,S ,
SM9690  ,S ,
SM9691  ,S ,
SM9692  ,S ,
SM9693  ,A ,
SM9694  ,S ,
SM9695  ,S ,
SM9696  ,S ,
SM9697  ,A ,
SM9698  ,S ,
SM9699  ,S ,
SM9700  ,A ,
SM9701  ,S ,
SM9702  ,S ,
SM9703  ,S ,
SM9704  ,S ,
SM9705  ,S ,
SM9706  ,A ,
SM9707  ,A ,
SM9708  ,S ,
SM9709  ,S ,
SM9710  ,A ,
SM9711  ,S ,
SM9712  ,S ,
SM9713  ,A ,
SM9714  ,S ,
SM9715  ,S ,
SM9716  ,S ,
SM9717  ,S ,
SM9718  ,A ,
SM9719  ,S ,
SM9720  ,S ,
SM9721  ,S ,
SM9722  ,A ,
SM9723  ,S ,
SM9724  ,S ,
SM9725  ,S ,
SM9726  ,S ,
SM9727  ,S ,
SM9728  ,S ,
SM9729  ,S ,
SM9730  ,S ,
SM9731  ,S ,
SM9732  ,S ,
SM9733  ,S ,
SM9734  ,A ,
SM9735  ,S ,
SM9736  ,S ,
SM9737  ,A ,
SM9738  ,S ,
SM9739  ,A ,
SM9740  ,S ,
SM9741  ,S ,
SM9742  ,S ,
SM9743  ,S ,
SM9744  ,S ,
SM9745  ,S ,
SM9746  ,A ,
SM9747  ,S ,
SM9749  ,S ,
SM9750  ,A ,
SM9751  ,S ,
SM9752  ,S ,
SM9753  ,S ,
SM9754  ,A ,
SM9755  ,S ,
SM9756  ,S ,
SM9757  ,S ,
SM9758  ,S ,
SM9759  ,A ,
SM9760  ,S ,
SM9761  ,A ,
SM9762  ,S ,
SM9763  ,A ,
SM9764  ,S ,
SM9765  ,S ,
SM9766  ,A ,
SM9767  ,A ,
SM9768  ,S ,
SM9769  ,A ,
SM9770  ,S ,
SM9771  ,S ,
SM9772  ,S ,
SM9773  ,S ,
SM9774  ,S ,
SM9775  ,A ,
SM9776  ,A ,
SM9777  ,S ,
SM9778  ,S ,
SM9779  ,S ,
SM9780  ,A ,
SM9781  ,S ,
SM9782  ,S ,
SM9783  ,S ,
SM9784  ,S ,
SM9785  ,S ,
SM9786  ,S ,
SM9787  ,A ,
SM9788  ,S ,
SM9789  ,S ,
SM9790  ,A ,
SM9791  ,A ,
SM9792  ,S ,
SM9793  ,A ,
SM9794  ,A ,
SM9795  ,S ,
SM9796  ,S ,
SM9797  ,S ,
SM9798  ,A ,
SM9799  ,S ,
SM9800  ,A ,
SM9801  ,A ,
SM9802  ,S ,
SM9803  ,S ,
SM9804  ,A ,
SM9805  ,S ,
SM9806  ,S ,
SM9807  ,S ,
SM9808  ,S ,
SM9809  ,S ,
SM9810  ,S ,
SM9811  ,S ,
SM9812  ,A ,
SM9813  ,A ,
SM9814  ,S ,
SM9815  ,A ,
SM9816  ,S ,
SM9817  ,A ,
SM9818  ,S ,
SM9819  ,S ,
SM9820  ,A ,
SM9821  ,S ,
SM9822  ,S ,
SM9823  ,S ,
SM9824  ,S ,
SM9825  ,S ,
SM9826  ,S ,
SM9827  ,S ,
SM9829  ,A ,
SM9830  ,S ,
SM9831  ,A ,
SM9832  ,A ,
SM9833  ,A ,
SM9834  ,S ,
SM9835  ,S ,
SM9836  ,S ,
SM9837  ,S ,
SM9838  ,S ,
SM9839  ,S ,
SM9840  ,S ,
SM9841  ,A ,
SM9842  ,S ,
SM9843  ,S ,
SM9844  ,S ,
SM9845  ,S ,
SM9846  ,A ,
SM9847  ,S ,
SM9848  ,S ,
SM9849  ,S ,
SM9850  ,S ,
SM9851  ,S ,
SM9852  ,S ,
SM9853  ,A ,
SM9854  ,A ,
SM9855  ,S ,
SM9856  ,S ,
SM9857  ,S ,
SM9858  ,A ,
SM9859  ,S ,
SM9860  ,S ,
SM9861  ,A ,
SM9862  ,A ,
SM9863  ,S ,
SM9864  ,S ,
SM9865  ,A ,
SM9866  ,S ,
SM9867  ,S ,
SM9868  ,S ,
SM9869  ,S ,
SM9870  ,A ,
SM9871  ,S ,
SM9872  ,S ,
SM9873  ,S ,
SM9874  ,A ,
SM9875  ,S ,
SM9876  ,S ,
SM9877  ,A ,
SM9878  ,A ,
SM9879  ,S ,
SM9880  ,S ,
SM9881  ,A ,
SM9882  ,S ,
SM9883  ,S ,
SM9884  ,S ,
SM9885  ,A ,
SM9886  ,S ,
SM9887  ,A ,
SM9888  ,S ,
SM9889  ,A ,
SM9890  ,S ,
SM9891  ,A ,
SM9892  ,S ,
SM9893  ,S ,
SM9894  ,A ,
SM9895  ,S ,
SM9896  ,A ,
SM9897  ,A ,
SM9898  ,S ,
SM9899  ,S ,
SM9900  ,S ,
SM9901  ,S ,
SM9902  ,S ,
SM9903  ,S ,
SM9904  ,S ,
SM9905  ,S ,
SM9906  ,S ,
SM9907  ,S ,
SM9908  ,A ,
SM9909  ,S ,
SM9910  ,S ,
SM9911  ,A ,
SM9912  ,S ,
SM9913  ,A ,
SM9914  ,S ,
SM9915  ,S ,
SM9916  ,S ,
SM9917  ,A ,
SM9918  ,S ,
SM9919  ,A ,
SM9920  ,S ,
SM9921  ,S ,
SM9922  ,A ,
SM9923  ,S ,
SM9924  ,S ,
SM9925  ,A ,
SM9926  ,S ,
SM9927  ,A ,
SM9928  ,S ,
SM9929  ,S ,
SM9930  ,S ,
SM9931  ,S ,
SM9932  ,A ,
SM9933  ,S ,
SM9934  ,S ,
SM9935  ,A ,
SM9936  ,S ,
SM9937  ,A ,
SM9938  ,A ,
SM9939  ,A ,
SM9940  ,S ,
SM9941  ,S ,
SM9942  ,S ,
SM9943  ,S ,
SM9944  ,S ,
SM9945  ,S ,
SM9946  ,S ,
SM9947  ,S ,
SM9948  ,A ,
SM9949  ,S ,
SM9950  ,S ,
SM9951  ,A ,
SM9952  ,S ,
SM9953  ,A ,
SM9954  ,A ,
SM9956  ,A ,
SM9957  ,S ,
SM9958  ,S ,
SM9959  ,A ,
SM9960  ,S ,
SM9961  ,S ,
SM9962  ,S ,
SM9963  ,S ,
SM9964  ,S ,
SM9965  ,S ,
SM9966  ,S ,
SM9967  ,A ,
SM9968  ,S ,
SM9969  ,A ,
SM9970  ,A ,
SM9971  ,A ,
SM9972  ,A ,
SM9973  ,S ,
SM9974  ,S ,
SM9975  ,S ,
SM9976  ,S ,
SM9977  ,S ,
SM9978  ,S ,
SM9979  ,A ,
SM9980  ,A ,
SM9981  ,A ,
SM9982  ,S ,
SM9983  ,A ,
SM9984  ,S ,
SM9985  ,A ,
SM9986  ,S ,
SM9987  ,S ,
SM9988  ,S ,
SM9989  ,S ,
SM9990  ,A ,
SM9991  ,S ,
SM9992  ,A ,
SM9993  ,S ,
SM9994  ,S ,
SM9995  ,S ,
SM9996  ,A ,
SM9997  ,A ,
SM9998  ,A ,
SM9999  ,S ,
SM10000 ,S ,
SM10001 ,S ,
SM10002 ,S ,
SM10003 ,S ,
SM10004 ,S ,
SM10005 ,A ,
SM10007 ,S ,
SM10008 ,A ,
SM10009 ,A ,
SM10010 ,A ,
SM10011 ,S ,
SM10012 ,S ,
SM10013 ,S ,
SM10014 ,S ,
SM10015 ,S ,
SM10016 ,S ,
SM10017 ,S ,
SM10018 ,S ,
SM10019 ,S ,
SM10020 ,A ,
SM10021 ,A ,
SM10022 ,S ,
SM10023 ,S ,
SM10024 ,A ,
SM10025 ,S ,
SM10026 ,S ,
SM10027 ,A ,
SM10028 ,A ,
SM10029 ,S ,
SM10031 ,A ,
SM10032 ,S ,
SM10033 ,S ,
SM10034 ,A ,
SM10035 ,S ,
SM10036 ,S ,
SM10037 ,A ,
SM10038 ,S ,
SM10039 ,S ,
SM10040 ,S ,
SM10041 ,S ,
SM10042 ,A ,
SM10043 ,S ,
SM10044 ,A ,
SM10045 ,S ,
SM10046 ,S ,
SM10047 ,S ,
SM10048 ,S ,
SM10049 ,A ,
SM10050 ,S ,
SM10051 ,S ,
SM10052 ,A ,
SM10053 ,S ,
SM10054 ,S ,
SM10055 ,A ,
SM10056 ,S ,
SM10057 ,S ,
SM10058 ,S ,
SM10059 ,A ,
SM10060 ,A ,
SM10061 ,A ,
SM10062 ,S ,
SM10063 ,S ,
SM10064 ,S ,
SM10065 ,A ,
SM10066 ,A ,
SM10067 ,S ,
SM10068 ,S ,
SM10069 ,S ,
SM10070 ,A ,
SM10071 ,S ,
SM10072 ,S ,
SM10073 ,A ,
SM10074 ,S ,
SM10075 ,A ,
SM10076 ,S ,
SM10077 ,A ,
SM10078 ,A ,
SM10079 ,A ,
SM10080 ,A ,
SM10081 ,A ,
SM10082 ,A ,
SM10083 ,A ,
SM10084 ,S ,
SM10085 ,S ,
SM10086 ,A ,
SM10087 ,S ,
SM10088 ,S ,
SM10089 ,S ,
SM10090 ,A ,
SM10091 ,A ,
SM10092 ,A ,
SM10093 ,A ,
SM10094 ,S ,
SM10095 ,S ,
SM10096 ,A ,
SM10097 ,S ,
SM10098 ,A ,
SM10099 ,S ,
SM10100 ,S ,
SM10101 ,S ,
SM10102 ,A ,
SM10103 ,A ,
SM10104 ,S ,
SM10105 ,S ,
SM10106 ,S ,
SM10107 ,A ,
SM10108 ,S ,
SM10109 ,A ,
SM10110 ,S ,
SM10111 ,A ,
SM10112 ,S ,
SM10113 ,A ,
SM10114 ,S ,
SM10115 ,S ,
SM10116 ,S ,
SM10117 ,S ,
SM10118 ,A ,
SM10119 ,S ,
SM10120 ,A ,
SM10121 ,A ,
SM10122 ,S ,
SM10123 ,A ,
SM10124 ,S ,
SM10125 ,S ,
SM10126 ,S ,
SM10127 ,S ,
SM10128 ,A ,
SM10129 ,A ,
SM10130 ,A ,
SM10131 ,S ,
SM10132 ,A ,
SM10133 ,S ,
SM10134 ,S ,
SM10135 ,S ,
SM10136 ,S ,
SM10137 ,S ,
SM10138 ,S ,
SM10139 ,A ,
SM10140 ,S ,
SM10141 ,S ,
SM10142 ,A ,
SM10143 ,S ,
SM10144 ,A ,
SM10145 ,S ,
SM10146 ,A ,
SM10147 ,A ,
SM10148 ,S ,
SM10149 ,A ,
SM10150 ,S ,
SM10151 ,S ,
SM10152 ,S ,
SM10153 ,A ,
SM10154 ,S ,
SM10155 ,A ,
SM10156 ,A ,
SM10157 ,S ,
SM10158 ,S ,
SM10159 ,A ,
SM10160 ,S ,
SM10161 ,S ,
SM10162 ,S ,
SM10163 ,A ,
SM10164 ,A ,
SM10165 ,S ,
SM10166 ,A ,
SM10167 ,S ,
SM10168 ,S ,
SM10169 ,S ,
SM10170 ,S ,
SM10171 ,A ,
SM10172 ,A ,
SM10173 ,S ,
SM10175 ,A ,
SM10176 ,A ,
SM10177 ,S ,
SM10178 ,S ,
SM10179 ,A ,
SM10180 ,S ,
SM10181 ,S ,
SM10182 ,A ,
SM10183 ,S ,
SM10184 ,S ,
SM10185 ,A ,
SM10186 ,A ,
SM10187 ,S ,
SM10188 ,S ,
SM10189 ,S ,
SM10190 ,S ,
SM10191 ,S ,
SM10192 ,S ,
SM10193 ,A ,
SM10194 ,A ,
SM10195 ,A ,
SM10196 ,S ,
SM10197 ,S ,
SM10198 ,A ,
SM10199 ,A ,
SM10200 ,S ,
SM10201 ,A ,
SM10202 ,S ,
SM10203 ,S ,
SM10204 ,A ,
SM10205 ,S ,
SM10206 ,A ,
SM10207 ,S ,
SM10208 ,S ,
SM10209 ,S ,
SM10210 ,S ,
SM10211 ,S ,
SM10212 ,S ,
SM10213 ,A ,
SM10214 ,A ,
SM10215 ,S ,
SM10216 ,S ,
SM10217 ,A ,
SM10218 ,S ,
SM10219 ,S ,
SM10220 ,A ,
SM10221 ,S ,
SM10222 ,S ,
SM10223 ,A ,
SM10224 ,S ,
SM10225 ,A ,
SM10226 ,S ,
SM10227 ,S ,
SM10228 ,S ,
SM10229 ,S ,
SM10230 ,A ,
SM10231 ,A ,
SM10232 ,A ,
SM10233 ,S ,
SM10234 ,S ,
SM10235 ,S ,
SM10236 ,S ,
SM10237 ,S ,
SM10238 ,A ,
SM10239 ,S ,
SM10240 ,S ,
SM10241 ,A ,
SM10242 ,S ,
SM10243 ,A ,
SM10244 ,S ,
SM10245 ,S ,
SM10246 ,S ,
SM10247 ,A ,
SM10248 ,A ,
SM10249 ,S ,
SM10250 ,A ,
SM10251 ,S ,
SM10252 ,S ,
SM10253 ,A ,
SM10254 ,S ,
SM10255 ,S ,
SM10256 ,A ,
SM10257 ,S ,
SM10258 ,S ,
SM10259 ,S ,
SM10260 ,S ,
SM10261 ,S ,
SM10262 ,A ,
SM10263 ,A ,
SM10264 ,A ,
SM10265 ,A ,
SM10266 ,A ,
SM10267 ,A ,
SM10268 ,S ,
SM10269 ,S ,
SM10270 ,S ,
SM10271 ,A ,
SM10272 ,S ,
SM10273 ,S ,
SM10274 ,A ,
SM10275 ,A ,
SM10276 ,S ,
SM10277 ,S ,
SM10278 ,S ,
SM10279 ,S ,
SM10280 ,S ,
SM10281 ,A ,
SM10282 ,A ,
SM10283 ,S ,
SM10284 ,S ,
SM10285 ,S ,
SM10286 ,S ,
SM10287 ,A ,
SM10288 ,A ,
SM10289 ,S ,
SM10290 ,S ,
SM10291 ,S ,
SM10292 ,A ,
SM10293 ,S ,
SM10294 ,S ,
SM10295 ,S ,
SM10296 ,S ,
SM10297 ,S ,
SM10298 ,S ,
SM10299 ,A ,
SM10300 ,S ,
SM10301 ,S ,
SM10302 ,A ,
SM10303 ,S ,
SM10304 ,S ,
SM10305 ,S ,
SM10306 ,S ,
SM10307 ,S ,
SM10308 ,A ,
SM10309 ,A ,
SM10310 ,S ,
SM10311 ,A ,
SM10312 ,A ,
SM10313 ,S ,
SM10314 ,S ,
SM10315 ,S ,
SM10316 ,S ,
SM10317 ,A ,
SM10318 ,S ,
SM10319 ,S ,
SM10320 ,S ,
SM10321 ,A ,
SM10322 ,A ,
SM10323 ,S ,
SM10324 ,S ,
SM10325 ,S ,
SM10326 ,S ,
SM10327 ,A ,
SM10328 ,S ,
SM10329 ,A ,
SM10330 ,S ,
SM10331 ,S ,
SM10332 ,S ,
SM10333 ,S ,
SM10334 ,S ,
SM10335 ,S ,
SM10336 ,S ,
SM10337 ,A ,
SM10338 ,A ,
SM10339 ,S ,
SM10340 ,S ,
SM10341 ,S ,
SM10342 ,A ,
SM10343 ,S ,
SM10344 ,S ,
SM10345 ,S ,
SM10346 ,A ,
SM10347 ,S ,
SM10348 ,A ,
SM10349 ,A ,
SM10350 ,A ,
SM10351 ,S ,
SM10352 ,S ,
SM10353 ,S ,
SM10354 ,A ,
SM10355 ,S ,
SM10356 ,S ,
SM10357 ,S ,
SM10358 ,A ,
SM10359 ,S ,
SM10360 ,A ,
SM10361 ,S ,
SM10362 ,A ,
SM10363 ,A ,
SM10364 ,A ,
SM10365 ,S ,
SM10366 ,S ,
SM10367 ,A ,
SM10368 ,A ,
SM10369 ,S ,
SM10370 ,S ,
SM10371 ,A ,
SM10372 ,S ,
SM10373 ,A ,
SM10374 ,A ,
SM10375 ,A ,
SM10376 ,S ,
SM10377 ,A ,
SM10378 ,S ,
SM10379 ,S ,
SM10380 ,S ,
SM10381 ,S ,
SM10382 ,A ,
SM10383 ,S ,
SM10384 ,S ,
SM10385 ,S ,
SM10386 ,A ,
SM10387 ,S ,
SM10388 ,S ,
SM10389 ,S ,
SM10390 ,S ,
SM10391 ,S ,
SM10392 ,A ,
SM10393 ,S ,
SM10394 ,A ,
SM10395 ,A ,
SM10396 ,A ,
SM10397 ,A ,
SM10398 ,S ,
SM10399 ,S ,
SM10400 ,S ,
SM10401 ,A ,
SM10402 ,S ,
SM10403 ,S ,
SM10404 ,A ,
SM10405 ,S ,
SM10406 ,A ,
SM10407 ,A ,
SM10408 ,S ,
SM10409 ,S ,
SM10410 ,S ,
SM10411 ,S ,
SM10412 ,A ,
SM10413 ,S ,
SM10414 ,S ,
SM10415 ,S ,
SM10416 ,S ,
SM10417 ,S ,
SM10418 ,S ,
SM10419 ,S ,
SM10420 ,A ,
SM10421 ,A ,
SM10422 ,S ,
SM10423 ,S ,
SM10424 ,S ,
SM10425 ,S ,
SM10426 ,A ,
SM10427 ,S ,
SM10428 ,S ,
SM10429 ,S ,
SM10430 ,S ,
SM10431 ,S ,
SM10432 ,A ,
SM10433 ,A ,
SM10434 ,S ,
SM10436 ,S ,
SM10437 ,A ,
SM10438 ,S ,
SM10439 ,S ,
SM10440 ,S ,
SM10441 ,A ,
SM10442 ,A ,
SM10443 ,S ,
SM10444 ,S ,
SM10445 ,A ,
SM10446 ,S ,
SM10447 ,S ,
SM10448 ,S ,
SM10449 ,S ,
SM10450 ,S ,
SM10451 ,A ,
SM10452 ,S ,
SM10453 ,S ,
SM10454 ,S ,
SM10455 ,S ,
SM10456 ,S ,
SM10457 ,S ,
SM10458 ,S ,
SM10459 ,S ,
SM10460 ,A ,
SM10461 ,S ,
SM10462 ,S ,
SM10463 ,A ,
SM10464 ,S ,
SM10465 ,S ,
SM10466 ,A ,
SM10467 ,S ,
SM10468 ,S ,
SM10469 ,A ,
SM10470 ,S ,
SM10471 ,S ,
SM10472 ,S ,
SM10473 ,S ,
SM10474 ,S ,
SM10475 ,S ,
SM10476 ,S ,
SM10477 ,A ,
SM10478 ,A ,
SM10479 ,S ,
SM10480 ,S ,
SM10481 ,A ,
SM10482 ,A ,
SM10483 ,S ,
SM10484 ,A ,
SM10485 ,A ,
SM10486 ,A ,
SM10487 ,A ,
SM10488 ,A ,
SM10489 ,S ,
SM10490 ,S ,
SM10491 ,S ,
SM10492 ,A ,
SM10493 ,A ,
SM10494 ,S ,
SM10495 ,A ,
SM10496 ,A ,
SM10497 ,A ,
SM10498 ,A ,
SM10499 ,S ,
SM10500 ,S ,
SM10501 ,S ,
SM10502 ,S ,
SM10503 ,A ,
SM10504 ,A ,
SM10505 ,S ,
SM10506 ,S ,
SM10507 ,S ,
SM10508 ,S ,
SM10509 ,S ,
SM10510 ,S ,
SM10511 ,A ,
SM10512 ,A ,
SM10513 ,S ,
SM10514 ,S ,
SM10515 ,S ,
SM10516 ,S ,
SM10517 ,S ,
SM10518 ,S ,
SM10519 ,S ,
SM10520 ,S ,
SM10521 ,S ,
SM10522 ,A ,
SM10523 ,S ,
SM10524 ,A ,
SM10525 ,S ,
SM10526 ,S ,
SM10528 ,A ,
SM10530 ,A ,
SM10531 ,S ,
SM10533 ,S ,
SM10534 ,A ,
SM10535 ,S ,
SM10536 ,S ,
SM10537 ,A ,
SM10538 ,A ,
SM10539 ,A ,
SM10540 ,A ,
SM10541 ,S ,
SM10542 ,S ,
SM10543 ,S ,
SM10544 ,A ,
SM10545 ,S ,
SM10546 ,S ,
SM10547 ,S ,
SM10548 ,S ,
SM10549 ,S ,
SM10550 ,S ,
SM10551 ,A ,
SM10552 ,S ,
SM10553 ,A ,
SM10554 ,S ,
SM10555 ,A ,
SM10556 ,S ,
SM10557 ,S ,
SM10558 ,A ,
SM10559 ,A ,
SM10560 ,S ,
SM10561 ,S ,
SM10562 ,A ,
SM10563 ,S ,
SM10564 ,A ,
SM10565 ,A ,
SM10566 ,A ,
SM10567 ,A ,
SM10568 ,S ,
SM10569 ,S ,
SM10570 ,S ,
SM10571 ,S ,
SM10572 ,A ,
SM10573 ,S ,
SM10574 ,A ,
SM10575 ,S ,
SM10576 ,A ,
SM10577 ,S ,
SM10578 ,S ,
SM10579 ,S ,
SM10580 ,A ,
SM10581 ,S ,
SM10583 ,S ,
SM10584 ,S ,
SM10585 ,S ,
SM10586 ,S ,
SM10587 ,A ,
SM10588 ,A ,
SM10589 ,S ,
SM10590 ,A ,
SM10591 ,S ,
SM10592 ,S ,
SM10593 ,S ,
SM10594 ,S ,
SM10595 ,A ,
SM10596 ,A ,
SM10597 ,S ,
SM10598 ,S ,
SM10599 ,A ,
SM10600 ,A ,
SM10601 ,S ,
SM10602 ,A ,
SM10603 ,S ,
SM10604 ,A ,
SM10605 ,S ,
SM10606 ,A ,
SM10607 ,S ,
SM10608 ,A ,
SM10609 ,S ,
SM10610 ,A ,
SM10611 ,S ,
SM10612 ,A ,
SM10613 ,S ,
SM10614 ,A ,
SM10615 ,S ,
SM10616 ,A ,
SM10617 ,S ,
SM10618 ,S ,
SM10619 ,S ,
SM10620 ,S ,
SM10621 ,S ,
SM10622 ,A ,
SM10623 ,A ,
SM10624 ,S ,
SM10625 ,S ,
SM10626 ,S ,
SM10627 ,S ,
SM10628 ,A ,
SM10629 ,A ,
SM10630 ,S ,
SM10631 ,S ,
SM10632 ,S ,
SM10633 ,S ,
SM10634 ,A ,
SM10635 ,S ,
SM10636 ,S ,
SM10637 ,S ,
SM10638 ,S ,
SM10639 ,A ,
SM10640 ,S ,
SM10641 ,S ,
SM10642 ,S ,
SM10643 ,S ,
SM10644 ,S ,
SM10645 ,A ,
SM10646 ,S ,
SM10647 ,S ,
SM10648 ,A ,
SM10649 ,S ,
SM10650 ,S ,
SM10651 ,A ,
SM10653 ,S ,
SM10654 ,S ,
SM10655 ,S ,
SM10656 ,S ,
SM10657 ,S ,
SM10658 ,S ,
SM10659 ,S ,
SM10660 ,S ,
SM10661 ,S ,
SM10662 ,S ,
SM10663 ,S ,
SM10664 ,A ,
SM10665 ,S ,
SM10666 ,S ,
SM10667 ,A ,
SM10668 ,A ,
SM10669 ,S ,
SM10670 ,A ,
SM10671 ,A ,
SM10672 ,S ,
SM10673 ,A ,
SM10674 ,S ,
SM10675 ,S ,
SM10676 ,S ,
SM10677 ,S ,
SM10678 ,A ,
SM10679 ,A ,
SM10681 ,S ,
SM10682 ,A ,
SM10683 ,A ,
SM10684 ,S ,
SM10685 ,S ,
SM10686 ,A ,
SM10687 ,S ,
SM10688 ,A ,
SM10689 ,S ,
SM10690 ,S ,
SM10691 ,A ,
SM10692 ,S ,
SM10693 ,A ,
SM10694 ,S ,
SM10695 ,S ,
SM10696 ,A ,
SM10697 ,A ,
SM10698 ,S ,
SM10699 ,S ,
SM10700 ,A ,
SM10701 ,A ,
SM10702 ,S ,
SM10703 ,S ,
SM10704 ,S ,
SM10705 ,A ,
SM10706 ,A ,
SM10707 ,S ,
SM10708 ,S ,
SM10709 ,S ,
SM10710 ,S ,
SM10711 ,A ,
SM10712 ,A ,
SM10713 ,S ,
SM10714 ,A ,
SM10715 ,S ,
SM10716 ,S ,
SM10717 ,A ,
SM10718 ,A ,
SM10719 ,S ,
SM10720 ,S ,
SM10721 ,S ,
SM10722 ,S ,
SM10723 ,S ,
SM10724 ,S ,
SM10725 ,S ,
SM10726 ,S ,
SM10727 ,S ,
SM10728 ,A ,
SM10729 ,S ,
SM10730 ,A ,
SM10731 ,S ,
SM10732 ,S ,
SM10733 ,S ,
SM10734 ,S ,
SM10735 ,S ,
SM10736 ,A ,
SM10737 ,S ,
SM10738 ,A ,
SM10739 ,S ,
SM10740 ,A ,
SM10741 ,S ,
SM10742 ,S ,
SM10743 ,A ,
SM10744 ,S ,
SM10745 ,A ,
SM10746 ,S ,
SM10747 ,S ,
SM10748 ,A ,
SM10749 ,S ,
SM10750 ,A ,
SM10751 ,A ,
SM10752 ,S ,
SM10753 ,S ,
SM10754 ,A ,
SM10755 ,S ,
SM10756 ,S ,
SM10757 ,A ,
SM10758 ,S ,
SM10759 ,S ,
SM10760 ,S ,
SM10761 ,A ,
SM10762 ,A ,
SM10763 ,S ,
SM10764 ,S ,
SM10766 ,S ,
SM10767 ,A ,
SM10768 ,A ,
SM10769 ,A ,
SM10770 ,S ,
SM10771 ,A ,
SM10772 ,S ,
SM10773 ,A ,
SM10774 ,A ,
SM10775 ,S ,
SM10776 ,S ,
SM10777 ,S ,
SM10778 ,A ,
SM10779 ,A ,
SM10780 ,S ,
SM10782 ,S ,
SM10783 ,A ,
SM10784 ,S ,
SM10785 ,A ,
SM10786 ,A ,
SM10787 ,S ,
SM10788 ,A ,
SM10789 ,S ,
SM10790 ,A ,
SM10791 ,S ,
SM10793 ,S ,
SM10794 ,S ,
SM10795 ,A ,
SM10796 ,S ,
SM10797 ,S ,
SM10798 ,S ,
SM10799 ,A ,
SM10800 ,S ,
SM10801 ,S ,
SM10802 ,A ,
SM10803 ,S ,
SM10805 ,S ,
SM10806 ,A ,
SM10807 ,S ,
SM10808 ,S ,
SM10809 ,A ,
SM10810 ,S ,
SM10811 ,A ,
SM10813 ,S ,
SM10814 ,S ,
SM10815 ,S ,
SM10816 ,A ,
SM10817 ,A ,
SM10818 ,A ,
SM10819 ,S ,
SM10820 ,A ,
SM10821 ,S ,
SM10822 ,A ,
SM10823 ,S ,
SM10824 ,S ,
SM10825 ,S ,
SM10826 ,S ,
SM10827 ,S ,
SM10828 ,S ,
SM10829 ,A ,
SM10830 ,S ,
SM10831 ,A ,
SM10832 ,S ,
SM10833 ,S ,
SM10834 ,S ,
SM10835 ,A ,
SM10836 ,S ,
SM10837 ,A ,
SM10838 ,S ,
SM10840 ,S ,
SM10841 ,S ,
SM10842 ,A ,
SM10843 ,S ,
SM10844 ,S ,
SM10845 ,A ,
SM10846 ,A ,
SM10847 ,S ,
SM10848 ,A ,
SM10849 ,S ,
SM10850 ,A ,
SM10851 ,S ,
SM10852 ,S ,
SM10853 ,S ,
SM10854 ,S ,
SM10855 ,S ,
SM10856 ,S ,
SM10857 ,A ,
SM10858 ,A ,
SM10859 ,S ,
SM10860 ,A ,
SM10861 ,S ,
SM10862 ,A ,
SM10863 ,S ,
SM10864 ,S ,
SM10865 ,A ,
SM10866 ,S ,
SM10867 ,S ,
SM10868 ,S ,
SM10869 ,A ,
SM10870 ,S ,
SM10871 ,A ,
SM10872 ,S ,
SM10873 ,A ,
SM10874 ,S ,
SM10875 ,A ,
SM10876 ,A ,
SM10877 ,S ,
SM10878 ,S ,
SM10879 ,A ,
SM10880 ,A ,
SM10881 ,A ,
SM10882 ,S ,
SM10883 ,S ,
SM10884 ,S ,
SM10885 ,S ,
SM10886 ,S ,
SM10887 ,A ,
SM10888 ,S ,
SM10889 ,A ,
SM10890 ,S ,
SM10891 ,A ,
SM10892 ,S ,
SM10893 ,A ,
SM10894 ,A ,
SM10895 ,S ,
SM10896 ,S ,
SM10897 ,A ,
SM10898 ,S ,
SM10899 ,S ,
SM10900 ,A ,
SM10901 ,S ,
SM10902 ,S ,
SM10903 ,S ,
SM10904 ,A ,
SM10905 ,A ,
SM10906 ,S ,
SM10907 ,S ,
SM10908 ,S ,
SM10909 ,S ,
SM10910 ,S ,
SM10911 ,A ,
SM10912 ,S ,
SM10913 ,S ,
SM10914 ,S ,
SM10915 ,A ,
SM10916 ,A ,
SM10917 ,S ,
SM10918 ,S ,
SM10919 ,A ,
SM10920 ,A ,
SM10921 ,S ,
SM10922 ,S ,
SM10923 ,S ,
SM10924 ,S ,
SM10925 ,A ,
SM10926 ,S ,
SM10927 ,S ,
SM10928 ,A ,
SM10929 ,A ,
SM10930 ,A ,
SM10931 ,S ,
SM10932 ,A ,
SM10933 ,A ,
SM10934 ,S ,
SM10935 ,S ,
SM10936 ,S ,
SM10937 ,S ,
SM10938 ,S ,
SM10939 ,A ,
SM10940 ,A ,
SM10941 ,S ,
SM10942 ,S ,
SM10943 ,S ,
SM10944 ,S ,
SM10945 ,S ,
SM10946 ,A ,
SM10947 ,S ,
SM10948 ,S ,
SM10949 ,A ,
SM10950 ,S ,
SM10951 ,S ,
SM10952 ,S ,
SM10953 ,S ,
SM10954 ,A ,
SM10955 ,A ,
SM10956 ,A ,
SM10957 ,S ,
SM10958 ,S ,
SM10959 ,A ,
SM10960 ,S ,
SM10961 ,S ,
SM10962 ,A ,
SM10963 ,S ,
SM10964 ,S ,
SM10965 ,A ,
SM10966 ,S ,
SM10967 ,A ,
SM10968 ,S ,
SM10969 ,A ,
SM10970 ,A ,
SM10971 ,S ,
SM10972 ,S ,
SM10973 ,S ,
SM10974 ,A ,
SM10975 ,S ,
SM10976 ,S ,
SM10977 ,S ,
SM10978 ,S ,
SM10979 ,S ,
SM10980 ,S ,
SM10982 ,S ,
SM10983 ,S ,
SM10984 ,S ,
SM10985 ,A ,
SM10986 ,S ,
SM10987 ,S ,
SM10988 ,A ,
SM10989 ,S ,
SM10990 ,S ,
SM10991 ,A ,
SM10992 ,A ,
SM10993 ,A ,
SM10994 ,A ,
SM10996 ,A ,
SM10997 ,S ,
SM10998 ,S ,
SM10999 ,A ,
SM11000 ,S ,
SM11001 ,A ,
SM11002 ,S ,
SM11003 ,S ,
SM11004 ,A ,
SM11005 ,A ,
SM11006 ,A ,
SM11007 ,S ,
SM11008 ,S ,
SM11009 ,A ,
SM11010 ,S ,
SM11011 ,A ,
SM11012 ,A ,
SM11013 ,A ,
SM11014 ,S ,
SM11015 ,A ,
SM11016 ,S ,
SM11017 ,S ,
SM11018 ,A ,
SM11019 ,S ,
SM11020 ,A ,
SM11021 ,A ,
SM11022 ,S ,
SM11023 ,A ,
SM11024 ,S ,
SM11025 ,S ,
SM11026 ,A ,
SM11027 ,S ,
SM11028 ,S ,
SM11029 ,S ,
SM11030 ,A ,
SM11031 ,S ,
SM11032 ,S ,
SM11033 ,A ,
SM11034 ,S ,
SM11035 ,S ,
SM11036 ,S ,
SM11037 ,S ,
SM11038 ,S ,
SM11039 ,S ,
SM11040 ,S ,
SM11041 ,A ,
SM11042 ,S ,
SM11043 ,A ,
SM11044 ,S ,
SM11045 ,A ,
SM11046 ,S ,
SM11047 ,A ,
SM11048 ,S ,
SM11049 ,S ,
SM11050 ,A ,
SM11051 ,S ,
SM11052 ,S ,
SM11053 ,A ,
SM11054 ,S ,
SM11055 ,S ,
SM11056 ,A ,
SM11057 ,S ,
SM11058 ,S ,
SM11059 ,S ,
SM11060 ,S ,
SM11061 ,A ,
SM11062 ,A ,
SM11063 ,S ,
SM11064 ,S ,
SM11065 ,S ,
SM11066 ,A ,
SM11067 ,A ,
SM11068 ,S ,
SM11069 ,S ,
SM11070 ,A ,
SM11071 ,A ,
SM11072 ,S ,
SM11073 ,S ,
SM11074 ,S ,
SM11076 ,A ,
SM11077 ,S ,
SM11078 ,A ,
SM11079 ,S ,
SM11080 ,S ,
SM11081 ,A ,
SM11082 ,S ,
SM11083 ,A ,
SM11084 ,A ,
SM11085 ,S ,
SM11086 ,S ,
SM11087 ,S ,
SM11088 ,A ,
SM11089 ,A ,
SM11091 ,S ,
SM11092 ,S ,
SM11093 ,S ,
SM11094 ,S ,
SM11095 ,S ,
SM11096 ,A ,
SM11097 ,S ,
SM11098 ,A ,
SM11099 ,S ,
SM11100 ,S ,
SM11101 ,S ,
SM11102 ,A ,
SM11103 ,S ,
SM11104 ,A ,
SM11105 ,S ,
SM11106 ,A ,
SM11107 ,A ,
SM11108 ,S ,
SM11109 ,S ,
SM11110 ,A ,
SM11111 ,A ,
SM11112 ,S ,
SM11113 ,S ,
SM11114 ,A ,
SM11115 ,S ,
SM11116 ,A ,
SM11118 ,S ,
SM11119 ,A ,
SM11120 ,S ,
SM11121 ,A ,
SM11122 ,S ,
SM11123 ,S ,
SM11124 ,A ,
SM11125 ,S ,
SM11126 ,A ,
SM11127 ,A ,
SM11128 ,S ,
SM11129 ,S ,
SM11130 ,S ,
SM11131 ,A ,
SM11132 ,S ,
SM11133 ,S ,
SM11134 ,S ,
SM11135 ,S ,
SM11136 ,A ,
SM11137 ,S ,
SM11138 ,A ,
SM11139 ,S ,
SM11140 ,A ,
SM11141 ,A ,
SM11142 ,S ,
SM11143 ,A ,
SM11144 ,S ,
SM11145 ,A ,
SM11146 ,A ,
SM11147 ,S ,
SM11148 ,S ,
SM11149 ,A ,
SM11150 ,S ,
SM11151 ,A ,
SM11152 ,S ,
SM11153 ,S ,
SM11154 ,A ,
SM11155 ,A ,
SM11156 ,S ,
SM11157 ,A ,
SM11158 ,A ,
SM11159 ,A ,
SM11160 ,S ,
SM11161 ,S ,
SM11162 ,A ,
SM11163 ,S ,
SM11164 ,A ,
SM11165 ,S ,
SM11166 ,S ,
SM11167 ,S ,
SM11168 ,S ,
SM11169 ,A ,
SM11170 ,S ,
SM11171 ,S ,
SM11172 ,S ,
SM11173 ,A ,
SM11174 ,S ,
SM11175 ,A ,
SM11176 ,S ,
SM11177 ,S ,
SM11178 ,S ,
SM11179 ,S ,
SM11180 ,A ,
SM11181 ,S ,
SM11182 ,A ,
SM11183 ,A ,
SM11184 ,S ,
SM11185 ,S ,
SM11186 ,S ,
SM11187 ,A ,
SM11188 ,A ,
SM11189 ,A ,
SM11190 ,A ,
SM11191 ,S ,
SM11192 ,S ,
SM11193 ,A ,
SM11194 ,S ,
SM11195 ,A ,
SM11196 ,A ,
SM11197 ,S ,
SM11198 ,A ,
SM11199 ,S ,
SM11200 ,A ,
SM11201 ,S ,
SM11202 ,S ,
SM11203 ,S ,
SM11204 ,S ,
SM11205 ,S ,
SM11206 ,A ,
SM11207 ,S ,
SM11208 ,A ,
SM11209 ,S ,
SM11210 ,A ,
SM11212 ,S ,
SM11213 ,S ,
SM11214 ,S ,
SM11215 ,S ,
SM11216 ,S ,
SM11217 ,S ,
SM11218 ,A ,
SM11219 ,S ,
SM11220 ,S ,
SM11221 ,S ,
SM11222 ,A ,
SM11223 ,A ,
SM11224 ,S ,
SM11225 ,S ,
SM11226 ,A ,
SM11227 ,S ,
SM11228 ,A ,
SM11229 ,S ,
SM11230 ,S ,
SM11231 ,S ,
SM11232 ,S ,
SM11233 ,S ,
SM11234 ,S ,
SM11235 ,S ,
SM11236 ,A ,
SM11237 ,A ,
SM11238 ,S ,
SM11239 ,S ,
SM11240 ,A ,
SM11241 ,A ,
SM11242 ,S ,
SM11243 ,A ,
SM11244 ,A ,
SM11245 ,S ,
SM11246 ,S ,
SM11247 ,S ,
SM11248 ,A ,
SM11249 ,S ,
SM11250 ,S ,
SM11251 ,A ,
SM11252 ,S ,
SM11253 ,S ,
SM11254 ,S ,
SM11255 ,S ,
SM11256 ,A ,
SM11257 ,A ,
SM11258 ,S ,
SM11259 ,S ,
SM11260 ,A ,
SM11261 ,A ,
SM11262 ,S ,
SM11263 ,S ,
SM11264 ,S ,
SM11265 ,S ,
SM11266 ,S ,
SM11267 ,S ,
SM11268 ,S ,
SM11269 ,S ,
SM11270 ,A ,
SM11271 ,A ,
SM11272 ,A ,
SM11273 ,A ,
SM11274 ,A ,
SM11275 ,A ,
SM11276 ,S ,
SM11277 ,S ,
SM11278 ,S ,
SM11279 ,A ,
SM11280 ,S ,
SM11281 ,S ,
SM11282 ,S ,
SM11283 ,S ,
SM11284 ,S ,
SM11285 ,S ,
SM11286 ,S ,
SM11287 ,A ,
SM11288 ,A ,
SM11289 ,S ,
SM11290 ,A ,
SM11291 ,A ,
SM11292 ,S ,
SM11293 ,S ,
SM11294 ,S ,
SM11295 ,A ,
SM11296 ,S ,
SM11297 ,A ,
SM11298 ,A ,
SM11299 ,A ,
SM11300 ,A ,
SM11301 ,S ,
SM11302 ,S ,
SM11303 ,S ,
SM11304 ,A ,
SM11305 ,S ,
SM11306 ,A ,
SM11307 ,S ,
SM11308 ,A ,
SM11309 ,S ,
SM11310 ,S ,
SM11311 ,S ,
SM11312 ,A ,
SM11313 ,S ,
SM11314 ,A ,
SM11315 ,S ,
SM11316 ,S ,
SM11317 ,A ,
SM11318 ,A ,
SM11319 ,S ,
SM11320 ,S ,
SM11321 ,S ,
SM11322 ,S ,
SM11323 ,S ,
SM11324 ,S ,
SM11325 ,S ,
SM11326 ,S ,
SM11327 ,S ,
SM11328 ,S ,
SM11329 ,S ,
SM11330 ,A ,
SM11331 ,A ,
SM11332 ,A ,
SM11333 ,S ,
SM11334 ,A ,
SM11335 ,S ,
SM11336 ,S ,
SM11337 ,S ,
SM11338 ,A ,
SM11339 ,S ,
SM11340 ,S ,
SM11341 ,S ,
SM11342 ,A ,
SM11343 ,S ,
SM11344 ,S ,
SM11345 ,A ,
SM11346 ,S ,
SM11347 ,S ,
SM11348 ,S ,
SM11349 ,S ,
SM11350 ,A ,
SM11351 ,A ,
SM11352 ,A ,
SM11353 ,S ,
SM11354 ,S ,
SM11355 ,A ,
SM11356 ,A ,
SM11357 ,S ,
SM11358 ,S ,
SM11360 ,S ,
SM11361 ,A ,
SM11363 ,A ,
SM11364 ,S ,
SM11365 ,S ,
SM11366 ,S ,
SM11367 ,S ,
SM11368 ,A ,
SM11369 ,S ,
SM11370 ,S ,
SM11371 ,S ,
SM11372 ,A ,
SM11373 ,A ,
SM11374 ,A ,
SM11375 ,S ,
SM11376 ,S ,
SM11377 ,S ,
SM11378 ,A ,
SM11379 ,A ,
SM11380 ,S ,
SM11381 ,S ,
SM11382 ,A ,
SM11383 ,S ,
SM11384 ,S ,
SM11385 ,A ,
SM11386 ,S ,
SM11387 ,S ,
SM11388 ,A ,
SM11389 ,A ,
SM11390 ,S ,
SM11391 ,S ,
SM11392 ,S ,
SM11393 ,A ,
SM11394 ,A ,
SM11395 ,S ,
SM11396 ,S ,
SM11397 ,S ,
SM11398 ,S ,
SM11399 ,S ,
SM11400 ,A ,
SM11401 ,A ,
SM11402 ,S ,
SM11403 ,S ,
SM11404 ,S ,
SM11405 ,A ,
SM11406 ,S ,
SM11407 ,S ,
SM11408 ,S ,
SM11409 ,A ,
SM11410 ,A ,
SM11411 ,S ,
SM11412 ,S ,
SM11413 ,S ,
SM11414 ,S ,
SM11415 ,S ,
SM11416 ,A ,
SM11417 ,S ,
SM11418 ,A ,
SM11419 ,S ,
SM11420 ,A ,
SM11421 ,S ,
SM11422 ,S ,
SM11423 ,A ,
SM11424 ,A ,
SM11425 ,S ,
SM11426 ,S ,
SM11427 ,S ,
SM11428 ,A ,
SM11429 ,A ,
SM11430 ,S ,
SM11431 ,S ,
SM11432 ,S ,
SM11433 ,S ,
SM11434 ,A ,
SM11435 ,S ,
SM11436 ,A ,
SM11437 ,A ,
SM11438 ,S ,
SM11439 ,S ,
SM11440 ,A ,
SM11441 ,S ,
SM11442 ,A ,
SM11443 ,S ,
SM11444 ,S ,
SM11445 ,S ,
SM11446 ,S ,
SM11447 ,S ,
SM11448 ,A ,
SM11449 ,A ,
SM11450 ,S ,
SM11451 ,A ,
SM11452 ,A ,
SM11453 ,S ,
SM11454 ,S ,
SM11457 ,A ,
SM11458 ,A ,
SM11459 ,S ,
SM11460 ,A ,
SM11461 ,S ,
SM11462 ,S ,
SM11463 ,S ,
SM11464 ,S ,
SM11465 ,A ,
SM11466 ,S ,
SM11468 ,A ,
SM11469 ,S ,
SM11470 ,S ,
SM11472 ,S ,
SM11473 ,S ,
SM11474 ,S ,
SM11475 ,A ,
SM11476 ,A ,
SM11477 ,S ,
SM11478 ,A ,
SM11479 ,S ,
SM11480 ,S ,
SM11481 ,S ,
SM11482 ,S ,
SM11483 ,S ,
SM11484 ,S ,
SM11485 ,S ,
SM11486 ,S ,
SM11487 ,S ,
SM11488 ,S ,
SM11489 ,S ,
SM11490 ,A ,
SM11491 ,A ,
SM11492 ,S ,
SM11493 ,A ,
SM11494 ,S ,
SM11495 ,S ,
SM11496 ,S ,
SM11497 ,S ,
SM11498 ,S ,
SM11499 ,A ,
SM11500 ,S ,
SM11501 ,S ,
SM11502 ,S ,
SM11503 ,S ,
SM11504 ,S ,
SM11505 ,A ,
SM11506 ,A ,
SM11507 ,S ,
SM11508 ,A ,
SM11509 ,S ,
SM11510 ,S ,
SM11511 ,S ,
SM11512 ,S ,
SM11513 ,A ,
SM11514 ,S ,
SM11515 ,A ,
SM11516 ,S ,
SM11517 ,S ,
SM11518 ,S ,
SM11519 ,A ,
SM11520 ,S ,
SM11521 ,A ,
SM11522 ,S ,
SM11523 ,A ,
SM11524 ,A ,
SM11525 ,A ,
SM11526 ,S ,
SM11527 ,A ,
SM11528 ,S ,
SM11529 ,S ,
SM11530 ,A ,
SM11531 ,A ,
SM11532 ,S ,
SM11533 ,A ,
SM11534 ,A ,
SM11535 ,A ,
SM11536 ,S ,
SM11537 ,S ,
SM11538 ,S ,
SM11539 ,S ,
SM11540 ,A ,
SM11541 ,S ,
SM11542 ,S ,
SM11543 ,S ,
SM11544 ,S ,
SM11545 ,S ,
SM11546 ,A ,
SM11547 ,S ,
SM11549 ,S ,
SM11550 ,S ,
SM11551 ,S ,
SM11552 ,S ,
SM11553 ,S ,
SM11554 ,S ,
SM11555 ,A ,
SM11556 ,S ,
SM11557 ,S ,
SM11558 ,S ,
SM11559 ,S ,
SM11560 ,S ,
SM11562 ,S ,
SM11563 ,S ,
SM11564 ,S ,
SM11565 ,A ,
SM11566 ,S ,
SM11567 ,A ,
SM11568 ,S ,
SM11569 ,S ,
SM11570 ,S ,
SM11571 ,S ,
SM11572 ,A ,
SM11573 ,S ,
SM11574 ,S ,
SM11575 ,S ,
SM11576 ,A ,
SM11578 ,A ,
SM11579 ,S ,
SM11580 ,S ,
SM11581 ,A ,
SM11582 ,S ,
SM11583 ,A ,
SM11584 ,A ,
SM11585 ,S ,
SM11586 ,S ,
SM11587 ,S ,
SM11588 ,S ,
SM11589 ,S ,
SM11590 ,A ,
SM11591 ,S ,
SM11592 ,A ,
SM11593 ,A ,
SM11594 ,S ,
SM11595 ,S ,
SM11596 ,A ,
SM11597 ,A ,
SM11598 ,A ,
SM11599 ,S ,
SM11600 ,S ,
SM11601 ,A ,
SM11602 ,S ,
SM11603 ,S ,
SM11605 ,S ,
SM11606 ,S ,
SM11607 ,A ,
SM11608 ,S ,
SM11609 ,S ,
SM11610 ,S ,
SM11611 ,S ,
SM11612 ,S ,
SM11613 ,A ,
SM11614 ,S ,
SM11615 ,A ,
SM11616 ,S ,
SM11617 ,S ,
SM11618 ,A ,
SM11619 ,S ,
SM11620 ,A ,
SM11621 ,S ,
SM11622 ,S ,
SM11624 ,A ,
SM11625 ,S ,
SM11626 ,S ,
SM11627 ,S ,
SM11628 ,S ,
SM11629 ,S ,
SM11630 ,S ,
SM11631 ,A ,
SM11632 ,S ,
SM11633 ,S ,
SM11634 ,A ,
SM11635 ,A ,
SM11636 ,A ,
SM11637 ,S ,
SM11638 ,S ,
SM11639 ,S ,
SM11640 ,A ,
SM11641 ,S ,
SM11642 ,S ,
SM11643 ,A ,
SM11644 ,A ,
SM11645 ,S ,
SM11646 ,S ,
SM11647 ,A ,
SM11648 ,S ,
SM11649 ,A ,
SM11650 ,A ,
SM11651 ,A ,
SM11652 ,A ,
SM11653 ,A ,
SM11654 ,S ,
SM11655 ,S ,
SM11656 ,S ,
SM11659 ,S ,
SM11660 ,A ,
SM11661 ,A ,
SM11662 ,S ,
SM11663 ,S ,
SM11664 ,S ,
SM11665 ,S ,
SM11666 ,S ,
SM11667 ,A ,
SM11668 ,S ,
SM11669 ,S ,
SM11670 ,A ,
SM11671 ,S ,
SM11672 ,A ,
SM11673 ,A ,
SM11674 ,S ,
SM11675 ,A ,
SM11676 ,S ,
SM11677 ,S ,
SM11678 ,S ,
SM11679 ,S ,
SM11680 ,S ,
SM11681 ,A ,
SM11682 ,S ,
SM11683 ,A ,
SM11684 ,A ,
SM11685 ,A ,
SM11686 ,S ,
SM11687 ,S ,
SM11688 ,S ,
SM11689 ,S ,
SM11690 ,S ,
SM11691 ,S ,
SM11692 ,S ,
SM11693 ,S ,
SM11694 ,S ,
SM11695 ,S ,
SM11696 ,S ,
SM11697 ,S ,
SM11698 ,A ,
SM11700 ,S ,
SM11701 ,S ,
SM11702 ,A ,
SM11703 ,S ,
SM11704 ,S ,
SM11705 ,A ,
SM11706 ,A ,
SM11707 ,S ,
SM11708 ,S ,
SM11709 ,S ,
SM11710 ,S ,
SM11712 ,A ,
SM11713 ,S ,
SM11714 ,S ,
SM11715 ,S ,
SM11716 ,A ,
SM11717 ,S ,
SM11718 ,S ,
SM11719 ,S ,
SM11720 ,S ,
SM11721 ,A ,
SM11722 ,S ,
SM11723 ,S ,
SM11725 ,A ,
SM11726 ,A ,
SM11727 ,S ,
SM11728 ,S ,
SM11729 ,S ,
SM11730 ,S ,
SM11731 ,A ,
SM11732 ,S ,
SM11733 ,S ,
SM11734 ,S ,
SM11735 ,S ,
SM11736 ,A ,
SM11737 ,A ,
SM11738 ,S ,
SM11739 ,A ,
SM11740 ,S ,
SM11741 ,A ,
SM11742 ,S ,
SM11743 ,S ,
SM11744 ,S ,
SM11745 ,S ,
SM11746 ,S ,
SM11747 ,A ,
SM11749 ,S ,
SM11750 ,S ,
SM11751 ,A ,
SM11752 ,A ,
SM11753 ,S ,
SM11754 ,A ,
SM11755 ,S ,
SM11756 ,S ,
SM11757 ,S ,
SM11758 ,A ,
SM11759 ,A ,
SM11760 ,A ,
SM11761 ,S ,
SM11762 ,S ,
SM11763 ,A ,
SM11765 ,A ,
SM11766 ,A ,
SM11767 ,S ,
SM11768 ,A ,
SM11769 ,S ,
SM11770 ,A ,
SM11773 ,A ,
SM11774 ,S ,
SM11775 ,S ,
SM11776 ,S ,
SM11777 ,S ,
SM11778 ,S ,
SM11779 ,S ,
SM11780 ,A ,
SM11781 ,A ,
SM11782 ,A ,
SM11783 ,S ,
SM11784 ,A ,
SM11785 ,S ,
SM11786 ,S ,
SM11787 ,A ,
SM11788 ,S ,
SM11789 ,S ,
SM11790 ,S ,
SM11791 ,A ,
SM11792 ,S ,
SM11793 ,S ,
SM11794 ,A ,
SM11795 ,S ,
SM11796 ,S ,
SM11797 ,A ,
SM11799 ,S ,
SM11800 ,A ,
SM11801 ,A ,
SM11802 ,A ,
SM11803 ,S ,
SM11804 ,S ,
SM11805 ,S ,
SM11806 ,A ,
SM11807 ,A ,
SM11808 ,A ,
SM11809 ,S ,
SM11810 ,S ,
SM11811 ,S ,
SM11812 ,S ,
SM11813 ,S ,
SM11814 ,S ,
SM11815 ,A ,
SM11816 ,S ,
SM11817 ,S ,
SM11818 ,S ,
SM11819 ,S ,
SM11820 ,S ,
SM11821 ,A ,
SM11822 ,S ,
SM11823 ,A ,
SM11824 ,S ,
SM11825 ,A ,
SM11826 ,A ,
SM11827 ,A ,
SM11828 ,S ,
SM11829 ,S ,
SM11830 ,S ,
SM11831 ,S ,
SM11832 ,S ,
SM11833 ,A ,
SM11834 ,S ,
SM11835 ,A ,
SM11836 ,A ,
SM11837 ,S ,
SM11838 ,A ,
SM11839 ,A ,
SM11840 ,A ,
SM11841 ,S ,
SM11842 ,S ,
SM11843 ,A ,
SM11844 ,A ,
SM11845 ,S ,
SM11846 ,A ,
SM11847 ,A ,
SM11848 ,S ,
SM11849 ,A ,
SM11850 ,S ,
SM11851 ,S ,
SM11852 ,A ,
SM11853 ,S ,
SM11854 ,A ,
SM11855 ,S ,
SM11856 ,S ,
SM11857 ,S ,
SM11858 ,A ,
SM11859 ,S ,
SM11860 ,A ,
SM11861 ,S ,
SM11862 ,S ,
SM11863 ,S ,
SM11864 ,S ,
SM11865 ,A ,
SM11866 ,S ,
SM11867 ,S ,
SM11868 ,A ,
SM11869 ,S ,
SM11870 ,S ,
SM11871 ,S ,
SM11872 ,A ,
SM11873 ,S ,
SM11874 ,S ,
SM11875 ,A ,
SM11876 ,S ,
SM11877 ,S ,
SM11878 ,A ,
SM11879 ,A ,
SM11880 ,S ,
SM11881 ,S ,
SM11882 ,S ,
SM11883 ,S ,
SM11884 ,S ,
SM11885 ,S ,
SM11886 ,S ,
SM11887 ,S ,
SM11888 ,A ,
SM11889 ,A ,
SM11890 ,A ,
SM11891 ,A ,
SM11892 ,S ,
SM11893 ,S ,
SM11894 ,A ,
SM11895 ,S ,
SM11896 ,A ,
SM11897 ,A ,
SM11898 ,S ,
SM11899 ,A ,
SM11900 ,S ,
SM11901 ,S ,
SM11902 ,S ,
SM11903 ,A ,
SM11904 ,S ,
SM11905 ,S ,
SM11906 ,S ,
SM11907 ,S ,
SM11908 ,A ,
SM11909 ,S ,
SM11910 ,S ,
SM11911 ,S ,
SM11912 ,S ,
SM11913 ,S ,
SM11914 ,S ,
SM11916 ,S ,
SM11917 ,S ,
SM11918 ,A ,
SM11919 ,S ,
SM11920 ,A ,
SM11921 ,S ,
SM11922 ,S ,
SM11923 ,A ,
SM11925 ,A ,
SM11926 ,S ,
SM11927 ,S ,
SM11928 ,A ,
SM11929 ,S ,
SM11930 ,S ,
SM11931 ,S ,
SM11932 ,S ,
SM11933 ,S ,
SM11934 ,S ,
SM11935 ,S ,
SM11936 ,S ,
SM11937 ,A ,
SM11938 ,A ,
SM11939 ,S ,
SM11940 ,S ,
SM11941 ,S ,
SM11942 ,A ,
SM11943 ,A ,
SM11944 ,S ,
SM11946 ,A ,
SM11947 ,A ,
SM11948 ,S ,
SM11949 ,S ,
SM11950 ,S ,
SM11951 ,A ,
SM11952 ,A ,
SM11953 ,A ,
SM11954 ,S ,
SM11955 ,S ,
SM11956 ,A ,
SM11957 ,A ,
SM11958 ,S ,
SM11959 ,S ,
SM11960 ,S ,
SM11961 ,A ,
SM11962 ,S ,
SM11963 ,S ,
SM11964 ,S ,
SM11965 ,A ,
SM11966 ,A ,
SM11967 ,A ,
SM11968 ,S ,
SM11969 ,S ,
SM11970 ,A ,
SM11971 ,A ,
SM11972 ,A ,
SM11973 ,S ,
SM11974 ,A ,
SM11975 ,A ,
SM11976 ,S ,
SM11977 ,A ,
SM11978 ,S ,
SM11979 ,S ,
SM11980 ,S ,
SM11981 ,S ,
SM11982 ,A ,
SM11983 ,S ,
SM11984 ,A ,
SM11985 ,S ,
SM11986 ,S ,
SM11987 ,S ,
SM11988 ,S ,
SM11989 ,S ,
SM11990 ,A ,
SM11991 ,S ,
SM11992 ,S ,
SM11993 ,S ,
SM11994 ,S ,
SM11995 ,S ,
SM11996 ,S ,
SM11997 ,A ,
SM11998 ,A ,
SM11999 ,A ,
SM12000 ,S ,
SM12001 ,A ,
SM12002 ,A ,
SM12003 ,A ,
SM12004 ,S ,
SM12005 ,S ,
SM12007 ,A ,
SM12008 ,S ,
SM12009 ,A ,
SM12010 ,S ,
SM12011 ,S ,
SM12012 ,S ,
SM12013 ,S ,
SM12014 ,S ,
SM12015 ,S ,
SM12016 ,A ,
SM12017 ,S ,
SM12018 ,S ,
SM12019 ,S ,
SM12020 ,S ,
SM12021 ,S ,
SM12022 ,A ,
SM12023 ,S ,
SM12024 ,S ,
SM12025 ,S ,
SM12026 ,S ,
SM12027 ,S ,
SM12028 ,A ,
SM12029 ,A ,
SM12030 ,A ,
SM12031 ,A ,
SM12032 ,S ,
SM12033 ,S ,
SM12034 ,S ,
SM12035 ,S ,
SM12036 ,S ,
SM12037 ,S ,
SM12038 ,S ,
SM12039 ,S ,
SM12040 ,S ,
SM12041 ,S ,
SM12043 ,S ,
SM12044 ,S ,
SM12045 ,A ,
SM12046 ,S ,
SM12047 ,A ,
SM12048 ,S ,
SM12049 ,A ,
SM12050 ,S ,
SM12051 ,S ,
SM12052 ,S ,
SM12054 ,S ,
SM12055 ,A ,
SM12056 ,A ,
SM12057 ,S ,
SM12058 ,A ,
SM12059 ,S ,
SM12060 ,S ,
SM12061 ,S ,
SM12062 ,A ,
SM12063 ,A ,
SM12064 ,S ,
SM12065 ,A ,
SM12066 ,S ,
SM12067 ,S ,
SM12068 ,S ,
SM12069 ,S ,
SM12070 ,S ,
SM12071 ,A ,
SM12072 ,S ,
SM12073 ,S ,
SM12074 ,S ,
SM12075 ,S ,
SM12076 ,A ,
SM12077 ,S ,
SM12078 ,A ,
SM12079 ,S ,
SM12080 ,S ,
SM12081 ,A ,
SM12082 ,S ,
SM12083 ,A ,
SM12084 ,S ,
SM12085 ,S ,
SM12086 ,S ,
SM12087 ,S ,
SM12088 ,S ,
SM12089 ,S ,
SM12090 ,S ,
SM12091 ,A ,
SM12092 ,S ,
SM12093 ,A ,
SM12094 ,A ,
SM12095 ,A ,
SM12096 ,A ,
SM12097 ,S ,
SM12098 ,A ,
SM12099 ,S ,
SM12100 ,S ,
SM12101 ,S ,
SM12102 ,A ,
SM12103 ,S ,
SM12104 ,A ,
SM12105 ,S ,
SM12106 ,S ,
SM12108 ,S ,
SM12109 ,S ,
SM12110 ,S ,
SM12111 ,A ,
SM12112 ,S ,
SM12113 ,S ,
SM12114 ,S ,
SM12115 ,S ,
SM12116 ,S ,
SM12117 ,A ,
SM12118 ,S ,
SM12119 ,S ,
SM12120 ,S ,
SM12121 ,S ,
SM12122 ,S ,
SM12123 ,A ,
SM12124 ,S ,
SM12125 ,A ,
SM12126 ,S ,
SM12127 ,S ,
SM12128 ,A ,
SM12129 ,A ,
SM12130 ,S ,
SM12131 ,S ,
SM12133 ,S ,
SM12134 ,S ,
SM12135 ,S ,
SM12136 ,A ,
SM12137 ,S ,
SM12138 ,S ,
SM12139 ,A ,
SM12140 ,S ,
SM12141 ,S ,
SM12142 ,S ,
SM12143 ,S ,
SM12145 ,S ,
SM12146 ,A ,
SM12147 ,A ,
SM12148 ,S ,
SM12149 ,A ,
SM12150 ,A ,
SM12151 ,A ,
SM12152 ,S ,
SM12153 ,S ,
SM12154 ,S ,
SM12155 ,S ,
SM12156 ,S ,
SM12157 ,S ,
SM12158 ,A ,
SM12159 ,A ,
SM12160 ,S ,
SM12161 ,S ,
SM12162 ,S ,
SM12163 ,A ,
SM12164 ,S ,
SM12165 ,S ,
SM12166 ,S ,
SM12167 ,S ,
SM12168 ,S ,
SM12169 ,S ,
SM12170 ,A ,
SM12171 ,A ,
SM12172 ,A ,
SM12173 ,A ,
SM12174 ,A ,
SM12175 ,A ,
SM12176 ,S ,
SM12177 ,S ,
SM12178 ,A ,
SM12179 ,A ,
SM12180 ,S ,
SM12181 ,S ,
SM12182 ,A ,
SM12183 ,S ,
SM12184 ,S ,
SM12185 ,S ,
SM12186 ,S ,
SM12187 ,S ,
SM12188 ,S ,
SM12189 ,S ,
SM12190 ,S ,
SM12191 ,A ,
SM12192 ,A ,
SM12193 ,S ,
SM12194 ,S ,
SM12195 ,A ,
SM12196 ,A ,
SM12197 ,S ,
SM12199 ,S ,
SM12200 ,A ,
SM12201 ,S ,
SM12202 ,S ,
SM12203 ,A ,
SM12204 ,S ,
SM12205 ,S ,
SM12206 ,S ,
SM12207 ,S ,
SM12208 ,S ,
SM12209 ,A ,
SM12210 ,S ,
SM12211 ,S ,
SM12212 ,S ,
SM12213 ,A ,
SM12214 ,A ,
SM12215 ,S ,
SM12216 ,S ,
SM12217 ,A ,
SM12218 ,S ,
SM12219 ,S ,
SM12220 ,S ,
SM12221 ,S ,
SM12222 ,S ,
SM12223 ,A ,
SM12224 ,S ,
SM12225 ,S ,
SM12226 ,S ,
SM12227 ,S ,
SM12228 ,A ,
SM12229 ,S ,
SM12230 ,S ,
SM12231 ,S ,
SM12232 ,S ,
SM12233 ,A ,
SM12234 ,S ,
SM12235 ,A ,
SM12236 ,S ,
SM12237 ,A ,
SM12239 ,S ,
SM12240 ,S ,
SM12241 ,S ,
SM12242 ,A ,
SM12243 ,S ,
SM12245 ,A ,
SM12246 ,S ,
SM12247 ,S ,
SM12248 ,S ,
SM12249 ,S ,
SM12250 ,S ,
SM12251 ,A ,
SM12252 ,A ,
SM12253 ,S ,
SM12254 ,A ,
SM12255 ,S ,
SM12256 ,S ,
SM12257 ,S ,
SM12258 ,A ,
SM12259 ,A ,
SM12260 ,A ,
SM12261 ,S ,
SM12262 ,S ,
SM12263 ,S ,
SM12264 ,S ,
SM12265 ,A ,
SM12266 ,A ,
SM12267 ,S ,
SM12268 ,A ,
SM12269 ,A ,
SM12270 ,S ,
SM12271 ,S ,
SM12272 ,S ,
SM12273 ,A ,
SM12274 ,S ,
SM12275 ,A ,
SM12276 ,A ,
SM12277 ,S ,
SM12278 ,S ,
SM12279 ,A ,
SM12280 ,S ,
SM12281 ,S ,
SM12282 ,S ,
SM12283 ,A ,
SM12284 ,S ,
SM12285 ,A ,
SM12286 ,A ,
SM12287 ,S ,
SM12288 ,S ,
SM12289 ,S ,
SM12290 ,A ,
SM12291 ,S ,
SM12292 ,S ,
SM12293 ,S ,
SM12294 ,S ,
SM12295 ,S ,
SM12296 ,S ,
SM12297 ,S ,
SM12298 ,S ,
SM12299 ,A ,
SM12300 ,A ,
SM12301 ,A ,
SM12302 ,A ,
SM12303 ,S ,
SM12304 ,S ,
SM12305 ,S ,
SM12306 ,S ,
SM12307 ,A ,
SM12308 ,S ,
SM12309 ,S ,
SM12310 ,S ,
SM12311 ,S ,
SM12312 ,S ,
SM12313 ,S ,
SM12314 ,A ,
SM12315 ,A ,
SM12316 ,S ,
SM12317 ,S ,
SM12318 ,A ,
SM12319 ,S ,
SM12320 ,S ,
SM12321 ,A ,
SM12322 ,S ,
SM12323 ,S ,
SM12324 ,A ,
SM12325 ,S ,
SM12326 ,S ,
SM12327 ,A ,
SM12328 ,S ,
SM12329 ,S ,
SM12330 ,A ,
SM12331 ,S ,
SM12332 ,S ,
SM12333 ,S ,
SM12334 ,S ,
SM12335 ,S ,
SM12336 ,A ,
SM12337 ,S ,
SM12338 ,S ,
SM12339 ,S ,
SM12340 ,S ,
SM12341 ,S ,
SM12342 ,S ,
SM12343 ,A ,
SM12344 ,A ,
SM12345 ,S ,
SM12346 ,S ,
SM12347 ,S ,
SM12348 ,S ,
SM12349 ,A ,
SM12350 ,S ,
SM12351 ,S ,
SM12352 ,S ,
SM12353 ,S ,
SM12354 ,A ,
SM12355 ,A ,
SM12356 ,S ,
SM12357 ,A ,
SM12358 ,A ,
SM12359 ,S ,
SM12360 ,S ,
SM12361 ,S ,
SM12362 ,S ,
SM12363 ,S ,
SM12364 ,S ,
SM12365 ,S ,
SM12366 ,S ,
SM12367 ,S ,
SM12368 ,A ,
SM12369 ,A ,
SM12370 ,S ,
SM12371 ,S ,
SM12372 ,S ,
SM12373 ,S ,
SM12374 ,S ,
SM12375 ,A ,
SM12376 ,S ,
SM12377 ,S ,
SM12378 ,S ,
SM12379 ,S ,
SM12380 ,S ,
SM12381 ,S ,
SM12382 ,S ,
SM12383 ,S ,
SM12384 ,A ,
SM12385 ,S ,
SM12386 ,S ,
SM12387 ,A ,
SM12388 ,A ,
SM12389 ,S ,
SM12390 ,S ,
SM12391 ,A ,
SM12392 ,S ,
SM12393 ,A ,
SM12394 ,S ,
SM12395 ,A ,
SM12396 ,S ,
SM12397 ,A ,
SM12398 ,S ,
SM12399 ,S ,
SM12400 ,S ,
SM12401 ,S ,
SM12402 ,S ,
SM12403 ,S ,
SM12404 ,S ,
SM12405 ,S ,
SM12406 ,S ,
SM12407 ,A ,
SM12408 ,S ,
SM12409 ,A ,
SM12410 ,A ,
SM12411 ,S ,
SM12412 ,S ,
SM12413 ,S ,
SM12414 ,S ,
SM12415 ,S ,
SM12416 ,S ,
SM12417 ,A ,
SM12418 ,S ,
SM12419 ,S ,
SM12420 ,A ,
SM12421 ,A ,
SM12422 ,S ,
SM12423 ,S ,
SM12424 ,A ,
SM12425 ,A ,
SM12426 ,S ,
SM12427 ,S ,
SM12428 ,S ,
SM12429 ,S ,
SM12430 ,S ,
SM12431 ,S ,
SM12432 ,S ,
SM12433 ,S ,
SM12434 ,A ,
SM12435 ,A ,
SM12436 ,S ,
SM12437 ,S ,
SM12438 ,S ,
SM12439 ,S ,
SM12440 ,A ,
SM12441 ,A ,
SM12442 ,S ,
SM12443 ,A ,
SM12444 ,S ,
SM12445 ,S ,
SM12446 ,A ,
SM12447 ,A ,
SM12448 ,S ,
SM12449 ,S ,
SM12450 ,S ,
SM12451 ,S ,
SM12452 ,S ,
SM12453 ,S ,
SM12454 ,A ,
SM12455 ,A ,
SM12456 ,S ,
SM12458 ,S ,
SM12459 ,S ,
SM12460 ,S ,
SM12461 ,S ,
SM12462 ,S ,
SM12463 ,S ,
SM12464 ,A ,
SM12465 ,S ,
SM12466 ,S ,
SM12467 ,S ,
SM12468 ,A ,
SM12469 ,A ,
SM12470 ,S ,
SM12471 ,A ,
SM12472 ,A ,
SM12473 ,S ,
SM12474 ,S ,
SM12475 ,S ,
SM12476 ,S ,
SM12477 ,A ,
SM12478 ,S ,
SM12479 ,S ,
SM12480 ,S ,
SM12482 ,S ,
SM12483 ,A ,
SM12484 ,S ,
SM12485 ,S ,
SM12486 ,A ,
SM12487 ,S ,
SM12488 ,S ,
SM12489 ,S ,
SM12490 ,S ,
SM12491 ,S ,
SM12492 ,S ,
SM12493 ,S ,
SM12494 ,A ,
SM12495 ,S ,
SM12496 ,S ,
SM12497 ,A ,
SM12498 ,S ,
SM12499 ,S ,
SM12500 ,S ,
SM12501 ,S ,
SM12502 ,S ,
SM12503 ,A ,
SM12504 ,S ,
SM12505 ,S ,
SM12506 ,S ,
SM12507 ,S ,
SM12508 ,S ,
SM12509 ,S ,
SM12510 ,S ,
SM12511 ,S ,
SM12512 ,A ,
SM12513 ,S ,
SM12514 ,S ,
SM12515 ,S ,
SM12516 ,S ,
SM12517 ,S ,
SM12518 ,S ,
SM12519 ,A ,
SM12520 ,S ,
SM12521 ,S ,
SM12522 ,A ,
SM12523 ,A ,
SM12524 ,S ,
SM12525 ,S ,
SM12526 ,S ,
SM12527 ,S ,
SM12528 ,S ,
SM12529 ,S ,
SM12530 ,S ,
SM12531 ,S ,
SM12532 ,S ,
SM12533 ,S ,
SM12534 ,S ,
SM12535 ,S ,
SM12536 ,A ,
SM12537 ,S ,
SM12538 ,S ,
SM12539 ,S ,
SM12540 ,A ,
SM12541 ,S ,
SM12542 ,S ,
SM12543 ,A ,
SM12544 ,S ,
SM12545 ,A ,
SM12546 ,S ,
SM12547 ,S ,
SM12548 ,S ,
SM12549 ,S ,
SM12550 ,S ,
SM12551 ,S ,
SM12552 ,S ,
SM12553 ,S ,
SM12554 ,S ,
SM12555 ,A ,
SM12556 ,S ,
SM12557 ,S ,
SM12558 ,S ,
SM12559 ,S ,
SM12560 ,S ,
SM12561 ,S ,
SM12562 ,S ,
SM12563 ,A ,
SM12564 ,A ,
SM12565 ,S ,
SM12566 ,S ,
SM12567 ,S ,
SM12568 ,S ,
SM12569 ,S ,
SM12571 ,S ,
SM12572 ,A ,
SM12573 ,A ,
SM12574 ,S ,
SM12575 ,S ,
SM12576 ,S ,
SM12577 ,A ,
SM12578 ,A ,
SM12579 ,S ,
SM12580 ,S ,
SM12581 ,S ,
SM12582 ,S ,
SM12583 ,A ,
SM12584 ,S ,
SM12585 ,A ,
SM12586 ,A ,
SM12587 ,S ,
SM12588 ,S ,
SM12589 ,S ,
SM12590 ,S ,
SM12591 ,S ,
SM12592 ,S ,
SM12593 ,A ,
SM12594 ,S ,
SM12595 ,S ,
SM12596 ,S ,
SM12597 ,S ,
SM12598 ,A ,
SM12599 ,S ,
SM12600 ,S ,
SM12601 ,A ,
SM12602 ,S ,
SM12603 ,S ,
SM12604 ,S ,
SM12605 ,S ,
SM12606 ,S ,
SM12607 ,S ,
SM12608 ,S ,
SM12609 ,A ,
SM12610 ,S ,
SM12611 ,S ,
SM12612 ,S ,
SM12613 ,A ,
SM12614 ,S ,
SM12615 ,A ,
SM12616 ,S ,
SM12617 ,S ,
SM12618 ,A ,
SM12619 ,A ,
SM12620 ,S ,
SM12621 ,S ,
SM12622 ,S ,
SM12623 ,S ,
SM12624 ,S ,
SM12625 ,S ,
SM12626 ,A ,
SM12627 ,S ,
SM12628 ,S ,
SM12629 ,S ,
SM12630 ,S ,
SM12631 ,S ,
SM12632 ,S ,
SM12633 ,S ,
SM12634 ,S ,
SM12635 ,S ,
SM12636 ,S ,
SM12637 ,S ,
SM12638 ,S ,
SM12639 ,S ,
SM12640 ,S ,
SM12641 ,S ,
SM12642 ,S ,
SM12643 ,A ,
SM12644 ,S ,
SM12645 ,S ,
SM12646 ,A ,
SM12647 ,S ,
SM12648 ,A ,
SM12649 ,S ,
SM12650 ,S ,
SM12651 ,S ,
SM12652 ,A ,
SM12653 ,S ,
SM12654 ,S ,
SM12655 ,S ,
SM12656 ,S ,
SM12657 ,S ,
SM12659 ,S ,
SM12660 ,S ,
SM12661 ,S ,
SM12662 ,S ,
SM12663 ,S ,
SM12664 ,S ,
SM12665 ,S ,
SM12666 ,S ,
SM12667 ,S ,
SM12668 ,S ,
SM12669 ,S ,
SM12670 ,A ,
SM12671 ,S ,
SM12672 ,S ,
SM12673 ,S ,
SM12674 ,A ,
SM12675 ,A ,
SM12676 ,S ,
SM12677 ,A ,
SM12678 ,S ,
SM12679 ,A ,
SM12680 ,S ,
SM12681 ,S ,
SM12682 ,A ,
SM12683 ,S ,
SM12684 ,S ,
SM12685 ,S ,
SM12686 ,S ,
SM12687 ,S ,
SM12688 ,S ,
SM12689 ,S ,
SM12690 ,S ,
SM12691 ,A ,
SM12692 ,A ,
SM12693 ,S ,
SM12694 ,S ,
SM12695 ,S ,
SM12696 ,S ,
SM12697 ,S ,
SM12698 ,S ,
SM12699 ,S ,
SM12700 ,S ,
SM12701 ,S ,
SM12702 ,S ,
SM12703 ,S ,
SM12704 ,S ,
SM12705 ,S ,
SM12706 ,S ,
SM12707 ,S ,
SM12708 ,A ,
SM12709 ,S ,
SM12710 ,A ,
SM12711 ,A ,
SM12712 ,S ,
SM12713 ,S ,
SM12714 ,S ,
SM12715 ,A ,
SM12716 ,S ,
SM12717 ,S ,
SM12718 ,S ,
SM12719 ,S ,
SM12720 ,S ,
SM12721 ,S ,
SM12722 ,S ,
SM12723 ,S ,
SM12724 ,S ,
SM12725 ,S ,
SM12726 ,S ,
SM12727 ,S ,
SM12728 ,S ,
SM12729 ,S ,
SM12730 ,S ,
SM12731 ,S ,
SM12732 ,S ,
SM12734 ,S ,
SM12735 ,S ,
SM12736 ,S ,
SM12737 ,S ,
SM12738 ,S ,
SM12739 ,S ,
SM12740 ,S ,
SM12741 ,S ,
SM12742 ,S ,
SM12743 ,S ,
SM12744 ,A ,
SM12745 ,S ,
SM12746 ,S ,
SM12747 ,S ,
SM12748 ,S ,
SM12749 ,A ,
SM12750 ,S ,
SM12751 ,S ,
SM12752 ,A ,
SM12753 ,S ,
SM12754 ,A ,
SM12755 ,S ,
SM12756 ,S ,
SM12757 ,S ,
SM12758 ,S ,
SM12759 ,S ,
SM12760 ,S ,
SM12761 ,A ,
SM12762 ,S ,
SM12763 ,S ,
SM12764 ,S ,
SM12765 ,S ,
SM12766 ,S ,
SM12767 ,S ,
SM12768 ,S ,
SM12769 ,S ,
SM12770 ,S ,
SM12771 ,S ,
SM12772 ,S ,
SM12773 ,S ,
SM12774 ,A ,
SM12775 ,A ,
SM12776 ,A ,
SM12777 ,S ,
SM12778 ,S ,
SM12779 ,S ,
SM12780 ,S ,
SM12781 ,S ,
SM12782 ,A ,
SM12783 ,S ,
SM12784 ,S ,
SM12785 ,S ,
SM12786 ,A ,
SM12787 ,S ,
SM12788 ,A ,
SM12789 ,S ,
SM12790 ,S ,
SM12791 ,S ,
SM12792 ,S ,
SM12793 ,S ,
SM12794 ,S ,
SM12795 ,S ,
SM12796 ,A ,
SM12797 ,S ,
SM12798 ,S ,
SM12799 ,A ,
SM12800 ,S ,
SM12801 ,A ,
SM12802 ,S ,
SM12803 ,S ,
SM12804 ,S ,
SM12805 ,S ,
SM12806 ,S ,
SM12807 ,A ,
SM12808 ,S ,
SM12809 ,S ,
SM12810 ,A ,
SM12811 ,A ,
SM12812 ,S ,
SM12813 ,S ,
SM12814 ,S ,
SM12815 ,S ,
SM12816 ,S ,
SM12817 ,S ,
SM12818 ,S ,
SM12819 ,S ,
SM12820 ,S ,
SM12821 ,S ,
SM12822 ,A ,
SM12823 ,S ,
SM12824 ,S ,
SM12825 ,S ,
SM12826 ,S ,
SM12827 ,S ,
SM12828 ,S ,
SM12829 ,S ,
SM12830 ,S ,
SM12832 ,S ,
SM12833 ,S ,
SM12834 ,A ,
SM12835 ,A ,
SM12836 ,S ,
SM12837 ,S ,
SM12838 ,S ,
SM12839 ,S ,
SM12840 ,S ,
SM12841 ,A ,
SM12842 ,S ,
SM12843 ,S ,
SM12844 ,S ,
SM12845 ,A ,
SM12846 ,S ,
SM12847 ,S ,
SM12848 ,S ,
SM12849 ,S ,
SM12850 ,S ,
SM12851 ,S ,
SM12852 ,A ,
SM12853 ,S ,
SM12854 ,S ,
SM12855 ,S ,
SM12856 ,S ,
SM12857 ,A ,
SM12858 ,S ,
SM12859 ,S ,
SM12860 ,A ,
SM12861 ,S ,
SM12862 ,S ,
SM12863 ,S ,
SM12864 ,S ,
SM12865 ,S ,
SM12866 ,S ,
SM12867 ,S ,
SM12868 ,S ,
SM12869 ,S ,
SM12870 ,S ,
SM12871 ,S ,
SM12872 ,A ,
SM12873 ,S ,
SM12874 ,S ,
SM12875 ,A ,
SM12876 ,A ,
SM12877 ,A ,
SM12878 ,S ,
SM12879 ,S ,
SM12880 ,S ,
SM12881 ,A ,
SM12882 ,S ,
SM12883 ,S ,
SM12884 ,S ,
SM12885 ,S ,
SM12886 ,S ,
SM12887 ,A ,
SM12888 ,A ,
SM12889 ,S ,
SM12890 ,S ,
SM12891 ,S ,
SM12892 ,A ,
SM12893 ,S ,
SM12894 ,S ,
SM12895 ,S ,
SM12896 ,S ,
SM12897 ,S ,
SM12898 ,A ,
SM12899 ,S ,
SM12900 ,A ,
SM12901 ,S ,
SM12902 ,S ,
SM12903 ,S ,
SM12904 ,A ,
SM12905 ,S ,
SM12906 ,S ,
SM12907 ,S ,
SM12908 ,A ,
SM12909 ,S ,
SM12910 ,A ,
SM12911 ,A ,
SM12912 ,S ,
SM12913 ,S ,
SM12914 ,S ,
SM12915 ,A ,
SM12916 ,S ,
SM12917 ,S ,
SM12918 ,S ,
SM12919 ,S ,
SM12920 ,A ,
SM12921 ,S ,
SM12922 ,A ,
SM12923 ,S ,
SM12924 ,S ,
SM12925 ,A ,
SM12926 ,S ,
SM12927 ,S ,
SM12928 ,S ,
SM12929 ,S ,
SM12930 ,S ,
SM12932 ,S ,
SM12933 ,S ,
SM12934 ,S ,
SM12935 ,S ,
SM12936 ,A ,
SM12937 ,S ,
SM12938 ,S ,
SM12939 ,S ,
SM12940 ,A ,
SM12941 ,S ,
SM12942 ,S ,
SM12943 ,S ,
SM12944 ,S ,
SM12945 ,A ,
SM12946 ,S ,
SM12947 ,S ,
SM12948 ,S ,
SM12949 ,S ,
SM12950 ,S ,
SM12951 ,S ,
SM12952 ,A ,
SM12953 ,S ,
SM12954 ,S ,
SM12955 ,S ,
SM12956 ,S ,
SM12957 ,S ,
SM12958 ,S ,
SM12959 ,S ,
SM12960 ,S ,
SM12961 ,S ,
SM12962 ,S ,
SM12963 ,A ,
SM12964 ,A ,
SM12965 ,A ,
SM12966 ,S ,
SM12967 ,S ,
SM12968 ,A ,
SM12969 ,S ,
SM12970 ,S ,
SM12971 ,S ,
SM12972 ,S ,
SM12973 ,A ,
SM12974 ,S ,
SM12975 ,S ,
SM12976 ,S ,
SM12977 ,S ,
SM12978 ,A ,
SM12979 ,S ,
SM12980 ,S ,
SM12981 ,A ,
SM12982 ,S ,
SM12983 ,S ,
SM12984 ,A ,
SM12985 ,A ,
SM12986 ,S ,
SM12987 ,S ,
SM12988 ,S ,
SM12989 ,S ,
SM12990 ,S ,
SM12991 ,S ,
SM12992 ,S ,
SM12993 ,S ,
SM12994 ,S ,
SM12995 ,S ,
SM12996 ,A ,
SM12997 ,S ,
SM12998 ,A ,
SM12999 ,S ,
SM13000 ,S ,
SM13001 ,A ,
SM13002 ,A ,
SM13003 ,S ,
SM13004 ,A ,
SM13005 ,S ,
SM13006 ,S ,
SM13007 ,S ,
SM13008 ,S ,
SM13009 ,S ,
SM13010 ,S ,
SM13011 ,A ,
SM13012 ,S ,
SM13013 ,S ,
SM13014 ,S ,
SM13015 ,A ,
SM13016 ,A ,
SM13018 ,S ,
SM13019 ,A ,
SM13020 ,S ,
SM13021 ,S ,
SM13022 ,S ,
SM13023 ,A ,
SM13024 ,S ,
SM13025 ,S ,
SM13026 ,S ,
SM13027 ,S ,
SM13028 ,S ,
SM13029 ,S ,
SM13030 ,S ,
SM13031 ,A ,
SM13032 ,S ,
SM13033 ,S ,
SM13034 ,S ,
SM13035 ,A ,
SM13036 ,S ,
SM13037 ,S ,
SM13038 ,S ,
SM13039 ,S ,
SM13040 ,S ,
SM13041 ,A ,
SM13042 ,S ,
SM13043 ,S ,
SM13044 ,S ,
SM13045 ,S ,
SM13046 ,A ,
SM13047 ,S ,
SM13048 ,S ,
SM13049 ,S ,
SM13050 ,A ,
SM13051 ,A ,
SM13052 ,S ,
SM13053 ,S ,
SM13054 ,S ,
SM13055 ,A ,
SM13056 ,S ,
SM13057 ,A ,
SM13058 ,A ,
SM13059 ,A ,
SM13060 ,S ,
SM13061 ,S ,
SM13062 ,S ,
SM13063 ,S ,
SM13064 ,S ,
SM13065 ,S ,
SM13066 ,S ,
SM13067 ,S ,
SM13068 ,A ,
SM13069 ,A ,
SM13070 ,S ,
SM13071 ,A ,
SM13072 ,S ,
SM13073 ,S ,
SM13074 ,A ,
SM13075 ,S ,
SM13076 ,S ,
SM13077 ,A ,
SM13078 ,S ,
SM13079 ,S ,
SM13080 ,S ,
SM13081 ,S ,
SM13082 ,S ,
SM13083 ,S ,
SM13084 ,S ,
SM13085 ,S ,
SM13086 ,A ,
SM13087 ,S ,
SM13088 ,S ,
SM13090 ,A ,
SM13091 ,S ,
SM13092 ,S ,
SM13093 ,S ,
SM13094 ,S ,
SM13095 ,S ,
SM13096 ,S ,
SM13097 ,S ,
SM13098 ,S ,
SM13099 ,S ,
SM13100 ,S ,
SM13101 ,S ,
SM13102 ,A ,
SM13103 ,S ,
SM13104 ,S ,
SM13105 ,S ,
SM13106 ,A ,
SM13107 ,S ,
SM13108 ,S ,
SM13109 ,A ,
SM13110 ,S ,
SM13111 ,A ,
SM13112 ,A ,
SM13113 ,S ,
SM13114 ,S ,
SM13115 ,S ,
SM13116 ,S ,
SM13117 ,A ,
SM13118 ,S ,
SM13119 ,S ,
SM13120 ,S ,
SM13121 ,S ,
SM13122 ,A ,
SM13123 ,S ,
SM13124 ,S ,
SM13125 ,S ,
SM13126 ,A ,
SM13127 ,S ,
SM13128 ,S ,
SM13129 ,S ,
SM13130 ,S ,
SM13131 ,S ,
SM13132 ,S ,
SM13133 ,S ,
SM13134 ,S ,
SM13135 ,A ,
SM13136 ,S ,
SM13137 ,S ,
SM13139 ,S ,
SM13140 ,S ,
SM13141 ,A ,
SM13142 ,S ,
SM13143 ,S ,
SM13144 ,A ,
SM13145 ,S ,
SM13146 ,A ,
SM13147 ,S ,
SM13148 ,S ,
SM13149 ,S ,
SM13150 ,A ,
SM13151 ,S ,
SM13152 ,S ,
SM13153 ,A ,
SM13154 ,S ,
SM13155 ,S ,
SM13156 ,S ,
SM13157 ,S ,
SM13158 ,S ,
SM13159 ,S ,
SM13160 ,S ,
SM13161 ,S ,
SM13162 ,S ,
SM13163 ,S ,
SM13164 ,S ,
SM13165 ,S ,
SM13166 ,A ,
SM13167 ,S ,
SM13168 ,S ,
SM13169 ,S ,
SM13170 ,S ,
SM13171 ,S ,
SM13172 ,S ,
SM13174 ,S ,
SM13175 ,S ,
SM13178 ,S ,
SM13179 ,A ,
SM13180 ,S ,
SM13181 ,S ,
SM13182 ,S ,
SM13183 ,S ,
SM13184 ,S ,
SM13185 ,S ,
SM13186 ,A ,
SM13187 ,S ,
SM13188 ,S ,
SM13189 ,A ,
SM13190 ,S ,
SM13191 ,A ,
SM13192 ,A ,
SM13193 ,S ,
SM13194 ,S ,
SM13195 ,S ,
SM13196 ,S ,
SM13197 ,A ,
SM13198 ,S ,
SM13199 ,A ,
SM13200 ,S ,
SM13201 ,S ,
SM13202 ,S ,
SM13203 ,S ,
SM13204 ,A ,
SM13205 ,S ,
SM13206 ,S ,
SM13207 ,S ,
SM13208 ,S ,
SM13209 ,A ,
SM13210 ,S ,
SM13211 ,S ,
SM13212 ,S ,
SM13213 ,S ,
SM13214 ,S ,
SM13215 ,S ,
SM13216 ,A ,
SM13217 ,S ,
SM13218 ,S ,
SM13219 ,S ,
SM13220 ,A ,
SM13221 ,S ,
SM13222 ,S ,
SM13223 ,S ,
SM13224 ,S ,
SM13225 ,S ,
SM13226 ,A ,
SM13227 ,S ,
SM13228 ,S ,
SM13229 ,S ,
SM13230 ,S ,
SM13231 ,S ,
SM13232 ,S ,
SM13233 ,S ,
SM13234 ,S ,
SM13235 ,S ,
SM13236 ,S ,
SM13237 ,S ,
SM13238 ,S ,
SM13239 ,S ,
SM13240 ,A ,
SM13241 ,S ,
SM13242 ,S ,
SM13243 ,S ,
SM13244 ,A ,
SM13245 ,S ,
SM13246 ,A ,
SM13247 ,S ,
SM13248 ,S ,
SM13249 ,A ,
SM13250 ,A ,
SM13251 ,A ,
SM13252 ,S ,
SM13253 ,S ,
SM13254 ,S ,
SM13255 ,S ,
SM13256 ,S ,
SM13257 ,S ,
SM13258 ,A ,
SM13259 ,A ,
SM13260 ,S ,
SM13261 ,S ,
SM13262 ,S ,
SM13263 ,S ,
SM13264 ,S ,
SM13265 ,S ,
SM13266 ,A ,
SM13267 ,S ,
SM13268 ,S ,
SM13269 ,A ,
SM13270 ,S ,
SM13271 ,S ,
SM13272 ,A ,
SM13273 ,S ,
SM13274 ,S ,
SM13275 ,S ,
SM13276 ,S ,
SM13277 ,S ,
SM13278 ,S ,
SM13279 ,S ,
SM13280 ,S ,
SM13281 ,S ,
SM13282 ,S ,
SM13283 ,A ,
SM13284 ,S ,
SM13285 ,A ,
SM13286 ,S ,
SM13287 ,A ,
SM13288 ,S ,
SM13289 ,S ,
SM13290 ,S ,
SM13291 ,S ,
SM13292 ,A ,
SM13293 ,A ,
SM13294 ,S ,
SM13295 ,S ,
SM13296 ,A ,
SM13297 ,A ,
SM13298 ,S ,
SM13299 ,S ,
SM13300 ,S ,
SM13301 ,S ,
SM13302 ,S ,
SM13303 ,S ,
SM13304 ,S ,
SM13305 ,S ,
SM13306 ,S ,
SM13307 ,A ,
SM13308 ,S ,
SM13309 ,S ,
SM13310 ,A ,
SM13311 ,S ,
SM13312 ,S ,
SM13313 ,S ,
SM13315 ,S ,
SM13316 ,S ,
SM13317 ,S ,
SM13318 ,S ,
SM13319 ,S ,
SM13320 ,S ,
SM13321 ,A ,
SM13322 ,S ,
SM13323 ,A ,
SM13324 ,S ,
SM13325 ,S ,
SM13326 ,S ,
SM13327 ,A ,
SM13328 ,S ,
SM13329 ,S ,
SM13330 ,S ,
SM13331 ,S ,
SM13332 ,S ,
SM13333 ,A ,
SM13334 ,S ,
SM13335 ,S ,
SM13336 ,S ,
SM13337 ,S ,
SM13338 ,S ,
SM13339 ,S ,
SM13340 ,S ,
SM13341 ,A ,
SM13342 ,S ,
SM13343 ,A ,
SM13344 ,S ,
SM13345 ,S ,
SM13346 ,S ,
SM13347 ,S ,
SM13348 ,A ,
SM13349 ,S ,
SM13350 ,A ,
SM13351 ,S ,
SM13352 ,S ,
SM13353 ,S ,
SM13354 ,S ,
SM13355 ,A ,
SM13356 ,S ,
SM13357 ,S ,
SM13358 ,S ,
SM13359 ,S ,
SM13360 ,S ,
SM13361 ,S ,
SM13362 ,S ,
SM13363 ,S ,
SM13364 ,S ,
SM13365 ,S ,
SM13366 ,S ,
SM13367 ,S ,
SM13368 ,A ,
SM13369 ,S ,
SM13370 ,S ,
SM13371 ,S ,
SM13372 ,S ,
SM13373 ,S ,
SM13374 ,S ,
SM13375 ,S ,
SM13377 ,A ,
SM13378 ,S ,
SM13379 ,S ,
SM13380 ,S ,
SM13381 ,S ,
SM13382 ,S ,
SM13383 ,A ,
SM13384 ,S ,
SM13385 ,S ,
SM13386 ,A ,
SM13387 ,S ,
SM13388 ,S ,
SM13389 ,S ,
SM13390 ,S ,
SM13391 ,A ,
SM13392 ,A ,
SM13393 ,S ,
SM13394 ,S ,
SM13395 ,S ,
SM13396 ,S ,
SM13397 ,A ,
SM13398 ,S ,
SM13399 ,S ,
SM13400 ,S ,
SM13401 ,S ,
SM13402 ,S ,
SM13403 ,S ,
SM13404 ,S ,
SM13405 ,S ,
SM13406 ,S ,
SM13407 ,S ,
SM13408 ,S ,
SM13409 ,S ,
SM13410 ,A ,
SM13411 ,S ,
SM13412 ,S ,
SM13413 ,A ,
SM13414 ,S ,
SM13415 ,S ,
SM13416 ,S ,
SM13417 ,S ,
SM13418 ,A ,
SM13419 ,S ,
SM13420 ,S ,
SM13421 ,A ,
SM13422 ,S ,
SM13423 ,S ,
SM13424 ,S ,
SM13425 ,S ,
SM13426 ,S ,
SM13427 ,A ,
SM13428 ,S ,
SM13429 ,S ,
SM13430 ,S ,
SM13431 ,S ,
SM13432 ,S ,
SM13433 ,S ,
SM13434 ,S ,
SM13435 ,S ,
SM13436 ,S ,
SM13437 ,A ,
SM13438 ,S ,
SM13439 ,A ,
SM13441 ,S ,
SM13442 ,S ,
SM13443 ,A ,
SM13444 ,S ,
SM13445 ,S ,
SM13446 ,S ,
SM13447 ,S ,
SM13448 ,S ,
SM13449 ,S ,
SM13450 ,S ,
SM13451 ,S ,
SM13452 ,S ,
SM13453 ,A ,
SM13454 ,A ,
SM13455 ,S ,
SM13456 ,S ,
SM13457 ,S ,
SM13458 ,S ,
SM13459 ,S ,
SM13460 ,S ,
SM13461 ,S ,
SM13462 ,S ,
SM13463 ,S ,
SM13464 ,S ,
SM13465 ,S ,
SM13466 ,S ,
SM13467 ,S ,
SM13468 ,S ,
SM13469 ,S ,
SM13470 ,A ,
SM13471 ,S ,
SM13472 ,S ,
SM13473 ,S ,
SM13474 ,A ,
SM13475 ,S ,
SM13476 ,S ,
SM13477 ,S ,
SM13478 ,S ,
SM13479 ,S ,
SM13480 ,A ,
SM13481 ,A ,
SM13482 ,A ,
SM13483 ,S ,
SM13484 ,S ,
SM13485 ,S ,
SM13486 ,S ,
SM13487 ,S ,
SM13488 ,S ,
SM13489 ,S ,
SM13490 ,S ,
SM13491 ,A ,
SM13492 ,S ,
SM13493 ,A ,
SM13494 ,S ,
SM13495 ,S ,
SM13496 ,S ,
SM13497 ,S ,
SM13498 ,S ,
SM13499 ,S ,
SM13500 ,S ,
SM13501 ,S ,
SM13502 ,S ,
SM13503 ,S ,
SM13504 ,A ,
SM13505 ,S ,
SM13506 ,S ,
SM13507 ,S ,
SM13508 ,S ,
SM13509 ,S ,
SM13510 ,A ,
SM13511 ,A ,
SM13512 ,S ,
SM13513 ,S ,
SM13514 ,A ,
SM13515 ,S ,
SM13516 ,S ,
SM13517 ,A ,
SM13518 ,A ,
SM13519 ,S ,
SM13520 ,S ,
SM13521 ,S ,
SM13522 ,S ,
SM13523 ,S ,
SM13524 ,S ,
SM13525 ,S ,
SM13526 ,S ,
SM13527 ,S ,
SM13528 ,A ,
SM13529 ,S ,
SM13530 ,S ,
SM13531 ,S ,
SM13532 ,S ,
SM13533 ,A ,
SM13534 ,S ,
SM13535 ,A ,
SM13536 ,S ,
SM13537 ,S ,
SM13538 ,S ,
SM13539 ,S ,
SM13540 ,A ,
SM13541 ,S ,
SM13542 ,S ,
SM13543 ,S ,
SM13544 ,A ,
SM13545 ,S ,
SM13546 ,S ,
SM13547 ,S ,
SM13548 ,A ,
SM13549 ,S ,
SM13550 ,S ,
SM13551 ,A ,
SM13552 ,S ,
SM13553 ,A ,
SM13554 ,S ,
SM13555 ,S ,
SM13556 ,S ,
SM13557 ,A ,
SM13558 ,S ,
SM13559 ,S ,
SM13560 ,A ,
SM13561 ,S ,
SM13562 ,S ,
SM13563 ,S ,
SM13564 ,S ,
SM13565 ,S ,
SM13566 ,S ,
SM13567 ,S ,
SM13568 ,A ,
SM13569 ,A ,
SM13570 ,S ,
SM13571 ,A ,
SM13572 ,S ,
SM13574 ,S ,
SM13575 ,S ,
SM13576 ,A ,
SM13577 ,S ,
SM13578 ,A ,
SM13579 ,S ,
SM13580 ,S ,
SM13581 ,A ,
SM13582 ,A ,
SM13583 ,A ,
SM13584 ,S ,
SM13585 ,A ,
SM13586 ,S ,
SM13587 ,A ,
SM13588 ,A ,
SM13589 ,S ,
SM13590 ,S ,
SM13591 ,S ,
SM13592 ,S ,
SM13593 ,A ,
SM13594 ,A ,
SM13595 ,S ,
SM13596 ,S ,
SM13597 ,S ,
SM13598 ,S ,
SM13599 ,S ,
SM13600 ,S ,
SM13601 ,S ,
SM13602 ,A ,
SM13603 ,S ,
SM13604 ,S ,
SM13605 ,S ,
SM13606 ,A ,
SM13607 ,S ,
SM13608 ,S ,
SM13609 ,S ,
SM13610 ,S ,
SM13611 ,A ,
SM13612 ,S ,
SM13613 ,A ,
SM13614 ,A ,
SM13615 ,S ,
SM13616 ,S ,
SM13617 ,S ,
SM13618 ,S ,
SM13619 ,S ,
SM13620 ,A ,
SM13621 ,A ,
SM13622 ,S ,
SM13623 ,S ,
SM13624 ,S ,
SM13625 ,A ,
SM13626 ,S ,
SM13627 ,A ,
SM13628 ,S ,
SM13629 ,S ,
SM13630 ,S ,
SM13631 ,S ,
SM13632 ,S ,
SM13633 ,S ,
SM13634 ,S ,
SM13635 ,S ,
SM13636 ,S ,
SM13637 ,S ,
SM13638 ,A ,
SM13639 ,S ,
SM13640 ,S ,
SM13641 ,S ,
SM13642 ,S ,
SM13643 ,S ,
SM13644 ,S ,
SM13645 ,S ,
SM13646 ,A ,
SM13647 ,S ,
SM13648 ,S ,
SM13649 ,S ,
SM13650 ,S ,
SM13651 ,S ,
SM13652 ,A ,
SM13653 ,S ,
SM13654 ,S ,
SM13655 ,S ,
SM13656 ,S ,
SM13657 ,A ,
SM13658 ,S ,
SM13659 ,S ,
SM13660 ,S ,
SM13661 ,A ,
SM13662 ,S ,
SM13663 ,S ,
SM13664 ,S ,
SM13665 ,A ,
SM13666 ,S ,
SM13667 ,S ,
SM13668 ,S ,
SM13669 ,S ,
SM13670 ,S ,
SM13671 ,S ,
SM13672 ,S ,
SM13673 ,S ,
SM13674 ,A ,
SM13675 ,A ,
SM13676 ,S ,
SM13677 ,S ,
SM13678 ,S ,
SM13679 ,S ,
SM13680 ,S ,
SM13681 ,S ,
SM13682 ,S ,
SM13683 ,S ,
SM13684 ,S ,
SM13685 ,S ,
SM13686 ,S ,
SM13687 ,S ,
SM13688 ,S ,
SM13689 ,S ,
SM13690 ,S ,
SM13691 ,S ,
SM13692 ,S ,
SM13693 ,A ,
SM13694 ,S ,
SM13695 ,S ,
SM13696 ,S ,
SM13697 ,S ,
SM13698 ,S ,
SM13699 ,S ,
SM13700 ,S ,
SM13701 ,S ,
SM13702 ,S ,
SM13703 ,S ,
SM13704 ,S ,
SM13705 ,S ,
SM13706 ,S ,
SM13707 ,S ,
SM13708 ,S ,
SM13709 ,S ,
SM13710 ,S ,
SM13711 ,S ,
SM13712 ,A ,
SM13713 ,S ,
SM13714 ,S ,
SM13715 ,S ,
SM13716 ,S ,
SM13717 ,S ,
SM13718 ,S ,
SM13719 ,S ,
SM13720 ,S ,
SM13721 ,A ,
SM13722 ,S ,
SM13723 ,S ,
SM13724 ,S ,
SM13725 ,S ,
SM13726 ,S ,
SM13727 ,S ,
SM13728 ,S ,
SM13729 ,S ,
SM13730 ,S ,
SM13731 ,S ,
SM13732 ,S ,
SM13733 ,A ,
SM13734 ,A ,
SM13735 ,S ,
SM13736 ,S ,
SM13737 ,S ,
SM13738 ,S ,
SM13739 ,S ,
SM13740 ,S ,
SM13741 ,S ,
SM13742 ,A ,
SM13743 ,S ,
SM13744 ,S ,
SM13745 ,A ,
SM13746 ,S ,
SM13747 ,A ,
SM13748 ,S ,
SM13749 ,S ,
SM13750 ,S ,
SM13751 ,S ,
SM13752 ,S ,
SM13753 ,S ,
SM13754 ,S ,
SM13755 ,S ,
SM13756 ,S ,
SM13757 ,A ,
SM13758 ,S ,
SM13759 ,A ,
SM13760 ,S ,
SM13761 ,S ,
SM13762 ,S ,
SM13763 ,S ,
SM13764 ,S ,
SM13765 ,A ,
SM13766 ,A ,
SM13767 ,S ,
SM13768 ,A ,
SM13769 ,S ,
SM13770 ,S ,
SM13771 ,S ,
SM13772 ,S ,
SM13773 ,S ,
SM13774 ,S ,
SM13775 ,S ,
SM13776 ,A ,
SM13777 ,S ,
SM13778 ,S ,
SM13779 ,S ,
SM13780 ,S ,
SM13781 ,S ,
SM13782 ,A ,
SM13783 ,S ,
SM13784 ,S ,
SM13785 ,S ,
SM13786 ,S ,
SM13787 ,A ,
SM13788 ,S ,
SM13789 ,S ,
SM13790 ,S ,
SM13791 ,S ,
SM13792 ,S ,
SM13793 ,S ,
SM13794 ,S ,
SM13795 ,S ,
SM13796 ,S ,
SM13797 ,S ,
SM13798 ,S ,
SM13799 ,A ,
SM13800 ,S ,
SM13801 ,S ,
SM13802 ,S ,
SM13803 ,S ,
SM13804 ,S ,
SM13805 ,S ,
SM13806 ,S ,
SM13807 ,S ,
SM13808 ,S ,
SM13809 ,S ,
SM13810 ,A ,
SM13811 ,S ,
SM13812 ,S ,
SM13813 ,S ,
SM13814 ,S ,
SM13815 ,S ,
SM13816 ,S ,
SM13817 ,S ,
SM13818 ,S ,
SM13819 ,S ,
SM13820 ,S ,
SM13821 ,S ,
SM13822 ,S ,
SM13823 ,S ,
SM13824 ,S ,
SM13825 ,A ,
SM13826 ,S ,
SM13827 ,S ,
SM13828 ,S ,
SM13829 ,A ,
SM13830 ,S ,
SM13831 ,S ,
SM13832 ,A ,
SM13833 ,S ,
SM13834 ,S ,
SM13835 ,S ,
SM13836 ,S ,
SM13837 ,S ,
SM13838 ,S ,
SM13840 ,S ,
SM13841 ,S ,
SM13842 ,A ,
SM13843 ,S ,
SM13844 ,S ,
SM13845 ,S ,
SM13846 ,S ,
SM13847 ,S ,
SM13848 ,S ,
SM13849 ,S ,
SM13850 ,S ,
SM13851 ,S ,
SM13852 ,S ,
SM13853 ,S ,
SM13854 ,S ,
SM13855 ,S ,
SM13856 ,S ,
SM13857 ,S ,
SM13858 ,A ,
SM13859 ,S ,
SM13860 ,S ,
SM13861 ,S ,
SM13862 ,S ,
SM13864 ,S ,
SM13865 ,S ,
SM13866 ,S ,
SM13867 ,S ,
SM13868 ,A ,
SM13869 ,S ,
SM13870 ,S ,
SM13871 ,S ,
SM13872 ,A ,
SM13873 ,S ,
SM13874 ,S ,
SM13875 ,S ,
SM13877 ,S ,
SM13878 ,S ,
SM13879 ,S ,
SM13880 ,S ,
SM13881 ,S ,
SM13882 ,S ,
SM13883 ,S ,
SM13884 ,A ,
SM13885 ,S ,
SM13886 ,A ,
SM13887 ,S ,
SM13888 ,S ,
SM13889 ,S ,
SM13890 ,A ,
SM13891 ,S ,
SM13892 ,S ,
SM13893 ,S ,
SM13894 ,S ,
SM13895 ,S ,
SM13896 ,A ,
SM13897 ,S ,
SM13898 ,S ,
SM13899 ,A ,
SM13900 ,S ,
SM13901 ,A ,
SM13902 ,A ,
SM13903 ,S ,
SM13904 ,S ,
SM13905 ,S ,
SM13906 ,S ,
SM13907 ,S ,
SM13908 ,S ,
SM13909 ,S ,
SM13910 ,S ,
SM13911 ,S ,
SM13912 ,A ,
SM13913 ,S ,
SM13914 ,S ,
SM13915 ,S ,
SM13916 ,S ,
SM13917 ,S ,
SM13918 ,S ,
SM13919 ,S ,
SM13920 ,S ,
SM13921 ,S ,
SM13922 ,S ,
SM13923 ,S ,
SM13924 ,A ,
SM13925 ,A ,
SM13926 ,S ,
SM13927 ,S ,
SM13928 ,S ,
SM13929 ,S ,
SM13930 ,S ,
SM13931 ,S ,
SM13932 ,S ,
SM13933 ,A ,
SM13934 ,S ,
SM13935 ,S ,
SM13936 ,A ,
SM13937 ,S ,
SM13938 ,S ,
SM13939 ,S ,
SM13940 ,S ,
SM13941 ,S ,
SM13942 ,S ,
SM13943 ,S ,
SM13944 ,S ,
SM13945 ,S ,
SM13946 ,A ,
SM13947 ,S ,
SM13948 ,S ,
SM13949 ,S ,
SM13950 ,S ,
SM13951 ,S ,
SM13952 ,S ,
SM13953 ,S ,
SM13954 ,A ,
SM13955 ,S ,
SM13956 ,S ,
SM13957 ,S ,
SM13958 ,S ,
SM13959 ,S ,
SM13960 ,A ,
SM13961 ,A ,
SM13962 ,A ,
SM13963 ,S ,
SM13964 ,S ,
SM13965 ,S ,
SM13966 ,S ,
SM13967 ,A ,
SM13968 ,S ,
SM13969 ,S ,
SM13970 ,S ,
SM13971 ,S ,
SM13972 ,S ,
SM13973 ,S ,
SM13974 ,A ,
SM13975 ,S ,
SM13976 ,S ,
SM13977 ,S ,
SM13978 ,S ,
SM13979 ,S ,
SM13980 ,S ,
SM13981 ,A ,
SM13982 ,A ,
SM13983 ,S ,
SM13984 ,S ,
SM13985 ,S ,
SM13986 ,S ,
SM13987 ,S ,
SM13988 ,S ,
SM13989 ,A ,
SM13990 ,S ,
SM13991 ,S ,
SM13992 ,S ,
SM13993 ,S ,
SM13994 ,A ,
SM13995 ,S ,
SM13996 ,S ,
SM13997 ,S ,
SM13998 ,S ,
SM13999 ,S ,
SM14000 ,S ,
SM14001 ,S ,
SM14002 ,S ,
SM14003 ,S ,
SM14004 ,S ,
SM14005 ,S ,
SM14006 ,A ,
SM14007 ,A ,
SM14008 ,S ,
SM14009 ,S ,
SM14010 ,S ,
SM14011 ,A ,
SM14012 ,S ,
SM14013 ,S ,
SM14014 ,S ,
SM14015 ,S ,
SM14016 ,S ,
SM14017 ,S ,
SM14018 ,A ,
SM14019 ,S ,
SM14020 ,S ,
SM14021 ,A ,
SM14022 ,S ,
SM14023 ,S ,
SM14024 ,S ,
SM14025 ,S ,
SM14026 ,A ,
SM14027 ,A ,
SM14028 ,A ,
SM14029 ,S ,
SM14030 ,A ,
SM14031 ,S ,
SM14032 ,S ,
SM14033 ,S ,
SM14034 ,S ,
SM14035 ,S ,
SM14036 ,S ,
SM14037 ,A ,
SM14038 ,S ,
SM14039 ,A ,
SM14040 ,S ,
SM14041 ,S ,
SM14042 ,S ,
SM14043 ,S ,
SM14044 ,S ,
SM14045 ,A ,
SM14046 ,S ,
SM14047 ,S ,
SM14048 ,A ,
SM14049 ,S ,
SM14050 ,A ,
SM14051 ,S ,
SM14052 ,S ,
SM14053 ,S ,
SM14054 ,S ,
SM14055 ,S ,
SM14056 ,S ,
SM14057 ,S ,
SM14058 ,S ,
SM14059 ,S ,
SM14060 ,S ,
SM14061 ,S ,
SM14062 ,S ,
SM14063 ,S ,
SM14064 ,S ,
SM14065 ,A ,
SM14066 ,S ,
SM14067 ,S ,
SM14068 ,S ,
SM14069 ,S ,
SM14070 ,S ,
SM14071 ,S ,
SM14072 ,S ,
SM14073 ,S ,
SM14074 ,S ,
SM14075 ,S ,
SM14076 ,S ,
SM14077 ,S ,
SM14078 ,A ,
SM14079 ,S ,
SM14080 ,S ,
SM14081 ,S ,
SM14082 ,S ,
SM14083 ,S ,
SM14084 ,A ,
SM14085 ,A ,
SM14086 ,S ,
SM14087 ,A ,
SM14088 ,S ,
SM14089 ,S ,
SM14090 ,S ,
SM14091 ,S ,
SM14092 ,S ,
SM14093 ,S ,
SM14094 ,S ,
SM14095 ,S ,
SM14096 ,S ,
SM14097 ,S ,
SM14098 ,S ,
SM14099 ,S ,
SM14100 ,S ,
SM14101 ,A ,
SM14102 ,S ,
SM14103 ,S ,
SM14104 ,S ,
SM14105 ,S ,
SM14106 ,S ,
SM14107 ,S ,
SM14108 ,S ,
SM14109 ,S ,
SM14110 ,A ,
SM14111 ,S ,
SM14112 ,S ,
SM14113 ,A ,
SM14114 ,S ,
SM14115 ,S ,
SM14116 ,S ,
SM14117 ,S ,
SM14118 ,S ,
SM14119 ,A ,
SM14120 ,A ,
SM14121 ,S ,
SM14122 ,S ,
SM14123 ,S ,
SM14124 ,S ,
SM14125 ,A ,
SM14126 ,S ,
SM14127 ,S ,
SM14128 ,S ,
SM14129 ,S ,
SM14130 ,A ,
SM14131 ,S ,
SM14132 ,S ,
SM14133 ,S ,
SM14134 ,S ,
SM14135 ,S ,
SM14136 ,A ,
SM14137 ,S ,
SM14138 ,S ,
SM14139 ,A ,
SM14140 ,S ,
SM14141 ,A ,
SM14142 ,S ,
SM14143 ,S ,
SM14144 ,S ,
SM14145 ,S ,
SM14146 ,A ,
SM14147 ,A ,
SM14148 ,S ,
SM14149 ,S ,
SM14150 ,S ,
SM14151 ,S ,
SM14152 ,S ,
SM14153 ,S ,
SM14154 ,A ,
SM14155 ,A ,
SM14156 ,S ,
SM14157 ,S ,
SM14158 ,S ,
SM14159 ,S ,
SM14160 ,S ,
SM14161 ,A ,
SM14162 ,S ,
SM14163 ,S ,
SM14164 ,A ,
SM14165 ,A ,
SM14166 ,S ,
SM14167 ,A ,
SM14168 ,S ,
SM14169 ,S ,
SM14170 ,S ,
SM14171 ,S ,
SM14172 ,S ,
SM14173 ,S ,
SM14174 ,A ,
SM14175 ,S ,
SM14176 ,S ,
SM14177 ,S ,
SM14178 ,S ,
SM14179 ,S ,
SM14180 ,A ,
SM14181 ,A ,
SM14182 ,S ,
SM14183 ,S ,
SM14184 ,S ,
SM14185 ,A ,
SM14186 ,S ,
SM14187 ,S ,
SM14188 ,S ,
SM14189 ,S ,
SM14190 ,S ,
SM14191 ,S ,
SM14193 ,S ,
SM14194 ,A ,
SM14195 ,S ,
SM14196 ,A ,
SM14198 ,A ,
SM14199 ,S ,
SM14200 ,S ,
SM14201 ,A ,
SM14202 ,S ,
SM14203 ,S ,
SM14204 ,S ,
SM14205 ,S ,
SM14206 ,S ,
SM14207 ,S ,
SM14208 ,A ,
SM14209 ,S ,
SM14210 ,A ,
SM14211 ,S ,
SM14212 ,S ,
SM14213 ,S ,
SM14214 ,S ,
SM14215 ,S ,
SM14216 ,S ,
SM14217 ,A ,
SM14218 ,S ,
SM14219 ,S ,
SM14220 ,S ,
SM14221 ,S ,
SM14222 ,S ,
SM14223 ,S ,
SM14224 ,A ,
SM14225 ,S ,
SM14226 ,S ,
SM14227 ,A ,
SM14228 ,S ,
SM14229 ,A ,
SM14230 ,S ,
SM14231 ,S ,
SM14232 ,S ,
SM14233 ,S ,
SM14234 ,S ,
SM14235 ,S ,
SM14236 ,A ,
SM14237 ,A ,
SM14238 ,S ,
SM14239 ,S ,
SM14240 ,S ,
SM14241 ,S ,
SM14242 ,A ,
SM14243 ,S ,
SM14244 ,S ,
SM14245 ,S ,
SM14246 ,A ,
SM14247 ,S ,
SM14248 ,S ,
SM14249 ,S ,
SM14250 ,S ,
SM14251 ,S ,
SM14252 ,S ,
SM14254 ,S ,
SM14255 ,S ,
SM14256 ,S ,
SM14257 ,S ,
SM14258 ,A ,
SM14259 ,A ,
SM14260 ,S ,
SM14261 ,S ,
SM14262 ,A ,
SM14263 ,S ,
SM14264 ,A ,
SM14265 ,S ,
SM14266 ,S ,
SM14267 ,S ,
SM14268 ,S ,
SM14269 ,S ,
SM14270 ,S ,
SM14271 ,S ,
SM14272 ,S ,
SM14274 ,S ,
SM14275 ,S ,
SM14276 ,S ,
SM14277 ,A ,
SM14278 ,S ,
SM14279 ,S ,
SM14280 ,S ,
SM14281 ,S ,
SM14283 ,S ,
SM14284 ,A ,
SM14285 ,S ,
SM14286 ,S ,
SM14287 ,A ,
SM14288 ,A ,
SM14289 ,S ,
SM14290 ,S ,
SM14291 ,S ,
SM14292 ,S ,
SM14293 ,S ,
SM14294 ,S ,
SM14295 ,S ,
SM14296 ,S ,
SM14297 ,S ,
SM14298 ,A ,
SM14299 ,S ,
SM14300 ,S ,
SM14301 ,S ,
SM14302 ,S ,
SM14304 ,S ,
SM14305 ,S ,
SM14306 ,S ,
SM14307 ,S ,
SM14308 ,S ,
SM14309 ,S ,
SM14310 ,S ,
SM14311 ,S ,
SM14312 ,S ,
SM14313 ,A ,
SM14314 ,A ,
SM14315 ,S ,
SM14316 ,S ,
SM14317 ,S ,
SM14318 ,S ,
SM14319 ,A ,
SM14320 ,A ,
SM14321 ,S ,
SM14322 ,S ,
SM14323 ,S ,
SM14324 ,S ,
SM14325 ,S ,
SM14326 ,A ,
SM14328 ,S ,
SM14329 ,S ,
SM14330 ,S ,
SM14331 ,S ,
SM14333 ,S ,
SM14335 ,A ,
SM14336 ,S ,
SM14337 ,S ,
SM14338 ,S ,
SM14339 ,S ,
SM14341 ,A ,
SM14342 ,S ,
SM14343 ,S ,
SM14344 ,A ,
SM14345 ,A ,
SM14346 ,S ,
SM14347 ,S ,
SM14348 ,A ,
SM14349 ,A ,
SM14350 ,A ,
SM14351 ,A ,
SM14352 ,S ,
SM14353 ,S ,
SM14354 ,S ,
SM14355 ,A ,
SM14356 ,S ,
SM14357 ,S ,
SM14358 ,S ,
SM14359 ,A ,
SM14360 ,A ,
SM14361 ,S ,
SM14362 ,S ,
SM14363 ,S ,
SM14364 ,S ,
SM14365 ,S ,
SM14366 ,S ,
SM14367 ,S ,
SM14368 ,S ,
SM14369 ,S ,
SM14370 ,S ,
SM14371 ,A ,
SM14372 ,S ,
SM14373 ,A ,
SM14374 ,S ,
SM14375 ,A ,
SM14376 ,S ,
SM14377 ,S ,
SM14378 ,A ,
SM14379 ,S ,
SM14380 ,S ,
SM14381 ,S ,
SM14382 ,A ,
SM14383 ,S ,
SM14384 ,S ,
SM14385 ,S ,
SM14386 ,S ,
SM14387 ,A ,
SM14388 ,S ,
SM14389 ,S ,
SM14390 ,A ,
SM14391 ,S ,
SM14392 ,S ,
SM14393 ,S ,
SM14394 ,S ,
SM14395 ,A ,
SM14396 ,S ,
SM14397 ,A ,
SM14398 ,A ,
SM14399 ,S ,
SM14400 ,S ,
SM14401 ,S ,
SM14402 ,S ,
SM14403 ,S ,
SM14404 ,S ,
SM14405 ,S ,
SM14406 ,S ,
SM14407 ,A ,
SM14408 ,A ,
SM14409 ,A ,
SM14410 ,A ,
SM14411 ,A ,
SM14412 ,A ,
SM14413 ,S ,
SM14414 ,S ,
SM14415 ,S ,
SM14416 ,A ,
SM14417 ,A ,
SM14418 ,S ,
SM14419 ,A ,
SM14420 ,A ,
SM14421 ,A ,
SM14422 ,A ,
SM14423 ,S ,
SM14424 ,S ,
SM14425 ,S ,
SM14426 ,A ,
SM14427 ,S ,
SM14428 ,S ,
SM14429 ,S ,
SM14430 ,S ,
SM14431 ,S ,
SM14432 ,S ,
SM14433 ,S ,
SM14434 ,S ,
SM14435 ,S ,
SM14436 ,S ,
SM14437 ,S ,
SM14438 ,A ,
SM14439 ,S ,
SM14440 ,S ,
SM14441 ,S ,
SM14442 ,S ,
SM14443 ,S ,
SM14444 ,S ,
SM14445 ,A ,
SM14446 ,S ,
SM14447 ,S ,
SM14448 ,S ,
SM14449 ,A ,
SM14450 ,A ,
SM14451 ,S ,
SM14452 ,S ,
SM14453 ,A ,
SM14454 ,S ,
SM14455 ,S ,
SM14456 ,A ,
SM14457 ,A ,
SM14458 ,S ,
SM14459 ,S ,
SM14460 ,S ,
SM14461 ,S ,
SM14462 ,S ,
SM14463 ,S ,
SM14464 ,S ,
SM14465 ,A ,
SM14466 ,S ,
SM14467 ,S ,
SM14468 ,S ,
SM14469 ,S ,
SM14470 ,S ,
SM14471 ,A ,
SM14472 ,A ,
SM14473 ,S ,
SM14474 ,S ,
SM14475 ,A ,
SM14476 ,S ,
SM14478 ,S ,
SM14479 ,S ,
SM14480 ,A ,
SM14481 ,S ,
SM14482 ,S ,
SM14483 ,A ,
SM14484 ,S ,
SM14485 ,S ,
SM14486 ,S ,
SM14487 ,A ,
SM14488 ,S ,
SM14489 ,S ,
SM14490 ,S ,
SM14491 ,S ,
SM14492 ,A ,
SM14493 ,S ,
SM14494 ,A ,
SM14495 ,S ,
SM14496 ,S ,
SM14497 ,S ,
SM14498 ,S ,
SM14499 ,S ,
SM14500 ,S ,
SM14501 ,S ,
SM14502 ,S ,
SM14503 ,S ,
SM14504 ,S ,
SM14505 ,S ,
SM14506 ,S ,
SM14507 ,S ,
SM14508 ,S ,
SM14509 ,A ,
SM14510 ,A ,
SM14511 ,S ,
SM14512 ,A ,
SM14513 ,S ,
SM14514 ,S ,
SM14515 ,S ,
SM14516 ,S ,
SM14517 ,A ,
SM14518 ,S ,
SM14519 ,S ,
SM14520 ,S ,
SM14521 ,A ,
SM14522 ,S ,
SM14523 ,S ,
SM14524 ,S ,
SM14525 ,S ,
SM14526 ,A ,
SM14527 ,S ,
SM14528 ,S ,
SM14529 ,A ,
SM14530 ,S ,
SM14531 ,S ,
SM14532 ,A ,
SM14533 ,S ,
SM14534 ,S ,
SM14535 ,S ,
SM14536 ,S ,
SM14537 ,A ,
SM14538 ,S ,
SM14539 ,S ,
SM14540 ,S ,
SM14541 ,S ,
SM14542 ,S ,
SM14543 ,S ,
SM14544 ,A ,
SM14545 ,A ,
SM14546 ,S ,
SM14547 ,S ,
SM14548 ,S ,
SM14549 ,S ,
SM14550 ,S ,
SM14551 ,S ,
SM14552 ,S ,
SM14553 ,S ,
SM14554 ,S ,
SM14555 ,S ,
SM14556 ,S ,
SM14557 ,A ,
SM14558 ,S ,
SM14559 ,S ,
SM14560 ,S ,
SM14561 ,S ,
SM14562 ,A ,
SM14563 ,S ,
SM14564 ,S ,
SM14565 ,S ,
SM14566 ,S ,
SM14567 ,A ,
SM14568 ,S ,
SM14569 ,A ,
SM14570 ,A ,
SM14571 ,S ,
SM14572 ,S ,
SM14573 ,S ,
SM14574 ,S ,
SM14575 ,A ,
SM14576 ,S ,
SM14577 ,S ,
SM14578 ,A ,
SM14579 ,S ,
SM14580 ,A ,
SM14581 ,A ,
SM14582 ,S ,
SM14583 ,S ,
SM14584 ,S ,
SM14585 ,S ,
SM14586 ,S ,
SM14587 ,S ,
SM14588 ,A ,
SM14589 ,S ,
SM14590 ,S ,
SM14591 ,S ,
SM14592 ,S ,
SM14593 ,S ,
SM14594 ,A ,
SM14595 ,S ,
SM14596 ,S ,
SM14597 ,S ,
SM14598 ,S ,
SM14599 ,A ,
SM14600 ,S ,
SM14601 ,A ,
SM14602 ,S ,
SM14603 ,S ,
SM14604 ,A ,
SM14605 ,S ,
SM14606 ,S ,
SM14607 ,S ,
SM14608 ,A ,
SM14609 ,S ,
SM14610 ,S ,
SM14611 ,A ,
SM14612 ,S ,
SM14613 ,S ,
SM14614 ,S ,
SM14615 ,S ,
SM14616 ,S ,
SM14617 ,S ,
SM14618 ,S ,
SM14619 ,A ,
SM14620 ,S ,
SM14621 ,S ,
SM14622 ,A ,
SM14623 ,A ,
SM14624 ,S ,
SM14625 ,A ,
SM14626 ,A ,
SM14627 ,S ,
SM14628 ,S ,
SM14629 ,S ,
SM14630 ,S ,
SM14631 ,S ,
SM14632 ,S ,
SM14633 ,S ,
SM14634 ,S ,
SM14635 ,A ,
SM14636 ,A ,
SM14637 ,S ,
SM14638 ,S ,
SM14639 ,A ,
SM14640 ,A ,
SM14641 ,S ,
SM14642 ,S ,
SM14643 ,A ,
SM14644 ,A ,
SM14645 ,S ,
SM14646 ,A ,
SM14647 ,S ,
SM14648 ,S ,
SM14649 ,A ,
SM14650 ,S ,
SM14651 ,S ,
SM14652 ,S ,
SM14653 ,A ,
SM14654 ,S ,
SM14655 ,A ,
SM14656 ,S ,
SM14657 ,A ,
SM14658 ,S ,
SM14659 ,S ,
SM14660 ,S ,
SM14661 ,S ,
SM14662 ,S ,
SM14663 ,S ,
SM14664 ,A ,
SM14665 ,S ,
SM14666 ,A ,
SM14667 ,S ,
SM14668 ,S ,
SM14669 ,A ,
SM14670 ,S ,
SM14671 ,S ,
SM14672 ,S ,
SM14673 ,S ,
SM14674 ,A ,
SM14675 ,A ,
SM14676 ,A ,
SM14677 ,S ,
SM14678 ,S ,
SM14679 ,S ,
SM14680 ,S ,
SM14681 ,A ,
SM14682 ,S ,
SM14683 ,S ,
SM14684 ,S ,
SM14685 ,S ,
SM14686 ,S ,
SM14687 ,A ,
SM14688 ,S ,
SM14689 ,S ,
SM14690 ,A ,
SM14691 ,S ,
SM14692 ,S ,
SM14693 ,S ,
SM14694 ,S ,
SM14695 ,A ,
SM14696 ,A ,
SM14697 ,S ,
SM14698 ,S ,
SM14699 ,S ,
SM14700 ,S ,
SM14701 ,S ,
SM14702 ,A ,
SM14703 ,S ,
SM14704 ,S ,
SM14705 ,A ,
SM14706 ,S ,
SM14707 ,S ,
SM14709 ,S ,
SM14710 ,A ,
SM14711 ,S ,
SM14712 ,S ,
SM14713 ,S ,
SM14714 ,S ,
SM14715 ,S ,
SM14716 ,A ,
SM14717 ,A ,
SM14718 ,S ,
SM14719 ,S ,
SM14720 ,S ,
SM14721 ,A ,
SM14722 ,S ,
SM14723 ,S ,
SM14725 ,A ,
SM14726 ,S ,
SM14727 ,S ,
SM14728 ,S ,
SM14729 ,S ,
SM14730 ,S ,
SM14731 ,S ,
SM14732 ,A ,
SM14733 ,S ,
SM14734 ,S ,
SM14735 ,S ,
SM14736 ,S ,
SM14737 ,S ,
SM14738 ,A ,
SM14739 ,A ,
SM14740 ,S ,
SM14741 ,S ,
SM14742 ,A ,
SM14743 ,S ,
SM14744 ,A ,
SM14745 ,S ,
SM14746 ,S ,
SM14747 ,S ,
SM14748 ,S ,
SM14749 ,S ,
SM14750 ,S ,
SM14751 ,S ,
SM14752 ,S ,
SM14753 ,S ,
SM14754 ,S ,
SM14755 ,S ,
SM14756 ,S ,
SM14757 ,A ,
SM14758 ,S ,
SM14759 ,S ,
SM14760 ,A ,
SM14761 ,S ,
SM14762 ,S ,
SM14763 ,S ,
SM14764 ,S ,
SM14765 ,S ,
SM14766 ,A ,
SM14767 ,S ,
SM14768 ,A ,
SM14769 ,S ,
SM14770 ,A ,
SM14771 ,A ,
SM14772 ,S ,
SM14773 ,S ,
SM14774 ,S ,
SM14775 ,S ,
SM14776 ,S ,
SM14777 ,S ,
SM14778 ,A ,
SM14779 ,S ,
SM14780 ,A ,
SM14781 ,S ,
SM14782 ,S ,
SM14783 ,S ,
SM14784 ,S ,
SM14785 ,S ,
SM14786 ,A ,
SM14787 ,A ,
SM14788 ,S ,
SM14789 ,S ,
SM14790 ,S ,
SM14791 ,A ,
SM14792 ,S ,
SM14793 ,A ,
SM14794 ,A ,
SM14795 ,S ,
SM14796 ,A ,
SM14797 ,S ,
SM14798 ,S ,
SM14799 ,S ,
SM14800 ,S ,
SM14801 ,S ,
SM14802 ,A ,
SM14803 ,S ,
SM14804 ,S ,
SM14805 ,S ,
SM14806 ,S ,
SM14807 ,A ,
SM14808 ,S ,
SM14809 ,S ,
SM14810 ,A ,
SM14811 ,A ,
SM14812 ,S ,
SM14813 ,A ,
SM14814 ,S ,
SM14815 ,A ,
SM14816 ,S ,
SM14817 ,A ,
SM14818 ,S ,
SM14819 ,S ,
SM14820 ,S ,
SM14821 ,A ,
SM14822 ,S ,
SM14823 ,A ,
SM14824 ,S ,
SM14825 ,S ,
SM14826 ,S ,
SM14827 ,S ,
SM14828 ,A ,
SM14829 ,A ,
SM14830 ,S ,
SM14831 ,S ,
SM14832 ,S ,
SM14833 ,A ,
SM14834 ,S ,
SM14835 ,S ,
SM14836 ,S ,
SM14837 ,A ,
SM14838 ,S ,
SM14839 ,S ,
SM14840 ,S ,
SM14841 ,A ,
SM14842 ,S ,
SM14843 ,S ,
SM14844 ,S ,
SM14845 ,S ,
SM14846 ,A ,
SM14847 ,S ,
SM14848 ,S ,
SM14849 ,S ,
SM14850 ,S ,
SM14851 ,S ,
SM14852 ,S ,
SM14853 ,S ,
SM14854 ,S ,
SM14855 ,S ,
SM14856 ,A ,
SM14857 ,S ,
SM14858 ,S ,
SM14859 ,S ,
SM14860 ,S ,
SM14861 ,S ,
SM14862 ,A ,
SM14863 ,A ,
SM14864 ,S ,
SM14865 ,A ,
SM14866 ,S ,
SM14867 ,A ,
SM14868 ,S ,
SM14869 ,S ,
SM14870 ,S ,
SM14871 ,A ,
SM14872 ,A ,
SM14873 ,S ,
SM14874 ,S ,
SM14875 ,S ,
SM14876 ,S ,
SM14877 ,S ,
SM14878 ,A ,
SM14879 ,S ,
SM14880 ,A ,
SM14881 ,S ,
SM14882 ,S ,
SM14883 ,S ,
SM14884 ,A ,
SM14885 ,S ,
SM14886 ,S ,
SM14887 ,S ,
SM14888 ,A ,
SM14889 ,S ,
SM14890 ,S ,
SM14891 ,A ,
SM14892 ,S ,
SM14893 ,A ,
SM14894 ,S ,
SM14895 ,S ,
SM14896 ,A ,
SM14897 ,S ,
SM14898 ,A ,
SM14899 ,S ,
SM14900 ,S ,
SM14901 ,S ,
SM14902 ,A ,
SM14903 ,S ,
SM14904 ,S ,
SM14905 ,S ,
SM14907 ,S ,
SM14908 ,S ,
SM14909 ,A ,
SM14910 ,S ,
SM14911 ,A ,
SM14912 ,S ,
SM14913 ,S ,
SM14914 ,S ,
SM14915 ,S ,
SM14916 ,A ,
SM14917 ,A ,
SM14918 ,S ,
SM14919 ,A ,
SM14920 ,S ,
SM14921 ,S ,
SM14922 ,S ,
SM14923 ,A ,
SM14924 ,A ,
SM14925 ,A ,
SM14926 ,S ,
SM14927 ,A ,
SM14928 ,S ,
SM14929 ,S ,
SM14930 ,S ,
SM14931 ,S ,
SM14932 ,A ,
SM14933 ,A ,
SM14934 ,S ,
SM14935 ,S ,
SM14936 ,A ,
SM14937 ,S ,
SM14938 ,S ,
SM14939 ,A ,
SM14940 ,S ,
SM14941 ,S ,
SM14942 ,A ,
SM14943 ,A ,
SM14944 ,S ,
SM14945 ,A ,
SM14946 ,S ,
SM14947 ,S ,
SM14948 ,S ,
SM14949 ,A ,
SM14950 ,S ,
SM14951 ,S ,
SM14952 ,S ,
SM14953 ,S ,
SM14954 ,A ,
SM14955 ,S ,
SM14956 ,A ,
SM14957 ,S ,
SM14958 ,S ,
SM14959 ,S ,
SM14960 ,S ,
SM14961 ,S ,
SM14962 ,S ,
SM14963 ,S ,
SM14964 ,S ,
SM14965 ,S ,
SM14966 ,S ,
SM14967 ,A ,
SM14968 ,A ,
SM14969 ,S ,
SM14970 ,A ,
SM14971 ,S ,
SM14972 ,S ,
SM14973 ,S ,
SM14974 ,S ,
SM14975 ,A ,
SM14976 ,S ,
SM14977 ,S ,
SM14978 ,S ,
SM14979 ,S ,
SM14980 ,S ,
SM14981 ,A ,
SM14982 ,S ,
SM14983 ,S ,
SM14984 ,S ,
SM14985 ,S ,
SM14986 ,S ,
SM14987 ,S ,
SM14988 ,S ,
SM14989 ,S ,
SM14990 ,S ,
SM14991 ,S ,
SM14992 ,S ,
SM14993 ,S ,
SM14994 ,A ,
SM14995 ,S ,
SM14996 ,A ,
SM14997 ,S ,
SM14998 ,S ,
SM14999 ,S ,
SM15000 ,S ,
SM15001 ,S ,
SM15002 ,S ,
SM15003 ,S ,
SM15004 ,S ,
SM15005 ,S ,
SM15006 ,S ,
SM15007 ,S ,
SM15008 ,S ,
SM15009 ,A ,
SM15010 ,A ,
SM15011 ,A ,
SM15012 ,A ,
SM15013 ,S ,
SM15014 ,S ,
SM15015 ,S ,
SM15016 ,A ,
SM15017 ,S ,
SM15018 ,S ,
SM15019 ,S ,
SM15020 ,S ,
SM15021 ,A ,
SM15022 ,S ,
SM15023 ,S ,
SM15024 ,S ,
SM15025 ,S ,
SM15026 ,S ,
SM15027 ,A ,
SM15028 ,A ,
SM15029 ,A ,
SM15030 ,A ,
SM15031 ,S ,
SM15032 ,A ,
SM15033 ,A ,
SM15034 ,A ,
SM15035 ,A ,
SM15036 ,S ,
SM15037 ,S ,
SM15038 ,S ,
SM15039 ,S ,
SM15040 ,A ,
SM15041 ,S ,
SM15042 ,A ,
SM15043 ,S ,
SM15044 ,S ,
SM15045 ,S ,
SM15046 ,A ,
SM15047 ,S ,
SM15048 ,S ,
SM15049 ,S ,
SM15050 ,A ,
SM15051 ,S ,
SM15052 ,S ,
SM15053 ,S ,
SM15054 ,S ,
SM15055 ,A ,
SM15056 ,S ,
SM15057 ,S ,
SM15058 ,S ,
SM15059 ,A ,
SM15060 ,A ,
SM15061 ,S ,
SM15062 ,A ,
SM15063 ,S ,
SM15064 ,S ,
SM15065 ,S ,
SM15066 ,S ,
SM15067 ,A ,
SM15068 ,S ,
SM15069 ,S ,
SM15070 ,S ,
SM15071 ,S ,
SM15072 ,S ,
SM15073 ,S ,
SM15074 ,S ,
SM15075 ,S ,
SM15076 ,S ,
SM15077 ,S ,
SM15078 ,S ,
SM15079 ,S ,
SM15080 ,S ,
SM15081 ,A ,
SM15082 ,S ,
SM15083 ,S ,
SM15084 ,S ,
SM15085 ,A ,
SM15086 ,S ,
SM15087 ,S ,
SM15088 ,A ,
SM15089 ,S ,
SM15090 ,S ,
SM15091 ,S ,
SM15092 ,A ,
SM15093 ,S ,
SM15094 ,A ,
SM15095 ,S ,
SM15096 ,S ,
SM15097 ,S ,
SM15098 ,S ,
SM15099 ,S ,
SM15100 ,A ,
SM15101 ,S ,
SM15102 ,S ,
SM15103 ,A ,
SM15104 ,S ,
SM15105 ,S ,
SM15106 ,S ,
SM15107 ,S ,
SM15108 ,A ,
SM15109 ,S ,
SM15110 ,A ,
SM15111 ,A ,
SM15112 ,A ,
SM15113 ,S ,
SM15114 ,A ,
SM15115 ,A ,
SM15116 ,S ,
SM15117 ,S ,
SM15118 ,A ,
SM15119 ,S ,
SM15120 ,S ,
SM15121 ,S ,
SM15122 ,A ,
SM15123 ,S ,
SM15124 ,S ,
SM15125 ,S ,
SM15126 ,S ,
SM15127 ,S ,
SM15128 ,S ,
SM15129 ,S ,
SM15130 ,A ,
SM15131 ,S ,
SM15132 ,S ,
SM15133 ,S ,
SM15134 ,S ,
SM15135 ,A ,
SM15136 ,S ,
SM15137 ,A ,
SM15138 ,S ,
SM15139 ,A ,
SM15140 ,S ,
SM15141 ,S ,
SM15142 ,S ,
SM15143 ,A ,
SM15144 ,S ,
SM15145 ,S ,
SM15146 ,S ,
SM15147 ,A ,
SM15149 ,S ,
SM15150 ,S ,
SM15151 ,A ,
SM15152 ,S ,
SM15153 ,S ,
SM15154 ,S ,
SM15155 ,S ,
SM15156 ,A ,
SM15158 ,A ,
SM15159 ,S ,
SM15160 ,A ,
SM15161 ,S ,
SM15162 ,S ,
SM15163 ,S ,
SM15164 ,S ,
SM15165 ,S ,
SM15166 ,A ,
SM15167 ,S ,
SM15168 ,S ,
SM15169 ,S ,
SM15170 ,S ,
SM15171 ,S ,
SM15172 ,A ,
SM15173 ,S ,
SM15174 ,S ,
SM15175 ,S ,
SM15176 ,S ,
SM15177 ,A ,
SM15178 ,A ,
SM15179 ,S ,
SM15180 ,A ,
SM15181 ,S ,
SM15182 ,S ,
SM15183 ,S ,
SM15184 ,S ,
SM15185 ,A ,
SM15186 ,S ,
SM15187 ,S ,
SM15188 ,S ,
SM15189 ,S ,
SM15190 ,S ,
SM15191 ,S ,
SM15192 ,S ,
SM15193 ,S ,
SM15194 ,S ,
SM15195 ,A ,
SM15196 ,S ,
SM15197 ,A ,
SM15198 ,A ,
SM15199 ,S ,
SM15200 ,S ,
SM15201 ,A ,
SM15202 ,S ,
SM15203 ,A ,
SM15204 ,S ,
SM15205 ,S ,
SM15206 ,S ,
SM15207 ,A ,
SM15208 ,S ,
SM15209 ,S ,
SM15210 ,S ,
SM15211 ,S ,
SM15212 ,A ,
SM15213 ,S ,
SM15214 ,S ,
SM15215 ,S ,
SM15216 ,S ,
SM15217 ,A ,
SM15218 ,A ,
SM15219 ,S ,
SM15220 ,S ,
SM15221 ,S ,
SM15222 ,S ,
SM15223 ,S ,
SM15224 ,S ,
SM15225 ,A ,
SM15226 ,S ,
SM15227 ,S ,
SM15228 ,A ,
SM15229 ,S ,
SM15230 ,A ,
SM15231 ,S ,
SM15232 ,A ,
SM15233 ,S ,
SM15234 ,S ,
SM15235 ,S ,
SM15236 ,S ,
SM15237 ,S ,
SM15238 ,S ,
SM15239 ,S ,
SM15240 ,A ,
SM15241 ,S ,
SM15242 ,A ,
SM15243 ,A ,
SM15244 ,S ,
SM15245 ,S ,
SM15246 ,S ,
SM15247 ,S ,
SM15248 ,S ,
SM15249 ,S ,
SM15250 ,S ,
SM15251 ,A ,
SM15252 ,A ,
SM15253 ,S ,
SM15254 ,A ,
SM15255 ,S ,
SM15256 ,S ,
SM15257 ,A ,
SM15258 ,S ,
SM15259 ,A ,
SM15260 ,S ,
SM15261 ,S ,
SM15262 ,S ,
SM15263 ,A ,
SM15264 ,A ,
SM15265 ,S ,
SM15266 ,S ,
SM15267 ,S ,
SM15268 ,S ,
SM15269 ,S ,
SM15270 ,A ,
SM15271 ,S ,
SM15272 ,S ,
SM15273 ,S ,
SM15274 ,A ,
SM15275 ,S ,
SM15276 ,S ,
SM15277 ,S ,
SM15278 ,S ,
SM15279 ,A ,
SM15280 ,A ,
SM15281 ,S ,
SM15282 ,A ,
SM15283 ,S ,
SM15284 ,S ,
SM15285 ,A ,
SM15286 ,A ,
SM15287 ,A ,
SM15288 ,A ,
SM15289 ,S ,
SM15290 ,S ,
SM15291 ,A ,
SM15292 ,S ,
SM15293 ,A ,
SM15294 ,S ,
SM15295 ,S ,
SM15296 ,S ,
SM15297 ,S ,
SM15298 ,A ,
SM15299 ,S ,
SM15300 ,A ,
SM15301 ,A ,
SM15302 ,S ,
SM15303 ,S ,
SM15304 ,S ,
SM15305 ,A ,
SM15307 ,A ,
SM15308 ,S ,
SM15309 ,S ,
SM15310 ,S ,
SM15311 ,S ,
SM15312 ,A ,
SM15313 ,S ,
SM15314 ,S ,
SM15315 ,S ,
SM15316 ,A ,
SM15317 ,S ,
SM15318 ,S ,
SM15319 ,A ,
SM15320 ,S ,
SM15321 ,S ,
SM15322 ,S ,
SM15323 ,S ,
SM15324 ,S ,
SM15325 ,A ,
SM15326 ,S ,
SM15327 ,S ,
SM15328 ,S ,
SM15329 ,A ,
SM15330 ,S ,
SM15331 ,S ,
SM15332 ,S ,
SM15333 ,S ,
SM15334 ,S ,
SM15335 ,A ,
SM15336 ,S ,
SM15337 ,S ,
SM15338 ,A ,
SM15339 ,S ,
SM15340 ,A ,
SM15341 ,S ,
SM15342 ,S ,
SM15343 ,S ,
SM15344 ,A ,
SM15345 ,S ,
SM15346 ,S ,
SM15347 ,S ,
SM15349 ,S ,
SM15350 ,A ,
SM15351 ,S ,
SM15352 ,S ,
SM15353 ,S ,
SM15354 ,S ,
SM15355 ,A ,
SM15356 ,S ,
SM15357 ,S ,
SM15358 ,S ,
SM15359 ,S ,
SM15360 ,S ,
SM15361 ,A ,
SM15362 ,S ,
SM15363 ,S ,
SM15364 ,A ,
SM15365 ,S ,
SM15366 ,S ,
SM15367 ,S ,
SM15368 ,S ,
SM15369 ,S ,
SM15370 ,A ,
SM15371 ,S ,
SM15372 ,S ,
SM15373 ,A ,
SM15374 ,A ,
SM15375 ,S ,
SM15376 ,A ,
SM15377 ,S ,
SM15378 ,A ,
SM15379 ,A ,
SM15380 ,S ,
SM15381 ,S ,
SM15382 ,A ,
SM15383 ,S ,
SM15384 ,S ,
SM15385 ,S ,
SM15386 ,S ,
SM15387 ,S ,
SM15388 ,S ,
SM15389 ,S ,
SM15390 ,S ,
SM15391 ,S ,
SM15392 ,S ,
SM15393 ,S ,
SM15394 ,S ,
SM15395 ,S ,
SM15396 ,A ,
SM15397 ,S ,
SM15398 ,A ,
SM15399 ,S ,
SM15400 ,S ,
SM15401 ,S ,
SM15402 ,S ,
SM15403 ,A ,
SM15404 ,S ,
SM15405 ,S ,
SM15406 ,S ,
SM15407 ,S ,
SM15408 ,A ,
SM15409 ,S ,
SM15410 ,S ,
SM15411 ,S ,
SM15412 ,S ,
SM15413 ,A ,
SM15414 ,S ,
SM15415 ,A ,
SM15416 ,S ,
SM15417 ,A ,
SM15418 ,S ,
SM15419 ,A ,
SM15420 ,S ,
SM15421 ,A ,
SM15422 ,S ,
SM15423 ,S ,
SM15424 ,S ,
SM15425 ,A ,
SM15426 ,S ,
SM15427 ,S ,
SM15428 ,S ,
SM15429 ,A ,
SM15430 ,S ,
SM15431 ,A ,
SM15432 ,S ,
SM15433 ,S ,
SM15434 ,S ,
SM15435 ,A ,
SM15436 ,A ,
SM15437 ,S ,
SM15438 ,S ,
SM15439 ,A ,
SM15440 ,S ,
SM15441 ,S ,
SM15442 ,S ,
SM15443 ,S ,
SM15444 ,A ,
SM15445 ,S ,
SM15446 ,S ,
SM15447 ,S ,
SM15448 ,A ,
SM15449 ,S ,
SM15450 ,S ,
SM15451 ,S ,
SM15452 ,S ,
SM15453 ,S ,
SM15454 ,S ,
SM15455 ,A ,
SM15456 ,S ,
SM15457 ,A ,
SM15458 ,S ,
SM15459 ,A ,
SM15460 ,S ,
SM15461 ,A ,
SM15462 ,S ,
SM15463 ,S ,
SM15464 ,A ,
SM15465 ,S ,
SM15466 ,A ,
SM15467 ,S ,
SM15468 ,S ,
SM15469 ,S ,
SM15470 ,A ,
SM15471 ,S ,
SM15472 ,S ,
SM15473 ,S ,
SM15474 ,S ,
SM15475 ,S ,
SM15476 ,S ,
SM15477 ,A ,
SM15478 ,S ,
SM15479 ,A ,
SM15480 ,A ,
SM15481 ,S ,
SM15482 ,S ,
SM15483 ,S ,
SM15484 ,A ,
SM15485 ,S ,
SM15486 ,S ,
SM15487 ,S ,
SM15488 ,S ,
SM15489 ,S ,
SM15490 ,S ,
SM15491 ,S ,
SM15492 ,S ,
SM15493 ,A ,
SM15494 ,A ,
SM15495 ,S ,
SM15496 ,S ,
SM15497 ,S ,
SM15498 ,S ,
SM15499 ,A ,
SM15500 ,S ,
SM15501 ,S ,
SM15502 ,A ,
SM15503 ,S ,
SM15504 ,S ,
SM15505 ,S ,
SM15506 ,A ,
SM15507 ,S ,
SM15508 ,S ,
SM15509 ,S ,
SM15510 ,S ,
SM15511 ,A ,
SM15512 ,S ,
SM15513 ,S ,
SM15514 ,S ,
SM15515 ,A ,
SM15516 ,S ,
SM15517 ,S ,
SM15518 ,S ,
SM15519 ,A ,
SM15520 ,S ,
SM15521 ,A ,
SM15522 ,A ,
SM15523 ,S ,
SM15524 ,S ,
SM15525 ,A ,
SM15526 ,S ,
SM15527 ,S ,
SM15528 ,S ,
SM15529 ,S ,
SM15530 ,A ,
SM15531 ,S ,
SM15532 ,S ,
SM15533 ,S ,
SM15534 ,S ,
SM15535 ,A ,
SM15536 ,S ,
SM15537 ,A ,
SM15538 ,S ,
SM15539 ,A ,
SM15540 ,S ,
SM15541 ,S ,
SM15542 ,S ,
SM15543 ,S ,
SM15544 ,A ,
SM15545 ,A ,
SM15546 ,A ,
SM15547 ,S ,
SM15548 ,A ,
SM15549 ,S ,
SM15550 ,S ,
SM15551 ,A ,
SM15552 ,S ,
SM15553 ,S ,
SM15554 ,S ,
SM15555 ,A ,
SM15556 ,A ,
SM15557 ,S ,
SM15558 ,S ,
SM15559 ,A ,
SM15560 ,S ,
SM15561 ,S ,
SM15562 ,S ,
SM15563 ,S ,
SM15564 ,A ,
SM15565 ,S ,
SM15566 ,A ,
SM15567 ,A ,
SM15568 ,S ,
SM15569 ,A ,
SM15570 ,A ,
SM15571 ,S ,
SM15572 ,S ,
SM15573 ,S ,
SM15574 ,S ,
SM15575 ,A ,
SM15576 ,S ,
SM15577 ,S ,
SM15578 ,A ,
SM15579 ,S ,
SM15580 ,S ,
SM15581 ,S ,
SM15582 ,S ,
SM15583 ,S ,
SM15584 ,S ,
SM15585 ,S ,
SM15586 ,S ,
SM15587 ,S ,
SM15588 ,S ,
SM15589 ,A ,
SM15590 ,A ,
SM15591 ,S ,
SM15592 ,S ,
SM15593 ,S ,
SM15594 ,S ,
SM15595 ,S ,
SM15596 ,A ,
SM15597 ,S ,
SM15598 ,S ,
SM15599 ,A ,
SM15600 ,S ,
SM15601 ,S ,
SM15602 ,S ,
SM15603 ,S ,
SM15604 ,S ,
SM15605 ,S ,
SM15606 ,S ,
SM15607 ,S ,
SM15608 ,S ,
SM15609 ,S ,
SM15610 ,S ,
SM15611 ,A ,
SM15612 ,S ,
SM15613 ,S ,
SM15614 ,S ,
SM15615 ,S ,
SM15616 ,A ,
SM15617 ,S ,
SM15618 ,S ,
SM15619 ,A ,
SM15620 ,S ,
SM15621 ,S ,
SM15622 ,A ,
SM15623 ,A ,
SM15624 ,A ,
SM15625 ,S ,
SM15626 ,S ,
SM15627 ,A ,
SM15628 ,S ,
SM15629 ,S ,
SM15630 ,S ,
SM15631 ,A ,
SM15632 ,A ,
SM15633 ,S ,
SM15634 ,S ,
SM15635 ,A ,
SM15636 ,S ,
SM15637 ,S ,
SM15638 ,A ,
SM15639 ,S ,
SM15640 ,S ,
SM15641 ,A ,
SM15642 ,S ,
SM15643 ,S ,
SM15644 ,A ,
SM15645 ,A ,
SM15646 ,S ,
SM15647 ,S ,
SM15648 ,S ,
SM15649 ,S ,
SM15650 ,S ,
SM15651 ,S ,
SM15653 ,S ,
SM15654 ,S ,
SM15655 ,S ,
SM15656 ,S ,
SM15658 ,A ,
SM15659 ,S ,
SM15660 ,A ,
SM15661 ,S ,
SM15662 ,S ,
SM15663 ,S ,
SM15664 ,S ,
SM15665 ,S ,
SM15666 ,S ,
SM15667 ,A ,
SM15668 ,S ,
SM15669 ,S ,
SM15670 ,A ,
SM15671 ,S ,
SM15672 ,A ,
SM15673 ,S ,
SM15674 ,S ,
SM15675 ,S ,
SM15676 ,S ,
SM15677 ,S ,
SM15678 ,S ,
SM15679 ,S ,
SM15680 ,S ,
SM15681 ,S ,
SM15682 ,S ,
SM15683 ,A ,
SM15684 ,S ,
SM15685 ,S ,
SM15686 ,S ,
SM15687 ,A ,
SM15688 ,A ,
SM15689 ,A ,
SM15690 ,S ,
SM15691 ,S ,
SM15692 ,S ,
SM15693 ,S ,
SM15694 ,S ,
SM15695 ,A ,
SM15696 ,S ,
SM15697 ,S ,
SM15698 ,A ,
SM15699 ,S ,
SM15700 ,A ,
SM15701 ,S ,
SM15702 ,A ,
SM15703 ,S ,
SM15704 ,A ,
SM15705 ,A ,
SM15706 ,S ,
SM15707 ,S ,
SM15708 ,S ,
SM15709 ,S ,
SM15710 ,S ,
SM15711 ,S ,
SM15712 ,S ,
SM15713 ,A ,
SM15714 ,S ,
SM15715 ,A ,
SM15716 ,S ,
SM15717 ,S ,
SM15718 ,A ,
SM15719 ,S ,
SM15720 ,S ,
SM15721 ,S ,
SM15722 ,A ,
SM15723 ,A ,
SM15724 ,S ,
SM15725 ,S ,
SM15726 ,S ,
SM15727 ,S ,
SM15728 ,S ,
SM15729 ,S ,
SM15730 ,S ,
SM15731 ,S ,
SM15732 ,A ,
SM15733 ,S ,
SM15734 ,A ,
SM15735 ,S ,
SM15736 ,A ,
SM15737 ,S ,
SM15738 ,S ,
SM15739 ,A ,
SM15740 ,A ,
SM15741 ,S ,
SM15742 ,S ,
SM15743 ,S ,
SM15744 ,A ,
SM15745 ,S ,
SM15746 ,S ,
SM15747 ,S ,
SM15748 ,A ,
SM15749 ,A ,
SM15750 ,S ,
SM15751 ,A ,
SM15752 ,S ,
SM15753 ,S ,
SM15754 ,S ,
SM15755 ,A ,
SM15756 ,S ,
SM15757 ,A ,
SM15758 ,S ,
SM15759 ,S ,
SM15760 ,S ,
SM15761 ,S ,
SM15762 ,S ,
SM15763 ,S ,
SM15764 ,S ,
SM15765 ,S ,
SM15766 ,S ,
SM15767 ,A ,
SM15768 ,A ,
SM15769 ,S ,
SM15770 ,A ,
SM15771 ,S ,
SM15772 ,S ,
SM15773 ,S ,
SM15774 ,S ,
SM15775 ,S ,
SM15776 ,S ,
SM15777 ,S ,
SM15778 ,A ,
SM15779 ,S ,
SM15780 ,S ,
SM15781 ,A ,
SM15782 ,A ,
SM15783 ,A ,
SM15784 ,S ,
SM15785 ,S ,
SM15786 ,A ,
SM15787 ,A ,
SM15788 ,S ,
SM15789 ,S ,
SM15790 ,A ,
SM15791 ,S ,
SM15793 ,S ,
SM15794 ,S ,
SM15795 ,A ,
SM15796 ,A ,
SM15797 ,S ,
SM15798 ,A ,
SM15799 ,S ,
SM15800 ,S ,
SM15801 ,A ,
SM15802 ,S ,
SM15803 ,A ,
SM15804 ,S ,
SM15805 ,S ,
SM15806 ,S ,
SM15807 ,S ,
SM15808 ,S ,
SM15809 ,A ,
SM15810 ,S ,
SM15811 ,S ,
SM15812 ,S ,
SM15813 ,S ,
SM15814 ,A ,
SM15815 ,S ,
SM15816 ,A ,
SM15817 ,S ,
SM15818 ,S ,
SM15819 ,S ,
SM15820 ,S ,
SM15821 ,S ,
SM15822 ,S ,
SM15823 ,A ,
SM15824 ,S ,
SM15825 ,S ,
SM15826 ,A ,
SM15827 ,A ,
SM15828 ,S ,
SM15829 ,A ,
SM15830 ,S ,
SM15831 ,A ,
SM15832 ,A ,
SM15833 ,S ,
SM15834 ,S ,
SM15835 ,S ,
SM15836 ,S ,
SM15837 ,A ,
SM15838 ,S ,
SM15839 ,S ,
SM15840 ,S ,
SM15842 ,S ,
SM15843 ,A ,
SM15844 ,S ,
SM15845 ,S ,
SM15846 ,S ,
SM15847 ,S ,
SM15848 ,S ,
SM15849 ,S ,
SM15850 ,S ,
SM15851 ,A ,
SM15852 ,S ,
SM15853 ,A ,
SM15854 ,S ,
SM15855 ,S ,
SM15856 ,S ,
SM15857 ,S ,
SM15858 ,S ,
SM15859 ,S ,
SM15860 ,S ,
SM15861 ,S ,
SM15862 ,S ,
SM15863 ,S ,
SM15864 ,S ,
SM15865 ,A ,
SM15866 ,S ,
SM15867 ,A ,
SM15868 ,S ,
SM15869 ,A ,
SM15870 ,S ,
SM15871 ,S ,
SM15872 ,A ,
SM15873 ,A ,
SM15874 ,S ,
SM15875 ,S ,
SM15876 ,S ,
SM15877 ,S ,
SM15878 ,S ,
SM15879 ,S ,
SM15880 ,S ,
SM15881 ,S ,
SM15882 ,A ,
SM15883 ,S ,
SM15884 ,A ,
SM15885 ,S ,
SM15886 ,S ,
SM15887 ,S ,
SM15888 ,S ,
SM15889 ,S ,
SM15890 ,S ,
SM15891 ,A ,
SM15892 ,S ,
SM15893 ,S ,
SM15894 ,S ,
SM15895 ,S ,
SM15896 ,A ,
SM15897 ,A ,
SM15898 ,S ,
SM15899 ,A ,
SM15900 ,S ,
SM15901 ,S ,
SM15902 ,S ,
SM15903 ,A ,
SM15904 ,S ,
SM15905 ,S ,
SM15906 ,S ,
SM15907 ,S ,
SM15908 ,A ,
SM15909 ,A ,
SM15910 ,S ,
SM15911 ,A ,
SM15912 ,A ,
SM15913 ,A ,
SM15914 ,S ,
SM15915 ,S ,
SM15916 ,S ,
SM15917 ,S ,
SM15918 ,A ,
SM15919 ,S ,
SM15920 ,S ,
SM15921 ,S ,
SM15922 ,S ,
SM15923 ,S ,
SM15924 ,A ,
SM15925 ,S ,
SM15926 ,S ,
SM15927 ,A ,
SM15928 ,S ,
SM15929 ,A ,
SM15930 ,S ,
SM15931 ,S ,
SM15932 ,S ,
SM15933 ,S ,
SM15934 ,A ,
SM15935 ,S ,
SM15936 ,S ,
SM15937 ,A ,
SM15938 ,S ,
SM15939 ,A ,
SM15940 ,S ,
SM15941 ,A ,
SM15942 ,S ,
SM15943 ,A ,
SM15944 ,A ,
SM15945 ,A ,
SM15946 ,A ,
SM15947 ,S ,
SM15948 ,S ,
SM15949 ,S ,
SM15950 ,S ,
SM15951 ,A ,
SM15952 ,S ,
SM15953 ,S ,
SM15954 ,A ,
SM15955 ,A ,
SM15956 ,S ,
SM15957 ,S ,
SM15958 ,S ,
SM15959 ,S ,
SM15960 ,A ,
SM15961 ,A ,
SM15962 ,S ,
SM15963 ,S ,
SM15964 ,S ,
SM15965 ,A ,
SM15966 ,S ,
SM15967 ,S ,
SM15968 ,A ,
SM15969 ,A ,
SM15970 ,S ,
SM15971 ,A ,
SM15972 ,S ,
SM15973 ,S ,
SM15974 ,A ,
SM15975 ,S ,
SM15976 ,S ,
SM15977 ,A ,
SM15978 ,S ,
SM15979 ,S ,
SM15980 ,A ,
SM15981 ,S ,
SM15982 ,A ,
SM15983 ,S ,
SM15984 ,A ,
SM15985 ,A ,
SM15986 ,S ,
SM15987 ,S ,
SM15988 ,S ,
SM15989 ,S ,
SM15990 ,S ,
SM15991 ,S ,
SM15992 ,S ,
SM15994 ,A ,
SM15995 ,S ,
SM15996 ,A ,
SM15997 ,S ,
SM15998 ,S ,
SM15999 ,A ,
SM16000 ,A ,
SM16001 ,A ,
SM16002 ,A ,
SM16003 ,S ,
SM16004 ,S ,
SM16005 ,S ,
SM16006 ,A ,
SM16007 ,S ,
SM16008 ,S ,
SM16009 ,A ,
SM16010 ,S ,
SM16011 ,S ,
SM16012 ,S ,
SM16013 ,S ,
SM16014 ,A ,
SM16015 ,A ,
SM16016 ,A ,
SM16017 ,S ,
SM16018 ,S ,
SM16019 ,A ,
SM16020 ,S ,
SM16021 ,A ,
SM16022 ,S ,
SM16023 ,A ,
SM16024 ,S ,
SM16025 ,A ,
SM16026 ,A ,
SM16027 ,A ,
SM16028 ,A ,
SM16029 ,A ,
SM16030 ,S ,
SM16031 ,A ,
SM16032 ,A ,
SM16033 ,A ,
SM16034 ,A ,
SM16035 ,A ,
SM16036 ,A ,
SM16037 ,A ,
SM16038 ,A ,
SM16039 ,A ,
SM16040 ,A ,
SM16041 ,A ,
SM16042 ,S ,
SM16043 ,A ,
SM16044 ,A ,
SM16045 ,A ,
SM16046 ,A ,
SM16047 ,S ,
SM16048 ,A ,
SM16049 ,A ,
SM16050 ,S ,
SM16051 ,A ,
SM16052 ,S ,
SM16053 ,A ,
SM16054 ,S ,
SM16055 ,A ,
SM16056 ,S ,
SM16057 ,A ,
SM16058 ,S ,
SM16059 ,A ,
SM16060 ,S ,
SM16061 ,S ,
SM16062 ,S ,
SM16063 ,S ,
SM16064 ,S ,
SM16065 ,S ,
SM16066 ,S ,
SM16067 ,A ,
SM16068 ,S ,
SM16069 ,S ,
SM16070 ,A ,
SM16071 ,A ,
SM16072 ,S ,
SM16073 ,A ,
SM16074 ,S ,
SM16075 ,A ,
SM16076 ,S ,
SM16077 ,S ,
SM16078 ,A ,
SM16079 ,S ,
SM16080 ,S ,
SM16081 ,S ,
SM16082 ,A ,
SM16083 ,S ,
SM16084 ,A ,
SM16085 ,S ,
SM16086 ,S ,
SM16087 ,A ,
SM16088 ,S ,
SM16089 ,A ,
SM16090 ,S ,
SM16091 ,S ,
SM16092 ,S ,
SM16093 ,S ,
SM16094 ,S ,
SM16095 ,A ,
SM16096 ,S ,
SM16097 ,S ,
SM16098 ,S ,
SM16099 ,A ,
SM16100 ,S ,
SM16101 ,S ,
SM16102 ,A ,
SM16103 ,S ,
SM16104 ,S ,
SM16105 ,A ,
SM16106 ,S ,
SM16107 ,A ,
SM16108 ,S ,
SM16109 ,S ,
SM16110 ,A ,
SM16111 ,S ,
SM16112 ,A ,
SM16113 ,A ,
SM16114 ,S ,
SM16115 ,S ,
SM16116 ,A ,
SM16117 ,S ,
SM16118 ,S ,
SM16119 ,S ,
SM16120 ,A ,
SM16121 ,S ,
SM16122 ,A ,
SM16123 ,S ,
SM16124 ,A ,
SM16125 ,S ,
SM16126 ,S ,
SM16127 ,S ,
SM16128 ,A ,
SM16129 ,S ,
SM16130 ,S ,
SM16131 ,S ,
SM16132 ,A ,
SM16133 ,S ,
SM16134 ,S ,
SM16135 ,S ,
SM16136 ,A ,
SM16137 ,S ,
SM16138 ,S ,
SM16139 ,S ,
SM16140 ,S ,
SM16141 ,A ,
SM16142 ,S ,
SM16143 ,S ,
SM16144 ,A ,
SM16145 ,A ,
SM16146 ,S ,
SM16147 ,A ,
SM16148 ,A ,
SM16149 ,S ,
SM16150 ,A ,
SM16151 ,A ,
SM16152 ,S ,
SM16153 ,S ,
SM16154 ,A ,
SM16155 ,S ,
SM16156 ,A ,
SM16157 ,S ,
SM16158 ,S ,
SM16159 ,A ,
SM16160 ,S ,
SM16161 ,A ,
SM16162 ,S ,
SM16163 ,A ,
SM16164 ,A ,
SM16165 ,A ,
SM16166 ,A ,
SM16167 ,S ,
SM16168 ,S ,
SM16169 ,S ,
SM16170 ,S ,
SM16171 ,A ,
SM16172 ,A ,
SM16173 ,A ,
SM16174 ,S ,
SM16175 ,S ,
SM16176 ,A ,
SM16177 ,S ,
SM16178 ,S ,
SM16179 ,A ,
SM16180 ,S ,
SM16181 ,S ,
SM16182 ,S ,
SM16183 ,S ,
SM16184 ,A ,
SM16185 ,A ,
SM16186 ,A ,
SM16187 ,A ,
SM16188 ,S ,
SM16189 ,S ,
SM16190 ,S ,
SM16192 ,S ,
SM16193 ,S ,
SM16194 ,A ,
SM16195 ,S ,
SM16196 ,A ,
SM16197 ,S ,
SM16198 ,A ,
SM16199 ,S ,
SM16200 ,S ,
SM16201 ,A ,
SM16202 ,S ,
SM16203 ,A ,
SM16204 ,S ,
SM16205 ,S ,
SM16206 ,S ,
SM16207 ,S ,
SM16208 ,S ,
SM16209 ,S ,
SM16210 ,S ,
SM16211 ,A ,
SM16212 ,A ,
SM16213 ,S ,
SM16214 ,S ,
SM16215 ,A ,
SM16216 ,A ,
SM16217 ,A ,
SM16218 ,A ,
SM16219 ,A ,
SM16220 ,A ,
SM16221 ,S ,
SM16222 ,A ,
SM16223 ,A ,
SM16224 ,A ,
SM16225 ,A ,
SM16226 ,S ,
SM16227 ,S ,
SM16228 ,A ,
SM16229 ,A ,
SM16230 ,A ,
SM16231 ,A ,
SM16232 ,S ,
SM16233 ,S ,
SM16234 ,A ,
SM16235 ,A ,
SM16236 ,A ,
SM16237 ,S ,
SM16238 ,A ,
SM16239 ,A ,
SM16240 ,A ,
SM16241 ,S ,
SM16242 ,S ,
SM16243 ,A ,
SM16244 ,S ,
SM16245 ,S ,
SM16246 ,S ,
SM16247 ,S ,
SM16248 ,S ,
SM16249 ,S ,
SM16250 ,S ,
SM16251 ,S ,
SM16252 ,A ,
SM16254 ,S ,
SM16255 ,S ,
SM16256 ,A ,
SM16257 ,A ,
SM16258 ,S ,
SM16259 ,S ,
SM16260 ,S ,
SM16261 ,A ,
SM16262 ,A ,
SM16263 ,S ,
SM16264 ,S ,
SM16265 ,S ,
SM16266 ,S ,
SM16267 ,A ,
SM16268 ,S ,
SM16269 ,A ,
SM16270 ,A ,
SM16271 ,S ,
SM16272 ,S ,
SM16273 ,S ,
SM16274 ,S ,
SM16275 ,S ,
SM16276 ,S ,
SM16277 ,S ,
SM16278 ,S ,
SM16279 ,S ,
SM16280 ,S ,
SM16281 ,S ,
SM16282 ,S ,
SM16283 ,S ,
SM16284 ,S ,
SM16285 ,S ,
SM16286 ,S ,
SM16287 ,A ,
SM16288 ,S ,
SM16289 ,A ,
SM16290 ,S ,
SM16291 ,A ,
SM16292 ,S ,
SM16293 ,S ,
SM16294 ,S ,
SM16295 ,A ,
SM16296 ,A ,
SM16297 ,A ,
SM16298 ,S ,
SM16299 ,S ,
SM16300 ,A ,
SM16301 ,A ,
SM16302 ,A ,
SM16303 ,S ,
SM16304 ,S ,
SM16305 ,S ,
SM16306 ,S ,
SM16307 ,S ,
SM16308 ,S ,
SM16309 ,S ,
SM16310 ,S ,
SM16311 ,S ,
SM16312 ,S ,
SM16313 ,S ,
SM16314 ,A ,
SM16315 ,S ,
SM16316 ,S ,
SM16317 ,S ,
SM16318 ,S ,
SM16319 ,A ,
SM16320 ,S ,
SM16321 ,A ,
SM16322 ,A ,
SM16323 ,S ,
SM16324 ,A ,
SM16325 ,A ,
SM16326 ,A ,
SM16327 ,A ,
SM16329 ,A ,
SM16330 ,S ,
SM16331 ,S ,
SM16332 ,S ,
SM16333 ,S ,
SM16334 ,S ,
SM16335 ,S ,
SM16336 ,S ,
SM16337 ,S ,
SM16338 ,S ,
SM16339 ,S ,
SM16340 ,A ,
SM16341 ,S ,
SM16343 ,A ,
SM16344 ,S ,
SM16345 ,S ,
SM16346 ,A ,
SM16347 ,A ,
SM16348 ,A ,
SM16349 ,S ,
SM16350 ,A ,
SM16351 ,A ,
SM16352 ,S ,
SM16353 ,A ,
SM16354 ,S ,
SM16355 ,A ,
SM16356 ,A ,
SM16357 ,A ,
SM16358 ,S ,
SM16359 ,A ,
SM16360 ,S ,
SM16361 ,S ,
SM16362 ,S ,
SM16363 ,S ,
SM16364 ,A ,
SM16366 ,S ,
SM16367 ,A ,
SM16368 ,A ,
SM16369 ,A ,
SM16370 ,S ,
SM16371 ,S ,
SM16372 ,S ,
SM16373 ,A ,
SM16374 ,S ,
SM16375 ,S ,
SM16376 ,A ,
SM16377 ,A ,
SM16378 ,A ,
SM16379 ,A ,
SM16380 ,A ,
SM16381 ,A ,
SM16382 ,A ,
SM16383 ,S ,
SM16384 ,S ,
SM16385 ,A ,
SM16386 ,A ,
SM16387 ,S ,
SM16388 ,A ,
SM16389 ,S ,
SM16390 ,S ,
SM16391 ,S ,
SM16392 ,S ,
SM16393 ,S ,
SM16394 ,S ,
SM16395 ,S ,
SM16396 ,A ,
SM16397 ,A ,
SM16398 ,A ,
SM16399 ,A ,
SM16400 ,S ,
SM16401 ,A ,
SM16402 ,S ,
SM16403 ,S ,
SM16404 ,S ,
SM16405 ,A ,
SM16406 ,S ,
SM16407 ,A ,
SM16408 ,A ,
SM16409 ,A ,
SM16410 ,A ,
SM16411 ,S ,
SM16412 ,A ,
SM16413 ,A ,
SM16414 ,S ,
SM16415 ,S ,
SM16416 ,S ,
SM16417 ,S ,
SM16418 ,S ,
SM16419 ,S ,
SM16420 ,A ,
SM16421 ,A ,
SM16422 ,S ,
SM16423 ,A ,
SM16424 ,S ,
SM16425 ,S ,
SM16426 ,S ,
SM16427 ,A ,
SM16428 ,A ,
SM16429 ,A ,
SM16430 ,S ,
SM16431 ,A ,
SM16432 ,S ,
SM16433 ,A ,
SM16434 ,A ,
SM16435 ,S ,
SM16436 ,S ,
SM16437 ,S ,
SM16438 ,A ,
SM16439 ,A ,
SM16440 ,A ,
SM16441 ,S ,
SM16442 ,S ,
SM16443 ,S ,
SM16444 ,A ,
SM16445 ,S ,
SM16446 ,S ,
SM16447 ,S ,
SM16448 ,S ,
SM16449 ,S ,
SM16451 ,A ,
SM16452 ,S ,
SM16453 ,S ,
SM16454 ,A ,
SM16455 ,S ,
SM16456 ,S ,
SM16457 ,S ,
SM16458 ,S ,
SM16459 ,S ,
SM16460 ,S ,
SM16461 ,S ,
SM16462 ,A ,
SM16463 ,S ,
SM16464 ,S ,
SM16465 ,A ,
SM16466 ,A ,
SM16467 ,S ,
SM16468 ,S ,
SM16469 ,A ,
SM16470 ,A ,
SM16471 ,S ,
SM16472 ,S ,
SM16473 ,A ,
SM16474 ,S ,
SM16475 ,A ,
SM16476 ,A ,
SM16477 ,A ,
SM16478 ,S ,
SM16479 ,S ,
SM16480 ,A ,
SM16481 ,S ,
SM16482 ,A ,
SM16483 ,A ,
SM16484 ,S ,
SM16485 ,S ,
SM16486 ,A ,
SM16487 ,S ,
SM16488 ,A ,
SM16489 ,A ,
SM16490 ,A ,
SM16491 ,A ,
SM16492 ,A ,
SM16493 ,S ,
SM16494 ,A ,
SM16495 ,S ,
SM16496 ,S ,
SM16497 ,S ,
SM16498 ,A ,
SM16499 ,A ,
SM16500 ,S ,
SM16501 ,A ,
SM16502 ,A ,
SM16503 ,A ,
SM16504 ,S ,
SM16505 ,S ,
SM16506 ,A ,
SM16507 ,S ,
SM16508 ,S ,
SM16509 ,S ,
SM16510 ,A ,
SM16511 ,A ,
SM16512 ,A ,
SM16513 ,S ,
SM16514 ,S ,
SM16515 ,S ,
SM16516 ,S ,
SM16517 ,A ,
SM16518 ,S ,
SM16519 ,A ,
SM16520 ,S ,
SM16521 ,A ,
SM16522 ,A ,
SM16523 ,S ,
SM16524 ,A ,
SM16525 ,S ,
SM16526 ,S ,
SM16527 ,S ,
SM16528 ,S ,
SM16529 ,A ,
SM16530 ,S ,
SM16531 ,A ,
SM16532 ,A ,
SM16533 ,S ,
SM16534 ,S ,
SM16535 ,A ,
SM16536 ,S ,
SM16537 ,S ,
SM16538 ,S ,
SM16539 ,S ,
SM16540 ,S ,
SM16541 ,A ,
SM16542 ,A ,
SM16543 ,S ,
SM16544 ,S ,
SM16545 ,S ,
SM16546 ,S ,
SM16547 ,A ,
SM16548 ,A ,
SM16549 ,A ,
SM16550 ,S ,
SM16551 ,A ,
SM16552 ,A ,
SM16553 ,S ,
SM16554 ,A ,
SM16555 ,S ,
SM16556 ,A ,
SM16557 ,S ,
SM16558 ,A ,
SM16559 ,S ,
SM16560 ,A ,
SM16561 ,S ,
SM16562 ,A ,
SM16563 ,S ,
SM16564 ,A ,
SM16565 ,S ,
SM16566 ,S ,
SM16567 ,S ,
SM16568 ,S ,
SM16569 ,A ,
SM16570 ,S ,
SM16571 ,A ,
SM16573 ,A ,
SM16574 ,A ,
SM16575 ,A ,
SM16576 ,S ,
SM16577 ,S ,
SM16578 ,S ,
SM16579 ,S ,
SM16580 ,A ,
SM16581 ,A ,
SM16582 ,A ,
SM16583 ,A ,
SM16584 ,A ,
SM16585 ,S ,
SM16586 ,S ,
SM16587 ,A ,
SM16588 ,S ,
SM16589 ,S ,
SM16590 ,A ,
SM16591 ,S ,
SM16592 ,A ,
SM16593 ,S ,
SM16594 ,S ,
SM16595 ,A ,
SM16596 ,S ,
SM16597 ,S ,
SM16598 ,S ,
SM16599 ,A ,
SM16600 ,A ,
SM16601 ,S ,
SM16602 ,A ,
SM16603 ,S ,
SM16604 ,A ,
SM16605 ,A ,
SM16606 ,A ,
SM16607 ,A ,
SM16608 ,S ,
SM16609 ,A ,
SM16610 ,A ,
SM16611 ,A ,
SM16612 ,A ,
SM16613 ,S ,
SM16614 ,S ,
SM16615 ,S ,
SM16616 ,A ,
SM16617 ,S ,
SM16618 ,S ,
SM16619 ,S ,
SM16620 ,S ,
SM16621 ,S ,
SM16622 ,S ,
SM16623 ,S ,
SM16624 ,A ,
SM16625 ,S ,
SM16626 ,S ,
SM16627 ,S ,
SM16628 ,A ,
SM16629 ,S ,
SM16630 ,A ,
SM16631 ,S ,
SM16632 ,A ,
SM16633 ,S ,
SM16634 ,S ,
SM16635 ,S ,
SM16636 ,S ,
SM16637 ,S ,
SM16638 ,S ,
SM16639 ,S ,
SM16640 ,S ,
SM16641 ,S ,
SM16642 ,S ,
SM16643 ,A ,
SM16644 ,A ,
SM16645 ,S ,
SM16646 ,A ,
SM16647 ,S ,
SM16648 ,S ,
SM16649 ,S ,
SM16650 ,A ,
SM16651 ,S ,
SM16652 ,S ,
SM16653 ,S ,
SM16654 ,S ,
SM16655 ,S ,
SM16656 ,A ,
SM16657 ,A ,
SM16658 ,S ,
SM16659 ,S ,
SM16660 ,A ,
SM16661 ,S ,
SM16662 ,A ,
SM16663 ,S ,
SM16664 ,A ,
SM16665 ,A ,
SM16666 ,S ,
SM16667 ,A ,
SM16668 ,S ,
SM16669 ,A ,
SM16670 ,S ,
SM16671 ,S ,
SM16672 ,S ,
SM16673 ,A ,
SM16674 ,A ,
SM16675 ,S ,
SM16676 ,S ,
SM16677 ,A ,
SM16678 ,S ,
SM16679 ,A ,
SM16680 ,S ,
SM16681 ,A ,
SM16682 ,S ,
SM16683 ,S ,
SM16684 ,A ,
SM16685 ,A ,
SM16686 ,A ,
SM16687 ,S ,
SM16688 ,S ,
SM16689 ,S ,
SM16690 ,A ,
SM16691 ,S ,
SM16692 ,A ,
SM16693 ,S ,
SM16694 ,S ,
SM16695 ,S ,
SM16696 ,S ,
SM16697 ,S ,
SM16698 ,S ,
SM16699 ,A ,
SM16700 ,A ,
SM16701 ,A ,
SM16702 ,A ,
SM16703 ,A ,
SM16704 ,S ,
SM16705 ,S ,
SM16706 ,S ,
SM16707 ,S ,
SM16708 ,A ,
SM16709 ,A ,
SM16710 ,A ,
SM16711 ,S ,
SM16712 ,S ,
SM16713 ,S ,
SM16714 ,A ,
SM16715 ,A ,
SM16716 ,S ,
SM16717 ,A ,
SM16718 ,S ,
SM16719 ,A ,
SM16720 ,A ,
SM16721 ,S ,
SM16722 ,A ,
SM16723 ,S ,
SM16724 ,A ,
SM16725 ,S ,
SM16726 ,S ,
SM16727 ,S ,
SM16728 ,S ,
SM16729 ,S ,
SM16730 ,A ,
SM16731 ,A ,
SM16732 ,A ,
SM16733 ,A ,
SM16734 ,S ,
SM16735 ,A ,
SM16736 ,S ,
SM16737 ,A ,
SM16738 ,A ,
SM16739 ,S ,
SM16740 ,A ,
SM16741 ,S ,
SM16742 ,S ,
SM16743 ,S ,
SM16744 ,A ,
SM16745 ,S ,
SM16746 ,S ,
SM16747 ,S ,
SM16748 ,S ,
SM16749 ,A ,
SM16750 ,A ,
SM16751 ,S ,
SM16752 ,S ,
SM16753 ,A ,
SM16754 ,S ,
SM16755 ,A ,
SM16756 ,A ,
SM16757 ,S ,
SM16758 ,S ,
SM16759 ,A ,
SM16760 ,S ,
SM16761 ,S ,
SM16762 ,A ,
SM16763 ,A ,
SM16764 ,S ,
SM16765 ,S ,
SM16766 ,S ,
SM16767 ,A ,
SM16768 ,A ,
SM16769 ,A ,
SM16770 ,S ,
SM16771 ,S ,
SM16772 ,S ,
SM16773 ,S ,
SM16774 ,A ,
SM16775 ,A ,
SM16776 ,S ,
SM16777 ,A ,
SM16778 ,S ,
SM16779 ,S ,
SM16780 ,S ,
SM16781 ,S ,
SM16782 ,S ,
SM16783 ,S ,
SM16784 ,S ,
SM16785 ,S ,
SM16786 ,S ,
SM16787 ,A ,
SM16788 ,S ,
SM16789 ,S ,
SM16790 ,A ,
SM16791 ,A ,
SM16792 ,A ,
SM16793 ,S ,
SM16794 ,S ,
SM16795 ,A ,
SM16796 ,S ,
SM16797 ,A ,
SM16798 ,S ,
SM16799 ,A ,
SM16800 ,A ,
SM16801 ,A ,
SM16802 ,S ,
SM16803 ,S ,
SM16804 ,A ,
SM16805 ,S ,
SM16806 ,A ,
SM16807 ,A ,
SM16808 ,S ,
SM16809 ,S ,
SM16810 ,S ,
SM16811 ,A ,
SM16812 ,S ,
SM16813 ,A ,
SM16814 ,A ,
SM16815 ,S ,
SM16816 ,S ,
SM16817 ,S ,
SM16818 ,S ,
SM16819 ,S ,
SM16820 ,S ,
SM16821 ,S ,
SM16822 ,S ,
SM16823 ,S ,
SM16824 ,S ,
SM16825 ,S ,
SM16826 ,S ,
SM16827 ,A ,
SM16828 ,A ,
SM16829 ,A ,
SM16830 ,S ,
SM16831 ,A ,
SM16832 ,S ,
SM16833 ,S ,
SM16834 ,S ,
SM16835 ,S ,
SM16836 ,S ,
SM16837 ,S ,
SM16838 ,S ,
SM16839 ,A ,
SM16840 ,A ,
SM16841 ,S ,
SM16842 ,S ,
SM16843 ,A ,
SM16844 ,A ,
SM16845 ,S ,
SM16846 ,S ,
SM16847 ,A ,
SM16848 ,A ,
SM16849 ,A ,
SM16850 ,S ,
SM16851 ,A ,
SM16852 ,S ,
SM16853 ,S ,
SM16854 ,S ,
SM16855 ,A ,
SM16856 ,S ,
SM16857 ,A ,
SM16858 ,S ,
SM16859 ,S ,
SM16860 ,A ,
SM16861 ,A ,
SM16862 ,S ,
SM16863 ,S ,
SM16864 ,S ,
SM16865 ,S ,
SM16866 ,S ,
SM16867 ,S ,
SM16868 ,A ,
SM16869 ,S ,
SM16870 ,A ,
SM16871 ,A ,
SM16873 ,S ,
SM16874 ,A ,
SM16875 ,S ,
SM16876 ,A ,
SM16877 ,A ,
SM16878 ,A ,
SM16879 ,S ,
SM16880 ,A ,
SM16881 ,S ,
SM16882 ,A ,
SM16883 ,S ,
SM16884 ,S ,
SM16885 ,A ,
SM16886 ,S ,
SM16887 ,S ,
SM16888 ,A ,
SM16889 ,S ,
SM16890 ,S ,
SM16891 ,S ,
SM16892 ,A ,
SM16893 ,S ,
SM16894 ,S ,
SM16895 ,A ,
SM16896 ,A ,
SM16897 ,S ,
SM16898 ,S ,
SM16899 ,S ,
SM16900 ,A ,
SM16901 ,S ,
SM16902 ,A ,
SM16903 ,S ,
SM16904 ,S ,
SM16905 ,S ,
SM16906 ,S ,
SM16907 ,A ,
SM16908 ,S ,
SM16909 ,A ,
SM16910 ,S ,
SM16911 ,S ,
SM16912 ,A ,
SM16913 ,S ,
SM16914 ,A ,
SM16915 ,S ,
SM16916 ,A ,
SM16917 ,A ,
SM16918 ,A ,
SM16919 ,S ,
SM16920 ,S ,
SM16921 ,S ,
SM16922 ,S ,
SM16923 ,S ,
SM16924 ,S ,
SM16925 ,S ,
SM16926 ,A ,
SM16927 ,A ,
SM16928 ,S ,
SM16929 ,A ,
SM16930 ,A ,
SM16931 ,A ,
SM16932 ,A ,
SM16933 ,S ,
SM16934 ,S ,
SM16935 ,S ,
SM16936 ,S ,
SM16937 ,S ,
SM16938 ,A ,
SM16939 ,A ,
SM16940 ,S ,
SM16941 ,A ,
SM16942 ,A ,
SM16943 ,S ,
SM16944 ,A ,
SM16945 ,A ,
SM16946 ,S ,
SM16947 ,A ,
SM16948 ,S ,
SM16949 ,S ,
SM16950 ,S ,
SM16951 ,S ,
SM16952 ,S ,
SM16953 ,S ,
SM16954 ,S ,
SM16955 ,S ,
SM16956 ,S ,
SM16957 ,S ,
SM16958 ,S ,
SM16959 ,S ,
SM16960 ,S ,
SM16961 ,S ,
SM16962 ,S ,
SM16963 ,S ,
SM16964 ,S ,
SM16965 ,S ,
SM16966 ,S ,
SM16967 ,S ,
SM16968 ,S ,
SM16969 ,S ,
SM16970 ,A ,
SM16971 ,S ,
SM16972 ,S ,
SM16973 ,S ,
SM16974 ,S ,
SM16975 ,A ,
SM16976 ,S ,
SM16977 ,S ,
SM16978 ,S ,
SM16979 ,S ,
SM16980 ,S ,
SM16981 ,S ,
SM16982 ,S ,
SM16983 ,S ,
SM16984 ,S ,
SM16985 ,A ,
SM16986 ,S ,
SM16987 ,S ,
SM16988 ,S ,
SM16989 ,S ,
SM16990 ,A ,
SM16991 ,S ,
SM16992 ,A ,
SM16993 ,S ,
SM16994 ,S ,
SM16995 ,S ,
SM16996 ,S ,
SM16997 ,S ,
SM16998 ,S ,
SM16999 ,S ,
SM17000 ,S ,
SM17001 ,S ,
SM17002 ,A ,
SM17003 ,A ,
SM17004 ,A ,
SM17005 ,A ,
SM17006 ,S ,
SM17007 ,S ,
SM17008 ,S ,
SM17009 ,S ,
SM17010 ,S ,
SM17011 ,S ,
SM17012 ,S ,
SM17013 ,S ,
SM17014 ,S ,
SM17015 ,A ,
SM17016 ,S ,
SM17017 ,A ,
SM17018 ,S ,
SM17019 ,S ,
SM17020 ,S ,
SM17021 ,A ,
SM17022 ,S ,
SM17023 ,S ,
SM17024 ,A ,
SM17025 ,A ,
SM17026 ,S ,
SM17027 ,A ,
SM17028 ,S ,
SM17029 ,S ,
SM17030 ,A ,
SM17031 ,A ,
SM17032 ,S ,
SM17033 ,S ,
SM17034 ,S ,
SM17035 ,S ,
SM17036 ,S ,
SM17037 ,S ,
SM17038 ,S ,
SM17039 ,S ,
SM17040 ,S ,
SM17041 ,S ,
SM17042 ,S ,
SM17043 ,S ,
SM17044 ,A ,
SM17045 ,S ,
SM17046 ,S ,
SM17047 ,A ,
SM17048 ,S ,
SM17049 ,A ,
SM17050 ,A ,
SM17051 ,A ,
SM17052 ,A ,
SM17053 ,S ,
SM17054 ,A ,
SM17055 ,S ,
SM17056 ,A ,
SM17057 ,A ,
SM17058 ,A ,
SM17059 ,A ,
SM17060 ,S ,
SM17061 ,A ,
SM17062 ,A ,
SM17063 ,S ,
SM17064 ,A ,
SM17065 ,S ,
SM17066 ,S ,
SM17067 ,A ,
SM17068 ,S ,
SM17069 ,S ,
SM17070 ,A ,
SM17071 ,S ,
SM17072 ,S ,
SM17073 ,A ,
SM17074 ,S ,
SM17075 ,S ,
SM17076 ,A ,
SM17077 ,S ,
SM17078 ,S ,
SM17079 ,S ,
SM17080 ,A ,
SM17081 ,S ,
SM17082 ,A ,
SM17083 ,S ,
SM17084 ,S ,
SM17085 ,S ,
SM17086 ,S ,
SM17087 ,A ,
SM17088 ,S ,
SM17089 ,S ,
SM17090 ,A ,
SM17091 ,A ,
SM17092 ,A ,
SM17093 ,A ,
SM17094 ,S ,
SM17095 ,S ,
SM17096 ,A ,
SM17097 ,S ,
SM17098 ,S ,
SM17099 ,S ,
SM17100 ,A ,
SM17101 ,S ,
SM17102 ,S ,
SM17103 ,S ,
SM17104 ,S ,
SM17105 ,S ,
SM17106 ,A ,
SM17107 ,A ,
SM17108 ,S ,
SM17109 ,S ,
SM17110 ,S ,
SM17111 ,S ,
SM17112 ,A ,
SM17113 ,A ,
SM17114 ,S ,
SM17115 ,S ,
SM17116 ,A ,
SM17117 ,A ,
SM17118 ,S ,
SM17119 ,A ,
SM17120 ,A ,
SM17121 ,A ,
SM17122 ,S ,
SM17123 ,S ,
SM17124 ,S ,
SM17125 ,S ,
SM17126 ,S ,
SM17127 ,A ,
SM17128 ,A ,
SM17129 ,S ,
SM17130 ,A ,
SM17131 ,S ,
SM17132 ,S ,
SM17133 ,A ,
SM17134 ,S ,
SM17135 ,A ,
SM17136 ,S ,
SM17137 ,A ,
SM17138 ,S ,
SM17139 ,S ,
SM17140 ,A ,
SM17141 ,S ,
SM17142 ,S ,
SM17143 ,S ,
SM17144 ,S ,
SM17145 ,A ,
SM17146 ,S ,
SM17147 ,A ,
SM17148 ,S ,
SM17149 ,S ,
SM17150 ,A ,
SM17151 ,S ,
SM17152 ,A ,
SM17153 ,A ,
SM17154 ,A ,
SM17155 ,S ,
SM17156 ,S ,
SM17157 ,S ,
SM17158 ,S ,
SM17159 ,S ,
SM17160 ,S ,
SM17161 ,S ,
SM17162 ,A ,
SM17163 ,S ,
SM17164 ,A ,
SM17165 ,S ,
SM17166 ,S ,
SM17167 ,A ,
SM17168 ,A ,
SM17169 ,S ,
SM17170 ,S ,
SM17171 ,S ,
SM17172 ,S ,
SM17173 ,A ,
SM17174 ,S ,
SM17175 ,S ,
SM17176 ,A ,
SM17177 ,S ,
SM17178 ,A ,
SM17179 ,S ,
SM17180 ,A ,
SM17181 ,S ,
SM17182 ,A ,
SM17183 ,A ,
SM17184 ,S ,
SM17185 ,A ,
SM17186 ,A ,
SM17187 ,A ,
SM17188 ,S ,
SM17189 ,A ,
SM17190 ,S ,
SM17191 ,S ,
SM17193 ,A ,
SM17194 ,S ,
SM17195 ,A ,
SM17196 ,S ,
SM17197 ,A ,
SM17198 ,S ,
SM17199 ,S ,
SM17200 ,A ,
SM17201 ,S ,
SM17202 ,A ,
SM17203 ,S ,
SM17204 ,S ,
SM17205 ,S ,
SM17206 ,S ,
SM17207 ,S ,
SM17208 ,S ,
SM17209 ,S ,
SM17210 ,S ,
SM17211 ,A ,
SM17212 ,A ,
SM17213 ,A ,
SM17214 ,S ,
SM17215 ,A ,
SM17216 ,S ,
SM17217 ,S ,
SM17218 ,A ,
SM17219 ,S ,
SM17220 ,A ,
SM17221 ,A ,
SM17222 ,A ,
SM17223 ,S ,
SM17224 ,A ,
SM17225 ,A ,
SM17226 ,S ,
SM17227 ,S ,
SM17228 ,S ,
SM17229 ,S ,
SM17230 ,S ,
SM17231 ,S ,
SM17232 ,A ,
SM17233 ,A ,
SM17234 ,A ,
SM17235 ,S ,
SM17236 ,S ,
SM17237 ,A ,
SM17238 ,A ,
SM17239 ,A ,
SM17240 ,S ,
SM17241 ,A ,
SM17242 ,S ,
SM17243 ,A ,
SM17244 ,S ,
SM17245 ,S ,
SM17246 ,A ,
SM17247 ,A ,
SM17248 ,S ,
SM17249 ,S ,
SM17250 ,A ,
SM17251 ,S ,
SM17252 ,S ,
SM17253 ,S ,
SM17254 ,S ,
SM17255 ,S ,
SM17256 ,S ,
SM17257 ,S ,
SM17258 ,A ,
SM17259 ,S ,
SM17260 ,A ,
SM17261 ,S ,
SM17262 ,A ,
SM17263 ,S ,
SM17264 ,A ,
SM17265 ,A ,
SM17266 ,S ,
SM17267 ,S ,
SM17268 ,A ,
SM17269 ,S ,
SM17270 ,S ,
SM17271 ,S ,
SM17272 ,S ,
SM17273 ,S ,
SM17274 ,S ,
SM17275 ,S ,
SM17276 ,S ,
SM17277 ,S ,
SM17278 ,S ,
SM17279 ,A ,
SM17280 ,A ,
SM17281 ,S ,
SM17282 ,A ,
SM17283 ,S ,
SM17284 ,A ,
SM17285 ,S ,
SM17286 ,A ,
SM17287 ,S ,
SM17288 ,A ,
SM17289 ,S ,
SM17290 ,S ,
SM17291 ,A ,
SM17292 ,S ,
SM17293 ,S ,
SM17294 ,A ,
SM17295 ,S ,
SM17296 ,A ,
SM17297 ,A ,
SM17298 ,S ,
SM17299 ,A ,
SM17300 ,A ,
SM17301 ,S ,
SM17302 ,A ,
SM17303 ,S ,
SM17304 ,S ,
SM17305 ,S ,
SM17306 ,S ,
SM17307 ,S ,
SM17309 ,A ,
SM17310 ,A ,
SM17311 ,A ,
SM17312 ,S ,
SM17313 ,S ,
SM17314 ,S ,
SM17315 ,S ,
SM17316 ,A ,
SM17317 ,S ,
SM17318 ,S ,
SM17319 ,S ,
SM17320 ,A ,
SM17321 ,S ,
SM17322 ,S ,
SM17323 ,S ,
SM17324 ,A ,
SM17325 ,S ,
SM17326 ,S ,
SM17327 ,A ,
SM17328 ,S ,
SM17329 ,S ,
SM17330 ,S ,
SM17331 ,S ,
SM17332 ,S ,
SM17333 ,S ,
SM17334 ,S ,
SM17335 ,S ,
SM17336 ,S ,
SM17337 ,A ,
SM17338 ,S ,
SM17339 ,S ,
SM17340 ,A ,
SM17341 ,S ,
SM17342 ,A ,
SM17343 ,A ,
SM17344 ,S ,
SM17345 ,S ,
SM17346 ,A ,
SM17347 ,A ,
SM17348 ,S ,
SM17349 ,S ,
SM17350 ,S ,
SM17351 ,A ,
SM17352 ,S ,
SM17353 ,S ,
SM17354 ,A ,
SM17355 ,S ,
SM17357 ,A ,
SM17358 ,S ,
SM17359 ,A ,
SM17360 ,S ,
SM17361 ,A ,
SM17362 ,S ,
SM17363 ,A ,
SM17364 ,S ,
SM17365 ,S ,
SM17366 ,S ,
SM17367 ,A ,
SM17368 ,S ,
SM17369 ,S ,
SM17370 ,S ,
SM17371 ,A ,
SM17372 ,S ,
SM17373 ,A ,
SM17374 ,S ,
SM17375 ,A ,
SM17376 ,S ,
SM17377 ,A ,
SM17378 ,S ,
SM17379 ,S ,
SM17380 ,A ,
SM17381 ,A ,
SM17382 ,A ,
SM17383 ,S ,
SM17384 ,A ,
SM17385 ,A ,
SM17386 ,S ,
SM17387 ,S ,
SM17388 ,A ,
SM17389 ,A ,
SM17390 ,A ,
SM17391 ,A ,
SM17392 ,S ,
SM17393 ,A ,
SM17394 ,S ,
SM17395 ,A ,
SM17396 ,A ,
SM17397 ,S ,
SM17398 ,S ,
SM17399 ,S ,
SM17400 ,S ,
SM17401 ,A ,
SM17402 ,S ,
SM17403 ,S ,
SM17404 ,A ,
SM17405 ,S ,
SM17406 ,S ,
SM17407 ,S ,
SM17408 ,A ,
SM17409 ,S ,
SM17410 ,S ,
SM17411 ,S ,
SM17412 ,S ,
SM17413 ,S ,
SM17414 ,S ,
SM17415 ,S ,
SM17416 ,A ,
SM17417 ,S ,
SM17418 ,A ,
SM17419 ,S ,
SM17420 ,S ,
SM17421 ,S ,
SM17422 ,S ,
SM17423 ,A ,
SM17424 ,S ,
SM17425 ,S ,
SM17426 ,S ,
SM17427 ,S ,
SM17428 ,A ,
SM17429 ,A ,
SM17430 ,S ,
SM17431 ,A ,
SM17432 ,S ,
SM17433 ,S ,
SM17434 ,S ,
SM17435 ,A ,
SM17436 ,A ,
SM17437 ,S ,
SM17438 ,S ,
SM17439 ,S ,
SM17440 ,S ,
SM17441 ,S ,
SM17442 ,S ,
SM17443 ,A ,
SM17444 ,S ,
SM17445 ,S ,
SM17446 ,S ,
SM17447 ,A ,
SM17448 ,S ,
SM17449 ,S ,
SM17450 ,A ,
SM17451 ,S ,
SM17452 ,S ,
SM17453 ,A ,
SM17454 ,S ,
SM17455 ,A ,
SM17456 ,S ,
SM17457 ,S ,
SM17458 ,S ,
SM17459 ,S ,
SM17460 ,S ,
SM17461 ,S ,
SM17462 ,A ,
SM17463 ,S ,
SM17464 ,A ,
SM17465 ,S ,
SM17466 ,A ,
SM17467 ,S ,
SM17468 ,S ,
SM17469 ,S ,
SM17470 ,S ,
SM17471 ,S ,
SM17472 ,S ,
SM17473 ,S ,
SM17474 ,S ,
SM17475 ,A ,
SM17476 ,S ,
SM17477 ,A ,
SM17478 ,A ,
SM17479 ,S ,
SM17480 ,A ,
SM17481 ,S ,
SM17482 ,S ,
SM17483 ,S ,
SM17484 ,A ,
SM17485 ,S ,
SM17486 ,S ,
SM17487 ,A ,
SM17488 ,S ,
SM17489 ,S ,
SM17490 ,S ,
SM17491 ,S ,
SM17492 ,A ,
SM17493 ,S ,
SM17494 ,A ,
SM17495 ,S ,
SM17496 ,S ,
SM17497 ,A ,
SM17498 ,S ,
SM17499 ,S ,
SM17500 ,A ,
SM17501 ,S ,
SM17502 ,S ,
SM17503 ,S ,
SM17504 ,S ,
SM17505 ,S ,
SM17506 ,S ,
SM17507 ,S ,
SM17508 ,A ,
SM17509 ,A ,
SM17510 ,S ,
SM17511 ,S ,
SM17512 ,A ,
SM17513 ,S ,
SM17514 ,S ,
SM17515 ,S ,
SM17516 ,S ,
SM17517 ,A ,
SM17518 ,S ,
SM17519 ,S ,
SM17520 ,S ,
SM17521 ,A ,
SM17522 ,S ,
SM17523 ,S ,
SM17524 ,A ,
SM17525 ,S ,
SM17526 ,S ,
SM17527 ,A ,
SM17528 ,S ,
SM17529 ,S ,
SM17530 ,S ,
SM17531 ,S ,
SM17532 ,S ,
SM17533 ,S ,
SM17534 ,S ,
SM17535 ,S ,
SM17536 ,S ,
SM17537 ,S ,
SM17538 ,A ,
SM17539 ,A ,
SM17540 ,A ,
SM17541 ,A ,
SM17542 ,A ,
SM17543 ,S ,
SM17544 ,S ,
SM17545 ,S ,
SM17546 ,S ,
SM17547 ,S ,
SM17548 ,S ,
SM17549 ,S ,
SM17550 ,S ,
SM17551 ,A ,
SM17552 ,S ,
SM17553 ,S ,
SM17554 ,A ,
SM17555 ,S ,
SM17556 ,S ,
SM17557 ,A ,
SM17558 ,S ,
SM17559 ,S ,
SM17560 ,S ,
SM17561 ,S ,
SM17562 ,A ,
SM17563 ,S ,
SM17564 ,S ,
SM17565 ,A ,
SM17566 ,S ,
SM17567 ,S ,
SM17568 ,S ,
SM17569 ,A ,
SM17570 ,A ,
SM17571 ,S ,
SM17572 ,S ,
SM17573 ,A ,
SM17574 ,S ,
SM17575 ,S ,
SM17576 ,S ,
SM17577 ,S ,
SM17578 ,S ,
SM17579 ,A ,
SM17580 ,S ,
SM17581 ,S ,
SM17582 ,A ,
SM17583 ,S ,
SM17584 ,A ,
SM17585 ,S ,
SM17586 ,A ,
SM17587 ,S ,
SM17588 ,S ,
SM17589 ,S ,
SM17590 ,S ,
SM17591 ,S ,
SM17592 ,S ,
SM17593 ,S ,
SM17594 ,S ,
SM17595 ,S ,
SM17596 ,S ,
SM17597 ,S ,
SM17598 ,A ,
SM17599 ,S ,
SM17600 ,A ,
SM17601 ,S ,
SM17602 ,S ,
SM17603 ,S ,
SM17604 ,A ,
SM17605 ,A ,
SM17606 ,A ,
SM17607 ,S ,
SM17608 ,A ,
SM17609 ,S ,
SM17610 ,S ,
SM17611 ,S ,
SM17612 ,S ,
SM17613 ,S ,
SM17614 ,A ,
SM17615 ,S ,
SM17616 ,S ,
SM17617 ,S ,
SM17618 ,A ,
SM17619 ,S ,
SM17620 ,S ,
SM17621 ,A ,
SM17622 ,A ,
SM17623 ,S ,
SM17624 ,S ,
SM17625 ,A ,
SM17626 ,A ,
SM17627 ,S ,
SM17628 ,A ,
SM17630 ,A ,
SM17631 ,A ,
SM17632 ,S ,
SM17633 ,S ,
SM17634 ,S ,
SM17635 ,S ,
SM17636 ,S ,
SM17637 ,A ,
SM17638 ,A ,
SM17639 ,S ,
SM17640 ,A ,
SM17641 ,S ,
SM17642 ,A ,
SM17643 ,S ,
SM17644 ,S ,
SM17645 ,A ,
SM17646 ,S ,
SM17647 ,A ,
SM17648 ,A ,
SM17649 ,A ,
SM17650 ,A ,
SM17651 ,A ,
SM17652 ,A ,
SM17653 ,S ,
SM17654 ,A ,
SM17655 ,A ,
SM17656 ,S ,
SM17657 ,S ,
SM17658 ,A ,
SM17659 ,A ,
SM17660 ,S ,
SM17661 ,S ,
SM17662 ,A ,
SM17663 ,A ,
SM17664 ,A ,
SM17665 ,A ,
SM17666 ,S ,
SM17667 ,S ,
SM17668 ,A ,
SM17669 ,A ,
SM17670 ,A ,
SM17671 ,S ,
SM17672 ,A ,
SM17673 ,A ,
SM17674 ,A ,
SM17675 ,A ,
SM17676 ,S ,
SM17677 ,A ,
SM17678 ,S ,
SM17679 ,S ,
SM17680 ,S ,
SM17681 ,A ,
SM17682 ,A ,
SM17683 ,A ,
SM17684 ,A ,
SM17685 ,S ,
SM17686 ,A ,
SM17687 ,A ,
SM17689 ,S ,
SM17690 ,A ,
SM17691 ,S ,
SM17692 ,A ,
SM17693 ,S ,
SM17694 ,A ,
SM17695 ,S ,
SM17696 ,S ,
SM17697 ,S ,
SM17698 ,S ,
SM17699 ,S ,
SM17700 ,A ,
SM17701 ,S ,
SM17702 ,S ,
SM17703 ,A ,
SM17704 ,A ,
SM17705 ,A ,
SM17706 ,S ,
SM17707 ,S ,
SM17708 ,A ,
SM17709 ,A ,
SM17710 ,A ,
SM17711 ,S ,
SM17712 ,S ,
SM17713 ,S ,
SM17714 ,A ,
SM17715 ,S ,
SM17716 ,A ,
SM17717 ,S ,
SM17718 ,A ,
SM17719 ,S ,
SM17720 ,S ,
SM17721 ,S ,
SM17722 ,A ,
SM17723 ,A ,
SM17724 ,A ,
SM17725 ,A ,
SM17726 ,A ,
SM17728 ,S ,
SM17729 ,A ,
SM17730 ,A ,
SM17731 ,S ,
SM17732 ,A ,
SM17733 ,A ,
SM17737 ,S ,
SM17738 ,S ,
SM17739 ,A ,
SM17740 ,S ,
SM17741 ,A ,
SM17742 ,A ,
SM17743 ,S ,
SM17744 ,A ,
SM17745 ,A ,
SM17746 ,A ,
SM17747 ,A ,
SM17748 ,A ,
SM17749 ,S ,
SM17750 ,S ,
SM17751 ,A ,
SM17752 ,S ,
SM17753 ,A ,
SM17754 ,S ,
SM17755 ,A ,
SM17756 ,S ,
SM17757 ,A ,
SM17758 ,A ,
SM17759 ,S ,
SM17760 ,A ,
SM17761 ,A ,
SM17762 ,S ,
SM17763 ,A ,
SM17764 ,S ,
SM17765 ,S ,
SM17766 ,A ,
SM17767 ,S ,
SM17768 ,A ,
SM17769 ,A ,
SM17770 ,A ,
SM17771 ,A ,
SM17772 ,A ,
SM17773 ,S ,
SM17774 ,A ,
SM17775 ,S ,
SM17776 ,S ,
SM17777 ,A ,
SM17778 ,A ,
SM17779 ,A ,
SM17780 ,A ,
SM17781 ,S ,
SM17782 ,S ,
SM17783 ,S ,
SM17784 ,S ,
SM17785 ,A ,
SM17786 ,A ,
SM17787 ,A ,
SM17788 ,A ,
SM17789 ,A ,
SM17790 ,A ,
SM17791 ,S ,
SM17792 ,A ,
SM17793 ,A ,
SM17794 ,A ,
SM17795 ,S ,
SM17796 ,S ,
SM17797 ,S ,
SM17798 ,A ,
SM17799 ,S ,
SM17800 ,A ,
SM17801 ,A ,
SM17803 ,S ,
SM17804 ,A ,
SM17805 ,A ,
SM17806 ,S ,
SM17807 ,A ,
SM17808 ,S ,
SM17809 ,A ,
SM17810 ,A ,
SM17811 ,A ,
SM17812 ,S ,
SM17813 ,A ,
SM17814 ,S ,
SM17815 ,A ,
SM17816 ,A ,
SM17817 ,S ,
SM17818 ,A ,
SM17819 ,S ,
SM17820 ,A ,
SM17821 ,S ,
SM17822 ,A ,
SM17823 ,A ,
SM17824 ,A ,
SM17825 ,A ,
SM17826 ,A ,
SM17827 ,S ,
SM17828 ,A ,
SM17829 ,A ,
SM17830 ,S ,
SM17831 ,A ,
SM17832 ,A ,
SM17833 ,S ,
SM17834 ,S ,
SM17835 ,A ,
SM17836 ,A ,
SM17837 ,A ,
SM17838 ,A ,
SM17839 ,A ,
SM17840 ,A ,
SM17841 ,A ,
SM17842 ,A ,
SM17843 ,S ,
SM17844 ,S ,
SM17845 ,A ,
SM17846 ,S ,
SM17847 ,A ,
SM17848 ,A ,
SM17849 ,A ,
SM17850 ,S ,
SM17851 ,A ,
SM17852 ,S ,
SM17853 ,A ,
SM17854 ,A ,
SM17855 ,S ,
SM17856 ,A ,
SM17857 ,A ,
SM17858 ,S ,
SM17859 ,A ,
SM17860 ,A ,
SM17861 ,A ,
SM17862 ,A ,
SM17863 ,A ,
SM17864 ,S ,
SM17865 ,A ,
SM17866 ,S ,
SM17867 ,S ,
SM17868 ,A ,
SM17869 ,A ,
SM17870 ,A ,
SM17871 ,S ,
SM17872 ,S ,
SM17873 ,A ,
SM17874 ,S ,
SM17875 ,A ,
SM17878 ,A ,
SM17879 ,S ,
SM17880 ,A ,
SM17881 ,A ,
SM17882 ,A ,
SM17883 ,S ,
SM17884 ,A ,
SM17885 ,A ,
SM17887 ,A ,
SM17888 ,A ,
SM17890 ,S ,
SM17892 ,A ,
SM17893 ,S ,
SM17894 ,A ,
SM17895 ,S ,
SM17896 ,A ,
SM17897 ,A ,
SM17898 ,A ,
SM17899 ,A ,
SM17901 ,S ,
SM17903 ,S ,
SM17904 ,A ,
SM17905 ,A ,
SM17906 ,S ,
SM17907 ,S ,
SM17908 ,A ,
SM17909 ,A ,
SM17910 ,A ,
SM17913 ,A ,
SM17915 ,A ,
SM17916 ,A ,
SM17917 ,A ,
SM17918 ,A ,
SM17919 ,S ,
SM17920 ,A ,
SM17921 ,S ,
SM17922 ,S ,
SM17923 ,S ,
SM17924 ,A ,
SM17925 ,S ,
SM17926 ,A ,
SM17927 ,A ,
SM17928 ,A ,
SM17929 ,A ,
SM17930 ,S ,
SM17931 ,S ,
SM17932 ,S ,
SM17933 ,A ,
SM17934 ,A ,
SM17935 ,A ,
SM17936 ,A ,
SM17937 ,S ,
SM17938 ,S ,
SM17939 ,S ,
SM17940 ,A ,
SM17941 ,A ,
SM17942 ,A ,
SM17943 ,S ,
SM17944 ,S ,
SM17945 ,S ,
SM17946 ,A ,
SM17947 ,A ,
SM17948 ,A ,
SM17949 ,A ,
SM17950 ,S ,
SM17951 ,A ,
SM17952 ,S ,
SM17953 ,S ,
SM17954 ,S ,
SM17955 ,S ,
SM17956 ,S ,
SM17957 ,A ,
SM17958 ,S ,
SM17959 ,S ,
SM17960 ,S ,
SM17961 ,A ,
SM17962 ,A ,
SM17963 ,S ,
SM17964 ,A ,
SM17965 ,A ,
SM17966 ,S ,
SM17967 ,S ,
SM17968 ,A ,
SM17969 ,A ,
SM17970 ,S ,
SM17971 ,S ,
SM17972 ,S ,
SM17973 ,A ,
SM17974 ,A ,
SM17975 ,S ,
SM17976 ,A ,
SM17977 ,A ,
SM17978 ,A ,
SM17979 ,S ,
SM17980 ,A ,
SM17981 ,A ,
SM17982 ,S ,
SM17983 ,A ,
SM17984 ,S ,
SM17985 ,A ,
SM17986 ,S ,
SM17987 ,S ,
SM17988 ,A ,
SM17989 ,A ,
SM17990 ,A ,
SM17991 ,A ,
SM17992 ,A ,
SM17993 ,S ,
SM17994 ,A ,
SM17995 ,A ,
SM17996 ,S ,
SM17997 ,S ,
SM17998 ,S ,
SM17999 ,A ,
SM18000 ,A ,
SM18001 ,A ,
SM18002 ,A ,
SM18003 ,A ,
SM18004 ,A ,
SM18005 ,A ,
SM18006 ,S ,
SM18007 ,S ,
SM18008 ,S ,
SM18009 ,A ,
SM18010 ,A ,
SM18011 ,A ,
SM18012 ,S ,
SM18013 ,A ,
SM18014 ,S ,
SM18015 ,A ,
SM18016 ,A ,
SM18017 ,S ,
SM18018 ,S ,
SM18019 ,A ,
SM18020 ,A ,
SM18021 ,S ,
SM18022 ,A ,
SM18023 ,A ,
SM18024 ,A ,
SM18025 ,A ,
SM18026 ,S ,
SM18027 ,A ,
SM18028 ,S ,
SM18029 ,A ,
SM18030 ,A ,
SM18031 ,S ,
SM18032 ,S ,
SM18033 ,A ,
SM18034 ,S ,
SM18035 ,S ,
SM18036 ,A ,
SM18037 ,A ,
SM18038 ,A ,
SM18039 ,A ,
SM18040 ,A ,
SM18041 ,A ,
SM18042 ,A ,
SM18043 ,S ,
SM18044 ,S ,
SM18045 ,A ,
SM18046 ,A ,
SM18047 ,A ,
SM18048 ,S ,
SM18049 ,S ,
SM18050 ,A ,
SM18051 ,A ,
SM18052 ,A ,
SM18053 ,A ,
SM18054 ,A ,
SM18055 ,A ,
SM18056 ,S ,
SM18057 ,A ,
SM18058 ,A ,
SM18059 ,S ,
SM18060 ,A ,
SM18061 ,S ,
SM18062 ,S ,
SM18063 ,S ,
SM18064 ,A ,
SM18065 ,S ,
SM18066 ,A ,
SM18067 ,A ,
SM18068 ,S ,
SM18069 ,A ,
SM18070 ,A ,
SM18071 ,S ,
SM18072 ,S ,
SM18073 ,S ,
SM18074 ,A ,
SM18075 ,A ,
SM18076 ,A ,
SM18077 ,S ,
SM18078 ,S ,
SM18079 ,A ,
SM18080 ,S ,
SM18081 ,S ,
SM18082 ,A ,
SM18083 ,S ,
SM18084 ,S ,
SM18085 ,S ,
SM18086 ,A ,
SM18087 ,S ,
SM18088 ,A ,
SM18089 ,S ,
SM18090 ,A ,
SM18091 ,A ,
SM18092 ,S ,
SM18093 ,S ,
SM18094 ,S ,
SM18095 ,S ,
SM18096 ,S ,
SM18097 ,A ,
SM18098 ,S ,
SM18099 ,A ,
SM18100 ,A ,
SM18101 ,S ,
SM18102 ,A ,
SM18103 ,S ,
SM18104 ,S ,
SM18105 ,S ,
SM18106 ,S ,
SM18107 ,S ,
SM18108 ,S ,
SM18109 ,A ,
SM18110 ,A ,
SM18111 ,S ,
SM18112 ,S ,
SM18113 ,A ,
SM18114 ,A ,
SM18115 ,S ,
SM18116 ,S ,
SM18117 ,S ,
SM18118 ,A ,
SM18119 ,S ,
SM18120 ,S ,
SM18121 ,S ,
SM18122 ,A ,
SM18123 ,S ,
SM18124 ,S ,
SM18125 ,S ,
SM18126 ,S ,
SM18127 ,A ,
SM18128 ,S ,
SM18129 ,A ,
SM18130 ,A ,
SM18131 ,S ,
SM18132 ,S ,
SM18133 ,S ,
SM18134 ,S ,
SM18135 ,A ,
SM18136 ,A ,
SM18137 ,A ,
SM18138 ,S ,
SM18139 ,S ,
SM18140 ,S ,
SM18141 ,S ,
SM18142 ,S ,
SM18143 ,S ,
SM18144 ,S ,
SM18145 ,A ,
SM18146 ,A ,
SM18147 ,A ,
SM18148 ,S ,
SM18149 ,S ,
SM18150 ,S ,
SM18151 ,S ,
SM18152 ,S ,
SM18153 ,S ,
SM18154 ,A ,
SM18155 ,A ,
SM18156 ,S ,
SM18157 ,S ,
SM18158 ,A ,
SM18159 ,S ,
SM18160 ,A ,
SM18161 ,S ,
SM18162 ,A ,
SM18163 ,A ,
SM18164 ,S ,
SM18165 ,S ,
SM18166 ,S ,
SM18167 ,A ,
SM18168 ,A ,
SM18169 ,A ,
SM18170 ,S ,
SM18171 ,A ,
SM18172 ,S ,
SM18173 ,S ,
SM18174 ,S ,
SM18175 ,S ,
SM18176 ,S ,
SM18177 ,S ,
SM18178 ,S ,
SM18179 ,A ,
SM18180 ,S ,
SM18181 ,A ,
SM18182 ,S ,
SM18183 ,A ,
SM18184 ,S ,
SM18185 ,S ,
SM18186 ,A ,
SM18187 ,A ,
SM18188 ,S ,
SM18189 ,S ,
SM18190 ,S ,
SM18191 ,S ,
SM18192 ,S ,
SM18193 ,A ,
SM18194 ,S ,
SM18195 ,S ,
SM18196 ,A ,
SM18197 ,S ,
SM18198 ,A ,
SM18199 ,S ,
SM18200 ,S ,
SM18201 ,A ,
SM18202 ,S ,
SM18203 ,A ,
SM18204 ,A ,
SM18205 ,A ,
SM18206 ,S ,
SM18207 ,S ,
SM18208 ,S ,
SM18209 ,S ,
SM18210 ,S ,
SM18211 ,S ,
SM18212 ,S ,
SM18213 ,A ,
SM18214 ,S ,
SM18215 ,S ,
SM18216 ,S ,
SM18217 ,A ,
SM18218 ,A ,
SM18219 ,S ,
SM18220 ,S ,
SM18221 ,S ,
SM18222 ,A ,
SM18223 ,S ,
SM18224 ,A ,
SM18225 ,S ,
SM18226 ,A ,
SM18227 ,S ,
SM18228 ,A ,
SM18229 ,S ,
SM18230 ,A ,
SM18231 ,S ,
SM18232 ,S ,
SM18233 ,S ,
SM18234 ,S ,
SM18235 ,S ,
SM18236 ,A ,
SM18237 ,S ,
SM18238 ,S ,
SM18239 ,A ,
SM18240 ,S ,
SM18241 ,S ,
SM18242 ,A ,
SM18243 ,A ,
SM18244 ,S ,
SM18245 ,S ,
SM18246 ,S ,
SM18247 ,S ,
SM18248 ,A ,
SM18249 ,S ,
SM18250 ,A ,
SM18251 ,S ,
SM18252 ,A ,
SM18253 ,S ,
SM18254 ,S ,
SM18255 ,A ,
SM18256 ,S ,
SM18257 ,S ,
SM18258 ,S ,
SM18259 ,S ,
SM18260 ,S ,
SM18261 ,A ,
SM18262 ,A ,
SM18263 ,S ,
SM18264 ,A ,
SM18265 ,S ,
SM18266 ,S ,
SM18267 ,A ,
SM18268 ,S ,
SM18269 ,S ,
SM18270 ,S ,
SM18271 ,S ,
SM18272 ,S ,
SM18273 ,S ,
SM18274 ,S ,
SM18275 ,S ,
SM18276 ,S ,
SM18277 ,S ,
SM18278 ,A ,
SM18279 ,S ,
SM18280 ,A ,
SM18281 ,A ,
SM18282 ,S ,
SM18283 ,S ,
SM18284 ,S ,
SM18285 ,A ,
SM18286 ,S ,
SM18287 ,S ,
SM18288 ,S ,
SM18289 ,S ,
SM18290 ,S ,
SM18291 ,A ,
SM18292 ,S ,
SM18293 ,S ,
SM18294 ,S ,
SM18295 ,S ,
SM18296 ,A ,
SM18297 ,S ,
SM18298 ,S ,
SM18299 ,S ,
SM18300 ,S ,
SM18301 ,S ,
SM18302 ,S ,
SM18303 ,S ,
SM18304 ,A ,
SM18305 ,A ,
SM18306 ,S ,
SM18307 ,S ,
SM18308 ,S ,
SM18309 ,S ,
SM18310 ,A ,
SM18311 ,S ,
SM18312 ,S ,
SM18313 ,S ,
SM18314 ,S ,
SM18315 ,A ,
SM18316 ,A ,
SM18317 ,A ,
SM18318 ,S ,
SM18319 ,S ,
SM18320 ,S ,
SM18321 ,S ,
SM18322 ,S ,
SM18323 ,A ,
SM18324 ,A ,
SM18325 ,S ,
SM18326 ,S ,
SM18327 ,A ,
SM18328 ,A ,
SM18329 ,S ,
SM18331 ,S ,
SM18332 ,A ,
SM18333 ,S ,
SM18334 ,S ,
SM18335 ,S ,
SM18336 ,A ,
SM18337 ,S ,
SM18338 ,S ,
SM18339 ,S ,
SM18340 ,A ,
SM18341 ,S ,
SM18342 ,S ,
SM18343 ,S ,
SM18344 ,S ,
SM18345 ,S ,
SM18346 ,S ,
SM18347 ,A ,
SM18348 ,S ,
SM18349 ,A ,
SM18350 ,S ,
SM18351 ,A ,
SM18352 ,S ,
SM18353 ,S ,
SM18354 ,S ,
SM18355 ,S ,
SM18356 ,S ,
SM18357 ,S ,
SM18358 ,S ,
SM18359 ,S ,
SM18360 ,S ,
SM18361 ,S ,
SM18362 ,S ,
SM18363 ,S ,
SM18364 ,S ,
SM18365 ,S ,
SM18366 ,S ,
SM18367 ,S ,
SM18368 ,S ,
SM18369 ,S ,
SM18370 ,S ,
SM18371 ,A ,
SM18372 ,S ,
SM18373 ,S ,
SM18374 ,A ,
SM18375 ,S ,
SM18376 ,A ,
SM18377 ,S ,
SM18378 ,S ,
SM18380 ,S ,
SM18381 ,S ,
SM18382 ,S ,
SM18383 ,S ,
SM18384 ,S ,
SM18385 ,S ,
SM18386 ,S ,
SM18387 ,S ,
SM18388 ,S ,
SM18389 ,S ,
SM18390 ,S ,
SM18391 ,A ,
SM18392 ,S ,
SM18393 ,S ,
SM18394 ,S ,
SM18395 ,S ,
SM18396 ,A ,
SM18397 ,S ,
SM18398 ,S ,
SM18399 ,S ,
SM18400 ,S ,
SM18401 ,S ,
SM18402 ,A ,
SM18403 ,S ,
SM18404 ,S ,
SM18405 ,A ,
SM18406 ,S ,
SM18407 ,S ,
SM18408 ,A ,
SM18409 ,S ,
SM18410 ,S ,
SM18411 ,S ,
SM18412 ,S ,
SM18413 ,S ,
SM18414 ,S ,
SM18415 ,S ,
SM18416 ,S ,
SM18417 ,A ,
SM18418 ,S ,
SM18419 ,S ,
SM18420 ,S ,
SM18421 ,S ,
SM18422 ,S ,
SM18423 ,S ,
SM18424 ,S ,
SM18425 ,S ,
SM18426 ,S ,
SM18427 ,S ,
SM18428 ,A ,
SM18429 ,S ,
SM18430 ,S ,
SM18431 ,A ,
SM18432 ,S ,
SM18433 ,S ,
SM18434 ,S ,
SM18435 ,S ,
SM18436 ,A ,
SM18437 ,S ,
SM18438 ,S ,
SM18439 ,S ,
SM18440 ,S ,
SM18441 ,S ,
SM18442 ,S ,
SM18443 ,S ,
SM18444 ,S ,
SM18445 ,S ,
SM18446 ,S ,
SM18447 ,S ,
SM18448 ,A ,
SM18449 ,S ,
SM18450 ,S ,
SM18451 ,S ,
SM18452 ,S ,
SM18453 ,A ,
SM18454 ,S ,
SM18455 ,S ,
SM18456 ,S ,
SM18457 ,S ,
SM18458 ,S ,
SM18459 ,S ,
SM18460 ,S ,
SM18461 ,S ,
SM18462 ,S ,
SM18463 ,S ,
SM18464 ,S ,
SM18465 ,S ,
SM18466 ,S ,
SM18467 ,S ,
SM18468 ,S ,
SM18469 ,S ,
SM18470 ,A ,
SM18471 ,S ,
SM18472 ,S ,
SM18473 ,A ,
SM18474 ,S ,
SM18475 ,S ,
SM18476 ,A ,
SM18477 ,S ,
SM18478 ,S ,
SM18479 ,S ,
SM18480 ,S ,
SM18481 ,S ,
SM18482 ,S ,
SM18483 ,S ,
SM18484 ,S ,
SM18485 ,S ,
SM18486 ,S ,
SM18487 ,S ,
SM18488 ,S ,
SM18489 ,S ,
SM18490 ,A ,
SM18491 ,S ,
SM18492 ,S ,
SM18493 ,S ,
SM18494 ,S ,
SM18495 ,S ,
SM18496 ,S ,
SM18497 ,A ,
SM18498 ,S ,
SM18499 ,S ,
SM18500 ,S ,
SM18501 ,S ,
SM18502 ,A ,
SM18503 ,S ,
SM18504 ,S ,
SM18505 ,S ,
SM18506 ,S ,
SM18507 ,S ,
SM18508 ,S ,
SM18509 ,S ,
SM18510 ,S ,
SM18511 ,S ,
SM18512 ,S ,
SM18513 ,S ,
SM18514 ,S ,
SM18515 ,S ,
SM18516 ,S ,
SM18517 ,S ,
SM18518 ,S ,
SM18519 ,A ,
SM18520 ,S ,
SM18521 ,A ,
SM18522 ,S ,
SM18523 ,S ,
SM18524 ,S ,
SM18525 ,S ,
SM18526 ,S ,
SM18527 ,A ,
SM18528 ,S ,
SM18529 ,S ,
SM18530 ,S ,
SM18531 ,S ,
SM18532 ,S ,
SM18533 ,S ,
SM18534 ,S ,
SM18535 ,S ,
SM18536 ,S ,
SM18537 ,S ,
SM18538 ,S ,
SM18539 ,S ,
SM18540 ,S ,
SM18541 ,S ,
SM18542 ,S ,
SM18543 ,A ,
SM18544 ,A ,
SM18545 ,S ,
SM18546 ,S ,
SM18547 ,S ,
SM18548 ,S ,
SM18549 ,S ,
SM18550 ,A ,
SM18551 ,S ,
SM18552 ,S ,
SM18553 ,S ,
SM18554 ,S ,
SM18555 ,S ,
SM18556 ,S ,
SM18557 ,S ,
SM18558 ,S ,
SM18559 ,S ,
SM18560 ,S ,
SM18561 ,S ,
SM18562 ,S ,
SM18563 ,S ,
SM18564 ,S ,
SM18565 ,A ,
SM18566 ,S ,
SM18567 ,A ,
SM18568 ,S ,
SM18569 ,S ,
SM18570 ,A ,
SM18571 ,S ,
SM18572 ,S ,
SM18573 ,S ,
SM18574 ,S ,
SM18575 ,S ,
SM18576 ,S ,
SM18577 ,S ,
SM18578 ,S ,
SM18579 ,S ,
SM18580 ,S ,
SM18581 ,S ,
SM18582 ,S ,
SM18583 ,S ,
SM18584 ,S ,
SM18585 ,S ,
SM18586 ,S ,
SM18587 ,S ,
SM18588 ,S ,
SM18589 ,S ,
SM18590 ,S ,
SM18591 ,S ,
SM18592 ,A ,
SM18593 ,S ,
SM18594 ,A ,
SM18595 ,S ,
SM18596 ,S ,
SM18597 ,S ,
SM18598 ,S ,
SM18599 ,S ,
SM18600 ,S ,
SM18601 ,S ,
SM18602 ,S ,
SM18603 ,S ,
SM18604 ,S ,
SM18605 ,S ,
SM18606 ,S ,
SM18607 ,S ,
SM18608 ,S ,
SM18609 ,S ,
SM18610 ,S ,
SM18611 ,S ,
SM18612 ,S ,
SM18613 ,S ,
SM18614 ,S ,
SM18615 ,S ,
SM18616 ,S ,
SM18617 ,S ,
SM18618 ,S ,
SM18619 ,S ,
SM18620 ,S ,
SM18621 ,A ,
SM18622 ,S ,
SM18623 ,A ,
SM18624 ,S ,
SM18625 ,S ,
SM18626 ,S ,
SM18627 ,S ,
SM18628 ,S ,
SM18629 ,S ,
SM18630 ,S ,
SM18631 ,S ,
SM18632 ,S ,
SM18633 ,S ,
SM18634 ,S ,
SM18635 ,S ,
SM18636 ,S ,
SM18637 ,S ,
SM18638 ,S ,
SM18639 ,S ,
SM18640 ,S ,
SM18641 ,S ,
SM18642 ,S ,
SM18643 ,S ,
SM18644 ,S ,
SM18645 ,S ,
SM18646 ,S ,
SM18647 ,S ,
SM18648 ,S ,
SM18649 ,S ,
SM18650 ,S ,
SM18651 ,S ,
SM18652 ,S ,
SM18653 ,S ,
SM18654 ,S ,
SM18655 ,A ,
SM18656 ,S ,
SM18657 ,S ,
SM18658 ,S ,
SM18659 ,S ,
SM18660 ,S ,
SM18661 ,S ,
SM18662 ,S ,
SM18663 ,S ,
SM18664 ,S ,
SM18665 ,S ,
SM18666 ,S ,
SM18667 ,S ,
SM18668 ,S ,
SM18669 ,S ,
SM18670 ,S ,
SM18671 ,S ,
SM18672 ,S ,
SM18673 ,S ,
SM18674 ,S ,
SM18675 ,S ,
SM18676 ,S ,
SM18677 ,S ,
SM18678 ,S ,
SM18679 ,S ,
SM18680 ,S ,
SM18681 ,S ,
SM18682 ,S ,
SM18683 ,S ,
SM18684 ,S ,
SM18685 ,S ,
SM18686 ,S ,
SM18687 ,S ,
SM18688 ,S ,
SM18689 ,S ,
SM18690 ,A ,
SM18691 ,S ,
SM18692 ,S ,
SM18693 ,S ,
SM18694 ,S ,
SM18695 ,S ,
SM18696 ,S ,
SM18697 ,S ,
SM18698 ,S ,
SM18699 ,S ,
SM18700 ,S ,
SM18701 ,S ,
SM18702 ,S ,
SM18703 ,S ,
SM18704 ,S ,
SM18705 ,S ,
SM18706 ,S ,
SM18707 ,S ,
SM18708 ,S ,
SM18709 ,S ,
SM18710 ,S ,
SM18711 ,S ,
SM18712 ,S ,
SM18713 ,S ,
SM18715 ,S ,
SM18716 ,S ,
SM18717 ,S ,
SM18718 ,S ,
SM18719 ,S ,
SM18720 ,S ,
SM18721 ,S ,
SM18722 ,S ,
SM18723 ,S ,
SM18724 ,A ,
SM18725 ,S ,
SM18726 ,S ,
SM18727 ,S ,
SM18728 ,S ,
SM18729 ,S ,
SM18730 ,S ,
SM18731 ,S ,
SM18732 ,S ,
SM18733 ,S ,
SM18734 ,S ,
SM18735 ,S ,
SM18736 ,S ,
SM18737 ,S ,
SM18738 ,S ,
SM18739 ,S ,
SM18740 ,S ,
SM18741 ,S ,
SM18742 ,S ,
SM18743 ,S ,
SM18744 ,S ,
SM18745 ,S ,
SM18746 ,S ,
SM18747 ,S ,
SM18748 ,S ,
SM18749 ,S ,
SM18750 ,S ,
SM18751 ,S ,
SM18752 ,S ,
SM18753 ,S ,
SM18754 ,S ,
SM18755 ,A ,
SM18756 ,S ,
SM18757 ,S ,
SM18758 ,S ,
SM18759 ,S ,
SM18760 ,S ,
SM18761 ,S ,
SM18762 ,S ,
SM18763 ,S ,
SM18764 ,S ,
SM18765 ,S ,
SM18766 ,S ,
SM18767 ,S ,
SM18768 ,S ,
SM18769 ,S ,
SM18770 ,S ,
SM18771 ,S ,
SM18772 ,S ,
SM18773 ,S ,
SM18774 ,S ,
SM18775 ,S ,
SM18776 ,S ,
SM18777 ,S ,
SM18778 ,S ,
SM18779 ,S ,
SM18780 ,S ,
SM18781 ,S ,
SM18782 ,S ,
SM18783 ,S ,
SM18784 ,A ,
SM18785 ,S ,
SM18786 ,S ,
SM18787 ,S ,
SM18788 ,S ,
SM18789 ,S ,
SM18790 ,S ,
SM18791 ,A ,
SM18792 ,S ,
SM18793 ,S ,
SM18794 ,S ,
SM18795 ,S ,
SM18796 ,S ,
SM18797 ,S ,
SM18798 ,S ,
SM18799 ,S ,
SM18800 ,S ,
SM18801 ,S ,
SM18802 ,S ,
SM18803 ,S ,
SM18804 ,S ,
SM18805 ,S ,
SM18806 ,A ,
SM18807 ,A ,
SM18808 ,S ,
SM18809 ,S ,
SM18810 ,S ,
SM18811 ,S ,
SM18812 ,S ,
SM18813 ,S ,
SM18814 ,S ,
SM18815 ,S ,
SM18816 ,S ,
SM18817 ,S ,
SM18818 ,S ,
SM18819 ,S ,
SM18820 ,S ,
SM18821 ,S ,
SM18822 ,S ,
SM18823 ,S ,
SM18824 ,S ,
SM18825 ,S ,
SM18826 ,S ,
SM18827 ,S ,
SM18828 ,S ,
SM18829 ,S ,
SM18830 ,S ,
SM18831 ,S ,
SM18832 ,S ,
SM18833 ,S ,
SM18834 ,S ,
SM18835 ,S ,
SM18836 ,S ,
SM18837 ,S ,
SM18838 ,S ,
SM18839 ,S ,
SM18840 ,S ,
SM18841 ,A ,
SM18842 ,S ,
SM18843 ,S ,
SM18844 ,S ,
SM18845 ,S ,
SM18846 ,S ,
SM18847 ,S ,
SM18848 ,S ,
SM18849 ,S ,
SM18850 ,S ,
SM18851 ,S ,
SM18852 ,S ,
SM18853 ,S ,
SM18854 ,S ,
SM18855 ,S ,
SM18856 ,S ,
SM18857 ,S ,
SM18858 ,S ,
SM18859 ,S ,
SM18861 ,S ,
SM18862 ,S ,
SM18863 ,S ,
SM18864 ,S ,
SM18865 ,S ,
SM18866 ,S ,
SM18867 ,S ,
SM18868 ,S ,
SM18869 ,S ,
SM18870 ,A ,
SM18871 ,S ,
SM18872 ,S ,
SM18873 ,S ,
SM18874 ,S ,
SM18875 ,S ,
SM18876 ,A ,
SM18877 ,S ,
SM18878 ,S ,
SM18879 ,S ,
SM18880 ,S ,
SM18881 ,S ,
SM18882 ,S ,
SM18883 ,S ,
SM18884 ,S ,
SM18885 ,S ,
SM18886 ,A ,
SM18887 ,S ,
SM18888 ,S ,
SM18889 ,S ,
SM18890 ,S ,
SM18891 ,S ,
SM18892 ,S ,
SM18893 ,S ,
SM18894 ,S ,
SM18895 ,S ,
SM18896 ,S ,
SM18897 ,S ,
SM18898 ,S ,
SM18899 ,S ,
SM18900 ,S ,
SM18901 ,S ,
SM18902 ,S ,
SM18903 ,A ,
SM18904 ,S ,
SM18905 ,S ,
SM18906 ,S ,
SM18907 ,A ,
SM18908 ,S ,
SM18909 ,S ,
SM18910 ,S ,
SM18911 ,S ,
SM18912 ,S ,
SM18913 ,S ,
SM18914 ,S ,
SM18915 ,S ,
SM18916 ,S ,
SM18917 ,S ,
SM18918 ,S ,
SM18919 ,S ,
SM18920 ,S ,
SM18921 ,S ,
SM18922 ,S ,
SM18923 ,S ,
SM18924 ,S ,
SM18925 ,S ,
SM18926 ,S ,
SM18927 ,S ,
SM18928 ,A ,
SM18929 ,S ,
SM18930 ,S ,
SM18931 ,S ,
SM18932 ,S ,
SM18933 ,S ,
SM18934 ,S ,
SM18935 ,A ,
SM18936 ,S ,
SM18937 ,S ,
SM18938 ,S ,
SM18939 ,S ,
SM18940 ,S ,
SM18941 ,S ,
SM18942 ,S ,
SM18943 ,S ,
SM18944 ,S ,
SM18945 ,S ,
SM18946 ,S ,
SM18947 ,S ,
SM18948 ,S ,
SM18949 ,S ,
SM18950 ,S ,
SM18951 ,S ,
SM18952 ,S ,
SM18953 ,S ,
SM18954 ,S ,
SM18955 ,S ,
SM18956 ,S ,
SM18957 ,S ,
SM18958 ,S ,
SM18959 ,A ,
SM18960 ,S ,
SM18961 ,S ,
SM18962 ,S ,
SM18963 ,S ,
SM18964 ,S ,
SM18965 ,S ,
SM18966 ,S ,
SM18967 ,S ,
SM18968 ,S ,
SM18969 ,S ,
SM18970 ,S ,
SM18971 ,S ,
SM18972 ,S ,
SM18973 ,S ,
SM18974 ,S ,
SM18975 ,S ,
SM18976 ,S ,
SM18977 ,S ,
SM18978 ,S ,
SM18979 ,S ,
SM18980 ,S ,
SM18981 ,S ,
SM18982 ,S ,
SM18983 ,S ,
SM18984 ,S ,
SM18985 ,S ,
SM18986 ,A ,
SM18987 ,S ,
SM18988 ,S ,
SM18989 ,S ,
SM18990 ,S ,
SM18991 ,S ,
SM18992 ,S ,
SM18993 ,S ,
SM18994 ,S ,
SM18995 ,S ,
SM18996 ,S ,
SM18997 ,S ,
SM18998 ,S ,
SM18999 ,S ,
SM19000 ,S ,
SM19001 ,S ,
SM19002 ,S ,
SM19003 ,S ,
SM19004 ,S ,
SM19005 ,S ,
SM19006 ,S ,
SM19007 ,S ,
SM19008 ,S ,
SM19009 ,S ,
SM19010 ,S ,
SM19011 ,S ,
SM19012 ,S ,
SM19013 ,S ,
SM19014 ,A ,
SM19015 ,S ,
SM19016 ,S ,
SM19017 ,S ,
SM19018 ,S ,
SM19019 ,S ,
SM19020 ,S ,
SM19021 ,S ,
SM19022 ,S ,
SM19023 ,S ,
SM19024 ,S ,
SM19025 ,S ,
SM19026 ,S ,
SM19027 ,S ,
SM19028 ,S ,
SM19029 ,S ,
SM19030 ,S ,
SM19031 ,S ,
SM19032 ,S ,
SM19033 ,S ,
SM19034 ,S ,
SM19035 ,S ,
SM19036 ,S ,
SM19037 ,S ,
SM19038 ,S ,
SM19039 ,S ,
SM19040 ,S ,
SM19041 ,S ,
SM19042 ,S ,
SM19043 ,A ,
SM19044 ,S ,
SM19045 ,S ,
SM19046 ,S ,
SM19047 ,S ,
SM19048 ,S ,
SM19049 ,S ,
SM19050 ,S ,
SM19051 ,S ,
SM19052 ,S ,
SM19053 ,S ,
SM19054 ,S ,
SM19055 ,S ,
SM19056 ,S ,
SM19057 ,S ,
SM19058 ,S ,
SM19059 ,S ,
SM19060 ,S ,
SM19061 ,S ,
SM19062 ,S ,
SM19063 ,S ,
SM19064 ,S ,
SM19065 ,S ,
SM19066 ,S ,
SM19067 ,S ,
SM19068 ,S ,
SM19069 ,S ,
SM19070 ,S ,
SM19071 ,S ,
SM19072 ,S ,
SM19073 ,S ,
SM19074 ,S ,
SM19075 ,S ,
SM19076 ,A ,
SM19077 ,S ,
SM19078 ,S ,
SM19079 ,S ,
SM19080 ,S ,
SM19081 ,S ,
SM19082 ,S ,
SM19083 ,S ,
SM19084 ,S ,
SM19085 ,S ,
SM19086 ,S ,
SM19087 ,S ,
SM19088 ,S ,
SM19089 ,S ,
SM19090 ,S ,
SM19091 ,S ,
SM19092 ,S ,
SM19093 ,S ,
SM19094 ,S ,
SM19095 ,S ,
SM19096 ,S ,
SM19097 ,S ,
SM19098 ,S ,
SM19099 ,S ,
SM19100 ,S ,
SM19101 ,S ,
SM19102 ,S ,
SM19103 ,S ,
SM19104 ,S ,
SM19105 ,S ,
SM19106 ,S ,
SM19107 ,S ,
SM19108 ,S ,
SM19109 ,S ,
SM19110 ,A ,
SM19111 ,S ,
SM19112 ,S ,
SM19113 ,S ,
SM19114 ,S ,
SM19115 ,S ,
SM19116 ,S ,
SM19117 ,S ,
SM19118 ,S ,
SM19119 ,S ,
SM19120 ,S ,
SM19121 ,S ,
SM19122 ,S ,
SM19123 ,S ,
SM19125 ,S ,
SM19126 ,S ,
SM19127 ,S ,
SM19128 ,S ,
SM19129 ,S ,
SM19130 ,S ,
SM19131 ,S ,
SM19132 ,S ,
SM19133 ,S ,
SM19134 ,S ,
SM19135 ,S ,
SM19136 ,S ,
SM19137 ,S ,
SM19138 ,S ,
SM19139 ,S ,
SM19140 ,S ,
SM19141 ,S ,
SM19142 ,S ,
SM19143 ,A ,
SM19144 ,S ,
SM19145 ,S ,
SM19146 ,S ,
SM19147 ,S ,
SM19148 ,S ,
SM19149 ,S ,
SM19150 ,S ,
SM19151 ,S ,
SM19152 ,S ,
SM19153 ,S ,
SM19154 ,S ,
SM19155 ,S ,
SM19156 ,S ,
SM19157 ,S ,
SM19158 ,S ,
SM19159 ,S ,
SM19160 ,S ,
SM19161 ,S ,
SM19162 ,S ,
SM19163 ,S ,
SM19164 ,S ,
SM19165 ,S ,
SM19166 ,S ,
SM19167 ,S ,
SM19168 ,S ,
SM19169 ,S ,
SM19170 ,S ,
SM19171 ,S ,
SM19172 ,S ,
SM19173 ,S ,
SM19174 ,S ,
SM19175 ,S ,
SM19176 ,S ,
SM19177 ,S ,
SM19178 ,S ,
SM19179 ,S ,
SM19180 ,A ,
SM19181 ,S ,
SM19182 ,S ,
SM19183 ,S ,
SM19184 ,S ,
SM19185 ,S ,
SM19186 ,S ,
SM19187 ,S ,
SM19188 ,S ,
SM19189 ,S ,
SM19190 ,S ,
SM19191 ,S ,
SM19192 ,S ,
SM19193 ,S ,
SM19194 ,S ,
SM19195 ,S ,
SM19196 ,S ,
SM19197 ,S ,
SM19198 ,S ,
SM19199 ,S ,
SM19200 ,S ,
SM19201 ,S ,
SM19202 ,S ,
SM19203 ,S ,
SM19204 ,S ,
SM19205 ,S ,
SM19206 ,S ,
SM19207 ,S ,
SM19208 ,S ,
SM19209 ,S ,
SM19210 ,S ,
SM19211 ,S ,
SM19212 ,S ,
SM19213 ,S ,
SM19214 ,S ,
SM19215 ,S ,
SM19216 ,S ,
SM19217 ,S ,
SM19218 ,S ,
SM19219 ,S ,
SM19220 ,S ,
SM19221 ,S ,
SM19222 ,S ,
SM19223 ,S ,
SM19224 ,S ,
SM19225 ,A ,
SM19226 ,S ,
SM19227 ,S ,
SM19228 ,S ,
SM19229 ,S ,
SM19230 ,S ,
SM19231 ,S ,
SM19232 ,S ,
SM19233 ,S ,
SM19234 ,S ,
SM19235 ,S ,
SM19236 ,S ,
SM19237 ,S ,
SM19238 ,S ,
SM19239 ,S ,
SM19240 ,S ,
SM19241 ,S ,
SM19242 ,S ,
SM19243 ,S ,
SM19244 ,S ,
SM19245 ,S ,
SM19246 ,S ,
SM19247 ,A ,
SM19248 ,S ,
SM19249 ,S ,
SM19250 ,S ,
SM19251 ,S ,
SM19252 ,S ,
SM19253 ,S ,
SM19254 ,S ,
SM19255 ,S ,
SM19256 ,S ,
SM19257 ,S ,
SM19258 ,S ,
SM19259 ,S ,
SM19260 ,S ,
SM19261 ,S ,
SM19262 ,S ,
SM19263 ,S ,
SM19264 ,S ,
SM19265 ,S ,
SM19266 ,S ,
SM19267 ,S ,
SM19268 ,S ,
SM19269 ,S ,
SM19270 ,S ,
SM19271 ,S ,
SM19272 ,S ,
SM19273 ,S ,
SM19274 ,S ,
SM19275 ,S ,
SM19276 ,S ,
SM19277 ,S ,
SM19278 ,S ,
SM19279 ,S ,
SM19280 ,S ,
SM19282 ,S ,
SM19283 ,S ,
SM19284 ,S ,
SM19285 ,S ,
SM19286 ,S ,
SM19287 ,S ,
SM19288 ,S ,
SM19289 ,S ,
SM19290 ,S ,
SM19291 ,S ,
SM19292 ,S ,
SM19293 ,S ,
SM19294 ,S ,
SM19295 ,S ,
SM19296 ,S ,
SM19297 ,S ,
SM19298 ,S ,
SM19299 ,S ,
SM19300 ,S ,
SM19301 ,S ,
SM19302 ,S ,
SM19303 ,S ,
SM19304 ,S ,
SM19305 ,S ,
SM19306 ,S ,
SM19307 ,S ,
SM19308 ,S ,
SM19309 ,S ,
SM19310 ,S ,
SM19311 ,S ,
SM19312 ,S ,
SM19313 ,S ,
SM19314 ,S ,
SM19315 ,S ,
SM19316 ,S ,
SM19317 ,S ,
SM19318 ,S ,
SM19319 ,S ,
SM19320 ,S ,
SM19321 ,S ,
SM19322 ,S ,
SM19323 ,S ,
SM19324 ,S ,
SM19325 ,S ,
SM19326 ,S ,
SM19327 ,S ,
SM19328 ,S ,
SM19329 ,S ,
SM19330 ,S ,
SM19331 ,S ,
SM19332 ,S ,
SM19333 ,S ,
SM19334 ,S ,
SM19335 ,S ,
SM19336 ,S ,
SM19337 ,S ,
SM19338 ,S ,
SM19339 ,S ,
SM19340 ,S ,
SM19341 ,S ,
SM19342 ,S ,
SM19343 ,S ,
SM19344 ,S ,
SM19345 ,S ,
SM19346 ,S ,
SM19347 ,S ,
SM19348 ,S ,
SM19349 ,S ,
SM19350 ,S ,
SM19351 ,S ,
SM19352 ,S ,
SM19353 ,S ,
SM19354 ,S ,
SM19355 ,S ,
SM19356 ,S ,
SM19357 ,S ,
SM19358 ,S ,
SM19359 ,S ,
SM19360 ,S ,
SM19361 ,S ,
SM19362 ,S ,
SM19363 ,S ,
SM19364 ,S ,
SM19365 ,S ,
SM19366 ,S ,
SM19367 ,S ,
SM19368 ,S ,
SM19369 ,S ,
SM19370 ,S ,
SM19371 ,S ,
SM19372 ,S ,
SM19373 ,S ,
SM19374 ,S ,
SM19375 ,S ,
SM19376 ,A ,
SM19377 ,S ,
SM19378 ,S ,
SM19379 ,S ,
SM19380 ,S ,
SM19381 ,S ,
SM19382 ,S ,
SM19383 ,S ,
SM19384 ,S ,
SM19385 ,S ,
SM19386 ,S ,
SM19387 ,S ,
SM19388 ,S ,
SM19389 ,S ,
SM19390 ,S ,
SM19391 ,S ,
SM19392 ,S ,
SM19393 ,S ,
SM19394 ,S ,
SM19395 ,S ,
SM19396 ,S ,
SM19397 ,S ,
SM19398 ,A ,
SM19399 ,S ,
SM19400 ,S ,
SM19401 ,S ,
SM19402 ,S ,
SM19403 ,S ,
SM19404 ,S ,
SM19405 ,S ,
SM19406 ,A ,
SM19407 ,S ,
SM19408 ,S ,
SM19409 ,S ,
SM19410 ,S ,
SM19411 ,S ,
SM19412 ,S ,
SM19413 ,S ,
SM19414 ,S ,
SM19415 ,S ,
SM19416 ,S ,
SM19417 ,S ,
SM19418 ,S ,
SM19419 ,S ,
SM19420 ,A ,
SM19421 ,S ,
SM19422 ,S ,
SM19423 ,S ,
SM19424 ,S ,
SM19425 ,S ,
SM19426 ,S ,
SM19427 ,S ,
SM19428 ,S ,
SM19429 ,S ,
SM19430 ,S ,
SM19431 ,S ,
SM19432 ,S ,
SM19433 ,S ,
SM19434 ,S ,
SM19435 ,S ,
SM19436 ,A ,
SM19437 ,S ,
SM19438 ,S ,
SM19439 ,S ,
SM19440 ,A ,
SM19441 ,S ,
SM19442 ,S ,
SM19443 ,S ,
SM19444 ,S ,
SM19445 ,S ,
SM19446 ,S ,
SM19447 ,S ,
SM19448 ,S ,
SM19449 ,S ,
SM19450 ,S ,
SM19451 ,S ,
SM19452 ,S ,
SM19453 ,S ,
SM19454 ,S ,
SM19455 ,S ,
SM19456 ,S ,
SM19457 ,S ,
SM19458 ,S ,
SM19459 ,S ,
SM19460 ,S ,
SM19461 ,S ,
SM19462 ,A ,
SM19463 ,S ,
SM19464 ,S ,
SM19465 ,S ,
SM19466 ,S ,
SM19467 ,S ,
SM19468 ,S ,
SM19469 ,A ,
SM19470 ,S ,
SM19471 ,S ,
SM19472 ,S ,
SM19473 ,S ,
SM19474 ,S ,
SM19475 ,S ,
SM19476 ,S ,
SM19477 ,S ,
SM19478 ,S ,
SM19479 ,S ,
SM19480 ,S ,
SM19481 ,S ,
SM19482 ,S ,
SM19483 ,S ,
SM19484 ,S ,
SM19485 ,S ,
SM19486 ,A ,
SM19487 ,S ,
SM19488 ,S ,
SM19489 ,S ,
SM19490 ,S ,
SM19491 ,S ,
SM19492 ,S ,
SM19493 ,S ,
SM19494 ,S ,
SM19495 ,S ,
SM19496 ,S ,
SM19497 ,S ,
SM19498 ,S ,
SM19499 ,S ,
SM19500 ,S ,
SM19501 ,A ,
SM19502 ,S ,
SM19503 ,S ,
SM19504 ,S ,
SM19505 ,S ,
SM19506 ,S ,
SM19507 ,S ,
SM19508 ,S ,
SM19509 ,S ,
SM19510 ,S ,
SM19511 ,S ,
SM19512 ,S ,
SM19513 ,S ,
SM19514 ,S ,
SM19515 ,A ,
SM19516 ,S ,
SM19517 ,S ,
SM19518 ,S ,
SM19519 ,S ,
SM19520 ,S ,
SM19521 ,S ,
SM19522 ,S ,
SM19523 ,S ,
SM19524 ,S ,
SM19525 ,S ,
SM19526 ,S ,
SM19527 ,S ,
SM19528 ,S ,
SM19529 ,S ,
SM19530 ,S ,
SM19531 ,S ,
SM19532 ,S ,
SM19533 ,S ,
SM19534 ,S ,
SM19535 ,A ,
SM19536 ,S ,
SM19537 ,S ,
SM19538 ,A ,
SM19539 ,S ,
SM19540 ,S ,
SM19541 ,S ,
SM19542 ,S ,
SM19543 ,S ,
SM19544 ,S ,
SM19545 ,S ,
SM19546 ,S ,
SM19547 ,S ,
SM19548 ,S ,
SM19549 ,S ,
SM19550 ,S ,
SM19551 ,S ,
SM19552 ,S ,
SM19553 ,S ,
SM19554 ,S ,
SM19555 ,S ,
SM19556 ,A ,
SM19557 ,S ,
SM19558 ,S ,
SM19559 ,A ,
SM19560 ,S ,
SM19561 ,S ,
SM19562 ,S ,
SM19563 ,S ,
SM19564 ,S ,
SM19565 ,S ,
SM19566 ,A ,
SM19567 ,S ,
SM19568 ,S ,
SM19569 ,S ,
SM19570 ,S ,
SM19571 ,S ,
SM19572 ,S ,
SM19573 ,S ,
SM19574 ,S ,
SM19575 ,S ,
SM19576 ,A ,
SM19577 ,S ,
SM19578 ,S ,
SM19579 ,S ,
SM19580 ,S ,
SM19581 ,S ,
SM19582 ,S ,
SM19583 ,S ,
SM19584 ,A ,
SM19585 ,S ,
SM19586 ,S ,
SM19587 ,S ,
SM19588 ,S ,
SM19589 ,S ,
SM19590 ,S ,
SM19591 ,A ,
SM19592 ,S ,
SM19593 ,S ,
SM19594 ,S ,
SM19595 ,S ,
SM19596 ,S ,
SM19597 ,S ,
SM19598 ,S ,
SM19599 ,S ,
SM19600 ,A ,
SM19601 ,S ,
SM19602 ,S ,
SM19603 ,S ,
SM19604 ,A ,
SM19605 ,S ,
SM19606 ,S ,
SM19607 ,S ,
SM19608 ,S ,
SM19609 ,S ,
SM19610 ,S ,
SM19611 ,S ,
SM19612 ,S ,
SM19613 ,S ,
SM19614 ,S ,
SM19615 ,S ,
SM19616 ,S ,
SM19617 ,S ,
SM19618 ,S ,
SM19619 ,S ,
SM19620 ,A ,
SM19621 ,S ,
SM19622 ,S ,
SM19623 ,S ,
SM19624 ,S ,
SM19625 ,S ,
SM19626 ,A ,
SM19627 ,S ,
SM19628 ,S ,
SM19629 ,S ,
SM19630 ,S ,
SM19631 ,S ,
SM19632 ,S ,
SM19633 ,S ,
SM19634 ,S ,
SM19635 ,S ,
SM19636 ,S ,
SM19637 ,S ,
SM19638 ,S ,
SM19639 ,S ,
SM19640 ,S ,
SM19641 ,S ,
SM19642 ,S ,
SM19643 ,S ,
SM19644 ,S ,
SM19645 ,S ,
SM19646 ,A ,
SM19647 ,S ,
SM19648 ,S ,
SM19649 ,S ,
SM19650 ,A ,
SM19651 ,S ,
SM19652 ,S ,
SM19653 ,S ,
SM19654 ,S ,
SM19655 ,S ,
SM19656 ,S ,
SM19657 ,S ,
SM19658 ,S ,
SM19659 ,S ,
SM19660 ,S ,
SM19661 ,S ,
SM19662 ,S ,
SM19663 ,S ,
SM19664 ,S ,
SM19665 ,S ,
SM19666 ,S ,
SM19667 ,S ,
SM19668 ,S ,
SM19669 ,S ,
SM19670 ,A ,
SM19671 ,A ,
SM19672 ,S ,
SM19673 ,S ,
SM19674 ,S ,
SM19675 ,S ,
SM19676 ,S ,
SM19677 ,S ,
SM19678 ,S ,
SM19679 ,S ,
SM19680 ,S ,
SM19681 ,S ,
SM19682 ,S ,
SM19683 ,S ,
SM19684 ,S ,
SM19685 ,S ,
SM19686 ,S ,
SM19687 ,S ,
SM19688 ,S ,
SM19689 ,S ,
SM19690 ,S ,
SM19691 ,S ,
SM19692 ,S ,
SM19693 ,S ,
SM19694 ,A ,
SM19695 ,S ,
SM19696 ,S ,
SM19697 ,S ,
SM19698 ,S ,
SM19699 ,S ,
SM19700 ,S ,
SM19701 ,S ,
SM19702 ,S ,
SM19703 ,S ,
SM19704 ,S ,
SM19705 ,S ,
SM19706 ,S ,
SM19707 ,S ,
SM19708 ,S ,
SM19709 ,S ,
SM19710 ,S ,
SM19711 ,S ,
SM19712 ,S ,
SM19713 ,S ,
SM19714 ,S ,
SM19715 ,S ,
SM19716 ,A ,
SM19717 ,S ,
SM19718 ,S ,
SM19719 ,S ,
SM19720 ,S ,
SM19721 ,S ,
SM19722 ,S ,
SM19723 ,S ,
SM19724 ,S ,
SM19725 ,A ,
SM19726 ,S ,
SM19727 ,S ,
SM19728 ,S ,
SM19729 ,S ,
SM19730 ,S ,
SM19731 ,S ,
SM19732 ,S ,
SM19733 ,S ,
SM19734 ,S ,
SM19735 ,S ,
SM19736 ,S ,
SM19737 ,S ,
SM19738 ,A ,
SM19739 ,S ,
SM19740 ,S ,
SM19741 ,S ,
SM19742 ,S ,
SM19743 ,S ,
SM19744 ,S ,
SM19745 ,S ,
SM19746 ,S ,
SM19747 ,S ,
SM19748 ,S ,
SM19749 ,S ,
SM19750 ,S ,
SM19751 ,S ,
SM19752 ,S ,
SM19753 ,S ,
SM19754 ,S ,
SM19755 ,A ,
SM19756 ,S ,
SM19757 ,S ,
SM19758 ,S ,
SM19759 ,A ,
SM19760 ,S ,
SM19761 ,S ,
SM19762 ,S ,
SM19763 ,S ,
SM19764 ,S ,
SM19765 ,S ,
SM19766 ,S ,
SM19767 ,S ,
SM19768 ,S ,
SM19769 ,S ,
SM19770 ,S ,
SM19771 ,S ,
SM19772 ,S ,
SM19773 ,S ,
SM19774 ,S ,
SM19775 ,S ,
SM19776 ,S ,
SM19777 ,A ,
SM19778 ,A ,
SM19779 ,S ,
SM19780 ,S ,
SM19781 ,S ,
SM19782 ,S ,
SM19783 ,S ,
SM19784 ,S ,
SM19785 ,S ,
SM19786 ,S ,
SM19787 ,S ,
SM19788 ,S ,
SM19789 ,S ,
SM19790 ,S ,
SM19791 ,S ,
SM19792 ,S ,
SM19793 ,S ,
SM19794 ,S ,
SM19795 ,S ,
SM19796 ,A ,
SM19797 ,S ,
SM19798 ,S ,
SM19799 ,S ,
SM19800 ,S ,
SM19801 ,A ,
SM19802 ,S ,
SM19803 ,S ,
SM19804 ,S ,
SM19805 ,S ,
SM19806 ,S ,
SM19807 ,S ,
SM19808 ,S ,
SM19809 ,S ,
SM19810 ,S ,
SM19811 ,S ,
SM19812 ,S ,
SM19813 ,A ,
SM19814 ,S ,
SM19815 ,S ,
SM19816 ,A ,
SM19817 ,S ,
SM19818 ,S ,
SM19819 ,S ,
SM19820 ,S ,
SM19821 ,S ,
SM19822 ,A ,
SM19823 ,S ,
SM19824 ,S ,
SM19825 ,S ,
SM19826 ,S ,
SM19827 ,A ,
SM19829 ,S ,
SM19830 ,S ,
SM19831 ,S ,
SM19832 ,S ,
SM19833 ,A ,
SM19834 ,S ,
SM19835 ,S ,
SM19836 ,S ,
SM19837 ,S ,
SM19838 ,S ,
SM19839 ,S ,
SM19840 ,A ,
SM19841 ,S ,
SM19842 ,S ,
SM19843 ,S ,
SM19844 ,A ,
SM19845 ,S ,
SM19846 ,S ,
SM19847 ,S ,
SM19848 ,S ,
SM19849 ,S ,
SM19850 ,S ,
SM19851 ,S ,
SM19852 ,S ,
SM19853 ,S ,
SM19854 ,S ,
SM19855 ,S ,
SM19856 ,S ,
SM19857 ,S ,
SM19858 ,S ,
SM19859 ,S ,
SM19860 ,A ,
SM19861 ,S ,
SM19862 ,A ,
SM19863 ,S ,
SM19864 ,S ,
SM19865 ,S ,
SM19866 ,S ,
SM19867 ,S ,
SM19868 ,S ,
SM19869 ,A ,
SM19870 ,A ,
SM19871 ,S ,
SM19872 ,S ,
SM19873 ,S ,
SM19874 ,S ,
SM19875 ,S ,
SM19876 ,S ,
SM19877 ,S ,
SM19878 ,S ,
SM19879 ,S ,
SM19880 ,S ,
SM19881 ,A ,
SM19882 ,A ,
SM19883 ,A ,
SM19884 ,S ,
SM19885 ,S ,
SM19886 ,S ,
SM19887 ,A ,
SM19888 ,S ,
SM19889 ,A ,
SM19890 ,S ,
SM19891 ,S ,
SM19892 ,S ,
SM19893 ,A ,
SM19894 ,S ,
SM19895 ,A ,
SM19896 ,A ,
SM19897 ,S ,
SM19898 ,S ,
SM19899 ,S ,
SM19900 ,S ,
SM19901 ,S ,
SM19902 ,A ,
SM19903 ,A ,
SM19904 ,S ,
SM19905 ,S ,
SM19906 ,A ,
SM19907 ,S ,
SM19908 ,S ,
SM19909 ,A ,
SM19910 ,S ,
SM19911 ,S ,
SM19912 ,A ,
SM19913 ,A ,
SM19914 ,S ,
SM19915 ,S ,
SM19916 ,S ,
SM19917 ,S ,
SM19918 ,S ,
SM19919 ,S ,
SM19920 ,S ,
SM19921 ,S ,
SM19922 ,A ,
SM19923 ,S ,
SM19924 ,S ,
SM19925 ,S ,
SM19926 ,A ,
SM19927 ,S ,
SM19928 ,S ,
SM19929 ,S ,
SM19930 ,A ,
SM19931 ,S ,
SM19932 ,S ,
SM19933 ,A ,
SM19934 ,S ,
SM19935 ,S ,
SM19936 ,A ,
SM19937 ,S ,
SM19938 ,S ,
SM19939 ,S ,
SM19940 ,A ,
SM19941 ,S ,
SM19942 ,A ,
SM19943 ,S ,
SM19944 ,S ,
SM19945 ,S ,
SM19946 ,S ,
SM19947 ,S ,
SM19948 ,A ,
SM19949 ,A ,
SM19950 ,A ,
SM19951 ,A ,
SM19952 ,A ,
SM19953 ,A ,
SM19954 ,A ,
SM19955 ,A ,
SM19956 ,A ,
SM19957 ,A ,
SM19958 ,S ,
SM19959 ,S ,
SM19960 ,A ,
SM19961 ,S ,
SM19962 ,S ,
SM19963 ,A ,
SM19964 ,S ,
SM19965 ,S ,
SM19966 ,A ,
SM19967 ,S ,
SM19968 ,S ,
SM19969 ,A ,
SM19970 ,S ,
SM19971 ,S ,
SM19972 ,A ,
SM19973 ,S ,
SM19974 ,S ,
SM19975 ,A ,
SM19976 ,S ,
SM19977 ,S ,
SM19978 ,A ,
SM19979 ,S ,
SM19980 ,S ,
SM19981 ,S ,
SM19982 ,S ,
SM19983 ,S ,
SM19984 ,S ,
SM19985 ,S ,
SM19986 ,S ,
SM19987 ,S ,
SM19988 ,A ,
SM19989 ,A ,
SM19990 ,S ,
SM19991 ,S ,
SM19992 ,S ,
SM19993 ,S ,
SM19994 ,S ,
SM19995 ,S ,
SM19996 ,S ,
SM19997 ,S ,
SM19998 ,S ,
SM19999 ,A ,
SM20000 ,S ,
SM20001 ,A ,
SM20002 ,A ,
SM20003 ,A ,
SM20004 ,A ,