Node,OH,
SM1     ,S ,
SM4     ,S ,
SM5     ,S ,
SM7     ,S ,
SM8     ,S ,
SM10    ,A ,
SM11    ,A ,
SM12    ,A ,
SM14    ,A ,
SM15    ,A ,
SM16    ,A ,
SM18    ,A ,
SM20    ,A ,
SM22    ,A ,
SM23    ,A ,
SM24    ,A ,
SM25    ,A ,
SM27    ,A ,
SM28    ,A ,
SM29    ,A ,
SM30    ,A ,
SM31    ,A ,
SM32    ,A ,
SM33    ,A ,
SM34    ,A ,
SM35    ,A ,
SM36    ,A ,
SM37    ,A ,
SM38    ,A ,
SM39    ,A ,
SM40    ,A ,
SM41    ,A ,
SM42    ,A ,
SM44    ,A ,
SM45    ,A ,
SM46    ,A ,
SM47    ,A ,
SM48    ,A ,
SM49    ,A ,
SM50    ,A ,
SM51    ,A ,
SM52    ,A ,
SM53    ,A ,
SM54    ,A ,
SM55    ,A ,
SM56    ,A ,
SM58    ,A ,
SM60    ,A ,
SM61    ,A ,
SM62    ,A ,
SM63    ,A ,
SM64    ,A ,
SM65    ,A ,
SM67    ,A ,
SM68    ,A ,
SM69    ,A ,
SM70    ,A ,
SM71    ,A ,
SM72    ,A ,
SM74    ,A ,
SM75    ,A ,
SM76    ,A ,
SM77    ,A ,
SM79    ,A ,
SM80    ,A ,
SM81    ,A ,
SM82    ,A ,
SM83    ,A ,
SM84    ,A ,
SM85    ,A ,
SM86    ,A ,
SM87    ,A ,
SM88    ,A ,
SM89    ,A ,
SM90    ,A ,
SM91    ,A ,
SM92    ,A ,
SM93    ,A ,
SM94    ,A ,
SM95    ,A ,
SM96    ,A ,
SM97    ,A ,
SM99    ,A ,
SM101   ,A ,
SM102   ,A ,
SM103   ,A ,
SM104   ,A ,
SM105   ,A ,
SM106   ,A ,
SM107   ,A ,
SM109   ,A ,
SM111   ,A ,
SM112   ,A ,
SM113   ,A ,
SM115   ,A ,
SM116   ,A ,
SM119   ,A ,
SM120   ,A ,
SM121   ,A ,
SM123   ,A ,
SM124   ,A ,
SM125   ,A ,
SM127   ,A ,
SM129   ,A ,
SM131   ,A ,
SM132   ,A ,
SM133   ,A ,
SM134   ,A ,
SM135   ,A ,
SM136   ,A ,
SM137   ,A ,
SM138   ,A ,
SM139   ,A ,
SM140   ,A ,
SM141   ,A ,
SM142   ,A ,
SM143   ,A ,
SM144   ,A ,
SM145   ,A ,
SM146   ,A ,
SM147   ,A ,
SM148   ,A ,
SM149   ,A ,
SM150   ,A ,
SM151   ,A ,
SM152   ,A ,
SM153   ,A ,
SM154   ,A ,
SM156   ,A ,
SM157   ,A ,
SM158   ,A ,
SM159   ,A ,
SM160   ,S ,
SM161   ,S ,
SM162   ,S ,
SM163   ,A ,
SM164   ,S ,
SM165   ,S ,
SM166   ,A ,
SM167   ,A ,
SM168   ,A ,
SM169   ,S ,
SM170   ,S ,
SM171   ,S ,
SM172   ,S ,
SM173   ,A ,
SM174   ,A ,
SM175   ,S ,
SM176   ,A ,
SM177   ,S ,
SM178   ,A ,
SM179   ,A ,
SM180   ,S ,
SM181   ,S ,
SM182   ,A ,
SM184   ,A ,
SM185   ,A ,
SM186   ,A ,
SM188   ,S ,
SM190   ,S ,
SM191   ,A ,
SM193   ,S ,
SM194   ,S ,
SM195   ,A ,
SM196   ,A ,
SM198   ,S ,
SM199   ,A ,
SM201   ,A ,
SM202   ,S ,
SM203   ,A ,
SM204   ,A ,
SM205   ,A ,
SM206   ,A ,
SM207   ,A ,
SM208   ,A ,
SM209   ,A ,
SM210   ,A ,
SM211   ,A ,
SM212   ,A ,
SM213   ,A ,
SM214   ,A ,
SM215   ,A ,
SM216   ,A ,
SM217   ,A ,
SM218   ,A ,
SM220   ,A ,
SM221   ,A ,
SM222   ,A ,
SM223   ,A ,
SM224   ,A ,
SM225   ,A ,
SM226   ,A ,
SM228   ,A ,
SM229   ,A ,
SM230   ,A ,
SM231   ,A ,
SM232   ,A ,
SM234   ,A ,
SM235   ,A ,
SM236   ,A ,
SM237   ,A ,
SM238   ,A ,
SM239   ,A ,
SM241   ,A ,
SM242   ,A ,
SM243   ,A ,
SM244   ,A ,
SM245   ,A ,
SM246   ,A ,
SM247   ,A ,
SM248   ,A ,
SM249   ,A ,
SM250   ,A ,
SM251   ,A ,
SM252   ,A ,
SM253   ,A ,
SM256   ,A ,
SM257   ,A ,
SM258   ,A ,
SM259   ,A ,
SM260   ,A ,
SM261   ,A ,
SM262   ,A ,
SM265   ,A ,
SM266   ,A ,
SM267   ,A ,
SM268   ,A ,
SM269   ,A ,
SM270   ,A ,
SM271   ,A ,
SM272   ,A ,
SM273   ,A ,
SM274   ,A ,
SM275   ,A ,
SM276   ,A ,
SM277   ,A ,
SM278   ,A ,
SM279   ,A ,
SM280   ,A ,
SM281   ,A ,
SM282   ,A ,
SM283   ,A ,
SM284   ,A ,
SM285   ,A ,
SM286   ,A ,
SM288   ,A ,
SM289   ,A ,
SM291   ,A ,
SM293   ,A ,
SM294   ,A ,
SM295   ,A ,
SM296   ,A ,
SM297   ,A ,
SM298   ,A ,
SM300   ,A ,
SM301   ,A ,
SM302   ,A ,
SM303   ,A ,
SM304   ,A ,
SM305   ,A ,
SM306   ,A ,
SM307   ,A ,
SM308   ,A ,
SM309   ,A ,
SM311   ,A ,
SM312   ,A ,
SM313   ,A ,
SM314   ,A ,
SM315   ,A ,
SM316   ,A ,
SM317   ,A ,
SM318   ,A ,
SM319   ,A ,
SM320   ,A ,
SM321   ,A ,
SM322   ,A ,
SM324   ,A ,
SM325   ,A ,
SM326   ,A ,
SM327   ,A ,
SM328   ,A ,
SM329   ,A ,
SM330   ,A ,
SM331   ,A ,
SM332   ,A ,
SM333   ,A ,
SM334   ,A ,
SM335   ,A ,
SM336   ,A ,
SM338   ,A ,
SM339   ,A ,
SM340   ,A ,
SM342   ,A ,
SM343   ,A ,
SM344   ,A ,
SM345   ,A ,
SM346   ,A ,
SM347   ,A ,
SM348   ,A ,
SM349   ,A ,
SM350   ,A ,
SM351   ,A ,
SM352   ,A ,
SM353   ,A ,
SM354   ,A ,
SM355   ,A ,
SM356   ,A ,
SM357   ,A ,
SM358   ,A ,
SM359   ,A ,
SM360   ,A ,
SM361   ,A ,
SM362   ,A ,
SM363   ,A ,
SM364   ,A ,
SM365   ,A ,
SM366   ,A ,
SM367   ,A ,
SM368   ,A ,
SM369   ,A ,
SM370   ,A ,
SM371   ,A ,
SM372   ,A ,
SM373   ,A ,
SM374   ,A ,
SM375   ,A ,
SM377   ,A ,
SM378   ,A ,
SM379   ,A ,
SM380   ,A ,
SM381   ,A ,
SM382   ,A ,
SM383   ,A ,
SM384   ,A ,
SM385   ,A ,
SM386   ,A ,
SM387   ,A ,
SM388   ,A ,
SM389   ,A ,
SM390   ,A ,
SM391   ,A ,
SM392   ,A ,
SM393   ,A ,
SM394   ,A ,
SM395   ,A ,
SM396   ,A ,
SM397   ,A ,
SM398   ,A ,
SM399   ,A ,
SM400   ,A ,
SM401   ,A ,
SM402   ,A ,
SM403   ,A ,
SM404   ,A ,
SM405   ,A ,
SM406   ,A ,
SM407   ,A ,
SM408   ,A ,
SM409   ,A ,
SM410   ,A ,
SM411   ,A ,
SM413   ,A ,
SM414   ,A ,
SM415   ,A ,
SM416   ,A ,
SM417   ,A ,
SM418   ,A ,
SM419   ,A ,
SM421   ,A ,
SM422   ,A ,
SM423   ,A ,
SM424   ,A ,
SM425   ,A ,
SM426   ,A ,
SM427   ,A ,
SM428   ,A ,
SM429   ,A ,
SM430   ,A ,
SM431   ,A ,
SM432   ,A ,
SM433   ,A ,
SM434   ,A ,
SM435   ,A ,
SM436   ,A ,
SM437   ,A ,
SM438   ,A ,
SM439   ,A ,
SM440   ,A ,
SM441   ,A ,
SM443   ,A ,
SM444   ,A ,
SM445   ,A ,
SM446   ,A ,
SM447   ,A ,
SM448   ,A ,
SM449   ,A ,
SM450   ,A ,
SM451   ,A ,
SM454   ,A ,
SM455   ,A ,
SM456   ,A ,
SM457   ,A ,
SM458   ,A ,
SM459   ,A ,
SM460   ,A ,
SM461   ,A ,
SM463   ,A ,
SM464   ,A ,
SM466   ,A ,
SM467   ,A ,
SM468   ,A ,
SM469   ,A ,
SM470   ,A ,
SM471   ,A ,
SM472   ,A ,
SM473   ,A ,
SM475   ,A ,
SM476   ,A ,
SM478   ,A ,
SM479   ,A ,
SM480   ,A ,
SM481   ,A ,
SM482   ,A ,
SM483   ,A ,
SM484   ,A ,
SM485   ,A ,
SM486   ,A ,
SM487   ,A ,
SM488   ,A ,
SM489   ,A ,
SM490   ,A ,
SM491   ,A ,
SM492   ,A ,
SM493   ,A ,
SM494   ,A ,
SM495   ,A ,
SM496   ,A ,
SM497   ,A ,
SM498   ,A ,
SM499   ,A ,
SM500   ,A ,
SM501   ,A ,
SM503   ,A ,
SM504   ,A ,
SM505   ,A ,
SM507   ,A ,
SM508   ,A ,
SM510   ,A ,
SM511   ,A ,
SM512   ,A ,
SM513   ,A ,
SM514   ,A ,
SM515   ,A ,
SM516   ,A ,
SM517   ,A ,
SM518   ,A ,
SM519   ,A ,
SM520   ,A ,
SM521   ,A ,
SM523   ,A ,
SM524   ,A ,
SM525   ,A ,
SM526   ,A ,
SM527   ,A ,
SM528   ,A ,
SM529   ,A ,
SM530   ,A ,
SM531   ,A ,
SM532   ,A ,
SM533   ,A ,
SM534   ,A ,
SM535   ,A ,
SM536   ,A ,
SM537   ,A ,
SM538   ,A ,
SM539   ,A ,
SM540   ,A ,
SM541   ,A ,
SM542   ,A ,
SM543   ,A ,
SM544   ,A ,
SM546   ,A ,
SM547   ,A ,
SM548   ,A ,
SM549   ,A ,
SM550   ,A ,
SM551   ,A ,
SM552   ,A ,
SM553   ,A ,
SM554   ,A ,
SM555   ,A ,
SM556   ,A ,
SM557   ,A ,
SM558   ,A ,
SM559   ,A ,
SM560   ,A ,
SM561   ,A ,
SM562   ,A ,
SM563   ,A ,
SM565   ,A ,
SM566   ,A ,
SM567   ,A ,
SM568   ,A ,
SM569   ,A ,
SM570   ,A ,
SM571   ,A ,
SM572   ,A ,
SM573   ,A ,
SM574   ,A ,
SM575   ,A ,
SM576   ,A ,
SM577   ,A ,
SM578   ,S ,
SM579   ,S ,
SM580   ,S ,
SM581   ,A ,
SM582   ,S ,
SM583   ,A ,
SM584   ,A ,
SM585   ,A ,
SM586   ,S ,
SM587   ,A ,
SM588   ,A ,
SM589   ,S ,
SM590   ,A ,
SM591   ,S ,
SM592   ,A ,
SM593   ,S ,
SM594   ,A ,
SM595   ,S ,
SM596   ,A ,
SM597   ,S ,
SM598   ,A ,
SM599   ,S ,
SM600   ,S ,
SM601   ,A ,
SM602   ,S ,
SM603   ,A ,
SM604   ,S ,
SM605   ,A ,
SM607   ,S ,
SM608   ,A ,
SM609   ,A ,
SM610   ,S ,
SM611   ,A ,
SM612   ,S ,
SM613   ,A ,
SM614   ,S ,
SM615   ,A ,
SM616   ,S ,
SM617   ,A ,
SM618   ,A ,
SM619   ,A ,
SM620   ,S ,
SM621   ,A ,
SM623   ,S ,
SM624   ,S ,
SM625   ,A ,
SM627   ,S ,
SM628   ,A ,
SM629   ,S ,
SM630   ,A ,
SM631   ,A ,
SM632   ,S ,
SM633   ,S ,
SM634   ,S ,
SM636   ,S ,
SM637   ,A ,
SM639   ,A ,
SM640   ,S ,
SM641   ,S ,
SM643   ,S ,
SM644   ,A ,
SM645   ,S ,
SM646   ,A ,
SM647   ,S ,
SM648   ,S ,
SM649   ,S ,
SM650   ,A ,
SM651   ,S ,
SM652   ,A ,
SM653   ,S ,
SM654   ,S ,
SM655   ,A ,
SM656   ,S ,
SM657   ,A ,
SM658   ,S ,
SM659   ,A ,
SM660   ,A ,
SM661   ,S ,
SM662   ,S ,
SM663   ,S ,
SM664   ,S ,
SM665   ,A ,
SM666   ,A ,
SM667   ,S ,
SM668   ,A ,
SM669   ,S ,
SM670   ,A ,
SM672   ,A ,
SM673   ,S ,
SM674   ,A ,
SM675   ,A ,
SM676   ,A ,
SM677   ,A ,
SM678   ,A ,
SM679   ,A ,
SM680   ,A ,
SM681   ,S ,
SM682   ,A ,
SM683   ,A ,
SM684   ,A ,
SM685   ,A ,
SM686   ,A ,
SM687   ,A ,
SM688   ,A ,
SM689   ,S ,
SM690   ,A ,
SM691   ,A ,
SM692   ,S ,
SM693   ,A ,
SM694   ,A ,
SM695   ,A ,
SM696   ,A ,
SM697   ,A ,
SM698   ,A ,
SM699   ,A ,
SM700   ,A ,
SM701   ,A ,
SM702   ,A ,
SM703   ,A ,
SM704   ,A ,
SM705   ,A ,
SM706   ,A ,
SM707   ,A ,
SM708   ,A ,
SM709   ,S ,
SM710   ,A ,
SM711   ,A ,
SM712   ,A ,
SM714   ,A ,
SM715   ,A ,
SM716   ,S ,
SM717   ,S ,
SM718   ,A ,
SM719   ,S ,
SM720   ,A ,
SM721   ,A ,
SM722   ,A ,
SM723   ,S ,
SM724   ,A ,
SM726   ,S ,
SM727   ,A ,
SM728   ,A ,
SM729   ,A ,
SM730   ,S ,
SM732   ,A ,
SM733   ,A ,
SM734   ,A ,
SM735   ,A ,
SM736   ,A ,
SM737   ,S ,
SM738   ,S ,
SM739   ,S ,
SM740   ,A ,
SM741   ,A ,
SM742   ,S ,
SM743   ,A ,
SM744   ,A ,
SM745   ,S ,
SM746   ,A ,
SM747   ,S ,
SM748   ,A ,
SM749   ,A ,
SM750   ,A ,
SM751   ,S ,
SM752   ,A ,
SM753   ,A ,
SM754   ,A ,
SM755   ,S ,
SM756   ,S ,
SM757   ,S ,
SM758   ,A ,
SM759   ,A ,
SM760   ,A ,
SM761   ,A ,
SM762   ,A ,
SM763   ,A ,
SM764   ,A ,
SM765   ,A ,
SM766   ,A ,
SM767   ,A ,
SM768   ,A ,
SM769   ,S ,
SM770   ,A ,
SM772   ,A ,
SM774   ,A ,
SM775   ,A ,
SM776   ,A ,
SM777   ,S ,
SM778   ,A ,
SM779   ,S ,
SM781   ,A ,
SM782   ,S ,
SM783   ,A ,
SM784   ,A ,
SM786   ,S ,
SM787   ,A ,
SM788   ,A ,
SM789   ,S ,
SM790   ,S ,
SM791   ,A ,
SM792   ,S ,
SM793   ,S ,
SM794   ,S ,
SM795   ,S ,
SM796   ,A ,
SM797   ,S ,
SM798   ,A ,
SM799   ,S ,
SM800   ,S ,
SM801   ,S ,
SM802   ,S ,
SM803   ,A ,
SM804   ,S ,
SM805   ,A ,
SM806   ,S ,
SM807   ,S ,
SM808   ,S ,
SM809   ,A ,
SM810   ,S ,
SM811   ,A ,
SM812   ,S ,
SM813   ,S ,
SM814   ,A ,
SM815   ,S ,
SM816   ,A ,
SM817   ,S ,
SM818   ,S ,
SM819   ,A ,
SM820   ,A ,
SM821   ,S ,
SM823   ,S ,
SM824   ,S ,
SM825   ,S ,
SM826   ,S ,
SM827   ,A ,
SM828   ,S ,
SM829   ,S ,
SM830   ,A ,
SM831   ,S ,
SM832   ,A ,
SM833   ,A ,
SM834   ,S ,
SM836   ,S ,
SM837   ,S ,
SM838   ,S ,
SM839   ,S ,
SM840   ,A ,
SM841   ,A ,
SM842   ,S ,
SM843   ,S ,
SM844   ,S ,
SM845   ,S ,
SM846   ,A ,
SM847   ,S ,
SM848   ,S ,
SM849   ,S ,
SM850   ,A ,
SM851   ,S ,
SM853   ,A ,
SM854   ,A ,
SM855   ,S ,
SM856   ,A ,
SM857   ,A ,
SM858   ,A ,
SM859   ,S ,
SM860   ,S ,
SM862   ,A ,
SM863   ,A ,
SM864   ,S ,
SM865   ,S ,
SM866   ,A ,
SM869   ,A ,
SM870   ,S ,
SM871   ,S ,
SM872   ,S ,
SM873   ,S ,
SM874   ,S ,
SM876   ,A ,
SM878   ,S ,
SM881   ,S ,
SM882   ,S ,
SM883   ,A ,
SM884   ,S ,
SM885   ,S ,
SM886   ,A ,
SM887   ,S ,
SM888   ,S ,
SM889   ,S ,
SM890   ,S ,
SM891   ,A ,
SM892   ,S ,
SM893   ,S ,
SM894   ,S ,
SM895   ,A ,
SM896   ,S ,
SM897   ,S ,
SM898   ,A ,
SM899   ,A ,
SM900   ,S ,
SM901   ,A ,
SM902   ,S ,
SM903   ,S ,
SM904   ,A ,
SM905   ,S ,
SM906   ,S ,
SM907   ,S ,
SM908   ,A ,
SM909   ,A ,
SM910   ,S ,
SM911   ,S ,
SM912   ,A ,
SM913   ,A ,
SM914   ,S ,
SM915   ,S ,
SM916   ,S ,
SM917   ,S ,
SM918   ,S ,
SM919   ,S ,
SM920   ,S ,
SM921   ,A ,
SM922   ,S ,
SM923   ,S ,
SM924   ,S ,
SM925   ,A ,
SM926   ,S ,
SM927   ,A ,
SM928   ,S ,
SM929   ,S ,
SM930   ,S ,
SM931   ,A ,
SM932   ,A ,
SM933   ,S ,
SM934   ,S ,
SM935   ,S ,
SM936   ,S ,
SM937   ,S ,
SM938   ,A ,
SM939   ,S ,
SM940   ,S ,
SM941   ,S ,
SM942   ,S ,
SM943   ,S ,
SM944   ,S ,
SM945   ,A ,
SM946   ,S ,
SM947   ,S ,
SM948   ,A ,
SM949   ,S ,
SM950   ,S ,
SM951   ,S ,
SM952   ,A ,
SM953   ,S ,
SM954   ,S ,
SM955   ,A ,
SM956   ,A ,
SM957   ,A ,
SM958   ,A ,
SM959   ,A ,
SM960   ,A ,
SM961   ,A ,
SM962   ,A ,
SM963   ,A ,
SM964   ,S ,
SM965   ,S ,
SM966   ,A ,
SM967   ,S ,
SM968   ,A ,
SM969   ,S ,
SM970   ,A ,
SM971   ,A ,
SM972   ,S ,
SM973   ,S ,
SM974   ,A ,
SM975   ,A ,
SM976   ,S ,
SM977   ,S ,
SM978   ,A ,
SM979   ,A ,
SM980   ,A ,
SM981   ,A ,
SM982   ,A ,
SM983   ,S ,
SM984   ,S ,
SM985   ,S ,
SM986   ,S ,
SM987   ,A ,
SM988   ,A ,
SM989   ,S ,
SM990   ,A ,
SM991   ,S ,
SM992   ,A ,
SM993   ,S ,
SM994   ,S ,
SM995   ,S ,
SM996   ,S ,
SM997   ,S ,
SM998   ,S ,
SM999   ,S ,
SM1000  ,S ,
SM1001  ,A ,
SM1002  ,S ,
SM1003  ,S ,
SM1004  ,S ,
SM1005  ,S ,
SM1006  ,S ,
SM1007  ,S ,
SM1008  ,S ,
SM1009  ,A ,
SM1010  ,S ,
SM1011  ,S ,
SM1012  ,S ,
SM1013  ,S ,
SM1014  ,S ,
SM1015  ,S ,
SM1016  ,S ,
SM1017  ,S ,
SM1018  ,S ,
SM1019  ,S ,
SM1020  ,S ,
SM1021  ,S ,
SM1022  ,S ,
SM1023  ,S ,
SM1024  ,S ,
SM1025  ,S ,
SM1026  ,S ,
SM1027  ,A ,
SM1028  ,S ,
SM1029  ,A ,
SM1030  ,A ,
SM1031  ,S ,
SM1032  ,A ,
SM1033  ,S ,
SM1034  ,S ,
SM1035  ,S ,
SM1036  ,S ,
SM1037  ,S ,
SM1038  ,S ,
SM1039  ,S ,
SM1040  ,S ,
SM1041  ,S ,
SM1042  ,S ,
SM1043  ,S ,
SM1044  ,A ,
SM1045  ,S ,
SM1046  ,S ,
SM1047  ,S ,
SM1048  ,S ,
SM1049  ,S ,
SM1050  ,S ,
SM1051  ,A ,
SM1052  ,S ,
SM1053  ,S ,
SM1054  ,S ,
SM1055  ,S ,
SM1056  ,S ,
SM1057  ,A ,
SM1058  ,S ,
SM1059  ,S ,
SM1060  ,S ,
SM1061  ,S ,
SM1062  ,S ,
SM1063  ,S ,
SM1064  ,S ,
SM1065  ,S ,
SM1066  ,A ,
SM1067  ,S ,
SM1068  ,A ,
SM1069  ,S ,
SM1070  ,S ,
SM1071  ,A ,
SM1072  ,S ,
SM1073  ,S ,
SM1074  ,S ,
SM1075  ,S ,
SM1076  ,S ,
SM1077  ,S ,
SM1078  ,S ,
SM1079  ,S ,
SM1080  ,S ,
SM1081  ,S ,
SM1082  ,S ,
SM1083  ,S ,
SM1084  ,S ,
SM1085  ,A ,
SM1086  ,S ,
SM1087  ,A ,
SM1088  ,S ,
SM1089  ,S ,
SM1090  ,A ,
SM1091  ,S ,
SM1092  ,S ,
SM1093  ,S ,
SM1094  ,S ,
SM1095  ,S ,
SM1096  ,A ,
SM1097  ,S ,
SM1098  ,S ,
SM1099  ,S ,
SM1100  ,S ,
SM1101  ,A ,
SM1102  ,S ,
SM1103  ,S ,
SM1104  ,S ,
SM1105  ,S ,
SM1106  ,S ,
SM1107  ,S ,
SM1108  ,S ,
SM1109  ,S ,
SM1110  ,S ,
SM1111  ,A ,
SM1112  ,S ,
SM1113  ,S ,
SM1114  ,S ,
SM1115  ,S ,
SM1116  ,A ,
SM1117  ,S ,
SM1118  ,S ,
SM1119  ,S ,
SM1120  ,S ,
SM1121  ,A ,
SM1122  ,A ,
SM1123  ,S ,
SM1124  ,S ,
SM1125  ,S ,
SM1126  ,S ,
SM1127  ,A ,
SM1128  ,S ,
SM1129  ,A ,
SM1130  ,A ,
SM1131  ,S ,
SM1132  ,S ,
SM1133  ,S ,
SM1134  ,A ,
SM1135  ,S ,
SM1136  ,S ,
SM1137  ,S ,
SM1138  ,S ,
SM1139  ,S ,
SM1140  ,A ,
SM1141  ,S ,
SM1142  ,S ,
SM1143  ,A ,
SM1144  ,S ,
SM1145  ,S ,
SM1146  ,S ,
SM1147  ,A ,
SM1148  ,A ,
SM1149  ,S ,
SM1150  ,A ,
SM1151  ,A ,
SM1152  ,A ,
SM1153  ,A ,
SM1154  ,A ,
SM1155  ,A ,
SM1156  ,A ,
SM1157  ,S ,
SM1158  ,A ,
SM1159  ,A ,
SM1161  ,A ,
SM1162  ,A ,
SM1164  ,A ,
SM1165  ,A ,
SM1166  ,S ,
SM1167  ,A ,
SM1168  ,S ,
SM1169  ,A ,
SM1170  ,A ,
SM1171  ,S ,
SM1172  ,A ,
SM1173  ,A ,
SM1174  ,A ,
SM1175  ,A ,
SM1176  ,A ,
SM1177  ,S ,
SM1178  ,A ,
SM1179  ,A ,
SM1181  ,A ,
SM1182  ,A ,
SM1183  ,A ,
SM1184  ,A ,
SM1185  ,A ,
SM1186  ,S ,
SM1187  ,S ,
SM1188  ,A ,
SM1189  ,S ,
SM1190  ,A ,
SM1191  ,A ,
SM1192  ,A ,
SM1193  ,A ,
SM1194  ,A ,
SM1195  ,A ,
SM1196  ,A ,
SM1197  ,S ,
SM1198  ,A ,
SM1199  ,A ,
SM1200  ,A ,
SM1201  ,A ,
SM1202  ,S ,
SM1203  ,A ,
SM1204  ,S ,
SM1205  ,A ,
SM1207  ,S ,
SM1208  ,A ,
SM1209  ,A ,
SM1210  ,A ,
SM1211  ,A ,
SM1212  ,S ,
SM1213  ,A ,
SM1214  ,A ,
SM1215  ,A ,
SM1217  ,A ,
SM1218  ,A ,
SM1219  ,A ,
SM1220  ,S ,
SM1221  ,A ,
SM1222  ,S ,
SM1223  ,S ,
SM1224  ,S ,
SM1225  ,S ,
SM1226  ,S ,
SM1227  ,A ,
SM1228  ,S ,
SM1229  ,S ,
SM1230  ,S ,
SM1231  ,A ,
SM1232  ,S ,
SM1233  ,S ,
SM1234  ,A ,
SM1236  ,S ,
SM1237  ,A ,
SM1238  ,A ,
SM1239  ,S ,
SM1240  ,S ,
SM1241  ,S ,
SM1242  ,A ,
SM1243  ,S ,
SM1245  ,S ,
SM1246  ,S ,
SM1247  ,S ,
SM1248  ,A ,
SM1249  ,S ,
SM1250  ,S ,
SM1251  ,A ,
SM1252  ,A ,
SM1253  ,S ,
SM1254  ,S ,
SM1255  ,A ,
SM1256  ,S ,
SM1257  ,S ,
SM1258  ,S ,
SM1259  ,A ,
SM1260  ,S ,
SM1261  ,S ,
SM1262  ,S ,
SM1263  ,A ,
SM1264  ,S ,
SM1265  ,S ,
SM1266  ,S ,
SM1267  ,A ,
SM1268  ,S ,
SM1269  ,S ,
SM1270  ,S ,
SM1271  ,A ,
SM1272  ,S ,
SM1273  ,A ,
SM1274  ,S ,
SM1275  ,S ,
SM1276  ,S ,
SM1277  ,S ,
SM1278  ,A ,
SM1279  ,A ,
SM1280  ,S ,
SM1281  ,S ,
SM1282  ,A ,
SM1283  ,S ,
SM1284  ,A ,
SM1285  ,S ,
SM1286  ,S ,
SM1287  ,S ,
SM1288  ,S ,
SM1289  ,A ,
SM1290  ,S ,
SM1292  ,S ,
SM1293  ,S ,
SM1294  ,A ,
SM1295  ,S ,
SM1296  ,S ,
SM1297  ,S ,
SM1298  ,A ,
SM1299  ,S ,
SM1300  ,A ,
SM1301  ,A ,
SM1302  ,S ,
SM1303  ,S ,
SM1304  ,S ,
SM1305  ,S ,
SM1306  ,S ,
SM1307  ,A ,
SM1308  ,A ,
SM1309  ,S ,
SM1310  ,A ,
SM1311  ,S ,
SM1312  ,A ,
SM1313  ,A ,
SM1314  ,S ,
SM1315  ,S ,
SM1316  ,S ,
SM1317  ,S ,
SM1318  ,A ,
SM1319  ,S ,
SM1320  ,S ,
SM1321  ,S ,
SM1322  ,S ,
SM1323  ,S ,
SM1324  ,A ,
SM1325  ,S ,
SM1326  ,A ,
SM1327  ,A ,
SM1328  ,S ,
SM1329  ,S ,
SM1330  ,S ,
SM1331  ,S ,
SM1332  ,S ,
SM1333  ,S ,
SM1334  ,S ,
SM1335  ,S ,
SM1336  ,A ,
SM1337  ,A ,
SM1338  ,S ,
SM1339  ,A ,
SM1340  ,S ,
SM1341  ,A ,
SM1342  ,S ,
SM1343  ,S ,
SM1344  ,S ,
SM1345  ,A ,
SM1346  ,S ,
SM1347  ,S ,
SM1348  ,A ,
SM1349  ,S ,
SM1350  ,S ,
SM1351  ,S ,
SM1352  ,S ,
SM1353  ,A ,
SM1354  ,S ,
SM1355  ,A ,
SM1356  ,S ,
SM1357  ,A ,
SM1358  ,S ,
SM1359  ,A ,
SM1360  ,S ,
SM1361  ,S ,
SM1362  ,S ,
SM1363  ,A ,
SM1364  ,A ,
SM1365  ,S ,
SM1366  ,A ,
SM1367  ,S ,
SM1368  ,S ,
SM1369  ,S ,
SM1370  ,A ,
SM1371  ,S ,
SM1372  ,S ,
SM1373  ,A ,
SM1374  ,S ,
SM1375  ,S ,
SM1376  ,S ,
SM1377  ,S ,
SM1378  ,A ,
SM1379  ,A ,
SM1380  ,S ,
SM1381  ,A ,
SM1382  ,S ,
SM1383  ,S ,
SM1384  ,S ,
SM1385  ,S ,
SM1386  ,A ,
SM1387  ,A ,
SM1388  ,S ,
SM1390  ,S ,
SM1391  ,S ,
SM1393  ,S ,
SM1394  ,A ,
SM1395  ,S ,
SM1396  ,A ,
SM1397  ,S ,
SM1398  ,A ,
SM1399  ,A ,
SM1400  ,S ,
SM1401  ,S ,
SM1402  ,S ,
SM1403  ,A ,
SM1405  ,S ,
SM1407  ,A ,
SM1408  ,S ,
SM1409  ,A ,
SM1410  ,A ,
SM1411  ,A ,
SM1413  ,A ,
SM1414  ,A ,
SM1415  ,A ,
SM1416  ,A ,
SM1417  ,A ,
SM1418  ,A ,
SM1419  ,S ,
SM1420  ,S ,
SM1421  ,A ,
SM1422  ,A ,
SM1424  ,S ,
SM1425  ,A ,
SM1426  ,S ,
SM1427  ,A ,
SM1428  ,A ,
SM1429  ,A ,
SM1430  ,A ,
SM1431  ,A ,
SM1432  ,S ,
SM1433  ,A ,
SM1434  ,S ,
SM1435  ,S ,
SM1436  ,A ,
SM1437  ,A ,
SM1438  ,A ,
SM1439  ,S ,
SM1440  ,A ,
SM1441  ,A ,
SM1442  ,A ,
SM1443  ,S ,
SM1444  ,A ,
SM1445  ,S ,
SM1446  ,S ,
SM1447  ,S ,
SM1448  ,S ,
SM1449  ,S ,
SM1450  ,A ,
SM1451  ,A ,
SM1452  ,S ,
SM1453  ,S ,
SM1455  ,S ,
SM1456  ,A ,
SM1457  ,S ,
SM1458  ,S ,
SM1459  ,S ,
SM1460  ,S ,
SM1461  ,S ,
SM1462  ,A ,
SM1463  ,S ,
SM1464  ,S ,
SM1465  ,S ,
SM1466  ,S ,
SM1467  ,S ,
SM1468  ,S ,
SM1469  ,S ,
SM1470  ,A ,
SM1471  ,S ,
SM1472  ,A ,
SM1473  ,S ,
SM1474  ,S ,
SM1475  ,S ,
SM1476  ,S ,
SM1477  ,A ,
SM1478  ,S ,
SM1479  ,A ,
SM1480  ,S ,
SM1481  ,S ,
SM1482  ,S ,
SM1483  ,S ,
SM1484  ,A ,
SM1485  ,S ,
SM1486  ,S ,
SM1487  ,S ,
SM1488  ,S ,
SM1489  ,S ,
SM1490  ,S ,
SM1491  ,S ,
SM1492  ,S ,
SM1493  ,A ,
SM1494  ,S ,
SM1495  ,S ,
SM1496  ,A ,
SM1497  ,S ,
SM1498  ,S ,
SM1499  ,A ,
SM1500  ,S ,
SM1501  ,S ,
SM1502  ,S ,
SM1503  ,S ,
SM1504  ,S ,
SM1505  ,S ,
SM1506  ,S ,
SM1507  ,S ,
SM1508  ,A ,
SM1509  ,S ,
SM1510  ,S ,
SM1511  ,A ,
SM1512  ,S ,
SM1513  ,A ,
SM1514  ,S ,
SM1515  ,A ,
SM1516  ,A ,
SM1517  ,S ,
SM1518  ,S ,
SM1519  ,A ,
SM1520  ,S ,
SM1521  ,S ,
SM1522  ,S ,
SM1523  ,S ,
SM1524  ,A ,
SM1525  ,A ,
SM1526  ,S ,
SM1527  ,S ,
SM1528  ,A ,
SM1529  ,S ,
SM1530  ,A ,
SM1531  ,A ,
SM1532  ,S ,
SM1533  ,S ,
SM1534  ,A ,
SM1535  ,S ,
SM1536  ,A ,
SM1537  ,S ,
SM1538  ,S ,
SM1539  ,A ,
SM1540  ,S ,
SM1541  ,A ,
SM1542  ,S ,
SM1543  ,S ,
SM1544  ,S ,
SM1545  ,S ,
SM1546  ,S ,
SM1547  ,S ,
SM1548  ,A ,
SM1549  ,S ,
SM1550  ,S ,
SM1551  ,A ,
SM1552  ,A ,
SM1553  ,S ,
SM1554  ,A ,
SM1555  ,S ,
SM1556  ,S ,
SM1557  ,S ,
SM1558  ,A ,
SM1559  ,A ,
SM1560  ,S ,
SM1561  ,A ,
SM1562  ,S ,
SM1563  ,A ,
SM1564  ,S ,
SM1565  ,A ,
SM1566  ,A ,
SM1567  ,S ,
SM1568  ,S ,
SM1569  ,S ,
SM1570  ,S ,
SM1571  ,A ,
SM1572  ,S ,
SM1573  ,A ,
SM1574  ,S ,
SM1575  ,A ,
SM1576  ,A ,
SM1577  ,S ,
SM1578  ,S ,
SM1579  ,A ,
SM1580  ,S ,
SM1581  ,A ,
SM1583  ,S ,
SM1584  ,S ,
SM1585  ,A ,
SM1586  ,A ,
SM1587  ,A ,
SM1588  ,S ,
SM1589  ,A ,
SM1590  ,A ,
SM1591  ,S ,
SM1592  ,S ,
SM1593  ,A ,
SM1594  ,A ,
SM1595  ,S ,
SM1596  ,A ,
SM1597  ,S ,
SM1598  ,A ,
SM1599  ,A ,
SM1601  ,S ,
SM1602  ,S ,
SM1603  ,S ,
SM1604  ,A ,
SM1605  ,A ,
SM1606  ,A ,
SM1607  ,S ,
SM1608  ,A ,
SM1609  ,A ,
SM1610  ,S ,
SM1611  ,A ,
SM1612  ,A ,
SM1613  ,S ,
SM1614  ,A ,
SM1615  ,S ,
SM1616  ,A ,
SM1618  ,S ,
SM1619  ,S ,
SM1620  ,S ,
SM1621  ,S ,
SM1622  ,A ,
SM1623  ,S ,
SM1624  ,A ,
SM1625  ,A ,
SM1626  ,A ,
SM1627  ,S ,
SM1628  ,S ,
SM1629  ,A ,
SM1630  ,A ,
SM1631  ,S ,
SM1632  ,A ,
SM1633  ,A ,
SM1634  ,S ,
SM1635  ,A ,
SM1636  ,S ,
SM1637  ,A ,
SM1638  ,S ,
SM1639  ,S ,
SM1640  ,A ,
SM1641  ,S ,
SM1642  ,S ,
SM1643  ,S ,
SM1646  ,S ,
SM1647  ,A ,
SM1648  ,A ,
SM1649  ,A ,
SM1650  ,A ,
SM1651  ,S ,
SM1653  ,S ,
SM1654  ,A ,
SM1655  ,A ,
SM1656  ,A ,
SM1657  ,A ,
SM1658  ,S ,
SM1659  ,A ,
SM1660  ,A ,
SM1661  ,A ,
SM1662  ,S ,
SM1663  ,A ,
SM1664  ,A ,
SM1665  ,A ,
SM1666  ,A ,
SM1667  ,S ,
SM1668  ,A ,
SM1669  ,A ,
SM1670  ,A ,
SM1671  ,A ,
SM1672  ,A ,
SM1673  ,A ,
SM1674  ,S ,
SM1675  ,A ,
SM1676  ,S ,
SM1677  ,A ,
SM1678  ,S ,
SM1679  ,A ,
SM1680  ,A ,
SM1681  ,A ,
SM1682  ,A ,
SM1683  ,A ,
SM1684  ,S ,
SM1685  ,A ,
SM1686  ,A ,
SM1687  ,A ,
SM1688  ,S ,
SM1689  ,A ,
SM1690  ,S ,
SM1691  ,A ,
SM1692  ,A ,
SM1693  ,A ,
SM1694  ,S ,
SM1695  ,S ,
SM1696  ,S ,
SM1697  ,S ,
SM1698  ,A ,
SM1699  ,A ,
SM1700  ,A ,
SM1701  ,S ,
SM1702  ,S ,
SM1703  ,A ,
SM1704  ,A ,
SM1705  ,S ,
SM1706  ,A ,
SM1707  ,S ,
SM1708  ,S ,
SM1709  ,A ,
SM1710  ,S ,
SM1711  ,S ,
SM1712  ,S ,
SM1713  ,S ,
SM1714  ,S ,
SM1715  ,S ,
SM1716  ,S ,
SM1717  ,A ,
SM1718  ,S ,
SM1719  ,S ,
SM1720  ,S ,
SM1721  ,A ,
SM1722  ,S ,
SM1723  ,A ,
SM1724  ,S ,
SM1725  ,S ,
SM1726  ,S ,
SM1727  ,A ,
SM1728  ,S ,
SM1729  ,S ,
SM1730  ,S ,
SM1731  ,S ,
SM1732  ,S ,
SM1733  ,A ,
SM1734  ,A ,
SM1735  ,S ,
SM1736  ,S ,
SM1737  ,S ,
SM1738  ,S ,
SM1739  ,A ,
SM1740  ,A ,
SM1741  ,S ,
SM1742  ,A ,
SM1743  ,A ,
SM1744  ,A ,
SM1745  ,S ,
SM1746  ,A ,
SM1747  ,S ,
SM1748  ,S ,
SM1749  ,S ,
SM1750  ,S ,
SM1751  ,S ,
SM1752  ,S ,
SM1753  ,S ,
SM1754  ,S ,
SM1755  ,A ,
SM1756  ,S ,
SM1757  ,A ,
SM1758  ,A ,
SM1759  ,S ,
SM1760  ,S ,
SM1761  ,S ,
SM1762  ,A ,
SM1763  ,S ,
SM1764  ,S ,
SM1765  ,A ,
SM1766  ,S ,
SM1767  ,S ,
SM1768  ,S ,
SM1769  ,A ,
SM1770  ,S ,
SM1771  ,S ,
SM1772  ,A ,
SM1773  ,A ,
SM1774  ,S ,
SM1775  ,A ,
SM1776  ,S ,
SM1777  ,A ,
SM1778  ,S ,
SM1779  ,A ,
SM1780  ,S ,
SM1782  ,S ,
SM1783  ,A ,
SM1784  ,S ,
SM1785  ,S ,
SM1786  ,S ,
SM1787  ,A ,
SM1788  ,A ,
SM1789  ,A ,
SM1790  ,S ,
SM1791  ,S ,
SM1792  ,S ,
SM1793  ,S ,
SM1794  ,S ,
SM1795  ,S ,
SM1796  ,S ,
SM1797  ,A ,
SM1798  ,S ,
SM1799  ,S ,
SM1800  ,S ,
SM1801  ,S ,
SM1802  ,A ,
SM1803  ,S ,
SM1804  ,S ,
SM1805  ,S ,
SM1806  ,S ,
SM1807  ,A ,
SM1808  ,S ,
SM1809  ,A ,
SM1810  ,S ,
SM1811  ,A ,
SM1812  ,A ,
SM1813  ,S ,
SM1814  ,S ,
SM1815  ,A ,
SM1816  ,S ,
SM1817  ,S ,
SM1818  ,A ,
SM1819  ,A ,
SM1820  ,S ,
SM1821  ,A ,
SM1822  ,S ,
SM1823  ,S ,
SM1824  ,A ,
SM1825  ,S ,
SM1826  ,A ,
SM1827  ,A ,
SM1828  ,S ,
SM1829  ,A ,
SM1830  ,S ,
SM1831  ,A ,
SM1832  ,S ,
SM1833  ,S ,
SM1834  ,S ,
SM1835  ,A ,
SM1836  ,S ,
SM1837  ,A ,
SM1838  ,S ,
SM1839  ,S ,
SM1840  ,A ,
SM1841  ,S ,
SM1842  ,S ,
SM1843  ,S ,
SM1844  ,S ,
SM1845  ,S ,
SM1846  ,S ,
SM1847  ,S ,
SM1848  ,S ,
SM1849  ,A ,
SM1850  ,S ,
SM1851  ,S ,
SM1852  ,S ,
SM1853  ,S ,
SM1854  ,A ,
SM1855  ,S ,
SM1856  ,S ,
SM1857  ,S ,
SM1858  ,S ,
SM1859  ,S ,
SM1860  ,S ,
SM1861  ,A ,
SM1862  ,A ,
SM1863  ,S ,
SM1864  ,S ,
SM1865  ,A ,
SM1866  ,A ,
SM1867  ,A ,
SM1868  ,S ,
SM1869  ,S ,
SM1870  ,S ,
SM1871  ,A ,
SM1872  ,S ,
SM1873  ,S ,
SM1874  ,A ,
SM1875  ,S ,
SM1876  ,S ,
SM1877  ,S ,
SM1878  ,S ,
SM1879  ,A ,
SM1880  ,S ,
SM1881  ,A ,
SM1882  ,A ,
SM1883  ,S ,
SM1884  ,S ,
SM1885  ,S ,
SM1886  ,A ,
SM1887  ,S ,
SM1888  ,A ,
SM1889  ,A ,
SM1890  ,A ,
SM1891  ,A ,
SM1892  ,S ,
SM1893  ,A ,
SM1894  ,A ,
SM1895  ,S ,
SM1896  ,A ,
SM1897  ,S ,
SM1898  ,A ,
SM1899  ,A ,
SM1900  ,A ,
SM1901  ,A ,
SM1902  ,A ,
SM1904  ,A ,
SM1905  ,A ,
SM1906  ,S ,
SM1907  ,A ,
SM1908  ,A ,
SM1909  ,S ,
SM1910  ,A ,
SM1911  ,A ,
SM1912  ,S ,
SM1913  ,A ,
SM1914  ,A ,
SM1915  ,A ,
SM1916  ,A ,
SM1917  ,A ,
SM1918  ,A ,
SM1919  ,A ,
SM1920  ,A ,
SM1921  ,A ,
SM1922  ,S ,
SM1923  ,A ,
SM1924  ,A ,
SM1925  ,A ,
SM1926  ,S ,
SM1927  ,A ,
SM1928  ,A ,
SM1929  ,S ,
SM1930  ,S ,
SM1931  ,A ,
SM1932  ,S ,
SM1933  ,A ,
SM1934  ,S ,
SM1935  ,A ,
SM1936  ,A ,
SM1937  ,S ,
SM1938  ,A ,
SM1939  ,S ,
SM1940  ,S ,
SM1941  ,A ,
SM1942  ,S ,
SM1943  ,S ,
SM1944  ,S ,
SM1945  ,A ,
SM1946  ,A ,
SM1947  ,S ,
SM1948  ,S ,
SM1949  ,A ,
SM1950  ,A ,
SM1951  ,S ,
SM1952  ,S ,
SM1953  ,A ,
SM1954  ,A ,
SM1955  ,S ,
SM1956  ,S ,
SM1957  ,S ,
SM1958  ,A ,
SM1959  ,A ,
SM1960  ,S ,
SM1961  ,S ,
SM1962  ,S ,
SM1963  ,A ,
SM1964  ,A ,
SM1965  ,S ,
SM1966  ,S ,
SM1967  ,S ,
SM1968  ,S ,
SM1969  ,S ,
SM1970  ,S ,
SM1971  ,S ,
SM1972  ,S ,
SM1973  ,S ,
SM1974  ,S ,
SM1975  ,S ,
SM1976  ,S ,
SM1977  ,A ,
SM1978  ,S ,
SM1979  ,A ,
SM1980  ,S ,
SM1981  ,A ,
SM1982  ,S ,
SM1983  ,S ,
SM1984  ,A ,
SM1985  ,S ,
SM1986  ,A ,
SM1987  ,S ,
SM1988  ,S ,
SM1989  ,S ,
SM1990  ,A ,
SM1992  ,S ,
SM1993  ,A ,
SM1994  ,S ,
SM1995  ,A ,
SM1996  ,A ,
SM1997  ,S ,
SM1998  ,A ,
SM1999  ,S ,
SM2000  ,S ,
SM2001  ,A ,
SM2002  ,S ,
SM2003  ,S ,
SM2004  ,A ,
SM2005  ,S ,
SM2006  ,A ,
SM2007  ,S ,
SM2008  ,S ,
SM2009  ,S ,
SM2010  ,A ,
SM2011  ,S ,
SM2012  ,S ,
SM2013  ,A ,
SM2014  ,S ,
SM2015  ,A ,
SM2016  ,A ,
SM2017  ,S ,
SM2018  ,A ,
SM2019  ,S ,
SM2020  ,A ,
SM2021  ,S ,
SM2022  ,A ,
SM2023  ,A ,
SM2024  ,A ,
SM2025  ,S ,
SM2026  ,A ,
SM2027  ,S ,
SM2028  ,A ,
SM2029  ,S ,
SM2030  ,S ,
SM2031  ,S ,
SM2032  ,A ,
SM2033  ,S ,
SM2034  ,A ,
SM2035  ,S ,
SM2036  ,S ,
SM2037  ,S ,
SM2038  ,S ,
SM2039  ,A ,
SM2040  ,S ,
SM2041  ,A ,
SM2042  ,S ,
SM2043  ,A ,
SM2044  ,A ,
SM2045  ,S ,
SM2046  ,S ,
SM2047  ,S ,
SM2048  ,A ,
SM2049  ,S ,
SM2050  ,A ,
SM2051  ,S ,
SM2052  ,S ,
SM2053  ,S ,
SM2054  ,A ,
SM2055  ,A ,
SM2056  ,S ,
SM2057  ,A ,
SM2058  ,A ,
SM2059  ,A ,
SM2060  ,S ,
SM2061  ,A ,
SM2062  ,S ,
SM2063  ,A ,
SM2064  ,S ,
SM2065  ,A ,
SM2066  ,S ,
SM2067  ,A ,
SM2068  ,S ,
SM2069  ,A ,
SM2070  ,S ,
SM2071  ,S ,
SM2072  ,S ,
SM2073  ,S ,
SM2074  ,A ,
SM2075  ,S ,
SM2076  ,S ,
SM2077  ,S ,
SM2078  ,A ,
SM2079  ,A ,
SM2080  ,A ,
SM2081  ,S ,
SM2082  ,A ,
SM2083  ,S ,
SM2084  ,S ,
SM2085  ,A ,
SM2086  ,S ,
SM2087  ,A ,
SM2088  ,A ,
SM2089  ,A ,
SM2090  ,S ,
SM2091  ,A ,
SM2092  ,S ,
SM2093  ,A ,
SM2094  ,S ,
SM2095  ,A ,
SM2096  ,S ,
SM2097  ,A ,
SM2098  ,A ,
SM2099  ,A ,
SM2100  ,S ,
SM2101  ,A ,
SM2102  ,A ,
SM2103  ,A ,
SM2104  ,S ,
SM2105  ,S ,
SM2107  ,A ,
SM2108  ,A ,
SM2109  ,A ,
SM2110  ,A ,
SM2111  ,S ,
SM2112  ,A ,
SM2113  ,S ,
SM2114  ,S ,
SM2115  ,S ,
SM2116  ,S ,
SM2117  ,S ,
SM2118  ,A ,
SM2119  ,S ,
SM2120  ,A ,
SM2121  ,S ,
SM2122  ,S ,
SM2123  ,A ,
SM2124  ,A ,
SM2125  ,S ,
SM2126  ,S ,
SM2127  ,S ,
SM2128  ,A ,
SM2129  ,A ,
SM2130  ,S ,
SM2131  ,A ,
SM2132  ,S ,
SM2133  ,S ,
SM2134  ,A ,
SM2135  ,S ,
SM2136  ,A ,
SM2137  ,S ,
SM2138  ,A ,
SM2139  ,S ,
SM2140  ,S ,
SM2141  ,A ,
SM2142  ,A ,
SM2143  ,S ,
SM2144  ,A ,
SM2145  ,S ,
SM2146  ,A ,
SM2147  ,S ,
SM2148  ,S ,
SM2149  ,S ,
SM2150  ,A ,
SM2151  ,A ,
SM2152  ,A ,
SM2153  ,A ,
SM2154  ,A ,
SM2155  ,S ,
SM2157  ,A ,
SM2158  ,A ,
SM2159  ,A ,
SM2160  ,A ,
SM2161  ,A ,
SM2162  ,A ,
SM2163  ,A ,
SM2164  ,A ,
SM2165  ,S ,
SM2166  ,A ,
SM2167  ,A ,
SM2168  ,S ,
SM2170  ,A ,
SM2171  ,A ,
SM2172  ,S ,
SM2173  ,A ,
SM2174  ,A ,
SM2175  ,A ,
SM2176  ,A ,
SM2177  ,A ,
SM2178  ,S ,
SM2179  ,A ,
SM2180  ,A ,
SM2181  ,A ,
SM2182  ,S ,
SM2183  ,A ,
SM2184  ,A ,
SM2185  ,S ,
SM2186  ,A ,
SM2187  ,A ,
SM2188  ,A ,
SM2189  ,A ,
SM2190  ,A ,
SM2191  ,A ,
SM2192  ,A ,
SM2193  ,S ,
SM2194  ,A ,
SM2195  ,A ,
SM2196  ,A ,
SM2197  ,S ,
SM2198  ,A ,
SM2199  ,S ,
SM2200  ,S ,
SM2201  ,S ,
SM2202  ,A ,
SM2203  ,A ,
SM2204  ,S ,
SM2205  ,S ,
SM2206  ,S ,
SM2207  ,A ,
SM2208  ,S ,
SM2209  ,A ,
SM2210  ,S ,
SM2211  ,S ,
SM2212  ,S ,
SM2213  ,S ,
SM2214  ,S ,
SM2215  ,S ,
SM2216  ,S ,
SM2217  ,S ,
SM2218  ,S ,
SM2219  ,S ,
SM2220  ,S ,
SM2221  ,S ,
SM2222  ,S ,
SM2223  ,A ,
SM2224  ,S ,
SM2225  ,A ,
SM2226  ,A ,
SM2227  ,S ,
SM2228  ,S ,
SM2229  ,A ,
SM2230  ,S ,
SM2231  ,A ,
SM2232  ,S ,
SM2233  ,S ,
SM2234  ,S ,
SM2235  ,A ,
SM2236  ,A ,
SM2237  ,S ,
SM2238  ,S ,
SM2239  ,S ,
SM2240  ,S ,
SM2241  ,S ,
SM2242  ,S ,
SM2243  ,S ,
SM2244  ,S ,
SM2245  ,A ,
SM2246  ,A ,
SM2247  ,S ,
SM2248  ,S ,
SM2249  ,A ,
SM2250  ,S ,
SM2251  ,A ,
SM2252  ,S ,
SM2253  ,S ,
SM2254  ,A ,
SM2255  ,S ,
SM2256  ,S ,
SM2257  ,S ,
SM2258  ,S ,
SM2259  ,S ,
SM2260  ,S ,
SM2261  ,S ,
SM2262  ,A ,
SM2263  ,S ,
SM2264  ,S ,
SM2265  ,S ,
SM2266  ,A ,
SM2267  ,A ,
SM2268  ,S ,
SM2269  ,S ,
SM2270  ,A ,
SM2271  ,A ,
SM2272  ,A ,
SM2273  ,S ,
SM2274  ,S ,
SM2275  ,S ,
SM2276  ,A ,
SM2277  ,S ,
SM2278  ,A ,
SM2279  ,S ,
SM2280  ,S ,
SM2281  ,S ,
SM2282  ,A ,
SM2283  ,S ,
SM2284  ,A ,
SM2285  ,A ,
SM2286  ,S ,
SM2287  ,A ,
SM2288  ,S ,
SM2289  ,S ,
SM2290  ,S ,
SM2291  ,S ,
SM2292  ,A ,
SM2293  ,S ,
SM2294  ,S ,
SM2295  ,S ,
SM2296  ,S ,
SM2297  ,S ,
SM2298  ,S ,
SM2299  ,S ,
SM2300  ,A ,
SM2301  ,S ,
SM2302  ,A ,
SM2303  ,S ,
SM2304  ,S ,
SM2305  ,A ,
SM2306  ,S ,
SM2307  ,A ,
SM2308  ,A ,
SM2309  ,S ,
SM2310  ,S ,
SM2311  ,A ,
SM2312  ,S ,
SM2313  ,A ,
SM2314  ,A ,
SM2315  ,S ,
SM2316  ,S ,
SM2317  ,S ,
SM2318  ,S ,
SM2319  ,S ,
SM2320  ,A ,
SM2321  ,A ,
SM2322  ,S ,
SM2323  ,S ,
SM2324  ,S ,
SM2325  ,A ,
SM2326  ,S ,
SM2327  ,A ,
SM2328  ,S ,
SM2329  ,S ,
SM2330  ,A ,
SM2331  ,S ,
SM2332  ,S ,
SM2333  ,A ,
SM2334  ,S ,
SM2335  ,S ,
SM2336  ,S ,
SM2337  ,A ,
SM2338  ,S ,
SM2339  ,A ,
SM2340  ,S ,
SM2341  ,A ,
SM2342  ,A ,
SM2343  ,S ,
SM2345  ,A ,
SM2346  ,S ,
SM2347  ,A ,
SM2348  ,S ,
SM2349  ,S ,
SM2350  ,S ,
SM2351  ,A ,
SM2352  ,S ,
SM2353  ,S ,
SM2354  ,A ,
SM2355  ,S ,
SM2356  ,S ,
SM2357  ,A ,
SM2358  ,S ,
SM2359  ,S ,
SM2360  ,A ,
SM2361  ,S ,
SM2362  ,S ,
SM2363  ,A ,
SM2364  ,S ,
SM2365  ,S ,
SM2366  ,S ,
SM2367  ,A ,
SM2368  ,S ,
SM2369  ,S ,
SM2370  ,A ,
SM2371  ,S ,
SM2372  ,A ,
SM2373  ,S ,
SM2374  ,S ,
SM2375  ,S ,
SM2376  ,S ,
SM2377  ,S ,
SM2378  ,S ,
SM2379  ,S ,
SM2380  ,A ,
SM2381  ,A ,
SM2382  ,S ,
SM2383  ,A ,
SM2384  ,A ,
SM2385  ,A ,
SM2386  ,A ,
SM2387  ,A ,
SM2388  ,S ,
SM2389  ,A ,
SM2390  ,A ,
SM2391  ,S ,
SM2392  ,A ,
SM2393  ,A ,
SM2394  ,S ,
SM2395  ,A ,
SM2396  ,A ,
SM2397  ,A ,
SM2398  ,A ,
SM2399  ,S ,
SM2400  ,A ,
SM2401  ,A ,
SM2402  ,A ,
SM2403  ,A ,
SM2404  ,S ,
SM2406  ,A ,
SM2407  ,S ,
SM2408  ,A ,
SM2410  ,A ,
SM2412  ,A ,
SM2414  ,A ,
SM2415  ,S ,
SM2416  ,A ,
SM2417  ,A ,
SM2418  ,A ,
SM2419  ,A ,
SM2420  ,A ,
SM2421  ,S ,
SM2423  ,A ,
SM2424  ,A ,
SM2425  ,S ,
SM2426  ,S ,
SM2427  ,S ,
SM2428  ,A ,
SM2429  ,S ,
SM2430  ,A ,
SM2431  ,S ,
SM2432  ,A ,
SM2433  ,S ,
SM2434  ,S ,
SM2435  ,S ,
SM2436  ,S ,
SM2437  ,S ,
SM2438  ,S ,
SM2439  ,S ,
SM2440  ,S ,
SM2441  ,S ,
SM2442  ,S ,
SM2443  ,S ,
SM2444  ,A ,
SM2445  ,A ,
SM2446  ,S ,
SM2447  ,S ,
SM2448  ,S ,
SM2449  ,S ,
SM2450  ,S ,
SM2451  ,S ,
SM2452  ,A ,
SM2453  ,A ,
SM2454  ,S ,
SM2455  ,S ,
SM2456  ,A ,
SM2457  ,S ,
SM2458  ,S ,
SM2459  ,A ,
SM2460  ,S ,
SM2461  ,A ,
SM2462  ,A ,
SM2463  ,S ,
SM2464  ,S ,
SM2465  ,A ,
SM2466  ,A ,
SM2467  ,S ,
SM2468  ,S ,
SM2469  ,S ,
SM2470  ,S ,
SM2471  ,A ,
SM2472  ,S ,
SM2473  ,S ,
SM2474  ,S ,
SM2475  ,S ,
SM2476  ,A ,
SM2477  ,A ,
SM2478  ,S ,
SM2479  ,A ,
SM2480  ,S ,
SM2481  ,S ,
SM2482  ,A ,
SM2484  ,A ,
SM2485  ,S ,
SM2486  ,A ,
SM2487  ,S ,
SM2488  ,A ,
SM2489  ,A ,
SM2490  ,S ,
SM2491  ,A ,
SM2492  ,S ,
SM2493  ,S ,
SM2494  ,S ,
SM2495  ,S ,
SM2496  ,S ,
SM2497  ,S ,
SM2498  ,A ,
SM2499  ,S ,
SM2500  ,S ,
SM2501  ,A ,
SM2502  ,S ,
SM2503  ,A ,
SM2504  ,A ,
SM2505  ,S ,
SM2506  ,S ,
SM2507  ,A ,
SM2508  ,S ,
SM2509  ,S ,
SM2510  ,A ,
SM2511  ,A ,
SM2512  ,A ,
SM2513  ,S ,
SM2514  ,S ,
SM2515  ,A ,
SM2516  ,S ,
SM2517  ,S ,
SM2518  ,A ,
SM2519  ,S ,
SM2520  ,S ,
SM2521  ,S ,
SM2522  ,S ,
SM2523  ,A ,
SM2524  ,S ,
SM2525  ,S ,
SM2526  ,S ,
SM2527  ,S ,
SM2528  ,A ,
SM2529  ,A ,
SM2530  ,S ,
SM2531  ,S ,
SM2532  ,S ,
SM2533  ,A ,
SM2534  ,A ,
SM2535  ,A ,
SM2536  ,S ,
SM2537  ,S ,
SM2538  ,S ,
SM2539  ,A ,
SM2540  ,A ,
SM2541  ,S ,
SM2542  ,S ,
SM2543  ,S ,
SM2544  ,A ,
SM2545  ,S ,
SM2546  ,A ,
SM2547  ,S ,
SM2548  ,S ,
SM2549  ,A ,
SM2550  ,A ,
SM2551  ,A ,
SM2552  ,S ,
SM2553  ,A ,
SM2554  ,S ,
SM2555  ,S ,
SM2556  ,A ,
SM2557  ,S ,
SM2558  ,S ,
SM2559  ,S ,
SM2560  ,A ,
SM2561  ,S ,
SM2562  ,A ,
SM2563  ,S ,
SM2564  ,A ,
SM2565  ,A ,
SM2566  ,S ,
SM2567  ,A ,
SM2568  ,S ,
SM2569  ,A ,
SM2570  ,A ,
SM2571  ,A ,
SM2572  ,A ,
SM2573  ,S ,
SM2574  ,S ,
SM2575  ,A ,
SM2576  ,S ,
SM2577  ,S ,
SM2578  ,A ,
SM2579  ,S ,
SM2580  ,A ,
SM2581  ,S ,
SM2582  ,S ,
SM2583  ,S ,
SM2584  ,A ,
SM2585  ,A ,
SM2586  ,S ,
SM2587  ,S ,
SM2588  ,A ,
SM2589  ,S ,
SM2590  ,S ,
SM2591  ,A ,
SM2592  ,S ,
SM2593  ,A ,
SM2594  ,S ,
SM2595  ,A ,
SM2596  ,A ,
SM2597  ,S ,
SM2598  ,A ,
SM2599  ,S ,
SM2600  ,S ,
SM2601  ,A ,
SM2602  ,S ,
SM2603  ,A ,
SM2604  ,S ,
SM2605  ,S ,
SM2606  ,S ,
SM2607  ,S ,
SM2608  ,S ,
SM2609  ,A ,
SM2610  ,S ,
SM2611  ,S ,
SM2612  ,S ,
SM2613  ,S ,
SM2614  ,A ,
SM2615  ,S ,
SM2616  ,S ,
SM2617  ,S ,
SM2618  ,A ,
SM2619  ,S ,
SM2620  ,S ,
SM2621  ,A ,
SM2622  ,A ,
SM2623  ,A ,
SM2624  ,A ,
SM2625  ,A ,
SM2626  ,A ,
SM2627  ,A ,
SM2628  ,A ,
SM2629  ,S ,
SM2630  ,A ,
SM2631  ,S ,
SM2632  ,A ,
SM2633  ,S ,
SM2634  ,A ,
SM2635  ,A ,
SM2636  ,A ,
SM2637  ,A ,
SM2638  ,A ,
SM2639  ,A ,
SM2640  ,A ,
SM2641  ,A ,
SM2642  ,A ,
SM2643  ,A ,
SM2644  ,A ,
SM2645  ,A ,
SM2646  ,A ,
SM2647  ,S ,
SM2648  ,A ,
SM2649  ,A ,
SM2650  ,A ,
SM2651  ,A ,
SM2652  ,A ,
SM2653  ,A ,
SM2654  ,A ,
SM2655  ,A ,
SM2656  ,A ,
SM2657  ,A ,
SM2658  ,A ,
SM2659  ,S ,
SM2660  ,A ,
SM2661  ,A ,
SM2662  ,A ,
SM2663  ,A ,
SM2664  ,A ,
SM2665  ,A ,
SM2666  ,A ,
SM2667  ,S ,
SM2668  ,S ,
SM2669  ,A ,
SM2670  ,A ,
SM2671  ,A ,
SM2672  ,A ,
SM2673  ,A ,
SM2675  ,A ,
SM2676  ,S ,
SM2677  ,A ,
SM2678  ,A ,
SM2679  ,A ,
SM2680  ,A ,
SM2681  ,S ,
SM2682  ,A ,
SM2683  ,A ,
SM2684  ,S ,
SM2685  ,A ,
SM2686  ,S ,
SM2687  ,A ,
SM2688  ,A ,
SM2689  ,A ,
SM2690  ,S ,
SM2691  ,S ,
SM2692  ,A ,
SM2693  ,S ,
SM2694  ,S ,
SM2695  ,S ,
SM2696  ,A ,
SM2697  ,S ,
SM2698  ,A ,
SM2699  ,S ,
SM2700  ,A ,
SM2701  ,S ,
SM2702  ,A ,
SM2703  ,S ,
SM2704  ,A ,
SM2705  ,S ,
SM2706  ,A ,
SM2707  ,S ,
SM2709  ,S ,
SM2710  ,S ,
SM2711  ,S ,
SM2712  ,A ,
SM2713  ,S ,
SM2714  ,S ,
SM2715  ,S ,
SM2716  ,S ,
SM2717  ,A ,
SM2718  ,A ,
SM2719  ,S ,
SM2720  ,S ,
SM2721  ,A ,
SM2722  ,S ,
SM2723  ,A ,
SM2724  ,S ,
SM2725  ,S ,
SM2726  ,S ,
SM2727  ,A ,
SM2728  ,S ,
SM2729  ,S ,
SM2730  ,A ,
SM2731  ,S ,
SM2732  ,S ,
SM2733  ,A ,
SM2734  ,S ,
SM2735  ,A ,
SM2736  ,A ,
SM2737  ,S ,
SM2738  ,S ,
SM2740  ,A ,
SM2741  ,A ,
SM2743  ,S ,
SM2744  ,A ,
SM2745  ,A ,
SM2746  ,S ,
SM2747  ,S ,
SM2748  ,A ,
SM2749  ,S ,
SM2750  ,S ,
SM2751  ,S ,
SM2752  ,S ,
SM2753  ,S ,
SM2754  ,S ,
SM2755  ,S ,
SM2756  ,S ,
SM2757  ,A ,
SM2758  ,S ,
SM2759  ,A ,
SM2760  ,A ,
SM2761  ,A ,
SM2762  ,S ,
SM2763  ,A ,
SM2764  ,S ,
SM2765  ,S ,
SM2766  ,A ,
SM2767  ,A ,
SM2768  ,S ,
SM2769  ,S ,
SM2770  ,S ,
SM2771  ,S ,
SM2772  ,S ,
SM2773  ,A ,
SM2774  ,S ,
SM2775  ,S ,
SM2776  ,S ,
SM2777  ,S ,
SM2778  ,A ,
SM2779  ,A ,
SM2780  ,S ,
SM2781  ,S ,
SM2782  ,S ,
SM2783  ,S ,
SM2784  ,S ,
SM2785  ,A ,
SM2786  ,S ,
SM2787  ,S ,
SM2788  ,A ,
SM2789  ,A ,
SM2790  ,A ,
SM2791  ,S ,
SM2792  ,A ,
SM2793  ,S ,
SM2794  ,S ,
SM2795  ,A ,
SM2796  ,S ,
SM2797  ,S ,
SM2798  ,A ,
SM2799  ,S ,
SM2800  ,A ,
SM2801  ,S ,
SM2802  ,S ,
SM2803  ,S ,
SM2804  ,S ,
SM2805  ,S ,
SM2806  ,S ,
SM2807  ,S ,
SM2808  ,S ,
SM2809  ,A ,
SM2810  ,S ,
SM2811  ,S ,
SM2812  ,A ,
SM2813  ,S ,
SM2814  ,S ,
SM2815  ,A ,
SM2816  ,S ,
SM2817  ,S ,
SM2818  ,S ,
SM2819  ,A ,
SM2820  ,S ,
SM2821  ,S ,
SM2822  ,A ,
SM2823  ,S ,
SM2824  ,A ,
SM2825  ,S ,
SM2826  ,S ,
SM2827  ,A ,
SM2828  ,A ,
SM2829  ,S ,
SM2830  ,S ,
SM2831  ,A ,
SM2832  ,A ,
SM2833  ,S ,
SM2834  ,A ,
SM2835  ,A ,
SM2836  ,A ,
SM2837  ,S ,
SM2838  ,S ,
SM2839  ,S ,
SM2840  ,A ,
SM2841  ,S ,
SM2842  ,A ,
SM2843  ,S ,
SM2844  ,S ,
SM2845  ,A ,
SM2846  ,S ,
SM2847  ,A ,
SM2848  ,A ,
SM2849  ,S ,
SM2850  ,A ,
SM2851  ,S ,
SM2852  ,A ,
SM2853  ,A ,
SM2854  ,S ,
SM2855  ,A ,
SM2856  ,S ,
SM2857  ,A ,
SM2858  ,S ,
SM2859  ,A ,
SM2860  ,S ,
SM2861  ,A ,
SM2862  ,A ,
SM2863  ,S ,
SM2864  ,S ,
SM2865  ,S ,
SM2866  ,A ,
SM2867  ,S ,
SM2868  ,A ,
SM2869  ,S ,
SM2870  ,S ,
SM2871  ,A ,
SM2872  ,A ,
SM2873  ,S ,
SM2874  ,S ,
SM2875  ,A ,
SM2876  ,A ,
SM2877  ,S ,
SM2878  ,S ,
SM2879  ,A ,
SM2880  ,S ,
SM2881  ,A ,
SM2883  ,A ,
SM2884  ,S ,
SM2885  ,A ,
SM2886  ,A ,
SM2887  ,A ,
SM2888  ,S ,
SM2889  ,A ,
SM2890  ,A ,
SM2893  ,S ,
SM2894  ,A ,
SM2895  ,S ,
SM2896  ,A ,
SM2897  ,S ,
SM2898  ,A ,
SM2899  ,S ,
SM2900  ,A ,
SM2901  ,S ,
SM2903  ,S ,
SM2904  ,A ,
SM2905  ,A ,
SM2906  ,S ,
SM2907  ,S ,
SM2908  ,A ,
SM2909  ,S ,
SM2910  ,A ,
SM2911  ,A ,
SM2912  ,S ,
SM2913  ,A ,
SM2914  ,A ,
SM2915  ,A ,
SM2916  ,A ,
SM2917  ,A ,
SM2918  ,A ,
SM2919  ,A ,
SM2920  ,A ,
SM2921  ,A ,
SM2922  ,A ,
SM2923  ,S ,
SM2924  ,A ,
SM2925  ,A ,
SM2926  ,A ,
SM2927  ,A ,
SM2928  ,S ,
SM2929  ,A ,
SM2930  ,A ,
SM2931  ,A ,
SM2932  ,A ,
SM2933  ,A ,
SM2934  ,A ,
SM2935  ,S ,
SM2936  ,A ,
SM2937  ,A ,
SM2938  ,A ,
SM2939  ,A ,
SM2940  ,A ,
SM2941  ,S ,
SM2942  ,A ,
SM2943  ,A ,
SM2944  ,A ,
SM2945  ,S ,
SM2946  ,A ,
SM2947  ,S ,
SM2948  ,A ,
SM2949  ,A ,
SM2950  ,A ,
SM2951  ,A ,
SM2952  ,A ,
SM2953  ,S ,
SM2954  ,A ,
SM2955  ,A ,
SM2956  ,S ,
SM2957  ,A ,
SM2958  ,S ,
SM2959  ,S ,
SM2960  ,A ,
SM2961  ,S ,
SM2962  ,S ,
SM2963  ,S ,
SM2964  ,S ,
SM2965  ,A ,
SM2966  ,A ,
SM2967  ,S ,
SM2968  ,A ,
SM2969  ,S ,
SM2970  ,A ,
SM2971  ,S ,
SM2972  ,A ,
SM2973  ,A ,
SM2974  ,A ,
SM2975  ,S ,
SM2976  ,S ,
SM2977  ,S ,
SM2978  ,S ,
SM2979  ,S ,
SM2980  ,S ,
SM2981  ,S ,
SM2982  ,S ,
SM2983  ,S ,
SM2984  ,S ,
SM2985  ,S ,
SM2986  ,A ,
SM2987  ,A ,
SM2988  ,S ,
SM2989  ,S ,
SM2990  ,A ,
SM2991  ,A ,
SM2992  ,A ,
SM2993  ,S ,
SM2994  ,S ,
SM2995  ,S ,
SM2996  ,A ,
SM2997  ,S ,
SM2998  ,S ,
SM2999  ,A ,
SM3000  ,S ,
SM3001  ,S ,
SM3002  ,S ,
SM3003  ,S ,
SM3004  ,S ,
SM3005  ,A ,
SM3006  ,A ,
SM3007  ,S ,
SM3008  ,A ,
SM3009  ,S ,
SM3010  ,S ,
SM3011  ,A ,
SM3012  ,S ,
SM3013  ,S ,
SM3014  ,S ,
SM3015  ,S ,
SM3016  ,S ,
SM3017  ,A ,
SM3018  ,S ,
SM3019  ,S ,
SM3020  ,A ,
SM3021  ,A ,
SM3022  ,S ,
SM3023  ,A ,
SM3024  ,S ,
SM3025  ,A ,
SM3026  ,A ,
SM3027  ,S ,
SM3028  ,S ,
SM3029  ,A ,
SM3030  ,A ,
SM3031  ,S ,
SM3032  ,S ,
SM3033  ,S ,
SM3034  ,A ,
SM3035  ,A ,
SM3036  ,S ,
SM3037  ,A ,
SM3038  ,A ,
SM3039  ,S ,
SM3040  ,A ,
SM3041  ,S ,
SM3042  ,S ,
SM3043  ,A ,
SM3044  ,S ,
SM3045  ,S ,
SM3046  ,S ,
SM3047  ,S ,
SM3048  ,A ,
SM3049  ,S ,
SM3050  ,S ,
SM3051  ,A ,
SM3052  ,S ,
SM3053  ,A ,
SM3054  ,A ,
SM3055  ,A ,
SM3056  ,S ,
SM3057  ,S ,
SM3058  ,A ,
SM3059  ,S ,
SM3060  ,S ,
SM3061  ,S ,
SM3062  ,A ,
SM3063  ,S ,
SM3064  ,A ,
SM3065  ,S ,
SM3066  ,A ,
SM3067  ,A ,
SM3068  ,S ,
SM3069  ,S ,
SM3070  ,S ,
SM3071  ,S ,
SM3072  ,A ,
SM3073  ,A ,
SM3074  ,S ,
SM3075  ,S ,
SM3076  ,S ,
SM3077  ,A ,
SM3078  ,A ,
SM3079  ,A ,
SM3080  ,S ,
SM3081  ,A ,
SM3082  ,A ,
SM3083  ,S ,
SM3084  ,A ,
SM3085  ,S ,
SM3086  ,S ,
SM3087  ,A ,
SM3088  ,A ,
SM3089  ,S ,
SM3090  ,A ,
SM3091  ,S ,
SM3093  ,S ,
SM3094  ,S ,
SM3095  ,S ,
SM3096  ,S ,
SM3097  ,S ,
SM3098  ,A ,
SM3099  ,S ,
SM3100  ,A ,
SM3101  ,A ,
SM3102  ,S ,
SM3103  ,S ,
SM3104  ,A ,
SM3105  ,S ,
SM3106  ,S ,
SM3107  ,S ,
SM3108  ,A ,
SM3109  ,S ,
SM3110  ,S ,
SM3112  ,S ,
SM3113  ,A ,
SM3114  ,A ,
SM3115  ,S ,
SM3116  ,A ,
SM3117  ,A ,
SM3118  ,S ,
SM3119  ,S ,
SM3120  ,A ,
SM3121  ,S ,
SM3122  ,S ,
SM3123  ,S ,
SM3124  ,S ,
SM3125  ,A ,
SM3126  ,S ,
SM3128  ,S ,
SM3129  ,A ,
SM3130  ,S ,
SM3131  ,A ,
SM3132  ,S ,
SM3133  ,S ,
SM3134  ,A ,
SM3135  ,S ,
SM3136  ,A ,
SM3137  ,A ,
SM3138  ,S ,
SM3140  ,S ,
SM3141  ,S ,
SM3142  ,S ,
SM3144  ,A ,
SM3145  ,S ,
SM3146  ,A ,
SM3147  ,S ,
SM3148  ,A ,
SM3150  ,A ,
SM3152  ,S ,
SM3153  ,S ,
SM3154  ,A ,
SM3155  ,S ,
SM3156  ,A ,
SM3157  ,S ,
SM3158  ,S ,
SM3159  ,S ,
SM3160  ,S ,
SM3161  ,A ,
SM3162  ,S ,
SM3163  ,S ,
SM3164  ,S ,
SM3165  ,S ,
SM3166  ,S ,
SM3167  ,A ,
SM3168  ,S ,
SM3169  ,S ,
SM3170  ,S ,
SM3171  ,A ,
SM3172  ,A ,
SM3173  ,A ,
SM3174  ,A ,
SM3175  ,S ,
SM3176  ,A ,
SM3177  ,A ,
SM3178  ,A ,
SM3179  ,S ,
SM3180  ,A ,
SM3181  ,A ,
SM3182  ,S ,
SM3183  ,A ,
SM3184  ,A ,
SM3185  ,A ,
SM3186  ,A ,
SM3187  ,A ,
SM3188  ,S ,
SM3189  ,A ,
SM3190  ,A ,
SM3191  ,S ,
SM3192  ,S ,
SM3193  ,A ,
SM3194  ,A ,
SM3195  ,A ,
SM3196  ,A ,
SM3197  ,A ,
SM3198  ,A ,
SM3199  ,A ,
SM3200  ,S ,
SM3201  ,A ,
SM3202  ,A ,
SM3203  ,A ,
SM3204  ,S ,
SM3205  ,A ,
SM3206  ,A ,
SM3207  ,S ,
SM3208  ,A ,
SM3209  ,A ,
SM3210  ,S ,
SM3211  ,A ,
SM3212  ,A ,
SM3213  ,S ,
SM3215  ,A ,
SM3216  ,A ,
SM3217  ,A ,
SM3218  ,A ,
SM3219  ,A ,
SM3220  ,S ,
SM3221  ,A ,
SM3222  ,S ,
SM3223  ,A ,
SM3224  ,A ,
SM3225  ,S ,
SM3226  ,S ,
SM3227  ,A ,
SM3228  ,S ,
SM3229  ,A ,
SM3230  ,S ,
SM3231  ,S ,
SM3232  ,S ,
SM3233  ,A ,
SM3234  ,A ,
SM3235  ,S ,
SM3236  ,A ,
SM3237  ,S ,
SM3238  ,S ,
SM3239  ,A ,
SM3240  ,S ,
SM3241  ,S ,
SM3242  ,A ,
SM3243  ,S ,
SM3244  ,A ,
SM3245  ,S ,
SM3246  ,S ,
SM3247  ,S ,
SM3248  ,S ,
SM3249  ,A ,
SM3250  ,A ,
SM3251  ,S ,
SM3252  ,S ,
SM3253  ,S ,
SM3254  ,A ,
SM3255  ,S ,
SM3256  ,S ,
SM3257  ,A ,
SM3258  ,S ,
SM3259  ,S ,
SM3260  ,A ,
SM3261  ,A ,
SM3262  ,S ,
SM3263  ,S ,
SM3264  ,S ,
SM3265  ,S ,
SM3266  ,S ,
SM3267  ,A ,
SM3268  ,S ,
SM3269  ,A ,
SM3270  ,S ,
SM3271  ,S ,
SM3272  ,S ,
SM3273  ,S ,
SM3274  ,S ,
SM3275  ,S ,
SM3276  ,S ,
SM3277  ,S ,
SM3278  ,A ,
SM3279  ,S ,
SM3280  ,A ,
SM3281  ,A ,
SM3282  ,A ,
SM3283  ,S ,
SM3284  ,A ,
SM3285  ,S ,
SM3286  ,S ,
SM3287  ,S ,
SM3288  ,A ,
SM3289  ,S ,
SM3290  ,A ,
SM3291  ,S ,
SM3292  ,S ,
SM3293  ,S ,
SM3294  ,A ,
SM3295  ,S ,
SM3296  ,S ,
SM3297  ,A ,
SM3298  ,S ,
SM3299  ,S ,
SM3300  ,S ,
SM3301  ,S ,
SM3302  ,A ,
SM3303  ,A ,
SM3304  ,A ,
SM3305  ,S ,
SM3306  ,A ,
SM3307  ,S ,
SM3308  ,S ,
SM3309  ,A ,
SM3310  ,S ,
SM3311  ,A ,
SM3312  ,A ,
SM3313  ,S ,
SM3314  ,S ,
SM3315  ,S ,
SM3316  ,A ,
SM3317  ,S ,
SM3318  ,A ,
SM3319  ,S ,
SM3320  ,S ,
SM3321  ,S ,
SM3322  ,A ,
SM3323  ,S ,
SM3324  ,A ,
SM3325  ,S ,
SM3326  ,A ,
SM3327  ,S ,
SM3328  ,S ,
SM3329  ,S ,
SM3330  ,S ,
SM3331  ,A ,
SM3332  ,A ,
SM3333  ,S ,
SM3334  ,A ,
SM3335  ,S ,
SM3336  ,S ,
SM3337  ,S ,
SM3338  ,S ,
SM3339  ,A ,
SM3340  ,S ,
SM3341  ,S ,
SM3342  ,A ,
SM3343  ,A ,
SM3344  ,A ,
SM3345  ,S ,
SM3346  ,A ,
SM3347  ,S ,
SM3348  ,S ,
SM3349  ,S ,
SM3350  ,S ,
SM3351  ,S ,
SM3352  ,A ,
SM3353  ,A ,
SM3354  ,S ,
SM3355  ,S ,
SM3356  ,A ,
SM3357  ,S ,
SM3358  ,S ,
SM3359  ,S ,
SM3360  ,A ,
SM3361  ,S ,
SM3362  ,S ,
SM3363  ,S ,
SM3364  ,A ,
SM3365  ,S ,
SM3366  ,A ,
SM3367  ,S ,
SM3368  ,S ,
SM3369  ,A ,
SM3370  ,S ,
SM3371  ,A ,
SM3372  ,S ,
SM3373  ,S ,
SM3374  ,S ,
SM3375  ,S ,
SM3376  ,A ,
SM3377  ,S ,
SM3378  ,A ,
SM3379  ,S ,
SM3380  ,A ,
SM3381  ,S ,
SM3382  ,S ,
SM3383  ,A ,
SM3384  ,A ,
SM3385  ,S ,
SM3386  ,A ,
SM3387  ,S ,
SM3388  ,S ,
SM3389  ,S ,
SM3390  ,S ,
SM3391  ,S ,
SM3392  ,S ,
SM3393  ,A ,
SM3394  ,S ,
SM3395  ,A ,
SM3396  ,A ,
SM3397  ,S ,
SM3398  ,S ,
SM3399  ,S ,
SM3400  ,S ,
SM3401  ,S ,
SM3402  ,A ,
SM3403  ,A ,
SM3404  ,S ,
SM3405  ,S ,
SM3406  ,A ,
SM3407  ,S ,
SM3408  ,S ,
SM3409  ,A ,
SM3410  ,A ,
SM3411  ,S ,
SM3412  ,A ,
SM3413  ,S ,
SM3414  ,A ,
SM3415  ,S ,
SM3416  ,S ,
SM3417  ,A ,
SM3418  ,S ,
SM3419  ,S ,
SM3420  ,S ,
SM3421  ,S ,
SM3422  ,S ,
SM3423  ,S ,
SM3424  ,A ,
SM3425  ,S ,
SM3426  ,S ,
SM3427  ,S ,
SM3428  ,S ,
SM3429  ,A ,
SM3430  ,A ,
SM3431  ,A ,
SM3432  ,A ,
SM3433  ,A ,
SM3434  ,S ,
SM3435  ,A ,
SM3436  ,S ,
SM3437  ,A ,
SM3438  ,S ,
SM3439  ,A ,
SM3440  ,A ,
SM3441  ,A ,
SM3442  ,A ,
SM3443  ,A ,
SM3444  ,A ,
SM3445  ,A ,
SM3446  ,A ,
SM3447  ,A ,
SM3448  ,S ,
SM3449  ,A ,
SM3450  ,S ,
SM3451  ,A ,
SM3452  ,A ,
SM3453  ,S ,
SM3454  ,S ,
SM3455  ,A ,
SM3456  ,A ,
SM3457  ,A ,
SM3458  ,S ,
SM3459  ,A ,
SM3460  ,A ,
SM3461  ,A ,
SM3462  ,A ,
SM3463  ,A ,
SM3464  ,S ,
SM3465  ,A ,
SM3466  ,A ,
SM3467  ,A ,
SM3468  ,S ,
SM3469  ,A ,
SM3470  ,A ,
SM3471  ,S ,
SM3472  ,A ,
SM3473  ,A ,
SM3474  ,S ,
SM3475  ,A ,
SM3476  ,A ,
SM3477  ,A ,
SM3478  ,A ,
SM3479  ,A ,
SM3480  ,A ,
SM3481  ,A ,
SM3482  ,S ,
SM3483  ,A ,
SM3484  ,A ,
SM3485  ,S ,
SM3486  ,S ,
SM3487  ,S ,
SM3488  ,S ,
SM3489  ,S ,
SM3490  ,A ,
SM3491  ,S ,
SM3492  ,S ,
SM3493  ,A ,
SM3494  ,A ,
SM3495  ,S ,
SM3496  ,A ,
SM3497  ,S ,
SM3498  ,A ,
SM3499  ,S ,
SM3500  ,A ,
SM3501  ,A ,
SM3502  ,S ,
SM3503  ,S ,
SM3504  ,A ,
SM3505  ,A ,
SM3506  ,S ,
SM3507  ,S ,
SM3508  ,S ,
SM3509  ,S ,
SM3510  ,S ,
SM3511  ,S ,
SM3512  ,S ,
SM3513  ,S ,
SM3514  ,A ,
SM3515  ,A ,
SM3516  ,S ,
SM3517  ,S ,
SM3518  ,S ,
SM3519  ,S ,
SM3520  ,S ,
SM3521  ,S ,
SM3522  ,A ,
SM3523  ,A ,
SM3524  ,S ,
SM3525  ,S ,
SM3526  ,S ,
SM3527  ,A ,
SM3528  ,S ,
SM3529  ,A ,
SM3530  ,A ,
SM3531  ,S ,
SM3532  ,S ,
SM3533  ,A ,
SM3534  ,A ,
SM3535  ,S ,
SM3537  ,A ,
SM3538  ,A ,
SM3539  ,A ,
SM3540  ,S ,
SM3541  ,S ,
SM3542  ,A ,
SM3543  ,S ,
SM3544  ,A ,
SM3545  ,S ,
SM3546  ,S ,
SM3547  ,A ,
SM3548  ,S ,
SM3549  ,S ,
SM3550  ,S ,
SM3551  ,S ,
SM3552  ,S ,
SM3553  ,S ,
SM3554  ,A ,
SM3555  ,S ,
SM3556  ,A ,
SM3557  ,S ,
SM3558  ,A ,
SM3559  ,A ,
SM3560  ,A ,
SM3561  ,S ,
SM3562  ,A ,
SM3563  ,S ,
SM3564  ,S ,
SM3565  ,A ,
SM3566  ,S ,
SM3567  ,A ,
SM3568  ,S ,
SM3569  ,S ,
SM3570  ,S ,
SM3571  ,A ,
SM3572  ,S ,
SM3573  ,S ,
SM3574  ,A ,
SM3575  ,A ,
SM3576  ,S ,
SM3577  ,S ,
SM3578  ,S ,
SM3579  ,S ,
SM3580  ,A ,
SM3581  ,S ,
SM3582  ,S ,
SM3583  ,A ,
SM3584  ,S ,
SM3585  ,A ,
SM3586  ,S ,
SM3587  ,S ,
SM3588  ,A ,
SM3589  ,S ,
SM3590  ,A ,
SM3591  ,A ,
SM3592  ,S ,
SM3593  ,A ,
SM3594  ,S ,
SM3595  ,A ,
SM3596  ,A ,
SM3597  ,S ,
SM3598  ,A ,
SM3599  ,A ,
SM3600  ,S ,
SM3601  ,S ,
SM3602  ,A ,
SM3603  ,A ,
SM3604  ,S ,
SM3605  ,A ,
SM3606  ,S ,
SM3607  ,S ,
SM3608  ,S ,
SM3609  ,A ,
SM3610  ,A ,
SM3611  ,S ,
SM3612  ,A ,
SM3613  ,S ,
SM3614  ,S ,
SM3615  ,S ,
SM3617  ,A ,
SM3618  ,S ,
SM3619  ,S ,
SM3620  ,S ,
SM3621  ,S ,
SM3622  ,A ,
SM3623  ,S ,
SM3624  ,S ,
SM3625  ,S ,
SM3626  ,A ,
SM3627  ,S ,
SM3628  ,A ,
SM3629  ,A ,
SM3630  ,S ,
SM3631  ,A ,
SM3632  ,S ,
SM3633  ,A ,
SM3634  ,S ,
SM3635  ,A ,
SM3637  ,A ,
SM3638  ,S ,
SM3639  ,A ,
SM3640  ,S ,
SM3641  ,A ,
SM3642  ,S ,
SM3643  ,A ,
SM3644  ,S ,
SM3645  ,S ,
SM3646  ,S ,
SM3647  ,A ,
SM3648  ,A ,
SM3649  ,S ,
SM3650  ,S ,
SM3651  ,S ,
SM3652  ,S ,
SM3653  ,S ,
SM3654  ,S ,
SM3656  ,S ,
SM3657  ,S ,
SM3658  ,A ,
SM3659  ,A ,
SM3660  ,S ,
SM3661  ,A ,
SM3662  ,A ,
SM3663  ,S ,
SM3664  ,S ,
SM3665  ,A ,
SM3666  ,S ,
SM3667  ,A ,
SM3668  ,S ,
SM3669  ,A ,
SM3670  ,S ,
SM3671  ,A ,
SM3672  ,S ,
SM3673  ,A ,
SM3674  ,A ,
SM3675  ,S ,
SM3676  ,A ,
SM3677  ,A ,
SM3678  ,S ,
SM3679  ,S ,
SM3680  ,S ,
SM3681  ,S ,
SM3682  ,A ,
SM3683  ,S ,
SM3684  ,S ,
SM3685  ,S ,
SM3686  ,A ,
SM3687  ,A ,
SM3688  ,A ,
SM3689  ,S ,
SM3690  ,S ,
SM3691  ,S ,
SM3692  ,S ,
SM3693  ,S ,
SM3694  ,S ,
SM3695  ,S ,
SM3696  ,A ,
SM3697  ,A ,
SM3698  ,A ,
SM3699  ,S ,
SM3700  ,A ,
SM3701  ,A ,
SM3702  ,A ,
SM3703  ,A ,
SM3704  ,A ,
SM3705  ,A ,
SM3706  ,S ,
SM3707  ,A ,
SM3708  ,S ,
SM3709  ,S ,
SM3710  ,S ,
SM3711  ,A ,
SM3713  ,A ,
SM3714  ,A ,
SM3715  ,A ,
SM3716  ,A ,
SM3717  ,A ,
SM3718  ,A ,
SM3719  ,A ,
SM3720  ,A ,
SM3721  ,A ,
SM3722  ,A ,
SM3723  ,A ,
SM3724  ,A ,
SM3726  ,A ,
SM3728  ,S ,
SM3729  ,A ,
SM3730  ,S ,
SM3731  ,A ,
SM3733  ,A ,
SM3734  ,A ,
SM3735  ,A ,
SM3736  ,S ,
SM3737  ,A ,
SM3738  ,A ,
SM3739  ,A ,
SM3740  ,S ,
SM3741  ,A ,
SM3743  ,A ,
SM3744  ,A ,
SM3745  ,A ,
SM3746  ,A ,
SM3747  ,S ,
SM3748  ,A ,
SM3751  ,A ,
SM3752  ,A ,
SM3753  ,A ,
SM3754  ,A ,
SM3755  ,A ,
SM3756  ,A ,
SM3757  ,A ,
SM3758  ,A ,
SM3759  ,A ,
SM3760  ,A ,
SM3761  ,S ,
SM3762  ,A ,
SM3763  ,A ,
SM3764  ,A ,
SM3766  ,S ,
SM3767  ,S ,
SM3768  ,A ,
SM3769  ,A ,
SM3770  ,S ,
SM3771  ,A ,
SM3772  ,S ,
SM3773  ,A ,
SM3774  ,A ,
SM3775  ,S ,
SM3776  ,S ,
SM3777  ,A ,
SM3778  ,A ,
SM3779  ,S ,
SM3780  ,A ,
SM3781  ,A ,
SM3782  ,A ,
SM3783  ,A ,
SM3784  ,S ,
SM3785  ,A ,
SM3786  ,S ,
SM3787  ,S ,
SM3788  ,S ,
SM3789  ,S ,
SM3790  ,S ,
SM3791  ,A ,
SM3792  ,A ,
SM3793  ,S ,
SM3794  ,S ,
SM3795  ,S ,
SM3796  ,A ,
SM3797  ,S ,
SM3798  ,S ,
SM3799  ,A ,
SM3800  ,A ,
SM3801  ,S ,
SM3802  ,A ,
SM3803  ,A ,
SM3804  ,S ,
SM3805  ,S ,
SM3806  ,S ,
SM3807  ,S ,
SM3808  ,S ,
SM3809  ,S ,
SM3810  ,S ,
SM3811  ,A ,
SM3812  ,A ,
SM3813  ,S ,
SM3814  ,S ,
SM3815  ,S ,
SM3816  ,A ,
SM3817  ,A ,
SM3818  ,S ,
SM3819  ,A ,
SM3820  ,S ,
SM3821  ,S ,
SM3822  ,S ,
SM3823  ,S ,
SM3824  ,A ,
SM3825  ,S ,
SM3826  ,S ,
SM3827  ,S ,
SM3828  ,A ,
SM3829  ,S ,
SM3830  ,A ,
SM3831  ,A ,
SM3832  ,S ,
SM3833  ,S ,
SM3834  ,A ,
SM3835  ,S ,
SM3836  ,A ,
SM3837  ,A ,
SM3838  ,S ,
SM3839  ,S ,
SM3840  ,A ,
SM3841  ,S ,
SM3842  ,S ,
SM3843  ,A ,
SM3844  ,A ,
SM3845  ,S ,
SM3846  ,S ,
SM3847  ,A ,
SM3848  ,S ,
SM3849  ,A ,
SM3850  ,S ,
SM3851  ,S ,
SM3852  ,A ,
SM3853  ,S ,
SM3854  ,S ,
SM3855  ,A ,
SM3856  ,S ,
SM3857  ,S ,
SM3858  ,S ,
SM3859  ,A ,
SM3860  ,S ,
SM3861  ,S ,
SM3862  ,S ,
SM3863  ,A ,
SM3864  ,A ,
SM3865  ,S ,
SM3866  ,A ,
SM3867  ,S ,
SM3868  ,A ,
SM3869  ,S ,
SM3870  ,S ,
SM3871  ,S ,
SM3872  ,A ,
SM3873  ,S ,
SM3874  ,A ,
SM3875  ,A ,
SM3876  ,S ,
SM3877  ,A ,
SM3878  ,S ,
SM3879  ,A ,
SM3880  ,S ,
SM3881  ,A ,
SM3882  ,S ,
SM3883  ,A ,
SM3884  ,S ,
SM3885  ,A ,
SM3886  ,A ,
SM3887  ,S ,
SM3888  ,S ,
SM3889  ,S ,
SM3890  ,A ,
SM3891  ,S ,
SM3892  ,S ,
SM3893  ,A ,
SM3894  ,S ,
SM3895  ,S ,
SM3896  ,A ,
SM3897  ,A ,
SM3898  ,S ,
SM3899  ,A ,
SM3900  ,S ,
SM3901  ,S ,
SM3902  ,S ,
SM3903  ,S ,
SM3904  ,A ,
SM3905  ,S ,
SM3906  ,A ,
SM3907  ,S ,
SM3908  ,A ,
SM3909  ,A ,
SM3910  ,S ,
SM3911  ,S ,
SM3912  ,A ,
SM3913  ,S ,
SM3914  ,A ,
SM3915  ,A ,
SM3916  ,S ,
SM3917  ,S ,
SM3918  ,S ,
SM3919  ,S ,
SM3920  ,S ,
SM3921  ,S ,
SM3922  ,S ,
SM3923  ,S ,
SM3924  ,A ,
SM3925  ,A ,
SM3926  ,S ,
SM3927  ,A ,
SM3928  ,A ,
SM3929  ,S ,
SM3930  ,A ,
SM3931  ,S ,
SM3932  ,A ,
SM3933  ,S ,
SM3934  ,S ,
SM3935  ,A ,
SM3936  ,A ,
SM3937  ,S ,
SM3938  ,A ,
SM3939  ,S ,
SM3940  ,A ,
SM3941  ,A ,
SM3942  ,S ,
SM3943  ,A ,
SM3944  ,S ,
SM3945  ,S ,
SM3946  ,A ,
SM3947  ,S ,
SM3948  ,S ,
SM3949  ,S ,
SM3950  ,S ,
SM3951  ,S ,
SM3952  ,A ,
SM3953  ,A ,
SM3954  ,S ,
SM3955  ,S ,
SM3956  ,A ,
SM3957  ,S ,
SM3958  ,S ,
SM3959  ,S ,
SM3960  ,A ,
SM3961  ,S ,
SM3962  ,S ,
SM3963  ,A ,
SM3964  ,S ,
SM3965  ,A ,
SM3966  ,S ,
SM3967  ,S ,
SM3968  ,A ,
SM3969  ,S ,
SM3970  ,A ,
SM3971  ,S ,
SM3972  ,S ,
SM3973  ,A ,
SM3974  ,A ,
SM3975  ,S ,
SM3976  ,A ,
SM3977  ,S ,
SM3978  ,S ,
SM3979  ,S ,
SM3980  ,A ,
SM3981  ,A ,
SM3982  ,S ,
SM3983  ,S ,
SM3984  ,A ,
SM3985  ,S ,
SM3986  ,A ,
SM3987  ,A ,
SM3988  ,A ,
SM3989  ,A ,
SM3991  ,A ,
SM3992  ,A ,
SM3993  ,A ,
SM3994  ,A ,
SM3995  ,A ,
SM3996  ,A ,
SM3997  ,A ,
SM3998  ,S ,
SM3999  ,A ,
SM4000  ,S ,
SM4001  ,A ,
SM4002  ,A ,
SM4003  ,S ,
SM4004  ,A ,
SM4005  ,A ,
SM4006  ,A ,
SM4007  ,A ,
SM4008  ,A ,
SM4009  ,A ,
SM4010  ,A ,
SM4011  ,A ,
SM4012  ,S ,
SM4013  ,A ,
SM4014  ,A ,
SM4015  ,A ,
SM4016  ,A ,
SM4017  ,A ,
SM4018  ,S ,
SM4019  ,A ,
SM4020  ,S ,
SM4021  ,A ,
SM4022  ,A ,
SM4023  ,A ,
SM4024  ,A ,
SM4025  ,A ,
SM4026  ,A ,
SM4027  ,A ,
SM4028  ,A ,
SM4029  ,A ,
SM4030  ,S ,
SM4031  ,A ,
SM4032  ,A ,
SM4033  ,A ,
SM4034  ,A ,
SM4035  ,A ,
SM4036  ,A ,
SM4037  ,A ,
SM4038  ,A ,
SM4039  ,A ,
SM4040  ,A ,
SM4041  ,A ,
SM4042  ,A ,
SM4043  ,A ,
SM4044  ,S ,
SM4046  ,A ,
SM4047  ,A ,
SM4050  ,S ,
SM4051  ,S ,
SM4052  ,A ,
SM4053  ,A ,
SM4054  ,A ,
SM4055  ,S ,
SM4056  ,A ,
SM4057  ,S ,
SM4058  ,A ,
SM4060  ,S ,
SM4061  ,A ,
SM4062  ,A ,
SM4063  ,A ,
SM4064  ,S ,
SM4066  ,S ,
SM4068  ,A ,
SM4069  ,S ,
SM4070  ,S ,
SM4071  ,A ,
SM4072  ,S ,
SM4073  ,S ,
SM4074  ,A ,
SM4075  ,S ,
SM4076  ,S ,
SM4077  ,A ,
SM4078  ,S ,
SM4079  ,A ,
SM4080  ,S ,
SM4081  ,S ,
SM4082  ,A ,
SM4083  ,A ,
SM4084  ,A ,
SM4085  ,S ,
SM4086  ,A ,
SM4087  ,A ,
SM4088  ,S ,
SM4089  ,S ,
SM4090  ,S ,
SM4091  ,A ,
SM4092  ,S ,
SM4093  ,S ,
SM4095  ,S ,
SM4096  ,S ,
SM4097  ,A ,
SM4098  ,A ,
SM4099  ,S ,
SM4100  ,S ,
SM4101  ,A ,
SM4102  ,A ,
SM4103  ,S ,
SM4104  ,A ,
SM4105  ,A ,
SM4106  ,S ,
SM4107  ,A ,
SM4108  ,S ,
SM4109  ,S ,
SM4110  ,A ,
SM4111  ,S ,
SM4112  ,S ,
SM4113  ,S ,
SM4114  ,A ,
SM4115  ,S ,
SM4116  ,A ,
SM4117  ,S ,
SM4118  ,A ,
SM4119  ,S ,
SM4120  ,A ,
SM4121  ,A ,
SM4122  ,S ,
SM4123  ,S ,
SM4124  ,S ,
SM4125  ,A ,
SM4126  ,S ,
SM4127  ,A ,
SM4128  ,A ,
SM4129  ,S ,
SM4130  ,A ,
SM4131  ,S ,
SM4132  ,A ,
SM4133  ,S ,
SM4134  ,A ,
SM4135  ,S ,
SM4136  ,A ,
SM4137  ,S ,
SM4138  ,S ,
SM4139  ,S ,
SM4140  ,A ,
SM4141  ,S ,
SM4142  ,S ,
SM4143  ,S ,
SM4144  ,A ,
SM4145  ,A ,
SM4146  ,S ,
SM4147  ,A ,
SM4148  ,S ,
SM4149  ,A ,
SM4150  ,A ,
SM4151  ,A ,
SM4152  ,S ,
SM4153  ,A ,
SM4154  ,S ,
SM4155  ,S ,
SM4156  ,S ,
SM4157  ,A ,
SM4158  ,S ,
SM4159  ,A ,
SM4160  ,A ,
SM4161  ,S ,
SM4162  ,A ,
SM4163  ,A ,
SM4164  ,A ,
SM4165  ,A ,
SM4166  ,S ,
SM4167  ,A ,
SM4168  ,S ,
SM4169  ,A ,
SM4170  ,A ,
SM4171  ,A ,
SM4172  ,S ,
SM4173  ,A ,
SM4174  ,A ,
SM4175  ,A ,
SM4176  ,S ,
SM4177  ,A ,
SM4178  ,A ,
SM4180  ,A ,
SM4181  ,S ,
SM4182  ,A ,
SM4183  ,A ,
SM4184  ,S ,
SM4185  ,S ,
SM4186  ,S ,
SM4187  ,S ,
SM4188  ,A ,
SM4189  ,S ,
SM4190  ,A ,
SM4191  ,S ,
SM4192  ,S ,
SM4193  ,A ,
SM4194  ,S ,
SM4195  ,S ,
SM4196  ,S ,
SM4197  ,S ,
SM4198  ,A ,
SM4199  ,A ,
SM4200  ,S ,
SM4201  ,A ,
SM4202  ,S ,
SM4203  ,A ,
SM4204  ,S ,
SM4205  ,S ,
SM4206  ,A ,
SM4207  ,A ,
SM4208  ,S ,
SM4209  ,S ,
SM4210  ,A ,
SM4211  ,S ,
SM4212  ,A ,
SM4213  ,A ,
SM4214  ,S ,
SM4215  ,A ,
SM4216  ,S ,
SM4217  ,S ,
SM4218  ,A ,
SM4219  ,A ,
SM4220  ,S ,
SM4221  ,S ,
SM4222  ,A ,
SM4223  ,S ,
SM4224  ,S ,
SM4225  ,A ,
SM4226  ,S ,
SM4227  ,S ,
SM4228  ,A ,
SM4229  ,S ,
SM4230  ,S ,
SM4231  ,A ,
SM4232  ,A ,
SM4233  ,S ,
SM4234  ,A ,
SM4235  ,S ,
SM4236  ,A ,
SM4237  ,A ,
SM4238  ,S ,
SM4239  ,S ,
SM4240  ,S ,
SM4241  ,A ,
SM4242  ,A ,
SM4243  ,A ,
SM4244  ,S ,
SM4245  ,A ,
SM4246  ,S ,
SM4247  ,A ,
SM4248  ,S ,
SM4249  ,A ,
SM4250  ,A ,
SM4251  ,S ,
SM4252  ,S ,
SM4253  ,A ,
SM4254  ,A ,
SM4255  ,S ,
SM4256  ,A ,
SM4257  ,A ,
SM4258  ,S ,
SM4259  ,S ,
SM4260  ,S ,
SM4261  ,A ,
SM4262  ,A ,
SM4263  ,S ,
SM4264  ,S ,
SM4265  ,A ,
SM4266  ,S ,
SM4267  ,S ,
SM4268  ,S ,
SM4269  ,S ,
SM4270  ,S ,
SM4271  ,S ,
SM4272  ,A ,
SM4273  ,A ,
SM4274  ,S ,
SM4275  ,A ,
SM4276  ,A ,
SM4277  ,S ,
SM4278  ,S ,
SM4279  ,A ,
SM4280  ,S ,
SM4281  ,S ,
SM4282  ,A ,
SM4283  ,S ,
SM4284  ,A ,
SM4285  ,A ,
SM4286  ,S ,
SM4287  ,S ,
SM4288  ,A ,
SM4289  ,S ,
SM4290  ,S ,
SM4291  ,S ,
SM4292  ,A ,
SM4293  ,A ,
SM4294  ,A ,
SM4295  ,A ,
SM4296  ,S ,
SM4297  ,A ,
SM4298  ,A ,
SM4299  ,A ,
SM4300  ,A ,
SM4301  ,A ,
SM4302  ,A ,
SM4303  ,A ,
SM4304  ,A ,
SM4305  ,A ,
SM4306  ,A ,
SM4307  ,S ,
SM4309  ,A ,
SM4310  ,A ,
SM4311  ,A ,
SM4312  ,A ,
SM4313  ,S ,
SM4314  ,A ,
SM4315  ,A ,
SM4316  ,S ,
SM4317  ,A ,
SM4318  ,A ,
SM4319  ,A ,
SM4320  ,A ,
SM4322  ,A ,
SM4323  ,A ,
SM4324  ,A ,
SM4325  ,S ,
SM4326  ,A ,
SM4327  ,A ,
SM4328  ,A ,
SM4329  ,A ,
SM4330  ,S ,
SM4331  ,A ,
SM4332  ,S ,
SM4333  ,A ,
SM4334  ,A ,
SM4335  ,A ,
SM4336  ,A ,
SM4337  ,A ,
SM4338  ,A ,
SM4339  ,A ,
SM4340  ,A ,
SM4341  ,A ,
SM4343  ,A ,
SM4344  ,A ,
SM4345  ,S ,
SM4346  ,A ,
SM4347  ,A ,
SM4348  ,A ,
SM4349  ,A ,
SM4350  ,A ,
SM4351  ,A ,
SM4352  ,S ,
SM4353  ,A ,
SM4354  ,A ,
SM4355  ,A ,
SM4356  ,A ,
SM4357  ,A ,
SM4358  ,A ,
SM4359  ,A ,
SM4360  ,A ,
SM4361  ,A ,
SM4362  ,A ,
SM4363  ,A ,
SM4364  ,A ,
SM4365  ,A ,
SM4366  ,A ,
SM4367  ,S ,
SM4368  ,A ,
SM4369  ,A ,
SM4370  ,A ,
SM4371  ,A ,
SM4372  ,S ,
SM4373  ,A ,
SM4374  ,A ,
SM4375  ,A ,
SM4376  ,A ,
SM4377  ,A ,
SM4378  ,A ,
SM4379  ,A ,
SM4380  ,A ,
SM4381  ,A ,
SM4382  ,A ,
SM4383  ,A ,
SM4384  ,S ,
SM4385  ,A ,
SM4386  ,A ,
SM4387  ,S ,
SM4388  ,S ,
SM4389  ,S ,
SM4390  ,S ,
SM4391  ,A ,
SM4392  ,S ,
SM4393  ,S ,
SM4394  ,S ,
SM4395  ,S ,
SM4396  ,A ,
SM4397  ,S ,
SM4398  ,A ,
SM4399  ,S ,
SM4400  ,A ,
SM4401  ,S ,
SM4402  ,A ,
SM4403  ,S ,
SM4404  ,S ,
SM4405  ,S ,
SM4406  ,A ,
SM4407  ,S ,
SM4408  ,A ,
SM4409  ,S ,
SM4410  ,A ,
SM4411  ,A ,
SM4412  ,A ,
SM4413  ,S ,
SM4414  ,A ,
SM4415  ,S ,
SM4416  ,S ,
SM4417  ,S ,
SM4418  ,S ,
SM4419  ,A ,
SM4420  ,A ,
SM4421  ,S ,
SM4422  ,S ,
SM4423  ,A ,
SM4424  ,S ,
SM4425  ,A ,
SM4426  ,S ,
SM4427  ,S ,
SM4428  ,S ,
SM4429  ,A ,
SM4430  ,S ,
SM4431  ,A ,
SM4432  ,S ,
SM4433  ,S ,
SM4434  ,A ,
SM4435  ,A ,
SM4436  ,S ,
SM4437  ,S ,
SM4438  ,A ,
SM4439  ,A ,
SM4440  ,S ,
SM4441  ,S ,
SM4442  ,S ,
SM4443  ,S ,
SM4444  ,S ,
SM4445  ,S ,
SM4446  ,S ,
SM4447  ,S ,
SM4448  ,S ,
SM4449  ,A ,
SM4450  ,A ,
SM4451  ,S ,
SM4452  ,A ,
SM4453  ,A ,
SM4454  ,S ,
SM4455  ,A ,
SM4456  ,A ,
SM4457  ,A ,
SM4458  ,S ,
SM4459  ,S ,
SM4460  ,S ,
SM4462  ,S ,
SM4463  ,S ,
SM4464  ,A ,
SM4465  ,A ,
SM4466  ,A ,
SM4467  ,S ,
SM4468  ,S ,
SM4469  ,A ,
SM4470  ,A ,
SM4471  ,S ,
SM4472  ,A ,
SM4473  ,A ,
SM4474  ,S ,
SM4475  ,A ,
SM4476  ,A ,
SM4477  ,S ,
SM4478  ,A ,
SM4479  ,S ,
SM4480  ,A ,
SM4481  ,S ,
SM4482  ,A ,
SM4483  ,A ,
SM4484  ,S ,
SM4485  ,A ,
SM4486  ,A ,
SM4487  ,S ,
SM4488  ,S ,
SM4489  ,A ,
SM4490  ,S ,
SM4491  ,A ,
SM4492  ,A ,
SM4493  ,S ,
SM4494  ,A ,
SM4495  ,S ,
SM4496  ,A ,
SM4497  ,A ,
SM4498  ,S ,
SM4499  ,A ,
SM4500  ,A ,
SM4501  ,A ,
SM4502  ,A ,
SM4503  ,S ,
SM4504  ,A ,
SM4505  ,A ,
SM4506  ,S ,
SM4507  ,A ,
SM4508  ,A ,
SM4509  ,S ,
SM4510  ,S ,
SM4511  ,A ,
SM4512  ,A ,
SM4513  ,S ,
SM4514  ,S ,
SM4515  ,A ,
SM4516  ,A ,
SM4517  ,S ,
SM4518  ,A ,
SM4519  ,A ,
SM4520  ,S ,
SM4521  ,A ,
SM4522  ,A ,
SM4523  ,S ,
SM4524  ,A ,
SM4525  ,A ,
SM4526  ,S ,
SM4527  ,A ,
SM4528  ,S ,
SM4529  ,A ,
SM4530  ,A ,
SM4531  ,S ,
SM4532  ,S ,
SM4533  ,A ,
SM4534  ,S ,
SM4535  ,A ,
SM4536  ,S ,
SM4537  ,A ,
SM4538  ,S ,
SM4539  ,S ,
SM4540  ,A ,
SM4541  ,A ,
SM4542  ,A ,
SM4543  ,S ,
SM4544  ,A ,
SM4545  ,A ,
SM4546  ,A ,
SM4547  ,A ,
SM4548  ,A ,
SM4549  ,S ,
SM4550  ,S ,
SM4551  ,A ,
SM4552  ,S ,
SM4553  ,S ,
SM4554  ,A ,
SM4555  ,A ,
SM4556  ,S ,
SM4557  ,A ,
SM4558  ,S ,
SM4559  ,S ,
SM4560  ,S ,
SM4561  ,S ,
SM4562  ,A ,
SM4563  ,S ,
SM4564  ,A ,
SM4565  ,S ,
SM4566  ,S ,
SM4567  ,S ,
SM4568  ,A ,
SM4569  ,A ,
SM4570  ,A ,
SM4571  ,A ,
SM4572  ,A ,
SM4573  ,A ,
SM4574  ,A ,
SM4575  ,A ,
SM4576  ,S ,
SM4577  ,A ,
SM4578  ,A ,
SM4579  ,A ,
SM4580  ,A ,
SM4581  ,S ,
SM4582  ,A ,
SM4583  ,A ,
SM4584  ,A ,
SM4585  ,A ,
SM4586  ,A ,
SM4587  ,A ,
SM4588  ,A ,
SM4589  ,S ,
SM4590  ,A ,
SM4591  ,A ,
SM4592  ,S ,
SM4593  ,A ,
SM4594  ,A ,
SM4595  ,S ,
SM4596  ,S ,
SM4597  ,A ,
SM4598  ,A ,
SM4599  ,A ,
SM4600  ,A ,
SM4601  ,S ,
SM4602  ,A ,
SM4603  ,S ,
SM4604  ,S ,
SM4605  ,S ,
SM4606  ,S ,
SM4607  ,A ,
SM4608  ,S ,
SM4609  ,S ,
SM4610  ,S ,
SM4611  ,S ,
SM4612  ,A ,
SM4613  ,S ,
SM4614  ,A ,
SM4615  ,S ,
SM4616  ,S ,
SM4617  ,S ,
SM4618  ,S ,
SM4619  ,S ,
SM4620  ,A ,
SM4621  ,S ,
SM4622  ,S ,
SM4623  ,S ,
SM4624  ,S ,
SM4625  ,S ,
SM4626  ,S ,
SM4627  ,A ,
SM4628  ,S ,
SM4629  ,S ,
SM4630  ,S ,
SM4631  ,S ,
SM4632  ,A ,
SM4633  ,S ,
SM4634  ,S ,
SM4635  ,S ,
SM4636  ,A ,
SM4637  ,A ,
SM4638  ,A ,
SM4639  ,S ,
SM4640  ,S ,
SM4641  ,S ,
SM4642  ,S ,
SM4643  ,S ,
SM4644  ,S ,
SM4645  ,A ,
SM4646  ,S ,
SM4647  ,S ,
SM4648  ,S ,
SM4649  ,S ,
SM4650  ,A ,
SM4651  ,S ,
SM4652  ,S ,
SM4653  ,S ,
SM4654  ,S ,
SM4655  ,S ,
SM4656  ,A ,
SM4657  ,S ,
SM4658  ,S ,
SM4659  ,S ,
SM4660  ,S ,
SM4661  ,S ,
SM4662  ,A ,
SM4663  ,S ,
SM4664  ,S ,
SM4665  ,S ,
SM4666  ,S ,
SM4667  ,A ,
SM4668  ,S ,
SM4669  ,S ,
SM4670  ,S ,
SM4671  ,S ,
SM4672  ,S ,
SM4673  ,S ,
SM4674  ,S ,
SM4675  ,S ,
SM4676  ,A ,
SM4677  ,A ,
SM4678  ,S ,
SM4679  ,S ,
SM4680  ,S ,
SM4681  ,S ,
SM4682  ,S ,
SM4683  ,S ,
SM4684  ,S ,
SM4685  ,A ,
SM4686  ,S ,
SM4687  ,S ,
SM4688  ,A ,
SM4689  ,S ,
SM4690  ,S ,
SM4691  ,S ,
SM4692  ,S ,
SM4693  ,S ,
SM4694  ,S ,
SM4695  ,A ,
SM4696  ,S ,
SM4697  ,S ,
SM4698  ,S ,
SM4699  ,A ,
SM4700  ,S ,
SM4701  ,S ,
SM4702  ,S ,
SM4703  ,S ,
SM4704  ,S ,
SM4705  ,S ,
SM4706  ,S ,
SM4707  ,S ,
SM4708  ,S ,
SM4709  ,A ,
SM4710  ,S ,
SM4711  ,S ,
SM4712  ,S ,
SM4713  ,A ,
SM4714  ,S ,
SM4715  ,S ,
SM4717  ,S ,
SM4718  ,S ,
SM4719  ,S ,
SM4720  ,S ,
SM4721  ,S ,
SM4722  ,A ,
SM4723  ,S ,
SM4724  ,S ,
SM4725  ,S ,
SM4727  ,S ,
SM4728  ,S ,
SM4729  ,S ,
SM4730  ,A ,
SM4731  ,S ,
SM4732  ,A ,
SM4733  ,S ,
SM4734  ,S ,
SM4735  ,S ,
SM4736  ,A ,
SM4737  ,S ,
SM4738  ,S ,
SM4739  ,S ,
SM4740  ,S ,
SM4741  ,A ,
SM4742  ,S ,
SM4743  ,S ,
SM4744  ,A ,
SM4745  ,S ,
SM4746  ,A ,
SM4747  ,S ,
SM4748  ,S ,
SM4749  ,S ,
SM4750  ,S ,
SM4751  ,S ,
SM4752  ,A ,
SM4753  ,S ,
SM4754  ,A ,
SM4755  ,S ,
SM4756  ,S ,
SM4757  ,S ,
SM4758  ,S ,
SM4759  ,S ,
SM4760  ,S ,
SM4761  ,A ,
SM4762  ,S ,
SM4763  ,S ,
SM4764  ,S ,
SM4765  ,S ,
SM4766  ,S ,
SM4767  ,S ,
SM4768  ,A ,
SM4769  ,S ,
SM4770  ,S ,
SM4771  ,A ,
SM4772  ,S ,
SM4773  ,S ,
SM4774  ,S ,
SM4775  ,S ,
SM4776  ,A ,
SM4777  ,S ,
SM4778  ,A ,
SM4779  ,A ,
SM4780  ,S ,
SM4781  ,A ,
SM4782  ,A ,
SM4783  ,S ,
SM4784  ,S ,
SM4785  ,S ,
SM4786  ,S ,
SM4787  ,S ,
SM4788  ,S ,
SM4789  ,S ,
SM4790  ,S ,
SM4791  ,A ,
SM4792  ,S ,
SM4793  ,S ,
SM4794  ,A ,
SM4795  ,A ,
SM4796  ,S ,
SM4797  ,A ,
SM4798  ,A ,
SM4799  ,A ,
SM4800  ,S ,
SM4801  ,A ,
SM4802  ,A ,
SM4803  ,S ,
SM4804  ,A ,
SM4806  ,A ,
SM4807  ,A ,
SM4808  ,S ,
SM4809  ,A ,
SM4810  ,S ,
SM4811  ,A ,
SM4812  ,S ,
SM4814  ,A ,
SM4815  ,S ,
SM4816  ,S ,
SM4817  ,S ,
SM4818  ,S ,
SM4819  ,S ,
SM4820  ,S ,
SM4821  ,S ,
SM4822  ,S ,
SM4823  ,S ,
SM4824  ,A ,
SM4825  ,A ,
SM4826  ,S ,
SM4827  ,S ,
SM4828  ,A ,
SM4829  ,S ,
SM4830  ,S ,
SM4831  ,S ,
SM4832  ,S ,
SM4833  ,S ,
SM4834  ,A ,
SM4835  ,A ,
SM4836  ,S ,
SM4837  ,S ,
SM4838  ,S ,
SM4839  ,S ,
SM4840  ,A ,
SM4841  ,S ,
SM4842  ,A ,
SM4843  ,A ,
SM4844  ,S ,
SM4845  ,S ,
SM4846  ,A ,
SM4847  ,A ,
SM4848  ,S ,
SM4849  ,A ,
SM4850  ,A ,
SM4851  ,A ,
SM4852  ,A ,
SM4853  ,S ,
SM4854  ,A ,
SM4855  ,A ,
SM4856  ,A ,
SM4857  ,A ,
SM4858  ,A ,
SM4859  ,S ,
SM4860  ,A ,
SM4861  ,A ,
SM4862  ,S ,
SM4863  ,A ,
SM4864  ,A ,
SM4865  ,S ,
SM4866  ,A ,
SM4867  ,S ,
SM4868  ,S ,
SM4869  ,A ,
SM4870  ,S ,
SM4871  ,A ,
SM4872  ,S ,
SM4873  ,S ,
SM4874  ,S ,
SM4875  ,S ,
SM4876  ,A ,
SM4877  ,A ,
SM4878  ,S ,
SM4879  ,S ,
SM4880  ,S ,
SM4881  ,S ,
SM4882  ,S ,
SM4883  ,A ,
SM4884  ,S ,
SM4885  ,S ,
SM4886  ,S ,
SM4887  ,S ,
SM4888  ,S ,
SM4889  ,S ,
SM4890  ,A ,
SM4891  ,S ,
SM4892  ,S ,
SM4893  ,S ,
SM4894  ,A ,
SM4895  ,A ,
SM4896  ,S ,
SM4897  ,S ,
SM4898  ,A ,
SM4899  ,S ,
SM4900  ,S ,
SM4901  ,S ,
SM4902  ,S ,
SM4903  ,S ,
SM4904  ,S ,
SM4905  ,S ,
SM4906  ,S ,
SM4907  ,S ,
SM4908  ,S ,
SM4909  ,S ,
SM4910  ,S ,
SM4911  ,S ,
SM4912  ,S ,
SM4913  ,S ,
SM4914  ,S ,
SM4915  ,S ,
SM4916  ,S ,
SM4917  ,S ,
SM4918  ,A ,
SM4919  ,S ,
SM4920  ,S ,
SM4921  ,S ,
SM4922  ,S ,
SM4923  ,S ,
SM4924  ,A ,
SM4925  ,A ,
SM4926  ,S ,
SM4927  ,S ,
SM4928  ,S ,
SM4929  ,A ,
SM4930  ,S ,
SM4931  ,S ,
SM4932  ,S ,
SM4933  ,S ,
SM4934  ,S ,
SM4935  ,S ,
SM4936  ,S ,
SM4937  ,S ,
SM4938  ,S ,
SM4939  ,S ,
SM4940  ,S ,
SM4941  ,S ,
SM4942  ,S ,
SM4943  ,A ,
SM4944  ,A ,
SM4945  ,A ,
SM4946  ,S ,
SM4947  ,S ,
SM4948  ,A ,
SM4949  ,S ,
SM4950  ,A ,
SM4951  ,S ,
SM4952  ,S ,
SM4953  ,S ,
SM4954  ,S ,
SM4955  ,S ,
SM4956  ,A ,
SM4957  ,S ,
SM4958  ,S ,
SM4959  ,S ,
SM4960  ,S ,
SM4961  ,S ,
SM4962  ,S ,
SM4963  ,S ,
SM4964  ,A ,
SM4965  ,S ,
SM4966  ,S ,
SM4967  ,S ,
SM4968  ,A ,
SM4969  ,S ,
SM4970  ,A ,
SM4971  ,S ,
SM4972  ,S ,
SM4973  ,S ,
SM4974  ,A ,
SM4975  ,S ,
SM4976  ,A ,
SM4977  ,S ,
SM4979  ,S ,
SM4980  ,S ,
SM4981  ,S ,
SM4982  ,A ,
SM4983  ,A ,
SM4984  ,A ,
SM4985  ,S ,
SM4986  ,S ,
SM4987  ,S ,
SM4989  ,A ,
SM4990  ,S ,
SM4991  ,A ,
SM4992  ,S ,
SM4993  ,S ,
SM4994  ,S ,
SM4995  ,S ,
SM4996  ,A ,
SM4997  ,S ,
SM4998  ,S ,
SM4999  ,A ,
SM5000  ,A ,
SM5001  ,S ,
SM5002  ,S ,
SM5003  ,A ,
SM5004  ,S ,
SM5005  ,A ,
SM5006  ,A ,
SM5007  ,S ,
SM5008  ,S ,
SM5009  ,S ,
SM5010  ,S ,
SM5011  ,S ,
SM5012  ,S ,
SM5013  ,S ,
SM5014  ,A ,
SM5015  ,S ,
SM5016  ,S ,
SM5017  ,S ,
SM5018  ,S ,
SM5019  ,A ,
SM5020  ,S ,
SM5021  ,A ,
SM5022  ,S ,
SM5023  ,S ,
SM5024  ,S ,
SM5025  ,A ,
SM5026  ,A ,
SM5027  ,A ,
SM5028  ,S ,
SM5029  ,S ,
SM5030  ,S ,
SM5031  ,S ,
SM5032  ,S ,
SM5033  ,S ,
SM5034  ,S ,
SM5035  ,A ,
SM5036  ,S ,
SM5037  ,S ,
SM5038  ,S ,
SM5039  ,S ,
SM5040  ,S ,
SM5041  ,S ,
SM5042  ,A ,
SM5043  ,S ,
SM5044  ,S ,
SM5045  ,A ,
SM5046  ,A ,
SM5047  ,S ,
SM5048  ,S ,
SM5049  ,S ,
SM5050  ,S ,
SM5051  ,S ,
SM5052  ,S ,
SM5053  ,S ,
SM5054  ,S ,
SM5055  ,A ,
SM5056  ,S ,
SM5057  ,A ,
SM5058  ,S ,
SM5059  ,S ,
SM5060  ,S ,
SM5061  ,S ,
SM5062  ,S ,
SM5063  ,A ,
SM5064  ,S ,
SM5065  ,S ,
SM5066  ,S ,
SM5067  ,S ,
SM5068  ,A ,
SM5069  ,S ,
SM5070  ,S ,
SM5071  ,A ,
SM5072  ,A ,
SM5073  ,S ,
SM5074  ,S ,
SM5075  ,S ,
SM5076  ,A ,
SM5077  ,S ,
SM5078  ,S ,
SM5079  ,S ,
SM5080  ,A ,
SM5081  ,S ,
SM5082  ,S ,
SM5084  ,A ,
SM5085  ,A ,
SM5086  ,A ,
SM5089  ,A ,
SM5090  ,A ,
SM5091  ,A ,
SM5092  ,A ,
SM5094  ,S ,
SM5095  ,S ,
SM5096  ,A ,
SM5097  ,S ,
SM5098  ,A ,
SM5100  ,A ,
SM5101  ,S ,
SM5102  ,A ,
SM5103  ,A ,
SM5104  ,S ,
SM5105  ,S ,
SM5106  ,A ,
SM5107  ,S ,
SM5108  ,A ,
SM5109  ,A ,
SM5110  ,S ,
SM5111  ,A ,
SM5112  ,S ,
SM5113  ,S ,
SM5114  ,S ,
SM5115  ,S ,
SM5116  ,S ,
SM5117  ,A ,
SM5118  ,S ,
SM5119  ,A ,
SM5120  ,S ,
SM5121  ,S ,
SM5122  ,S ,
SM5123  ,S ,
SM5124  ,A ,
SM5125  ,S ,
SM5126  ,S ,
SM5127  ,S ,
SM5128  ,A ,
SM5129  ,S ,
SM5130  ,S ,
SM5131  ,A ,
SM5132  ,A ,
SM5133  ,S ,
SM5134  ,S ,
SM5135  ,A ,
SM5136  ,S ,
SM5137  ,S ,
SM5138  ,S ,
SM5139  ,S ,
SM5140  ,S ,
SM5141  ,S ,
SM5142  ,A ,
SM5143  ,S ,
SM5144  ,A ,
SM5145  ,A ,
SM5146  ,S ,
SM5147  ,S ,
SM5148  ,S ,
SM5149  ,S ,
SM5150  ,S ,
SM5151  ,S ,
SM5152  ,S ,
SM5153  ,S ,
SM5154  ,S ,
SM5155  ,S ,
SM5156  ,S ,
SM5157  ,A ,
SM5158  ,A ,
SM5159  ,S ,
SM5160  ,A ,
SM5161  ,S ,
SM5162  ,S ,
SM5163  ,A ,
SM5164  ,S ,
SM5165  ,A ,
SM5166  ,S ,
SM5167  ,A ,
SM5168  ,S ,
SM5169  ,A ,
SM5170  ,A ,
SM5171  ,S ,
SM5172  ,A ,
SM5173  ,A ,
SM5174  ,S ,
SM5175  ,S ,
SM5176  ,S ,
SM5177  ,S ,
SM5178  ,S ,
SM5179  ,S ,
SM5180  ,S ,
SM5181  ,S ,
SM5182  ,S ,
SM5183  ,A ,
SM5184  ,S ,
SM5185  ,S ,
SM5186  ,S ,
SM5187  ,S ,
SM5188  ,S ,
SM5189  ,S ,
SM5190  ,A ,
SM5191  ,S ,
SM5192  ,A ,
SM5193  ,S ,
SM5194  ,S ,
SM5195  ,A ,
SM5196  ,S ,
SM5197  ,S ,
SM5198  ,S ,
SM5199  ,S ,
SM5200  ,S ,
SM5201  ,S ,
SM5202  ,S ,
SM5203  ,A ,
SM5204  ,S ,
SM5205  ,A ,
SM5206  ,S ,
SM5207  ,S ,
SM5208  ,S ,
SM5209  ,A ,
SM5210  ,A ,
SM5211  ,S ,
SM5212  ,A ,
SM5213  ,A ,
SM5214  ,S ,
SM5215  ,A ,
SM5216  ,A ,
SM5217  ,A ,
SM5218  ,A ,
SM5220  ,A ,
SM5221  ,A ,
SM5222  ,A ,
SM5223  ,A ,
SM5224  ,S ,
SM5225  ,S ,
SM5226  ,S ,
SM5227  ,S ,
SM5228  ,S ,
SM5229  ,A ,
SM5230  ,S ,
SM5231  ,A ,
SM5232  ,A ,
SM5233  ,A ,
SM5234  ,A ,
SM5235  ,A ,
SM5236  ,A ,
SM5237  ,S ,
SM5238  ,A ,
SM5239  ,S ,
SM5240  ,S ,
SM5241  ,A ,
SM5242  ,S ,
SM5243  ,S ,
SM5244  ,A ,
SM5245  ,A ,
SM5246  ,A ,
SM5247  ,A ,
SM5248  ,S ,
SM5249  ,S ,
SM5250  ,S ,
SM5251  ,S ,
SM5252  ,A ,
SM5253  ,A ,
SM5254  ,A ,
SM5257  ,S ,
SM5258  ,A ,
SM5259  ,S ,
SM5260  ,S ,
SM5261  ,S ,
SM5262  ,A ,
SM5263  ,S ,
SM5264  ,S ,
SM5265  ,S ,
SM5266  ,A ,
SM5267  ,S ,
SM5268  ,S ,
SM5269  ,S ,
SM5270  ,A ,
SM5271  ,S ,
SM5272  ,A ,
SM5273  ,S ,
SM5274  ,A ,
SM5275  ,S ,
SM5276  ,S ,
SM5277  ,A ,
SM5278  ,S ,
SM5279  ,S ,
SM5280  ,S ,
SM5281  ,S ,
SM5282  ,S ,
SM5283  ,S ,
SM5284  ,A ,
SM5285  ,S ,
SM5286  ,S ,
SM5287  ,S ,
SM5288  ,S ,
SM5289  ,A ,
SM5290  ,A ,
SM5291  ,A ,
SM5292  ,S ,
SM5293  ,A ,
SM5294  ,S ,
SM5295  ,S ,
SM5296  ,A ,
SM5297  ,S ,
SM5298  ,A ,
SM5299  ,S ,
SM5300  ,S ,
SM5301  ,S ,
SM5302  ,S ,
SM5303  ,S ,
SM5304  ,S ,
SM5305  ,S ,
SM5306  ,A ,
SM5307  ,S ,
SM5308  ,S ,
SM5309  ,S ,
SM5310  ,S ,
SM5311  ,S ,
SM5312  ,S ,
SM5313  ,A ,
SM5314  ,S ,
SM5315  ,A ,
SM5316  ,A ,
SM5317  ,S ,
SM5318  ,A ,
SM5319  ,S ,
SM5320  ,S ,
SM5321  ,A ,
SM5322  ,S ,
SM5323  ,A ,
SM5324  ,S ,
SM5325  ,S ,
SM5326  ,A ,
SM5327  ,S ,
SM5328  ,S ,
SM5329  ,S ,
SM5330  ,S ,
SM5331  ,S ,
SM5332  ,S ,
SM5333  ,S ,
SM5334  ,S ,
SM5335  ,S ,
SM5336  ,S ,
SM5337  ,S ,
SM5338  ,S ,
SM5339  ,A ,
SM5340  ,S ,
SM5341  ,S ,
SM5342  ,A ,
SM5343  ,S ,
SM5344  ,S ,
SM5347  ,S ,
SM5348  ,S ,
SM5349  ,A ,
SM5350  ,S ,
SM5351  ,S ,
SM5352  ,S ,
SM5353  ,A ,
SM5354  ,A ,
SM5355  ,A ,
SM5356  ,S ,
SM5357  ,S ,
SM5358  ,S ,
SM5359  ,S ,
SM5360  ,S ,
SM5361  ,S ,
SM5362  ,S ,
SM5363  ,A ,
SM5364  ,A ,
SM5365  ,S ,
SM5366  ,A ,
SM5367  ,A ,
SM5368  ,S ,
SM5370  ,A ,
SM5371  ,A ,
SM5372  ,S ,
SM5373  ,S ,
SM5374  ,S ,
SM5375  ,S ,
SM5376  ,S ,
SM5377  ,S ,
SM5379  ,S ,
SM5380  ,A ,
SM5381  ,S ,
SM5382  ,A ,
SM5383  ,S ,
SM5384  ,S ,
SM5385  ,S ,
SM5386  ,A ,
SM5387  ,S ,
SM5388  ,A ,
SM5389  ,S ,
SM5390  ,A ,
SM5391  ,A ,
SM5392  ,A ,
SM5393  ,S ,
SM5394  ,A ,
SM5395  ,A ,
SM5396  ,S ,
SM5397  ,A ,
SM5398  ,S ,
SM5399  ,S ,
SM5400  ,S ,
SM5401  ,S ,
SM5402  ,A ,
SM5403  ,S ,
SM5404  ,A ,
SM5405  ,S ,
SM5407  ,S ,
SM5408  ,S ,
SM5409  ,S ,
SM5410  ,A ,
SM5411  ,S ,
SM5412  ,A ,
SM5413  ,A ,
SM5414  ,S ,
SM5415  ,S ,
SM5416  ,S ,
SM5417  ,S ,
SM5418  ,A ,
SM5419  ,S ,
SM5421  ,A ,
SM5422  ,S ,
SM5423  ,S ,
SM5424  ,A ,
SM5425  ,A ,
SM5426  ,S ,
SM5427  ,S ,
SM5428  ,A ,
SM5430  ,S ,
SM5431  ,A ,
SM5432  ,S ,
SM5433  ,S ,
SM5434  ,A ,
SM5435  ,S ,
SM5436  ,S ,
SM5437  ,S ,
SM5438  ,A ,
SM5439  ,A ,
SM5440  ,S ,
SM5441  ,S ,
SM5442  ,S ,
SM5443  ,A ,
SM5444  ,S ,
SM5445  ,S ,
SM5446  ,A ,
SM5447  ,A ,
SM5448  ,S ,
SM5449  ,A ,
SM5450  ,S ,
SM5451  ,S ,
SM5452  ,S ,
SM5453  ,A ,
SM5454  ,A ,
SM5455  ,S ,
SM5456  ,A ,
SM5457  ,S ,
SM5458  ,A ,
SM5459  ,S ,
SM5460  ,S ,
SM5461  ,S ,
SM5462  ,S ,
SM5463  ,A ,
SM5464  ,S ,
SM5465  ,S ,
SM5466  ,S ,
SM5467  ,S ,
SM5468  ,S ,
SM5469  ,S ,
SM5470  ,A ,
SM5471  ,S ,
SM5472  ,A ,
SM5473  ,S ,
SM5474  ,S ,
SM5475  ,S ,
SM5476  ,A ,
SM5477  ,S ,
SM5478  ,S ,
SM5479  ,A ,
SM5480  ,S ,
SM5481  ,S ,
SM5482  ,A ,
SM5483  ,S ,
SM5484  ,S ,
SM5485  ,S ,
SM5486  ,S ,
SM5487  ,A ,
SM5488  ,S ,
SM5489  ,S ,
SM5490  ,S ,
SM5491  ,A ,
SM5492  ,A ,
SM5493  ,S ,
SM5494  ,S ,
SM5495  ,S ,
SM5496  ,S ,
SM5497  ,S ,
SM5498  ,A ,
SM5499  ,S ,
SM5500  ,S ,
SM5501  ,S ,
SM5502  ,S ,
SM5503  ,A ,
SM5504  ,A ,
SM5505  ,S ,
SM5506  ,S ,
SM5507  ,S ,
SM5508  ,S ,
SM5509  ,A ,
SM5510  ,S ,
SM5511  ,A ,
SM5512  ,A ,
SM5513  ,A ,
SM5514  ,A ,
SM5515  ,S ,
SM5516  ,A ,
SM5517  ,S ,
SM5518  ,A ,
SM5519  ,S ,
SM5520  ,A ,
SM5521  ,A ,
SM5522  ,S ,
SM5523  ,A ,
SM5524  ,S ,
SM5525  ,A ,
SM5526  ,A ,
SM5527  ,A ,
SM5528  ,S ,
SM5529  ,A ,
SM5530  ,A ,
SM5531  ,S ,
SM5532  ,S ,
SM5533  ,S ,
SM5534  ,A ,
SM5535  ,A ,
SM5536  ,S ,
SM5537  ,A ,
SM5538  ,S ,
SM5539  ,S ,
SM5540  ,A ,
SM5541  ,S ,
SM5542  ,A ,
SM5543  ,A ,
SM5544  ,A ,
SM5545  ,A ,
SM5546  ,S ,
SM5547  ,A ,
SM5548  ,S ,
SM5549  ,S ,
SM5550  ,S ,
SM5551  ,A ,
SM5552  ,A ,
SM5553  ,A ,
SM5554  ,S ,
SM5555  ,A ,
SM5556  ,S ,
SM5557  ,A ,
SM5558  ,A ,
SM5559  ,S ,
SM5560  ,S ,
SM5561  ,A ,
SM5562  ,S ,
SM5563  ,S ,
SM5564  ,A ,
SM5565  ,S ,
SM5566  ,A ,
SM5567  ,S ,
SM5568  ,A ,
SM5569  ,S ,
SM5570  ,A ,
SM5571  ,A ,
SM5572  ,S ,
SM5573  ,S ,
SM5574  ,S ,
SM5575  ,A ,
SM5576  ,A ,
SM5577  ,A ,
SM5578  ,S ,
SM5579  ,S ,
SM5580  ,S ,
SM5581  ,S ,
SM5582  ,A ,
SM5583  ,S ,
SM5584  ,A ,
SM5585  ,S ,
SM5586  ,A ,
SM5587  ,S ,
SM5588  ,A ,
SM5589  ,S ,
SM5590  ,A ,
SM5591  ,S ,
SM5592  ,S ,
SM5593  ,S ,
SM5594  ,A ,
SM5595  ,A ,
SM5598  ,S ,
SM5599  ,A ,
SM5600  ,A ,
SM5601  ,A ,
SM5602  ,S ,
SM5603  ,A ,
SM5604  ,A ,
SM5605  ,S ,
SM5608  ,S ,
SM5609  ,A ,
SM5610  ,A ,
SM5611  ,S ,
SM5612  ,A ,
SM5613  ,S ,
SM5614  ,S ,
SM5615  ,A ,
SM5616  ,S ,
SM5617  ,A ,
SM5618  ,S ,
SM5619  ,A ,
SM5620  ,A ,
SM5621  ,A ,
SM5623  ,A ,
SM5624  ,A ,
SM5625  ,S ,
SM5626  ,S ,
SM5627  ,S ,
SM5628  ,S ,
SM5629  ,S ,
SM5630  ,S ,
SM5631  ,S ,
SM5632  ,A ,
SM5633  ,A ,
SM5634  ,A ,
SM5635  ,S ,
SM5636  ,S ,
SM5637  ,S ,
SM5638  ,A ,
SM5639  ,S ,
SM5640  ,A ,
SM5641  ,A ,
SM5643  ,S ,
SM5644  ,S ,
SM5645  ,A ,
SM5646  ,S ,
SM5647  ,A ,
SM5648  ,A ,
SM5649  ,A ,
SM5650  ,S ,
SM5651  ,A ,
SM5652  ,S ,
SM5653  ,S ,
SM5654  ,A ,
SM5655  ,A ,
SM5656  ,A ,
SM5657  ,S ,
SM5659  ,A ,
SM5660  ,S ,
SM5661  ,A ,
SM5662  ,S ,
SM5663  ,S ,
SM5664  ,A ,
SM5665  ,A ,
SM5666  ,S ,
SM5667  ,S ,
SM5668  ,S ,
SM5669  ,A ,
SM5670  ,A ,
SM5671  ,S ,
SM5672  ,A ,
SM5673  ,S ,
SM5674  ,S ,
SM5675  ,A ,
SM5676  ,S ,
SM5677  ,S ,
SM5678  ,S ,
SM5679  ,A ,
SM5680  ,S ,
SM5681  ,S ,
SM5682  ,S ,
SM5683  ,A ,
SM5684  ,S ,
SM5685  ,A ,
SM5686  ,A ,
SM5687  ,S ,
SM5688  ,A ,
SM5689  ,A ,
SM5690  ,S ,
SM5691  ,S ,
SM5692  ,A ,
SM5693  ,A ,
SM5694  ,S ,
SM5695  ,S ,
SM5696  ,A ,
SM5697  ,S ,
SM5698  ,A ,
SM5699  ,S ,
SM5700  ,A ,
SM5701  ,S ,
SM5702  ,A ,
SM5703  ,S ,
SM5704  ,S ,
SM5705  ,A ,
SM5706  ,A ,
SM5707  ,A ,
SM5708  ,S ,
SM5709  ,S ,
SM5710  ,A ,
SM5711  ,S ,
SM5712  ,A ,
SM5714  ,S ,
SM5715  ,A ,
SM5716  ,S ,
SM5717  ,S ,
SM5718  ,S ,
SM5719  ,A ,
SM5720  ,S ,
SM5721  ,A ,
SM5722  ,S ,
SM5723  ,A ,
SM5724  ,S ,
SM5725  ,A ,
SM5727  ,S ,
SM5728  ,S ,
SM5729  ,A ,
SM5730  ,A ,
SM5732  ,S ,
SM5733  ,S ,
SM5734  ,S ,
SM5735  ,A ,
SM5736  ,S ,
SM5737  ,A ,
SM5738  ,S ,
SM5739  ,S ,
SM5740  ,S ,
SM5741  ,A ,
SM5742  ,A ,
SM5743  ,S ,
SM5744  ,S ,
SM5745  ,S ,
SM5747  ,S ,
SM5748  ,S ,
SM5749  ,S ,
SM5750  ,S ,
SM5751  ,S ,
SM5752  ,S ,
SM5753  ,S ,
SM5754  ,A ,
SM5755  ,A ,
SM5756  ,S ,
SM5757  ,S ,
SM5758  ,A ,
SM5759  ,S ,
SM5760  ,A ,
SM5761  ,S ,
SM5762  ,S ,
SM5763  ,S ,
SM5764  ,A ,
SM5765  ,S ,
SM5766  ,S ,
SM5767  ,A ,
SM5768  ,S ,
SM5769  ,A ,
SM5770  ,S ,
SM5771  ,S ,
SM5772  ,S ,
SM5773  ,S ,
SM5774  ,A ,
SM5775  ,S ,
SM5776  ,A ,
SM5777  ,A ,
SM5778  ,S ,
SM5779  ,S ,
SM5780  ,S ,
SM5781  ,A ,
SM5782  ,S ,
SM5783  ,A ,
SM5784  ,S ,
SM5785  ,S ,
SM5786  ,S ,
SM5787  ,S ,
SM5788  ,S ,
SM5789  ,S ,
SM5790  ,S ,
SM5791  ,S ,
SM5792  ,S ,
SM5793  ,S ,
SM5794  ,S ,
SM5795  ,A ,
SM5796  ,S ,
SM5797  ,S ,
SM5798  ,S ,
SM5799  ,S ,
SM5800  ,S ,
SM5801  ,S ,
SM5802  ,A ,
SM5803  ,S ,
SM5804  ,A ,
SM5805  ,A ,
SM5806  ,S ,
SM5807  ,A ,
SM5808  ,S ,
SM5809  ,S ,
SM5810  ,A ,
SM5811  ,S ,
SM5812  ,S ,
SM5813  ,A ,
SM5814  ,S ,
SM5815  ,S ,
SM5816  ,S ,
SM5817  ,S ,
SM5818  ,A ,
SM5819  ,S ,
SM5820  ,A ,
SM5821  ,S ,
SM5822  ,S ,
SM5823  ,A ,
SM5824  ,A ,
SM5825  ,S ,
SM5826  ,A ,
SM5827  ,S ,
SM5828  ,A ,
SM5829  ,S ,
SM5830  ,S ,
SM5831  ,S ,
SM5832  ,S ,
SM5833  ,S ,
SM5834  ,A ,
SM5835  ,A ,
SM5836  ,S ,
SM5837  ,S ,
SM5838  ,A ,
SM5839  ,S ,
SM5840  ,S ,
SM5841  ,A ,
SM5842  ,S ,
SM5843  ,A ,
SM5844  ,S ,
SM5845  ,S ,
SM5846  ,S ,
SM5847  ,A ,
SM5848  ,S ,
SM5850  ,S ,
SM5851  ,A ,
SM5852  ,S ,
SM5853  ,S ,
SM5854  ,S ,
SM5855  ,A ,
SM5856  ,A ,
SM5857  ,A ,
SM5858  ,S ,
SM5859  ,A ,
SM5861  ,S ,
SM5862  ,A ,
SM5863  ,S ,
SM5864  ,S ,
SM5865  ,S ,
SM5866  ,A ,
SM5867  ,S ,
SM5868  ,S ,
SM5869  ,S ,
SM5870  ,A ,
SM5871  ,S ,
SM5872  ,S ,
SM5873  ,A ,
SM5874  ,S ,
SM5875  ,A ,
SM5876  ,S ,
SM5877  ,S ,
SM5878  ,A ,
SM5879  ,A ,
SM5880  ,S ,
SM5881  ,S ,
SM5882  ,S ,
SM5883  ,S ,
SM5884  ,A ,
SM5885  ,A ,
SM5886  ,A ,
SM5887  ,S ,
SM5888  ,A ,
SM5889  ,A ,
SM5890  ,S ,
SM5891  ,S ,
SM5892  ,S ,
SM5893  ,A ,
SM5894  ,S ,
SM5895  ,A ,
SM5896  ,A ,
SM5897  ,A ,
SM5898  ,S ,
SM5899  ,A ,
SM5900  ,S ,
SM5901  ,A ,
SM5902  ,A ,
SM5903  ,S ,
SM5904  ,A ,
SM5905  ,S ,
SM5906  ,A ,
SM5907  ,A ,
SM5908  ,S ,
SM5909  ,A ,
SM5910  ,A ,
SM5911  ,S ,
SM5912  ,A ,
SM5913  ,S ,
SM5914  ,A ,
SM5915  ,A ,
SM5916  ,S ,
SM5917  ,S ,
SM5918  ,S ,
SM5919  ,S ,
SM5920  ,A ,
SM5921  ,S ,
SM5922  ,A ,
SM5923  ,S ,
SM5924  ,A ,
SM5925  ,S ,
SM5926  ,A ,
SM5927  ,S ,
SM5928  ,A ,
SM5929  ,S ,
SM5930  ,A ,
SM5931  ,A ,
SM5932  ,S ,
SM5933  ,A ,
SM5934  ,S ,
SM5935  ,A ,
SM5936  ,A ,
SM5937  ,S ,
SM5938  ,S ,
SM5939  ,A ,
SM5940  ,A ,
SM5941  ,S ,
SM5942  ,A ,
SM5943  ,S ,
SM5944  ,S ,
SM5945  ,S ,
SM5946  ,A ,
SM5947  ,S ,
SM5948  ,S ,
SM5949  ,S ,
SM5950  ,S ,
SM5951  ,A ,
SM5952  ,S ,
SM5953  ,A ,
SM5954  ,S ,
SM5955  ,S ,
SM5956  ,A ,
SM5957  ,S ,
SM5958  ,S ,
SM5959  ,S ,
SM5960  ,A ,
SM5961  ,A ,
SM5962  ,S ,
SM5963  ,A ,
SM5964  ,S ,
SM5965  ,S ,
SM5966  ,S ,
SM5967  ,S ,
SM5968  ,S ,
SM5969  ,S ,
SM5970  ,S ,
SM5971  ,S ,
SM5972  ,S ,
SM5973  ,S ,
SM5974  ,S ,
SM5975  ,A ,
SM5976  ,S ,
SM5977  ,A ,
SM5978  ,S ,
SM5979  ,S ,
SM5980  ,S ,
SM5981  ,A ,
SM5982  ,S ,
SM5983  ,S ,
SM5984  ,S ,
SM5985  ,S ,
SM5986  ,A ,
SM5987  ,S ,
SM5989  ,S ,
SM5990  ,A ,
SM5991  ,S ,
SM5992  ,A ,
SM5993  ,A ,
SM5994  ,S ,
SM5995  ,S ,
SM5996  ,S ,
SM5997  ,A ,
SM5998  ,A ,
SM5999  ,S ,
SM6000  ,A ,
SM6001  ,S ,
SM6002  ,A ,
SM6003  ,A ,
SM6004  ,A ,
SM6005  ,S ,
SM6006  ,S ,
SM6007  ,S ,
SM6008  ,A ,
SM6009  ,S ,
SM6010  ,S ,
SM6012  ,A ,
SM6013  ,S ,
SM6014  ,S ,
SM6015  ,S ,
SM6016  ,A ,
SM6017  ,S ,
SM6018  ,S ,
SM6019  ,S ,
SM6020  ,A ,
SM6021  ,S ,
SM6022  ,S ,
SM6023  ,S ,
SM6024  ,S ,
SM6025  ,S ,
SM6026  ,S ,
SM6027  ,S ,
SM6028  ,S ,
SM6029  ,S ,
SM6030  ,A ,
SM6031  ,S ,
SM6032  ,S ,
SM6033  ,A ,
SM6034  ,S ,
SM6035  ,A ,
SM6036  ,S ,
SM6037  ,S ,
SM6038  ,S ,
SM6039  ,S ,
SM6040  ,A ,
SM6041  ,S ,
SM6042  ,S ,
SM6043  ,S ,
SM6044  ,S ,
SM6045  ,S ,
SM6046  ,A ,
SM6047  ,S ,
SM6048  ,S ,
SM6049  ,S ,
SM6050  ,A ,
SM6051  ,S ,
SM6052  ,S ,
SM6053  ,S ,
SM6054  ,S ,
SM6055  ,S ,
SM6056  ,S ,
SM6057  ,S ,
SM6058  ,S ,
SM6059  ,S ,
SM6060  ,A ,
SM6061  ,A ,
SM6062  ,S ,
SM6063  ,S ,
SM6064  ,A ,
SM6065  ,A ,
SM6066  ,A ,
SM6067  ,S ,
SM6068  ,A ,
SM6069  ,A ,
SM6070  ,S ,
SM6071  ,S ,
SM6072  ,S ,
SM6073  ,S ,
SM6074  ,S ,
SM6075  ,S ,
SM6076  ,S ,
SM6077  ,S ,
SM6078  ,S ,
SM6079  ,A ,
SM6080  ,S ,
SM6081  ,S ,
SM6082  ,S ,
SM6083  ,S ,
SM6084  ,A ,
SM6085  ,A ,
SM6086  ,S ,
SM6087  ,S ,
SM6088  ,S ,
SM6089  ,S ,
SM6090  ,S ,
SM6091  ,S ,
SM6092  ,S ,
SM6093  ,A ,
SM6094  ,S ,
SM6095  ,A ,
SM6096  ,S ,
SM6097  ,S ,
SM6098  ,S ,
SM6099  ,S ,
SM6100  ,S ,
SM6101  ,S ,
SM6102  ,S ,
SM6103  ,A ,
SM6104  ,S ,
SM6105  ,S ,
SM6106  ,S ,
SM6107  ,S ,
SM6108  ,S ,
SM6109  ,S ,
SM6110  ,S ,
SM6111  ,S ,
SM6112  ,S ,
SM6113  ,S ,
SM6114  ,S ,
SM6115  ,A ,
SM6116  ,S ,
SM6117  ,S ,
SM6118  ,S ,
SM6119  ,S ,
SM6120  ,A ,
SM6121  ,A ,
SM6122  ,A ,
SM6123  ,S ,
SM6124  ,S ,
SM6125  ,S ,
SM6126  ,S ,
SM6127  ,S ,
SM6128  ,S ,
SM6129  ,S ,
SM6130  ,A ,
SM6131  ,S ,
SM6132  ,A ,
SM6133  ,S ,
SM6134  ,A ,
SM6135  ,S ,
SM6136  ,A ,
SM6137  ,S ,
SM6138  ,S ,
SM6139  ,S ,
SM6140  ,S ,
SM6141  ,A ,
SM6142  ,S ,
SM6143  ,S ,
SM6144  ,S ,
SM6145  ,A ,
SM6146  ,S ,
SM6147  ,S ,
SM6148  ,S ,
SM6149  ,S ,
SM6150  ,A ,
SM6151  ,A ,
SM6152  ,A ,
SM6153  ,S ,
SM6154  ,A ,
SM6155  ,S ,
SM6156  ,A ,
SM6157  ,A ,
SM6158  ,S ,
SM6159  ,S ,
SM6160  ,S ,
SM6161  ,A ,
SM6162  ,A ,
SM6163  ,S ,
SM6164  ,S ,
SM6165  ,S ,
SM6166  ,S ,
SM6167  ,A ,
SM6168  ,A ,
SM6169  ,S ,
SM6170  ,S ,
SM6171  ,A ,
SM6172  ,S ,
SM6173  ,A ,
SM6174  ,A ,
SM6175  ,S ,
SM6176  ,A ,
SM6177  ,S ,
SM6178  ,S ,
SM6179  ,A ,
SM6180  ,S ,
SM6181  ,S ,
SM6182  ,A ,
SM6183  ,A ,
SM6184  ,S ,
SM6185  ,S ,
SM6186  ,A ,
SM6187  ,S ,
SM6188  ,A ,
SM6189  ,S ,
SM6190  ,S ,
SM6191  ,A ,
SM6192  ,S ,
SM6193  ,S ,
SM6194  ,A ,
SM6195  ,A ,
SM6196  ,S ,
SM6197  ,S ,
SM6198  ,A ,
SM6199  ,A ,
SM6200  ,A ,
SM6201  ,A ,
SM6202  ,S ,
SM6203  ,S ,
SM6204  ,A ,
SM6205  ,S ,
SM6206  ,S ,
SM6207  ,A ,
SM6208  ,A ,
SM6209  ,S ,
SM6210  ,A ,
SM6211  ,S ,
SM6212  ,S ,
SM6213  ,A ,
SM6214  ,A ,
SM6215  ,A ,
SM6216  ,S ,
SM6217  ,S ,
SM6218  ,S ,
SM6219  ,S ,
SM6220  ,S ,
SM6221  ,A ,
SM6222  ,S ,
SM6223  ,S ,
SM6224  ,S ,
SM6225  ,A ,
SM6226  ,A ,
SM6227  ,S ,
SM6228  ,A ,
SM6229  ,A ,
SM6230  ,A ,
SM6231  ,S ,
SM6232  ,A ,
SM6234  ,A ,
SM6235  ,A ,
SM6236  ,S ,
SM6237  ,A ,
SM6238  ,S ,
SM6239  ,A ,
SM6240  ,A ,
SM6241  ,A ,
SM6242  ,S ,
SM6243  ,A ,
SM6244  ,S ,
SM6246  ,A ,
SM6247  ,S ,
SM6248  ,A ,
SM6249  ,S ,
SM6250  ,S ,
SM6251  ,A ,
SM6252  ,S ,
SM6253  ,A ,
SM6254  ,S ,
SM6255  ,A ,
SM6256  ,A ,
SM6257  ,A ,
SM6258  ,A ,
SM6259  ,A ,
SM6260  ,S ,
SM6261  ,A ,
SM6262  ,A ,
SM6263  ,A ,
SM6264  ,A ,
SM6265  ,S ,
SM6266  ,S ,
SM6267  ,A ,
SM6268  ,S ,
SM6269  ,A ,
SM6271  ,S ,
SM6272  ,A ,
SM6273  ,S ,
SM6274  ,S ,
SM6275  ,A ,
SM6276  ,A ,
SM6277  ,A ,
SM6278  ,S ,
SM6279  ,S ,
SM6280  ,A ,
SM6281  ,A ,
SM6282  ,S ,
SM6283  ,S ,
SM6284  ,A ,
SM6286  ,S ,
SM6287  ,S ,
SM6288  ,A ,
SM6289  ,S ,
SM6290  ,S ,
SM6291  ,S ,
SM6292  ,S ,
SM6293  ,A ,
SM6294  ,S ,
SM6295  ,S ,
SM6296  ,S ,
SM6297  ,S ,
SM6298  ,A ,
SM6299  ,S ,
SM6300  ,S ,
SM6301  ,S ,
SM6302  ,S ,
SM6303  ,S ,
SM6304  ,A ,
SM6305  ,S ,
SM6306  ,S ,
SM6307  ,S ,
SM6308  ,S ,
SM6309  ,A ,
SM6310  ,S ,
SM6311  ,S ,
SM6312  ,A ,
SM6313  ,S ,
SM6314  ,A ,
SM6315  ,S ,
SM6316  ,S ,
SM6317  ,A ,
SM6318  ,S ,
SM6319  ,S ,
SM6320  ,A ,
SM6321  ,S ,
SM6322  ,S ,
SM6323  ,S ,
SM6324  ,A ,
SM6325  ,A ,
SM6326  ,S ,
SM6327  ,S ,
SM6328  ,A ,
SM6329  ,S ,
SM6330  ,A ,
SM6331  ,S ,
SM6332  ,S ,
SM6333  ,A ,
SM6334  ,A ,
SM6335  ,A ,
SM6336  ,S ,
SM6337  ,S ,
SM6338  ,S ,
SM6339  ,S ,
SM6340  ,A ,
SM6341  ,S ,
SM6342  ,A ,
SM6343  ,S ,
SM6344  ,A ,
SM6345  ,S ,
SM6346  ,A ,
SM6347  ,A ,
SM6348  ,S ,
SM6349  ,S ,
SM6350  ,A ,
SM6351  ,S ,
SM6352  ,S ,
SM6353  ,S ,
SM6354  ,S ,
SM6355  ,A ,
SM6356  ,S ,
SM6357  ,S ,
SM6358  ,A ,
SM6359  ,S ,
SM6360  ,S ,
SM6361  ,S ,
SM6362  ,A ,
SM6363  ,S ,
SM6364  ,S ,
SM6365  ,A ,
SM6366  ,A ,
SM6367  ,S ,
SM6368  ,S ,
SM6369  ,A ,
SM6370  ,A ,
SM6371  ,S ,
SM6372  ,A ,
SM6373  ,S ,
SM6374  ,S ,
SM6375  ,A ,
SM6376  ,S ,
SM6377  ,S ,
SM6378  ,A ,
SM6379  ,S ,
SM6380  ,A ,
SM6381  ,S ,
SM6382  ,S ,
SM6383  ,A ,
SM6384  ,S ,
SM6385  ,A ,
SM6386  ,S ,
SM6387  ,S ,
SM6388  ,A ,
SM6389  ,S ,
SM6390  ,S ,
SM6391  ,A ,
SM6392  ,A ,
SM6393  ,S ,
SM6394  ,A ,
SM6395  ,A ,
SM6396  ,A ,
SM6397  ,A ,
SM6398  ,S ,
SM6399  ,S ,
SM6401  ,S ,
SM6402  ,A ,
SM6403  ,S ,
SM6404  ,A ,
SM6405  ,S ,
SM6406  ,S ,
SM6407  ,A ,
SM6408  ,S ,
SM6409  ,S ,
SM6410  ,S ,
SM6411  ,S ,
SM6413  ,S ,
SM6414  ,A ,
SM6415  ,S ,
SM6416  ,A ,
SM6417  ,S ,
SM6418  ,A ,
SM6419  ,S ,
SM6420  ,S ,
SM6421  ,S ,
SM6422  ,S ,
SM6423  ,S ,
SM6424  ,S ,
SM6425  ,A ,
SM6426  ,S ,
SM6427  ,S ,
SM6428  ,S ,
SM6429  ,A ,
SM6430  ,S ,
SM6431  ,S ,
SM6432  ,S ,
SM6433  ,S ,
SM6434  ,S ,
SM6435  ,A ,
SM6436  ,S ,
SM6437  ,S ,
SM6438  ,A ,
SM6439  ,S ,
SM6440  ,S ,
SM6441  ,S ,
SM6442  ,A ,
SM6443  ,S ,
SM6444  ,S ,
SM6445  ,A ,
SM6446  ,S ,
SM6447  ,S ,
SM6448  ,S ,
SM6449  ,S ,
SM6450  ,A ,
SM6451  ,S ,
SM6452  ,S ,
SM6453  ,S ,
SM6454  ,A ,
SM6455  ,S ,
SM6456  ,A ,
SM6457  ,A ,
SM6458  ,S ,
SM6459  ,S ,
SM6460  ,A ,
SM6461  ,S ,
SM6462  ,S ,
SM6463  ,S ,
SM6464  ,S ,
SM6466  ,S ,
SM6467  ,S ,
SM6468  ,A ,
SM6469  ,A ,
SM6470  ,S ,
SM6471  ,A ,
SM6472  ,S ,
SM6473  ,S ,
SM6474  ,A ,
SM6475  ,A ,
SM6476  ,A ,
SM6477  ,S ,
SM6478  ,S ,
SM6479  ,S ,
SM6480  ,A ,
SM6481  ,S ,
SM6482  ,S ,
SM6484  ,S ,
SM6485  ,A ,
SM6486  ,S ,
SM6487  ,S ,
SM6488  ,A ,
SM6489  ,S ,
SM6490  ,S ,
SM6491  ,A ,
SM6492  ,S ,
SM6493  ,S ,
SM6494  ,A ,
SM6495  ,A ,
SM6496  ,S ,
SM6498  ,S ,
SM6499  ,S ,
SM6500  ,A ,
SM6501  ,A ,
SM6502  ,S ,
SM6503  ,S ,
SM6504  ,S ,
SM6505  ,S ,
SM6506  ,A ,
SM6507  ,S ,
SM6508  ,A ,
SM6509  ,S ,
SM6510  ,S ,
SM6511  ,S ,
SM6512  ,A ,
SM6513  ,S ,
SM6514  ,S ,
SM6515  ,S ,
SM6516  ,S ,
SM6517  ,S ,
SM6518  ,S ,
SM6519  ,S ,
SM6520  ,A ,
SM6521  ,A ,
SM6522  ,S ,
SM6523  ,S ,
SM6524  ,S ,
SM6525  ,S ,
SM6526  ,S ,
SM6527  ,A ,
SM6528  ,S ,
SM6529  ,S ,
SM6530  ,A ,
SM6531  ,A ,
SM6532  ,S ,
SM6533  ,S ,
SM6534  ,S ,
SM6535  ,A ,
SM6536  ,S ,
SM6537  ,S ,
SM6538  ,A ,
SM6539  ,S ,
SM6540  ,A ,
SM6541  ,A ,
SM6542  ,S ,
SM6543  ,S ,
SM6544  ,A ,
SM6545  ,S ,
SM6546  ,A ,
SM6547  ,S ,
SM6548  ,S ,
SM6549  ,A ,
SM6550  ,S ,
SM6551  ,S ,
SM6552  ,S ,
SM6553  ,A ,
SM6554  ,S ,
SM6555  ,S ,
SM6556  ,S ,
SM6557  ,A ,
SM6558  ,A ,
SM6559  ,S ,
SM6560  ,A ,
SM6561  ,S ,
SM6562  ,S ,
SM6563  ,A ,
SM6564  ,S ,
SM6565  ,S ,
SM6566  ,A ,
SM6567  ,S ,
SM6568  ,A ,
SM6569  ,A ,
SM6570  ,S ,
SM6571  ,A ,
SM6573  ,S ,
SM6574  ,S ,
SM6575  ,S ,
SM6576  ,A ,
SM6577  ,S ,
SM6578  ,S ,
SM6579  ,A ,
SM6580  ,A ,
SM6581  ,S ,
SM6582  ,A ,
SM6583  ,S ,
SM6584  ,S ,
SM6585  ,S ,
SM6586  ,S ,
SM6587  ,S ,
SM6588  ,S ,
SM6589  ,S ,
SM6590  ,A ,
SM6591  ,A ,
SM6592  ,S ,
SM6593  ,S ,
SM6594  ,S ,
SM6595  ,S ,
SM6596  ,S ,
SM6597  ,S ,
SM6598  ,S ,
SM6599  ,S ,
SM6600  ,S ,
SM6601  ,A ,
SM6602  ,S ,
SM6603  ,A ,
SM6604  ,S ,
SM6605  ,A ,
SM6606  ,S ,
SM6607  ,S ,
SM6608  ,S ,
SM6609  ,A ,
SM6610  ,S ,
SM6612  ,S ,
SM6613  ,S ,
SM6614  ,S ,
SM6615  ,A ,
SM6616  ,S ,
SM6617  ,A ,
SM6618  ,S ,
SM6619  ,A ,
SM6620  ,S ,
SM6621  ,A ,
SM6622  ,A ,
SM6623  ,S ,
SM6624  ,S ,
SM6625  ,S ,
SM6626  ,S ,
SM6627  ,S ,
SM6628  ,S ,
SM6629  ,S ,
SM6630  ,A ,
SM6632  ,S ,
SM6633  ,A ,
SM6634  ,S ,
SM6635  ,A ,
SM6636  ,S ,
SM6637  ,S ,
SM6638  ,A ,
SM6639  ,S ,
SM6640  ,A ,
SM6641  ,S ,
SM6642  ,S ,
SM6643  ,A ,
SM6644  ,S ,
SM6645  ,A ,
SM6646  ,S ,
SM6647  ,S ,
SM6648  ,A ,
SM6649  ,S ,
SM6650  ,S ,
SM6651  ,A ,
SM6652  ,S ,
SM6653  ,S ,
SM6654  ,S ,
SM6655  ,A ,
SM6656  ,S ,
SM6657  ,S ,
SM6658  ,S ,
SM6659  ,A ,
SM6660  ,S ,
SM6661  ,A ,
SM6662  ,S ,
SM6663  ,S ,
SM6664  ,A ,
SM6665  ,A ,
SM6666  ,S ,
SM6667  ,A ,
SM6668  ,S ,
SM6669  ,A ,
SM6670  ,A ,
SM6671  ,S ,
SM6672  ,A ,
SM6673  ,A ,
SM6674  ,S ,
SM6675  ,S ,
SM6676  ,A ,
SM6677  ,A ,
SM6678  ,S ,
SM6679  ,S ,
SM6680  ,A ,
SM6681  ,S ,
SM6682  ,S ,
SM6683  ,S ,
SM6684  ,S ,
SM6685  ,A ,
SM6686  ,A ,
SM6687  ,S ,
SM6688  ,S ,
SM6689  ,A ,
SM6690  ,S ,
SM6691  ,A ,
SM6692  ,A ,
SM6693  ,S ,
SM6694  ,S ,
SM6695  ,S ,
SM6696  ,S ,
SM6697  ,S ,
SM6698  ,S ,
SM6699  ,S ,
SM6700  ,S ,
SM6701  ,A ,
SM6702  ,S ,
SM6703  ,S ,
SM6704  ,S ,
SM6705  ,S ,
SM6706  ,A ,
SM6707  ,S ,
SM6708  ,S ,
SM6709  ,S ,
SM6710  ,S ,
SM6711  ,S ,
SM6712  ,A ,
SM6713  ,S ,
SM6714  ,A ,
SM6715  ,A ,
SM6716  ,S ,
SM6717  ,S ,
SM6718  ,S ,
SM6719  ,S ,
SM6720  ,A ,
SM6721  ,A ,
SM6722  ,S ,
SM6723  ,S ,
SM6724  ,S ,
SM6725  ,S ,
SM6726  ,S ,
SM6727  ,S ,
SM6728  ,S ,
SM6729  ,S ,
SM6730  ,S ,
SM6731  ,S ,
SM6732  ,S ,
SM6733  ,A ,
SM6734  ,S ,
SM6735  ,A ,
SM6736  ,S ,
SM6737  ,A ,
SM6738  ,S ,
SM6739  ,A ,
SM6740  ,S ,
SM6741  ,A ,
SM6742  ,S ,
SM6743  ,S ,
SM6744  ,S ,
SM6745  ,S ,
SM6746  ,S ,
SM6747  ,S ,
SM6748  ,S ,
SM6749  ,S ,
SM6750  ,S ,
SM6751  ,S ,
SM6752  ,S ,
SM6753  ,A ,
SM6754  ,S ,
SM6755  ,S ,
SM6756  ,S ,
SM6757  ,A ,
SM6758  ,A ,
SM6759  ,A ,
SM6760  ,S ,
SM6761  ,S ,
SM6762  ,S ,
SM6763  ,S ,
SM6764  ,S ,
SM6765  ,S ,
SM6766  ,A ,
SM6767  ,S ,
SM6768  ,S ,
SM6769  ,A ,
SM6770  ,S ,
SM6771  ,A ,
SM6772  ,S ,
SM6773  ,S ,
SM6774  ,A ,
SM6775  ,S ,
SM6776  ,S ,
SM6777  ,S ,
SM6778  ,A ,
SM6779  ,S ,
SM6780  ,A ,
SM6781  ,S ,
SM6782  ,S ,
SM6783  ,S ,
SM6784  ,S ,
SM6785  ,A ,
SM6786  ,S ,
SM6787  ,S ,
SM6788  ,A ,
SM6789  ,S ,
SM6790  ,S ,
SM6791  ,A ,
SM6792  ,S ,
SM6793  ,A ,
SM6794  ,S ,
SM6795  ,S ,
SM6796  ,S ,
SM6797  ,S ,
SM6798  ,S ,
SM6799  ,S ,
SM6800  ,S ,
SM6801  ,S ,
SM6802  ,S ,
SM6803  ,S ,
SM6804  ,S ,
SM6805  ,S ,
SM6806  ,S ,
SM6807  ,S ,
SM6808  ,A ,
SM6809  ,S ,
SM6810  ,S ,
SM6811  ,A ,
SM6812  ,S ,
SM6813  ,S ,
SM6814  ,S ,
SM6815  ,S ,
SM6816  ,S ,
SM6817  ,A ,
SM6818  ,A ,
SM6819  ,S ,
SM6820  ,S ,
SM6821  ,A ,
SM6822  ,S ,
SM6823  ,S ,
SM6824  ,A ,
SM6825  ,S ,
SM6826  ,S ,
SM6827  ,S ,
SM6828  ,S ,
SM6829  ,A ,
SM6830  ,S ,
SM6831  ,A ,
SM6832  ,S ,
SM6833  ,S ,
SM6834  ,S ,
SM6835  ,A ,
SM6836  ,S ,
SM6837  ,S ,
SM6838  ,A ,
SM6839  ,S ,
SM6840  ,A ,
SM6841  ,S ,
SM6842  ,S ,
SM6843  ,S ,
SM6844  ,A ,
SM6845  ,S ,
SM6846  ,S ,
SM6847  ,A ,
SM6848  ,S ,
SM6849  ,A ,
SM6850  ,A ,
SM6851  ,S ,
SM6852  ,S ,
SM6853  ,A ,
SM6854  ,S ,
SM6855  ,S ,
SM6856  ,S ,
SM6857  ,S ,
SM6858  ,S ,
SM6859  ,A ,
SM6860  ,S ,
SM6861  ,S ,
SM6862  ,S ,
SM6863  ,A ,
SM6864  ,S ,
SM6865  ,S ,
SM6866  ,S ,
SM6867  ,S ,
SM6868  ,A ,
SM6869  ,S ,
SM6870  ,S ,
SM6871  ,S ,
SM6872  ,S ,
SM6873  ,S ,
SM6874  ,A ,
SM6875  ,S ,
SM6876  ,A ,
SM6877  ,A ,
SM6878  ,A ,
SM6879  ,S ,
SM6880  ,S ,
SM6881  ,A ,
SM6882  ,S ,
SM6883  ,S ,
SM6884  ,A ,
SM6885  ,S ,
SM6886  ,S ,
SM6887  ,A ,
SM6888  ,S ,
SM6889  ,S ,
SM6890  ,S ,
SM6891  ,S ,
SM6892  ,S ,
SM6893  ,A ,
SM6894  ,S ,
SM6895  ,S ,
SM6896  ,S ,
SM6897  ,A ,
SM6898  ,S ,
SM6899  ,S ,
SM6900  ,S ,
SM6901  ,S ,
SM6902  ,A ,
SM6903  ,S ,
SM6904  ,S ,
SM6905  ,A ,
SM6906  ,A ,
SM6907  ,S ,
SM6908  ,A ,
SM6909  ,S ,
SM6910  ,A ,
SM6911  ,S ,
SM6912  ,A ,
SM6913  ,A ,
SM6914  ,S ,
SM6915  ,S ,
SM6916  ,A ,
SM6917  ,S ,
SM6918  ,S ,
SM6919  ,A ,
SM6920  ,S ,
SM6921  ,S ,
SM6922  ,A ,
SM6923  ,S ,
SM6924  ,S ,
SM6925  ,S ,
SM6926  ,A ,
SM6927  ,A ,
SM6928  ,A ,
SM6929  ,S ,
SM6930  ,S ,
SM6931  ,A ,
SM6932  ,S ,
SM6933  ,S ,
SM6934  ,S ,
SM6935  ,A ,
SM6936  ,A ,
SM6937  ,S ,
SM6938  ,S ,
SM6939  ,A ,
SM6940  ,A ,
SM6941  ,S ,
SM6942  ,S ,
SM6943  ,S ,
SM6944  ,A ,
SM6945  ,A ,
SM6946  ,S ,
SM6947  ,A ,
SM6948  ,S ,
SM6949  ,A ,
SM6950  ,S ,
SM6951  ,S ,
SM6952  ,S ,
SM6953  ,A ,
SM6954  ,A ,
SM6955  ,S ,
SM6956  ,S ,
SM6957  ,A ,
SM6958  ,S ,
SM6959  ,A ,
SM6960  ,A ,
SM6961  ,A ,
SM6962  ,A ,
SM6963  ,A ,
SM6964  ,A ,
SM6965  ,A ,
SM6966  ,S ,
SM6967  ,A ,
SM6968  ,A ,
SM6969  ,A ,
SM6970  ,A ,
SM6971  ,S ,
SM6972  ,A ,
SM6973  ,A ,
SM6974  ,A ,
SM6975  ,S ,
SM6976  ,A ,
SM6977  ,S ,
SM6978  ,A ,
SM6979  ,A ,
SM6980  ,A ,
SM6981  ,A ,
SM6982  ,A ,
SM6983  ,S ,
SM6984  ,A ,
SM6985  ,A ,
SM6986  ,A ,
SM6987  ,A ,
SM6988  ,A ,
SM6989  ,S ,
SM6990  ,A ,
SM6991  ,A ,
SM6992  ,A ,
SM6993  ,A ,
SM6994  ,S ,
SM6995  ,A ,
SM6996  ,A ,
SM6997  ,A ,
SM6998  ,S ,
SM6999  ,A ,
SM7000  ,A ,
SM7001  ,A ,
SM7002  ,A ,
SM7003  ,A ,
SM7004  ,A ,
SM7005  ,S ,
SM7006  ,A ,
SM7007  ,A ,
SM7008  ,A ,
SM7009  ,S ,
SM7010  ,A ,
SM7011  ,A ,
SM7012  ,S ,
SM7013  ,A ,
SM7014  ,A ,
SM7015  ,A ,
SM7016  ,A ,
SM7017  ,S ,
SM7018  ,A ,
SM7019  ,A ,
SM7020  ,A ,
SM7021  ,A ,
SM7022  ,S ,
SM7023  ,A ,
SM7024  ,A ,
SM7025  ,A ,
SM7026  ,A ,
SM7027  ,A ,
SM7028  ,S ,
SM7029  ,A ,
SM7030  ,A ,
SM7031  ,S ,
SM7032  ,A ,
SM7033  ,A ,
SM7034  ,A ,
SM7035  ,S ,
SM7036  ,A ,
SM7037  ,A ,
SM7038  ,A ,
SM7039  ,A ,
SM7040  ,A ,
SM7041  ,A ,
SM7042  ,A ,
SM7043  ,S ,
SM7044  ,A ,
SM7045  ,A ,
SM7046  ,A ,
SM7047  ,S ,
SM7048  ,A ,
SM7049  ,S ,
SM7050  ,A ,
SM7051  ,A ,
SM7052  ,A ,
SM7053  ,A ,
SM7054  ,A ,
SM7055  ,S ,
SM7056  ,A ,
SM7057  ,A ,
SM7058  ,A ,
SM7059  ,A ,
SM7060  ,S ,
SM7061  ,A ,
SM7062  ,A ,
SM7063  ,A ,
SM7064  ,A ,
SM7065  ,A ,
SM7066  ,A ,
SM7067  ,A ,
SM7068  ,A ,
SM7069  ,S ,
SM7070  ,A ,
SM7071  ,A ,
SM7072  ,S ,
SM7073  ,A ,
SM7074  ,A ,
SM7075  ,A ,
SM7076  ,S ,
SM7077  ,A ,
SM7078  ,A ,
SM7079  ,A ,
SM7080  ,A ,
SM7081  ,A ,
SM7082  ,S ,
SM7083  ,A ,
SM7084  ,A ,
SM7085  ,S ,
SM7086  ,A ,
SM7087  ,A ,
SM7088  ,S ,
SM7089  ,A ,
SM7090  ,A ,
SM7091  ,A ,
SM7092  ,A ,
SM7093  ,A ,
SM7094  ,S ,
SM7095  ,A ,
SM7096  ,A ,
SM7097  ,A ,
SM7098  ,S ,
SM7099  ,A ,
SM7100  ,A ,
SM7101  ,A ,
SM7102  ,S ,
SM7103  ,A ,
SM7104  ,A ,
SM7105  ,A ,
SM7106  ,A ,
SM7107  ,S ,
SM7108  ,A ,
SM7109  ,A ,
SM7110  ,A ,
SM7111  ,S ,
SM7112  ,A ,
SM7113  ,A ,
SM7114  ,A ,
SM7115  ,A ,
SM7116  ,A ,
SM7117  ,A ,
SM7118  ,A ,
SM7119  ,A ,
SM7120  ,A ,
SM7121  ,A ,
SM7122  ,A ,
SM7123  ,S ,
SM7124  ,A ,
SM7125  ,S ,
SM7126  ,A ,
SM7127  ,A ,
SM7128  ,A ,
SM7129  ,A ,
SM7130  ,S ,
SM7131  ,A ,
SM7132  ,A ,
SM7133  ,A ,
SM7134  ,S ,
SM7135  ,A ,
SM7136  ,A ,
SM7138  ,A ,
SM7139  ,A ,
SM7140  ,S ,
SM7141  ,A ,
SM7142  ,S ,
SM7143  ,A ,
SM7144  ,A ,
SM7145  ,A ,
SM7146  ,A ,
SM7147  ,A ,
SM7148  ,A ,
SM7149  ,S ,
SM7150  ,S ,
SM7151  ,A ,
SM7152  ,S ,
SM7153  ,S ,
SM7154  ,S ,
SM7155  ,S ,
SM7156  ,A ,
SM7157  ,S ,
SM7158  ,S ,
SM7159  ,S ,
SM7160  ,S ,
SM7161  ,S ,
SM7163  ,S ,
SM7164  ,A ,
SM7165  ,A ,
SM7166  ,S ,
SM7167  ,S ,
SM7168  ,S ,
SM7169  ,S ,
SM7170  ,A ,
SM7171  ,S ,
SM7172  ,A ,
SM7173  ,S ,
SM7174  ,A ,
SM7175  ,S ,
SM7176  ,A ,
SM7177  ,S ,
SM7178  ,S ,
SM7179  ,A ,
SM7180  ,S ,
SM7181  ,A ,
SM7182  ,S ,
SM7184  ,A ,
SM7186  ,S ,
SM7187  ,S ,
SM7188  ,A ,
SM7189  ,S ,
SM7190  ,S ,
SM7191  ,A ,
SM7192  ,A ,
SM7193  ,A ,
SM7194  ,S ,
SM7195  ,A ,
SM7196  ,A ,
SM7197  ,S ,
SM7198  ,A ,
SM7199  ,S ,
SM7200  ,A ,
SM7201  ,S ,
SM7202  ,S ,
SM7203  ,S ,
SM7204  ,A ,
SM7205  ,S ,
SM7206  ,A ,
SM7207  ,S ,
SM7208  ,S ,
SM7210  ,S ,
SM7211  ,A ,
SM7212  ,S ,
SM7213  ,A ,
SM7214  ,S ,
SM7215  ,A ,
SM7216  ,S ,
SM7217  ,A ,
SM7218  ,S ,
SM7219  ,A ,
SM7220  ,S ,
SM7221  ,A ,
SM7222  ,S ,
SM7223  ,S ,
SM7224  ,A ,
SM7225  ,S ,
SM7226  ,S ,
SM7227  ,S ,
SM7229  ,S ,
SM7230  ,S ,
SM7231  ,S ,
SM7232  ,A ,
SM7233  ,S ,
SM7234  ,A ,
SM7235  ,S ,
SM7236  ,A ,
SM7237  ,S ,
SM7238  ,S ,
SM7239  ,A ,
SM7240  ,A ,
SM7241  ,S ,
SM7242  ,S ,
SM7243  ,S ,
SM7244  ,A ,
SM7245  ,S ,
SM7246  ,A ,
SM7247  ,S ,
SM7248  ,S ,
SM7249  ,S ,
SM7250  ,S ,
SM7251  ,A ,
SM7252  ,S ,
SM7253  ,A ,
SM7254  ,S ,
SM7255  ,S ,
SM7256  ,A ,
SM7257  ,S ,
SM7258  ,A ,
SM7259  ,S ,
SM7260  ,S ,
SM7261  ,A ,
SM7263  ,S ,
SM7265  ,S ,
SM7266  ,A ,
SM7267  ,A ,
SM7268  ,A ,
SM7269  ,S ,
SM7270  ,A ,
SM7271  ,S ,
SM7273  ,S ,
SM7274  ,S ,
SM7275  ,S ,
SM7276  ,A ,
SM7277  ,A ,
SM7278  ,A ,
SM7279  ,A ,
SM7280  ,S ,
SM7281  ,S ,
SM7282  ,S ,
SM7283  ,A ,
SM7284  ,S ,
SM7285  ,A ,
SM7286  ,S ,
SM7287  ,S ,
SM7288  ,A ,
SM7289  ,S ,
SM7290  ,A ,
SM7291  ,S ,
SM7292  ,A ,
SM7293  ,A ,
SM7294  ,A ,
SM7295  ,S ,
SM7296  ,S ,
SM7297  ,S ,
SM7298  ,S ,
SM7299  ,A ,
SM7300  ,S ,
SM7301  ,S ,
SM7302  ,S ,
SM7303  ,S ,
SM7304  ,A ,
SM7305  ,S ,
SM7306  ,S ,
SM7307  ,A ,
SM7308  ,A ,
SM7309  ,A ,
SM7310  ,A ,
SM7311  ,S ,
SM7312  ,S ,
SM7313  ,A ,
SM7314  ,A ,
SM7315  ,S ,
SM7316  ,A ,
SM7317  ,S ,
SM7318  ,A ,
SM7320  ,S ,
SM7321  ,S ,
SM7322  ,A ,
SM7324  ,A ,
SM7325  ,S ,
SM7326  ,S ,
SM7327  ,S ,
SM7328  ,A ,
SM7329  ,A ,
SM7331  ,S ,
SM7332  ,S ,
SM7333  ,S ,
SM7334  ,S ,
SM7335  ,A ,
SM7336  ,A ,
SM7337  ,S ,
SM7338  ,A ,
SM7339  ,A ,
SM7340  ,S ,
SM7341  ,A ,
SM7342  ,S ,
SM7343  ,A ,
SM7344  ,S ,
SM7345  ,S ,
SM7346  ,A ,
SM7347  ,S ,
SM7348  ,S ,
SM7349  ,S ,
SM7350  ,A ,
SM7351  ,A ,
SM7352  ,S ,
SM7353  ,A ,
SM7354  ,S ,
SM7355  ,S ,
SM7356  ,A ,
SM7357  ,S ,
SM7358  ,S ,
SM7359  ,A ,
SM7360  ,A ,
SM7361  ,S ,
SM7362  ,S ,
SM7363  ,S ,
SM7364  ,A ,
SM7365  ,A ,
SM7366  ,S ,
SM7367  ,S ,
SM7368  ,A ,
SM7370  ,S ,
SM7371  ,S ,
SM7372  ,A ,
SM7373  ,S ,
SM7374  ,S ,
SM7375  ,A ,
SM7376  ,S ,
SM7377  ,S ,
SM7378  ,A ,
SM7379  ,A ,
SM7380  ,S ,
SM7381  ,S ,
SM7382  ,A ,
SM7383  ,A ,
SM7384  ,S ,
SM7385  ,A ,
SM7386  ,A ,
SM7387  ,S ,
SM7388  ,A ,
SM7389  ,S ,
SM7390  ,A ,
SM7391  ,A ,
SM7392  ,A ,
SM7393  ,A ,
SM7394  ,S ,
SM7395  ,S ,
SM7396  ,A ,
SM7397  ,S ,
SM7398  ,A ,
SM7399  ,A ,
SM7400  ,A ,
SM7401  ,S ,
SM7402  ,A ,
SM7403  ,S ,
SM7404  ,S ,
SM7405  ,A ,
SM7406  ,S ,
SM7407  ,A ,
SM7408  ,A ,
SM7409  ,A ,
SM7410  ,S ,
SM7411  ,A ,
SM7412  ,A ,
SM7413  ,S ,
SM7414  ,S ,
SM7415  ,A ,
SM7416  ,A ,
SM7417  ,S ,
SM7418  ,A ,
SM7419  ,S ,
SM7420  ,S ,
SM7421  ,A ,
SM7422  ,S ,
SM7423  ,S ,
SM7424  ,A ,
SM7425  ,A ,
SM7426  ,S ,
SM7427  ,S ,
SM7428  ,S ,
SM7429  ,S ,
SM7430  ,S ,
SM7431  ,A ,
SM7432  ,S ,
SM7433  ,A ,
SM7434  ,S ,
SM7435  ,A ,
SM7436  ,S ,
SM7437  ,A ,
SM7438  ,A ,
SM7439  ,S ,
SM7440  ,A ,
SM7441  ,S ,
SM7442  ,A ,
SM7443  ,S ,
SM7444  ,S ,
SM7445  ,S ,
SM7446  ,A ,
SM7447  ,S ,
SM7448  ,A ,
SM7450  ,S ,
SM7451  ,A ,
SM7452  ,A ,
SM7453  ,A ,
SM7454  ,A ,
SM7455  ,S ,
SM7456  ,A ,
SM7457  ,S ,
SM7458  ,S ,
SM7459  ,A ,
SM7460  ,A ,
SM7461  ,A ,
SM7462  ,S ,
SM7463  ,A ,
SM7464  ,A ,
SM7465  ,S ,
SM7466  ,A ,
SM7467  ,S ,
SM7468  ,S ,
SM7469  ,A ,
SM7470  ,A ,
SM7471  ,S ,
SM7472  ,A ,
SM7473  ,S ,
SM7474  ,A ,
SM7475  ,S ,
SM7476  ,A ,
SM7477  ,S ,
SM7478  ,A ,
SM7480  ,S ,
SM7481  ,S ,
SM7482  ,S ,
SM7483  ,S ,
SM7484  ,S ,
SM7485  ,A ,
SM7486  ,S ,
SM7487  ,A ,
SM7488  ,A ,
SM7489  ,S ,
SM7490  ,A ,
SM7491  ,A ,
SM7492  ,S ,
SM7493  ,A ,
SM7494  ,A ,
SM7495  ,S ,
SM7496  ,S ,
SM7497  ,A ,
SM7498  ,A ,
SM7499  ,S ,
SM7500  ,A ,
SM7501  ,S ,
SM7502  ,S ,
SM7503  ,S ,
SM7504  ,S ,
SM7505  ,S ,
SM7506  ,A ,
SM7507  ,S ,
SM7508  ,A ,
SM7509  ,A ,
SM7510  ,S ,
SM7511  ,A ,
SM7512  ,A ,
SM7513  ,A ,
SM7514  ,S ,
SM7515  ,S ,
SM7516  ,S ,
SM7517  ,S ,
SM7518  ,S ,
SM7519  ,A ,
SM7520  ,S ,
SM7521  ,A ,
SM7522  ,S ,
SM7523  ,A ,
SM7524  ,A ,
SM7525  ,S ,
SM7526  ,A ,
SM7527  ,S ,
SM7528  ,A ,
SM7529  ,S ,
SM7530  ,A ,
SM7531  ,S ,
SM7532  ,S ,
SM7534  ,A ,
SM7535  ,S ,
SM7536  ,S ,
SM7537  ,S ,
SM7538  ,S ,
SM7539  ,S ,
SM7540  ,A ,
SM7541  ,S ,
SM7542  ,S ,
SM7543  ,S ,
SM7544  ,A ,
SM7545  ,A ,
SM7546  ,A ,
SM7547  ,A ,
SM7548  ,S ,
SM7549  ,A ,
SM7550  ,S ,
SM7551  ,A ,
SM7552  ,S ,
SM7553  ,A ,
SM7554  ,A ,
SM7555  ,S ,
SM7556  ,S ,
SM7557  ,A ,
SM7559  ,S ,
SM7560  ,A ,
SM7561  ,S ,
SM7562  ,A ,
SM7563  ,S ,
SM7564  ,S ,
SM7565  ,A ,
SM7566  ,S ,
SM7567  ,S ,
SM7568  ,S ,
SM7569  ,A ,
SM7570  ,S ,
SM7571  ,A ,
SM7572  ,S ,
SM7573  ,A ,
SM7574  ,S ,
SM7575  ,S ,
SM7576  ,A ,
SM7577  ,A ,
SM7578  ,S ,
SM7579  ,A ,
SM7580  ,S ,
SM7581  ,A ,
SM7582  ,S ,
SM7583  ,S ,
SM7584  ,S ,
SM7585  ,A ,
SM7586  ,S ,
SM7587  ,S ,
SM7588  ,S ,
SM7589  ,S ,
SM7590  ,A ,
SM7591  ,S ,
SM7592  ,S ,
SM7593  ,S ,
SM7595  ,S ,
SM7596  ,S ,
SM7597  ,A ,
SM7598  ,S ,
SM7599  ,S ,
SM7601  ,A ,
SM7602  ,A ,
SM7603  ,S ,
SM7604  ,S ,
SM7605  ,A ,
SM7606  ,A ,
SM7607  ,S ,
SM7608  ,S ,
SM7609  ,A ,
SM7610  ,S ,
SM7611  ,A ,
SM7612  ,A ,
SM7613  ,A ,
SM7615  ,S ,
SM7616  ,A ,
SM7617  ,S ,
SM7619  ,A ,
SM7620  ,S ,
SM7621  ,S ,
SM7622  ,S ,
SM7623  ,A ,
SM7624  ,S ,
SM7625  ,S ,
SM7626  ,A ,
SM7627  ,A ,
SM7628  ,A ,
SM7629  ,S ,
SM7630  ,A ,
SM7631  ,S ,
SM7632  ,A ,
SM7633  ,S ,
SM7634  ,S ,
SM7635  ,S ,
SM7636  ,S ,
SM7637  ,A ,
SM7638  ,A ,
SM7639  ,A ,
SM7640  ,S ,
SM7641  ,A ,
SM7642  ,A ,
SM7643  ,S ,
SM7644  ,S ,
SM7645  ,S ,
SM7646  ,S ,
SM7647  ,S ,
SM7648  ,S ,
SM7649  ,S ,
SM7650  ,A ,
SM7651  ,S ,
SM7652  ,S ,
SM7653  ,S ,
SM7654  ,S ,
SM7655  ,A ,
SM7656  ,S ,
SM7657  ,S ,
SM7658  ,A ,
SM7659  ,S ,
SM7660  ,A ,
SM7661  ,S ,
SM7662  ,S ,
SM7663  ,A ,
SM7665  ,A ,
SM7666  ,S ,
SM7667  ,S ,
SM7668  ,S ,
SM7669  ,A ,
SM7670  ,S ,
SM7671  ,A ,
SM7672  ,S ,
SM7673  ,S ,
SM7674  ,S ,
SM7675  ,S ,
SM7676  ,A ,
SM7677  ,S ,
SM7678  ,A ,
SM7679  ,S ,
SM7680  ,S ,
SM7681  ,A ,
SM7682  ,S ,
SM7684  ,S ,
SM7685  ,A ,
SM7686  ,A ,
SM7687  ,S ,
SM7688  ,A ,
SM7689  ,S ,
SM7690  ,S ,
SM7691  ,A ,
SM7692  ,S ,
SM7693  ,S ,
SM7694  ,S ,
SM7695  ,A ,
SM7696  ,A ,
SM7697  ,S ,
SM7698  ,A ,
SM7699  ,S ,
SM7700  ,A ,
SM7701  ,S ,
SM7702  ,S ,
SM7703  ,S ,
SM7704  ,S ,
SM7705  ,S ,
SM7706  ,S ,
SM7707  ,S ,
SM7708  ,S ,
SM7709  ,A ,
SM7710  ,A ,
SM7711  ,S ,
SM7712  ,S ,
SM7713  ,S ,
SM7714  ,S ,
SM7715  ,A ,
SM7716  ,S ,
SM7717  ,S ,
SM7718  ,A ,
SM7719  ,S ,
SM7720  ,S ,
SM7721  ,A ,
SM7722  ,S ,
SM7723  ,A ,
SM7724  ,S ,
SM7725  ,A ,
SM7726  ,A ,
SM7727  ,S ,
SM7728  ,A ,
SM7729  ,A ,
SM7730  ,A ,
SM7731  ,S ,
SM7732  ,A ,
SM7733  ,S ,
SM7734  ,S ,
SM7735  ,A ,
SM7736  ,A ,
SM7737  ,S ,
SM7738  ,A ,
SM7739  ,S ,
SM7740  ,A ,
SM7741  ,S ,
SM7742  ,A ,
SM7743  ,S ,
SM7744  ,A ,
SM7745  ,S ,
SM7746  ,A ,
SM7747  ,S ,
SM7748  ,A ,
SM7749  ,A ,
SM7750  ,S ,
SM7751  ,S ,
SM7752  ,A ,
SM7753  ,A ,
SM7754  ,A ,
SM7755  ,A ,
SM7756  ,A ,
SM7757  ,S ,
SM7758  ,S ,
SM7759  ,A ,
SM7760  ,A ,
SM7761  ,S ,
SM7762  ,A ,
SM7763  ,S ,
SM7764  ,S ,
SM7765  ,S ,
SM7766  ,A ,
SM7767  ,S ,
SM7768  ,A ,
SM7769  ,S ,
SM7770  ,A ,
SM7771  ,A ,
SM7772  ,A ,
SM7773  ,A ,
SM7774  ,S ,
SM7775  ,A ,
SM7776  ,S ,
SM7777  ,S ,
SM7778  ,S ,
SM7779  ,A ,
SM7780  ,S ,
SM7781  ,A ,
SM7782  ,S ,
SM7783  ,S ,
SM7784  ,A ,
SM7785  ,S ,
SM7786  ,S ,
SM7787  ,A ,
SM7788  ,S ,
SM7789  ,S ,
SM7790  ,S ,
SM7791  ,S ,
SM7792  ,S ,
SM7793  ,A ,
SM7794  ,A ,
SM7795  ,S ,
SM7796  ,A ,
SM7797  ,S ,
SM7798  ,S ,
SM7799  ,S ,
SM7800  ,S ,
SM7801  ,S ,
SM7802  ,A ,
SM7803  ,S ,
SM7804  ,A ,
SM7805  ,S ,
SM7806  ,S ,
SM7807  ,S ,
SM7808  ,A ,
SM7809  ,S ,
SM7810  ,S ,
SM7811  ,A ,
SM7812  ,A ,
SM7813  ,S ,
SM7814  ,A ,
SM7815  ,S ,
SM7816  ,A ,
SM7817  ,S ,
SM7818  ,A ,
SM7819  ,S ,
SM7820  ,S ,
SM7821  ,A ,
SM7822  ,A ,
SM7823  ,A ,
SM7824  ,S ,
SM7825  ,A ,
SM7826  ,S ,
SM7827  ,S ,
SM7828  ,A ,
SM7829  ,S ,
SM7830  ,S ,
SM7831  ,A ,
SM7832  ,S ,
SM7833  ,A ,
SM7834  ,A ,
SM7835  ,S ,
SM7836  ,S ,
SM7837  ,S ,
SM7838  ,S ,
SM7839  ,S ,
SM7840  ,S ,
SM7841  ,A ,
SM7842  ,S ,
SM7843  ,S ,
SM7844  ,S ,
SM7845  ,A ,
SM7846  ,A ,
SM7847  ,S ,
SM7848  ,A ,
SM7849  ,S ,
SM7850  ,S ,
SM7851  ,S ,
SM7852  ,S ,
SM7853  ,S ,
SM7854  ,S ,
SM7855  ,A ,
SM7856  ,S ,
SM7857  ,S ,
SM7858  ,S ,
SM7859  ,S ,
SM7860  ,A ,
SM7861  ,S ,
SM7863  ,S ,
SM7864  ,S ,
SM7865  ,S ,
SM7866  ,A ,
SM7867  ,S ,
SM7868  ,S ,
SM7869  ,S ,
SM7870  ,A ,
SM7871  ,A ,
SM7872  ,A ,
SM7873  ,S ,
SM7874  ,S ,
SM7875  ,S ,
SM7876  ,A ,
SM7877  ,S ,
SM7878  ,S ,
SM7879  ,S ,
SM7880  ,A ,
SM7881  ,A ,
SM7882  ,S ,
SM7883  ,A ,
SM7884  ,S ,
SM7885  ,S ,
SM7886  ,S ,
SM7887  ,S ,
SM7888  ,A ,
SM7889  ,S ,
SM7890  ,S ,
SM7891  ,A ,
SM7892  ,A ,
SM7893  ,S ,
SM7894  ,A ,
SM7895  ,S ,
SM7896  ,A ,
SM7897  ,S ,
SM7898  ,S ,
SM7899  ,S ,
SM7900  ,A ,
SM7901  ,S ,
SM7902  ,S ,
SM7903  ,A ,
SM7904  ,S ,
SM7905  ,S ,
SM7906  ,S ,
SM7907  ,S ,
SM7908  ,S ,
SM7909  ,A ,
SM7910  ,S ,
SM7911  ,S ,
SM7912  ,S ,
SM7913  ,S ,
SM7914  ,S ,
SM7915  ,A ,
SM7916  ,S ,
SM7917  ,S ,
SM7918  ,S ,
SM7919  ,S ,
SM7920  ,S ,
SM7921  ,S ,
SM7922  ,A ,
SM7923  ,S ,
SM7924  ,S ,
SM7925  ,A ,
SM7926  ,S ,
SM7927  ,S ,
SM7928  ,S ,
SM7929  ,A ,
SM7930  ,S ,
SM7931  ,S ,
SM7932  ,S ,
SM7933  ,S ,
SM7935  ,S ,
SM7936  ,S ,
SM7937  ,S ,
SM7938  ,A ,
SM7939  ,S ,
SM7940  ,S ,
SM7941  ,S ,
SM7942  ,S ,
SM7943  ,S ,
SM7944  ,S ,
SM7945  ,S ,
SM7946  ,S ,
SM7947  ,S ,
SM7948  ,A ,
SM7949  ,S ,
SM7950  ,S ,
SM7951  ,A ,
SM7952  ,S ,
SM7953  ,S ,
SM7954  ,A ,
SM7955  ,S ,
SM7956  ,S ,
SM7957  ,A ,
SM7958  ,A ,
SM7959  ,S ,
SM7960  ,A ,
SM7961  ,S ,
SM7962  ,S ,
SM7963  ,A ,
SM7964  ,S ,
SM7965  ,A ,
SM7966  ,S ,
SM7967  ,A ,
SM7968  ,A ,
SM7969  ,S ,
SM7970  ,S ,
SM7972  ,A ,
SM7973  ,S ,
SM7974  ,A ,
SM7975  ,S ,
SM7976  ,S ,
SM7977  ,S ,
SM7978  ,S ,
SM7979  ,A ,
SM7980  ,S ,
SM7981  ,A ,
SM7982  ,A ,
SM7983  ,S ,
SM7984  ,A ,
SM7985  ,A ,
SM7986  ,S ,
SM7987  ,A ,
SM7988  ,A ,
SM7989  ,S ,
SM7990  ,S ,
SM7991  ,A ,
SM7992  ,S ,
SM7993  ,S ,
SM7994  ,S ,
SM7995  ,S ,
SM7996  ,A ,
SM7997  ,S ,
SM7998  ,S ,
SM7999  ,S ,
SM8000  ,A ,
SM8001  ,S ,
SM8002  ,S ,
SM8003  ,A ,
SM8004  ,S ,
SM8005  ,S ,
SM8006  ,A ,
SM8007  ,S ,
SM8008  ,A ,
SM8009  ,S ,
SM8010  ,S ,
SM8011  ,S ,
SM8012  ,S ,
SM8013  ,S ,
SM8014  ,S ,
SM8015  ,A ,
SM8016  ,A ,
SM8017  ,S ,
SM8018  ,S ,
SM8019  ,S ,
SM8020  ,S ,
SM8021  ,S ,
SM8022  ,S ,
SM8023  ,S ,
SM8024  ,A ,
SM8025  ,A ,
SM8026  ,S ,
SM8027  ,A ,
SM8028  ,S ,
SM8029  ,S ,
SM8030  ,S ,
SM8031  ,A ,
SM8032  ,S ,
SM8033  ,S ,
SM8034  ,A ,
SM8035  ,A ,
SM8036  ,S ,
SM8037  ,A ,
SM8038  ,S ,
SM8039  ,S ,
SM8040  ,S ,
SM8041  ,S ,
SM8042  ,A ,
SM8043  ,S ,
SM8044  ,S ,
SM8045  ,A ,
SM8046  ,S ,
SM8047  ,S ,
SM8048  ,A ,
SM8049  ,S ,
SM8050  ,A ,
SM8051  ,A ,
SM8052  ,A ,
SM8053  ,S ,
SM8054  ,A ,
SM8055  ,S ,
SM8056  ,S ,
SM8057  ,S ,
SM8058  ,A ,
SM8059  ,S ,
SM8060  ,S ,
SM8061  ,S ,
SM8062  ,A ,
SM8063  ,S ,
SM8064  ,S ,
SM8065  ,S ,
SM8066  ,S ,
SM8067  ,S ,
SM8068  ,A ,
SM8069  ,S ,
SM8070  ,A ,
SM8071  ,S ,
SM8072  ,S ,
SM8073  ,S ,
SM8074  ,S ,
SM8075  ,S ,
SM8076  ,A ,
SM8077  ,S ,
SM8078  ,S ,
SM8079  ,S ,
SM8080  ,S ,
SM8081  ,S ,
SM8082  ,S ,
SM8083  ,A ,
SM8084  ,S ,
SM8085  ,S ,
SM8086  ,S ,
SM8088  ,S ,
SM8089  ,A ,
SM8090  ,A ,
SM8091  ,S ,
SM8092  ,S ,
SM8093  ,S ,
SM8094  ,A ,
SM8095  ,A ,
SM8096  ,S ,
SM8097  ,A ,
SM8098  ,A ,
SM8099  ,S ,
SM8100  ,S ,
SM8101  ,A ,
SM8102  ,S ,
SM8103  ,A ,
SM8104  ,S ,
SM8105  ,S ,
SM8106  ,A ,
SM8107  ,S ,
SM8108  ,A ,
SM8109  ,A ,
SM8110  ,S ,
SM8111  ,S ,
SM8112  ,S ,
SM8113  ,S ,
SM8114  ,S ,
SM8115  ,S ,
SM8116  ,A ,
SM8117  ,S ,
SM8118  ,A ,
SM8119  ,A ,
SM8120  ,S ,
SM8121  ,S ,
SM8122  ,S ,
SM8123  ,S ,
SM8124  ,A ,
SM8125  ,S ,
SM8126  ,S ,
SM8127  ,S ,
SM8128  ,A ,
SM8129  ,S ,
SM8130  ,S ,
SM8131  ,A ,
SM8132  ,A ,
SM8133  ,S ,
SM8134  ,A ,
SM8135  ,A ,
SM8136  ,S ,
SM8138  ,S ,
SM8139  ,S ,
SM8141  ,A ,
SM8142  ,S ,
SM8144  ,S ,
SM8145  ,S ,
SM8146  ,S ,
SM8147  ,A ,
SM8148  ,S ,
SM8150  ,A ,
SM8151  ,A ,
SM8152  ,S ,
SM8153  ,A ,
SM8155  ,A ,
SM8156  ,A ,
SM8157  ,A ,
SM8158  ,S ,
SM8159  ,A ,
SM8160  ,A ,
SM8161  ,A ,
SM8163  ,S ,
SM8164  ,A ,
SM8165  ,S ,
SM8166  ,S ,
SM8167  ,S ,
SM8168  ,A ,
SM8169  ,S ,
SM8170  ,A ,
SM8172  ,A ,
SM8174  ,S ,
SM8175  ,A ,
SM8177  ,A ,
SM8178  ,A ,
SM8179  ,S ,
SM8180  ,S ,
SM8181  ,S ,
SM8182  ,S ,
SM8183  ,A ,
SM8184  ,S ,
SM8185  ,S ,
SM8186  ,S ,
SM8187  ,A ,
SM8188  ,A ,
SM8189  ,S ,
SM8190  ,S ,
SM8191  ,A ,
SM8192  ,S ,
SM8193  ,S ,
SM8194  ,S ,
SM8196  ,A ,
SM8197  ,S ,
SM8198  ,A ,
SM8199  ,S ,
SM8200  ,A ,
SM8201  ,S ,
SM8202  ,S ,
SM8203  ,A ,
SM8204  ,A ,
SM8205  ,S ,
SM8206  ,A ,
SM8207  ,S ,
SM8208  ,A ,
SM8209  ,S ,
SM8210  ,S ,
SM8211  ,A ,
SM8212  ,S ,
SM8214  ,S ,
SM8215  ,A ,
SM8217  ,S ,
SM8218  ,A ,
SM8219  ,A ,
SM8220  ,A ,
SM8222  ,A ,
SM8223  ,S ,
SM8224  ,A ,
SM8225  ,A ,
SM8226  ,S ,
SM8228  ,A ,
SM8229  ,S ,
SM8230  ,A ,
SM8231  ,S ,
SM8232  ,S ,
SM8233  ,A ,
SM8234  ,S ,
SM8235  ,A ,
SM8236  ,S ,
SM8237  ,A ,
SM8238  ,A ,
SM8239  ,S ,
SM8240  ,S ,
SM8241  ,A ,
SM8242  ,A ,
SM8243  ,S ,
SM8244  ,S ,
SM8245  ,S ,
SM8246  ,A ,
SM8247  ,A ,
SM8248  ,A ,
SM8249  ,S ,
SM8250  ,A ,
SM8251  ,S ,
SM8252  ,A ,
SM8253  ,S ,
SM8254  ,A ,
SM8256  ,A ,
SM8257  ,A ,
SM8258  ,S ,
SM8261  ,A ,
SM8262  ,S ,
SM8263  ,A ,
SM8264  ,S ,
SM8265  ,S ,
SM8266  ,A ,
SM8267  ,S ,
SM8268  ,S ,
SM8270  ,S ,
SM8271  ,A ,
SM8272  ,A ,
SM8273  ,S ,
SM8274  ,S ,
SM8275  ,A ,
SM8276  ,S ,
SM8277  ,A ,
SM8278  ,A ,
SM8279  ,S ,
SM8280  ,A ,
SM8281  ,A ,
SM8283  ,S ,
SM8284  ,S ,
SM8285  ,A ,
SM8286  ,A ,
SM8287  ,S ,
SM8288  ,A ,
SM8289  ,S ,
SM8290  ,A ,
SM8291  ,A ,
SM8292  ,S ,
SM8293  ,A ,
SM8295  ,S ,
SM8296  ,A ,
SM8297  ,A ,
SM8298  ,S ,
SM8299  ,S ,
SM8300  ,A ,
SM8301  ,A ,
SM8302  ,S ,
SM8303  ,S ,
SM8304  ,S ,
SM8305  ,A ,
SM8306  ,S ,
SM8307  ,S ,
SM8308  ,A ,
SM8309  ,A ,
SM8310  ,S ,
SM8311  ,S ,
SM8313  ,S ,
SM8314  ,A ,
SM8315  ,S ,
SM8316  ,S ,
SM8317  ,A ,
SM8318  ,S ,
SM8319  ,S ,
SM8320  ,A ,
SM8321  ,S ,
SM8322  ,S ,
SM8323  ,A ,
SM8324  ,S ,
SM8325  ,A ,
SM8326  ,S ,
SM8327  ,S ,
SM8328  ,A ,
SM8329  ,A ,
SM8330  ,S ,
SM8331  ,A ,
SM8332  ,A ,
SM8333  ,A ,
SM8334  ,S ,
SM8335  ,A ,
SM8336  ,S ,
SM8337  ,A ,
SM8338  ,S ,
SM8339  ,A ,
SM8340  ,A ,
SM8341  ,S ,
SM8342  ,A ,
SM8343  ,A ,
SM8344  ,S ,
SM8345  ,A ,
SM8346  ,A ,
SM8347  ,S ,
SM8348  ,A ,
SM8349  ,A ,
SM8350  ,A ,
SM8351  ,A ,
SM8352  ,S ,
SM8353  ,S ,
SM8354  ,S ,
SM8355  ,S ,
SM8356  ,S ,
SM8357  ,A ,
SM8358  ,S ,
SM8359  ,A ,
SM8360  ,S ,
SM8361  ,A ,
SM8362  ,S ,
SM8363  ,A ,
SM8364  ,S ,
SM8365  ,A ,
SM8366  ,S ,
SM8367  ,S ,
SM8368  ,S ,
SM8369  ,S ,
SM8370  ,A ,
SM8371  ,A ,
SM8372  ,A ,
SM8373  ,A ,
SM8374  ,S ,
SM8375  ,S ,
SM8376  ,A ,
SM8377  ,A ,
SM8378  ,A ,
SM8379  ,A ,
SM8380  ,A ,
SM8381  ,A ,
SM8382  ,S ,
SM8383  ,S ,
SM8384  ,S ,
SM8385  ,A ,
SM8386  ,S ,
SM8387  ,A ,
SM8388  ,S ,
SM8389  ,S ,
SM8390  ,S ,
SM8391  ,A ,
SM8392  ,A ,
SM8393  ,A ,
SM8394  ,A ,
SM8395  ,A ,
SM8396  ,S ,
SM8397  ,A ,
SM8398  ,A ,
SM8399  ,S ,
SM8400  ,A ,
SM8401  ,S ,
SM8402  ,S ,
SM8403  ,S ,
SM8404  ,S ,
SM8405  ,S ,
SM8406  ,S ,
SM8407  ,A ,
SM8408  ,S ,
SM8409  ,A ,
SM8410  ,A ,
SM8411  ,S ,
SM8412  ,S ,
SM8413  ,S ,
SM8414  ,A ,
SM8415  ,S ,
SM8416  ,S ,
SM8417  ,A ,
SM8418  ,A ,
SM8419  ,S ,
SM8420  ,A ,
SM8421  ,S ,
SM8422  ,A ,
SM8423  ,A ,
SM8424  ,S ,
SM8425  ,S ,
SM8426  ,A ,
SM8427  ,A ,
SM8428  ,S ,
SM8429  ,A ,
SM8430  ,S ,
SM8431  ,A ,
SM8432  ,S ,
SM8433  ,S ,
SM8434  ,S ,
SM8435  ,A ,
SM8436  ,S ,
SM8437  ,S ,
SM8438  ,A ,
SM8439  ,A ,
SM8440  ,S ,
SM8441  ,A ,
SM8442  ,S ,
SM8443  ,A ,
SM8444  ,A ,
SM8445  ,S ,
SM8446  ,A ,
SM8447  ,A ,
SM8448  ,S ,
SM8449  ,A ,
SM8450  ,A ,
SM8451  ,A ,
SM8452  ,A ,
SM8453  ,A ,
SM8454  ,S ,
SM8455  ,A ,
SM8456  ,A ,
SM8457  ,A ,
SM8458  ,S ,
SM8459  ,A ,
SM8460  ,S ,
SM8461  ,A ,
SM8462  ,A ,
SM8463  ,S ,
SM8464  ,S ,
SM8465  ,A ,
SM8466  ,A ,
SM8467  ,A ,
SM8468  ,S ,
SM8469  ,A ,
SM8470  ,S ,
SM8471  ,A ,
SM8472  ,A ,
SM8473  ,S ,
SM8474  ,S ,
SM8475  ,A ,
SM8476  ,S ,
SM8477  ,A ,
SM8478  ,A ,
SM8479  ,A ,
SM8480  ,A ,
SM8481  ,S ,
SM8482  ,S ,
SM8483  ,A ,
SM8484  ,A ,
SM8485  ,A ,
SM8486  ,S ,
SM8487  ,S ,
SM8488  ,A ,
SM8489  ,S ,
SM8490  ,A ,
SM8491  ,A ,
SM8492  ,S ,
SM8493  ,A ,
SM8494  ,S ,
SM8495  ,S ,
SM8496  ,A ,
SM8497  ,S ,
SM8498  ,A ,
SM8499  ,S ,
SM8500  ,S ,
SM8501  ,A ,
SM8502  ,A ,
SM8503  ,S ,
SM8504  ,S ,
SM8505  ,A ,
SM8506  ,S ,
SM8507  ,A ,
SM8508  ,A ,
SM8509  ,A ,
SM8510  ,A ,
SM8511  ,S ,
SM8512  ,A ,
SM8513  ,S ,
SM8514  ,A ,
SM8515  ,A ,
SM8516  ,A ,
SM8517  ,S ,
SM8518  ,A ,
SM8519  ,A ,
SM8520  ,A ,
SM8521  ,S ,
SM8522  ,S ,
SM8523  ,A ,
SM8524  ,S ,
SM8525  ,S ,
SM8526  ,A ,
SM8527  ,A ,
SM8528  ,S ,
SM8529  ,S ,
SM8530  ,S ,
SM8531  ,A ,
SM8532  ,S ,
SM8533  ,S ,
SM8534  ,S ,
SM8535  ,A ,
SM8536  ,S ,
SM8537  ,S ,
SM8538  ,A ,
SM8539  ,A ,
SM8540  ,S ,
SM8541  ,A ,
SM8542  ,A ,
SM8543  ,A ,
SM8544  ,S ,
SM8545  ,A ,
SM8546  ,S ,
SM8547  ,A ,
SM8548  ,S ,
SM8549  ,A ,
SM8550  ,A ,
SM8551  ,S ,
SM8552  ,A ,
SM8553  ,S ,
SM8554  ,S ,
SM8555  ,A ,
SM8556  ,S ,
SM8557  ,A ,
SM8558  ,S ,
SM8559  ,A ,
SM8560  ,A ,
SM8561  ,A ,
SM8562  ,S ,
SM8563  ,A ,
SM8564  ,S ,
SM8565  ,S ,
SM8566  ,A ,
SM8567  ,S ,
SM8568  ,S ,
SM8569  ,A ,
SM8570  ,A ,
SM8571  ,S ,
SM8572  ,S ,
SM8573  ,S ,
SM8574  ,A ,
SM8575  ,S ,
SM8576  ,A ,
SM8577  ,S ,
SM8578  ,A ,
SM8579  ,A ,
SM8580  ,S ,
SM8581  ,S ,
SM8582  ,S ,
SM8583  ,A ,
SM8584  ,S ,
SM8585  ,A ,
SM8586  ,A ,
SM8587  ,S ,
SM8588  ,A ,
SM8589  ,A ,
SM8590  ,A ,
SM8591  ,S ,
SM8592  ,S ,
SM8593  ,S ,
SM8594  ,S ,
SM8595  ,A ,
SM8596  ,A ,
SM8597  ,S ,
SM8598  ,A ,
SM8599  ,S ,
SM8600  ,A ,
SM8601  ,A ,
SM8602  ,S ,
SM8603  ,S ,
SM8604  ,A ,
SM8605  ,A ,
SM8606  ,S ,
SM8607  ,S ,
SM8608  ,S ,
SM8609  ,S ,
SM8610  ,A ,
SM8611  ,S ,
SM8612  ,S ,
SM8613  ,A ,
SM8614  ,A ,
SM8615  ,A ,
SM8616  ,S ,
SM8617  ,S ,
SM8618  ,A ,
SM8619  ,S ,
SM8620  ,A ,
SM8621  ,S ,
SM8622  ,A ,
SM8623  ,S ,
SM8624  ,S ,
SM8625  ,S ,
SM8626  ,A ,
SM8627  ,S ,
SM8628  ,S ,
SM8629  ,A ,
SM8630  ,S ,
SM8631  ,A ,
SM8632  ,S ,
SM8633  ,S ,
SM8634  ,S ,
SM8635  ,A ,
SM8636  ,S ,
SM8637  ,A ,
SM8638  ,A ,
SM8639  ,A ,
SM8640  ,S ,
SM8641  ,S ,
SM8642  ,A ,
SM8643  ,A ,
SM8644  ,S ,
SM8645  ,A ,
SM8646  ,S ,
SM8647  ,A ,
SM8648  ,A ,
SM8649  ,A ,
SM8650  ,A ,
SM8651  ,S ,
SM8652  ,S ,
SM8653  ,A ,
SM8654  ,A ,
SM8655  ,S ,
SM8656  ,S ,
SM8657  ,A ,
SM8658  ,S ,
SM8659  ,A ,
SM8660  ,S ,
SM8661  ,A ,
SM8662  ,A ,
SM8663  ,S ,
SM8664  ,A ,
SM8665  ,S ,
SM8666  ,S ,
SM8667  ,A ,
SM8668  ,S ,
SM8669  ,S ,
SM8671  ,S ,
SM8672  ,A ,
SM8673  ,S ,
SM8674  ,A ,
SM8675  ,A ,
SM8676  ,S ,
SM8677  ,S ,
SM8678  ,S ,
SM8679  ,S ,
SM8680  ,S ,
SM8681  ,A ,
SM8682  ,S ,
SM8683  ,A ,
SM8684  ,S ,
SM8685  ,S ,
SM8686  ,A ,
SM8687  ,A ,
SM8688  ,A ,
SM8689  ,S ,
SM8690  ,A ,
SM8692  ,A ,
SM8693  ,S ,
SM8694  ,A ,
SM8695  ,S ,
SM8696  ,A ,
SM8697  ,S ,
SM8698  ,S ,
SM8699  ,A ,
SM8700  ,S ,
SM8701  ,A ,
SM8702  ,A ,
SM8703  ,A ,
SM8704  ,S ,
SM8705  ,S ,
SM8706  ,S ,
SM8707  ,S ,
SM8708  ,A ,
SM8709  ,S ,
SM8710  ,S ,
SM8711  ,A ,
SM8712  ,A ,
SM8713  ,S ,
SM8714  ,A ,
SM8715  ,S ,
SM8716  ,S ,
SM8717  ,S ,
SM8718  ,S ,
SM8719  ,A ,
SM8720  ,A ,
SM8721  ,A ,
SM8722  ,S ,
SM8723  ,S ,
SM8724  ,S ,
SM8725  ,A ,
SM8726  ,S ,
SM8727  ,A ,
SM8728  ,A ,
SM8729  ,A ,
SM8730  ,S ,
SM8731  ,A ,
SM8732  ,A ,
SM8733  ,A ,
SM8734  ,A ,
SM8735  ,S ,
SM8736  ,A ,
SM8737  ,A ,
SM8738  ,S ,
SM8739  ,A ,
SM8740  ,S ,
SM8741  ,A ,
SM8742  ,A ,
SM8743  ,S ,
SM8744  ,A ,
SM8745  ,A ,
SM8746  ,S ,
SM8747  ,A ,
SM8748  ,S ,
SM8749  ,S ,
SM8750  ,A ,
SM8751  ,S ,
SM8752  ,S ,
SM8753  ,S ,
SM8754  ,S ,
SM8755  ,S ,
SM8756  ,A ,
SM8757  ,A ,
SM8758  ,A ,
SM8759  ,S ,
SM8760  ,A ,
SM8761  ,A ,
SM8762  ,S ,
SM8763  ,S ,
SM8764  ,S ,
SM8765  ,A ,
SM8766  ,A ,
SM8767  ,S ,
SM8768  ,A ,
SM8769  ,A ,
SM8770  ,A ,
SM8771  ,S ,
SM8772  ,A ,
SM8773  ,S ,
SM8774  ,A ,
SM8775  ,S ,
SM8776  ,A ,
SM8777  ,S ,
SM8778  ,S ,
SM8779  ,A ,
SM8780  ,S ,
SM8781  ,A ,
SM8782  ,S ,
SM8783  ,A ,
SM8784  ,S ,
SM8785  ,S ,
SM8786  ,S ,
SM8787  ,S ,
SM8788  ,A ,
SM8789  ,S ,
SM8790  ,A ,
SM8791  ,S ,
SM8792  ,S ,
SM8793  ,A ,
SM8794  ,S ,
SM8795  ,A ,
SM8796  ,S ,
SM8797  ,A ,
SM8798  ,A ,
SM8799  ,S ,
SM8800  ,S ,
SM8801  ,A ,
SM8802  ,A ,
SM8803  ,S ,
SM8804  ,A ,
SM8805  ,S ,
SM8806  ,A ,
SM8807  ,A ,
SM8808  ,S ,
SM8809  ,A ,
SM8810  ,A ,
SM8811  ,S ,
SM8812  ,S ,
SM8813  ,A ,
SM8814  ,S ,
SM8815  ,A ,
SM8816  ,A ,
SM8817  ,S ,
SM8818  ,A ,
SM8819  ,A ,
SM8820  ,S ,
SM8821  ,A ,
SM8822  ,S ,
SM8823  ,A ,
SM8824  ,S ,
SM8825  ,S ,
SM8826  ,A ,
SM8827  ,A ,
SM8828  ,A ,
SM8829  ,A ,
SM8830  ,A ,
SM8831  ,S ,
SM8832  ,A ,
SM8833  ,S ,
SM8834  ,A ,
SM8835  ,A ,
SM8836  ,S ,
SM8837  ,S ,
SM8838  ,S ,
SM8839  ,A ,
SM8840  ,A ,
SM8841  ,S ,
SM8842  ,A ,
SM8843  ,S ,
SM8844  ,S ,
SM8845  ,A ,
SM8846  ,S ,
SM8847  ,A ,
SM8848  ,S ,
SM8849  ,A ,
SM8850  ,A ,
SM8851  ,A ,
SM8852  ,S ,
SM8853  ,A ,
SM8854  ,S ,
SM8855  ,A ,
SM8856  ,S ,
SM8857  ,A ,
SM8858  ,S ,
SM8859  ,A ,
SM8861  ,A ,
SM8862  ,S ,
SM8863  ,A ,
SM8864  ,A ,
SM8865  ,A ,
SM8866  ,S ,
SM8867  ,A ,
SM8868  ,A ,
SM8869  ,S ,
SM8870  ,S ,
SM8871  ,A ,
SM8872  ,A ,
SM8873  ,A ,
SM8874  ,S ,
SM8875  ,A ,
SM8876  ,A ,
SM8877  ,A ,
SM8878  ,S ,
SM8879  ,A ,
SM8880  ,A ,
SM8881  ,A ,
SM8882  ,S ,
SM8883  ,A ,
SM8884  ,S ,
SM8885  ,S ,
SM8886  ,A ,
SM8887  ,S ,
SM8888  ,A ,
SM8889  ,A ,
SM8890  ,A ,
SM8891  ,A ,
SM8892  ,S ,
SM8893  ,A ,
SM8894  ,S ,
SM8895  ,S ,
SM8896  ,A ,
SM8897  ,A ,
SM8898  ,S ,
SM8899  ,A ,
SM8900  ,S ,
SM8901  ,A ,
SM8902  ,A ,
SM8903  ,A ,
SM8904  ,S ,
SM8905  ,S ,
SM8906  ,A ,
SM8907  ,S ,
SM8908  ,A ,
SM8909  ,S ,
SM8910  ,A ,
SM8911  ,A ,
SM8912  ,S ,
SM8913  ,A ,
SM8914  ,A ,
SM8915  ,A ,
SM8916  ,A ,
SM8917  ,S ,
SM8918  ,A ,
SM8919  ,S ,
SM8920  ,S ,
SM8921  ,A ,
SM8922  ,S ,
SM8923  ,A ,
SM8924  ,A ,
SM8925  ,S ,
SM8926  ,A ,
SM8927  ,A ,
SM8928  ,S ,
SM8929  ,A ,
SM8930  ,A ,
SM8931  ,S ,
SM8932  ,S ,
SM8933  ,A ,
SM8934  ,A ,
SM8935  ,S ,
SM8936  ,A ,
SM8937  ,A ,
SM8938  ,A ,
SM8939  ,S ,
SM8940  ,A ,
SM8941  ,S ,
SM8943  ,A ,
SM8944  ,A ,
SM8945  ,S ,
SM8946  ,S ,
SM8947  ,A ,
SM8948  ,S ,
SM8949  ,A ,
SM8950  ,A ,
SM8951  ,S ,
SM8952  ,S ,
SM8953  ,A ,
SM8954  ,S ,
SM8955  ,A ,
SM8956  ,A ,
SM8957  ,A ,
SM8958  ,A ,
SM8959  ,S ,
SM8960  ,A ,
SM8961  ,A ,
SM8962  ,A ,
SM8963  ,A ,
SM8964  ,A ,
SM8965  ,S ,
SM8966  ,A ,
SM8967  ,A ,
SM8968  ,A ,
SM8969  ,S ,
SM8970  ,S ,
SM8971  ,S ,
SM8972  ,A ,
SM8973  ,S ,
SM8975  ,S ,
SM8976  ,A ,
SM8977  ,A ,
SM8978  ,S ,
SM8979  ,A ,
SM8980  ,A ,
SM8981  ,S ,
SM8982  ,A ,
SM8983  ,A ,
SM8984  ,A ,
SM8985  ,A ,
SM8986  ,A ,
SM8987  ,S ,
SM8988  ,A ,
SM8989  ,A ,
SM8990  ,S ,
SM8991  ,A ,
SM8992  ,A ,
SM8993  ,S ,
SM8994  ,A ,
SM8995  ,S ,
SM8996  ,A ,
SM8997  ,S ,
SM8998  ,A ,
SM8999  ,A ,
SM9000  ,S ,
SM9001  ,A ,
SM9002  ,S ,
SM9003  ,S ,
SM9004  ,A ,
SM9005  ,A ,
SM9006  ,S ,
SM9007  ,A ,
SM9008  ,A ,
SM9009  ,S ,
SM9010  ,A ,
SM9011  ,A ,
SM9012  ,A ,
SM9013  ,S ,
SM9014  ,S ,
SM9015  ,A ,
SM9016  ,S ,
SM9017  ,A ,
SM9018  ,S ,
SM9019  ,A ,
SM9020  ,A ,
SM9021  ,S ,
SM9022  ,A ,
SM9023  ,S ,
SM9024  ,A ,
SM9025  ,A ,
SM9026  ,S ,
SM9027  ,A ,
SM9028  ,S ,
SM9029  ,S ,
SM9030  ,A ,
SM9031  ,A ,
SM9032  ,S ,
SM9033  ,S ,
SM9034  ,A ,
SM9035  ,A ,
SM9036  ,S ,
SM9037  ,A ,
SM9038  ,A ,
SM9039  ,S ,
SM9040  ,A ,
SM9041  ,S ,
SM9042  ,A ,
SM9043  ,S ,
SM9044  ,A ,
SM9045  ,A ,
SM9046  ,S ,
SM9047  ,A ,
SM9048  ,A ,
SM9049  ,A ,
SM9050  ,A ,
SM9051  ,S ,
SM9052  ,A ,
SM9053  ,S ,
SM9054  ,A ,
SM9055  ,A ,
SM9056  ,A ,
SM9057  ,S ,
SM9058  ,A ,
SM9059  ,A ,
SM9060  ,S ,
SM9061  ,A ,
SM9062  ,A ,
SM9063  ,A ,
SM9064  ,A ,
SM9065  ,S ,
SM9066  ,A ,
SM9067  ,A ,
SM9068  ,A ,
SM9069  ,A ,
SM9070  ,S ,
SM9071  ,A ,
SM9072  ,A ,
SM9073  ,S ,
SM9074  ,A ,
SM9075  ,A ,
SM9076  ,A ,
SM9077  ,S ,
SM9078  ,A ,
SM9079  ,A ,
SM9080  ,S ,
SM9081  ,A ,
SM9082  ,A ,
SM9083  ,S ,
SM9084  ,A ,
SM9085  ,A ,
SM9086  ,S ,
SM9087  ,A ,
SM9088  ,S ,
SM9089  ,A ,
SM9090  ,A ,
SM9091  ,A ,
SM9092  ,A ,
SM9093  ,A ,
SM9094  ,A ,
SM9095  ,S ,
SM9096  ,A ,
SM9097  ,A ,
SM9098  ,A ,
SM9099  ,A ,
SM9100  ,A ,
SM9101  ,S ,
SM9102  ,A ,
SM9103  ,S ,
SM9104  ,A ,
SM9105  ,A ,
SM9106  ,A ,
SM9107  ,A ,
SM9108  ,A ,
SM9109  ,S ,
SM9110  ,A ,
SM9111  ,A ,
SM9112  ,A ,
SM9113  ,A ,
SM9114  ,A ,
SM9115  ,S ,
SM9116  ,A ,
SM9117  ,S ,
SM9118  ,S ,
SM9119  ,A ,
SM9120  ,A ,
SM9121  ,S ,
SM9122  ,A ,
SM9123  ,A ,
SM9124  ,A ,
SM9125  ,S ,
SM9126  ,A ,
SM9127  ,A ,
SM9128  ,S ,
SM9129  ,A ,
SM9130  ,A ,
SM9131  ,S ,
SM9132  ,A ,
SM9133  ,A ,
SM9134  ,S ,
SM9135  ,A ,
SM9136  ,A ,
SM9137  ,S ,
SM9138  ,A ,
SM9139  ,A ,
SM9140  ,A ,
SM9141  ,S ,
SM9142  ,A ,
SM9143  ,A ,
SM9144  ,S ,
SM9145  ,A ,
SM9146  ,A ,
SM9147  ,S ,
SM9148  ,S ,
SM9149  ,A ,
SM9150  ,A ,
SM9151  ,S ,
SM9152  ,S ,
SM9153  ,S ,
SM9154  ,S ,
SM9155  ,S ,
SM9156  ,A ,
SM9157  ,A ,
SM9158  ,A ,
SM9159  ,A ,
SM9160  ,S ,
SM9161  ,A ,
SM9162  ,A ,
SM9163  ,S ,
SM9164  ,S ,
SM9165  ,A ,
SM9166  ,A ,
SM9167  ,S ,
SM9168  ,S ,
SM9169  ,A ,
SM9170  ,A ,
SM9171  ,A ,
SM9172  ,A ,
SM9173  ,S ,
SM9175  ,A ,
SM9176  ,A ,
SM9178  ,S ,
SM9179  ,A ,
SM9180  ,S ,
SM9181  ,A ,
SM9182  ,A ,
SM9183  ,A ,
SM9184  ,A ,
SM9185  ,S ,
SM9186  ,A ,
SM9187  ,A ,
SM9188  ,S ,
SM9189  ,A ,
SM9190  ,A ,
SM9191  ,S ,
SM9192  ,A ,
SM9193  ,S ,
SM9194  ,S ,
SM9195  ,S ,
SM9196  ,S ,
SM9197  ,S ,
SM9198  ,A ,
SM9199  ,S ,
SM9200  ,S ,
SM9201  ,A ,
SM9202  ,A ,
SM9203  ,S ,
SM9204  ,A ,
SM9205  ,S ,
SM9206  ,A ,
SM9207  ,S ,
SM9208  ,A ,
SM9209  ,A ,
SM9210  ,A ,
SM9211  ,S ,
SM9212  ,A ,
SM9213  ,S ,
SM9214  ,A ,
SM9215  ,S ,
SM9216  ,A ,
SM9217  ,S ,
SM9218  ,A ,
SM9219  ,A ,
SM9220  ,A ,
SM9221  ,S ,
SM9222  ,A ,
SM9223  ,S ,
SM9224  ,A ,
SM9225  ,A ,
SM9226  ,A ,
SM9227  ,A ,
SM9228  ,S ,
SM9229  ,A ,
SM9230  ,A ,
SM9231  ,A ,
SM9232  ,S ,
SM9233  ,A ,
SM9234  ,S ,
SM9235  ,S ,
SM9236  ,A ,
SM9237  ,S ,
SM9238  ,S ,
SM9239  ,A ,
SM9240  ,A ,
SM9243  ,A ,
SM9244  ,S ,
SM9245  ,A ,
SM9248  ,S ,
SM9249  ,A ,
SM9250  ,S ,
SM9251  ,A ,
SM9252  ,A ,
SM9253  ,S ,
SM9254  ,A ,
SM9255  ,S ,
SM9256  ,A ,
SM9257  ,A ,
SM9258  ,S ,
SM9259  ,S ,
SM9260  ,S ,
SM9261  ,A ,
SM9262  ,A ,
SM9263  ,S ,
SM9264  ,A ,
SM9266  ,A ,
SM9267  ,A ,
SM9268  ,S ,
SM9269  ,A ,
SM9270  ,A ,
SM9271  ,A ,
SM9272  ,A ,
SM9274  ,S ,
SM9275  ,A ,
SM9276  ,S ,
SM9277  ,A ,
SM9278  ,A ,
SM9279  ,A ,
SM9280  ,A ,
SM9281  ,S ,
SM9283  ,A ,
SM9284  ,A ,
SM9285  ,A ,
SM9286  ,A ,
SM9288  ,A ,
SM9289  ,A ,
SM9290  ,S ,
SM9291  ,A ,
SM9292  ,S ,
SM9293  ,A ,
SM9295  ,S ,
SM9296  ,S ,
SM9297  ,A ,
SM9299  ,S ,
SM9300  ,A ,
SM9301  ,S ,
SM9302  ,A ,
SM9303  ,A ,
SM9304  ,A ,
SM9305  ,S ,
SM9306  ,A ,
SM9307  ,S ,
SM9308  ,A ,
SM9309  ,A ,
SM9310  ,S ,
SM9311  ,A ,
SM9312  ,A ,
SM9313  ,A ,
SM9314  ,S ,
SM9315  ,A ,
SM9316  ,S ,
SM9317  ,A ,
SM9318  ,S ,
SM9319  ,A ,
SM9320  ,A ,
SM9321  ,A ,
SM9322  ,S ,
SM9323  ,S ,
SM9324  ,A ,
SM9325  ,A ,
SM9326  ,A ,
SM9327  ,S ,
SM9328  ,S ,
SM9329  ,A ,
SM9330  ,S ,
SM9331  ,S ,
SM9332  ,S ,
SM9333  ,A ,
SM9335  ,A ,
SM9336  ,S ,
SM9337  ,S ,
SM9338  ,A ,
SM9339  ,A ,
SM9340  ,S ,
SM9341  ,A ,
SM9342  ,A ,
SM9343  ,A ,
SM9344  ,S ,
SM9345  ,A ,
SM9346  ,A ,
SM9347  ,S ,
SM9348  ,A ,
SM9349  ,A ,
SM9350  ,S ,
SM9351  ,S ,
SM9353  ,A ,
SM9354  ,A ,
SM9355  ,A ,
SM9356  ,S ,
SM9357  ,A ,
SM9358  ,A ,
SM9359  ,S ,
SM9360  ,A ,
SM9361  ,S ,
SM9362  ,A ,
SM9363  ,A ,
SM9364  ,S ,
SM9365  ,A ,
SM9366  ,S ,
SM9367  ,A ,
SM9368  ,A ,
SM9369  ,A ,
SM9370  ,S ,
SM9371  ,A ,
SM9372  ,S ,
SM9373  ,A ,
SM9374  ,S ,
SM9375  ,A ,
SM9376  ,A ,
SM9377  ,A ,
SM9378  ,S ,
SM9379  ,A ,
SM9380  ,A ,
SM9381  ,A ,
SM9382  ,S ,
SM9383  ,A ,
SM9384  ,S ,
SM9385  ,A ,
SM9386  ,S ,
SM9387  ,A ,
SM9388  ,A ,
SM9389  ,S ,
SM9390  ,A ,
SM9391  ,A ,
SM9392  ,A ,
SM9393  ,S ,
SM9394  ,A ,
SM9395  ,A ,
SM9396  ,A ,
SM9397  ,A ,
SM9398  ,A ,
SM9399  ,A ,
SM9400  ,A ,
SM9401  ,S ,
SM9402  ,A ,
SM9403  ,A ,
SM9404  ,S ,
SM9405  ,A ,
SM9406  ,S ,
SM9407  ,A ,
SM9408  ,A ,
SM9409  ,A ,
SM9410  ,S ,
SM9411  ,A ,
SM9412  ,S ,
SM9413  ,A ,
SM9414  ,A ,
SM9415  ,S ,
SM9416  ,A ,
SM9417  ,A ,
SM9418  ,A ,
SM9419  ,A ,
SM9420  ,S ,
SM9421  ,A ,
SM9422  ,A ,
SM9423  ,A ,
SM9424  ,S ,
SM9425  ,S ,
SM9426  ,A ,
SM9427  ,A ,
SM9428  ,S ,
SM9429  ,A ,
SM9430  ,A ,
SM9431  ,A ,
SM9432  ,A ,
SM9433  ,S ,
SM9434  ,S ,
SM9435  ,A ,
SM9436  ,A ,
SM9437  ,S ,
SM9438  ,A ,
SM9439  ,A ,
SM9440  ,S ,
SM9441  ,A ,
SM9442  ,S ,
SM9443  ,A ,
SM9444  ,A ,
SM9445  ,A ,
SM9446  ,A ,
SM9447  ,S ,
SM9448  ,A ,
SM9449  ,S ,
SM9450  ,A ,
SM9451  ,A ,
SM9452  ,A ,
SM9453  ,A ,
SM9454  ,S ,
SM9455  ,A ,
SM9456  ,A ,
SM9457  ,S ,
SM9458  ,S ,
SM9459  ,A ,
SM9460  ,S ,
SM9461  ,A ,
SM9462  ,A ,
SM9463  ,S ,
SM9464  ,A ,
SM9465  ,S ,
SM9466  ,A ,
SM9467  ,S ,
SM9468  ,S ,
SM9469  ,A ,
SM9470  ,S ,
SM9471  ,A ,
SM9472  ,S ,
SM9473  ,A ,
SM9474  ,A ,
SM9475  ,S ,
SM9476  ,S ,
SM9477  ,S ,
SM9478  ,A ,
SM9479  ,S ,
SM9480  ,A ,
SM9481  ,A ,
SM9482  ,A ,
SM9483  ,A ,
SM9484  ,S ,
SM9485  ,S ,
SM9486  ,S ,
SM9487  ,A ,
SM9488  ,S ,
SM9489  ,A ,
SM9490  ,A ,
SM9491  ,A ,
SM9492  ,A ,
SM9493  ,S ,
SM9495  ,A ,
SM9496  ,S ,
SM9497  ,S ,
SM9498  ,A ,
SM9499  ,A ,
SM9500  ,A ,
SM9501  ,S ,
SM9502  ,A ,
SM9503  ,A ,
SM9504  ,S ,
SM9505  ,A ,
SM9506  ,A ,
SM9507  ,S ,
SM9508  ,A ,
SM9509  ,A ,
SM9510  ,A ,
SM9511  ,A ,
SM9512  ,S ,
SM9514  ,A ,
SM9515  ,A ,
SM9517  ,A ,
SM9518  ,S ,
SM9519  ,A ,
SM9520  ,A ,
SM9521  ,S ,
SM9522  ,S ,
SM9523  ,A ,
SM9524  ,A ,
SM9525  ,A ,
SM9526  ,S ,
SM9527  ,A ,
SM9528  ,S ,
SM9529  ,A ,
SM9530  ,S ,
SM9531  ,A ,
SM9532  ,A ,
SM9534  ,A ,
SM9535  ,S ,
SM9536  ,A ,
SM9537  ,A ,
SM9539  ,S ,
SM9540  ,A ,
SM9541  ,A ,
SM9542  ,A ,
SM9543  ,A ,
SM9544  ,A ,
SM9545  ,S ,
SM9546  ,S ,
SM9547  ,A ,
SM9549  ,A ,
SM9552  ,A ,
SM9553  ,S ,
SM9555  ,S ,
SM9556  ,A ,
SM9557  ,A ,
SM9558  ,A ,
SM9559  ,A ,
SM9560  ,S ,
SM9561  ,A ,
SM9562  ,A ,
SM9563  ,A ,
SM9564  ,S ,
SM9565  ,S ,
SM9566  ,A ,
SM9568  ,S ,
SM9569  ,A ,
SM9570  ,S ,
SM9571  ,A ,
SM9572  ,A ,
SM9573  ,S ,
SM9575  ,A ,
SM9576  ,A ,
SM9577  ,A ,
SM9578  ,S ,
SM9579  ,S ,
SM9580  ,A ,
SM9581  ,S ,
SM9582  ,A ,
SM9583  ,A ,
SM9584  ,S ,
SM9586  ,A ,
SM9587  ,S ,
SM9589  ,S ,
SM9590  ,A ,
SM9591  ,A ,
SM9592  ,A ,
SM9593  ,A ,
SM9594  ,S ,
SM9595  ,S ,
SM9596  ,A ,
SM9597  ,S ,
SM9598  ,A ,
SM9599  ,A ,
SM9600  ,S ,
SM9601  ,A ,
SM9602  ,A ,
SM9603  ,S ,
SM9604  ,A ,
SM9605  ,A ,
SM9607  ,S ,
SM9608  ,S ,
SM9609  ,A ,
SM9610  ,S ,
SM9611  ,A ,
SM9612  ,S ,
SM9613  ,S ,
SM9614  ,A ,
SM9615  ,S ,
SM9616  ,A ,
SM9617  ,A ,
SM9618  ,A ,
SM9619  ,S ,
SM9620  ,A ,
SM9621  ,S ,
SM9622  ,S ,
SM9623  ,A ,
SM9624  ,A ,
SM9625  ,S ,
SM9626  ,S ,
SM9627  ,A ,
SM9628  ,A ,
SM9629  ,S ,
SM9630  ,A ,
SM9631  ,S ,
SM9632  ,A ,
SM9633  ,S ,
SM9634  ,A ,
SM9635  ,A ,
SM9636  ,S ,
SM9637  ,A ,
SM9638  ,A ,
SM9639  ,S ,
SM9640  ,A ,
SM9641  ,S ,
SM9642  ,A ,
SM9643  ,A ,
SM9644  ,A ,
SM9645  ,A ,
SM9646  ,S ,
SM9647  ,A ,
SM9648  ,A ,
SM9649  ,S ,
SM9650  ,A ,
SM9651  ,S ,
SM9652  ,A ,
SM9653  ,A ,
SM9654  ,A ,
SM9655  ,S ,
SM9656  ,A ,
SM9657  ,A ,
SM9658  ,S ,
SM9659  ,A ,
SM9660  ,A ,
SM9661  ,A ,
SM9662  ,S ,
SM9663  ,A ,
SM9664  ,A ,
SM9665  ,S ,
SM9667  ,S ,
SM9668  ,A ,
SM9669  ,A ,
SM9670  ,S ,
SM9671  ,A ,
SM9672  ,S ,
SM9673  ,A ,
SM9674  ,A ,
SM9675  ,A ,
SM9676  ,S ,
SM9677  ,A ,
SM9678  ,S ,
SM9679  ,A ,
SM9680  ,A ,
SM9681  ,A ,
SM9682  ,A ,
SM9683  ,S ,
SM9684  ,A ,
SM9685  ,A ,
SM9686  ,S ,
SM9687  ,S ,
SM9689  ,A ,
SM9690  ,A ,
SM9692  ,A ,
SM9693  ,S ,
SM9694  ,A ,
SM9695  ,A ,
SM9696  ,A ,
SM9697  ,S ,
SM9698  ,A ,
SM9699  ,S ,
SM9700  ,A ,
SM9701  ,A ,
SM9702  ,S ,
SM9703  ,S ,
SM9704  ,A ,
SM9705  ,S ,
SM9706  ,A ,
SM9707  ,A ,
SM9708  ,A ,
SM9709  ,A ,
SM9710  ,A ,
SM9711  ,S ,
SM9712  ,A ,
SM9714  ,A ,
SM9715  ,A ,
SM9716  ,S ,
SM9717  ,A ,
SM9718  ,A ,
SM9719  ,A ,
SM9720  ,A ,
SM9721  ,S ,
SM9722  ,A ,
SM9723  ,S ,
SM9724  ,A ,
SM9725  ,A ,
SM9726  ,A ,
SM9727  ,S ,
SM9729  ,A ,
SM9731  ,A ,
SM9732  ,S ,
SM9733  ,A ,
SM9735  ,S ,
SM9736  ,A ,
SM9738  ,S ,
SM9739  ,A ,
SM9740  ,A ,
SM9741  ,A ,
SM9742  ,S ,
SM9743  ,A ,
SM9744  ,A ,
SM9745  ,A ,
SM9746  ,S ,
SM9747  ,S ,
SM9748  ,A ,
SM9749  ,A ,
SM9750  ,S ,
SM9751  ,A ,
SM9752  ,A ,
SM9753  ,A ,
SM9754  ,S ,
SM9755  ,A ,
SM9756  ,A ,
SM9757  ,S ,
SM9758  ,S ,
SM9760  ,A ,
SM9761  ,S ,
SM9762  ,S ,
SM9763  ,S ,
SM9764  ,A ,
SM9765  ,A ,
SM9766  ,S ,
SM9767  ,S ,
SM9768  ,A ,
SM9769  ,A ,
SM9770  ,A ,
SM9771  ,A ,
SM9772  ,S ,
SM9773  ,A ,
SM9774  ,S ,
SM9775  ,A ,
SM9776  ,S ,
SM9777  ,A ,
SM9778  ,A ,
SM9779  ,A ,
SM9780  ,A ,
SM9781  ,A ,
SM9782  ,A ,
SM9783  ,S ,
SM9784  ,A ,
SM9785  ,A ,
SM9786  ,A ,
SM9787  ,A ,
SM9788  ,S ,
SM9789  ,A ,
SM9790  ,A ,
SM9791  ,A ,
SM9792  ,A ,
SM9795  ,S ,
SM9797  ,A ,
SM9798  ,A ,
SM9799  ,A ,
SM9800  ,S ,
SM9802  ,A ,
SM9803  ,A ,
SM9804  ,A ,
SM9806  ,S ,
SM9807  ,A ,
SM9809  ,S ,
SM9810  ,A ,
SM9811  ,A ,
SM9812  ,A ,
SM9813  ,A ,
SM9814  ,S ,
SM9815  ,A ,
SM9817  ,A ,
SM9818  ,S ,
SM9819  ,A ,
SM9820  ,S ,
SM9821  ,A ,
SM9822  ,S ,
SM9823  ,A ,
SM9824  ,A ,
SM9825  ,S ,
SM9826  ,A ,
SM9827  ,A ,
SM9828  ,A ,
SM9829  ,A ,
SM9830  ,S ,
SM9831  ,A ,
SM9832  ,A ,
SM9833  ,A ,
SM9834  ,A ,
SM9835  ,S ,
SM9836  ,A ,
SM9837  ,A ,
SM9838  ,A ,
SM9840  ,S ,
SM9841  ,A ,
SM9842  ,S ,
SM9843  ,A ,
SM9845  ,S ,
SM9846  ,A ,
SM9847  ,A ,
SM9848  ,A ,
SM9849  ,A ,
SM9850  ,S ,
SM9851  ,A ,
SM9852  ,S ,
SM9853  ,A ,
SM9854  ,A ,
SM9855  ,A ,
SM9856  ,A ,
SM9857  ,A ,
SM9858  ,S ,
SM9859  ,A ,
SM9860  ,A ,
SM9861  ,S ,
SM9862  ,A ,
SM9864  ,A ,
SM9865  ,A ,
SM9866  ,A ,
SM9867  ,A ,
SM9868  ,S ,
SM9869  ,A ,
SM9870  ,A ,
SM9871  ,A ,
SM9872  ,S ,
SM9873  ,S ,
SM9875  ,A ,
SM9876  ,S ,
SM9877  ,A ,
SM9878  ,A ,
SM9879  ,A ,
SM9880  ,S ,
SM9881  ,A ,
SM9882  ,S ,
SM9883  ,A ,
SM9884  ,A ,
SM9886  ,A ,
SM9887  ,S ,
SM9888  ,A ,
SM9889  ,A ,
SM9890  ,A ,
SM9892  ,S ,
SM9893  ,S ,
SM9894  ,S ,
SM9895  ,A ,
SM9896  ,A ,
SM9897  ,A ,
SM9898  ,S ,
SM9899  ,A ,
SM9900  ,A ,
SM9901  ,A ,
SM9902  ,S ,
SM9903  ,A ,
SM9904  ,A ,
SM9905  ,S ,
SM9906  ,A ,
SM9907  ,A ,
SM9908  ,S ,
SM9909  ,S ,
SM9910  ,A ,
SM9911  ,A ,
SM9912  ,A ,
SM9913  ,S ,
SM9914  ,A ,
SM9915  ,A ,
SM9916  ,A ,
SM9917  ,S ,
SM9918  ,A ,
SM9919  ,S ,
SM9920  ,A ,
SM9921  ,A ,
SM9922  ,S ,
SM9923  ,A ,
SM9924  ,A ,
SM9925  ,S ,
SM9926  ,A ,
SM9927  ,S ,
SM9928  ,A ,
SM9929  ,S ,
SM9931  ,S ,
SM9932  ,A ,
SM9933  ,A ,
SM9934  ,A ,
SM9935  ,A ,
SM9936  ,A ,
SM9937  ,S ,
SM9938  ,S ,
SM9939  ,A ,
SM9940  ,A ,
SM9941  ,S ,
SM9942  ,A ,
SM9943  ,A ,
SM9944  ,A ,
SM9946  ,S ,
SM9947  ,A ,
SM9948  ,S ,
SM9949  ,A ,
SM9950  ,S ,
SM9951  ,A ,
SM9952  ,S ,
SM9953  ,A ,
SM9954  ,A ,
SM9955  ,A ,
SM9956  ,A ,
SM9957  ,A ,
SM9958  ,S ,
SM9959  ,A ,
SM9960  ,A ,
SM9961  ,S ,
SM9962  ,A ,
SM9963  ,S ,
SM9964  ,A ,
SM9965  ,A ,
SM9966  ,A ,
SM9967  ,S ,
SM9968  ,S ,
SM9969  ,A ,
SM9970  ,S ,
SM9971  ,A ,
SM9972  ,A ,
SM9973  ,A ,
SM9974  ,A ,
SM9975  ,S ,
SM9976  ,A ,
SM9977  ,S ,
SM9978  ,A ,
SM9979  ,A ,
SM9980  ,A ,
SM9981  ,A ,
SM9982  ,S ,
SM9983  ,A ,
SM9985  ,S ,
SM9986  ,A ,
SM9987  ,S ,
SM9988  ,S ,
SM9989  ,A ,
SM9990  ,S ,
SM9991  ,A ,
SM9992  ,A ,
SM9993  ,S ,
SM9994  ,A ,
SM9995  ,A ,
SM9996  ,A ,
SM9997  ,A ,
SM9998  ,S ,
SM9999  ,A ,
SM10000 ,A ,
SM10001 ,A ,
SM10002 ,S ,
SM10003 ,A ,
SM10005 ,S ,
SM10006 ,A ,
SM10007 ,A ,
SM10008 ,A ,
SM10009 ,A ,
SM10010 ,A ,
SM10011 ,S ,
SM10012 ,A ,
SM10013 ,S ,
SM10014 ,S ,
SM10015 ,A ,
SM10016 ,S ,
SM10017 ,A ,
SM10018 ,A ,
SM10019 ,A ,
SM10020 ,S ,
SM10021 ,A ,
SM10022 ,S ,
SM10023 ,A ,
SM10024 ,A ,
SM10025 ,A ,
SM10026 ,A ,
SM10027 ,S ,
SM10028 ,S ,
SM10029 ,A ,
SM10030 ,S ,
SM10031 ,A ,
SM10032 ,A ,
SM10033 ,A ,
SM10034 ,S ,
SM10035 ,A ,
SM10036 ,A ,
SM10037 ,S ,
SM10038 ,A ,
SM10039 ,S ,
SM10040 ,A ,
SM10041 ,A ,
SM10042 ,A ,
SM10043 ,S ,
SM10044 ,A ,
SM10045 ,A ,
SM10047 ,A ,
SM10049 ,A ,
SM10050 ,S ,
SM10053 ,S ,
SM10054 ,S ,
SM10055 ,A ,
SM10056 ,A ,
SM10057 ,A ,
SM10058 ,A ,
SM10060 ,S ,
SM10061 ,A ,
SM10062 ,A ,
SM10063 ,S ,
SM10064 ,A ,
SM10066 ,S ,
SM10068 ,A ,
SM10069 ,S ,
SM10070 ,S ,
SM10071 ,A ,
SM10072 ,A ,
SM10073 ,S ,
SM10074 ,A ,
SM10075 ,A ,
SM10076 ,S ,
SM10077 ,S ,
SM10078 ,A ,
SM10079 ,A ,
SM10080 ,A ,
SM10081 ,A ,
SM10082 ,A ,
SM10083 ,S ,
SM10085 ,S ,
SM10086 ,S ,
SM10087 ,A ,
SM10088 ,S ,
SM10089 ,S ,
SM10090 ,A ,
SM10091 ,S ,
SM10092 ,A ,
SM10093 ,S ,
SM10094 ,A ,
SM10095 ,A ,
SM10096 ,S ,
SM10097 ,A ,
SM10098 ,A ,
SM10099 ,S ,
SM10100 ,A ,
SM10101 ,S ,
SM10102 ,S ,
SM10103 ,A ,
SM10104 ,S ,
SM10106 ,S ,
SM10107 ,S ,
SM10108 ,A ,
SM10109 ,S ,
SM10110 ,A ,
SM10111 ,S ,
SM10112 ,A ,
SM10113 ,A ,
SM10114 ,S ,
SM10115 ,A ,
SM10116 ,A ,
SM10117 ,S ,
SM10118 ,A ,
SM10119 ,A ,
SM10120 ,S ,
SM10121 ,S ,
SM10122 ,A ,
SM10123 ,A ,
SM10124 ,A ,
SM10125 ,S ,
SM10126 ,A ,
SM10127 ,A ,
SM10129 ,S ,
SM10130 ,A ,
SM10131 ,A ,
SM10132 ,A ,
SM10133 ,S ,
SM10134 ,A ,
SM10135 ,A ,
SM10136 ,A ,
SM10137 ,A ,
SM10138 ,S ,
SM10139 ,A ,
SM10141 ,S ,
SM10142 ,A ,
SM10143 ,S ,
SM10144 ,A ,
SM10145 ,S ,
SM10146 ,A ,
SM10147 ,S ,
SM10148 ,A ,
SM10149 ,A ,
SM10150 ,S ,
SM10152 ,S ,
SM10153 ,S ,
SM10154 ,A ,
SM10155 ,S ,
SM10156 ,A ,
SM10157 ,S ,
SM10158 ,A ,
SM10159 ,A ,
SM10160 ,S ,
SM10161 ,A ,
SM10162 ,A ,
SM10163 ,S ,
SM10164 ,A ,
SM10165 ,A ,
SM10166 ,A ,
SM10167 ,S ,
SM10168 ,A ,
SM10169 ,A ,
SM10170 ,S ,
SM10171 ,A ,
SM10172 ,A ,
SM10173 ,S ,
SM10174 ,S ,
SM10175 ,A ,
SM10176 ,A ,
SM10177 ,S ,
SM10178 ,S ,
SM10179 ,S ,
SM10180 ,S ,
SM10181 ,A ,
SM10182 ,S ,
SM10183 ,A ,
SM10184 ,S ,
SM10185 ,A ,
SM10186 ,S ,
SM10187 ,A ,
SM10188 ,A ,
SM10189 ,S ,
SM10190 ,S ,
SM10191 ,A ,
SM10192 ,S ,
SM10193 ,A ,
SM10194 ,A ,
SM10195 ,A ,
SM10196 ,A ,
SM10197 ,A ,
SM10198 ,S ,
SM10199 ,S ,
SM10200 ,A ,
SM10201 ,S ,
SM10202 ,A ,
SM10204 ,A ,
SM10205 ,S ,
SM10207 ,A ,
SM10208 ,A ,
SM10209 ,A ,
SM10210 ,A ,
SM10211 ,A ,
SM10212 ,A ,
SM10213 ,S ,
SM10215 ,A ,
SM10216 ,A ,
SM10217 ,S ,
SM10218 ,A ,
SM10219 ,A ,
SM10221 ,A ,
SM10223 ,A ,
SM10224 ,S ,
SM10226 ,A ,
SM10227 ,A ,
SM10228 ,A ,
SM10229 ,S ,
SM10230 ,S ,
SM10231 ,A ,
SM10232 ,A ,
SM10233 ,A ,
SM10234 ,S ,
SM10235 ,A ,
SM10236 ,A ,
SM10237 ,S ,
SM10239 ,A ,
SM10240 ,S ,
SM10241 ,A ,
SM10242 ,A ,
SM10243 ,S ,
SM10244 ,A ,
SM10245 ,A ,
SM10246 ,A ,
SM10247 ,S ,
SM10248 ,A ,
SM10249 ,A ,
SM10250 ,S ,
SM10251 ,A ,
SM10252 ,S ,
SM10253 ,A ,
SM10254 ,S ,
SM10257 ,S ,
SM10258 ,A ,
SM10259 ,A ,
SM10260 ,A ,
SM10262 ,S ,
SM10263 ,A ,
SM10264 ,S ,
SM10265 ,A ,
SM10266 ,A ,
SM10267 ,A ,
SM10268 ,S ,
SM10269 ,A ,
SM10271 ,S ,
SM10272 ,A ,
SM10274 ,A ,
SM10275 ,A ,
SM10276 ,A ,
SM10277 ,A ,
SM10278 ,S ,
SM10279 ,A ,
SM10280 ,A ,
SM10281 ,A ,
SM10282 ,S ,
SM10283 ,A ,
SM10284 ,A ,
SM10285 ,A ,
SM10286 ,A ,
SM10287 ,S ,
SM10288 ,A ,
SM10289 ,A ,
SM10290 ,A ,
SM10291 ,A ,
SM10292 ,A ,
SM10293 ,S ,
SM10294 ,A ,
SM10295 ,A ,
SM10296 ,S ,
SM10297 ,A ,
SM10298 ,A ,
SM10299 ,S ,
SM10301 ,S ,
SM10302 ,A ,
SM10303 ,A ,
SM10304 ,S ,
SM10305 ,A ,
SM10306 ,S ,
SM10307 ,S ,
SM10308 ,A ,
SM10309 ,S ,
SM10310 ,A ,
SM10311 ,A ,
SM10312 ,S ,
SM10313 ,S ,
SM10314 ,A ,
SM10315 ,S ,
SM10317 ,A ,
SM10318 ,A ,
SM10319 ,S ,
SM10320 ,A ,
SM10321 ,A ,
SM10322 ,A ,
SM10323 ,S ,
SM10324 ,A ,
SM10325 ,A ,
SM10326 ,S ,
SM10327 ,S ,
SM10328 ,A ,
SM10329 ,A ,
SM10330 ,A ,
SM10331 ,S ,
SM10332 ,S ,
SM10333 ,A ,
SM10334 ,A ,
SM10335 ,A ,
SM10336 ,A ,
SM10337 ,A ,
SM10338 ,S ,
SM10339 ,A ,
SM10341 ,S ,
SM10342 ,A ,
SM10343 ,A ,
SM10344 ,S ,
SM10345 ,A ,
SM10346 ,S ,
SM10347 ,A ,
SM10348 ,S ,
SM10349 ,A ,
SM10350 ,A ,
SM10351 ,A ,
SM10352 ,A ,
SM10353 ,S ,
SM10354 ,A ,
SM10355 ,S ,
SM10356 ,A ,
SM10357 ,S ,
SM10358 ,A ,
SM10359 ,S ,
SM10360 ,A ,
SM10361 ,A ,
SM10362 ,A ,
SM10363 ,S ,
SM10364 ,S ,
SM10365 ,S ,
SM10366 ,A ,
SM10367 ,S ,
SM10368 ,A ,
SM10369 ,S ,
SM10370 ,A ,
SM10371 ,A ,
SM10372 ,A ,
SM10373 ,A ,
SM10374 ,A ,
SM10375 ,A ,
SM10376 ,S ,
SM10378 ,S ,
SM10379 ,A ,
SM10380 ,S ,
SM10381 ,A ,
SM10382 ,A ,
SM10383 ,S ,
SM10384 ,A ,
SM10385 ,A ,
SM10386 ,A ,
SM10387 ,S ,
SM10388 ,A ,
SM10389 ,A ,
SM10391 ,A ,
SM10392 ,S ,
SM10393 ,A ,
SM10394 ,A ,
SM10395 ,S ,
SM10396 ,A ,
SM10397 ,A ,
SM10398 ,S ,
SM10399 ,A ,
SM10400 ,A ,
SM10401 ,A ,
SM10402 ,S ,
SM10403 ,A ,
SM10404 ,A ,
SM10405 ,S ,
SM10406 ,A ,
SM10407 ,A ,
SM10408 ,A ,
SM10409 ,S ,
SM10410 ,S ,
SM10411 ,S ,
SM10412 ,S ,
SM10413 ,A ,
SM10414 ,A ,
SM10415 ,S ,
SM10416 ,A ,
SM10417 ,A ,
SM10418 ,S ,
SM10419 ,A ,
SM10420 ,S ,
SM10421 ,A ,
SM10422 ,S ,
SM10423 ,A ,
SM10424 ,A ,
SM10425 ,A ,
SM10426 ,A ,
SM10427 ,A ,
SM10428 ,S ,
SM10429 ,A ,
SM10430 ,A ,
SM10431 ,S ,
SM10432 ,A ,
SM10433 ,A ,
SM10434 ,S ,
SM10435 ,A ,
SM10436 ,A ,
SM10437 ,A ,
SM10438 ,S ,
SM10439 ,S ,
SM10440 ,A ,
SM10441 ,A ,
SM10442 ,A ,
SM10443 ,S ,
SM10444 ,S ,
SM10445 ,A ,
SM10446 ,A ,
SM10447 ,S ,
SM10448 ,A ,
SM10449 ,A ,
SM10450 ,A ,
SM10451 ,S ,
SM10452 ,A ,
SM10453 ,S ,
SM10454 ,A ,
SM10455 ,S ,
SM10456 ,S ,
SM10457 ,A ,
SM10458 ,A ,
SM10459 ,S ,
SM10460 ,S ,
SM10461 ,A ,
SM10462 ,A ,
SM10463 ,A ,
SM10464 ,S ,
SM10465 ,A ,
SM10466 ,A ,
SM10467 ,A ,
SM10468 ,A ,
SM10469 ,S ,
SM10470 ,A ,
SM10471 ,S ,
SM10472 ,A ,
SM10473 ,S ,
SM10474 ,A ,
SM10475 ,A ,
SM10476 ,S ,
SM10477 ,A ,
SM10478 ,A ,
SM10479 ,A ,
SM10480 ,S ,
SM10481 ,A ,
SM10482 ,A ,
SM10483 ,A ,
SM10484 ,A ,
SM10485 ,S ,
SM10486 ,A ,
SM10487 ,S ,
SM10488 ,A ,
SM10489 ,A ,
SM10490 ,A ,
SM10491 ,A ,
SM10492 ,S ,
SM10493 ,A ,
SM10494 ,S ,
SM10495 ,A ,
SM10496 ,A ,
SM10497 ,S ,
SM10498 ,A ,
SM10499 ,A ,
SM10500 ,S ,
SM10501 ,A ,
SM10502 ,A ,
SM10503 ,S ,
SM10504 ,S ,
SM10505 ,A ,
SM10506 ,A ,
SM10507 ,S ,
SM10508 ,A ,
SM10509 ,A ,
SM10510 ,A ,
SM10511 ,A ,
SM10512 ,S ,
SM10513 ,A ,
SM10514 ,A ,
SM10515 ,A ,
SM10516 ,S ,
SM10517 ,A ,
SM10518 ,A ,
SM10519 ,S ,
SM10520 ,A ,
SM10521 ,S ,
SM10522 ,A ,
SM10523 ,A ,
SM10524 ,A ,
SM10525 ,S ,
SM10526 ,A ,
SM10527 ,S ,
SM10528 ,A ,
SM10529 ,A ,
SM10530 ,A ,
SM10531 ,A ,
SM10532 ,S ,
SM10533 ,A ,
SM10534 ,A ,
SM10535 ,S ,
SM10536 ,A ,
SM10537 ,S ,
SM10538 ,A ,
SM10539 ,A ,
SM10540 ,S ,
SM10541 ,A ,
SM10542 ,A ,
SM10543 ,A ,
SM10544 ,A ,
SM10545 ,S ,
SM10546 ,A ,
SM10547 ,S ,
SM10548 ,A ,
SM10549 ,A ,
SM10550 ,S ,
SM10551 ,S ,
SM10552 ,A ,
SM10553 ,A ,
SM10554 ,S ,
SM10555 ,A ,
SM10556 ,S ,
SM10557 ,A ,
SM10558 ,S ,
SM10559 ,A ,
SM10560 ,A ,
SM10561 ,S ,
SM10562 ,A ,
SM10563 ,A ,
SM10564 ,A ,
SM10565 ,A ,
SM10566 ,A ,
SM10567 ,A ,
SM10568 ,A ,
SM10569 ,A ,
SM10570 ,A ,
SM10571 ,S ,
SM10572 ,A ,
SM10573 ,A ,
SM10574 ,S ,
SM10575 ,A ,
SM10576 ,S ,
SM10577 ,S ,
SM10578 ,A ,
SM10579 ,S ,
SM10580 ,A ,
SM10581 ,A ,
SM10582 ,A ,
SM10583 ,S ,
SM10584 ,A ,
SM10585 ,A ,
SM10586 ,S ,
SM10587 ,A ,
SM10588 ,A ,
SM10589 ,A ,
SM10590 ,A ,
SM10591 ,S ,
SM10592 ,A ,
SM10593 ,A ,
SM10594 ,A ,
SM10595 ,S ,
SM10596 ,A ,
SM10597 ,A ,
SM10598 ,S ,
SM10599 ,A ,
SM10600 ,A ,
SM10601 ,A ,
SM10602 ,A ,
SM10603 ,A ,
SM10604 ,A ,
SM10605 ,S ,
SM10606 ,S ,
SM10607 ,S ,
SM10608 ,A ,
SM10609 ,A ,
SM10610 ,A ,
SM10611 ,A ,
SM10612 ,A ,
SM10613 ,S ,
SM10614 ,A ,
SM10615 ,A ,
SM10616 ,A ,
SM10617 ,A ,
SM10618 ,S ,
SM10619 ,A ,
SM10620 ,A ,
SM10621 ,S ,
SM10622 ,S ,
SM10623 ,A ,
SM10624 ,A ,
SM10625 ,A ,
SM10626 ,S ,
SM10627 ,A ,
SM10628 ,S ,
SM10629 ,A ,
SM10630 ,A ,
SM10631 ,A ,
SM10632 ,A ,
SM10633 ,A ,
SM10634 ,A ,
SM10635 ,A ,
SM10636 ,S ,
SM10637 ,A ,
SM10638 ,A ,
SM10639 ,A ,
SM10640 ,A ,
SM10641 ,A ,
SM10642 ,S ,
SM10643 ,A ,
SM10644 ,A ,
SM10645 ,A ,
SM10646 ,S ,
SM10647 ,S ,
SM10648 ,A ,
SM10649 ,S ,
SM10650 ,A ,
SM10651 ,A ,
SM10652 ,A ,
SM10653 ,A ,
SM10655 ,A ,
SM10656 ,S ,
SM10657 ,A ,
SM10658 ,A ,
SM10659 ,A ,
SM10660 ,A ,
SM10661 ,A ,
SM10662 ,S ,
SM10663 ,A ,
SM10664 ,A ,
SM10665 ,A ,
SM10666 ,A ,
SM10667 ,A ,
SM10668 ,S ,
SM10669 ,S ,
SM10670 ,A ,
SM10671 ,A ,
SM10672 ,A ,
SM10673 ,S ,
SM10674 ,A ,
SM10675 ,A ,
SM10676 ,A ,
SM10677 ,A ,
SM10678 ,S ,
SM10679 ,S ,
SM10680 ,A ,
SM10681 ,A ,
SM10682 ,A ,
SM10683 ,S ,
SM10684 ,A ,
SM10685 ,A ,
SM10686 ,S ,
SM10687 ,A ,
SM10689 ,A ,
SM10690 ,A ,
SM10691 ,A ,
SM10692 ,S ,
SM10693 ,A ,
SM10694 ,A ,
SM10695 ,A ,
SM10696 ,A ,
SM10697 ,S ,
SM10698 ,A ,
SM10699 ,A ,
SM10700 ,S ,
SM10701 ,A ,
SM10702 ,A ,
SM10703 ,S ,
SM10704 ,A ,
SM10705 ,A ,
SM10706 ,A ,
SM10707 ,A ,
SM10708 ,A ,
SM10709 ,S ,
SM10711 ,A ,
SM10713 ,A ,
SM10714 ,A ,
SM10716 ,S ,
SM10717 ,A ,
SM10718 ,A ,
SM10719 ,A ,
SM10720 ,S ,
SM10721 ,A ,
SM10722 ,A ,
SM10723 ,A ,
SM10724 ,A ,
SM10725 ,A ,
SM10726 ,S ,
SM10727 ,A ,
SM10728 ,S ,
SM10729 ,A ,
SM10730 ,A ,
SM10731 ,S ,
SM10732 ,A ,
SM10733 ,A ,
SM10734 ,A ,
SM10736 ,A ,
SM10737 ,A ,
SM10738 ,S ,
SM10739 ,A ,
SM10740 ,S ,
SM10741 ,A ,
SM10742 ,A ,
SM10743 ,A ,
SM10744 ,A ,
SM10745 ,A ,
SM10746 ,S ,
SM10748 ,A ,
SM10749 ,A ,
SM10750 ,A ,
SM10751 ,A ,
SM10752 ,A ,
SM10753 ,A ,
SM10754 ,A ,
SM10755 ,S ,
SM10756 ,A ,
SM10757 ,A ,
SM10758 ,S ,
SM10759 ,A ,
SM10760 ,S ,
SM10761 ,A ,
SM10762 ,A ,
SM10763 ,A ,
SM10764 ,S ,
SM10765 ,A ,
SM10766 ,A ,
SM10767 ,S ,
SM10768 ,A ,
SM10769 ,A ,
SM10770 ,S ,
SM10771 ,A ,
SM10772 ,A ,
SM10773 ,S ,
SM10774 ,S ,
SM10775 ,A ,
SM10776 ,A ,
SM10777 ,A ,
SM10778 ,A ,
SM10779 ,A ,
SM10780 ,A ,
SM10781 ,A ,
SM10782 ,A ,
SM10783 ,S ,
SM10784 ,A ,
SM10785 ,A ,
SM10786 ,A ,
SM10787 ,S ,
SM10788 ,A ,
SM10789 ,A ,
SM10790 ,A ,
SM10791 ,S ,
SM10792 ,A ,
SM10793 ,A ,
SM10794 ,A ,
SM10795 ,A ,
SM10796 ,A ,
SM10798 ,A ,
SM10799 ,A ,
SM10800 ,A ,
SM10801 ,S ,
SM10802 ,A ,
SM10803 ,A ,
SM10804 ,A ,
SM10805 ,A ,
SM10806 ,A ,
SM10807 ,A ,
SM10808 ,A ,
SM10809 ,A ,
SM10810 ,A ,
SM10811 ,S ,
SM10813 ,A ,
SM10814 ,S ,
SM10815 ,A ,
SM10816 ,A ,
SM10817 ,S ,
SM10818 ,A ,
SM10819 ,A ,
SM10820 ,S ,
SM10821 ,A ,
SM10822 ,S ,
SM10823 ,A ,
SM10824 ,A ,
SM10825 ,A ,
SM10826 ,A ,
SM10827 ,S ,
SM10829 ,S ,
SM10830 ,A ,
SM10831 ,A ,
SM10833 ,A ,
SM10834 ,S ,
SM10836 ,A ,
SM10837 ,A ,
SM10838 ,A ,
SM10839 ,A ,
SM10841 ,S ,
SM10842 ,A ,
SM10843 ,S ,
SM10844 ,A ,
SM10845 ,A ,
SM10846 ,A ,
SM10847 ,S ,
SM10848 ,A ,
SM10849 ,A ,
SM10850 ,S ,
SM10851 ,A ,
SM10852 ,A ,
SM10853 ,A ,
SM10854 ,S ,
SM10855 ,A ,
SM10856 ,A ,
SM10857 ,A ,
SM10858 ,S ,
SM10860 ,A ,
SM10861 ,A ,
SM10862 ,S ,
SM10863 ,A ,
SM10864 ,A ,
SM10865 ,A ,
SM10866 ,A ,
SM10867 ,A ,
SM10868 ,S ,
SM10869 ,A ,
SM10870 ,A ,
SM10871 ,A ,
SM10872 ,S ,
SM10873 ,A ,
SM10874 ,A ,
SM10876 ,A ,
SM10877 ,A ,
SM10878 ,A ,
SM10879 ,A ,
SM10880 ,A ,
SM10881 ,S ,
SM10882 ,A ,
SM10884 ,A ,
SM10885 ,S ,
SM10886 ,A ,
SM10887 ,A ,
SM10888 ,S ,
SM10889 ,A ,
SM10890 ,A ,
SM10891 ,A ,
SM10892 ,S ,
SM10894 ,A ,
SM10895 ,A ,
SM10896 ,A ,
SM10897 ,A ,
SM10898 ,A ,
SM10899 ,S ,
SM10900 ,A ,
SM10901 ,A ,
SM10902 ,A ,
SM10903 ,A ,
SM10904 ,A ,
SM10905 ,A ,
SM10906 ,A ,
SM10907 ,S ,
SM10908 ,A ,
SM10909 ,A ,
SM10910 ,A ,
SM10911 ,S ,
SM10913 ,A ,
SM10915 ,A ,
SM10916 ,A ,
SM10917 ,S ,
SM10918 ,A ,
SM10919 ,A ,
SM10920 ,S ,
SM10921 ,A ,
SM10922 ,A ,
SM10923 ,A ,
SM10924 ,S ,
SM10925 ,S ,
SM10926 ,A ,
SM10927 ,S ,
SM10928 ,A ,
SM10929 ,A ,
SM10930 ,S ,
SM10931 ,A ,
SM10932 ,A ,
SM10933 ,S ,
SM10934 ,A ,
SM10935 ,A ,
SM10936 ,S ,
SM10937 ,A ,
SM10938 ,A ,
SM10939 ,A ,
SM10940 ,S ,
SM10941 ,A ,
SM10942 ,S ,
SM10943 ,A ,
SM10944 ,A ,
SM10945 ,A ,
SM10946 ,S ,
SM10947 ,S ,
SM10949 ,A ,
SM10950 ,A ,
SM10951 ,S ,
SM10952 ,S ,
SM10953 ,A ,
SM10954 ,S ,
SM10955 ,A ,
SM10956 ,S ,
SM10957 ,A ,
SM10958 ,A ,
SM10959 ,A ,
SM10960 ,A ,
SM10961 ,A ,
SM10962 ,S ,
SM10963 ,S ,
SM10964 ,A ,
SM10965 ,A ,
SM10966 ,A ,
SM10967 ,A ,
SM10968 ,S ,
SM10969 ,A ,
SM10970 ,S ,
SM10971 ,A ,
SM10972 ,A ,
SM10973 ,A ,
SM10974 ,S ,
SM10975 ,A ,
SM10976 ,S ,
SM10977 ,A ,
SM10978 ,S ,
SM10979 ,A ,
SM10980 ,A ,
SM10981 ,A ,
SM10982 ,A ,
SM10983 ,A ,
SM10984 ,A ,
SM10985 ,A ,
SM10986 ,A ,
SM10987 ,S ,
SM10988 ,S ,
SM10989 ,A ,
SM10990 ,A ,
SM10991 ,A ,
SM10992 ,A ,
SM10993 ,A ,
SM10994 ,A ,
SM10995 ,A ,
SM10996 ,A ,
SM10997 ,A ,
SM10998 ,A ,
SM10999 ,A ,
SM11000 ,A ,
SM11002 ,S ,
SM11003 ,A ,
SM11004 ,A ,
SM11005 ,S ,
SM11006 ,A ,
SM11007 ,A ,
SM11008 ,A ,
SM11009 ,S ,
SM11011 ,A ,
SM11012 ,A ,
SM11013 ,A ,
SM11014 ,S ,
SM11015 ,S ,
SM11016 ,S ,
SM11017 ,S ,
SM11020 ,S ,
SM11021 ,A ,
SM11022 ,S ,
SM11024 ,A ,
SM11025 ,A ,
SM11026 ,A ,
SM11027 ,S ,
SM11028 ,A ,
SM11029 ,A ,
SM11030 ,S ,
SM11031 ,S ,
SM11032 ,A ,
SM11033 ,A ,
SM11034 ,S ,
SM11035 ,A ,
SM11036 ,A ,
SM11037 ,S ,
SM11038 ,S ,
SM11039 ,S ,
SM11040 ,S ,
SM11041 ,S ,
SM11042 ,A ,
SM11043 ,A ,
SM11044 ,A ,
SM11045 ,A ,
SM11046 ,S ,
SM11047 ,A ,
SM11048 ,S ,
SM11049 ,A ,
SM11050 ,A ,
SM11051 ,S ,
SM11053 ,S ,
SM11054 ,A ,
SM11055 ,A ,
SM11056 ,S ,
SM11057 ,A ,
SM11058 ,S ,
SM11059 ,A ,
SM11060 ,A ,
SM11061 ,A ,
SM11062 ,A ,
SM11063 ,A ,
SM11064 ,A ,
SM11065 ,A ,
SM11066 ,A ,
SM11067 ,A ,
SM11068 ,S ,
SM11069 ,S ,
SM11070 ,A ,
SM11071 ,A ,
SM11073 ,S ,
SM11075 ,A ,
SM11076 ,A ,
SM11077 ,S ,
SM11078 ,A ,
SM11079 ,S ,
SM11080 ,A ,
SM11081 ,A ,
SM11082 ,S ,
SM11083 ,A ,
SM11084 ,S ,
SM11085 ,A ,
SM11086 ,A ,
SM11087 ,A ,
SM11088 ,A ,
SM11089 ,S ,
SM11090 ,A ,
SM11091 ,S ,
SM11092 ,S ,
SM11093 ,A ,
SM11094 ,A ,
SM11095 ,A ,
SM11096 ,S ,
SM11097 ,A ,
SM11098 ,S ,
SM11099 ,S ,
SM11100 ,A ,
SM11101 ,A ,
SM11102 ,S ,
SM11103 ,S ,
SM11104 ,A ,
SM11105 ,S ,
SM11106 ,S ,
SM11108 ,A ,
SM11109 ,A ,
SM11110 ,S ,
SM11111 ,A ,
SM11112 ,A ,
SM11113 ,S ,
SM11114 ,A ,
SM11115 ,A ,
SM11116 ,S ,
SM11117 ,A ,
SM11118 ,A ,
SM11119 ,A ,
SM11120 ,A ,
SM11121 ,A ,
SM11122 ,S ,
SM11123 ,S ,
SM11125 ,S ,
SM11126 ,A ,
SM11127 ,A ,
SM11128 ,A ,
SM11129 ,S ,
SM11130 ,A ,
SM11131 ,A ,
SM11132 ,A ,
SM11133 ,A ,
SM11134 ,A ,
SM11135 ,S ,
SM11136 ,A ,
SM11137 ,A ,
SM11139 ,A ,
SM11140 ,S ,
SM11141 ,A ,
SM11142 ,S ,
SM11143 ,A ,
SM11144 ,A ,
SM11145 ,A ,
SM11146 ,S ,
SM11147 ,A ,
SM11148 ,A ,
SM11149 ,A ,
SM11150 ,S ,
SM11151 ,S ,
SM11152 ,A ,
SM11153 ,A ,
SM11154 ,A ,
SM11155 ,S ,
SM11156 ,A ,
SM11157 ,A ,
SM11158 ,S ,
SM11159 ,S ,
SM11160 ,A ,
SM11161 ,A ,
SM11162 ,A ,
SM11163 ,A ,
SM11164 ,S ,
SM11165 ,A ,
SM11166 ,A ,
SM11167 ,A ,
SM11168 ,S ,
SM11169 ,A ,
SM11170 ,S ,
SM11171 ,A ,
SM11172 ,S ,
SM11173 ,A ,
SM11174 ,A ,
SM11175 ,S ,
SM11176 ,A ,
SM11177 ,S ,
SM11178 ,A ,
SM11179 ,A ,
SM11180 ,S ,
SM11181 ,A ,
SM11182 ,S ,
SM11183 ,A ,
SM11184 ,A ,
SM11185 ,S ,
SM11186 ,A ,
SM11188 ,A ,
SM11189 ,S ,
SM11190 ,A ,
SM11191 ,A ,
SM11192 ,S ,
SM11193 ,A ,
SM11194 ,A ,
SM11195 ,S ,
SM11196 ,A ,
SM11197 ,A ,
SM11198 ,S ,
SM11200 ,A ,
SM11201 ,A ,
SM11202 ,S ,
SM11203 ,A ,
SM11204 ,A ,
SM11206 ,S ,
SM11207 ,A ,
SM11208 ,S ,
SM11209 ,A ,
SM11210 ,S ,
SM11211 ,A ,
SM11212 ,A ,
SM11213 ,A ,
SM11214 ,S ,
SM11215 ,S ,
SM11216 ,A ,
SM11217 ,A ,
SM11218 ,A ,
SM11219 ,S ,
SM11220 ,A ,
SM11221 ,A ,
SM11222 ,A ,
SM11223 ,A ,
SM11224 ,S ,
SM11225 ,A ,
SM11226 ,A ,
SM11227 ,A ,
SM11228 ,S ,
SM11229 ,A ,
SM11230 ,A ,
SM11232 ,A ,
SM11233 ,S ,
SM11234 ,A ,
SM11235 ,S ,
SM11236 ,S ,
SM11237 ,A ,
SM11238 ,A ,
SM11239 ,A ,
SM11240 ,A ,
SM11241 ,A ,
SM11242 ,A ,
SM11243 ,A ,
SM11244 ,A ,
SM11245 ,S ,
SM11247 ,S ,
SM11248 ,A ,
SM11249 ,S ,
SM11250 ,S ,
SM11251 ,A ,
SM11252 ,A ,
SM11253 ,S ,
SM11254 ,S ,
SM11257 ,A ,
SM11258 ,A ,
SM11259 ,S ,
SM11260 ,A ,
SM11261 ,A ,
SM11262 ,S ,
SM11263 ,A ,
SM11264 ,S ,
SM11265 ,A ,
SM11266 ,A ,
SM11267 ,A ,
SM11268 ,A ,
SM11270 ,A ,
SM11271 ,S ,
SM11272 ,A ,
SM11273 ,A ,
SM11274 ,S ,
SM11275 ,A ,
SM11278 ,A ,
SM11279 ,A ,
SM11280 ,A ,
SM11281 ,S ,
SM11282 ,A ,
SM11283 ,A ,
SM11284 ,A ,
SM11285 ,A ,
SM11286 ,S ,
SM11287 ,S ,
SM11288 ,S ,
SM11289 ,A ,
SM11290 ,S ,
SM11291 ,A ,
SM11292 ,A ,
SM11294 ,S ,
SM11295 ,S ,
SM11296 ,A ,
SM11297 ,A ,
SM11298 ,S ,
SM11299 ,S ,
SM11301 ,S ,
SM11302 ,A ,
SM11303 ,A ,
SM11304 ,S ,
SM11305 ,S ,
SM11306 ,A ,
SM11307 ,A ,
SM11308 ,A ,
SM11309 ,A ,
SM11310 ,A ,
SM11311 ,S ,
SM11312 ,A ,
SM11313 ,A ,
SM11314 ,A ,
SM11315 ,S ,
SM11316 ,A ,
SM11317 ,S ,
SM11318 ,S ,
SM11319 ,S ,
SM11320 ,A ,
SM11321 ,A ,
SM11322 ,A ,
SM11323 ,S ,
SM11324 ,S ,
SM11325 ,A ,
SM11326 ,A ,
SM11327 ,A ,
SM11328 ,S ,
SM11329 ,A ,
SM11330 ,A ,
SM11331 ,A ,
SM11332 ,A ,
SM11333 ,S ,
SM11334 ,A ,
SM11335 ,S ,
SM11336 ,S ,
SM11337 ,A ,
SM11338 ,A ,
SM11339 ,S ,
SM11340 ,A ,
SM11341 ,A ,
SM11342 ,A ,
SM11343 ,A ,
SM11344 ,A ,
SM11345 ,S ,
SM11346 ,S ,
SM11347 ,A ,
SM11348 ,A ,
SM11349 ,A ,
SM11350 ,S ,
SM11351 ,S ,
SM11352 ,A ,
SM11353 ,A ,
SM11354 ,A ,
SM11355 ,S ,
SM11356 ,A ,
SM11357 ,A ,
SM11358 ,A ,
SM11359 ,A ,
SM11360 ,S ,
SM11362 ,A ,
SM11363 ,A ,
SM11364 ,A ,
SM11365 ,S ,
SM11366 ,S ,
SM11367 ,A ,
SM11368 ,A ,
SM11369 ,A ,
SM11370 ,S ,
SM11371 ,S ,
SM11372 ,A ,
SM11373 ,S ,
SM11374 ,A ,
SM11375 ,A ,
SM11376 ,S ,
SM11377 ,S ,
SM11378 ,A ,
SM11379 ,A ,
SM11380 ,A ,
SM11381 ,A ,
SM11382 ,S ,
SM11383 ,S ,
SM11384 ,A ,
SM11385 ,A ,
SM11386 ,A ,
SM11387 ,A ,
SM11388 ,A ,
SM11389 ,S ,
SM11390 ,A ,
SM11391 ,S ,
SM11392 ,A ,
SM11393 ,S ,
SM11394 ,A ,
SM11395 ,A ,
SM11396 ,A ,
SM11397 ,A ,
SM11398 ,A ,
SM11399 ,S ,
SM11400 ,A ,
SM11401 ,A ,
SM11402 ,A ,
SM11403 ,A ,
SM11404 ,S ,
SM11405 ,S ,
SM11406 ,S ,
SM11407 ,S ,
SM11408 ,S ,
SM11409 ,A ,
SM11410 ,A ,
SM11411 ,A ,
SM11412 ,S ,
SM11413 ,A ,
SM11414 ,A ,
SM11415 ,A ,
SM11416 ,S ,
SM11417 ,A ,
SM11418 ,A ,
SM11419 ,A ,
SM11420 ,S ,
SM11421 ,S ,
SM11422 ,A ,
SM11423 ,A ,
SM11424 ,S ,
SM11425 ,A ,
SM11426 ,S ,
SM11427 ,A ,
SM11428 ,A ,
SM11429 ,A ,
SM11430 ,A ,
SM11431 ,S ,
SM11432 ,A ,
SM11433 ,A ,
SM11434 ,S ,
SM11435 ,A ,
SM11436 ,A ,
SM11437 ,S ,
SM11438 ,S ,
SM11439 ,A ,
SM11440 ,S ,
SM11441 ,A ,
SM11442 ,S ,
SM11443 ,A ,
SM11444 ,S ,
SM11445 ,A ,
SM11446 ,A ,
SM11447 ,A ,
SM11448 ,S ,
SM11449 ,A ,
SM11450 ,A ,
SM11451 ,A ,
SM11452 ,S ,
SM11454 ,A ,
SM11455 ,S ,
SM11456 ,S ,
SM11457 ,A ,
SM11458 ,S ,
SM11459 ,S ,
SM11460 ,A ,
SM11461 ,A ,
SM11462 ,S ,
SM11463 ,A ,
SM11464 ,S ,
SM11465 ,A ,
SM11466 ,A ,
SM11467 ,S ,
SM11468 ,A ,
SM11469 ,S ,
SM11470 ,S ,
SM11471 ,S ,
SM11472 ,A ,
SM11473 ,A ,
SM11474 ,A ,
SM11475 ,A ,
SM11476 ,S ,
SM11477 ,A ,
SM11478 ,A ,
SM11479 ,A ,
SM11480 ,S ,
SM11482 ,A ,
SM11483 ,A ,
SM11484 ,A ,
SM11485 ,S ,
SM11486 ,S ,
SM11487 ,A ,
SM11488 ,A ,
SM11489 ,A ,
SM11490 ,S ,
SM11491 ,A ,
SM11492 ,S ,
SM11493 ,A ,
SM11495 ,A ,
SM11496 ,A ,
SM11497 ,S ,
SM11498 ,A ,
SM11499 ,A ,
SM11500 ,S ,
SM11501 ,A ,
SM11502 ,A ,
SM11503 ,S ,
SM11504 ,S ,
SM11505 ,S ,
SM11506 ,A ,
SM11507 ,A ,
SM11508 ,A ,
SM11509 ,A ,
SM11510 ,S ,
SM11511 ,S ,
SM11512 ,S ,
SM11513 ,A ,
SM11514 ,A ,
SM11515 ,S ,
SM11516 ,A ,
SM11517 ,S ,
SM11518 ,A ,
SM11519 ,S ,
SM11520 ,A ,
SM11521 ,A ,
SM11522 ,S ,
SM11523 ,A ,
SM11524 ,S ,
SM11526 ,S ,
SM11527 ,A ,
SM11528 ,A ,
SM11529 ,A ,
SM11530 ,A ,
SM11531 ,A ,
SM11532 ,S ,
SM11533 ,A ,
SM11534 ,A ,
SM11535 ,A ,
SM11536 ,A ,
SM11537 ,S ,
SM11538 ,A ,
SM11539 ,A ,
SM11541 ,A ,
SM11542 ,S ,
SM11543 ,A ,
SM11544 ,S ,
SM11545 ,A ,
SM11546 ,S ,
SM11547 ,A ,
SM11548 ,A ,
SM11549 ,S ,
SM11550 ,S ,
SM11551 ,S ,
SM11552 ,S ,
SM11553 ,A ,
SM11554 ,A ,
SM11555 ,A ,
SM11556 ,S ,
SM11557 ,S ,
SM11558 ,A ,
SM11559 ,A ,
SM11560 ,A ,
SM11561 ,S ,
SM11562 ,A ,
SM11563 ,S ,
SM11564 ,A ,
SM11565 ,S ,
SM11566 ,A ,
SM11567 ,A ,
SM11568 ,S ,
SM11569 ,A ,
SM11570 ,A ,
SM11571 ,S ,
SM11572 ,A ,
SM11573 ,A ,
SM11574 ,S ,
SM11575 ,A ,
SM11576 ,A ,
SM11577 ,S ,
SM11578 ,A ,
SM11580 ,S ,
SM11581 ,A ,
SM11582 ,A ,
SM11583 ,A ,
SM11584 ,A ,
SM11585 ,S ,
SM11586 ,S ,
SM11587 ,A ,
SM11588 ,S ,
SM11589 ,S ,
SM11590 ,A ,
SM11591 ,S ,
SM11592 ,S ,
SM11593 ,A ,
SM11594 ,A ,
SM11595 ,S ,
SM11596 ,S ,
SM11597 ,A ,
SM11598 ,A ,
SM11599 ,S ,
SM11600 ,A ,
SM11601 ,A ,
SM11602 ,S ,
SM11604 ,S ,
SM11605 ,A ,
SM11606 ,S ,
SM11607 ,A ,
SM11608 ,S ,
SM11609 ,A ,
SM11610 ,A ,
SM11611 ,S ,
SM11612 ,A ,
SM11613 ,A ,
SM11614 ,S ,
SM11615 ,A ,
SM11616 ,S ,
SM11617 ,A ,
SM11618 ,A ,
SM11620 ,S ,
SM11621 ,A ,
SM11622 ,A ,
SM11623 ,A ,
SM11624 ,S ,
SM11625 ,S ,
SM11626 ,A ,
SM11627 ,A ,
SM11628 ,A ,
SM11629 ,S ,
SM11631 ,A ,
SM11632 ,A ,
SM11638 ,S ,
SM11639 ,A ,
SM11640 ,A ,
SM11642 ,A ,
SM11643 ,A ,
SM11644 ,A ,
SM11646 ,S ,
SM11647 ,A ,
SM11649 ,A ,
SM11651 ,A ,
SM11652 ,A ,
SM11653 ,S ,
SM11654 ,A ,
SM11655 ,A ,
SM11656 ,A ,
SM11657 ,S ,
SM11659 ,S ,
SM11660 ,A ,
SM11661 ,A ,
SM11663 ,A ,
SM11664 ,A ,
SM11665 ,A ,
SM11666 ,S ,
SM11667 ,A ,
SM11668 ,S ,
SM11669 ,S ,
SM11670 ,A ,
SM11671 ,A ,
SM11673 ,S ,
SM11674 ,A ,
SM11675 ,S ,
SM11678 ,S ,
SM11679 ,S ,
SM11680 ,A ,
SM11681 ,S ,
SM11682 ,S ,
SM11683 ,A ,
SM11684 ,A ,
SM11685 ,A ,
SM11686 ,A ,
SM11687 ,S ,
SM11689 ,S ,
SM11690 ,S ,
SM11691 ,S ,
SM11692 ,S ,
SM11693 ,A ,
SM11694 ,S ,
SM11697 ,S ,
SM11698 ,A ,
SM11699 ,S ,
SM11700 ,A ,
SM11701 ,A ,
SM11702 ,S ,
SM11703 ,A ,
SM11704 ,A ,
SM11705 ,S ,
SM11706 ,S ,
SM11707 ,A ,
SM11708 ,A ,
SM11709 ,S ,
SM11710 ,S ,
SM11711 ,A ,
SM11713 ,A ,
SM11714 ,S ,
SM11715 ,S ,
SM11716 ,A ,
SM11717 ,S ,
SM11718 ,A ,
SM11719 ,S ,
SM11720 ,S ,
SM11721 ,A ,
SM11722 ,A ,
SM11723 ,A ,
SM11724 ,A ,
SM11726 ,S ,
SM11727 ,S ,
SM11728 ,A ,
SM11729 ,A ,
SM11730 ,A ,
SM11731 ,A ,
SM11732 ,A ,
SM11733 ,S ,
SM11734 ,S ,
SM11735 ,A ,
SM11737 ,A ,
SM11738 ,A ,
SM11739 ,S ,
SM11740 ,S ,
SM11742 ,A ,
SM11743 ,A ,
SM11745 ,S ,
SM11746 ,A ,
SM11747 ,S ,
SM11749 ,A ,
SM11750 ,S ,
SM11751 ,A ,
SM11752 ,A ,
SM11753 ,S ,
SM11754 ,S ,
SM11755 ,A ,
SM11756 ,A ,
SM11759 ,S ,
SM11760 ,S ,
SM11761 ,S ,
SM11762 ,S ,
SM11763 ,S ,
SM11764 ,A ,
SM11765 ,S ,
SM11767 ,S ,
SM11768 ,A ,
SM11769 ,A ,
SM11770 ,S ,
SM11771 ,A ,
SM11772 ,S ,
SM11773 ,A ,
SM11774 ,S ,
SM11775 ,A ,
SM11776 ,S ,
SM11778 ,A ,
SM11779 ,S ,
SM11780 ,S ,
SM11781 ,S ,
SM11782 ,A ,
SM11783 ,A ,
SM11784 ,A ,
SM11785 ,S ,
SM11786 ,A ,
SM11787 ,S ,
SM11788 ,A ,
SM11789 ,S ,
SM11790 ,S ,
SM11791 ,A ,
SM11792 ,A ,
SM11793 ,S ,
SM11794 ,A ,
SM11795 ,A ,
SM11796 ,A ,
SM11797 ,S ,
SM11798 ,A ,
SM11799 ,S ,
SM11800 ,A ,
SM11801 ,A ,
SM11803 ,A ,
SM11804 ,S ,
SM11805 ,A ,
SM11806 ,A ,
SM11807 ,A ,
SM11808 ,S ,
SM11809 ,S ,
SM11810 ,S ,
SM11811 ,S ,
SM11812 ,S ,
SM11813 ,A ,
SM11814 ,A ,
SM11815 ,A ,
SM11816 ,S ,
SM11817 ,A ,
SM11818 ,S ,
SM11819 ,S ,
SM11820 ,S ,
SM11821 ,A ,
SM11822 ,A ,
SM11823 ,A ,
SM11824 ,A ,
SM11825 ,S ,
SM11826 ,S ,
SM11827 ,S ,
SM11828 ,S ,
SM11829 ,A ,
SM11831 ,A ,
SM11832 ,A ,
SM11833 ,S ,
SM11834 ,A ,
SM11835 ,A ,
SM11836 ,A ,
SM11837 ,S ,
SM11840 ,S ,
SM11842 ,A ,
SM11843 ,A ,
SM11844 ,S ,
SM11845 ,A ,
SM11846 ,A ,
SM11847 ,S ,
SM11848 ,A ,
SM11849 ,A ,
SM11850 ,A ,
SM11851 ,S ,
SM11852 ,S ,
SM11853 ,A ,
SM11854 ,A ,
SM11855 ,S ,
SM11856 ,S ,
SM11857 ,A ,
SM11858 ,A ,
SM11860 ,S ,
SM11861 ,A ,
SM11862 ,A ,
SM11863 ,S ,
SM11865 ,S ,
SM11866 ,S ,
SM11867 ,A ,
SM11868 ,A ,
SM11869 ,S ,
SM11870 ,A ,
SM11871 ,A ,
SM11872 ,A ,
SM11873 ,S ,
SM11874 ,A ,
SM11875 ,S ,
SM11876 ,S ,
SM11877 ,A ,
SM11878 ,S ,
SM11879 ,A ,
SM11880 ,A ,
SM11881 ,A ,
SM11882 ,S ,
SM11884 ,A ,
SM11885 ,A ,
SM11886 ,S ,
SM11887 ,A ,
SM11888 ,S ,
SM11889 ,S ,
SM11891 ,S ,
SM11892 ,A ,
SM11893 ,S ,
SM11894 ,A ,
SM11895 ,A ,
SM11896 ,A ,
SM11897 ,S ,
SM11898 ,S ,
SM11899 ,A ,
SM11900 ,A ,
SM11901 ,A ,
SM11902 ,A ,
SM11903 ,A ,
SM11904 ,S ,
SM11905 ,A ,
SM11906 ,A ,
SM11907 ,A ,
SM11908 ,A ,
SM11909 ,A ,
SM11910 ,A ,
SM11911 ,A ,
SM11912 ,S ,
SM11913 ,A ,
SM11914 ,A ,
SM11915 ,A ,
SM11916 ,S ,
SM11917 ,A ,
SM11918 ,S ,
SM11919 ,S ,
SM11920 ,A ,
SM11921 ,S ,
SM11922 ,A ,
SM11923 ,S ,
SM11924 ,S ,
SM11925 ,S ,
SM11926 ,S ,
SM11927 ,A ,
SM11928 ,S ,
SM11929 ,A ,
SM11930 ,A ,
SM11931 ,S ,
SM11932 ,S ,
SM11933 ,A ,
SM11934 ,A ,
SM11935 ,A ,
SM11936 ,A ,
SM11938 ,S ,
SM11939 ,S ,
SM11940 ,S ,
SM11941 ,A ,
SM11942 ,A ,
SM11943 ,A ,
SM11944 ,A ,
SM11945 ,A ,
SM11946 ,S ,
SM11947 ,A ,
SM11948 ,A ,
SM11949 ,A ,
SM11950 ,A ,
SM11951 ,A ,
SM11952 ,A ,
SM11953 ,S ,
SM11954 ,A ,
SM11955 ,A ,
SM11956 ,S ,
SM11957 ,S ,
SM11958 ,S ,
SM11959 ,S ,
SM11960 ,A ,
SM11961 ,S ,
SM11962 ,A ,
SM11963 ,S ,
SM11964 ,S ,
SM11965 ,A ,
SM11966 ,A ,
SM11967 ,S ,
SM11968 ,A ,
SM11969 ,A ,
SM11970 ,A ,
SM11971 ,S ,
SM11972 ,S ,
SM11973 ,A ,
SM11974 ,A ,
SM11975 ,A ,
SM11976 ,S ,
SM11977 ,S ,
SM11978 ,S ,
SM11979 ,A ,
SM11981 ,S ,
SM11982 ,S ,
SM11983 ,A ,
SM11984 ,A ,
SM11985 ,A ,
SM11986 ,A ,
SM11987 ,S ,
SM11988 ,S ,
SM11989 ,S ,
SM11990 ,A ,
SM11991 ,A ,
SM11993 ,S ,
SM11994 ,S ,
SM11998 ,A ,
SM11999 ,A ,
SM12000 ,A ,
SM12001 ,S ,
SM12002 ,A ,
SM12003 ,A ,
SM12005 ,A ,
SM12006 ,S ,
SM12008 ,A ,
SM12009 ,S ,
SM12010 ,S ,
SM12011 ,A ,
SM12012 ,S ,
SM12013 ,A ,
SM12015 ,A ,
SM12016 ,A ,
SM12017 ,S ,
SM12019 ,S ,
SM12021 ,A ,
SM12022 ,A ,
SM12024 ,S ,
SM12025 ,A ,
SM12026 ,A ,
SM12027 ,A ,
SM12028 ,S ,
SM12029 ,A ,
SM12030 ,A ,
SM12031 ,A ,
SM12034 ,A ,
SM12035 ,S ,
SM12036 ,A ,
SM12037 ,S ,
SM12038 ,A ,
SM12040 ,S ,
SM12041 ,S ,
SM12042 ,S ,
SM12043 ,S ,
SM12044 ,A ,
SM12045 ,A ,
SM12046 ,A ,
SM12047 ,A ,
SM12048 ,S ,
SM12049 ,S ,
SM12050 ,S ,
SM12051 ,A ,
SM12053 ,A ,
SM12054 ,S ,
SM12055 ,A ,
SM12056 ,A ,
SM12059 ,S ,
SM12060 ,S ,
SM12061 ,A ,
SM12062 ,S ,
SM12063 ,S ,
SM12064 ,S ,
SM12065 ,A ,
SM12066 ,S ,
SM12067 ,A ,
SM12068 ,S ,
SM12069 ,A ,
SM12070 ,S ,
SM12071 ,A ,
SM12072 ,A ,
SM12073 ,S ,
SM12074 ,A ,
SM12075 ,S ,
SM12076 ,A ,
SM12078 ,A ,
SM12079 ,S ,
SM12080 ,A ,
SM12081 ,A ,
SM12082 ,A ,
SM12083 ,A ,
SM12084 ,A ,
SM12085 ,S ,
SM12086 ,A ,
SM12087 ,A ,
SM12088 ,A ,
SM12089 ,S ,
SM12090 ,A ,
SM12091 ,A ,
SM12092 ,A ,
SM12093 ,S ,
SM12094 ,A ,
SM12095 ,S ,
SM12097 ,S ,
SM12098 ,S ,
SM12099 ,A ,
SM12100 ,A ,
SM12101 ,S ,
SM12102 ,A ,
SM12103 ,A ,
SM12104 ,A ,
SM12105 ,A ,
SM12106 ,S ,
SM12108 ,A ,
SM12109 ,A ,
SM12110 ,S ,
SM12112 ,S ,
SM12113 ,A ,
SM12114 ,A ,
SM12116 ,A ,
SM12117 ,A ,
SM12118 ,S ,
SM12119 ,S ,
SM12121 ,A ,
SM12122 ,A ,
SM12123 ,A ,
SM12124 ,A ,
SM12125 ,A ,
SM12126 ,S ,
SM12129 ,A ,
SM12130 ,S ,
SM12131 ,A ,
SM12132 ,A ,
SM12133 ,A ,
SM12134 ,S ,
SM12135 ,A ,
SM12137 ,A ,
SM12138 ,A ,
SM12139 ,S ,
SM12140 ,A ,
SM12141 ,S ,
SM12142 ,S ,
SM12143 ,A ,
SM12144 ,S ,
SM12145 ,S ,
SM12146 ,A ,
SM12148 ,S ,
SM12149 ,A ,
SM12150 ,A ,
SM12151 ,S ,
SM12152 ,S ,
SM12153 ,A ,
SM12154 ,S ,
SM12155 ,A ,
SM12156 ,A ,
SM12157 ,A ,
SM12158 ,A ,
SM12159 ,S ,
SM12160 ,S ,
SM12161 ,S ,
SM12162 ,A ,
SM12163 ,A ,
SM12164 ,S ,
SM12165 ,A ,
SM12166 ,S ,
SM12167 ,S ,
SM12168 ,S ,
SM12169 ,A ,
SM12170 ,A ,
SM12171 ,A ,
SM12172 ,S ,
SM12173 ,S ,
SM12174 ,A ,
SM12175 ,A ,
SM12176 ,S ,
SM12177 ,S ,
SM12178 ,A ,
SM12179 ,A ,
SM12180 ,S ,
SM12181 ,A ,
SM12182 ,A ,
SM12183 ,S ,
SM12184 ,A ,
SM12185 ,A ,
SM12186 ,S ,
SM12187 ,A ,
SM12189 ,A ,
SM12190 ,A ,
SM12191 ,A ,
SM12192 ,A ,
SM12193 ,S ,
SM12195 ,A ,
SM12196 ,A ,
SM12197 ,A ,
SM12198 ,S ,
SM12199 ,A ,
SM12200 ,S ,
SM12201 ,A ,
SM12202 ,A ,
SM12203 ,A ,
SM12204 ,A ,
SM12205 ,S ,
SM12206 ,S ,
SM12207 ,A ,
SM12208 ,A ,
SM12209 ,A ,
SM12210 ,S ,
SM12211 ,A ,
SM12212 ,S ,
SM12213 ,A ,
SM12214 ,A ,
SM12215 ,A ,
SM12216 ,A ,
SM12217 ,S ,
SM12218 ,A ,
SM12219 ,A ,
SM12220 ,A ,
SM12222 ,S ,
SM12224 ,A ,
SM12225 ,S ,
SM12226 ,S ,
SM12228 ,A ,
SM12229 ,A ,
SM12230 ,A ,
SM12231 ,A ,
SM12232 ,A ,
SM12233 ,S ,
SM12234 ,A ,
SM12236 ,A ,
SM12237 ,A ,
SM12238 ,A ,
SM12239 ,S ,
SM12240 ,A ,
SM12241 ,A ,
SM12242 ,A ,
SM12243 ,A ,
SM12244 ,A ,
SM12245 ,A ,
SM12246 ,S ,
SM12247 ,A ,
SM12248 ,S ,
SM12249 ,A ,
SM12250 ,A ,
SM12252 ,A ,
SM12253 ,A ,
SM12254 ,A ,
SM12255 ,S ,
SM12256 ,A ,
SM12257 ,A ,
SM12258 ,S ,
SM12259 ,A ,
SM12260 ,S ,
SM12262 ,S ,
SM12263 ,A ,
SM12265 ,A ,
SM12266 ,A ,
SM12267 ,S ,
SM12268 ,A ,
SM12269 ,A ,
SM12270 ,A ,
SM12271 ,S ,
SM12272 ,A ,
SM12273 ,A ,
SM12274 ,A ,
SM12275 ,S ,
SM12276 ,S ,
SM12277 ,S ,
SM12278 ,A ,
SM12279 ,A ,
SM12280 ,A ,
SM12282 ,S ,
SM12283 ,S ,
SM12284 ,A ,
SM12285 ,A ,
SM12286 ,S ,
SM12287 ,A ,
SM12288 ,S ,
SM12289 ,A ,
SM12290 ,S ,
SM12291 ,S ,
SM12293 ,A ,
SM12294 ,A ,
SM12295 ,A ,
SM12296 ,A ,
SM12297 ,A ,
SM12298 ,S ,
SM12299 ,A ,
SM12301 ,A ,
SM12302 ,S ,
SM12303 ,A ,
SM12304 ,A ,
SM12305 ,A ,
SM12306 ,A ,
SM12307 ,A ,
SM12308 ,S ,
SM12309 ,A ,
SM12310 ,A ,
SM12311 ,A ,
SM12313 ,A ,
SM12315 ,S ,
SM12316 ,S ,
SM12317 ,A ,
SM12318 ,A ,
SM12319 ,S ,
SM12320 ,A ,
SM12322 ,A ,
SM12323 ,S ,
SM12324 ,A ,
SM12325 ,A ,
SM12326 ,A ,
SM12327 ,A ,
SM12328 ,S ,
SM12329 ,A ,
SM12330 ,A ,
SM12332 ,A ,
SM12335 ,A ,
SM12336 ,S ,
SM12337 ,A ,
SM12338 ,S ,
SM12340 ,A ,
SM12341 ,A ,
SM12342 ,A ,
SM12343 ,S ,
SM12344 ,A ,
SM12345 ,A ,
SM12346 ,A ,
SM12347 ,S ,
SM12348 ,A ,
SM12349 ,S ,
SM12350 ,S ,
SM12351 ,A ,
SM12353 ,A ,
SM12354 ,A ,
SM12355 ,S ,
SM12356 ,A ,
SM12357 ,A ,
SM12358 ,S ,
SM12359 ,A ,
SM12360 ,A ,
SM12361 ,A ,
SM12362 ,A ,
SM12363 ,S ,
SM12364 ,A ,
SM12365 ,A ,
SM12367 ,A ,
SM12368 ,S ,
SM12369 ,S ,
SM12370 ,A ,
SM12371 ,A ,
SM12372 ,A ,
SM12373 ,S ,
SM12374 ,A ,
SM12375 ,S ,
SM12376 ,A ,
SM12377 ,A ,
SM12378 ,A ,
SM12379 ,S ,
SM12380 ,A ,
SM12381 ,A ,
SM12382 ,A ,
SM12383 ,A ,
SM12384 ,S ,
SM12386 ,A ,
SM12387 ,A ,
SM12388 ,A ,
SM12389 ,A ,
SM12390 ,A ,
SM12391 ,S ,
SM12392 ,A ,
SM12393 ,A ,
SM12395 ,S ,
SM12396 ,A ,
SM12397 ,A ,
SM12398 ,A ,
SM12399 ,S ,
SM12400 ,A ,
SM12401 ,A ,
SM12402 ,A ,
SM12403 ,A ,
SM12404 ,S ,
SM12405 ,S ,
SM12406 ,S ,
SM12407 ,A ,
SM12408 ,A ,
SM12409 ,A ,
SM12410 ,S ,
SM12411 ,S ,
SM12412 ,A ,
SM12413 ,A ,
SM12414 ,A ,
SM12415 ,A ,
SM12416 ,A ,
SM12417 ,S ,
SM12418 ,A ,
SM12419 ,A ,
SM12420 ,A ,
SM12421 ,S ,
SM12422 ,A ,
SM12423 ,A ,
SM12424 ,S ,
SM12425 ,S ,
SM12426 ,A ,
SM12427 ,A ,
SM12429 ,A ,
SM12430 ,A ,
SM12431 ,A ,
SM12432 ,A ,
SM12433 ,S ,
SM12434 ,S ,
SM12435 ,S ,
SM12436 ,A ,
SM12437 ,S ,
SM12438 ,S ,
SM12439 ,S ,
SM12440 ,S ,
SM12441 ,A ,
SM12442 ,S ,
SM12443 ,A ,
SM12444 ,A ,
SM12445 ,A ,
SM12446 ,A ,
SM12447 ,S ,
SM12448 ,S ,
SM12449 ,A ,
SM12450 ,A ,
SM12451 ,S ,
SM12452 ,S ,
SM12453 ,A ,
SM12454 ,A ,
SM12455 ,A ,
SM12456 ,A ,
SM12457 ,S ,
SM12458 ,A ,
SM12459 ,A ,
SM12460 ,S ,
SM12461 ,A ,
SM12462 ,A ,
SM12463 ,A ,
SM12464 ,A ,
SM12465 ,S ,
SM12466 ,S ,
SM12467 ,S ,
SM12468 ,A ,
SM12469 ,A ,
SM12470 ,S ,
SM12471 ,S ,
SM12472 ,S ,
SM12473 ,S ,
SM12474 ,S ,
SM12475 ,A ,
SM12476 ,S ,
SM12477 ,A ,
SM12478 ,S ,
SM12479 ,A ,
SM12480 ,A ,
SM12481 ,S ,
SM12482 ,S ,
SM12483 ,A ,
SM12484 ,S ,
SM12485 ,S ,
SM12486 ,A ,
SM12487 ,S ,
SM12488 ,A ,
SM12489 ,A ,
SM12490 ,A ,
SM12491 ,S ,
SM12492 ,S ,
SM12493 ,S ,
SM12494 ,A ,
SM12495 ,A ,
SM12496 ,S ,
SM12497 ,A ,
SM12498 ,A ,
SM12499 ,A ,
SM12500 ,S ,
SM12501 ,S ,
SM12502 ,S ,
SM12503 ,A ,
SM12504 ,A ,
SM12505 ,S ,
SM12506 ,S ,
SM12507 ,S ,
SM12508 ,A ,
SM12509 ,A ,
SM12510 ,S ,
SM12512 ,S ,
SM12513 ,A ,
SM12514 ,S ,
SM12515 ,A ,
SM12516 ,S ,
SM12517 ,A ,
SM12518 ,A ,
SM12520 ,A ,
SM12521 ,S ,
SM12522 ,A ,
SM12523 ,S ,
SM12524 ,A ,
SM12525 ,S ,
SM12526 ,A ,
SM12527 ,A ,
SM12528 ,S ,
SM12529 ,S ,
SM12530 ,A ,
SM12533 ,S ,
SM12534 ,A ,
SM12535 ,A ,
SM12536 ,S ,
SM12537 ,S ,
SM12538 ,A ,
SM12539 ,A ,
SM12540 ,A ,
SM12542 ,S ,
SM12543 ,S ,
SM12544 ,A ,
SM12545 ,S ,
SM12546 ,S ,
SM12547 ,A ,
SM12548 ,S ,
SM12549 ,A ,
SM12550 ,S ,
SM12551 ,A ,
SM12552 ,A ,
SM12553 ,A ,
SM12554 ,A ,
SM12555 ,A ,
SM12556 ,A ,
SM12557 ,A ,
SM12558 ,S ,
SM12559 ,S ,
SM12560 ,A ,
SM12562 ,A ,
SM12563 ,A ,
SM12564 ,S ,
SM12565 ,S ,
SM12566 ,A ,
SM12567 ,S ,
SM12568 ,A ,
SM12569 ,A ,
SM12570 ,A ,
SM12571 ,A ,
SM12572 ,A ,
SM12573 ,A ,
SM12574 ,A ,
SM12575 ,A ,
SM12576 ,A ,
SM12577 ,S ,
SM12578 ,A ,
SM12579 ,S ,
SM12580 ,A ,
SM12582 ,A ,
SM12583 ,A ,
SM12584 ,S ,
SM12585 ,S ,
SM12586 ,S ,
SM12587 ,A ,
SM12588 ,A ,
SM12589 ,S ,
SM12591 ,S ,
SM12592 ,A ,
SM12594 ,A ,
SM12595 ,S ,
SM12596 ,A ,
SM12597 ,S ,
SM12598 ,A ,
SM12599 ,A ,
SM12600 ,A ,
SM12602 ,A ,
SM12603 ,A ,
SM12604 ,A ,
SM12605 ,A ,
SM12606 ,S ,
SM12607 ,A ,
SM12608 ,A ,
SM12609 ,S ,
SM12610 ,A ,
SM12611 ,A ,
SM12612 ,S ,
SM12613 ,A ,
SM12614 ,A ,
SM12615 ,S ,
SM12616 ,A ,
SM12617 ,A ,
SM12618 ,S ,
SM12619 ,S ,
SM12621 ,A ,
SM12623 ,S ,
SM12624 ,A ,
SM12625 ,S ,
SM12626 ,A ,
SM12627 ,S ,
SM12628 ,S ,
SM12629 ,A ,
SM12630 ,A ,
SM12631 ,A ,
SM12632 ,A ,
SM12633 ,S ,
SM12634 ,A ,
SM12635 ,A ,
SM12636 ,S ,
SM12637 ,S ,
SM12638 ,A ,
SM12639 ,A ,
SM12640 ,A ,
SM12641 ,A ,
SM12642 ,S ,
SM12643 ,A ,
SM12644 ,S ,
SM12645 ,S ,
SM12646 ,A ,
SM12647 ,A ,
SM12648 ,A ,
SM12649 ,S ,
SM12650 ,S ,
SM12651 ,S ,
SM12652 ,A ,
SM12653 ,A ,
SM12654 ,S ,
SM12655 ,S ,
SM12656 ,A ,
SM12657 ,A ,
SM12658 ,S ,
SM12659 ,A ,
SM12660 ,S ,
SM12662 ,S ,
SM12663 ,A ,
SM12664 ,S ,
SM12665 ,A ,
SM12666 ,S ,
SM12667 ,S ,
SM12668 ,S ,
SM12669 ,A ,
SM12670 ,A ,
SM12671 ,A ,
SM12672 ,S ,
SM12674 ,A ,
SM12676 ,A ,
SM12677 ,A ,
SM12679 ,A ,
SM12680 ,S ,
SM12681 ,A ,
SM12682 ,S ,
SM12683 ,S ,
SM12684 ,S ,
SM12685 ,A ,
SM12686 ,A ,
SM12687 ,S ,
SM12688 ,S ,
SM12689 ,S ,
SM12690 ,A ,
SM12691 ,S ,
SM12692 ,A ,
SM12693 ,S ,
SM12694 ,S ,
SM12695 ,A ,
SM12696 ,A ,
SM12697 ,A ,
SM12698 ,A ,
SM12699 ,A ,
SM12700 ,A ,
SM12701 ,S ,
SM12702 ,A ,
SM12703 ,A ,
SM12704 ,A ,
SM12705 ,S ,
SM12706 ,A ,
SM12707 ,S ,
SM12708 ,A ,
SM12709 ,S ,
SM12710 ,A ,
SM12711 ,S ,
SM12712 ,A ,
SM12713 ,A ,
SM12715 ,S ,
SM12716 ,A ,
SM12717 ,S ,
SM12718 ,A ,
SM12719 ,A ,
SM12720 ,S ,
SM12721 ,S ,
SM12722 ,S ,
SM12723 ,A ,
SM12724 ,A ,
SM12725 ,A ,
SM12726 ,A ,
SM12727 ,S ,
SM12728 ,A ,
SM12729 ,A ,
SM12730 ,S ,
SM12731 ,S ,
SM12732 ,S ,
SM12733 ,A ,
SM12734 ,A ,
SM12735 ,A ,
SM12736 ,S ,
SM12737 ,A ,
SM12738 ,A ,
SM12739 ,S ,
SM12740 ,S ,
SM12741 ,A ,
SM12742 ,S ,
SM12744 ,A ,
SM12745 ,S ,
SM12746 ,A ,
SM12747 ,A ,
SM12748 ,A ,
SM12749 ,A ,
SM12750 ,S ,
SM12751 ,A ,
SM12752 ,A ,
SM12753 ,A ,
SM12755 ,S ,
SM12756 ,A ,
SM12757 ,A ,
SM12758 ,S ,
SM12759 ,S ,
SM12760 ,S ,
SM12761 ,S ,
SM12762 ,S ,
SM12763 ,S ,
SM12764 ,S ,
SM12765 ,A ,
SM12766 ,A ,
SM12767 ,A ,
SM12768 ,A ,
SM12769 ,A ,
SM12770 ,S ,
SM12771 ,A ,
SM12772 ,S ,
SM12773 ,A ,
SM12774 ,A ,
SM12775 ,S ,
SM12776 ,A ,
SM12777 ,S ,
SM12778 ,S ,
SM12779 ,S ,
SM12780 ,S ,
SM12781 ,A ,
SM12782 ,S ,
SM12783 ,S ,
SM12784 ,S ,
SM12785 ,S ,
SM12786 ,S ,
SM12787 ,S ,
SM12788 ,A ,
SM12789 ,A ,
SM12790 ,A ,
SM12791 ,S ,
SM12792 ,S ,
SM12793 ,A ,
SM12795 ,A ,
SM12796 ,A ,
SM12797 ,S ,
SM12798 ,S ,
SM12799 ,A ,
SM12800 ,A ,
SM12801 ,A ,
SM12802 ,S ,
SM12803 ,A ,
SM12804 ,S ,
SM12805 ,A ,
SM12806 ,A ,
SM12807 ,S ,
SM12808 ,S ,
SM12809 ,A ,
SM12811 ,S ,
SM12812 ,A ,
SM12813 ,S ,
SM12814 ,A ,
SM12815 ,S ,
SM12816 ,A ,
SM12817 ,S ,
SM12818 ,S ,
SM12819 ,S ,
SM12820 ,A ,
SM12821 ,S ,
SM12822 ,S ,
SM12823 ,S ,
SM12825 ,A ,
SM12826 ,S ,
SM12827 ,S ,
SM12828 ,S ,
SM12829 ,S ,
SM12830 ,S ,
SM12831 ,A ,
SM12832 ,A ,
SM12833 ,S ,
SM12834 ,S ,
SM12835 ,A ,
SM12836 ,A ,
SM12837 ,S ,
SM12838 ,A ,
SM12839 ,A ,
SM12840 ,S ,
SM12841 ,A ,
SM12842 ,A ,
SM12843 ,S ,
SM12844 ,S ,
SM12845 ,A ,
SM12846 ,A ,
SM12847 ,A ,
SM12848 ,S ,
SM12849 ,A ,
SM12850 ,A ,
SM12851 ,S ,
SM12852 ,A ,
SM12853 ,A ,
SM12854 ,S ,
SM12855 ,A ,
SM12856 ,A ,
SM12857 ,S ,
SM12858 ,A ,
SM12859 ,S ,
SM12860 ,S ,
SM12861 ,A ,
SM12862 ,S ,
SM12863 ,S ,
SM12864 ,S ,
SM12865 ,A ,
SM12866 ,S ,
SM12867 ,A ,
SM12868 ,A ,
SM12869 ,S ,
SM12870 ,S ,
SM12871 ,S ,
SM12872 ,S ,
SM12873 ,S ,
SM12874 ,A ,
SM12875 ,A ,
SM12876 ,S ,
SM12877 ,S ,
SM12878 ,S ,
SM12880 ,S ,
SM12881 ,S ,
SM12882 ,S ,
SM12883 ,S ,
SM12884 ,S ,
SM12885 ,A ,
SM12886 ,S ,
SM12887 ,A ,
SM12888 ,S ,
SM12889 ,A ,
SM12890 ,A ,
SM12891 ,S ,
SM12892 ,S ,
SM12893 ,A ,
SM12894 ,A ,
SM12895 ,A ,
SM12896 ,S ,
SM12897 ,S ,
SM12898 ,S ,
SM12899 ,A ,
SM12900 ,S ,
SM12902 ,S ,
SM12903 ,S ,
SM12904 ,A ,
SM12905 ,A ,
SM12907 ,S ,
SM12908 ,A ,
SM12909 ,A ,
SM12910 ,S ,
SM12911 ,S ,
SM12912 ,A ,
SM12913 ,S ,
SM12914 ,S ,
SM12915 ,S ,
SM12916 ,S ,
SM12917 ,A ,
SM12918 ,A ,
SM12919 ,A ,
SM12920 ,A ,
SM12922 ,A ,
SM12923 ,S ,
SM12924 ,S ,
SM12925 ,S ,
SM12927 ,S ,
SM12928 ,S ,
SM12929 ,S ,
SM12930 ,A ,
SM12931 ,S ,
SM12932 ,S ,
SM12934 ,A ,
SM12935 ,A ,
SM12937 ,S ,
SM12938 ,A ,
SM12939 ,A ,
SM12940 ,A ,
SM12941 ,A ,
SM12942 ,S ,
SM12943 ,S ,
SM12944 ,A ,
SM12945 ,S ,
SM12946 ,S ,
SM12947 ,A ,
SM12948 ,A ,
SM12949 ,A ,
SM12950 ,S ,
SM12951 ,A ,
SM12952 ,S ,
SM12953 ,S ,
SM12954 ,A ,
SM12955 ,A ,
SM12956 ,A ,
SM12958 ,A ,
SM12959 ,S ,
SM12960 ,A ,
SM12961 ,S ,
SM12962 ,S ,
SM12963 ,A ,
SM12964 ,S ,
SM12965 ,A ,
SM12966 ,A ,
SM12967 ,S ,
SM12968 ,A ,
SM12969 ,A ,
SM12970 ,S ,
SM12971 ,A ,
SM12972 ,S ,
SM12973 ,A ,
SM12974 ,A ,
SM12975 ,S ,
SM12976 ,A ,
SM12977 ,A ,
SM12978 ,S ,
SM12979 ,S ,
SM12980 ,S ,
SM12981 ,A ,
SM12982 ,A ,
SM12983 ,S ,
SM12984 ,S ,
SM12985 ,A ,
SM12986 ,A ,
SM12987 ,S ,
SM12988 ,A ,
SM12989 ,S ,
SM12990 ,A ,
SM12991 ,A ,
SM12992 ,S ,
SM12993 ,A ,
SM12994 ,A ,
SM12995 ,A ,
SM12996 ,S ,
SM12997 ,A ,
SM12998 ,S ,
SM12999 ,A ,
SM13000 ,S ,
SM13001 ,S ,
SM13002 ,A ,
SM13003 ,A ,
SM13004 ,A ,
SM13005 ,A ,
SM13006 ,S ,
SM13007 ,S ,
SM13008 ,A ,
SM13009 ,A ,
SM13010 ,A ,
SM13011 ,S ,
SM13012 ,S ,
SM13013 ,A ,
SM13014 ,A ,
SM13015 ,A ,
SM13016 ,S ,
SM13017 ,A ,
SM13018 ,S ,
SM13019 ,A ,
SM13020 ,A ,
SM13021 ,A ,
SM13022 ,A ,
SM13023 ,A ,
SM13024 ,A ,
SM13025 ,S ,
SM13026 ,S ,
SM13027 ,A ,
SM13028 ,S ,
SM13029 ,A ,
SM13030 ,A ,
SM13031 ,S ,
SM13032 ,A ,
SM13033 ,A ,
SM13034 ,A ,
SM13035 ,S ,
SM13036 ,A ,
SM13037 ,A ,
SM13038 ,A ,
SM13039 ,S ,
SM13040 ,A ,
SM13041 ,A ,
SM13042 ,A ,
SM13043 ,A ,
SM13044 ,A ,
SM13045 ,S ,
SM13046 ,S ,
SM13047 ,S ,
SM13048 ,A ,
SM13049 ,A ,
SM13050 ,A ,
SM13051 ,S ,
SM13052 ,A ,
SM13053 ,A ,
SM13054 ,S ,
SM13055 ,A ,
SM13056 ,S ,
SM13057 ,S ,
SM13058 ,A ,
SM13059 ,A ,
SM13060 ,A ,
SM13061 ,S ,
SM13062 ,S ,
SM13063 ,A ,
SM13064 ,A ,
SM13065 ,A ,
SM13066 ,S ,
SM13067 ,A ,
SM13068 ,S ,
SM13069 ,A ,
SM13070 ,A ,
SM13071 ,A ,
SM13072 ,A ,
SM13073 ,S ,
SM13074 ,A ,
SM13075 ,S ,
SM13076 ,A ,
SM13077 ,A ,
SM13078 ,S ,
SM13079 ,S ,
SM13080 ,A ,
SM13081 ,A ,
SM13082 ,A ,
SM13083 ,A ,
SM13084 ,S ,
SM13085 ,A ,
SM13086 ,A ,
SM13087 ,S ,
SM13088 ,S ,
SM13089 ,S ,
SM13090 ,A ,
SM13091 ,S ,
SM13092 ,A ,
SM13093 ,A ,
SM13094 ,S ,
SM13095 ,S ,
SM13096 ,A ,
SM13097 ,S ,
SM13098 ,S ,
SM13099 ,A ,
SM13100 ,A ,
SM13101 ,A ,
SM13102 ,A ,
SM13103 ,A ,
SM13104 ,A ,
SM13105 ,A ,
SM13106 ,S ,
SM13107 ,A ,
SM13108 ,A ,
SM13109 ,S ,
SM13110 ,S ,
SM13111 ,A ,
SM13112 ,A ,
SM13113 ,A ,
SM13114 ,S ,
SM13115 ,S ,
SM13116 ,A ,
SM13117 ,S ,
SM13118 ,A ,
SM13119 ,A ,
SM13120 ,A ,
SM13121 ,S ,
SM13122 ,S ,
SM13123 ,S ,
SM13124 ,S ,
SM13125 ,A ,
SM13126 ,A ,
SM13127 ,S ,
SM13128 ,A ,
SM13129 ,A ,
SM13130 ,S ,
SM13131 ,A ,
SM13132 ,A ,
SM13133 ,A ,
SM13134 ,A ,
SM13135 ,A ,
SM13136 ,S ,
SM13137 ,A ,
SM13138 ,A ,
SM13139 ,S ,
SM13140 ,S ,
SM13141 ,S ,
SM13142 ,S ,
SM13143 ,A ,
SM13144 ,S ,
SM13145 ,A ,
SM13146 ,A ,
SM13147 ,A ,
SM13148 ,S ,
SM13149 ,A ,
SM13150 ,A ,
SM13151 ,A ,
SM13152 ,S ,
SM13153 ,A ,
SM13154 ,A ,
SM13155 ,A ,
SM13156 ,S ,
SM13157 ,A ,
SM13158 ,A ,
SM13159 ,A ,
SM13160 ,A ,
SM13161 ,A ,
SM13162 ,S ,
SM13163 ,S ,
SM13164 ,A ,
SM13165 ,A ,
SM13166 ,S ,
SM13167 ,A ,
SM13168 ,S ,
SM13169 ,A ,
SM13170 ,A ,
SM13171 ,S ,
SM13172 ,A ,
SM13173 ,A ,
SM13174 ,S ,
SM13175 ,A ,
SM13176 ,A ,
SM13177 ,A ,
SM13178 ,A ,
SM13179 ,S ,
SM13180 ,S ,
SM13182 ,A ,
SM13183 ,A ,
SM13184 ,S ,
SM13185 ,S ,
SM13186 ,A ,
SM13187 ,A ,
SM13188 ,A ,
SM13189 ,A ,
SM13190 ,A ,
SM13191 ,S ,
SM13192 ,S ,
SM13193 ,A ,
SM13194 ,A ,
SM13195 ,A ,
SM13196 ,S ,
SM13197 ,A ,
SM13198 ,A ,
SM13199 ,S ,
SM13200 ,S ,
SM13201 ,A ,
SM13202 ,A ,
SM13203 ,S ,
SM13204 ,A ,
SM13205 ,S ,
SM13206 ,A ,
SM13207 ,A ,
SM13208 ,A ,
SM13209 ,A ,
SM13211 ,A ,
SM13212 ,A ,
SM13213 ,A ,
SM13214 ,S ,
SM13215 ,A ,
SM13216 ,A ,
SM13217 ,A ,
SM13218 ,A ,
SM13219 ,A ,
SM13220 ,S ,
SM13221 ,A ,
SM13222 ,S ,
SM13223 ,A ,
SM13225 ,A ,
SM13226 ,A ,
SM13227 ,S ,
SM13228 ,A ,
SM13229 ,S ,
SM13230 ,S ,
SM13231 ,A ,
SM13232 ,S ,
SM13233 ,A ,
SM13234 ,S ,
SM13235 ,A ,
SM13236 ,A ,
SM13237 ,A ,
SM13238 ,A ,
SM13239 ,S ,
SM13240 ,A ,
SM13241 ,A ,
SM13242 ,S ,
SM13243 ,A ,
SM13244 ,A ,
SM13245 ,S ,
SM13246 ,A ,
SM13247 ,S ,
SM13248 ,A ,
SM13249 ,A ,
SM13250 ,S ,
SM13251 ,A ,
SM13252 ,S ,
SM13253 ,A ,
SM13254 ,S ,
SM13255 ,S ,
SM13256 ,A ,
SM13257 ,A ,
SM13258 ,A ,
SM13259 ,A ,
SM13260 ,A ,
SM13261 ,S ,
SM13262 ,A ,
SM13263 ,A ,
SM13264 ,S ,
SM13265 ,A ,
SM13266 ,S ,
SM13267 ,A ,
SM13268 ,A ,
SM13269 ,S ,
SM13270 ,S ,
SM13271 ,A ,
SM13272 ,S ,
SM13273 ,S ,
SM13274 ,A ,
SM13275 ,A ,
SM13276 ,A ,
SM13277 ,A ,
SM13278 ,A ,
SM13279 ,A ,
SM13280 ,S ,
SM13281 ,A ,
SM13282 ,S ,
SM13283 ,A ,
SM13284 ,S ,
SM13285 ,A ,
SM13286 ,S ,
SM13287 ,A ,
SM13289 ,A ,
SM13290 ,A ,
SM13291 ,A ,
SM13292 ,S ,
SM13293 ,A ,
SM13294 ,A ,
SM13295 ,S ,
SM13296 ,A ,
SM13297 ,A ,
SM13298 ,S ,
SM13299 ,S ,
SM13300 ,S ,
SM13301 ,A ,
SM13302 ,S ,
SM13303 ,A ,
SM13304 ,A ,
SM13306 ,A ,
SM13307 ,A ,
SM13308 ,A ,
SM13309 ,S ,
SM13310 ,A ,
SM13311 ,A ,
SM13312 ,A ,
SM13313 ,S ,
SM13314 ,S ,
SM13315 ,S ,
SM13316 ,A ,
SM13317 ,A ,
SM13318 ,S ,
SM13319 ,A ,
SM13320 ,A ,
SM13321 ,S ,
SM13322 ,S ,
SM13323 ,A ,
SM13324 ,A ,
SM13325 ,A ,
SM13326 ,A ,
SM13327 ,S ,
SM13328 ,S ,
SM13329 ,A ,
SM13330 ,S ,
SM13331 ,A ,
SM13332 ,A ,
SM13333 ,S ,
SM13334 ,A ,
SM13335 ,A ,
SM13336 ,A ,
SM13337 ,A ,
SM13338 ,A ,
SM13339 ,S ,
SM13340 ,A ,
SM13341 ,A ,
SM13342 ,A ,
SM13343 ,S ,
SM13344 ,A ,
SM13345 ,A ,
SM13346 ,A ,
SM13347 ,S ,
SM13348 ,A ,
SM13350 ,S ,
SM13351 ,S ,
SM13352 ,S ,
SM13353 ,A ,
SM13354 ,A ,
SM13355 ,S ,
SM13356 ,A ,
SM13357 ,A ,
SM13358 ,S ,
SM13359 ,A ,
SM13360 ,A ,
SM13361 ,A ,
SM13362 ,A ,
SM13363 ,S ,
SM13364 ,A ,
SM13365 ,A ,
SM13366 ,A ,
SM13367 ,A ,
SM13368 ,S ,
SM13369 ,A ,
SM13370 ,A ,
SM13371 ,A ,
SM13372 ,A ,
SM13373 ,A ,
SM13374 ,A ,
SM13375 ,A ,
SM13376 ,A ,
SM13377 ,A ,
SM13378 ,A ,
SM13379 ,A ,
SM13380 ,A ,
SM13381 ,S ,
SM13382 ,S ,
SM13383 ,A ,
SM13384 ,A ,
SM13385 ,A ,
SM13386 ,A ,
SM13387 ,A ,
SM13388 ,A ,
SM13389 ,S ,
SM13390 ,A ,
SM13391 ,S ,
SM13392 ,S ,
SM13393 ,S ,
SM13394 ,A ,
SM13395 ,A ,
SM13396 ,A ,
SM13397 ,A ,
SM13398 ,S ,
SM13399 ,S ,
SM13400 ,S ,
SM13401 ,S ,
SM13402 ,A ,
SM13403 ,A ,
SM13404 ,A ,
SM13405 ,A ,
SM13406 ,A ,
SM13407 ,A ,
SM13408 ,S ,
SM13409 ,S ,
SM13410 ,S ,
SM13411 ,A ,
SM13412 ,A ,
SM13413 ,A ,
SM13414 ,S ,
SM13415 ,A ,
SM13416 ,A ,
SM13417 ,S ,
SM13418 ,A ,
SM13419 ,S ,
SM13420 ,A ,
SM13421 ,A ,
SM13422 ,A ,
SM13423 ,A ,
SM13424 ,A ,
SM13425 ,S ,
SM13426 ,A ,
SM13427 ,A ,
SM13428 ,A ,
SM13429 ,A ,
SM13430 ,A ,
SM13431 ,S ,
SM13432 ,S ,
SM13433 ,A ,
SM13434 ,S ,
SM13435 ,A ,
SM13436 ,A ,
SM13437 ,A ,
SM13438 ,A ,
SM13439 ,A ,
SM13440 ,S ,
SM13441 ,A ,
SM13442 ,A ,
SM13443 ,S ,
SM13444 ,A ,
SM13445 ,A ,
SM13446 ,S ,
SM13447 ,A ,
SM13448 ,S ,
SM13449 ,A ,
SM13450 ,S ,
SM13451 ,A ,
SM13452 ,A ,
SM13453 ,A ,
SM13454 ,A ,
SM13455 ,S ,
SM13456 ,A ,
SM13457 ,A ,
SM13458 ,A ,
SM13459 ,S ,
SM13460 ,A ,
SM13461 ,A ,
SM13462 ,A ,
SM13463 ,S ,
SM13464 ,A ,
SM13465 ,A ,
SM13466 ,A ,
SM13467 ,A ,
SM13468 ,S ,
SM13469 ,A ,
SM13470 ,A ,
SM13471 ,A ,
SM13472 ,A ,
SM13473 ,S ,
SM13474 ,A ,
SM13475 ,S ,
SM13476 ,A ,
SM13477 ,A ,
SM13478 ,A ,
SM13479 ,A ,
SM13480 ,S ,
SM13481 ,A ,
SM13482 ,S ,
SM13483 ,S ,
SM13484 ,S ,
SM13485 ,S ,
SM13486 ,A ,
SM13487 ,A ,
SM13488 ,S ,
SM13489 ,A ,
SM13490 ,A ,
SM13491 ,A ,
SM13492 ,S ,
SM13493 ,A ,
SM13494 ,A ,
SM13495 ,A ,
SM13496 ,A ,
SM13497 ,S ,
SM13498 ,A ,
SM13499 ,A ,
SM13500 ,A ,
SM13501 ,A ,
SM13502 ,S ,
SM13503 ,A ,
SM13504 ,A ,
SM13505 ,A ,
SM13506 ,S ,
SM13507 ,A ,
SM13508 ,S ,
SM13509 ,A ,
SM13510 ,A ,
SM13511 ,A ,
SM13512 ,A ,
SM13513 ,S ,
SM13514 ,A ,
SM13515 ,S ,
SM13516 ,S ,
SM13517 ,S ,
SM13518 ,A ,
SM13519 ,A ,
SM13520 ,A ,
SM13521 ,A ,
SM13522 ,S ,
SM13523 ,A ,
SM13524 ,A ,
SM13525 ,S ,
SM13526 ,A ,
SM13527 ,A ,
SM13528 ,A ,
SM13529 ,S ,
SM13530 ,A ,
SM13531 ,S ,
SM13532 ,A ,
SM13533 ,A ,
SM13534 ,A ,
SM13535 ,A ,
SM13536 ,A ,
SM13537 ,S ,
SM13538 ,A ,
SM13539 ,A ,
SM13540 ,A ,
SM13541 ,S ,
SM13542 ,A ,
SM13543 ,A ,
SM13544 ,A ,
SM13545 ,A ,
SM13546 ,A ,
SM13547 ,A ,
SM13548 ,S ,
SM13549 ,S ,
SM13550 ,S ,
SM13551 ,A ,
SM13552 ,A ,
SM13553 ,S ,
SM13554 ,S ,
SM13555 ,A ,
SM13556 ,A ,
SM13557 ,A ,
SM13558 ,S ,
SM13559 ,A ,
SM13560 ,A ,
SM13561 ,A ,
SM13562 ,S ,
SM13563 ,A ,
SM13564 ,S ,
SM13565 ,A ,
SM13566 ,A ,
SM13567 ,A ,
SM13568 ,S ,
SM13569 ,S ,
SM13570 ,A ,
SM13571 ,A ,
SM13572 ,S ,
SM13573 ,A ,
SM13574 ,A ,
SM13575 ,S ,
SM13576 ,A ,
SM13577 ,A ,
SM13578 ,S ,
SM13579 ,A ,
SM13580 ,A ,
SM13581 ,S ,
SM13582 ,S ,
SM13583 ,A ,
SM13584 ,A ,
SM13585 ,A ,
SM13586 ,A ,
SM13587 ,S ,
SM13588 ,A ,
SM13589 ,S ,
SM13590 ,A ,
SM13591 ,S ,
SM13592 ,A ,
SM13593 ,A ,
SM13594 ,A ,
SM13595 ,A ,
SM13596 ,S ,
SM13597 ,S ,
SM13598 ,S ,
SM13599 ,A ,
SM13600 ,A ,
SM13601 ,S ,
SM13602 ,A ,
SM13603 ,A ,
SM13604 ,S ,
SM13605 ,A ,
SM13606 ,A ,
SM13607 ,A ,
SM13608 ,S ,
SM13609 ,A ,
SM13610 ,A ,
SM13611 ,A ,
SM13612 ,S ,
SM13613 ,A ,
SM13614 ,S ,
SM13615 ,A ,
SM13616 ,A ,
SM13617 ,A ,
SM13618 ,S ,
SM13619 ,A ,
SM13620 ,A ,
SM13621 ,A ,
SM13622 ,A ,
SM13623 ,S ,
SM13624 ,A ,
SM13625 ,S ,
SM13626 ,S ,
SM13627 ,S ,
SM13628 ,A ,
SM13629 ,A ,
SM13630 ,A ,
SM13631 ,A ,
SM13632 ,A ,
SM13633 ,A ,
SM13634 ,S ,
SM13635 ,A ,
SM13636 ,S ,
SM13637 ,A ,
SM13638 ,A ,
SM13639 ,A ,
SM13640 ,A ,
SM13641 ,S ,
SM13642 ,S ,
SM13643 ,A ,
SM13644 ,A ,
SM13645 ,S ,
SM13646 ,A ,
SM13647 ,A ,
SM13648 ,A ,
SM13649 ,S ,
SM13650 ,A ,
SM13651 ,A ,
SM13652 ,A ,
SM13653 ,S ,
SM13654 ,S ,
SM13655 ,S ,
SM13656 ,S ,
SM13657 ,A ,
SM13658 ,A ,
SM13659 ,A ,
SM13660 ,A ,
SM13661 ,A ,
SM13662 ,A ,
SM13663 ,A ,
SM13664 ,A ,
SM13665 ,A ,
SM13666 ,S ,
SM13667 ,A ,
SM13668 ,A ,
SM13669 ,S ,
SM13670 ,A ,
SM13671 ,S ,
SM13672 ,A ,
SM13673 ,A ,
SM13674 ,S ,
SM13675 ,A ,
SM13676 ,A ,
SM13677 ,S ,
SM13678 ,A ,
SM13679 ,A ,
SM13680 ,A ,
SM13681 ,S ,
SM13682 ,S ,
SM13683 ,A ,
SM13684 ,A ,
SM13685 ,A ,
SM13686 ,S ,
SM13687 ,A ,
SM13688 ,A ,
SM13689 ,A ,
SM13690 ,A ,
SM13691 ,A ,
SM13692 ,S ,
SM13693 ,A ,
SM13694 ,A ,
SM13695 ,A ,
SM13696 ,A ,
SM13697 ,A ,
SM13698 ,S ,
SM13699 ,S ,
SM13700 ,A ,
SM13701 ,A ,
SM13702 ,A ,
SM13703 ,S ,
SM13704 ,A ,
SM13705 ,A ,
SM13706 ,A ,
SM13707 ,A ,
SM13708 ,S ,
SM13709 ,A ,
SM13710 ,A ,
SM13711 ,A ,
SM13712 ,S ,
SM13713 ,S ,
SM13714 ,S ,
SM13715 ,A ,
SM13716 ,S ,
SM13717 ,S ,
SM13718 ,A ,
SM13719 ,A ,
SM13720 ,A ,
SM13721 ,A ,
SM13722 ,A ,
SM13723 ,A ,
SM13724 ,A ,
SM13725 ,S ,
SM13726 ,A ,
SM13727 ,S ,
SM13728 ,A ,
SM13729 ,A ,
SM13730 ,A ,
SM13731 ,S ,
SM13732 ,S ,
SM13733 ,A ,
SM13734 ,S ,
SM13735 ,S ,
SM13736 ,A ,
SM13737 ,S ,
SM13739 ,S ,
SM13740 ,A ,
SM13741 ,A ,
SM13742 ,A ,
SM13743 ,A ,
SM13744 ,A ,
SM13745 ,S ,
SM13747 ,S ,
SM13748 ,A ,
SM13749 ,A ,
SM13750 ,A ,
SM13751 ,A ,
SM13752 ,A ,
SM13753 ,S ,
SM13754 ,A ,
SM13755 ,A ,
SM13756 ,A ,
SM13757 ,A ,
SM13758 ,A ,
SM13759 ,A ,
SM13760 ,S ,
SM13761 ,A ,
SM13762 ,A ,
SM13763 ,A ,
SM13764 ,A ,
SM13765 ,S ,
SM13766 ,A ,
SM13767 ,S ,
SM13768 ,S ,
SM13769 ,A ,
SM13770 ,S ,
SM13771 ,A ,
SM13772 ,A ,
SM13773 ,A ,
SM13774 ,S ,
SM13775 ,A ,
SM13776 ,A ,
SM13777 ,S ,
SM13778 ,A ,
SM13779 ,A ,
SM13780 ,S ,
SM13781 ,A ,
SM13782 ,A ,
SM13783 ,S ,
SM13784 ,A ,
SM13785 ,A ,
SM13786 ,A ,
SM13787 ,A ,
SM13789 ,A ,
SM13790 ,S ,
SM13791 ,A ,
SM13792 ,A ,
SM13793 ,S ,
SM13794 ,S ,
SM13795 ,A ,
SM13796 ,A ,
SM13797 ,S ,
SM13798 ,A ,
SM13799 ,S ,
SM13800 ,A ,
SM13802 ,S ,
SM13803 ,A ,
SM13804 ,S ,
SM13805 ,A ,
SM13806 ,S ,
SM13807 ,A ,
SM13808 ,A ,
SM13810 ,A ,
SM13811 ,S ,
SM13812 ,S ,
SM13813 ,A ,
SM13814 ,A ,
SM13815 ,S ,
SM13816 ,A ,
SM13817 ,S ,
SM13818 ,A ,
SM13819 ,A ,
SM13820 ,A ,
SM13821 ,A ,
SM13822 ,S ,
SM13823 ,A ,
SM13824 ,S ,
SM13825 ,A ,
SM13826 ,A ,
SM13827 ,A ,
SM13828 ,A ,
SM13829 ,S ,
SM13830 ,A ,
SM13831 ,A ,
SM13832 ,A ,
SM13833 ,S ,
SM13834 ,A ,
SM13835 ,A ,
SM13836 ,S ,
SM13837 ,A ,
SM13838 ,S ,
SM13839 ,A ,
SM13840 ,A ,
SM13841 ,A ,
SM13842 ,A ,
SM13843 ,S ,
SM13844 ,A ,
SM13845 ,A ,
SM13846 ,A ,
SM13847 ,A ,
SM13848 ,A ,
SM13849 ,S ,
SM13850 ,A ,
SM13851 ,A ,
SM13852 ,A ,
SM13853 ,S ,
SM13854 ,A ,
SM13855 ,A ,
SM13856 ,S ,
SM13857 ,S ,
SM13858 ,S ,
SM13859 ,A ,
SM13860 ,S ,
SM13861 ,S ,
SM13862 ,A ,
SM13863 ,A ,
SM13864 ,S ,
SM13865 ,S ,
SM13866 ,A ,
SM13867 ,A ,
SM13868 ,A ,
SM13869 ,S ,
SM13870 ,S ,
SM13871 ,A ,
SM13872 ,S ,
SM13873 ,A ,
SM13874 ,A ,
SM13875 ,A ,
SM13876 ,S ,
SM13877 ,A ,
SM13878 ,A ,
SM13879 ,S ,
SM13880 ,S ,
SM13881 ,A ,
SM13882 ,A ,
SM13883 ,A ,
SM13884 ,A ,
SM13885 ,A ,
SM13886 ,A ,
SM13887 ,S ,
SM13888 ,A ,
SM13889 ,A ,
SM13890 ,A ,
SM13891 ,S ,
SM13892 ,A ,
SM13894 ,S ,
SM13895 ,A ,
SM13896 ,S ,
SM13897 ,A ,
SM13898 ,A ,
SM13899 ,S ,
SM13900 ,A ,
SM13901 ,A ,
SM13902 ,S ,
SM13903 ,A ,
SM13904 ,S ,
SM13905 ,A ,
SM13906 ,A ,
SM13907 ,S ,
SM13908 ,A ,
SM13909 ,A ,
SM13910 ,S ,
SM13912 ,A ,
SM13913 ,A ,
SM13914 ,A ,
SM13915 ,S ,
SM13916 ,A ,
SM13917 ,S ,
SM13918 ,A ,
SM13919 ,A ,
SM13920 ,A ,
SM13921 ,A ,
SM13922 ,A ,
SM13923 ,A ,
SM13924 ,A ,
SM13925 ,S ,
SM13926 ,A ,
SM13927 ,S ,
SM13928 ,A ,
SM13929 ,A ,
SM13930 ,A ,
SM13931 ,A ,
SM13932 ,S ,
SM13933 ,A ,
SM13934 ,S ,
SM13935 ,S ,
SM13936 ,A ,
SM13937 ,A ,
SM13938 ,S ,
SM13939 ,S ,
SM13940 ,S ,
SM13941 ,S ,
SM13942 ,A ,
SM13943 ,A ,
SM13944 ,A ,
SM13945 ,S ,
SM13946 ,S ,
SM13947 ,S ,
SM13948 ,S ,
SM13949 ,A ,
SM13950 ,S ,
SM13951 ,S ,
SM13952 ,S ,
SM13953 ,S ,
SM13954 ,S ,
SM13955 ,S ,
SM13956 ,A ,
SM13957 ,A ,
SM13958 ,A ,
SM13959 ,S ,
SM13960 ,A ,
SM13961 ,S ,
SM13962 ,A ,
SM13963 ,S ,
SM13964 ,A ,
SM13965 ,S ,
SM13966 ,S ,
SM13967 ,A ,
SM13968 ,S ,
SM13969 ,S ,
SM13970 ,S ,
SM13971 ,A ,
SM13972 ,A ,
SM13973 ,S ,
SM13975 ,S ,
SM13976 ,S ,
SM13977 ,A ,
SM13978 ,S ,
SM13979 ,S ,
SM13980 ,A ,
SM13981 ,S ,
SM13982 ,S ,
SM13983 ,A ,
SM13984 ,S ,
SM13985 ,S ,
SM13986 ,S ,
SM13987 ,S ,
SM13988 ,S ,
SM13989 ,A ,
SM13991 ,A ,
SM13993 ,A ,
SM13994 ,S ,
SM13995 ,S ,
SM13996 ,A ,
SM13997 ,A ,
SM13998 ,S ,
SM13999 ,S ,
SM14000 ,A ,
SM14001 ,A ,
SM14002 ,S ,
SM14003 ,S ,
SM14004 ,S ,
SM14005 ,A ,
SM14006 ,A ,
SM14007 ,S ,
SM14008 ,S ,
SM14009 ,S ,
SM14010 ,S ,
SM14011 ,S ,
SM14012 ,S ,
SM14014 ,A ,
SM14015 ,S ,
SM14016 ,S ,
SM14017 ,S ,
SM14018 ,A ,
SM14019 ,A ,
SM14020 ,A ,
SM14021 ,A ,
SM14023 ,S ,
SM14024 ,A ,
SM14025 ,A ,
SM14026 ,S ,
SM14027 ,S ,
SM14028 ,A ,
SM14029 ,A ,
SM14030 ,A ,
SM14031 ,A ,
SM14032 ,A ,
SM14033 ,S ,
SM14034 ,A ,
SM14035 ,S ,
SM14036 ,A ,
SM14037 ,S ,
SM14038 ,S ,
SM14040 ,A ,
SM14041 ,A ,
SM14042 ,A ,
SM14043 ,S ,
SM14044 ,S ,
SM14045 ,S ,
SM14046 ,A ,
SM14047 ,A ,
SM14049 ,S ,
SM14050 ,A ,
SM14051 ,S ,
SM14052 ,S ,
SM14053 ,A ,
SM14054 ,S ,
SM14055 ,S ,
SM14056 ,A ,
SM14057 ,S ,
SM14058 ,S ,
SM14059 ,S ,
SM14060 ,S ,
SM14061 ,S ,
SM14062 ,S ,
SM14063 ,S ,
SM14064 ,A ,
SM14065 ,A ,
SM14066 ,S ,
SM14067 ,S ,
SM14068 ,A ,
SM14069 ,S ,
SM14070 ,A ,
SM14071 ,A ,
SM14072 ,S ,
SM14073 ,S ,
SM14074 ,S ,
SM14075 ,A ,
SM14076 ,S ,
SM14077 ,S ,
SM14078 ,S ,
SM14079 ,S ,
SM14080 ,A ,
SM14081 ,A ,
SM14082 ,S ,
SM14083 ,A ,
SM14084 ,S ,
SM14085 ,A ,
SM14086 ,S ,
SM14087 ,S ,
SM14088 ,A ,
SM14089 ,A ,
SM14090 ,S ,
SM14091 ,A ,
SM14092 ,A ,
SM14093 ,S ,
SM14094 ,S ,
SM14095 ,S ,
SM14096 ,A ,
SM14097 ,S ,
SM14098 ,A ,
SM14099 ,S ,
SM14100 ,S ,
SM14101 ,S ,
SM14102 ,S ,
SM14103 ,A ,
SM14104 ,A ,
SM14105 ,S ,
SM14106 ,S ,
SM14107 ,S ,
SM14108 ,S ,
SM14109 ,A ,
SM14110 ,S ,
SM14111 ,S ,
SM14112 ,S ,
SM14113 ,A ,
SM14114 ,A ,
SM14115 ,A ,
SM14116 ,S ,
SM14117 ,A ,
SM14118 ,A ,
SM14119 ,S ,
SM14120 ,S ,
SM14122 ,S ,
SM14123 ,S ,
SM14124 ,S ,
SM14125 ,S ,
SM14126 ,S ,
SM14127 ,A ,
SM14128 ,S ,
SM14129 ,S ,
SM14130 ,S ,
SM14131 ,A ,
SM14133 ,S ,
SM14135 ,S ,
SM14136 ,S ,
SM14137 ,A ,
SM14138 ,A ,
SM14139 ,S ,
SM14140 ,S ,
SM14141 ,S ,
SM14142 ,A ,
SM14143 ,S ,
SM14144 ,A ,
SM14145 ,A ,
SM14146 ,S ,
SM14147 ,A ,
SM14148 ,S ,
SM14149 ,A ,
SM14150 ,A ,
SM14151 ,A ,
SM14152 ,S ,
SM14153 ,A ,
SM14154 ,A ,
SM14155 ,S ,
SM14156 ,S ,
SM14157 ,A ,
SM14158 ,S ,
SM14159 ,A ,
SM14160 ,S ,
SM14161 ,S ,
SM14162 ,A ,
SM14163 ,S ,
SM14164 ,A ,
SM14165 ,S ,
SM14166 ,A ,
SM14167 ,S ,
SM14169 ,S ,
SM14170 ,A ,
SM14171 ,A ,
SM14172 ,A ,
SM14173 ,S ,
SM14175 ,S ,
SM14177 ,S ,
SM14178 ,A ,
SM14179 ,S ,
SM14180 ,S ,
SM14181 ,S ,
SM14182 ,S ,
SM14183 ,S ,
SM14184 ,A ,
SM14185 ,S ,
SM14186 ,S ,
SM14187 ,S ,
SM14188 ,S ,
SM14189 ,S ,
SM14190 ,A ,
SM14191 ,A ,
SM14192 ,A ,
SM14194 ,A ,
SM14195 ,S ,
SM14196 ,A ,
SM14197 ,S ,
SM14198 ,A ,
SM14199 ,A ,
SM14200 ,A ,
SM14201 ,S ,
SM14202 ,A ,
SM14203 ,A ,
SM14204 ,S ,
SM14205 ,S ,
SM14206 ,A ,
SM14207 ,S ,
SM14208 ,S ,
SM14209 ,A ,
SM14210 ,S ,
SM14211 ,A ,
SM14212 ,S ,
SM14213 ,S ,
SM14214 ,S ,
SM14215 ,A ,
SM14216 ,A ,
SM14217 ,S ,
SM14218 ,A ,
SM14219 ,A ,
SM14220 ,S ,
SM14221 ,A ,
SM14222 ,A ,
SM14223 ,S ,
SM14224 ,A ,
SM14225 ,S ,
SM14227 ,S ,
SM14228 ,S ,
SM14229 ,A ,
SM14230 ,S ,
SM14231 ,A ,
SM14232 ,S ,
SM14233 ,A ,
SM14234 ,S ,
SM14235 ,A ,
SM14236 ,A ,
SM14237 ,S ,
SM14238 ,A ,
SM14239 ,S ,
SM14240 ,S ,
SM14241 ,A ,
SM14242 ,S ,
SM14243 ,A ,
SM14244 ,A ,
SM14245 ,S ,
SM14246 ,A ,
SM14247 ,A ,
SM14248 ,S ,
SM14249 ,S ,
SM14250 ,S ,
SM14251 ,A ,
SM14252 ,S ,
SM14254 ,A ,
SM14255 ,S ,
SM14256 ,A ,
SM14257 ,A ,
SM14258 ,S ,
SM14259 ,A ,
SM14260 ,S ,
SM14261 ,S ,
SM14262 ,S ,
SM14264 ,S ,
SM14265 ,A ,
SM14266 ,S ,
SM14267 ,S ,
SM14268 ,A ,
SM14269 ,A ,
SM14270 ,A ,
SM14271 ,A ,
SM14272 ,A ,
SM14273 ,A ,
SM14274 ,S ,
SM14275 ,S ,
SM14276 ,A ,
SM14277 ,S ,
SM14278 ,A ,
SM14279 ,S ,
SM14280 ,A ,
SM14281 ,S ,
SM14282 ,S ,
SM14283 ,A ,
SM14284 ,S ,
SM14285 ,S ,
SM14286 ,A ,
SM14287 ,A ,
SM14288 ,A ,
SM14289 ,A ,
SM14290 ,A ,
SM14291 ,S ,
SM14293 ,A ,
SM14294 ,S ,
SM14295 ,A ,
SM14296 ,A ,
SM14297 ,S ,
SM14298 ,A ,
SM14299 ,S ,
SM14300 ,S ,
SM14301 ,S ,
SM14302 ,A ,
SM14303 ,A ,
SM14304 ,A ,
SM14305 ,S ,
SM14306 ,S ,
SM14307 ,A ,
SM14308 ,S ,
SM14309 ,A ,
SM14310 ,A ,
SM14311 ,S ,
SM14312 ,S ,
SM14313 ,S ,
SM14314 ,A ,
SM14315 ,S ,
SM14316 ,A ,
SM14317 ,S ,
SM14318 ,A ,
SM14319 ,S ,
SM14321 ,S ,
SM14322 ,A ,
SM14323 ,A ,
SM14324 ,A ,
SM14325 ,S ,
SM14326 ,A ,
SM14327 ,A ,
SM14328 ,A ,
SM14329 ,S ,
SM14330 ,S ,
SM14331 ,S ,
SM14332 ,A ,
SM14333 ,S ,
SM14334 ,A ,
SM14335 ,A ,
SM14336 ,A ,
SM14337 ,S ,
SM14339 ,S ,
SM14340 ,S ,
SM14341 ,A ,
SM14342 ,A ,
SM14343 ,A ,
SM14344 ,S ,
SM14345 ,A ,
SM14346 ,S ,
SM14347 ,A ,
SM14348 ,A ,
SM14349 ,A ,
SM14350 ,S ,
SM14351 ,A ,
SM14352 ,S ,
SM14353 ,A ,
SM14355 ,A ,
SM14356 ,S ,
SM14357 ,S ,
SM14358 ,A ,
SM14359 ,S ,
SM14360 ,A ,
SM14361 ,S ,
SM14362 ,A ,
SM14363 ,S ,
SM14364 ,A ,
SM14365 ,S ,
SM14366 ,S ,
SM14367 ,S ,
SM14368 ,A ,
SM14369 ,S ,
SM14370 ,S ,
SM14371 ,A ,
SM14372 ,S ,
SM14373 ,A ,
SM14374 ,S ,
SM14375 ,A ,
SM14376 ,A ,
SM14377 ,S ,
SM14378 ,A ,
SM14379 ,S ,
SM14380 ,A ,
SM14381 ,S ,
SM14382 ,A ,
SM14383 ,S ,
SM14384 ,S ,
SM14385 ,A ,
SM14386 ,S ,
SM14387 ,S ,
SM14388 ,S ,
SM14389 ,S ,
SM14390 ,A ,
SM14391 ,S ,
SM14392 ,S ,
SM14393 ,S ,
SM14394 ,A ,
SM14395 ,S ,
SM14396 ,S ,
SM14397 ,S ,
SM14398 ,A ,
SM14399 ,A ,
SM14400 ,A ,
SM14401 ,A ,
SM14402 ,S ,
SM14403 ,S ,
SM14404 ,A ,
SM14405 ,A ,
SM14406 ,A ,
SM14407 ,S ,
SM14408 ,S ,
SM14409 ,A ,
SM14410 ,A ,
SM14411 ,A ,
SM14412 ,S ,
SM14413 ,S ,
SM14414 ,S ,
SM14415 ,A ,
SM14416 ,A ,
SM14417 ,S ,
SM14418 ,S ,
SM14419 ,S ,
SM14420 ,A ,
SM14421 ,A ,
SM14422 ,S ,
SM14423 ,A ,
SM14424 ,A ,
SM14425 ,S ,
SM14426 ,S ,
SM14427 ,A ,
SM14428 ,A ,
SM14429 ,S ,
SM14430 ,S ,
SM14431 ,S ,
SM14432 ,A ,
SM14433 ,S ,
SM14434 ,S ,
SM14435 ,A ,
SM14437 ,S ,
SM14438 ,S ,
SM14439 ,S ,
SM14440 ,S ,
SM14441 ,S ,
SM14442 ,A ,
SM14443 ,A ,
SM14444 ,A ,
SM14445 ,S ,
SM14446 ,A ,
SM14447 ,A ,
SM14448 ,S ,
SM14449 ,S ,
SM14450 ,A ,
SM14451 ,S ,
SM14452 ,S ,
SM14453 ,A ,
SM14454 ,S ,
SM14455 ,S ,
SM14456 ,A ,
SM14457 ,S ,
SM14458 ,A ,
SM14459 ,A ,
SM14460 ,S ,
SM14461 ,S ,
SM14462 ,A ,
SM14463 ,S ,
SM14464 ,S ,
SM14465 ,S ,
SM14466 ,S ,
SM14467 ,A ,
SM14468 ,A ,
SM14469 ,A ,
SM14471 ,S ,
SM14472 ,S ,
SM14473 ,A ,
SM14474 ,A ,
SM14475 ,A ,
SM14476 ,S ,
SM14477 ,A ,
SM14478 ,S ,
SM14479 ,A ,
SM14480 ,S ,
SM14481 ,S ,
SM14482 ,A ,
SM14483 ,S ,
SM14484 ,S ,
SM14485 ,A ,
SM14486 ,A ,
SM14487 ,S ,
SM14488 ,S ,
SM14489 ,S ,
SM14490 ,A ,
SM14491 ,A ,
SM14492 ,A ,
SM14493 ,S ,
SM14494 ,S ,
SM14495 ,S ,
SM14496 ,A ,
SM14497 ,A ,
SM14498 ,S ,
SM14499 ,A ,
SM14500 ,S ,
SM14501 ,S ,
SM14502 ,S ,
SM14503 ,S ,
SM14504 ,A ,
SM14505 ,A ,
SM14506 ,S ,
SM14507 ,A ,
SM14508 ,S ,
SM14509 ,S ,
SM14510 ,S ,
SM14511 ,S ,
SM14512 ,A ,
SM14513 ,S ,
SM14514 ,A ,
SM14515 ,A ,
SM14516 ,S ,
SM14517 ,A ,
SM14518 ,S ,
SM14519 ,A ,
SM14520 ,A ,
SM14521 ,S ,
SM14522 ,A ,
SM14523 ,S ,
SM14524 ,S ,
SM14525 ,A ,
SM14526 ,A ,
SM14527 ,A ,
SM14528 ,S ,
SM14529 ,S ,
SM14530 ,A ,
SM14531 ,A ,
SM14532 ,S ,
SM14533 ,A ,
SM14534 ,A ,
SM14535 ,S ,
SM14536 ,S ,
SM14537 ,A ,
SM14538 ,S ,
SM14539 ,S ,
SM14540 ,S ,
SM14541 ,A ,
SM14542 ,A ,
SM14543 ,A ,
SM14544 ,S ,
SM14545 ,A ,
SM14546 ,S ,
SM14547 ,A ,
SM14548 ,S ,
SM14549 ,S ,
SM14550 ,A ,
SM14551 ,A ,
SM14552 ,S ,
SM14553 ,S ,
SM14554 ,A ,
SM14555 ,S ,
SM14556 ,S ,
SM14557 ,A ,
SM14558 ,S ,
SM14559 ,A ,
SM14560 ,S ,
SM14561 ,A ,
SM14562 ,A ,
SM14563 ,A ,
SM14564 ,S ,
SM14566 ,S ,
SM14567 ,A ,
SM14568 ,S ,
SM14569 ,S ,
SM14570 ,S ,
SM14571 ,A ,
SM14572 ,S ,
SM14573 ,S ,
SM14574 ,S ,
SM14575 ,A ,
SM14576 ,A ,
SM14577 ,A ,
SM14578 ,A ,
SM14579 ,S ,
SM14580 ,A ,
SM14581 ,S ,
SM14582 ,S ,
SM14583 ,S ,
SM14584 ,A ,
SM14585 ,A ,
SM14586 ,S ,
SM14587 ,A ,
SM14588 ,S ,
SM14589 ,A ,
SM14590 ,S ,
SM14591 ,A ,
SM14592 ,S ,
SM14593 ,S ,
SM14594 ,A ,
SM14595 ,S ,
SM14596 ,S ,
SM14597 ,A ,
SM14598 ,S ,
SM14599 ,A ,
SM14600 ,S ,
SM14602 ,S ,
SM14603 ,A ,
SM14604 ,S ,
SM14605 ,S ,
SM14606 ,A ,
SM14607 ,S ,
SM14608 ,A ,
SM14609 ,A ,
SM14610 ,A ,
SM14611 ,A ,
SM14613 ,A ,
SM14614 ,S ,
SM14615 ,A ,
SM14616 ,S ,
SM14617 ,S ,
SM14618 ,A ,
SM14619 ,S ,
SM14620 ,A ,
SM14621 ,S ,
SM14622 ,A ,
SM14623 ,A ,
SM14624 ,A ,
SM14625 ,S ,
SM14626 ,A ,
SM14627 ,A ,
SM14628 ,A ,
SM14629 ,A ,
SM14630 ,S ,
SM14631 ,A ,
SM14632 ,S ,
SM14633 ,A ,
SM14634 ,S ,
SM14635 ,A ,
SM14636 ,S ,
SM14637 ,A ,
SM14638 ,A ,
SM14639 ,A ,
SM14640 ,S ,
SM14641 ,S ,
SM14642 ,A ,
SM14643 ,S ,
SM14644 ,A ,
SM14645 ,S ,
SM14646 ,A ,
SM14647 ,S ,
SM14648 ,A ,
SM14649 ,A ,
SM14650 ,S ,
SM14651 ,S ,
SM14652 ,A ,
SM14653 ,A ,
SM14654 ,S ,
SM14655 ,A ,
SM14656 ,S ,
SM14658 ,A ,
SM14659 ,S ,
SM14660 ,S ,
SM14661 ,A ,
SM14662 ,S ,
SM14663 ,A ,
SM14664 ,S ,
SM14665 ,S ,
SM14666 ,A ,
SM14667 ,S ,
SM14668 ,S ,
SM14669 ,A ,
SM14670 ,A ,
SM14672 ,S ,
SM14673 ,A ,
SM14674 ,S ,
SM14675 ,A ,
SM14676 ,S ,
SM14677 ,A ,
SM14678 ,A ,
SM14679 ,S ,
SM14680 ,A ,
SM14681 ,S ,
SM14682 ,S ,
SM14683 ,A ,
SM14684 ,A ,
SM14685 ,A ,
SM14686 ,S ,
SM14687 ,S ,
SM14688 ,A ,
SM14689 ,A ,
SM14690 ,S ,
SM14691 ,A ,
SM14692 ,A ,
SM14693 ,S ,
SM14694 ,A ,
SM14695 ,S ,
SM14696 ,A ,
SM14697 ,A ,
SM14698 ,A ,
SM14699 ,S ,
SM14700 ,A ,
SM14701 ,S ,
SM14703 ,S ,
SM14704 ,S ,
SM14705 ,S ,
SM14706 ,A ,
SM14707 ,A ,
SM14708 ,S ,
SM14709 ,S ,
SM14710 ,A ,
SM14711 ,A ,
SM14712 ,A ,
SM14713 ,S ,
SM14714 ,A ,
SM14715 ,S ,
SM14716 ,A ,
SM14717 ,S ,
SM14718 ,A ,
SM14719 ,A ,
SM14720 ,S ,
SM14721 ,S ,
SM14722 ,A ,
SM14723 ,A ,
SM14724 ,S ,
SM14725 ,S ,
SM14726 ,A ,
SM14727 ,S ,
SM14728 ,S ,
SM14729 ,A ,
SM14730 ,S ,
SM14731 ,A ,
SM14732 ,A ,
SM14733 ,S ,
SM14734 ,A ,
SM14735 ,A ,
SM14736 ,S ,
SM14737 ,A ,
SM14738 ,A ,
SM14739 ,A ,
SM14740 ,A ,
SM14741 ,S ,
SM14742 ,S ,
SM14743 ,A ,
SM14744 ,A ,
SM14746 ,S ,
SM14747 ,S ,
SM14748 ,A ,
SM14749 ,A ,
SM14750 ,S ,
SM14751 ,S ,
SM14752 ,A ,
SM14753 ,S ,
SM14754 ,S ,
SM14755 ,S ,
SM14756 ,A ,
SM14757 ,A ,
SM14758 ,A ,
SM14759 ,A ,
SM14760 ,A ,
SM14761 ,S ,
SM14762 ,S ,
SM14763 ,S ,
SM14765 ,S ,
SM14766 ,A ,
SM14767 ,S ,
SM14768 ,A ,
SM14769 ,A ,
SM14770 ,S ,
SM14772 ,A ,
SM14773 ,S ,
SM14774 ,A ,
SM14775 ,A ,
SM14776 ,A ,
SM14777 ,A ,
SM14778 ,A ,
SM14779 ,S ,
SM14780 ,A ,
SM14781 ,S ,
SM14782 ,A ,
SM14783 ,A ,
SM14784 ,S ,
SM14785 ,A ,
SM14786 ,A ,
SM14787 ,S ,
SM14788 ,S ,
SM14789 ,S ,
SM14790 ,A ,
SM14791 ,S ,
SM14792 ,S ,
SM14793 ,A ,
SM14794 ,A ,
SM14795 ,A ,
SM14796 ,S ,
SM14797 ,A ,
SM14798 ,A ,
SM14799 ,A ,
SM14800 ,A ,
SM14801 ,A ,
SM14802 ,S ,
SM14803 ,S ,
SM14804 ,S ,
SM14805 ,A ,
SM14807 ,S ,
SM14808 ,A ,
SM14809 ,A ,
SM14810 ,A ,
SM14811 ,S ,
SM14812 ,S ,
SM14815 ,S ,
SM14816 ,S ,
SM14817 ,A ,
SM14818 ,S ,
SM14819 ,A ,
SM14820 ,A ,
SM14821 ,S ,
SM14823 ,A ,
SM14824 ,A ,
SM14825 ,S ,
SM14826 ,S ,
SM14827 ,A ,
SM14828 ,A ,
SM14829 ,S ,
SM14830 ,S ,
SM14831 ,A ,
SM14832 ,A ,
SM14833 ,S ,
SM14834 ,A ,
SM14835 ,A ,
SM14836 ,A ,
SM14837 ,S ,
SM14838 ,A ,
SM14839 ,S ,
SM14840 ,A ,
SM14841 ,A ,
SM14842 ,A ,
SM14843 ,A ,
SM14844 ,A ,
SM14845 ,S ,
SM14847 ,S ,
SM14848 ,A ,
SM14849 ,A ,
SM14850 ,S ,
SM14851 ,A ,
SM14852 ,S ,
SM14853 ,A ,
SM14854 ,A ,
SM14855 ,A ,
SM14856 ,A ,
SM14857 ,S ,
SM14858 ,A ,
SM14860 ,A ,
SM14861 ,S ,
SM14862 ,A ,
SM14863 ,S ,
SM14864 ,A ,
SM14865 ,A ,
SM14866 ,S ,
SM14867 ,S ,
SM14868 ,S ,
SM14869 ,A ,
SM14870 ,A ,
SM14871 ,A ,
SM14872 ,A ,
SM14873 ,S ,
SM14874 ,A ,
SM14875 ,A ,
SM14876 ,S ,
SM14877 ,S ,
SM14878 ,A ,
SM14879 ,A ,
SM14881 ,S ,
SM14882 ,A ,
SM14883 ,S ,
SM14884 ,S ,
SM14885 ,A ,
SM14886 ,S ,
SM14887 ,A ,
SM14888 ,A ,
SM14889 ,A ,
SM14890 ,S ,
SM14891 ,A ,
SM14893 ,A ,
SM14894 ,S ,
SM14895 ,S ,
SM14896 ,S ,
SM14897 ,S ,
SM14898 ,A ,
SM14899 ,S ,
SM14900 ,A ,
SM14901 ,A ,
SM14902 ,A ,
SM14903 ,A ,
SM14904 ,S ,
SM14905 ,A ,
SM14906 ,S ,
SM14907 ,A ,
SM14908 ,A ,
SM14909 ,S ,
SM14910 ,A ,
SM14911 ,S ,
SM14912 ,A ,
SM14913 ,S ,
SM14914 ,A ,
SM14915 ,S ,
SM14916 ,A ,
SM14917 ,A ,
SM14918 ,A ,
SM14919 ,S ,
SM14920 ,A ,
SM14921 ,S ,
SM14922 ,A ,
SM14923 ,A ,
SM14924 ,A ,
SM14925 ,A ,
SM14926 ,S ,
SM14927 ,A ,
SM14928 ,A ,
SM14929 ,S ,
SM14930 ,A ,
SM14931 ,S ,
SM14932 ,S ,
SM14933 ,A ,
SM14934 ,S ,
SM14935 ,A ,
SM14936 ,S ,
SM14937 ,A ,
SM14938 ,S ,
SM14939 ,A ,
SM14940 ,S ,
SM14941 ,S ,
SM14942 ,A ,
SM14943 ,A ,
SM14944 ,A ,
SM14945 ,A ,
SM14946 ,S ,
SM14947 ,A ,
SM14948 ,S ,
SM14949 ,A ,
SM14950 ,A ,
SM14951 ,A ,
SM14952 ,A ,
SM14953 ,S ,
SM14954 ,A ,
SM14955 ,A ,
SM14956 ,S ,
SM14957 ,S ,
SM14958 ,S ,
SM14959 ,A ,
SM14960 ,S ,
SM14961 ,A ,
SM14962 ,S ,
SM14963 ,A ,
SM14964 ,A ,
SM14965 ,A ,
SM14966 ,S ,
SM14967 ,A ,
SM14968 ,A ,
SM14969 ,A ,
SM14970 ,A ,
SM14971 ,A ,
SM14972 ,A ,
SM14973 ,S ,
SM14974 ,A ,
SM14975 ,S ,
SM14976 ,S ,
SM14977 ,A ,
SM14978 ,A ,
SM14979 ,S ,
SM14980 ,A ,
SM14981 ,A ,
SM14982 ,A ,
SM14983 ,A ,
SM14984 ,A ,
SM14985 ,A ,
SM14986 ,A ,
SM14987 ,A ,
SM14988 ,S ,
SM14989 ,A ,
SM14990 ,S ,
SM14991 ,A ,
SM14992 ,A ,
SM14993 ,S ,
SM14994 ,A ,
SM14995 ,S ,
SM14996 ,S ,
SM14997 ,A ,
SM14998 ,A ,
SM14999 ,A ,
SM15000 ,A ,
SM15001 ,A ,
SM15002 ,A ,
SM15003 ,S ,
SM15004 ,A ,
SM15005 ,A ,
SM15006 ,A ,
SM15007 ,A ,
SM15008 ,S ,
SM15009 ,S ,
SM15010 ,A ,
SM15011 ,S ,
SM15012 ,S ,
SM15013 ,A ,
SM15014 ,A ,
SM15015 ,S ,
SM15016 ,S ,
SM15017 ,A ,
SM15018 ,A ,
SM15019 ,A ,
SM15020 ,S ,
SM15021 ,S ,
SM15022 ,A ,
SM15023 ,S ,
SM15024 ,A ,
SM15025 ,A ,
SM15026 ,A ,
SM15027 ,A ,
SM15028 ,A ,
SM15029 ,S ,
SM15030 ,A ,
SM15031 ,A ,
SM15032 ,A ,
SM15033 ,S ,
SM15034 ,A ,
SM15035 ,A ,
SM15036 ,A ,
SM15037 ,S ,
SM15038 ,A ,
SM15039 ,A ,
SM15040 ,A ,
SM15041 ,S ,
SM15042 ,A ,
SM15043 ,A ,
SM15044 ,A ,
SM15045 ,A ,
SM15046 ,A ,
SM15047 ,A ,
SM15048 ,A ,
SM15049 ,A ,
SM15050 ,A ,
SM15051 ,S ,
SM15052 ,A ,
SM15053 ,A ,
SM15054 ,A ,
SM15055 ,A ,
SM15056 ,A ,
SM15057 ,S ,
SM15058 ,A ,
SM15059 ,A ,
SM15060 ,A ,
SM15061 ,A ,
SM15062 ,S ,
SM15063 ,A ,
SM15064 ,A ,
SM15065 ,A ,
SM15066 ,S ,
SM15067 ,A ,
SM15068 ,A ,
SM15069 ,S ,
SM15070 ,A ,
SM15071 ,A ,
SM15072 ,A ,
SM15073 ,S ,
SM15075 ,A ,
SM15076 ,A ,
SM15077 ,A ,
SM15078 ,A ,
SM15079 ,A ,
SM15080 ,A ,
SM15081 ,A ,
SM15082 ,S ,
SM15083 ,S ,
SM15084 ,A ,
SM15085 ,A ,
SM15086 ,A ,
SM15087 ,A ,
SM15088 ,A ,
SM15089 ,A ,
SM15090 ,A ,
SM15091 ,S ,
SM15092 ,A ,
SM15093 ,A ,
SM15094 ,A ,
SM15095 ,A ,
SM15096 ,S ,
SM15097 ,A ,
SM15098 ,A ,
SM15099 ,A ,
SM15100 ,A ,
SM15101 ,A ,
SM15102 ,A ,
SM15103 ,S ,
SM15104 ,A ,
SM15105 ,A ,
SM15106 ,A ,
SM15107 ,S ,
SM15108 ,A ,
SM15109 ,A ,
SM15110 ,S ,
SM15111 ,A ,
SM15112 ,A ,
SM15113 ,A ,
SM15114 ,A ,
SM15115 ,A ,
SM15116 ,A ,
SM15117 ,S ,
SM15119 ,A ,
SM15120 ,A ,
SM15121 ,A ,
SM15122 ,A ,
SM15123 ,A ,
SM15124 ,A ,
SM15125 ,A ,
SM15126 ,A ,
SM15127 ,A ,
SM15128 ,A ,
SM15129 ,S ,
SM15130 ,A ,
SM15131 ,A ,
SM15132 ,A ,
SM15133 ,A ,
SM15134 ,A ,
SM15135 ,A ,
SM15136 ,A ,
SM15137 ,A ,
SM15138 ,A ,
SM15139 ,S ,
SM15140 ,A ,
SM15141 ,A ,
SM15143 ,A ,
SM15145 ,A ,
SM15146 ,A ,
SM15148 ,S ,
SM15149 ,A ,
SM15150 ,A ,
SM15151 ,A ,
SM15152 ,A ,
SM15153 ,A ,
SM15154 ,A ,
SM15155 ,A ,
SM15156 ,A ,
SM15157 ,S ,
SM15158 ,A ,
SM15159 ,A ,
SM15160 ,A ,
SM15161 ,A ,
SM15162 ,A ,
SM15163 ,S ,
SM15164 ,A ,
SM15165 ,S ,
SM15166 ,A ,
SM15167 ,A ,
SM15168 ,A ,
SM15169 ,A ,
SM15170 ,S ,
SM15171 ,A ,
SM15172 ,A ,
SM15174 ,A ,
SM15176 ,A ,
SM15178 ,S ,
SM15179 ,A ,
SM15180 ,A ,
SM15181 ,A ,
SM15182 ,A ,
SM15183 ,S ,
SM15184 ,A ,
SM15185 ,A ,
SM15186 ,A ,
SM15187 ,A ,
SM15188 ,S ,
SM15189 ,A ,
SM15190 ,S ,
SM15191 ,A ,
SM15192 ,A ,
SM15193 ,A ,
SM15194 ,A ,
SM15195 ,A ,
SM15196 ,S ,
SM15197 ,A ,
SM15198 ,A ,
SM15199 ,A ,
SM15200 ,A ,
SM15201 ,S ,
SM15202 ,S ,
SM15203 ,A ,
SM15204 ,A ,
SM15205 ,A ,
SM15206 ,A ,
SM15207 ,A ,
SM15209 ,S ,
SM15210 ,A ,
SM15211 ,A ,
SM15213 ,A ,
SM15214 ,A ,
SM15215 ,A ,
SM15216 ,S ,
SM15217 ,A ,
SM15218 ,A ,
SM15219 ,A ,
SM15220 ,A ,
SM15222 ,A ,
SM15223 ,A ,
SM15224 ,S ,
SM15225 ,A ,
SM15226 ,S ,
SM15227 ,A ,
SM15228 ,A ,
SM15229 ,A ,
SM15230 ,A ,
SM15231 ,S ,
SM15232 ,A ,
SM15233 ,A ,
SM15234 ,A ,
SM15235 ,A ,
SM15236 ,A ,
SM15237 ,S ,
SM15238 ,A ,
SM15240 ,A ,
SM15241 ,A ,
SM15242 ,A ,
SM15243 ,A ,
SM15244 ,S ,
SM15245 ,A ,
SM15246 ,A ,
SM15247 ,A ,
SM15248 ,A ,
SM15249 ,A ,
SM15250 ,A ,
SM15251 ,A ,
SM15252 ,A ,
SM15253 ,S ,
SM15254 ,A ,
SM15255 ,A ,
SM15256 ,A ,
SM15257 ,A ,
SM15258 ,A ,
SM15259 ,A ,
SM15260 ,A ,
SM15261 ,S ,
SM15262 ,A ,
SM15263 ,A ,
SM15264 ,S ,
SM15265 ,S ,
SM15266 ,A ,
SM15267 ,A ,
SM15268 ,A ,
SM15269 ,S ,
SM15270 ,A ,
SM15271 ,A ,
SM15272 ,S ,
SM15273 ,A ,
SM15274 ,A ,
SM15275 ,S ,
SM15276 ,A ,
SM15277 ,A ,
SM15278 ,S ,
SM15279 ,A ,
SM15280 ,S ,
SM15281 ,A ,
SM15282 ,A ,
SM15283 ,A ,
SM15284 ,A ,
SM15285 ,A ,
SM15286 ,S ,
SM15287 ,A ,
SM15288 ,A ,
SM15289 ,S ,
SM15290 ,A ,
SM15291 ,S ,
SM15292 ,S ,
SM15293 ,A ,
SM15294 ,A ,
SM15295 ,A ,
SM15296 ,A ,
SM15297 ,S ,
SM15298 ,A ,
SM15299 ,S ,
SM15301 ,A ,
SM15302 ,S ,
SM15303 ,A ,
SM15304 ,A ,
SM15305 ,S ,
SM15306 ,A ,
SM15307 ,A ,
SM15308 ,S ,
SM15309 ,A ,
SM15310 ,A ,
SM15311 ,A ,
SM15312 ,S ,
SM15313 ,A ,
SM15314 ,A ,
SM15315 ,S ,
SM15316 ,A ,
SM15317 ,A ,
SM15318 ,A ,
SM15319 ,S ,
SM15320 ,A ,
SM15321 ,A ,
SM15322 ,S ,
SM15323 ,A ,
SM15325 ,A ,
SM15327 ,S ,
SM15328 ,A ,
SM15329 ,S ,
SM15331 ,A ,
SM15332 ,A ,
SM15333 ,A ,
SM15335 ,A ,
SM15337 ,S ,
SM15338 ,S ,
SM15339 ,S ,
SM15340 ,S ,
SM15341 ,S ,
SM15342 ,A ,
SM15343 ,A ,
SM15344 ,A ,
SM15345 ,S ,
SM15346 ,A ,
SM15347 ,S ,
SM15349 ,A ,
SM15350 ,A ,
SM15351 ,A ,
SM15352 ,A ,
SM15353 ,A ,
SM15354 ,S ,
SM15356 ,S ,
SM15357 ,A ,
SM15358 ,S ,
SM15359 ,A ,
SM15360 ,A ,
SM15361 ,A ,
SM15362 ,A ,
SM15363 ,S ,
SM15365 ,A ,
SM15366 ,A ,
SM15367 ,A ,
SM15368 ,S ,
SM15369 ,A ,
SM15370 ,A ,
SM15371 ,S ,
SM15372 ,S ,
SM15373 ,A ,
SM15374 ,S ,
SM15375 ,A ,
SM15376 ,S ,
SM15377 ,S ,
SM15378 ,A ,
SM15379 ,A ,
SM15380 ,S ,
SM15381 ,S ,
SM15382 ,A ,
SM15384 ,A ,
SM15385 ,A ,
SM15386 ,A ,
SM15387 ,A ,
SM15388 ,A ,
SM15389 ,S ,
SM15390 ,A ,
SM15391 ,A ,
SM15392 ,A ,
SM15393 ,A ,
SM15395 ,S ,
SM15396 ,A ,
SM15397 ,A ,
SM15398 ,A ,
SM15399 ,S ,
SM15400 ,A ,
SM15401 ,S ,
SM15402 ,S ,
SM15403 ,A ,
SM15404 ,A ,
SM15405 ,S ,
SM15406 ,S ,
SM15407 ,A ,
SM15408 ,A ,
SM15409 ,S ,
SM15410 ,A ,
SM15411 ,A ,
SM15412 ,A ,
SM15413 ,A ,
SM15414 ,A ,
SM15417 ,A ,
SM15418 ,S ,
SM15420 ,S ,
SM15421 ,A ,
SM15422 ,A ,
SM15423 ,A ,
SM15424 ,S ,
SM15425 ,A ,
SM15426 ,S ,
SM15428 ,A ,
SM15429 ,A ,
SM15430 ,S ,
SM15431 ,A ,
SM15432 ,A ,
SM15433 ,A ,
SM15434 ,A ,
SM15435 ,A ,
SM15436 ,S ,
SM15437 ,A ,
SM15438 ,S ,
SM15439 ,A ,
SM15440 ,A ,
SM15441 ,A ,
SM15442 ,A ,
SM15443 ,A ,
SM15444 ,S ,
SM15445 ,A ,
SM15447 ,A ,
SM15448 ,A ,
SM15449 ,A ,
SM15450 ,S ,
SM15451 ,A ,
SM15452 ,S ,
SM15453 ,A ,
SM15454 ,A ,
SM15455 ,S ,
SM15456 ,A ,
SM15457 ,A ,
SM15458 ,A ,
SM15459 ,A ,
SM15460 ,S ,
SM15461 ,A ,
SM15462 ,A ,
SM15463 ,A ,
SM15464 ,S ,
SM15465 ,S ,
SM15466 ,A ,
SM15467 ,A ,
SM15468 ,S ,
SM15469 ,A ,
SM15470 ,A ,
SM15471 ,A ,
SM15472 ,A ,
SM15473 ,S ,
SM15474 ,A ,
SM15475 ,A ,
SM15476 ,A ,
SM15477 ,A ,
SM15478 ,S ,
SM15479 ,A ,
SM15480 ,A ,
SM15481 ,A ,
SM15482 ,A ,
SM15483 ,S ,
SM15484 ,A ,
SM15485 ,S ,
SM15486 ,S ,
SM15487 ,A ,
SM15490 ,A ,
SM15491 ,S ,
SM15492 ,A ,
SM15493 ,A ,
SM15494 ,A ,
SM15495 ,S ,
SM15497 ,A ,
SM15498 ,S ,
SM15499 ,A ,
SM15500 ,S ,
SM15501 ,A ,
SM15502 ,A ,
SM15503 ,S ,
SM15504 ,A ,
SM15505 ,A ,
SM15506 ,A ,
SM15507 ,S ,
SM15508 ,S ,
SM15509 ,A ,
SM15511 ,S ,
SM15512 ,A ,
SM15513 ,A ,
SM15514 ,S ,
SM15515 ,A ,
SM15516 ,A ,
SM15517 ,S ,
SM15518 ,A ,
SM15519 ,A ,
SM15520 ,S ,
SM15521 ,S ,
SM15522 ,A ,
SM15523 ,A ,
SM15524 ,A ,
SM15525 ,S ,
SM15526 ,A ,
SM15527 ,S ,
SM15528 ,A ,
SM15529 ,A ,
SM15530 ,A ,
SM15531 ,A ,
SM15532 ,S ,
SM15533 ,A ,
SM15534 ,S ,
SM15535 ,A ,
SM15536 ,S ,
SM15537 ,S ,
SM15539 ,S ,
SM15540 ,A ,
SM15541 ,A ,
SM15542 ,A ,
SM15544 ,S ,
SM15545 ,A ,
SM15546 ,A ,
SM15547 ,A ,
SM15548 ,S ,
SM15549 ,S ,
SM15550 ,A ,
SM15551 ,S ,
SM15552 ,S ,
SM15553 ,A ,
SM15555 ,S ,
SM15557 ,A ,
SM15560 ,S ,
SM15561 ,S ,
SM15562 ,A ,
SM15563 ,A ,
SM15564 ,A ,
SM15565 ,S ,
SM15566 ,S ,
SM15567 ,A ,
SM15568 ,S ,
SM15569 ,S ,
SM15570 ,A ,
SM15571 ,S ,
SM15572 ,S ,
SM15573 ,S ,
SM15574 ,A ,
SM15575 ,S ,
SM15576 ,A ,
SM15577 ,A ,
SM15578 ,A ,
SM15579 ,A ,
SM15580 ,S ,
SM15582 ,A ,
SM15584 ,S ,
SM15585 ,A ,
SM15586 ,A ,
SM15587 ,S ,
SM15588 ,A ,
SM15590 ,S ,
SM15591 ,S ,
SM15592 ,A ,
SM15593 ,A ,
SM15594 ,S ,
SM15595 ,S ,
SM15596 ,S ,
SM15597 ,A ,
SM15598 ,A ,
SM15600 ,S ,
SM15601 ,A ,
SM15602 ,S ,
SM15603 ,S ,
SM15605 ,S ,
SM15606 ,S ,
SM15607 ,S ,
SM15608 ,A ,
SM15609 ,A ,
SM15610 ,S ,
SM15611 ,A ,
SM15612 ,S ,
SM15613 ,S ,
SM15614 ,A ,
SM15615 ,A ,
SM15616 ,S ,
SM15617 ,A ,
SM15618 ,A ,
SM15619 ,S ,
SM15620 ,S ,
SM15621 ,A ,
SM15622 ,S ,
SM15623 ,S ,
SM15624 ,A ,
SM15625 ,A ,
SM15626 ,S ,
SM15627 ,S ,
SM15628 ,A ,
SM15629 ,A ,
SM15630 ,S ,
SM15631 ,A ,
SM15632 ,S ,
SM15633 ,S ,
SM15634 ,A ,
SM15635 ,A ,
SM15636 ,A ,
SM15637 ,A ,
SM15638 ,A ,
SM15639 ,A ,
SM15640 ,S ,
SM15641 ,S ,
SM15642 ,A ,
SM15643 ,S ,
SM15644 ,S ,
SM15646 ,S ,
SM15647 ,A ,
SM15648 ,S ,
SM15649 ,S ,
SM15650 ,A ,
SM15651 ,A ,
SM15652 ,S ,
SM15653 ,S ,
SM15654 ,A ,
SM15655 ,S ,
SM15656 ,A ,
SM15658 ,A ,
SM15659 ,A ,
SM15660 ,A ,
SM15661 ,S ,
SM15662 ,A ,
SM15663 ,A ,
SM15664 ,A ,
SM15665 ,A ,
SM15666 ,S ,
SM15667 ,A ,
SM15668 ,S ,
SM15669 ,S ,
SM15670 ,A ,
SM15671 ,S ,
SM15672 ,A ,
SM15673 ,S ,
SM15674 ,S ,
SM15675 ,A ,
SM15676 ,A ,
SM15677 ,A ,
SM15678 ,S ,
SM15679 ,S ,
SM15680 ,A ,
SM15681 ,A ,
SM15682 ,A ,
SM15683 ,A ,
SM15684 ,S ,
SM15685 ,A ,
SM15686 ,A ,
SM15687 ,S ,
SM15688 ,A ,
SM15689 ,S ,
SM15690 ,A ,
SM15691 ,A ,
SM15692 ,S ,
SM15693 ,S ,
SM15694 ,A ,
SM15695 ,S ,
SM15696 ,S ,
SM15697 ,A ,
SM15698 ,S ,
SM15699 ,A ,
SM15700 ,S ,
SM15701 ,A ,
SM15702 ,A ,
SM15703 ,A ,
SM15704 ,A ,
SM15705 ,S ,
SM15706 ,S ,
SM15707 ,A ,
SM15708 ,A ,
SM15709 ,S ,
SM15710 ,A ,
SM15711 ,A ,
SM15712 ,S ,
SM15713 ,A ,
SM15714 ,S ,
SM15715 ,S ,
SM15716 ,A ,
SM15717 ,A ,
SM15718 ,S ,
SM15719 ,S ,
SM15720 ,S ,
SM15721 ,A ,
SM15722 ,A ,
SM15723 ,S ,
SM15724 ,S ,
SM15725 ,A ,
SM15727 ,A ,
SM15728 ,A ,
SM15729 ,S ,
SM15730 ,A ,
SM15731 ,S ,
SM15732 ,S ,
SM15733 ,S ,
SM15734 ,S ,
SM15735 ,S ,
SM15736 ,A ,
SM15737 ,A ,
SM15738 ,A ,
SM15739 ,S ,
SM15740 ,A ,
SM15741 ,A ,
SM15742 ,A ,
SM15743 ,S ,
SM15744 ,A ,
SM15745 ,S ,
SM15746 ,S ,
SM15747 ,A ,
SM15748 ,S ,
SM15749 ,A ,
SM15750 ,A ,
SM15751 ,S ,
SM15752 ,A ,
SM15753 ,S ,
SM15754 ,A ,
SM15755 ,A ,
SM15756 ,S ,
SM15757 ,A ,
SM15758 ,S ,
SM15759 ,A ,
SM15760 ,S ,
SM15761 ,S ,
SM15762 ,A ,
SM15763 ,S ,
SM15764 ,A ,
SM15765 ,S ,
SM15766 ,A ,
SM15767 ,S ,
SM15768 ,S ,
SM15770 ,A ,
SM15771 ,S ,
SM15772 ,A ,
SM15773 ,A ,
SM15774 ,S ,
SM15775 ,A ,
SM15776 ,S ,
SM15777 ,A ,
SM15778 ,S ,
SM15779 ,A ,
SM15780 ,S ,
SM15781 ,S ,
SM15782 ,S ,
SM15783 ,A ,
SM15784 ,A ,
SM15785 ,S ,
SM15786 ,S ,
SM15787 ,S ,
SM15788 ,S ,
SM15790 ,S ,
SM15791 ,A ,
SM15792 ,A ,
SM15793 ,S ,
SM15794 ,S ,
SM15796 ,S ,
SM15797 ,A ,
SM15798 ,S ,
SM15799 ,S ,
SM15800 ,S ,
SM15801 ,A ,
SM15802 ,A ,
SM15803 ,S ,
SM15804 ,S ,
SM15805 ,S ,
SM15806 ,A ,
SM15807 ,S ,
SM15808 ,A ,
SM15809 ,S ,
SM15810 ,A ,
SM15811 ,A ,
SM15812 ,A ,
SM15813 ,A ,
SM15814 ,A ,
SM15815 ,A ,
SM15816 ,S ,
SM15817 ,A ,
SM15818 ,A ,
SM15819 ,A ,
SM15820 ,A ,
SM15821 ,S ,
SM15822 ,A ,
SM15823 ,A ,
SM15824 ,A ,
SM15825 ,A ,
SM15826 ,S ,
SM15827 ,S ,
SM15828 ,S ,
SM15830 ,A ,
SM15831 ,S ,
SM15832 ,A ,
SM15833 ,S ,
SM15835 ,A ,
SM15836 ,A ,
SM15837 ,A ,
SM15838 ,S ,
SM15839 ,A ,
SM15840 ,A ,
SM15841 ,A ,
SM15842 ,S ,
SM15843 ,S ,
SM15844 ,A ,
SM15845 ,S ,
SM15846 ,S ,
SM15847 ,S ,
SM15848 ,A ,
SM15849 ,A ,
SM15850 ,S ,
SM15851 ,S ,
SM15852 ,S ,
SM15854 ,A ,
SM15855 ,A ,
SM15856 ,A ,
SM15857 ,S ,
SM15859 ,A ,
SM15860 ,A ,
SM15861 ,S ,
SM15862 ,S ,
SM15863 ,S ,
SM15864 ,A ,
SM15865 ,A ,
SM15866 ,S ,
SM15867 ,A ,
SM15868 ,S ,
SM15869 ,S ,
SM15870 ,A ,
SM15871 ,A ,
SM15872 ,S ,
SM15873 ,A ,
SM15874 ,S ,
SM15875 ,A ,
SM15876 ,A ,
SM15877 ,S ,
SM15878 ,S ,
SM15879 ,S ,
SM15880 ,A ,
SM15881 ,A ,
SM15882 ,S ,
SM15883 ,A ,
SM15884 ,S ,
SM15885 ,A ,
SM15886 ,S ,
SM15887 ,A ,
SM15888 ,A ,
SM15889 ,A ,
SM15890 ,A ,
SM15891 ,S ,
SM15892 ,A ,
SM15893 ,S ,
SM15894 ,S ,
SM15895 ,S ,
SM15896 ,A ,
SM15897 ,A ,
SM15898 ,A ,
SM15899 ,S ,
SM15900 ,S ,
SM15901 ,S ,
SM15902 ,S ,
SM15903 ,A ,
SM15904 ,A ,
SM15905 ,S ,
SM15906 ,A ,
SM15907 ,S ,
SM15908 ,S ,
SM15909 ,S ,
SM15910 ,S ,
SM15911 ,S ,
SM15912 ,A ,
SM15913 ,S ,
SM15914 ,A ,
SM15915 ,S ,
SM15916 ,A ,
SM15917 ,A ,
SM15918 ,S ,
SM15919 ,S ,
SM15920 ,A ,
SM15921 ,A ,
SM15922 ,A ,
SM15923 ,A ,
SM15924 ,A ,
SM15925 ,A ,
SM15926 ,S ,
SM15927 ,S ,
SM15928 ,S ,
SM15929 ,A ,
SM15930 ,S ,
SM15931 ,A ,
SM15932 ,A ,
SM15933 ,S ,
SM15934 ,A ,
SM15935 ,A ,
SM15936 ,A ,
SM15937 ,S ,
SM15938 ,A ,
SM15939 ,A ,
SM15940 ,S ,
SM15941 ,S ,
SM15942 ,S ,
SM15943 ,S ,
SM15944 ,A ,
SM15945 ,A ,
SM15946 ,S ,
SM15947 ,A ,
SM15948 ,S ,
SM15949 ,S ,
SM15950 ,S ,
SM15951 ,S ,
SM15952 ,A ,
SM15953 ,S ,
SM15954 ,A ,
SM15955 ,A ,
SM15956 ,A ,
SM15957 ,A ,
SM15958 ,S ,
SM15959 ,S ,
SM15960 ,S ,
SM15961 ,S ,
SM15962 ,S ,
SM15963 ,S ,
SM15964 ,A ,
SM15965 ,S ,
SM15966 ,S ,
SM15967 ,A ,
SM15968 ,A ,
SM15969 ,A ,
SM15970 ,A ,
SM15971 ,S ,
SM15972 ,A ,
SM15973 ,A ,
SM15974 ,S ,
SM15975 ,A ,
SM15976 ,S ,
SM15977 ,S ,
SM15978 ,A ,
SM15979 ,A ,
SM15980 ,S ,
SM15981 ,A ,
SM15982 ,S ,
SM15983 ,A ,
SM15984 ,S ,
SM15985 ,A ,
SM15986 ,S ,
SM15988 ,S ,
SM15989 ,A ,
SM15990 ,S ,
SM15992 ,A ,
SM15993 ,A ,
SM15994 ,S ,
SM15995 ,S ,
SM15996 ,S ,
SM15997 ,S ,
SM15998 ,A ,
SM15999 ,S ,
SM16000 ,A ,
SM16001 ,S ,
SM16002 ,A ,
SM16003 ,A ,
SM16004 ,S ,
SM16005 ,S ,
SM16006 ,S ,
SM16007 ,A ,
SM16008 ,S ,
SM16009 ,A ,
SM16010 ,A ,
SM16011 ,A ,
SM16012 ,A ,
SM16013 ,S ,
SM16014 ,A ,
SM16015 ,A ,
SM16016 ,S ,
SM16017 ,A ,
SM16018 ,S ,
SM16019 ,A ,
SM16020 ,S ,
SM16021 ,S ,
SM16022 ,A ,
SM16023 ,A ,
SM16024 ,A ,
SM16025 ,A ,
SM16026 ,S ,
SM16027 ,A ,
SM16028 ,S ,
SM16029 ,S ,
SM16030 ,A ,
SM16031 ,A ,
SM16032 ,A ,
SM16033 ,A ,
SM16034 ,S ,
SM16035 ,S ,
SM16036 ,A ,
SM16037 ,A ,
SM16038 ,S ,
SM16040 ,A ,
SM16041 ,S ,
SM16042 ,S ,
SM16043 ,A ,
SM16044 ,S ,
SM16045 ,A ,
SM16046 ,A ,
SM16047 ,S ,
SM16048 ,S ,
SM16049 ,A ,
SM16050 ,S ,
SM16051 ,A ,
SM16052 ,A ,
SM16053 ,A ,
SM16054 ,S ,
SM16055 ,S ,
SM16056 ,A ,
SM16057 ,A ,
SM16058 ,A ,
SM16059 ,A ,
SM16060 ,S ,
SM16061 ,A ,
SM16062 ,S ,
SM16063 ,A ,
SM16064 ,A ,
SM16065 ,A ,
SM16066 ,A ,
SM16067 ,A ,
SM16068 ,S ,
SM16069 ,S ,
SM16071 ,A ,
SM16072 ,S ,
SM16073 ,A ,
SM16074 ,A ,
SM16075 ,S ,
SM16076 ,A ,
SM16077 ,S ,
SM16078 ,A ,
SM16079 ,S ,
SM16080 ,A ,
SM16081 ,A ,
SM16082 ,S ,
SM16083 ,A ,
SM16084 ,A ,
SM16085 ,A ,
SM16086 ,S ,
SM16087 ,S ,
SM16088 ,A ,
SM16089 ,A ,
SM16090 ,A ,
SM16091 ,S ,
SM16092 ,A ,
SM16093 ,S ,
SM16094 ,A ,
SM16095 ,S ,
SM16096 ,A ,
SM16097 ,S ,
SM16098 ,A ,
SM16099 ,A ,
SM16100 ,A ,
SM16101 ,S ,
SM16102 ,S ,
SM16103 ,A ,
SM16104 ,A ,
SM16105 ,S ,
SM16106 ,S ,
SM16107 ,A ,
SM16108 ,A ,
SM16109 ,A ,
SM16110 ,S ,
SM16111 ,S ,
SM16112 ,S ,
SM16113 ,S ,
SM16114 ,A ,
SM16115 ,A ,
SM16116 ,A ,
SM16117 ,S ,
SM16118 ,S ,
SM16119 ,S ,
SM16120 ,S ,
SM16121 ,A ,
SM16122 ,A ,
SM16123 ,A ,
SM16124 ,A ,
SM16125 ,S ,
SM16126 ,A ,
SM16127 ,S ,
SM16129 ,A ,
SM16130 ,A ,
SM16131 ,A ,
SM16132 ,S ,
SM16133 ,A ,
SM16134 ,A ,
SM16135 ,A ,
SM16136 ,S ,
SM16137 ,A ,
SM16138 ,A ,
SM16139 ,A ,
SM16140 ,S ,
SM16141 ,S ,
SM16142 ,S ,
SM16143 ,S ,
SM16144 ,S ,
SM16145 ,A ,
SM16146 ,A ,
SM16147 ,S ,
SM16148 ,A ,
SM16149 ,A ,
SM16151 ,S ,
SM16152 ,A ,
SM16153 ,A ,
SM16154 ,A ,
SM16155 ,S ,
SM16156 ,A ,
SM16157 ,S ,
SM16158 ,S ,
SM16160 ,A ,
SM16161 ,S ,
SM16163 ,A ,
SM16164 ,S ,
SM16165 ,S ,
SM16166 ,A ,
SM16167 ,A ,
SM16168 ,S ,
SM16169 ,S ,
SM16170 ,S ,
SM16171 ,A ,
SM16172 ,S ,
SM16173 ,A ,
SM16174 ,A ,
SM16175 ,S ,
SM16176 ,S ,
SM16177 ,A ,
SM16179 ,S ,
SM16180 ,A ,
SM16181 ,A ,
SM16182 ,S ,
SM16183 ,A ,
SM16184 ,A ,
SM16185 ,S ,
SM16186 ,A ,
SM16187 ,A ,
SM16188 ,A ,
SM16189 ,A ,
SM16190 ,S ,
SM16191 ,A ,
SM16192 ,S ,
SM16193 ,S ,
SM16194 ,S ,
SM16195 ,A ,
SM16196 ,S ,
SM16197 ,S ,
SM16198 ,S ,
SM16199 ,A ,
SM16200 ,S ,
SM16201 ,A ,
SM16202 ,A ,
SM16204 ,A ,
SM16205 ,S ,
SM16206 ,A ,
SM16207 ,S ,
SM16208 ,S ,
SM16209 ,A ,
SM16210 ,S ,
SM16211 ,A ,
SM16212 ,A ,
SM16213 ,S ,
SM16214 ,S ,
SM16215 ,S ,
SM16216 ,S ,
SM16217 ,S ,
SM16218 ,A ,
SM16219 ,S ,
SM16220 ,A ,
SM16221 ,A ,
SM16222 ,S ,
SM16223 ,A ,
SM16224 ,S ,
SM16225 ,A ,
SM16226 ,A ,
SM16227 ,S ,
SM16228 ,A ,
SM16229 ,A ,
SM16230 ,S ,
SM16231 ,A ,
SM16232 ,S ,
SM16233 ,A ,
SM16234 ,S ,
SM16235 ,A ,
SM16236 ,A ,
SM16237 ,A ,
SM16238 ,S ,
SM16239 ,S ,
SM16240 ,S ,
SM16241 ,S ,
SM16242 ,S ,
SM16243 ,A ,
SM16244 ,S ,
SM16246 ,S ,
SM16247 ,S ,
SM16248 ,S ,
SM16249 ,S ,
SM16250 ,A ,
SM16251 ,S ,
SM16252 ,S ,
SM16253 ,S ,
SM16254 ,A ,
SM16255 ,A ,
SM16256 ,S ,
SM16257 ,A ,
SM16258 ,S ,
SM16259 ,A ,
SM16260 ,S ,
SM16261 ,A ,
SM16262 ,S ,
SM16263 ,A ,
SM16264 ,S ,
SM16265 ,A ,
SM16266 ,A ,
SM16267 ,A ,
SM16268 ,S ,
SM16269 ,A ,
SM16270 ,S ,
SM16271 ,A ,
SM16272 ,S ,
SM16273 ,A ,
SM16274 ,A ,
SM16275 ,S ,
SM16276 ,A ,
SM16277 ,A ,
SM16278 ,S ,
SM16279 ,A ,
SM16280 ,S ,
SM16281 ,S ,
SM16282 ,S ,
SM16283 ,S ,
SM16284 ,A ,
SM16285 ,A ,
SM16286 ,A ,
SM16287 ,S ,
SM16288 ,A ,
SM16289 ,S ,
SM16290 ,A ,
SM16291 ,S ,
SM16292 ,S ,
SM16293 ,S ,
SM16294 ,S ,
SM16295 ,A ,
SM16296 ,A ,
SM16297 ,S ,
SM16298 ,A ,
SM16299 ,A ,
SM16300 ,S ,
SM16301 ,S ,
SM16302 ,A ,
SM16303 ,S ,
SM16304 ,S ,
SM16305 ,A ,
SM16306 ,A ,
SM16307 ,S ,
SM16308 ,S ,
SM16309 ,S ,
SM16310 ,A ,
SM16311 ,S ,
SM16312 ,A ,
SM16313 ,S ,
SM16314 ,S ,
SM16315 ,S ,
SM16316 ,A ,
SM16317 ,A ,
SM16318 ,A ,
SM16319 ,A ,
SM16320 ,S ,
SM16321 ,A ,
SM16322 ,S ,
SM16323 ,A ,
SM16324 ,S ,
SM16325 ,S ,
SM16326 ,A ,
SM16327 ,S ,
SM16329 ,A ,
SM16330 ,S ,
SM16331 ,A ,
SM16332 ,A ,
SM16333 ,A ,
SM16334 ,S ,
SM16335 ,S ,
SM16337 ,S ,
SM16338 ,S ,
SM16339 ,A ,
SM16340 ,S ,
SM16341 ,S ,
SM16342 ,A ,
SM16343 ,S ,
SM16344 ,S ,
SM16345 ,A ,
SM16346 ,A ,
SM16347 ,S ,
SM16348 ,S ,
SM16349 ,A ,
SM16350 ,S ,
SM16351 ,A ,
SM16352 ,A ,
SM16353 ,S ,
SM16354 ,A ,
SM16355 ,A ,
SM16356 ,S ,
SM16357 ,A ,
SM16358 ,S ,
SM16359 ,A ,
SM16360 ,A ,
SM16361 ,A ,
SM16362 ,S ,
SM16363 ,S ,
SM16364 ,S ,
SM16365 ,S ,
SM16366 ,A ,
SM16367 ,S ,
SM16368 ,A ,
SM16369 ,A ,
SM16370 ,S ,
SM16371 ,A ,
SM16372 ,S ,
SM16373 ,S ,
SM16374 ,A ,
SM16375 ,A ,
SM16376 ,A ,
SM16377 ,A ,
SM16378 ,S ,
SM16379 ,A ,
SM16380 ,A ,
SM16381 ,A ,
SM16382 ,S ,
SM16383 ,A ,
SM16384 ,A ,
SM16385 ,S ,
SM16386 ,A ,
SM16387 ,S ,
SM16388 ,A ,
SM16389 ,S ,
SM16390 ,A ,
SM16391 ,A ,
SM16392 ,S ,
SM16393 ,S ,
SM16394 ,A ,
SM16395 ,A ,
SM16396 ,S ,
SM16397 ,S ,
SM16398 ,S ,
SM16399 ,A ,
SM16400 ,S ,
SM16401 ,A ,
SM16402 ,A ,
SM16403 ,S ,
SM16404 ,A ,
SM16405 ,A ,
SM16406 ,A ,
SM16407 ,S ,
SM16408 ,A ,
SM16409 ,S ,
SM16410 ,A ,
SM16411 ,A ,
SM16412 ,S ,
SM16413 ,S ,
SM16414 ,A ,
SM16415 ,S ,
SM16416 ,A ,
SM16417 ,A ,
SM16418 ,A ,
SM16419 ,S ,
SM16421 ,A ,
SM16422 ,A ,
SM16423 ,S ,
SM16424 ,S ,
SM16425 ,A ,
SM16426 ,S ,
SM16427 ,S ,
SM16428 ,A ,
SM16429 ,A ,
SM16430 ,A ,
SM16431 ,A ,
SM16432 ,A ,
SM16433 ,S ,
SM16435 ,S ,
SM16436 ,A ,
SM16437 ,S ,
SM16438 ,A ,
SM16440 ,A ,
SM16441 ,A ,
SM16442 ,A ,
SM16443 ,A ,
SM16444 ,S ,
SM16445 ,A ,
SM16446 ,A ,
SM16447 ,S ,
SM16449 ,A ,
SM16450 ,S ,
SM16451 ,A ,
SM16452 ,S ,
SM16453 ,A ,
SM16454 ,A ,
SM16455 ,S ,
SM16456 ,S ,
SM16457 ,A ,
SM16458 ,A ,
SM16459 ,A ,
SM16460 ,A ,
SM16461 ,S ,
SM16462 ,A ,
SM16463 ,S ,
SM16464 ,A ,
SM16465 ,S ,
SM16466 ,A ,
SM16467 ,S ,
SM16468 ,A ,
SM16469 ,S ,
SM16470 ,A ,
SM16471 ,A ,
SM16472 ,A ,
SM16473 ,S ,
SM16474 ,A ,
SM16475 ,S ,
SM16476 ,A ,
SM16477 ,S ,
SM16478 ,S ,
SM16479 ,A ,
SM16480 ,S ,
SM16481 ,A ,
SM16482 ,S ,
SM16483 ,A ,
SM16484 ,A ,
SM16485 ,S ,
SM16486 ,A ,
SM16487 ,S ,
SM16488 ,A ,
SM16489 ,S ,
SM16490 ,A ,
SM16491 ,S ,
SM16492 ,S ,
SM16493 ,A ,
SM16495 ,S ,
SM16496 ,S ,
SM16498 ,S ,
SM16499 ,A ,
SM16500 ,A ,
SM16502 ,S ,
SM16503 ,A ,
SM16504 ,A ,
SM16505 ,S ,
SM16506 ,S ,
SM16507 ,S ,
SM16508 ,A ,
SM16509 ,S ,
SM16510 ,A ,
SM16511 ,S ,
SM16512 ,S ,
SM16513 ,A ,
SM16514 ,A ,
SM16515 ,S ,
SM16516 ,S ,
SM16517 ,S ,
SM16518 ,A ,
SM16519 ,S ,
SM16520 ,A ,
SM16521 ,A ,
SM16522 ,A ,
SM16523 ,A ,
SM16524 ,S ,
SM16525 ,S ,
SM16526 ,S ,
SM16527 ,A ,
SM16528 ,S ,
SM16529 ,S ,
SM16530 ,S ,
SM16531 ,A ,
SM16532 ,A ,
SM16533 ,S ,
SM16534 ,S ,
SM16535 ,S ,
SM16536 ,A ,
SM16537 ,S ,
SM16538 ,S ,
SM16539 ,A ,
SM16540 ,S ,
SM16541 ,S ,
SM16542 ,A ,
SM16543 ,S ,
SM16544 ,S ,
SM16545 ,S ,
SM16546 ,A ,
SM16547 ,A ,
SM16548 ,S ,
SM16549 ,A ,
SM16550 ,S ,
SM16551 ,S ,
SM16552 ,S ,
SM16553 ,A ,
SM16554 ,A ,
SM16555 ,A ,
SM16556 ,S ,
SM16557 ,S ,
SM16558 ,S ,
SM16559 ,A ,
SM16560 ,A ,
SM16561 ,S ,
SM16562 ,A ,
SM16563 ,S ,
SM16564 ,A ,
SM16565 ,S ,
SM16566 ,A ,
SM16567 ,A ,
SM16568 ,A ,
SM16569 ,S ,
SM16570 ,A ,
SM16571 ,A ,
SM16572 ,S ,
SM16574 ,A ,
SM16575 ,S ,
SM16576 ,A ,
SM16577 ,A ,
SM16578 ,A ,
SM16579 ,S ,
SM16580 ,A ,
SM16581 ,A ,
SM16582 ,A ,
SM16583 ,A ,
SM16584 ,S ,
SM16585 ,A ,
SM16586 ,A ,
SM16587 ,S ,
SM16588 ,A ,
SM16589 ,A ,
SM16590 ,S ,
SM16591 ,S ,
SM16592 ,S ,
SM16593 ,A ,
SM16595 ,S ,
SM16597 ,A ,
SM16598 ,A ,
SM16599 ,S ,
SM16600 ,A ,
SM16601 ,S ,
SM16602 ,S ,
SM16603 ,S ,
SM16604 ,S ,
SM16605 ,A ,
SM16606 ,S ,
SM16607 ,A ,
SM16608 ,S ,
SM16609 ,A ,
SM16610 ,A ,
SM16611 ,A ,
SM16612 ,A ,
SM16613 ,S ,
SM16614 ,A ,
SM16615 ,S ,
SM16616 ,A ,
SM16617 ,S ,
SM16618 ,A ,
SM16619 ,A ,
SM16620 ,A ,
SM16621 ,S ,
SM16622 ,A ,
SM16623 ,S ,
SM16624 ,S ,
SM16625 ,S ,
SM16626 ,A ,
SM16627 ,A ,
SM16628 ,S ,
SM16629 ,S ,
SM16630 ,A ,
SM16631 ,A ,
SM16632 ,S ,
SM16633 ,A ,
SM16634 ,S ,
SM16635 ,S ,
SM16636 ,A ,
SM16637 ,A ,
SM16638 ,A ,
SM16639 ,A ,
SM16640 ,S ,
SM16641 ,S ,
SM16642 ,A ,
SM16643 ,A ,
SM16644 ,A ,
SM16645 ,A ,
SM16646 ,A ,
SM16647 ,S ,
SM16648 ,S ,
SM16649 ,S ,
SM16650 ,S ,
SM16651 ,S ,
SM16652 ,S ,
SM16653 ,S ,
SM16654 ,A ,
SM16655 ,A ,
SM16656 ,S ,
SM16657 ,S ,
SM16658 ,A ,
SM16659 ,A ,
SM16660 ,A ,
SM16661 ,A ,
SM16662 ,A ,
SM16663 ,S ,
SM16664 ,S ,
SM16665 ,S ,
SM16666 ,S ,
SM16667 ,A ,
SM16668 ,A ,
SM16669 ,S ,
SM16670 ,S ,
SM16671 ,A ,
SM16672 ,A ,
SM16673 ,A ,
SM16674 ,A ,
SM16675 ,S ,
SM16677 ,S ,
SM16678 ,A ,
SM16679 ,S ,
SM16681 ,A ,
SM16682 ,S ,
SM16683 ,S ,
SM16684 ,A ,
SM16685 ,S ,
SM16686 ,A ,
SM16687 ,A ,
SM16688 ,A ,
SM16689 ,S ,
SM16690 ,A ,
SM16691 ,S ,
SM16692 ,S ,
SM16693 ,S ,
SM16694 ,A ,
SM16695 ,S ,
SM16696 ,A ,
SM16697 ,A ,
SM16698 ,S ,
SM16699 ,A ,
SM16700 ,A ,
SM16701 ,A ,
SM16702 ,S ,
SM16703 ,A ,
SM16704 ,S ,
SM16705 ,A ,
SM16706 ,S ,
SM16707 ,A ,
SM16708 ,A ,
SM16709 ,A ,
SM16710 ,S ,
SM16711 ,A ,
SM16712 ,S ,
SM16713 ,S ,
SM16714 ,A ,
SM16715 ,A ,
SM16716 ,S ,
SM16717 ,S ,
SM16718 ,S ,
SM16719 ,S ,
SM16720 ,A ,
SM16721 ,S ,
SM16722 ,S ,
SM16723 ,A ,
SM16724 ,S ,
SM16726 ,A ,
SM16727 ,A ,
SM16728 ,A ,
SM16729 ,S ,
SM16730 ,S ,
SM16731 ,A ,
SM16732 ,A ,
SM16733 ,A ,
SM16734 ,A ,
SM16735 ,S ,
SM16736 ,S ,
SM16737 ,A ,
SM16738 ,A ,
SM16739 ,A ,
SM16740 ,A ,
SM16741 ,S ,
SM16742 ,S ,
SM16745 ,A ,
SM16746 ,S ,
SM16747 ,S ,
SM16748 ,S ,
SM16750 ,S ,
SM16751 ,S ,
SM16752 ,A ,
SM16753 ,S ,
SM16754 ,S ,
SM16755 ,S ,
SM16756 ,S ,
SM16757 ,S ,
SM16758 ,S ,
SM16759 ,A ,
SM16760 ,A ,
SM16761 ,A ,
SM16762 ,S ,
SM16763 ,S ,
SM16764 ,S ,
SM16765 ,A ,
SM16766 ,S ,
SM16767 ,S ,
SM16768 ,A ,
SM16769 ,S ,
SM16770 ,S ,
SM16771 ,A ,
SM16772 ,A ,
SM16773 ,A ,
SM16774 ,A ,
SM16775 ,S ,
SM16776 ,S ,
SM16778 ,A ,
SM16779 ,S ,
SM16780 ,A ,
SM16781 ,A ,
SM16782 ,A ,
SM16783 ,A ,
SM16784 ,S ,
SM16785 ,A ,
SM16786 ,S ,
SM16787 ,A ,
SM16788 ,A ,
SM16789 ,A ,
SM16790 ,A ,
SM16791 ,A ,
SM16792 ,A ,
SM16793 ,A ,
SM16794 ,S ,
SM16795 ,S ,
SM16796 ,A ,
SM16798 ,A ,
SM16799 ,S ,
SM16800 ,S ,
SM16801 ,S ,
SM16802 ,S ,
SM16803 ,A ,
SM16804 ,A ,
SM16805 ,S ,
SM16806 ,S ,
SM16807 ,S ,
SM16808 ,S ,
SM16809 ,S ,
SM16810 ,A ,
SM16811 ,A ,
SM16812 ,S ,
SM16813 ,A ,
SM16814 ,A ,
SM16815 ,S ,
SM16816 ,S ,
SM16817 ,A ,
SM16818 ,A ,
SM16819 ,S ,
SM16820 ,S ,
SM16821 ,A ,
SM16822 ,A ,
SM16823 ,S ,
SM16824 ,S ,
SM16825 ,A ,
SM16826 ,S ,
SM16827 ,A ,
SM16828 ,A ,
SM16829 ,S ,
SM16830 ,A ,
SM16831 ,S ,
SM16832 ,S ,
SM16833 ,S ,
SM16834 ,S ,
SM16835 ,A ,
SM16836 ,S ,
SM16837 ,S ,
SM16838 ,A ,
SM16839 ,S ,
SM16840 ,A ,
SM16841 ,A ,
SM16842 ,A ,
SM16843 ,A ,
SM16844 ,S ,
SM16845 ,S ,
SM16846 ,S ,
SM16847 ,A ,
SM16848 ,A ,
SM16849 ,S ,
SM16850 ,S ,
SM16851 ,S ,
SM16852 ,S ,
SM16853 ,A ,
SM16854 ,S ,
SM16855 ,A ,
SM16857 ,A ,
SM16858 ,A ,
SM16859 ,A ,
SM16860 ,A ,
SM16861 ,S ,
SM16862 ,A ,
SM16863 ,S ,
SM16864 ,S ,
SM16865 ,S ,
SM16866 ,S ,
SM16867 ,A ,
SM16868 ,S ,
SM16869 ,A ,
SM16870 ,S ,
SM16871 ,A ,
SM16872 ,A ,
SM16873 ,S ,
SM16874 ,A ,
SM16875 ,A ,
SM16876 ,A ,
SM16877 ,S ,
SM16878 ,S ,
SM16879 ,A ,
SM16880 ,S ,
SM16881 ,A ,
SM16882 ,S ,
SM16883 ,S ,
SM16884 ,A ,
SM16885 ,S ,
SM16886 ,S ,
SM16887 ,A ,
SM16888 ,S ,
SM16889 ,A ,
SM16890 ,A ,
SM16891 ,S ,
SM16892 ,A ,
SM16893 ,S ,
SM16894 ,A ,
SM16895 ,A ,
SM16896 ,S ,
SM16897 ,S ,
SM16898 ,S ,
SM16899 ,S ,
SM16900 ,S ,
SM16901 ,A ,
SM16902 ,A ,
SM16903 ,A ,
SM16904 ,S ,
SM16905 ,A ,
SM16906 ,S ,
SM16907 ,A ,
SM16908 ,S ,
SM16909 ,S ,
SM16910 ,A ,
SM16911 ,A ,
SM16912 ,A ,
SM16913 ,S ,
SM16914 ,A ,
SM16915 ,S ,
SM16916 ,A ,
SM16917 ,S ,
SM16918 ,S ,
SM16920 ,S ,
SM16921 ,A ,
SM16922 ,A ,
SM16923 ,A ,
SM16924 ,S ,
SM16925 ,A ,
SM16926 ,A ,
SM16927 ,S ,
SM16928 ,S ,
SM16929 ,S ,
SM16931 ,A ,
SM16932 ,S ,
SM16933 ,A ,
SM16935 ,S ,
SM16936 ,A ,
SM16937 ,A ,
SM16938 ,A ,
SM16939 ,S ,
SM16941 ,S ,
SM16942 ,A ,
SM16943 ,A ,
SM16944 ,A ,
SM16945 ,S ,
SM16946 ,A ,
SM16947 ,A ,
SM16948 ,A ,
SM16949 ,A ,
SM16950 ,S ,
SM16951 ,S ,
SM16953 ,A ,
SM16954 ,S ,
SM16955 ,A ,
SM16956 ,A ,
SM16957 ,A ,
SM16958 ,S ,
SM16959 ,A ,
SM16960 ,A ,
SM16961 ,S ,
SM16962 ,A ,
SM16963 ,A ,
SM16964 ,A ,
SM16965 ,A ,
SM16966 ,A ,
SM16967 ,S ,
SM16968 ,S ,
SM16969 ,A ,
SM16970 ,A ,
SM16971 ,S ,
SM16972 ,A ,
SM16973 ,S ,
SM16974 ,A ,
SM16975 ,A ,
SM16976 ,S ,
SM16977 ,S ,
SM16979 ,A ,
SM16980 ,A ,
SM16981 ,S ,
SM16982 ,A ,
SM16983 ,A ,
SM16984 ,S ,
SM16985 ,A ,
SM16986 ,A ,
SM16987 ,S ,
SM16988 ,A ,
SM16989 ,S ,
SM16990 ,S ,
SM16991 ,A ,
SM16992 ,A ,
SM16993 ,A ,
SM16994 ,S ,
SM16995 ,A ,
SM16996 ,A ,
SM16997 ,A ,
SM16998 ,S ,
SM16999 ,A ,
SM17000 ,S ,
SM17001 ,S ,
SM17003 ,A ,
SM17004 ,S ,
SM17005 ,S ,
SM17006 ,A ,
SM17007 ,S ,
SM17008 ,S ,
SM17009 ,A ,
SM17010 ,S ,
SM17011 ,S ,
SM17012 ,A ,
SM17013 ,S ,
SM17014 ,S ,
SM17015 ,A ,
SM17016 ,A ,
SM17017 ,S ,
SM17018 ,A ,
SM17019 ,S ,
SM17020 ,S ,
SM17021 ,A ,
SM17022 ,A ,
SM17023 ,S ,
SM17024 ,S ,
SM17026 ,A ,
SM17027 ,A ,
SM17028 ,A ,
SM17029 ,S ,
SM17030 ,S ,
SM17031 ,S ,
SM17032 ,S ,
SM17033 ,S ,
SM17034 ,S ,
SM17035 ,S ,
SM17036 ,A ,
SM17037 ,S ,
SM17038 ,S ,
SM17039 ,S ,
SM17040 ,S ,
SM17041 ,S ,
SM17042 ,S ,
SM17043 ,S ,
SM17044 ,S ,
SM17045 ,S ,
SM17046 ,S ,
SM17047 ,A ,
SM17048 ,A ,
SM17049 ,A ,
SM17050 ,S ,
SM17051 ,S ,
SM17052 ,A ,
SM17053 ,S ,
SM17054 ,A ,
SM17055 ,S ,
SM17056 ,S ,
SM17057 ,S ,
SM17058 ,S ,
SM17059 ,A ,
SM17060 ,A ,
SM17061 ,S ,
SM17062 ,A ,
SM17063 ,S ,
SM17064 ,S ,
SM17065 ,A ,
SM17066 ,A ,
SM17067 ,S ,
SM17068 ,A ,
SM17069 ,A ,
SM17070 ,S ,
SM17071 ,A ,
SM17072 ,A ,
SM17073 ,A ,
SM17074 ,S ,
SM17075 ,A ,
SM17076 ,S ,
SM17077 ,A ,
SM17078 ,S ,
SM17079 ,S ,
SM17080 ,A ,
SM17081 ,A ,
SM17082 ,S ,
SM17083 ,A ,
SM17084 ,A ,
SM17085 ,A ,
SM17086 ,A ,
SM17087 ,S ,
SM17088 ,A ,
SM17089 ,S ,
SM17091 ,A ,
SM17092 ,A ,
SM17093 ,S ,
SM17094 ,S ,
SM17095 ,S ,
SM17096 ,A ,
SM17097 ,A ,
SM17098 ,S ,
SM17099 ,S ,
SM17100 ,S ,
SM17101 ,S ,
SM17102 ,A ,
SM17103 ,S ,
SM17105 ,A ,
SM17106 ,A ,
SM17107 ,A ,
SM17108 ,S ,
SM17109 ,A ,
SM17110 ,S ,
SM17111 ,A ,
SM17112 ,S ,
SM17113 ,S ,
SM17114 ,A ,
SM17115 ,A ,
SM17116 ,A ,
SM17117 ,S ,
SM17118 ,A ,
SM17119 ,A ,
SM17120 ,S ,
SM17121 ,S ,
SM17122 ,A ,
SM17123 ,A ,
SM17125 ,A ,
SM17126 ,S ,
SM17127 ,A ,
SM17128 ,S ,
SM17129 ,S ,
SM17130 ,A ,
SM17131 ,S ,
SM17132 ,A ,
SM17133 ,A ,
SM17134 ,S ,
SM17135 ,A ,
SM17136 ,A ,
SM17137 ,S ,
SM17138 ,A ,
SM17139 ,A ,
SM17140 ,S ,
SM17141 ,A ,
SM17142 ,S ,
SM17143 ,S ,
SM17144 ,A ,
SM17145 ,A ,
SM17146 ,A ,
SM17147 ,S ,
SM17148 ,A ,
SM17149 ,S ,
SM17150 ,A ,
SM17151 ,A ,
SM17152 ,A ,
SM17153 ,S ,
SM17154 ,A ,
SM17155 ,S ,
SM17156 ,S ,
SM17157 ,S ,
SM17158 ,A ,
SM17159 ,S ,
SM17160 ,S ,
SM17161 ,A ,
SM17162 ,A ,
SM17163 ,S ,
SM17164 ,A ,
SM17165 ,A ,
SM17166 ,S ,
SM17167 ,A ,
SM17168 ,S ,
SM17169 ,S ,
SM17170 ,A ,
SM17171 ,S ,
SM17172 ,A ,
SM17173 ,S ,
SM17174 ,A ,
SM17175 ,S ,
SM17176 ,S ,
SM17177 ,A ,
SM17178 ,S ,
SM17179 ,A ,
SM17180 ,A ,
SM17181 ,S ,
SM17182 ,A ,
SM17183 ,S ,
SM17184 ,S ,
SM17185 ,S ,
SM17186 ,S ,
SM17187 ,S ,
SM17188 ,A ,
SM17189 ,A ,
SM17190 ,A ,
SM17191 ,S ,
SM17192 ,S ,
SM17194 ,S ,
SM17195 ,S ,
SM17196 ,S ,
SM17197 ,A ,
SM17198 ,S ,
SM17199 ,A ,
SM17200 ,A ,
SM17201 ,S ,
SM17202 ,A ,
SM17203 ,S ,
SM17204 ,S ,
SM17205 ,A ,
SM17206 ,S ,
SM17207 ,A ,
SM17208 ,S ,
SM17209 ,A ,
SM17210 ,S ,
SM17211 ,A ,
SM17212 ,S ,
SM17213 ,A ,
SM17214 ,A ,
SM17215 ,S ,
SM17216 ,S ,
SM17217 ,S ,
SM17218 ,A ,
SM17219 ,A ,
SM17220 ,S ,
SM17221 ,A ,
SM17222 ,S ,
SM17223 ,A ,
SM17224 ,S ,
SM17225 ,A ,
SM17226 ,A ,
SM17227 ,S ,
SM17228 ,S ,
SM17229 ,A ,
SM17230 ,S ,
SM17234 ,A ,
SM17235 ,S ,
SM17236 ,A ,
SM17237 ,S ,
SM17238 ,A ,
SM17239 ,A ,
SM17240 ,S ,
SM17241 ,A ,
SM17242 ,S ,
SM17243 ,S ,
SM17244 ,A ,
SM17245 ,S ,
SM17246 ,S ,
SM17247 ,A ,
SM17248 ,S ,
SM17250 ,S ,
SM17251 ,A ,
SM17252 ,A ,
SM17253 ,S ,
SM17254 ,A ,
SM17255 ,A ,
SM17256 ,S ,
SM17257 ,A ,
SM17258 ,S ,
SM17259 ,A ,
SM17260 ,S ,
SM17261 ,S ,
SM17262 ,S ,
SM17263 ,A ,
SM17264 ,S ,
SM17265 ,A ,
SM17266 ,S ,
SM17267 ,A ,
SM17269 ,A ,
SM17270 ,A ,
SM17271 ,A ,
SM17273 ,A ,
SM17274 ,A ,
SM17275 ,S ,
SM17276 ,A ,
SM17277 ,A ,
SM17278 ,A ,
SM17279 ,S ,
SM17280 ,A ,
SM17281 ,A ,
SM17282 ,A ,
SM17283 ,S ,
SM17284 ,A ,
SM17285 ,S ,
SM17286 ,A ,
SM17288 ,S ,
SM17289 ,A ,
SM17290 ,S ,
SM17291 ,A ,
SM17292 ,S ,
SM17293 ,A ,
SM17294 ,S ,
SM17295 ,S ,
SM17296 ,A ,
SM17297 ,A ,
SM17298 ,S ,
SM17299 ,A ,
SM17300 ,A ,
SM17301 ,S ,
SM17302 ,S ,
SM17303 ,S ,
SM17304 ,S ,
SM17305 ,A ,
SM17306 ,S ,
SM17307 ,S ,
SM17308 ,A ,
SM17309 ,S ,
SM17310 ,S ,
SM17311 ,A ,
SM17312 ,A ,
SM17313 ,A ,
SM17314 ,S ,
SM17315 ,S ,
SM17316 ,S ,
SM17317 ,A ,
SM17318 ,A ,
SM17319 ,A ,
SM17321 ,A ,
SM17322 ,S ,
SM17323 ,A ,
SM17325 ,S ,
SM17326 ,S ,
SM17327 ,A ,
SM17328 ,A ,
SM17329 ,A ,
SM17330 ,A ,
SM17331 ,S ,
SM17332 ,A ,
SM17333 ,A ,
SM17334 ,A ,
SM17335 ,S ,
SM17336 ,S ,
SM17337 ,A ,
SM17338 ,S ,
SM17339 ,A ,
SM17340 ,S ,
SM17341 ,S ,
SM17342 ,A ,
SM17343 ,A ,
SM17344 ,S ,
SM17346 ,A ,
SM17347 ,A ,
SM17348 ,S ,
SM17349 ,A ,
SM17350 ,A ,
SM17352 ,A ,
SM17353 ,S ,
SM17354 ,A ,
SM17355 ,S ,
SM17356 ,S ,
SM17357 ,A ,
SM17358 ,S ,
SM17359 ,S ,
SM17361 ,A ,
SM17362 ,A ,
SM17363 ,S ,
SM17364 ,A ,
SM17365 ,S ,
SM17366 ,A ,
SM17367 ,A ,
SM17368 ,A ,
SM17369 ,S ,
SM17370 ,S ,
SM17371 ,A ,
SM17372 ,S ,
SM17373 ,S ,
SM17375 ,A ,
SM17376 ,A ,
SM17378 ,A ,
SM17379 ,S ,
SM17380 ,A ,
SM17381 ,S ,
SM17382 ,A ,
SM17383 ,S ,
SM17384 ,A ,
SM17386 ,S ,
SM17387 ,S ,
SM17388 ,S ,
SM17389 ,A ,
SM17390 ,A ,
SM17391 ,S ,
SM17392 ,A ,
SM17393 ,A ,
SM17394 ,S ,
SM17395 ,A ,
SM17396 ,A ,
SM17397 ,A ,
SM17398 ,S ,
SM17399 ,A ,
SM17400 ,A ,
SM17402 ,A ,
SM17403 ,S ,
SM17404 ,S ,
SM17405 ,S ,
SM17406 ,A ,
SM17407 ,A ,
SM17408 ,S ,
SM17409 ,S ,
SM17410 ,A ,
SM17411 ,S ,
SM17412 ,S ,
SM17414 ,S ,
SM17415 ,S ,
SM17417 ,S ,
SM17419 ,S ,
SM17420 ,A ,
SM17421 ,A ,
SM17422 ,S ,
SM17423 ,A ,
SM17424 ,A ,
SM17425 ,A ,
SM17426 ,A ,
SM17427 ,S ,
SM17428 ,S ,
SM17429 ,A ,
SM17430 ,S ,
SM17431 ,A ,
SM17433 ,A ,
SM17434 ,S ,
SM17435 ,A ,
SM17436 ,A ,
SM17437 ,S ,
SM17438 ,A ,
SM17439 ,A ,
SM17441 ,S ,
SM17442 ,A ,
SM17443 ,S ,
SM17444 ,S ,
SM17445 ,S ,
SM17446 ,A ,
SM17447 ,A ,
SM17448 ,A ,
SM17449 ,S ,
SM17450 ,S ,
SM17452 ,S ,
SM17453 ,A ,
SM17454 ,S ,
SM17455 ,S ,
SM17456 ,A ,
SM17457 ,A ,
SM17458 ,A ,
SM17459 ,A ,
SM17460 ,S ,
SM17461 ,S ,
SM17462 ,A ,
SM17463 ,S ,
SM17464 ,A ,
SM17465 ,A ,
SM17466 ,S ,
SM17467 ,A ,
SM17468 ,A ,
SM17469 ,S ,
SM17470 ,A ,
SM17471 ,S ,
SM17472 ,A ,
SM17473 ,A ,
SM17474 ,S ,
SM17475 ,A ,
SM17476 ,S ,
SM17477 ,S ,
SM17478 ,A ,
SM17479 ,A ,
SM17480 ,S ,
SM17481 ,S ,
SM17482 ,S ,
SM17483 ,A ,
SM17484 ,S ,
SM17485 ,S ,
SM17486 ,A ,
SM17487 ,A ,
SM17488 ,S ,
SM17489 ,A ,
SM17490 ,A ,
SM17491 ,S ,
SM17492 ,A ,
SM17493 ,S ,
SM17494 ,A ,
SM17495 ,A ,
SM17496 ,A ,
SM17497 ,S ,
SM17498 ,S ,
SM17499 ,A ,
SM17501 ,A ,
SM17502 ,S ,
SM17503 ,S ,
SM17504 ,S ,
SM17505 ,A ,
SM17506 ,S ,
SM17507 ,S ,
SM17508 ,S ,
SM17509 ,S ,
SM17510 ,S ,
SM17511 ,A ,
SM17512 ,S ,
SM17513 ,S ,
SM17514 ,A ,
SM17515 ,S ,
SM17516 ,S ,
SM17517 ,S ,
SM17518 ,A ,
SM17519 ,S ,
SM17520 ,S ,
SM17521 ,A ,
SM17522 ,S ,
SM17523 ,A ,
SM17524 ,S ,
SM17525 ,S ,
SM17526 ,A ,
SM17527 ,A ,
SM17528 ,S ,
SM17529 ,S ,
SM17530 ,A ,
SM17531 ,S ,
SM17532 ,A ,
SM17533 ,S ,
SM17534 ,A ,
SM17535 ,A ,
SM17536 ,S ,
SM17537 ,S ,
SM17538 ,S ,
SM17539 ,A ,
SM17540 ,S ,
SM17541 ,S ,
SM17542 ,S ,
SM17543 ,A ,
SM17544 ,A ,
SM17545 ,S ,
SM17546 ,S ,
SM17547 ,S ,
SM17548 ,S ,
SM17549 ,S ,
SM17550 ,S ,
SM17551 ,S ,
SM17552 ,S ,
SM17553 ,A ,
SM17554 ,S ,
SM17555 ,S ,
SM17556 ,S ,
SM17557 ,A ,
SM17558 ,S ,
SM17559 ,A ,
SM17560 ,A ,
SM17561 ,A ,
SM17562 ,S ,
SM17563 ,S ,
SM17564 ,S ,
SM17565 ,S ,
SM17566 ,S ,
SM17567 ,A ,
SM17568 ,S ,
SM17569 ,S ,
SM17570 ,A ,
SM17571 ,S ,
SM17572 ,A ,
SM17573 ,S ,
SM17574 ,A ,
SM17575 ,S ,
SM17576 ,S ,
SM17577 ,S ,
SM17578 ,S ,
SM17579 ,S ,
SM17580 ,A ,
SM17581 ,S ,
SM17582 ,A ,
SM17583 ,A ,
SM17584 ,A ,
SM17585 ,S ,
SM17586 ,A ,
SM17587 ,S ,
SM17588 ,A ,
SM17589 ,S ,
SM17590 ,S ,
SM17591 ,A ,
SM17592 ,A ,
SM17593 ,A ,
SM17594 ,S ,
SM17595 ,S ,
SM17596 ,S ,
SM17597 ,A ,
SM17598 ,S ,
SM17599 ,A ,
SM17600 ,A ,
SM17601 ,S ,
SM17602 ,A ,
SM17603 ,S ,
SM17604 ,S ,
SM17605 ,S ,
SM17606 ,S ,
SM17607 ,A ,
SM17608 ,S ,
SM17609 ,S ,
SM17610 ,S ,
SM17611 ,A ,
SM17612 ,A ,
SM17613 ,S ,
SM17614 ,A ,
SM17615 ,S ,
SM17616 ,A ,
SM17617 ,S ,
SM17618 ,S ,
SM17619 ,S ,
SM17620 ,S ,
SM17621 ,A ,
SM17622 ,S ,
SM17623 ,A ,
SM17624 ,A ,
SM17625 ,S ,
SM17626 ,S ,
SM17627 ,A ,
SM17628 ,A ,
SM17629 ,S ,
SM17630 ,S ,
SM17631 ,S ,
SM17632 ,A ,
SM17633 ,S ,
SM17635 ,S ,
SM17636 ,S ,
SM17637 ,A ,
SM17638 ,A ,
SM17639 ,A ,
SM17640 ,S ,
SM17641 ,A ,
SM17642 ,A ,
SM17643 ,S ,
SM17644 ,A ,
SM17645 ,A ,
SM17646 ,A ,
SM17647 ,A ,
SM17648 ,S ,
SM17649 ,S ,
SM17650 ,A ,
SM17651 ,S ,
SM17652 ,A ,
SM17653 ,A ,
SM17654 ,S ,
SM17655 ,S ,
SM17656 ,A ,
SM17657 ,S ,
SM17658 ,S ,
SM17659 ,S ,
SM17660 ,S ,
SM17661 ,A ,
SM17662 ,A ,
SM17663 ,A ,
SM17664 ,A ,
SM17665 ,A ,
SM17666 ,S ,
SM17667 ,S ,
SM17668 ,A ,
SM17669 ,A ,
SM17670 ,S ,
SM17671 ,A ,
SM17672 ,S ,
SM17673 ,A ,
SM17674 ,A ,
SM17675 ,S ,
SM17676 ,S ,
SM17677 ,A ,
SM17678 ,S ,
SM17679 ,A ,
SM17680 ,S ,
SM17681 ,S ,
SM17682 ,A ,
SM17683 ,S ,
SM17684 ,S ,
SM17685 ,S ,
SM17686 ,A ,
SM17687 ,S ,
SM17688 ,A ,
SM17689 ,A ,
SM17690 ,S ,
SM17691 ,S ,
SM17692 ,S ,
SM17693 ,S ,
SM17694 ,A ,
SM17695 ,A ,
SM17696 ,A ,
SM17697 ,S ,
SM17698 ,A ,
SM17699 ,S ,
SM17700 ,S ,
SM17701 ,S ,
SM17702 ,A ,
SM17703 ,S ,
SM17704 ,S ,
SM17705 ,S ,
SM17706 ,S ,
SM17707 ,S ,
SM17708 ,A ,
SM17709 ,S ,
SM17710 ,A ,
SM17711 ,S ,
SM17712 ,A ,
SM17713 ,A ,
SM17714 ,S ,
SM17715 ,A ,
SM17716 ,A ,
SM17717 ,S ,
SM17718 ,A ,
SM17719 ,A ,
SM17720 ,A ,
SM17721 ,S ,
SM17722 ,S ,
SM17723 ,A ,
SM17724 ,S ,
SM17725 ,A ,
SM17726 ,S ,
SM17727 ,S ,
SM17728 ,A ,
SM17729 ,A ,
SM17730 ,A ,
SM17731 ,S ,
SM17732 ,A ,
SM17733 ,S ,
SM17734 ,S ,
SM17735 ,A ,
SM17736 ,A ,
SM17737 ,S ,
SM17738 ,A ,
SM17739 ,S ,
SM17740 ,S ,
SM17741 ,A ,
SM17742 ,S ,
SM17743 ,A ,
SM17744 ,S ,
SM17745 ,A ,
SM17746 ,S ,
SM17747 ,A ,
SM17748 ,A ,
SM17749 ,S ,
SM17750 ,A ,
SM17751 ,A ,
SM17752 ,S ,
SM17753 ,S ,
SM17754 ,A ,
SM17755 ,S ,
SM17756 ,A ,
SM17757 ,A ,
SM17758 ,A ,
SM17759 ,S ,
SM17760 ,S ,
SM17761 ,A ,
SM17762 ,A ,
SM17763 ,S ,
SM17764 ,A ,
SM17765 ,A ,
SM17766 ,A ,
SM17767 ,S ,
SM17768 ,A ,
SM17769 ,S ,
SM17770 ,S ,
SM17771 ,S ,
SM17772 ,S ,
SM17773 ,A ,
SM17774 ,S ,
SM17775 ,A ,
SM17776 ,A ,
SM17777 ,S ,
SM17778 ,A ,
SM17779 ,S ,
SM17780 ,S ,
SM17781 ,S ,
SM17782 ,A ,
SM17783 ,A ,
SM17784 ,S ,
SM17785 ,S ,
SM17786 ,S ,
SM17788 ,A ,
SM17789 ,S ,
SM17790 ,A ,
SM17791 ,S ,
SM17792 ,S ,
SM17793 ,S ,
SM17794 ,A ,
SM17795 ,S ,
SM17796 ,A ,
SM17797 ,S ,
SM17798 ,A ,
SM17799 ,A ,
SM17800 ,S ,
SM17801 ,A ,
SM17802 ,S ,
SM17803 ,A ,
SM17804 ,A ,
SM17805 ,S ,
SM17806 ,A ,
SM17807 ,S ,
SM17808 ,S ,
SM17809 ,A ,
SM17810 ,S ,
SM17811 ,S ,
SM17812 ,A ,
SM17813 ,S ,
SM17814 ,S ,
SM17815 ,A ,
SM17816 ,A ,
SM17817 ,S ,
SM17818 ,S ,
SM17819 ,A ,
SM17820 ,S ,
SM17821 ,S ,
SM17822 ,A ,
SM17823 ,A ,
SM17824 ,S ,
SM17825 ,S ,
SM17826 ,S ,
SM17827 ,A ,
SM17828 ,S ,
SM17829 ,S ,
SM17830 ,S ,
SM17831 ,S ,
SM17832 ,S ,
SM17833 ,S ,
SM17834 ,A ,
SM17835 ,S ,
SM17836 ,A ,
SM17837 ,S ,
SM17838 ,A ,
SM17839 ,A ,
SM17840 ,A ,
SM17841 ,A ,
SM17842 ,S ,
SM17843 ,A ,
SM17844 ,S ,
SM17845 ,A ,
SM17846 ,S ,
SM17847 ,S ,
SM17848 ,S ,
SM17849 ,S ,
SM17850 ,S ,
SM17851 ,A ,
SM17852 ,A ,
SM17853 ,A ,
SM17854 ,S ,
SM17855 ,S ,
SM17856 ,S ,
SM17857 ,S ,
SM17858 ,A ,
SM17859 ,A ,
SM17860 ,A ,
SM17861 ,S ,
SM17862 ,A ,
SM17863 ,S ,
SM17864 ,S ,
SM17865 ,S ,
SM17866 ,A ,
SM17867 ,S ,
SM17868 ,A ,
SM17869 ,S ,
SM17870 ,S ,
SM17871 ,A ,
SM17872 ,A ,
SM17873 ,A ,
SM17874 ,S ,
SM17875 ,S ,
SM17876 ,S ,
SM17877 ,A ,
SM17878 ,A ,
SM17879 ,S ,
SM17880 ,S ,
SM17881 ,A ,
SM17882 ,S ,
SM17883 ,A ,
SM17884 ,S ,
SM17885 ,S ,
SM17886 ,S ,
SM17887 ,S ,
SM17888 ,S ,
SM17889 ,S ,
SM17890 ,S ,
SM17891 ,S ,
SM17892 ,A ,
SM17893 ,S ,
SM17894 ,A ,
SM17895 ,S ,
SM17896 ,S ,
SM17897 ,S ,
SM17898 ,A ,
SM17899 ,S ,
SM17900 ,S ,
SM17901 ,A ,
SM17902 ,S ,
SM17903 ,S ,
SM17904 ,A ,
SM17905 ,A ,
SM17906 ,S ,
SM17907 ,S ,
SM17908 ,A ,
SM17909 ,A ,
SM17910 ,S ,
SM17911 ,A ,
SM17912 ,S ,
SM17913 ,A ,
SM17914 ,A ,
SM17915 ,A ,
SM17916 ,S ,
SM17917 ,A ,
SM17918 ,S ,
SM17919 ,S ,
SM17920 ,A ,
SM17921 ,S ,
SM17922 ,S ,
SM17923 ,S ,
SM17924 ,A ,
SM17925 ,A ,
SM17926 ,S ,
SM17927 ,S ,
SM17928 ,A ,
SM17929 ,S ,
SM17930 ,S ,
SM17931 ,A ,
SM17932 ,S ,
SM17933 ,S ,
SM17934 ,S ,
SM17935 ,A ,
SM17936 ,S ,
SM17937 ,S ,
SM17938 ,S ,
SM17939 ,A ,
SM17940 ,S ,
SM17941 ,S ,
SM17942 ,S ,
SM17943 ,S ,
SM17944 ,S ,
SM17945 ,A ,
SM17946 ,S ,
SM17947 ,S ,
SM17948 ,A ,
SM17949 ,S ,
SM17950 ,S ,
SM17951 ,A ,
SM17952 ,S ,
SM17953 ,S ,
SM17954 ,S ,
SM17955 ,S ,
SM17956 ,S ,
SM17957 ,A ,
SM17958 ,S ,
SM17959 ,A ,
SM17960 ,S ,
SM17961 ,S ,
SM17962 ,A ,
SM17963 ,S ,
SM17964 ,S ,
SM17965 ,S ,
SM17966 ,A ,
SM17967 ,S ,
SM17968 ,S ,
SM17969 ,S ,
SM17970 ,S ,
SM17971 ,S ,
SM17972 ,S ,
SM17973 ,S ,
SM17974 ,S ,
SM17975 ,S ,
SM17976 ,A ,
SM17977 ,S ,
SM17978 ,S ,
SM17979 ,S ,
SM17980 ,A ,
SM17981 ,S ,
SM17982 ,A ,
SM17983 ,A ,
SM17984 ,S ,
SM17985 ,S ,
SM17986 ,S ,
SM17987 ,S ,
SM17988 ,A ,
SM17989 ,S ,
SM17990 ,A ,
SM17991 ,S ,
SM17992 ,S ,
SM17993 ,S ,
SM17994 ,A ,
SM17995 ,S ,
SM17996 ,A ,
SM17997 ,A ,
SM17998 ,S ,
SM17999 ,A ,
SM18001 ,A ,
SM18002 ,A ,
SM18003 ,S ,
SM18004 ,S ,
SM18005 ,S ,
SM18006 ,A ,
SM18007 ,S ,
SM18008 ,S ,
SM18009 ,A ,
SM18010 ,S ,
SM18011 ,A ,
SM18012 ,A ,
SM18013 ,S ,
SM18014 ,S ,
SM18015 ,A ,
SM18016 ,S ,
SM18017 ,A ,
SM18018 ,S ,
SM18019 ,A ,
SM18020 ,S ,
SM18021 ,S ,
SM18022 ,A ,
SM18023 ,A ,
SM18024 ,S ,
SM18025 ,S ,
SM18026 ,S ,
SM18027 ,A ,
SM18028 ,S ,
SM18029 ,A ,
SM18030 ,S ,
SM18031 ,A ,
SM18032 ,S ,
SM18033 ,S ,
SM18034 ,S ,
SM18035 ,S ,
SM18036 ,A ,
SM18037 ,S ,
SM18038 ,S ,
SM18039 ,S ,
SM18040 ,A ,
SM18041 ,S ,
SM18042 ,A ,
SM18043 ,A ,
SM18044 ,S ,
SM18045 ,S ,
SM18046 ,S ,
SM18047 ,S ,
SM18048 ,S ,
SM18049 ,A ,
SM18050 ,S ,
SM18051 ,S ,
SM18052 ,A ,
SM18053 ,S ,
SM18054 ,S ,
SM18055 ,S ,
SM18056 ,S ,
SM18057 ,A ,
SM18058 ,S ,
SM18059 ,A ,
SM18060 ,A ,
SM18061 ,A ,
SM18062 ,S ,
SM18063 ,S ,
SM18064 ,S ,
SM18065 ,S ,
SM18066 ,S ,
SM18067 ,A ,
SM18068 ,S ,
SM18069 ,S ,
SM18070 ,A ,
SM18071 ,S ,
SM18073 ,A ,
SM18074 ,A ,
SM18075 ,S ,
SM18076 ,A ,
SM18077 ,S ,
SM18078 ,A ,
SM18079 ,S ,
SM18080 ,S ,
SM18081 ,A ,
SM18082 ,S ,
SM18083 ,A ,
SM18084 ,S ,
SM18085 ,A ,
SM18086 ,A ,
SM18087 ,S ,
SM18088 ,A ,
SM18089 ,A ,
SM18090 ,S ,
SM18091 ,S ,
SM18092 ,A ,
SM18093 ,S ,
SM18095 ,S ,
SM18096 ,S ,
SM18097 ,A ,
SM18099 ,A ,
SM18100 ,A ,
SM18101 ,S ,
SM18102 ,A ,
SM18103 ,S ,
SM18104 ,A ,
SM18105 ,A ,
SM18106 ,S ,
SM18108 ,A ,
SM18109 ,S ,
SM18110 ,S ,
SM18111 ,A ,
SM18112 ,A ,
SM18113 ,S ,
SM18114 ,A ,
SM18115 ,A ,
SM18116 ,S ,
SM18117 ,S ,
SM18118 ,S ,
SM18119 ,S ,
SM18120 ,S ,
SM18121 ,S ,
SM18122 ,S ,
SM18123 ,S ,
SM18124 ,A ,
SM18125 ,S ,
SM18126 ,A ,
SM18127 ,A ,
SM18128 ,S ,
SM18129 ,A ,
SM18130 ,S ,
SM18131 ,S ,
SM18132 ,A ,
SM18133 ,S ,
SM18134 ,S ,
SM18135 ,A ,
SM18136 ,S ,
SM18137 ,S ,
SM18138 ,A ,
SM18139 ,S ,
SM18140 ,A ,
SM18141 ,A ,
SM18142 ,A ,
SM18143 ,S ,
SM18144 ,A ,
SM18145 ,S ,
SM18146 ,A ,
SM18147 ,A ,
SM18148 ,A ,
SM18149 ,S ,
SM18150 ,A ,
SM18151 ,S ,
SM18152 ,A ,
SM18153 ,A ,
SM18154 ,A ,
SM18155 ,S ,
SM18156 ,S ,
SM18157 ,A ,
SM18158 ,A ,
SM18159 ,A ,
SM18160 ,S ,
SM18161 ,S ,
SM18162 ,S ,
SM18163 ,A ,
SM18164 ,S ,
SM18165 ,S ,
SM18166 ,A ,
SM18167 ,S ,
SM18168 ,A ,
SM18169 ,S ,
SM18170 ,S ,
SM18171 ,A ,
SM18172 ,A ,
SM18173 ,S ,
SM18174 ,S ,
SM18175 ,S ,
SM18176 ,S ,
SM18177 ,S ,
SM18178 ,S ,
SM18179 ,S ,
SM18180 ,A ,
SM18181 ,S ,
SM18182 ,A ,
SM18183 ,A ,
SM18184 ,S ,
SM18185 ,A ,
SM18186 ,S ,
SM18187 ,A ,
SM18188 ,S ,
SM18189 ,A ,
SM18190 ,A ,
SM18191 ,S ,
SM18192 ,S ,
SM18193 ,A ,
SM18194 ,S ,
SM18195 ,S ,
SM18196 ,A ,
SM18197 ,A ,
SM18198 ,S ,
SM18199 ,A ,
SM18200 ,S ,
SM18201 ,S ,
SM18202 ,S ,
SM18203 ,S ,
SM18204 ,A ,
SM18205 ,A ,
SM18206 ,S ,
SM18207 ,A ,
SM18208 ,S ,
SM18209 ,A ,
SM18210 ,A ,
SM18211 ,S ,
SM18212 ,S ,
SM18213 ,A ,
SM18214 ,S ,
SM18215 ,A ,
SM18216 ,A ,
SM18217 ,S ,
SM18218 ,S ,
SM18219 ,A ,
SM18220 ,S ,
SM18221 ,A ,
SM18222 ,A ,
SM18223 ,S ,
SM18224 ,A ,
SM18225 ,A ,
SM18226 ,A ,
SM18227 ,A ,
SM18228 ,A ,
SM18229 ,S ,
SM18230 ,A ,
SM18231 ,S ,
SM18232 ,A ,
SM18233 ,A ,
SM18234 ,S ,
SM18235 ,S ,
SM18236 ,S ,
SM18237 ,S ,
SM18238 ,S ,
SM18239 ,A ,
SM18240 ,S ,
SM18241 ,S ,
SM18242 ,S ,
SM18243 ,A ,
SM18244 ,A ,
SM18246 ,S ,
SM18247 ,A ,
SM18248 ,S ,
SM18249 ,A ,
SM18250 ,A ,
SM18251 ,A ,
SM18252 ,S ,
SM18253 ,S ,
SM18254 ,A ,
SM18255 ,S ,
SM18256 ,A ,
SM18257 ,S ,
SM18258 ,S ,
SM18259 ,S ,
SM18260 ,A ,
SM18261 ,A ,
SM18262 ,S ,
SM18263 ,A ,
SM18264 ,S ,
SM18265 ,A ,
SM18266 ,A ,
SM18267 ,S ,
SM18268 ,A ,
SM18269 ,A ,
SM18270 ,A ,
SM18271 ,S ,
SM18272 ,S ,
SM18273 ,A ,
SM18274 ,A ,
SM18275 ,A ,
SM18276 ,S ,
SM18277 ,S ,
SM18278 ,S ,
SM18279 ,S ,
SM18280 ,S ,
SM18281 ,S ,
SM18282 ,S ,
SM18283 ,S ,
SM18284 ,S ,
SM18285 ,A ,
SM18286 ,S ,
SM18287 ,S ,
SM18288 ,S ,
SM18289 ,A ,
SM18290 ,S ,
SM18291 ,A ,
SM18292 ,A ,
SM18293 ,S ,
SM18294 ,S ,
SM18295 ,A ,
SM18296 ,A ,
SM18297 ,A ,
SM18298 ,S ,
SM18299 ,A ,
SM18300 ,S ,
SM18301 ,A ,
SM18302 ,A ,
SM18303 ,A ,
SM18304 ,S ,
SM18305 ,A ,
SM18306 ,S ,
SM18307 ,S ,
SM18308 ,S ,
SM18309 ,A ,
SM18310 ,A ,
SM18311 ,S ,
SM18312 ,S ,
SM18313 ,A ,
SM18314 ,S ,
SM18315 ,A ,
SM18316 ,S ,
SM18317 ,A ,
SM18318 ,A ,
SM18319 ,S ,
SM18320 ,S ,
SM18321 ,A ,
SM18322 ,S ,
SM18323 ,S ,
SM18324 ,A ,
SM18325 ,A ,
SM18326 ,S ,
SM18327 ,S ,
SM18328 ,S ,
SM18329 ,S ,
SM18330 ,S ,
SM18331 ,A ,
SM18332 ,A ,
SM18333 ,S ,
SM18334 ,S ,
SM18336 ,A ,
SM18337 ,A ,
SM18338 ,S ,
SM18339 ,A ,
SM18340 ,S ,
SM18341 ,S ,
SM18342 ,A ,
SM18343 ,S ,
SM18344 ,A ,
SM18345 ,A ,
SM18346 ,S ,
SM18347 ,S ,
SM18348 ,A ,
SM18349 ,S ,
SM18350 ,A ,
SM18351 ,S ,
SM18352 ,S ,
SM18353 ,A ,
SM18354 ,S ,
SM18355 ,S ,
SM18356 ,S ,
SM18357 ,A ,
SM18358 ,A ,
SM18359 ,S ,
SM18360 ,S ,
SM18361 ,S ,
SM18362 ,A ,
SM18363 ,A ,
SM18364 ,S ,
SM18365 ,A ,
SM18366 ,S ,
SM18367 ,S ,
SM18368 ,S ,
SM18369 ,S ,
SM18370 ,A ,
SM18371 ,A ,
SM18372 ,S ,
SM18373 ,A ,
SM18374 ,A ,
SM18375 ,A ,
SM18376 ,A ,
SM18377 ,S ,
SM18378 ,A ,
SM18379 ,S ,
SM18380 ,A ,
SM18381 ,S ,
SM18382 ,A ,
SM18383 ,A ,
SM18384 ,S ,
SM18385 ,S ,
SM18386 ,A ,
SM18387 ,A ,
SM18388 ,A ,
SM18389 ,S ,
SM18390 ,A ,
SM18391 ,S ,
SM18392 ,S ,
SM18393 ,S ,
SM18394 ,A ,
SM18395 ,S ,
SM18396 ,S ,
SM18397 ,A ,
SM18398 ,S ,
SM18399 ,S ,
SM18400 ,A ,
SM18401 ,A ,
SM18402 ,S ,
SM18403 ,S ,
SM18404 ,A ,
SM18405 ,S ,
SM18406 ,A ,
SM18407 ,A ,
SM18408 ,S ,
SM18409 ,A ,
SM18410 ,S ,
SM18411 ,S ,
SM18412 ,S ,
SM18413 ,A ,
SM18414 ,A ,
SM18415 ,A ,
SM18416 ,A ,
SM18417 ,S ,
SM18418 ,S ,
SM18419 ,S ,
SM18420 ,A ,
SM18421 ,S ,
SM18422 ,S ,
SM18423 ,A ,
SM18424 ,A ,
SM18425 ,A ,
SM18426 ,S ,
SM18427 ,A ,
SM18428 ,A ,
SM18429 ,S ,
SM18430 ,S ,
SM18431 ,S ,
SM18432 ,S ,
SM18433 ,A ,
SM18434 ,A ,
SM18435 ,S ,
SM18436 ,S ,
SM18437 ,S ,
SM18438 ,A ,
SM18439 ,A ,
SM18440 ,S ,
SM18441 ,A ,
SM18442 ,A ,
SM18443 ,S ,
SM18444 ,A ,
SM18445 ,S ,
SM18446 ,S ,
SM18447 ,A ,
SM18448 ,A ,
SM18449 ,S ,
SM18450 ,S ,
SM18451 ,A ,
SM18452 ,A ,
SM18453 ,A ,
SM18454 ,S ,
SM18455 ,S ,
SM18456 ,A ,
SM18457 ,S ,
SM18458 ,S ,
SM18459 ,A ,
SM18460 ,S ,
SM18461 ,A ,
SM18462 ,S ,
SM18463 ,S ,
SM18464 ,S ,
SM18465 ,A ,
SM18466 ,A ,
SM18467 ,S ,
SM18468 ,A ,
SM18469 ,A ,
SM18470 ,A ,
SM18471 ,S ,
SM18472 ,A ,
SM18473 ,A ,
SM18474 ,A ,
SM18475 ,A ,
SM18476 ,S ,
SM18477 ,S ,
SM18478 ,S ,
SM18479 ,S ,
SM18480 ,S ,
SM18481 ,S ,
SM18482 ,S ,
SM18483 ,A ,
SM18484 ,S ,
SM18485 ,S ,
SM18486 ,S ,
SM18487 ,A ,
SM18488 ,S ,
SM18489 ,S ,
SM18490 ,A ,
SM18491 ,A ,
SM18492 ,S ,
SM18493 ,A ,
SM18494 ,S ,
SM18495 ,A ,
SM18496 ,S ,
SM18497 ,A ,
SM18498 ,A ,
SM18499 ,A ,
SM18500 ,S ,
SM18501 ,A ,
SM18502 ,A ,
SM18504 ,S ,
SM18505 ,A ,
SM18506 ,A ,
SM18507 ,A ,
SM18508 ,S ,
SM18509 ,A ,
SM18510 ,A ,
SM18511 ,S ,
SM18512 ,S ,
SM18513 ,A ,
SM18514 ,A ,
SM18515 ,S ,
SM18516 ,S ,
SM18517 ,S ,
SM18518 ,S ,
SM18519 ,S ,
SM18520 ,A ,
SM18521 ,S ,
SM18522 ,S ,
SM18523 ,S ,
SM18524 ,S ,
SM18525 ,A ,
SM18526 ,S ,
SM18527 ,A ,
SM18528 ,A ,
SM18529 ,S ,
SM18530 ,A ,
SM18531 ,A ,
SM18532 ,S ,
SM18533 ,S ,
SM18534 ,S ,
SM18535 ,A ,
SM18536 ,S ,
SM18537 ,A ,
SM18538 ,A ,
SM18539 ,S ,
SM18540 ,A ,
SM18541 ,A ,
SM18542 ,S ,
SM18543 ,A ,
SM18544 ,A ,
SM18545 ,A ,
SM18546 ,S ,
SM18547 ,A ,
SM18548 ,S ,
SM18549 ,A ,
SM18550 ,S ,
SM18551 ,A ,
SM18552 ,A ,
SM18553 ,S ,
SM18555 ,A ,
SM18556 ,A ,
SM18557 ,A ,
SM18558 ,S ,
SM18559 ,S ,
SM18560 ,S ,
SM18561 ,A ,
SM18562 ,S ,
SM18563 ,S ,
SM18564 ,A ,
SM18565 ,S ,
SM18566 ,A ,
SM18567 ,S ,
SM18568 ,S ,
SM18569 ,A ,
SM18570 ,S ,
SM18571 ,S ,
SM18572 ,S ,
SM18573 ,S ,
SM18574 ,S ,
SM18575 ,A ,
SM18576 ,S ,
SM18577 ,A ,
SM18578 ,S ,
SM18579 ,S ,
SM18580 ,S ,
SM18581 ,A ,
SM18582 ,S ,
SM18583 ,S ,
SM18584 ,A ,
SM18585 ,A ,
SM18586 ,S ,
SM18587 ,S ,
SM18588 ,A ,
SM18589 ,A ,
SM18590 ,S ,
SM18591 ,A ,
SM18592 ,S ,
SM18593 ,A ,
SM18594 ,S ,
SM18595 ,S ,
SM18596 ,A ,
SM18597 ,S ,
SM18598 ,A ,
SM18599 ,A ,
SM18600 ,S ,
SM18601 ,A ,
SM18602 ,A ,
SM18603 ,S ,
SM18604 ,S ,
SM18605 ,S ,
SM18606 ,A ,
SM18607 ,S ,
SM18608 ,S ,
SM18609 ,S ,
SM18610 ,S ,
SM18611 ,S ,
SM18612 ,A ,
SM18613 ,S ,
SM18614 ,A ,
SM18615 ,A ,
SM18616 ,S ,
SM18617 ,A ,
SM18618 ,A ,
SM18619 ,S ,
SM18620 ,S ,
SM18621 ,A ,
SM18622 ,S ,
SM18623 ,S ,
SM18624 ,A ,
SM18625 ,S ,
SM18626 ,A ,
SM18628 ,S ,
SM18629 ,S ,
SM18631 ,S ,
SM18632 ,A ,
SM18633 ,S ,
SM18634 ,S ,
SM18635 ,S ,
SM18636 ,A ,
SM18637 ,A ,
SM18638 ,S ,
SM18639 ,A ,
SM18640 ,S ,
SM18641 ,S ,
SM18642 ,S ,
SM18643 ,S ,
SM18644 ,A ,
SM18645 ,A ,
SM18646 ,S ,
SM18647 ,S ,
SM18648 ,S ,
SM18650 ,S ,
SM18651 ,S ,
SM18652 ,A ,
SM18653 ,A ,
SM18654 ,S ,
SM18655 ,S ,
SM18656 ,A ,
SM18657 ,S ,
SM18658 ,S ,
SM18659 ,S ,
SM18660 ,S ,
SM18661 ,S ,
SM18662 ,S ,
SM18663 ,S ,
SM18664 ,A ,
SM18665 ,S ,
SM18666 ,S ,
SM18667 ,A ,
SM18668 ,S ,
SM18669 ,S ,
SM18670 ,S ,
SM18671 ,S ,
SM18672 ,A ,
SM18673 ,A ,
SM18674 ,S ,
SM18675 ,S ,
SM18676 ,A ,
SM18678 ,S ,
SM18679 ,S ,
SM18680 ,S ,
SM18681 ,A ,
SM18682 ,S ,
SM18683 ,S ,
SM18684 ,A ,
SM18685 ,S ,
SM18686 ,A ,
SM18687 ,A ,
SM18688 ,S ,
SM18689 ,S ,
SM18690 ,S ,
SM18691 ,A ,
SM18692 ,A ,
SM18693 ,S ,
SM18694 ,S ,
SM18695 ,A ,
SM18696 ,S ,
SM18697 ,S ,
SM18698 ,S ,
SM18699 ,S ,
SM18700 ,A ,
SM18702 ,S ,
SM18703 ,S ,
SM18704 ,A ,
SM18705 ,S ,
SM18706 ,A ,
SM18707 ,S ,
SM18708 ,S ,
SM18709 ,A ,
SM18710 ,S ,
SM18711 ,S ,
SM18712 ,S ,
SM18713 ,S ,
SM18714 ,S ,
SM18715 ,S ,
SM18716 ,S ,
SM18717 ,A ,
SM18718 ,A ,
SM18719 ,A ,
SM18720 ,S ,
SM18721 ,S ,
SM18722 ,A ,
SM18723 ,A ,
SM18724 ,A ,
SM18725 ,S ,
SM18726 ,A ,
SM18727 ,S ,
SM18728 ,S ,
SM18729 ,S ,
SM18730 ,S ,
SM18731 ,A ,
SM18732 ,S ,
SM18733 ,A ,
SM18734 ,A ,
SM18735 ,S ,
SM18737 ,S ,
SM18738 ,S ,
SM18739 ,S ,
SM18740 ,A ,
SM18741 ,S ,
SM18742 ,S ,
SM18743 ,S ,
SM18744 ,A ,
SM18745 ,A ,
SM18746 ,S ,
SM18747 ,S ,
SM18748 ,S ,
SM18749 ,S ,
SM18750 ,S ,
SM18751 ,A ,
SM18752 ,S ,
SM18753 ,S ,
SM18754 ,A ,
SM18755 ,A ,
SM18756 ,S ,
SM18757 ,S ,
SM18758 ,S ,
SM18759 ,S ,
SM18760 ,S ,
SM18761 ,S ,
SM18762 ,A ,
SM18763 ,S ,
SM18764 ,A ,
SM18765 ,S ,
SM18766 ,A ,
SM18767 ,A ,
SM18768 ,S ,
SM18769 ,S ,
SM18770 ,S ,
SM18771 ,A ,
SM18772 ,A ,
SM18773 ,S ,
SM18774 ,A ,
SM18775 ,S ,
SM18776 ,A ,
SM18777 ,S ,
SM18778 ,A ,
SM18779 ,S ,
SM18781 ,S ,
SM18782 ,S ,
SM18783 ,S ,
SM18784 ,S ,
SM18785 ,A ,
SM18786 ,S ,
SM18787 ,S ,
SM18788 ,S ,
SM18789 ,S ,
SM18790 ,A ,
SM18791 ,S ,
SM18792 ,A ,
SM18793 ,A ,
SM18794 ,S ,
SM18795 ,S ,
SM18796 ,S ,
SM18797 ,A ,
SM18798 ,S ,
SM18799 ,A ,
SM18800 ,S ,
SM18801 ,S ,
SM18802 ,S ,
SM18803 ,S ,
SM18804 ,S ,
SM18805 ,S ,
SM18806 ,S ,
SM18807 ,S ,
SM18808 ,A ,
SM18809 ,A ,
SM18810 ,A ,
SM18811 ,S ,
SM18812 ,A ,
SM18813 ,S ,
SM18814 ,S ,
SM18815 ,A ,
SM18816 ,A ,
SM18817 ,S ,
SM18818 ,S ,
SM18819 ,A ,
SM18820 ,S ,
SM18821 ,S ,
SM18822 ,S ,
SM18823 ,S ,
SM18824 ,S ,
SM18825 ,S ,
SM18826 ,A ,
SM18827 ,A ,
SM18828 ,S ,
SM18829 ,S ,
SM18830 ,A ,
SM18831 ,S ,
SM18832 ,S ,
SM18833 ,A ,
SM18834 ,A ,
SM18835 ,S ,
SM18836 ,S ,
SM18837 ,A ,
SM18838 ,A ,
SM18839 ,A ,
SM18840 ,A ,
SM18841 ,S ,
SM18842 ,S ,
SM18844 ,A ,
SM18846 ,S ,
SM18847 ,S ,
SM18848 ,S ,
SM18849 ,S ,
SM18850 ,S ,
SM18851 ,S ,
SM18852 ,A ,
SM18853 ,S ,
SM18854 ,S ,
SM18855 ,S ,
SM18856 ,S ,
SM18857 ,S ,
SM18858 ,S ,
SM18859 ,S ,
SM18861 ,S ,
SM18863 ,S ,
SM18864 ,S ,
SM18865 ,S ,
SM18866 ,A ,
SM18867 ,A ,
SM18868 ,S ,
SM18869 ,A ,
SM18870 ,S ,
SM18871 ,A ,
SM18872 ,S ,
SM18873 ,S ,
SM18874 ,A ,
SM18875 ,S ,
SM18876 ,S ,
SM18877 ,S ,
SM18878 ,A ,
SM18879 ,S ,
SM18880 ,A ,
SM18881 ,A ,
SM18882 ,S ,
SM18883 ,A ,
SM18884 ,S ,
SM18885 ,S ,
SM18886 ,S ,
SM18887 ,A ,
SM18888 ,A ,
SM18889 ,S ,
SM18891 ,S ,
SM18892 ,S ,
SM18893 ,A ,
SM18895 ,S ,
SM18896 ,S ,
SM18897 ,S ,
SM18898 ,S ,
SM18899 ,A ,
SM18900 ,A ,
SM18901 ,S ,
SM18902 ,S ,
SM18904 ,S ,
SM18905 ,A ,
SM18906 ,S ,
SM18907 ,S ,
SM18908 ,A ,
SM18909 ,S ,
SM18910 ,S ,
SM18911 ,A ,
SM18912 ,S ,
SM18914 ,S ,
SM18915 ,A ,
SM18916 ,S ,
SM18917 ,A ,
SM18918 ,S ,
SM18919 ,S ,
SM18920 ,S ,
SM18921 ,S ,
SM18922 ,S ,
SM18924 ,S ,
SM18925 ,S ,
SM18926 ,A ,
SM18927 ,S ,
SM18928 ,S ,
SM18929 ,A ,
SM18930 ,A ,
SM18931 ,A ,
SM18932 ,A ,
SM18933 ,S ,
SM18934 ,S ,
SM18935 ,A ,
SM18936 ,S ,
SM18937 ,S ,
SM18939 ,S ,
SM18940 ,S ,
SM18941 ,S ,
SM18942 ,A ,
SM18944 ,S ,
SM18945 ,S ,
SM18946 ,S ,
SM18947 ,A ,
SM18948 ,S ,
SM18949 ,S ,
SM18950 ,S ,
SM18951 ,A ,
SM18952 ,S ,
SM18953 ,S ,
SM18954 ,A ,
SM18955 ,S ,
SM18956 ,S ,
SM18957 ,S ,
SM18958 ,S ,
SM18959 ,S ,
SM18960 ,S ,
SM18962 ,S ,
SM18963 ,A ,
SM18964 ,A ,
SM18965 ,A ,
SM18966 ,S ,
SM18967 ,S ,
SM18968 ,S ,
SM18969 ,S ,
SM18971 ,A ,
SM18972 ,S ,
SM18973 ,S ,
SM18975 ,S ,
SM18976 ,S ,
SM18977 ,A ,
SM18978 ,S ,
SM18979 ,S ,
SM18981 ,A ,
SM18982 ,S ,
SM18983 ,A ,
SM18984 ,A ,
SM18985 ,A ,
SM18986 ,A ,
SM18987 ,S ,
SM18988 ,S ,
SM18989 ,A ,
SM18990 ,S ,
SM18991 ,S ,
SM18992 ,S ,
SM18993 ,S ,
SM18994 ,S ,
SM18995 ,A ,
SM18996 ,S ,
SM18997 ,S ,
SM18998 ,S ,
SM18999 ,A ,
SM19000 ,S ,
SM19001 ,S ,
SM19002 ,S ,
SM19003 ,S ,
SM19004 ,S ,
SM19005 ,A ,
SM19006 ,A ,
SM19007 ,S ,
SM19008 ,S ,
SM19009 ,S ,
SM19011 ,S ,
SM19012 ,S ,
SM19013 ,A ,
SM19014 ,S ,
SM19015 ,A ,
SM19016 ,S ,
SM19017 ,S ,
SM19018 ,S ,
SM19019 ,A ,
SM19020 ,S ,
SM19021 ,A ,
SM19022 ,S ,
SM19023 ,S ,
SM19024 ,A ,
SM19025 ,A ,
SM19026 ,S ,
SM19027 ,S ,
SM19028 ,S ,
SM19029 ,S ,
SM19030 ,S ,
SM19031 ,A ,
SM19032 ,S ,
SM19033 ,A ,
SM19034 ,S ,
SM19035 ,S ,
SM19036 ,S ,
SM19037 ,S ,
SM19038 ,S ,
SM19039 ,A ,
SM19040 ,A ,
SM19041 ,S ,
SM19042 ,S ,
SM19043 ,S ,
SM19044 ,S ,
SM19045 ,S ,
SM19046 ,S ,
SM19047 ,S ,
SM19048 ,A ,
SM19049 ,S ,
SM19050 ,S ,
SM19051 ,A ,
SM19052 ,A ,
SM19053 ,S ,
SM19054 ,S ,
SM19055 ,A ,
SM19056 ,S ,
SM19057 ,A ,
SM19058 ,A ,
SM19059 ,A ,
SM19060 ,A ,
SM19061 ,A ,
SM19062 ,S ,
SM19063 ,A ,
SM19064 ,A ,
SM19065 ,S ,
SM19066 ,S ,
SM19067 ,S ,
SM19068 ,S ,
SM19069 ,S ,
SM19071 ,A ,
SM19072 ,S ,
SM19073 ,S ,
SM19074 ,S ,
SM19075 ,S ,
SM19076 ,S ,
SM19077 ,S ,
SM19078 ,A ,
SM19079 ,S ,
SM19080 ,S ,
SM19081 ,A ,
SM19082 ,S ,
SM19083 ,S ,
SM19084 ,A ,
SM19085 ,A ,
SM19086 ,A ,
SM19087 ,S ,
SM19088 ,A ,
SM19089 ,S ,
SM19090 ,S ,
SM19091 ,A ,
SM19092 ,A ,
SM19093 ,S ,
SM19094 ,S ,
SM19095 ,A ,
SM19096 ,A ,
SM19097 ,S ,
SM19098 ,S ,
SM19099 ,S ,
SM19100 ,S ,
SM19101 ,S ,
SM19102 ,S ,
SM19103 ,S ,
SM19104 ,A ,
SM19105 ,S ,
SM19106 ,A ,
SM19107 ,A ,
SM19108 ,S ,
SM19109 ,A ,
SM19110 ,A ,
SM19112 ,S ,
SM19113 ,A ,
SM19114 ,A ,
SM19115 ,S ,
SM19116 ,S ,
SM19117 ,S ,
SM19118 ,A ,
SM19119 ,S ,
SM19120 ,S ,
SM19121 ,S ,
SM19122 ,A ,
SM19123 ,S ,
SM19124 ,A ,
SM19125 ,S ,
SM19126 ,A ,
SM19127 ,S ,
SM19128 ,S ,
SM19129 ,A ,
SM19130 ,S ,
SM19131 ,A ,
SM19132 ,S ,
SM19133 ,S ,
SM19134 ,A ,
SM19135 ,S ,
SM19136 ,A ,
SM19137 ,S ,
SM19138 ,A ,
SM19139 ,S ,
SM19140 ,S ,
SM19141 ,S ,
SM19142 ,S ,
SM19143 ,S ,
SM19144 ,S ,
SM19145 ,A ,
SM19146 ,A ,
SM19147 ,S ,
SM19148 ,A ,
SM19149 ,S ,
SM19150 ,A ,
SM19151 ,S ,
SM19152 ,S ,
SM19153 ,S ,
SM19154 ,S ,
SM19155 ,S ,
SM19156 ,A ,
SM19157 ,S ,
SM19158 ,S ,
SM19160 ,S ,
SM19161 ,S ,
SM19162 ,A ,
SM19163 ,S ,
SM19164 ,A ,
SM19165 ,S ,
SM19166 ,S ,
SM19167 ,A ,
SM19168 ,S ,
SM19169 ,S ,
SM19170 ,S ,
SM19171 ,S ,
SM19172 ,S ,
SM19173 ,S ,
SM19174 ,A ,
SM19175 ,A ,
SM19176 ,S ,
SM19177 ,A ,
SM19178 ,A ,
SM19179 ,S ,
SM19180 ,S ,
SM19181 ,S ,
SM19182 ,S ,
SM19183 ,S ,
SM19184 ,A ,
SM19185 ,A ,
SM19186 ,S ,
SM19187 ,A ,
SM19188 ,S ,
SM19189 ,A ,
SM19190 ,S ,
SM19191 ,A ,
SM19192 ,S ,
SM19193 ,S ,
SM19194 ,S ,
SM19195 ,S ,
SM19196 ,S ,
SM19197 ,S ,
SM19198 ,S ,
SM19199 ,A ,
SM19200 ,S ,
SM19201 ,S ,
SM19202 ,S ,
SM19203 ,S ,
SM19204 ,S ,
SM19205 ,A ,
SM19206 ,S ,
SM19207 ,A ,
SM19208 ,S ,
SM19209 ,S ,
SM19210 ,S ,
SM19211 ,A ,
SM19212 ,A ,
SM19213 ,S ,
SM19214 ,S ,
SM19215 ,A ,
SM19216 ,S ,
SM19217 ,A ,
SM19218 ,A ,
SM19219 ,A ,
SM19220 ,S ,
SM19221 ,S ,
SM19222 ,S ,
SM19223 ,A ,
SM19224 ,S ,
SM19225 ,S ,
SM19226 ,A ,
SM19227 ,S ,
SM19228 ,A ,
SM19229 ,S ,
SM19230 ,S ,
SM19231 ,S ,
SM19232 ,S ,
SM19233 ,S ,
SM19234 ,S ,
SM19235 ,A ,
SM19236 ,S ,
SM19237 ,S ,
SM19238 ,S ,
SM19239 ,S ,
SM19240 ,S ,
SM19241 ,A ,
SM19242 ,S ,
SM19243 ,A ,
SM19244 ,S ,
SM19245 ,A ,
SM19246 ,S ,
SM19247 ,A ,
SM19248 ,A ,
SM19249 ,S ,
SM19250 ,S ,
SM19251 ,A ,
SM19252 ,S ,
SM19253 ,A ,
SM19254 ,S ,
SM19255 ,S ,
SM19256 ,A ,
SM19257 ,S ,
SM19258 ,A ,
SM19259 ,S ,
SM19260 ,S ,
SM19261 ,S ,
SM19262 ,S ,
SM19263 ,S ,
SM19264 ,S ,
SM19265 ,A ,
SM19266 ,S ,
SM19267 ,A ,
SM19268 ,A ,
SM19269 ,A ,
SM19270 ,S ,
SM19271 ,S ,
SM19272 ,S ,
SM19273 ,S ,
SM19275 ,S ,
SM19277 ,S ,
SM19278 ,S ,
SM19279 ,S ,
SM19280 ,S ,
SM19281 ,A ,
SM19282 ,S ,
SM19283 ,S ,
SM19284 ,S ,
SM19285 ,S ,
SM19286 ,A ,
SM19287 ,S ,
SM19288 ,A ,
SM19289 ,S ,
SM19290 ,A ,
SM19291 ,S ,
SM19292 ,A ,
SM19293 ,S ,
SM19294 ,S ,
SM19295 ,S ,
SM19296 ,A ,
SM19297 ,A ,
SM19298 ,A ,
SM19299 ,S ,
SM19300 ,S ,
SM19301 ,A ,
SM19302 ,S ,
SM19303 ,S ,
SM19305 ,S ,
SM19306 ,S ,
SM19307 ,S ,
SM19308 ,A ,
SM19309 ,A ,
SM19310 ,S ,
SM19311 ,S ,
SM19312 ,A ,
SM19313 ,A ,
SM19314 ,S ,
SM19315 ,S ,
SM19316 ,A ,
SM19317 ,S ,
SM19318 ,A ,
SM19319 ,A ,
SM19320 ,S ,
SM19321 ,A ,
SM19322 ,S ,
SM19323 ,S ,
SM19324 ,S ,
SM19325 ,S ,
SM19326 ,A ,
SM19327 ,S ,
SM19328 ,A ,
SM19329 ,S ,
SM19330 ,S ,
SM19331 ,S ,
SM19333 ,S ,
SM19334 ,A ,
SM19335 ,S ,
SM19336 ,A ,
SM19337 ,S ,
SM19338 ,S ,
SM19339 ,S ,
SM19340 ,S ,
SM19341 ,S ,
SM19342 ,A ,
SM19343 ,S ,
SM19344 ,S ,
SM19345 ,S ,
SM19346 ,S ,
SM19347 ,S ,
SM19348 ,S ,
SM19349 ,S ,
SM19351 ,S ,
SM19352 ,A ,
SM19353 ,S ,
SM19354 ,S ,
SM19355 ,S ,
SM19356 ,S ,
SM19357 ,A ,
SM19358 ,S ,
SM19360 ,S ,
SM19361 ,S ,
SM19362 ,A ,
SM19363 ,A ,
SM19364 ,S ,
SM19365 ,S ,
SM19366 ,A ,
SM19367 ,A ,
SM19368 ,S ,
SM19369 ,S ,
SM19370 ,A ,
SM19371 ,A ,
SM19373 ,S ,
SM19374 ,A ,
SM19375 ,S ,
SM19376 ,S ,
SM19377 ,S ,
SM19378 ,S ,
SM19379 ,S ,
SM19380 ,A ,
SM19381 ,S ,
SM19382 ,S ,
SM19383 ,S ,
SM19384 ,S ,
SM19385 ,S ,
SM19386 ,S ,
SM19387 ,S ,
SM19388 ,S ,
SM19389 ,S ,
SM19390 ,A ,
SM19393 ,A ,
SM19394 ,S ,
SM19395 ,S ,
SM19396 ,A ,
SM19397 ,S ,
SM19398 ,S ,
SM19399 ,A ,
SM19400 ,S ,
SM19401 ,A ,
SM19402 ,S ,
SM19403 ,S ,
SM19404 ,A ,
SM19405 ,S ,
SM19406 ,A ,
SM19407 ,S ,
SM19408 ,S ,
SM19409 ,S ,
SM19411 ,S ,
SM19412 ,S ,
SM19413 ,A ,
SM19414 ,S ,
SM19415 ,A ,
SM19416 ,S ,
SM19417 ,S ,
SM19418 ,A ,
SM19419 ,S ,
SM19420 ,S ,
SM19421 ,A ,
SM19423 ,S ,
SM19424 ,S ,
SM19425 ,S ,
SM19426 ,A ,
SM19427 ,S ,
SM19428 ,S ,
SM19429 ,S ,
SM19430 ,A ,
SM19431 ,S ,
SM19432 ,S ,
SM19433 ,S ,
SM19434 ,S ,
SM19435 ,S ,
SM19436 ,A ,
SM19437 ,A ,
SM19438 ,A ,
SM19439 ,S ,
SM19442 ,S ,
SM19443 ,S ,
SM19444 ,A ,
SM19445 ,S ,
SM19446 ,S ,
SM19447 ,S ,
SM19448 ,S ,
SM19450 ,S ,
SM19451 ,A ,
SM19452 ,S ,
SM19453 ,A ,
SM19454 ,S ,
SM19455 ,S ,
SM19456 ,S ,
SM19457 ,S ,
SM19458 ,A ,
SM19459 ,A ,
SM19460 ,S ,
SM19461 ,S ,
SM19462 ,S ,
SM19463 ,A ,
SM19464 ,S ,
SM19466 ,A ,
SM19467 ,A ,
SM19468 ,S ,
SM19469 ,S ,
SM19470 ,S ,
SM19471 ,S ,
SM19473 ,S ,
SM19474 ,A ,
SM19475 ,S ,
SM19476 ,A ,
SM19477 ,S ,
SM19478 ,S ,
SM19479 ,S ,
SM19480 ,S ,
SM19481 ,S ,
SM19482 ,S ,
SM19483 ,S ,
SM19484 ,A ,
SM19485 ,A ,
SM19486 ,A ,
SM19488 ,S ,
SM19489 ,S ,
SM19491 ,S ,
SM19492 ,S ,
SM19493 ,S ,
SM19494 ,S ,
SM19495 ,S ,
SM19496 ,S ,
SM19497 ,A ,
SM19498 ,S ,
SM19499 ,S ,
SM19500 ,S ,
SM19501 ,A ,
SM19502 ,A ,
SM19503 ,S ,
SM19504 ,A ,
SM19505 ,A ,
SM19506 ,S ,
SM19507 ,S ,
SM19508 ,S ,
SM19509 ,A ,
SM19510 ,A ,
SM19511 ,S ,
SM19512 ,S ,
SM19514 ,A ,
SM19515 ,S ,
SM19516 ,A ,
SM19517 ,S ,
SM19518 ,S ,
SM19519 ,S ,
SM19520 ,S ,
SM19521 ,A ,
SM19522 ,S ,
SM19523 ,A ,
SM19524 ,S ,
SM19525 ,S ,
SM19526 ,S ,
SM19527 ,S ,
SM19528 ,S ,
SM19529 ,S ,
SM19530 ,A ,
SM19532 ,S ,
SM19533 ,A ,
SM19534 ,S ,
SM19535 ,A ,
SM19536 ,S ,
SM19537 ,A ,
SM19538 ,S ,
SM19539 ,S ,
SM19540 ,S ,
SM19541 ,S ,
SM19542 ,A ,
SM19543 ,A ,
SM19544 ,S ,
SM19545 ,S ,
SM19546 ,S ,
SM19547 ,A ,
SM19548 ,S ,
SM19549 ,S ,
SM19550 ,A ,
SM19551 ,S ,
SM19552 ,S ,
SM19553 ,S ,
SM19554 ,A ,
SM19555 ,S ,
SM19556 ,S ,
SM19557 ,S ,
SM19558 ,A ,
SM19559 ,S ,
SM19560 ,S ,
SM19561 ,A ,
SM19562 ,A ,
SM19563 ,A ,
SM19564 ,S ,
SM19565 ,S ,
SM19566 ,S ,
SM19567 ,S ,
SM19568 ,A ,
SM19569 ,S ,
SM19570 ,A ,
SM19571 ,S ,
SM19572 ,S ,
SM19573 ,A ,
SM19574 ,S ,
SM19575 ,A ,
SM19576 ,S ,
SM19577 ,A ,
SM19578 ,A ,
SM19579 ,S ,
SM19580 ,S ,
SM19581 ,A ,
SM19582 ,S ,
SM19583 ,S ,
SM19584 ,S ,
SM19585 ,S ,
SM19586 ,S ,
SM19587 ,S ,
SM19588 ,S ,
SM19589 ,A ,
SM19590 ,S ,
SM19591 ,A ,
SM19592 ,A ,
SM19593 ,S ,
SM19594 ,A ,
SM19595 ,S ,
SM19596 ,S ,
SM19597 ,S ,
SM19598 ,S ,
SM19599 ,A ,
SM19600 ,S ,
SM19601 ,S ,
SM19602 ,S ,
SM19603 ,S ,
SM19604 ,A ,
SM19605 ,S ,
SM19606 ,S ,
SM19607 ,S ,
SM19608 ,A ,
SM19609 ,A ,
SM19610 ,A ,
SM19611 ,A ,
SM19612 ,S ,
SM19613 ,A ,
SM19614 ,A ,
SM19615 ,A ,
SM19616 ,S ,
SM19617 ,A ,
SM19619 ,S ,
SM19620 ,S ,
SM19621 ,S ,
SM19622 ,S ,
SM19623 ,A ,
SM19624 ,A ,
SM19625 ,S ,
SM19626 ,S ,
SM19627 ,S ,
SM19628 ,A ,
SM19629 ,A ,
SM19630 ,S ,
SM19631 ,S ,
SM19632 ,S ,
SM19633 ,S ,
SM19634 ,A ,
SM19635 ,S ,
SM19636 ,S ,
SM19637 ,S ,
SM19638 ,A ,
SM19639 ,S ,
SM19640 ,A ,
SM19641 ,A ,
SM19642 ,S ,
SM19643 ,A ,
SM19644 ,A ,
SM19645 ,A ,
SM19646 ,S ,
SM19647 ,S ,
SM19648 ,A ,
SM19649 ,A ,
SM19650 ,S ,
SM19651 ,A ,
SM19652 ,S ,
SM19653 ,S ,
SM19654 ,A ,
SM19655 ,S ,
SM19656 ,S ,
SM19657 ,S ,
SM19658 ,A ,
SM19659 ,S ,
SM19660 ,A ,
SM19661 ,A ,
SM19662 ,S ,
SM19663 ,S ,
SM19664 ,A ,
SM19665 ,S ,
SM19666 ,S ,
SM19667 ,A ,
SM19668 ,S ,
SM19669 ,S ,
SM19670 ,S ,
SM19672 ,S ,
SM19673 ,S ,
SM19674 ,S ,
SM19675 ,A ,
SM19676 ,S ,
SM19677 ,S ,
SM19678 ,S ,
SM19679 ,S ,
SM19680 ,S ,
SM19681 ,A ,
SM19682 ,S ,
SM19683 ,S ,
SM19684 ,S ,
SM19685 ,S ,
SM19686 ,A ,
SM19687 ,S ,
SM19688 ,S ,
SM19689 ,A ,
SM19690 ,S ,
SM19691 ,A ,
SM19692 ,S ,
SM19693 ,A ,
SM19694 ,S ,
SM19695 ,A ,
SM19696 ,S ,
SM19697 ,A ,
SM19698 ,S ,
SM19699 ,A ,
SM19700 ,A ,
SM19701 ,S ,
SM19702 ,A ,
SM19703 ,S ,
SM19704 ,S ,
SM19705 ,S ,
SM19706 ,S ,
SM19707 ,S ,
SM19708 ,A ,
SM19709 ,S ,
SM19710 ,S ,
SM19711 ,A ,
SM19712 ,S ,
SM19713 ,S ,
SM19714 ,S ,
SM19715 ,S ,
SM19716 ,S ,
SM19717 ,A ,
SM19718 ,S ,
SM19719 ,A ,
SM19720 ,S ,
SM19721 ,A ,
SM19722 ,S ,
SM19723 ,S ,
SM19724 ,S ,
SM19725 ,S ,
SM19726 ,S ,
SM19727 ,S ,
SM19728 ,S ,
SM19729 ,A ,
SM19730 ,A ,
SM19731 ,A ,
SM19732 ,A ,
SM19733 ,S ,
SM19734 ,S ,
SM19735 ,S ,
SM19736 ,S ,
SM19737 ,S ,
SM19738 ,A ,
SM19739 ,A ,
SM19740 ,S ,
SM19741 ,A ,
SM19742 ,S ,
SM19743 ,A ,
SM19744 ,S ,
SM19745 ,S ,
SM19746 ,A ,
SM19747 ,A ,
SM19748 ,S ,
SM19749 ,S ,
SM19750 ,A ,
SM19751 ,S ,
SM19752 ,A ,
SM19753 ,A ,
SM19754 ,S ,
SM19755 ,S ,
SM19756 ,S ,
SM19757 ,S ,
SM19758 ,S ,
SM19759 ,S ,
SM19760 ,S ,
SM19761 ,A ,
SM19762 ,A ,
SM19763 ,A ,
SM19764 ,S ,
SM19765 ,A ,
SM19766 ,S ,
SM19767 ,S ,
SM19768 ,S ,
SM19769 ,S ,
SM19770 ,S ,
SM19771 ,A ,
SM19772 ,S ,
SM19773 ,A ,
SM19774 ,S ,
SM19775 ,S ,
SM19776 ,A ,
SM19777 ,S ,
SM19778 ,S ,
SM19779 ,S ,
SM19780 ,A ,
SM19781 ,S ,
SM19782 ,S ,
SM19783 ,S ,
SM19784 ,A ,
SM19785 ,A ,
SM19786 ,A ,
SM19787 ,S ,
SM19788 ,S ,
SM19789 ,A ,
SM19790 ,S ,
SM19791 ,S ,
SM19792 ,S ,
SM19793 ,A ,
SM19794 ,S ,
SM19795 ,A ,
SM19796 ,A ,
SM19797 ,A ,
SM19798 ,S ,
SM19799 ,A ,
SM19800 ,S ,
SM19801 ,S ,
SM19803 ,A ,
SM19804 ,S ,
SM19805 ,S ,
SM19806 ,A ,
SM19807 ,S ,
SM19808 ,S ,
SM19809 ,A ,
SM19810 ,S ,
SM19811 ,A ,
SM19812 ,S ,
SM19813 ,S ,
SM19814 ,S ,
SM19815 ,S ,
SM19816 ,A ,
SM19817 ,A ,
SM19818 ,S ,
SM19819 ,S ,
SM19820 ,S ,
SM19821 ,S ,
SM19822 ,A ,
SM19823 ,A ,
SM19824 ,A ,
SM19825 ,S ,
SM19826 ,S ,
SM19827 ,S ,
SM19828 ,A ,
SM19829 ,S ,
SM19830 ,S ,
SM19831 ,S ,
SM19832 ,S ,
SM19833 ,A ,
SM19834 ,S ,
SM19835 ,A ,
SM19836 ,S ,
SM19837 ,A ,
SM19838 ,A ,
SM19839 ,A ,
SM19840 ,S ,
SM19841 ,A ,
SM19842 ,A ,
SM19843 ,S ,
SM19844 ,A ,
SM19845 ,S ,
SM19846 ,S ,
SM19847 ,A ,
SM19848 ,S ,
SM19849 ,A ,
SM19850 ,S ,
SM19851 ,S ,
SM19852 ,S ,
SM19853 ,A ,
SM19854 ,S ,
SM19855 ,A ,
SM19856 ,S ,
SM19857 ,S ,
SM19858 ,S ,
SM19859 ,A ,
SM19860 ,A ,
SM19861 ,S ,
SM19862 ,A ,
SM19863 ,S ,
SM19864 ,S ,
SM19865 ,S ,
SM19866 ,A ,
SM19867 ,S ,
SM19868 ,A ,
SM19869 ,S ,
SM19870 ,A ,
SM19871 ,A ,
SM19872 ,S ,
SM19873 ,S ,
SM19874 ,A ,
SM19875 ,A ,
SM19876 ,A ,
SM19877 ,A ,
SM19878 ,S ,
SM19879 ,A ,
SM19880 ,S ,
SM19881 ,A ,
SM19882 ,A ,
SM19883 ,S ,
SM19884 ,S ,
SM19885 ,S ,
SM19886 ,S ,
SM19887 ,S ,
SM19888 ,S ,
SM19889 ,A ,
SM19890 ,S ,
SM19891 ,A ,
SM19892 ,S ,
SM19893 ,A ,
SM19894 ,S ,
SM19895 ,S ,
SM19896 ,S ,
SM19897 ,A ,
SM19898 ,A ,
SM19899 ,S ,
SM19900 ,A ,
SM19901 ,S ,
SM19902 ,S ,
SM19903 ,S ,
SM19904 ,S ,
SM19905 ,S ,
SM19906 ,S ,
SM19907 ,A ,
SM19908 ,A ,
SM19909 ,A ,
SM19910 ,A ,
SM19911 ,A ,
SM19912 ,S ,
SM19913 ,A ,
SM19914 ,S ,
SM19915 ,S ,
SM19916 ,A ,
SM19917 ,A ,
SM19918 ,A ,
SM19919 ,S ,
SM19920 ,S ,
SM19922 ,S ,
SM19923 ,S ,
SM19924 ,A ,
SM19925 ,A ,
SM19926 ,A ,
SM19927 ,S ,
SM19928 ,S ,
SM19929 ,A ,
SM19930 ,A ,
SM19931 ,S ,
SM19932 ,S ,
SM19933 ,A ,
SM19934 ,S ,
SM19935 ,S ,
SM19936 ,S ,
SM19937 ,A ,
SM19939 ,S ,
SM19940 ,S ,
SM19941 ,A ,
SM19942 ,S ,
SM19943 ,A ,
SM19944 ,A ,
SM19945 ,A ,
SM19947 ,S ,
SM19948 ,S ,
SM19949 ,A ,
SM19950 ,S ,
SM19951 ,A ,
SM19952 ,S ,
SM19953 ,S ,
SM19954 ,A ,
SM19955 ,S ,
SM19956 ,A ,
SM19957 ,A ,
SM19958 ,A ,
SM19959 ,S ,
SM19960 ,A ,
SM19961 ,S ,
SM19962 ,S ,
SM19963 ,A ,
SM19964 ,S ,
SM19965 ,A ,
SM19966 ,A ,
SM19967 ,S ,
SM19968 ,S ,
SM19969 ,A ,
SM19970 ,A ,
SM19971 ,A ,
SM19972 ,A ,
SM19973 ,A ,
SM19974 ,S ,
SM19975 ,A ,
SM19976 ,A ,
SM19977 ,A ,
SM19978 ,S ,
SM19979 ,S ,
SM19980 ,A ,
SM19981 ,S ,
SM19982 ,A ,
SM19983 ,S ,
SM19984 ,A ,
SM19985 ,A ,
SM19986 ,A ,
SM19987 ,S ,
SM19988 ,A ,
SM19989 ,A ,
SM19990 ,S ,
SM19992 ,A ,
SM19993 ,A ,
SM19994 ,S ,
SM19995 ,S ,
SM19996 ,A ,
SM19997 ,A ,
SM19998 ,S ,
SM19999 ,A ,
SM20000 ,A ,
SM20001 ,S ,
SM20002 ,S ,
SM20003 ,S ,
SM20004 ,A ,
SM20005 ,A ,
SM20006 ,S ,
SM20008 ,A ,
SM20009 ,S ,
SM20010 ,S ,
SM20011 ,A ,
SM20013 ,A ,
SM20014 ,S ,
SM20015 ,A ,
SM20016 ,A ,
SM20017 ,S ,
SM20018 ,A ,
SM20019 ,S ,
SM20020 ,S ,
SM20021 ,S ,
SM20022 ,A ,
SM20023 ,S ,
SM20024 ,A ,
SM20025 ,S ,
SM20026 ,A ,
SM20027 ,A ,
SM20028 ,S ,
SM20029 ,S ,
SM20030 ,A ,
SM20031 ,A ,
SM20032 ,A ,
SM20033 ,A ,
SM20034 ,S ,
SM20035 ,S ,
SM20036 ,A ,
SM20037 ,S ,
SM20039 ,A ,
SM20040 ,S ,
SM20041 ,A ,
SM20042 ,A ,
SM20043 ,A ,
SM20044 ,S ,
SM20046 ,S ,
SM20047 ,S ,
SM20048 ,A ,
SM20049 ,S ,
SM20050 ,A ,
SM20051 ,A ,
SM20052 ,S ,
SM20053 ,S ,
SM20054 ,A ,
SM20055 ,A ,
SM20056 ,S ,
SM20057 ,A ,
SM20058 ,S ,
SM20059 ,A ,
SM20060 ,S ,
SM20062 ,A ,
SM20063 ,S ,
SM20064 ,S ,
SM20065 ,A ,
SM20066 ,S ,
SM20067 ,A ,
SM20068 ,S ,
SM20069 ,S ,
SM20070 ,A ,
SM20071 ,A ,
SM20072 ,A ,
SM20073 ,A ,
SM20074 ,A ,
SM20075 ,A ,
SM20076 ,A ,
SM20077 ,A ,
SM20078 ,A ,
SM20079 ,A ,
SM20080 ,A ,
SM20081 ,S ,
SM20082 ,A ,
SM20083 ,S ,
SM20084 ,A ,
SM20085 ,S ,
SM20086 ,A ,
SM20087 ,S ,
SM20088 ,A ,
SM20089 ,A ,
SM20090 ,S ,
SM20091 ,A ,
SM20092 ,A ,
SM20093 ,S ,
SM20094 ,A ,
SM20096 ,A ,
SM20097 ,A ,
SM20098 ,S ,
SM20099 ,A ,
SM20100 ,A ,
SM20102 ,S ,
SM20103 ,A ,
SM20104 ,A ,
SM20105 ,A ,
SM20106 ,A ,
SM20107 ,A ,
SM20108 ,A ,
SM20110 ,A ,
SM20111 ,A ,
SM20112 ,S ,
SM20113 ,A ,
SM20114 ,A ,
SM20115 ,A ,
SM20116 ,A ,
SM20117 ,A ,
SM20119 ,A ,
SM20120 ,A ,
SM20121 ,S ,
SM20122 ,A ,
SM20123 ,A ,
SM20124 ,A ,
SM20125 ,A ,
SM20126 ,S ,
SM20127 ,A ,
SM20128 ,A ,
SM20129 ,A ,
SM20130 ,A ,
SM20131 ,A ,
SM20132 ,A ,
SM20133 ,A ,
SM20135 ,S ,
SM20136 ,A ,
SM20137 ,S ,
SM20138 ,S ,
SM20139 ,A ,
SM20140 ,A ,
SM20141 ,A ,
SM20142 ,S ,
SM20143 ,S ,
SM20144 ,A ,
SM20145 ,A ,
SM20146 ,A ,
SM20147 ,S ,
SM20148 ,S ,
SM20149 ,A ,
SM20150 ,S ,
SM20151 ,S ,
SM20152 ,A ,
SM20153 ,A ,
SM20154 ,A ,
SM20155 ,A ,
SM20156 ,A ,
SM20158 ,S ,
SM20159 ,A ,
SM20160 ,A ,
SM20161 ,A ,
SM20162 ,S ,
SM20163 ,A ,
SM20164 ,A ,
SM20165 ,S ,
SM20166 ,A ,
SM20167 ,A ,
SM20168 ,S ,
SM20169 ,A ,
SM20170 ,A ,
SM20171 ,A ,
SM20172 ,A ,
SM20173 ,A ,
SM20174 ,A ,
SM20175 ,A ,
SM20176 ,S ,
SM20177 ,A ,
SM20178 ,S ,
SM20179 ,A ,
SM20180 ,A ,
SM20181 ,A ,
SM20182 ,A ,
SM20183 ,A ,
SM20184 ,A ,
SM20185 ,A ,
SM20186 ,S ,
SM20187 ,A ,
SM20188 ,A ,
SM20189 ,S ,
SM20191 ,S ,
SM20192 ,A ,
SM20193 ,A ,
SM20194 ,A ,
SM20195 ,A ,
SM20196 ,A ,
SM20197 ,A ,
SM20198 ,S ,
SM20199 ,A ,
SM20200 ,A ,
SM20201 ,A ,
SM20202 ,S ,
SM20203 ,S ,
SM20204 ,A ,
SM20205 ,A ,
SM20206 ,A ,
SM20207 ,S ,
SM20208 ,S ,
SM20209 ,A ,
SM20210 ,A ,
SM20211 ,A ,
SM20212 ,A ,
SM20213 ,S ,
SM20214 ,A ,
SM20215 ,A ,
SM20216 ,A ,
SM20217 ,A ,
SM20218 ,A ,
SM20219 ,S ,
SM20220 ,S ,
SM20221 ,A ,
SM20222 ,A ,
SM20223 ,A ,
SM20224 ,A ,
SM20225 ,A ,
SM20226 ,A ,
SM20227 ,A ,
SM20228 ,A ,
SM20229 ,S ,
SM20230 ,S ,
SM20231 ,A ,
SM20232 ,A ,
SM20233 ,A ,
SM20234 ,A ,
SM20235 ,A ,
SM20236 ,A ,
SM20237 ,A ,
SM20238 ,A ,
SM20239 ,S ,
SM20240 ,A ,
SM20242 ,S ,
SM20243 ,A ,
SM20244 ,A ,
SM20245 ,A ,
SM20246 ,A ,
SM20247 ,S ,
SM20248 ,A ,
SM20250 ,A ,
SM20251 ,A ,
SM20252 ,S ,
SM20253 ,S ,
SM20254 ,A ,
SM20255 ,S ,
SM20256 ,A ,
SM20257 ,A ,
SM20258 ,S ,
SM20259 ,S ,
SM20260 ,A ,
SM20261 ,A ,
SM20262 ,A ,
SM20263 ,A ,
SM20264 ,A ,
SM20265 ,A ,
SM20266 ,A ,
SM20267 ,S ,
SM20268 ,S ,
SM20269 ,A ,
SM20270 ,S ,
SM20271 ,A ,
SM20272 ,A ,
SM20273 ,A ,
SM20274 ,A ,
SM20275 ,A ,
SM20276 ,A ,
SM20277 ,S ,
SM20278 ,A ,
SM20279 ,A ,
SM20280 ,S ,
SM20281 ,A ,
SM20282 ,S ,
SM20283 ,A ,
SM20284 ,A ,
SM20285 ,A ,
SM20286 ,A ,
SM20287 ,A ,
SM20288 ,A ,
SM20289 ,S ,
SM20290 ,A ,
SM20291 ,S ,
SM20292 ,A ,
SM20293 ,A ,
SM20294 ,A ,
SM20295 ,A ,
SM20296 ,A ,
SM20297 ,S ,
SM20299 ,A ,
SM20300 ,A ,
SM20301 ,S ,
SM20302 ,S ,
SM20303 ,S ,
SM20304 ,A ,
SM20305 ,S ,
SM20306 ,S ,
SM20307 ,A ,
SM20308 ,S ,
SM20309 ,A ,
SM20310 ,A ,
SM20311 ,S ,
SM20312 ,A ,
SM20313 ,S ,
SM20314 ,A ,
SM20315 ,A ,
SM20316 ,A ,
SM20317 ,A ,
SM20318 ,A ,
SM20320 ,A ,
SM20321 ,A ,
SM20322 ,A ,
SM20323 ,A ,
SM20324 ,A ,
SM20325 ,A ,
SM20326 ,A ,
SM20327 ,A ,
SM20328 ,A ,
SM20329 ,A ,
SM20330 ,S ,
SM20331 ,A ,
SM20332 ,A ,
SM20333 ,A ,
SM20334 ,A ,
SM20335 ,A ,
SM20336 ,A ,
SM20337 ,A ,
SM20338 ,A ,
SM20339 ,A ,
SM20340 ,A ,
SM20341 ,A ,
SM20342 ,A ,
SM20343 ,S ,
SM20344 ,A ,
SM20345 ,A ,
SM20346 ,A ,
SM20347 ,A ,
SM20348 ,S ,
SM20349 ,S ,
SM20350 ,A ,
SM20351 ,A ,
SM20352 ,S ,
SM20353 ,S ,
SM20355 ,A ,
SM20356 ,A ,
SM20357 ,A ,
SM20358 ,A ,
SM20360 ,A ,
SM20361 ,A ,
SM20363 ,A ,
SM20364 ,S ,
SM20365 ,A ,
SM20366 ,A ,
SM20367 ,S ,
SM20368 ,A ,
SM20369 ,A ,
SM20370 ,A ,
SM20371 ,A ,
SM20372 ,S ,
SM20373 ,A ,
SM20374 ,S ,
SM20375 ,A ,
SM20376 ,S ,
SM20377 ,A ,
SM20378 ,A ,
SM20379 ,A ,
SM20380 ,A ,
SM20381 ,S ,
SM20382 ,A ,
SM20383 ,S ,
SM20384 ,A ,
SM20386 ,S ,
SM20387 ,A ,
SM20388 ,A ,
SM20389 ,S ,
SM20390 ,S ,
SM20391 ,S ,
SM20392 ,A ,
SM20393 ,S ,
SM20395 ,A ,
SM20396 ,A ,
SM20397 ,A ,
SM20398 ,A ,
SM20399 ,A ,
SM20400 ,A ,
SM20401 ,A ,
SM20402 ,A ,
SM20403 ,A ,
SM20404 ,A ,
SM20405 ,A ,
SM20406 ,S ,
SM20407 ,A ,
SM20408 ,S ,
SM20409 ,A ,
SM20410 ,A ,
SM20411 ,A ,
SM20412 ,S ,
SM20413 ,A ,
SM20414 ,A ,
SM20415 ,A ,
SM20416 ,S ,
SM20417 ,A ,
SM20418 ,A ,
SM20419 ,A ,
SM20420 ,S ,
SM20421 ,A ,
SM20422 ,S ,
SM20423 ,S ,
SM20424 ,A ,
SM20425 ,A ,
SM20426 ,A ,
SM20427 ,A ,
SM20428 ,A ,
SM20429 ,S ,
SM20430 ,A ,
SM20431 ,A ,
SM20432 ,A ,
SM20433 ,A ,
SM20434 ,S ,
SM20435 ,A ,
SM20436 ,A ,
SM20437 ,A ,
SM20438 ,A ,
SM20439 ,A ,
SM20440 ,A ,
SM20442 ,A ,
SM20443 ,A ,
SM20444 ,S ,
SM20445 ,S ,
SM20446 ,S ,
SM20447 ,S ,
SM20448 ,A ,
SM20449 ,S ,
SM20450 ,A ,
SM20451 ,A ,
SM20452 ,S ,
SM20453 ,A ,
SM20454 ,A ,
SM20455 ,A ,
SM20456 ,A ,
SM20457 ,A ,
SM20458 ,A ,
SM20459 ,A ,
SM20460 ,S ,
SM20461 ,A ,
SM20462 ,A ,
SM20463 ,A ,
SM20464 ,A ,
SM20465 ,A ,
SM20466 ,A ,
SM20467 ,A ,
SM20468 ,S ,
SM20469 ,S ,
SM20470 ,A ,
SM20471 ,A ,
SM20472 ,A ,
SM20473 ,A ,
SM20474 ,S ,
SM20475 ,A ,
SM20477 ,A ,
SM20478 ,A ,
SM20479 ,A ,
SM20480 ,S ,
SM20481 ,A ,
SM20482 ,S ,
SM20483 ,A ,
SM20484 ,A ,
SM20485 ,A ,
SM20486 ,A ,
SM20487 ,A ,
SM20488 ,A ,
SM20489 ,A ,
SM20490 ,A ,
SM20491 ,A ,
SM20492 ,A ,
SM20493 ,S ,
SM20494 ,A ,
SM20495 ,A ,
SM20496 ,A ,
SM20497 ,S ,
SM20498 ,S ,
SM20499 ,A ,
SM20500 ,A ,
SM20501 ,A ,
SM20502 ,A ,
SM20503 ,A ,
SM20504 ,S ,
SM20505 ,A ,
SM20506 ,S ,
SM20507 ,A ,
SM20508 ,S ,
SM20509 ,S ,
SM20510 ,A ,
SM20511 ,A ,
SM20512 ,A ,
SM20513 ,S ,
SM20514 ,A ,
SM20515 ,S ,
SM20516 ,S ,
SM20517 ,S ,
SM20518 ,A ,
SM20519 ,A ,
SM20520 ,A ,
SM20521 ,A ,
SM20522 ,S ,
SM20523 ,A ,
SM20524 ,A ,
SM20525 ,A ,
SM20526 ,A ,
SM20527 ,A ,
SM20528 ,S ,
SM20529 ,A ,
SM20530 ,S ,
SM20531 ,S ,
SM20532 ,S ,
SM20533 ,S ,
SM20534 ,S ,
SM20535 ,A ,
SM20536 ,A ,
SM20537 ,A ,
SM20538 ,S ,
SM20539 ,A ,
SM20540 ,A ,
SM20541 ,A ,
SM20542 ,A ,
SM20543 ,A ,
SM20544 ,A ,
SM20545 ,A ,
SM20546 ,S ,
SM20547 ,A ,
SM20548 ,A ,
SM20549 ,A ,
SM20550 ,S ,
SM20551 ,A ,
SM20552 ,A ,
SM20553 ,A ,
SM20554 ,A ,
SM20555 ,A ,
SM20556 ,S ,
SM20557 ,A ,
SM20558 ,S ,
SM20559 ,S ,
SM20560 ,A ,
SM20561 ,A ,
SM20562 ,A ,
SM20563 ,S ,
SM20564 ,S ,
SM20565 ,A ,
SM20566 ,A ,
SM20567 ,S ,
SM20568 ,S ,
SM20569 ,A ,
SM20570 ,S ,
SM20571 ,A ,
SM20572 ,A ,
SM20573 ,S ,
SM20574 ,S ,
SM20575 ,S ,
SM20576 ,A ,
SM20577 ,A ,
SM20578 ,A ,
SM20579 ,A ,
SM20580 ,A ,
SM20581 ,S ,
SM20582 ,S ,
SM20583 ,A ,
SM20584 ,A ,
SM20585 ,S ,
SM20586 ,S ,
SM20587 ,A ,
SM20588 ,A ,
SM20589 ,A ,
SM20590 ,S ,
SM20591 ,A ,
SM20592 ,S ,
SM20593 ,A ,
SM20594 ,S ,
SM20595 ,A ,
SM20596 ,A ,
SM20597 ,A ,
SM20598 ,S ,
SM20599 ,A ,
SM20600 ,A ,
SM20601 ,A ,
SM20602 ,S ,
SM20603 ,A ,
SM20604 ,S ,
SM20605 ,A ,
SM20606 ,A ,
SM20607 ,A ,
SM20608 ,A ,
SM20609 ,A ,
SM20610 ,S ,
SM20611 ,A ,
SM20612 ,S ,
SM20613 ,A ,
SM20614 ,A ,
SM20615 ,A ,
SM20616 ,A ,
SM20617 ,S ,
SM20618 ,A ,
SM20619 ,A ,
SM20620 ,S ,
SM20621 ,A ,
SM20622 ,S ,
SM20623 ,A ,
SM20624 ,A ,
SM20625 ,A ,
SM20626 ,S ,
SM20627 ,A ,
SM20628 ,A ,
SM20629 ,A ,
SM20630 ,A ,
SM20631 ,S ,
SM20632 ,A ,
SM20633 ,A ,
SM20634 ,A ,
SM20635 ,A ,
SM20636 ,A ,
SM20637 ,A ,
SM20638 ,S ,
SM20639 ,A ,
SM20640 ,A ,
SM20641 ,S ,
SM20642 ,A ,
SM20643 ,S ,
SM20644 ,S ,
SM20645 ,S ,
SM20646 ,A ,
SM20647 ,S ,
SM20648 ,A ,
SM20649 ,S ,
SM20650 ,A ,
SM20652 ,S ,
SM20653 ,A ,
SM20654 ,S ,
SM20655 ,S ,
SM20656 ,S ,
SM20657 ,S ,
SM20658 ,A ,
SM20659 ,A ,
SM20660 ,A ,
SM20661 ,A ,
SM20662 ,A ,
SM20663 ,A ,
SM20664 ,A ,
SM20665 ,A ,
SM20666 ,A ,
SM20667 ,A ,
SM20668 ,A ,
SM20669 ,A ,
SM20670 ,A ,
SM20671 ,A ,
SM20672 ,A ,
SM20673 ,S ,
SM20674 ,A ,
SM20675 ,S ,
SM20676 ,S ,
SM20677 ,S ,
SM20678 ,A ,
SM20679 ,A ,
SM20680 ,S ,
SM20681 ,S ,
SM20682 ,A ,
SM20683 ,S ,
SM20684 ,A ,
SM20685 ,A ,
SM20686 ,A ,
SM20687 ,A ,
SM20688 ,A ,
SM20689 ,A ,
SM20690 ,S ,
SM20691 ,A ,
SM20692 ,A ,
SM20693 ,S ,
SM20694 ,A ,
SM20695 ,A ,
SM20696 ,A ,
SM20697 ,S ,
SM20698 ,S ,
SM20699 ,S ,
SM20700 ,A ,
SM20701 ,A ,
SM20702 ,A ,
SM20703 ,A ,
SM20704 ,A ,
SM20705 ,A ,
SM20706 ,A ,
SM20707 ,A ,
SM20708 ,S ,
SM20709 ,A ,
SM20710 ,S ,
SM20711 ,A ,
SM20712 ,A ,
SM20713 ,A ,
SM20714 ,A ,
SM20715 ,A ,
SM20716 ,A ,
SM20717 ,S ,
SM20718 ,S ,
SM20719 ,S ,
SM20720 ,A ,
SM20721 ,A ,
SM20722 ,A ,
SM20723 ,A ,
SM20724 ,S ,
SM20725 ,A ,
SM20726 ,A ,
SM20727 ,A ,
SM20728 ,A ,
SM20729 ,A ,
SM20730 ,S ,
SM20731 ,S ,
SM20732 ,A ,
SM20733 ,S ,
SM20734 ,S ,
SM20735 ,S ,
SM20736 ,S ,
SM20737 ,A ,
SM20738 ,A ,
SM20739 ,A ,
SM20740 ,A ,
SM20741 ,A ,
SM20742 ,A ,
SM20743 ,S ,
SM20744 ,S ,
SM20745 ,S ,
SM20746 ,A ,
SM20747 ,S ,
SM20748 ,S ,
SM20749 ,S ,
SM20750 ,A ,
SM20751 ,S ,
SM20752 ,A ,
SM20753 ,A ,
SM20754 ,A ,
SM20755 ,A ,
SM20756 ,A ,
SM20757 ,S ,
SM20758 ,A ,
SM20759 ,A ,
SM20760 ,S ,
SM20761 ,S ,
SM20762 ,S ,
SM20763 ,A ,
SM20764 ,A ,
SM20765 ,S ,
SM20766 ,S ,
SM20767 ,A ,
SM20768 ,A ,
SM20769 ,S ,
SM20770 ,A ,
SM20771 ,S ,
SM20772 ,S ,
SM20773 ,S ,
SM20774 ,S ,
SM20775 ,A ,
SM20776 ,A ,
SM20777 ,S ,
SM20778 ,A ,
SM20779 ,A ,
SM20780 ,A ,
SM20781 ,S ,
SM20782 ,A ,
SM20783 ,S ,
SM20784 ,S ,
SM20785 ,A ,
SM20786 ,A ,
SM20787 ,A ,
SM20788 ,S ,
SM20789 ,A ,
SM20790 ,S ,
SM20791 ,A ,
SM20792 ,A ,
SM20793 ,A ,
SM20794 ,S ,
SM20795 ,A ,
SM20798 ,A ,
SM20799 ,A ,
SM20800 ,A ,
SM20801 ,A ,
SM20802 ,S ,
SM20803 ,S ,
SM20804 ,A ,
SM20805 ,S ,
SM20806 ,S ,
SM20807 ,S ,
SM20808 ,S ,
SM20809 ,S ,
SM20810 ,S ,
SM20811 ,A ,
SM20812 ,S ,
SM20813 ,S ,
SM20814 ,A ,
SM20815 ,S ,
SM20816 ,S ,
SM20817 ,S ,
SM20818 ,S ,
SM20819 ,S ,
SM20820 ,S ,
SM20821 ,A ,
SM20822 ,S ,
SM20823 ,S ,
SM20824 ,S ,
SM20825 ,S ,
SM20826 ,A ,
SM20827 ,S ,
SM20828 ,S ,
SM20829 ,S ,
SM20830 ,A ,
SM20831 ,A ,
SM20832 ,S ,
SM20833 ,S ,
SM20834 ,S ,
SM20835 ,S ,
SM20836 ,S ,
SM20837 ,S ,
SM20838 ,A ,
SM20839 ,S ,
SM20840 ,S ,
SM20841 ,A ,
SM20842 ,S ,
SM20843 ,A ,
SM20844 ,S ,
SM20845 ,S ,
SM20846 ,S ,
SM20847 ,S ,
SM20848 ,S ,
SM20849 ,A ,
SM20850 ,A ,
SM20851 ,A ,
SM20852 ,S ,
SM20853 ,A ,
SM20854 ,S ,
SM20855 ,S ,
SM20856 ,S ,
SM20857 ,A ,
SM20858 ,S ,
SM20859 ,A ,
SM20860 ,A ,
SM20861 ,A ,
SM20862 ,S ,
SM20863 ,A ,
SM20864 ,S ,
SM20865 ,A ,
SM20866 ,A ,
SM20867 ,S ,
SM20868 ,S ,
SM20869 ,S ,
SM20870 ,S ,
SM20871 ,S ,
SM20872 ,S ,
SM20873 ,S ,
SM20874 ,S ,
SM20875 ,S ,
SM20876 ,S ,
SM20877 ,S ,
SM20878 ,S ,
SM20879 ,A ,
SM20880 ,S ,
SM20881 ,S ,
SM20882 ,S ,
SM20883 ,S ,
SM20884 ,S ,
SM20885 ,S ,
SM20886 ,A ,
SM20887 ,S ,
SM20888 ,A ,
SM20889 ,S ,
SM20890 ,S ,
SM20891 ,S ,
SM20892 ,S ,
SM20893 ,S ,
SM20894 ,S ,
SM20895 ,A ,
SM20896 ,A ,
SM20897 ,A ,
SM20898 ,S ,
SM20899 ,S ,
SM20900 ,S ,
SM20901 ,S ,
SM20902 ,S ,
SM20903 ,S ,
SM20904 ,S ,
SM20905 ,S ,
SM20906 ,A ,
SM20907 ,S ,
SM20908 ,S ,
SM20909 ,S ,
SM20910 ,A ,
SM20911 ,S ,
SM20912 ,S ,
SM20913 ,S ,
SM20914 ,S ,
SM20915 ,S ,
SM20916 ,A ,
SM20917 ,S ,
SM20918 ,S ,
SM20919 ,S ,
SM20920 ,A ,
SM20921 ,S ,
SM20922 ,S ,
SM20923 ,S ,
SM20924 ,A ,
SM20925 ,S ,
SM20926 ,S ,
SM20927 ,S ,
SM20928 ,A ,
SM20929 ,S ,
SM20930 ,A ,
SM20932 ,S ,
SM20933 ,S ,
SM20934 ,S ,
SM20935 ,A ,
SM20936 ,S ,
SM20937 ,S ,
SM20938 ,S ,
SM20939 ,A ,
SM20940 ,S ,
SM20941 ,A ,
SM20942 ,S ,
SM20943 ,A ,
SM20944 ,S ,
SM20945 ,S ,
SM20946 ,S ,
SM20947 ,S ,
SM20948 ,S ,
SM20949 ,S ,
SM20950 ,S ,
SM20951 ,S ,
SM20952 ,S ,
SM20953 ,A ,
SM20955 ,S ,
SM20956 ,S ,
SM20957 ,S ,
SM20958 ,A ,
SM20959 ,A ,
SM20960 ,S ,
SM20961 ,S ,
SM20962 ,A ,
SM20963 ,S ,
SM20964 ,A ,
SM20965 ,A ,
SM20966 ,S ,
SM20967 ,S ,
SM20968 ,A ,
SM20969 ,S ,
SM20970 ,S ,
SM20971 ,S ,
SM20972 ,S ,
SM20973 ,A ,
SM20974 ,S ,
SM20975 ,S ,
SM20976 ,S ,
SM20978 ,S ,
SM20979 ,S ,
SM20980 ,S ,
SM20981 ,S ,
SM20982 ,S ,
SM20983 ,S ,
SM20984 ,A ,
SM20985 ,S ,
SM20986 ,S ,
SM20987 ,S ,
SM20988 ,S ,
SM20989 ,S ,
SM20990 ,S ,
SM20991 ,S ,
SM20992 ,S ,
SM20993 ,S ,
SM20994 ,S ,
SM20995 ,S ,
SM20996 ,S ,
SM20997 ,S ,
SM20998 ,S ,
SM20999 ,S ,
SM21000 ,S ,
SM21001 ,S ,
SM21002 ,A ,
SM21003 ,S ,
SM21004 ,S ,
SM21005 ,A ,
SM21006 ,A ,
SM21007 ,S ,
SM21008 ,S ,
SM21009 ,S ,
SM21010 ,S ,
SM21011 ,S ,
SM21012 ,A ,
SM21013 ,A ,
SM21014 ,S ,
SM21015 ,A ,
SM21016 ,A ,
SM21017 ,S ,
SM21018 ,S ,
SM21019 ,A ,
SM21020 ,S ,
SM21021 ,S ,
SM21022 ,S ,
SM21023 ,S ,
SM21024 ,S ,
SM21025 ,S ,
SM21026 ,A ,
SM21027 ,S ,
SM21028 ,A ,
SM21030 ,A ,
SM21032 ,S ,
SM21034 ,A ,
SM21035 ,S ,
SM21036 ,S ,
SM21037 ,A ,
SM21038 ,S ,
SM21039 ,S ,
SM21040 ,A ,
SM21041 ,S ,
SM21042 ,S ,
SM21043 ,S ,
SM21044 ,S ,
SM21045 ,S ,
SM21046 ,S ,
SM21047 ,A ,
SM21048 ,S ,
SM21049 ,S ,
SM21050 ,S ,
SM21051 ,A ,
SM21052 ,A ,
SM21053 ,S ,
SM21054 ,A ,
SM21055 ,A ,
SM21056 ,A ,
SM21057 ,S ,
SM21058 ,A ,
SM21059 ,S ,
SM21060 ,S ,
SM21061 ,A ,
SM21062 ,S ,
SM21063 ,S ,
SM21064 ,S ,
SM21065 ,S ,
SM21066 ,A ,
SM21067 ,S ,
SM21068 ,S ,
SM21069 ,A ,
SM21070 ,S ,
SM21071 ,A ,
SM21072 ,A ,
SM21073 ,A ,
SM21075 ,S ,
SM21076 ,S ,
SM21077 ,S ,
SM21078 ,S ,
SM21079 ,S ,
SM21080 ,S ,
SM21081 ,S ,
SM21082 ,S ,
SM21083 ,S ,
SM21085 ,S ,
SM21086 ,A ,
SM21088 ,A ,
SM21089 ,A ,
SM21090 ,S ,
SM21091 ,S ,
SM21093 ,A ,
SM21094 ,S ,
SM21095 ,S ,
SM21096 ,S ,
SM21097 ,S ,
SM21098 ,S ,
SM21099 ,S ,
SM21100 ,A ,
SM21101 ,A ,
SM21102 ,S ,
SM21103 ,A ,
SM21105 ,S ,
SM21106 ,S ,
SM21107 ,S ,
SM21108 ,S ,
SM21109 ,S ,
SM21110 ,A ,
SM21112 ,A ,
SM21113 ,A ,
SM21114 ,A ,
SM21115 ,S ,
SM21116 ,S ,
SM21117 ,S ,
SM21118 ,S ,
SM21119 ,S ,
SM21121 ,S ,
SM21122 ,S ,
SM21123 ,A ,
SM21124 ,S ,
SM21125 ,S ,
SM21127 ,A ,
SM21128 ,A ,
SM21129 ,S ,
SM21130 ,S ,
SM21131 ,A ,
SM21132 ,S ,
SM21133 ,S ,
SM21134 ,A ,
SM21135 ,S ,
SM21136 ,A ,
SM21137 ,A ,
SM21138 ,S ,
SM21139 ,S ,
SM21141 ,S ,
SM21142 ,A ,
SM21143 ,S ,
SM21144 ,S ,
SM21145 ,A ,
SM21146 ,A ,
SM21147 ,S ,
SM21148 ,S ,
SM21149 ,A ,
SM21150 ,S ,
SM21151 ,S ,
SM21152 ,S ,
SM21153 ,S ,
SM21154 ,S ,
SM21155 ,S ,
SM21156 ,A ,
SM21157 ,A ,
SM21158 ,A ,
SM21159 ,A ,
SM21160 ,S ,
SM21161 ,S ,
SM21162 ,A ,
SM21163 ,S ,
SM21164 ,S ,
SM21165 ,S ,
SM21166 ,A ,
SM21167 ,S ,
SM21168 ,S ,
SM21169 ,S ,
SM21170 ,A ,
SM21171 ,S ,
SM21172 ,A ,
SM21173 ,S ,
SM21174 ,S ,
SM21175 ,S ,
SM21176 ,A ,
SM21177 ,S ,
SM21178 ,A ,
SM21179 ,S ,
SM21180 ,A ,
SM21181 ,A ,
SM21182 ,S ,
SM21183 ,S ,
SM21184 ,S ,
SM21186 ,S ,
SM21187 ,S ,
SM21188 ,S ,
SM21189 ,A ,
SM21190 ,S ,
SM21191 ,S ,
SM21192 ,S ,
SM21193 ,S ,
SM21194 ,S ,
SM21195 ,S ,
SM21196 ,A ,
SM21197 ,A ,
SM21198 ,S ,
SM21199 ,A ,
SM21200 ,S ,
SM21201 ,S ,
SM21202 ,A ,
SM21203 ,A ,
SM21204 ,S ,
SM21205 ,A ,
SM21206 ,S ,
SM21207 ,A ,
SM21208 ,S ,
SM21209 ,S ,
SM21210 ,A ,
SM21211 ,S ,
SM21212 ,A ,
SM21213 ,S ,
SM21214 ,S ,
SM21215 ,S ,
SM21216 ,A ,
SM21217 ,S ,
SM21218 ,A ,
SM21219 ,A ,
SM21220 ,A ,
SM21221 ,S ,
SM21222 ,S ,
SM21223 ,S ,
SM21224 ,A ,
SM21225 ,A ,
SM21226 ,S ,
SM21227 ,A ,
SM21228 ,S ,
SM21229 ,S ,
SM21230 ,S ,
SM21231 ,S ,
SM21232 ,S ,
SM21233 ,A ,
SM21234 ,S ,
SM21235 ,A ,
SM21236 ,S ,
SM21237 ,A ,
SM21238 ,A ,
SM21239 ,S ,
SM21240 ,S ,
SM21241 ,A ,
SM21242 ,S ,
SM21243 ,S ,
SM21244 ,A ,
SM21245 ,A ,
SM21246 ,S ,
SM21247 ,A ,
SM21248 ,S ,
SM21249 ,S ,
SM21250 ,S ,
SM21251 ,S ,
SM21252 ,A ,
SM21253 ,S ,
SM21254 ,A ,
SM21255 ,S ,
SM21256 ,S ,
SM21257 ,A ,
SM21259 ,S ,
SM21260 ,A ,
SM21261 ,A ,
SM21262 ,S ,
SM21263 ,S ,
SM21264 ,S ,
SM21265 ,S ,
SM21266 ,S ,
SM21267 ,A ,
SM21268 ,S ,
SM21269 ,S ,
SM21270 ,A ,
SM21271 ,A ,
SM21272 ,S ,
SM21273 ,A ,
SM21274 ,A ,
SM21275 ,A ,
SM21276 ,S ,
SM21277 ,S ,
SM21278 ,A ,
SM21279 ,A ,
SM21280 ,S ,
SM21281 ,S ,
SM21282 ,S ,
SM21284 ,S ,
SM21285 ,A ,
SM21286 ,A ,
SM21287 ,A ,
SM21288 ,S ,
SM21289 ,A ,
SM21290 ,S ,
SM21291 ,S ,
SM21292 ,S ,
SM21293 ,S ,
SM21294 ,A ,
SM21295 ,A ,
SM21296 ,S ,
SM21297 ,S ,
SM21298 ,S ,
SM21299 ,S ,
SM21301 ,A ,
SM21302 ,S ,
SM21303 ,S ,
SM21304 ,S ,
SM21305 ,S ,
SM21306 ,S ,
SM21307 ,S ,
SM21308 ,S ,
SM21309 ,A ,
SM21310 ,S ,
SM21311 ,S ,
SM21312 ,A ,
SM21313 ,S ,
SM21314 ,A ,
SM21315 ,S ,
SM21316 ,S ,
SM21317 ,S ,
SM21318 ,S ,
SM21319 ,S ,
SM21320 ,A ,
SM21321 ,S ,
SM21322 ,A ,
SM21323 ,S ,
SM21324 ,A ,
SM21325 ,A ,
SM21326 ,S ,
SM21327 ,S ,
SM21328 ,S ,
SM21329 ,S ,
SM21330 ,S ,
SM21331 ,A ,
SM21332 ,S ,
SM21333 ,S ,
SM21334 ,S ,
SM21335 ,S ,
SM21336 ,A ,
SM21337 ,S ,
SM21338 ,A ,
SM21339 ,A ,
SM21340 ,S ,
SM21341 ,S ,
SM21342 ,S ,
SM21343 ,A ,
SM21344 ,S ,
SM21345 ,S ,
SM21346 ,S ,
SM21347 ,S ,
SM21348 ,S ,
SM21349 ,A ,
SM21350 ,S ,
SM21351 ,A ,
SM21352 ,S ,
SM21353 ,S ,
SM21354 ,S ,
SM21355 ,A ,
SM21356 ,S ,
SM21357 ,S ,
SM21358 ,A ,
SM21359 ,A ,
SM21360 ,S ,
SM21361 ,A ,
SM21362 ,S ,
SM21363 ,S ,
SM21364 ,S ,
SM21365 ,S ,
SM21366 ,S ,
SM21367 ,S ,
SM21368 ,S ,
SM21369 ,A ,
SM21370 ,A ,
SM21371 ,S ,
SM21372 ,A ,
SM21373 ,S ,
SM21374 ,S ,
SM21375 ,S ,
SM21376 ,S ,
SM21377 ,S ,
SM21378 ,S ,
SM21379 ,S ,
SM21380 ,A ,
SM21381 ,S ,
SM21382 ,A ,
SM21383 ,S ,
SM21384 ,S ,
SM21385 ,S ,
SM21386 ,S ,
SM21387 ,S ,
SM21388 ,A ,
SM21389 ,S ,
SM21390 ,S ,
SM21391 ,A ,
SM21392 ,S ,
SM21393 ,S ,
SM21394 ,A ,
SM21395 ,S ,
SM21396 ,A ,
SM21397 ,S ,
SM21398 ,A ,
SM21399 ,S ,
SM21400 ,S ,
SM21401 ,S ,
SM21402 ,S ,
SM21403 ,S ,
SM21404 ,S ,
SM21405 ,S ,
SM21406 ,A ,
SM21407 ,S ,
SM21408 ,S ,
SM21409 ,S ,
SM21410 ,A ,
SM21411 ,S ,
SM21412 ,A ,
SM21413 ,A ,
SM21414 ,A ,
SM21415 ,S ,
SM21416 ,S ,
SM21417 ,S ,
SM21418 ,A ,
SM21419 ,S ,
SM21420 ,A ,
SM21421 ,S ,
SM21422 ,S ,
SM21423 ,A ,
SM21424 ,S ,
SM21425 ,S ,
SM21426 ,S ,
SM21427 ,A ,
SM21428 ,S ,
SM21429 ,A ,
SM21430 ,S ,
SM21431 ,S ,
SM21432 ,S ,
SM21433 ,S ,
SM21434 ,S ,
SM21435 ,A ,
SM21436 ,S ,
SM21437 ,S ,
SM21438 ,S ,
SM21439 ,S ,
SM21440 ,S ,
SM21441 ,A ,
SM21442 ,S ,
SM21443 ,S ,
SM21444 ,A ,
SM21445 ,S ,
SM21446 ,S ,
SM21447 ,A ,
SM21448 ,A ,
SM21449 ,S ,
SM21450 ,S ,
SM21451 ,S ,
SM21452 ,A ,
SM21453 ,S ,
SM21454 ,S ,
SM21455 ,S ,
SM21456 ,A ,
SM21457 ,A ,
SM21458 ,S ,
SM21459 ,S ,
SM21460 ,S ,
SM21461 ,S ,
SM21462 ,S ,
SM21463 ,S ,
SM21464 ,S ,
SM21465 ,A ,
SM21466 ,S ,
SM21468 ,S ,
SM21469 ,A ,
SM21470 ,S ,
SM21471 ,A ,
SM21472 ,A ,
SM21473 ,S ,
SM21474 ,S ,
SM21475 ,S ,
SM21476 ,S ,
SM21477 ,S ,
SM21478 ,S ,
SM21479 ,S ,
SM21480 ,S ,
SM21481 ,S ,
SM21482 ,S ,
SM21483 ,S ,
SM21484 ,S ,
SM21485 ,S ,
SM21486 ,S ,
SM21487 ,A ,
SM21488 ,S ,
SM21489 ,S ,
SM21490 ,A ,
SM21491 ,S ,
SM21492 ,A ,
SM21493 ,A ,
SM21494 ,S ,
SM21495 ,S ,
SM21496 ,S ,
SM21497 ,S ,
SM21498 ,A ,
SM21499 ,A ,
SM21500 ,S ,
SM21501 ,A ,
SM21502 ,A ,
SM21503 ,S ,
SM21504 ,S ,
SM21505 ,S ,
SM21506 ,S ,
SM21507 ,A ,
SM21508 ,A ,
SM21509 ,S ,
SM21510 ,S ,
SM21511 ,S ,
SM21512 ,S ,
SM21513 ,S ,
SM21514 ,S ,
SM21515 ,S ,
SM21516 ,S ,
SM21517 ,S ,
SM21518 ,S ,
SM21519 ,S ,
SM21520 ,A ,
SM21521 ,A ,
SM21522 ,A ,
SM21523 ,S ,
SM21524 ,A ,
SM21525 ,S ,
SM21526 ,A ,
SM21527 ,S ,
SM21528 ,A ,
SM21529 ,S ,
SM21530 ,S ,
SM21531 ,A ,
SM21532 ,A ,
SM21533 ,A ,
SM21534 ,A ,
SM21535 ,S ,
SM21536 ,A ,
SM21537 ,S ,
SM21538 ,S ,
SM21539 ,A ,
SM21540 ,S ,
SM21541 ,S ,
SM21542 ,A ,
SM21543 ,A ,
SM21544 ,S ,
SM21545 ,S ,
SM21546 ,A ,
SM21547 ,A ,
SM21548 ,A ,
SM21549 ,S ,
SM21550 ,A ,
SM21551 ,S ,
SM21552 ,A ,
SM21553 ,A ,
SM21554 ,A ,
SM21555 ,S ,
SM21556 ,S ,
SM21557 ,S ,
SM21558 ,A ,
SM21559 ,A ,
SM21560 ,A ,
SM21561 ,S ,
SM21562 ,S ,
SM21563 ,S ,
SM21564 ,A ,
SM21565 ,S ,
SM21566 ,S ,
SM21567 ,S ,
SM21568 ,A ,
SM21569 ,S ,
SM21570 ,A ,
SM21571 ,A ,
SM21572 ,S ,
SM21573 ,S ,
SM21574 ,A ,
SM21575 ,S ,
SM21576 ,S ,
SM21577 ,A ,
SM21578 ,S ,
SM21579 ,S ,
SM21580 ,S ,
SM21581 ,S ,
SM21582 ,S ,
SM21583 ,A ,
SM21584 ,A ,
SM21585 ,S ,
SM21586 ,S ,
SM21587 ,A ,
SM21588 ,S ,
SM21589 ,S ,
SM21590 ,A ,
SM21591 ,S ,
SM21592 ,A ,
SM21593 ,S ,
SM21594 ,S ,
SM21595 ,S ,
SM21596 ,A ,
SM21597 ,A ,
SM21598 ,A ,
SM21599 ,S ,
SM21600 ,A ,
SM21601 ,A ,
SM21602 ,A ,
SM21603 ,S ,
SM21604 ,S ,
SM21605 ,S ,
SM21606 ,A ,
SM21607 ,A ,
SM21608 ,A ,
SM21609 ,S ,
SM21610 ,A ,
SM21611 ,A ,
SM21612 ,S ,
SM21613 ,S ,
SM21614 ,S ,
SM21615 ,S ,
SM21616 ,A ,
SM21617 ,A ,
SM21618 ,A ,
SM21619 ,S ,
SM21620 ,A ,
SM21621 ,S ,
SM21622 ,A ,
SM21623 ,S ,
SM21624 ,S ,
SM21625 ,A ,
SM21626 ,S ,
SM21627 ,S ,
SM21628 ,S ,
SM21629 ,A ,
SM21630 ,S ,
SM21631 ,S ,
SM21632 ,S ,
SM21633 ,S ,
SM21634 ,S ,
SM21635 ,A ,
SM21636 ,S ,
SM21637 ,S ,
SM21638 ,A ,
SM21639 ,A ,
SM21640 ,A ,
SM21641 ,S ,
SM21642 ,A ,
SM21643 ,S ,
SM21644 ,A ,
SM21645 ,S ,
SM21646 ,S ,
SM21647 ,S ,
SM21648 ,S ,
SM21649 ,S ,
SM21650 ,S ,
SM21651 ,S ,
SM21652 ,A ,
SM21653 ,S ,
SM21654 ,A ,
SM21655 ,A ,
SM21656 ,S ,
SM21657 ,A ,
SM21658 ,A ,
SM21659 ,S ,
SM21660 ,S ,
SM21661 ,S ,
SM21662 ,A ,
SM21663 ,S ,
SM21664 ,A ,
SM21665 ,A ,
SM21666 ,S ,
SM21667 ,S ,
SM21668 ,A ,
SM21669 ,A ,
SM21670 ,S ,
SM21671 ,A ,
SM21672 ,A ,
SM21674 ,A ,
SM21675 ,A ,
SM21676 ,S ,
SM21677 ,A ,
SM21678 ,S ,
SM21679 ,S ,
SM21680 ,S ,
SM21681 ,A ,
SM21682 ,S ,
SM21683 ,A ,
SM21684 ,A ,
SM21685 ,A ,
SM21686 ,S ,
SM21687 ,S ,
SM21688 ,A ,
SM21689 ,S ,
SM21690 ,S ,
SM21691 ,S ,
SM21692 ,A ,
SM21693 ,S ,
SM21694 ,S ,
SM21696 ,S ,
SM21697 ,S ,
SM21698 ,A ,
SM21699 ,A ,
SM21700 ,A ,
SM21701 ,A ,
SM21702 ,A ,
SM21703 ,S ,
SM21704 ,S ,
SM21705 ,S ,
SM21706 ,S ,
SM21707 ,A ,
SM21708 ,A ,
SM21710 ,S ,
SM21711 ,A ,
SM21712 ,S ,
SM21713 ,A ,
SM21714 ,A ,
SM21715 ,S ,
SM21716 ,A ,
SM21717 ,S ,
SM21718 ,A ,
SM21719 ,S ,
SM21720 ,A ,
SM21721 ,S ,
SM21722 ,S ,
SM21723 ,S ,
SM21724 ,A ,
SM21725 ,S ,
SM21726 ,A ,
SM21727 ,S ,
SM21728 ,S ,
SM21729 ,S ,
SM21730 ,A ,
SM21731 ,A ,
SM21732 ,A ,
SM21733 ,S ,
SM21734 ,A ,
SM21735 ,A ,
SM21736 ,A ,
SM21737 ,S ,
SM21738 ,S ,
SM21739 ,S ,
SM21740 ,S ,
SM21741 ,S ,
SM21742 ,A ,
SM21743 ,A ,
SM21744 ,A ,
SM21745 ,A ,
SM21746 ,A ,
SM21747 ,A ,
SM21748 ,A ,
SM21749 ,A ,
SM21750 ,S ,
SM21751 ,A ,
SM21752 ,S ,
SM21753 ,S ,
SM21754 ,A ,
SM21755 ,S ,
SM21756 ,S ,
SM21757 ,A ,
SM21758 ,S ,
SM21760 ,A ,
SM21761 ,S ,
SM21763 ,A ,
SM21764 ,A ,
SM21765 ,S ,
SM21766 ,A ,
SM21767 ,A ,
SM21768 ,S ,
SM21769 ,A ,
SM21770 ,S ,
SM21771 ,S ,
SM21772 ,A ,
SM21773 ,A ,
SM21774 ,A ,
SM21775 ,S ,
SM21776 ,A ,
SM21777 ,A ,
SM21778 ,S ,
SM21779 ,A ,
SM21780 ,A ,
SM21781 ,A ,
SM21782 ,A ,
SM21783 ,A ,
SM21784 ,S ,
SM21785 ,A ,
SM21786 ,A ,
SM21787 ,S ,
SM21789 ,S ,
SM21790 ,S ,
SM21792 ,S ,
SM21793 ,A ,
SM21794 ,A ,
SM21795 ,S ,
SM21796 ,S ,
SM21797 ,A ,
SM21798 ,A ,
SM21799 ,S ,
SM21800 ,A ,
SM21801 ,S ,
SM21802 ,S ,
SM21803 ,A ,
SM21805 ,S ,
SM21806 ,A ,
SM21807 ,A ,
SM21808 ,A ,
SM21809 ,S ,
SM21810 ,S ,
SM21812 ,A ,
SM21814 ,A ,
SM21815 ,S ,
SM21816 ,A ,
SM21817 ,S ,
SM21818 ,S ,
SM21819 ,A ,
SM21820 ,S ,
SM21821 ,S ,
SM21822 ,A ,
SM21823 ,A ,
SM21824 ,A ,
SM21825 ,S ,
SM21826 ,A ,
SM21827 ,S ,
SM21828 ,A ,
SM21829 ,A ,
SM21830 ,S ,
SM21831 ,A ,
SM21832 ,A ,
SM21833 ,A ,
SM21834 ,A ,
SM21835 ,A ,
SM21836 ,S ,
SM21837 ,S ,
SM21838 ,A ,
SM21839 ,A ,
SM21840 ,A ,
SM21841 ,S ,
SM21842 ,S ,
SM21843 ,A ,
SM21844 ,S ,
SM21846 ,A ,
SM21848 ,S ,
SM21849 ,A ,
SM21851 ,S ,
SM21852 ,A ,
SM21853 ,A ,
SM21854 ,S ,
SM21855 ,S ,
SM21856 ,A ,
SM21857 ,A ,
SM21858 ,S ,
SM21859 ,A ,
SM21860 ,A ,
SM21861 ,A ,
SM21862 ,A ,
SM21863 ,A ,
SM21864 ,S ,
SM21866 ,A ,
SM21867 ,A ,
SM21868 ,S ,
SM21869 ,S ,
SM21870 ,S ,
SM21871 ,S ,
SM21872 ,A ,
SM21873 ,A ,
SM21874 ,A ,
SM21875 ,S ,
SM21876 ,S ,
SM21877 ,S ,
SM21879 ,S ,
SM21880 ,S ,
SM21881 ,A ,
SM21882 ,A ,
SM21883 ,A ,
SM21884 ,S ,
SM21885 ,S ,
SM21886 ,A ,
SM21887 ,S ,
SM21888 ,A ,
SM21889 ,A ,
SM21890 ,S ,
SM21891 ,S ,
SM21892 ,A ,
SM21893 ,A ,
SM21894 ,A ,
SM21895 ,A ,
SM21896 ,S ,
SM21897 ,A ,
SM21899 ,S ,
SM21901 ,A ,
SM21902 ,S ,
SM21903 ,S ,
SM21904 ,S ,
SM21905 ,S ,
SM21906 ,A ,
SM21907 ,A ,
SM21908 ,S ,
SM21909 ,A ,
SM21910 ,S ,
SM21912 ,S ,
SM21913 ,A ,
SM21914 ,S ,
SM21915 ,S ,
SM21916 ,S ,
SM21917 ,S ,
SM21918 ,S ,
SM21919 ,A ,
SM21920 ,S ,
SM21921 ,S ,
SM21922 ,S ,
SM21923 ,S ,
SM21924 ,S ,
SM21925 ,A ,
SM21926 ,A ,
SM21927 ,S ,
SM21928 ,S ,
SM21930 ,S ,
SM21931 ,A ,
SM21932 ,S ,
SM21933 ,A ,
SM21934 ,A ,
SM21935 ,S ,
SM21936 ,A ,
SM21937 ,A ,
SM21938 ,S ,
SM21939 ,S ,
SM21940 ,S ,
SM21941 ,S ,
SM21942 ,S ,
SM21943 ,S ,
SM21945 ,S ,
SM21946 ,A ,
SM21947 ,S ,
SM21948 ,A ,
SM21949 ,A ,
SM21950 ,S ,
SM21951 ,S ,
SM21952 ,S ,
SM21953 ,A ,
SM21954 ,A ,
SM21955 ,A ,
SM21956 ,S ,
SM21957 ,S ,
SM21958 ,A ,
SM21959 ,A ,
SM21960 ,A ,
SM21961 ,S ,
SM21962 ,A ,
SM21963 ,S ,
SM21964 ,S ,
SM21965 ,A ,
SM21966 ,A ,
SM21967 ,A ,
SM21968 ,S ,
SM21969 ,A ,
SM21970 ,S ,
SM21971 ,S ,
SM21972 ,A ,
SM21973 ,S ,
SM21974 ,S ,
SM21975 ,A ,
SM21976 ,S ,
SM21977 ,A ,
SM21978 ,A ,
SM21979 ,S ,
SM21980 ,S ,
SM21981 ,S ,
SM21982 ,A ,
SM21983 ,A ,
SM21984 ,A ,
SM21985 ,A ,
SM21986 ,S ,
SM21987 ,A ,
SM21988 ,A ,
SM21989 ,S ,
SM21990 ,S ,
SM21991 ,S ,
SM21992 ,S ,
SM21993 ,S ,
SM21994 ,A ,
SM21995 ,S ,
SM21996 ,S ,
SM21997 ,A ,
SM21998 ,A ,
SM21999 ,S ,
SM22000 ,A ,
SM22001 ,S ,
SM22002 ,A ,
SM22003 ,S ,
SM22004 ,A ,
SM22005 ,S ,
SM22006 ,A ,
SM22007 ,A ,
SM22008 ,S ,
SM22009 ,S ,
SM22010 ,A ,
SM22011 ,A ,
SM22012 ,S ,
SM22013 ,S ,
SM22014 ,A ,
SM22015 ,A ,
SM22016 ,S ,
SM22017 ,S ,
SM22018 ,S ,
SM22019 ,S ,
SM22020 ,A ,
SM22021 ,S ,
SM22022 ,A ,
SM22023 ,S ,
SM22024 ,A ,
SM22025 ,S ,
SM22026 ,S ,
SM22027 ,A ,
SM22028 ,A ,
SM22029 ,A ,
SM22030 ,S ,
SM22031 ,A ,
SM22032 ,S ,
SM22033 ,S ,
SM22034 ,S ,
SM22035 ,A ,
SM22036 ,S ,
SM22037 ,S ,
SM22038 ,A ,
SM22039 ,S ,
SM22040 ,S ,
SM22041 ,A ,
SM22042 ,A ,
SM22043 ,A ,
SM22044 ,A ,
SM22046 ,S ,
SM22047 ,A ,
SM22048 ,A ,
SM22049 ,A ,
SM22050 ,A ,
SM22051 ,S ,
SM22052 ,S ,
SM22053 ,A ,
SM22054 ,S ,
SM22055 ,S ,
SM22056 ,A ,
SM22057 ,S ,
SM22058 ,A ,
SM22059 ,S ,
SM22060 ,S ,
SM22061 ,A ,
SM22062 ,S ,
SM22063 ,S ,
SM22064 ,A ,
SM22065 ,S ,
SM22066 ,A ,
SM22067 ,S ,
SM22068 ,A ,
SM22069 ,A ,
SM22070 ,A ,
SM22071 ,S ,
SM22072 ,A ,
SM22073 ,S ,
SM22074 ,A ,
SM22075 ,S ,
SM22076 ,S ,
SM22077 ,A ,
SM22078 ,S ,
SM22079 ,S ,
SM22080 ,S ,
SM22081 ,S ,
SM22082 ,A ,
SM22083 ,A ,
SM22084 ,S ,
SM22085 ,A ,
SM22086 ,S ,
SM22087 ,A ,
SM22088 ,S ,
SM22089 ,S ,
SM22090 ,A ,
SM22091 ,A ,
SM22092 ,A ,
SM22093 ,S ,
SM22094 ,S ,
SM22095 ,S ,
SM22096 ,A ,
SM22097 ,A ,
SM22098 ,S ,
SM22099 ,A ,
SM22100 ,S ,
SM22101 ,S ,
SM22102 ,A ,
SM22103 ,A ,
SM22104 ,S ,
SM22105 ,S ,
SM22106 ,A ,
SM22107 ,S ,
SM22108 ,A ,
SM22109 ,A ,
SM22110 ,A ,
SM22111 ,A ,
SM22112 ,A ,
SM22113 ,S ,
SM22114 ,S ,
SM22115 ,A ,
SM22117 ,S ,
SM22118 ,S ,
SM22119 ,S ,
SM22120 ,S ,
SM22121 ,A ,
SM22122 ,S ,
SM22123 ,S ,
SM22124 ,S ,
SM22125 ,A ,
SM22126 ,A ,
SM22127 ,A ,
SM22128 ,S ,
SM22129 ,A ,
SM22130 ,A ,
SM22131 ,A ,
SM22132 ,S ,
SM22133 ,A ,
SM22134 ,S ,
SM22135 ,A ,
SM22136 ,A ,
SM22137 ,S ,
SM22139 ,A ,
SM22140 ,S ,
SM22141 ,S ,
SM22142 ,A ,
SM22143 ,A ,
SM22144 ,A ,
SM22145 ,S ,
SM22146 ,S ,
SM22147 ,A ,
SM22148 ,A ,
SM22149 ,A ,
SM22150 ,A ,
SM22151 ,S ,
SM22152 ,A ,
SM22153 ,A ,
SM22154 ,S ,
SM22155 ,S ,
SM22156 ,A ,
SM22158 ,S ,
SM22159 ,S ,
SM22160 ,A ,
SM22161 ,A ,
SM22162 ,A ,
SM22163 ,S ,
SM22164 ,A ,
SM22165 ,A ,
SM22166 ,A ,
SM22167 ,A ,
SM22168 ,S ,
SM22169 ,A ,
SM22170 ,S ,
SM22171 ,A ,
SM22172 ,A ,
SM22173 ,S ,
SM22174 ,S ,
SM22175 ,A ,
SM22176 ,S ,
SM22177 ,A ,
SM22178 ,A ,
SM22179 ,A ,
SM22180 ,S ,
SM22182 ,A ,
SM22183 ,A ,
SM22184 ,S ,
SM22185 ,A ,
SM22186 ,A ,
SM22188 ,A ,
SM22189 ,A ,
SM22190 ,S ,
SM22191 ,S ,
SM22192 ,A ,
SM22193 ,S ,
SM22194 ,A ,
SM22195 ,A ,
SM22196 ,A ,
SM22197 ,A ,
SM22198 ,S ,
SM22199 ,A ,
SM22200 ,S ,
SM22202 ,S ,
SM22203 ,A ,
SM22204 ,A ,
SM22205 ,A ,
SM22206 ,A ,
SM22207 ,S ,
SM22208 ,A ,
SM22209 ,A ,
SM22210 ,A ,
SM22211 ,S ,
SM22212 ,S ,
SM22213 ,S ,
SM22214 ,S ,
SM22215 ,A ,
SM22216 ,A ,
SM22217 ,A ,
SM22218 ,S ,
SM22219 ,A ,
SM22221 ,A ,
SM22222 ,A ,
SM22223 ,S ,
SM22224 ,S ,
SM22225 ,S ,
SM22226 ,A ,
SM22227 ,A ,
SM22228 ,A ,
SM22229 ,A ,
SM22230 ,A ,
SM22231 ,A ,
SM22232 ,S ,
SM22233 ,S ,
SM22234 ,A ,
SM22235 ,A ,
SM22236 ,S ,
SM22237 ,S ,
SM22238 ,A ,
SM22239 ,A ,
SM22240 ,S ,
SM22241 ,S ,
SM22242 ,S ,
SM22243 ,A ,
SM22244 ,A ,
SM22245 ,A ,
SM22246 ,S ,
SM22248 ,S ,
SM22249 ,A ,
SM22250 ,A ,
SM22251 ,A ,
SM22252 ,S ,
SM22253 ,A ,
SM22254 ,S ,
SM22255 ,A ,
SM22256 ,S ,
SM22257 ,A ,
SM22258 ,S ,
SM22259 ,S ,
SM22260 ,A ,
SM22261 ,A ,
SM22262 ,A ,
SM22263 ,A ,
SM22264 ,S ,
SM22265 ,S ,
SM22266 ,S ,
SM22267 ,A ,
SM22268 ,A ,
SM22269 ,A ,
SM22270 ,A ,
SM22271 ,S ,
SM22273 ,A ,
SM22274 ,S ,
SM22275 ,S ,
SM22276 ,A ,
SM22277 ,S ,
SM22278 ,S ,
SM22279 ,A ,
SM22280 ,A ,
SM22281 ,S ,
SM22283 ,A ,
SM22284 ,S ,
SM22285 ,A ,
SM22286 ,A ,
SM22287 ,S ,
SM22288 ,S ,
SM22289 ,A ,
SM22290 ,A ,
SM22291 ,S ,
SM22292 ,S ,
SM22293 ,A ,
SM22294 ,A ,
SM22295 ,S ,
SM22296 ,A ,
SM22297 ,A ,
SM22298 ,A ,
SM22299 ,S ,
SM22300 ,A ,
SM22301 ,S ,
SM22302 ,S ,
SM22303 ,A ,
SM22304 ,A ,
SM22305 ,A ,
SM22306 ,A ,
SM22307 ,A ,
SM22308 ,A ,
SM22309 ,S ,
SM22310 ,S ,
SM22311 ,S ,
SM22312 ,A ,
SM22313 ,S ,
SM22314 ,S ,
SM22315 ,A ,
SM22317 ,A ,
SM22318 ,S ,
SM22319 ,A ,
SM22320 ,S ,
SM22321 ,S ,
SM22322 ,A ,
SM22324 ,S ,
SM22325 ,A ,
SM22326 ,S ,
SM22327 ,A ,
SM22328 ,A ,
SM22329 ,A ,
SM22330 ,A ,
SM22331 ,A ,
SM22332 ,S ,
SM22333 ,A ,
SM22334 ,A ,
SM22335 ,S ,
SM22336 ,S ,
SM22337 ,A ,
SM22338 ,S ,
SM22339 ,A ,
SM22340 ,A ,
SM22341 ,A ,
SM22342 ,S ,
SM22343 ,A ,
SM22344 ,S ,
SM22345 ,A ,
SM22346 ,S ,
SM22347 ,A ,
SM22348 ,A ,
SM22349 ,A ,
SM22350 ,A ,
SM22351 ,A ,
SM22352 ,A ,
SM22353 ,A ,
SM22354 ,A ,
SM22355 ,A ,
SM22357 ,A ,
SM22358 ,A ,
SM22359 ,S ,
SM22360 ,S ,
SM22361 ,A ,
SM22362 ,S ,
SM22363 ,A ,
SM22364 ,A ,
SM22365 ,A ,
SM22366 ,A ,
SM22367 ,A ,
SM22368 ,S ,
SM22369 ,S ,
SM22370 ,S ,
SM22371 ,S ,
SM22372 ,S ,
SM22373 ,S ,
SM22374 ,A ,
SM22375 ,S ,
SM22376 ,S ,
SM22377 ,S ,
SM22378 ,S ,
SM22379 ,S ,
SM22380 ,A ,
SM22381 ,A ,
SM22382 ,S ,
SM22383 ,S ,
SM22384 ,A ,
SM22386 ,S ,
SM22387 ,A ,
SM22388 ,A ,
SM22389 ,S ,
SM22390 ,A ,
SM22391 ,S ,
SM22392 ,S ,
SM22393 ,A ,
SM22394 ,A ,
SM22395 ,A ,
SM22396 ,A ,
SM22398 ,S ,
SM22399 ,A ,
SM22400 ,A ,
SM22401 ,A ,
SM22402 ,S ,
SM22403 ,A ,
SM22404 ,A ,
SM22405 ,S ,
SM22406 ,A ,
SM22407 ,A ,
SM22408 ,A ,
SM22409 ,A ,
SM22410 ,A ,
SM22411 ,A ,
SM22412 ,A ,
SM22413 ,A ,
SM22414 ,S ,
SM22415 ,S ,
SM22416 ,A ,
SM22417 ,A ,
SM22418 ,A ,
SM22419 ,A ,
SM22420 ,A ,
SM22421 ,S ,
SM22422 ,S ,
SM22423 ,A ,
SM22424 ,S ,
SM22425 ,A ,
SM22427 ,A ,
SM22428 ,A ,
SM22429 ,A ,
SM22430 ,A ,
SM22431 ,S ,
SM22432 ,S ,
SM22433 ,A ,
SM22434 ,A ,
SM22435 ,A ,
SM22436 ,A ,
SM22437 ,A ,
SM22438 ,A ,
SM22439 ,A ,
SM22440 ,A ,
SM22441 ,A ,
SM22442 ,A ,
SM22443 ,A ,
SM22445 ,A ,
SM22446 ,A ,
SM22447 ,S ,
SM22448 ,A ,
SM22449 ,A ,
SM22450 ,A ,
SM22451 ,A ,
SM22452 ,A ,
SM22453 ,S ,
SM22455 ,A ,
SM22456 ,A ,
SM22457 ,A ,
SM22458 ,S ,
SM22459 ,A ,
SM22460 ,A ,
SM22462 ,A ,
SM22463 ,S ,
SM22464 ,A ,
SM22465 ,A ,
SM22466 ,A ,
SM22467 ,A ,
SM22468 ,A ,
SM22469 ,A ,
SM22470 ,A ,
SM22471 ,S ,
SM22472 ,A ,
SM22473 ,A ,
SM22475 ,A ,
SM22476 ,A ,
SM22477 ,A ,
SM22478 ,A ,
SM22479 ,A ,
SM22480 ,A ,
SM22481 ,A ,
SM22482 ,A ,
SM22483 ,A ,
SM22485 ,S ,
SM22486 ,S ,
SM22488 ,A ,
SM22489 ,S ,
SM22490 ,A ,
SM22491 ,A ,
SM22492 ,A ,
SM22493 ,A ,
SM22494 ,A ,
SM22495 ,A ,
SM22496 ,A ,
SM22497 ,A ,
SM22498 ,A ,
SM22499 ,A ,
SM22500 ,A ,
SM22501 ,A ,
SM22502 ,A ,
SM22503 ,A ,
SM22504 ,A ,
SM22505 ,S ,
SM22506 ,A ,
SM22507 ,A ,
SM22508 ,A ,
SM22509 ,A ,
SM22510 ,A ,
SM22511 ,A ,
SM22512 ,A ,
SM22513 ,A ,
SM22514 ,A ,
SM22515 ,A ,
SM22516 ,A ,
SM22517 ,A ,
SM22518 ,A ,
SM22519 ,A ,
SM22520 ,A ,
SM22521 ,S ,
SM22522 ,A ,
SM22523 ,A ,
SM22524 ,A ,
SM22525 ,A ,
SM22526 ,A ,
SM22527 ,A ,
SM22528 ,A ,
SM22529 ,S ,
SM22530 ,A ,
SM22531 ,A ,
SM22532 ,A ,
SM22533 ,A ,
SM22534 ,A ,
SM22535 ,A ,
SM22536 ,S ,
SM22537 ,A ,
SM22538 ,A ,
SM22539 ,A ,
SM22540 ,A ,
SM22541 ,A ,
SM22542 ,A ,
SM22543 ,A ,
SM22544 ,A ,
SM22545 ,A ,
SM22546 ,A ,
SM22547 ,A ,
SM22548 ,A ,
SM22549 ,A ,
SM22550 ,S ,
SM22551 ,S ,
SM22552 ,A ,
SM22553 ,A ,
SM22554 ,A ,
SM22555 ,A ,
SM22556 ,S ,
SM22557 ,S ,
SM22558 ,A ,
SM22559 ,A ,
SM22560 ,A ,
SM22561 ,A ,
SM22562 ,S ,
SM22563 ,A ,
SM22564 ,A ,
SM22565 ,A ,
SM22566 ,A ,
SM22567 ,A ,
SM22568 ,A ,
SM22569 ,S ,
SM22570 ,S ,
SM22571 ,A ,
SM22572 ,S ,
SM22574 ,A ,
SM22575 ,S ,
SM22576 ,A ,
SM22577 ,A ,
SM22578 ,A ,
SM22579 ,A ,
SM22580 ,A ,
SM22581 ,S ,
SM22582 ,A ,
SM22583 ,A ,
SM22584 ,A ,
SM22585 ,A ,
SM22586 ,A ,
SM22587 ,A ,
SM22588 ,S ,
SM22589 ,S ,
SM22590 ,A ,
SM22591 ,A ,
SM22592 ,A ,
SM22593 ,S ,
SM22594 ,A ,
SM22595 ,A ,
SM22596 ,A ,
SM22597 ,S ,
SM22598 ,S ,
SM22599 ,A ,
SM22600 ,A ,
SM22601 ,S ,
SM22602 ,S ,
SM22603 ,A ,
SM22604 ,S ,
SM22605 ,A ,
SM22606 ,S ,
SM22608 ,S ,
SM22609 ,S ,
SM22610 ,A ,
SM22611 ,S ,
SM22612 ,A ,
SM22613 ,S ,
SM22614 ,S ,
SM22615 ,S ,
SM22616 ,A ,
SM22617 ,A ,
SM22618 ,S ,
SM22619 ,S ,
SM22620 ,A ,
SM22621 ,A ,
SM22622 ,A ,
SM22623 ,S ,
SM22624 ,A ,
SM22625 ,A ,
SM22626 ,S ,
SM22627 ,A ,
SM22628 ,S ,
SM22629 ,A ,
SM22630 ,A ,
SM22631 ,A ,
SM22632 ,A ,
SM22633 ,S ,
SM22634 ,A ,
SM22636 ,S ,
SM22637 ,S ,
SM22638 ,S ,
SM22639 ,A ,
SM22640 ,A ,
SM22641 ,A ,
SM22642 ,S ,
SM22643 ,S ,
SM22644 ,A ,
SM22646 ,A ,
SM22647 ,A ,
SM22648 ,A ,
SM22649 ,A ,
SM22650 ,S ,
SM22651 ,A ,
SM22652 ,S ,
SM22653 ,S ,
SM22654 ,A ,
SM22655 ,S ,
SM22656 ,A ,
SM22657 ,A ,
SM22658 ,A ,
SM22659 ,A ,
SM22660 ,S ,
SM22661 ,S ,
SM22662 ,A ,
SM22663 ,A ,
SM22664 ,S ,
SM22665 ,S ,
SM22666 ,S ,
SM22667 ,A ,
SM22668 ,S ,
SM22669 ,S ,
SM22670 ,A ,
SM22671 ,A ,
SM22672 ,S ,
SM22673 ,S ,
SM22674 ,A ,
SM22675 ,A ,
SM22676 ,S ,
SM22677 ,A ,
SM22678 ,A ,
SM22679 ,A ,
SM22680 ,S ,
SM22681 ,A ,
SM22682 ,A ,
SM22683 ,S ,
SM22684 ,A ,
SM22685 ,S ,
SM22686 ,S ,
SM22687 ,S ,
SM22688 ,A ,
SM22689 ,S ,
SM22690 ,A ,
SM22691 ,A ,
SM22692 ,S ,
SM22693 ,A ,
SM22694 ,A ,
SM22695 ,S ,
SM22696 ,A ,
SM22697 ,S ,
SM22698 ,A ,
SM22699 ,A ,
SM22700 ,S ,
SM22701 ,A ,
SM22702 ,S ,
SM22703 ,A ,
SM22704 ,A ,
SM22705 ,S ,
SM22706 ,A ,
SM22707 ,A ,
SM22708 ,S ,
SM22709 ,S ,
SM22710 ,A ,
SM22711 ,A ,
SM22712 ,A ,
SM22713 ,S ,
SM22714 ,A ,
SM22715 ,A ,
SM22716 ,S ,
SM22717 ,S ,
SM22718 ,A ,
SM22719 ,A ,
SM22720 ,S ,
SM22721 ,S ,
SM22722 ,A ,
SM22723 ,A ,
SM22724 ,A ,
SM22725 ,A ,
SM22726 ,S ,
SM22727 ,A ,
SM22728 ,S ,
SM22729 ,S ,
SM22730 ,S ,
SM22731 ,A ,
SM22732 ,A ,
SM22733 ,A ,
SM22734 ,S ,
SM22735 ,S ,
SM22736 ,A ,
SM22737 ,A ,
SM22738 ,A ,
SM22739 ,S ,
SM22740 ,A ,
SM22741 ,S ,
SM22742 ,A ,
SM22743 ,A ,
SM22744 ,S ,
SM22745 ,A ,
SM22746 ,A ,
SM22747 ,A ,
SM22748 ,A ,
SM22749 ,A ,
SM22750 ,S ,
SM22751 ,A ,
SM22752 ,S ,
SM22753 ,A ,
SM22754 ,A ,
SM22755 ,S ,
SM22756 ,A ,
SM22757 ,A ,
SM22758 ,A ,
SM22759 ,A ,
SM22760 ,A ,
SM22761 ,A ,
SM22762 ,S ,
SM22763 ,S ,
SM22764 ,A ,
SM22765 ,S ,
SM22766 ,A ,
SM22767 ,S ,
SM22768 ,S ,
SM22769 ,A ,
SM22770 ,A ,
SM22771 ,S ,
SM22772 ,A ,
SM22774 ,A ,
SM22775 ,S ,
SM22776 ,A ,
SM22777 ,S ,
SM22778 ,A ,
SM22779 ,A ,
SM22780 ,S ,
SM22781 ,A ,
SM22782 ,A ,
SM22783 ,S ,
SM22784 ,S ,
SM22785 ,S ,
SM22786 ,A ,
SM22788 ,S ,
SM22789 ,A ,
SM22790 ,A ,
SM22792 ,A ,
SM22793 ,A ,
SM22794 ,S ,
SM22795 ,A ,
SM22796 ,A ,
SM22797 ,A ,
SM22798 ,S ,
SM22799 ,A ,
SM22800 ,A ,
SM22801 ,S ,
SM22802 ,S ,
SM22803 ,A ,
SM22804 ,A ,
SM22805 ,A ,
SM22806 ,S ,
SM22807 ,A ,
SM22808 ,A ,
SM22809 ,A ,
SM22810 ,S ,
SM22811 ,A ,
SM22812 ,A ,
SM22813 ,A ,
SM22814 ,S ,
SM22815 ,A ,
SM22816 ,A ,
SM22817 ,A ,
SM22818 ,S ,
SM22819 ,S ,
SM22820 ,A ,
SM22821 ,A ,
SM22822 ,S ,
SM22823 ,A ,
SM22824 ,S ,
SM22825 ,A ,
SM22826 ,A ,
SM22827 ,S ,
SM22828 ,A ,
SM22829 ,A ,
SM22830 ,S ,
SM22831 ,A ,
SM22832 ,S ,
SM22833 ,A ,
SM22834 ,A ,
SM22835 ,A ,
SM22836 ,A ,
SM22837 ,A ,
SM22838 ,S ,
SM22839 ,A ,
SM22840 ,A ,
SM22841 ,S ,
SM22842 ,S ,
SM22843 ,A ,
SM22844 ,A ,
SM22845 ,A ,
SM22846 ,A ,
SM22847 ,A ,
SM22848 ,A ,
SM22849 ,S ,
SM22850 ,A ,
SM22851 ,A ,
SM22852 ,A ,
SM22853 ,A ,
SM22854 ,A ,
SM22855 ,A ,
SM22856 ,S ,
SM22857 ,S ,
SM22858 ,A ,
SM22859 ,A ,
SM22860 ,A ,
SM22861 ,S ,
SM22862 ,A ,
SM22863 ,A ,
SM22864 ,A ,
SM22865 ,S ,
SM22866 ,S ,
SM22867 ,A ,
SM22868 ,A ,
SM22869 ,S ,
SM22870 ,S ,
SM22871 ,A ,
SM22872 ,S ,
SM22873 ,A ,
SM22874 ,A ,
SM22875 ,A ,
SM22876 ,A ,
SM22877 ,A ,
SM22878 ,S ,
SM22879 ,A ,
SM22880 ,A ,
SM22881 ,A ,
SM22882 ,A ,
SM22883 ,A ,
SM22884 ,A ,
SM22885 ,S ,
SM22886 ,A ,
SM22887 ,A ,
SM22888 ,S ,
SM22889 ,A ,
SM22890 ,S ,
SM22891 ,A ,
SM22892 ,A ,
SM22893 ,S ,
SM22894 ,A ,
SM22895 ,A ,
SM22896 ,A ,
SM22897 ,A ,
SM22898 ,S ,
SM22899 ,A ,
SM22900 ,A ,
SM22901 ,A ,
SM22902 ,A ,
SM22903 ,A ,
SM22904 ,A ,
SM22905 ,A ,
SM22906 ,A ,
SM22907 ,S ,
SM22908 ,A ,
SM22909 ,S ,
SM22910 ,S ,
SM22911 ,S ,
SM22912 ,S ,
SM22913 ,A ,
SM22914 ,A ,
SM22915 ,A ,
SM22916 ,A ,
SM22917 ,S ,
SM22918 ,A ,
SM22919 ,S ,
SM22920 ,A ,
SM22921 ,S ,
SM22922 ,A ,
SM22923 ,A ,
SM22924 ,A ,
SM22925 ,A ,
SM22926 ,A ,
SM22927 ,S ,
SM22928 ,A ,
SM22929 ,A ,
SM22930 ,A ,
SM22931 ,A ,
SM22932 ,A ,
SM22933 ,A ,
SM22934 ,S ,
SM22935 ,A ,
SM22936 ,S ,
SM22937 ,A ,
SM22938 ,S ,
SM22939 ,A ,
SM22940 ,A ,
SM22942 ,A ,
SM22943 ,A ,
SM22944 ,A ,
SM22945 ,A ,
SM22946 ,A ,
SM22947 ,S ,
SM22948 ,S ,
SM22949 ,A ,
SM22950 ,S ,
SM22951 ,A ,
SM22952 ,A ,
SM22953 ,S ,
SM22954 ,A ,
SM22955 ,A ,
SM22956 ,S ,
SM22957 ,A ,
SM22958 ,A ,
SM22959 ,A ,
SM22960 ,A ,
SM22962 ,A ,
SM22963 ,A ,
SM22964 ,S ,
SM22965 ,A ,
SM22966 ,S ,
SM22967 ,S ,
SM22968 ,A ,
SM22969 ,A ,
SM22970 ,S ,
SM22971 ,A ,
SM22972 ,S ,
SM22973 ,A ,
SM22974 ,A ,
SM22975 ,A ,
SM22976 ,S ,
SM22977 ,A ,
SM22978 ,A ,
SM22979 ,A ,
SM22980 ,A ,
SM22981 ,S ,
SM22982 ,A ,
SM22983 ,S ,
SM22984 ,A ,
SM22985 ,S ,
SM22986 ,A ,
SM22987 ,A ,
SM22988 ,S ,
SM22989 ,A ,
SM22991 ,S ,
SM22992 ,A ,
SM22993 ,S ,
SM22994 ,A ,
SM22996 ,S ,
SM22997 ,A ,
SM22999 ,A ,
SM23000 ,S ,
SM23001 ,S ,
SM23002 ,S ,
SM23004 ,A ,
SM23005 ,A ,
SM23006 ,S ,
SM23007 ,A ,
SM23008 ,A ,
SM23009 ,A ,
SM23010 ,S ,
SM23011 ,S ,
SM23012 ,A ,
SM23013 ,S ,
SM23014 ,A ,
SM23015 ,A ,
SM23016 ,A ,
SM23017 ,A ,
SM23018 ,S ,
SM23019 ,A ,
SM23020 ,S ,
SM23021 ,A ,
SM23022 ,S ,
SM23023 ,A ,
SM23024 ,A ,
SM23025 ,A ,
SM23026 ,A ,
SM23027 ,S ,
SM23028 ,A ,
SM23029 ,A ,
SM23030 ,A ,
SM23031 ,A ,
SM23032 ,A ,
SM23034 ,A ,
SM23035 ,A ,
SM23036 ,S ,
SM23037 ,S ,
SM23038 ,S ,
SM23039 ,S ,
SM23040 ,A ,
SM23041 ,S ,
SM23042 ,A ,
SM23043 ,S ,
SM23044 ,S ,
SM23045 ,A ,
SM23046 ,S ,
SM23047 ,A ,
SM23048 ,S ,
SM23049 ,S ,
SM23050 ,A ,
SM23051 ,S ,
SM23052 ,A ,
SM23053 ,S ,
SM23054 ,A ,
SM23055 ,A ,
SM23056 ,A ,
SM23057 ,S ,
SM23058 ,S ,
SM23059 ,A ,
SM23060 ,A ,
SM23061 ,A ,
SM23062 ,S ,
SM23063 ,A ,
SM23064 ,S ,
SM23065 ,A ,
SM23066 ,S ,
SM23067 ,A ,
SM23068 ,S ,
SM23069 ,A ,
SM23070 ,A ,
SM23071 ,S ,
SM23072 ,S ,
SM23073 ,S ,
SM23074 ,A ,
SM23075 ,A ,
SM23076 ,S ,
SM23077 ,S ,
SM23078 ,S ,
SM23079 ,S ,
SM23080 ,S ,
SM23081 ,S ,
SM23082 ,S ,
SM23083 ,S ,
SM23084 ,S ,
SM23085 ,A ,
SM23086 ,S ,
SM23087 ,S ,
SM23088 ,S ,
SM23089 ,A ,
SM23090 ,S ,
SM23091 ,S ,
SM23092 ,S ,
SM23093 ,A ,
SM23094 ,A ,
SM23095 ,A ,
SM23096 ,S ,
SM23097 ,S ,
SM23098 ,A ,
SM23100 ,A ,
SM23101 ,S ,
SM23102 ,A ,
SM23103 ,S ,
SM23104 ,A ,
SM23105 ,A ,
SM23106 ,S ,
SM23107 ,S ,
SM23108 ,A ,
SM23109 ,S ,
SM23110 ,A ,
SM23111 ,S ,
SM23112 ,S ,
SM23113 ,S ,
SM23114 ,S ,
SM23115 ,S ,
SM23116 ,A ,
SM23117 ,A ,
SM23118 ,A ,
SM23119 ,S ,
SM23120 ,A ,
SM23121 ,A ,
SM23122 ,A ,
SM23123 ,S ,
SM23124 ,S ,
SM23125 ,S ,
SM23126 ,A ,
SM23127 ,A ,
SM23128 ,S ,
SM23129 ,S ,
SM23130 ,A ,
SM23132 ,S ,
SM23133 ,S ,
SM23134 ,S ,
SM23135 ,S ,
SM23136 ,S ,
SM23137 ,S ,
SM23138 ,A ,
SM23139 ,A ,
SM23140 ,A ,
SM23141 ,S ,
SM23142 ,S ,
SM23143 ,S ,
SM23144 ,A ,
SM23145 ,A ,
SM23146 ,A ,
SM23147 ,S ,
SM23148 ,S ,
SM23149 ,S ,
SM23150 ,S ,
SM23151 ,S ,
SM23152 ,S ,
SM23153 ,S ,
SM23154 ,A ,
SM23155 ,S ,
SM23157 ,S ,
SM23158 ,S ,
SM23159 ,S ,
SM23160 ,A ,
SM23161 ,S ,
SM23162 ,A ,
SM23163 ,A ,
SM23164 ,S ,
SM23165 ,A ,
SM23166 ,A ,
SM23167 ,S ,
SM23168 ,A ,
SM23169 ,A ,
SM23170 ,A ,
SM23171 ,S ,
SM23172 ,A ,
SM23173 ,S ,
SM23174 ,A ,
SM23175 ,S ,
SM23176 ,A ,
SM23177 ,S ,
SM23178 ,A ,
SM23180 ,S ,
SM23181 ,A ,
SM23182 ,A ,
SM23183 ,S ,
SM23184 ,S ,
SM23185 ,A ,
SM23186 ,A ,
SM23187 ,S ,
SM23188 ,S ,
SM23189 ,S ,
SM23190 ,S ,
SM23191 ,S ,
SM23192 ,A ,
SM23193 ,A ,
SM23194 ,A ,
SM23195 ,S ,
SM23196 ,A ,
SM23197 ,A ,
SM23198 ,S ,
SM23199 ,S ,
SM23200 ,S ,
SM23201 ,A ,
SM23202 ,A ,
SM23203 ,S ,
SM23204 ,S ,
SM23205 ,A ,
SM23206 ,S ,
SM23207 ,S ,
SM23208 ,S ,
SM23209 ,S ,
SM23210 ,A ,
SM23211 ,A ,
SM23212 ,A ,
SM23213 ,S ,
SM23215 ,A ,
SM23216 ,S ,
SM23217 ,S ,
SM23218 ,S ,
SM23219 ,S ,
SM23220 ,A ,
SM23221 ,A ,
SM23222 ,A ,
SM23223 ,A ,
SM23224 ,S ,
SM23225 ,S ,
SM23226 ,S ,
SM23227 ,S ,
SM23228 ,A ,
SM23229 ,A ,
SM23230 ,S ,
SM23231 ,A ,
SM23232 ,S ,
SM23233 ,A ,
SM23234 ,S ,
SM23235 ,A ,
SM23236 ,S ,
SM23237 ,S ,
SM23238 ,S ,
SM23239 ,A ,
SM23240 ,S ,
SM23241 ,S ,
SM23242 ,A ,
SM23243 ,S ,
SM23245 ,S ,
SM23246 ,A ,
SM23247 ,A ,
SM23248 ,A ,
SM23249 ,A ,
SM23250 ,S ,
SM23251 ,A ,
SM23252 ,S ,
SM23253 ,A ,
SM23254 ,A ,
SM23255 ,A ,
SM23256 ,S ,
SM23257 ,A ,
SM23258 ,S ,
SM23259 ,S ,
SM23260 ,A ,
SM23261 ,A ,
SM23262 ,A ,
SM23263 ,S ,
SM23264 ,S ,
SM23265 ,A ,
SM23266 ,A ,
SM23267 ,S ,
SM23268 ,S ,
SM23269 ,S ,
SM23270 ,A ,
SM23271 ,A ,
SM23272 ,A ,
SM23273 ,S ,
SM23274 ,A ,
SM23275 ,S ,
SM23277 ,S ,
SM23278 ,S ,
SM23279 ,S ,
SM23280 ,A ,
SM23281 ,A ,
SM23282 ,A ,
SM23283 ,S ,
SM23284 ,S ,
SM23285 ,A ,
SM23286 ,A ,
SM23287 ,A ,
SM23288 ,A ,
SM23289 ,S ,
SM23290 ,S ,
SM23291 ,S ,
SM23292 ,A ,
SM23293 ,A ,
SM23294 ,S ,
SM23295 ,A ,
SM23296 ,S ,
SM23297 ,A ,
SM23298 ,A ,
SM23299 ,A ,
SM23300 ,S ,
SM23301 ,A ,
SM23302 ,A ,
SM23303 ,S ,
SM23304 ,S ,
SM23305 ,S ,
SM23306 ,S ,
SM23307 ,A ,
SM23308 ,S ,
SM23309 ,S ,
SM23310 ,S ,
SM23311 ,S ,
SM23312 ,A ,
SM23313 ,S ,
SM23314 ,A ,
SM23315 ,A ,
SM23317 ,S ,
SM23318 ,S ,
SM23319 ,S ,
SM23320 ,S ,
SM23321 ,S ,
SM23322 ,A ,
SM23323 ,S ,
SM23324 ,S ,
SM23325 ,A ,
SM23326 ,S ,
SM23327 ,S ,
SM23328 ,A ,
SM23330 ,S ,
SM23331 ,S ,
SM23332 ,A ,
SM23333 ,S ,
SM23334 ,A ,
SM23335 ,A ,
SM23336 ,A ,
SM23337 ,A ,
SM23338 ,A ,
SM23339 ,S ,
SM23342 ,A ,
SM23343 ,A ,
SM23344 ,S ,
SM23345 ,A ,
SM23346 ,S ,
SM23347 ,S ,
SM23348 ,S ,
SM23349 ,A ,
SM23350 ,A ,
SM23351 ,S ,
SM23352 ,A ,
SM23353 ,A ,
SM23354 ,A ,
SM23355 ,A ,
SM23356 ,S ,
SM23358 ,S ,
SM23359 ,A ,
SM23360 ,S ,
SM23361 ,A ,
SM23362 ,A ,
SM23363 ,S ,
SM23364 ,A ,
SM23365 ,S ,
SM23366 ,A ,
SM23367 ,A ,
SM23368 ,A ,
SM23369 ,S ,
SM23370 ,S ,
SM23371 ,A ,
SM23372 ,A ,
SM23373 ,S ,
SM23374 ,A ,
SM23375 ,S ,
SM23376 ,S ,
SM23377 ,S ,
SM23378 ,A ,
SM23379 ,S ,
SM23380 ,A ,
SM23381 ,S ,
SM23382 ,A ,
SM23383 ,A ,
SM23384 ,S ,
SM23385 ,A ,
SM23386 ,S ,
SM23387 ,S ,
SM23388 ,A ,
SM23389 ,A ,
SM23390 ,S ,
SM23391 ,A ,
SM23393 ,A ,
SM23394 ,A ,
SM23395 ,S ,
SM23396 ,A ,
SM23397 ,S ,
SM23398 ,A ,
SM23399 ,A ,
SM23400 ,S ,
SM23401 ,A ,
SM23402 ,A ,
SM23403 ,S ,
SM23405 ,A ,
SM23406 ,A ,
SM23407 ,S ,
SM23408 ,A ,
SM23409 ,S ,
SM23410 ,A ,
SM23411 ,A ,
SM23412 ,S ,
SM23413 ,A ,
SM23414 ,A ,
SM23415 ,A ,
SM23416 ,A ,
SM23417 ,A ,
SM23418 ,A ,
SM23419 ,S ,
SM23420 ,S ,
SM23421 ,A ,
SM23422 ,A ,
SM23423 ,S ,
SM23424 ,S ,
SM23425 ,A ,
SM23426 ,A ,
SM23427 ,S ,
SM23428 ,S ,
SM23429 ,S ,
SM23430 ,S ,
SM23431 ,S ,
SM23432 ,A ,
SM23433 ,A ,
SM23434 ,A ,
SM23435 ,S ,
SM23436 ,S ,
SM23437 ,S ,
SM23438 ,S ,
SM23439 ,S ,
SM23440 ,A ,
SM23441 ,S ,
SM23442 ,S ,
SM23443 ,A ,
SM23444 ,S ,
SM23445 ,A ,
SM23446 ,A ,
SM23447 ,A ,
SM23448 ,S ,
SM23449 ,A ,
SM23450 ,S ,
SM23451 ,A ,
SM23452 ,A ,
SM23453 ,S ,
SM23454 ,A ,
SM23455 ,A ,
SM23456 ,A ,
SM23457 ,A ,
SM23458 ,S ,
SM23459 ,S ,
SM23460 ,A ,
SM23461 ,A ,
SM23462 ,S ,
SM23463 ,A ,
SM23464 ,S ,
SM23465 ,S ,
SM23466 ,A ,
SM23467 ,A ,
SM23468 ,A ,
SM23469 ,S ,
SM23470 ,S ,
SM23471 ,A ,
SM23472 ,A ,
SM23473 ,S ,
SM23474 ,A ,
SM23475 ,S ,
SM23476 ,S ,
SM23477 ,S ,
SM23478 ,A ,
SM23479 ,A ,
SM23480 ,A ,
SM23481 ,A ,
SM23482 ,A ,
SM23483 ,A ,
SM23484 ,S ,
SM23485 ,S ,
SM23486 ,A ,
SM23487 ,S ,
SM23488 ,A ,
SM23489 ,A ,
SM23490 ,A ,
SM23491 ,A ,
SM23492 ,S ,
SM23493 ,S ,
SM23494 ,A ,
SM23495 ,A ,
SM23496 ,A ,
SM23497 ,S ,
SM23498 ,S ,
SM23499 ,S ,
SM23500 ,S ,
SM23501 ,A ,
SM23502 ,A ,
SM23503 ,A ,
SM23504 ,A ,
SM23505 ,S ,
SM23506 ,A ,
SM23507 ,S ,
SM23508 ,S ,
SM23509 ,S ,
SM23510 ,A ,
SM23511 ,S ,
SM23512 ,A ,
SM23513 ,A ,
SM23514 ,A ,
SM23515 ,A ,
SM23516 ,S ,
SM23517 ,A ,
SM23518 ,S ,
SM23519 ,A ,
SM23520 ,A ,
SM23521 ,S ,
SM23522 ,S ,
SM23523 ,S ,
SM23524 ,S ,
SM23525 ,A ,
SM23526 ,S ,
SM23527 ,S ,
SM23528 ,S ,
SM23529 ,A ,
SM23530 ,A ,
SM23531 ,A ,
SM23532 ,A ,
SM23533 ,A ,
SM23534 ,S ,
SM23535 ,S ,
SM23536 ,S ,
SM23537 ,A ,
SM23538 ,A ,
SM23539 ,S ,
SM23540 ,A ,
SM23541 ,A ,
SM23542 ,A ,
SM23543 ,A ,
SM23544 ,S ,
SM23545 ,S ,
SM23546 ,A ,
SM23547 ,A ,
SM23548 ,S ,
SM23549 ,S ,
SM23550 ,A ,
SM23551 ,A ,
SM23552 ,A ,
SM23553 ,A ,
SM23554 ,S ,
SM23555 ,A ,
SM23556 ,S ,
SM23557 ,A ,
SM23558 ,A ,
SM23559 ,S ,
SM23560 ,S ,
SM23561 ,A ,
SM23562 ,A ,
SM23563 ,S ,
SM23564 ,S ,
SM23565 ,A ,
SM23566 ,A ,
SM23567 ,A ,
SM23568 ,S ,
SM23569 ,S ,
SM23570 ,S ,
SM23571 ,A ,
SM23572 ,A ,
SM23574 ,S ,
SM23575 ,S ,
SM23576 ,S ,
SM23577 ,A ,
SM23578 ,A ,
SM23579 ,A ,
SM23580 ,S ,
SM23581 ,A ,
SM23582 ,A ,
SM23583 ,S ,
SM23584 ,S ,
SM23585 ,S ,
SM23586 ,A ,
SM23587 ,S ,
SM23588 ,S ,
SM23589 ,A ,
SM23590 ,S ,
SM23591 ,A ,
SM23592 ,S ,
SM23593 ,S ,
SM23594 ,S ,
SM23595 ,S ,
SM23596 ,S ,
SM23598 ,S ,
SM23599 ,S ,
SM23600 ,A ,
SM23601 ,S ,
SM23602 ,S ,
SM23603 ,S ,
SM23604 ,A ,
SM23605 ,S ,
SM23606 ,A ,
SM23607 ,S ,
SM23608 ,A ,
SM23609 ,A ,
SM23610 ,A ,
SM23611 ,S ,
SM23612 ,A ,
SM23613 ,S ,
SM23614 ,S ,
SM23615 ,S ,
SM23616 ,S ,
SM23617 ,S ,
SM23618 ,A ,
SM23619 ,A ,
SM23620 ,S ,
SM23621 ,S ,
SM23622 ,A ,
SM23623 ,S ,
SM23624 ,S ,
SM23625 ,S ,
SM23626 ,S ,
SM23627 ,A ,
SM23628 ,A ,
SM23629 ,A ,
SM23630 ,A ,
SM23631 ,S ,
SM23632 ,S ,
SM23633 ,A ,
SM23634 ,S ,
SM23635 ,A ,
SM23636 ,S ,
SM23637 ,A ,
SM23638 ,A ,
SM23639 ,A ,
SM23640 ,S ,
SM23641 ,S ,
SM23642 ,S ,
SM23643 ,S ,
SM23644 ,S ,
SM23645 ,S ,
SM23646 ,S ,
SM23647 ,A ,
SM23648 ,A ,
SM23649 ,S ,
SM23651 ,S ,
SM23652 ,S ,
SM23653 ,S ,
SM23654 ,S ,
SM23655 ,S ,
SM23656 ,S ,
SM23657 ,A ,
SM23658 ,S ,
SM23659 ,A ,
SM23660 ,S ,
SM23661 ,A ,
SM23662 ,S ,
SM23663 ,A ,
SM23664 ,A ,
SM23665 ,S ,
SM23666 ,S ,
SM23667 ,S ,
SM23668 ,A ,
SM23669 ,S ,
SM23670 ,A ,
SM23671 ,S ,
SM23672 ,S ,
SM23673 ,A ,
SM23674 ,S ,
SM23675 ,S ,
SM23676 ,A ,
SM23677 ,A ,
SM23678 ,S ,
SM23679 ,S ,
SM23680 ,A ,
SM23681 ,S ,
SM23682 ,S ,
SM23683 ,A ,
SM23684 ,S ,
SM23685 ,S ,
SM23686 ,S ,
SM23687 ,S ,
SM23688 ,A ,
SM23689 ,S ,
SM23690 ,S ,
SM23691 ,S ,
SM23692 ,A ,
SM23693 ,S ,
SM23694 ,A ,
SM23696 ,S ,
SM23697 ,S ,
SM23698 ,S ,
SM23699 ,S ,
SM23700 ,S ,
SM23701 ,S ,
SM23702 ,S ,
SM23703 ,S ,
SM23704 ,A ,
SM23705 ,A ,
SM23706 ,A ,
SM23707 ,A ,
SM23708 ,S ,
SM23709 ,S ,
SM23710 ,S ,
SM23711 ,S ,
SM23712 ,A ,
SM23713 ,A ,
SM23714 ,A ,
SM23715 ,A ,
SM23716 ,A ,
SM23717 ,A ,
SM23718 ,A ,
SM23719 ,A ,
SM23720 ,A ,
SM23721 ,S ,
SM23722 ,S ,
SM23723 ,S ,
SM23724 ,S ,
SM23725 ,A ,
SM23726 ,A ,
SM23727 ,S ,
SM23728 ,S ,
SM23729 ,S ,
SM23730 ,A ,
SM23731 ,A ,
SM23732 ,A ,
SM23733 ,A ,
SM23734 ,A ,
SM23735 ,S ,
SM23736 ,S ,
SM23737 ,A ,
SM23738 ,A ,
SM23739 ,A ,
SM23740 ,A ,
SM23741 ,A ,
SM23742 ,A ,
SM23743 ,S ,
SM23744 ,A ,
SM23745 ,S ,
SM23746 ,S ,
SM23747 ,S ,
SM23748 ,A ,
SM23749 ,S ,
SM23750 ,A ,
SM23751 ,A ,
SM23752 ,A ,
SM23753 ,S ,
SM23754 ,S ,
SM23755 ,A ,
SM23756 ,A ,
SM23758 ,S ,
SM23759 ,A ,
SM23760 ,A ,
SM23761 ,S ,
SM23762 ,A ,
SM23763 ,S ,
SM23764 ,A ,
SM23765 ,S ,
SM23766 ,A ,
SM23767 ,S ,
SM23768 ,A ,
SM23769 ,A ,
SM23770 ,S ,
SM23771 ,A ,
SM23772 ,A ,
SM23773 ,S ,
SM23774 ,A ,
SM23775 ,S ,
SM23776 ,A ,
SM23777 ,A ,
SM23778 ,S ,
SM23779 ,A ,
SM23780 ,A ,
SM23781 ,S ,
SM23782 ,A ,
SM23783 ,S ,
SM23784 ,A ,
SM23785 ,A ,
SM23786 ,A ,
SM23787 ,S ,
SM23788 ,S ,
SM23789 ,A ,
SM23790 ,A ,
SM23791 ,S ,
SM23792 ,A ,
SM23793 ,A ,
SM23794 ,A ,
SM23795 ,S ,
SM23796 ,A ,
SM23797 ,A ,
SM23798 ,A ,
SM23799 ,S ,
SM23800 ,S ,
SM23801 ,A ,
SM23802 ,A ,
SM23803 ,A ,
SM23804 ,A ,
SM23805 ,A ,
SM23806 ,A ,
SM23808 ,A ,
SM23809 ,S ,
SM23810 ,A ,
SM23811 ,S ,
SM23812 ,S ,
SM23813 ,S ,
SM23814 ,A ,
SM23815 ,S ,
SM23816 ,A ,
SM23817 ,A ,
SM23818 ,A ,
SM23819 ,A ,
SM23820 ,S ,
SM23821 ,A ,
SM23822 ,A ,
SM23823 ,A ,
SM23824 ,A ,
SM23825 ,A ,
SM23826 ,S ,
SM23827 ,A ,
SM23828 ,A ,
SM23829 ,A ,
SM23830 ,S ,
SM23831 ,A ,
SM23832 ,A ,
SM23833 ,S ,
SM23834 ,A ,
SM23835 ,S ,
SM23836 ,A ,
SM23837 ,A ,
SM23838 ,S ,
SM23839 ,A ,
SM23840 ,S ,
SM23841 ,S ,
SM23842 ,S ,
SM23843 ,A ,
SM23844 ,S ,
SM23845 ,A ,
SM23846 ,S ,
SM23847 ,S ,
SM23848 ,A ,
SM23849 ,S ,
SM23850 ,A ,
SM23851 ,A ,
SM23852 ,S ,
SM23853 ,S ,
SM23854 ,A ,
SM23855 ,S ,
SM23856 ,S ,
SM23857 ,S ,
SM23858 ,A ,
SM23859 ,A ,
SM23860 ,A ,
SM23861 ,S ,
SM23862 ,A ,
SM23863 ,S ,
SM23864 ,S ,
SM23865 ,A ,
SM23866 ,A ,
SM23867 ,S ,
SM23868 ,A ,
SM23869 ,S ,
SM23870 ,S ,
SM23871 ,S ,
SM23872 ,A ,
SM23873 ,S ,
SM23874 ,A ,
SM23875 ,A ,
SM23876 ,A ,
SM23877 ,A ,
SM23878 ,S ,
SM23879 ,A ,
SM23880 ,A ,
SM23881 ,A ,
SM23882 ,S ,
SM23883 ,A ,
SM23884 ,A ,
SM23885 ,S ,
SM23886 ,A ,
SM23887 ,A ,
SM23888 ,A ,
SM23889 ,A ,
SM23890 ,S ,
SM23891 ,A ,
SM23892 ,S ,
SM23893 ,A ,
SM23894 ,A ,
SM23895 ,S ,
SM23896 ,S ,
SM23897 ,S ,
SM23898 ,A ,
SM23899 ,A ,
SM23900 ,A ,
SM23901 ,S ,
SM23902 ,S ,
SM23903 ,S ,
SM23904 ,A ,
SM23905 ,S ,
SM23906 ,S ,
SM23907 ,S ,
SM23908 ,S ,
SM23909 ,S ,
SM23910 ,A ,
SM23911 ,S ,
SM23912 ,A ,
SM23913 ,S ,
SM23914 ,S ,
SM23915 ,A ,
SM23916 ,A ,
SM23917 ,A ,
SM23918 ,S ,
SM23919 ,S ,
SM23920 ,S ,
SM23921 ,A ,
SM23922 ,A ,
SM23923 ,A ,
SM23924 ,S ,
SM23925 ,S ,
SM23926 ,S ,
SM23927 ,S ,
SM23928 ,A ,
SM23929 ,S ,
SM23930 ,S ,
SM23931 ,A ,
SM23932 ,A ,
SM23933 ,A ,
SM23934 ,A ,
SM23935 ,S ,
SM23936 ,S ,
SM23937 ,S ,
SM23938 ,A ,
SM23939 ,S ,
SM23940 ,A ,
SM23941 ,S ,
SM23942 ,A ,
SM23943 ,S ,
SM23944 ,S ,
SM23945 ,S ,
SM23946 ,S ,
SM23947 ,A ,
SM23948 ,A ,
SM23949 ,A ,
SM23950 ,A ,
SM23951 ,A ,
SM23952 ,A ,
SM23953 ,A ,
SM23955 ,A ,
SM23956 ,A ,
SM23957 ,S ,
SM23958 ,S ,
SM23959 ,S ,
SM23960 ,S ,
SM23961 ,S ,
SM23962 ,S ,
SM23963 ,A ,
SM23964 ,S ,
SM23965 ,S ,
SM23966 ,S ,
SM23967 ,S ,
SM23968 ,S ,
SM23969 ,S ,
SM23970 ,S ,
SM23971 ,S ,
SM23972 ,S ,
SM23973 ,A ,
SM23974 ,A ,
SM23975 ,A ,
SM23976 ,A ,
SM23977 ,A ,
SM23978 ,S ,
SM23979 ,A ,
SM23980 ,A ,
SM23981 ,S ,
SM23982 ,S ,
SM23983 ,S ,
SM23984 ,S ,
SM23986 ,A ,
SM23987 ,A ,
SM23988 ,A ,
SM23989 ,S ,
SM23990 ,S ,
SM23991 ,S ,
SM23992 ,S ,
SM23993 ,S ,
SM23994 ,A ,
SM23995 ,A ,
SM23996 ,A ,
SM23997 ,A ,
SM23998 ,A ,
SM24000 ,A ,
SM24001 ,S ,
SM24002 ,S ,
SM24003 ,A ,
SM24004 ,S ,
SM24005 ,A ,
SM24006 ,S ,
SM24007 ,S ,
SM24008 ,A ,
SM24009 ,A ,
SM24010 ,S ,
SM24011 ,A ,
SM24012 ,S ,
SM24013 ,A ,
SM24014 ,A ,
SM24015 ,S ,
SM24016 ,A ,
SM24017 ,S ,
SM24018 ,S ,
SM24019 ,S ,
SM24020 ,S ,
SM24021 ,A ,
SM24022 ,S ,
SM24023 ,A ,
SM24024 ,A ,
SM24025 ,S ,
SM24026 ,S ,
SM24027 ,S ,
SM24028 ,S ,
SM24029 ,S ,
SM24030 ,A ,
SM24031 ,S ,
SM24032 ,S ,
SM24033 ,A ,
SM24034 ,S ,
SM24035 ,S ,
SM24036 ,S ,
SM24037 ,A ,
SM24038 ,A ,
SM24039 ,S ,
SM24040 ,S ,
SM24041 ,A ,
SM24042 ,A ,
SM24043 ,A ,
SM24044 ,A ,
SM24045 ,S ,
SM24046 ,S ,
SM24047 ,S ,
SM24048 ,S ,
SM24049 ,A ,
SM24050 ,A ,
SM24051 ,A ,
SM24052 ,S ,
SM24053 ,A ,
SM24054 ,S ,
SM24055 ,A ,
SM24056 ,A ,
SM24057 ,A ,
SM24058 ,S ,
SM24059 ,S ,
SM24060 ,S ,
SM24061 ,S ,
SM24062 ,A ,
SM24063 ,A ,
SM24064 ,A ,
SM24065 ,A ,
SM24066 ,S ,
SM24067 ,S ,
SM24068 ,S ,
SM24070 ,A ,
SM24071 ,A ,
SM24072 ,S ,
SM24073 ,A ,
SM24074 ,S ,
SM24075 ,S ,
SM24076 ,S ,
SM24077 ,S ,
SM24078 ,S ,
SM24079 ,A ,
SM24080 ,S ,
SM24081 ,A ,
SM24082 ,S ,
SM24083 ,A ,
SM24084 ,S ,
SM24085 ,A ,
SM24086 ,S ,
SM24087 ,S ,
SM24088 ,S ,
SM24090 ,S ,
SM24091 ,S ,
SM24092 ,S ,
SM24093 ,A ,
SM24094 ,S ,
SM24095 ,A ,
SM24096 ,S ,
SM24097 ,S ,
SM24098 ,S ,
SM24099 ,S ,
SM24100 ,A ,
SM24101 ,S ,
SM24102 ,S ,
SM24103 ,S ,
SM24104 ,S ,
SM24105 ,S ,
SM24106 ,A ,
SM24107 ,A ,
SM24108 ,S ,
SM24109 ,S ,
SM24110 ,S ,
SM24111 ,A ,
SM24112 ,S ,
SM24113 ,A ,
SM24114 ,A ,
SM24115 ,S ,
SM24116 ,S ,
SM24118 ,S ,
SM24119 ,S ,
SM24120 ,S ,
SM24121 ,A ,
SM24122 ,A ,
SM24123 ,A ,
SM24124 ,A ,
SM24125 ,A ,
SM24126 ,S ,
SM24127 ,S ,
SM24128 ,A ,
SM24129 ,A ,
SM24130 ,A ,
SM24131 ,S ,
SM24132 ,A ,
SM24133 ,A ,
SM24134 ,S ,
SM24135 ,S ,
SM24136 ,A ,
SM24137 ,S ,
SM24138 ,S ,
SM24139 ,S ,
SM24140 ,S ,
SM24141 ,A ,
SM24142 ,S ,
SM24143 ,S ,
SM24144 ,A ,
SM24145 ,A ,
SM24146 ,A ,
SM24147 ,S ,
SM24148 ,S ,
SM24149 ,S ,
SM24150 ,S ,
SM24151 ,A ,
SM24152 ,A ,
SM24153 ,S ,
SM24154 ,S ,
SM24155 ,S ,
SM24156 ,A ,
SM24157 ,S ,
SM24158 ,A ,
SM24159 ,A ,
SM24160 ,S ,
SM24161 ,S ,
SM24162 ,S ,
SM24163 ,S ,
SM24164 ,A ,
SM24165 ,S ,
SM24166 ,S ,
SM24167 ,S ,
SM24168 ,A ,
SM24169 ,S ,
SM24170 ,S ,
SM24171 ,A ,
SM24172 ,S ,
SM24173 ,S ,
SM24174 ,A ,
SM24175 ,S ,
SM24176 ,S ,
SM24177 ,S ,
SM24178 ,A ,
SM24179 ,S ,
SM24180 ,A ,
SM24181 ,S ,
SM24182 ,S ,
SM24183 ,S ,
SM24184 ,S ,
SM24185 ,S ,
SM24186 ,S ,
SM24187 ,S ,
SM24188 ,S ,
SM24189 ,A ,
SM24190 ,S ,
SM24191 ,A ,
SM24192 ,S ,
SM24193 ,S ,
SM24194 ,A ,
SM24195 ,S ,
SM24196 ,A ,
SM24197 ,S ,
SM24198 ,S ,
SM24199 ,S ,
SM24200 ,S ,
SM24201 ,S ,
SM24202 ,S ,
SM24203 ,A ,
SM24204 ,A ,
SM24205 ,A ,
SM24206 ,A ,
SM24207 ,A ,
SM24208 ,S ,
SM24209 ,S ,
SM24210 ,S ,
SM24211 ,A ,
SM24212 ,S ,
SM24213 ,S ,
SM24214 ,S ,
SM24215 ,S ,
SM24216 ,A ,
SM24217 ,S ,
SM24218 ,S ,
SM24219 ,A ,
SM24220 ,A ,
SM24221 ,S ,
SM24222 ,S ,
SM24223 ,S ,
SM24224 ,A ,
SM24225 ,A ,
SM24226 ,A ,
SM24227 ,S ,
SM24228 ,A ,
SM24229 ,S ,
SM24230 ,S ,
SM24231 ,A ,
SM24232 ,S ,
SM24233 ,A ,
SM24234 ,S ,
SM24235 ,S ,
SM24236 ,A ,
SM24237 ,S ,
SM24238 ,A ,
SM24239 ,A ,
SM24240 ,S ,
SM24241 ,A ,
SM24242 ,S ,
SM24243 ,S ,
SM24244 ,S ,
SM24245 ,S ,
SM24246 ,S ,
SM24247 ,S ,
SM24248 ,S ,
SM24249 ,S ,
SM24250 ,A ,
SM24251 ,A ,
SM24252 ,S ,
SM24253 ,S ,
SM24254 ,A ,
SM24255 ,S ,
SM24256 ,S ,
SM24257 ,S ,
SM24258 ,A ,
SM24259 ,S ,
SM24260 ,S ,
SM24261 ,S ,
SM24262 ,A ,
SM24263 ,S ,
SM24264 ,A ,
SM24265 ,A ,
SM24266 ,S ,
SM24267 ,A ,
SM24268 ,A ,
SM24269 ,S ,
SM24270 ,S ,
SM24271 ,S ,
SM24272 ,A ,
SM24273 ,S ,
SM24274 ,A ,
SM24275 ,S ,
SM24276 ,S ,
SM24277 ,S ,
SM24278 ,A ,
SM24279 ,A ,
SM24280 ,S ,
SM24281 ,A ,
SM24282 ,A ,
SM24283 ,A ,
SM24284 ,A ,
SM24285 ,S ,
SM24286 ,A ,
SM24287 ,A ,
SM24288 ,S ,
SM24289 ,S ,
SM24290 ,A ,
SM24291 ,S ,
SM24292 ,A ,
SM24293 ,A ,
SM24294 ,A ,
SM24295 ,A ,
SM24296 ,A ,
SM24297 ,A ,
SM24298 ,A ,
SM24299 ,A ,
SM24300 ,S ,
SM24301 ,S ,
SM24302 ,S ,
SM24303 ,A ,
SM24304 ,A ,
SM24305 ,S ,
SM24306 ,S ,
SM24307 ,A ,
SM24308 ,A ,
SM24309 ,S ,
SM24310 ,S ,
SM24311 ,S ,
SM24312 ,S ,
SM24313 ,S ,
SM24314 ,A ,
SM24315 ,A ,
SM24316 ,A ,
SM24317 ,A ,
SM24318 ,A ,
SM24319 ,S ,
SM24320 ,A ,
SM24321 ,S ,
SM24322 ,A ,
SM24323 ,S ,
SM24324 ,S ,
SM24325 ,S ,
SM24326 ,S ,
SM24327 ,S ,
SM24328 ,A ,
SM24329 ,A ,
SM24330 ,S ,
SM24331 ,A ,
SM24332 ,S ,
SM24333 ,A ,
SM24334 ,S ,
SM24335 ,S ,
SM24336 ,S ,
SM24337 ,S ,
SM24338 ,S ,
SM24339 ,A ,
SM24340 ,A ,
SM24341 ,A ,
SM24342 ,S ,
SM24343 ,S ,
SM24344 ,S ,
SM24345 ,S ,
SM24346 ,A ,
SM24347 ,S ,
SM24348 ,A ,
SM24349 ,S ,
SM24350 ,S ,
SM24351 ,A ,
SM24352 ,A ,
SM24354 ,A ,
SM24355 ,S ,
SM24356 ,S ,
SM24357 ,A ,
SM24358 ,A ,
SM24359 ,S ,
SM24360 ,A ,
SM24361 ,A ,
SM24362 ,A ,
SM24363 ,S ,
SM24364 ,A ,
SM24365 ,S ,
SM24366 ,S ,
SM24367 ,S ,
SM24368 ,S ,
SM24369 ,A ,
SM24370 ,A ,
SM24371 ,A ,
SM24372 ,S ,
SM24373 ,A ,
SM24374 ,A ,
SM24375 ,A ,
SM24376 ,A ,
SM24377 ,S ,
SM24378 ,S ,
SM24379 ,A ,
SM24380 ,A ,
SM24381 ,S ,
SM24382 ,S ,
SM24383 ,S ,
SM24384 ,S ,
SM24385 ,A ,
SM24386 ,A ,
SM24387 ,S ,
SM24388 ,S ,
SM24390 ,A ,
SM24391 ,S ,
SM24392 ,S ,
SM24393 ,S ,
SM24394 ,A ,
SM24395 ,S ,
SM24396 ,S ,
SM24397 ,A ,
SM24398 ,S ,
SM24399 ,A ,
SM24400 ,A ,
SM24401 ,S ,
SM24403 ,S ,
SM24404 ,S ,
SM24405 ,A ,
SM24406 ,S ,
SM24407 ,S ,
SM24408 ,A ,
SM24409 ,S ,
SM24410 ,S ,
SM24411 ,S ,
SM24412 ,S ,
SM24413 ,S ,
SM24414 ,S ,
SM24415 ,A ,
SM24416 ,A ,
SM24417 ,A ,
SM24418 ,A ,
SM24419 ,A ,
SM24420 ,A ,
SM24421 ,A ,
SM24422 ,S ,
SM24423 ,S ,
SM24424 ,S ,
SM24425 ,S ,
SM24426 ,S ,
SM24428 ,A ,
SM24429 ,A ,
SM24430 ,A ,
SM24431 ,A ,
SM24432 ,A ,
SM24433 ,S ,
SM24434 ,A ,
SM24435 ,S ,
SM24436 ,S ,
SM24437 ,S ,
SM24438 ,A ,
SM24439 ,S ,
SM24440 ,A ,
SM24441 ,A ,
SM24442 ,A ,
SM24443 ,S ,
SM24444 ,S ,
SM24445 ,S ,
SM24446 ,S ,
SM24447 ,S ,
SM24448 ,S ,
SM24449 ,S ,
SM24450 ,S ,
SM24451 ,A ,
SM24452 ,A ,
SM24453 ,A ,
SM24454 ,A ,
SM24455 ,S ,
SM24456 ,S ,
SM24457 ,S ,
SM24458 ,S ,
SM24459 ,S ,
SM24460 ,A ,
SM24461 ,A ,
SM24462 ,A ,
SM24463 ,S ,
SM24464 ,S ,
SM24465 ,A ,
SM24466 ,A ,
SM24467 ,A ,
SM24468 ,S ,
SM24469 ,A ,
SM24470 ,A ,
SM24471 ,S ,
SM24472 ,S ,
SM24473 ,S ,
SM24474 ,A ,
SM24475 ,S ,
SM24476 ,S ,
SM24477 ,S ,
SM24478 ,A ,
SM24479 ,S ,
SM24480 ,S ,
SM24481 ,A ,
SM24482 ,S ,
SM24483 ,S ,
SM24484 ,A ,
SM24485 ,A ,
SM24486 ,A ,
SM24487 ,S ,
SM24488 ,S ,
SM24489 ,A ,
SM24490 ,S ,
SM24491 ,S ,
SM24492 ,S ,
SM24493 ,A ,
SM24494 ,A ,
SM24495 ,S ,
SM24496 ,A ,
SM24497 ,S ,
SM24498 ,S ,
SM24499 ,S ,
SM24500 ,A ,
SM24501 ,S ,
SM24503 ,S ,
SM24504 ,A ,
SM24505 ,S ,
SM24506 ,S ,
SM24507 ,S ,
SM24508 ,S ,
SM24509 ,S ,
SM24510 ,A ,
SM24511 ,A ,
SM24512 ,A ,
SM24513 ,S ,
SM24514 ,A ,
SM24515 ,A ,
SM24516 ,S ,
SM24517 ,S ,
SM24518 ,S ,
SM24519 ,S ,
SM24520 ,S ,
SM24521 ,A ,
SM24522 ,S ,
SM24523 ,S ,
SM24524 ,S ,
SM24525 ,S ,
SM24526 ,S ,
SM24527 ,A ,
SM24528 ,S ,
SM24529 ,S ,
SM24530 ,A ,
SM24531 ,S ,
SM24532 ,A ,
SM24533 ,A ,
SM24534 ,A ,
SM24535 ,S ,
SM24536 ,S ,
SM24537 ,S ,
SM24538 ,S ,
SM24539 ,S ,
SM24540 ,S ,
SM24541 ,A ,
SM24542 ,S ,
SM24543 ,S ,
SM24544 ,A ,
SM24545 ,S ,
SM24546 ,A ,
SM24548 ,S ,
SM24549 ,S ,
SM24550 ,A ,
SM24551 ,S ,
SM24552 ,A ,
SM24553 ,S ,
SM24554 ,A ,
SM24556 ,A ,
SM24557 ,S ,
SM24558 ,S ,
SM24559 ,A ,
SM24560 ,S ,
SM24561 ,A ,
SM24562 ,S ,
SM24563 ,S ,
SM24564 ,A ,
SM24565 ,S ,
SM24566 ,A ,
SM24567 ,A ,
SM24568 ,S ,
SM24569 ,S ,
SM24570 ,A ,
SM24571 ,S ,
SM24572 ,S ,
SM24573 ,S ,
SM24574 ,S ,
SM24575 ,A ,
SM24576 ,A ,
SM24577 ,A ,
SM24578 ,A ,
SM24579 ,S ,
SM24580 ,S ,
SM24581 ,A ,
SM24582 ,S ,
SM24583 ,A ,
SM24584 ,A ,
SM24585 ,A ,
SM24586 ,S ,
SM24587 ,S ,
SM24588 ,S ,
SM24589 ,S ,
SM24590 ,S ,
SM24591 ,S ,
SM24592 ,A ,
SM24593 ,S ,
SM24594 ,A ,
SM24595 ,A ,
SM24596 ,S ,
SM24597 ,S ,
SM24598 ,S ,
SM24599 ,S ,
SM24600 ,A ,
SM24601 ,S ,
SM24602 ,A ,
SM24603 ,A ,
SM24604 ,S ,
SM24605 ,S ,
SM24606 ,A ,
SM24607 ,S ,
SM24608 ,S ,
SM24609 ,S ,
SM24610 ,S ,
SM24611 ,S ,
SM24612 ,A ,
SM24613 ,S ,
SM24614 ,S ,
SM24615 ,A ,
SM24616 ,S ,
SM24617 ,A ,
SM24618 ,A ,
SM24619 ,A ,
SM24620 ,A ,
SM24621 ,S ,
SM24622 ,S ,
SM24623 ,S ,
SM24624 ,S ,
SM24625 ,A ,
SM24626 ,S ,
SM24627 ,S ,
SM24628 ,S ,
SM24629 ,A ,
SM24630 ,A ,
SM24631 ,A ,
SM24632 ,S ,
SM24633 ,A ,
SM24634 ,S ,
SM24635 ,A ,
SM24636 ,S ,
SM24637 ,S ,
SM24638 ,S ,
SM24640 ,A ,
SM24641 ,S ,
SM24642 ,A ,
SM24643 ,S ,
SM24644 ,A ,
SM24645 ,S ,
SM24646 ,A ,
SM24647 ,S ,
SM24648 ,S ,
SM24649 ,A ,
SM24650 ,A ,
SM24651 ,S ,
SM24652 ,A ,
SM24653 ,S ,
SM24654 ,S ,
SM24655 ,S ,
SM24656 ,A ,
SM24657 ,A ,
SM24658 ,A ,
SM24659 ,A ,
SM24660 ,S ,
SM24661 ,S ,
SM24662 ,A ,
SM24664 ,S ,
SM24665 ,A ,
SM24666 ,S ,
SM24667 ,A ,
SM24668 ,S ,
SM24669 ,S ,
SM24670 ,A ,
SM24671 ,A ,
SM24672 ,S ,
SM24673 ,S ,
SM24674 ,A ,
SM24675 ,S ,
SM24676 ,A ,
SM24677 ,A ,
SM24678 ,S ,
SM24679 ,S ,
SM24680 ,S ,
SM24681 ,S ,
SM24682 ,S ,
SM24683 ,S ,
SM24684 ,A ,
SM24685 ,A ,
SM24686 ,S ,
SM24687 ,S ,
SM24688 ,A ,
SM24689 ,A ,
SM24690 ,S ,
SM24691 ,S ,
SM24692 ,S ,
SM24693 ,S ,
SM24694 ,A ,
SM24695 ,S ,
SM24696 ,A ,
SM24697 ,A ,
SM24698 ,S ,
SM24699 ,S ,
SM24700 ,S ,
SM24701 ,A ,
SM24702 ,S ,
SM24703 ,A ,
SM24704 ,S ,
SM24705 ,S ,
SM24706 ,A ,
SM24707 ,A ,
SM24708 ,S ,
SM24709 ,A ,
SM24710 ,S ,
SM24711 ,S ,
SM24712 ,S ,
SM24713 ,A ,
SM24714 ,S ,
SM24715 ,A ,
SM24716 ,S ,
SM24717 ,S ,
SM24718 ,S ,
SM24719 ,A ,
SM24720 ,S ,
SM24721 ,A ,
SM24722 ,S ,
SM24723 ,S ,
SM24724 ,S ,
SM24725 ,A ,
SM24726 ,S ,
SM24727 ,A ,
SM24728 ,S ,
SM24729 ,S ,
SM24730 ,A ,
SM24731 ,A ,
SM24732 ,S ,
SM24733 ,S ,
SM24734 ,S ,
SM24735 ,S ,
SM24736 ,S ,
SM24737 ,A ,
SM24738 ,S ,
SM24739 ,S ,
SM24740 ,A ,
SM24741 ,S ,
SM24742 ,S ,
SM24743 ,S ,
SM24744 ,A ,
SM24745 ,S ,
SM24746 ,A ,
SM24747 ,A ,
SM24748 ,S ,
SM24749 ,A ,
SM24750 ,S ,
SM24751 ,S ,
SM24752 ,S ,
SM24753 ,A ,
SM24754 ,A ,
SM24755 ,S ,
SM24756 ,S ,
SM24757 ,A ,
SM24758 ,S ,
SM24759 ,S ,
SM24760 ,S ,
SM24761 ,S ,
SM24762 ,S ,
SM24763 ,S ,
SM24764 ,S ,
SM24765 ,S ,
SM24766 ,A ,
SM24767 ,S ,
SM24768 ,S ,
SM24769 ,S ,
SM24770 ,A ,
SM24771 ,A ,
SM24772 ,S ,
SM24773 ,S ,
SM24774 ,S ,
SM24775 ,S ,
SM24776 ,S ,
SM24777 ,S ,
SM24778 ,A ,
SM24779 ,A ,
SM24780 ,S ,
SM24781 ,A ,
SM24782 ,A ,
SM24783 ,A ,
SM24784 ,S ,
SM24785 ,S ,
SM24786 ,S ,
SM24787 ,S ,
SM24788 ,S ,
SM24789 ,A ,
SM24790 ,A ,
SM24791 ,S ,
SM24792 ,S ,
SM24793 ,S ,
SM24794 ,A ,
SM24795 ,S ,
SM24796 ,A ,
SM24797 ,S ,
SM24798 ,S ,
SM24800 ,S ,
SM24801 ,S ,
SM24802 ,A ,
SM24803 ,A ,
SM24804 ,S ,
SM24805 ,A ,
SM24806 ,S ,
SM24807 ,S ,
SM24808 ,S ,
SM24809 ,A ,
SM24810 ,A ,
SM24811 ,A ,
SM24812 ,S ,
SM24813 ,S ,
SM24814 ,S ,
SM24815 ,A ,
SM24816 ,S ,
SM24817 ,S ,
SM24818 ,S ,
SM24819 ,S ,
SM24820 ,A ,
SM24821 ,S ,
SM24822 ,S ,
SM24823 ,A ,
SM24824 ,A ,
SM24825 ,S ,
SM24826 ,A ,
SM24827 ,S ,
SM24828 ,S ,
SM24829 ,S ,
SM24830 ,S ,
SM24831 ,S ,
SM24832 ,S ,
SM24833 ,S ,
SM24834 ,A ,
SM24835 ,S ,
SM24836 ,A ,
SM24837 ,S ,
SM24838 ,A ,
SM24839 ,S ,
SM24840 ,S ,
SM24841 ,S ,
SM24842 ,A ,
SM24843 ,S ,
SM24844 ,S ,
SM24845 ,A ,
SM24846 ,A ,
SM24847 ,A ,
SM24848 ,S ,
SM24849 ,S ,
SM24850 ,S ,
SM24851 ,S ,
SM24852 ,S ,
SM24853 ,S ,
SM24854 ,S ,
SM24855 ,A ,
SM24856 ,A ,
SM24857 ,S ,
SM24858 ,A ,
SM24859 ,S ,
SM24860 ,S ,
SM24861 ,A ,
SM24862 ,S ,
SM24863 ,S ,
SM24864 ,A ,
SM24865 ,A ,
SM24866 ,A ,
SM24867 ,A ,
SM24868 ,S ,
SM24869 ,S ,
SM24870 ,A ,
SM24871 ,S ,
SM24872 ,S ,
SM24873 ,A ,
SM24874 ,S ,
SM24875 ,A ,
SM24876 ,S ,
SM24877 ,A ,
SM24878 ,A ,
SM24879 ,A ,
SM24880 ,S ,
SM24881 ,A ,
SM24882 ,A ,
SM24884 ,A ,
SM24885 ,S ,
SM24886 ,S ,
SM24887 ,S ,
SM24888 ,A ,
SM24889 ,S ,
SM24890 ,S ,
SM24891 ,S ,
SM24892 ,A ,
SM24893 ,S ,
SM24894 ,S ,
SM24895 ,S ,
SM24896 ,S ,
SM24897 ,S ,
SM24898 ,S ,
SM24899 ,A ,
SM24900 ,A ,
SM24901 ,S ,
SM24902 ,A ,
SM24903 ,S ,
SM24904 ,S ,
SM24905 ,A ,
SM24906 ,A ,
SM24907 ,S ,
SM24908 ,S ,
SM24909 ,S ,
SM24910 ,A ,
SM24911 ,S ,
SM24912 ,A ,
SM24913 ,A ,
SM24914 ,A ,
SM24915 ,S ,
SM24916 ,S ,
SM24917 ,S ,
SM24919 ,S ,
SM24920 ,A ,
SM24921 ,S ,
SM24922 ,A ,
SM24923 ,S ,
SM24924 ,A ,
SM24925 ,S ,
SM24926 ,S ,
SM24927 ,S ,
SM24928 ,A ,
SM24929 ,S ,
SM24930 ,A ,
SM24931 ,S ,
SM24932 ,S ,
SM24933 ,S ,
SM24934 ,S ,
SM24935 ,A ,
SM24936 ,S ,
SM24937 ,S ,
SM24938 ,A ,
SM24939 ,S ,
SM24940 ,S ,
SM24941 ,A ,
SM24942 ,A ,
SM24943 ,S ,
SM24944 ,A ,
SM24945 ,S ,
SM24946 ,S ,
SM24947 ,S ,
SM24948 ,A ,
SM24949 ,A ,
SM24950 ,S ,
SM24951 ,S ,
SM24952 ,A ,
SM24953 ,S ,
SM24954 ,S ,
SM24955 ,S ,
SM24956 ,A ,
SM24957 ,S ,
SM24958 ,S ,
SM24959 ,S ,
SM24960 ,S ,
SM24961 ,A ,
SM24962 ,S ,
SM24963 ,S ,
SM24964 ,A ,
SM24965 ,A ,
SM24966 ,S ,
SM24967 ,S ,
SM24968 ,A ,
SM24969 ,S ,
SM24970 ,S ,
SM24971 ,A ,
SM24972 ,S ,
SM24973 ,S ,
SM24974 ,S ,
SM24975 ,S ,
SM24976 ,S ,
SM24977 ,A ,
SM24978 ,S ,
SM24979 ,A ,
SM24980 ,S ,
SM24981 ,A ,
SM24982 ,S ,
SM24983 ,S ,
SM24984 ,A ,
SM24985 ,A ,
SM24986 ,S ,
SM24987 ,A ,
SM24988 ,S ,
SM24989 ,S ,
SM24990 ,A ,
SM24991 ,S ,
SM24992 ,S ,
SM24993 ,S ,
SM24994 ,S ,
SM24995 ,S ,
SM24996 ,A ,
SM24997 ,A ,
SM24998 ,S ,
SM24999 ,S ,
SM25000 ,S ,
SM25001 ,A ,
SM25002 ,A ,
SM25003 ,S ,
SM25004 ,A ,
SM25005 ,A ,
SM25006 ,A ,
SM25007 ,A ,
SM25008 ,S ,
SM25009 ,S ,
SM25010 ,S ,
SM25011 ,A ,
SM25012 ,S ,
SM25013 ,A ,
SM25014 ,S ,
SM25015 ,A ,
SM25016 ,A ,
SM25017 ,A ,
SM25018 ,A ,
SM25019 ,S ,
SM25020 ,S ,
SM25021 ,S ,
SM25022 ,S ,
SM25023 ,A ,
SM25024 ,A ,
SM25025 ,A ,
SM25026 ,S ,
SM25027 ,S ,
SM25028 ,A ,
SM25029 ,A ,
SM25030 ,A ,
SM25031 ,A ,
SM25032 ,S ,
SM25033 ,A ,
SM25034 ,S ,
SM25035 ,S ,
SM25036 ,A ,
SM25037 ,S ,
SM25038 ,S ,
SM25039 ,S ,
SM25040 ,S ,
SM25041 ,A ,
SM25042 ,S ,
SM25043 ,A ,
SM25044 ,S ,
SM25045 ,A ,
SM25046 ,A ,
SM25047 ,S ,
SM25048 ,A ,
SM25049 ,S ,
SM25050 ,S ,
SM25051 ,A ,
SM25052 ,A ,
SM25053 ,S ,
SM25054 ,S ,
SM25055 ,A ,
SM25056 ,S ,
SM25057 ,A ,
SM25059 ,S ,
SM25060 ,A ,
SM25061 ,A ,
SM25062 ,S ,
SM25063 ,A ,
SM25064 ,A ,
SM25066 ,A ,
SM25067 ,A ,
SM25068 ,S ,
SM25069 ,S ,
SM25071 ,S ,
SM25072 ,A ,
SM25073 ,S ,
SM25074 ,A ,
SM25075 ,S ,
SM25076 ,A ,
SM25077 ,A ,
SM25078 ,A ,
SM25080 ,S ,
SM25081 ,A ,
SM25082 ,S ,
SM25084 ,A ,
SM25085 ,A ,
SM25086 ,S ,
SM25087 ,A ,
SM25088 ,S ,
SM25089 ,S ,
SM25090 ,S ,
SM25091 ,A ,
SM25092 ,A ,
SM25093 ,A ,
SM25094 ,S ,
SM25095 ,A ,
SM25096 ,S ,
SM25097 ,S ,
SM25098 ,A ,
SM25099 ,A ,
SM25100 ,A ,
SM25101 ,S ,
SM25102 ,A ,
SM25103 ,A ,
SM25105 ,A ,
SM25106 ,A ,
SM25107 ,A ,
SM25108 ,A ,
SM25109 ,S ,
SM25110 ,A ,
SM25111 ,S ,
SM25112 ,S ,
SM25113 ,A ,
SM25114 ,A ,
SM25115 ,A ,
SM25116 ,S ,
SM25117 ,A ,
SM25118 ,S ,
SM25119 ,A ,
SM25120 ,A ,
SM25121 ,A ,
SM25122 ,A ,
SM25123 ,A ,
SM25124 ,S ,
SM25125 ,A ,
SM25126 ,S ,
SM25127 ,S ,
SM25128 ,A ,
SM25129 ,S ,
SM25130 ,A ,
SM25131 ,A ,
SM25132 ,S ,
SM25133 ,S ,
SM25134 ,A ,
SM25135 ,A ,
SM25137 ,A ,
SM25138 ,S ,
SM25139 ,S ,
SM25140 ,S ,
SM25141 ,S ,
SM25142 ,A ,
SM25143 ,A ,
SM25144 ,S ,
SM25145 ,A ,
SM25146 ,S ,
SM25147 ,A ,
SM25148 ,A ,
SM25149 ,S ,
SM25150 ,S ,
SM25151 ,A ,
SM25152 ,A ,
SM25153 ,A ,
SM25154 ,S ,
SM25155 ,A ,
SM25156 ,S ,
SM25157 ,S ,
SM25158 ,A ,
SM25160 ,A ,
SM25161 ,S ,
SM25162 ,S ,
SM25163 ,A ,
SM25164 ,S ,
SM25165 ,S ,
SM25166 ,S ,
SM25167 ,A ,
SM25168 ,S ,
SM25169 ,A ,
SM25170 ,S ,
SM25171 ,A ,
SM25172 ,S ,
SM25173 ,A ,
SM25174 ,A ,
SM25175 ,A ,
SM25176 ,S ,
SM25177 ,S ,
SM25178 ,S ,
SM25179 ,A ,
SM25180 ,A ,
SM25181 ,A ,
SM25182 ,A ,
SM25183 ,A ,
SM25184 ,S ,
SM25185 ,S ,
SM25186 ,S ,
SM25187 ,A ,
SM25188 ,S ,
SM25189 ,S ,
SM25190 ,S ,
SM25191 ,A ,
SM25192 ,S ,
SM25193 ,A ,
SM25194 ,A ,
SM25195 ,A ,
SM25196 ,A ,
SM25197 ,S ,
SM25198 ,S ,
SM25199 ,S ,
SM25200 ,S ,
SM25201 ,S ,
SM25202 ,S ,
SM25203 ,S ,
SM25204 ,A ,
SM25205 ,A ,
SM25206 ,A ,
SM25207 ,S ,
SM25208 ,A ,
SM25209 ,S ,
SM25210 ,A ,
SM25211 ,S ,
SM25212 ,S ,
SM25213 ,S ,
SM25214 ,S ,
SM25215 ,A ,
SM25216 ,S ,
SM25217 ,S ,
SM25218 ,A ,
SM25219 ,S ,
SM25220 ,A ,
SM25221 ,S ,
SM25222 ,A ,
SM25223 ,S ,
SM25224 ,S ,
SM25225 ,S ,
SM25226 ,S ,
SM25227 ,A ,
SM25228 ,A ,
SM25229 ,A ,
SM25230 ,A ,
SM25231 ,S ,
SM25232 ,A ,
SM25233 ,S ,
SM25234 ,S ,
SM25235 ,A ,
SM25236 ,S ,
SM25237 ,S ,
SM25238 ,S ,
SM25239 ,A ,
SM25240 ,A ,
SM25241 ,A ,
SM25242 ,S ,
SM25243 ,S ,
SM25244 ,S ,
SM25245 ,S ,
SM25246 ,A ,
SM25247 ,S ,
SM25248 ,A ,
SM25249 ,A ,
SM25250 ,A ,
SM25251 ,S ,
SM25252 ,S ,
SM25253 ,A ,
SM25254 ,S ,
SM25255 ,S ,
SM25256 ,S ,
SM25257 ,S ,
SM25258 ,S ,
SM25259 ,S ,
SM25260 ,S ,
SM25261 ,A ,
SM25262 ,S ,
SM25263 ,A ,
SM25264 ,A ,
SM25265 ,A ,
SM25266 ,S ,
SM25267 ,S ,
SM25268 ,S ,
SM25269 ,A ,
SM25270 ,S ,
SM25271 ,S ,
SM25272 ,S ,
SM25273 ,A ,
SM25274 ,A ,
SM25275 ,S ,
SM25276 ,A ,
SM25277 ,S ,
SM25278 ,S ,
SM25279 ,S ,
SM25280 ,A ,
SM25281 ,S ,
SM25282 ,S ,
SM25283 ,A ,
SM25284 ,S ,
SM25285 ,S ,
SM25286 ,S ,
SM25287 ,A ,
SM25288 ,S ,
SM25289 ,S ,
SM25290 ,A ,
SM25291 ,S ,
SM25292 ,A ,
SM25293 ,S ,
SM25294 ,S ,
SM25295 ,S ,
SM25296 ,A ,
SM25297 ,A ,
SM25298 ,S ,
SM25299 ,S ,
SM25300 ,S ,
SM25301 ,S ,
SM25302 ,A ,
SM25303 ,A ,
SM25304 ,S ,
SM25305 ,S ,
SM25306 ,A ,
SM25307 ,A ,
SM25308 ,S ,
SM25309 ,S ,
SM25310 ,S ,
SM25311 ,S ,
SM25312 ,A ,
SM25313 ,S ,
SM25314 ,S ,
SM25315 ,A ,
SM25316 ,A ,
SM25317 ,A ,
SM25318 ,A ,
SM25319 ,S ,
SM25320 ,A ,
SM25321 ,S ,
SM25322 ,S ,
SM25323 ,A ,
SM25324 ,S ,
SM25325 ,S ,
SM25326 ,S ,
SM25327 ,A ,
SM25328 ,S ,
SM25329 ,S ,
SM25330 ,A ,
SM25331 ,S ,
SM25332 ,S ,
SM25333 ,S ,
SM25334 ,S ,
SM25335 ,S ,
SM25336 ,S ,
SM25337 ,S ,
SM25338 ,S ,
SM25339 ,S ,
SM25340 ,A ,
SM25342 ,S ,
SM25344 ,A ,
SM25345 ,S ,
SM25347 ,S ,
SM25348 ,A ,
SM25349 ,S ,
SM25350 ,A ,
SM25351 ,A ,
SM25352 ,S ,
SM25353 ,S ,
SM25354 ,S ,
SM25355 ,S ,
SM25356 ,S ,
SM25357 ,S ,
SM25358 ,S ,
SM25359 ,A ,
SM25360 ,S ,
SM25361 ,A ,
SM25362 ,S ,
SM25363 ,A ,
SM25364 ,S ,
SM25365 ,S ,
SM25366 ,S ,
SM25367 ,S ,
SM25368 ,A ,
SM25369 ,S ,
SM25370 ,A ,
SM25371 ,A ,
SM25372 ,S ,
SM25373 ,A ,
SM25374 ,A ,
SM25375 ,S ,
SM25376 ,S ,
SM25377 ,S ,
SM25378 ,S ,
SM25379 ,A ,
SM25380 ,S ,
SM25381 ,A ,
SM25382 ,S ,
SM25383 ,S ,
SM25384 ,S ,
SM25385 ,A ,
SM25386 ,S ,
SM25387 ,A ,
SM25388 ,A ,
SM25389 ,S ,
SM25390 ,S ,
SM25391 ,A ,
SM25392 ,A ,
SM25393 ,A ,
SM25394 ,S ,
SM25395 ,S ,
SM25396 ,S ,
SM25397 ,S ,
SM25398 ,S ,
SM25400 ,A ,
SM25401 ,S ,
SM25402 ,S ,
SM25404 ,S ,
SM25405 ,A ,
SM25406 ,A ,
SM25407 ,A ,
SM25408 ,S ,
SM25409 ,S ,
SM25410 ,S ,
SM25411 ,S ,
SM25412 ,S ,
SM25414 ,A ,
SM25415 ,A ,
SM25416 ,S ,
SM25417 ,A ,
SM25418 ,S ,
SM25419 ,S ,
SM25420 ,A ,
SM25421 ,A ,
SM25423 ,S ,
SM25424 ,S ,
SM25425 ,S ,
SM25426 ,S ,
SM25427 ,S ,
SM25428 ,A ,
SM25429 ,A ,
SM25430 ,A ,
SM25431 ,A ,
SM25432 ,S ,
SM25433 ,A ,
SM25434 ,S ,
SM25435 ,S ,
SM25436 ,S ,
SM25437 ,A ,
SM25438 ,S ,
SM25439 ,S ,
SM25440 ,S ,
SM25441 ,S ,
SM25442 ,S ,
SM25443 ,S ,
SM25444 ,A ,
SM25445 ,S ,
SM25446 ,A ,
SM25447 ,S ,
SM25448 ,A ,
SM25449 ,S ,
SM25450 ,S ,
SM25452 ,S ,
SM25453 ,S ,
SM25454 ,S ,
SM25455 ,S ,
SM25456 ,S ,
SM25457 ,S ,
SM25458 ,S ,
SM25459 ,S ,
SM25460 ,A ,
SM25461 ,A ,
SM25462 ,S ,
SM25463 ,S ,
SM25464 ,A ,
SM25465 ,S ,
SM25466 ,S ,
SM25467 ,S ,
SM25468 ,S ,
SM25469 ,A ,
SM25470 ,A ,
SM25471 ,S ,
SM25472 ,S ,
SM25473 ,S ,
SM25474 ,A ,
SM25475 ,S ,
SM25477 ,S ,
SM25478 ,S ,
SM25479 ,S ,
SM25480 ,S ,
SM25481 ,S ,
SM25482 ,S ,
SM25483 ,S ,
SM25484 ,A ,
SM25485 ,S ,
SM25486 ,S ,
SM25487 ,S ,
SM25488 ,S ,
SM25489 ,S ,
SM25490 ,S ,
SM25491 ,A ,
SM25492 ,A ,
SM25493 ,S ,
SM25494 ,S ,
SM25495 ,S ,
SM25496 ,A ,
SM25497 ,S ,
SM25498 ,A ,
SM25499 ,S ,
SM25500 ,S ,
SM25501 ,S ,
SM25502 ,A ,
SM25503 ,S ,
SM25504 ,S ,
SM25505 ,S ,
SM25506 ,A ,
SM25507 ,A ,
SM25508 ,S ,
SM25509 ,S ,
SM25510 ,S ,
SM25511 ,S ,
SM25512 ,S ,
SM25513 ,S ,
SM25514 ,S ,
SM25515 ,S ,
SM25516 ,S ,
SM25517 ,S ,
SM25518 ,S ,
SM25519 ,A ,
SM25520 ,S ,
SM25521 ,A ,
SM25522 ,S ,
SM25523 ,S ,
SM25524 ,A ,
SM25525 ,A ,
SM25526 ,A ,
SM25527 ,S ,
SM25528 ,S ,
SM25529 ,A ,
SM25530 ,A ,
SM25531 ,A ,
SM25532 ,A ,
SM25533 ,A ,
SM25534 ,A ,
SM25535 ,S ,
SM25536 ,S ,
SM25537 ,A ,
SM25538 ,S ,
SM25539 ,S ,
SM25541 ,S ,
SM25542 ,S ,
SM25543 ,S ,
SM25544 ,S ,
SM25546 ,S ,
SM25547 ,A ,
SM25548 ,S ,
SM25549 ,A ,
SM25550 ,S ,
SM25551 ,S ,
SM25552 ,A ,
SM25553 ,S ,
SM25554 ,S ,
SM25555 ,A ,
SM25556 ,A ,
SM25557 ,S ,
SM25558 ,S ,
SM25559 ,S ,
SM25560 ,A ,
SM25561 ,A ,
SM25562 ,S ,
SM25563 ,S ,
SM25564 ,A ,
SM25565 ,A ,
SM25566 ,A ,
SM25567 ,S ,
SM25568 ,A ,
SM25569 ,S ,
SM25570 ,S ,
SM25571 ,S ,
SM25572 ,S ,
SM25573 ,S ,
SM25574 ,S ,
SM25575 ,S ,
SM25576 ,A ,
SM25577 ,S ,
SM25578 ,S ,
SM25579 ,S ,
SM25580 ,S ,
SM25581 ,S ,
SM25582 ,A ,
SM25583 ,A ,
SM25584 ,A ,
SM25585 ,S ,
SM25586 ,S ,
SM25587 ,S ,
SM25588 ,A ,
SM25589 ,A ,
SM25590 ,S ,
SM25591 ,S ,
SM25592 ,S ,
SM25593 ,S ,
SM25594 ,A ,
SM25595 ,A ,
SM25596 ,A ,
SM25597 ,S ,
SM25598 ,A ,
SM25599 ,S ,
SM25600 ,S ,
SM25601 ,A ,
SM25602 ,S ,
SM25603 ,A ,
SM25604 ,A ,
SM25605 ,A ,
SM25606 ,S ,
SM25607 ,S ,
SM25608 ,S ,
SM25609 ,A ,
SM25610 ,S ,
SM25611 ,A ,
SM25612 ,A ,
SM25613 ,S ,
SM25614 ,S ,
SM25615 ,A ,
SM25616 ,A ,
SM25617 ,S ,
SM25619 ,A ,
SM25620 ,S ,
SM25621 ,A ,
SM25622 ,A ,
SM25623 ,S ,
SM25624 ,A ,
SM25625 ,S ,
SM25626 ,S ,
SM25627 ,A ,
SM25628 ,A ,
SM25629 ,S ,
SM25630 ,A ,
SM25631 ,A ,
SM25632 ,S ,
SM25633 ,S ,
SM25634 ,A ,
SM25635 ,A ,
SM25636 ,A ,
SM25637 ,S ,
SM25638 ,A ,
SM25639 ,S ,
SM25640 ,A ,
SM25641 ,A ,
SM25642 ,S ,
SM25643 ,S ,
SM25644 ,A ,
SM25645 ,A ,
SM25646 ,S ,
SM25647 ,A ,
SM25648 ,A ,
SM25649 ,A ,
SM25650 ,S ,
SM25651 ,A ,
SM25652 ,S ,
SM25653 ,A ,
SM25654 ,S ,
SM25655 ,S ,
SM25656 ,A ,
SM25657 ,S ,
SM25658 ,S ,
SM25659 ,S ,
SM25660 ,S ,
SM25661 ,A ,
SM25662 ,S ,
SM25664 ,S ,
SM25665 ,A ,
SM25666 ,A ,
SM25667 ,S ,
SM25668 ,A ,
SM25669 ,A ,
SM25670 ,S ,
SM25671 ,S ,
SM25672 ,A ,
SM25673 ,S ,
SM25674 ,A ,
SM25675 ,S ,
SM25676 ,S ,
SM25677 ,A ,
SM25678 ,A ,
SM25679 ,A ,
SM25680 ,S ,
SM25681 ,A ,
SM25682 ,S ,
SM25683 ,A ,
SM25684 ,S ,
SM25685 ,A ,
SM25686 ,S ,
SM25687 ,S ,
SM25688 ,S ,
SM25689 ,A ,
SM25690 ,A ,
SM25692 ,S ,
SM25693 ,A ,
SM25694 ,A ,
SM25695 ,A ,
SM25696 ,S ,
SM25697 ,S ,
SM25698 ,S ,
SM25699 ,S ,
SM25700 ,A ,
SM25701 ,A ,
SM25702 ,A ,
SM25703 ,S ,
SM25704 ,A ,
SM25705 ,A ,
SM25706 ,S ,
SM25707 ,S ,
SM25709 ,A ,
SM25710 ,S ,
SM25711 ,S ,
SM25712 ,S ,
SM25713 ,S ,
SM25714 ,S ,
SM25715 ,S ,
SM25716 ,A ,
SM25717 ,A ,
SM25718 ,A ,
SM25719 ,S ,
SM25720 ,S ,
SM25721 ,A ,
SM25722 ,S ,
SM25723 ,S ,
SM25724 ,A ,
SM25725 ,S ,
SM25726 ,A ,
SM25727 ,A ,
SM25728 ,A ,
SM25729 ,S ,
SM25730 ,S ,
SM25731 ,S ,
SM25732 ,A ,
SM25733 ,A ,
SM25734 ,S ,
SM25735 ,S ,
SM25736 ,A ,
SM25737 ,A ,
SM25738 ,S ,
SM25739 ,A ,
SM25740 ,A ,
SM25741 ,S ,
SM25742 ,A ,
SM25743 ,A ,
SM25744 ,S ,
SM25745 ,A ,
SM25746 ,S ,
SM25747 ,A ,
SM25748 ,A ,
SM25749 ,S ,
SM25750 ,A ,
SM25751 ,S ,
SM25752 ,A ,
SM25753 ,S ,
SM25754 ,S ,
SM25755 ,A ,
SM25757 ,S ,
SM25758 ,A ,
SM25759 ,S ,
SM25760 ,S ,
SM25761 ,A ,
SM25762 ,A ,
SM25763 ,A ,
SM25764 ,S ,
SM25765 ,S ,
SM25766 ,S ,
SM25767 ,A ,
SM25768 ,S ,
SM25769 ,A ,
SM25770 ,A ,
SM25771 ,S ,
SM25772 ,A ,
SM25773 ,A ,
SM25774 ,S ,
SM25775 ,S ,
SM25776 ,S ,
SM25777 ,S ,
SM25778 ,S ,
SM25779 ,S ,
SM25780 ,S ,
SM25781 ,S ,
SM25782 ,S ,
SM25783 ,S ,
SM25784 ,A ,
SM25785 ,A ,
SM25786 ,S ,
SM25787 ,S ,
SM25788 ,S ,
SM25789 ,S ,
SM25790 ,A ,
SM25791 ,S ,
SM25792 ,S ,
SM25793 ,A ,
SM25794 ,S ,
SM25795 ,A ,
SM25796 ,S ,
SM25797 ,S ,
SM25798 ,S ,
SM25799 ,S ,
SM25800 ,A ,
SM25801 ,A ,
SM25802 ,S ,
SM25803 ,S ,
SM25804 ,S ,
SM25805 ,A ,
SM25806 ,S ,
SM25807 ,S ,
SM25808 ,A ,
SM25809 ,S ,
SM25810 ,S ,
SM25811 ,S ,
SM25812 ,S ,
SM25813 ,S ,
SM25814 ,A ,
SM25815 ,S ,
SM25816 ,A ,
SM25817 ,S ,
SM25818 ,A ,
SM25819 ,A ,
SM25820 ,S ,
SM25821 ,S ,
SM25822 ,A ,
SM25823 ,A ,
SM25824 ,S ,
SM25825 ,A ,
SM25826 ,S ,
SM25827 ,S ,
SM25828 ,S ,
SM25829 ,S ,
SM25830 ,A ,
SM25831 ,A ,
SM25832 ,S ,
SM25833 ,S ,
SM25834 ,A ,
SM25835 ,S ,
SM25836 ,A ,
SM25837 ,A ,
SM25838 ,S ,
SM25839 ,S ,
SM25840 ,S ,
SM25841 ,A ,
SM25842 ,S ,
SM25843 ,S ,
SM25844 ,S ,
SM25845 ,A ,
SM25846 ,A ,
SM25847 ,S ,
SM25848 ,S ,
SM25849 ,A ,
SM25851 ,A ,
SM25852 ,A ,
SM25853 ,A ,
SM25854 ,A ,
SM25855 ,A ,
SM25856 ,S ,
SM25857 ,S ,
SM25858 ,S ,
SM25859 ,A ,
SM25860 ,S ,
SM25861 ,S ,
SM25862 ,S ,
SM25863 ,A ,
SM25864 ,S ,
SM25865 ,A ,
SM25866 ,S ,
SM25867 ,S ,
SM25868 ,S ,
SM25869 ,A ,
SM25870 ,A ,
SM25871 ,S ,
SM25872 ,A ,
SM25873 ,A ,
SM25874 ,A ,
SM25875 ,S ,
SM25876 ,S ,
SM25877 ,S ,
SM25878 ,A ,
SM25879 ,S ,
SM25880 ,A ,
SM25881 ,S ,
SM25882 ,A ,
SM25883 ,A ,
SM25884 ,S ,
SM25885 ,S ,
SM25886 ,A ,
SM25887 ,A ,
SM25888 ,A ,
SM25889 ,S ,
SM25890 ,A ,
SM25891 ,S ,
SM25892 ,A ,
SM25893 ,S ,
SM25894 ,S ,
SM25896 ,S ,
SM25897 ,S ,
SM25898 ,A ,
SM25899 ,A ,
SM25900 ,S ,
SM25901 ,S ,
SM25902 ,S ,
SM25903 ,A ,
SM25904 ,S ,
SM25905 ,S ,
SM25906 ,S ,
SM25907 ,A ,
SM25908 ,S ,
SM25911 ,S ,
SM25912 ,S ,
SM25913 ,S ,
SM25914 ,S ,
SM25915 ,S ,
SM25916 ,S ,
SM25917 ,S ,
SM25919 ,S ,
SM25920 ,A ,
SM25921 ,A ,
SM25922 ,A ,
SM25923 ,A ,
SM25925 ,S ,
SM25926 ,S ,
SM25927 ,A ,
SM25928 ,S ,
SM25929 ,A ,
SM25930 ,S ,
SM25931 ,S ,
SM25932 ,A ,
SM25933 ,S ,
SM25934 ,S ,
SM25935 ,A ,
SM25936 ,S ,
SM25937 ,A ,
SM25938 ,S ,
SM25939 ,A ,
SM25940 ,S ,
SM25941 ,A ,
SM25942 ,S ,
SM25943 ,S ,
SM25944 ,S ,
SM25945 ,S ,
SM25946 ,A ,
SM25947 ,A ,
SM25948 ,S ,
SM25949 ,A ,
SM25950 ,A ,
SM25951 ,S ,
SM25952 ,A ,
SM25953 ,A ,
SM25954 ,S ,
SM25955 ,S ,
SM25956 ,A ,
SM25957 ,S ,
SM25958 ,A ,
SM25959 ,S ,
SM25960 ,S ,
SM25961 ,A ,
SM25962 ,A ,
SM25963 ,S ,
SM25964 ,A ,
SM25965 ,S ,
SM25966 ,S ,
SM25967 ,S ,
SM25968 ,A ,
SM25969 ,A ,
SM25970 ,S ,
SM25971 ,S ,
SM25972 ,S ,
SM25973 ,A ,
SM25974 ,A ,
SM25975 ,A ,
SM25976 ,S ,
SM25977 ,S ,
SM25978 ,S ,
SM25979 ,S ,
SM25980 ,A ,
SM25981 ,S ,
SM25982 ,S ,
SM25983 ,S ,
SM25984 ,S ,
SM25985 ,S ,
SM25986 ,A ,
SM25987 ,S ,
SM25988 ,S ,
SM25989 ,A ,
SM25990 ,S ,
SM25991 ,S ,
SM25992 ,A ,
SM25993 ,A ,
SM25994 ,S ,
SM25996 ,S ,
SM25998 ,S ,
SM25999 ,S ,
SM26000 ,A ,
SM26001 ,A ,
SM26002 ,S ,
SM26003 ,A ,
SM26004 ,S ,
SM26005 ,S ,
SM26007 ,S ,
SM26008 ,S ,
SM26009 ,A ,
SM26010 ,S ,
SM26011 ,S ,
SM26012 ,S ,
SM26013 ,S ,
SM26014 ,S ,
SM26015 ,S ,
SM26016 ,S ,
SM26017 ,A ,
SM26018 ,S ,
SM26019 ,S ,
SM26020 ,A ,
SM26021 ,S ,
SM26022 ,S ,
SM26023 ,S ,
SM26024 ,A ,
SM26025 ,A ,
SM26026 ,S ,
SM26027 ,S ,
SM26028 ,A ,
SM26029 ,S ,
SM26030 ,S ,
SM26031 ,A ,
SM26032 ,S ,
SM26033 ,S ,
SM26034 ,A ,
SM26035 ,A ,
SM26036 ,A ,
SM26037 ,S ,
SM26038 ,S ,
SM26039 ,A ,
SM26040 ,A ,
SM26041 ,S ,
SM26042 ,A ,
SM26043 ,S ,
SM26044 ,S ,
SM26045 ,A ,
SM26046 ,A ,
SM26047 ,S ,
SM26048 ,S ,
SM26049 ,S ,
SM26050 ,S ,
SM26051 ,S ,
SM26052 ,A ,
SM26053 ,S ,
SM26054 ,S ,
SM26055 ,S ,
SM26056 ,S ,
SM26057 ,S ,
SM26059 ,S ,
SM26060 ,S ,
SM26061 ,S ,
SM26062 ,S ,
SM26063 ,S ,
SM26064 ,S ,
SM26065 ,A ,
SM26066 ,A ,
SM26067 ,A ,
SM26068 ,S ,
SM26069 ,A ,
SM26070 ,S ,
SM26071 ,A ,
SM26072 ,A ,
SM26073 ,A ,
SM26074 ,S ,
SM26075 ,A ,
SM26076 ,S ,
SM26077 ,S ,
SM26078 ,S ,
SM26079 ,S ,
SM26080 ,S ,
SM26081 ,A ,
SM26082 ,S ,
SM26083 ,A ,
SM26084 ,A ,
SM26085 ,S ,
SM26086 ,A ,
SM26087 ,A ,
SM26088 ,S ,
SM26089 ,S ,
SM26090 ,S ,
SM26091 ,S ,
SM26092 ,S ,
SM26093 ,S ,
SM26094 ,A ,
SM26095 ,S ,
SM26096 ,S ,
SM26097 ,A ,
SM26098 ,A ,
SM26099 ,A ,
SM26100 ,S ,
SM26101 ,A ,
SM26102 ,S ,
SM26103 ,S ,
SM26104 ,A ,
SM26105 ,S ,
SM26106 ,S ,
SM26107 ,A ,
SM26108 ,S ,
SM26109 ,A ,
SM26110 ,S ,
SM26111 ,S ,
SM26112 ,A ,
SM26113 ,A ,
SM26114 ,A ,
SM26115 ,S ,
SM26116 ,A ,
SM26117 ,S ,
SM26118 ,A ,
SM26119 ,S ,
SM26120 ,S ,
SM26121 ,A ,
SM26122 ,S ,
SM26123 ,A ,
SM26124 ,S ,
SM26125 ,S ,
SM26126 ,S ,
SM26127 ,A ,
SM26128 ,S ,
SM26129 ,A ,
SM26130 ,A ,
SM26131 ,A ,
SM26132 ,S ,
SM26133 ,S ,
SM26134 ,S ,
SM26135 ,A ,
SM26136 ,S ,
SM26137 ,S ,
SM26138 ,A ,
SM26139 ,S ,
SM26140 ,A ,
SM26141 ,A ,
SM26142 ,S ,
SM26143 ,A ,
SM26144 ,S ,
SM26145 ,S ,
SM26146 ,A ,
SM26147 ,S ,
SM26148 ,S ,
SM26149 ,A ,
SM26150 ,A ,
SM26151 ,S ,
SM26152 ,S ,
SM26153 ,S ,
SM26154 ,A ,
SM26155 ,S ,
SM26156 ,S ,
SM26158 ,A ,
SM26159 ,S ,
SM26160 ,S ,
SM26161 ,S ,
SM26162 ,S ,
SM26163 ,A ,
SM26164 ,S ,
SM26165 ,A ,
SM26166 ,S ,
SM26167 ,A ,
SM26168 ,A ,
SM26169 ,S ,
SM26170 ,S ,
SM26171 ,S ,
SM26172 ,A ,
SM26173 ,A ,
SM26174 ,S ,
SM26175 ,A ,
SM26176 ,S ,
SM26177 ,S ,
SM26178 ,A ,
SM26179 ,S ,
SM26180 ,S ,
SM26181 ,A ,
SM26182 ,S ,
SM26183 ,A ,
SM26184 ,A ,
SM26185 ,S ,
SM26186 ,A ,
SM26187 ,A ,
SM26188 ,S ,
SM26189 ,A ,
SM26190 ,A ,
SM26191 ,A ,
SM26192 ,A ,
SM26193 ,S ,
SM26194 ,S ,
SM26195 ,S ,
SM26196 ,S ,
SM26197 ,S ,
SM26198 ,S ,
SM26199 ,S ,
SM26200 ,A ,
SM26201 ,A ,
SM26202 ,S ,
SM26203 ,S ,
SM26204 ,A ,
SM26205 ,S ,
SM26206 ,A ,
SM26207 ,A ,
SM26208 ,S ,
SM26209 ,S ,
SM26210 ,A ,
SM26211 ,S ,
SM26212 ,S ,
SM26213 ,A ,
SM26214 ,A ,
SM26215 ,S ,
SM26216 ,S ,
SM26217 ,S ,
SM26218 ,A ,
SM26219 ,S ,
SM26220 ,A ,
SM26221 ,S ,
SM26222 ,A ,
SM26223 ,S ,
SM26224 ,S ,
SM26225 ,A ,
SM26226 ,S ,
SM26227 ,S ,
SM26228 ,S ,
SM26229 ,S ,
SM26230 ,A ,
SM26231 ,S ,
SM26232 ,S ,
SM26233 ,A ,
SM26234 ,S ,
SM26235 ,S ,
SM26236 ,A ,
SM26237 ,A ,
SM26238 ,A ,
SM26239 ,S ,
SM26240 ,S ,
SM26241 ,A ,
SM26242 ,A ,
SM26243 ,A ,
SM26244 ,A ,
SM26246 ,A ,
SM26247 ,A ,
SM26248 ,S ,
SM26249 ,A ,
SM26250 ,S ,
SM26251 ,A ,
SM26252 ,S ,
SM26253 ,S ,
SM26254 ,S ,
SM26255 ,A ,
SM26256 ,S ,
SM26257 ,S ,
SM26258 ,S ,
SM26259 ,S ,
SM26260 ,A ,
SM26261 ,S ,
SM26262 ,S ,
SM26263 ,A ,
SM26264 ,A ,
SM26265 ,S ,
SM26266 ,S ,
SM26267 ,S ,
SM26268 ,A ,
SM26269 ,A ,
SM26270 ,S ,
SM26271 ,S ,
SM26272 ,S ,
SM26273 ,A ,
SM26274 ,S ,
SM26275 ,S ,
SM26276 ,S ,
SM26277 ,S ,
SM26278 ,A ,
SM26279 ,S ,
SM26280 ,S ,
SM26281 ,A ,
SM26282 ,S ,
SM26283 ,S ,
SM26284 ,S ,
SM26285 ,S ,
SM26286 ,S ,
SM26287 ,A ,
SM26288 ,S ,
SM26289 ,S ,
SM26290 ,S ,
SM26291 ,S ,
SM26292 ,S ,
SM26293 ,S ,
SM26294 ,S ,
SM26295 ,A ,
SM26296 ,A ,
SM26297 ,A ,
SM26298 ,S ,
SM26299 ,S ,
SM26300 ,S ,
SM26301 ,A ,
SM26302 ,S ,
SM26303 ,A ,
SM26304 ,A ,
SM26305 ,S ,
SM26306 ,A ,
SM26307 ,S ,
SM26308 ,A ,
SM26309 ,S ,
SM26310 ,S ,
SM26311 ,A ,
SM26312 ,S ,
SM26313 ,S ,
SM26314 ,A ,
SM26315 ,A ,
SM26316 ,S ,
SM26317 ,A ,
SM26318 ,S ,
SM26319 ,A ,
SM26320 ,S ,
SM26321 ,A ,
SM26322 ,S ,
SM26323 ,S ,
SM26324 ,S ,
SM26325 ,S ,
SM26326 ,S ,
SM26327 ,A ,
SM26328 ,S ,
SM26329 ,A ,
SM26330 ,A ,
SM26331 ,A ,
SM26332 ,A ,
SM26333 ,S ,
SM26334 ,S ,
SM26335 ,S ,
SM26336 ,A ,
SM26337 ,S ,
SM26338 ,S ,
SM26339 ,S ,
SM26340 ,S ,
SM26341 ,A ,
SM26342 ,S ,
SM26343 ,S ,
SM26344 ,S ,
SM26345 ,S ,
SM26346 ,S ,
SM26347 ,S ,
SM26348 ,S ,
SM26349 ,S ,
SM26350 ,S ,
SM26351 ,A ,
SM26352 ,A ,
SM26353 ,S ,
SM26354 ,S ,
SM26355 ,A ,
SM26356 ,A ,
SM26357 ,S ,
SM26358 ,A ,
SM26359 ,S ,
SM26360 ,S ,
SM26361 ,S ,
SM26362 ,S ,
SM26363 ,S ,
SM26364 ,S ,
SM26365 ,S ,
SM26366 ,A ,
SM26367 ,A ,
SM26368 ,S ,
SM26370 ,A ,
SM26371 ,S ,
SM26372 ,S ,
SM26373 ,A ,
SM26374 ,A ,
SM26375 ,S ,
SM26376 ,A ,
SM26377 ,S ,
SM26378 ,S ,
SM26379 ,S ,
SM26380 ,S ,
SM26381 ,A ,
SM26382 ,A ,
SM26383 ,A ,
SM26384 ,S ,
SM26385 ,A ,
SM26386 ,S ,
SM26387 ,A ,
SM26388 ,S ,
SM26389 ,S ,
SM26390 ,A ,
SM26391 ,S ,
SM26393 ,A ,
SM26394 ,S ,
SM26395 ,A ,
SM26396 ,S ,
SM26397 ,S ,
SM26398 ,A ,
SM26399 ,A ,
SM26400 ,A ,
SM26401 ,A ,
SM26402 ,S ,
SM26403 ,A ,
SM26404 ,A ,
SM26405 ,A ,
SM26406 ,S ,
SM26407 ,A ,
SM26408 ,S ,
SM26409 ,A ,
SM26410 ,A ,
SM26411 ,A ,
SM26412 ,S ,
SM26413 ,A ,
SM26414 ,A ,
SM26415 ,A ,
SM26417 ,A ,
SM26418 ,S ,
SM26420 ,S ,
SM26421 ,S ,
SM26422 ,A ,
SM26423 ,S ,
SM26424 ,S ,
SM26425 ,S ,
SM26426 ,A ,
SM26427 ,A ,
SM26428 ,S ,
SM26429 ,S ,
SM26430 ,S ,
SM26431 ,S ,
SM26432 ,S ,
SM26433 ,S ,
SM26434 ,A ,
SM26435 ,A ,
SM26436 ,S ,
SM26437 ,A ,
SM26438 ,S ,
SM26440 ,A ,
SM26441 ,S ,
SM26442 ,A ,
SM26443 ,A ,
SM26444 ,S ,
SM26445 ,S ,
SM26446 ,A ,
SM26447 ,S ,
SM26448 ,S ,
SM26449 ,S ,
SM26450 ,A ,
SM26451 ,A ,
SM26452 ,S ,
SM26453 ,S ,
SM26454 ,A ,
SM26455 ,S ,
SM26456 ,A ,
SM26457 ,A ,
SM26458 ,A ,
SM26459 ,S ,
SM26460 ,S ,
SM26461 ,A ,
SM26462 ,S ,
SM26463 ,S ,
SM26464 ,A ,
SM26465 ,S ,
SM26466 ,S ,
SM26467 ,S ,
SM26469 ,S ,
SM26470 ,A ,
SM26471 ,S ,
SM26472 ,A ,
SM26473 ,A ,
SM26474 ,A ,
SM26475 ,A ,
SM26476 ,A ,
SM26477 ,A ,
SM26478 ,S ,
SM26479 ,S ,
SM26480 ,A ,
SM26481 ,S ,
SM26482 ,A ,
SM26483 ,S ,
SM26484 ,A ,
SM26485 ,A ,
SM26486 ,A ,
SM26487 ,A ,
SM26488 ,A ,
SM26489 ,S ,
SM26490 ,S ,
SM26491 ,S ,
SM26492 ,S ,
SM26493 ,S ,
SM26494 ,S ,
SM26495 ,S ,
SM26496 ,A ,
SM26497 ,A ,
SM26498 ,A ,
SM26499 ,A ,
SM26500 ,A ,
SM26501 ,A ,
SM26502 ,S ,
SM26503 ,A ,
SM26504 ,S ,
SM26505 ,A ,
SM26506 ,S ,
SM26507 ,S ,
SM26508 ,S ,
SM26509 ,A ,
SM26510 ,A ,
SM26511 ,A ,
SM26512 ,S ,
SM26513 ,A ,
SM26514 ,S ,
SM26515 ,A ,
SM26516 ,A ,
SM26517 ,S ,
SM26518 ,S ,
SM26519 ,S ,
SM26520 ,A ,
SM26521 ,A ,
SM26522 ,S ,
SM26523 ,S ,
SM26524 ,S ,
SM26525 ,A ,
SM26526 ,A ,
SM26527 ,S ,
SM26528 ,A ,
SM26529 ,S ,
SM26530 ,A ,
SM26531 ,S ,
SM26532 ,S ,
SM26533 ,S ,
SM26534 ,A ,
SM26535 ,S ,
SM26536 ,A ,
SM26537 ,S ,
SM26538 ,A ,
SM26539 ,A ,
SM26540 ,A ,
SM26541 ,S ,
SM26542 ,A ,
SM26543 ,S ,
SM26544 ,S ,
SM26545 ,A ,
SM26546 ,S ,
SM26547 ,A ,
SM26548 ,A ,
SM26549 ,A ,
SM26550 ,A ,
SM26551 ,A ,
SM26552 ,S ,
SM26553 ,S ,
SM26554 ,A ,
SM26555 ,A ,
SM26556 ,S ,
SM26557 ,A ,
SM26558 ,S ,
SM26559 ,S ,
SM26560 ,A ,
SM26561 ,A ,
SM26562 ,A ,
SM26563 ,A ,
SM26564 ,S ,
SM26565 ,S ,
SM26566 ,S ,
SM26567 ,A ,
SM26568 ,S ,
SM26569 ,A ,
SM26570 ,A ,
SM26571 ,A ,
SM26572 ,S ,
SM26573 ,S ,
SM26574 ,A ,
SM26575 ,A ,
SM26576 ,A ,
SM26578 ,S ,
SM26579 ,S ,
SM26580 ,S ,
SM26581 ,A ,
SM26582 ,A ,
SM26583 ,S ,
SM26584 ,S ,
SM26585 ,A ,
SM26586 ,A ,
SM26587 ,A ,
SM26588 ,S ,
SM26589 ,A ,
SM26590 ,A ,
SM26591 ,A ,
SM26592 ,S ,
SM26593 ,A ,
SM26594 ,S ,
SM26596 ,A ,
SM26597 ,A ,
SM26598 ,A ,
SM26599 ,A ,
SM26600 ,S ,
SM26601 ,A ,
SM26602 ,A ,
SM26603 ,S ,
SM26604 ,A ,
SM26605 ,S ,
SM26606 ,S ,
SM26608 ,A ,
SM26609 ,A ,
SM26610 ,S ,
SM26611 ,S ,
SM26612 ,S ,
SM26614 ,A ,
SM26615 ,A ,
SM26616 ,A ,
SM26617 ,A ,
SM26618 ,S ,
SM26619 ,A ,
SM26620 ,S ,
SM26621 ,S ,
SM26622 ,A ,
SM26623 ,A ,
SM26624 ,A ,
SM26625 ,S ,
SM26626 ,A ,
SM26627 ,S ,
SM26628 ,A ,
SM26629 ,A ,
SM26630 ,A ,
SM26631 ,A ,
SM26632 ,S ,
SM26633 ,A ,
SM26634 ,A ,
SM26635 ,S ,
SM26636 ,A ,
SM26637 ,S ,
SM26640 ,A ,
SM26642 ,A ,
SM26643 ,S ,
SM26644 ,A ,
SM26645 ,S ,
SM26646 ,A ,
SM26647 ,A ,
SM26649 ,S ,
SM26650 ,S ,
SM26651 ,A ,
SM26652 ,S ,
SM26653 ,A ,
SM26654 ,A ,
SM26655 ,S ,
SM26656 ,S ,
SM26657 ,S ,
SM26658 ,S ,
SM26659 ,A ,
SM26660 ,S ,
SM26661 ,A ,
SM26662 ,S ,
SM26663 ,S ,
SM26664 ,S ,
SM26665 ,A ,
SM26666 ,S ,
SM26667 ,S ,
SM26668 ,A ,
SM26669 ,A ,
SM26670 ,A ,
SM26671 ,A ,
SM26672 ,S ,
SM26673 ,S ,
SM26674 ,S ,
SM26675 ,S ,
SM26676 ,A ,
SM26677 ,A ,
SM26679 ,S ,
SM26680 ,S ,
SM26681 ,A ,
SM26682 ,A ,
SM26683 ,S ,
SM26684 ,S ,
SM26685 ,S ,
SM26686 ,S ,
SM26687 ,A ,
SM26688 ,A ,
SM26691 ,S ,
SM26692 ,A ,
SM26693 ,A ,
SM26694 ,S ,
SM26695 ,S ,
SM26696 ,S ,
SM26697 ,A ,
SM26698 ,S ,
SM26700 ,A ,
SM26701 ,A ,
SM26702 ,S ,
SM26703 ,S ,
SM26704 ,A ,
SM26705 ,A ,
SM26706 ,A ,
SM26707 ,S ,
SM26708 ,S ,
SM26709 ,A ,
SM26710 ,A ,
SM26711 ,A ,
SM26712 ,S ,
SM26713 ,S ,
SM26714 ,A ,
SM26715 ,A ,
SM26716 ,S ,
SM26717 ,A ,
SM26718 ,A ,
SM26719 ,S ,
SM26720 ,A ,
SM26722 ,S ,
SM26723 ,S ,
SM26724 ,S ,
SM26725 ,S ,
SM26726 ,A ,
SM26727 ,A ,
SM26728 ,S ,
SM26729 ,A ,
SM26730 ,A ,
SM26731 ,A ,
SM26732 ,A ,
SM26733 ,A ,
SM26734 ,A ,
SM26735 ,A ,
SM26736 ,S ,
SM26737 ,S ,
SM26738 ,A ,
SM26740 ,S ,
SM26741 ,S ,
SM26742 ,A ,
SM26743 ,S ,
SM26744 ,A ,
SM26745 ,S ,
SM26748 ,S ,
SM26749 ,S ,
SM26750 ,A ,
SM26751 ,S ,
SM26752 ,S ,
SM26753 ,A ,
SM26754 ,A ,
SM26755 ,S ,
SM26756 ,S ,
SM26757 ,A ,
SM26759 ,S ,
SM26760 ,S ,
SM26761 ,S ,
SM26762 ,A ,
SM26763 ,S ,
SM26764 ,S ,
SM26766 ,A ,
SM26768 ,S ,
SM26769 ,S ,
SM26770 ,A ,
SM26771 ,S ,
SM26772 ,S ,
SM26773 ,A ,
SM26774 ,S ,
SM26775 ,A ,
SM26776 ,S ,
SM26777 ,A ,
SM26778 ,A ,
SM26779 ,A ,
SM26780 ,S ,
SM26782 ,S ,
SM26783 ,A ,
SM26784 ,S ,
SM26785 ,S ,
SM26786 ,A ,
SM26787 ,S ,
SM26788 ,S ,
SM26789 ,S ,
SM26790 ,S ,
SM26791 ,S ,
SM26792 ,S ,
SM26793 ,S ,
SM26794 ,S ,
SM26795 ,S ,
SM26796 ,A ,
SM26797 ,S ,
SM26798 ,S ,
SM26799 ,S ,
SM26800 ,S ,
SM26801 ,S ,
SM26802 ,A ,
SM26803 ,S ,
SM26805 ,S ,
SM26806 ,A ,
SM26807 ,S ,
SM26808 ,S ,
SM26809 ,S ,
SM26810 ,S ,
SM26811 ,S ,
SM26812 ,A ,
SM26813 ,A ,
SM26814 ,A ,
SM26815 ,A ,
SM26816 ,A ,
SM26817 ,S ,
SM26818 ,S ,
SM26819 ,S ,
SM26820 ,A ,
SM26821 ,A ,
SM26822 ,S ,
SM26823 ,S ,
SM26824 ,A ,
SM26825 ,A ,
SM26826 ,S ,
SM26827 ,A ,
SM26828 ,A ,
SM26829 ,A ,
SM26830 ,S ,
SM26831 ,S ,
SM26832 ,A ,
SM26833 ,A ,
SM26834 ,S ,
SM26835 ,A ,
SM26836 ,S ,
SM26837 ,S ,
SM26838 ,S ,
SM26839 ,S ,
SM26840 ,A ,
SM26841 ,S ,
SM26842 ,A ,
SM26843 ,A ,
SM26844 ,A ,
SM26845 ,A ,
SM26846 ,A ,
SM26847 ,S ,
SM26848 ,S ,
SM26849 ,A ,
SM26850 ,S ,
SM26851 ,S ,
SM26852 ,S ,
SM26853 ,S ,
SM26854 ,S ,
SM26855 ,S ,
SM26856 ,S ,
SM26858 ,A ,
SM26859 ,S ,
SM26860 ,A ,
SM26861 ,A ,
SM26862 ,A ,
SM26863 ,S ,
SM26864 ,A ,
SM26865 ,S ,
SM26866 ,A ,
SM26867 ,S ,
SM26868 ,S ,
SM26869 ,A ,
SM26870 ,S ,
SM26871 ,A ,
SM26872 ,A ,
SM26873 ,S ,
SM26874 ,A ,
SM26875 ,S ,
SM26876 ,S ,
SM26877 ,S ,
SM26878 ,S ,
SM26879 ,A ,
SM26880 ,S ,
SM26881 ,A ,
SM26882 ,S ,
SM26883 ,S ,
SM26884 ,A ,
SM26885 ,S ,
SM26887 ,S ,
SM26888 ,A ,
SM26889 ,S ,
SM26890 ,S ,
SM26891 ,A ,
SM26892 ,S ,
SM26893 ,S ,
SM26894 ,S ,
SM26895 ,A ,
SM26896 ,S ,
SM26897 ,S ,
SM26898 ,A ,
SM26899 ,S ,
SM26901 ,S ,
SM26902 ,A ,
SM26903 ,S ,
SM26904 ,S ,
SM26905 ,S ,
SM26906 ,A ,
SM26907 ,S ,
SM26908 ,A ,
SM26909 ,S ,
SM26910 ,A ,
SM26911 ,A ,
SM26912 ,S ,
SM26913 ,S ,
SM26914 ,S ,
SM26915 ,S ,
SM26916 ,A ,
SM26918 ,S ,
SM26919 ,A ,
SM26920 ,S ,
SM26921 ,S ,
SM26922 ,S ,
SM26923 ,S ,
SM26924 ,S ,
SM26925 ,A ,
SM26926 ,A ,
SM26927 ,S ,
SM26928 ,A ,
SM26929 ,S ,
SM26930 ,A ,
SM26931 ,S ,
SM26932 ,S ,
SM26933 ,A ,
SM26934 ,S ,
SM26935 ,A ,
SM26936 ,S ,
SM26937 ,A ,
SM26939 ,S ,
SM26940 ,S ,
SM26941 ,A ,
SM26943 ,S ,
SM26944 ,S ,
SM26945 ,A ,
SM26946 ,A ,
SM26947 ,A ,
SM26948 ,S ,
SM26949 ,A ,
SM26950 ,S ,
SM26951 ,S ,
SM26952 ,S ,
SM26953 ,S ,
SM26954 ,S ,
SM26955 ,A ,
SM26957 ,S ,
SM26958 ,A ,
SM26959 ,A ,
SM26960 ,A ,
SM26961 ,A ,
SM26962 ,A ,
SM26963 ,S ,
SM26964 ,S ,
SM26965 ,A ,
SM26966 ,S ,
SM26967 ,S ,
SM26968 ,A ,
SM26969 ,A ,
SM26970 ,A ,
SM26971 ,S ,
SM26972 ,S ,
SM26973 ,A ,
SM26974 ,S ,
SM26975 ,S ,
SM26976 ,S ,
SM26977 ,S ,
SM26978 ,S ,
SM26979 ,A ,
SM26980 ,S ,
SM26981 ,S ,
SM26982 ,A ,
SM26983 ,A ,
SM26984 ,S ,
SM26985 ,S ,
SM26986 ,S ,
SM26987 ,A ,
SM26988 ,S ,
SM26989 ,S ,
SM26990 ,A ,
SM26991 ,S ,
SM26994 ,S ,
SM26995 ,S ,
SM26996 ,A ,
SM26997 ,A ,
SM26998 ,S ,
SM26999 ,S ,
SM27000 ,S ,
SM27001 ,S ,
SM27002 ,A ,
SM27003 ,S ,
SM27004 ,S ,
SM27005 ,A ,
SM27006 ,S ,
SM27007 ,S ,
SM27008 ,A ,
SM27009 ,S ,
SM27010 ,S ,
SM27011 ,A ,
SM27012 ,S ,
SM27013 ,S ,
SM27014 ,A ,
SM27015 ,A ,
SM27016 ,S ,
SM27017 ,S ,
SM27018 ,S ,
SM27019 ,A ,
SM27020 ,S ,
SM27021 ,S ,
SM27022 ,S ,
SM27024 ,S ,
SM27025 ,A ,
SM27026 ,A ,
SM27027 ,S ,
SM27028 ,S ,
SM27029 ,A ,
SM27030 ,A ,
SM27031 ,A ,
SM27032 ,S ,
SM27033 ,A ,
SM27034 ,A ,
SM27035 ,S ,
SM27036 ,A ,
SM27037 ,S ,
SM27038 ,S ,
SM27039 ,S ,
SM27040 ,A ,
SM27041 ,S ,
SM27042 ,S ,
SM27043 ,S ,
SM27045 ,S ,
SM27046 ,A ,
SM27047 ,S ,
SM27048 ,S ,
SM27049 ,S ,
SM27050 ,S ,
SM27051 ,A ,
SM27052 ,S ,
SM27053 ,A ,
SM27054 ,A ,
SM27055 ,A ,
SM27056 ,S ,
SM27057 ,S ,
SM27059 ,S ,
SM27060 ,A ,
SM27061 ,S ,
SM27062 ,S ,
SM27063 ,A ,
SM27064 ,A ,
SM27065 ,A ,
SM27066 ,S ,
SM27067 ,S ,
SM27068 ,S ,
SM27069 ,S ,
SM27070 ,S ,
SM27071 ,S ,
SM27072 ,S ,
SM27074 ,A ,
SM27075 ,S ,
SM27076 ,S ,
SM27077 ,S ,
SM27078 ,A ,
SM27079 ,S ,
SM27081 ,S ,
SM27082 ,A ,
SM27083 ,A ,
SM27084 ,S ,
SM27085 ,A ,
SM27086 ,A ,
SM27087 ,S ,
SM27088 ,A ,
SM27089 ,A ,
SM27090 ,S ,
SM27091 ,S ,
SM27093 ,S ,
SM27094 ,S ,
SM27095 ,A ,
SM27096 ,S ,
SM27097 ,S ,
SM27098 ,A ,
SM27099 ,A ,
SM27100 ,A ,
SM27101 ,A ,
SM27102 ,A ,
SM27103 ,A ,
SM27104 ,S ,
SM27105 ,S ,
SM27106 ,A ,
SM27107 ,S ,
SM27108 ,S ,
SM27109 ,A ,
SM27110 ,S ,
SM27111 ,A ,
SM27112 ,S ,
SM27113 ,A ,
SM27114 ,S ,
SM27115 ,S ,
SM27116 ,S ,
SM27117 ,A ,
SM27118 ,S ,
SM27119 ,S ,
SM27120 ,A ,
SM27121 ,A ,
SM27122 ,A ,
SM27123 ,S ,
SM27124 ,A ,
SM27125 ,A ,
SM27126 ,S ,
SM27127 ,A ,
SM27128 ,S ,
SM27129 ,A ,
SM27130 ,S ,
SM27131 ,A ,
SM27132 ,A ,
SM27133 ,A ,
SM27134 ,A ,
SM27135 ,S ,
SM27136 ,A ,
SM27138 ,A ,
SM27139 ,S ,
SM27140 ,A ,
SM27141 ,S ,
SM27142 ,S ,
SM27143 ,S ,
SM27144 ,S ,
SM27146 ,S ,
SM27147 ,A ,
SM27148 ,S ,
SM27149 ,A ,
SM27150 ,S ,
SM27151 ,A ,
SM27152 ,A ,
SM27153 ,S ,
SM27154 ,S ,
SM27155 ,A ,
SM27156 ,S ,
SM27157 ,A ,
SM27158 ,A ,
SM27159 ,S ,
SM27160 ,S ,
SM27161 ,S ,
SM27162 ,S ,
SM27163 ,S ,
SM27164 ,S ,
SM27165 ,S ,
SM27166 ,A ,
SM27167 ,S ,
SM27168 ,A ,
SM27169 ,S ,
SM27170 ,S ,
SM27171 ,A ,
SM27172 ,A ,
SM27173 ,S ,
SM27174 ,S ,
SM27175 ,A ,
SM27176 ,A ,
SM27177 ,S ,
SM27178 ,S ,
SM27179 ,A ,
SM27180 ,S ,
SM27181 ,S ,
SM27182 ,A ,
SM27183 ,A ,
SM27184 ,S ,
SM27185 ,S ,
SM27186 ,A ,
SM27187 ,A ,
SM27188 ,S ,
SM27189 ,S ,
SM27190 ,A ,
SM27192 ,A ,
SM27193 ,S ,
SM27194 ,A ,
SM27195 ,A ,
SM27196 ,S ,
SM27197 ,A ,
SM27198 ,S ,
SM27199 ,S ,
SM27200 ,A ,
SM27201 ,A ,
SM27202 ,A ,
SM27203 ,A ,
SM27204 ,A ,
SM27205 ,S ,
SM27206 ,S ,
SM27207 ,A ,
SM27208 ,S ,
SM27209 ,A ,
SM27210 ,S ,
SM27211 ,A ,
SM27212 ,A ,
SM27213 ,S ,
SM27214 ,S ,
SM27215 ,A ,
SM27216 ,A ,
SM27217 ,A ,
SM27218 ,S ,
SM27219 ,A ,
SM27220 ,S ,
SM27221 ,A ,
SM27222 ,A ,
SM27223 ,S ,
SM27224 ,S ,
SM27225 ,A ,
SM27226 ,A ,
SM27227 ,S ,
SM27228 ,S ,
SM27229 ,A ,
SM27230 ,A ,
SM27231 ,S ,
SM27232 ,S ,
SM27233 ,A ,
SM27234 ,S ,
SM27235 ,A ,
SM27236 ,A ,
SM27237 ,A ,
SM27238 ,A ,
SM27239 ,A ,
SM27240 ,S ,
SM27241 ,S ,
SM27242 ,A ,
SM27243 ,A ,
SM27244 ,S ,
SM27245 ,A ,
SM27246 ,A ,
SM27247 ,S ,
SM27248 ,A ,
SM27249 ,S ,
SM27250 ,S ,
SM27251 ,A ,
SM27252 ,S ,
SM27253 ,A ,
SM27254 ,A ,
SM27255 ,A ,
SM27256 ,S ,
SM27257 ,S ,
SM27258 ,A ,
SM27259 ,A ,
SM27260 ,A ,
SM27261 ,S ,
SM27262 ,A ,
SM27263 ,A ,
SM27264 ,S ,
SM27265 ,A ,
SM27266 ,S ,
SM27267 ,S ,
SM27268 ,A ,
SM27269 ,S ,
SM27270 ,A ,
SM27271 ,S ,
SM27272 ,S ,
SM27273 ,A ,
SM27274 ,S ,
SM27275 ,S ,
SM27276 ,S ,
SM27277 ,A ,
SM27278 ,S ,
SM27279 ,A ,
SM27280 ,S ,
SM27281 ,A ,
SM27282 ,A ,
SM27283 ,S ,
SM27284 ,A ,
SM27285 ,A ,
SM27286 ,A ,
SM27287 ,A ,
SM27288 ,S ,
SM27289 ,A ,
SM27290 ,S ,
SM27291 ,S ,
SM27292 ,S ,
SM27293 ,S ,
SM27294 ,S ,
SM27295 ,A ,
SM27296 ,A ,
SM27297 ,A ,
SM27298 ,A ,
SM27299 ,A ,
SM27300 ,S ,
SM27301 ,A ,
SM27302 ,A ,
SM27303 ,S ,
SM27304 ,S ,
SM27305 ,A ,
SM27306 ,A ,
SM27307 ,A ,
SM27308 ,S ,
SM27309 ,A ,
SM27310 ,A ,
SM27311 ,S ,
SM27312 ,A ,
SM27313 ,A ,
SM27314 ,S ,
SM27315 ,S ,
SM27316 ,A ,
SM27317 ,S ,
SM27318 ,A ,
SM27319 ,S ,
SM27321 ,A ,
SM27322 ,S ,
SM27323 ,S ,
SM27324 ,S ,
SM27325 ,A ,
SM27326 ,S ,
SM27327 ,A ,
SM27328 ,S ,
SM27329 ,S ,
SM27330 ,S ,
SM27331 ,S ,
SM27332 ,A ,
SM27333 ,S ,
SM27334 ,S ,
SM27335 ,S ,
SM27336 ,S ,
SM27337 ,S ,
SM27338 ,A ,
SM27339 ,A ,
SM27340 ,A ,
SM27341 ,A ,
SM27342 ,A ,
SM27343 ,S ,
SM27344 ,S ,
SM27345 ,A ,
SM27346 ,S ,
SM27347 ,A ,
SM27348 ,A ,
SM27349 ,A ,
SM27350 ,S ,
SM27351 ,A ,
SM27352 ,S ,
SM27353 ,A ,
SM27354 ,S ,
SM27355 ,A ,
SM27356 ,S ,
SM27357 ,S ,
SM27358 ,A ,
SM27359 ,S ,
SM27360 ,A ,
SM27361 ,A ,
SM27362 ,A ,
SM27363 ,A ,
SM27364 ,A ,
SM27365 ,S ,
SM27366 ,A ,
SM27367 ,S ,
SM27368 ,S ,
SM27369 ,S ,
SM27370 ,S ,
SM27371 ,A ,
SM27372 ,S ,
SM27373 ,A ,
SM27374 ,A ,
SM27375 ,S ,
SM27376 ,A ,
SM27377 ,A ,
SM27378 ,A ,
SM27379 ,S ,
SM27380 ,S ,
SM27381 ,A ,
SM27382 ,S ,
SM27383 ,S ,
SM27384 ,S ,
SM27385 ,S ,
SM27386 ,A ,
SM27387 ,S ,
SM27388 ,S ,
SM27390 ,S ,
SM27391 ,A ,
SM27392 ,A ,
SM27393 ,A ,
SM27394 ,S ,
SM27395 ,A ,
SM27396 ,S ,
SM27397 ,S ,
SM27398 ,A ,
SM27399 ,S ,
SM27400 ,A ,
SM27401 ,S ,
SM27402 ,S ,
SM27403 ,A ,
SM27405 ,A ,
SM27406 ,A ,
SM27407 ,A ,
SM27408 ,S ,
SM27409 ,A ,
SM27410 ,A ,
SM27411 ,S ,
SM27412 ,A ,
SM27413 ,S ,
SM27414 ,A ,
SM27415 ,S ,
SM27416 ,A ,
SM27417 ,S ,
SM27418 ,A ,
SM27419 ,A ,
SM27420 ,S ,
SM27421 ,A ,
SM27422 ,A ,
SM27423 ,S ,
SM27424 ,S ,
SM27425 ,S ,
SM27426 ,S ,
SM27427 ,A ,
SM27428 ,A ,
SM27429 ,S ,
SM27431 ,S ,
SM27432 ,A ,
SM27433 ,S ,
SM27434 ,A ,
SM27435 ,A ,
SM27436 ,A ,
SM27437 ,S ,
SM27438 ,S ,
SM27439 ,A ,
SM27440 ,S ,
SM27441 ,A ,
SM27442 ,A ,
SM27443 ,A ,
SM27444 ,S ,
SM27445 ,A ,
SM27446 ,S ,
SM27447 ,A ,
SM27448 ,S ,
SM27449 ,S ,
SM27450 ,A ,
SM27451 ,S ,
SM27452 ,S ,
SM27453 ,A ,
SM27454 ,A ,
SM27455 ,S ,
SM27456 ,S ,
SM27457 ,A ,
SM27458 ,S ,
SM27460 ,A ,
SM27462 ,A ,
SM27463 ,S ,
SM27464 ,A ,
SM27465 ,A ,
SM27466 ,A ,
SM27467 ,S ,
SM27468 ,A ,
SM27469 ,A ,
SM27470 ,S ,
SM27471 ,A ,
SM27472 ,S ,
SM27473 ,S ,
SM27474 ,A ,
SM27475 ,S ,
SM27476 ,A ,
SM27478 ,S ,
SM27479 ,S ,
SM27480 ,A ,
SM27481 ,S ,
SM27482 ,S ,
SM27484 ,A ,
SM27485 ,S ,
SM27486 ,A ,
SM27487 ,S ,
SM27488 ,A ,
SM27489 ,A ,
SM27490 ,S ,
SM27491 ,S ,
SM27492 ,A ,
SM27493 ,A ,
SM27494 ,S ,
SM27495 ,A ,
SM27496 ,S ,
SM27497 ,S ,
SM27498 ,A ,
SM27499 ,S ,
SM27500 ,A ,
SM27502 ,A ,
SM27503 ,S ,
SM27504 ,S ,
SM27505 ,S ,
SM27506 ,S ,
SM27507 ,S ,
SM27508 ,S ,
SM27509 ,A ,
SM27510 ,S ,
SM27511 ,A ,
SM27512 ,A ,
SM27513 ,S ,
SM27514 ,S ,
SM27515 ,A ,
SM27516 ,A ,
SM27517 ,A ,
SM27518 ,S ,
SM27519 ,A ,
SM27520 ,S ,
SM27521 ,S ,
SM27522 ,S ,
SM27523 ,A ,
SM27524 ,S ,
SM27525 ,A ,
SM27526 ,S ,
SM27527 ,A ,
SM27528 ,A ,
SM27529 ,S ,
SM27530 ,S ,
SM27531 ,S ,
SM27532 ,A ,
SM27533 ,S ,
SM27534 ,A ,
SM27535 ,A ,
SM27536 ,A ,
SM27537 ,S ,
SM27538 ,S ,
SM27539 ,S ,
SM27540 ,S ,
SM27541 ,S ,
SM27542 ,S ,
SM27544 ,S ,
SM27545 ,A ,
SM27546 ,A ,
SM27547 ,A ,
SM27548 ,A ,
SM27549 ,A ,
SM27550 ,S ,
SM27551 ,A ,
SM27552 ,A ,
SM27553 ,A ,
SM27554 ,A ,
SM27555 ,A ,
SM27556 ,S ,
SM27557 ,S ,
SM27558 ,S ,
SM27559 ,S ,
SM27560 ,S ,
SM27562 ,A ,
SM27563 ,A ,
SM27564 ,S ,
SM27565 ,S ,
SM27566 ,S ,
SM27567 ,S ,
SM27568 ,S ,
SM27569 ,A ,
SM27570 ,A ,
SM27571 ,S ,
SM27572 ,A ,
SM27573 ,S ,
SM27574 ,S ,
SM27575 ,S ,
SM27576 ,S ,
SM27577 ,A ,
SM27578 ,S ,
SM27579 ,A ,
SM27580 ,S ,
SM27581 ,S ,
SM27582 ,S ,
SM27583 ,A ,
SM27584 ,A ,
SM27586 ,S ,
SM27587 ,S ,
SM27588 ,A ,
SM27589 ,A ,
SM27590 ,A ,
SM27591 ,A ,
SM27592 ,A ,
SM27594 ,A ,
SM27595 ,S ,
SM27596 ,S ,
SM27597 ,S ,
SM27598 ,S ,
SM27599 ,A ,
SM27600 ,A ,
SM27601 ,A ,
SM27602 ,S ,
SM27603 ,A ,
SM27604 ,S ,
SM27605 ,A ,
SM27606 ,S ,
SM27607 ,S ,
SM27608 ,S ,
SM27609 ,A ,
SM27610 ,A ,
SM27611 ,A ,
SM27612 ,A ,
SM27613 ,S ,
SM27614 ,A ,
SM27615 ,S ,
SM27616 ,A ,
SM27617 ,S ,
SM27618 ,S ,
SM27619 ,S ,
SM27620 ,A ,
SM27621 ,A ,
SM27622 ,A ,
SM27623 ,S ,
SM27624 ,S ,
SM27625 ,S ,
SM27626 ,A ,
SM27627 ,S ,
SM27628 ,S ,
SM27629 ,A ,
SM27630 ,S ,
SM27631 ,S ,
SM27632 ,S ,
SM27633 ,S ,
SM27634 ,A ,
SM27635 ,S ,
SM27636 ,S ,
SM27637 ,A ,
SM27638 ,S ,
SM27640 ,S ,
SM27641 ,S ,
SM27642 ,S ,
SM27643 ,A ,
SM27644 ,A ,
SM27645 ,S ,
SM27646 ,A ,
SM27647 ,A ,
SM27648 ,S ,
SM27649 ,A ,
SM27650 ,A ,
SM27651 ,S ,
SM27652 ,S ,
SM27653 ,S ,
SM27654 ,S ,
SM27655 ,S ,
SM27656 ,S ,
SM27657 ,S ,
SM27658 ,S ,
SM27659 ,A ,
SM27660 ,S ,
SM27661 ,S ,
SM27662 ,S ,
SM27663 ,S ,
SM27664 ,A ,
SM27665 ,S ,
SM27666 ,A ,
SM27667 ,S ,
SM27668 ,S ,
SM27669 ,S ,
SM27670 ,S ,
SM27671 ,S ,
SM27672 ,A ,
SM27674 ,S ,
SM27675 ,S ,
SM27676 ,S ,
SM27677 ,S ,
SM27678 ,A ,
SM27679 ,A ,
SM27680 ,S ,
SM27681 ,S ,
SM27682 ,S ,
SM27683 ,S ,
SM27684 ,A ,
SM27685 ,S ,
SM27686 ,S ,
SM27687 ,A ,
SM27688 ,S ,
SM27689 ,S ,
SM27690 ,S ,
SM27691 ,A ,
SM27692 ,S ,
SM27693 ,A ,
SM27694 ,A ,
SM27695 ,S ,
SM27696 ,A ,
SM27697 ,S ,
SM27698 ,S ,
SM27699 ,S ,
SM27700 ,S ,
SM27701 ,A ,
SM27702 ,A ,
SM27703 ,S ,
SM27704 ,S ,
SM27705 ,S ,
SM27706 ,S ,
SM27707 ,A ,
SM27708 ,A ,
SM27709 ,S ,
SM27710 ,A ,
SM27711 ,S ,
SM27712 ,S ,
SM27713 ,A ,
SM27714 ,S ,
SM27715 ,S ,
SM27716 ,A ,
SM27718 ,S ,
SM27719 ,S ,
SM27720 ,S ,
SM27721 ,S ,
SM27722 ,A ,
SM27723 ,A ,
SM27725 ,S ,
SM27726 ,S ,
SM27727 ,A ,
SM27728 ,A ,
SM27729 ,S ,
SM27730 ,A ,
SM27731 ,A ,
SM27732 ,S ,
SM27733 ,S ,
SM27734 ,A ,
SM27735 ,S ,
SM27736 ,S ,
SM27737 ,S ,
SM27738 ,A ,
SM27739 ,S ,
SM27740 ,S ,
SM27741 ,S ,
SM27742 ,A ,
SM27743 ,S ,
SM27744 ,S ,
SM27745 ,A ,
SM27746 ,A ,
SM27747 ,S ,
SM27749 ,S ,
SM27750 ,A ,
SM27751 ,A ,
SM27752 ,A ,
SM27753 ,S ,
SM27754 ,S ,
SM27755 ,S ,
SM27756 ,S ,
SM27757 ,S ,
SM27758 ,A ,
SM27759 ,S ,
SM27760 ,S ,
SM27761 ,A ,
SM27762 ,A ,
SM27763 ,A ,
SM27764 ,S ,
SM27765 ,S ,
SM27766 ,A ,
SM27767 ,S ,
SM27768 ,S ,
SM27769 ,S ,
SM27770 ,S ,
SM27771 ,A ,
SM27772 ,S ,
SM27773 ,S ,
SM27774 ,S ,
SM27775 ,S ,
SM27776 ,S ,
SM27777 ,A ,
SM27778 ,S ,
SM27779 ,S ,
SM27780 ,S ,
SM27781 ,A ,
SM27782 ,S ,
SM27783 ,S ,
SM27784 ,S ,
SM27785 ,S ,
SM27787 ,A ,
SM27788 ,A ,
SM27789 ,S ,
SM27790 ,S ,
SM27791 ,S ,
SM27792 ,S ,
SM27793 ,A ,
SM27794 ,S ,
SM27795 ,A ,
SM27796 ,S ,
SM27797 ,S ,
SM27798 ,A ,
SM27800 ,S ,
SM27801 ,S ,
SM27802 ,A ,
SM27803 ,S ,
SM27804 ,S ,
SM27805 ,A ,
SM27806 ,S ,
SM27807 ,S ,
SM27808 ,S ,
SM27809 ,S ,
SM27810 ,S ,
SM27811 ,A ,
SM27812 ,S ,
SM27813 ,S ,
SM27814 ,A ,
SM27815 ,S ,
SM27816 ,A ,
SM27818 ,A ,
SM27819 ,S ,
SM27820 ,A ,
SM27821 ,S ,
SM27822 ,A ,
SM27823 ,A ,
SM27824 ,S ,
SM27825 ,S ,
SM27826 ,A ,
SM27829 ,A ,
SM27830 ,A ,
SM27831 ,S ,
SM27832 ,S ,
SM27833 ,A ,
SM27834 ,A ,
SM27835 ,S ,
SM27836 ,S ,
SM27837 ,A ,
SM27838 ,A ,
SM27839 ,S ,
SM27840 ,A ,
SM27843 ,S ,
SM27844 ,S ,
SM27845 ,S ,
SM27846 ,S ,
SM27847 ,S ,
SM27848 ,A ,
SM27849 ,A ,
SM27850 ,S ,
SM27851 ,A ,
SM27852 ,S ,
SM27853 ,A ,
SM27854 ,S ,
SM27855 ,A ,
SM27856 ,A ,
SM27857 ,S ,
SM27858 ,S ,
SM27859 ,A ,
SM27860 ,A ,
SM27861 ,A ,
SM27862 ,S ,
SM27863 ,S ,
SM27864 ,S ,
SM27865 ,A ,
SM27866 ,A ,
SM27867 ,S ,
SM27868 ,S ,
SM27869 ,S ,
SM27870 ,A ,
SM27871 ,S ,
SM27872 ,S ,
SM27874 ,S ,
SM27875 ,S ,
SM27876 ,A ,
SM27877 ,A ,
SM27879 ,S ,
SM27880 ,A ,
SM27881 ,A ,
SM27882 ,A ,
SM27884 ,A ,
SM27885 ,S ,
SM27886 ,S ,
SM27887 ,S ,
SM27888 ,S ,
SM27889 ,A ,
SM27890 ,S ,
SM27891 ,A ,
SM27892 ,S ,
SM27893 ,S ,
SM27894 ,S ,
SM27895 ,A ,
SM27896 ,S ,
SM27897 ,S ,
SM27898 ,S ,
SM27899 ,A ,
SM27901 ,S ,
SM27902 ,A ,
SM27904 ,S ,
SM27905 ,A ,
SM27906 ,S ,
SM27907 ,A ,
SM27908 ,S ,
SM27909 ,A ,
SM27910 ,S ,
SM27911 ,S ,
SM27912 ,A ,
SM27913 ,S ,
SM27914 ,S ,
SM27915 ,S ,
SM27917 ,A ,
SM27918 ,S ,
SM27919 ,S ,
SM27920 ,S ,
SM27921 ,S ,
SM27922 ,S ,
SM27923 ,A ,
SM27924 ,S ,
SM27926 ,S ,
SM27927 ,A ,
SM27928 ,S ,
SM27929 ,S ,
SM27930 ,A ,
SM27931 ,A ,
SM27932 ,S ,
SM27934 ,S ,
SM27935 ,S ,
SM27936 ,S ,
SM27937 ,S ,
SM27938 ,S ,
SM27939 ,S ,
SM27940 ,S ,
SM27941 ,A ,
SM27942 ,S ,
SM27943 ,A ,
SM27944 ,S ,
SM27945 ,A ,
SM27946 ,A ,
SM27947 ,S ,
SM27948 ,S ,
SM27949 ,S ,
SM27950 ,S ,
SM27951 ,S ,
SM27952 ,S ,
SM27953 ,A ,
SM27954 ,S ,
SM27955 ,S ,
SM27956 ,S ,
SM27957 ,A ,
SM27958 ,S ,
SM27959 ,A ,
SM27960 ,A ,
SM27961 ,S ,
SM27962 ,S ,
SM27963 ,S ,
SM27964 ,A ,
SM27965 ,S ,
SM27966 ,A ,
SM27967 ,S ,
SM27968 ,S ,
SM27969 ,A ,
SM27970 ,S ,
SM27971 ,A ,
SM27972 ,S ,
SM27973 ,A ,
SM27974 ,S ,
SM27975 ,A ,
SM27976 ,A ,
SM27977 ,A ,
SM27978 ,S ,
SM27979 ,S ,
SM27980 ,S ,
SM27981 ,S ,
SM27982 ,S ,
SM27983 ,A ,
SM27984 ,S ,
SM27985 ,A ,
SM27986 ,S ,
SM27987 ,A ,
SM27988 ,S ,
SM27989 ,S ,
SM27991 ,A ,
SM27992 ,S ,
SM27993 ,A ,
SM27994 ,S ,
SM27995 ,S ,
SM27996 ,A ,
SM27997 ,A ,
SM27998 ,A ,
SM27999 ,S ,
SM28000 ,S ,
SM28001 ,S ,
SM28002 ,S ,
SM28003 ,A ,
SM28004 ,S ,
SM28005 ,S ,
SM28006 ,A ,
SM28007 ,A ,
SM28008 ,S ,
SM28009 ,A ,
SM28010 ,S ,
SM28011 ,S ,
SM28012 ,S ,
SM28013 ,S ,
SM28014 ,S ,
SM28015 ,S ,
SM28016 ,S ,
SM28017 ,A ,
SM28018 ,A ,
SM28019 ,S ,
SM28020 ,S ,
SM28021 ,S ,
SM28022 ,S ,
SM28023 ,A ,
SM28024 ,S ,
SM28025 ,A ,
SM28026 ,S ,
SM28027 ,A ,
SM28028 ,S ,
SM28029 ,S ,
SM28030 ,S ,
SM28031 ,S ,
SM28032 ,S ,
SM28033 ,S ,
SM28034 ,A ,
SM28035 ,A ,
SM28036 ,S ,
SM28037 ,S ,
SM28038 ,S ,
SM28039 ,S ,
SM28040 ,S ,
SM28041 ,S ,
SM28042 ,S ,
SM28043 ,S ,
SM28044 ,A ,
SM28045 ,S ,
SM28046 ,A ,
SM28047 ,A ,
SM28048 ,A ,
SM28049 ,S ,
SM28050 ,S ,
SM28051 ,S ,
SM28052 ,S ,
SM28053 ,A ,
SM28054 ,S ,
SM28055 ,A ,
SM28056 ,S ,
SM28057 ,S ,
SM28058 ,S ,
SM28059 ,A ,
SM28060 ,S ,
SM28061 ,S ,
SM28062 ,S ,
SM28063 ,S ,
SM28064 ,S ,
SM28065 ,S ,
SM28066 ,S ,
SM28067 ,A ,
SM28068 ,S ,
SM28069 ,A ,
SM28071 ,A ,
SM28072 ,S ,
SM28073 ,S ,
SM28074 ,S ,
SM28075 ,A ,
SM28076 ,S ,
SM28077 ,A ,
SM28078 ,S ,
SM28079 ,S ,
SM28080 ,A ,
SM28081 ,S ,
SM28082 ,S ,
SM28083 ,S ,
SM28084 ,S ,
SM28085 ,A ,
SM28086 ,S ,
SM28087 ,S ,
SM28088 ,S ,
SM28089 ,S ,
SM28090 ,A ,
SM28091 ,A ,
SM28092 ,A ,
SM28093 ,A ,
SM28094 ,A ,
SM28095 ,S ,
SM28096 ,S ,
SM28097 ,S ,
SM28098 ,S ,
SM28099 ,A ,
SM28100 ,A ,
SM28101 ,S ,
SM28102 ,S ,
SM28103 ,S ,
SM28104 ,S ,
SM28105 ,S ,
SM28106 ,S ,
SM28107 ,S ,
SM28108 ,S ,
SM28109 ,A ,
SM28110 ,A ,
SM28111 ,S ,
SM28112 ,S ,
SM28113 ,S ,
SM28114 ,A ,
SM28115 ,A ,
SM28116 ,S ,
SM28117 ,A ,
SM28118 ,S ,
SM28119 ,A ,
SM28120 ,A ,
SM28121 ,S ,
SM28122 ,S ,
SM28123 ,A ,
SM28124 ,S ,
SM28125 ,S ,
SM28126 ,S ,
SM28127 ,A ,
SM28128 ,A ,
SM28129 ,S ,
SM28130 ,A ,
SM28131 ,S ,
SM28132 ,S ,
SM28133 ,S ,
SM28134 ,S ,
SM28135 ,S ,
SM28136 ,A ,
SM28137 ,S ,
SM28138 ,S ,
SM28139 ,S ,
SM28140 ,S ,
SM28142 ,A ,
SM28143 ,S ,
SM28145 ,S ,
SM28146 ,A ,
SM28147 ,S ,
SM28148 ,S ,
SM28149 ,S ,
SM28150 ,S ,
SM28151 ,S ,
SM28152 ,S ,
SM28153 ,A ,
SM28154 ,S ,
SM28156 ,S ,
SM28157 ,S ,
SM28158 ,S ,
SM28160 ,S ,
SM28161 ,A ,
SM28162 ,S ,
SM28163 ,S ,
SM28164 ,S ,
SM28165 ,S ,
SM28167 ,A ,
SM28168 ,A ,
SM28169 ,S ,
SM28171 ,S ,
SM28172 ,A ,
SM28173 ,S ,
SM28174 ,S ,
SM28176 ,S ,
SM28177 ,S ,
SM28178 ,S ,
SM28179 ,A ,
SM28180 ,S ,
SM28181 ,S ,
SM28182 ,S ,
SM28183 ,A ,
SM28184 ,S ,
SM28185 ,S ,
SM28186 ,S ,
SM28187 ,S ,
SM28188 ,A ,
SM28189 ,A ,
SM28190 ,S ,
SM28191 ,A ,
SM28192 ,A ,
SM28193 ,A ,
SM28194 ,S ,
SM28195 ,S ,
SM28196 ,A ,
SM28197 ,S ,
SM28199 ,S ,
SM28200 ,A ,
SM28201 ,S ,
SM28202 ,A ,
SM28203 ,A ,
SM28204 ,S ,
SM28205 ,S ,
SM28206 ,S ,
SM28207 ,S ,
SM28208 ,S ,
SM28209 ,A ,
SM28210 ,S ,
SM28211 ,S ,
SM28212 ,S ,
SM28213 ,A ,
SM28214 ,A ,
SM28216 ,S ,
SM28217 ,S ,
SM28218 ,A ,
SM28219 ,S ,
SM28220 ,S ,
SM28221 ,S ,
SM28222 ,S ,
SM28223 ,S ,
SM28224 ,S ,
SM28226 ,S ,
SM28227 ,A ,
SM28228 ,S ,
SM28229 ,A ,
SM28230 ,S ,
SM28231 ,S ,
SM28232 ,A ,
SM28233 ,S ,
SM28234 ,S ,
SM28236 ,A ,
SM28237 ,S ,
SM28238 ,A ,
SM28239 ,S ,
SM28240 ,A ,
SM28241 ,S ,
SM28242 ,S ,
SM28243 ,S ,
SM28244 ,A ,
SM28245 ,A ,
SM28246 ,S ,
SM28247 ,S ,
SM28248 ,S ,
SM28249 ,S ,
SM28250 ,A ,
SM28251 ,S ,
SM28252 ,A ,
SM28253 ,S ,
SM28254 ,S ,
SM28255 ,S ,
SM28256 ,S ,
SM28257 ,S ,
SM28258 ,S ,
SM28259 ,S ,
SM28260 ,A ,
SM28261 ,A ,
SM28263 ,S ,
SM28264 ,S ,
SM28265 ,S ,
SM28266 ,A ,
SM28267 ,S ,
SM28268 ,A ,
SM28269 ,S ,
SM28270 ,A ,
SM28272 ,S ,
SM28273 ,A ,
SM28274 ,A ,
SM28275 ,A ,
SM28276 ,A ,
SM28277 ,S ,
SM28278 ,S ,
SM28279 ,S ,
SM28280 ,S ,
SM28281 ,A ,
SM28282 ,S ,
SM28283 ,A ,
SM28284 ,S ,
SM28285 ,S ,
SM28286 ,A ,
SM28287 ,S ,
SM28288 ,S ,
SM28289 ,S ,
SM28290 ,S ,
SM28291 ,A ,
SM28292 ,S ,
SM28293 ,S ,
SM28294 ,A ,
SM28295 ,S ,
SM28296 ,S ,
SM28297 ,S ,
SM28298 ,S ,
SM28299 ,S ,
SM28300 ,A ,
SM28301 ,S ,
SM28302 ,A ,
SM28303 ,S ,
SM28304 ,S ,
SM28305 ,A ,
SM28306 ,A ,
SM28307 ,S ,
SM28308 ,A ,
SM28309 ,S ,
SM28310 ,S ,
SM28311 ,A ,
SM28312 ,S ,
SM28313 ,S ,
SM28314 ,S ,
SM28315 ,S ,
SM28316 ,A ,
SM28317 ,S ,
SM28318 ,A ,
SM28319 ,S ,
SM28320 ,S ,
SM28321 ,S ,
SM28323 ,A ,
SM28324 ,S ,
SM28325 ,A ,
SM28326 ,S ,
SM28327 ,S ,
SM28328 ,A ,
SM28329 ,S ,
SM28330 ,S ,
SM28331 ,S ,
SM28332 ,S ,
SM28333 ,S ,
SM28334 ,S ,
SM28335 ,A ,
SM28336 ,A ,
SM28337 ,S ,
SM28338 ,S ,
SM28339 ,A ,
SM28340 ,A ,
SM28341 ,A ,
SM28342 ,S ,
SM28343 ,S ,
SM28344 ,S ,
SM28345 ,A ,
SM28346 ,S ,
SM28347 ,S ,
SM28348 ,S ,
SM28349 ,S ,
SM28350 ,A ,
SM28351 ,S ,
SM28352 ,S ,
SM28353 ,A ,
SM28354 ,A ,
SM28355 ,A ,
SM28356 ,A ,
SM28357 ,A ,
SM28358 ,S ,
SM28359 ,S ,
SM28360 ,A ,
SM28361 ,S ,
SM28362 ,A ,
SM28363 ,S ,
SM28364 ,S ,
SM28365 ,A ,
SM28366 ,S ,
SM28367 ,S ,
SM28368 ,A ,
SM28369 ,S ,
SM28370 ,S ,
SM28371 ,A ,
SM28372 ,A ,
SM28373 ,A ,
SM28374 ,A ,
SM28375 ,S ,
SM28376 ,S ,
SM28377 ,S ,
SM28378 ,S ,
SM28379 ,S ,
SM28380 ,A ,
SM28381 ,A ,
SM28382 ,S ,
SM28383 ,S ,
SM28384 ,S ,
SM28385 ,A ,
SM28386 ,A ,
SM28387 ,S ,
SM28388 ,S ,
SM28389 ,S ,
SM28390 ,A ,
SM28391 ,S ,
SM28392 ,A ,
SM28393 ,S ,
SM28394 ,A ,
SM28395 ,A ,
SM28396 ,S ,
SM28397 ,A ,
SM28398 ,S ,
SM28399 ,S ,
SM28400 ,S ,
SM28401 ,S ,
SM28402 ,S ,
SM28403 ,A ,
SM28404 ,S ,
SM28405 ,A ,
SM28406 ,S ,
SM28407 ,S ,
SM28408 ,S ,
SM28409 ,S ,
SM28410 ,S ,
SM28411 ,S ,
SM28412 ,S ,
SM28413 ,A ,
SM28414 ,S ,
SM28415 ,S ,
SM28416 ,A ,
SM28417 ,A ,
SM28418 ,S ,
SM28419 ,S ,
SM28420 ,S ,
SM28421 ,S ,
SM28422 ,S ,
SM28423 ,S ,
SM28424 ,S ,
SM28425 ,S ,
SM28426 ,A ,
SM28427 ,A ,
SM28428 ,A ,
SM28429 ,A ,
SM28430 ,S ,
SM28431 ,S ,
SM28432 ,A ,
SM28433 ,A ,
SM28434 ,S ,
SM28435 ,A ,
SM28436 ,S ,
SM28437 ,S ,
SM28438 ,S ,
SM28439 ,A ,
SM28440 ,S ,
SM28441 ,A ,
SM28442 ,S ,
SM28443 ,S ,
SM28444 ,S ,
SM28445 ,S ,
SM28446 ,S ,
SM28447 ,S ,
SM28448 ,S ,
SM28449 ,S ,
SM28450 ,S ,
SM28452 ,S ,
SM28453 ,S ,
SM28454 ,A ,
SM28455 ,S ,
SM28456 ,A ,
SM28457 ,S ,
SM28458 ,S ,
SM28459 ,S ,
SM28460 ,S ,
SM28461 ,A ,
SM28462 ,A ,
SM28463 ,S ,
SM28464 ,S ,
SM28465 ,S ,
SM28466 ,S ,
SM28467 ,S ,
SM28468 ,S ,
SM28469 ,A ,
SM28470 ,A ,
SM28471 ,A ,
SM28472 ,S ,
SM28473 ,S ,
SM28474 ,S ,
SM28475 ,A ,
SM28476 ,A ,
SM28477 ,S ,
SM28478 ,A ,
SM28479 ,S ,
SM28480 ,S ,
SM28481 ,S ,
SM28482 ,S ,
SM28483 ,S ,
SM28484 ,A ,
SM28485 ,S ,
SM28486 ,S ,
SM28487 ,A ,
SM28488 ,A ,
SM28489 ,S ,
SM28490 ,S ,
SM28491 ,S ,
SM28492 ,S ,
SM28493 ,A ,
SM28494 ,S ,
SM28495 ,S ,
SM28496 ,A ,
SM28497 ,A ,
SM28498 ,S ,
SM28499 ,S ,
SM28500 ,S ,
SM28501 ,S ,
SM28502 ,S ,
SM28503 ,S ,
SM28504 ,A ,
SM28505 ,S ,
SM28506 ,A ,
SM28507 ,S ,
SM28508 ,S ,
SM28509 ,A ,
SM28510 ,A ,
SM28511 ,A ,
SM28512 ,A ,
SM28513 ,S ,
SM28514 ,S ,
SM28515 ,S ,
SM28516 ,S ,
SM28517 ,S ,
SM28518 ,S ,
SM28519 ,S ,
SM28520 ,A ,
SM28521 ,S ,
SM28522 ,S ,
SM28523 ,A ,
SM28524 ,S ,
SM28525 ,A ,
SM28526 ,S ,
SM28527 ,S ,
SM28528 ,S ,
SM28529 ,S ,
SM28530 ,S ,
SM28531 ,A ,
SM28532 ,A ,
SM28533 ,A ,
SM28534 ,S ,
SM28535 ,S ,
SM28536 ,S ,
SM28537 ,S ,
SM28538 ,A ,
SM28539 ,S ,
SM28540 ,S ,
SM28541 ,S ,
SM28542 ,A ,
SM28543 ,S ,
SM28544 ,S ,
SM28545 ,A ,
SM28546 ,S ,
SM28547 ,S ,
SM28548 ,S ,
SM28549 ,A ,
SM28550 ,S ,
SM28551 ,S ,
SM28552 ,S ,
SM28553 ,S ,
SM28554 ,S ,
SM28555 ,S ,
SM28556 ,S ,
SM28557 ,S ,
SM28558 ,S ,
SM28559 ,A ,
SM28560 ,S ,
SM28561 ,S ,
SM28562 ,A ,
SM28563 ,S ,
SM28564 ,S ,
SM28565 ,S ,
SM28566 ,S ,
SM28567 ,S ,
SM28568 ,S ,
SM28569 ,S ,
SM28570 ,S ,
SM28571 ,S ,
SM28572 ,S ,
SM28573 ,A ,
SM28574 ,A ,
SM28575 ,S ,
SM28576 ,S ,
SM28577 ,S ,
SM28578 ,S ,
SM28579 ,A ,
SM28580 ,S ,
SM28581 ,S ,
SM28582 ,S ,
SM28583 ,S ,
SM28584 ,S ,
SM28585 ,S ,
SM28586 ,S ,
SM28587 ,S ,
SM28588 ,S ,
SM28589 ,S ,
SM28590 ,A ,
SM28591 ,S ,
SM28592 ,S ,
SM28593 ,S ,
SM28594 ,S ,
SM28595 ,S ,
SM28596 ,S ,
SM28597 ,A ,
SM28598 ,S ,
SM28599 ,S ,
SM28600 ,S ,
SM28601 ,S ,
SM28602 ,S ,
SM28603 ,S ,
SM28604 ,S ,
SM28605 ,S ,
SM28606 ,S ,
SM28607 ,A ,
SM28608 ,S ,
SM28609 ,S ,
SM28610 ,S ,
SM28611 ,S ,
SM28612 ,A ,
SM28613 ,A ,
SM28614 ,S ,
SM28615 ,S ,
SM28616 ,A ,
SM28617 ,S ,
SM28618 ,S ,
SM28619 ,S ,
SM28620 ,A ,
SM28621 ,S ,
SM28622 ,S ,
SM28623 ,S ,
SM28624 ,S ,
SM28625 ,A ,
SM28626 ,A ,
SM28627 ,S ,
SM28628 ,A ,
SM28629 ,S ,
SM28630 ,S ,
SM28631 ,S ,
SM28632 ,S ,
SM28634 ,S ,
SM28635 ,S ,
SM28636 ,A ,
SM28637 ,S ,
SM28638 ,A ,
SM28639 ,S ,
SM28640 ,A ,
SM28641 ,A ,
SM28642 ,A ,
SM28643 ,A ,
SM28644 ,S ,
SM28645 ,S ,
SM28646 ,S ,
SM28647 ,S ,
SM28648 ,A ,
SM28649 ,A ,
SM28650 ,S ,
SM28651 ,S ,
SM28652 ,S ,
SM28653 ,S ,
SM28654 ,A ,
SM28655 ,S ,
SM28656 ,S ,
SM28657 ,S ,
SM28658 ,S ,
SM28659 ,S ,
SM28660 ,S ,
SM28661 ,S ,
SM28662 ,A ,
SM28663 ,A ,
SM28664 ,A ,
SM28665 ,S ,
SM28666 ,S ,
SM28667 ,S ,
SM28668 ,S ,
SM28669 ,S ,
SM28670 ,S ,
SM28671 ,S ,
SM28672 ,S ,
SM28674 ,S ,
SM28675 ,S ,
SM28676 ,S ,
SM28677 ,S ,
SM28678 ,S ,
SM28679 ,S ,
SM28680 ,S ,
SM28681 ,S ,
SM28682 ,S ,
SM28683 ,A ,
SM28684 ,S ,
SM28685 ,S ,
SM28686 ,S ,
SM28687 ,S ,
SM28688 ,S ,
SM28689 ,S ,
SM28690 ,S ,
SM28691 ,S ,
SM28692 ,A ,
SM28693 ,S ,
SM28694 ,S ,
SM28695 ,S ,
SM28696 ,S ,
SM28697 ,S ,
SM28698 ,S ,
SM28699 ,A ,
SM28700 ,S ,
SM28701 ,S ,
SM28702 ,S ,
SM28703 ,S ,
SM28705 ,S ,
SM28706 ,A ,
SM28707 ,S ,
SM28708 ,S ,
SM28709 ,S ,
SM28710 ,S ,
SM28711 ,S ,
SM28712 ,S ,
SM28713 ,S ,
SM28714 ,S ,
SM28715 ,S ,
SM28716 ,S ,
SM28717 ,S ,
SM28718 ,S ,
SM28719 ,S ,
SM28720 ,S ,
SM28721 ,A ,
SM28722 ,S ,
SM28723 ,S ,
SM28724 ,S ,
SM28725 ,S ,
SM28726 ,S ,
SM28727 ,S ,
SM28728 ,S ,
SM28729 ,S ,
SM28730 ,S ,
SM28731 ,S ,
SM28732 ,S ,
SM28733 ,S ,
SM28734 ,S ,
SM28735 ,S ,
SM28736 ,S ,
SM28737 ,A ,
SM28738 ,A ,
SM28739 ,S ,
SM28740 ,S ,
SM28741 ,A ,
SM28742 ,A ,
SM28743 ,S ,
SM28744 ,A ,
SM28745 ,S ,
SM28746 ,S ,
SM28747 ,S ,
SM28748 ,S ,
SM28749 ,S ,
SM28750 ,S ,
SM28751 ,S ,
SM28752 ,S ,
SM28753 ,S ,
SM28754 ,S ,
SM28755 ,A ,
SM28756 ,A ,
SM28757 ,S ,
SM28758 ,S ,
SM28759 ,S ,
SM28760 ,S ,
SM28761 ,S ,
SM28762 ,S ,
SM28763 ,S ,
SM28764 ,S ,
SM28765 ,S ,
SM28766 ,S ,
SM28767 ,S ,
SM28768 ,S ,
SM28769 ,S ,
SM28770 ,S ,
SM28771 ,S ,
SM28772 ,A ,
SM28773 ,S ,
SM28774 ,S ,
SM28775 ,S ,
SM28776 ,S ,
SM28777 ,S ,
SM28778 ,S ,
SM28779 ,S ,
SM28780 ,S ,
SM28781 ,A ,
SM28782 ,S ,
SM28783 ,S ,
SM28784 ,A ,
SM28785 ,S ,
SM28786 ,S ,
SM28787 ,S ,
SM28788 ,A ,
SM28789 ,S ,
SM28790 ,S ,
SM28791 ,S ,
SM28792 ,S ,
SM28793 ,A ,
SM28794 ,A ,
SM28795 ,A ,
SM28796 ,S ,
SM28797 ,A ,
SM28798 ,A ,
SM28799 ,S ,
SM28800 ,S ,
SM28801 ,S ,
SM28802 ,S ,
SM28803 ,A ,
SM28804 ,S ,
SM28805 ,S ,
SM28806 ,A ,
SM28807 ,S ,
SM28808 ,S ,
SM28810 ,A ,
SM28811 ,S ,
SM28812 ,S ,
SM28813 ,A ,
SM28814 ,S ,
SM28815 ,S ,
SM28816 ,S ,
SM28817 ,S ,
SM28818 ,S ,
SM28819 ,S ,
SM28820 ,S ,
SM28821 ,A ,
SM28822 ,S ,
SM28823 ,S ,
SM28824 ,S ,
SM28826 ,S ,
SM28827 ,S ,
SM28828 ,A ,
SM28829 ,S ,
SM28830 ,S ,
SM28831 ,S ,
SM28832 ,S ,
SM28833 ,S ,
SM28834 ,S ,
SM28835 ,S ,
SM28836 ,S ,
SM28838 ,S ,
SM28839 ,S ,
SM28840 ,S ,
SM28841 ,S ,
SM28842 ,A ,
SM28843 ,S ,
SM28844 ,S ,
SM28845 ,S ,
SM28846 ,S ,
SM28847 ,S ,
SM28848 ,S ,
SM28849 ,S ,
SM28850 ,A ,
SM28851 ,S ,
SM28852 ,S ,
SM28853 ,S ,
SM28854 ,S ,
SM28855 ,S ,
SM28856 ,A ,
SM28857 ,A ,
SM28858 ,S ,
SM28859 ,A ,
SM28860 ,S ,
SM28861 ,A ,
SM28862 ,S ,
SM28863 ,S ,
SM28864 ,S ,
SM28865 ,A ,
SM28866 ,S ,
SM28867 ,S ,
SM28868 ,A ,
SM28869 ,S ,
SM28870 ,S ,
SM28871 ,A ,
SM28872 ,S ,
SM28873 ,A ,
SM28874 ,S ,
SM28875 ,S ,
SM28876 ,S ,
SM28877 ,S ,
SM28878 ,S ,
SM28879 ,S ,
SM28880 ,S ,
SM28881 ,S ,
SM28883 ,S ,
SM28884 ,S ,
SM28885 ,S ,
SM28886 ,S ,
SM28887 ,S ,
SM28888 ,A ,
SM28889 ,S ,
SM28890 ,S ,
SM28891 ,S ,
SM28892 ,S ,
SM28893 ,A ,
SM28894 ,S ,
SM28895 ,S ,
SM28896 ,S ,
SM28898 ,S ,
SM28899 ,S ,
SM28900 ,S ,
SM28901 ,A ,
SM28902 ,A ,
SM28903 ,S ,
SM28904 ,A ,
SM28905 ,A ,
SM28906 ,S ,
SM28907 ,S ,
SM28908 ,S ,
SM28909 ,S ,
SM28910 ,S ,
SM28911 ,S ,
SM28912 ,A ,
SM28913 ,S ,
SM28914 ,S ,
SM28915 ,S ,
SM28916 ,S ,
SM28917 ,S ,
SM28918 ,S ,
SM28919 ,S ,
SM28920 ,A ,
SM28921 ,S ,
SM28922 ,S ,
SM28923 ,S ,
SM28924 ,S ,
SM28925 ,A ,
SM28926 ,S ,
SM28927 ,S ,
SM28928 ,S ,
SM28929 ,S ,
SM28930 ,S ,
SM28931 ,S ,
SM28932 ,S ,
SM28933 ,S ,
SM28934 ,A ,
SM28935 ,A ,
SM28936 ,S ,
SM28937 ,S ,
SM28938 ,S ,
SM28939 ,S ,
SM28940 ,A ,
SM28941 ,A ,
SM28942 ,S ,
SM28943 ,A ,
SM28944 ,A ,
SM28945 ,A ,
SM28946 ,S ,
SM28947 ,A ,
SM28948 ,A ,
SM28949 ,S ,
SM28950 ,A ,
SM28951 ,A ,
SM28952 ,S ,
SM28953 ,S ,
SM28954 ,A ,
SM28955 ,S ,
SM28956 ,A ,
SM28957 ,A ,
SM28958 ,S ,
SM28959 ,S ,
SM28960 ,S ,
SM28961 ,S ,
SM28962 ,S ,
SM28963 ,S ,
SM28964 ,S ,
SM28965 ,S ,
SM28966 ,S ,
SM28967 ,A ,
SM28968 ,S ,
SM28969 ,A ,
SM28970 ,A ,
SM28971 ,A ,
SM28972 ,S ,
SM28973 ,S ,
SM28974 ,S ,
SM28975 ,A ,
SM28976 ,S ,
SM28977 ,S ,
SM28978 ,S ,
SM28979 ,S ,
SM28980 ,S ,
SM28981 ,A ,
SM28982 ,A ,
SM28983 ,A ,
SM28984 ,S ,
SM28985 ,S ,
SM28986 ,A ,
SM28987 ,A ,
SM28988 ,S ,
SM28989 ,A ,
SM28990 ,S ,
SM28991 ,S ,
SM28992 ,S ,
SM28993 ,S ,
SM28994 ,A ,
SM28995 ,S ,
SM28996 ,S ,
SM28997 ,S ,
SM28998 ,S ,
SM28999 ,S ,
SM29000 ,A ,
SM29001 ,S ,
SM29002 ,S ,
SM29003 ,S ,
SM29004 ,S ,
SM29005 ,S ,
SM29006 ,S ,
SM29007 ,A ,
SM29008 ,S ,
SM29009 ,A ,
SM29010 ,S ,
SM29011 ,S ,
SM29012 ,S ,
SM29013 ,A ,
SM29014 ,A ,
SM29015 ,S ,
SM29016 ,A ,
SM29017 ,S ,
SM29018 ,S ,
SM29019 ,A ,
SM29020 ,S ,
SM29021 ,S ,
SM29022 ,S ,
SM29023 ,S ,
SM29024 ,A ,
SM29025 ,S ,
SM29026 ,A ,
SM29027 ,S ,
SM29028 ,S ,
SM29029 ,S ,
SM29030 ,A ,
SM29031 ,A ,
SM29032 ,S ,
SM29033 ,S ,
SM29034 ,S ,
SM29035 ,A ,
SM29036 ,S ,
SM29037 ,S ,
SM29038 ,S ,
SM29039 ,A ,
SM29040 ,S ,
SM29041 ,S ,
SM29042 ,A ,
SM29043 ,S ,
SM29044 ,S ,
SM29045 ,S ,
SM29046 ,S ,
SM29047 ,S ,
SM29048 ,S ,
SM29049 ,S ,
SM29050 ,S ,
SM29051 ,A ,
SM29052 ,S ,
SM29053 ,S ,
SM29054 ,S ,
SM29055 ,A ,
SM29056 ,S ,
SM29057 ,A ,
SM29058 ,S ,
SM29059 ,A ,
SM29060 ,A ,
SM29061 ,A ,
SM29062 ,S ,
SM29063 ,S ,
SM29064 ,S ,
SM29065 ,S ,
SM29066 ,S ,
SM29067 ,A ,
SM29068 ,S ,
SM29069 ,S ,
SM29070 ,A ,
SM29071 ,S ,
SM29072 ,A ,
SM29073 ,S ,
SM29074 ,S ,
SM29075 ,A ,
SM29076 ,A ,
SM29077 ,S ,
SM29078 ,S ,
SM29079 ,A ,
SM29080 ,A ,
SM29081 ,S ,
SM29082 ,A ,
SM29083 ,S ,
SM29084 ,S ,
SM29085 ,S ,
SM29086 ,A ,
SM29087 ,S ,
SM29088 ,S ,
SM29089 ,A ,
SM29090 ,S ,
SM29091 ,S ,
SM29092 ,S ,
SM29093 ,S ,
SM29094 ,S ,
SM29095 ,S ,
SM29096 ,A ,
SM29097 ,S ,
SM29098 ,S ,
SM29099 ,S ,
SM29100 ,S ,
SM29101 ,S ,
SM29102 ,S ,
SM29103 ,A ,
SM29104 ,S ,
SM29105 ,A ,
SM29106 ,S ,
SM29107 ,S ,
SM29108 ,A ,
SM29109 ,S ,
SM29110 ,A ,
SM29111 ,S ,
SM29112 ,A ,
SM29113 ,S ,
SM29115 ,S ,
SM29116 ,S ,
SM29117 ,S ,
SM29118 ,S ,
SM29119 ,S ,
SM29120 ,S ,
SM29121 ,S ,
SM29122 ,S ,
SM29123 ,S ,
SM29124 ,S ,
SM29125 ,S ,
SM29126 ,S ,
SM29127 ,A ,
SM29128 ,A ,
SM29129 ,S ,
SM29130 ,S ,
SM29131 ,S ,
SM29132 ,S ,
SM29133 ,S ,
SM29134 ,S ,
SM29135 ,A ,
SM29137 ,S ,
SM29138 ,S ,
SM29139 ,S ,
SM29140 ,S ,
SM29141 ,S ,
SM29142 ,S ,
SM29143 ,S ,
SM29144 ,S ,
SM29145 ,S ,
SM29146 ,A ,
SM29147 ,S ,
SM29148 ,A ,
SM29149 ,S ,
SM29150 ,S ,
SM29151 ,S ,
SM29152 ,S ,
SM29153 ,S ,
SM29154 ,S ,
SM29155 ,S ,
SM29156 ,A ,
SM29157 ,S ,
SM29158 ,S ,
SM29159 ,S ,
SM29160 ,S ,
SM29161 ,S ,
SM29162 ,A ,
SM29163 ,S ,
SM29164 ,S ,
SM29165 ,A ,
SM29166 ,S ,
SM29167 ,S ,
SM29168 ,A ,
SM29169 ,S ,
SM29170 ,S ,
SM29171 ,S ,
SM29172 ,S ,
SM29173 ,S ,
SM29174 ,A ,
SM29175 ,A ,
SM29176 ,S ,
SM29177 ,S ,
SM29178 ,S ,
SM29179 ,S ,
SM29180 ,A ,
SM29181 ,S ,
SM29182 ,S ,
SM29183 ,S ,
SM29184 ,S ,
SM29185 ,S ,
SM29186 ,A ,
SM29187 ,S ,
SM29188 ,S ,
SM29189 ,S ,
SM29190 ,A ,
SM29191 ,A ,
SM29192 ,S ,
SM29193 ,S ,
SM29194 ,S ,
SM29195 ,A ,
SM29196 ,S ,
SM29197 ,A ,
SM29199 ,A ,
SM29200 ,S ,
SM29201 ,S ,
SM29202 ,S ,
SM29203 ,S ,
SM29204 ,S ,
SM29205 ,S ,
SM29206 ,S ,
SM29207 ,A ,
SM29208 ,A ,
SM29209 ,S ,
SM29210 ,S ,
SM29211 ,S ,
SM29212 ,A ,
SM29213 ,S ,
SM29214 ,S ,
SM29215 ,A ,
SM29216 ,S ,
SM29217 ,S ,
SM29218 ,S ,
SM29219 ,S ,
SM29220 ,S ,
SM29221 ,A ,
SM29222 ,A ,
SM29223 ,S ,
SM29224 ,A ,
SM29225 ,S ,
SM29226 ,S ,
SM29227 ,S ,
SM29228 ,S ,
SM29229 ,S ,
SM29230 ,S ,
SM29231 ,S ,
SM29232 ,S ,
SM29233 ,S ,
SM29234 ,A ,
SM29235 ,S ,
SM29236 ,S ,
SM29237 ,S ,
SM29238 ,S ,
SM29239 ,S ,
SM29240 ,S ,
SM29241 ,S ,
SM29242 ,A ,
SM29243 ,S ,
SM29244 ,S ,
SM29245 ,S ,
SM29246 ,S ,
SM29247 ,A ,
SM29248 ,S ,
SM29249 ,S ,
SM29250 ,A ,
SM29252 ,S ,
SM29253 ,S ,
SM29254 ,S ,
SM29255 ,S ,
SM29256 ,A ,
SM29257 ,S ,
SM29258 ,A ,
SM29259 ,S ,
SM29260 ,S ,
SM29261 ,S ,
SM29262 ,S ,
SM29263 ,S ,
SM29264 ,S ,
SM29265 ,S ,
SM29266 ,S ,
SM29267 ,A ,
SM29268 ,S ,
SM29269 ,S ,
SM29270 ,A ,
SM29272 ,S ,
SM29273 ,S ,
SM29274 ,S ,
SM29275 ,S ,
SM29276 ,S ,
SM29277 ,S ,
SM29278 ,S ,
SM29279 ,A ,
SM29280 ,S ,
SM29281 ,S ,
SM29282 ,A ,
SM29283 ,S ,
SM29284 ,S ,
SM29285 ,S ,
SM29286 ,S ,
SM29287 ,S ,
SM29288 ,S ,
SM29289 ,S ,
SM29290 ,S ,
SM29291 ,S ,
SM29292 ,S ,
SM29293 ,S ,
SM29294 ,S ,
SM29295 ,S ,
SM29296 ,S ,
SM29297 ,A ,
SM29298 ,S ,
SM29299 ,S ,
SM29300 ,S ,
SM29301 ,S ,
SM29302 ,S ,
SM29303 ,S ,
SM29304 ,A ,
SM29305 ,S ,
SM29306 ,S ,
SM29307 ,A ,
SM29308 ,S ,
SM29309 ,A ,
SM29310 ,S ,
SM29311 ,S ,
SM29312 ,S ,
SM29313 ,S ,
SM29314 ,S ,
SM29315 ,S ,
SM29316 ,S ,
SM29317 ,S ,
SM29318 ,S ,
SM29319 ,S ,
SM29320 ,S ,
SM29321 ,S ,
SM29322 ,S ,
SM29323 ,S ,
SM29324 ,S ,
SM29325 ,S ,
SM29326 ,S ,
SM29327 ,S ,
SM29328 ,A ,
SM29329 ,A ,
SM29330 ,S ,
SM29331 ,S ,
SM29332 ,S ,
SM29333 ,S ,
SM29334 ,S ,
SM29335 ,S ,
SM29336 ,S ,
SM29337 ,S ,
SM29338 ,A ,
SM29339 ,S ,
SM29340 ,A ,
SM29341 ,S ,
SM29342 ,A ,
SM29343 ,S ,
SM29344 ,S ,
SM29345 ,S ,
SM29346 ,S ,
SM29347 ,S ,
SM29348 ,S ,
SM29349 ,S ,
SM29350 ,S ,
SM29351 ,S ,
SM29352 ,S ,
SM29353 ,S ,
SM29354 ,S ,
SM29355 ,S ,
SM29357 ,S ,
SM29358 ,S ,
SM29359 ,A ,
SM29360 ,S ,
SM29361 ,S ,
SM29362 ,S ,
SM29363 ,A ,
SM29364 ,A ,
SM29365 ,S ,
SM29366 ,S ,
SM29367 ,A ,
SM29368 ,S ,
SM29369 ,S ,
SM29370 ,S ,
SM29371 ,S ,
SM29372 ,S ,
SM29373 ,S ,
SM29374 ,S ,
SM29375 ,S ,
SM29376 ,A ,
SM29377 ,S ,
SM29378 ,S ,
SM29379 ,S ,
SM29380 ,A ,
SM29381 ,S ,
SM29382 ,S ,
SM29383 ,S ,
SM29384 ,S ,
SM29385 ,S ,
SM29386 ,S ,
SM29387 ,S ,
SM29388 ,S ,
SM29389 ,S ,
SM29390 ,S ,
SM29391 ,S ,
SM29392 ,S ,
SM29393 ,S ,
SM29394 ,S ,
SM29395 ,S ,
SM29396 ,S ,
SM29397 ,S ,
SM29398 ,S ,
SM29399 ,S ,
SM29400 ,S ,
SM29401 ,S ,
SM29402 ,S ,
SM29403 ,S ,
SM29404 ,S ,
SM29405 ,S ,
SM29406 ,S ,
SM29407 ,S ,
SM29408 ,S ,
SM29409 ,S ,
SM29410 ,A ,
SM29411 ,S ,
SM29412 ,S ,
SM29413 ,S ,
SM29414 ,S ,
SM29415 ,S ,
SM29416 ,S ,
SM29417 ,S ,
SM29418 ,S ,
SM29419 ,S ,
SM29420 ,S ,
SM29421 ,S ,
SM29422 ,S ,
SM29423 ,S ,
SM29424 ,S ,
SM29425 ,S ,
SM29426 ,S ,
SM29427 ,S ,
SM29428 ,S ,
SM29429 ,A ,
SM29430 ,A ,
SM29431 ,S ,
SM29432 ,S ,
SM29433 ,S ,
SM29434 ,S ,
SM29435 ,S ,
SM29436 ,S ,
SM29437 ,S ,
SM29438 ,S ,
SM29439 ,S ,
SM29440 ,S ,
SM29441 ,S ,
SM29442 ,S ,
SM29443 ,S ,
SM29444 ,S ,
SM29445 ,S ,
SM29446 ,S ,
SM29447 ,S ,
SM29448 ,S ,
SM29449 ,S ,
SM29450 ,A ,
SM29451 ,A ,
SM29452 ,S ,
SM29453 ,S ,
SM29454 ,S ,
SM29455 ,S ,
SM29456 ,S ,
SM29457 ,S ,
SM29458 ,A ,
SM29459 ,S ,
SM29460 ,A ,
SM29461 ,S ,
SM29462 ,S ,
SM29463 ,A ,
SM29464 ,S ,
SM29465 ,S ,
SM29466 ,S ,
SM29467 ,S ,
SM29468 ,S ,
SM29469 ,S ,
SM29470 ,S ,
SM29471 ,S ,
SM29472 ,S ,
SM29473 ,S ,
SM29474 ,A ,
SM29475 ,S ,
SM29476 ,A ,
SM29477 ,S ,
SM29478 ,S ,
SM29479 ,A ,
SM29480 ,S ,
SM29481 ,S ,
SM29482 ,S ,
SM29483 ,S ,
SM29484 ,S ,
SM29485 ,S ,
SM29486 ,S ,
SM29487 ,S ,
SM29488 ,A ,
SM29489 ,S ,
SM29490 ,S ,
SM29491 ,S ,
SM29492 ,A ,
SM29493 ,S ,
SM29494 ,S ,
SM29495 ,A ,
SM29496 ,A ,
SM29497 ,S ,
SM29498 ,S ,
SM29499 ,S ,
SM29500 ,S ,
SM29501 ,S ,
SM29502 ,S ,
SM29503 ,S ,
SM29504 ,S ,
SM29505 ,S ,
SM29506 ,A ,
SM29507 ,S ,
SM29508 ,A ,
SM29509 ,A ,
SM29510 ,S ,
SM29511 ,S ,
SM29512 ,S ,
SM29513 ,S ,
SM29514 ,S ,
SM29515 ,S ,
SM29516 ,S ,
SM29517 ,S ,
SM29518 ,S ,
SM29519 ,A ,
SM29520 ,S ,
SM29521 ,S ,
SM29522 ,S ,
SM29523 ,S ,
SM29524 ,S ,
SM29525 ,S ,
SM29526 ,S ,
SM29527 ,S ,
SM29528 ,S ,
SM29529 ,S ,
SM29530 ,A ,
SM29531 ,S ,
SM29532 ,S ,
SM29533 ,S ,
SM29534 ,S ,
SM29535 ,S ,
SM29536 ,S ,
SM29537 ,S ,
SM29538 ,S ,
SM29539 ,A ,
SM29540 ,S ,
SM29541 ,S ,
SM29542 ,S ,
SM29543 ,S ,
SM29544 ,S ,
SM29545 ,S ,
SM29546 ,A ,
SM29547 ,S ,
SM29548 ,S ,
SM29549 ,S ,
SM29550 ,S ,
SM29551 ,S ,
SM29552 ,S ,
SM29553 ,S ,
SM29554 ,A ,
SM29555 ,S ,
SM29556 ,S ,
SM29557 ,A ,
SM29558 ,S ,
SM29559 ,S ,
SM29560 ,S ,
SM29561 ,S ,
SM29562 ,S ,
SM29563 ,S ,
SM29564 ,S ,
SM29565 ,S ,
SM29566 ,S ,
SM29567 ,S ,
SM29568 ,S ,
SM29569 ,S ,
SM29570 ,S ,
SM29571 ,S ,
SM29572 ,A ,
SM29573 ,S ,
SM29574 ,S ,
SM29575 ,S ,
SM29576 ,S ,
SM29577 ,S ,
SM29578 ,A ,
SM29579 ,S ,
SM29580 ,S ,
SM29581 ,S ,
SM29582 ,A ,
SM29583 ,S ,
SM29584 ,A ,
SM29585 ,S ,
SM29586 ,S ,
SM29587 ,S ,
SM29588 ,S ,
SM29589 ,S ,
SM29590 ,A ,
SM29591 ,S ,
SM29592 ,S ,
SM29593 ,S ,
SM29594 ,S ,
SM29595 ,A ,
SM29596 ,A ,
SM29597 ,S ,
SM29598 ,A ,
SM29599 ,S ,
SM29600 ,S ,
SM29601 ,S ,
SM29602 ,S ,
SM29603 ,S ,
SM29604 ,S ,
SM29605 ,A ,
SM29606 ,S ,
SM29607 ,S ,
SM29608 ,S ,
SM29609 ,S ,
SM29610 ,S ,
SM29611 ,S ,
SM29612 ,A ,
SM29613 ,S ,
SM29614 ,A ,
SM29615 ,A ,
SM29616 ,S ,
SM29617 ,A ,
SM29618 ,S ,
SM29619 ,S ,
SM29620 ,A ,
SM29622 ,A ,
SM29623 ,S ,
SM29624 ,S ,
SM29625 ,S ,
SM29626 ,S ,
SM29627 ,A ,
SM29628 ,A ,
SM29629 ,S ,
SM29630 ,S ,
SM29631 ,S ,
SM29632 ,S ,
SM29633 ,S ,
SM29634 ,S ,
SM29635 ,A ,
SM29636 ,S ,
SM29637 ,S ,
SM29638 ,S ,
SM29639 ,A ,
SM29640 ,S ,
SM29641 ,S ,
SM29642 ,S ,
SM29643 ,S ,
SM29644 ,S ,
SM29645 ,S ,
SM29646 ,A ,
SM29647 ,S ,
SM29648 ,S ,
SM29649 ,S ,
SM29650 ,A ,
SM29651 ,S ,
SM29652 ,A ,
SM29653 ,S ,
SM29654 ,S ,
SM29655 ,S ,
SM29656 ,S ,
SM29657 ,S ,
SM29658 ,S ,
SM29659 ,S ,
SM29660 ,S ,
SM29661 ,S ,
SM29662 ,A ,
SM29663 ,S ,
SM29664 ,S ,
SM29665 ,S ,
SM29666 ,S ,
SM29667 ,A ,
SM29668 ,S ,
SM29669 ,A ,
SM29670 ,S ,
SM29671 ,S ,
SM29672 ,S ,
SM29673 ,S ,
SM29674 ,S ,
SM29675 ,S ,
SM29676 ,S ,
SM29677 ,S ,
SM29678 ,S ,
SM29679 ,S ,
SM29680 ,S ,
SM29681 ,S ,
SM29682 ,A ,
SM29683 ,S ,
SM29684 ,S ,
SM29685 ,S ,
SM29686 ,A ,
SM29687 ,S ,
SM29688 ,S ,
SM29689 ,S ,
SM29690 ,S ,
SM29691 ,S ,
SM29692 ,S ,
SM29693 ,S ,
SM29694 ,S ,
SM29695 ,S ,
SM29696 ,A ,
SM29697 ,S ,
SM29698 ,S ,
SM29699 ,S ,
SM29700 ,S ,
SM29701 ,A ,
SM29702 ,S ,
SM29703 ,S ,
SM29704 ,S ,
SM29705 ,S ,
SM29706 ,S ,
SM29707 ,S ,
SM29708 ,S ,
SM29709 ,A ,
SM29710 ,A ,
SM29711 ,S ,
SM29712 ,A ,
SM29713 ,S ,
SM29714 ,A ,
SM29715 ,S ,
SM29716 ,S ,
SM29717 ,S ,
SM29718 ,S ,
SM29719 ,S ,
SM29720 ,A ,
SM29721 ,S ,
SM29722 ,S ,
SM29723 ,S ,
SM29724 ,S ,
SM29725 ,S ,
SM29726 ,S ,
SM29727 ,A ,
SM29728 ,S ,
SM29729 ,A ,
SM29730 ,A ,
SM29731 ,S ,
SM29732 ,S ,
SM29733 ,A ,
SM29734 ,S ,
SM29735 ,S ,
SM29736 ,A ,
SM29737 ,A ,
SM29738 ,S ,
SM29739 ,S ,
SM29740 ,S ,
SM29741 ,A ,
SM29742 ,A ,
SM29743 ,A ,
SM29744 ,S ,
SM29745 ,S ,
SM29746 ,S ,
SM29747 ,S ,
SM29748 ,S ,
SM29749 ,S ,
SM29750 ,A ,
SM29751 ,S ,
SM29752 ,S ,
SM29753 ,S ,
SM29754 ,S ,
SM29755 ,A ,
SM29756 ,S ,
SM29757 ,S ,
SM29759 ,S ,
SM29760 ,S ,
SM29761 ,S ,
SM29762 ,S ,
SM29763 ,S ,
SM29764 ,S ,
SM29765 ,S ,
SM29766 ,S ,
SM29767 ,S ,
SM29768 ,A ,
SM29769 ,S ,
SM29770 ,S ,
SM29771 ,S ,
SM29772 ,S ,
SM29773 ,S ,
SM29774 ,S ,
SM29775 ,S ,
SM29776 ,S ,
SM29777 ,A ,
SM29778 ,S ,
SM29779 ,S ,
SM29780 ,S ,
SM29781 ,S ,
SM29782 ,A ,
SM29783 ,S ,
SM29784 ,S ,
SM29785 ,S ,
SM29786 ,S ,
SM29787 ,S ,
SM29788 ,S ,
SM29789 ,S ,
SM29790 ,S ,
SM29791 ,S ,
SM29792 ,S ,
SM29793 ,A ,
SM29794 ,S ,
SM29795 ,S ,
SM29796 ,S ,
SM29797 ,S ,
SM29798 ,S ,
SM29799 ,S ,
SM29800 ,S ,
SM29801 ,S ,
SM29802 ,S ,
SM29803 ,S ,
SM29804 ,S ,
SM29805 ,S ,
SM29806 ,S ,
SM29807 ,A ,
SM29808 ,S ,
SM29809 ,S ,
SM29810 ,S ,
SM29811 ,S ,
SM29812 ,S ,
SM29813 ,S ,
SM29814 ,S ,
SM29815 ,S ,
SM29816 ,S ,
SM29817 ,S ,
SM29818 ,S ,
SM29819 ,S ,
SM29820 ,S ,
SM29821 ,S ,
SM29822 ,S ,
SM29823 ,A ,
SM29824 ,S ,
SM29825 ,S ,
SM29826 ,S ,
SM29827 ,S ,
SM29828 ,S ,
SM29829 ,S ,
SM29830 ,S ,
SM29831 ,S ,
SM29832 ,A ,
SM29833 ,S ,
SM29834 ,S ,
SM29835 ,S ,
SM29836 ,A ,
SM29837 ,S ,
SM29838 ,A ,
SM29839 ,S ,
SM29840 ,S ,
SM29841 ,S ,
SM29842 ,S ,
SM29843 ,S ,
SM29844 ,S ,
SM29845 ,S ,
SM29846 ,S ,
SM29847 ,S ,
SM29848 ,S ,
SM29849 ,S ,
SM29850 ,A ,
SM29851 ,S ,
SM29852 ,S ,
SM29853 ,A ,
SM29854 ,A ,
SM29855 ,A ,
SM29856 ,S ,
SM29857 ,A ,
SM29858 ,S ,
SM29859 ,A ,
SM29860 ,A ,
SM29861 ,A ,
SM29862 ,S ,
SM29863 ,A ,
SM29864 ,S ,
SM29865 ,S ,
SM29866 ,A ,
SM29867 ,S ,
SM29868 ,A ,
SM29869 ,S ,
SM29870 ,S ,
SM29871 ,S ,
SM29872 ,S ,
SM29873 ,S ,
SM29874 ,S ,
SM29875 ,A ,
SM29876 ,S ,
SM29877 ,S ,
SM29878 ,S ,
SM29879 ,S ,
SM29880 ,S ,
SM29881 ,S ,
SM29882 ,S ,
SM29883 ,A ,
SM29884 ,S ,
SM29885 ,S ,
SM29886 ,S ,
SM29887 ,S ,
SM29888 ,S ,
SM29889 ,S ,
SM29890 ,S ,
SM29891 ,S ,
SM29892 ,S ,
SM29893 ,S ,
SM29894 ,S ,
SM29895 ,S ,
SM29896 ,S ,
SM29897 ,S ,
SM29898 ,S ,
SM29899 ,S ,
SM29900 ,S ,
SM29901 ,S ,
SM29902 ,S ,
SM29903 ,S ,
SM29904 ,S ,
SM29905 ,S ,
SM29906 ,A ,
SM29907 ,A ,
SM29908 ,S ,
SM29909 ,S ,
SM29910 ,S ,
SM29911 ,S ,
SM29912 ,S ,
SM29913 ,S ,
SM29914 ,S ,
SM29915 ,S ,
SM29916 ,S ,
SM29917 ,S ,
SM29918 ,S ,
SM29919 ,S ,
SM29920 ,S ,
SM29921 ,S ,
SM29922 ,S ,
SM29923 ,S ,
SM29924 ,S ,
SM29925 ,S ,
SM29926 ,S ,
SM29927 ,A ,
SM29928 ,S ,
SM29929 ,S ,
SM29930 ,S ,
SM29931 ,S ,
SM29932 ,S ,
SM29933 ,S ,
SM29934 ,S ,
SM29935 ,S ,
SM29936 ,S ,
SM29937 ,S ,
SM29938 ,S ,
SM29939 ,S ,
SM29940 ,S ,
SM29941 ,S ,
SM29942 ,A ,
SM29943 ,S ,
SM29944 ,S ,
SM29945 ,S ,
SM29946 ,S ,
SM29947 ,S ,
SM29948 ,S ,
SM29949 ,S ,
SM29950 ,S ,
SM29951 ,S ,
SM29952 ,S ,
SM29953 ,S ,
SM29954 ,S ,
SM29955 ,S ,
SM29956 ,S ,
SM29957 ,S ,
SM29958 ,S ,
SM29959 ,S ,
SM29960 ,S ,
SM29961 ,S ,
SM29962 ,S ,
SM29963 ,S ,
SM29964 ,S ,
SM29965 ,S ,
SM29966 ,S ,
SM29967 ,A ,
SM29968 ,S ,
SM29969 ,S ,
SM29970 ,S ,
SM29971 ,S ,
SM29972 ,S ,
SM29973 ,A ,
SM29974 ,S ,
SM29975 ,S ,
SM29976 ,S ,
SM29977 ,S ,
SM29978 ,A ,
SM29979 ,S ,
SM29980 ,S ,
SM29981 ,S ,
SM29982 ,S ,
SM29983 ,S ,
SM29984 ,S ,
SM29985 ,S ,
SM29986 ,S ,
SM29987 ,S ,
SM29988 ,A ,
SM29989 ,S ,
SM29990 ,S ,
SM29991 ,S ,
SM29992 ,A ,
SM29993 ,S ,
SM29994 ,S ,
SM29995 ,S ,
SM29996 ,S ,
SM29997 ,S ,
SM29998 ,A ,
SM29999 ,S ,
SM30000 ,S ,
SM30001 ,A ,
SM30002 ,A ,
SM30003 ,S ,
SM30004 ,A ,
SM30005 ,S ,
SM30006 ,A ,
SM30007 ,S ,
SM30008 ,S ,
SM30009 ,S ,
SM30010 ,A ,
SM30011 ,A ,
SM30012 ,A ,
SM30013 ,S ,
SM30014 ,S ,
SM30015 ,S ,
SM30016 ,S ,
SM30017 ,S ,
SM30018 ,S ,
SM30019 ,S ,
SM30020 ,A ,
SM30021 ,A ,
SM30022 ,S ,
SM30023 ,S ,
SM30024 ,S ,
SM30025 ,S ,
SM30026 ,S ,
SM30027 ,S ,
SM30028 ,A ,
SM30029 ,S ,
SM30030 ,S ,
SM30031 ,S ,
SM30032 ,S ,
SM30033 ,A ,
SM30034 ,S ,
SM30035 ,S ,
SM30036 ,S ,
SM30037 ,S ,
SM30038 ,S ,
SM30039 ,S ,
SM30040 ,S ,
SM30041 ,S ,
SM30042 ,S ,
SM30043 ,S ,
SM30044 ,S ,
SM30045 ,S ,
SM30046 ,S ,
SM30047 ,S ,
SM30048 ,S ,
SM30049 ,S ,
SM30050 ,S ,
SM30051 ,S ,
SM30052 ,S ,
SM30053 ,S ,
SM30054 ,A ,
SM30055 ,S ,
SM30056 ,S ,
SM30057 ,S ,
SM30058 ,S ,
SM30059 ,S ,
SM30060 ,S ,
SM30061 ,S ,
SM30062 ,S ,
SM30063 ,A ,
SM30064 ,A ,
SM30065 ,S ,
SM30066 ,S ,
SM30067 ,S ,
SM30068 ,S ,
SM30069 ,S ,
SM30070 ,S ,
SM30071 ,S ,
SM30072 ,S ,
SM30073 ,S ,
SM30074 ,A ,
SM30075 ,S ,
SM30076 ,S ,
SM30077 ,S ,
SM30078 ,S ,
SM30079 ,S ,
SM30080 ,S ,
SM30081 ,S ,
SM30082 ,A ,
SM30084 ,A ,
SM30085 ,S ,
SM30086 ,S ,
SM30088 ,S ,
SM30089 ,S ,
SM30090 ,S ,
SM30091 ,A ,
SM30092 ,S ,
SM30093 ,S ,
SM30094 ,S ,
SM30095 ,S ,
SM30096 ,S ,
SM30097 ,S ,
SM30098 ,S ,
SM30099 ,A ,
SM30100 ,S ,
SM30101 ,S ,
SM30102 ,S ,
SM30103 ,S ,
SM30104 ,S ,
SM30105 ,S ,
SM30106 ,A ,
SM30107 ,A ,
SM30110 ,S ,
SM30111 ,A ,
SM30112 ,S ,
SM30113 ,S ,
SM30114 ,S ,
SM30116 ,S ,
SM30117 ,S ,
SM30118 ,S ,
SM30119 ,S ,
SM30120 ,A ,
SM30121 ,S ,
SM30122 ,A ,
SM30123 ,S ,
SM30124 ,S ,
SM30125 ,S ,
SM30126 ,S ,
SM30128 ,S ,
SM30129 ,S ,
SM30130 ,S ,
SM30131 ,S ,
SM30132 ,A ,
SM30133 ,A ,
SM30134 ,S ,
SM30135 ,A ,
SM30136 ,S ,
SM30137 ,S ,
SM30138 ,S ,
SM30139 ,A ,
SM30140 ,S ,
SM30141 ,A ,
SM30142 ,S ,
SM30143 ,S ,
SM30144 ,A ,
SM30145 ,A ,
SM30146 ,S ,
SM30147 ,A ,
SM30148 ,A ,
SM30149 ,A ,
SM30150 ,A ,
SM30151 ,A ,
SM30152 ,S ,
SM30153 ,S ,
SM30155 ,S ,
SM30156 ,A ,
SM30157 ,S ,
SM30158 ,A ,
SM30159 ,S ,
SM30160 ,S ,
SM30161 ,A ,
SM30163 ,S ,
SM30164 ,S ,
SM30165 ,S ,
SM30166 ,A ,
SM30167 ,S ,
SM30168 ,S ,
SM30169 ,S ,
SM30170 ,S ,
SM30171 ,A ,
SM30172 ,S ,
SM30173 ,S ,
SM30174 ,S ,
SM30175 ,S ,
SM30176 ,S ,
SM30177 ,A ,
SM30178 ,S ,
SM30179 ,S ,
SM30180 ,S ,
SM30181 ,S ,
SM30182 ,S ,
SM30183 ,A ,
SM30184 ,S ,
SM30185 ,S ,
SM30186 ,S ,
SM30187 ,S ,
SM30188 ,S ,
SM30189 ,S ,
SM30190 ,A ,
SM30191 ,S ,
SM30192 ,S ,
SM30193 ,S ,
SM30194 ,S ,
SM30195 ,S ,
SM30196 ,S ,
SM30197 ,S ,
SM30198 ,S ,
SM30199 ,S ,
SM30200 ,A ,
SM30201 ,S ,
SM30202 ,S ,
SM30203 ,S ,
SM30204 ,S ,
SM30205 ,S ,
SM30206 ,S ,
SM30207 ,S ,
SM30208 ,A ,
SM30209 ,S ,
SM30210 ,S ,
SM30211 ,S ,
SM30212 ,S ,
SM30213 ,S ,
SM30214 ,S ,
SM30215 ,S ,
SM30216 ,S ,
SM30217 ,S ,
SM30218 ,S ,
SM30219 ,S ,
SM30220 ,S ,
SM30221 ,S ,
SM30222 ,S ,
SM30223 ,S ,
SM30224 ,S ,
SM30225 ,S ,
SM30226 ,S ,
SM30227 ,S ,
SM30228 ,S ,
SM30229 ,S ,
SM30230 ,S ,
SM30231 ,S ,
SM30232 ,S ,
SM30233 ,S ,
SM30234 ,S ,
SM30235 ,S ,
SM30236 ,S ,
SM30237 ,S ,
SM30238 ,S ,
SM30239 ,A ,
SM30240 ,S ,
SM30241 ,S ,
SM30242 ,S ,
SM30243 ,S ,
SM30244 ,S ,
SM30245 ,S ,
SM30246 ,A ,
SM30247 ,S ,
SM30248 ,S ,
SM30249 ,S ,
SM30250 ,S ,
SM30251 ,S ,
SM30252 ,S ,
SM30253 ,S ,
SM30254 ,A ,
SM30255 ,S ,
SM30256 ,S ,
SM30257 ,S ,
SM30258 ,S ,
SM30259 ,S ,
SM30260 ,A ,
SM30261 ,S ,
SM30262 ,A ,
SM30263 ,S ,
SM30264 ,S ,
SM30265 ,S ,
SM30266 ,S ,
SM30267 ,A ,
SM30268 ,A ,
SM30269 ,S ,
SM30270 ,A ,
SM30271 ,S ,
SM30272 ,A ,
SM30273 ,S ,
SM30274 ,A ,
SM30275 ,S ,
SM30276 ,S ,
SM30277 ,A ,
SM30278 ,S ,
SM30279 ,S ,
SM30280 ,S ,
SM30281 ,S ,
SM30282 ,S ,
SM30283 ,S ,
SM30284 ,A ,
SM30285 ,S ,
SM30286 ,S ,
SM30287 ,A ,
SM30288 ,S ,
SM30289 ,S ,
SM30290 ,A ,
SM30291 ,S ,
SM30292 ,S ,
SM30293 ,A ,
SM30294 ,S ,
SM30295 ,S ,
SM30296 ,S ,
SM30297 ,S ,
SM30298 ,S ,
SM30299 ,A ,
SM30300 ,S ,
SM30301 ,S ,
SM30303 ,S ,
SM30304 ,S ,
SM30305 ,S ,
SM30306 ,S ,
SM30307 ,S ,
SM30308 ,S ,
SM30309 ,S ,
SM30310 ,A ,
SM30311 ,S ,
SM30312 ,S ,
SM30313 ,S ,
SM30314 ,A ,
SM30315 ,S ,
SM30316 ,S ,
SM30317 ,S ,
SM30318 ,S ,
SM30319 ,S ,
SM30320 ,S ,
SM30321 ,S ,
SM30322 ,S ,
SM30323 ,A ,
SM30324 ,A ,
SM30325 ,S ,
SM30326 ,S ,
SM30327 ,A ,
SM30328 ,S ,
SM30329 ,S ,
SM30330 ,A ,
SM30331 ,S ,
SM30332 ,A ,
SM30333 ,S ,
SM30334 ,S ,
SM30335 ,S ,
SM30336 ,S ,
SM30337 ,S ,
SM30338 ,S ,
SM30339 ,S ,
SM30340 ,S ,
SM30341 ,S ,
SM30342 ,S ,
SM30343 ,S ,
SM30344 ,S ,
SM30345 ,S ,
SM30346 ,S ,
SM30347 ,S ,
SM30348 ,S ,
SM30349 ,S ,
SM30350 ,S ,
SM30351 ,S ,
SM30352 ,S ,
SM30353 ,S ,
SM30354 ,S ,
SM30355 ,S ,
SM30356 ,S ,
SM30357 ,S ,
SM30358 ,S ,
SM30359 ,A ,
SM30360 ,S ,
SM30361 ,A ,
SM30362 ,S ,
SM30363 ,S ,
SM30364 ,S ,
SM30365 ,S ,
SM30366 ,S ,
SM30367 ,S ,
SM30368 ,A ,
SM30369 ,S ,
SM30370 ,S ,
SM30371 ,S ,
SM30372 ,A ,
SM30373 ,S ,
SM30374 ,S ,
SM30375 ,S ,
SM30376 ,S ,
SM30377 ,S ,
SM30378 ,A ,
SM30379 ,A ,
SM30380 ,S ,
SM30381 ,S ,
SM30382 ,A ,
SM30383 ,S ,
SM30384 ,S ,
SM30385 ,S ,
SM30386 ,S ,
SM30387 ,A ,
SM30388 ,S ,
SM30389 ,S ,
SM30390 ,A ,
SM30391 ,S ,
SM30392 ,S ,
SM30393 ,S ,
SM30394 ,S ,
SM30395 ,S ,
SM30396 ,S ,
SM30397 ,A ,
SM30398 ,S ,
SM30399 ,A ,
SM30400 ,S ,
SM30401 ,A ,
SM30402 ,S ,
SM30403 ,S ,
SM30404 ,A ,
SM30405 ,S ,
SM30406 ,S ,
SM30407 ,S ,
SM30408 ,S ,
SM30409 ,S ,
SM30410 ,S ,
SM30411 ,A ,
SM30412 ,S ,
SM30413 ,S ,
SM30414 ,A ,
SM30415 ,A ,
SM30416 ,S ,
SM30417 ,S ,
SM30418 ,S ,
SM30419 ,S ,
SM30420 ,S ,
SM30421 ,A ,
SM30422 ,S ,
SM30423 ,S ,
SM30424 ,A ,
SM30425 ,S ,
SM30426 ,A ,
SM30427 ,S ,
SM30428 ,S ,
SM30429 ,S ,
SM30430 ,S ,
SM30431 ,S ,
SM30432 ,S ,
SM30433 ,S ,
SM30434 ,A ,
SM30435 ,S ,
SM30436 ,S ,
SM30437 ,S ,
SM30438 ,S ,
SM30439 ,S ,
SM30440 ,S ,
SM30441 ,S ,
SM30442 ,S ,
SM30443 ,S ,
SM30444 ,A ,
SM30445 ,A ,
SM30446 ,S ,
SM30447 ,S ,
SM30448 ,S ,
SM30449 ,S ,
SM30450 ,S ,
SM30451 ,S ,
SM30452 ,S ,
SM30453 ,S ,
SM30454 ,A ,
SM30455 ,A ,
SM30456 ,S ,
SM30457 ,S ,
SM30459 ,S ,
SM30460 ,S ,
SM30461 ,S ,
SM30462 ,S ,
SM30463 ,A ,
SM30464 ,A ,
SM30465 ,S ,
SM30466 ,S ,
SM30467 ,S ,
SM30468 ,S ,
SM30469 ,S ,
SM30471 ,S ,
SM30472 ,S ,
SM30473 ,A ,
SM30474 ,S ,
SM30475 ,S ,
SM30476 ,A ,
SM30477 ,S ,
SM30478 ,S ,
SM30479 ,S ,
SM30480 ,S ,
SM30481 ,S ,
SM30482 ,A ,
SM30483 ,S ,
SM30484 ,S ,
SM30485 ,S ,
SM30486 ,S ,
SM30487 ,S ,
SM30488 ,S ,
SM30489 ,S ,
SM30490 ,S ,
SM30491 ,A ,
SM30492 ,S ,
SM30493 ,S ,
SM30494 ,S ,
SM30495 ,S ,
SM30496 ,S ,
SM30497 ,S ,
SM30498 ,A ,
SM30499 ,S ,
SM30500 ,S ,
SM30501 ,A ,
SM30502 ,S ,
SM30503 ,A ,
SM30504 ,A ,
SM30505 ,S ,
SM30506 ,S ,
SM30507 ,S ,
SM30508 ,S ,
SM30509 ,S ,
SM30510 ,S ,
SM30511 ,S ,
SM30512 ,S ,
SM30513 ,A ,
SM30514 ,S ,
SM30515 ,S ,
SM30516 ,S ,
SM30517 ,S ,
SM30518 ,S ,
SM30519 ,S ,
SM30520 ,S ,
SM30521 ,S ,
SM30522 ,S ,
SM30523 ,S ,
SM30524 ,S ,
SM30525 ,A ,
SM30526 ,S ,
SM30528 ,S ,
SM30529 ,S ,
SM30530 ,A ,
SM30531 ,S ,
SM30532 ,S ,
SM30533 ,S ,
SM30534 ,A ,
SM30535 ,A ,
SM30536 ,S ,
SM30537 ,A ,
SM30539 ,S ,
SM30540 ,S ,
SM30541 ,S ,
SM30542 ,S ,
SM30543 ,S ,
SM30544 ,S ,
SM30545 ,S ,
SM30546 ,A ,
SM30548 ,S ,
SM30549 ,S ,
SM30550 ,A ,
SM30551 ,S ,
SM30552 ,S ,
SM30553 ,S ,
SM30554 ,S ,
SM30555 ,S ,
SM30556 ,A ,
SM30557 ,A ,
SM30558 ,A ,
SM30559 ,S ,
SM30560 ,S ,
SM30561 ,S ,
SM30562 ,S ,
SM30563 ,A ,
SM30564 ,S ,
SM30565 ,S ,
SM30566 ,S ,
SM30567 ,A ,
SM30568 ,S ,
SM30569 ,S ,
SM30570 ,S ,
SM30571 ,S ,
SM30572 ,S ,
SM30573 ,A ,
SM30574 ,A ,
SM30575 ,S ,
SM30576 ,A ,
SM30577 ,S ,
SM30578 ,A ,
SM30579 ,S ,
SM30580 ,S ,
SM30581 ,S ,
SM30582 ,S ,
SM30583 ,A ,
SM30585 ,S ,
SM30586 ,S ,
SM30587 ,A ,
SM30588 ,S ,
SM30589 ,A ,
SM30590 ,S ,
SM30591 ,S ,
SM30592 ,S ,
SM30593 ,S ,
SM30594 ,S ,
SM30595 ,S ,
SM30596 ,S ,
SM30597 ,S ,
SM30598 ,S ,
SM30599 ,S ,
SM30600 ,A ,
SM30601 ,S ,
SM30602 ,S ,
SM30603 ,S ,
SM30604 ,S ,
SM30605 ,S ,
SM30606 ,S ,
SM30608 ,S ,
SM30609 ,S ,
SM30610 ,A ,
SM30611 ,A ,
SM30612 ,S ,
SM30615 ,S ,
SM30616 ,A ,
SM30617 ,A ,
SM30618 ,S ,
SM30619 ,S ,
SM30620 ,S ,
SM30621 ,S ,
SM30622 ,S ,
SM30623 ,S ,
SM30624 ,A ,
SM30625 ,S ,
SM30626 ,S ,
SM30627 ,A ,
SM30628 ,S ,
SM30629 ,S ,
SM30630 ,S ,
SM30632 ,S ,
SM30633 ,S ,
SM30634 ,S ,
SM30635 ,S ,
SM30636 ,S ,
SM30637 ,S ,
SM30638 ,A ,
SM30639 ,S ,
SM30641 ,A ,
SM30642 ,A ,
SM30643 ,A ,
SM30644 ,S ,
SM30645 ,A ,
SM30646 ,S ,
SM30647 ,S ,
SM30648 ,S ,
SM30649 ,S ,
SM30650 ,S ,
SM30651 ,S ,
SM30653 ,S ,
SM30654 ,S ,
SM30656 ,S ,
SM30657 ,S ,
SM30658 ,S ,
SM30659 ,S ,
SM30660 ,S ,
SM30662 ,A ,
SM30663 ,S ,
SM30664 ,A ,
SM30665 ,A ,
SM30666 ,S ,
SM30667 ,A ,
SM30668 ,S ,
SM30669 ,S ,
SM30670 ,A ,
SM30671 ,S ,
SM30672 ,A ,
SM30673 ,S ,
SM30675 ,S ,
SM30676 ,S ,
SM30677 ,S ,
SM30678 ,S ,
SM30679 ,S ,
SM30680 ,S ,
SM30681 ,S ,
SM30682 ,S ,
SM30683 ,A ,
SM30684 ,S ,
SM30685 ,S ,
SM30686 ,S ,
SM30687 ,S ,
SM30688 ,S ,
SM30689 ,A ,
SM30690 ,A ,
SM30691 ,A ,
SM30692 ,S ,
SM30693 ,S ,
SM30694 ,S ,
SM30695 ,S ,
SM30696 ,S ,
SM30697 ,S ,
SM30698 ,A ,
SM30699 ,A ,
SM30700 ,S ,
SM30701 ,S ,
SM30702 ,S ,
SM30703 ,A ,
SM30704 ,S ,
SM30705 ,A ,
SM30706 ,S ,
SM30707 ,S ,
SM30708 ,S ,
SM30709 ,A ,
SM30710 ,A ,
SM30711 ,S ,
SM30712 ,A ,
SM30713 ,A ,
SM30714 ,S ,
SM30715 ,A ,
SM30716 ,S ,
SM30718 ,S ,
SM30719 ,S ,
SM30720 ,A ,
SM30721 ,S ,
SM30722 ,S ,
SM30723 ,S ,
SM30724 ,S ,
SM30725 ,S ,
SM30726 ,S ,
SM30727 ,S ,
SM30728 ,S ,
SM30729 ,A ,
SM30730 ,S ,
SM30731 ,A ,
SM30732 ,S ,
SM30733 ,A ,
SM30734 ,A ,
SM30735 ,S ,
SM30736 ,A ,
SM30737 ,S ,
SM30738 ,S ,
SM30739 ,S ,
SM30742 ,S ,
SM30743 ,A ,
SM30744 ,S ,
SM30745 ,S ,
SM30746 ,A ,
SM30747 ,S ,
SM30748 ,S ,
SM30749 ,A ,
SM30750 ,S ,
SM30751 ,S ,
SM30752 ,A ,
SM30753 ,S ,
SM30754 ,S ,
SM30755 ,S ,
SM30756 ,S ,
SM30758 ,S ,
SM30759 ,A ,
SM30760 ,A ,
SM30761 ,S ,
SM30762 ,S ,
SM30763 ,S ,
SM30764 ,S ,
SM30765 ,S ,
SM30766 ,S ,
SM30767 ,S ,
SM30768 ,S ,
SM30769 ,A ,
SM30770 ,S ,
SM30771 ,S ,
SM30772 ,S ,
SM30774 ,S ,
SM30775 ,A ,
SM30776 ,S ,
SM30777 ,S ,
SM30778 ,S ,
SM30779 ,A ,
SM30780 ,S ,
SM30782 ,S ,
SM30783 ,A ,
SM30784 ,S ,
SM30785 ,S ,
SM30786 ,S ,
SM30787 ,S ,
SM30788 ,S ,
SM30789 ,S ,
SM30790 ,S ,
SM30791 ,A ,
SM30793 ,S ,
SM30794 ,S ,
SM30795 ,A ,
SM30796 ,S ,
SM30797 ,S ,
SM30798 ,S ,
SM30799 ,A ,
SM30800 ,S ,
SM30801 ,A ,
SM30802 ,S ,
SM30803 ,S ,
SM30804 ,S ,
SM30805 ,S ,
SM30806 ,S ,
SM30807 ,S ,
SM30808 ,S ,
SM30809 ,A ,
SM30810 ,S ,
SM30811 ,S ,
SM30813 ,S ,
SM30814 ,S ,
SM30815 ,S ,
SM30816 ,A ,
SM30817 ,A ,
SM30818 ,S ,
SM30819 ,S ,
SM30820 ,S ,
SM30821 ,A ,
SM30822 ,A ,
SM30823 ,S ,
SM30824 ,S ,
SM30825 ,S ,
SM30826 ,A ,
SM30827 ,A ,
SM30829 ,S ,
SM30831 ,S ,
SM30832 ,S ,
SM30833 ,A ,
SM30834 ,S ,
SM30836 ,S ,
SM30837 ,S ,
SM30838 ,S ,
SM30839 ,A ,
SM30840 ,S ,
SM30841 ,S ,
SM30842 ,A ,
SM30843 ,S ,
SM30844 ,S ,
SM30845 ,S ,
SM30846 ,S ,
SM30847 ,S ,
SM30848 ,S ,
SM30849 ,S ,
SM30850 ,A ,
SM30851 ,A ,
SM30852 ,A ,
SM30853 ,A ,
SM30854 ,A ,
SM30855 ,S ,
SM30856 ,S ,
SM30857 ,S ,
SM30858 ,S ,
SM30859 ,S ,
SM30860 ,A ,
SM30861 ,S ,
SM30863 ,S ,
SM30864 ,A ,
SM30865 ,S ,
SM30866 ,A ,
SM30867 ,S ,
SM30868 ,S ,
SM30869 ,A ,
SM30870 ,S ,
SM30871 ,S ,
SM30872 ,A ,
SM30874 ,S ,
SM30875 ,A ,
SM30876 ,S ,
SM30877 ,A ,
SM30878 ,S ,
SM30879 ,S ,
SM30880 ,A ,
SM30881 ,S ,
SM30883 ,S ,
SM30884 ,S ,
SM30885 ,S ,
SM30886 ,S ,
SM30887 ,S ,
SM30888 ,S ,
SM30889 ,S ,
SM30890 ,S ,
SM30891 ,S ,
SM30892 ,A ,
SM30893 ,A ,
SM30894 ,S ,
SM30895 ,S ,
SM30896 ,S ,
SM30897 ,S ,
SM30898 ,S ,
SM30899 ,S ,
SM30900 ,S ,
SM30902 ,A ,
SM30903 ,S ,
SM30904 ,S ,
SM30907 ,S ,
SM30908 ,S ,
SM30909 ,S ,
SM30910 ,S ,
SM30911 ,S ,
SM30912 ,S ,
SM30913 ,S ,
SM30914 ,S ,
SM30915 ,S ,
SM30916 ,S ,
SM30917 ,S ,
SM30918 ,A ,
SM30919 ,S ,
SM30920 ,S ,
SM30921 ,S ,
SM30922 ,S ,
SM30923 ,A ,
SM30924 ,S ,
SM30925 ,S ,
SM30926 ,S ,
SM30927 ,S ,
SM30928 ,S ,
SM30929 ,S ,
SM30930 ,S ,
SM30931 ,S ,
SM30933 ,S ,
SM30934 ,S ,
SM30935 ,S ,
SM30936 ,S ,
SM30937 ,A ,
SM30938 ,S ,
SM30939 ,A ,
SM30940 ,S ,
SM30941 ,S ,
SM30942 ,A ,
SM30944 ,S ,
SM30945 ,S ,
SM30946 ,S ,
SM30947 ,S ,
SM30948 ,S ,
SM30949 ,S ,
SM30950 ,A ,
SM30951 ,S ,
SM30952 ,S ,
SM30953 ,S ,
SM30954 ,S ,
SM30955 ,S ,
SM30956 ,S ,
SM30957 ,S ,
SM30958 ,S ,
SM30959 ,S ,
SM30960 ,S ,
SM30961 ,A ,
SM30962 ,S ,
SM30963 ,S ,
SM30964 ,S ,
SM30965 ,S ,
SM30966 ,S ,
SM30967 ,A ,
SM30968 ,S ,
SM30969 ,S ,
SM30970 ,S ,
SM30971 ,S ,
SM30972 ,A ,
SM30973 ,S ,
SM30974 ,S ,
SM30975 ,A ,
SM30976 ,S ,
SM30977 ,S ,
SM30978 ,S ,
SM30979 ,A ,
SM30980 ,S ,
SM30981 ,S ,
SM30982 ,S ,
SM30983 ,S ,
SM30984 ,S ,
SM30985 ,S ,
SM30986 ,A ,
SM30987 ,S ,
SM30988 ,S ,
SM30989 ,A ,
SM30990 ,S ,
SM30991 ,A ,
SM30992 ,S ,
SM30993 ,A ,
SM30994 ,A ,
SM30995 ,S ,
SM30996 ,S ,
SM30997 ,S ,
SM30998 ,A ,
SM30999 ,A ,
SM31000 ,S ,
SM31001 ,S ,
SM31002 ,S ,
SM31003 ,A ,
SM31004 ,A ,
SM31005 ,S ,
SM31006 ,S ,
SM31007 ,A ,
SM31008 ,S ,
SM31009 ,A ,
SM31010 ,S ,
SM31011 ,A ,
SM31012 ,S ,
SM31013 ,S ,
SM31014 ,S ,
SM31015 ,A ,
SM31016 ,S ,
SM31017 ,S ,
SM31018 ,S ,
SM31019 ,S ,
SM31020 ,S ,
SM31021 ,S ,
SM31022 ,S ,
SM31023 ,S ,
SM31024 ,A ,
SM31025 ,A ,
SM31026 ,S ,
SM31027 ,S ,
SM31028 ,S ,
SM31029 ,S ,
SM31030 ,S ,
SM31031 ,S ,
SM31032 ,S ,
SM31033 ,S ,
SM31034 ,A ,
SM31035 ,S ,
SM31036 ,S ,
SM31037 ,S ,
SM31038 ,S ,
SM31039 ,S ,
SM31040 ,S ,
SM31041 ,S ,
SM31042 ,A ,
SM31043 ,A ,
SM31044 ,S ,
SM31045 ,S ,
SM31046 ,S ,
SM31047 ,S ,
SM31048 ,S ,
SM31049 ,S ,
SM31050 ,A ,
SM31051 ,S ,
SM31052 ,S ,
SM31053 ,S ,
SM31054 ,S ,
SM31055 ,S ,
SM31056 ,S ,
SM31057 ,S ,
SM31058 ,S ,
SM31059 ,S ,
SM31060 ,S ,
SM31061 ,S ,
SM31062 ,S ,
SM31063 ,S ,
SM31064 ,S ,
SM31065 ,S ,
SM31066 ,S ,
SM31067 ,S ,
SM31068 ,S ,
SM31069 ,A ,
SM31070 ,S ,
SM31071 ,S ,
SM31072 ,A ,
SM31073 ,S ,
SM31074 ,S ,
SM31075 ,S ,
SM31076 ,A ,
SM31077 ,S ,
SM31078 ,S ,
SM31079 ,S ,
SM31080 ,S ,
SM31081 ,S ,
SM31082 ,S ,
SM31083 ,S ,
SM31084 ,A ,
SM31085 ,S ,
SM31086 ,S ,
SM31087 ,S ,
SM31089 ,S ,
SM31090 ,S ,
SM31091 ,S ,
SM31092 ,S ,
SM31093 ,S ,
SM31094 ,S ,
SM31095 ,S ,
SM31096 ,S ,
SM31098 ,A ,
SM31099 ,S ,
SM31100 ,S ,
SM31101 ,S ,
SM31102 ,S ,
SM31103 ,S ,
SM31104 ,S ,
SM31105 ,S ,
SM31106 ,S ,
SM31107 ,S ,
SM31108 ,S ,
SM31110 ,S ,
SM31111 ,S ,
SM31112 ,S ,
SM31113 ,S ,
SM31114 ,S ,
SM31115 ,S ,
SM31116 ,S ,
SM31117 ,S ,
SM31118 ,S ,
SM31119 ,S ,
SM31120 ,A ,
SM31121 ,S ,
SM31122 ,S ,
SM31123 ,S ,
SM31124 ,A ,
SM31125 ,S ,
SM31126 ,S ,
SM31127 ,S ,
SM31128 ,A ,
SM31129 ,S ,
SM31130 ,S ,
SM31131 ,S ,
SM31132 ,S ,
SM31133 ,A ,
SM31134 ,S ,
SM31135 ,A ,
SM31136 ,S ,
SM31137 ,S ,
SM31138 ,S ,
SM31139 ,S ,
SM31140 ,S ,
SM31141 ,S ,
SM31142 ,S ,
SM31143 ,A ,
SM31144 ,A ,
SM31145 ,A ,
SM31146 ,S ,
SM31148 ,S ,
SM31149 ,S ,
SM31150 ,S ,
SM31151 ,A ,
SM31152 ,A ,
SM31153 ,A ,
SM31154 ,A ,
SM31155 ,S ,
SM31156 ,S ,
SM31157 ,S ,
SM31158 ,A ,
SM31159 ,S ,
SM31160 ,S ,
SM31161 ,S ,
SM31162 ,S ,
SM31163 ,S ,
SM31164 ,S ,
SM31165 ,A ,
SM31166 ,S ,
SM31167 ,S ,
SM31168 ,S ,
SM31169 ,A ,
SM31170 ,S ,
SM31171 ,A ,
SM31172 ,A ,
SM31173 ,A ,
SM31174 ,S ,
SM31175 ,S ,
SM31176 ,S ,
SM31177 ,S ,
SM31178 ,S ,
SM31179 ,S ,
SM31180 ,S ,
SM31181 ,S ,
SM31182 ,S ,
SM31183 ,S ,
SM31184 ,A ,
SM31185 ,S ,
SM31186 ,S ,
SM31187 ,S ,
SM31188 ,S ,
SM31189 ,S ,
SM31190 ,S ,
SM31191 ,S ,
SM31192 ,S ,
SM31193 ,S ,
SM31194 ,S ,
SM31195 ,S ,
SM31196 ,S ,
SM31197 ,A ,
SM31198 ,S ,
SM31199 ,S ,
SM31200 ,A ,
SM31201 ,S ,
SM31202 ,S ,
SM31203 ,S ,
SM31204 ,S ,
SM31205 ,S ,
SM31206 ,S ,
SM31207 ,S ,
SM31208 ,S ,
SM31209 ,S ,
SM31210 ,S ,
SM31211 ,S ,
SM31212 ,A ,
SM31213 ,S ,
SM31214 ,S ,
SM31215 ,S ,
SM31216 ,S ,
SM31217 ,S ,
SM31218 ,S ,
SM31219 ,S ,
SM31220 ,S ,
SM31221 ,A ,
SM31222 ,A ,
SM31223 ,S ,
SM31224 ,S ,
SM31225 ,S ,
SM31226 ,A ,
SM31227 ,S ,
SM31228 ,S ,
SM31229 ,S ,
SM31230 ,S ,
SM31231 ,S ,
SM31232 ,S ,
SM31233 ,S ,
SM31235 ,S ,
SM31236 ,S ,
SM31237 ,S ,
SM31238 ,S ,
SM31239 ,S ,
SM31240 ,S ,
SM31241 ,S ,
SM31242 ,S ,
SM31243 ,S ,
SM31244 ,S ,
SM31245 ,S ,
SM31246 ,S ,
SM31247 ,S ,
SM31248 ,S ,
SM31249 ,S ,
SM31250 ,S ,
SM31251 ,A ,
SM31252 ,S ,
SM31253 ,S ,
SM31254 ,S ,
SM31255 ,S ,
SM31256 ,S ,
SM31257 ,S ,
SM31258 ,S ,
SM31259 ,S ,
SM31260 ,S ,
SM31261 ,S ,
SM31262 ,S ,
SM31263 ,S ,
SM31264 ,A ,
SM31265 ,S ,
SM31266 ,S ,
SM31267 ,S ,
SM31268 ,A ,
SM31269 ,S ,
SM31270 ,S ,
SM31271 ,S ,
SM31272 ,S ,
SM31273 ,S ,
SM31274 ,S ,
SM31275 ,S ,
SM31276 ,S ,
SM31277 ,A ,
SM31278 ,S ,
SM31279 ,S ,
SM31280 ,S ,
SM31281 ,S ,
SM31282 ,S ,
SM31283 ,S ,
SM31284 ,A ,
SM31287 ,S ,
SM31288 ,A ,
SM31289 ,A ,
SM31290 ,S ,
SM31291 ,A ,
SM31292 ,S ,
SM31294 ,S ,
SM31295 ,A ,
SM31296 ,A ,
SM31297 ,S ,
SM31298 ,S ,
SM31299 ,S ,
SM31300 ,A ,
SM31301 ,S ,
SM31302 ,S ,
SM31303 ,S ,
SM31304 ,A ,
SM31305 ,A ,
SM31306 ,S ,
SM31307 ,A ,
SM31308 ,S ,
SM31309 ,A ,
SM31310 ,A ,
SM31311 ,S ,
SM31312 ,A ,
SM31313 ,S ,
SM31314 ,S ,
SM31315 ,S ,
SM31316 ,S ,
SM31317 ,S ,
SM31318 ,S ,
SM31319 ,S ,
SM31320 ,S ,
SM31321 ,A ,
SM31322 ,A ,
SM31323 ,S ,
SM31324 ,A ,
SM31325 ,S ,
SM31326 ,S ,
SM31327 ,A ,
SM31328 ,A ,
SM31329 ,S ,
SM31330 ,S ,
SM31331 ,S ,
SM31333 ,S ,
SM31334 ,S ,
SM31335 ,S ,
SM31336 ,S ,
SM31337 ,S ,
SM31338 ,S ,
SM31339 ,S ,
SM31340 ,S ,
SM31341 ,S ,
SM31342 ,S ,
SM31343 ,S ,
SM31344 ,A ,
SM31345 ,A ,
SM31346 ,S ,
SM31347 ,S ,
SM31348 ,A ,
SM31350 ,S ,
SM31351 ,S ,
SM31352 ,S ,
SM31353 ,S ,
SM31354 ,S ,
SM31355 ,S ,
SM31356 ,S ,
SM31357 ,S ,
SM31358 ,S ,
SM31359 ,S ,
SM31360 ,S ,
SM31362 ,A ,
SM31363 ,S ,
SM31364 ,S ,
SM31365 ,S ,
SM31366 ,S ,
SM31367 ,S ,
SM31368 ,S ,
SM31369 ,S ,
SM31370 ,S ,
SM31371 ,S ,
SM31373 ,A ,
SM31374 ,S ,
SM31375 ,A ,
SM31376 ,S ,
SM31377 ,S ,
SM31378 ,S ,
SM31379 ,S ,
SM31380 ,S ,
SM31381 ,A ,
SM31382 ,S ,
SM31383 ,S ,
SM31384 ,S ,
SM31385 ,S ,
SM31386 ,S ,
SM31387 ,S ,
SM31388 ,S ,
SM31389 ,S ,
SM31390 ,A ,
SM31391 ,S ,
SM31392 ,S ,
SM31393 ,S ,
SM31394 ,S ,
SM31395 ,S ,
SM31396 ,S ,
SM31397 ,S ,
SM31398 ,S ,
SM31399 ,S ,
SM31400 ,S ,
SM31401 ,S ,
SM31402 ,S ,
SM31403 ,A ,
SM31404 ,S ,
SM31405 ,A ,
SM31406 ,S ,
SM31407 ,S ,
SM31408 ,A ,
SM31409 ,S ,
SM31410 ,S ,
SM31411 ,A ,
SM31412 ,S ,
SM31413 ,S ,
SM31414 ,S ,
SM31415 ,S ,
SM31416 ,A ,
SM31417 ,A ,
SM31418 ,S ,
SM31419 ,S ,
SM31420 ,A ,
SM31421 ,A ,
SM31422 ,S ,
SM31423 ,S ,
SM31424 ,A ,
SM31425 ,S ,
SM31426 ,A ,
SM31427 ,S ,
SM31429 ,A ,
SM31430 ,A ,
SM31431 ,A ,
SM31432 ,S ,
SM31433 ,S ,
SM31434 ,S ,
SM31435 ,S ,
SM31436 ,S ,
SM31437 ,S ,
SM31438 ,S ,
SM31439 ,S ,
SM31440 ,A ,
SM31441 ,A ,
SM31442 ,A ,
SM31443 ,S ,
SM31444 ,A ,
SM31445 ,S ,
SM31446 ,S ,
SM31447 ,S ,
SM31448 ,A ,
SM31449 ,S ,
SM31450 ,S ,
SM31451 ,A ,
SM31452 ,S ,
SM31453 ,S ,
SM31454 ,S ,
SM31455 ,S ,
SM31456 ,A ,
SM31457 ,S ,
SM31458 ,S ,
SM31459 ,A ,
SM31460 ,S ,
SM31461 ,S ,
SM31462 ,S ,
SM31463 ,S ,
SM31464 ,S ,
SM31465 ,S ,
SM31466 ,A ,
SM31467 ,A ,
SM31468 ,S ,
SM31469 ,S ,
SM31470 ,S ,
SM31471 ,S ,
SM31472 ,A ,
SM31473 ,S ,
SM31474 ,S ,
SM31475 ,S ,
SM31476 ,S ,
SM31477 ,S ,
SM31478 ,S ,
SM31479 ,A ,
SM31480 ,S ,
SM31481 ,A ,
SM31482 ,S ,
SM31483 ,S ,
SM31484 ,S ,
SM31485 ,S ,
SM31486 ,S ,
SM31487 ,S ,
SM31488 ,S ,
SM31489 ,S ,
SM31490 ,S ,
SM31491 ,A ,
SM31492 ,S ,
SM31493 ,S ,
SM31494 ,S ,
SM31495 ,S ,
SM31496 ,S ,
SM31497 ,S ,
SM31498 ,S ,
SM31499 ,S ,
SM31500 ,S ,
SM31501 ,S ,
SM31502 ,S ,
SM31503 ,S ,
SM31504 ,S ,
SM31505 ,A ,
SM31506 ,S ,
SM31507 ,S ,
SM31508 ,S ,
SM31509 ,S ,
SM31510 ,S ,
SM31511 ,S ,
SM31512 ,S ,
SM31513 ,S ,
SM31514 ,S ,
SM31515 ,A ,
SM31516 ,S ,
SM31517 ,S ,
SM31518 ,S ,
SM31519 ,S ,
SM31520 ,S ,
SM31521 ,S ,
SM31522 ,A ,
SM31523 ,S ,
SM31524 ,S ,
SM31525 ,A ,
SM31526 ,S ,
SM31527 ,S ,
SM31528 ,S ,
SM31529 ,A ,
SM31530 ,S ,
SM31531 ,S ,
SM31532 ,A ,
SM31533 ,S ,
SM31534 ,S ,
SM31535 ,S ,
SM31536 ,S ,
SM31537 ,S ,
SM31538 ,S ,
SM31539 ,S ,
SM31540 ,S ,
SM31541 ,S ,
SM31542 ,S ,
SM31543 ,A ,
SM31544 ,A ,
SM31545 ,S ,
SM31546 ,A ,
SM31547 ,A ,
SM31548 ,S ,
SM31549 ,S ,
SM31550 ,S ,
SM31551 ,A ,
SM31552 ,S ,
SM31553 ,A ,
SM31554 ,S ,
SM31555 ,S ,
SM31556 ,S ,
SM31557 ,A ,
SM31558 ,A ,
SM31559 ,S ,
SM31560 ,S ,
SM31561 ,S ,
SM31562 ,A ,
SM31563 ,A ,
SM31564 ,A ,
SM31565 ,S ,
SM31566 ,A ,
SM31567 ,S ,
SM31568 ,A ,
SM31569 ,S ,
SM31570 ,S ,
SM31571 ,S ,
SM31572 ,S ,
SM31573 ,S ,
SM31574 ,S ,
SM31575 ,S ,
SM31576 ,A ,
SM31577 ,S ,
SM31578 ,S ,
SM31579 ,A ,
SM31580 ,S ,
SM31581 ,A ,
SM31582 ,A ,
SM31583 ,S ,
SM31584 ,S ,
SM31585 ,S ,
SM31586 ,S ,
SM31587 ,S ,
SM31588 ,S ,
SM31589 ,S ,
SM31590 ,S ,
SM31591 ,A ,
SM31592 ,S ,
SM31593 ,S ,
SM31594 ,A ,
SM31595 ,S ,
SM31596 ,S ,
SM31597 ,S ,
SM31598 ,S ,
SM31599 ,S ,
SM31601 ,S ,
SM31602 ,S ,
SM31603 ,S ,
SM31605 ,S ,
SM31606 ,S ,
SM31607 ,S ,
SM31608 ,S ,
SM31609 ,S ,
SM31610 ,S ,
SM31611 ,S ,
SM31613 ,A ,
SM31614 ,S ,
SM31615 ,S ,
SM31616 ,S ,
SM31617 ,S ,
SM31618 ,S ,
SM31619 ,S ,
SM31620 ,S ,
SM31621 ,S ,
SM31622 ,S ,
SM31623 ,A ,
SM31624 ,S ,
SM31625 ,S ,
SM31626 ,S ,
SM31627 ,A ,
SM31628 ,S ,
SM31629 ,S ,
SM31632 ,S ,
SM31633 ,S ,
SM31634 ,A ,
SM31635 ,S ,
SM31636 ,S ,
SM31637 ,A ,
SM31638 ,A ,
SM31639 ,S ,
SM31640 ,S ,
SM31641 ,S ,
SM31642 ,S ,
SM31643 ,A ,
SM31644 ,S ,
SM31645 ,S ,
SM31646 ,S ,
SM31647 ,A ,
SM31648 ,S ,
SM31649 ,S ,
SM31650 ,S ,
SM31651 ,S ,
SM31652 ,S ,
SM31653 ,S ,
SM31654 ,A ,
SM31655 ,S ,
SM31656 ,S ,
SM31657 ,S ,
SM31658 ,S ,
SM31659 ,S ,
SM31660 ,S ,
SM31661 ,A ,
SM31662 ,A ,
SM31663 ,S ,
SM31664 ,S ,
SM31665 ,S ,
SM31666 ,S ,
SM31667 ,S ,
SM31668 ,S ,
SM31669 ,S ,
SM31670 ,S ,
SM31671 ,S ,
SM31672 ,S ,
SM31673 ,S ,
SM31674 ,A ,
SM31675 ,A ,
SM31676 ,S ,
SM31677 ,S ,
SM31678 ,A ,
SM31679 ,S ,
SM31680 ,S ,
SM31681 ,S ,
SM31682 ,S ,
SM31683 ,S ,
SM31684 ,A ,
SM31685 ,S ,
SM31686 ,S ,
SM31687 ,S ,
SM31688 ,A ,
SM31689 ,S ,
SM31690 ,S ,
SM31691 ,A ,
SM31692 ,S ,
SM31693 ,S ,
SM31694 ,A ,
SM31695 ,S ,
SM31696 ,A ,
SM31697 ,S ,
SM31698 ,S ,
SM31699 ,S ,
SM31700 ,S ,
SM31701 ,S ,
SM31702 ,A ,
SM31703 ,S ,
SM31704 ,S ,
SM31705 ,A ,
SM31706 ,S ,
SM31707 ,S ,
SM31708 ,S ,
SM31709 ,A ,
SM31710 ,S ,
SM31711 ,S ,
SM31712 ,A ,
SM31713 ,S ,
SM31714 ,S ,
SM31715 ,A ,
SM31716 ,A ,
SM31717 ,S ,
SM31718 ,A ,
SM31719 ,S ,
SM31720 ,S ,
SM31721 ,S ,
SM31722 ,S ,
SM31723 ,S ,
SM31724 ,S ,
SM31725 ,S ,
SM31726 ,S ,
SM31727 ,S ,
SM31728 ,S ,
SM31729 ,S ,
SM31730 ,S ,
SM31731 ,S ,
SM31732 ,A ,
SM31733 ,S ,
SM31734 ,S ,
SM31735 ,S ,
SM31736 ,S ,
SM31737 ,S ,
SM31738 ,A ,
SM31739 ,S ,
SM31740 ,S ,
SM31741 ,S ,
SM31742 ,A ,
SM31743 ,S ,
SM31744 ,A ,
SM31745 ,S ,
SM31746 ,S ,
SM31747 ,S ,
SM31748 ,S ,
SM31749 ,S ,
SM31750 ,S ,
SM31751 ,S ,
SM31752 ,S ,
SM31753 ,A ,
SM31754 ,S ,
SM31755 ,S ,
SM31756 ,S ,
SM31757 ,A ,
SM31758 ,S ,
SM31759 ,S ,
SM31760 ,S ,
SM31761 ,S ,
SM31762 ,S ,
SM31763 ,S ,
SM31764 ,S ,
SM31765 ,S ,
SM31766 ,S ,
SM31767 ,S ,
SM31768 ,S ,
SM31769 ,A ,
SM31770 ,S ,
SM31771 ,S ,
SM31772 ,S ,
SM31773 ,S ,
SM31774 ,S ,
SM31775 ,S ,
SM31776 ,S ,
SM31777 ,S ,
SM31778 ,A ,
SM31779 ,S ,
SM31780 ,S ,
SM31781 ,S ,
SM31782 ,S ,
SM31783 ,S ,
SM31784 ,S ,
SM31785 ,S ,
SM31786 ,S ,
SM31787 ,S ,
SM31788 ,S ,
SM31789 ,S ,
SM31790 ,S ,
SM31791 ,S ,
SM31792 ,S ,
SM31793 ,S ,
SM31794 ,S ,
SM31795 ,S ,
SM31796 ,A ,
SM31797 ,S ,
SM31798 ,S ,
SM31799 ,S ,
SM31800 ,S ,
SM31801 ,S ,
SM31802 ,S ,
SM31803 ,S ,
SM31804 ,S ,
SM31805 ,S ,
SM31806 ,S ,
SM31807 ,S ,
SM31808 ,S ,
SM31809 ,S ,
SM31810 ,S ,
SM31811 ,S ,
SM31812 ,S ,
SM31813 ,A ,
SM31814 ,A ,
SM31815 ,S ,
SM31816 ,S ,
SM31817 ,A ,
SM31818 ,S ,
SM31819 ,S ,
SM31820 ,A ,
SM31821 ,S ,
SM31822 ,S ,
SM31823 ,S ,
SM31824 ,A ,
SM31825 ,S ,
SM31826 ,S ,
SM31827 ,A ,
SM31828 ,S ,
SM31829 ,S ,
SM31830 ,A ,
SM31831 ,S ,
SM31832 ,S ,
SM31833 ,A ,
SM31834 ,S ,
SM31835 ,S ,
SM31836 ,A ,
SM31837 ,S ,
SM31838 ,A ,
SM31839 ,S ,
SM31840 ,S ,
SM31841 ,A ,
SM31842 ,A ,
SM31843 ,S ,
SM31844 ,S ,
SM31845 ,S ,
SM31846 ,A ,
SM31847 ,S ,
SM31848 ,S ,
SM31849 ,A ,
SM31850 ,S ,
SM31851 ,A ,
SM31852 ,S ,
SM31853 ,S ,
SM31854 ,S ,
SM31855 ,S ,
SM31856 ,S ,
SM31857 ,S ,
SM31858 ,S ,
SM31859 ,S ,
SM31860 ,S ,
SM31861 ,S ,
SM31862 ,S ,
SM31863 ,S ,
SM31864 ,S ,
SM31865 ,S ,
SM31866 ,A ,
SM31867 ,A ,
SM31868 ,S ,
SM31869 ,S ,
SM31870 ,A ,
SM31871 ,S ,
SM31872 ,S ,
SM31873 ,S ,
SM31874 ,S ,
SM31875 ,S ,
SM31876 ,S ,
SM31877 ,S ,
SM31878 ,S ,
SM31879 ,S ,
SM31880 ,S ,
SM31881 ,S ,
SM31882 ,S ,
SM31883 ,S ,
SM31884 ,S ,
SM31885 ,A ,
SM31886 ,S ,
SM31887 ,S ,
SM31888 ,A ,
SM31889 ,S ,
SM31890 ,S ,
SM31891 ,S ,
SM31892 ,S ,
SM31893 ,S ,
SM31894 ,S ,
SM31895 ,S ,
SM31896 ,S ,
SM31897 ,S ,
SM31898 ,S ,
SM31899 ,S ,
SM31900 ,S ,
SM31901 ,A ,
SM31902 ,S ,
SM31903 ,S ,
SM31904 ,A ,
SM31905 ,S ,
SM31906 ,S ,
SM31907 ,S ,
SM31908 ,S ,
SM31909 ,S ,
SM31910 ,S ,
SM31911 ,S ,
SM31912 ,S ,
SM31913 ,S ,
SM31914 ,S ,
SM31915 ,S ,
SM31916 ,S ,
SM31917 ,A ,
SM31918 ,S ,
SM31919 ,A ,
SM31920 ,S ,
SM31921 ,A ,
SM31922 ,S ,
SM31923 ,S ,
SM31924 ,S ,
SM31925 ,S ,
SM31926 ,S ,
SM31927 ,S ,
SM31929 ,S ,
SM31930 ,S ,
SM31931 ,S ,
SM31932 ,S ,
SM31933 ,S ,
SM31934 ,S ,
SM31935 ,S ,
SM31936 ,S ,
SM31937 ,S ,
SM31938 ,S ,
SM31939 ,S ,
SM31940 ,S ,
SM31941 ,S ,
SM31942 ,A ,
SM31943 ,S ,
SM31944 ,S ,
SM31945 ,A ,
SM31946 ,S ,
SM31947 ,A ,
SM31948 ,S ,
SM31949 ,S ,
SM31950 ,A ,
SM31951 ,S ,
SM31952 ,S ,
SM31953 ,S ,
SM31954 ,S ,
SM31955 ,S ,
SM31956 ,S ,
SM31957 ,S ,
SM31958 ,S ,
SM31959 ,S ,
SM31960 ,S ,
SM31961 ,A ,
SM31962 ,A ,
SM31963 ,S ,
SM31964 ,A ,
SM31965 ,A ,
SM31966 ,S ,
SM31967 ,S ,
SM31968 ,S ,
SM31969 ,S ,
SM31970 ,A ,
SM31971 ,S ,
SM31972 ,S ,
SM31973 ,S ,
SM31974 ,S ,
SM31975 ,S ,
SM31976 ,A ,
SM31977 ,S ,
SM31978 ,A ,
SM31979 ,S ,
SM31980 ,A ,
SM31981 ,S ,
SM31982 ,A ,
SM31983 ,A ,
SM31984 ,S ,
SM31985 ,S ,
SM31986 ,A ,
SM31987 ,S ,
SM31988 ,S ,
SM31989 ,S ,
SM31990 ,S ,
SM31991 ,S ,
SM31992 ,S ,
SM31993 ,S ,
SM31994 ,S ,
SM31995 ,S ,
SM31996 ,A ,
SM31997 ,S ,
SM31998 ,S ,
SM31999 ,S ,
SM32000 ,S ,
SM32001 ,S ,
SM32002 ,A ,
SM32003 ,S ,
SM32004 ,A ,
SM32005 ,S ,
SM32006 ,S ,
SM32007 ,S ,
SM32008 ,S ,
SM32009 ,S ,
SM32010 ,S ,
SM32011 ,S ,
SM32012 ,S ,
SM32013 ,S ,
SM32014 ,S ,
SM32015 ,S ,
SM32016 ,S ,
SM32017 ,S ,
SM32018 ,S ,
SM32019 ,S ,
SM32020 ,A ,
SM32021 ,S ,
SM32022 ,S ,
SM32023 ,A ,
SM32024 ,S ,
SM32025 ,S ,
SM32026 ,S ,
SM32027 ,S ,
SM32028 ,S ,
SM32029 ,S ,
SM32030 ,S ,
SM32031 ,A ,
SM32032 ,S ,
SM32033 ,S ,
SM32034 ,S ,
SM32035 ,A ,
SM32036 ,S ,
SM32037 ,S ,
SM32038 ,S ,
SM32039 ,A ,
SM32040 ,A ,
SM32041 ,S ,
SM32042 ,A ,
SM32043 ,S ,
SM32044 ,S ,
SM32045 ,S ,
SM32046 ,S ,
SM32047 ,S ,
SM32048 ,S ,
SM32049 ,S ,
SM32050 ,A ,
SM32051 ,A ,
SM32052 ,A ,
SM32053 ,S ,
SM32054 ,S ,
SM32055 ,A ,
SM32056 ,S ,
SM32057 ,S ,
SM32058 ,S ,
SM32059 ,S ,
SM32060 ,S ,
SM32061 ,A ,
SM32062 ,S ,
SM32063 ,S ,
SM32064 ,S ,
SM32065 ,S ,
SM32066 ,S ,
SM32067 ,S ,
SM32068 ,A ,
SM32069 ,S ,
SM32070 ,S ,
SM32071 ,S ,
SM32072 ,S ,
SM32073 ,A ,
SM32074 ,S ,
SM32075 ,S ,
SM32076 ,S ,
SM32077 ,S ,
SM32078 ,S ,
SM32079 ,S ,
SM32080 ,A ,
SM32081 ,S ,
SM32082 ,S ,
SM32083 ,S ,
SM32084 ,A ,
SM32085 ,S ,
SM32086 ,S ,
SM32087 ,S ,
SM32088 ,S ,
SM32089 ,S ,
SM32090 ,S ,
SM32091 ,A ,
SM32092 ,A ,
SM32093 ,S ,
SM32094 ,A ,
SM32095 ,A ,
SM32096 ,S ,
SM32097 ,S ,
SM32098 ,S ,
SM32099 ,S ,
SM32100 ,A ,
SM32101 ,A ,
SM32102 ,S ,
SM32103 ,S ,
SM32104 ,S ,
SM32105 ,A ,
SM32106 ,S ,
SM32107 ,A ,
SM32108 ,S ,
SM32109 ,S ,
SM32110 ,S ,
SM32111 ,A ,
SM32112 ,A ,
SM32113 ,S ,
SM32114 ,A ,
SM32115 ,S ,
SM32116 ,S ,
SM32117 ,S ,
SM32118 ,A ,
SM32119 ,S ,
SM32120 ,S ,
SM32121 ,S ,
SM32122 ,S ,
SM32123 ,S ,
SM32124 ,S ,
SM32125 ,S ,
SM32126 ,A ,
SM32127 ,S ,
SM32128 ,S ,
SM32129 ,A ,
SM32130 ,S ,
SM32131 ,S ,
SM32132 ,S ,
SM32133 ,S ,
SM32134 ,S ,
SM32135 ,A ,
SM32136 ,S ,
SM32137 ,S ,
SM32138 ,A ,
SM32139 ,S ,
SM32140 ,A ,
SM32141 ,S ,
SM32142 ,S ,
SM32143 ,S ,
SM32144 ,S ,
SM32145 ,S ,
SM32146 ,A ,
SM32147 ,S ,
SM32148 ,A ,
SM32149 ,A ,
SM32150 ,S ,
SM32151 ,S ,
SM32152 ,S ,
SM32153 ,A ,
SM32154 ,S ,
SM32155 ,S ,
SM32156 ,S ,
SM32157 ,A ,
SM32158 ,S ,
SM32159 ,S ,
SM32160 ,S ,
SM32161 ,A ,
SM32162 ,S ,
SM32163 ,S ,
SM32164 ,S ,
SM32165 ,S ,
SM32166 ,A ,
SM32167 ,S ,
SM32168 ,S ,
SM32169 ,S ,
SM32170 ,A ,
SM32171 ,A ,
SM32172 ,S ,
SM32173 ,S ,
SM32174 ,A ,
SM32175 ,A ,
SM32176 ,S ,
SM32177 ,S ,
SM32178 ,S ,
SM32179 ,S ,
SM32180 ,A ,
SM32181 ,S ,
SM32182 ,S ,
SM32183 ,A ,
SM32184 ,A ,
SM32185 ,S ,
SM32186 ,S ,
SM32187 ,A ,
SM32188 ,S ,
SM32189 ,S ,
SM32190 ,S ,
SM32191 ,S ,
SM32192 ,S ,
SM32193 ,S ,
SM32194 ,S ,
SM32195 ,A ,
SM32196 ,A ,
SM32197 ,S ,
SM32198 ,S ,
SM32199 ,A ,
SM32200 ,S ,
SM32201 ,S ,
SM32202 ,A ,
SM32203 ,S ,
SM32204 ,S ,
SM32205 ,S ,
SM32206 ,S ,
SM32207 ,S ,
SM32208 ,S ,
SM32209 ,A ,
SM32210 ,S ,
SM32211 ,A ,
SM32212 ,S ,
SM32213 ,S ,
SM32214 ,S ,
SM32215 ,S ,
SM32216 ,A ,
SM32217 ,S ,
SM32218 ,S ,
SM32219 ,A ,
SM32220 ,S ,
SM32221 ,A ,
SM32222 ,A ,
SM32223 ,S ,
SM32224 ,A ,
SM32225 ,A ,
SM32226 ,S ,
SM32227 ,S ,
SM32228 ,A ,
SM32229 ,S ,
SM32230 ,S ,
SM32231 ,S ,
SM32232 ,S ,
SM32233 ,S ,
SM32234 ,S ,
SM32235 ,A ,
SM32236 ,A ,
SM32237 ,S ,
SM32238 ,S ,
SM32239 ,S ,
SM32240 ,A ,
SM32241 ,S ,
SM32242 ,A ,
SM32243 ,S ,
SM32244 ,A ,
SM32245 ,S ,
SM32246 ,S ,
SM32247 ,S ,
SM32248 ,A ,
SM32249 ,A ,
SM32250 ,S ,
SM32251 ,S ,
SM32252 ,S ,
SM32253 ,A ,
SM32254 ,A ,
SM32255 ,S ,
SM32256 ,S ,
SM32257 ,S ,
SM32258 ,A ,
SM32259 ,A ,
SM32260 ,S ,
SM32261 ,S ,
SM32262 ,S ,
SM32263 ,S ,
SM32264 ,S ,
SM32265 ,A ,
SM32266 ,A ,
SM32267 ,S ,
SM32268 ,S ,
SM32269 ,S ,
SM32270 ,A ,
SM32271 ,S ,
SM32272 ,S ,
SM32273 ,S ,
SM32274 ,S ,
SM32275 ,S ,
SM32276 ,S ,
SM32277 ,S ,
SM32278 ,S ,
SM32279 ,A ,
SM32280 ,S ,
SM32281 ,A ,
SM32282 ,S ,
SM32283 ,A ,
SM32284 ,S ,
SM32285 ,S ,
SM32286 ,S ,
SM32287 ,A ,
SM32288 ,S ,
SM32289 ,A ,
SM32290 ,S ,
SM32291 ,A ,
SM32292 ,S ,
SM32293 ,S ,
SM32294 ,S ,
SM32295 ,S ,
SM32296 ,S ,
SM32297 ,A ,
SM32298 ,S ,
SM32299 ,S ,
SM32300 ,S ,
SM32301 ,A ,
SM32302 ,S ,
SM32303 ,S ,
SM32304 ,A ,
SM32305 ,S ,
SM32306 ,S ,
SM32307 ,A ,
SM32308 ,A ,
SM32309 ,S ,
SM32310 ,S ,
SM32311 ,A ,
SM32312 ,A ,
SM32313 ,S ,
SM32314 ,S ,
SM32315 ,S ,
SM32316 ,S ,
SM32317 ,S ,
SM32318 ,S ,
SM32319 ,A ,
SM32320 ,S ,
SM32321 ,S ,
SM32322 ,A ,
SM32323 ,S ,
SM32324 ,S ,
SM32325 ,A ,
SM32326 ,S ,
SM32327 ,A ,
SM32328 ,S ,
SM32329 ,A ,
SM32330 ,A ,
SM32331 ,S ,
SM32332 ,S ,
SM32333 ,S ,
SM32334 ,S ,
SM32335 ,S ,
SM32336 ,S ,
SM32337 ,A ,
SM32338 ,S ,
SM32339 ,S ,
SM32340 ,S ,
SM32341 ,S ,
SM32342 ,S ,
SM32343 ,S ,
SM32344 ,S ,
SM32345 ,S ,
SM32346 ,A ,
SM32347 ,S ,
SM32348 ,S ,
SM32349 ,A ,
SM32350 ,A ,
SM32351 ,S ,
SM32352 ,S ,
SM32353 ,S ,
SM32354 ,A ,
SM32355 ,S ,
SM32356 ,A ,
SM32357 ,A ,
SM32358 ,S ,
SM32359 ,S ,
SM32360 ,A ,
SM32361 ,A ,
SM32362 ,S ,
SM32363 ,A ,
SM32364 ,S ,
SM32365 ,S ,
SM32366 ,S ,
SM32367 ,S ,
SM32368 ,S ,
SM32369 ,A ,
SM32370 ,S ,
SM32371 ,A ,
SM32372 ,S ,
SM32373 ,S ,
SM32374 ,S ,
SM32375 ,S ,
SM32376 ,A ,
SM32377 ,S ,
SM32378 ,A ,
SM32379 ,S ,
SM32380 ,S ,
SM32381 ,S ,
SM32382 ,S ,
SM32383 ,A ,
SM32384 ,S ,
SM32385 ,S ,
SM32386 ,S ,
SM32387 ,S ,
SM32388 ,S ,
SM32389 ,A ,
SM32390 ,A ,
SM32391 ,S ,
SM32392 ,A ,
SM32393 ,S ,
SM32394 ,S ,
SM32395 ,S ,
SM32396 ,S ,
SM32397 ,S ,
SM32398 ,A ,
SM32399 ,S ,
SM32400 ,S ,
SM32401 ,A ,
SM32402 ,S ,
SM32403 ,S ,
SM32404 ,S ,
SM32405 ,S ,
SM32406 ,S ,
SM32407 ,S ,
SM32408 ,S ,
SM32409 ,S ,
SM32410 ,S ,
SM32411 ,A ,
SM32412 ,S ,
SM32413 ,S ,
SM32414 ,A ,
SM32415 ,A ,
SM32416 ,S ,
SM32417 ,A ,
SM32418 ,S ,
SM32419 ,A ,
SM32420 ,S ,
SM32421 ,A ,
SM32422 ,S ,
SM32423 ,S ,
SM32424 ,S ,
SM32425 ,A ,
SM32426 ,S ,
SM32427 ,A ,
SM32428 ,S ,
SM32429 ,S ,
SM32430 ,S ,
SM32431 ,A ,
SM32432 ,S ,
SM32433 ,S ,
SM32434 ,A ,
SM32435 ,S ,
SM32436 ,A ,
SM32437 ,S ,
SM32438 ,S ,
SM32439 ,S ,
SM32440 ,S ,
SM32441 ,S ,
SM32442 ,A ,
SM32443 ,A ,
SM32444 ,S ,
SM32445 ,S ,
SM32446 ,A ,
SM32447 ,S ,
SM32448 ,S ,
SM32449 ,S ,
SM32450 ,S ,
SM32451 ,S ,
SM32452 ,A ,
SM32453 ,S ,
SM32454 ,A ,
SM32455 ,S ,
SM32456 ,S ,
SM32457 ,S ,
SM32458 ,A ,
SM32459 ,S ,
SM32460 ,S ,
SM32461 ,S ,
SM32462 ,S ,
SM32463 ,S ,
SM32464 ,A ,
SM32465 ,A ,
SM32466 ,S ,
SM32467 ,S ,
SM32468 ,S ,
SM32469 ,S ,
SM32470 ,S ,
SM32471 ,A ,
SM32472 ,S ,
SM32473 ,A ,
SM32474 ,A ,
SM32475 ,S ,
SM32476 ,A ,
SM32477 ,S ,
SM32478 ,S ,
SM32479 ,S ,
SM32480 ,S ,
SM32481 ,A ,
SM32482 ,A ,
SM32483 ,S ,
SM32484 ,S ,
SM32485 ,S ,
SM32486 ,A ,
SM32487 ,S ,
SM32488 ,A ,
SM32489 ,S ,
SM32490 ,S ,
SM32491 ,S ,
SM32492 ,S ,
SM32493 ,S ,
SM32494 ,S ,
SM32495 ,A ,
SM32496 ,S ,
SM32497 ,A ,
SM32498 ,S ,
SM32499 ,S ,
SM32500 ,S ,
SM32501 ,S ,
SM32502 ,S ,
SM32503 ,A ,
SM32504 ,S ,
SM32505 ,A ,
SM32506 ,S ,
SM32507 ,S ,
SM32508 ,S ,
SM32509 ,S ,
SM32510 ,A ,
SM32511 ,A ,
SM32512 ,S ,
SM32513 ,S ,
SM32514 ,S ,
SM32515 ,S ,
SM32516 ,S ,
SM32517 ,S ,
SM32518 ,A ,
SM32520 ,S ,
SM32521 ,A ,
SM32522 ,S ,
SM32523 ,S ,
SM32524 ,S ,
SM32525 ,A ,
SM32526 ,S ,
SM32527 ,A ,
SM32528 ,S ,
SM32529 ,A ,
SM32530 ,S ,
SM32531 ,S ,
SM32533 ,A ,
SM32534 ,S ,
SM32535 ,S ,
SM32536 ,S ,
SM32537 ,S ,
SM32538 ,A ,
SM32539 ,S ,
SM32540 ,S ,
SM32541 ,S ,
SM32542 ,S ,
SM32543 ,S ,
SM32544 ,A ,
SM32545 ,S ,
SM32546 ,S ,
SM32547 ,S ,
SM32549 ,S ,
SM32550 ,A ,
SM32551 ,S ,
SM32552 ,A ,
SM32553 ,S ,
SM32554 ,S ,
SM32555 ,S ,
SM32556 ,A ,
SM32557 ,A ,
SM32558 ,S ,
SM32559 ,A ,
SM32560 ,S ,
SM32561 ,S ,
SM32562 ,A ,
SM32563 ,S ,
SM32564 ,S ,
SM32566 ,S ,
SM32567 ,A ,
SM32568 ,A ,
SM32569 ,A ,
SM32570 ,S ,
SM32571 ,S ,
SM32572 ,S ,
SM32573 ,S ,
SM32574 ,S ,
SM32575 ,S ,
SM32576 ,S ,
SM32577 ,A ,
SM32578 ,S ,
SM32579 ,S ,
SM32580 ,S ,
SM32581 ,A ,
SM32582 ,S ,
SM32583 ,S ,
SM32584 ,S ,
SM32585 ,S ,
SM32586 ,A ,
SM32587 ,S ,
SM32588 ,A ,
SM32589 ,S ,
SM32590 ,S ,
SM32591 ,S ,
SM32592 ,A ,
SM32593 ,A ,
SM32594 ,S ,
SM32595 ,S ,
SM32596 ,A ,
SM32597 ,S ,
SM32598 ,S ,
SM32599 ,S ,
SM32600 ,S ,
SM32601 ,A ,
SM32602 ,S ,
SM32603 ,S ,
SM32604 ,A ,
SM32605 ,S ,
SM32606 ,S ,
SM32607 ,S ,
SM32608 ,S ,
SM32609 ,S ,
SM32610 ,S ,
SM32611 ,S ,
SM32612 ,A ,
SM32613 ,A ,
SM32614 ,A ,
SM32615 ,S ,
SM32616 ,S ,
SM32617 ,A ,
SM32618 ,S ,
SM32619 ,S ,
SM32620 ,S ,
SM32621 ,A ,
SM32622 ,S ,
SM32623 ,A ,
SM32624 ,S ,
SM32625 ,S ,
SM32626 ,S ,
SM32627 ,S ,
SM32628 ,S ,
SM32629 ,S ,
SM32630 ,A ,
SM32631 ,S ,
SM32632 ,S ,
SM32633 ,S ,
SM32634 ,S ,
SM32635 ,A ,
SM32636 ,S ,
SM32637 ,A ,
SM32638 ,A ,
SM32639 ,S ,
SM32640 ,S ,
SM32641 ,S ,
SM32642 ,A ,
SM32643 ,A ,
SM32644 ,A ,
SM32645 ,S ,
SM32646 ,S ,
SM32647 ,S ,
SM32648 ,S ,
SM32649 ,S ,
SM32650 ,A ,
SM32651 ,S ,
SM32652 ,S ,
SM32653 ,S ,
SM32654 ,A ,
SM32655 ,S ,
SM32656 ,A ,
SM32657 ,S ,
SM32658 ,S ,
SM32659 ,S ,
SM32660 ,A ,
SM32661 ,S ,
SM32662 ,S ,
SM32663 ,S ,
SM32664 ,S ,
SM32665 ,S ,
SM32666 ,S ,
SM32667 ,A ,
SM32668 ,A ,
SM32669 ,S ,
SM32670 ,A ,
SM32671 ,S ,
SM32672 ,S ,
SM32673 ,A ,
SM32674 ,S ,
SM32675 ,S ,
SM32676 ,S ,
SM32677 ,A ,
SM32678 ,S ,
SM32679 ,S ,
SM32680 ,S ,
SM32681 ,S ,
SM32682 ,S ,
SM32683 ,A ,
SM32684 ,S ,
SM32685 ,S ,
SM32686 ,S ,
SM32687 ,S ,
SM32688 ,A ,
SM32689 ,S ,
SM32690 ,S ,
SM32691 ,S ,
SM32692 ,S ,
SM32693 ,S ,
SM32694 ,A ,
SM32695 ,S ,
SM32696 ,S ,
SM32697 ,S ,
SM32698 ,S ,
SM32699 ,S ,
SM32700 ,S ,
SM32701 ,S ,
SM32702 ,S ,
SM32703 ,A ,
SM32704 ,A ,
SM32705 ,A ,
SM32706 ,A ,
SM32707 ,A ,
SM32708 ,S ,
SM32709 ,S ,
SM32710 ,A ,
SM32711 ,S ,
SM32712 ,S ,
SM32713 ,S ,
SM32714 ,A ,
SM32715 ,S ,
SM32716 ,S ,
SM32717 ,A ,
SM32718 ,S ,
SM32719 ,S ,
SM32720 ,A ,
SM32721 ,S ,
SM32722 ,S ,
SM32723 ,A ,
SM32724 ,S ,
SM32725 ,S ,
SM32726 ,S ,
SM32727 ,A ,
SM32728 ,S ,
SM32729 ,S ,
SM32730 ,A ,
SM32731 ,S ,
SM32732 ,S ,
SM32733 ,S ,
SM32734 ,S ,
SM32735 ,S ,
SM32736 ,A ,
SM32737 ,S ,
SM32738 ,S ,
SM32739 ,S ,
SM32740 ,S ,
SM32741 ,S ,
SM32742 ,A ,
SM32743 ,S ,
SM32744 ,S ,
SM32745 ,S ,
SM32746 ,A ,
SM32747 ,S ,
SM32748 ,S ,
SM32749 ,S ,
SM32750 ,S ,
SM32751 ,S ,
SM32752 ,S ,
SM32753 ,A ,
SM32754 ,S ,
SM32755 ,A ,
SM32756 ,S ,
SM32757 ,S ,
SM32758 ,S ,
SM32759 ,S ,
SM32760 ,S ,
SM32761 ,S ,
SM32762 ,S ,
SM32763 ,S ,
SM32764 ,S ,
SM32765 ,S ,
SM32766 ,S ,
SM32767 ,A ,
SM32768 ,S ,
SM32769 ,A ,
SM32770 ,S ,
SM32771 ,S ,
SM32772 ,A ,
SM32773 ,S ,
SM32774 ,A ,
SM32775 ,S ,
SM32776 ,S ,
SM32777 ,S ,
SM32778 ,S ,
SM32779 ,A ,
SM32780 ,S ,
SM32781 ,A ,
SM32782 ,S ,
SM32783 ,A ,
SM32784 ,S ,
SM32785 ,S ,
SM32786 ,S ,
SM32787 ,A ,
SM32788 ,S ,
SM32789 ,S ,
SM32790 ,S ,
SM32791 ,S ,
SM32792 ,A ,
SM32793 ,A ,
SM32795 ,S ,
SM32796 ,S ,
SM32797 ,S ,
SM32798 ,A ,
SM32799 ,S ,
SM32800 ,A ,
SM32801 ,S ,
SM32802 ,S ,
SM32803 ,S ,
SM32804 ,S ,
SM32805 ,S ,
SM32806 ,A ,
SM32807 ,A ,
SM32808 ,S ,
SM32809 ,A ,
SM32810 ,A ,
SM32811 ,S ,
SM32812 ,S ,
SM32813 ,S ,
SM32814 ,S ,
SM32815 ,S ,
SM32816 ,S ,
SM32817 ,S ,
SM32818 ,S ,
SM32819 ,S ,
SM32820 ,S ,
SM32821 ,A ,
SM32822 ,S ,
SM32823 ,S ,
SM32824 ,S ,
SM32825 ,A ,
SM32826 ,S ,
SM32827 ,S ,
SM32828 ,S ,
SM32829 ,A ,
SM32830 ,S ,
SM32831 ,A ,
SM32832 ,S ,
SM32833 ,S ,
SM32834 ,S ,
SM32835 ,S ,
SM32836 ,S ,
SM32837 ,S ,
SM32838 ,A ,
SM32839 ,S ,
SM32840 ,A ,
SM32841 ,S ,
SM32842 ,S ,
SM32843 ,A ,
SM32844 ,A ,
SM32845 ,A ,
SM32846 ,S ,
SM32847 ,S ,
SM32848 ,A ,
SM32849 ,S ,
SM32850 ,A ,
SM32851 ,S ,
SM32853 ,S ,
SM32854 ,S ,
SM32855 ,S ,
SM32856 ,S ,
SM32857 ,S ,
SM32858 ,S ,
SM32859 ,S ,
SM32860 ,S ,
SM32861 ,S ,
SM32862 ,S ,
SM32863 ,S ,
SM32864 ,A ,
SM32865 ,S ,
SM32866 ,S ,
SM32867 ,A ,
SM32868 ,A ,
SM32869 ,S ,
SM32870 ,A ,
SM32871 ,A ,
SM32872 ,S ,
SM32873 ,S ,
SM32874 ,A ,
SM32875 ,S ,
SM32876 ,S ,
SM32877 ,S ,
SM32878 ,S ,
SM32879 ,S ,
SM32880 ,S ,
SM32881 ,S ,
SM32882 ,S ,
SM32883 ,S ,
SM32884 ,S ,
SM32885 ,S ,
SM32886 ,S ,
SM32887 ,S ,
SM32888 ,S ,
SM32889 ,S ,
SM32890 ,S ,
SM32891 ,S ,
SM32892 ,S ,
SM32893 ,A ,
SM32894 ,A ,
SM32895 ,A ,
SM32896 ,S ,
SM32897 ,S ,
SM32898 ,S ,
SM32899 ,S ,
SM32900 ,S ,
SM32901 ,S ,
SM32902 ,S ,
SM32903 ,S ,
SM32904 ,S ,
SM32905 ,S ,
SM32906 ,S ,
SM32907 ,S ,
SM32908 ,S ,
SM32909 ,S ,
SM32910 ,S ,
SM32911 ,S ,
SM32912 ,S ,
SM32913 ,A ,
SM32914 ,A ,
SM32915 ,A ,
SM32916 ,S ,
SM32917 ,S ,
SM32918 ,S ,
SM32919 ,S ,
SM32920 ,S ,
SM32921 ,S ,
SM32922 ,S ,
SM32923 ,S ,
SM32924 ,S ,
SM32925 ,A ,
SM32926 ,S ,
SM32927 ,A ,
SM32928 ,A ,
SM32929 ,S ,
SM32930 ,S ,
SM32931 ,A ,
SM32932 ,S ,
SM32933 ,A ,
SM32934 ,S ,
SM32935 ,S ,
SM32936 ,S ,
SM32937 ,S ,
SM32938 ,S ,
SM32939 ,S ,
SM32940 ,A ,
SM32941 ,S ,
SM32942 ,A ,
SM32943 ,A ,
SM32944 ,A ,
SM32945 ,S ,
SM32946 ,S ,
SM32947 ,S ,
SM32948 ,A ,
SM32950 ,S ,
SM32951 ,S ,
SM32952 ,A ,
SM32954 ,A ,
SM32955 ,A ,
SM32956 ,S ,
SM32957 ,S ,
SM32958 ,S ,
SM32959 ,S ,
SM32960 ,S ,
SM32961 ,A ,
SM32962 ,A ,
SM32963 ,A ,
SM32964 ,S ,
SM32965 ,S ,
SM32966 ,S ,
SM32967 ,S ,
SM32968 ,S ,
SM32969 ,A ,
SM32970 ,A ,
SM32971 ,S ,
SM32972 ,S ,
SM32973 ,A ,
SM32974 ,S ,
SM32975 ,S ,
SM32976 ,A ,
SM32977 ,S ,
SM32978 ,S ,
SM32979 ,S ,
SM32980 ,S ,
SM32981 ,S ,
SM32982 ,S ,
SM32983 ,S ,
SM32984 ,A ,
SM32985 ,S ,
SM32986 ,S ,
SM32988 ,S ,
SM32989 ,S ,
SM32990 ,S ,
SM32991 ,A ,
SM32992 ,S ,
SM32993 ,S ,
SM32994 ,A ,
SM32995 ,S ,
SM32996 ,S ,
SM32997 ,S ,
SM32998 ,A ,
SM32999 ,S ,
SM33000 ,S ,
SM33001 ,S ,
SM33002 ,S ,
SM33003 ,S ,
SM33004 ,A ,
SM33005 ,S ,
SM33006 ,S ,
SM33007 ,S ,
SM33008 ,S ,
SM33009 ,A ,
SM33010 ,S ,
SM33011 ,S ,
SM33012 ,S ,
SM33013 ,S ,
SM33014 ,A ,
SM33015 ,S ,
SM33016 ,A ,
SM33017 ,S ,
SM33018 ,S ,
SM33019 ,S ,
SM33020 ,A ,
SM33021 ,S ,
SM33022 ,A ,
SM33023 ,A ,
SM33024 ,A ,
SM33025 ,S ,
SM33026 ,A ,
SM33027 ,S ,
SM33028 ,S ,
SM33029 ,S ,
SM33030 ,S ,
SM33031 ,A ,
SM33032 ,S ,
SM33033 ,S ,
SM33034 ,A ,
SM33035 ,S ,
SM33036 ,S ,
SM33037 ,S ,
SM33038 ,S ,
SM33039 ,A ,
SM33040 ,S ,
SM33041 ,S ,
SM33042 ,S ,
SM33043 ,S ,
SM33044 ,S ,
SM33045 ,S ,
SM33046 ,S ,
SM33047 ,S ,
SM33048 ,S ,
SM33049 ,A ,
SM33050 ,S ,
SM33051 ,S ,
SM33052 ,S ,
SM33053 ,S ,
SM33054 ,A ,
SM33055 ,S ,
SM33056 ,S ,
SM33057 ,S ,
SM33058 ,A ,
SM33059 ,S ,
SM33060 ,S ,
SM33061 ,S ,
SM33062 ,S ,
SM33063 ,S ,
SM33064 ,S ,
SM33065 ,S ,
SM33066 ,S ,
SM33067 ,S ,
SM33068 ,A ,
SM33069 ,S ,
SM33070 ,A ,
SM33071 ,S ,
SM33072 ,A ,
SM33073 ,S ,
SM33074 ,A ,
SM33075 ,S ,
SM33076 ,A ,
SM33077 ,S ,
SM33078 ,S ,
SM33079 ,S ,
SM33080 ,S ,
SM33081 ,S ,
SM33082 ,A ,
SM33083 ,S ,
SM33084 ,S ,
SM33085 ,S ,
SM33086 ,S ,
SM33087 ,A ,
SM33088 ,S ,
SM33089 ,S ,
SM33090 ,S ,
SM33091 ,A ,
SM33092 ,A ,
SM33093 ,A ,
SM33094 ,A ,
SM33095 ,S ,
SM33096 ,S ,
SM33097 ,A ,
SM33098 ,S ,
SM33099 ,A ,
SM33100 ,S ,
SM33101 ,S ,
SM33102 ,A ,
SM33103 ,S ,
SM33104 ,S ,
SM33105 ,S ,
SM33106 ,S ,
SM33107 ,S ,
SM33108 ,S ,
SM33109 ,S ,
SM33110 ,S ,
SM33111 ,S ,
SM33112 ,S ,
SM33113 ,A ,
SM33114 ,A ,
SM33115 ,S ,
SM33116 ,S ,
SM33117 ,S ,
SM33118 ,S ,
SM33119 ,A ,
SM33120 ,S ,
SM33121 ,S ,
SM33122 ,S ,
SM33123 ,A ,
SM33124 ,S ,
SM33125 ,A ,
SM33126 ,S ,
SM33127 ,A ,
SM33128 ,S ,
SM33129 ,A ,
SM33130 ,S ,
SM33131 ,S ,
SM33132 ,A ,
SM33133 ,S ,
SM33134 ,A ,
SM33135 ,S ,
SM33136 ,S ,
SM33137 ,A ,
SM33138 ,A ,
SM33139 ,S ,
SM33140 ,S ,
SM33141 ,S ,
SM33142 ,A ,
SM33143 ,S ,
SM33144 ,S ,
SM33145 ,S ,
SM33146 ,S ,
SM33147 ,A ,
SM33148 ,S ,
SM33149 ,A ,
SM33150 ,S ,
SM33151 ,S ,
SM33152 ,S ,
SM33153 ,S ,
SM33154 ,A ,
SM33155 ,S ,
SM33156 ,A ,
SM33157 ,A ,
SM33158 ,S ,
SM33159 ,S ,
SM33160 ,S ,
SM33161 ,S ,
SM33162 ,A ,
SM33163 ,S ,
SM33164 ,S ,
SM33165 ,S ,
SM33166 ,S ,
SM33167 ,S ,
SM33168 ,S ,
SM33169 ,A ,
SM33170 ,S ,
SM33171 ,A ,
SM33172 ,S ,
SM33173 ,S ,
SM33174 ,S ,
SM33175 ,A ,
SM33176 ,S ,
SM33177 ,A ,
SM33178 ,A ,
SM33179 ,S ,
SM33180 ,S ,
SM33181 ,S ,
SM33182 ,S ,
SM33183 ,S ,
SM33184 ,S ,
SM33185 ,A ,
SM33186 ,S ,
SM33187 ,S ,
SM33188 ,S ,
SM33189 ,A ,
SM33190 ,A ,
SM33191 ,S ,
SM33192 ,S ,
SM33193 ,S ,
SM33194 ,S ,
SM33195 ,S ,
SM33196 ,S ,
SM33197 ,A ,
SM33198 ,S ,
SM33199 ,S ,
SM33200 ,A ,
SM33201 ,S ,
SM33202 ,A ,
SM33203 ,S ,
SM33204 ,S ,
SM33205 ,S ,
SM33206 ,A ,
SM33207 ,A ,
SM33208 ,S ,
SM33209 ,S ,
SM33210 ,S ,
SM33211 ,S ,
SM33212 ,S ,
SM33213 ,A ,
SM33214 ,S ,
SM33215 ,A ,
SM33216 ,S ,
SM33217 ,A ,
SM33218 ,S ,
SM33219 ,A ,
SM33220 ,S ,
SM33221 ,A ,
SM33222 ,S ,
SM33223 ,S ,
SM33224 ,S ,
SM33225 ,A ,
SM33226 ,S ,
SM33227 ,S ,
SM33228 ,S ,
SM33229 ,A ,
SM33230 ,S ,
SM33231 ,S ,
SM33232 ,S ,
SM33233 ,S ,
SM33234 ,S ,
SM33235 ,A ,
SM33236 ,S ,
SM33237 ,A ,
SM33238 ,S ,
SM33239 ,A ,
SM33240 ,S ,
SM33241 ,A ,
SM33242 ,A ,
SM33243 ,S ,
SM33244 ,S ,
SM33245 ,S ,
SM33246 ,S ,
SM33247 ,S ,
SM33248 ,A ,
SM33249 ,S ,
SM33250 ,S ,
SM33251 ,A ,
SM33252 ,S ,
SM33253 ,S ,
SM33254 ,S ,
SM33255 ,S ,
SM33256 ,A ,
SM33257 ,S ,
SM33258 ,A ,
SM33259 ,S ,
SM33260 ,S ,
SM33261 ,A ,
SM33262 ,A ,
SM33263 ,S ,
SM33264 ,A ,
SM33265 ,S ,
SM33266 ,S ,
SM33267 ,S ,
SM33268 ,S ,
SM33269 ,S ,
SM33270 ,S ,
SM33271 ,S ,
SM33272 ,S ,
SM33273 ,S ,
SM33274 ,S ,
SM33275 ,S ,
SM33276 ,S ,
SM33277 ,A ,
SM33278 ,A ,
SM33279 ,A ,
SM33280 ,S ,
SM33281 ,S ,
SM33282 ,S ,
SM33283 ,S ,
SM33284 ,A ,
SM33285 ,A ,
SM33286 ,S ,
SM33287 ,S ,
SM33288 ,S ,
SM33289 ,S ,
SM33290 ,A ,
SM33291 ,S ,
SM33292 ,A ,
SM33293 ,S ,
SM33294 ,S ,
SM33295 ,S ,
SM33296 ,S ,
SM33297 ,A ,
SM33298 ,A ,
SM33299 ,A ,
SM33300 ,S ,
SM33301 ,A ,
SM33302 ,S ,
SM33303 ,S ,
SM33304 ,S ,
SM33305 ,S ,
SM33306 ,S ,
SM33307 ,S ,
SM33308 ,A ,
SM33309 ,S ,
SM33310 ,S ,
SM33311 ,A ,
SM33312 ,A ,
SM33313 ,S ,
SM33314 ,A ,
SM33315 ,S ,
SM33316 ,S ,
SM33317 ,S ,
SM33318 ,S ,
SM33319 ,S ,
SM33320 ,S ,
SM33321 ,S ,
SM33322 ,S ,
SM33323 ,S ,
SM33324 ,S ,
SM33325 ,A ,
SM33326 ,A ,
SM33327 ,A ,
SM33328 ,S ,
SM33329 ,S ,
SM33330 ,S ,
SM33331 ,S ,
SM33332 ,A ,
SM33333 ,S ,
SM33334 ,S ,
SM33335 ,A ,
SM33336 ,A ,
SM33337 ,S ,
SM33338 ,S ,
SM33339 ,S ,
SM33340 ,S ,
SM33341 ,S ,
SM33342 ,S ,
SM33343 ,A ,
SM33344 ,S ,
SM33345 ,A ,
SM33346 ,A ,
SM33347 ,S ,
SM33348 ,S ,
SM33349 ,A ,
SM33350 ,A ,
SM33351 ,S ,
SM33352 ,S ,
SM33353 ,S ,
SM33354 ,S ,
SM33355 ,A ,
SM33356 ,S ,
SM33357 ,S ,
SM33358 ,A ,
SM33359 ,A ,
SM33360 ,S ,
SM33361 ,S ,
SM33362 ,S ,
SM33363 ,A ,
SM33364 ,A ,
SM33365 ,S ,
SM33366 ,S ,
SM33367 ,A ,
SM33368 ,S ,
SM33369 ,S ,
SM33370 ,S ,
SM33371 ,S ,
SM33372 ,S ,
SM33373 ,A ,
SM33374 ,S ,
SM33375 ,S ,
SM33376 ,S ,
SM33377 ,S ,
SM33378 ,S ,
SM33379 ,A ,
SM33380 ,S ,
SM33381 ,A ,
SM33382 ,S ,
SM33383 ,A ,
SM33384 ,S ,
SM33385 ,S ,
SM33386 ,A ,
SM33387 ,S ,
SM33388 ,A ,
SM33389 ,S ,
SM33390 ,S ,
SM33391 ,S ,
SM33392 ,A ,
SM33393 ,S ,
SM33394 ,S ,
SM33395 ,S ,
SM33396 ,S ,
SM33397 ,S ,
SM33398 ,A ,
SM33399 ,S ,
SM33400 ,S ,
SM33401 ,S ,
SM33402 ,A ,
SM33403 ,A ,
SM33404 ,A ,
SM33405 ,S ,
SM33406 ,S ,
SM33407 ,A ,
SM33408 ,S ,
SM33409 ,S ,
SM33410 ,A ,
SM33411 ,S ,
SM33412 ,S ,
SM33413 ,S ,
SM33414 ,S ,
SM33415 ,S ,
SM33416 ,A ,
SM33417 ,S ,
SM33418 ,S ,
SM33419 ,S ,
SM33420 ,S ,
SM33421 ,S ,
SM33422 ,A ,
SM33423 ,S ,
SM33424 ,S ,
SM33425 ,A ,
SM33426 ,A ,
SM33427 ,S ,
SM33429 ,A ,
SM33430 ,S ,
SM33431 ,S ,
SM33433 ,S ,
SM33434 ,S ,
SM33435 ,S ,
SM33436 ,S ,
SM33437 ,S ,
SM33438 ,S ,
SM33439 ,A ,
SM33440 ,S ,
SM33441 ,A ,
SM33442 ,S ,
SM33443 ,A ,
SM33444 ,S ,
SM33445 ,S ,
SM33446 ,A ,
SM33447 ,S ,
SM33448 ,S ,
SM33449 ,S ,
SM33450 ,S ,
SM33451 ,S ,
SM33452 ,S ,
SM33453 ,S ,
SM33454 ,S ,
SM33455 ,S ,
SM33456 ,A ,
SM33457 ,S ,
SM33458 ,S ,
SM33459 ,A ,
SM33460 ,S ,
SM33461 ,S ,
SM33462 ,A ,
SM33463 ,S ,
SM33464 ,S ,
SM33465 ,A ,
SM33466 ,S ,
SM33467 ,S ,
SM33468 ,S ,
SM33469 ,S ,
SM33470 ,S ,
SM33471 ,S ,
SM33472 ,A ,
SM33473 ,S ,
SM33474 ,S ,
SM33475 ,A ,
SM33476 ,S ,
SM33477 ,A ,
SM33478 ,S ,
SM33479 ,A ,
SM33480 ,S ,
SM33481 ,A ,
SM33482 ,A ,
SM33483 ,A ,
SM33484 ,S ,
SM33485 ,S ,
SM33486 ,S ,
SM33487 ,A ,
SM33488 ,S ,
SM33489 ,S ,
SM33490 ,S ,
SM33491 ,A ,
SM33492 ,S ,
SM33493 ,S ,
SM33494 ,S ,
SM33495 ,S ,
SM33496 ,A ,
SM33497 ,S ,
SM33498 ,A ,
SM33499 ,S ,
SM33500 ,S ,
SM33501 ,A ,
SM33502 ,A ,
SM33503 ,A ,
SM33504 ,S ,
SM33505 ,A ,
SM33506 ,A ,
SM33507 ,S ,
SM33508 ,S ,
SM33509 ,S ,
SM33510 ,S ,
SM33511 ,S ,
SM33512 ,S ,
SM33513 ,A ,
SM33514 ,A ,
SM33515 ,S ,
SM33516 ,S ,
SM33517 ,A ,
SM33518 ,S ,
SM33519 ,S ,
SM33520 ,S ,
SM33521 ,S ,
SM33522 ,S ,
SM33523 ,S ,
SM33524 ,S ,
SM33525 ,A ,
SM33526 ,A ,
SM33527 ,S ,
SM33528 ,A ,
SM33529 ,S ,
SM33530 ,S ,
SM33531 ,S ,
SM33532 ,A ,
SM33533 ,S ,
SM33534 ,A ,
SM33536 ,S ,
SM33537 ,S ,
SM33538 ,A ,
SM33539 ,S ,
SM33540 ,S ,
SM33541 ,S ,
SM33542 ,S ,
SM33543 ,A ,
SM33544 ,S ,
SM33545 ,A ,
SM33546 ,A ,
SM33547 ,S ,
SM33548 ,S ,
SM33549 ,S ,
SM33550 ,S ,
SM33551 ,S ,
SM33552 ,S ,
SM33553 ,A ,
SM33554 ,A ,
SM33555 ,A ,
SM33556 ,A ,
SM33557 ,S ,
SM33558 ,A ,
SM33559 ,S ,
SM33560 ,S ,
SM33561 ,S ,
SM33562 ,S ,
SM33563 ,A ,
SM33564 ,S ,
SM33565 ,A ,
SM33566 ,S ,
SM33567 ,S ,
SM33568 ,S ,
SM33569 ,S ,
SM33570 ,A ,
SM33571 ,S ,
SM33572 ,S ,
SM33573 ,A ,
SM33574 ,S ,
SM33575 ,A ,
SM33576 ,S ,
SM33577 ,S ,
SM33578 ,S ,
SM33579 ,S ,
SM33580 ,A ,
SM33581 ,S ,
SM33582 ,S ,
SM33583 ,A ,
SM33584 ,A ,
SM33585 ,S ,
SM33586 ,S ,
SM33587 ,S ,
SM33588 ,S ,
SM33589 ,A ,
SM33590 ,S ,
SM33591 ,S ,
SM33592 ,A ,
SM33593 ,S ,
SM33594 ,A ,
SM33595 ,A ,
SM33596 ,S ,
SM33597 ,S ,
SM33598 ,A ,
SM33599 ,A ,
SM33600 ,S ,
SM33601 ,S ,
SM33602 ,S ,
SM33603 ,S ,
SM33604 ,A ,
SM33605 ,S ,
SM33606 ,A ,
SM33607 ,S ,
SM33608 ,S ,
SM33609 ,S ,
SM33610 ,S ,
SM33611 ,S ,
SM33612 ,S ,
SM33613 ,S ,
SM33614 ,S ,
SM33615 ,S ,
SM33616 ,S ,
SM33617 ,A ,
SM33618 ,A ,
SM33619 ,S ,
SM33620 ,S ,
SM33621 ,S ,
SM33622 ,A ,
SM33623 ,A ,
SM33624 ,S ,
SM33625 ,S ,
SM33626 ,A ,
SM33627 ,A ,
SM33628 ,A ,
SM33629 ,A ,
SM33630 ,S ,
SM33631 ,A ,
SM33632 ,S ,
SM33633 ,S ,
SM33634 ,S ,
SM33635 ,A ,
SM33636 ,A ,
SM33637 ,A ,
SM33638 ,S ,
SM33639 ,S ,
SM33640 ,S ,
SM33641 ,S ,
SM33642 ,S ,
SM33643 ,A ,
SM33644 ,S ,
SM33645 ,A ,
SM33646 ,A ,
SM33647 ,S ,
SM33648 ,S ,
SM33649 ,S ,
SM33650 ,S ,
SM33651 ,A ,
SM33652 ,S ,
SM33653 ,A ,
SM33654 ,S ,
SM33655 ,S ,
SM33656 ,A ,
SM33657 ,S ,
SM33658 ,S ,
SM33659 ,S ,
SM33660 ,S ,
SM33661 ,S ,
SM33662 ,A ,
SM33663 ,S ,
SM33664 ,S ,
SM33665 ,S ,
SM33666 ,S ,
SM33667 ,S ,
SM33668 ,A ,
SM33669 ,S ,
SM33670 ,S ,
SM33671 ,A ,
SM33672 ,A ,
SM33673 ,S ,
SM33674 ,S ,
SM33675 ,S ,
SM33676 ,S ,
SM33677 ,A ,
SM33678 ,S ,
SM33679 ,S ,
SM33680 ,S ,
SM33681 ,S ,
SM33682 ,S ,
SM33683 ,S ,
SM33684 ,S ,
SM33685 ,S ,
SM33686 ,A ,
SM33687 ,S ,
SM33688 ,A ,
SM33689 ,S ,
SM33690 ,A ,
SM33691 ,S ,
SM33692 ,S ,
SM33693 ,S ,
SM33694 ,S ,
SM33695 ,A ,
SM33696 ,S ,
SM33697 ,S ,
SM33698 ,S ,
SM33699 ,S ,
SM33700 ,S ,
SM33701 ,S ,
SM33702 ,S ,
SM33703 ,A ,
SM33704 ,S ,
SM33705 ,A ,
SM33706 ,S ,
SM33707 ,A ,
SM33708 ,S ,
SM33709 ,A ,
SM33710 ,S ,
SM33711 ,S ,
SM33712 ,A ,
SM33713 ,S ,
SM33714 ,S ,
SM33715 ,S ,
SM33716 ,S ,
SM33717 ,S ,
SM33718 ,A ,
SM33719 ,S ,
SM33720 ,S ,
SM33721 ,S ,
SM33722 ,S ,
SM33723 ,S ,
SM33724 ,A ,
SM33725 ,S ,
SM33726 ,S ,
SM33727 ,S ,
SM33728 ,S ,
SM33729 ,S ,
SM33730 ,A ,
SM33731 ,S ,
SM33732 ,S ,
SM33734 ,A ,
SM33735 ,S ,
SM33736 ,S ,
SM33737 ,S ,
SM33738 ,S ,
SM33739 ,S ,
SM33740 ,S ,
SM33741 ,S ,
SM33742 ,S ,
SM33743 ,S ,
SM33744 ,A ,
SM33745 ,A ,
SM33746 ,S ,
SM33747 ,S ,
SM33748 ,A ,
SM33749 ,S ,
SM33750 ,A ,
SM33751 ,S ,
SM33752 ,S ,
SM33753 ,A ,
SM33754 ,S ,
SM33755 ,S ,
SM33756 ,S ,
SM33757 ,A ,
SM33758 ,A ,
SM33759 ,A ,
SM33760 ,S ,
SM33761 ,S ,
SM33762 ,S ,
SM33763 ,A ,
SM33764 ,S ,
SM33765 ,S ,
SM33766 ,A ,
SM33767 ,A ,
SM33768 ,A ,
SM33769 ,S ,
SM33770 ,S ,
SM33771 ,S ,
SM33772 ,S ,
SM33773 ,S ,
SM33774 ,S ,
SM33775 ,S ,
SM33776 ,A ,
SM33777 ,A ,
SM33778 ,S ,
SM33779 ,S ,
SM33780 ,S ,
SM33781 ,A ,
SM33782 ,A ,
SM33783 ,S ,
SM33784 ,S ,
SM33785 ,S ,
SM33786 ,S ,
SM33787 ,S ,
SM33788 ,S ,
SM33789 ,A ,
SM33790 ,S ,
SM33791 ,A ,
SM33792 ,A ,
SM33793 ,A ,
SM33794 ,S ,
SM33795 ,S ,
SM33796 ,S ,
SM33797 ,S ,
SM33798 ,A ,
SM33799 ,A ,
SM33800 ,S ,
SM33801 ,S ,
SM33802 ,S ,
SM33803 ,S ,
SM33804 ,S ,
SM33805 ,S ,
SM33806 ,S ,
SM33807 ,S ,
SM33808 ,A ,
SM33809 ,S ,
SM33810 ,S ,
SM33811 ,A ,
SM33812 ,S ,
SM33813 ,S ,
SM33814 ,S ,
SM33815 ,A ,
SM33816 ,A ,
SM33817 ,S ,
SM33818 ,S ,
SM33819 ,S ,
SM33820 ,S ,
SM33821 ,S ,
SM33822 ,A ,
SM33823 ,S ,
SM33824 ,S ,
SM33825 ,S ,
SM33826 ,S ,
SM33827 ,S ,
SM33828 ,S ,
SM33829 ,S ,
SM33830 ,A ,
SM33831 ,A ,
SM33832 ,S ,
SM33833 ,A ,
SM33834 ,S ,
SM33835 ,S ,
SM33836 ,S ,
SM33837 ,S ,
SM33838 ,S ,
SM33839 ,S ,
SM33840 ,S ,
SM33841 ,S ,
SM33842 ,S ,
SM33843 ,A ,
SM33844 ,S ,
SM33845 ,A ,
SM33846 ,S ,
SM33847 ,S ,
SM33848 ,A ,
SM33849 ,S ,
SM33850 ,S ,
SM33851 ,S ,
SM33852 ,A ,
SM33853 ,S ,
SM33854 ,A ,
SM33855 ,S ,
SM33856 ,A ,
SM33857 ,S ,
SM33858 ,S ,
SM33859 ,S ,
SM33860 ,S ,
SM33861 ,S ,
SM33862 ,S ,
SM33863 ,S ,
SM33864 ,A ,
SM33865 ,A ,
SM33866 ,S ,
SM33867 ,S ,
SM33868 ,A ,
SM33869 ,S ,
SM33870 ,S ,
SM33871 ,S ,
SM33872 ,S ,
SM33873 ,S ,
SM33874 ,S ,
SM33875 ,S ,
SM33876 ,S ,
SM33877 ,S ,
SM33878 ,S ,
SM33879 ,S ,
SM33880 ,A ,
SM33881 ,A ,
SM33882 ,A ,
SM33883 ,A ,
SM33884 ,S ,
SM33885 ,S ,
SM33886 ,S ,
SM33887 ,S ,
SM33888 ,S ,
SM33889 ,A ,
SM33890 ,S ,
SM33891 ,S ,
SM33892 ,A ,
SM33893 ,S ,
SM33894 ,A ,
SM33895 ,S ,
SM33896 ,A ,
SM33897 ,S ,
SM33898 ,A ,
SM33899 ,A ,
SM33900 ,S ,
SM33901 ,S ,
SM33902 ,S ,
SM33903 ,A ,
SM33904 ,S ,
SM33905 ,S ,
SM33906 ,S ,
SM33907 ,S ,
SM33908 ,A ,
SM33909 ,S ,
SM33910 ,A ,
SM33911 ,S ,
SM33912 ,S ,
SM33913 ,S ,
SM33914 ,S ,
SM33915 ,S ,
SM33916 ,A ,
SM33917 ,A ,
SM33918 ,A ,
SM33919 ,S ,
SM33920 ,S ,
SM33921 ,A ,
SM33922 ,S ,
SM33923 ,S ,
SM33924 ,S ,
SM33925 ,A ,
SM33926 ,S ,
SM33927 ,S ,
SM33928 ,S ,
SM33929 ,S ,
SM33930 ,S ,
SM33931 ,S ,
SM33932 ,S ,
SM33933 ,S ,
SM33934 ,S ,
SM33935 ,S ,
SM33936 ,A ,
SM33937 ,A ,
SM33938 ,S ,
SM33939 ,S ,
SM33940 ,A ,
SM33941 ,S ,
SM33942 ,S ,
SM33943 ,S ,
SM33944 ,S ,
SM33945 ,S ,
SM33946 ,S ,
SM33947 ,S ,
SM33948 ,S ,
SM33949 ,S ,
SM33950 ,S ,
SM33951 ,A ,
SM33952 ,A ,
SM33953 ,S ,
SM33954 ,S ,
SM33955 ,A ,
SM33956 ,S ,
SM33957 ,S ,
SM33958 ,S ,
SM33959 ,S ,
SM33960 ,S ,
SM33961 ,A ,
SM33962 ,A ,
SM33963 ,S ,
SM33964 ,A ,
SM33966 ,A ,
SM33967 ,S ,
SM33968 ,S ,
SM33969 ,S ,
SM33970 ,S ,
SM33971 ,A ,
SM33972 ,S ,
SM33973 ,A ,
SM33974 ,A ,
SM33975 ,S ,
SM33976 ,S ,
SM33978 ,S ,
SM33979 ,S ,
SM33980 ,S ,
SM33981 ,A ,
SM33982 ,S ,
SM33983 ,S ,
SM33984 ,S ,
SM33985 ,A ,
SM33986 ,A ,
SM33987 ,S ,
SM33988 ,S ,
SM33989 ,A ,
SM33990 ,S ,
SM33991 ,S ,
SM33992 ,S ,
SM33993 ,S ,
SM33994 ,S ,
SM33995 ,S ,
SM33996 ,A ,
SM33997 ,S ,
SM33998 ,S ,
SM33999 ,A ,
SM34000 ,S ,
SM34001 ,A ,
SM34002 ,S ,
SM34003 ,A ,
SM34004 ,S ,
SM34005 ,S ,
SM34006 ,S ,
SM34007 ,S ,
SM34008 ,A ,
SM34009 ,S ,
SM34010 ,S ,
SM34011 ,A ,
SM34012 ,A ,
SM34013 ,S ,
SM34014 ,A ,
SM34015 ,A ,
SM34016 ,S ,
SM34017 ,S ,
SM34018 ,S ,
SM34019 ,S ,
SM34020 ,S ,
SM34021 ,S ,
SM34022 ,A ,
SM34023 ,A ,
SM34024 ,S ,
SM34025 ,A ,
SM34026 ,S ,
SM34027 ,A ,
SM34028 ,A ,
SM34029 ,S ,
SM34030 ,A ,
SM34031 ,S ,
SM34032 ,S ,
SM34033 ,S ,
SM34034 ,S ,
SM34035 ,A ,
SM34036 ,S ,
SM34037 ,S ,
SM34038 ,S ,
SM34039 ,S ,
SM34040 ,S ,
SM34041 ,S ,
SM34042 ,S ,
SM34043 ,S ,
SM34044 ,A ,
SM34045 ,S ,
SM34046 ,A ,
SM34047 ,A ,
SM34048 ,A ,
SM34049 ,S ,
SM34050 ,S ,
SM34051 ,S ,
SM34052 ,A ,
SM34053 ,S ,
SM34054 ,S ,
SM34055 ,A ,
SM34056 ,A ,
SM34057 ,S ,
SM34058 ,S ,
SM34059 ,S ,
SM34060 ,S ,
SM34061 ,A ,
SM34062 ,S ,
SM34063 ,A ,
SM34064 ,S ,
SM34065 ,S ,
SM34066 ,S ,
SM34067 ,A ,
SM34068 ,S ,
SM34069 ,S ,
SM34070 ,A ,
SM34071 ,S ,
SM34072 ,S ,
SM34073 ,A ,
SM34074 ,A ,
SM34075 ,A ,
SM34076 ,S ,
SM34077 ,S ,
SM34078 ,S ,
SM34079 ,S ,
SM34080 ,A ,
SM34081 ,S ,
SM34082 ,A ,
SM34083 ,S ,
SM34084 ,S ,
SM34085 ,A ,
SM34086 ,S ,
SM34087 ,A ,
SM34088 ,S ,
SM34089 ,S ,
SM34090 ,A ,
SM34091 ,S ,
SM34092 ,S ,
SM34093 ,S ,
SM34094 ,S ,
SM34095 ,S ,
SM34096 ,S ,
SM34097 ,A ,
SM34098 ,S ,
SM34099 ,A ,
SM34100 ,S ,
SM34101 ,A ,
SM34102 ,A ,
SM34103 ,S ,
SM34104 ,S ,
SM34105 ,A ,
SM34106 ,S ,
SM34107 ,S ,
SM34108 ,S ,
SM34109 ,S ,
SM34110 ,S ,
SM34111 ,A ,
SM34112 ,S ,
SM34113 ,S ,
SM34114 ,A ,
SM34115 ,S ,
SM34116 ,S ,
SM34117 ,S ,
SM34118 ,S ,
SM34119 ,A ,
SM34120 ,S ,
SM34121 ,S ,
SM34122 ,S ,
SM34123 ,A ,
SM34124 ,S ,
SM34125 ,S ,
SM34126 ,S ,
SM34127 ,A ,
SM34128 ,S ,
SM34129 ,S ,
SM34130 ,S ,
SM34131 ,S ,
SM34132 ,S ,
SM34133 ,S ,
SM34134 ,A ,
SM34135 ,S ,
SM34136 ,A ,
SM34137 ,S ,
SM34138 ,A ,
SM34139 ,S ,
SM34140 ,S ,
SM34141 ,A ,
SM34142 ,A ,
SM34143 ,S ,
SM34144 ,S ,
SM34145 ,S ,
SM34146 ,S ,
SM34147 ,S ,
SM34148 ,S ,
SM34149 ,S ,
SM34150 ,S ,
SM34151 ,S ,
SM34152 ,A ,
SM34153 ,A ,
SM34154 ,S ,
SM34155 ,S ,
SM34156 ,S ,
SM34157 ,A ,
SM34158 ,S ,
SM34159 ,S ,
SM34160 ,S ,
SM34161 ,S ,
SM34162 ,S ,
SM34163 ,S ,
SM34164 ,S ,
SM34165 ,A ,
SM34166 ,S ,
SM34167 ,A ,
SM34168 ,S ,
SM34169 ,S ,
SM34170 ,S ,
SM34171 ,A ,
SM34172 ,A ,
SM34173 ,S ,
SM34174 ,S ,
SM34175 ,S ,
SM34176 ,A ,
SM34177 ,S ,
SM34178 ,S ,
SM34179 ,A ,
SM34180 ,S ,
SM34181 ,S ,
SM34182 ,A ,
SM34183 ,A ,
SM34184 ,A ,
SM34185 ,A ,
SM34186 ,S ,
SM34187 ,A ,
SM34188 ,S ,
SM34189 ,A ,
SM34190 ,A ,
SM34191 ,S ,
SM34192 ,S ,
SM34193 ,A ,
SM34194 ,S ,
SM34195 ,S ,
SM34196 ,S ,
SM34197 ,S ,
SM34198 ,S ,
SM34199 ,A ,
SM34200 ,S ,
SM34201 ,S ,
SM34202 ,A ,
SM34203 ,S ,
SM34204 ,S ,
SM34205 ,A ,
SM34206 ,S ,
SM34207 ,S ,
SM34208 ,A ,
SM34209 ,A ,
SM34210 ,A ,
SM34211 ,S ,
SM34212 ,S ,
SM34213 ,S ,
SM34214 ,A ,
SM34215 ,S ,
SM34216 ,S ,
SM34217 ,A ,
SM34218 ,A ,
SM34219 ,S ,
SM34220 ,A ,
SM34221 ,S ,
SM34222 ,A ,
SM34223 ,S ,
SM34224 ,S ,
SM34225 ,A ,
SM34226 ,S ,
SM34227 ,A ,
SM34228 ,A ,
SM34229 ,S ,
SM34230 ,A ,
SM34231 ,A ,
SM34232 ,A ,
SM34233 ,S ,
SM34234 ,A ,
SM34235 ,S ,
SM34236 ,S ,
SM34237 ,A ,
SM34238 ,A ,
SM34239 ,A ,
SM34240 ,S ,
SM34241 ,S ,
SM34242 ,S ,
SM34243 ,A ,
SM34244 ,A ,
SM34245 ,S ,
SM34246 ,S ,
SM34247 ,A ,
SM34248 ,S ,
SM34249 ,A ,
SM34250 ,A ,
SM34251 ,S ,
SM34252 ,S ,
SM34253 ,S ,
SM34254 ,S ,
SM34255 ,S ,
SM34256 ,A ,
SM34257 ,A ,
SM34258 ,S ,
SM34259 ,S ,
SM34260 ,S ,
SM34262 ,A ,
SM34263 ,A ,
SM34264 ,S ,
SM34265 ,S ,
SM34266 ,S ,
SM34267 ,S ,
SM34268 ,S ,
SM34269 ,A ,
SM34270 ,S ,
SM34271 ,S ,
SM34272 ,S ,
SM34273 ,A ,
SM34274 ,S ,
SM34275 ,A ,
SM34276 ,S ,
SM34277 ,A ,
SM34278 ,S ,
SM34279 ,S ,
SM34280 ,S ,
SM34281 ,S ,
SM34282 ,A ,
SM34283 ,S ,
SM34284 ,A ,
SM34285 ,A ,
SM34286 ,A ,
SM34287 ,S ,
SM34288 ,A ,
SM34289 ,S ,
SM34290 ,S ,
SM34291 ,S ,
SM34292 ,S ,
SM34293 ,S ,
SM34294 ,A ,
SM34295 ,S ,
SM34296 ,A ,
SM34297 ,S ,
SM34298 ,S ,
SM34300 ,S ,
SM34301 ,S ,
SM34302 ,A ,
SM34303 ,S ,
SM34304 ,A ,
SM34305 ,A ,
SM34306 ,S ,
SM34307 ,S ,
SM34308 ,S ,
SM34309 ,S ,
SM34310 ,A ,
SM34311 ,A ,
SM34312 ,A ,
SM34313 ,S ,
SM34314 ,S ,
SM34315 ,S ,
SM34317 ,S ,
SM34318 ,A ,
SM34319 ,S ,
SM34320 ,A ,
SM34321 ,S ,
SM34322 ,S ,
SM34323 ,A ,
SM34324 ,S ,
SM34325 ,A ,
SM34327 ,A ,
SM34328 ,A ,
SM34329 ,A ,
SM34330 ,S ,
SM34331 ,S ,
SM34332 ,A ,
SM34333 ,S ,
SM34334 ,A ,
SM34335 ,A ,
SM34336 ,S ,
SM34337 ,S ,
SM34338 ,A ,
SM34339 ,S ,
SM34340 ,S ,
SM34341 ,S ,
SM34342 ,S ,
SM34343 ,A ,
SM34344 ,A ,
SM34345 ,S ,
SM34346 ,S ,
SM34347 ,S ,
SM34348 ,S ,
SM34349 ,S ,
SM34350 ,A ,
SM34351 ,S ,
SM34352 ,S ,
SM34353 ,A ,
SM34354 ,A ,
SM34355 ,S ,
SM34356 ,A ,
SM34357 ,S ,
SM34358 ,A ,
SM34359 ,A ,
SM34360 ,S ,
SM34361 ,S ,
SM34362 ,S ,
SM34363 ,A ,
SM34364 ,S ,
SM34365 ,A ,
SM34366 ,A ,
SM34367 ,A ,
SM34368 ,S ,
SM34369 ,S ,
SM34370 ,S ,
SM34371 ,S ,
SM34373 ,A ,
SM34374 ,S ,
SM34375 ,S ,
SM34376 ,A ,
SM34377 ,S ,
SM34378 ,S ,
SM34380 ,A ,
SM34381 ,S ,
SM34382 ,A ,
SM34383 ,S ,
SM34384 ,S ,
SM34385 ,S ,
SM34386 ,A ,
SM34387 ,S ,
SM34388 ,S ,
SM34389 ,S ,
SM34390 ,A ,
SM34391 ,A ,
SM34392 ,S ,
SM34393 ,A ,
SM34394 ,S ,
SM34395 ,S ,
SM34396 ,A ,
SM34397 ,A ,
SM34398 ,A ,
SM34399 ,A ,
SM34400 ,S ,
SM34401 ,A ,
SM34402 ,S ,
SM34403 ,A ,
SM34404 ,S ,
SM34405 ,A ,
SM34406 ,S ,
SM34407 ,A ,
SM34408 ,A ,
SM34409 ,A ,
SM34410 ,S ,
SM34411 ,A ,
SM34412 ,A ,
SM34413 ,A ,
SM34414 ,S ,
SM34415 ,S ,
SM34416 ,S ,
SM34417 ,S ,
SM34419 ,S ,
SM34420 ,S ,
SM34421 ,S ,
SM34422 ,S ,
SM34423 ,A ,
SM34424 ,S ,
SM34425 ,A ,
SM34426 ,S ,
SM34427 ,S ,
SM34428 ,S ,
SM34429 ,A ,
SM34430 ,S ,
SM34431 ,S ,
SM34432 ,A ,
SM34433 ,S ,
SM34434 ,S ,
SM34435 ,S ,
SM34436 ,A ,
SM34437 ,S ,
SM34438 ,S ,
SM34439 ,A ,
SM34440 ,A ,
SM34441 ,S ,
SM34442 ,S ,
SM34443 ,A ,
SM34444 ,S ,
SM34445 ,S ,
SM34446 ,S ,
SM34447 ,S ,
SM34448 ,A ,
SM34449 ,S ,
SM34450 ,A ,
SM34451 ,A ,
SM34452 ,S ,
SM34453 ,S ,
SM34454 ,S ,
SM34455 ,S ,
SM34456 ,A ,
SM34457 ,A ,
SM34458 ,S ,
SM34459 ,A ,
SM34460 ,S ,
SM34461 ,S ,
SM34463 ,S ,
SM34464 ,S ,
SM34465 ,S ,
SM34466 ,A ,
SM34467 ,S ,
SM34469 ,S ,
SM34470 ,A ,
SM34471 ,S ,
SM34472 ,S ,
SM34473 ,A ,
SM34474 ,A ,
SM34475 ,A ,
SM34476 ,S ,
SM34477 ,A ,
SM34478 ,A ,
SM34479 ,S ,
SM34480 ,S ,
SM34481 ,S ,
SM34482 ,S ,
SM34483 ,A ,
SM34484 ,S ,
SM34485 ,A ,
SM34486 ,A ,
SM34487 ,S ,
SM34488 ,S ,
SM34489 ,A ,
SM34490 ,A ,
SM34491 ,S ,
SM34492 ,A ,
SM34493 ,A ,
SM34494 ,A ,
SM34495 ,A ,
SM34496 ,S ,
SM34497 ,S ,
SM34498 ,A ,
SM34499 ,S ,
SM34500 ,S ,
SM34501 ,S ,
SM34502 ,A ,
SM34503 ,S ,
SM34504 ,S ,
SM34505 ,S ,
SM34506 ,S ,
SM34507 ,S ,
SM34508 ,S ,
SM34509 ,A ,
SM34510 ,S ,
SM34512 ,S ,
SM34513 ,S ,
SM34515 ,A ,
SM34516 ,S ,
SM34517 ,S ,
SM34518 ,A ,
SM34520 ,A ,
SM34521 ,S ,
SM34522 ,A ,
SM34523 ,S ,
SM34524 ,A ,
SM34525 ,S ,
SM34526 ,S ,
SM34527 ,S ,
SM34528 ,S ,
SM34529 ,S ,
SM34530 ,A ,
SM34531 ,S ,
SM34532 ,A ,
SM34533 ,S ,
SM34534 ,A ,
SM34535 ,S ,
SM34536 ,A ,
SM34537 ,S ,
SM34538 ,A ,
SM34539 ,S ,
SM34540 ,S ,
SM34541 ,A ,
SM34542 ,S ,
SM34543 ,S ,
SM34544 ,S ,
SM34545 ,S ,
SM34546 ,A ,
SM34547 ,S ,
SM34549 ,A ,
SM34550 ,S ,
SM34551 ,S ,
SM34552 ,A ,
SM34553 ,A ,
SM34554 ,S ,
SM34555 ,A ,
SM34556 ,S ,
SM34557 ,S ,
SM34558 ,A ,
SM34559 ,A ,
SM34560 ,S ,
SM34561 ,S ,
SM34562 ,A ,
SM34563 ,A ,
SM34564 ,S ,
SM34565 ,A ,
SM34566 ,A ,
SM34567 ,S ,
SM34568 ,S ,
SM34569 ,S ,
SM34570 ,A ,
SM34571 ,S ,
SM34572 ,S ,
SM34573 ,A ,
SM34574 ,A ,
SM34575 ,S ,
SM34576 ,S ,
SM34577 ,S ,
SM34578 ,A ,
SM34579 ,A ,
SM34580 ,A ,
SM34581 ,S ,
SM34582 ,S ,
SM34583 ,A ,
SM34584 ,S ,
SM34585 ,A ,
SM34586 ,S ,
SM34587 ,S ,
SM34588 ,S ,
SM34589 ,A ,
SM34590 ,A ,
SM34591 ,S ,
SM34592 ,S ,
SM34593 ,S ,
SM34594 ,S ,
SM34595 ,A ,
SM34596 ,S ,
SM34597 ,S ,
SM34598 ,S ,
SM34599 ,S ,
SM34600 ,S ,
SM34601 ,A ,
SM34602 ,A ,
SM34603 ,S ,
SM34604 ,A ,
SM34605 ,S ,
SM34606 ,S ,
SM34607 ,S ,
SM34608 ,S ,
SM34609 ,S ,
SM34610 ,S ,
SM34611 ,S ,
SM34612 ,S ,
SM34613 ,A ,
SM34614 ,S ,
SM34615 ,S ,
SM34616 ,A ,
SM34617 ,S ,
SM34618 ,S ,
SM34619 ,A ,
SM34620 ,A ,
SM34621 ,S ,
SM34622 ,S ,
SM34623 ,S ,
SM34624 ,S ,
SM34625 ,A ,
SM34626 ,S ,
SM34627 ,S ,
SM34628 ,S ,
SM34629 ,S ,
SM34630 ,A ,
SM34631 ,S ,
SM34632 ,S ,
SM34633 ,S ,
SM34634 ,A ,
SM34635 ,A ,
SM34636 ,S ,
SM34637 ,A ,
SM34638 ,S ,
SM34639 ,A ,
SM34640 ,A ,
SM34641 ,S ,
SM34642 ,S ,
SM34643 ,S ,
SM34644 ,S ,
SM34645 ,A ,
SM34646 ,S ,
SM34647 ,S ,
SM34648 ,S ,
SM34649 ,A ,
SM34650 ,S ,
SM34651 ,A ,
SM34652 ,A ,
SM34653 ,S ,
SM34654 ,S ,
SM34655 ,S ,
SM34656 ,A ,
SM34657 ,S ,
SM34658 ,S ,
SM34659 ,S ,
SM34660 ,S ,
SM34661 ,S ,
SM34662 ,A ,
SM34663 ,A ,
SM34664 ,S ,
SM34665 ,S ,
SM34666 ,S ,
SM34667 ,A ,
SM34668 ,A ,
SM34669 ,S ,
SM34670 ,S ,
SM34671 ,S ,
SM34672 ,S ,
SM34673 ,S ,
SM34674 ,S ,
SM34675 ,A ,
SM34676 ,S ,
SM34677 ,S ,
SM34678 ,S ,
SM34679 ,S ,
SM34680 ,S ,
SM34681 ,S ,
SM34683 ,S ,
SM34684 ,S ,
SM34685 ,S ,
SM34686 ,S ,
SM34687 ,A ,
SM34688 ,S ,
SM34689 ,S ,
SM34690 ,A ,
SM34691 ,S ,
SM34692 ,S ,
SM34693 ,S ,
SM34694 ,S ,
SM34695 ,S ,
SM34696 ,S ,
SM34697 ,A ,
SM34698 ,S ,
SM34699 ,S ,
SM34700 ,S ,
SM34701 ,A ,
SM34702 ,S ,
SM34703 ,A ,
SM34704 ,S ,
SM34705 ,A ,
SM34706 ,A ,
SM34707 ,S ,
SM34708 ,A ,
SM34709 ,A ,
SM34710 ,S ,
SM34711 ,A ,
SM34712 ,A ,
SM34713 ,A ,
SM34714 ,A ,
SM34715 ,S ,
SM34717 ,S ,
SM34718 ,A ,
SM34719 ,S ,
SM34720 ,S ,
SM34721 ,S ,
SM34722 ,A ,
SM34723 ,S ,
SM34724 ,S ,
SM34725 ,A ,
SM34726 ,S ,
SM34727 ,S ,
SM34728 ,A ,
SM34729 ,S ,
SM34730 ,S ,
SM34731 ,A ,
SM34732 ,S ,
SM34733 ,S ,
SM34734 ,S ,
SM34735 ,A ,
SM34736 ,S ,
SM34737 ,A ,
SM34738 ,A ,
SM34739 ,S ,
SM34740 ,S ,
SM34741 ,S ,
SM34742 ,S ,
SM34743 ,S ,
SM34744 ,S ,
SM34745 ,S ,
SM34746 ,S ,
SM34747 ,S ,
SM34748 ,S ,
SM34749 ,S ,
SM34750 ,S ,
SM34751 ,S ,
SM34752 ,S ,
SM34753 ,A ,
SM34754 ,A ,
SM34755 ,S ,
SM34756 ,S ,
SM34757 ,A ,
SM34758 ,S ,
SM34759 ,S ,
SM34760 ,S ,
SM34761 ,A ,
SM34762 ,A ,
SM34763 ,S ,
SM34764 ,S ,
SM34765 ,S ,
SM34766 ,S ,
SM34767 ,S ,
SM34768 ,S ,
SM34769 ,S ,
SM34770 ,S ,
SM34771 ,A ,
SM34772 ,S ,
SM34773 ,S ,
SM34774 ,S ,
SM34775 ,S ,
SM34776 ,S ,
SM34777 ,S ,
SM34778 ,S ,
SM34779 ,S ,
SM34780 ,S ,
SM34781 ,A ,
SM34782 ,A ,
SM34783 ,S ,
SM34784 ,A ,
SM34785 ,S ,
SM34786 ,S ,
SM34787 ,S ,
SM34788 ,A ,
SM34789 ,S ,
SM34790 ,S ,
SM34791 ,A ,
SM34792 ,A ,
SM34793 ,S ,
SM34794 ,S ,
SM34795 ,A ,
SM34796 ,S ,
SM34797 ,S ,
SM34798 ,S ,
SM34799 ,A ,
SM34800 ,S ,
SM34801 ,S ,
SM34802 ,S ,
SM34803 ,A ,
SM34804 ,A ,
SM34805 ,S ,
SM34806 ,S ,
SM34807 ,A ,
SM34808 ,A ,
SM34809 ,S ,
SM34810 ,S ,
SM34811 ,S ,
SM34812 ,S ,
SM34813 ,S ,
SM34814 ,A ,
SM34815 ,S ,
SM34816 ,S ,
SM34817 ,S ,
SM34818 ,S ,
SM34819 ,A ,
SM34820 ,S ,
SM34821 ,A ,
SM34822 ,A ,
SM34823 ,S ,
SM34824 ,S ,
SM34825 ,S ,
SM34826 ,S ,
SM34827 ,A ,
SM34828 ,A ,
SM34829 ,S ,
SM34830 ,S ,
SM34831 ,S ,
SM34832 ,A ,
SM34833 ,S ,
SM34834 ,S ,
SM34835 ,S ,
SM34836 ,S ,
SM34837 ,A ,
SM34838 ,S ,
SM34839 ,A ,
SM34840 ,S ,
SM34841 ,A ,
SM34842 ,S ,
SM34843 ,S ,
SM34844 ,A ,
SM34845 ,S ,
SM34846 ,S ,
SM34847 ,S ,
SM34848 ,S ,
SM34849 ,S ,
SM34850 ,S ,
SM34851 ,S ,
SM34852 ,S ,
SM34853 ,S ,
SM34854 ,S ,
SM34855 ,A ,
SM34856 ,A ,
SM34857 ,S ,
SM34858 ,S ,
SM34859 ,A ,
SM34860 ,A ,
SM34861 ,A ,
SM34862 ,S ,
SM34863 ,S ,
SM34864 ,S ,
SM34865 ,S ,
SM34866 ,S ,
SM34867 ,S ,
SM34868 ,S ,
SM34869 ,S ,
SM34871 ,S ,
SM34872 ,S ,
SM34873 ,S ,
SM34874 ,S ,
SM34875 ,A ,
SM34876 ,S ,
SM34877 ,A ,
SM34878 ,A ,
SM34879 ,A ,
SM34880 ,S ,
SM34881 ,S ,
SM34882 ,S ,
SM34883 ,A ,
SM34884 ,A ,
SM34885 ,S ,
SM34886 ,A ,
SM34887 ,S ,
SM34888 ,A ,
SM34889 ,S ,
SM34890 ,S ,
SM34891 ,A ,
SM34892 ,S ,
SM34893 ,S ,
SM34894 ,S ,
SM34895 ,A ,
SM34896 ,A ,
SM34898 ,A ,
SM34899 ,A ,
SM34900 ,S ,
SM34901 ,S ,
SM34902 ,S ,
SM34903 ,A ,
SM34904 ,S ,
SM34905 ,S ,
SM34906 ,A ,
SM34907 ,S ,
SM34908 ,S ,
SM34909 ,A ,
SM34910 ,S ,
SM34911 ,S ,
SM34912 ,S ,
SM34913 ,A ,
SM34914 ,S ,
SM34916 ,A ,
SM34917 ,S ,
SM34918 ,S ,
SM34919 ,S ,
SM34920 ,S ,
SM34921 ,S ,
SM34922 ,S ,
SM34923 ,S ,
SM34924 ,S ,
SM34925 ,A ,
SM34926 ,S ,
SM34927 ,S ,
SM34928 ,S ,
SM34929 ,S ,
SM34930 ,A ,
SM34931 ,S ,
SM34932 ,S ,
SM34933 ,S ,
SM34934 ,A ,
SM34935 ,S ,
SM34936 ,S ,
SM34937 ,S ,
SM34938 ,S ,
SM34939 ,S ,
SM34940 ,S ,
SM34941 ,S ,
SM34942 ,S ,
SM34943 ,S ,
SM34944 ,S ,
SM34945 ,S ,
SM34946 ,S ,
SM34947 ,S ,
SM34949 ,A ,
SM34950 ,S ,
SM34951 ,A ,
SM34952 ,S ,
SM34953 ,S ,
SM34954 ,A ,
SM34955 ,A ,
SM34956 ,S ,
SM34957 ,S ,
SM34958 ,S ,
SM34959 ,A ,
SM34961 ,S ,
SM34962 ,A ,
SM34963 ,S ,
SM34964 ,S ,
SM34965 ,A ,
SM34966 ,S ,
SM34967 ,A ,
SM34968 ,S ,
SM34969 ,S ,
SM34971 ,A ,
SM34972 ,S ,
SM34973 ,S ,
SM34974 ,S ,
SM34975 ,A ,
SM34976 ,S ,
SM34977 ,S ,
SM34978 ,S ,
SM34979 ,A ,
SM34980 ,S ,
SM34981 ,A ,
SM34982 ,S ,
SM34983 ,S ,
SM34984 ,S ,
SM34985 ,A ,
SM34986 ,S ,
SM34987 ,A ,
SM34988 ,S ,
SM34989 ,S ,
SM34990 ,A ,
SM34991 ,S ,
SM34992 ,A ,
SM34993 ,S ,
SM34994 ,A ,
SM34996 ,A ,
SM34997 ,A ,
SM34998 ,S ,
SM34999 ,S ,
SM35000 ,S ,
SM35001 ,S ,
SM35002 ,S ,
SM35003 ,S ,
SM35004 ,A ,
SM35005 ,S ,
SM35006 ,S ,
SM35007 ,A ,
SM35008 ,S ,
SM35009 ,S ,
SM35010 ,S ,
SM35011 ,S ,
SM35012 ,S ,
SM35013 ,A ,
SM35014 ,S ,
SM35015 ,A ,
SM35016 ,S ,
SM35017 ,S ,
SM35018 ,S ,
SM35019 ,A ,
SM35020 ,S ,
SM35021 ,A ,
SM35022 ,S ,
SM35023 ,S ,
SM35024 ,A ,
SM35025 ,S ,
SM35026 ,S ,
SM35027 ,S ,
SM35028 ,S ,
SM35029 ,A ,
SM35030 ,S ,
SM35031 ,S ,
SM35032 ,A ,
SM35033 ,S ,
SM35034 ,S ,
SM35035 ,S ,
SM35036 ,S ,
SM35037 ,S ,
SM35038 ,A ,
SM35039 ,A ,
SM35040 ,S ,
SM35041 ,A ,
SM35042 ,S ,
SM35043 ,S ,
SM35044 ,A ,
SM35045 ,A ,
SM35046 ,S ,
SM35047 ,S ,
SM35048 ,S ,
SM35049 ,S ,
SM35050 ,A ,
SM35051 ,S ,
SM35052 ,A ,
SM35053 ,A ,
SM35054 ,A ,
SM35055 ,S ,
SM35056 ,A ,
SM35057 ,A ,
SM35058 ,A ,
SM35059 ,S ,
SM35060 ,S ,
SM35061 ,A ,
SM35062 ,A ,
SM35063 ,S ,
SM35064 ,S ,
SM35065 ,S ,
SM35066 ,A ,
SM35067 ,S ,
SM35068 ,S ,
SM35069 ,S ,
SM35070 ,S ,
SM35071 ,S ,
SM35072 ,S ,
SM35073 ,S ,
SM35074 ,S ,
SM35075 ,S ,
SM35076 ,S ,
SM35077 ,S ,
SM35078 ,S ,
SM35079 ,A ,
SM35080 ,A ,
SM35081 ,A ,
SM35082 ,S ,
SM35083 ,S ,
SM35084 ,A ,
SM35085 ,S ,
SM35086 ,S ,
SM35087 ,S ,
SM35088 ,S ,
SM35089 ,A ,
SM35090 ,A ,
SM35091 ,S ,
SM35092 ,S ,
SM35093 ,A ,
SM35094 ,S ,
SM35095 ,S ,
SM35096 ,S ,
SM35097 ,S ,
SM35098 ,S ,
SM35099 ,S ,
SM35100 ,S ,
SM35101 ,S ,
SM35102 ,S ,
SM35103 ,A ,
SM35104 ,S ,
SM35105 ,S ,
SM35106 ,S ,
SM35107 ,A ,
SM35108 ,S ,
SM35109 ,S ,
SM35110 ,S ,
SM35111 ,S ,
SM35112 ,S ,
SM35113 ,S ,
SM35114 ,A ,
SM35115 ,A ,
SM35116 ,S ,
SM35117 ,S ,
SM35118 ,S ,
SM35119 ,A ,
SM35120 ,S ,
SM35121 ,A ,
SM35122 ,A ,
SM35123 ,A ,
SM35124 ,S ,
SM35125 ,A ,
SM35126 ,A ,
SM35127 ,S ,
SM35128 ,S ,
SM35129 ,S ,
SM35130 ,S ,
SM35131 ,A ,
SM35132 ,A ,
SM35133 ,S ,
SM35134 ,S ,
SM35135 ,S ,
SM35136 ,S ,
SM35137 ,S ,
SM35138 ,A ,
SM35139 ,S ,
SM35140 ,S ,
SM35141 ,A ,
SM35142 ,S ,
SM35143 ,S ,
SM35144 ,S ,
SM35145 ,A ,
SM35146 ,S ,
SM35147 ,S ,
SM35148 ,S ,
SM35149 ,A ,
SM35150 ,S ,
SM35151 ,S ,
SM35152 ,S ,
SM35153 ,S ,
SM35154 ,A ,
SM35155 ,S ,
SM35156 ,A ,
SM35157 ,A ,
SM35158 ,A ,
SM35159 ,S ,
SM35160 ,A ,
SM35161 ,S ,
SM35163 ,S ,
SM35164 ,A ,
SM35165 ,A ,
SM35166 ,S ,
SM35167 ,S ,
SM35168 ,S ,
SM35169 ,S ,
SM35170 ,S ,
SM35171 ,S ,
SM35172 ,S ,
SM35173 ,A ,
SM35174 ,S ,
SM35175 ,A ,
SM35176 ,A ,
SM35177 ,S ,
SM35178 ,S ,
SM35179 ,A ,
SM35180 ,S ,
SM35181 ,S ,
SM35182 ,S ,
SM35183 ,S ,
SM35184 ,A ,
SM35185 ,S ,
SM35186 ,A ,
SM35187 ,S ,
SM35188 ,A ,
SM35189 ,A ,
SM35190 ,S ,
SM35191 ,S ,
SM35192 ,A ,
SM35193 ,S ,
SM35194 ,A ,
SM35195 ,A ,
SM35196 ,S ,
SM35197 ,S ,
SM35199 ,A ,
SM35200 ,S ,
SM35201 ,S ,
SM35202 ,A ,
SM35203 ,A ,
SM35204 ,S ,
SM35205 ,A ,
SM35206 ,S ,
SM35207 ,S ,
SM35208 ,S ,
SM35209 ,S ,
SM35210 ,S ,
SM35211 ,S ,
SM35212 ,S ,
SM35213 ,S ,
SM35214 ,S ,
SM35215 ,S ,
SM35216 ,A ,
SM35217 ,S ,
SM35218 ,A ,
SM35219 ,S ,
SM35220 ,S ,
SM35221 ,S ,
SM35223 ,S ,
SM35224 ,S ,
SM35225 ,S ,
SM35227 ,A ,
SM35228 ,A ,
SM35229 ,S ,
SM35230 ,S ,
SM35231 ,S ,
SM35232 ,S ,
SM35233 ,S ,
SM35234 ,S ,
SM35235 ,S ,
SM35236 ,A ,
SM35237 ,S ,
SM35238 ,S ,
SM35239 ,A ,
SM35240 ,A ,
SM35241 ,S ,
SM35242 ,S ,
SM35243 ,S ,
SM35244 ,S ,
SM35245 ,S ,
SM35246 ,S ,
SM35247 ,A ,
SM35248 ,S ,
SM35249 ,S ,
SM35250 ,S ,
SM35251 ,S ,
SM35252 ,S ,
SM35253 ,A ,
SM35254 ,S ,
SM35255 ,S ,
SM35256 ,A ,
SM35257 ,A ,
SM35258 ,S ,
SM35259 ,S ,
SM35260 ,S ,
SM35261 ,S ,
SM35262 ,S ,
SM35263 ,S ,
SM35264 ,A ,
SM35265 ,S ,
SM35266 ,A ,
SM35267 ,S ,
SM35268 ,S ,
SM35269 ,S ,
SM35270 ,S ,
SM35271 ,S ,
SM35272 ,A ,
SM35273 ,S ,
SM35274 ,S ,
SM35275 ,S ,
SM35276 ,A ,
SM35277 ,A ,
SM35278 ,S ,
SM35279 ,S ,
SM35280 ,S ,
SM35281 ,S ,
SM35282 ,A ,
SM35283 ,S ,
SM35284 ,S ,
SM35285 ,S ,
SM35286 ,A ,
SM35287 ,S ,
SM35288 ,S ,
SM35289 ,A ,
SM35291 ,S ,
SM35292 ,A ,
SM35293 ,S ,
SM35294 ,S ,
SM35295 ,S ,
SM35296 ,S ,
SM35297 ,A ,
SM35298 ,S ,
SM35299 ,S ,
SM35300 ,A ,
SM35301 ,A ,
SM35302 ,A ,
SM35303 ,S ,
SM35304 ,S ,
SM35305 ,S ,
SM35306 ,S ,
SM35307 ,S ,
SM35308 ,S ,
SM35309 ,S ,
SM35310 ,S ,
SM35311 ,S ,
SM35312 ,A ,
SM35313 ,A ,
SM35314 ,A ,
SM35315 ,S ,
SM35316 ,S ,
SM35317 ,A ,
SM35318 ,A ,
SM35320 ,S ,
SM35321 ,S ,
SM35322 ,A ,
SM35323 ,S ,
SM35324 ,S ,
SM35325 ,A ,
SM35326 ,A ,
SM35327 ,S ,
SM35328 ,A ,
SM35329 ,S ,
SM35330 ,A ,
SM35331 ,A ,
SM35332 ,A ,
SM35333 ,S ,
SM35334 ,S ,
SM35335 ,S ,
SM35336 ,S ,
SM35337 ,S ,
SM35338 ,S ,
SM35339 ,S ,
SM35340 ,A ,
SM35341 ,S ,
SM35342 ,S ,
SM35343 ,A ,
SM35344 ,S ,
SM35345 ,S ,
SM35346 ,S ,
SM35347 ,S ,
SM35348 ,S ,
SM35349 ,S ,
SM35350 ,S ,
SM35351 ,A ,
SM35352 ,S ,
SM35353 ,S ,
SM35354 ,A ,
SM35355 ,S ,
SM35356 ,S ,
SM35357 ,S ,
SM35358 ,S ,
SM35359 ,A ,
SM35360 ,S ,
SM35361 ,A ,
SM35362 ,S ,
SM35363 ,S ,
SM35364 ,S ,
SM35365 ,S ,
SM35366 ,S ,
SM35367 ,S ,
SM35368 ,A ,
SM35369 ,S ,
SM35370 ,S ,
SM35371 ,S ,
SM35372 ,S ,
SM35373 ,A ,
SM35374 ,S ,
SM35375 ,S ,
SM35376 ,S ,
SM35377 ,S ,
SM35378 ,A ,
SM35379 ,S ,
SM35381 ,S ,
SM35382 ,S ,
SM35383 ,A ,
SM35384 ,S ,
SM35385 ,S ,
SM35386 ,S ,
SM35387 ,S ,
SM35388 ,A ,
SM35389 ,S ,
SM35390 ,S ,
SM35391 ,S ,
SM35392 ,S ,
SM35393 ,S ,
SM35394 ,S ,
SM35395 ,A ,
SM35396 ,S ,
SM35397 ,S ,
SM35398 ,S ,
SM35399 ,A ,
SM35400 ,A ,
SM35401 ,S ,
SM35402 ,S ,
SM35403 ,S ,
SM35404 ,A ,
SM35405 ,S ,
SM35406 ,A ,
SM35408 ,A ,
SM35409 ,S ,
SM35410 ,S ,
SM35411 ,S ,
SM35412 ,A ,
SM35413 ,S ,
SM35414 ,S ,
SM35415 ,S ,
SM35416 ,S ,
SM35417 ,S ,
SM35418 ,S ,
SM35419 ,S ,
SM35420 ,S ,
SM35421 ,A ,
SM35422 ,A ,
SM35423 ,S ,
SM35424 ,S ,
SM35425 ,S ,
SM35426 ,S ,
SM35427 ,A ,
SM35428 ,S ,
SM35429 ,A ,
SM35430 ,S ,
SM35431 ,S ,
SM35432 ,S ,
SM35433 ,A ,
SM35434 ,A ,
SM35435 ,S ,
SM35436 ,S ,
SM35437 ,A ,
SM35438 ,S ,
SM35439 ,S ,
SM35440 ,A ,
SM35441 ,S ,
SM35442 ,S ,
SM35443 ,S ,
SM35444 ,A ,
SM35445 ,S ,
SM35446 ,S ,
SM35447 ,S ,
SM35448 ,S ,
SM35449 ,S ,
SM35450 ,S ,
SM35451 ,S ,
SM35452 ,A ,
SM35453 ,A ,
SM35454 ,S ,
SM35455 ,A ,
SM35456 ,S ,
SM35457 ,S ,
SM35458 ,S ,
SM35459 ,A ,
SM35460 ,A ,
SM35461 ,A ,
SM35462 ,A ,
SM35463 ,S ,
SM35464 ,A ,
SM35465 ,A ,
SM35466 ,S ,
SM35467 ,S ,
SM35468 ,S ,
SM35469 ,S ,
SM35470 ,S ,
SM35471 ,S ,
SM35472 ,S ,
SM35473 ,S ,
SM35474 ,A ,
SM35475 ,A ,
SM35476 ,A ,
SM35477 ,S ,
SM35478 ,A ,
SM35479 ,S ,
SM35480 ,S ,
SM35481 ,S ,
SM35482 ,A ,
SM35483 ,S ,
SM35484 ,A ,
SM35485 ,S ,
SM35486 ,S ,
SM35487 ,S ,
SM35488 ,S ,
SM35490 ,S ,
SM35491 ,S ,
SM35492 ,S ,
SM35493 ,A ,
SM35494 ,S ,
SM35495 ,S ,
SM35496 ,S ,
SM35497 ,A ,
SM35498 ,S ,
SM35499 ,S ,
SM35500 ,S ,
SM35501 ,S ,
SM35502 ,S ,
SM35503 ,A ,
SM35504 ,A ,
SM35505 ,S ,
SM35506 ,S ,
SM35507 ,S ,
SM35508 ,A ,
SM35509 ,S ,
SM35510 ,S ,
SM35511 ,A ,
SM35512 ,A ,
SM35513 ,S ,
SM35514 ,S ,
SM35515 ,S ,
SM35516 ,A ,
SM35517 ,S ,
SM35518 ,S ,
SM35519 ,S ,
SM35520 ,S ,
SM35521 ,S ,
SM35522 ,S ,
SM35523 ,S ,
SM35524 ,A ,
SM35525 ,S ,
SM35526 ,S ,
SM35527 ,A ,
SM35528 ,S ,
SM35529 ,S ,
SM35530 ,S ,
SM35531 ,S ,
SM35532 ,S ,
SM35533 ,S ,
SM35534 ,S ,
SM35535 ,S ,
SM35536 ,S ,
SM35537 ,A ,
SM35538 ,A ,
SM35539 ,S ,
SM35540 ,S ,
SM35541 ,S ,
SM35542 ,S ,
SM35543 ,S ,
SM35544 ,S ,
SM35545 ,S ,
SM35546 ,A ,
SM35547 ,A ,
SM35548 ,A ,
SM35549 ,S ,
SM35550 ,S ,
SM35551 ,S ,
SM35552 ,S ,
SM35553 ,A ,
SM35554 ,S ,
SM35555 ,S ,
SM35556 ,S ,
SM35557 ,S ,
SM35558 ,A ,
SM35559 ,S ,
SM35560 ,S ,
SM35561 ,A ,
SM35562 ,A ,
SM35563 ,A ,
SM35564 ,S ,
SM35565 ,S ,
SM35566 ,S ,
SM35567 ,S ,
SM35568 ,S ,
SM35569 ,A ,
SM35570 ,S ,
SM35571 ,A ,
SM35572 ,S ,
SM35573 ,S ,
SM35574 ,A ,
SM35575 ,A ,
SM35576 ,A ,
SM35577 ,S ,
SM35578 ,A ,
SM35579 ,A ,
SM35580 ,S ,
SM35581 ,S ,
SM35582 ,S ,
SM35583 ,A ,
SM35584 ,S ,
SM35585 ,S ,
SM35586 ,S ,
SM35587 ,S ,
SM35588 ,A ,
SM35589 ,S ,
SM35590 ,S ,
SM35591 ,S ,
SM35592 ,A ,
SM35593 ,S ,
SM35594 ,A ,
SM35595 ,S ,
SM35596 ,S ,
SM35597 ,A ,
SM35598 ,A ,
SM35599 ,S ,
SM35600 ,A ,
SM35601 ,S ,
SM35602 ,S ,
SM35603 ,A ,
SM35604 ,A ,
SM35605 ,S ,
SM35606 ,A ,
SM35607 ,S ,
SM35608 ,A ,
SM35609 ,S ,
SM35610 ,S ,
SM35612 ,S ,
SM35613 ,S ,
SM35614 ,S ,
SM35615 ,S ,
SM35616 ,S ,
SM35617 ,S ,
SM35618 ,S ,
SM35619 ,A ,
SM35620 ,S ,
SM35621 ,S ,
SM35622 ,S ,
SM35623 ,S ,
SM35624 ,A ,
SM35625 ,S ,
SM35626 ,S ,
SM35627 ,S ,
SM35628 ,S ,
SM35629 ,S ,
SM35630 ,S ,
SM35631 ,S ,
SM35632 ,S ,
SM35633 ,S ,
SM35634 ,S ,
SM35635 ,S ,
SM35636 ,A ,
SM35637 ,S ,
SM35638 ,S ,
SM35639 ,S ,
SM35640 ,S ,
SM35641 ,S ,
SM35642 ,A ,
SM35643 ,S ,
SM35644 ,S ,
SM35645 ,S ,
SM35646 ,S ,
SM35647 ,S ,
SM35648 ,A ,
SM35649 ,S ,
SM35650 ,S ,
SM35651 ,S ,
SM35652 ,A ,
SM35653 ,A ,
SM35654 ,A ,
SM35655 ,S ,
SM35656 ,S ,
SM35657 ,S ,
SM35658 ,A ,
SM35659 ,S ,
SM35660 ,S ,
SM35661 ,S ,
SM35662 ,S ,
SM35663 ,S ,
SM35665 ,S ,
SM35666 ,S ,
SM35667 ,A ,
SM35668 ,A ,
SM35669 ,S ,
SM35670 ,S ,
SM35671 ,S ,
SM35672 ,S ,
SM35673 ,S ,
SM35674 ,S ,
SM35675 ,S ,
SM35676 ,S ,
SM35677 ,S ,
SM35678 ,S ,
SM35679 ,A ,
SM35680 ,A ,
SM35681 ,A ,
SM35682 ,A ,
SM35683 ,S ,
SM35685 ,S ,
SM35686 ,S ,
SM35687 ,S ,
SM35688 ,S ,
SM35689 ,S ,
SM35690 ,S ,
SM35691 ,A ,
SM35692 ,A ,
SM35693 ,A ,
SM35694 ,S ,
SM35695 ,S ,
SM35696 ,A ,
SM35697 ,S ,
SM35698 ,A ,
SM35699 ,A ,
SM35700 ,A ,
SM35701 ,S ,
SM35702 ,S ,
SM35703 ,S ,
SM35704 ,S ,
SM35705 ,S ,
SM35706 ,A ,
SM35707 ,S ,
SM35708 ,S ,
SM35709 ,A ,
SM35710 ,S ,
SM35711 ,S ,
SM35712 ,A ,
SM35713 ,A ,
SM35714 ,S ,
SM35715 ,S ,
SM35716 ,S ,
SM35717 ,S ,
SM35718 ,A ,
SM35719 ,S ,
SM35720 ,S ,
SM35721 ,A ,
SM35722 ,S ,
SM35723 ,S ,
SM35724 ,A ,
SM35725 ,A ,
SM35726 ,S ,
SM35727 ,S ,
SM35729 ,A ,
SM35730 ,A ,
SM35731 ,A ,
SM35732 ,A ,
SM35733 ,S ,
SM35734 ,A ,
SM35735 ,S ,
SM35736 ,S ,
SM35737 ,S ,
SM35738 ,A ,
SM35739 ,A ,
SM35740 ,S ,
SM35741 ,S ,
SM35742 ,S ,
SM35743 ,S ,
SM35744 ,S ,
SM35745 ,A ,
SM35746 ,A ,
SM35747 ,A ,
SM35748 ,S ,
SM35749 ,S ,
SM35750 ,A ,
SM35751 ,A ,
SM35752 ,A ,
SM35753 ,S ,
SM35754 ,S ,
SM35755 ,S ,
SM35756 ,S ,
SM35757 ,A ,
SM35758 ,S ,
SM35759 ,A ,
SM35760 ,S ,
SM35761 ,A ,
SM35762 ,S ,
SM35763 ,S ,
SM35764 ,S ,
SM35765 ,A ,
SM35766 ,S ,
SM35767 ,S ,
SM35768 ,A ,
SM35769 ,S ,
SM35770 ,S ,
SM35771 ,S ,
SM35772 ,S ,
SM35773 ,S ,
SM35774 ,S ,
SM35775 ,S ,
SM35776 ,S ,
SM35777 ,S ,
SM35778 ,S ,
SM35779 ,S ,
SM35780 ,A ,
SM35781 ,S ,
SM35782 ,A ,
SM35783 ,S ,
SM35784 ,A ,
SM35785 ,S ,
SM35786 ,A ,
SM35787 ,S ,
SM35788 ,S ,
SM35789 ,S ,
SM35790 ,S ,
SM35791 ,S ,
SM35792 ,S ,
SM35793 ,S ,
SM35794 ,S ,
SM35795 ,S ,
SM35796 ,S ,
SM35797 ,S ,
SM35798 ,A ,
SM35799 ,S ,
SM35800 ,S ,
SM35801 ,A ,
SM35802 ,S ,
SM35803 ,S ,
SM35804 ,S ,
SM35805 ,S ,
SM35806 ,A ,
SM35807 ,S ,
SM35808 ,S ,
SM35809 ,S ,
SM35811 ,A ,
SM35812 ,S ,
SM35813 ,S ,
SM35814 ,S ,
SM35815 ,S ,
SM35816 ,S ,
SM35817 ,A ,
SM35818 ,S ,
SM35819 ,S ,
SM35820 ,S ,
SM35821 ,A ,
SM35822 ,A ,
SM35823 ,S ,
SM35824 ,S ,
SM35825 ,S ,
SM35826 ,S ,
SM35827 ,S ,
SM35828 ,S ,
SM35829 ,S ,
SM35830 ,S ,
SM35831 ,S ,
SM35832 ,S ,
SM35833 ,S ,
SM35834 ,S ,
SM35835 ,S ,
SM35836 ,A ,
SM35837 ,S ,
SM35838 ,A ,
SM35839 ,A ,
SM35840 ,S ,
SM35841 ,S ,
SM35843 ,S ,
SM35844 ,S ,
SM35845 ,A ,
SM35847 ,A ,
SM35848 ,A ,
SM35849 ,A ,
SM35850 ,S ,
SM35851 ,S ,
SM35852 ,S ,
SM35853 ,A ,
SM35855 ,A ,
SM35856 ,A ,
SM35857 ,A ,
SM35858 ,S ,
SM35859 ,A ,
SM35860 ,A ,
SM35861 ,S ,
SM35864 ,S ,
SM35865 ,S ,
SM35866 ,S ,
SM35867 ,A ,
SM35869 ,S ,
SM35870 ,A ,
SM35871 ,S ,
SM35872 ,S ,
SM35873 ,A ,
SM35874 ,S ,
SM35875 ,A ,
SM35876 ,S ,
SM35877 ,A ,
SM35878 ,A ,
SM35879 ,A ,
SM35882 ,S ,
SM35885 ,S ,
SM35886 ,S ,
SM35887 ,A ,
SM35889 ,A ,
SM35890 ,S ,
SM35891 ,A ,
SM35892 ,S ,
SM35894 ,A ,
SM35895 ,A ,
SM35896 ,A ,
SM35897 ,A ,
SM35898 ,A ,
SM35899 ,S ,
SM35900 ,S ,
SM35901 ,A ,
SM35902 ,A ,
SM35903 ,S ,
SM35904 ,S ,
SM35905 ,A ,
SM35906 ,A ,
SM35907 ,A ,
SM35908 ,S ,
SM35909 ,S ,
SM35910 ,S ,
SM35911 ,A ,
SM35912 ,A ,
SM35913 ,A ,
SM35915 ,A ,
SM35916 ,S ,
SM35917 ,S ,
SM35918 ,A ,
SM35920 ,S ,
SM35921 ,A ,
SM35922 ,S ,
SM35923 ,S ,
SM35924 ,S ,
SM35925 ,S ,
SM35926 ,A ,
SM35927 ,S ,
SM35928 ,S ,
SM35929 ,A ,
SM35931 ,A ,
SM35932 ,S ,
SM35933 ,S ,
SM35934 ,S ,
SM35935 ,S ,
SM35936 ,S ,
SM35937 ,A ,
SM35938 ,S ,
SM35939 ,A ,
SM35940 ,A ,
SM35941 ,S ,
SM35942 ,A ,
SM35944 ,A ,
SM35945 ,S ,
SM35947 ,S ,
SM35948 ,S ,
SM35949 ,S ,
SM35950 ,A ,
SM35952 ,S ,
SM35953 ,A ,
SM35954 ,A ,
SM35955 ,S ,
SM35956 ,S ,
SM35958 ,S ,
SM35959 ,A ,
SM35960 ,S ,
SM35961 ,A ,
SM35962 ,A ,
SM35963 ,S ,
SM35964 ,A ,
SM35965 ,S ,
SM35966 ,S ,
SM35967 ,S ,
SM35968 ,S ,
SM35969 ,S ,
SM35970 ,A ,
SM35971 ,A ,
SM35972 ,S ,
SM35973 ,S ,
SM35974 ,S ,
SM35975 ,S ,
SM35976 ,S ,
SM35977 ,S ,
SM35978 ,S ,
SM35979 ,S ,
SM35980 ,S ,
SM35981 ,A ,
SM35982 ,A ,
SM35983 ,S ,
SM35984 ,A ,
SM35985 ,S ,
SM35986 ,A ,
SM35987 ,A ,
SM35988 ,S ,
SM35989 ,A ,
SM35990 ,A ,
SM35991 ,A ,
SM35992 ,S ,
SM35993 ,S ,
SM35994 ,S ,
SM35995 ,S ,
SM35996 ,S ,
SM35997 ,S ,
SM35998 ,S ,
SM35999 ,S ,
SM36000 ,A ,
SM36001 ,S ,
SM36002 ,S ,
SM36003 ,S ,
SM36004 ,A ,
SM36005 ,S ,
SM36006 ,S ,
SM36007 ,S ,
SM36008 ,S ,
SM36009 ,S ,
SM36010 ,A ,
SM36011 ,S ,
SM36012 ,A ,
SM36013 ,S ,
SM36014 ,S ,
SM36015 ,A ,
SM36016 ,S ,
SM36017 ,S ,
SM36018 ,S ,
SM36019 ,A ,
SM36020 ,S ,
SM36021 ,S ,
SM36022 ,S ,
SM36023 ,A ,
SM36024 ,A ,
SM36025 ,A ,
SM36026 ,A ,
SM36027 ,A ,
SM36028 ,S ,
SM36029 ,A ,
SM36030 ,A ,
SM36031 ,S ,
SM36032 ,S ,
SM36033 ,A ,
SM36034 ,A ,
SM36035 ,S ,
SM36036 ,S ,
SM36037 ,A ,
SM36038 ,S ,
SM36039 ,S ,
SM36040 ,S ,
SM36041 ,A ,
SM36042 ,S ,
SM36043 ,A ,
SM36044 ,A ,
SM36045 ,S ,
SM36046 ,A ,
SM36047 ,S ,
SM36048 ,A ,
SM36049 ,S ,
SM36050 ,S ,
SM36051 ,S ,
SM36052 ,A ,
SM36053 ,A ,
SM36054 ,S ,
SM36055 ,S ,
SM36056 ,A ,
SM36057 ,A ,
SM36058 ,S ,
SM36059 ,S ,
SM36060 ,S ,
SM36061 ,S ,
SM36062 ,A ,
SM36063 ,S ,
SM36064 ,S ,
SM36065 ,S ,
SM36066 ,S ,
SM36067 ,A ,
SM36068 ,A ,
SM36069 ,S ,
SM36070 ,S ,
SM36071 ,S ,
SM36072 ,A ,
SM36073 ,S ,
SM36074 ,S ,
SM36075 ,A ,
SM36076 ,A ,
SM36077 ,S ,
SM36078 ,S ,
SM36079 ,S ,
SM36080 ,S ,
SM36081 ,S ,
SM36082 ,A ,
SM36083 ,A ,
SM36084 ,A ,
SM36085 ,A ,
SM36086 ,S ,
SM36087 ,S ,
SM36088 ,S ,
SM36089 ,S ,
SM36090 ,S ,
SM36091 ,S ,
SM36092 ,A ,
SM36093 ,S ,
SM36094 ,S ,
SM36095 ,A ,
SM36096 ,S ,
SM36097 ,S ,
SM36098 ,S ,
SM36099 ,A ,
SM36100 ,S ,
SM36101 ,A ,
SM36102 ,A ,
SM36103 ,S ,
SM36104 ,S ,
SM36105 ,S ,
SM36106 ,S ,
SM36107 ,S ,
SM36108 ,S ,
SM36109 ,A ,
SM36110 ,A ,
SM36111 ,A ,
SM36112 ,A ,
SM36113 ,A ,
SM36114 ,S ,
SM36115 ,S ,
SM36116 ,S ,
SM36117 ,S ,
SM36118 ,A ,
SM36119 ,S ,
SM36120 ,A ,
SM36121 ,S ,
SM36122 ,S ,
SM36123 ,S ,
SM36124 ,S ,
SM36125 ,S ,
SM36126 ,S ,
SM36127 ,A ,
SM36128 ,S ,
SM36129 ,S ,
SM36130 ,A ,
SM36131 ,S ,
SM36132 ,S ,
SM36133 ,A ,
SM36134 ,S ,
SM36135 ,S ,
SM36136 ,A ,
SM36137 ,A ,
SM36138 ,A ,
SM36140 ,S ,
SM36141 ,S ,
SM36142 ,A ,
SM36143 ,A ,
SM36144 ,S ,
SM36145 ,S ,
SM36146 ,A ,
SM36147 ,A ,
SM36148 ,S ,
SM36149 ,S ,
SM36150 ,S ,
SM36151 ,S ,
SM36152 ,A ,
SM36153 ,S ,
SM36154 ,A ,
SM36155 ,A ,
SM36156 ,A ,
SM36158 ,A ,
SM36160 ,S ,
SM36161 ,A ,
SM36162 ,S ,
SM36163 ,S ,
SM36164 ,A ,
SM36165 ,A ,
SM36166 ,S ,
SM36167 ,S ,
SM36168 ,A ,
SM36169 ,A ,
SM36170 ,A ,
SM36171 ,A ,
SM36172 ,A ,
SM36173 ,S ,
SM36174 ,A ,
SM36175 ,S ,
SM36176 ,A ,
SM36177 ,S ,
SM36178 ,S ,
SM36179 ,S ,
SM36180 ,A ,
SM36181 ,A ,
SM36182 ,A ,
SM36184 ,S ,
SM36185 ,S ,
SM36186 ,S ,
SM36187 ,S ,
SM36188 ,S ,
SM36190 ,S ,
SM36191 ,S ,
SM36192 ,S ,
SM36193 ,A ,
SM36194 ,S ,
SM36195 ,S ,
SM36196 ,S ,
SM36197 ,S ,
SM36198 ,A ,
SM36199 ,S ,
SM36200 ,S ,
SM36201 ,A ,
SM36202 ,S ,
SM36203 ,S ,
SM36204 ,S ,
SM36205 ,S ,
SM36206 ,S ,
SM36207 ,A ,
SM36208 ,S ,
SM36210 ,S ,
SM36211 ,S ,
SM36212 ,S ,
SM36213 ,S ,
SM36214 ,A ,
SM36216 ,A ,
SM36217 ,S ,
SM36218 ,S ,
SM36219 ,S ,
SM36220 ,A ,
SM36221 ,S ,
SM36222 ,S ,
SM36223 ,S ,
SM36224 ,S ,
SM36225 ,S ,
SM36226 ,S ,
SM36227 ,A ,
SM36228 ,S ,
SM36229 ,S ,
SM36230 ,A ,
SM36231 ,S ,
SM36232 ,A ,
SM36233 ,A ,
SM36234 ,A ,
SM36235 ,S ,
SM36236 ,S ,
SM36237 ,S ,
SM36238 ,S ,
SM36239 ,S ,
SM36240 ,S ,
SM36241 ,A ,
SM36243 ,S ,
SM36244 ,A ,
SM36245 ,S ,
SM36246 ,A ,
SM36247 ,S ,
SM36248 ,A ,
SM36249 ,S ,
SM36250 ,A ,
SM36252 ,S ,
SM36253 ,A ,
SM36254 ,S ,
SM36255 ,A ,
SM36257 ,S ,
SM36258 ,S ,
SM36259 ,A ,
SM36260 ,A ,
SM36261 ,S ,
SM36262 ,S ,
SM36263 ,S ,
SM36264 ,A ,
SM36265 ,S ,
SM36266 ,A ,
SM36268 ,S ,
SM36269 ,A ,
SM36271 ,A ,
SM36272 ,S ,
SM36273 ,A ,
SM36274 ,A ,
SM36275 ,A ,
SM36276 ,A ,
SM36277 ,S ,
SM36278 ,S ,
SM36279 ,S ,
SM36280 ,S ,
SM36281 ,A ,
SM36282 ,A ,
SM36283 ,S ,
SM36284 ,S ,
SM36285 ,S ,
SM36286 ,A ,
SM36287 ,S ,
SM36288 ,S ,
SM36289 ,A ,
SM36290 ,A ,
SM36291 ,A ,
SM36292 ,S ,
SM36293 ,S ,
SM36295 ,S ,
SM36296 ,A ,
SM36297 ,A ,
SM36298 ,A ,
SM36299 ,S ,
SM36300 ,S ,
SM36301 ,S ,
SM36302 ,A ,
SM36303 ,A ,
SM36304 ,S ,
SM36305 ,S ,
SM36306 ,A ,
SM36307 ,S ,
SM36308 ,A ,
SM36309 ,S ,
SM36310 ,S ,
SM36311 ,A ,
SM36312 ,S ,
SM36313 ,A ,
SM36314 ,S ,
SM36316 ,S ,
SM36317 ,S ,
SM36318 ,S ,
SM36319 ,A ,
SM36320 ,S ,
SM36321 ,S ,
SM36322 ,S ,
SM36323 ,A ,
SM36324 ,S ,
SM36325 ,S ,
SM36326 ,S ,
SM36327 ,S ,
SM36328 ,S ,
SM36329 ,S ,
SM36330 ,S ,
SM36331 ,S ,
SM36332 ,S ,
SM36333 ,A ,
SM36334 ,S ,
SM36335 ,S ,
SM36336 ,S ,
SM36337 ,S ,
SM36338 ,A ,
SM36339 ,S ,
SM36340 ,S ,
SM36341 ,S ,
SM36342 ,S ,
SM36343 ,S ,
SM36344 ,S ,
SM36345 ,S ,
SM36346 ,S ,
SM36348 ,S ,
SM36349 ,A ,
SM36350 ,S ,
SM36351 ,S ,
SM36352 ,S ,
SM36353 ,S ,
SM36354 ,A ,
SM36355 ,S ,
SM36356 ,S ,
SM36357 ,A ,
SM36358 ,S ,
SM36359 ,A ,
SM36360 ,S ,
SM36361 ,S ,
SM36362 ,S ,
SM36363 ,S ,
SM36364 ,A ,
SM36365 ,S ,
SM36366 ,S ,
SM36367 ,S ,
SM36368 ,S ,
SM36369 ,A ,
SM36370 ,S ,
SM36371 ,S ,
SM36372 ,S ,
SM36373 ,S ,
SM36374 ,S ,
SM36375 ,S ,
SM36376 ,A ,
SM36377 ,S ,
SM36378 ,A ,
SM36379 ,A ,
SM36380 ,A ,
SM36381 ,A ,
SM36382 ,S ,
SM36383 ,A ,
SM36384 ,A ,
SM36385 ,S ,
SM36386 ,S ,
SM36387 ,S ,
SM36388 ,S ,
SM36389 ,A ,
SM36390 ,A ,
SM36391 ,A ,
SM36392 ,S ,
SM36393 ,A ,
SM36394 ,S ,
SM36395 ,S ,
SM36396 ,S ,
SM36397 ,A ,
SM36398 ,A ,
SM36399 ,S ,
SM36400 ,S ,
SM36401 ,S ,
SM36402 ,A ,
SM36403 ,A ,
SM36404 ,S ,
SM36405 ,A ,
SM36406 ,S ,
SM36407 ,S ,
SM36408 ,A ,
SM36410 ,S ,
SM36411 ,S ,
SM36412 ,S ,
SM36413 ,S ,
SM36414 ,S ,
SM36415 ,S ,
SM36416 ,A ,
SM36417 ,A ,
SM36418 ,S ,
SM36419 ,A ,
SM36420 ,A ,
SM36421 ,S ,
SM36422 ,S ,
SM36424 ,S ,
SM36425 ,S ,
SM36426 ,S ,
SM36427 ,S ,
SM36428 ,A ,
SM36429 ,A ,
SM36430 ,S ,
SM36431 ,S ,
SM36432 ,S ,
SM36433 ,S ,
SM36434 ,S ,
SM36435 ,S ,
SM36436 ,S ,
SM36437 ,S ,
SM36438 ,A ,
SM36439 ,S ,
SM36440 ,S ,
SM36441 ,A ,
SM36442 ,S ,
SM36443 ,A ,
SM36444 ,S ,
SM36445 ,S ,
SM36446 ,S ,
SM36447 ,A ,
SM36448 ,A ,
SM36449 ,S ,
SM36450 ,S ,
SM36451 ,S ,
SM36452 ,A ,
SM36453 ,A ,
SM36454 ,S ,
SM36455 ,S ,
SM36456 ,S ,
SM36457 ,S ,
SM36458 ,A ,
SM36459 ,A ,
SM36460 ,S ,
SM36461 ,S ,
SM36462 ,S ,
SM36463 ,S ,
SM36464 ,A ,
SM36465 ,S ,
SM36467 ,S ,
SM36468 ,S ,
SM36469 ,S ,
SM36470 ,S ,
SM36471 ,S ,
SM36472 ,S ,
SM36473 ,S ,
SM36474 ,S ,
SM36475 ,S ,
SM36476 ,S ,
SM36477 ,S ,
SM36478 ,S ,
SM36479 ,S ,
SM36480 ,A ,
SM36481 ,S ,
SM36482 ,S ,
SM36483 ,S ,
SM36484 ,S ,
SM36485 ,S ,
SM36486 ,S ,
SM36487 ,S ,
SM36488 ,S ,
SM36489 ,S ,
SM36490 ,S ,
SM36491 ,S ,
SM36492 ,A ,
SM36493 ,S ,
SM36494 ,S ,
SM36495 ,S ,
SM36496 ,S ,
SM36497 ,S ,
SM36498 ,S ,
SM36499 ,S ,
SM36500 ,S ,
SM36501 ,A ,
SM36502 ,S ,
SM36503 ,A ,
SM36504 ,S ,
SM36505 ,A ,
SM36506 ,A ,
SM36507 ,S ,
SM36508 ,S ,
SM36509 ,A ,
SM36510 ,A ,
SM36511 ,S ,
SM36512 ,S ,
SM36513 ,S ,
SM36514 ,A ,
SM36515 ,S ,
SM36516 ,S ,
SM36517 ,S ,
SM36518 ,A ,
SM36519 ,S ,
SM36520 ,S ,
SM36521 ,A ,
SM36522 ,S ,
SM36523 ,A ,
SM36524 ,S ,
SM36525 ,A ,
SM36526 ,S ,
SM36527 ,S ,
SM36528 ,A ,
SM36529 ,S ,
SM36530 ,S ,
SM36531 ,A ,
SM36532 ,A ,
SM36533 ,A ,
SM36534 ,S ,
SM36535 ,S ,
SM36536 ,S ,
SM36537 ,A ,
SM36538 ,S ,
SM36539 ,S ,
SM36540 ,S ,
SM36541 ,A ,
SM36542 ,S ,
SM36543 ,A ,
SM36544 ,S ,
SM36545 ,S ,
SM36546 ,S ,
SM36547 ,S ,
SM36548 ,A ,
SM36549 ,S ,
SM36550 ,S ,
SM36551 ,A ,
SM36552 ,A ,
SM36553 ,S ,
SM36554 ,S ,
SM36555 ,S ,
SM36556 ,S ,
SM36557 ,A ,
SM36558 ,S ,
SM36559 ,A ,
SM36560 ,A ,
SM36561 ,A ,
SM36562 ,A ,
SM36563 ,S ,
SM36564 ,S ,
SM36565 ,S ,
SM36566 ,A ,
SM36567 ,S ,
SM36568 ,S ,
SM36569 ,S ,
SM36570 ,S ,
SM36572 ,S ,
SM36573 ,S ,
SM36574 ,S ,
SM36575 ,S ,
SM36576 ,S ,
SM36577 ,S ,
SM36578 ,S ,
SM36579 ,S ,
SM36580 ,A ,
SM36581 ,S ,
SM36582 ,A ,
SM36583 ,A ,
SM36584 ,A ,
SM36585 ,A ,
SM36586 ,A ,
SM36587 ,S ,
SM36588 ,S ,
SM36589 ,S ,
SM36590 ,S ,
SM36591 ,S ,
SM36592 ,S ,
SM36593 ,S ,
SM36594 ,S ,
SM36595 ,S ,
SM36596 ,A ,
SM36597 ,A ,
SM36598 ,A ,
SM36599 ,S ,
SM36600 ,A ,
SM36601 ,S ,
SM36602 ,S ,
SM36603 ,S ,
SM36604 ,A ,
SM36605 ,S ,
SM36606 ,S ,
SM36607 ,A ,
SM36608 ,S ,
SM36609 ,A ,
SM36610 ,S ,
SM36611 ,S ,
SM36612 ,S ,
SM36613 ,A ,
SM36614 ,S ,
SM36615 ,A ,
SM36616 ,S ,
SM36617 ,S ,
SM36618 ,A ,
SM36619 ,S ,
SM36620 ,S ,
SM36621 ,A ,
SM36622 ,S ,
SM36623 ,A ,
SM36624 ,S ,
SM36625 ,A ,
SM36626 ,S ,
SM36627 ,S ,
SM36628 ,A ,
SM36629 ,S ,
SM36630 ,S ,
SM36631 ,S ,
SM36632 ,S ,
SM36633 ,S ,
SM36634 ,S ,
SM36635 ,S ,
SM36636 ,A ,
SM36637 ,S ,
SM36638 ,S ,
SM36639 ,A ,
SM36640 ,S ,
SM36641 ,S ,
SM36642 ,S ,
SM36643 ,A ,
SM36645 ,S ,
SM36646 ,A ,
SM36647 ,A ,
SM36648 ,S ,
SM36649 ,S ,
SM36650 ,S ,
SM36651 ,S ,
SM36652 ,S ,
SM36653 ,A ,
SM36654 ,S ,
SM36655 ,A ,
SM36656 ,S ,
SM36657 ,A ,
SM36658 ,S ,
SM36659 ,A ,
SM36661 ,S ,
SM36662 ,A ,
SM36663 ,S ,
SM36664 ,A ,
SM36665 ,S ,
SM36666 ,S ,
SM36667 ,S ,
SM36668 ,S ,
SM36669 ,A ,
SM36670 ,S ,
SM36671 ,S ,
SM36672 ,A ,
SM36673 ,S ,
SM36674 ,A ,
SM36675 ,A ,
SM36676 ,S ,
SM36677 ,A ,
SM36678 ,A ,
SM36679 ,S ,
SM36680 ,A ,
SM36681 ,S ,
SM36682 ,S ,
SM36683 ,S ,
SM36684 ,A ,
SM36685 ,S ,
SM36686 ,S ,
SM36687 ,A ,
SM36688 ,S ,
SM36689 ,A ,
SM36690 ,A ,
SM36691 ,S ,
SM36692 ,A ,
SM36693 ,S ,
SM36694 ,S ,
SM36695 ,S ,
SM36696 ,S ,
SM36697 ,A ,
SM36698 ,S ,
SM36699 ,S ,
SM36700 ,A ,
SM36701 ,A ,
SM36702 ,S ,
SM36703 ,A ,
SM36704 ,S ,
SM36705 ,S ,
SM36706 ,S ,
SM36707 ,A ,
SM36708 ,A ,
SM36709 ,S ,
SM36710 ,A ,
SM36711 ,S ,
SM36712 ,S ,
SM36713 ,A ,
SM36714 ,A ,
SM36715 ,A ,
SM36716 ,S ,
SM36717 ,A ,
SM36718 ,S ,
SM36720 ,A ,
SM36721 ,A ,
SM36722 ,S ,
SM36723 ,S ,
SM36724 ,A ,
SM36725 ,S ,
SM36726 ,S ,
SM36727 ,S ,
SM36728 ,S ,
SM36729 ,S ,
SM36730 ,S ,
SM36731 ,S ,
SM36732 ,S ,
SM36733 ,S ,
SM36734 ,S ,
SM36735 ,S ,
SM36736 ,S ,
SM36737 ,S ,
SM36738 ,S ,
SM36739 ,A ,
SM36740 ,S ,
SM36741 ,S ,
SM36742 ,A ,
SM36743 ,A ,
SM36744 ,S ,
SM36745 ,S ,
SM36746 ,A ,
SM36747 ,S ,
SM36748 ,S ,
SM36749 ,A ,
SM36750 ,A ,
SM36751 ,S ,
SM36752 ,S ,
SM36753 ,A ,
SM36754 ,A ,
SM36755 ,A ,
SM36756 ,S ,
SM36757 ,S ,
SM36758 ,S ,
SM36759 ,S ,
SM36760 ,S ,
SM36761 ,S ,
SM36762 ,S ,
SM36763 ,S ,
SM36764 ,A ,
SM36765 ,S ,
SM36766 ,S ,
SM36767 ,S ,
SM36768 ,S ,
SM36769 ,S ,
SM36770 ,A ,
SM36771 ,S ,
SM36772 ,S ,
SM36773 ,S ,
SM36775 ,S ,
SM36776 ,A ,
SM36777 ,S ,
SM36778 ,S ,
SM36779 ,S ,
SM36780 ,A ,
SM36781 ,A ,
SM36782 ,S ,
SM36783 ,A ,
SM36784 ,S ,
SM36785 ,A ,
SM36786 ,A ,
SM36787 ,S ,
SM36788 ,S ,
SM36789 ,S ,
SM36790 ,S ,
SM36792 ,S ,
SM36793 ,S ,
SM36794 ,A ,
SM36795 ,S ,
SM36796 ,S ,
SM36797 ,A ,
SM36798 ,A ,
SM36799 ,S ,
SM36800 ,S ,
SM36801 ,S ,
SM36802 ,S ,
SM36803 ,A ,
SM36804 ,S ,
SM36805 ,A ,
SM36806 ,S ,
SM36807 ,A ,
SM36808 ,S ,
SM36809 ,S ,
SM36810 ,S ,
SM36811 ,S ,
SM36812 ,A ,
SM36813 ,S ,
SM36814 ,S ,
SM36815 ,S ,
SM36816 ,S ,
SM36817 ,S ,
SM36818 ,A ,
SM36819 ,S ,
SM36820 ,S ,
SM36821 ,A ,
SM36822 ,S ,
SM36823 ,S ,
SM36824 ,A ,
SM36825 ,A ,
SM36826 ,S ,
SM36827 ,A ,
SM36828 ,S ,
SM36829 ,A ,
SM36830 ,S ,
SM36831 ,S ,
SM36832 ,A ,
SM36833 ,S ,
SM36834 ,S ,
SM36835 ,A ,
SM36836 ,S ,
SM36837 ,S ,
SM36838 ,A ,
SM36839 ,S ,
SM36840 ,A ,
SM36841 ,S ,
SM36842 ,S ,
SM36843 ,A ,
SM36844 ,A ,
SM36845 ,S ,
SM36846 ,A ,
SM36847 ,A ,
SM36848 ,A ,
SM36849 ,A ,
SM36850 ,S ,
SM36851 ,A ,
SM36852 ,S ,
SM36853 ,S ,
SM36854 ,S ,
SM36855 ,S ,
SM36856 ,S ,
SM36857 ,A ,
SM36858 ,S ,
SM36859 ,A ,
SM36860 ,S ,
SM36861 ,S ,
SM36862 ,S ,
SM36863 ,S ,
SM36864 ,A ,
SM36865 ,S ,
SM36866 ,A ,
SM36867 ,S ,
SM36868 ,S ,
SM36869 ,A ,
SM36870 ,A ,
SM36871 ,A ,
SM36872 ,S ,
SM36873 ,S ,
SM36874 ,A ,
SM36875 ,S ,
SM36876 ,S ,
SM36877 ,S ,
SM36878 ,A ,
SM36879 ,A ,
SM36880 ,A ,
SM36881 ,A ,
SM36882 ,S ,
SM36883 ,A ,
SM36884 ,S ,
SM36885 ,S ,
SM36886 ,S ,
SM36887 ,A ,
SM36888 ,S ,
SM36889 ,S ,
SM36890 ,S ,
SM36891 ,S ,
SM36892 ,A ,
SM36893 ,A ,
SM36894 ,S ,
SM36895 ,A ,
SM36896 ,A ,
SM36897 ,A ,
SM36898 ,S ,
SM36899 ,S ,
SM36900 ,A ,
SM36901 ,S ,
SM36902 ,A ,
SM36903 ,S ,
SM36904 ,S ,
SM36905 ,S ,
SM36906 ,A ,
SM36907 ,S ,
SM36908 ,S ,
SM36909 ,S ,
SM36910 ,S ,
SM36911 ,S ,
SM36912 ,S ,
SM36913 ,S ,
SM36914 ,A ,
SM36915 ,S ,
SM36916 ,A ,
SM36917 ,A ,
SM36918 ,S ,
SM36919 ,A ,
SM36920 ,S ,
SM36921 ,A ,
SM36922 ,S ,
SM36923 ,S ,
SM36924 ,A ,
SM36925 ,S ,
SM36926 ,S ,
SM36927 ,A ,
SM36928 ,A ,
SM36929 ,S ,
SM36930 ,S ,
SM36931 ,S ,
SM36932 ,S ,
SM36933 ,S ,
SM36934 ,S ,
SM36935 ,S ,
SM36936 ,S ,
SM36937 ,S ,
SM36938 ,S ,
SM36939 ,A ,
SM36940 ,S ,
SM36941 ,S ,
SM36942 ,S ,
SM36943 ,A ,
SM36944 ,S ,
SM36945 ,A ,
SM36946 ,A ,
SM36947 ,S ,
SM36948 ,A ,
SM36949 ,S ,
SM36950 ,S ,
SM36951 ,S ,
SM36952 ,S ,
SM36953 ,A ,
SM36954 ,S ,
SM36955 ,S ,
SM36956 ,S ,
SM36957 ,S ,
SM36958 ,S ,
SM36959 ,S ,
SM36960 ,A ,
SM36961 ,A ,
SM36962 ,S ,
SM36963 ,A ,
SM36964 ,S ,
SM36965 ,S ,
SM36966 ,S ,
SM36967 ,S ,
SM36968 ,A ,
SM36969 ,S ,
SM36970 ,S ,
SM36971 ,S ,
SM36972 ,S ,
SM36973 ,A ,
SM36974 ,S ,
SM36975 ,A ,
SM36976 ,S ,
SM36977 ,S ,
SM36978 ,A ,
SM36979 ,S ,
SM36980 ,S ,
SM36981 ,S ,
SM36982 ,S ,
SM36983 ,S ,
SM36984 ,S ,
SM36985 ,S ,
SM36986 ,S ,
SM36987 ,A ,
SM36988 ,A ,
SM36989 ,S ,
SM36990 ,A ,
SM36991 ,A ,
SM36992 ,A ,
SM36993 ,S ,
SM36994 ,S ,
SM36995 ,S ,
SM36996 ,S ,
SM36997 ,S ,
SM36998 ,A ,
SM36999 ,A ,
SM37000 ,S ,
SM37001 ,S ,
SM37002 ,S ,
SM37003 ,A ,
SM37004 ,S ,
SM37005 ,S ,
SM37006 ,S ,
SM37007 ,S ,
SM37008 ,S ,
SM37009 ,S ,
SM37010 ,S ,
SM37011 ,S ,
SM37012 ,A ,
SM37013 ,A ,
SM37014 ,A ,
SM37015 ,S ,
SM37016 ,S ,
SM37017 ,S ,
SM37018 ,S ,
SM37019 ,A ,
SM37020 ,A ,
SM37021 ,S ,
SM37022 ,S ,
SM37023 ,A ,
SM37024 ,A ,
SM37025 ,S ,
SM37026 ,S ,
SM37027 ,S ,
SM37028 ,S ,
SM37029 ,S ,
SM37030 ,S ,
SM37031 ,A ,
SM37032 ,S ,
SM37033 ,A ,
SM37034 ,S ,
SM37035 ,S ,
SM37036 ,S ,
SM37037 ,S ,
SM37038 ,A ,
SM37039 ,S ,
SM37040 ,A ,
SM37041 ,A ,
SM37042 ,S ,
SM37043 ,S ,
SM37044 ,A ,
SM37045 ,S ,
SM37046 ,S ,
SM37047 ,S ,
SM37048 ,S ,
SM37049 ,S ,
SM37050 ,S ,
SM37051 ,A ,
SM37052 ,A ,
SM37053 ,A ,
SM37054 ,S ,
SM37055 ,S ,
SM37056 ,S ,
SM37057 ,S ,
SM37058 ,S ,
SM37059 ,S ,
SM37060 ,S ,
SM37061 ,S ,
SM37062 ,S ,
SM37063 ,S ,
SM37064 ,S ,
SM37065 ,S ,
SM37066 ,S ,
SM37067 ,S ,
SM37068 ,S ,
SM37069 ,S ,
SM37070 ,S ,
SM37071 ,A ,
SM37072 ,S ,
SM37073 ,S ,
SM37074 ,S ,
SM37075 ,S ,
SM37076 ,A ,
SM37077 ,A ,
SM37078 ,S ,
SM37079 ,S ,
SM37080 ,S ,
SM37081 ,S ,
SM37082 ,S ,
SM37083 ,S ,
SM37084 ,S ,
SM37085 ,S ,
SM37086 ,S ,
SM37087 ,S ,
SM37088 ,S ,
SM37089 ,A ,
SM37090 ,A ,
SM37091 ,S ,
SM37092 ,S ,
SM37093 ,S ,
SM37094 ,A ,
SM37095 ,S ,
SM37096 ,S ,
SM37097 ,S ,
SM37098 ,S ,
SM37099 ,S ,
SM37100 ,S ,
SM37101 ,A ,
SM37102 ,S ,
SM37103 ,S ,
SM37104 ,S ,
SM37105 ,S ,
SM37106 ,S ,
SM37107 ,A ,
SM37108 ,S ,
SM37109 ,A ,
SM37110 ,S ,
SM37111 ,A ,
SM37112 ,S ,
SM37113 ,S ,
SM37114 ,S ,
SM37115 ,S ,
SM37116 ,S ,
SM37117 ,S ,
SM37118 ,S ,
SM37119 ,S ,
SM37120 ,S ,
SM37121 ,S ,
SM37122 ,S ,
SM37123 ,A ,
SM37124 ,A ,
SM37125 ,A ,
SM37126 ,S ,
SM37127 ,S ,
SM37128 ,A ,
SM37129 ,S ,
SM37130 ,S ,
SM37131 ,S ,
SM37132 ,S ,
SM37133 ,S ,
SM37134 ,A ,
SM37135 ,A ,
SM37136 ,S ,
SM37137 ,A ,
SM37138 ,S ,
SM37139 ,S ,
SM37140 ,A ,
SM37141 ,S ,
SM37142 ,S ,
SM37143 ,A ,
SM37144 ,S ,
SM37145 ,S ,
SM37146 ,S ,
SM37147 ,S ,
SM37148 ,S ,
SM37149 ,A ,
SM37150 ,S ,
SM37151 ,S ,
SM37152 ,S ,
SM37153 ,S ,
SM37154 ,S ,
SM37155 ,A ,
SM37156 ,A ,
SM37157 ,S ,
SM37158 ,S ,
SM37159 ,A ,
SM37160 ,S ,
SM37161 ,S ,
SM37162 ,A ,
SM37163 ,A ,
SM37164 ,A ,
SM37165 ,S ,
SM37166 ,S ,
SM37167 ,A ,
SM37168 ,A ,
SM37169 ,S ,
SM37170 ,A ,
SM37171 ,S ,
SM37172 ,A ,
SM37173 ,S ,
SM37174 ,S ,
SM37175 ,S ,
SM37176 ,A ,
SM37177 ,S ,
SM37178 ,S ,
SM37179 ,S ,
SM37180 ,S ,
SM37181 ,A ,
SM37182 ,A ,
SM37183 ,S ,
SM37184 ,S ,
SM37185 ,S ,
SM37186 ,A ,
SM37187 ,S ,
SM37188 ,S ,
SM37189 ,A ,
SM37190 ,S ,
SM37191 ,S ,
SM37192 ,S ,
SM37193 ,S ,
SM37194 ,S ,
SM37195 ,S ,
SM37196 ,S ,
SM37197 ,S ,
SM37198 ,S ,
SM37199 ,S ,
SM37200 ,A ,
SM37201 ,A ,
SM37202 ,A ,
SM37203 ,S ,
SM37204 ,S ,
SM37205 ,S ,
SM37206 ,S ,
SM37207 ,S ,
SM37208 ,S ,
SM37209 ,A ,
SM37210 ,S ,
SM37211 ,S ,
SM37212 ,S ,
SM37213 ,S ,
SM37214 ,A ,
SM37215 ,S ,
SM37216 ,S ,
SM37217 ,S ,
SM37218 ,S ,
SM37219 ,S ,
SM37220 ,A ,
SM37221 ,S ,
SM37222 ,S ,
SM37223 ,S ,
SM37224 ,A ,
SM37225 ,S ,
SM37226 ,S ,
SM37227 ,S ,
SM37228 ,S ,
SM37229 ,A ,
SM37230 ,S ,
SM37231 ,A ,
SM37232 ,S ,
SM37233 ,S ,
SM37234 ,S ,
SM37235 ,A ,
SM37236 ,S ,
SM37237 ,S ,
SM37238 ,S ,
SM37239 ,S ,
SM37240 ,S ,
SM37241 ,A ,
SM37242 ,A ,
SM37243 ,S ,
SM37244 ,S ,
SM37245 ,A ,
SM37246 ,S ,
SM37247 ,S ,
SM37248 ,A ,
SM37249 ,S ,
SM37250 ,S ,
SM37251 ,S ,
SM37252 ,S ,
SM37253 ,A ,
SM37254 ,S ,
SM37255 ,A ,
SM37256 ,A ,
SM37257 ,S ,
SM37258 ,A ,
SM37259 ,S ,
SM37260 ,S ,
SM37261 ,S ,
SM37262 ,S ,
SM37263 ,A ,
SM37264 ,S ,
SM37265 ,A ,
SM37266 ,S ,
SM37267 ,S ,
SM37268 ,A ,
SM37269 ,A ,
SM37270 ,A ,
SM37271 ,S ,
SM37272 ,A ,
SM37273 ,A ,
SM37274 ,S ,
SM37275 ,A ,
SM37276 ,S ,
SM37277 ,S ,
SM37278 ,S ,
SM37279 ,S ,
SM37280 ,S ,
SM37281 ,A ,
SM37282 ,A ,
SM37283 ,S ,
SM37284 ,A ,
SM37285 ,S ,
SM37286 ,S ,
SM37287 ,S ,
SM37288 ,S ,
SM37289 ,S ,
SM37290 ,S ,
SM37291 ,S ,
SM37292 ,S ,
SM37293 ,S ,
SM37294 ,S ,
SM37295 ,S ,
SM37296 ,S ,
SM37297 ,A ,
SM37298 ,S ,
SM37299 ,S ,
SM37300 ,S ,
SM37301 ,S ,
SM37302 ,S ,
SM37303 ,A ,
SM37304 ,A ,
SM37305 ,A ,
SM37306 ,S ,
SM37307 ,S ,
SM37308 ,S ,
SM37309 ,S ,
SM37310 ,S ,
SM37311 ,A ,
SM37312 ,A ,
SM37313 ,S ,
SM37314 ,A ,
SM37315 ,S ,
SM37316 ,S ,
SM37317 ,A ,
SM37318 ,S ,
SM37319 ,A ,
SM37320 ,S ,
SM37321 ,S ,
SM37322 ,S ,
SM37323 ,S ,
SM37324 ,S ,
SM37325 ,S ,
SM37326 ,S ,
SM37327 ,S ,
SM37328 ,A ,
SM37329 ,S ,
SM37330 ,S ,
SM37331 ,A ,
SM37332 ,A ,
SM37333 ,A ,
SM37334 ,S ,
SM37335 ,S ,
SM37336 ,S ,
SM37337 ,A ,
SM37338 ,A ,
SM37339 ,S ,
SM37340 ,S ,
SM37341 ,S ,
SM37342 ,S ,
SM37343 ,S ,
SM37344 ,A ,
SM37345 ,S ,
SM37346 ,A ,
SM37347 ,S ,
SM37348 ,S ,
SM37349 ,S ,
SM37350 ,S ,
SM37351 ,S ,
SM37352 ,S ,
SM37353 ,S ,
SM37354 ,A ,
SM37355 ,A ,
SM37356 ,S ,
SM37357 ,S ,
SM37358 ,S ,
SM37360 ,S ,
SM37361 ,S ,
SM37362 ,S ,
SM37363 ,S ,
SM37364 ,S ,
SM37365 ,S ,
SM37366 ,S ,
SM37367 ,S ,
SM37368 ,A ,
SM37369 ,A ,
SM37370 ,S ,
SM37371 ,S ,
SM37372 ,S ,
SM37373 ,S ,
SM37374 ,S ,
SM37375 ,S ,
SM37376 ,S ,
SM37377 ,A ,
SM37379 ,S ,
SM37380 ,S ,
SM37381 ,S ,
SM37382 ,S ,
SM37383 ,S ,
SM37384 ,S ,
SM37385 ,A ,
SM37386 ,A ,
SM37387 ,S ,
SM37388 ,S ,
SM37389 ,S ,
SM37390 ,S ,
SM37391 ,S ,
SM37392 ,A ,
SM37393 ,S ,
SM37394 ,S ,
SM37395 ,A ,
SM37396 ,A ,
SM37397 ,S ,
SM37398 ,A ,
SM37399 ,A ,
SM37400 ,S ,
SM37401 ,A ,
SM37402 ,S ,
SM37403 ,S ,
SM37404 ,S ,
SM37405 ,S ,
SM37406 ,S ,
SM37407 ,S ,
SM37408 ,S ,
SM37409 ,S ,
SM37410 ,A ,
SM37411 ,S ,
SM37412 ,S ,
SM37413 ,S ,
SM37414 ,A ,
SM37415 ,S ,
SM37416 ,S ,
SM37417 ,A ,
SM37418 ,S ,
SM37419 ,A ,
SM37420 ,A ,
SM37421 ,S ,
SM37422 ,S ,
SM37423 ,S ,
SM37424 ,S ,
SM37425 ,S ,
SM37426 ,S ,
SM37427 ,S ,
SM37429 ,S ,
SM37430 ,A ,
SM37431 ,S ,
SM37432 ,S ,
SM37433 ,S ,
SM37434 ,A ,
SM37435 ,A ,
SM37436 ,A ,
SM37437 ,S ,
SM37438 ,A ,
SM37439 ,S ,
SM37440 ,S ,
SM37441 ,S ,
SM37442 ,S ,
SM37443 ,A ,
SM37444 ,A ,
SM37445 ,S ,
SM37446 ,S ,
SM37447 ,S ,
SM37448 ,S ,
SM37449 ,A ,
SM37450 ,S ,
SM37451 ,S ,
SM37452 ,S ,
SM37453 ,A ,
SM37454 ,S ,
SM37455 ,S ,
SM37456 ,A ,
SM37457 ,S ,
SM37458 ,A ,
SM37459 ,S ,
SM37460 ,S ,
SM37461 ,A ,
SM37462 ,S ,
SM37463 ,S ,
SM37464 ,A ,
SM37465 ,A ,
SM37466 ,A ,
SM37467 ,A ,
SM37468 ,A ,
SM37469 ,S ,
SM37470 ,S ,
SM37471 ,A ,
SM37472 ,S ,
SM37473 ,S ,
SM37474 ,S ,
SM37475 ,S ,
SM37476 ,A ,
SM37477 ,S ,
SM37478 ,S ,
SM37479 ,A ,
SM37480 ,A ,
SM37481 ,S ,
SM37482 ,S ,
SM37483 ,S ,
SM37484 ,S ,
SM37485 ,A ,
SM37486 ,S ,
SM37487 ,S ,
SM37488 ,S ,
SM37489 ,A ,
SM37490 ,S ,
SM37491 ,A ,
SM37492 ,S ,
SM37493 ,A ,
SM37494 ,S ,
SM37495 ,S ,
SM37496 ,S ,
SM37497 ,S ,
SM37498 ,S ,
SM37499 ,S ,
SM37500 ,S ,
SM37501 ,S ,
SM37502 ,S ,
SM37503 ,S ,
SM37504 ,S ,
SM37505 ,A ,
SM37506 ,A ,
SM37507 ,S ,
SM37508 ,S ,
SM37509 ,A ,
SM37510 ,S ,
SM37511 ,S ,
SM37512 ,S ,
SM37513 ,S ,
SM37514 ,S ,
SM37515 ,S ,
SM37516 ,S ,
SM37517 ,S ,
SM37518 ,S ,
SM37519 ,A ,
SM37520 ,S ,
SM37521 ,S ,
SM37522 ,A ,
SM37523 ,S ,
SM37524 ,A ,
SM37525 ,A ,
SM37526 ,S ,
SM37527 ,S ,
SM37528 ,S ,
SM37529 ,S ,
SM37530 ,A ,
SM37531 ,A ,
SM37532 ,S ,
SM37533 ,S ,
SM37534 ,S ,
SM37535 ,S ,
SM37536 ,S ,
SM37537 ,S ,
SM37538 ,S ,
SM37539 ,S ,
SM37540 ,A ,
SM37541 ,S ,
SM37542 ,S ,
SM37543 ,A ,
SM37544 ,S ,
SM37545 ,S ,
SM37546 ,S ,
SM37547 ,A ,
SM37548 ,S ,
SM37549 ,S ,
SM37550 ,S ,
SM37551 ,S ,
SM37552 ,S ,
SM37553 ,S ,
SM37554 ,A ,
SM37555 ,S ,
SM37556 ,S ,
SM37557 ,S ,
SM37558 ,S ,
SM37559 ,A ,
SM37560 ,S ,
SM37561 ,S ,
SM37562 ,S ,
SM37563 ,A ,
SM37564 ,S ,
SM37565 ,S ,
SM37566 ,S ,
SM37567 ,S ,
SM37568 ,S ,
SM37569 ,S ,
SM37570 ,S ,
SM37571 ,S ,
SM37572 ,S ,
SM37573 ,S ,
SM37574 ,S ,
SM37575 ,S ,
SM37576 ,A ,
SM37577 ,S ,
SM37578 ,S ,
SM37579 ,S ,
SM37580 ,S ,
SM37581 ,A ,
SM37582 ,S ,
SM37583 ,S ,
SM37584 ,A ,
SM37585 ,S ,
SM37586 ,S ,
SM37587 ,A ,
SM37588 ,S ,
SM37589 ,S ,
SM37590 ,S ,
SM37591 ,S ,
SM37592 ,A ,
SM37593 ,A ,
SM37594 ,A ,
SM37595 ,A ,
SM37596 ,A ,
SM37597 ,S ,
SM37598 ,S ,
SM37599 ,S ,
SM37600 ,S ,
SM37601 ,A ,
SM37602 ,S ,
SM37603 ,A ,
SM37604 ,S ,
SM37605 ,S ,
SM37606 ,A ,
SM37607 ,A ,
SM37608 ,S ,
SM37609 ,A ,
SM37610 ,A ,
SM37611 ,S ,
SM37612 ,S ,
SM37613 ,A ,
SM37614 ,S ,
SM37615 ,S ,
SM37616 ,A ,
SM37617 ,S ,
SM37618 ,S ,
SM37619 ,S ,
SM37620 ,S ,
SM37621 ,S ,
SM37622 ,S ,
SM37623 ,A ,
SM37624 ,S ,
SM37625 ,S ,
SM37626 ,A ,
SM37627 ,S ,
SM37628 ,S ,
SM37629 ,S ,
SM37630 ,S ,
SM37631 ,S ,
SM37632 ,A ,
SM37633 ,S ,
SM37634 ,S ,
SM37635 ,S ,
SM37636 ,A ,
SM37637 ,S ,
SM37638 ,S ,
SM37639 ,S ,
SM37640 ,S ,
SM37641 ,S ,
SM37642 ,S ,
SM37643 ,S ,
SM37644 ,A ,
SM37645 ,S ,
SM37646 ,S ,
SM37647 ,S ,
SM37648 ,S ,
SM37649 ,A ,
SM37650 ,S ,
SM37651 ,S ,
SM37652 ,S ,
SM37653 ,S ,
SM37654 ,A ,
SM37655 ,S ,
SM37656 ,S ,
SM37657 ,S ,
SM37658 ,S ,
SM37659 ,A ,
SM37660 ,S ,
SM37661 ,S ,
SM37662 ,S ,
SM37663 ,S ,
SM37664 ,A ,
SM37665 ,S ,
SM37666 ,S ,
SM37667 ,S ,
SM37668 ,S ,
SM37669 ,A ,
SM37670 ,S ,
SM37671 ,A ,
SM37672 ,A ,
SM37673 ,S ,
SM37674 ,A ,
SM37675 ,S ,
SM37676 ,S ,
SM37677 ,S ,
SM37678 ,S ,
SM37679 ,S ,
SM37680 ,S ,
SM37681 ,S ,
SM37682 ,S ,
SM37683 ,S ,
SM37684 ,A ,
SM37685 ,S ,
SM37686 ,S ,
SM37687 ,S ,
SM37688 ,S ,
SM37689 ,S ,
SM37690 ,S ,
SM37691 ,S ,
SM37692 ,S ,
SM37693 ,S ,
SM37694 ,A ,
SM37695 ,S ,
SM37696 ,A ,
SM37697 ,S ,
SM37698 ,S ,
SM37699 ,S ,
SM37700 ,A ,
SM37701 ,A ,
SM37702 ,S ,
SM37703 ,S ,
SM37704 ,A ,
SM37705 ,A ,
SM37706 ,S ,
SM37707 ,S ,
SM37708 ,S ,
SM37709 ,S ,
SM37710 ,S ,
SM37711 ,A ,
SM37712 ,S ,
SM37713 ,S ,
SM37714 ,S ,
SM37715 ,S ,
SM37716 ,S ,
SM37717 ,S ,
SM37718 ,S ,
SM37719 ,A ,
SM37720 ,S ,
SM37721 ,S ,
SM37722 ,S ,
SM37723 ,S ,
SM37724 ,S ,
SM37725 ,S ,
SM37726 ,S ,
SM37727 ,A ,
SM37728 ,A ,
SM37729 ,A ,
SM37730 ,S ,
SM37731 ,A ,
SM37732 ,S ,
SM37733 ,A ,
SM37734 ,S ,
SM37735 ,A ,
SM37736 ,S ,
SM37737 ,S ,
SM37738 ,A ,
SM37739 ,S ,
SM37740 ,S ,
SM37741 ,S ,
SM37743 ,A ,
SM37744 ,A ,
SM37745 ,S ,
SM37746 ,A ,
SM37747 ,S ,
SM37748 ,A ,
SM37749 ,S ,
SM37750 ,S ,
SM37751 ,A ,
SM37752 ,A ,
SM37753 ,S ,
SM37754 ,A ,
SM37755 ,A ,
SM37756 ,S ,
SM37757 ,S ,
SM37758 ,A ,
SM37759 ,S ,
SM37760 ,S ,
SM37761 ,S ,
SM37762 ,A ,
SM37763 ,S ,
SM37764 ,A ,
SM37765 ,S ,
SM37767 ,A ,
SM37768 ,S ,
SM37769 ,S ,
SM37770 ,A ,
SM37771 ,S ,
SM37772 ,S ,
SM37773 ,S ,
SM37774 ,S ,
SM37775 ,S ,
SM37776 ,S ,
SM37777 ,S ,
SM37778 ,S ,
SM37779 ,S ,
SM37780 ,A ,
SM37781 ,A ,
SM37782 ,A ,
SM37783 ,S ,
SM37784 ,S ,
SM37785 ,A ,
SM37786 ,A ,
SM37787 ,S ,
SM37788 ,S ,
SM37789 ,S ,
SM37790 ,S ,
SM37792 ,S ,
SM37793 ,S ,
SM37794 ,S ,
SM37795 ,S ,
SM37796 ,S ,
SM37797 ,S ,
SM37798 ,S ,
SM37799 ,S ,
SM37800 ,S ,
SM37801 ,A ,
SM37802 ,S ,
SM37803 ,S ,
SM37804 ,S ,
SM37805 ,S ,
SM37806 ,A ,
SM37807 ,S ,
SM37808 ,S ,
SM37809 ,S ,
SM37810 ,A ,
SM37811 ,A ,
SM37812 ,A ,
SM37813 ,S ,
SM37814 ,S ,
SM37815 ,S ,
SM37816 ,A ,
SM37817 ,S ,
SM37818 ,S ,
SM37819 ,S ,
SM37820 ,S ,
SM37821 ,S ,
SM37822 ,S ,
SM37823 ,A ,
SM37824 ,S ,
SM37825 ,S ,
SM37826 ,S ,
SM37827 ,S ,
SM37828 ,S ,
SM37829 ,S ,
SM37830 ,S ,
SM37831 ,S ,
SM37833 ,S ,
SM37834 ,A ,
SM37835 ,S ,
SM37836 ,S ,
SM37838 ,S ,
SM37839 ,A ,
SM37840 ,S ,
SM37841 ,S ,
SM37842 ,S ,
SM37843 ,S ,
SM37844 ,S ,
SM37845 ,S ,
SM37846 ,S ,
SM37847 ,S ,
SM37848 ,A ,
SM37849 ,S ,
SM37850 ,S ,
SM37851 ,S ,
SM37852 ,S ,
SM37853 ,S ,
SM37854 ,S ,
SM37855 ,S ,
SM37856 ,S ,
SM37857 ,A ,
SM37858 ,A ,
SM37859 ,S ,
SM37860 ,A ,
SM37861 ,S ,
SM37862 ,S ,
SM37863 ,S ,
SM37864 ,A ,
SM37865 ,S ,
SM37866 ,S ,
SM37867 ,S ,
SM37868 ,S ,
SM37869 ,S ,
SM37870 ,A ,
SM37871 ,S ,
SM37872 ,S ,
SM37874 ,A ,
SM37875 ,S ,
SM37876 ,A ,
SM37877 ,S ,
SM37878 ,S ,
SM37879 ,A ,
SM37880 ,S ,
SM37881 ,S ,
SM37882 ,S ,
SM37883 ,S ,
SM37884 ,S ,
SM37885 ,S ,
SM37886 ,A ,
SM37887 ,S ,
SM37888 ,A ,
SM37889 ,A ,
SM37890 ,A ,
SM37891 ,S ,
SM37892 ,S ,
SM37893 ,A ,
SM37894 ,S ,
SM37895 ,A ,
SM37896 ,S ,
SM37897 ,S ,
SM37898 ,S ,
SM37899 ,A ,
SM37900 ,S ,
SM37901 ,S ,
SM37902 ,S ,
SM37903 ,A ,
SM37904 ,A ,
SM37905 ,S ,
SM37906 ,S ,
SM37907 ,S ,
SM37908 ,S ,
SM37909 ,S ,
SM37910 ,A ,
SM37911 ,A ,
SM37912 ,A ,
SM37913 ,A ,
SM37914 ,A ,
SM37915 ,A ,
SM37916 ,A ,
SM37917 ,A ,
SM37918 ,A ,
SM37919 ,S ,
SM37920 ,S ,
SM37921 ,S ,
SM37922 ,A ,
SM37923 ,S ,
SM37924 ,A ,
SM37925 ,S ,
SM37926 ,A ,
SM37927 ,S ,
SM37928 ,S ,
SM37929 ,S ,
SM37930 ,A ,
SM37931 ,A ,
SM37932 ,A ,
SM37933 ,S ,
SM37934 ,A ,
SM37935 ,A ,
SM37936 ,S ,
SM37937 ,S ,
SM37938 ,A ,
SM37939 ,S ,
SM37940 ,S ,
SM37941 ,A ,
SM37942 ,S ,
SM37943 ,A ,
SM37944 ,A ,
SM37945 ,A ,
SM37946 ,A ,
SM37947 ,S ,
SM37948 ,S ,
SM37949 ,S ,
SM37950 ,A ,
SM37951 ,A ,
SM37952 ,S ,
SM37953 ,A ,
SM37954 ,S ,
SM37955 ,S ,
SM37956 ,A ,
SM37957 ,S ,
SM37958 ,S ,
SM37959 ,S ,
SM37960 ,A ,
SM37961 ,A ,
SM37962 ,A ,
SM37963 ,S ,
SM37964 ,S ,
SM37965 ,S ,
SM37966 ,S ,
SM37967 ,S ,
SM37968 ,S ,
SM37969 ,S ,
SM37970 ,S ,
SM37971 ,S ,
SM37972 ,S ,
SM37973 ,S ,
SM37974 ,S ,
SM37975 ,S ,
SM37976 ,S ,
SM37977 ,A ,
SM37978 ,A ,
SM37979 ,A ,
SM37980 ,S ,
SM37981 ,S ,
SM37982 ,A ,
SM37983 ,S ,
SM37984 ,A ,
SM37985 ,S ,
SM37986 ,S ,
SM37987 ,A ,
SM37988 ,A ,
SM37989 ,S ,
SM37990 ,A ,
SM37991 ,S ,
SM37992 ,S ,
SM37993 ,S ,
SM37994 ,S ,
SM37995 ,S ,
SM37996 ,A ,
SM37997 ,S ,
SM37998 ,A ,
SM37999 ,S ,
SM38000 ,S ,
SM38001 ,S ,
SM38002 ,S ,
SM38003 ,A ,
SM38004 ,A ,
SM38005 ,S ,
SM38006 ,S ,
SM38007 ,A ,
SM38008 ,A ,
SM38009 ,S ,
SM38010 ,S ,
SM38011 ,S ,
SM38012 ,S ,
SM38013 ,S ,
SM38014 ,A ,
SM38015 ,A ,
SM38016 ,A ,
SM38017 ,S ,
SM38018 ,S ,
SM38019 ,S ,
SM38020 ,A ,
SM38021 ,A ,
SM38022 ,A ,
SM38023 ,A ,
SM38024 ,S ,
SM38025 ,A ,
SM38026 ,S ,
SM38027 ,A ,
SM38028 ,S ,
SM38029 ,A ,
SM38030 ,S ,
SM38031 ,A ,
SM38032 ,S ,
SM38033 ,S ,
SM38034 ,A ,
SM38035 ,A ,
SM38036 ,S ,
SM38037 ,A ,
SM38038 ,S ,
SM38039 ,S ,
SM38040 ,S ,
SM38041 ,S ,
SM38042 ,S ,
SM38043 ,S ,
SM38044 ,A ,
SM38045 ,S ,
SM38046 ,A ,
SM38047 ,S ,
SM38048 ,S ,
SM38049 ,S ,
SM38050 ,A ,
SM38051 ,A ,
SM38052 ,S ,
SM38053 ,A ,
SM38054 ,S ,
SM38055 ,A ,
SM38056 ,S ,
SM38057 ,A ,
SM38058 ,S ,
SM38059 ,S ,
SM38060 ,S ,
SM38061 ,A ,
SM38062 ,A ,
SM38063 ,S ,
SM38064 ,A ,
SM38065 ,A ,
SM38067 ,A ,
SM38068 ,S ,
SM38069 ,A ,
SM38070 ,S ,
SM38071 ,S ,
SM38072 ,A ,
SM38073 ,A ,
SM38074 ,S ,
SM38075 ,A ,
SM38076 ,S ,
SM38077 ,S ,
SM38078 ,A ,
SM38079 ,S ,
SM38080 ,S ,
SM38081 ,A ,
SM38082 ,A ,
SM38083 ,A ,
SM38084 ,A ,
SM38085 ,A ,
SM38086 ,S ,
SM38087 ,A ,
SM38088 ,S ,
SM38089 ,S ,
SM38090 ,S ,
SM38091 ,S ,
SM38092 ,S ,
SM38093 ,A ,
SM38094 ,A ,
SM38095 ,S ,
SM38096 ,A ,
SM38097 ,S ,
SM38098 ,S ,
SM38099 ,S ,
SM38100 ,A ,
SM38101 ,S ,
SM38102 ,A ,
SM38103 ,A ,
SM38104 ,A ,
SM38105 ,S ,
SM38106 ,S ,
SM38107 ,A ,
SM38108 ,A ,
SM38109 ,S ,
SM38110 ,A ,
SM38111 ,S ,
SM38112 ,A ,
SM38113 ,A ,
SM38114 ,S ,
SM38115 ,A ,
SM38116 ,A ,
SM38117 ,S ,
SM38118 ,A ,
SM38119 ,S ,
SM38120 ,A ,
SM38121 ,A ,
SM38122 ,A ,
SM38123 ,S ,
SM38124 ,A ,
SM38125 ,S ,
SM38126 ,S ,
SM38127 ,A ,
SM38128 ,S ,
SM38129 ,S ,
SM38130 ,S ,
SM38131 ,S ,
SM38132 ,S ,
SM38133 ,A ,
SM38134 ,S ,
SM38135 ,A ,
SM38136 ,S ,
SM38137 ,S ,
SM38138 ,S ,
SM38139 ,S ,
SM38140 ,A ,
SM38141 ,S ,
SM38142 ,A ,
SM38143 ,S ,
SM38144 ,A ,
SM38145 ,A ,
SM38147 ,S ,
SM38148 ,S ,
SM38149 ,S ,
SM38150 ,A ,
SM38151 ,A ,
SM38152 ,A ,
SM38153 ,S ,
SM38154 ,A ,
SM38155 ,S ,
SM38156 ,S ,
SM38157 ,S ,
SM38158 ,S ,
SM38159 ,S ,
SM38160 ,A ,
SM38161 ,A ,
SM38162 ,A ,
SM38163 ,A ,
SM38164 ,S ,
SM38165 ,S ,
SM38166 ,S ,
SM38167 ,S ,
SM38168 ,S ,
SM38169 ,S ,
SM38170 ,A ,
SM38171 ,S ,
SM38172 ,A ,
SM38173 ,A ,
SM38174 ,S ,
SM38175 ,A ,
SM38176 ,S ,
SM38177 ,S ,
SM38178 ,S ,
SM38179 ,S ,
SM38180 ,S ,
SM38181 ,A ,
SM38182 ,A ,
SM38183 ,A ,
SM38184 ,A ,
SM38185 ,A ,
SM38186 ,S ,
SM38187 ,A ,
SM38188 ,A ,
SM38189 ,A ,
SM38190 ,S ,
SM38191 ,S ,
SM38192 ,A ,
SM38193 ,S ,
SM38194 ,A ,
SM38195 ,A ,
SM38196 ,A ,
SM38197 ,A ,
SM38198 ,S ,
SM38199 ,A ,
SM38200 ,S ,
SM38201 ,A ,
SM38202 ,S ,
SM38203 ,S ,
SM38204 ,A ,
SM38205 ,S ,
SM38206 ,S ,
SM38207 ,A ,
SM38208 ,S ,
SM38209 ,S ,
SM38210 ,A ,
SM38211 ,S ,
SM38212 ,S ,
SM38213 ,S ,
SM38214 ,S ,
SM38215 ,S ,
SM38216 ,S ,
SM38217 ,S ,
SM38218 ,A ,
SM38220 ,S ,
SM38221 ,A ,
SM38223 ,A ,
SM38224 ,A ,
SM38225 ,S ,
SM38226 ,A ,
SM38227 ,A ,
SM38228 ,S ,
SM38229 ,S ,
SM38230 ,A ,
SM38231 ,A ,
SM38232 ,A ,
SM38233 ,S ,
SM38234 ,A ,
SM38235 ,S ,
SM38236 ,S ,
SM38237 ,A ,
SM38239 ,S ,
SM38240 ,S ,
SM38241 ,A ,
SM38242 ,S ,
SM38243 ,A ,
SM38244 ,A ,
SM38245 ,S ,
SM38246 ,A ,
SM38247 ,S ,
SM38248 ,A ,
SM38249 ,S ,
SM38250 ,S ,
SM38251 ,S ,
SM38252 ,A ,
SM38253 ,S ,
SM38254 ,S ,
SM38255 ,A ,
SM38256 ,A ,
SM38257 ,A ,
SM38258 ,S ,
SM38259 ,A ,
SM38260 ,A ,
SM38261 ,S ,
SM38262 ,A ,
SM38264 ,S ,
SM38265 ,S ,
SM38266 ,S ,
SM38267 ,A ,
SM38268 ,S ,
SM38269 ,S ,
SM38270 ,A ,
SM38271 ,S ,
SM38272 ,A ,
SM38273 ,A ,
SM38274 ,S ,
SM38275 ,A ,
SM38276 ,S ,
SM38277 ,A ,
SM38278 ,A ,
SM38279 ,A ,
SM38280 ,S ,
SM38281 ,S ,
SM38282 ,A ,
SM38283 ,S ,
SM38284 ,S ,
SM38285 ,A ,
SM38286 ,A ,
SM38287 ,A ,
SM38288 ,S ,
SM38289 ,S ,
SM38290 ,A ,
SM38291 ,S ,
SM38292 ,A ,
SM38293 ,S ,
SM38294 ,A ,
SM38295 ,A ,
SM38296 ,S ,
SM38297 ,S ,
SM38298 ,S ,
SM38299 ,A ,
SM38300 ,A ,
SM38301 ,A ,
SM38302 ,S ,
SM38303 ,S ,
SM38304 ,A ,
SM38305 ,S ,
SM38306 ,A ,
SM38307 ,A ,
SM38309 ,S ,
SM38311 ,S ,
SM38312 ,S ,
SM38313 ,A ,
SM38314 ,A ,
SM38315 ,S ,
SM38316 ,S ,
SM38317 ,S ,
SM38318 ,S ,
SM38319 ,S ,
SM38320 ,S ,
SM38321 ,S ,
SM38322 ,S ,
SM38323 ,S ,
SM38324 ,A ,
SM38325 ,S ,
SM38326 ,A ,
SM38327 ,S ,
SM38328 ,S ,
SM38329 ,S ,
SM38330 ,A ,
SM38331 ,S ,
SM38332 ,S ,
SM38333 ,A ,
SM38334 ,S ,
SM38335 ,A ,
SM38336 ,S ,
SM38337 ,S ,
SM38338 ,S ,
SM38339 ,A ,
SM38340 ,A ,
SM38341 ,A ,
SM38342 ,A ,
SM38343 ,A ,
SM38344 ,S ,
SM38345 ,A ,
SM38346 ,S ,
SM38347 ,S ,
SM38348 ,S ,
SM38349 ,S ,
SM38350 ,A ,
SM38351 ,S ,
SM38352 ,A ,
SM38353 ,A ,
SM38354 ,S ,
SM38355 ,S ,
SM38356 ,S ,
SM38357 ,S ,
SM38358 ,S ,
SM38359 ,A ,
SM38360 ,S ,
SM38361 ,A ,
SM38362 ,A ,
SM38363 ,A ,
SM38364 ,S ,
SM38365 ,S ,
SM38366 ,S ,
SM38367 ,A ,
SM38368 ,A ,
SM38369 ,A ,
SM38370 ,S ,
SM38371 ,S ,
SM38372 ,A ,
SM38373 ,A ,
SM38374 ,S ,
SM38375 ,S ,
SM38376 ,A ,
SM38377 ,S ,
SM38378 ,A ,
SM38379 ,A ,
SM38380 ,A ,
SM38381 ,A ,
SM38382 ,S ,
SM38383 ,S ,
SM38384 ,S ,
SM38385 ,S ,
SM38387 ,A ,
SM38388 ,S ,
SM38389 ,S ,
SM38390 ,A ,
SM38391 ,A ,
SM38392 ,S ,
SM38393 ,A ,
SM38394 ,S ,
SM38395 ,A ,
SM38396 ,S ,
SM38397 ,A ,
SM38398 ,A ,
SM38400 ,A ,
SM38401 ,A ,
SM38402 ,A ,
SM38403 ,A ,
SM38404 ,S ,
SM38405 ,S ,
SM38406 ,A ,
SM38407 ,S ,
SM38408 ,A ,
SM38409 ,S ,
SM38411 ,S ,
SM38412 ,S ,
SM38413 ,A ,
SM38414 ,S ,
SM38415 ,A ,
SM38416 ,A ,
SM38417 ,S ,
SM38418 ,A ,
SM38419 ,S ,
SM38420 ,S ,
SM38421 ,A ,
SM38422 ,S ,
SM38423 ,S ,
SM38424 ,S ,
SM38425 ,S ,
SM38426 ,A ,
SM38427 ,A ,
SM38428 ,A ,
SM38429 ,S ,
SM38430 ,S ,
SM38431 ,A ,
SM38432 ,A ,
SM38433 ,S ,
SM38434 ,A ,
SM38435 ,S ,
SM38436 ,S ,
SM38437 ,S ,
SM38438 ,A ,
SM38439 ,S ,
SM38440 ,S ,
SM38441 ,A ,
SM38442 ,A ,
SM38443 ,S ,
SM38444 ,S ,
SM38445 ,A ,
SM38446 ,S ,
SM38447 ,S ,
SM38448 ,A ,
SM38449 ,A ,
SM38450 ,S ,
SM38451 ,S ,
SM38452 ,S ,
SM38453 ,S ,
SM38454 ,S ,
SM38455 ,S ,
SM38456 ,S ,
SM38457 ,S ,
SM38458 ,S ,
SM38459 ,A ,
SM38460 ,S ,
SM38461 ,S ,
SM38462 ,A ,
SM38463 ,A ,
SM38464 ,S ,
SM38465 ,A ,
SM38466 ,A ,
SM38467 ,A ,
SM38468 ,S ,
SM38469 ,S ,
SM38470 ,S ,
SM38471 ,S ,
SM38472 ,A ,
SM38473 ,S ,
SM38474 ,A ,
SM38475 ,A ,
SM38476 ,S ,
SM38477 ,A ,
SM38478 ,A ,
SM38479 ,S ,
SM38480 ,S ,
SM38481 ,S ,
SM38482 ,S ,
SM38483 ,S ,
SM38484 ,S ,
SM38485 ,S ,
SM38486 ,S ,
SM38487 ,S ,
SM38488 ,A ,
SM38489 ,S ,
SM38490 ,S ,
SM38491 ,A ,
SM38492 ,A ,
SM38493 ,A ,
SM38494 ,A ,
SM38495 ,S ,
SM38496 ,S ,
SM38497 ,A ,
SM38498 ,S ,
SM38499 ,S ,
SM38500 ,S ,
SM38501 ,S ,
SM38502 ,S ,
SM38503 ,S ,
SM38504 ,A ,
SM38505 ,A ,
SM38506 ,S ,
SM38507 ,S ,
SM38508 ,S ,
SM38509 ,S ,
SM38510 ,S ,
SM38511 ,S ,
SM38512 ,A ,
SM38513 ,S ,
SM38514 ,A ,
SM38515 ,A ,
SM38516 ,S ,
SM38517 ,A ,
SM38518 ,A ,
SM38519 ,S ,
SM38520 ,A ,
SM38521 ,S ,
SM38522 ,A ,
SM38523 ,S ,
SM38524 ,S ,
SM38525 ,S ,
SM38526 ,S ,
SM38528 ,S ,
SM38529 ,S ,
SM38530 ,S ,
SM38531 ,S ,
SM38532 ,A ,
SM38533 ,S ,
SM38534 ,S ,
SM38535 ,A ,
SM38536 ,S ,
SM38537 ,S ,
SM38538 ,S ,
SM38539 ,S ,
SM38540 ,S ,
SM38541 ,A ,
SM38542 ,S ,
SM38543 ,A ,
SM38544 ,S ,
SM38545 ,S ,
SM38546 ,S ,
SM38547 ,A ,
SM38548 ,A ,
SM38549 ,A ,
SM38550 ,A ,
SM38551 ,S ,
SM38552 ,S ,
SM38553 ,S ,
SM38554 ,A ,
SM38555 ,A ,
SM38556 ,A ,
SM38557 ,A ,
SM38558 ,S ,
SM38559 ,S ,
SM38560 ,A ,
SM38561 ,S ,
SM38562 ,A ,
SM38563 ,S ,
SM38564 ,A ,
SM38565 ,S ,
SM38566 ,S ,
SM38567 ,A ,
SM38568 ,A ,
SM38569 ,S ,
SM38571 ,S ,
SM38572 ,A ,
SM38573 ,S ,
SM38574 ,A ,
SM38575 ,A ,
SM38576 ,S ,
SM38577 ,S ,
SM38578 ,A ,
SM38579 ,S ,
SM38580 ,A ,
SM38581 ,S ,
SM38582 ,S ,
SM38583 ,A ,
SM38584 ,A ,
SM38585 ,A ,
SM38586 ,S ,
SM38587 ,S ,
SM38589 ,A ,
SM38590 ,A ,
SM38591 ,S ,
SM38592 ,A ,
SM38593 ,S ,
SM38594 ,A ,
SM38595 ,A ,
SM38596 ,S ,
SM38597 ,S ,
SM38598 ,S ,
SM38599 ,A ,
SM38600 ,S ,
SM38601 ,A ,
SM38603 ,S ,
SM38604 ,A ,
SM38605 ,A ,
SM38606 ,S ,
SM38607 ,S ,
SM38608 ,A ,
SM38609 ,S ,
SM38610 ,S ,
SM38611 ,S ,
SM38612 ,A ,
SM38613 ,S ,
SM38614 ,S ,
SM38615 ,S ,
SM38616 ,S ,
SM38617 ,S ,
SM38618 ,A ,
SM38619 ,S ,
SM38620 ,A ,
SM38621 ,S ,
SM38622 ,A ,
SM38623 ,A ,
SM38624 ,S ,
SM38625 ,S ,
SM38626 ,A ,
SM38627 ,A ,
SM38628 ,S ,
SM38629 ,A ,
SM38630 ,A ,
SM38631 ,A ,
SM38632 ,S ,
SM38633 ,A ,
SM38634 ,A ,
SM38635 ,S ,
SM38636 ,S ,
SM38637 ,A ,
SM38638 ,S ,
SM38639 ,S ,
SM38640 ,A ,
SM38641 ,A ,
SM38642 ,S ,
SM38643 ,A ,
SM38644 ,A ,
SM38645 ,S ,
SM38646 ,S ,
SM38647 ,S ,
SM38648 ,S ,
SM38649 ,S ,
SM38650 ,S ,
SM38651 ,A ,
SM38652 ,A ,
SM38653 ,A ,
SM38654 ,S ,
SM38655 ,S ,
SM38656 ,A ,
SM38657 ,S ,
SM38658 ,S ,
SM38659 ,S ,
SM38660 ,S ,
SM38661 ,A ,
SM38662 ,S ,
SM38663 ,S ,
SM38664 ,A ,
SM38665 ,A ,
SM38666 ,S ,
SM38667 ,A ,
SM38668 ,A ,
SM38669 ,S ,
SM38670 ,S ,
SM38671 ,S ,
SM38672 ,A ,
SM38673 ,A ,
SM38674 ,S ,
SM38675 ,A ,
SM38676 ,S ,
SM38677 ,A ,
SM38678 ,S ,
SM38679 ,A ,
SM38680 ,S ,
SM38681 ,S ,
SM38682 ,S ,
SM38683 ,S ,
SM38684 ,A ,
SM38685 ,S ,
SM38686 ,S ,
SM38687 ,S ,
SM38688 ,A ,
SM38689 ,S ,
SM38690 ,A ,
SM38691 ,S ,
SM38692 ,S ,
SM38693 ,A ,
SM38694 ,A ,
SM38696 ,S ,
SM38697 ,S ,
SM38698 ,S ,
SM38699 ,A ,
SM38700 ,A ,
SM38701 ,S ,
SM38702 ,S ,
SM38703 ,A ,
SM38704 ,S ,
SM38705 ,A ,
SM38706 ,S ,
SM38708 ,S ,
SM38709 ,S ,
SM38710 ,A ,
SM38711 ,A ,
SM38712 ,A ,
SM38713 ,A ,
SM38714 ,A ,
SM38715 ,S ,
SM38716 ,S ,
SM38717 ,A ,
SM38718 ,A ,
SM38719 ,A ,
SM38720 ,A ,
SM38721 ,S ,
SM38722 ,S ,
SM38723 ,A ,
SM38724 ,S ,
SM38725 ,S ,
SM38726 ,A ,
SM38727 ,S ,
SM38728 ,S ,
SM38729 ,A ,
SM38730 ,A ,
SM38731 ,S ,
SM38732 ,S ,
SM38733 ,S ,
SM38734 ,S ,
SM38735 ,S ,
SM38736 ,S ,
SM38737 ,S ,
SM38738 ,A ,
SM38739 ,A ,
SM38740 ,A ,
SM38741 ,S ,
SM38742 ,S ,
SM38743 ,A ,
SM38744 ,A ,
SM38745 ,A ,
SM38746 ,A ,
SM38747 ,S ,
SM38748 ,S ,
SM38749 ,A ,
SM38750 ,S ,
SM38751 ,S ,
SM38752 ,S ,
SM38753 ,A ,
SM38754 ,S ,
SM38755 ,S ,
SM38756 ,A ,
SM38757 ,S ,
SM38758 ,A ,
SM38759 ,S ,
SM38760 ,S ,
SM38761 ,A ,
SM38762 ,A ,
SM38763 ,A ,
SM38764 ,A ,
SM38765 ,S ,
SM38766 ,S ,
SM38767 ,A ,
SM38768 ,A ,
SM38769 ,A ,
SM38770 ,S ,
SM38771 ,A ,
SM38772 ,S ,
SM38773 ,S ,
SM38774 ,S ,
SM38775 ,A ,
SM38776 ,S ,
SM38777 ,S ,
SM38778 ,A ,
SM38779 ,S ,
SM38780 ,S ,
SM38781 ,S ,
SM38782 ,S ,
SM38783 ,S ,
SM38784 ,A ,
SM38785 ,S ,
SM38786 ,A ,
SM38787 ,S ,
SM38788 ,A ,
SM38789 ,S ,
SM38790 ,S ,
SM38791 ,S ,
SM38792 ,S ,
SM38793 ,S ,
SM38794 ,S ,
SM38795 ,A ,
SM38796 ,S ,
SM38797 ,A ,
SM38798 ,S ,
SM38799 ,S ,
SM38800 ,A ,
SM38801 ,A ,
SM38802 ,S ,
SM38803 ,A ,
SM38804 ,S ,
SM38805 ,S ,
SM38806 ,S ,
SM38807 ,A ,
SM38808 ,A ,
SM38809 ,A ,
SM38810 ,S ,
SM38811 ,A ,
SM38812 ,A ,
SM38813 ,A ,
SM38814 ,S ,
SM38815 ,S ,
SM38816 ,S ,
SM38817 ,A ,
SM38818 ,S ,
SM38819 ,A ,
SM38820 ,S ,
SM38821 ,S ,
SM38822 ,S ,
SM38823 ,S ,
SM38824 ,S ,
SM38825 ,A ,
SM38826 ,S ,
SM38827 ,S ,
SM38828 ,A ,
SM38829 ,A ,
SM38830 ,S ,
SM38831 ,S ,
SM38832 ,A ,
SM38833 ,S ,
SM38834 ,S ,
SM38835 ,A ,
SM38836 ,S ,
SM38837 ,S ,
SM38838 ,A ,
SM38839 ,S ,
SM38840 ,S ,
SM38841 ,S ,
SM38842 ,A ,
SM38843 ,S ,
SM38844 ,A ,
SM38845 ,A ,
SM38846 ,S ,
SM38847 ,S ,
SM38848 ,S ,
SM38849 ,A ,
SM38850 ,A ,
SM38851 ,A ,
SM38852 ,S ,
SM38853 ,S ,
SM38854 ,S ,
SM38855 ,S ,
SM38856 ,S ,
SM38857 ,A ,
SM38858 ,S ,
SM38859 ,S ,
SM38860 ,S ,
SM38861 ,S ,
SM38862 ,S ,
SM38863 ,S ,
SM38864 ,A ,
SM38865 ,S ,
SM38866 ,S ,
SM38867 ,S ,
SM38868 ,A ,
SM38869 ,S ,
SM38870 ,A ,
SM38871 ,S ,
SM38872 ,A ,
SM38873 ,S ,
SM38874 ,S ,
SM38875 ,S ,
SM38876 ,S ,
SM38877 ,A ,
SM38878 ,S ,
SM38879 ,S ,
SM38880 ,A ,
SM38881 ,S ,
SM38882 ,S ,
SM38883 ,A ,
SM38884 ,A ,
SM38885 ,A ,
SM38886 ,S ,
SM38887 ,A ,
SM38888 ,S ,
SM38889 ,S ,
SM38890 ,S ,
SM38891 ,A ,
SM38892 ,S ,
SM38893 ,S ,
SM38894 ,S ,
SM38895 ,S ,
SM38896 ,A ,
SM38897 ,S ,
SM38898 ,A ,
SM38899 ,S ,
SM38900 ,S ,
SM38901 ,S ,
SM38902 ,A ,
SM38903 ,S ,
SM38904 ,A ,
SM38905 ,S ,
SM38906 ,S ,
SM38907 ,S ,
SM38908 ,S ,
SM38909 ,S ,
SM38910 ,A ,
SM38911 ,A ,
SM38912 ,A ,
SM38913 ,A ,
SM38914 ,S ,
SM38915 ,S ,
SM38916 ,S ,
SM38917 ,A ,
SM38918 ,S ,
SM38919 ,S ,
SM38920 ,S ,
SM38921 ,A ,
SM38922 ,A ,
SM38923 ,S ,
SM38924 ,A ,
SM38925 ,A ,
SM38926 ,A ,
SM38927 ,A ,
SM38928 ,S ,
SM38929 ,A ,
SM38930 ,S ,
SM38931 ,A ,
SM38932 ,S ,
SM38933 ,S ,
SM38934 ,A ,
SM38935 ,S ,
SM38936 ,S ,
SM38937 ,A ,
SM38938 ,A ,
SM38939 ,S ,
SM38940 ,S ,
SM38941 ,S ,
SM38942 ,S ,
SM38943 ,A ,
SM38944 ,S ,
SM38945 ,S ,
SM38946 ,A ,
SM38947 ,A ,
SM38948 ,S ,
SM38949 ,S ,
SM38950 ,S ,
SM38951 ,S ,
SM38952 ,S ,
SM38953 ,A ,
SM38954 ,S ,
SM38955 ,A ,
SM38956 ,S ,
SM38957 ,S ,
SM38958 ,S ,
SM38959 ,S ,
SM38960 ,S ,
SM38961 ,A ,
SM38962 ,S ,
SM38963 ,A ,
SM38964 ,S ,
SM38965 ,S ,
SM38966 ,S ,
SM38967 ,A ,
SM38968 ,A ,
SM38970 ,S ,
SM38971 ,A ,
SM38972 ,S ,
SM38973 ,S ,
SM38974 ,S ,
SM38975 ,S ,
SM38976 ,S ,
SM38977 ,S ,
SM38978 ,A ,
SM38979 ,A ,
SM38980 ,A ,
SM38981 ,A ,
SM38982 ,S ,
SM38983 ,S ,
SM38984 ,S ,
SM38985 ,S ,
SM38986 ,S ,
SM38987 ,S ,
SM38988 ,A ,
SM38989 ,S ,
SM38990 ,S ,
SM38991 ,S ,
SM38992 ,S ,
SM38993 ,S ,
SM38994 ,S ,
SM38995 ,A ,
SM38996 ,S ,
SM38997 ,S ,
SM38998 ,A ,
SM38999 ,S ,
SM39000 ,A ,
SM39001 ,S ,
SM39002 ,A ,
SM39003 ,S ,
SM39004 ,S ,
SM39005 ,A ,
SM39006 ,S ,
SM39007 ,A ,
SM39008 ,S ,
SM39009 ,S ,
SM39010 ,S ,
SM39011 ,S ,
SM39012 ,A ,
SM39013 ,S ,
SM39014 ,S ,
SM39015 ,S ,
SM39016 ,A ,
SM39017 ,S ,
SM39018 ,S ,
SM39019 ,A ,
SM39020 ,S ,
SM39021 ,S ,
SM39022 ,A ,
SM39023 ,S ,
SM39024 ,S ,
SM39025 ,S ,
SM39026 ,S ,
SM39027 ,S ,
SM39028 ,A ,
SM39029 ,A ,
SM39030 ,A ,
SM39031 ,S ,
SM39032 ,S ,
SM39033 ,A ,
SM39034 ,A ,
SM39035 ,S ,
SM39036 ,S ,
SM39037 ,S ,
SM39038 ,S ,
SM39039 ,S ,
SM39040 ,S ,
SM39041 ,A ,
SM39042 ,A ,
SM39043 ,S ,
SM39044 ,S ,
SM39045 ,S ,
SM39046 ,S ,
SM39047 ,A ,
SM39048 ,A ,
SM39049 ,A ,
SM39050 ,S ,
SM39051 ,S ,
SM39052 ,A ,
SM39053 ,S ,
SM39054 ,S ,
SM39055 ,S ,
SM39056 ,S ,
SM39057 ,S ,
SM39058 ,S ,
SM39059 ,S ,
SM39060 ,A ,
SM39061 ,A ,
SM39063 ,S ,
SM39064 ,S ,
SM39065 ,S ,
SM39066 ,S ,
SM39067 ,S ,
SM39068 ,A ,
SM39069 ,S ,
SM39070 ,S ,
SM39071 ,S ,
SM39072 ,A ,
SM39073 ,A ,
SM39074 ,S ,
SM39075 ,S ,
SM39077 ,A ,
SM39078 ,S ,
SM39079 ,S ,
SM39080 ,S ,
SM39081 ,S ,
SM39082 ,S ,
SM39083 ,A ,
SM39084 ,S ,
SM39085 ,S ,
SM39086 ,S ,
SM39087 ,A ,
SM39088 ,A ,
SM39089 ,S ,
SM39090 ,A ,
SM39091 ,A ,
SM39092 ,A ,
SM39093 ,A ,
SM39094 ,A ,
SM39095 ,S ,
SM39096 ,S ,
SM39097 ,A ,
SM39098 ,A ,
SM39099 ,S ,
SM39100 ,S ,
SM39101 ,S ,
SM39102 ,A ,
SM39103 ,S ,
SM39104 ,S ,
SM39105 ,A ,
SM39106 ,S ,
SM39107 ,S ,
SM39108 ,S ,
SM39109 ,A ,
SM39110 ,S ,
SM39111 ,S ,
SM39113 ,S ,
SM39114 ,S ,
SM39115 ,A ,
SM39116 ,S ,
SM39117 ,S ,
SM39118 ,A ,
SM39119 ,A ,
SM39120 ,S ,
SM39121 ,S ,
SM39122 ,A ,
SM39123 ,S ,
SM39124 ,S ,
SM39125 ,A ,
SM39126 ,S ,
SM39127 ,S ,
SM39128 ,S ,
SM39130 ,S ,
SM39131 ,S ,
SM39132 ,A ,
SM39133 ,S ,
SM39134 ,S ,
SM39135 ,S ,
SM39136 ,S ,
SM39137 ,S ,
SM39138 ,A ,
SM39139 ,S ,
SM39140 ,S ,
SM39141 ,A ,
SM39142 ,S ,
SM39143 ,S ,
SM39144 ,A ,
SM39145 ,A ,
SM39146 ,S ,
SM39147 ,A ,
SM39148 ,A ,
SM39149 ,S ,
SM39150 ,S ,
SM39151 ,S ,
SM39152 ,S ,
SM39153 ,S ,
SM39154 ,S ,
SM39155 ,S ,
SM39156 ,A ,
SM39157 ,S ,
SM39158 ,S ,
SM39159 ,A ,
SM39160 ,S ,
SM39161 ,A ,
SM39162 ,S ,
SM39163 ,S ,
SM39164 ,S ,
SM39165 ,S ,
SM39166 ,S ,
SM39167 ,A ,
SM39168 ,S ,
SM39169 ,A ,
SM39170 ,A ,
SM39171 ,A ,
SM39172 ,A ,
SM39173 ,S ,
SM39174 ,S ,
SM39175 ,S ,
SM39176 ,A ,
SM39177 ,A ,
SM39178 ,S ,
SM39179 ,S ,
SM39180 ,S ,
SM39181 ,S ,
SM39182 ,A ,
SM39183 ,S ,
SM39184 ,A ,
SM39185 ,S ,
SM39186 ,S ,
SM39187 ,S ,
SM39188 ,S ,
SM39189 ,A ,
SM39190 ,S ,
SM39191 ,A ,
SM39192 ,S ,
SM39193 ,S ,
SM39194 ,S ,
SM39195 ,S ,
SM39196 ,A ,
SM39197 ,S ,
SM39198 ,S ,
SM39199 ,S ,
SM39200 ,S ,
SM39201 ,S ,
SM39202 ,S ,
SM39203 ,S ,
SM39204 ,A ,
SM39205 ,A ,
SM39206 ,S ,
SM39207 ,S ,
SM39208 ,S ,
SM39209 ,S ,
SM39210 ,S ,
SM39211 ,S ,
SM39212 ,S ,
SM39213 ,S ,
SM39214 ,A ,
SM39215 ,S ,
SM39216 ,A ,
SM39217 ,S ,
SM39218 ,A ,
SM39219 ,S ,
SM39220 ,S ,
SM39221 ,A ,
SM39222 ,S ,
SM39223 ,S ,
SM39224 ,S ,
SM39225 ,S ,
SM39226 ,A ,
SM39227 ,S ,
SM39228 ,S ,
SM39229 ,S ,
SM39230 ,A ,
SM39231 ,S ,
SM39232 ,S ,
SM39233 ,S ,
SM39234 ,A ,
SM39235 ,S ,
SM39236 ,S ,
SM39237 ,S ,
SM39238 ,A ,
SM39239 ,S ,
SM39240 ,A ,
SM39241 ,S ,
SM39242 ,S ,
SM39243 ,S ,
SM39244 ,S ,
SM39245 ,A ,
SM39246 ,S ,
SM39247 ,A ,
SM39248 ,S ,
SM39249 ,S ,
SM39250 ,S ,
SM39251 ,A ,
SM39252 ,A ,
SM39253 ,A ,
SM39254 ,A ,
SM39255 ,A ,
SM39256 ,A ,
SM39257 ,S ,
SM39258 ,S ,
SM39259 ,A ,
SM39260 ,S ,
SM39261 ,S ,
SM39262 ,A ,
SM39263 ,S ,
SM39264 ,S ,
SM39265 ,S ,
SM39266 ,A ,
SM39267 ,S ,
SM39268 ,A ,
SM39269 ,A ,
SM39270 ,A ,
SM39271 ,S ,
SM39272 ,S ,
SM39273 ,S ,
SM39274 ,S ,
SM39275 ,A ,
SM39276 ,S ,
SM39277 ,S ,
SM39278 ,S ,
SM39279 ,A ,
SM39280 ,S ,
SM39281 ,S ,
SM39282 ,A ,
SM39283 ,S ,
SM39284 ,A ,
SM39285 ,A ,
SM39286 ,S ,
SM39287 ,A ,
SM39288 ,A ,
SM39289 ,A ,
SM39290 ,S ,
SM39291 ,S ,
SM39292 ,S ,
SM39293 ,S ,
SM39294 ,S ,
SM39295 ,S ,
SM39296 ,A ,
SM39297 ,A ,
SM39298 ,S ,
SM39299 ,A ,
SM39300 ,S ,
SM39301 ,S ,
SM39302 ,S ,
SM39303 ,A ,
SM39304 ,A ,
SM39305 ,S ,
SM39306 ,S ,
SM39307 ,S ,
SM39308 ,A ,
SM39309 ,S ,
SM39310 ,A ,
SM39311 ,S ,
SM39312 ,S ,
SM39313 ,S ,
SM39314 ,S ,
SM39315 ,S ,
SM39316 ,A ,
SM39317 ,A ,
SM39318 ,A ,
SM39319 ,A ,
SM39320 ,S ,
SM39321 ,S ,
SM39322 ,A ,
SM39323 ,S ,
SM39324 ,A ,
SM39325 ,A ,
SM39326 ,S ,
SM39327 ,S ,
SM39328 ,S ,
SM39329 ,A ,
SM39330 ,S ,
SM39331 ,S ,
SM39332 ,A ,
SM39333 ,S ,
SM39334 ,S ,
SM39335 ,S ,
SM39336 ,A ,
SM39337 ,S ,
SM39338 ,S ,
SM39339 ,A ,
SM39340 ,A ,
SM39341 ,S ,
SM39342 ,S ,
SM39343 ,A ,
SM39344 ,S ,
SM39345 ,S ,
SM39346 ,S ,
SM39347 ,S ,
SM39348 ,S ,
SM39349 ,S ,
SM39350 ,S ,
SM39351 ,A ,
SM39352 ,S ,
SM39353 ,S ,
SM39354 ,S ,
SM39355 ,A ,
SM39356 ,A ,
SM39357 ,S ,
SM39358 ,A ,
SM39359 ,S ,
SM39360 ,S ,
SM39361 ,A ,
SM39362 ,S ,
SM39363 ,A ,
SM39364 ,A ,
SM39365 ,S ,
SM39366 ,S ,
SM39367 ,S ,
SM39368 ,S ,
SM39369 ,A ,
SM39370 ,S ,
SM39371 ,S ,
SM39372 ,S ,
SM39373 ,A ,
SM39374 ,S ,
SM39375 ,A ,
SM39376 ,S ,
SM39377 ,S ,
SM39378 ,A ,
SM39379 ,S ,
SM39380 ,S ,
SM39381 ,A ,
SM39382 ,A ,
SM39383 ,S ,
SM39384 ,S ,
SM39385 ,A ,
SM39386 ,A ,
SM39387 ,A ,
SM39388 ,S ,
SM39389 ,A ,
SM39390 ,A ,
SM39391 ,S ,
SM39392 ,S ,
SM39393 ,A ,
SM39394 ,A ,
SM39395 ,A ,
SM39396 ,S ,
SM39397 ,S ,
SM39398 ,A ,
SM39399 ,S ,
SM39400 ,A ,
SM39401 ,A ,
SM39402 ,A ,
SM39403 ,A ,
SM39404 ,S ,
SM39405 ,A ,
SM39406 ,A ,
SM39407 ,S ,
SM39408 ,S ,
SM39409 ,S ,
SM39410 ,S ,
SM39411 ,S ,
SM39412 ,A ,
SM39413 ,S ,
SM39414 ,S ,
SM39415 ,A ,
SM39416 ,A ,
SM39417 ,A ,
SM39418 ,S ,
SM39419 ,A ,
SM39420 ,A ,
SM39421 ,S ,
SM39422 ,A ,
SM39423 ,S ,
SM39424 ,S ,
SM39425 ,S ,
SM39426 ,A ,
SM39427 ,S ,
SM39429 ,S ,
SM39430 ,S ,
SM39431 ,A ,
SM39432 ,A ,
SM39433 ,S ,
SM39434 ,A ,
SM39435 ,S ,
SM39436 ,A ,
SM39437 ,A ,
SM39438 ,A ,
SM39439 ,S ,
SM39440 ,A ,
SM39441 ,S ,
SM39442 ,A ,
SM39443 ,S ,
SM39444 ,S ,
SM39445 ,S ,
SM39446 ,S ,
SM39447 ,A ,
SM39448 ,S ,
SM39449 ,A ,
SM39450 ,A ,
SM39451 ,S ,
SM39452 ,A ,
SM39453 ,A ,
SM39454 ,A ,
SM39455 ,S ,
SM39456 ,A ,
SM39457 ,S ,
SM39458 ,A ,
SM39459 ,S ,
SM39460 ,S ,
SM39461 ,S ,
SM39462 ,S ,
SM39463 ,S ,
SM39464 ,S ,
SM39465 ,A ,
SM39466 ,S ,
SM39467 ,A ,
SM39468 ,S ,
SM39469 ,A ,
SM39470 ,A ,
SM39471 ,S ,
SM39472 ,A ,
SM39473 ,S ,
SM39474 ,S ,
SM39475 ,S ,
SM39476 ,S ,
SM39477 ,A ,
SM39478 ,A ,
SM39479 ,S ,
SM39480 ,A ,
SM39481 ,A ,
SM39482 ,A ,
SM39483 ,S ,
SM39484 ,S ,
SM39485 ,S ,
SM39486 ,S ,
SM39487 ,S ,
SM39488 ,S ,
SM39489 ,S ,
SM39490 ,S ,
SM39491 ,S ,
SM39492 ,A ,
SM39493 ,S ,
SM39494 ,A ,
SM39495 ,S ,
SM39496 ,S ,
SM39497 ,S ,
SM39498 ,A ,
SM39499 ,A ,
SM39500 ,A ,
SM39501 ,A ,
SM39502 ,S ,
SM39503 ,A ,
SM39504 ,S ,
SM39505 ,A ,
SM39506 ,S ,
SM39507 ,A ,
SM39508 ,A ,
SM39509 ,S ,
SM39510 ,A ,
SM39511 ,S ,
SM39512 ,A ,
SM39513 ,A ,
SM39514 ,S ,
SM39515 ,S ,
SM39516 ,S ,
SM39517 ,A ,
SM39518 ,A ,
SM39519 ,S ,
SM39520 ,A ,
SM39521 ,S ,
SM39522 ,S ,
SM39523 ,S ,
SM39524 ,S ,
SM39525 ,A ,
SM39526 ,S ,
SM39527 ,S ,
SM39528 ,A ,
SM39529 ,S ,
SM39530 ,S ,
SM39531 ,A ,
SM39532 ,A ,
SM39533 ,S ,
SM39534 ,A ,
SM39535 ,S ,
SM39536 ,S ,
SM39537 ,A ,
SM39538 ,A ,
SM39539 ,A ,
SM39540 ,S ,
SM39541 ,S ,
SM39542 ,S ,
SM39543 ,S ,
SM39545 ,S ,
SM39546 ,S ,
SM39547 ,A ,
SM39548 ,S ,
SM39549 ,S ,
SM39550 ,A ,
SM39551 ,A ,
SM39552 ,A ,
SM39553 ,S ,
SM39554 ,A ,
SM39556 ,S ,
SM39557 ,S ,
SM39558 ,S ,
SM39559 ,S ,
SM39560 ,S ,
SM39561 ,A ,
SM39562 ,A ,
SM39563 ,A ,
SM39564 ,A ,
SM39565 ,S ,
SM39566 ,A ,
SM39567 ,A ,
SM39568 ,S ,
SM39569 ,S ,
SM39570 ,A ,
SM39571 ,S ,
SM39573 ,S ,
SM39574 ,S ,
SM39575 ,S ,
SM39576 ,S ,
SM39577 ,S ,
SM39578 ,A ,
SM39579 ,S ,
SM39580 ,S ,
SM39581 ,A ,
SM39582 ,A ,
SM39583 ,A ,
SM39584 ,A ,
SM39585 ,A ,
SM39586 ,S ,
SM39587 ,S ,
SM39588 ,S ,
SM39590 ,S ,
SM39591 ,A ,
SM39592 ,S ,
SM39593 ,S ,
SM39594 ,S ,
SM39595 ,S ,
SM39596 ,A ,
SM39597 ,S ,
SM39598 ,A ,
SM39599 ,A ,
SM39600 ,S ,
SM39601 ,S ,
SM39602 ,A ,
SM39603 ,S ,
SM39604 ,S ,
SM39605 ,A ,
SM39606 ,A ,
SM39607 ,S ,
SM39608 ,S ,
SM39609 ,S ,
SM39610 ,S ,
SM39611 ,S ,
SM39612 ,A ,
SM39613 ,A ,
SM39614 ,S ,
SM39615 ,S ,
SM39616 ,S ,
SM39617 ,S ,
SM39618 ,S ,
SM39619 ,S ,
SM39620 ,A ,
SM39621 ,S ,
SM39622 ,A ,
SM39623 ,S ,
SM39624 ,S ,
SM39625 ,A ,
SM39626 ,S ,
SM39627 ,A ,
SM39628 ,S ,
SM39629 ,S ,
SM39630 ,A ,
SM39631 ,S ,
SM39632 ,S ,
SM39633 ,S ,
SM39634 ,S ,
SM39635 ,A ,
SM39636 ,A ,
SM39637 ,S ,
SM39638 ,S ,
SM39639 ,S ,
SM39640 ,A ,
SM39641 ,S ,
SM39642 ,A ,
SM39643 ,S ,
SM39644 ,S ,
SM39645 ,S ,
SM39646 ,S ,
SM39647 ,S ,
SM39648 ,S ,
SM39649 ,A ,
SM39650 ,S ,
SM39651 ,S ,
SM39652 ,S ,
SM39653 ,S ,
SM39654 ,S ,
SM39655 ,S ,
SM39656 ,A ,
SM39657 ,A ,
SM39658 ,A ,
SM39659 ,S ,
SM39660 ,A ,
SM39661 ,S ,
SM39662 ,S ,
SM39663 ,S ,
SM39664 ,S ,
SM39665 ,S ,
SM39666 ,A ,
SM39667 ,S ,
SM39668 ,S ,
SM39669 ,S ,
SM39670 ,S ,
SM39671 ,S ,
SM39672 ,A ,
SM39673 ,A ,
SM39674 ,S ,
SM39675 ,A ,
SM39676 ,S ,
SM39677 ,S ,
SM39678 ,S ,
SM39679 ,S ,
SM39680 ,S ,
SM39681 ,S ,
SM39682 ,S ,
SM39683 ,S ,
SM39684 ,S ,
SM39685 ,A ,
SM39686 ,S ,
SM39687 ,A ,
SM39688 ,S ,
SM39689 ,A ,
SM39690 ,S ,
SM39691 ,A ,
SM39692 ,S ,
SM39693 ,A ,
SM39694 ,A ,
SM39695 ,S ,
SM39696 ,S ,
SM39697 ,S ,
SM39698 ,S ,
SM39699 ,S ,
SM39700 ,S ,
SM39701 ,A ,
SM39702 ,S ,
SM39703 ,S ,
SM39704 ,S ,
SM39705 ,S ,
SM39706 ,S ,
SM39707 ,S ,
SM39708 ,S ,
SM39709 ,A ,
SM39710 ,S ,
SM39711 ,S ,
SM39712 ,S ,
SM39713 ,S ,
SM39714 ,S ,
SM39715 ,A ,
SM39716 ,S ,
SM39717 ,S ,
SM39718 ,S ,
SM39719 ,S ,
SM39720 ,S ,
SM39721 ,A ,
SM39722 ,S ,
SM39723 ,A ,
SM39724 ,S ,
SM39725 ,S ,
SM39727 ,S ,
SM39728 ,A ,
SM39729 ,A ,
SM39730 ,S ,
SM39731 ,A ,
SM39732 ,S ,
SM39733 ,S ,
SM39734 ,S ,
SM39735 ,A ,
SM39736 ,S ,
SM39737 ,A ,
SM39738 ,S ,
SM39739 ,S ,
SM39740 ,S ,
SM39741 ,S ,
SM39742 ,S ,
SM39743 ,S ,
SM39744 ,S ,
SM39745 ,S ,
SM39746 ,S ,
SM39747 ,S ,
SM39748 ,A ,
SM39749 ,S ,
SM39750 ,S ,
SM39751 ,A ,
SM39752 ,A ,
SM39753 ,S ,
SM39754 ,S ,
SM39755 ,A ,
SM39756 ,S ,
SM39757 ,A ,
SM39758 ,S ,
SM39759 ,A ,
SM39760 ,S ,
SM39761 ,S ,
SM39762 ,A ,
SM39763 ,S ,
SM39764 ,A ,
SM39766 ,A ,
SM39767 ,S ,
SM39768 ,S ,
SM39769 ,A ,
SM39770 ,A ,
SM39771 ,A ,
SM39772 ,A ,
SM39773 ,S ,
SM39774 ,S ,
SM39775 ,S ,
SM39776 ,S ,
SM39777 ,A ,
SM39778 ,S ,
SM39779 ,S ,
SM39780 ,S ,
SM39781 ,S ,
SM39782 ,S ,
SM39783 ,A ,
SM39784 ,A ,
SM39785 ,S ,
SM39786 ,A ,
SM39787 ,A ,
SM39788 ,S ,
SM39789 ,A ,
SM39790 ,A ,
SM39791 ,S ,
SM39792 ,A ,
SM39793 ,A ,
SM39794 ,S ,
SM39795 ,S ,
SM39796 ,A ,
SM39797 ,A ,
SM39798 ,A ,
SM39799 ,A ,
SM39800 ,S ,
SM39801 ,A ,
SM39802 ,A ,
SM39803 ,S ,
SM39804 ,S ,
SM39805 ,A ,
SM39806 ,S ,
SM39807 ,S ,
SM39808 ,A ,
SM39809 ,S ,
SM39810 ,A ,
SM39811 ,S ,
SM39812 ,S ,
SM39813 ,S ,
SM39814 ,S ,
SM39815 ,S ,
SM39816 ,A ,
SM39817 ,S ,
SM39818 ,A ,
SM39819 ,S ,
SM39820 ,A ,
SM39821 ,S ,
SM39822 ,S ,
SM39823 ,A ,
SM39824 ,S ,
SM39825 ,S ,
SM39826 ,S ,
SM39827 ,A ,
SM39828 ,A ,
SM39829 ,S ,
SM39830 ,A ,
SM39831 ,S ,
SM39832 ,A ,
SM39833 ,S ,
SM39834 ,S ,
SM39835 ,S ,
SM39836 ,A ,
SM39837 ,A ,
SM39838 ,S ,
SM39839 ,A ,
SM39840 ,S ,
SM39841 ,S ,
SM39842 ,A ,
SM39843 ,S ,
SM39844 ,A ,
SM39845 ,S ,
SM39846 ,S ,
SM39847 ,S ,
SM39848 ,S ,
SM39849 ,S ,
SM39850 ,A ,
SM39851 ,A ,
SM39852 ,A ,
SM39853 ,S ,
SM39854 ,S ,
SM39855 ,A ,
SM39856 ,A ,
SM39857 ,S ,
SM39858 ,S ,
SM39859 ,S ,
SM39860 ,S ,
SM39861 ,S ,
SM39862 ,S ,
SM39863 ,S ,
SM39864 ,A ,
SM39865 ,A ,
SM39866 ,A ,
SM39867 ,S ,
SM39868 ,A ,
SM39869 ,S ,
SM39870 ,A ,
SM39871 ,S ,
SM39872 ,S ,
SM39873 ,S ,
SM39874 ,A ,
SM39875 ,S ,
SM39877 ,A ,
SM39878 ,A ,
SM39879 ,S ,
SM39880 ,S ,
SM39881 ,S ,
SM39882 ,S ,
SM39883 ,S ,
SM39884 ,A ,
SM39885 ,A ,
SM39886 ,S ,
SM39887 ,A ,
SM39889 ,A ,
SM39890 ,S ,
SM39891 ,S ,
SM39892 ,A ,
SM39893 ,A ,
SM39895 ,A ,
SM39896 ,S ,
SM39898 ,A ,
SM39899 ,S ,
SM39900 ,S ,
SM39901 ,S ,
SM39902 ,S ,
SM39903 ,A ,
SM39905 ,S ,
SM39906 ,A ,
SM39907 ,S ,
SM39908 ,A ,
SM39909 ,A ,
SM39910 ,S ,
SM39911 ,A ,
SM39912 ,S ,
SM39913 ,A ,
SM39914 ,S ,
SM39915 ,S ,
SM39916 ,S ,
SM39917 ,S ,
SM39918 ,S ,
SM39919 ,S ,
SM39920 ,A ,
SM39921 ,S ,
SM39922 ,A ,
SM39923 ,A ,
SM39924 ,A ,
SM39925 ,A ,
SM39926 ,S ,
SM39928 ,S ,
SM39929 ,A ,
SM39930 ,S ,
SM39931 ,S ,
SM39932 ,S ,
SM39933 ,A ,
SM39934 ,S ,
SM39935 ,S ,
SM39936 ,S ,
SM39937 ,A ,
SM39938 ,S ,
SM39939 ,A ,
SM39940 ,S ,
SM39941 ,A ,
SM39943 ,A ,
SM39944 ,A ,
SM39945 ,S ,
SM39947 ,A ,
SM39948 ,A ,
SM39950 ,S ,
SM39951 ,S ,
SM39952 ,S ,
SM39953 ,S ,
SM39954 ,S ,
SM39955 ,A ,
SM39956 ,S ,
SM39957 ,S ,
SM39958 ,S ,
SM39959 ,A ,
SM39960 ,S ,
SM39961 ,A ,
SM39962 ,S ,
SM39963 ,S ,
SM39964 ,S ,
SM39967 ,S ,
SM39968 ,S ,
SM39969 ,A ,
SM39970 ,S ,
SM39971 ,A ,
SM39972 ,A ,
SM39973 ,A ,
SM39974 ,S ,
SM39975 ,A ,
SM39976 ,A ,
SM39977 ,S ,
SM39978 ,A ,
SM39979 ,A ,
SM39981 ,S ,
SM39982 ,S ,
SM39983 ,S ,
SM39984 ,S ,
SM39985 ,A ,
SM39986 ,A ,
SM39987 ,S ,
SM39988 ,A ,
SM39990 ,A ,
SM39991 ,A ,
SM39992 ,A ,
SM39993 ,S ,
SM39994 ,S ,
SM39996 ,A ,
SM39997 ,S ,
SM39998 ,A ,
SM39999 ,A ,
SM40000 ,A ,
SM40001 ,S ,
SM40002 ,A ,
SM40003 ,A ,
SM40004 ,S ,
SM40005 ,S ,
SM40007 ,S ,
SM40008 ,A ,
SM40009 ,A ,
SM40010 ,S ,
SM40011 ,A ,
SM40012 ,S ,
SM40013 ,S ,
SM40014 ,S ,
SM40015 ,A ,
SM40016 ,A ,
SM40017 ,S ,
SM40018 ,A ,
SM40019 ,S ,
SM40020 ,S ,
SM40022 ,S ,
SM40024 ,A ,
SM40025 ,S ,
SM40026 ,S ,
SM40027 ,S ,
SM40028 ,S ,
SM40029 ,A ,
SM40030 ,S ,
SM40031 ,S ,
SM40032 ,S ,
SM40033 ,S ,
SM40034 ,S ,
SM40035 ,S ,
SM40036 ,A ,
SM40037 ,A ,
SM40038 ,A ,
SM40039 ,S ,
SM40040 ,A ,
SM40041 ,S ,
SM40042 ,S ,
SM40043 ,A ,
SM40044 ,A ,
SM40045 ,A ,
SM40046 ,S ,
SM40047 ,S ,
SM40048 ,S ,
SM40049 ,A ,
SM40050 ,S ,
SM40051 ,S ,
SM40052 ,S ,
SM40053 ,S ,
SM40054 ,A ,
SM40055 ,S ,
SM40056 ,A ,
SM40057 ,A ,
SM40058 ,A ,
SM40059 ,S ,
SM40060 ,S ,
SM40061 ,A ,
SM40062 ,S ,
SM40063 ,A ,
SM40064 ,A ,
SM40065 ,A ,
SM40066 ,A ,
SM40067 ,S ,
SM40068 ,A ,
SM40069 ,A ,
SM40070 ,S ,
SM40071 ,A ,
SM40072 ,A ,
SM40073 ,S ,
SM40074 ,A ,
SM40075 ,S ,
SM40076 ,S ,
SM40077 ,A ,
SM40078 ,A ,
SM40079 ,S ,
SM40080 ,S ,
SM40081 ,S ,
SM40082 ,A ,
SM40083 ,S ,
SM40084 ,S ,
SM40085 ,S ,
SM40086 ,S ,
SM40087 ,S ,
SM40088 ,S ,
SM40089 ,S ,
SM40090 ,A ,
SM40091 ,S ,
SM40092 ,A ,
SM40093 ,A ,
SM40094 ,A ,
SM40095 ,S ,
SM40096 ,A ,
SM40097 ,S ,
SM40098 ,A ,
SM40099 ,A ,
SM40100 ,A ,
SM40101 ,S ,
SM40102 ,A ,
SM40103 ,S ,
SM40104 ,A ,
SM40105 ,S ,
SM40106 ,A ,
SM40107 ,A ,
SM40108 ,A ,
SM40109 ,S ,
SM40110 ,S ,
SM40111 ,A ,
SM40112 ,A ,
SM40113 ,A ,
SM40114 ,S ,
SM40115 ,A ,
SM40116 ,A ,
SM40117 ,A ,
SM40118 ,A ,
SM40119 ,A ,
SM40120 ,S ,
SM40121 ,S ,
SM40122 ,S ,
SM40123 ,A ,
SM40124 ,A ,
SM40125 ,A ,
SM40126 ,A ,
SM40127 ,A ,
SM40128 ,S ,
SM40129 ,A ,
SM40130 ,A ,
SM40131 ,A ,
SM40132 ,A ,
SM40133 ,S ,
SM40135 ,A ,
SM40136 ,S ,
SM40137 ,S ,
SM40138 ,A ,
SM40140 ,S ,
SM40141 ,A ,
SM40143 ,S ,
SM40145 ,S ,
SM40146 ,A ,
SM40147 ,S ,
SM40148 ,A ,
SM40149 ,A ,
SM40150 ,A ,
SM40152 ,A ,
SM40153 ,A ,
SM40154 ,S ,
SM40155 ,A ,
SM40156 ,A ,
SM40157 ,A ,
SM40158 ,A ,
SM40159 ,S ,
SM40160 ,S ,
SM40161 ,S ,
SM40162 ,S ,
SM40163 ,S ,
SM40164 ,S ,
SM40165 ,S ,
SM40166 ,A ,
SM40168 ,S ,
SM40169 ,S ,
SM40170 ,A ,
SM40171 ,S ,
SM40172 ,S ,
SM40173 ,A ,
SM40174 ,A ,
SM40175 ,S ,
SM40176 ,S ,
SM40177 ,S ,
SM40178 ,A ,
SM40179 ,S ,
SM40180 ,A ,
SM40181 ,S ,
SM40182 ,A ,
SM40183 ,S ,
SM40184 ,S ,
SM40185 ,A ,
SM40186 ,S ,
SM40187 ,A ,
SM40188 ,A ,
SM40189 ,A ,
SM40190 ,S ,
SM40191 ,S ,
SM40192 ,S ,
SM40193 ,A ,
SM40194 ,S ,
SM40195 ,A ,
SM40196 ,A ,
SM40197 ,S ,
SM40198 ,A ,
SM40199 ,S ,
SM40200 ,A ,
SM40201 ,S ,
SM40202 ,S ,
SM40203 ,A ,
SM40204 ,A ,
SM40205 ,S ,
SM40206 ,S ,
SM40207 ,S ,
SM40208 ,S ,
SM40209 ,A ,
SM40210 ,A ,
SM40211 ,S ,
SM40212 ,A ,
SM40213 ,S ,
SM40214 ,S ,
SM40215 ,A ,
SM40216 ,A ,
SM40217 ,S ,
SM40218 ,A ,
SM40219 ,S ,
SM40220 ,A ,
SM40221 ,A ,
SM40222 ,A ,
SM40223 ,S ,
SM40224 ,S ,
SM40225 ,S ,
SM40226 ,S ,
SM40227 ,S ,
SM40228 ,S ,
SM40229 ,S ,
SM40230 ,S ,
SM40231 ,S ,
SM40232 ,S ,
SM40233 ,S ,
SM40234 ,A ,
SM40235 ,S ,
SM40236 ,S ,
SM40237 ,S ,
SM40238 ,A ,
SM40239 ,S ,
SM40240 ,A ,
SM40241 ,A ,
SM40242 ,S ,
SM40243 ,S ,
SM40244 ,A ,
SM40245 ,A ,
SM40246 ,A ,
SM40247 ,A ,
SM40248 ,S ,
SM40249 ,A ,
SM40250 ,A ,
SM40252 ,S ,
SM40253 ,A ,
SM40254 ,A ,
SM40255 ,S ,
SM40256 ,S ,
SM40257 ,A ,
SM40258 ,A ,
SM40260 ,S ,
SM40261 ,A ,
SM40262 ,A ,
SM40263 ,S ,
SM40264 ,S ,
SM40265 ,S ,
SM40266 ,A ,
SM40267 ,S ,
SM40269 ,A ,
SM40270 ,S ,
SM40271 ,A ,
SM40272 ,A ,
SM40273 ,S ,
SM40274 ,A ,
SM40275 ,S ,
SM40276 ,A ,
SM40277 ,S ,
SM40278 ,A ,
SM40279 ,A ,
SM40280 ,S ,
SM40281 ,S ,
SM40282 ,A ,
SM40283 ,S ,
SM40284 ,A ,
SM40285 ,A ,
SM40286 ,A ,
SM40287 ,S ,
SM40288 ,A ,
SM40289 ,A ,
SM40290 ,S ,
SM40291 ,A ,
SM40292 ,A ,
SM40293 ,S ,
SM40294 ,A ,
SM40295 ,S ,
SM40296 ,S ,
SM40297 ,A ,
SM40298 ,S ,
SM40299 ,A ,
SM40300 ,A ,
SM40301 ,S ,
SM40302 ,A ,
SM40303 ,A ,
SM40304 ,S ,
SM40305 ,A ,
SM40306 ,S ,
SM40307 ,S ,
SM40308 ,A ,
SM40309 ,S ,
SM40310 ,A ,
SM40311 ,S ,
SM40312 ,S ,
SM40313 ,A ,
SM40314 ,A ,
SM40315 ,S ,
SM40316 ,S ,
SM40317 ,S ,
SM40318 ,S ,
SM40319 ,S ,
SM40320 ,A ,
SM40321 ,A ,
SM40322 ,S ,
SM40323 ,S ,
SM40324 ,A ,
SM40326 ,A ,
SM40327 ,A ,
SM40328 ,S ,
SM40329 ,S ,
SM40330 ,A ,
SM40331 ,S ,
SM40332 ,A ,
SM40333 ,S ,
SM40334 ,A ,
SM40335 ,S ,
SM40336 ,A ,
SM40337 ,A ,
SM40338 ,A ,
SM40339 ,S ,
SM40340 ,A ,
SM40341 ,A ,
SM40342 ,S ,
SM40344 ,A ,
SM40345 ,S ,
SM40346 ,S ,
SM40347 ,A ,
SM40348 ,S ,
SM40349 ,S ,
SM40350 ,S ,
SM40351 ,S ,
SM40352 ,S ,
SM40353 ,A ,
SM40354 ,S ,
SM40355 ,A ,
SM40356 ,S ,
SM40357 ,S ,
SM40358 ,A ,
SM40359 ,A ,
SM40360 ,S ,
SM40361 ,S ,
SM40362 ,A ,
SM40363 ,A ,
SM40364 ,S ,
SM40365 ,S ,
SM40366 ,S ,
SM40367 ,A ,
SM40368 ,S ,
SM40369 ,S ,
SM40370 ,A ,
SM40371 ,A ,
SM40372 ,A ,
SM40373 ,S ,
SM40374 ,S ,
SM40375 ,A ,
SM40376 ,S ,
SM40377 ,S ,
SM40378 ,S ,
SM40379 ,S ,
SM40380 ,S ,
SM40381 ,A ,
SM40382 ,A ,
SM40383 ,A ,
SM40384 ,S ,
SM40385 ,S ,
SM40386 ,S ,
SM40387 ,S ,
SM40388 ,A ,
SM40389 ,S ,
SM40390 ,A ,
SM40391 ,S ,
SM40392 ,S ,
SM40393 ,A ,
SM40394 ,S ,
SM40395 ,S ,
SM40396 ,A ,
SM40397 ,S ,
SM40398 ,A ,
SM40399 ,S ,
SM40400 ,S ,
SM40401 ,S ,
SM40402 ,A ,
SM40403 ,A ,
SM40404 ,S ,
SM40405 ,S ,
SM40407 ,S ,
SM40408 ,S ,
SM40409 ,A ,
SM40410 ,A ,
SM40411 ,A ,
SM40412 ,S ,
SM40413 ,S ,
SM40414 ,S ,
SM40415 ,S ,
SM40416 ,A ,
SM40417 ,S ,
SM40418 ,S ,
SM40419 ,S ,
SM40420 ,S ,
SM40421 ,S ,
SM40422 ,A ,
SM40423 ,S ,
SM40424 ,S ,
SM40425 ,S ,
SM40426 ,A ,
SM40427 ,S ,
SM40428 ,A ,
SM40429 ,S ,
SM40430 ,A ,
SM40431 ,S ,
SM40432 ,A ,
SM40433 ,S ,
SM40434 ,S ,
SM40435 ,S ,
SM40437 ,S ,
SM40438 ,A ,
SM40440 ,S ,
SM40441 ,A ,
SM40442 ,S ,
SM40443 ,S ,
SM40444 ,S ,
SM40445 ,A ,
SM40446 ,A ,
SM40447 ,S ,
SM40448 ,S ,
SM40449 ,A ,
SM40450 ,A ,
SM40451 ,S ,
SM40452 ,S ,
SM40453 ,S ,
SM40454 ,S ,
SM40455 ,A ,
SM40456 ,S ,
SM40457 ,S ,
SM40458 ,A ,
SM40459 ,S ,
SM40461 ,S ,
SM40462 ,S ,
SM40463 ,A ,
SM40464 ,S ,
SM40465 ,A ,
SM40466 ,A ,
SM40467 ,S ,
SM40468 ,S ,
SM40469 ,S ,
SM40470 ,S ,
SM40471 ,A ,
SM40472 ,S ,
SM40473 ,S ,
SM40474 ,S ,
SM40475 ,A ,
SM40476 ,S ,
SM40477 ,S ,
SM40478 ,S ,
SM40479 ,S ,
SM40480 ,A ,
SM40481 ,S ,
SM40482 ,A ,
SM40483 ,A ,
SM40484 ,S ,
SM40485 ,S ,
SM40486 ,A ,
SM40487 ,S ,
SM40488 ,S ,
SM40489 ,S ,
SM40490 ,S ,
SM40491 ,A ,
SM40492 ,S ,
SM40493 ,S ,
SM40494 ,S ,
SM40495 ,S ,
SM40497 ,S ,
SM40499 ,S ,
SM40500 ,S ,
SM40501 ,S ,
SM40502 ,S ,
SM40503 ,S ,
SM40504 ,S ,
SM40505 ,S ,
SM40506 ,A ,
SM40507 ,S ,
SM40508 ,S ,
SM40509 ,S ,
SM40510 ,A ,
SM40511 ,A ,
SM40512 ,A ,
SM40513 ,S ,
SM40514 ,S ,
SM40515 ,A ,
SM40516 ,S ,
SM40517 ,S ,
SM40518 ,S ,
SM40519 ,S ,
SM40520 ,S ,
SM40521 ,S ,
SM40522 ,S ,
SM40523 ,S ,
SM40525 ,S ,
SM40526 ,S ,
SM40527 ,S ,
SM40528 ,S ,
SM40529 ,S ,
SM40530 ,S ,
SM40531 ,A ,
SM40532 ,A ,
SM40533 ,A ,
SM40534 ,S ,
SM40535 ,S ,
SM40536 ,S ,
SM40537 ,A ,
SM40538 ,S ,
SM40539 ,S ,
SM40540 ,S ,
SM40541 ,A ,
SM40542 ,S ,
SM40543 ,A ,
SM40544 ,S ,
SM40545 ,S ,
SM40547 ,A ,
SM40548 ,S ,
SM40549 ,S ,
SM40550 ,S ,
SM40551 ,S ,
SM40552 ,S ,
SM40553 ,S ,
SM40554 ,S ,
SM40555 ,S ,
SM40556 ,A ,
SM40557 ,S ,
SM40558 ,A ,
SM40559 ,S ,
SM40560 ,S ,
SM40561 ,A ,
SM40562 ,S ,
SM40563 ,A ,
SM40564 ,A ,
SM40565 ,A ,
SM40567 ,A ,
SM40568 ,S ,
SM40569 ,A ,
SM40570 ,S ,
SM40571 ,S ,
SM40573 ,S ,
SM40574 ,S ,
SM40575 ,A ,
SM40576 ,S ,
SM40577 ,S ,
SM40578 ,S ,
SM40579 ,S ,
SM40580 ,S ,
SM40581 ,S ,
SM40582 ,S ,
SM40583 ,A ,
SM40584 ,S ,
SM40585 ,S ,
SM40587 ,S ,
SM40588 ,S ,
SM40589 ,A ,
SM40590 ,S ,
SM40591 ,A ,
SM40592 ,A ,
SM40594 ,S ,
SM40595 ,S ,
SM40596 ,S ,
SM40597 ,S ,
SM40598 ,S ,
SM40599 ,S ,
SM40600 ,S ,
SM40601 ,A ,
SM40602 ,A ,
SM40603 ,S ,
SM40605 ,S ,
SM40606 ,A ,
SM40607 ,S ,
SM40608 ,S ,
SM40609 ,S ,
SM40610 ,A ,
SM40611 ,S ,
SM40612 ,S ,
SM40613 ,S ,
SM40614 ,A ,
SM40615 ,S ,
SM40616 ,A ,
SM40617 ,A ,
SM40618 ,S ,
SM40619 ,A ,
SM40620 ,S ,
SM40621 ,S ,
SM40622 ,A ,
SM40623 ,A ,
SM40624 ,A ,
SM40625 ,S ,
SM40626 ,A ,
SM40627 ,A ,
SM40628 ,S ,
SM40629 ,S ,
SM40630 ,S ,
SM40631 ,S ,
SM40632 ,S ,
SM40633 ,S ,
SM40634 ,A ,
SM40635 ,S ,
SM40636 ,S ,
SM40637 ,S ,
SM40638 ,S ,
SM40640 ,S ,
SM40641 ,S ,
SM40642 ,A ,
SM40643 ,A ,
SM40644 ,A ,
SM40645 ,A ,
SM40646 ,S ,
SM40647 ,S ,
SM40648 ,S ,
SM40649 ,A ,
SM40650 ,S ,
SM40651 ,S ,
SM40652 ,S ,
SM40653 ,S ,
SM40654 ,S ,
SM40655 ,S ,
SM40657 ,A ,
SM40658 ,A ,
SM40659 ,S ,
SM40660 ,A ,
SM40661 ,A ,
SM40662 ,S ,
SM40663 ,S ,
SM40664 ,S ,
SM40665 ,A ,
SM40666 ,S ,
SM40667 ,A ,
SM40668 ,S ,
SM40670 ,A ,
SM40671 ,S ,
SM40672 ,S ,
SM40673 ,S ,
SM40674 ,A ,
SM40676 ,S ,
SM40677 ,A ,
SM40678 ,S ,
SM40679 ,A ,
SM40681 ,S ,
SM40682 ,S ,
SM40684 ,A ,
SM40685 ,S ,
SM40687 ,A ,
SM40688 ,S ,
SM40689 ,S ,
SM40690 ,S ,
SM40693 ,S ,
SM40694 ,S ,
SM40695 ,S ,
SM40696 ,A ,
SM40697 ,A ,
SM40698 ,S ,
SM40699 ,S ,
SM40700 ,A ,
SM40701 ,S ,
SM40702 ,S ,
SM40703 ,S ,
SM40704 ,A ,
SM40705 ,S ,
SM40707 ,S ,
SM40708 ,S ,
SM40709 ,A ,
SM40710 ,S ,
SM40711 ,S ,
SM40712 ,S ,
SM40714 ,S ,
SM40715 ,S ,
SM40716 ,S ,
SM40717 ,S ,
SM40718 ,S ,
SM40720 ,S ,
SM40721 ,A ,
SM40722 ,S ,
SM40723 ,S ,
SM40724 ,S ,
SM40725 ,A ,
SM40726 ,S ,
SM40727 ,S ,
SM40728 ,S ,
SM40729 ,A ,
SM40730 ,S ,
SM40731 ,A ,
SM40732 ,S ,
SM40733 ,S ,
SM40735 ,S ,
SM40736 ,S ,
SM40737 ,A ,
SM40739 ,A ,
SM40740 ,S ,
SM40741 ,S ,
SM40742 ,S ,
SM40743 ,A ,
SM40744 ,S ,
SM40745 ,S ,
SM40746 ,S ,
SM40747 ,S ,
SM40748 ,S ,
SM40749 ,S ,
SM40750 ,A ,
SM40751 ,A ,
SM40752 ,S ,
SM40754 ,S ,
SM40755 ,S ,
SM40756 ,S ,
SM40758 ,A ,
SM40759 ,A ,
SM40760 ,S ,
SM40761 ,S ,
SM40762 ,S ,
SM40763 ,S ,
SM40765 ,S ,
SM40766 ,A ,
SM40767 ,S ,
SM40768 ,S ,
SM40769 ,S ,
SM40770 ,A ,
SM40772 ,S ,
SM40773 ,S ,
SM40774 ,S ,
SM40775 ,A ,
SM40776 ,A ,
SM40777 ,S ,
SM40778 ,S ,
SM40779 ,A ,
SM40780 ,S ,
SM40781 ,S ,
SM40782 ,S ,
SM40783 ,S ,
SM40784 ,S ,
SM40785 ,S ,
SM40786 ,S ,
SM40787 ,S ,
SM40788 ,S ,
SM40789 ,S ,
SM40790 ,A ,
SM40791 ,S ,
SM40792 ,S ,
SM40793 ,S ,
SM40794 ,A ,
SM40795 ,A ,
SM40796 ,A ,
SM40797 ,S ,
SM40798 ,S ,
SM40799 ,S ,
SM40800 ,S ,
SM40801 ,S ,
SM40802 ,S ,
SM40803 ,A ,
SM40804 ,S ,
SM40805 ,S ,
SM40806 ,S ,
SM40807 ,A ,
SM40808 ,S ,
SM40810 ,A ,
SM40811 ,S ,
SM40812 ,A ,
SM40813 ,S ,
SM40814 ,A ,
SM40817 ,A ,
SM40818 ,A ,
SM40819 ,S ,
SM40821 ,S ,
SM40823 ,S ,
SM40824 ,S ,
SM40825 ,S ,
SM40826 ,A ,
SM40827 ,S ,
SM40828 ,S ,
SM40829 ,S ,
SM40830 ,S ,
SM40831 ,S ,
SM40832 ,A ,
SM40833 ,S ,
SM40834 ,S ,
SM40835 ,S ,
SM40836 ,S ,
SM40837 ,S ,
SM40838 ,A ,
SM40839 ,S ,
SM40840 ,A ,
SM40841 ,S ,
SM40842 ,A ,
SM40843 ,S ,
SM40844 ,S ,
SM40845 ,A ,
SM40846 ,S ,
SM40848 ,A ,
SM40849 ,S ,
SM40850 ,S ,
SM40851 ,S ,
SM40852 ,A ,
SM40853 ,A ,
SM40854 ,S ,
SM40855 ,S ,
SM40856 ,S ,
SM40857 ,A ,
SM40858 ,S ,
SM40859 ,A ,
SM40860 ,S ,
SM40861 ,A ,
SM40862 ,S ,
SM40863 ,S ,
SM40864 ,S ,
SM40865 ,S ,
SM40866 ,A ,
SM40867 ,S ,
SM40868 ,S ,
SM40869 ,S ,
SM40870 ,S ,
SM40871 ,A ,
SM40872 ,S ,
SM40873 ,S ,
SM40874 ,S ,
SM40875 ,S ,
SM40876 ,S ,
SM40877 ,A ,
SM40878 ,A ,
SM40880 ,S ,
SM40881 ,S ,
SM40882 ,A ,
SM40883 ,S ,
SM40885 ,S ,
SM40886 ,S ,
SM40887 ,A ,
SM40888 ,A ,
SM40889 ,S ,
SM40890 ,A ,
SM40891 ,S ,
SM40892 ,A ,
SM40893 ,S ,
SM40894 ,S ,
SM40895 ,S ,
SM40896 ,A ,
SM40897 ,S ,
SM40898 ,A ,
SM40899 ,S ,
SM40900 ,A ,
SM40901 ,S ,
SM40902 ,A ,
SM40903 ,S ,
SM40904 ,S ,
SM40905 ,S ,
SM40906 ,S ,
SM40907 ,A ,
SM40908 ,S ,
SM40909 ,A ,
SM40910 ,A ,
SM40911 ,S ,
SM40912 ,S ,
SM40913 ,S ,
SM40914 ,S ,
SM40915 ,S ,
SM40917 ,S ,
SM40918 ,S ,
SM40919 ,S ,
SM40920 ,S ,
SM40921 ,A ,
SM40922 ,S ,
SM40923 ,S ,
SM40924 ,S ,
SM40925 ,S ,
SM40927 ,S ,
SM40928 ,S ,
SM40929 ,A ,
SM40930 ,S ,
SM40931 ,S ,
SM40932 ,A ,
SM40933 ,S ,
SM40934 ,A ,
SM40935 ,S ,
SM40936 ,S ,
SM40937 ,S ,
SM40938 ,S ,
SM40939 ,S ,
SM40940 ,S ,
SM40941 ,A ,
SM40942 ,S ,
SM40944 ,S ,
SM40945 ,S ,
SM40946 ,S ,
SM40947 ,S ,
SM40948 ,S ,
SM40949 ,S ,
SM40950 ,S ,
SM40951 ,S ,
SM40952 ,S ,
SM40953 ,S ,
SM40954 ,S ,
SM40955 ,A ,
SM40956 ,S ,
SM40958 ,A ,
SM40959 ,A ,
SM40960 ,S ,
SM40961 ,S ,
SM40962 ,S ,
SM40963 ,S ,
SM40964 ,A ,
SM40965 ,A ,
SM40966 ,A ,
SM40967 ,S ,
SM40968 ,S ,
SM40969 ,S ,
SM40971 ,A ,
SM40972 ,A ,
SM40973 ,S ,
SM40974 ,S ,
SM40975 ,S ,
SM40976 ,S ,
SM40977 ,S ,
SM40978 ,S ,
SM40979 ,S ,
SM40980 ,S ,
SM40981 ,S ,
SM40982 ,S ,
SM40983 ,S ,
SM40984 ,S ,
SM40985 ,A ,
SM40986 ,S ,
SM40987 ,S ,
SM40988 ,S ,
SM40989 ,S ,
SM40990 ,A ,
SM40991 ,S ,
SM40993 ,S ,
SM40994 ,S ,
SM40995 ,A ,
SM40996 ,S ,
SM40997 ,A ,
SM40998 ,S ,
SM40999 ,S ,
SM41000 ,S ,
SM41002 ,S ,
SM41003 ,S ,
SM41005 ,S ,
SM41006 ,S ,
SM41007 ,A ,
SM41008 ,A ,
SM41009 ,S ,
SM41010 ,S ,
SM41011 ,S ,
SM41012 ,S ,
SM41013 ,A ,
SM41014 ,S ,
SM41015 ,S ,
SM41016 ,S ,
SM41017 ,S ,
SM41018 ,S ,
SM41019 ,S ,
SM41020 ,S ,
SM41021 ,S ,
SM41022 ,S ,
SM41023 ,S ,
SM41024 ,A ,
SM41025 ,S ,
SM41027 ,A ,
SM41028 ,A ,
SM41029 ,S ,
SM41030 ,S ,
SM41031 ,S ,
SM41032 ,S ,
SM41033 ,S ,
SM41034 ,S ,
SM41035 ,S ,
SM41036 ,S ,
SM41037 ,S ,
SM41038 ,S ,
SM41039 ,S ,
SM41040 ,S ,
SM41042 ,A ,
SM41043 ,S ,
SM41044 ,S ,
SM41045 ,S ,
SM41046 ,S ,
SM41047 ,S ,
SM41048 ,S ,
SM41049 ,S ,
SM41050 ,A ,
SM41051 ,S ,
SM41052 ,S ,
SM41053 ,S ,
SM41054 ,A ,
SM41056 ,S ,
SM41057 ,S ,
SM41058 ,S ,
SM41059 ,S ,
SM41060 ,S ,
SM41061 ,S ,
SM41062 ,A ,
SM41063 ,A ,
SM41064 ,S ,
SM41065 ,A ,
SM41066 ,S ,
SM41067 ,S ,
SM41068 ,S ,
SM41069 ,S ,
SM41070 ,S ,
SM41071 ,A ,
SM41072 ,A ,
SM41073 ,S ,
SM41074 ,S ,
SM41075 ,S ,
SM41076 ,S ,
SM41077 ,S ,
SM41078 ,S ,
SM41079 ,A ,
SM41080 ,S ,
SM41081 ,S ,
SM41082 ,S ,
SM41083 ,S ,
SM41084 ,A ,
SM41085 ,S ,
SM41086 ,A ,
SM41087 ,S ,
SM41088 ,A ,
SM41089 ,S ,
SM41090 ,S ,
SM41091 ,S ,
SM41092 ,A ,
SM41093 ,S ,
SM41094 ,S ,
SM41095 ,A ,
SM41096 ,S ,
SM41097 ,S ,
SM41098 ,A ,
SM41099 ,S ,
SM41100 ,S ,
SM41101 ,S ,
SM41102 ,S ,
SM41103 ,S ,
SM41104 ,S ,
SM41105 ,S ,
SM41106 ,A ,
SM41107 ,A ,
SM41108 ,S ,
SM41109 ,S ,
SM41110 ,S ,
SM41111 ,A ,
SM41113 ,S ,
SM41114 ,S ,
SM41115 ,A ,
SM41116 ,S ,
SM41117 ,S ,
SM41118 ,S ,
SM41119 ,S ,
SM41120 ,A ,
SM41121 ,S ,
SM41123 ,S ,
SM41124 ,A ,
SM41125 ,S ,
SM41126 ,A ,
SM41127 ,S ,
SM41128 ,S ,
SM41129 ,S ,
SM41130 ,S ,
SM41131 ,S ,
SM41132 ,S ,
SM41133 ,S ,
SM41134 ,S ,
SM41135 ,S ,
SM41136 ,S ,
SM41137 ,S ,
SM41138 ,S ,
SM41139 ,S ,
SM41140 ,S ,
SM41141 ,S ,
SM41142 ,S ,
SM41143 ,A ,
SM41144 ,A ,
SM41146 ,S ,
SM41147 ,A ,
SM41148 ,S ,
SM41149 ,S ,
SM41151 ,S ,
SM41152 ,A ,
SM41153 ,S ,
SM41154 ,S ,
SM41155 ,S ,
SM41156 ,S ,
SM41157 ,S ,
SM41158 ,S ,
SM41159 ,S ,
SM41160 ,S ,
SM41161 ,S ,
SM41162 ,S ,
SM41163 ,S ,
SM41165 ,S ,
SM41166 ,S ,
SM41167 ,A ,
SM41168 ,S ,
SM41169 ,S ,
SM41170 ,S ,
SM41171 ,S ,
SM41172 ,S ,
SM41173 ,A ,
SM41174 ,S ,
SM41175 ,S ,
SM41176 ,S ,
SM41177 ,S ,
SM41178 ,S ,
SM41179 ,S ,
SM41180 ,A ,
SM41181 ,S ,
SM41182 ,S ,
SM41183 ,S ,
SM41184 ,S ,
SM41185 ,S ,
SM41187 ,S ,
SM41188 ,S ,
SM41189 ,S ,
SM41190 ,A ,
SM41191 ,A ,
SM41192 ,S ,
SM41193 ,A ,
SM41194 ,S ,
SM41195 ,S ,
SM41196 ,S ,
SM41197 ,A ,
SM41198 ,S ,
SM41199 ,S ,
SM41200 ,S ,
SM41201 ,S ,
SM41202 ,S ,
SM41203 ,S ,
SM41204 ,S ,
SM41205 ,S ,
SM41206 ,S ,
SM41207 ,A ,
SM41208 ,S ,
SM41209 ,S ,
SM41210 ,S ,
SM41212 ,A ,
SM41213 ,S ,
SM41214 ,S ,
SM41215 ,S ,
SM41216 ,S ,
SM41217 ,S ,
SM41218 ,S ,
SM41219 ,A ,
SM41220 ,S ,
SM41221 ,S ,
SM41222 ,S ,
SM41223 ,S ,
SM41224 ,S ,
SM41225 ,S ,
SM41227 ,A ,
SM41228 ,S ,
SM41229 ,S ,
SM41230 ,S ,
SM41231 ,S ,
SM41232 ,A ,
SM41233 ,S ,
SM41234 ,S ,
SM41235 ,S ,
SM41236 ,S ,
SM41237 ,S ,
SM41238 ,S ,
SM41239 ,S ,
SM41240 ,S ,
SM41241 ,S ,
SM41242 ,A ,
SM41243 ,S ,
SM41244 ,S ,
SM41245 ,A ,
SM41246 ,S ,
SM41247 ,S ,
SM41248 ,S ,
SM41249 ,S ,
SM41250 ,S ,
SM41251 ,S ,
SM41252 ,S ,
SM41253 ,S ,
SM41254 ,S ,
SM41255 ,S ,
SM41256 ,S ,
SM41257 ,S ,
SM41258 ,S ,
SM41259 ,S ,
SM41260 ,S ,
SM41261 ,S ,
SM41262 ,A ,
SM41263 ,S ,
SM41264 ,S ,
SM41265 ,A ,
SM41266 ,S ,
SM41267 ,A ,
SM41268 ,A ,
SM41269 ,S ,
SM41270 ,S ,
SM41271 ,S ,
SM41272 ,S ,
SM41273 ,S ,
SM41274 ,A ,
SM41275 ,S ,
SM41276 ,S ,
SM41277 ,S ,
SM41278 ,A ,
SM41279 ,S ,
SM41280 ,S ,
SM41281 ,S ,
SM41282 ,A ,
SM41283 ,A ,
SM41284 ,S ,
SM41285 ,S ,
SM41286 ,A ,
SM41287 ,S ,
SM41288 ,A ,
SM41289 ,S ,
SM41290 ,S ,
SM41292 ,S ,
SM41293 ,S ,
SM41294 ,A ,
SM41295 ,S ,
SM41296 ,A ,
SM41297 ,S ,
SM41298 ,S ,
SM41299 ,A ,
SM41300 ,S ,
SM41301 ,S ,
SM41302 ,S ,
SM41303 ,S ,
SM41304 ,S ,
SM41305 ,S ,
SM41306 ,A ,
SM41307 ,A ,
SM41308 ,A ,
SM41309 ,S ,
SM41310 ,S ,
SM41311 ,S ,
SM41312 ,A ,
SM41313 ,A ,
SM41314 ,S ,
SM41315 ,S ,
SM41316 ,S ,
SM41318 ,S ,
SM41319 ,A ,
SM41320 ,S ,
SM41321 ,A ,
SM41322 ,S ,
SM41323 ,S ,
SM41324 ,S ,
SM41325 ,A ,
SM41326 ,S ,
SM41327 ,S ,
SM41328 ,S ,
SM41329 ,S ,
SM41330 ,S ,
SM41331 ,S ,
SM41332 ,S ,
SM41334 ,S ,
SM41335 ,S ,
SM41336 ,A ,
SM41337 ,S ,
SM41338 ,S ,
SM41339 ,S ,
SM41340 ,S ,
SM41342 ,S ,
SM41343 ,S ,
SM41344 ,S ,
SM41345 ,S ,
SM41347 ,S ,
SM41348 ,S ,
SM41349 ,A ,
SM41351 ,S ,
SM41352 ,S ,
SM41353 ,S ,
SM41354 ,A ,
SM41355 ,S ,
SM41356 ,S ,
SM41357 ,S ,
SM41358 ,S ,
SM41359 ,S ,
SM41360 ,S ,
SM41361 ,S ,
SM41362 ,S ,
SM41363 ,S ,
SM41364 ,S ,
SM41365 ,S ,
SM41366 ,S ,
SM41367 ,S ,
SM41368 ,S ,
SM41369 ,S ,
SM41370 ,S ,
SM41371 ,S ,
SM41372 ,S ,
SM41373 ,S ,
SM41374 ,S ,
SM41375 ,S ,
SM41376 ,S ,
SM41377 ,S ,
SM41378 ,S ,
SM41379 ,S ,
SM41380 ,S ,
SM41381 ,S ,
SM41382 ,S ,
SM41383 ,A ,
SM41384 ,S ,
SM41386 ,S ,
SM41387 ,S ,
SM41388 ,S ,
SM41389 ,S ,
SM41390 ,S ,
SM41391 ,S ,
SM41392 ,S ,
SM41393 ,S ,
SM41394 ,S ,
SM41395 ,S ,
SM41396 ,S ,
SM41397 ,S ,
SM41398 ,S ,
SM41401 ,S ,
SM41402 ,A ,
SM41403 ,A ,
SM41404 ,S ,
SM41405 ,S ,
SM41406 ,S ,
SM41407 ,S ,
SM41408 ,S ,
SM41410 ,S ,
SM41411 ,S ,
SM41412 ,S ,
SM41413 ,S ,
SM41414 ,S ,
SM41415 ,A ,
SM41416 ,A ,
SM41417 ,S ,
SM41419 ,A ,
SM41420 ,S ,
SM41421 ,S ,
SM41422 ,S ,
SM41423 ,A ,
SM41424 ,S ,
SM41425 ,S ,
SM41426 ,S ,
SM41427 ,S ,
SM41428 ,S ,
SM41429 ,S ,
SM41430 ,S ,
SM41432 ,S ,
SM41433 ,S ,
SM41434 ,S ,
SM41436 ,A ,
SM41437 ,S ,
SM41438 ,S ,
SM41439 ,A ,
SM41440 ,S ,
SM41441 ,S ,
SM41443 ,S ,
SM41444 ,A ,
SM41445 ,A ,
SM41446 ,S ,
SM41447 ,S ,
SM41448 ,S ,
SM41449 ,S ,
SM41450 ,S ,
SM41451 ,S ,
SM41452 ,S ,
SM41453 ,S ,
SM41454 ,A ,
SM41455 ,S ,
SM41457 ,A ,
SM41458 ,S ,
SM41459 ,S ,
SM41460 ,S ,
SM41461 ,S ,
SM41462 ,S ,
SM41463 ,A ,
SM41464 ,S ,
SM41465 ,S ,
SM41466 ,S ,
SM41467 ,A ,
SM41468 ,S ,
SM41469 ,S ,
SM41470 ,A ,
SM41471 ,S ,
SM41472 ,S ,
SM41473 ,A ,
SM41474 ,A ,
SM41475 ,A ,
SM41476 ,A ,
SM41477 ,S ,
SM41478 ,S ,
SM41479 ,S ,
SM41480 ,S ,
SM41481 ,S ,
SM41482 ,S ,
SM41483 ,A ,
SM41484 ,A ,
SM41485 ,S ,
SM41486 ,S ,
SM41487 ,A ,
SM41488 ,S ,
SM41489 ,A ,
SM41490 ,S ,
SM41491 ,S ,
SM41492 ,A ,
SM41493 ,A ,
SM41494 ,S ,
SM41495 ,A ,
SM41496 ,S ,
SM41497 ,S ,
SM41498 ,S ,
SM41499 ,A ,
SM41500 ,S ,
SM41501 ,S ,
SM41502 ,S ,
SM41503 ,S ,
SM41504 ,S ,
SM41505 ,S ,
SM41506 ,S ,
SM41507 ,A ,
SM41508 ,A ,
SM41509 ,S ,
SM41510 ,S ,
SM41511 ,S ,
SM41512 ,S ,
SM41513 ,A ,
SM41514 ,S ,
SM41515 ,S ,
SM41516 ,A ,
SM41517 ,A ,
SM41518 ,A ,
SM41519 ,S ,
SM41520 ,A ,
SM41521 ,S ,
SM41522 ,A ,
SM41523 ,S ,
SM41524 ,S ,
SM41525 ,S ,
SM41526 ,A ,
SM41527 ,S ,
SM41528 ,S ,
SM41529 ,S ,
SM41530 ,S ,
SM41532 ,S ,
SM41533 ,S ,
SM41534 ,A ,
SM41535 ,A ,
SM41536 ,A ,
SM41537 ,S ,
SM41538 ,S ,
SM41539 ,S ,
SM41540 ,S ,
SM41541 ,S ,
SM41542 ,S ,
SM41543 ,S ,
SM41544 ,S ,
SM41545 ,S ,
SM41546 ,S ,
SM41547 ,S ,
SM41548 ,S ,
SM41549 ,S ,
SM41550 ,S ,
SM41551 ,S ,
SM41552 ,S ,
SM41553 ,S ,
SM41554 ,S ,
SM41555 ,S ,
SM41556 ,S ,
SM41557 ,S ,
SM41558 ,S ,
SM41559 ,A ,
SM41560 ,S ,
SM41561 ,S ,
SM41562 ,A ,
SM41563 ,S ,
SM41564 ,S ,
SM41565 ,S ,
SM41566 ,A ,
SM41567 ,S ,
SM41568 ,S ,
SM41569 ,S ,
SM41570 ,S ,
SM41571 ,S ,
SM41572 ,S ,
SM41573 ,S ,
SM41574 ,S ,
SM41575 ,S ,
SM41576 ,S ,
SM41577 ,S ,
SM41579 ,S ,
SM41580 ,S ,
SM41581 ,S ,
SM41582 ,S ,
SM41583 ,S ,
SM41584 ,S ,
SM41585 ,A ,
SM41586 ,S ,
SM41587 ,A ,
SM41588 ,S ,
SM41589 ,S ,
SM41590 ,S ,
SM41591 ,S ,
SM41592 ,S ,
SM41593 ,S ,
SM41594 ,S ,
SM41595 ,A ,
SM41596 ,S ,
SM41597 ,S ,
SM41598 ,S ,
SM41599 ,S ,
SM41600 ,A ,
SM41601 ,A ,
SM41602 ,S ,
SM41603 ,S ,
SM41604 ,A ,
SM41605 ,S ,
SM41606 ,S ,
SM41607 ,S ,
SM41608 ,S ,
SM41609 ,S ,
SM41610 ,A ,
SM41611 ,S ,
SM41612 ,S ,
SM41613 ,S ,
SM41614 ,S ,
SM41615 ,S ,
SM41616 ,S ,
SM41617 ,S ,
SM41618 ,S ,
SM41619 ,S ,
SM41620 ,S ,
SM41621 ,S ,
SM41622 ,S ,
SM41623 ,A ,
SM41624 ,S ,
SM41625 ,A ,
SM41626 ,S ,
SM41627 ,S ,
SM41628 ,S ,
SM41629 ,A ,
SM41630 ,S ,
SM41631 ,S ,
SM41632 ,S ,
SM41633 ,S ,
SM41634 ,S ,
SM41635 ,S ,
SM41636 ,S ,
SM41637 ,A ,
SM41638 ,S ,
SM41639 ,S ,
SM41640 ,A ,
SM41641 ,S ,
SM41642 ,A ,
SM41643 ,S ,
SM41644 ,A ,
SM41645 ,S ,
SM41646 ,A ,
SM41647 ,S ,
SM41648 ,A ,
SM41649 ,A ,
SM41650 ,S ,
SM41651 ,S ,
SM41652 ,S ,
SM41653 ,S ,
SM41654 ,S ,
SM41656 ,S ,
SM41657 ,S ,
SM41658 ,A ,
SM41659 ,A ,
SM41660 ,S ,
SM41661 ,S ,
SM41662 ,S ,
SM41663 ,A ,
SM41664 ,A ,
SM41665 ,S ,
SM41666 ,A ,
SM41668 ,A ,
SM41669 ,S ,
SM41670 ,A ,
SM41671 ,S ,
SM41672 ,A ,
SM41673 ,A ,
SM41674 ,S ,
SM41675 ,A ,
SM41676 ,S ,
SM41677 ,S ,
SM41678 ,S ,
SM41679 ,S ,
SM41680 ,A ,
SM41681 ,S ,
SM41682 ,A ,
SM41683 ,S ,
SM41685 ,S ,
SM41686 ,A ,
SM41687 ,S ,
SM41688 ,S ,
SM41689 ,A ,
SM41690 ,S ,
SM41691 ,A ,
SM41692 ,S ,
SM41693 ,S ,
SM41694 ,S ,
SM41695 ,S ,
SM41696 ,A ,
SM41697 ,S ,
SM41698 ,S ,
SM41699 ,A ,
SM41700 ,A ,
SM41701 ,S ,
SM41702 ,A ,
SM41703 ,S ,
SM41704 ,S ,
SM41705 ,S ,
SM41706 ,S ,
SM41707 ,A ,
SM41708 ,S ,
SM41709 ,S ,
SM41710 ,S ,
SM41711 ,S ,
SM41712 ,S ,
SM41713 ,S ,
SM41714 ,S ,
SM41715 ,S ,
SM41716 ,S ,
SM41717 ,A ,
SM41718 ,S ,
SM41719 ,S ,
SM41720 ,S ,
SM41721 ,A ,
SM41722 ,A ,
SM41723 ,S ,
SM41724 ,S ,
SM41725 ,A ,
SM41726 ,S ,
SM41727 ,S ,
SM41728 ,S ,
SM41729 ,S ,
SM41730 ,S ,
SM41731 ,A ,
SM41732 ,S ,
SM41733 ,S ,
SM41734 ,A ,
SM41735 ,S ,
SM41736 ,A ,
SM41737 ,S ,
SM41738 ,S ,
SM41739 ,S ,
SM41740 ,S ,
SM41741 ,S ,
SM41742 ,S ,
SM41743 ,A ,
SM41744 ,S ,
SM41745 ,A ,
SM41746 ,S ,
SM41747 ,S ,
SM41748 ,S ,
SM41749 ,S ,
SM41750 ,S ,
SM41751 ,S ,
SM41752 ,S ,
SM41753 ,S ,
SM41754 ,S ,
SM41755 ,S ,
SM41756 ,S ,
SM41757 ,S ,
SM41758 ,S ,
SM41759 ,S ,
SM41760 ,S ,
SM41761 ,S ,
SM41762 ,S ,
SM41763 ,A ,
SM41764 ,S ,
SM41765 ,S ,
SM41766 ,S ,
SM41767 ,S ,
SM41768 ,A ,
SM41769 ,S ,
SM41770 ,A ,
SM41771 ,A ,
SM41772 ,A ,
SM41773 ,S ,
SM41774 ,S ,
SM41775 ,S ,
SM41776 ,S ,
SM41777 ,S ,
SM41778 ,S ,
SM41779 ,S ,
SM41780 ,S ,
SM41781 ,S ,
SM41782 ,S ,
SM41783 ,S ,
SM41784 ,S ,
SM41785 ,S ,
SM41786 ,S ,
SM41787 ,S ,
SM41788 ,A ,
SM41789 ,S ,
SM41790 ,A ,
SM41791 ,S ,
SM41792 ,S ,
SM41793 ,S ,
SM41794 ,S ,
SM41795 ,A ,
SM41796 ,S ,
SM41797 ,S ,
SM41798 ,S ,
SM41799 ,S ,
SM41800 ,S ,
SM41801 ,S ,
SM41802 ,S ,
SM41803 ,A ,
SM41804 ,A ,
SM41805 ,S ,
SM41806 ,A ,
SM41807 ,S ,
SM41808 ,S ,
SM41809 ,S ,
SM41810 ,A ,
SM41811 ,A ,
SM41812 ,S ,
SM41813 ,S ,
SM41814 ,A ,
SM41815 ,S ,
SM41816 ,S ,
SM41817 ,S ,
SM41818 ,S ,
SM41819 ,A ,
SM41820 ,S ,
SM41821 ,A ,
SM41822 ,A ,
SM41823 ,A ,
SM41824 ,S ,
SM41825 ,S ,
SM41826 ,A ,
SM41827 ,S ,
SM41828 ,S ,
SM41829 ,A ,
SM41830 ,A ,
SM41831 ,S ,
SM41832 ,S ,
SM41833 ,S ,
SM41834 ,S ,
SM41835 ,S ,
SM41836 ,S ,
SM41837 ,S ,
SM41838 ,A ,
SM41839 ,S ,
SM41840 ,S ,
SM41841 ,S ,
SM41842 ,S ,
SM41843 ,S ,
SM41844 ,S ,
SM41845 ,S ,
SM41846 ,S ,
SM41847 ,S ,
SM41848 ,S ,
SM41849 ,S ,
SM41850 ,A ,
SM41851 ,A ,
SM41852 ,S ,
SM41853 ,S ,
SM41854 ,S ,
SM41855 ,S ,
SM41856 ,S ,
SM41857 ,S ,
SM41858 ,S ,
SM41859 ,A ,
SM41860 ,A ,
SM41861 ,S ,
SM41862 ,S ,
SM41863 ,A ,
SM41864 ,S ,
SM41865 ,S ,
SM41866 ,S ,
SM41867 ,A ,
SM41868 ,S ,
SM41869 ,S ,
SM41870 ,A ,
SM41871 ,A ,
SM41872 ,S ,
SM41873 ,S ,
SM41874 ,A ,
SM41875 ,S ,
SM41876 ,S ,
SM41877 ,S ,
SM41878 ,S ,
SM41879 ,S ,
SM41880 ,S ,
SM41881 ,S ,
SM41882 ,S ,
SM41883 ,S ,
SM41884 ,A ,
SM41885 ,A ,
SM41886 ,S ,
SM41887 ,S ,
SM41888 ,S ,
SM41889 ,S ,
SM41890 ,S ,
SM41891 ,S ,
SM41892 ,S ,
SM41893 ,S ,
SM41894 ,S ,
SM41895 ,A ,
SM41896 ,S ,
SM41897 ,S ,
SM41898 ,A ,
SM41899 ,S ,
SM41900 ,A ,
SM41901 ,A ,
SM41902 ,S ,
SM41903 ,S ,
SM41904 ,S ,
SM41905 ,S ,
SM41906 ,S ,
SM41907 ,S ,
SM41908 ,S ,
SM41909 ,S ,
SM41910 ,A ,
SM41911 ,S ,
SM41912 ,S ,
SM41913 ,S ,
SM41914 ,S ,
SM41915 ,S ,
SM41916 ,S ,
SM41917 ,S ,
SM41918 ,A ,
SM41919 ,S ,
SM41920 ,S ,
SM41921 ,S ,
SM41922 ,S ,
SM41923 ,S ,
SM41924 ,S ,
SM41925 ,S ,
SM41926 ,S ,
SM41927 ,S ,
SM41928 ,S ,
SM41929 ,S ,
SM41930 ,A ,
SM41931 ,S ,
SM41932 ,S ,
SM41933 ,A ,
SM41934 ,S ,
SM41935 ,S ,
SM41936 ,S ,
SM41937 ,S ,
SM41938 ,S ,
SM41939 ,S ,
SM41940 ,S ,
SM41941 ,S ,
SM41942 ,S ,
SM41943 ,S ,
SM41944 ,S ,
SM41945 ,S ,
SM41946 ,S ,
SM41947 ,A ,
SM41948 ,S ,
SM41949 ,S ,
SM41950 ,A ,
SM41951 ,S ,
SM41952 ,S ,
SM41953 ,S ,
SM41954 ,S ,
SM41955 ,A ,
SM41956 ,S ,
SM41957 ,S ,
SM41958 ,S ,
SM41959 ,A ,
SM41960 ,S ,
SM41961 ,S ,
SM41962 ,S ,
SM41963 ,S ,
SM41964 ,S ,
SM41965 ,S ,
SM41966 ,S ,
SM41967 ,S ,
SM41968 ,S ,
SM41969 ,A ,
SM41970 ,A ,
SM41971 ,S ,
SM41973 ,S ,
SM41974 ,S ,
SM41975 ,S ,
SM41976 ,A ,
SM41977 ,S ,
SM41978 ,S ,
SM41979 ,S ,
SM41980 ,S ,
SM41981 ,S ,
SM41982 ,A ,
SM41983 ,S ,
SM41985 ,A ,
SM41986 ,A ,
SM41987 ,S ,
SM41988 ,A ,
SM41990 ,S ,
SM41991 ,S ,
SM41992 ,A ,
SM41993 ,S ,
SM41994 ,A ,
SM41995 ,S ,
SM41996 ,S ,
SM41997 ,A ,
SM41998 ,S ,
SM41999 ,A ,
SM42000 ,A ,
SM42002 ,S ,
SM42003 ,S ,
SM42004 ,S ,
SM42005 ,S ,
SM42006 ,A ,
SM42007 ,S ,
SM42008 ,S ,
SM42009 ,S ,
SM42010 ,S ,
SM42011 ,S ,
SM42012 ,A ,
SM42013 ,A ,
SM42014 ,S ,
SM42015 ,S ,
SM42016 ,A ,
SM42017 ,S ,
SM42018 ,S ,
SM42019 ,S ,
SM42020 ,A ,
SM42021 ,S ,
SM42022 ,S ,
SM42023 ,A ,
SM42024 ,A ,
SM42025 ,S ,
SM42026 ,S ,
SM42027 ,S ,
SM42028 ,S ,
SM42029 ,S ,
SM42030 ,S ,
SM42031 ,S ,
SM42032 ,S ,
SM42033 ,S ,
SM42034 ,S ,
SM42035 ,A ,
SM42037 ,S ,
SM42038 ,A ,
SM42039 ,S ,
SM42040 ,S ,
SM42041 ,S ,
SM42042 ,S ,
SM42044 ,S ,
SM42045 ,A ,
SM42046 ,S ,
SM42047 ,S ,
SM42049 ,S ,
SM42050 ,A ,
SM42051 ,S ,
SM42052 ,S ,
SM42053 ,S ,
SM42054 ,S ,
SM42055 ,A ,
SM42056 ,S ,
SM42057 ,S ,
SM42058 ,A ,
SM42059 ,S ,
SM42061 ,S ,
SM42062 ,A ,
SM42063 ,A ,
SM42064 ,S ,
SM42065 ,A ,
SM42066 ,S ,
SM42067 ,A ,
SM42068 ,S ,
SM42069 ,S ,
SM42070 ,S ,
SM42071 ,A ,
SM42072 ,S ,
SM42073 ,S ,
SM42074 ,S ,
SM42076 ,S ,
SM42077 ,A ,
SM42078 ,S ,
SM42079 ,S ,
SM42080 ,S ,
SM42081 ,S ,
SM42082 ,S ,
SM42083 ,A ,
SM42084 ,A ,
SM42085 ,S ,
SM42086 ,S ,
SM42087 ,S ,
SM42088 ,A ,
SM42089 ,A ,
SM42090 ,S ,
SM42091 ,A ,
SM42092 ,S ,
SM42095 ,S ,
SM42096 ,S ,
SM42097 ,S ,
SM42098 ,A ,
SM42099 ,S ,
SM42100 ,S ,
SM42101 ,S ,
SM42102 ,S ,
SM42103 ,A ,
SM42104 ,S ,
SM42105 ,S ,
SM42106 ,A ,
SM42107 ,S ,
SM42108 ,A ,
SM42109 ,S ,
SM42110 ,S ,
SM42111 ,S ,
SM42112 ,S ,
SM42113 ,A ,
SM42114 ,S ,
SM42115 ,A ,
SM42116 ,A ,
SM42117 ,A ,
SM42118 ,S ,
SM42119 ,S ,
SM42120 ,S ,
SM42121 ,S ,
SM42122 ,S ,
SM42123 ,A ,
SM42124 ,S ,
SM42125 ,S ,
SM42126 ,S ,
SM42127 ,S ,
SM42129 ,S ,
SM42130 ,A ,
SM42131 ,S ,
SM42132 ,S ,
SM42133 ,S ,
SM42134 ,S ,
SM42135 ,S ,
SM42136 ,A ,
SM42137 ,S ,
SM42138 ,S ,
SM42139 ,A ,
SM42140 ,S ,
SM42141 ,S ,
SM42142 ,A ,
SM42143 ,S ,
SM42144 ,S ,
SM42145 ,S ,
SM42146 ,A ,
SM42147 ,S ,
SM42148 ,S ,
SM42149 ,A ,
SM42150 ,S ,
SM42151 ,S ,
SM42152 ,A ,
SM42153 ,S ,
SM42154 ,S ,
SM42155 ,S ,
SM42156 ,A ,
SM42157 ,A ,
SM42158 ,A ,
SM42159 ,S ,
SM42160 ,S ,
SM42161 ,S ,
SM42162 ,S ,
SM42163 ,S ,
SM42164 ,S ,
SM42165 ,A ,
SM42166 ,S ,
SM42167 ,S ,
SM42168 ,S ,
SM42169 ,S ,
SM42170 ,S ,
SM42171 ,S ,
SM42172 ,S ,
SM42173 ,A ,
SM42174 ,A ,
SM42175 ,A ,
SM42176 ,S ,
SM42177 ,S ,
SM42178 ,A ,
SM42179 ,A ,
SM42180 ,A ,
SM42181 ,S ,
SM42182 ,S ,
SM42183 ,A ,
SM42184 ,S ,
SM42185 ,S ,
SM42186 ,S ,
SM42187 ,A ,
SM42189 ,S ,
SM42190 ,A ,
SM42191 ,S ,
SM42192 ,A ,
SM42193 ,S ,
SM42195 ,A ,
SM42196 ,S ,
SM42197 ,S ,
SM42198 ,S ,
SM42199 ,A ,
SM42200 ,S ,
SM42201 ,S ,
SM42202 ,S ,
SM42203 ,A ,
SM42204 ,S ,
SM42205 ,A ,
SM42206 ,A ,
SM42207 ,S ,
SM42208 ,A ,
SM42209 ,A ,
SM42210 ,S ,
SM42211 ,S ,
SM42212 ,S ,
SM42213 ,S ,
SM42214 ,S ,
SM42215 ,S ,
SM42216 ,S ,
SM42217 ,A ,
SM42218 ,S ,
SM42219 ,A ,
SM42220 ,A ,
SM42221 ,S ,
SM42222 ,A ,
SM42223 ,S ,
SM42224 ,S ,
SM42225 ,A ,
SM42227 ,S ,
SM42228 ,S ,
SM42229 ,S ,
SM42230 ,A ,
SM42231 ,A ,
SM42232 ,A ,
SM42233 ,S ,
SM42234 ,S ,
SM42235 ,S ,
SM42237 ,S ,
SM42238 ,A ,
SM42239 ,S ,
SM42240 ,S ,
SM42241 ,S ,
SM42242 ,S ,
SM42243 ,S ,
SM42244 ,S ,
SM42245 ,S ,
SM42246 ,S ,
SM42247 ,S ,
SM42248 ,S ,
SM42249 ,A ,
SM42250 ,S ,
SM42251 ,A ,
SM42252 ,S ,
SM42253 ,A ,
SM42254 ,S ,
SM42255 ,S ,
SM42256 ,S ,
SM42257 ,A ,
SM42258 ,S ,
SM42259 ,S ,
SM42260 ,A ,
SM42261 ,S ,
SM42262 ,S ,
SM42263 ,S ,
SM42264 ,S ,
SM42265 ,S ,
SM42266 ,S ,
SM42267 ,S ,
SM42268 ,S ,
SM42269 ,S ,
SM42270 ,S ,
SM42271 ,S ,
SM42273 ,S ,
SM42274 ,S ,
SM42275 ,A ,
SM42276 ,S ,
SM42277 ,A ,
SM42278 ,S ,
SM42279 ,A ,
SM42280 ,S ,
SM42281 ,S ,
SM42282 ,S ,
SM42283 ,A ,
SM42284 ,S ,
SM42285 ,S ,
SM42286 ,S ,
SM42287 ,S ,
SM42288 ,S ,
SM42289 ,S ,
SM42290 ,A ,
SM42291 ,S ,
SM42292 ,S ,
SM42293 ,A ,
SM42294 ,A ,
SM42295 ,S ,
SM42296 ,S ,
SM42297 ,A ,
SM42298 ,S ,
SM42299 ,S ,
SM42300 ,A ,
SM42301 ,S ,
SM42302 ,S ,
SM42303 ,S ,
SM42304 ,S ,
SM42305 ,S ,
SM42306 ,A ,
SM42307 ,S ,
SM42308 ,S ,
SM42309 ,A ,
SM42310 ,A ,
SM42311 ,S ,
SM42312 ,S ,
SM42313 ,A ,
SM42314 ,S ,
SM42315 ,S ,
SM42316 ,S ,
SM42317 ,A ,
SM42318 ,S ,
SM42319 ,S ,
SM42320 ,S ,
SM42321 ,S ,
SM42322 ,A ,
SM42323 ,S ,
SM42324 ,S ,
SM42325 ,S ,
SM42326 ,S ,
SM42327 ,S ,
SM42328 ,A ,
SM42329 ,S ,
SM42330 ,S ,
SM42331 ,S ,
SM42332 ,A ,
SM42333 ,S ,
SM42334 ,S ,
SM42335 ,S ,
SM42336 ,S ,
SM42337 ,S ,
SM42338 ,S ,
SM42339 ,A ,
SM42340 ,S ,
SM42341 ,A ,
SM42342 ,S ,
SM42343 ,S ,
SM42344 ,S ,
SM42345 ,S ,
SM42346 ,S ,
SM42347 ,A ,
SM42348 ,S ,
SM42349 ,S ,
SM42350 ,S ,
SM42351 ,S ,
SM42352 ,S ,
SM42353 ,S ,
SM42354 ,S ,
SM42355 ,S ,
SM42356 ,A ,
SM42357 ,A ,
SM42358 ,S ,
SM42359 ,S ,
SM42360 ,S ,
SM42361 ,S ,
SM42362 ,S ,
SM42363 ,A ,
SM42364 ,S ,
SM42365 ,A ,
SM42366 ,S ,
SM42368 ,A ,
SM42369 ,S ,
SM42370 ,S ,
SM42371 ,A ,
SM42372 ,S ,
SM42373 ,A ,
SM42374 ,S ,
SM42375 ,S ,
SM42376 ,S ,
SM42377 ,S ,
SM42378 ,A ,
SM42379 ,S ,
SM42380 ,S ,
SM42381 ,A ,
SM42382 ,S ,
SM42383 ,S ,
SM42384 ,S ,
SM42385 ,A ,
SM42386 ,A ,
SM42387 ,S ,
SM42388 ,A ,
SM42389 ,A ,
SM42390 ,S ,
SM42391 ,A ,
SM42392 ,A ,
SM42393 ,S ,
SM42394 ,S ,
SM42395 ,S ,
SM42396 ,S ,
SM42397 ,S ,
SM42398 ,A ,
SM42399 ,S ,
SM42401 ,S ,
SM42402 ,S ,
SM42403 ,A ,
SM42404 ,S ,
SM42405 ,A ,
SM42406 ,A ,
SM42407 ,S ,
SM42408 ,S ,
SM42409 ,A ,
SM42410 ,S ,
SM42411 ,A ,
SM42412 ,A ,
SM42413 ,A ,
SM42414 ,S ,
SM42415 ,A ,
SM42416 ,S ,
SM42417 ,S ,
SM42418 ,A ,
SM42419 ,S ,
SM42420 ,S ,
SM42421 ,S ,
SM42422 ,S ,
SM42423 ,A ,
SM42424 ,S ,
SM42425 ,S ,
SM42426 ,A ,
SM42427 ,S ,
SM42428 ,S ,
SM42429 ,S ,
SM42430 ,S ,
SM42431 ,S ,
SM42432 ,S ,
SM42433 ,S ,
SM42434 ,S ,
SM42435 ,S ,
SM42436 ,S ,
SM42437 ,S ,
SM42438 ,S ,
SM42439 ,A ,
SM42440 ,S ,
SM42441 ,A ,
SM42442 ,S ,
SM42443 ,S ,
SM42444 ,A ,
SM42445 ,S ,
SM42446 ,S ,
SM42447 ,S ,
SM42448 ,S ,
SM42449 ,A ,
SM42450 ,S ,
SM42451 ,S ,
SM42452 ,S ,
SM42453 ,A ,
SM42454 ,S ,
SM42455 ,A ,
SM42456 ,A ,
SM42457 ,S ,
SM42458 ,A ,
SM42459 ,S ,
SM42460 ,S ,
SM42461 ,S ,
SM42462 ,S ,
SM42463 ,A ,
SM42464 ,S ,
SM42465 ,S ,
SM42466 ,S ,
SM42467 ,S ,
SM42468 ,A ,
SM42469 ,S ,
SM42470 ,S ,
SM42471 ,S ,
SM42472 ,S ,
SM42473 ,A ,
SM42474 ,S ,
SM42476 ,S ,
SM42477 ,S ,
SM42478 ,A ,
SM42479 ,S ,
SM42480 ,S ,
SM42481 ,S ,
SM42482 ,S ,
SM42483 ,A ,
SM42484 ,S ,
SM42485 ,A ,
SM42486 ,S ,
SM42487 ,S ,
SM42488 ,A ,
SM42489 ,A ,
SM42490 ,S ,
SM42491 ,S ,
SM42492 ,S ,
SM42493 ,S ,
SM42494 ,S ,
SM42495 ,S ,
SM42496 ,S ,
SM42497 ,S ,
SM42498 ,S ,
SM42499 ,S ,
SM42500 ,A ,
SM42501 ,S ,
SM42502 ,S ,
SM42503 ,S ,
SM42504 ,S ,
SM42505 ,A ,
SM42506 ,S ,
SM42507 ,A ,
SM42508 ,S ,
SM42510 ,A ,
SM42511 ,S ,
SM42512 ,S ,
SM42513 ,S ,
SM42514 ,S ,
SM42515 ,S ,
SM42516 ,S ,
SM42517 ,S ,
SM42518 ,S ,
SM42519 ,S ,
SM42520 ,S ,
SM42521 ,S ,
SM42522 ,S ,
SM42523 ,S ,
SM42524 ,S ,
SM42525 ,A ,
SM42526 ,S ,
SM42527 ,S ,
SM42528 ,A ,
SM42529 ,S ,
SM42530 ,A ,
SM42531 ,S ,
SM42532 ,A ,
SM42533 ,A ,
SM42534 ,S ,
SM42535 ,S ,
SM42536 ,S ,
SM42537 ,S ,
SM42538 ,S ,
SM42539 ,A ,
SM42540 ,S ,
SM42541 ,A ,
SM42542 ,S ,
SM42543 ,S ,
SM42544 ,S ,
SM42545 ,A ,
SM42546 ,S ,
SM42547 ,S ,
SM42548 ,S ,
SM42549 ,S ,
SM42550 ,S ,
SM42551 ,A ,
SM42552 ,S ,
SM42553 ,A ,
SM42554 ,S ,
SM42555 ,A ,
SM42556 ,A ,
SM42557 ,A ,
SM42558 ,S ,
SM42559 ,A ,
SM42560 ,S ,
SM42561 ,A ,
SM42562 ,A ,
SM42563 ,A ,
SM42564 ,S ,
SM42565 ,A ,
SM42566 ,S ,
SM42567 ,S ,
SM42568 ,S ,
SM42569 ,A ,
SM42570 ,S ,
SM42571 ,S ,
SM42572 ,A ,
SM42573 ,A ,
SM42574 ,S ,
SM42575 ,A ,
SM42576 ,S ,
SM42577 ,A ,
SM42578 ,S ,
SM42579 ,S ,
SM42580 ,S ,
SM42581 ,S ,
SM42582 ,S ,
SM42583 ,S ,
SM42584 ,S ,
SM42585 ,A ,
SM42587 ,S ,
SM42589 ,S ,
SM42590 ,A ,
SM42591 ,A ,
SM42592 ,A ,
SM42593 ,A ,
SM42594 ,A ,
SM42595 ,A ,
SM42596 ,S ,
SM42597 ,S ,
SM42598 ,A ,
SM42599 ,S ,
SM42600 ,A ,
SM42602 ,S ,
SM42603 ,S ,
SM42604 ,S ,
SM42606 ,S ,
SM42607 ,S ,
SM42608 ,S ,
SM42609 ,A ,
SM42610 ,A ,
SM42611 ,S ,
SM42612 ,S ,
SM42613 ,S ,
SM42614 ,S ,
SM42615 ,A ,
SM42616 ,S ,
SM42617 ,S ,
SM42618 ,S ,
SM42619 ,S ,
SM42620 ,S ,
SM42621 ,S ,
SM42622 ,A ,
SM42623 ,S ,
SM42624 ,A ,
SM42625 ,A ,
SM42626 ,S ,
SM42627 ,A ,
SM42628 ,S ,
SM42629 ,S ,
SM42630 ,S ,
SM42631 ,S ,
SM42632 ,S ,
SM42633 ,A ,
SM42634 ,A ,
SM42635 ,S ,
SM42636 ,S ,
SM42637 ,S ,
SM42638 ,S ,
SM42639 ,A ,
SM42641 ,A ,
SM42642 ,S ,
SM42643 ,S ,
SM42644 ,S ,
SM42645 ,S ,
SM42646 ,A ,
SM42647 ,S ,
SM42648 ,S ,
SM42649 ,S ,
SM42650 ,S ,
SM42651 ,A ,
SM42652 ,S ,
SM42653 ,S ,
SM42654 ,A ,
SM42655 ,A ,
SM42656 ,S ,
SM42657 ,S ,
SM42658 ,S ,
SM42659 ,A ,
SM42660 ,A ,
SM42661 ,A ,
SM42662 ,S ,
SM42663 ,S ,
SM42664 ,A ,
SM42665 ,S ,
SM42666 ,A ,
SM42667 ,S ,
SM42668 ,S ,
SM42669 ,S ,
SM42670 ,A ,
SM42671 ,S ,
SM42672 ,S ,
SM42673 ,A ,
SM42674 ,S ,
SM42675 ,S ,
SM42676 ,S ,
SM42677 ,A ,
SM42678 ,A ,
SM42679 ,S ,
SM42680 ,S ,
SM42681 ,S ,
SM42682 ,S ,
SM42683 ,A ,
SM42684 ,S ,
SM42685 ,S ,
SM42686 ,S ,
SM42687 ,S ,
SM42688 ,S ,
SM42689 ,S ,
SM42690 ,A ,
SM42691 ,A ,
SM42692 ,S ,
SM42693 ,A ,
SM42694 ,A ,
SM42695 ,S ,
SM42696 ,S ,
SM42697 ,A ,
SM42698 ,S ,
SM42699 ,S ,
SM42700 ,S ,
SM42701 ,S ,
SM42702 ,A ,
SM42703 ,A ,
SM42704 ,S ,
SM42705 ,A ,
SM42706 ,A ,
SM42707 ,S ,
SM42708 ,A ,
SM42709 ,S ,
SM42710 ,A ,
SM42711 ,S ,
SM42712 ,S ,
SM42713 ,S ,
SM42714 ,S ,
SM42715 ,A ,
SM42716 ,A ,
SM42717 ,A ,
SM42718 ,A ,
SM42719 ,A ,
SM42720 ,A ,
SM42721 ,S ,
SM42722 ,S ,
SM42723 ,S ,
SM42724 ,A ,
SM42725 ,A ,
SM42726 ,A ,
SM42727 ,S ,
SM42728 ,S ,
SM42729 ,S ,
SM42730 ,A ,
SM42731 ,S ,
SM42732 ,A ,
SM42733 ,A ,
SM42734 ,A ,
SM42735 ,A ,
SM42736 ,A ,
SM42737 ,S ,
SM42738 ,A ,
SM42739 ,A ,
SM42740 ,A ,
SM42741 ,A ,
SM42742 ,A ,
SM42743 ,A ,
SM42744 ,S ,
SM42745 ,S ,
SM42746 ,A ,
SM42747 ,A ,
SM42748 ,S ,
SM42750 ,S ,
SM42751 ,A ,
SM42752 ,A ,
SM42753 ,A ,
SM42754 ,A ,
SM42755 ,S ,
SM42756 ,S ,
SM42757 ,S ,
SM42758 ,S ,
SM42759 ,S ,
SM42760 ,S ,
SM42761 ,S ,
SM42762 ,S ,
SM42763 ,S ,
SM42764 ,S ,
SM42765 ,A ,
SM42766 ,S ,
SM42767 ,S ,
SM42768 ,S ,
SM42769 ,A ,
SM42770 ,S ,
SM42771 ,S ,
SM42772 ,S ,
SM42773 ,A ,
SM42774 ,S ,
SM42775 ,A ,
SM42776 ,A ,
SM42777 ,S ,
SM42778 ,A ,
SM42779 ,A ,
SM42780 ,A ,
SM42781 ,A ,
SM42782 ,S ,
SM42783 ,S ,
SM42784 ,S ,
SM42785 ,S ,
SM42786 ,S ,
SM42787 ,S ,
SM42788 ,S ,
SM42789 ,S ,
SM42790 ,A ,
SM42791 ,A ,
SM42792 ,S ,
SM42793 ,S ,
SM42794 ,S ,
SM42795 ,A ,
SM42796 ,S ,
SM42797 ,A ,
SM42798 ,S ,
SM42799 ,S ,
SM42800 ,S ,
SM42801 ,A ,
SM42802 ,S ,
SM42803 ,S ,
SM42804 ,A ,
SM42805 ,A ,
SM42806 ,A ,
SM42807 ,S ,
SM42808 ,S ,
SM42809 ,S ,
SM42810 ,S ,
SM42811 ,S ,
SM42812 ,S ,
SM42813 ,S ,
SM42814 ,S ,
SM42815 ,S ,
SM42816 ,A ,
SM42817 ,S ,
SM42818 ,A ,
SM42819 ,S ,
SM42820 ,A ,
SM42821 ,S ,
SM42822 ,S ,
SM42823 ,S ,
SM42824 ,S ,
SM42825 ,S ,
SM42826 ,A ,
SM42827 ,A ,
SM42828 ,S ,
SM42829 ,S ,
SM42830 ,S ,
SM42831 ,S ,
SM42832 ,A ,
SM42833 ,S ,
SM42834 ,A ,
SM42835 ,A ,
SM42836 ,A ,
SM42837 ,S ,
SM42838 ,S ,
SM42839 ,A ,
SM42840 ,S ,
SM42841 ,S ,
SM42842 ,S ,
SM42843 ,S ,
SM42844 ,S ,
SM42845 ,A ,
SM42846 ,A ,
SM42847 ,A ,
SM42848 ,S ,
SM42849 ,S ,
SM42850 ,A ,
SM42851 ,S ,
SM42852 ,S ,
SM42853 ,S ,
SM42854 ,A ,
SM42855 ,S ,
SM42856 ,S ,
SM42857 ,S ,
SM42858 ,S ,
SM42859 ,A ,
SM42860 ,S ,
SM42861 ,A ,
SM42862 ,A ,
SM42863 ,S ,
SM42864 ,S ,
SM42865 ,S ,
SM42866 ,A ,
SM42867 ,A ,
SM42868 ,A ,
SM42869 ,S ,
SM42870 ,S ,
SM42871 ,S ,
SM42872 ,S ,
SM42873 ,S ,
SM42874 ,S ,
SM42875 ,S ,
SM42877 ,S ,
SM42878 ,A ,
SM42879 ,A ,
SM42880 ,A ,
SM42881 ,A ,
SM42882 ,S ,
SM42883 ,A ,
SM42884 ,S ,
SM42885 ,S ,
SM42886 ,A ,
SM42887 ,S ,
SM42888 ,S ,
SM42889 ,S ,
SM42890 ,S ,
SM42891 ,A ,
SM42892 ,S ,
SM42893 ,S ,
SM42894 ,S ,
SM42895 ,A ,
SM42896 ,A ,
SM42897 ,S ,
SM42898 ,A ,
SM42899 ,A ,
SM42900 ,S ,
SM42901 ,S ,
SM42902 ,A ,
SM42903 ,A ,
SM42904 ,A ,
SM42905 ,A ,
SM42906 ,S ,
SM42908 ,S ,
SM42909 ,S ,
SM42910 ,A ,
SM42911 ,S ,
SM42912 ,S ,
SM42913 ,S ,
SM42914 ,A ,
SM42915 ,A ,
SM42916 ,S ,
SM42917 ,A ,
SM42918 ,A ,
SM42919 ,S ,
SM42920 ,S ,
SM42921 ,S ,
SM42922 ,A ,
SM42923 ,A ,
SM42924 ,A ,
SM42925 ,A ,
SM42926 ,S ,
SM42927 ,A ,
SM42928 ,S ,
SM42929 ,S ,
SM42930 ,S ,
SM42931 ,S ,
SM42932 ,S ,
SM42933 ,S ,
SM42934 ,A ,
SM42935 ,A ,
SM42936 ,A ,
SM42937 ,S ,
SM42938 ,S ,
SM42939 ,S ,
SM42940 ,S ,
SM42941 ,S ,
SM42942 ,S ,
SM42943 ,S ,
SM42944 ,A ,
SM42945 ,A ,
SM42946 ,S ,
SM42947 ,S ,
SM42948 ,S ,
SM42949 ,S ,
SM42950 ,A ,
SM42951 ,S ,
SM42952 ,A ,
SM42953 ,S ,
SM42954 ,A ,
SM42955 ,S ,
SM42956 ,S ,
SM42957 ,S ,
SM42958 ,S ,
SM42959 ,S ,
SM42960 ,A ,
SM42961 ,S ,
SM42962 ,S ,
SM42963 ,S ,
SM42964 ,S ,
SM42965 ,A ,
SM42966 ,S ,
SM42967 ,A ,
SM42968 ,S ,
SM42970 ,A ,
SM42971 ,A ,
SM42972 ,A ,
SM42973 ,S ,
SM42974 ,S ,
SM42975 ,S ,
SM42976 ,S ,
SM42977 ,S ,
SM42978 ,A ,
SM42979 ,A ,
SM42980 ,S ,
SM42981 ,A ,
SM42982 ,S ,
SM42983 ,A ,
SM42984 ,A ,
SM42985 ,A ,
SM42986 ,S ,
SM42987 ,A ,
SM42988 ,S ,
SM42989 ,S ,
SM42990 ,S ,
SM42991 ,S ,
SM42992 ,S ,
SM42993 ,S ,
SM42994 ,S ,
SM42995 ,S ,
SM42996 ,S ,
SM42997 ,A ,
SM42998 ,A ,
SM43000 ,A ,
SM43001 ,S ,
SM43002 ,S ,
SM43003 ,S ,
SM43004 ,S ,
SM43005 ,S ,
SM43006 ,A ,
SM43007 ,S ,
SM43008 ,A ,
SM43009 ,A ,
SM43010 ,S ,
SM43012 ,S ,
SM43013 ,A ,
SM43014 ,S ,
SM43015 ,A ,
SM43016 ,A ,
SM43017 ,S ,
SM43018 ,S ,
SM43019 ,A ,
SM43020 ,S ,
SM43021 ,A ,
SM43022 ,A ,
SM43023 ,S ,
SM43024 ,S ,
SM43025 ,A ,
SM43026 ,S ,
SM43027 ,S ,
SM43028 ,S ,
SM43029 ,S ,
SM43030 ,A ,
SM43031 ,A ,
SM43032 ,A ,
SM43033 ,S ,
SM43034 ,A ,
SM43035 ,S ,
SM43036 ,S ,
SM43037 ,A ,
SM43038 ,A ,
SM43039 ,A ,
SM43040 ,S ,
SM43041 ,A ,
SM43042 ,A ,
SM43043 ,S ,
SM43044 ,S ,
SM43045 ,S ,
SM43046 ,S ,
SM43047 ,A ,
SM43048 ,S ,
SM43049 ,A ,
SM43050 ,A ,
SM43051 ,A ,
SM43052 ,A ,
SM43053 ,A ,
SM43054 ,S ,
SM43055 ,S ,
SM43056 ,S ,
SM43057 ,A ,
SM43058 ,S ,
SM43059 ,S ,
SM43060 ,S ,
SM43061 ,A ,
SM43062 ,S ,
SM43063 ,A ,
SM43064 ,S ,
SM43065 ,S ,
SM43066 ,A ,
SM43067 ,A ,
SM43068 ,A ,
SM43069 ,A ,
SM43070 ,A ,
SM43071 ,A ,
SM43072 ,A ,
SM43073 ,S ,
SM43074 ,S ,
SM43075 ,S ,
SM43076 ,S ,
SM43077 ,A ,
SM43078 ,S ,
SM43079 ,A ,
SM43080 ,A ,
SM43081 ,A ,
SM43082 ,A ,
SM43083 ,S ,
SM43084 ,S ,
SM43085 ,S ,
SM43086 ,A ,
SM43087 ,A ,
SM43088 ,S ,
SM43089 ,S ,
SM43090 ,A ,
SM43091 ,S ,
SM43092 ,S ,
SM43093 ,S ,
SM43094 ,S ,
SM43095 ,A ,
SM43096 ,S ,
SM43097 ,S ,
SM43098 ,A ,
SM43099 ,A ,
SM43100 ,S ,
SM43101 ,A ,
SM43102 ,A ,
SM43103 ,S ,
SM43104 ,S ,
SM43106 ,A ,
SM43107 ,A ,
SM43108 ,A ,
SM43109 ,S ,
SM43110 ,A ,
SM43111 ,S ,
SM43112 ,S ,
SM43113 ,S ,
SM43114 ,S ,
SM43115 ,A ,
SM43116 ,S ,
SM43117 ,S ,
SM43118 ,S ,
SM43119 ,A ,
SM43120 ,S ,
SM43121 ,A ,
SM43122 ,S ,
SM43123 ,A ,
SM43124 ,S ,
SM43125 ,S ,
SM43126 ,S ,
SM43127 ,S ,
SM43128 ,A ,
SM43129 ,S ,
SM43130 ,S ,
SM43131 ,S ,
SM43132 ,A ,
SM43133 ,A ,
SM43134 ,S ,
SM43135 ,S ,
SM43136 ,S ,
SM43137 ,S ,
SM43138 ,A ,
SM43139 ,S ,
SM43140 ,S ,
SM43141 ,S ,
SM43142 ,S ,
SM43143 ,A ,
SM43144 ,S ,
SM43145 ,A ,
SM43146 ,A ,
SM43147 ,S ,
SM43148 ,A ,
SM43150 ,S ,
SM43151 ,A ,
SM43152 ,S ,
SM43154 ,S ,
SM43155 ,S ,
SM43156 ,A ,
SM43157 ,S ,
SM43158 ,S ,
SM43159 ,S ,
SM43160 ,S ,
SM43161 ,S ,
SM43162 ,S ,
SM43163 ,A ,
SM43164 ,A ,
SM43165 ,S ,
SM43166 ,S ,
SM43167 ,S ,
SM43168 ,S ,
SM43169 ,A ,
SM43170 ,S ,
SM43171 ,A ,
SM43172 ,S ,
SM43173 ,A ,
SM43174 ,S ,
SM43175 ,A ,
SM43176 ,A ,
SM43177 ,S ,
SM43178 ,S ,
SM43179 ,S ,
SM43180 ,S ,
SM43181 ,A ,
SM43182 ,A ,
SM43183 ,S ,
SM43184 ,A ,
SM43185 ,A ,
SM43186 ,A ,
SM43187 ,A ,
SM43188 ,S ,
SM43189 ,S ,
SM43190 ,S ,
SM43191 ,A ,
SM43192 ,S ,
SM43193 ,A ,
SM43194 ,S ,
SM43195 ,S ,
SM43196 ,A ,
SM43197 ,A ,
SM43198 ,S ,
SM43199 ,S ,
SM43200 ,S ,
SM43201 ,A ,
SM43202 ,A ,
SM43203 ,A ,
SM43204 ,S ,
SM43205 ,A ,
SM43206 ,S ,
SM43207 ,S ,
SM43208 ,S ,
SM43209 ,S ,
SM43210 ,S ,
SM43211 ,S ,
SM43212 ,S ,
SM43213 ,A ,
SM43214 ,A ,
SM43215 ,A ,
SM43216 ,S ,
SM43217 ,A ,
SM43218 ,S ,
SM43219 ,S ,
SM43220 ,A ,
SM43221 ,A ,
SM43222 ,S ,
SM43223 ,A ,
SM43224 ,S ,
SM43225 ,S ,
SM43226 ,S ,
SM43227 ,A ,
SM43228 ,A ,
SM43229 ,A ,
SM43230 ,A ,
SM43231 ,S ,
SM43232 ,S ,
SM43233 ,A ,
SM43234 ,S ,
SM43235 ,A ,
SM43236 ,S ,
SM43237 ,A ,
SM43238 ,S ,
SM43239 ,S ,
SM43240 ,S ,
SM43241 ,A ,
SM43242 ,S ,
SM43243 ,S ,
SM43244 ,S ,
SM43245 ,A ,
SM43246 ,S ,
SM43247 ,S ,
SM43248 ,A ,
SM43249 ,S ,
SM43250 ,S ,
SM43251 ,A ,
SM43252 ,S ,
SM43253 ,S ,
SM43254 ,S ,
SM43255 ,A ,
SM43256 ,S ,
SM43257 ,S ,
SM43258 ,A ,
SM43259 ,A ,
SM43260 ,A ,
SM43261 ,A ,
SM43262 ,S ,
SM43263 ,S ,
SM43264 ,A ,
SM43265 ,S ,
SM43266 ,A ,
SM43267 ,A ,
SM43268 ,A ,
SM43269 ,S ,
SM43270 ,S ,
SM43271 ,S ,
SM43272 ,S ,
SM43273 ,S ,
SM43274 ,S ,
SM43275 ,S ,
SM43276 ,A ,
SM43277 ,S ,
SM43278 ,A ,
SM43279 ,S ,
SM43280 ,A ,
SM43281 ,S ,
SM43282 ,A ,
SM43284 ,A ,
SM43285 ,S ,
SM43286 ,S ,
SM43287 ,S ,
SM43288 ,A ,
SM43289 ,A ,
SM43290 ,A ,
SM43292 ,A ,
SM43293 ,A ,
SM43294 ,S ,
SM43295 ,S ,
SM43296 ,S ,
SM43297 ,S ,
SM43298 ,S ,
SM43299 ,A ,
SM43300 ,A ,
SM43301 ,A ,
SM43302 ,A ,
SM43303 ,S ,
SM43304 ,S ,
SM43305 ,A ,
SM43306 ,S ,
SM43307 ,A ,
SM43308 ,A ,
SM43309 ,A ,
SM43310 ,S ,
SM43311 ,S ,
SM43312 ,A ,
SM43313 ,S ,
SM43314 ,S ,
SM43315 ,S ,
SM43316 ,A ,
SM43317 ,S ,
SM43318 ,A ,
SM43319 ,A ,
SM43320 ,S ,
SM43321 ,A ,
SM43322 ,S ,
SM43323 ,S ,
SM43324 ,A ,
SM43325 ,S ,
SM43326 ,S ,
SM43327 ,S ,
SM43328 ,S ,
SM43329 ,A ,
SM43330 ,S ,
SM43331 ,S ,
SM43332 ,S ,
SM43333 ,S ,
SM43334 ,S ,
SM43335 ,A ,
SM43336 ,A ,
SM43337 ,A ,
SM43338 ,S ,
SM43339 ,S ,
SM43340 ,S ,
SM43341 ,A ,
SM43342 ,A ,
SM43343 ,S ,
SM43344 ,S ,
SM43345 ,S ,
SM43346 ,A ,
SM43347 ,S ,
SM43348 ,S ,
SM43349 ,A ,
SM43350 ,S ,
SM43351 ,A ,
SM43352 ,S ,
SM43353 ,S ,
SM43354 ,S ,
SM43355 ,A ,
SM43356 ,S ,
SM43357 ,S ,
SM43358 ,S ,
SM43359 ,A ,
SM43360 ,A ,
SM43361 ,A ,
SM43362 ,S ,
SM43363 ,S ,
SM43364 ,S ,
SM43365 ,A ,
SM43366 ,A ,
SM43367 ,A ,
SM43368 ,A ,
SM43369 ,A ,
SM43370 ,S ,
SM43372 ,S ,
SM43373 ,A ,
SM43374 ,A ,
SM43375 ,S ,
SM43376 ,S ,
SM43377 ,S ,
SM43378 ,S ,
SM43379 ,S ,
SM43380 ,S ,
SM43381 ,A ,
SM43382 ,A ,
SM43383 ,S ,
SM43384 ,A ,
SM43385 ,A ,
SM43386 ,S ,
SM43387 ,S ,
SM43388 ,A ,
SM43390 ,S ,
SM43391 ,S ,
SM43392 ,S ,
SM43393 ,A ,
SM43394 ,S ,
SM43395 ,S ,
SM43396 ,S ,
SM43397 ,S ,
SM43398 ,S ,
SM43399 ,S ,
SM43400 ,S ,
SM43401 ,S ,
SM43402 ,S ,
SM43403 ,S ,
SM43404 ,S ,
SM43405 ,S ,
SM43406 ,A ,
SM43407 ,A ,
SM43408 ,S ,
SM43409 ,A ,
SM43410 ,S ,
SM43411 ,S ,
SM43412 ,A ,
SM43413 ,S ,
SM43414 ,S ,
SM43415 ,S ,
SM43416 ,S ,
SM43417 ,S ,
SM43418 ,S ,
SM43419 ,S ,
SM43420 ,S ,
SM43421 ,S ,
SM43422 ,A ,
SM43423 ,S ,
SM43424 ,A ,
SM43425 ,A ,
SM43426 ,A ,
SM43427 ,A ,
SM43428 ,S ,
SM43429 ,S ,
SM43430 ,S ,
SM43431 ,A ,
SM43432 ,S ,
SM43433 ,S ,
SM43434 ,A ,
SM43435 ,S ,
SM43436 ,S ,
SM43437 ,S ,
SM43438 ,A ,
SM43439 ,S ,
SM43440 ,A ,
SM43441 ,A ,
SM43442 ,A ,
SM43443 ,S ,
SM43444 ,S ,
SM43445 ,S ,
SM43446 ,A ,
SM43447 ,A ,
SM43448 ,S ,
SM43449 ,A ,
SM43450 ,A ,
SM43451 ,S ,
SM43452 ,S ,
SM43453 ,A ,
SM43454 ,A ,
SM43455 ,A ,
SM43456 ,S ,
SM43457 ,S ,
SM43458 ,A ,
SM43459 ,S ,
SM43460 ,S ,
SM43461 ,S ,
SM43462 ,A ,
SM43463 ,A ,
SM43464 ,S ,
SM43465 ,S ,
SM43466 ,S ,
SM43467 ,S ,
SM43468 ,S ,
SM43469 ,S ,
SM43470 ,A ,
SM43471 ,S ,
SM43472 ,S ,
SM43473 ,S ,
SM43474 ,A ,
SM43475 ,S ,
SM43476 ,A ,
SM43477 ,S ,
SM43478 ,A ,
SM43479 ,S ,
SM43480 ,A ,
SM43481 ,S ,
SM43482 ,S ,
SM43483 ,A ,
SM43484 ,A ,
SM43485 ,S ,
SM43486 ,S ,
SM43487 ,S ,
SM43488 ,A ,
SM43489 ,A ,
SM43490 ,S ,
SM43491 ,S ,
SM43492 ,A ,
SM43493 ,S ,
SM43494 ,A ,
SM43495 ,S ,
SM43496 ,S ,
SM43497 ,S ,
SM43498 ,S ,
SM43499 ,S ,
SM43500 ,S ,
SM43501 ,A ,
SM43502 ,S ,
SM43503 ,A ,
SM43504 ,S ,
SM43505 ,A ,
SM43506 ,S ,
SM43507 ,A ,
SM43508 ,A ,
SM43509 ,S ,
SM43510 ,A ,
SM43511 ,A ,
SM43512 ,S ,
SM43513 ,S ,
SM43514 ,A ,
SM43515 ,A ,
SM43516 ,S ,
SM43517 ,A ,
SM43518 ,S ,
SM43519 ,S ,
SM43520 ,A ,
SM43521 ,S ,
SM43522 ,A ,
SM43523 ,S ,
SM43524 ,S ,
SM43525 ,S ,
SM43526 ,S ,
SM43527 ,A ,
SM43528 ,A ,
SM43529 ,A ,
SM43530 ,S ,
SM43531 ,A ,
SM43532 ,S ,
SM43533 ,S ,
SM43534 ,S ,
SM43535 ,S ,
SM43536 ,A ,
SM43537 ,S ,
SM43538 ,S ,
SM43539 ,S ,
SM43540 ,A ,
SM43541 ,S ,
SM43542 ,A ,
SM43543 ,S ,
SM43544 ,S ,
SM43545 ,S ,
SM43546 ,S ,
SM43547 ,S ,
SM43548 ,S ,
SM43549 ,A ,
SM43550 ,A ,
SM43551 ,S ,
SM43552 ,A ,
SM43553 ,A ,
SM43554 ,S ,
SM43555 ,S ,
SM43556 ,A ,
SM43557 ,A ,
SM43558 ,S ,
SM43559 ,A ,
SM43560 ,A ,
SM43561 ,S ,
SM43562 ,A ,
SM43563 ,S ,
SM43564 ,S ,
SM43565 ,A ,
SM43566 ,A ,
SM43567 ,S ,
SM43568 ,A ,
SM43569 ,S ,
SM43570 ,S ,
SM43571 ,S ,
SM43572 ,S ,
SM43573 ,S ,
SM43574 ,S ,
SM43575 ,A ,
SM43576 ,S ,
SM43577 ,A ,
SM43578 ,S ,
SM43579 ,A ,
SM43580 ,A ,
SM43581 ,S ,
SM43582 ,A ,
SM43583 ,S ,
SM43584 ,S ,
SM43585 ,A ,
SM43586 ,S ,
SM43587 ,S ,
SM43588 ,A ,
SM43589 ,S ,
SM43590 ,S ,
SM43591 ,A ,
SM43592 ,A ,
SM43593 ,A ,
SM43594 ,S ,
SM43595 ,A ,
SM43596 ,S ,
SM43597 ,S ,
SM43598 ,A ,
SM43599 ,S ,
SM43600 ,S ,
SM43601 ,S ,
SM43602 ,S ,
SM43603 ,A ,
SM43604 ,A ,
SM43605 ,A ,
SM43606 ,S ,
SM43607 ,S ,
SM43608 ,S ,
SM43609 ,A ,
SM43610 ,S ,
SM43611 ,S ,
SM43612 ,A ,
SM43613 ,A ,
SM43614 ,S ,
SM43615 ,A ,
SM43616 ,S ,
SM43617 ,S ,
SM43618 ,A ,
SM43619 ,S ,
SM43620 ,A ,
SM43621 ,S ,
SM43622 ,S ,
SM43623 ,S ,
SM43624 ,S ,
SM43625 ,A ,
SM43626 ,S ,
SM43627 ,S ,
SM43628 ,S ,
SM43629 ,A ,
SM43630 ,A ,
SM43631 ,S ,
SM43632 ,S ,
SM43633 ,A ,
SM43634 ,S ,
SM43635 ,A ,
SM43636 ,S ,
SM43637 ,A ,
SM43638 ,S ,
SM43639 ,A ,
SM43640 ,S ,
SM43641 ,S ,
SM43642 ,S ,
SM43643 ,S ,
SM43644 ,A ,
SM43645 ,S ,
SM43646 ,A ,
SM43647 ,S ,
SM43648 ,S ,
SM43649 ,A ,
SM43650 ,A ,
SM43651 ,S ,
SM43652 ,A ,
SM43653 ,A ,
SM43654 ,A ,
SM43655 ,S ,
SM43656 ,S ,
SM43657 ,A ,
SM43658 ,S ,
SM43659 ,S ,
SM43660 ,A ,
SM43661 ,S ,
SM43662 ,S ,
SM43663 ,S ,
SM43664 ,A ,
SM43665 ,A ,
SM43666 ,A ,
SM43667 ,S ,
SM43668 ,S ,
SM43669 ,A ,
SM43670 ,A ,
SM43671 ,A ,
SM43672 ,A ,
SM43673 ,A ,
SM43674 ,A ,
SM43675 ,S ,
SM43676 ,S ,
SM43677 ,A ,
SM43678 ,S ,
SM43679 ,S ,
SM43680 ,A ,
SM43681 ,A ,
SM43682 ,S ,
SM43683 ,S ,
SM43684 ,S ,
SM43685 ,A ,
SM43686 ,S ,
SM43687 ,A ,
SM43688 ,S ,
SM43689 ,S ,
SM43690 ,S ,
SM43691 ,A ,
SM43692 ,S ,
SM43693 ,A ,
SM43694 ,S ,
SM43695 ,A ,
SM43696 ,S ,
SM43697 ,S ,
SM43698 ,S ,
SM43699 ,A ,
SM43700 ,A ,
SM43701 ,A ,
SM43702 ,S ,
SM43703 ,A ,
SM43704 ,A ,
SM43705 ,S ,
SM43706 ,S ,
SM43707 ,A ,
SM43708 ,A ,
SM43709 ,A ,
SM43710 ,S ,
SM43711 ,S ,
SM43712 ,S ,
SM43713 ,A ,
SM43714 ,A ,
SM43715 ,S ,
SM43716 ,A ,
SM43717 ,A ,
SM43718 ,A ,
SM43719 ,S ,
SM43720 ,A ,
SM43721 ,S ,
SM43722 ,S ,
SM43723 ,A ,
SM43724 ,A ,
SM43725 ,S ,
SM43726 ,S ,
SM43727 ,A ,
SM43728 ,S ,
SM43729 ,S ,
SM43730 ,S ,
SM43731 ,A ,
SM43732 ,A ,
SM43733 ,S ,
SM43734 ,A ,
SM43735 ,A ,
SM43736 ,A ,
SM43737 ,S ,
SM43738 ,A ,
SM43739 ,A ,
SM43740 ,S ,
SM43741 ,A ,
SM43742 ,A ,
SM43743 ,S ,
SM43744 ,A ,
SM43745 ,S ,
SM43746 ,A ,
SM43747 ,S ,
SM43748 ,A ,
SM43749 ,S ,
SM43750 ,S ,
SM43751 ,S ,
SM43752 ,A ,
SM43753 ,A ,
SM43754 ,A ,
SM43755 ,A ,
SM43756 ,S ,
SM43757 ,S ,
SM43758 ,S ,
SM43759 ,S ,
SM43760 ,A ,
SM43761 ,S ,
SM43762 ,S ,
SM43763 ,A ,
SM43764 ,S ,
SM43765 ,A ,
SM43766 ,S ,
SM43767 ,S ,
SM43768 ,S ,
SM43769 ,A ,
SM43770 ,S ,
SM43771 ,S ,
SM43772 ,A ,
SM43773 ,S ,
SM43774 ,A ,
SM43775 ,A ,
SM43776 ,S ,
SM43777 ,S ,
SM43778 ,A ,
SM43779 ,A ,
SM43780 ,A ,
SM43781 ,A ,
SM43782 ,A ,
SM43783 ,S ,
SM43784 ,S ,
SM43785 ,S ,
SM43786 ,A ,
SM43787 ,S ,
SM43788 ,A ,
SM43789 ,A ,
SM43790 ,A ,
SM43791 ,S ,
SM43792 ,S ,
SM43793 ,A ,
SM43794 ,A ,
SM43795 ,S ,
SM43796 ,A ,
SM43797 ,S ,
SM43798 ,A ,
SM43799 ,A ,
SM43800 ,A ,
SM43801 ,A ,
SM43802 ,A ,
SM43803 ,S ,
SM43804 ,A ,
SM43805 ,S ,
SM43806 ,S ,
SM43807 ,S ,
SM43808 ,S ,
SM43809 ,A ,
SM43810 ,A ,
SM43811 ,A ,
SM43812 ,A ,
SM43813 ,S ,
SM43814 ,S ,
SM43815 ,A ,
SM43816 ,A ,
SM43817 ,A ,
SM43818 ,S ,
SM43819 ,A ,
SM43820 ,S ,
SM43821 ,A ,
SM43822 ,S ,
SM43823 ,S ,
SM43825 ,S ,
SM43826 ,S ,
SM43827 ,A ,
SM43828 ,S ,
SM43829 ,S ,
SM43830 ,A ,
SM43831 ,A ,
SM43832 ,S ,
SM43833 ,A ,
SM43834 ,A ,
SM43835 ,A ,
SM43836 ,S ,
SM43837 ,S ,
SM43838 ,S ,
SM43840 ,S ,
SM43841 ,A ,
SM43842 ,A ,
SM43843 ,S ,
SM43844 ,A ,
SM43845 ,A ,
SM43846 ,A ,
SM43847 ,S ,
SM43848 ,S ,
SM43849 ,S ,
SM43850 ,S ,
SM43851 ,A ,
SM43852 ,S ,
SM43853 ,A ,
SM43854 ,A ,
SM43855 ,S ,
SM43856 ,S ,
SM43857 ,A ,
SM43858 ,A ,
SM43859 ,S ,
SM43860 ,S ,
SM43861 ,S ,
SM43862 ,A ,
SM43863 ,A ,
SM43864 ,A ,
SM43865 ,S ,
SM43866 ,S ,
SM43867 ,S ,
SM43868 ,S ,
SM43869 ,S ,
SM43870 ,S ,
SM43871 ,A ,
SM43872 ,S ,
SM43873 ,A ,
SM43874 ,S ,
SM43875 ,A ,
SM43876 ,A ,
SM43877 ,S ,
SM43878 ,A ,
SM43879 ,S ,
SM43881 ,S ,
SM43882 ,A ,
SM43883 ,S ,
SM43884 ,S ,
SM43885 ,S ,
SM43886 ,A ,
SM43887 ,S ,
SM43888 ,A ,
SM43889 ,S ,
SM43890 ,A ,
SM43891 ,A ,
SM43892 ,S ,
SM43893 ,S ,
SM43894 ,A ,
SM43895 ,A ,
SM43896 ,A ,
SM43897 ,S ,
SM43898 ,S ,
SM43899 ,S ,
SM43900 ,A ,
SM43901 ,S ,
SM43902 ,A ,
SM43903 ,A ,
SM43904 ,S ,
SM43905 ,S ,
SM43906 ,A ,
SM43907 ,A ,
SM43908 ,S ,
SM43909 ,A ,
SM43910 ,S ,
SM43911 ,S ,
SM43912 ,A ,
SM43913 ,S ,
SM43914 ,A ,
SM43915 ,S ,
SM43916 ,A ,
SM43917 ,A ,
SM43919 ,S ,
SM43920 ,S ,
SM43921 ,A ,
SM43922 ,S ,
SM43923 ,A ,
SM43924 ,S ,
SM43925 ,S ,
SM43926 ,S ,
SM43927 ,S ,
SM43928 ,A ,
SM43929 ,S ,
SM43930 ,S ,
SM43931 ,S ,
SM43932 ,S ,
SM43933 ,S ,
SM43934 ,S ,
SM43935 ,A ,
SM43936 ,A ,
SM43937 ,S ,
SM43938 ,A ,
SM43939 ,A ,
SM43940 ,S ,
SM43941 ,S ,
SM43942 ,A ,
SM43943 ,A ,
SM43944 ,S ,
SM43945 ,A ,
SM43946 ,A ,
SM43947 ,A ,
SM43948 ,A ,
SM43949 ,A ,
SM43950 ,A ,
SM43951 ,S ,
SM43952 ,S ,
SM43953 ,S ,
SM43954 ,A ,
SM43955 ,A ,
SM43956 ,S ,
SM43957 ,A ,
SM43959 ,S ,
SM43960 ,A ,
SM43961 ,S ,
SM43962 ,A ,
SM43963 ,S ,
SM43964 ,A ,
SM43965 ,S ,
SM43966 ,S ,
SM43967 ,A ,
SM43968 ,A ,
SM43969 ,S ,
SM43970 ,A ,
SM43971 ,S ,
SM43972 ,A ,
SM43973 ,S ,
SM43974 ,A ,
SM43975 ,A ,
SM43976 ,A ,
SM43977 ,S ,
SM43978 ,S ,
SM43979 ,S ,
SM43980 ,A ,
SM43981 ,A ,
SM43982 ,S ,
SM43983 ,A ,
SM43984 ,S ,
SM43985 ,S ,
SM43986 ,A ,
SM43987 ,S ,
SM43988 ,S ,
SM43989 ,A ,
SM43990 ,A ,
SM43991 ,A ,
SM43992 ,A ,
SM43993 ,A ,
SM43994 ,S ,
SM43995 ,S ,
SM43996 ,A ,
SM43997 ,A ,
SM43998 ,A ,
SM43999 ,A ,
SM44000 ,S ,
SM44001 ,S ,
SM44002 ,S ,
SM44003 ,S ,
SM44004 ,A ,
SM44005 ,S ,
SM44006 ,A ,
SM44007 ,S ,
SM44008 ,S ,
SM44009 ,A ,
SM44010 ,S ,
SM44011 ,A ,
SM44012 ,A ,
SM44013 ,S ,
SM44014 ,S ,
SM44015 ,A ,
SM44016 ,S ,
SM44017 ,S ,
SM44018 ,S ,
SM44019 ,S ,
SM44020 ,A ,
SM44021 ,A ,
SM44022 ,A ,
SM44023 ,S ,
SM44024 ,A ,
SM44025 ,A ,
SM44027 ,S ,
SM44028 ,A ,
SM44029 ,S ,
SM44030 ,A ,
SM44031 ,A ,
SM44032 ,S ,
SM44033 ,A ,
SM44034 ,S ,
SM44035 ,S ,
SM44036 ,A ,
SM44037 ,S ,
SM44038 ,A ,
SM44039 ,A ,
SM44040 ,A ,
SM44041 ,S ,
SM44042 ,S ,
SM44043 ,A ,
SM44044 ,S ,
SM44045 ,S ,
SM44046 ,A ,
SM44047 ,A ,
SM44048 ,A ,
SM44049 ,S ,
SM44050 ,A ,
SM44051 ,A ,
SM44052 ,A ,
SM44053 ,A ,
SM44054 ,S ,
SM44055 ,A ,
SM44056 ,A ,
SM44057 ,S ,
SM44058 ,S ,
SM44059 ,S ,
SM44060 ,A ,
SM44061 ,S ,
SM44062 ,A ,
SM44063 ,A ,
SM44064 ,S ,
SM44065 ,S ,
SM44066 ,S ,
SM44067 ,S ,
SM44068 ,A ,
SM44069 ,A ,
SM44070 ,A ,
SM44071 ,S ,
SM44072 ,A ,
SM44073 ,A ,
SM44074 ,S ,
SM44075 ,S ,
SM44076 ,A ,
SM44077 ,A ,
SM44078 ,S ,
SM44079 ,S ,
SM44080 ,S ,
SM44082 ,A ,
SM44084 ,S ,
SM44086 ,A ,
SM44087 ,S ,
SM44088 ,A ,
SM44089 ,S ,
SM44090 ,S ,
SM44091 ,S ,
SM44092 ,A ,
SM44093 ,S ,
SM44094 ,S ,
SM44095 ,S ,
SM44096 ,A ,
SM44097 ,S ,
SM44098 ,A ,
SM44099 ,A ,
SM44100 ,A ,
SM44101 ,A ,
SM44102 ,A ,
SM44103 ,A ,
SM44104 ,A ,
SM44105 ,S ,
SM44106 ,S ,
SM44107 ,A ,
SM44108 ,A ,
SM44109 ,S ,
SM44110 ,S ,
SM44111 ,A ,
SM44112 ,A ,
SM44113 ,S ,
SM44114 ,A ,
SM44115 ,A ,
SM44116 ,S ,
SM44117 ,S ,
SM44118 ,A ,
SM44119 ,S ,
SM44120 ,S ,
SM44121 ,S ,
SM44122 ,A ,
SM44123 ,A ,
SM44124 ,S ,
SM44125 ,A ,
SM44126 ,S ,
SM44127 ,S ,
SM44128 ,A ,
SM44129 ,S ,
SM44130 ,S ,
SM44131 ,A ,
SM44132 ,A ,
SM44133 ,S ,
SM44134 ,S ,
SM44135 ,A ,
SM44136 ,A ,
SM44137 ,A ,
SM44138 ,S ,
SM44139 ,S ,
SM44140 ,A ,
SM44141 ,S ,
SM44142 ,S ,
SM44143 ,A ,
SM44144 ,S ,
SM44145 ,A ,
SM44146 ,S ,
SM44147 ,S ,
SM44148 ,S ,
SM44149 ,S ,
SM44150 ,S ,
SM44151 ,A ,
SM44152 ,S ,
SM44153 ,A ,
SM44154 ,S ,
SM44155 ,A ,
SM44156 ,S ,
SM44157 ,A ,
SM44158 ,S ,
SM44159 ,A ,
SM44160 ,S ,
SM44161 ,A ,
SM44162 ,A ,
SM44163 ,A ,
SM44164 ,A ,
SM44165 ,S ,
SM44166 ,S ,
SM44167 ,A ,
SM44168 ,S ,
SM44169 ,A ,
SM44170 ,S ,
SM44171 ,S ,
SM44172 ,S ,
SM44173 ,A ,
SM44174 ,S ,
SM44175 ,A ,
SM44177 ,S ,
SM44178 ,S ,
SM44179 ,A ,
SM44180 ,A ,
SM44181 ,A ,
SM44182 ,A ,
SM44183 ,S ,
SM44184 ,A ,
SM44185 ,A ,
SM44186 ,S ,
SM44188 ,S ,
SM44189 ,S ,
SM44190 ,S ,
SM44191 ,S ,
SM44192 ,S ,
SM44193 ,A ,
SM44194 ,S ,
SM44195 ,A ,
SM44196 ,S ,
SM44197 ,A ,
SM44198 ,S ,
SM44199 ,S ,
SM44200 ,A ,
SM44201 ,A ,
SM44202 ,A ,
SM44203 ,A ,
SM44204 ,S ,
SM44205 ,A ,
SM44206 ,A ,
SM44207 ,S ,
SM44208 ,S ,
SM44209 ,A ,
SM44210 ,S ,
SM44211 ,S ,
SM44212 ,S ,
SM44213 ,S ,
SM44214 ,A ,
SM44215 ,S ,
SM44216 ,A ,
SM44217 ,A ,
SM44218 ,A ,
SM44219 ,S ,
SM44220 ,S ,
SM44221 ,S ,
SM44222 ,S ,
SM44223 ,A ,
SM44225 ,S ,
SM44226 ,A ,
SM44227 ,A ,
SM44228 ,S ,
SM44229 ,A ,
SM44230 ,A ,
SM44231 ,S ,
SM44232 ,S ,
SM44233 ,S ,
SM44234 ,S ,
SM44236 ,A ,
SM44237 ,A ,
SM44238 ,A ,
SM44239 ,S ,
SM44241 ,A ,
SM44242 ,S ,
SM44243 ,S ,
SM44244 ,S ,
SM44245 ,A ,
SM44246 ,A ,
SM44247 ,S ,
SM44248 ,A ,
SM44249 ,S ,
SM44250 ,A ,
SM44251 ,A ,
SM44252 ,S ,
SM44253 ,A ,
SM44254 ,S ,
SM44255 ,S ,
SM44256 ,A ,
SM44257 ,A ,
SM44258 ,A ,
SM44259 ,A ,
SM44260 ,A ,
SM44261 ,S ,
SM44262 ,A ,
SM44263 ,S ,
SM44264 ,A ,
SM44265 ,S ,
SM44266 ,S ,
SM44267 ,S ,
SM44268 ,A ,
SM44269 ,S ,
SM44270 ,A ,
SM44271 ,A ,
SM44272 ,A ,
SM44273 ,S ,
SM44274 ,A ,
SM44275 ,A ,
SM44276 ,S ,
SM44277 ,S ,
SM44278 ,S ,
SM44279 ,A ,
SM44280 ,S ,
SM44281 ,A ,
SM44282 ,A ,
SM44283 ,A ,
SM44284 ,A ,
SM44286 ,A ,
SM44287 ,S ,
SM44288 ,S ,
SM44289 ,S ,
SM44290 ,S ,
SM44291 ,A ,
SM44292 ,A ,
SM44293 ,A ,
SM44294 ,S ,
SM44295 ,A ,
SM44296 ,A ,
SM44298 ,S ,
SM44299 ,S ,
SM44300 ,S ,
SM44301 ,S ,
SM44302 ,S ,
SM44303 ,A ,
SM44304 ,S ,
SM44305 ,A ,
SM44306 ,A ,
SM44307 ,A ,
SM44308 ,A ,
SM44309 ,S ,
SM44310 ,A ,
SM44311 ,S ,
SM44312 ,S ,
SM44313 ,A ,
SM44314 ,S ,
SM44315 ,A ,
SM44316 ,A ,
SM44317 ,A ,
SM44318 ,S ,
SM44319 ,A ,
SM44320 ,A ,
SM44321 ,A ,
SM44322 ,S ,
SM44323 ,A ,
SM44324 ,A ,
SM44325 ,S ,
SM44326 ,S ,
SM44327 ,S ,
SM44328 ,S ,
SM44329 ,A ,
SM44330 ,S ,
SM44331 ,S ,
SM44332 ,A ,
SM44333 ,S ,
SM44334 ,A ,
SM44335 ,A ,
SM44336 ,S ,
SM44337 ,S ,
SM44338 ,A ,
SM44339 ,A ,
SM44340 ,A ,
SM44341 ,S ,
SM44342 ,A ,
SM44343 ,S ,
SM44344 ,A ,
SM44345 ,S ,
SM44347 ,A ,
SM44348 ,S ,
SM44350 ,S ,
SM44351 ,A ,
SM44352 ,A ,
SM44353 ,A ,
SM44354 ,A ,
SM44355 ,A ,
SM44357 ,S ,
SM44358 ,S ,
SM44359 ,S ,
SM44360 ,A ,
SM44361 ,S ,
SM44362 ,S ,
SM44363 ,S ,
SM44364 ,S ,
SM44366 ,A ,
SM44367 ,A ,
SM44368 ,S ,
SM44369 ,A ,
SM44370 ,A ,
SM44371 ,S ,
SM44372 ,A ,
SM44373 ,A ,
SM44374 ,S ,
SM44375 ,S ,
SM44376 ,A ,
SM44377 ,A ,
SM44379 ,A ,
SM44380 ,S ,
SM44381 ,S ,
SM44382 ,S ,
SM44383 ,A ,
SM44384 ,S ,
SM44385 ,S ,
SM44386 ,S ,
SM44387 ,S ,
SM44388 ,S ,
SM44389 ,A ,
SM44390 ,A ,
SM44391 ,A ,
SM44392 ,S ,
SM44393 ,A ,
SM44394 ,A ,
SM44395 ,S ,
SM44396 ,S ,
SM44397 ,A ,
SM44398 ,S ,
SM44399 ,A ,
SM44400 ,A ,
SM44401 ,A ,
SM44402 ,A ,
SM44403 ,A ,
SM44404 ,S ,
SM44405 ,S ,
SM44406 ,A ,
SM44407 ,A ,
SM44408 ,S ,
SM44409 ,S ,
SM44410 ,A ,
SM44411 ,A ,
SM44412 ,A ,
SM44413 ,S ,
SM44414 ,A ,
SM44415 ,A ,
SM44416 ,S ,
SM44417 ,A ,
SM44418 ,S ,
SM44419 ,S ,
SM44420 ,A ,
SM44421 ,A ,
SM44422 ,A ,
SM44423 ,S ,
SM44424 ,S ,
SM44425 ,A ,
SM44426 ,A ,
SM44427 ,A ,
SM44428 ,S ,
SM44429 ,S ,
SM44430 ,S ,
SM44431 ,A ,
SM44432 ,S ,
SM44433 ,A ,
SM44434 ,A ,
SM44435 ,A ,
SM44436 ,S ,
SM44437 ,S ,
SM44438 ,S ,
SM44439 ,S ,
SM44440 ,A ,
SM44441 ,S ,
SM44442 ,S ,
SM44443 ,S ,
SM44444 ,A ,
SM44445 ,S ,
SM44446 ,A ,
SM44448 ,A ,
SM44449 ,A ,
SM44450 ,S ,
SM44451 ,S ,
SM44452 ,S ,
SM44453 ,A ,
SM44454 ,A ,
SM44455 ,A ,
SM44456 ,S ,
SM44457 ,S ,
SM44458 ,S ,
SM44459 ,A ,
SM44460 ,S ,
SM44461 ,A ,
SM44462 ,A ,
SM44463 ,A ,
SM44464 ,A ,
SM44465 ,S ,
SM44466 ,S ,
SM44467 ,A ,
SM44468 ,A ,
SM44469 ,S ,
SM44470 ,S ,
SM44471 ,S ,
SM44472 ,A ,
SM44473 ,A ,
SM44474 ,A ,
SM44475 ,A ,
SM44476 ,A ,
SM44477 ,S ,
SM44478 ,S ,
SM44479 ,S ,
SM44480 ,A ,
SM44481 ,S ,
SM44482 ,A ,
SM44483 ,S ,
SM44484 ,S ,
SM44485 ,A ,
SM44486 ,A ,
SM44487 ,A ,
SM44488 ,A ,
SM44489 ,A ,
SM44490 ,S ,
SM44491 ,S ,
SM44492 ,A ,
SM44493 ,A ,
SM44494 ,S ,
SM44495 ,A ,
SM44496 ,S ,
SM44497 ,S ,
SM44498 ,A ,
SM44499 ,S ,
SM44500 ,A ,
SM44501 ,S ,
SM44502 ,S ,
SM44503 ,S ,
SM44504 ,S ,
SM44505 ,A ,
SM44506 ,S ,
SM44507 ,A ,
SM44508 ,S ,
SM44509 ,A ,
SM44510 ,S ,
SM44511 ,S ,
SM44512 ,A ,
SM44514 ,A ,
SM44515 ,S ,
SM44516 ,A ,
SM44517 ,S ,
SM44518 ,A ,
SM44519 ,S ,
SM44520 ,A ,
SM44521 ,A ,
SM44523 ,A ,
SM44524 ,A ,
SM44525 ,S ,
SM44526 ,A ,
SM44527 ,S ,
SM44528 ,A ,
SM44529 ,S ,
SM44530 ,A ,
SM44531 ,S ,
SM44532 ,S ,
SM44533 ,A ,
SM44534 ,S ,
SM44535 ,S ,
SM44536 ,A ,
SM44537 ,S ,
SM44538 ,S ,
SM44539 ,A ,
SM44540 ,A ,
SM44541 ,A ,
SM44542 ,S ,
SM44543 ,A ,
SM44544 ,S ,
SM44545 ,S ,
SM44546 ,S ,
SM44547 ,A ,
SM44548 ,A ,
SM44549 ,A ,
SM44550 ,S ,
SM44551 ,S ,
SM44552 ,A ,
SM44553 ,S ,
SM44554 ,S ,
SM44555 ,A ,
SM44556 ,S ,
SM44557 ,A ,
SM44558 ,S ,
SM44559 ,S ,
SM44560 ,A ,
SM44561 ,A ,
SM44562 ,A ,
SM44563 ,A ,
SM44564 ,S ,
SM44565 ,A ,
SM44566 ,A ,
SM44567 ,A ,
SM44568 ,A ,
SM44569 ,S ,
SM44570 ,S ,
SM44571 ,A ,
SM44572 ,A ,
SM44573 ,S ,
SM44574 ,S ,
SM44575 ,A ,
SM44576 ,S ,
SM44577 ,A ,
SM44578 ,S ,
SM44579 ,A ,
SM44580 ,A ,
SM44581 ,A ,
SM44582 ,A ,
SM44583 ,A ,
SM44584 ,A ,
SM44585 ,A ,
SM44586 ,S ,
SM44587 ,S ,
SM44588 ,A ,
SM44589 ,S ,
SM44590 ,S ,
SM44591 ,A ,
SM44592 ,A ,
SM44593 ,S ,
SM44594 ,A ,
SM44595 ,A ,
SM44596 ,S ,
SM44597 ,A ,
SM44598 ,A ,
SM44599 ,S ,
SM44600 ,A ,
SM44601 ,S ,
SM44602 ,S ,
SM44603 ,S ,
SM44604 ,S ,
SM44605 ,S ,
SM44606 ,A ,
SM44607 ,A ,
SM44608 ,S ,
SM44609 ,A ,
SM44610 ,S ,
SM44611 ,A ,
SM44612 ,A ,
SM44613 ,S ,
SM44614 ,S ,
SM44615 ,S ,
SM44616 ,A ,
SM44617 ,S ,
SM44618 ,A ,
SM44619 ,S ,
SM44620 ,A ,
SM44621 ,S ,
SM44622 ,S ,
SM44623 ,S ,
SM44624 ,A ,
SM44625 ,A ,
SM44626 ,A ,
SM44627 ,A ,
SM44628 ,A ,
SM44629 ,A ,
SM44630 ,S ,
SM44631 ,S ,
SM44632 ,S ,
SM44633 ,S ,
SM44634 ,S ,
SM44635 ,A ,
SM44636 ,A ,
SM44637 ,S ,
SM44638 ,A ,
SM44639 ,S ,
SM44640 ,S ,
SM44641 ,S ,
SM44642 ,A ,
SM44643 ,A ,
SM44644 ,A ,
SM44645 ,S ,
SM44646 ,S ,
SM44647 ,S ,
SM44648 ,A ,
SM44649 ,A ,
SM44650 ,S ,
SM44651 ,A ,
SM44652 ,S ,
SM44653 ,A ,
SM44654 ,A ,
SM44655 ,S ,
SM44656 ,A ,
SM44657 ,A ,
SM44658 ,A ,
SM44659 ,A ,
SM44660 ,S ,
SM44661 ,S ,
SM44662 ,A ,
SM44663 ,A ,
SM44664 ,A ,
SM44665 ,S ,
SM44666 ,A ,
SM44667 ,A ,
SM44668 ,S ,
SM44669 ,A ,
SM44670 ,S ,
SM44671 ,A ,
SM44672 ,A ,
SM44673 ,S ,
SM44674 ,A ,
SM44675 ,A ,
SM44676 ,A ,
SM44677 ,A ,
SM44678 ,S ,
SM44679 ,A ,
SM44680 ,S ,
SM44681 ,A ,
SM44682 ,A ,
SM44683 ,A ,
SM44684 ,S ,
SM44685 ,S ,
SM44686 ,A ,
SM44687 ,S ,
SM44688 ,A ,
SM44689 ,A ,
SM44690 ,A ,
SM44691 ,S ,
SM44692 ,S ,
SM44693 ,A ,
SM44694 ,A ,
SM44695 ,A ,
SM44696 ,S ,
SM44697 ,S ,
SM44698 ,S ,
SM44699 ,S ,
SM44700 ,S ,
SM44701 ,A ,
SM44702 ,A ,
SM44703 ,S ,
SM44704 ,S ,
SM44705 ,A ,
SM44706 ,S ,
SM44707 ,S ,
SM44708 ,S ,
SM44709 ,S ,
SM44710 ,S ,
SM44711 ,A ,
SM44712 ,S ,
SM44713 ,A ,
SM44714 ,S ,
SM44715 ,A ,
SM44716 ,S ,
SM44717 ,A ,
SM44718 ,A ,
SM44719 ,S ,
SM44720 ,S ,
SM44721 ,S ,
SM44722 ,A ,
SM44723 ,S ,
SM44724 ,S ,
SM44725 ,S ,
SM44726 ,S ,
SM44727 ,A ,
SM44728 ,A ,
SM44729 ,A ,
SM44730 ,A ,
SM44731 ,S ,
SM44732 ,S ,
SM44733 ,A ,
SM44734 ,A ,
SM44735 ,S ,
SM44736 ,S ,
SM44737 ,A ,
SM44738 ,S ,
SM44739 ,S ,
SM44740 ,S ,
SM44741 ,A ,
SM44742 ,A ,
SM44743 ,S ,
SM44744 ,A ,
SM44745 ,A ,
SM44746 ,A ,
SM44747 ,S ,
SM44748 ,A ,
SM44749 ,S ,
SM44750 ,A ,
SM44751 ,S ,
SM44752 ,A ,
SM44753 ,A ,
SM44754 ,S ,
SM44755 ,S ,
SM44756 ,A ,
SM44757 ,A ,
SM44758 ,S ,
SM44759 ,A ,
SM44760 ,S ,
SM44761 ,A ,
SM44762 ,A ,
SM44763 ,A ,
SM44764 ,S ,
SM44765 ,A ,
SM44766 ,A ,
SM44767 ,S ,
SM44768 ,S ,
SM44769 ,A ,
SM44770 ,A ,
SM44771 ,A ,
SM44772 ,S ,
SM44773 ,A ,
SM44774 ,A ,
SM44775 ,A ,
SM44776 ,A ,
SM44777 ,S ,
SM44778 ,S ,
SM44779 ,A ,
SM44780 ,A ,
SM44781 ,A ,
SM44782 ,S ,
SM44783 ,A ,
SM44784 ,A ,
SM44785 ,A ,
SM44786 ,A ,
SM44787 ,S ,
SM44788 ,S ,
SM44789 ,S ,
SM44790 ,S ,
SM44791 ,S ,
SM44792 ,A ,
SM44793 ,S ,
SM44794 ,A ,
SM44795 ,A ,
SM44796 ,S ,
SM44797 ,S ,
SM44798 ,A ,
SM44799 ,A ,
SM44800 ,S ,
SM44801 ,S ,
SM44802 ,S ,
SM44803 ,S ,
SM44804 ,A ,
SM44805 ,A ,
SM44806 ,S ,
SM44807 ,S ,
SM44808 ,A ,
SM44809 ,A ,
SM44810 ,S ,
SM44811 ,S ,
SM44812 ,S ,
SM44813 ,S ,
SM44814 ,S ,
SM44815 ,A ,
SM44816 ,A ,
SM44817 ,A ,
SM44818 ,A ,
SM44819 ,A ,
SM44820 ,A ,
SM44821 ,S ,
SM44822 ,S ,
SM44823 ,S ,
SM44826 ,A ,
SM44827 ,S ,
SM44828 ,A ,
SM44829 ,A ,
SM44830 ,S ,
SM44831 ,S ,
SM44832 ,S ,
SM44833 ,A ,
SM44834 ,S ,
SM44835 ,S ,
SM44836 ,A ,
SM44837 ,S ,
SM44838 ,S ,
SM44839 ,A ,
SM44840 ,S ,
SM44841 ,A ,
SM44842 ,A ,
SM44843 ,A ,
SM44844 ,S ,
SM44845 ,S ,
SM44846 ,A ,
SM44847 ,S ,
SM44848 ,S ,
SM44849 ,S ,
SM44850 ,A ,
SM44851 ,A ,
SM44853 ,A ,
SM44854 ,A ,
SM44855 ,A ,
SM44856 ,A ,
SM44857 ,A ,
SM44858 ,S ,
SM44859 ,S ,
SM44860 ,A ,
SM44861 ,A ,
SM44862 ,A ,
SM44863 ,S ,
SM44864 ,S ,
SM44865 ,S ,
SM44866 ,A ,
SM44867 ,S ,
SM44868 ,A ,
SM44869 ,S ,
SM44870 ,S ,
SM44871 ,A ,
SM44872 ,A ,
SM44873 ,S ,
SM44874 ,A ,
SM44875 ,S ,
SM44876 ,S ,
SM44877 ,A ,
SM44878 ,S ,
SM44879 ,S ,
SM44881 ,S ,
SM44882 ,A ,
SM44883 ,S ,
SM44884 ,S ,
SM44885 ,A ,
SM44886 ,S ,
SM44887 ,A ,
SM44888 ,S ,
SM44889 ,S ,
SM44890 ,S ,
SM44891 ,S ,
SM44892 ,S ,
SM44893 ,S ,
SM44894 ,A ,
SM44895 ,A ,
SM44896 ,A ,
SM44897 ,A ,
SM44898 ,S ,
SM44899 ,S ,
SM44900 ,S ,
SM44901 ,S ,
SM44902 ,S ,
SM44903 ,S ,
SM44904 ,A ,
SM44905 ,A ,
SM44906 ,S ,
SM44907 ,A ,
SM44908 ,S ,
SM44909 ,A ,
SM44910 ,S ,
SM44911 ,A ,
SM44912 ,S ,
SM44913 ,A ,
SM44914 ,A ,
SM44915 ,A ,
SM44916 ,S ,
SM44917 ,S ,
SM44918 ,A ,
SM44919 ,S ,
SM44920 ,S ,
SM44921 ,S ,
SM44922 ,S ,
SM44923 ,A ,
SM44924 ,A ,
SM44925 ,S ,
SM44926 ,A ,
SM44927 ,S ,
SM44928 ,S ,
SM44929 ,S ,
SM44930 ,A ,
SM44931 ,S ,
SM44932 ,A ,
SM44933 ,A ,
SM44935 ,S ,
SM44936 ,S ,
SM44937 ,S ,
SM44938 ,A ,
SM44939 ,S ,
SM44940 ,S ,
SM44941 ,S ,
SM44942 ,A ,
SM44943 ,S ,
SM44944 ,S ,
SM44945 ,A ,
SM44946 ,S ,
SM44947 ,A ,
SM44948 ,S ,
SM44949 ,A ,
SM44950 ,A ,
SM44951 ,A ,
SM44952 ,S ,
SM44953 ,S ,
SM44954 ,S ,
SM44955 ,S ,
SM44956 ,S ,
SM44957 ,S ,
SM44958 ,A ,
SM44959 ,A ,
SM44960 ,S ,
SM44961 ,A ,
SM44962 ,S ,
SM44963 ,A ,
SM44964 ,S ,
SM44965 ,S ,
SM44966 ,A ,
SM44967 ,A ,
SM44968 ,A ,
SM44969 ,S ,
SM44970 ,A ,
SM44971 ,A ,
SM44972 ,S ,
SM44973 ,A ,
SM44974 ,S ,
SM44975 ,A ,
SM44976 ,S ,
SM44977 ,S ,
SM44978 ,A ,
SM44979 ,A ,
SM44980 ,A ,
SM44981 ,A ,
SM44982 ,S ,
SM44983 ,S ,
SM44984 ,S ,
SM44985 ,A ,
SM44986 ,A ,
SM44987 ,S ,
SM44988 ,S ,
SM44989 ,S ,
SM44990 ,A ,
SM44991 ,S ,
SM44992 ,S ,
SM44993 ,S ,
SM44994 ,S ,
SM44995 ,S ,
SM44996 ,S ,
SM44997 ,S ,
SM44998 ,A ,
SM44999 ,A ,
SM45000 ,S ,
SM45001 ,A ,
SM45002 ,A ,
SM45003 ,A ,
SM45004 ,A ,
SM45005 ,S ,
SM45006 ,S ,
SM45007 ,S ,
SM45008 ,S ,
SM45009 ,A ,
SM45010 ,A ,
SM45011 ,S ,
SM45012 ,S ,
SM45013 ,A ,
SM45014 ,A ,
SM45015 ,A ,
SM45016 ,S ,
SM45017 ,S ,
SM45018 ,A ,
SM45019 ,S ,
SM45020 ,S ,
SM45021 ,A ,
SM45022 ,S ,
SM45023 ,S ,
SM45024 ,A ,
SM45025 ,A ,
SM45026 ,S ,
SM45027 ,S ,
SM45028 ,A ,
SM45029 ,S ,
SM45030 ,S ,
SM45031 ,S ,
SM45032 ,S ,
SM45033 ,A ,
SM45034 ,A ,
SM45035 ,A ,
SM45036 ,A ,
SM45037 ,S ,
SM45038 ,S ,
SM45039 ,S ,
SM45040 ,A ,
SM45041 ,S ,
SM45042 ,S ,
SM45043 ,S ,
SM45044 ,S ,
SM45045 ,S ,
SM45046 ,A ,
SM45047 ,S ,
SM45048 ,A ,
SM45049 ,S ,
SM45050 ,S ,
SM45051 ,S ,
SM45052 ,A ,
SM45053 ,A ,
SM45054 ,S ,
SM45055 ,S ,
SM45056 ,S ,
SM45057 ,A ,
SM45058 ,A ,
SM45059 ,S ,
SM45060 ,A ,
SM45062 ,A ,
SM45063 ,S ,
SM45064 ,A ,
SM45065 ,S ,
SM45066 ,S ,
SM45067 ,S ,
SM45068 ,S ,
SM45069 ,S ,
SM45070 ,S ,
SM45071 ,S ,
SM45072 ,S ,
SM45073 ,S ,
SM45074 ,A ,
SM45075 ,A ,
SM45076 ,A ,
SM45077 ,A ,
SM45078 ,A ,
SM45079 ,S ,
SM45080 ,S ,
SM45081 ,S ,
SM45082 ,A ,
SM45083 ,S ,
SM45084 ,A ,
SM45085 ,S ,
SM45086 ,S ,
SM45087 ,A ,
SM45088 ,S ,
SM45089 ,S ,
SM45090 ,S ,
SM45091 ,S ,
SM45092 ,A ,
SM45093 ,A ,
SM45094 ,S ,
SM45095 ,S ,
SM45096 ,S ,
SM45097 ,S ,
SM45098 ,S ,
SM45099 ,A ,
SM45100 ,A ,
SM45101 ,S ,
SM45102 ,S ,
SM45103 ,A ,
SM45104 ,S ,
SM45105 ,A ,
SM45106 ,A ,
SM45107 ,A ,
SM45108 ,S ,
SM45109 ,A ,
SM45111 ,S ,
SM45112 ,A ,
SM45114 ,S ,
SM45115 ,S ,
SM45116 ,S ,
SM45117 ,S ,
SM45118 ,S ,
SM45119 ,S ,
SM45120 ,A ,
SM45121 ,S ,
SM45122 ,S ,
SM45123 ,S ,
SM45124 ,S ,
SM45125 ,A ,
SM45126 ,S ,
SM45127 ,A ,
SM45128 ,A ,
SM45129 ,S ,
SM45130 ,S ,
SM45131 ,A ,
SM45132 ,A ,
SM45134 ,S ,
SM45135 ,A ,
SM45136 ,S ,
SM45137 ,S ,
SM45138 ,S ,
SM45139 ,A ,
SM45140 ,S ,
SM45141 ,A ,
SM45142 ,S ,
SM45143 ,S ,
SM45144 ,S ,
SM45145 ,S ,
SM45146 ,S ,
SM45147 ,A ,
SM45148 ,S ,
SM45149 ,S ,
SM45150 ,A ,
SM45151 ,S ,
SM45152 ,A ,
SM45153 ,A ,
SM45154 ,A ,
SM45155 ,S ,
SM45156 ,A ,
SM45157 ,A ,
SM45158 ,S ,
SM45159 ,A ,
SM45160 ,A ,
SM45161 ,A ,
SM45162 ,A ,
SM45163 ,A ,
SM45164 ,A ,
SM45165 ,S ,
SM45166 ,S ,
SM45167 ,A ,
SM45168 ,S ,
SM45169 ,A ,
SM45170 ,S ,
SM45171 ,A ,
SM45172 ,A ,
SM45173 ,A ,
SM45174 ,A ,
SM45175 ,S ,
SM45176 ,A ,
SM45177 ,S ,
SM45178 ,A ,
SM45179 ,A ,
SM45180 ,A ,
SM45181 ,S ,
SM45182 ,A ,
SM45183 ,S ,
SM45184 ,S ,
SM45185 ,A ,
SM45186 ,S ,
SM45187 ,S ,
SM45188 ,S ,
SM45189 ,A ,
SM45190 ,A ,
SM45191 ,S ,
SM45192 ,A ,
SM45193 ,S ,
SM45194 ,S ,
SM45195 ,S ,
SM45196 ,A ,
SM45197 ,A ,
SM45198 ,A ,
SM45199 ,S ,
SM45200 ,A ,
SM45201 ,S ,
SM45202 ,A ,
SM45203 ,S ,
SM45204 ,A ,
SM45205 ,A ,
SM45206 ,S ,
SM45207 ,A ,
SM45208 ,S ,
SM45209 ,S ,
SM45210 ,A ,
SM45211 ,S ,
SM45212 ,A ,
SM45213 ,A ,
SM45214 ,S ,
SM45215 ,S ,
SM45216 ,S ,
SM45217 ,S ,
SM45218 ,S ,
SM45219 ,S ,
SM45220 ,S ,
SM45221 ,A ,
SM45222 ,A ,
SM45223 ,S ,
SM45224 ,S ,
SM45225 ,A ,
SM45226 ,A ,
SM45227 ,S ,
SM45228 ,A ,
SM45229 ,S ,
SM45230 ,S ,
SM45231 ,S ,
SM45232 ,S ,
SM45233 ,A ,
SM45234 ,S ,
SM45235 ,S ,
SM45236 ,S ,
SM45237 ,S ,
SM45238 ,A ,
SM45239 ,A ,
SM45240 ,S ,
SM45241 ,S ,
SM45242 ,S ,
SM45243 ,S ,
SM45244 ,A ,
SM45245 ,S ,
SM45246 ,S ,
SM45247 ,S ,
SM45248 ,S ,
SM45249 ,S ,
SM45250 ,S ,
SM45251 ,S ,
SM45252 ,A ,
SM45253 ,S ,
SM45254 ,S ,
SM45255 ,S ,
SM45256 ,A ,
SM45257 ,A ,
SM45258 ,S ,
SM45259 ,S ,
SM45260 ,S ,
SM45261 ,S ,
SM45262 ,S ,
SM45263 ,S ,
SM45264 ,A ,
SM45265 ,A ,
SM45266 ,A ,
SM45267 ,S ,
SM45268 ,A ,
SM45269 ,A ,
SM45270 ,S ,
SM45271 ,A ,
SM45272 ,A ,
SM45273 ,S ,
SM45274 ,A ,
SM45275 ,A ,
SM45276 ,S ,
SM45277 ,A ,
SM45279 ,S ,
SM45280 ,S ,
SM45281 ,A ,
SM45282 ,S ,
SM45283 ,A ,
SM45284 ,S ,
SM45285 ,S ,
SM45286 ,S ,
SM45288 ,A ,
SM45289 ,S ,
SM45290 ,S ,
SM45291 ,A ,
SM45292 ,S ,
SM45293 ,S ,
SM45294 ,S ,
SM45295 ,A ,
SM45296 ,S ,
SM45297 ,A ,
SM45298 ,A ,
SM45299 ,S ,
SM45300 ,A ,
SM45301 ,S ,
SM45302 ,S ,
SM45303 ,A ,
SM45304 ,S ,
SM45305 ,S ,
SM45306 ,A ,
SM45307 ,S ,
SM45308 ,S ,
SM45309 ,A ,
SM45310 ,S ,
SM45311 ,A ,
SM45312 ,S ,
SM45313 ,A ,
SM45314 ,A ,
SM45315 ,A ,
SM45316 ,S ,
SM45317 ,A ,
SM45318 ,S ,
SM45319 ,S ,
SM45320 ,A ,
SM45321 ,S ,
SM45322 ,A ,
SM45323 ,A ,
SM45324 ,A ,
SM45325 ,A ,
SM45326 ,A ,
SM45327 ,S ,
SM45328 ,A ,
SM45329 ,A ,
SM45330 ,S ,
SM45331 ,S ,
SM45332 ,S ,
SM45333 ,A ,
SM45334 ,S ,
SM45335 ,S ,
SM45336 ,S ,
SM45338 ,S ,
SM45339 ,S ,
SM45340 ,A ,
SM45341 ,S ,
SM45342 ,A ,
SM45343 ,S ,
SM45344 ,S ,
SM45345 ,S ,
SM45346 ,A ,
SM45347 ,A ,
SM45348 ,A ,
SM45349 ,A ,
SM45351 ,A ,
SM45352 ,A ,
SM45353 ,A ,
SM45354 ,S ,
SM45355 ,S ,
SM45356 ,S ,
SM45357 ,A ,
SM45358 ,S ,
SM45359 ,S ,
SM45360 ,S ,
SM45361 ,S ,
SM45362 ,A ,
SM45363 ,S ,
SM45364 ,A ,
SM45365 ,A ,
SM45367 ,S ,
SM45368 ,S ,
SM45369 ,S ,
SM45370 ,S ,
SM45371 ,S ,
SM45372 ,A ,
SM45373 ,A ,
SM45374 ,A ,
SM45375 ,S ,
SM45376 ,S ,
SM45377 ,S ,
SM45378 ,S ,
SM45379 ,A ,
SM45381 ,A ,
SM45382 ,S ,
SM45383 ,A ,
SM45384 ,A ,
SM45385 ,S ,
SM45386 ,S ,
SM45387 ,S ,
SM45388 ,S ,
SM45389 ,S ,
SM45390 ,S ,
SM45391 ,S ,
SM45392 ,S ,
SM45393 ,S ,
SM45394 ,A ,
SM45395 ,S ,
SM45396 ,A ,
SM45397 ,A ,
SM45398 ,A ,
SM45399 ,A ,
SM45400 ,S ,
SM45401 ,A ,
SM45402 ,A ,
SM45403 ,S ,
SM45405 ,S ,
SM45406 ,S ,
SM45407 ,A ,
SM45408 ,S ,
SM45409 ,A ,
SM45410 ,S ,
SM45412 ,S ,
SM45413 ,S ,
SM45414 ,A ,
SM45415 ,S ,
SM45416 ,S ,
SM45417 ,A ,
SM45418 ,A ,
SM45419 ,S ,
SM45420 ,S ,
SM45421 ,A ,
SM45422 ,A ,
SM45423 ,S ,
SM45424 ,S ,
SM45425 ,S ,
SM45426 ,S ,
SM45427 ,S ,
SM45428 ,S ,
SM45429 ,A ,
SM45430 ,S ,
SM45431 ,S ,
SM45432 ,A ,
SM45433 ,S ,
SM45434 ,A ,
SM45435 ,S ,
SM45436 ,A ,
SM45437 ,A ,
SM45438 ,A ,
SM45439 ,A ,
SM45440 ,A ,
SM45441 ,S ,
SM45442 ,S ,
SM45443 ,S ,
SM45444 ,S ,
SM45445 ,A ,
SM45446 ,S ,
SM45447 ,S ,
SM45448 ,S ,
SM45449 ,A ,
SM45450 ,S ,
SM45451 ,S ,
SM45452 ,S ,
SM45453 ,S ,
SM45454 ,A ,
SM45455 ,S ,
SM45456 ,S ,
SM45457 ,S ,
SM45458 ,A ,
SM45459 ,A ,
SM45460 ,S ,
SM45461 ,S ,
SM45462 ,A ,
SM45463 ,A ,
SM45464 ,A ,
SM45465 ,S ,
SM45466 ,A ,
SM45467 ,S ,
SM45468 ,A ,
SM45469 ,S ,
SM45470 ,S ,
SM45471 ,A ,
SM45472 ,S ,
SM45473 ,A ,
SM45474 ,S ,
SM45475 ,A ,
SM45476 ,S ,
SM45477 ,S ,
SM45478 ,A ,
SM45479 ,A ,
SM45480 ,S ,
SM45481 ,A ,
SM45482 ,S ,
SM45483 ,S ,
SM45484 ,S ,
SM45485 ,S ,
SM45486 ,S ,
SM45487 ,A ,
SM45488 ,S ,
SM45489 ,S ,
SM45490 ,S ,
SM45491 ,A ,
SM45492 ,S ,
SM45493 ,A ,
SM45494 ,S ,
SM45495 ,A ,
SM45496 ,S ,
SM45497 ,S ,
SM45498 ,S ,
SM45499 ,A ,
SM45500 ,S ,
SM45501 ,A ,
SM45502 ,A ,
SM45503 ,S ,
SM45504 ,S ,
SM45505 ,S ,
SM45506 ,A ,
SM45507 ,A ,
SM45508 ,S ,
SM45509 ,S ,
SM45510 ,A ,
SM45511 ,S ,
SM45512 ,S ,
SM45513 ,S ,
SM45514 ,A ,
SM45515 ,S ,
SM45516 ,A ,
SM45517 ,S ,
SM45518 ,S ,
SM45519 ,S ,
SM45520 ,S ,
SM45521 ,S ,
SM45522 ,S ,
SM45523 ,S ,
SM45524 ,A ,
SM45525 ,S ,
SM45526 ,A ,
SM45527 ,A ,
SM45528 ,S ,
SM45529 ,A ,
SM45530 ,S ,
SM45531 ,S ,
SM45532 ,A ,
SM45533 ,S ,
SM45534 ,A ,
SM45535 ,A ,
SM45536 ,S ,
SM45537 ,A ,
SM45538 ,A ,
SM45539 ,S ,
SM45540 ,S ,
SM45541 ,S ,
SM45542 ,S ,
SM45543 ,S ,
SM45544 ,S ,
SM45545 ,S ,
SM45546 ,S ,
SM45547 ,S ,
SM45548 ,S ,
SM45549 ,S ,
SM45550 ,A ,
SM45551 ,S ,
SM45552 ,S ,
SM45553 ,S ,
SM45554 ,A ,
SM45555 ,S ,
SM45556 ,S ,
SM45557 ,S ,
SM45558 ,A ,
SM45559 ,A ,
SM45560 ,S ,
SM45561 ,S ,
SM45562 ,A ,
SM45563 ,S ,
SM45564 ,S ,
SM45565 ,S ,
SM45566 ,S ,
SM45567 ,S ,
SM45568 ,A ,
SM45569 ,S ,
SM45570 ,A ,
SM45571 ,A ,
SM45572 ,S ,
SM45573 ,S ,
SM45574 ,S ,
SM45575 ,A ,
SM45576 ,A ,
SM45577 ,S ,
SM45578 ,S ,
SM45579 ,S ,
SM45580 ,S ,
SM45581 ,A ,
SM45582 ,S ,
SM45583 ,S ,
SM45584 ,S ,
SM45585 ,A ,
SM45586 ,S ,
SM45587 ,S ,
SM45588 ,S ,
SM45589 ,S ,
SM45590 ,A ,
SM45591 ,A ,
SM45592 ,S ,
SM45593 ,A ,
SM45594 ,S ,
SM45595 ,S ,
SM45596 ,S ,
SM45597 ,A ,
SM45598 ,A ,
SM45599 ,S ,
SM45600 ,S ,
SM45601 ,A ,
SM45602 ,S ,
SM45603 ,S ,
SM45604 ,S ,
SM45605 ,A ,
SM45606 ,S ,
SM45607 ,S ,
SM45608 ,A ,
SM45609 ,S ,
SM45610 ,A ,
SM45611 ,S ,
SM45612 ,A ,
SM45613 ,S ,
SM45614 ,A ,
SM45615 ,S ,
SM45616 ,S ,
SM45617 ,A ,
SM45618 ,A ,
SM45619 ,A ,
SM45620 ,A ,
SM45621 ,A ,
SM45622 ,A ,
SM45623 ,S ,
SM45624 ,S ,
SM45625 ,S ,
SM45626 ,A ,
SM45627 ,S ,
SM45628 ,A ,
SM45629 ,S ,
SM45630 ,S ,
SM45631 ,A ,
SM45632 ,S ,
SM45633 ,A ,
SM45634 ,S ,
SM45635 ,A ,
SM45636 ,A ,
SM45637 ,S ,
SM45638 ,S ,
SM45639 ,S ,
SM45640 ,S ,
SM45641 ,S ,
SM45642 ,S ,
SM45643 ,A ,
SM45644 ,S ,
SM45645 ,A ,
SM45646 ,S ,
SM45647 ,S ,
SM45648 ,A ,
SM45649 ,S ,
SM45650 ,S ,
SM45651 ,A ,
SM45652 ,A ,
SM45653 ,S ,
SM45654 ,S ,
SM45655 ,A ,
SM45656 ,A ,
SM45657 ,S ,
SM45658 ,S ,
SM45659 ,S ,
SM45660 ,A ,
SM45661 ,A ,
SM45662 ,S ,
SM45663 ,S ,
SM45664 ,S ,
SM45665 ,S ,
SM45666 ,A ,
SM45667 ,S ,
SM45668 ,S ,
SM45669 ,A ,
SM45670 ,A ,
SM45671 ,S ,
SM45672 ,S ,
SM45673 ,A ,
SM45674 ,S ,
SM45675 ,A ,
SM45676 ,S ,
SM45677 ,A ,
SM45678 ,S ,
SM45679 ,S ,
SM45680 ,S ,
SM45681 ,S ,
SM45682 ,A ,
SM45683 ,A ,
SM45684 ,A ,
SM45685 ,S ,
SM45686 ,A ,
SM45687 ,S ,
SM45688 ,S ,
SM45689 ,A ,
SM45690 ,A ,
SM45691 ,S ,
SM45692 ,S ,
SM45693 ,A ,
SM45694 ,A ,
SM45695 ,A ,
SM45696 ,S ,
SM45697 ,S ,
SM45698 ,S ,
SM45699 ,A ,
SM45700 ,S ,
SM45701 ,S ,
SM45702 ,S ,
SM45703 ,S ,
SM45704 ,A ,
SM45705 ,S ,
SM45706 ,S ,
SM45707 ,S ,
SM45708 ,S ,
SM45709 ,A ,
SM45710 ,A ,
SM45711 ,S ,
SM45712 ,S ,
SM45713 ,A ,
SM45714 ,S ,
SM45715 ,S ,
SM45716 ,S ,
SM45717 ,S ,
SM45718 ,S ,
SM45719 ,A ,
SM45720 ,A ,
SM45721 ,A ,
SM45722 ,A ,
SM45723 ,S ,
SM45724 ,S ,
SM45725 ,S ,
SM45726 ,A ,
SM45727 ,S ,
SM45728 ,S ,
SM45729 ,A ,
SM45730 ,S ,
SM45731 ,A ,
SM45732 ,A ,
SM45733 ,A ,
SM45734 ,S ,
SM45735 ,S ,
SM45736 ,A ,
SM45737 ,A ,
SM45738 ,S ,
SM45739 ,S ,
SM45740 ,S ,
SM45741 ,S ,
SM45742 ,A ,
SM45743 ,S ,
SM45744 ,S ,
SM45745 ,A ,
SM45746 ,S ,
SM45747 ,S ,
SM45748 ,S ,
SM45749 ,A ,
SM45750 ,A ,
SM45751 ,A ,
SM45752 ,A ,
SM45753 ,A ,
SM45754 ,S ,
SM45755 ,A ,
SM45756 ,A ,
SM45757 ,A ,
SM45758 ,S ,
SM45759 ,A ,
SM45760 ,A ,
SM45761 ,S ,
SM45762 ,S ,
SM45763 ,S ,
SM45764 ,S ,
SM45765 ,S ,
SM45766 ,A ,
SM45767 ,S ,
SM45768 ,A ,
SM45769 ,A ,
SM45770 ,S ,
SM45771 ,A ,
SM45772 ,S ,
SM45773 ,A ,
SM45774 ,S ,
SM45775 ,S ,
SM45776 ,A ,
SM45777 ,A ,
SM45778 ,S ,
SM45779 ,S ,
SM45780 ,A ,
SM45781 ,A ,
SM45782 ,A ,
SM45783 ,A ,
SM45784 ,A ,
SM45785 ,S ,
SM45786 ,A ,
SM45787 ,A ,
SM45788 ,S ,
SM45789 ,S ,
SM45790 ,S ,
SM45791 ,S ,
SM45792 ,A ,
SM45793 ,S ,
SM45794 ,S ,
SM45795 ,S ,
SM45796 ,A ,
SM45797 ,S ,
SM45798 ,A ,
SM45799 ,A ,
SM45800 ,S ,
SM45801 ,A ,
SM45802 ,S ,
SM45803 ,S ,
SM45804 ,S ,
SM45805 ,A ,
SM45806 ,A ,
SM45807 ,S ,
SM45808 ,A ,
SM45809 ,A ,
SM45810 ,A ,
SM45811 ,S ,
SM45812 ,S ,
SM45813 ,A ,
SM45814 ,A ,
SM45815 ,S ,
SM45816 ,A ,
SM45817 ,S ,
SM45818 ,A ,
SM45819 ,S ,
SM45820 ,S ,
SM45821 ,S ,
SM45822 ,S ,
SM45823 ,S ,
SM45824 ,S ,
SM45825 ,S ,
SM45826 ,S ,
SM45827 ,S ,
SM45828 ,S ,
SM45829 ,S ,
SM45830 ,A ,
SM45831 ,A ,
SM45832 ,S ,
SM45833 ,S ,
SM45834 ,S ,
SM45835 ,A ,
SM45836 ,S ,
SM45837 ,S ,
SM45838 ,A ,
SM45839 ,S ,
SM45840 ,A ,
SM45841 ,S ,
SM45842 ,S ,
SM45843 ,S ,
SM45844 ,S ,
SM45845 ,A ,
SM45846 ,S ,
SM45847 ,A ,
SM45848 ,S ,
SM45849 ,S ,
SM45850 ,S ,
SM45851 ,S ,
SM45852 ,A ,
SM45853 ,S ,
SM45854 ,A ,
SM45855 ,S ,
SM45856 ,A ,
SM45857 ,S ,
SM45858 ,A ,
SM45859 ,A ,
SM45860 ,S ,
SM45861 ,A ,
SM45862 ,S ,
SM45863 ,A ,
SM45864 ,S ,
SM45865 ,S ,
SM45866 ,S ,
SM45867 ,A ,
SM45868 ,S ,
SM45869 ,A ,
SM45870 ,S ,
SM45871 ,A ,
SM45872 ,S ,
SM45873 ,A ,
SM45874 ,S ,
SM45875 ,S ,
SM45876 ,A ,
SM45877 ,A ,
SM45878 ,S ,
SM45879 ,A ,
SM45880 ,A ,
SM45881 ,A ,
SM45882 ,S ,
SM45883 ,A ,
SM45884 ,A ,
SM45885 ,S ,
SM45886 ,S ,
SM45887 ,S ,
SM45888 ,A ,
SM45889 ,S ,
SM45890 ,S ,
SM45891 ,S ,
SM45892 ,S ,
SM45893 ,A ,
SM45894 ,S ,
SM45895 ,S ,
SM45896 ,S ,
SM45897 ,S ,
SM45898 ,A ,
SM45899 ,A ,
SM45900 ,S ,
SM45901 ,A ,
SM45902 ,S ,
SM45903 ,A ,
SM45904 ,S ,
SM45905 ,A ,
SM45906 ,S ,
SM45907 ,S ,
SM45908 ,S ,
SM45909 ,S ,
SM45910 ,S ,
SM45911 ,S ,
SM45912 ,A ,
SM45913 ,S ,
SM45914 ,A ,
SM45915 ,S ,
SM45916 ,S ,
SM45917 ,S ,
SM45918 ,S ,
SM45919 ,A ,
SM45920 ,S ,
SM45921 ,S ,
SM45922 ,A ,
SM45923 ,A ,
SM45924 ,A ,
SM45925 ,S ,
SM45927 ,S ,
SM45928 ,A ,
SM45929 ,S ,
SM45930 ,A ,
SM45931 ,S ,
SM45932 ,A ,
SM45933 ,A ,
SM45934 ,A ,
SM45935 ,A ,
SM45936 ,S ,
SM45937 ,A ,
SM45938 ,S ,
SM45939 ,A ,
SM45940 ,S ,
SM45941 ,S ,
SM45942 ,A ,
SM45943 ,S ,
SM45944 ,A ,
SM45945 ,A ,
SM45946 ,A ,
SM45947 ,A ,
SM45948 ,S ,
SM45949 ,A ,
SM45950 ,S ,
SM45951 ,S ,
SM45952 ,S ,
SM45953 ,A ,
SM45954 ,S ,
SM45955 ,S ,
SM45956 ,A ,
SM45957 ,S ,
SM45958 ,S ,
SM45959 ,S ,
SM45960 ,A ,
SM45961 ,S ,
SM45962 ,A ,
SM45963 ,S ,
SM45964 ,A ,
SM45965 ,S ,
SM45966 ,A ,
SM45967 ,A ,
SM45968 ,S ,
SM45969 ,S ,
SM45970 ,S ,
SM45971 ,A ,
SM45972 ,A ,
SM45973 ,S ,
SM45974 ,S ,
SM45975 ,A ,
SM45976 ,S ,
SM45977 ,S ,
SM45978 ,A ,
SM45979 ,S ,
SM45980 ,S ,
SM45981 ,A ,
SM45982 ,S ,
SM45983 ,S ,
SM45984 ,A ,
SM45985 ,A ,
SM45986 ,S ,
SM45987 ,A ,
SM45988 ,S ,
SM45989 ,S ,
SM45990 ,A ,
SM45991 ,A ,
SM45992 ,S ,
SM45993 ,S ,
SM45994 ,S ,
SM45995 ,A ,
SM45996 ,A ,
SM45997 ,S ,
SM45998 ,S ,
SM45999 ,A ,
SM46000 ,S ,
SM46001 ,A ,
SM46002 ,S ,
SM46003 ,S ,
SM46004 ,A ,
SM46005 ,A ,
SM46006 ,S ,
SM46007 ,S ,
SM46008 ,S ,
SM46009 ,A ,
SM46010 ,S ,
SM46011 ,A ,
SM46012 ,A ,
SM46013 ,S ,
SM46014 ,A ,
SM46015 ,S ,
SM46016 ,S ,
SM46017 ,A ,
SM46018 ,S ,
SM46019 ,A ,
SM46020 ,A ,
SM46021 ,A ,
SM46022 ,A ,
SM46023 ,A ,
SM46024 ,S ,
SM46025 ,S ,
SM46026 ,S ,
SM46027 ,A ,
SM46028 ,S ,
SM46029 ,A ,
SM46030 ,S ,
SM46031 ,S ,
SM46032 ,S ,
SM46033 ,A ,
SM46034 ,A ,
SM46035 ,S ,
SM46036 ,S ,
SM46037 ,S ,
SM46038 ,S ,
SM46039 ,A ,
SM46040 ,A ,
SM46041 ,S ,
SM46042 ,A ,
SM46043 ,S ,
SM46044 ,S ,
SM46045 ,A ,
SM46046 ,A ,
SM46047 ,A ,
SM46048 ,S ,
SM46049 ,A ,
SM46050 ,S ,
SM46051 ,A ,
SM46052 ,A ,
SM46053 ,A ,
SM46054 ,A ,
SM46055 ,A ,
SM46056 ,A ,
SM46057 ,S ,
SM46058 ,S ,
SM46059 ,A ,
SM46060 ,S ,
SM46061 ,A ,
SM46062 ,A ,
SM46063 ,A ,
SM46064 ,A ,
SM46065 ,S ,
SM46066 ,S ,
SM46067 ,S ,
SM46068 ,A ,
SM46069 ,S ,
SM46070 ,S ,
SM46071 ,S ,
SM46072 ,S ,
SM46073 ,A ,
SM46074 ,A ,
SM46075 ,A ,
SM46076 ,S ,
SM46077 ,A ,
SM46078 ,S ,
SM46079 ,A ,
SM46080 ,S ,
SM46081 ,A ,
SM46082 ,A ,
SM46083 ,A ,
SM46084 ,S ,
SM46085 ,A ,
SM46086 ,S ,
SM46087 ,A ,
SM46088 ,S ,
SM46089 ,S ,
SM46090 ,A ,
SM46091 ,S ,
SM46092 ,A ,
SM46093 ,A ,
SM46094 ,A ,
SM46095 ,A ,
SM46096 ,A ,
SM46097 ,A ,
SM46098 ,A ,
SM46099 ,S ,
SM46100 ,S ,
SM46101 ,S ,
SM46102 ,S ,
SM46103 ,S ,
SM46104 ,S ,
SM46105 ,S ,
SM46106 ,S ,
SM46107 ,S ,
SM46108 ,A ,
SM46109 ,A ,
SM46110 ,S ,
SM46111 ,A ,
SM46112 ,A ,
SM46113 ,A ,
SM46114 ,A ,
SM46115 ,S ,
SM46116 ,S ,
SM46117 ,A ,
SM46118 ,S ,
SM46119 ,S ,
SM46120 ,A ,
SM46121 ,S ,
SM46122 ,S ,
SM46123 ,A ,
SM46124 ,S ,
SM46125 ,S ,
SM46126 ,S ,
SM46127 ,A ,
SM46128 ,S ,
SM46129 ,A ,
SM46130 ,S ,
SM46131 ,A ,
SM46132 ,S ,
SM46133 ,A ,
SM46134 ,A ,
SM46135 ,A ,
SM46136 ,S ,
SM46137 ,A ,
SM46138 ,A ,
SM46139 ,A ,
SM46140 ,A ,
SM46141 ,A ,
SM46142 ,S ,
SM46143 ,S ,
SM46144 ,S ,
SM46145 ,S ,
SM46146 ,S ,
SM46147 ,A ,
SM46148 ,A ,
SM46149 ,A ,
SM46150 ,S ,
SM46151 ,S ,
SM46152 ,S ,
SM46153 ,A ,
SM46154 ,A ,
SM46155 ,A ,
SM46156 ,S ,
SM46157 ,A ,
SM46158 ,A ,
SM46159 ,S ,
SM46160 ,A ,
SM46161 ,S ,
SM46162 ,S ,
SM46163 ,S ,
SM46164 ,A ,
SM46165 ,S ,
SM46166 ,S ,
SM46167 ,S ,
SM46168 ,A ,
SM46169 ,S ,
SM46170 ,A ,
SM46171 ,A ,
SM46172 ,A ,
SM46173 ,A ,
SM46174 ,S ,
SM46175 ,S ,
SM46176 ,A ,
SM46177 ,S ,
SM46178 ,A ,
SM46179 ,A ,
SM46180 ,A ,
SM46181 ,S ,
SM46182 ,S ,
SM46183 ,A ,
SM46184 ,S ,
SM46185 ,A ,
SM46186 ,S ,
SM46187 ,S ,
SM46188 ,S ,
SM46189 ,S ,
SM46190 ,A ,
SM46191 ,S ,
SM46192 ,A ,
SM46193 ,A ,
SM46194 ,A ,
SM46195 ,S ,
SM46196 ,A ,
SM46197 ,A ,
SM46198 ,S ,
SM46199 ,S ,
SM46200 ,A ,
SM46201 ,A ,
SM46202 ,A ,
SM46203 ,A ,
SM46204 ,S ,
SM46205 ,A ,
SM46206 ,S ,
SM46207 ,S ,
SM46208 ,S ,
SM46209 ,A ,
SM46210 ,S ,
SM46211 ,A ,
SM46212 ,A ,
SM46213 ,A ,
SM46214 ,S ,
SM46215 ,S ,
SM46216 ,A ,
SM46217 ,A ,
SM46218 ,S ,
SM46219 ,S ,
SM46220 ,S ,
SM46221 ,A ,
SM46222 ,A ,
SM46223 ,A ,
SM46224 ,A ,
SM46225 ,A ,
SM46226 ,S ,
SM46227 ,A ,
SM46228 ,A ,
SM46229 ,S ,
SM46230 ,S ,
SM46231 ,A ,
SM46232 ,S ,
SM46233 ,A ,
SM46234 ,A ,
SM46235 ,S ,
SM46236 ,A ,
SM46237 ,S ,
SM46238 ,S ,
SM46239 ,S ,
SM46240 ,S ,
SM46241 ,A ,
SM46242 ,S ,
SM46243 ,A ,
SM46244 ,A ,
SM46245 ,A ,
SM46246 ,S ,
SM46247 ,S ,
SM46248 ,S ,
SM46249 ,A ,
SM46250 ,A ,
SM46251 ,S ,
SM46252 ,A ,
SM46253 ,A ,
SM46254 ,S ,
SM46255 ,S ,
SM46256 ,A ,
SM46257 ,S ,
SM46258 ,S ,
SM46259 ,A ,
SM46260 ,A ,
SM46261 ,A ,
SM46262 ,A ,
SM46263 ,A ,
SM46264 ,A ,
SM46265 ,S ,
SM46266 ,S ,
SM46267 ,A ,
SM46268 ,S ,
SM46269 ,A ,
SM46270 ,S ,
SM46271 ,S ,
SM46272 ,A ,
SM46273 ,S ,
SM46274 ,A ,
SM46275 ,S ,
SM46276 ,A ,
SM46277 ,S ,
SM46278 ,S ,
SM46279 ,A ,
SM46280 ,A ,
SM46281 ,S ,
SM46282 ,S ,
SM46283 ,S ,
SM46284 ,A ,
SM46285 ,A ,
SM46286 ,A ,
SM46287 ,A ,
SM46288 ,S ,
SM46289 ,A ,
SM46290 ,S ,
SM46291 ,A ,
SM46292 ,A ,
SM46293 ,A ,
SM46294 ,S ,
SM46295 ,S ,
SM46296 ,S ,
SM46297 ,S ,
SM46298 ,A ,
SM46299 ,A ,
SM46300 ,S ,
SM46301 ,A ,
SM46302 ,S ,
SM46303 ,S ,
SM46304 ,A ,
SM46305 ,A ,
SM46306 ,A ,
SM46307 ,S ,
SM46308 ,A ,
SM46309 ,A ,
SM46310 ,S ,
SM46311 ,S ,
SM46312 ,S ,
SM46313 ,A ,
SM46314 ,A ,
SM46315 ,A ,
SM46316 ,A ,
SM46317 ,A ,
SM46318 ,S ,
SM46319 ,A ,
SM46320 ,A ,
SM46321 ,S ,
SM46322 ,A ,
SM46323 ,S ,
SM46324 ,A ,
SM46325 ,S ,
SM46326 ,A ,
SM46327 ,S ,
SM46328 ,A ,
SM46329 ,A ,
SM46330 ,S ,
SM46331 ,S ,
SM46332 ,S ,
SM46333 ,A ,
SM46334 ,A ,
SM46335 ,A ,
SM46336 ,A ,
SM46337 ,A ,
SM46338 ,S ,
SM46339 ,S ,
SM46340 ,S ,
SM46341 ,S ,
SM46342 ,A ,
SM46343 ,A ,
SM46344 ,S ,
SM46345 ,S ,
SM46346 ,A ,
SM46347 ,A ,
SM46348 ,S ,
SM46349 ,S ,
SM46350 ,A ,
SM46351 ,A ,
SM46352 ,A ,
SM46353 ,S ,
SM46354 ,A ,
SM46355 ,S ,
SM46356 ,A ,
SM46357 ,S ,
SM46358 ,S ,
SM46359 ,S ,
SM46360 ,A ,
SM46361 ,S ,
SM46362 ,S ,
SM46363 ,A ,
SM46364 ,S ,
SM46365 ,S ,
SM46366 ,A ,
SM46367 ,S ,
SM46368 ,A ,
SM46369 ,S ,
SM46370 ,A ,
SM46371 ,S ,
SM46372 ,S ,
SM46373 ,A ,
SM46374 ,A ,
SM46375 ,S ,
SM46376 ,S ,
SM46377 ,S ,
SM46378 ,S ,
SM46379 ,A ,
SM46380 ,A ,
SM46381 ,S ,
SM46382 ,A ,
SM46383 ,A ,
SM46384 ,S ,
SM46385 ,A ,
SM46386 ,A ,
SM46387 ,A ,
SM46388 ,A ,
SM46389 ,A ,
SM46390 ,S ,
SM46391 ,S ,
SM46392 ,S ,
SM46393 ,S ,
SM46394 ,S ,
SM46395 ,A ,
SM46396 ,A ,
SM46397 ,A ,
SM46398 ,A ,
SM46399 ,A ,
SM46400 ,S ,
SM46401 ,A ,
SM46402 ,A ,
SM46403 ,S ,
SM46404 ,A ,
SM46405 ,S ,
SM46406 ,A ,
SM46407 ,S ,
SM46408 ,A ,
SM46409 ,S ,
SM46410 ,S ,
SM46411 ,A ,
SM46412 ,A ,
SM46413 ,A ,
SM46414 ,S ,
SM46415 ,S ,
SM46416 ,S ,
SM46417 ,S ,
SM46418 ,A ,
SM46419 ,A ,
SM46420 ,S ,
SM46421 ,S ,
SM46422 ,S ,
SM46423 ,A ,
SM46424 ,A ,
SM46425 ,A ,
SM46426 ,A ,
SM46427 ,A ,
SM46428 ,A ,
SM46429 ,S ,
SM46430 ,A ,
SM46431 ,S ,
SM46432 ,S ,
SM46433 ,S ,
SM46434 ,S ,
SM46435 ,S ,
SM46436 ,A ,
SM46437 ,A ,
SM46438 ,S ,
SM46439 ,S ,
SM46440 ,A ,
SM46441 ,A ,
SM46442 ,S ,
SM46443 ,S ,
SM46444 ,S ,
SM46445 ,A ,
SM46446 ,A ,
SM46447 ,A ,
SM46448 ,A ,
SM46449 ,A ,
SM46450 ,A ,
SM46451 ,A ,
SM46452 ,A ,
SM46453 ,A ,
SM46454 ,S ,
SM46455 ,A ,
SM46456 ,A ,
SM46457 ,A ,
SM46458 ,A ,
SM46459 ,A ,
SM46460 ,A ,
SM46461 ,S ,
SM46462 ,S ,
SM46463 ,S ,
SM46464 ,A ,
SM46465 ,S ,
SM46466 ,A ,
SM46467 ,S ,
SM46468 ,A ,
SM46469 ,S ,
SM46470 ,A ,
SM46471 ,S ,
SM46472 ,S ,
SM46473 ,A ,
SM46474 ,A ,
SM46475 ,S ,
SM46476 ,A ,
SM46477 ,A ,
SM46478 ,S ,
SM46479 ,A ,
SM46480 ,S ,
SM46481 ,S ,
SM46482 ,A ,
SM46483 ,S ,
SM46484 ,A ,
SM46486 ,S ,
SM46487 ,A ,
SM46488 ,S ,
SM46489 ,S ,
SM46490 ,S ,
SM46491 ,S ,
SM46494 ,A ,
SM46495 ,A ,
SM46496 ,A ,
SM46497 ,A ,
SM46498 ,A ,
SM46499 ,A ,
SM46500 ,S ,
SM46501 ,S ,
SM46502 ,S ,
SM46503 ,S ,
SM46504 ,A ,
SM46505 ,A ,
SM46506 ,A ,
SM46507 ,A ,
SM46508 ,A ,
SM46509 ,A ,
SM46510 ,A ,
SM46511 ,S ,
SM46512 ,S ,
SM46513 ,S ,
SM46514 ,S ,
SM46515 ,S ,
SM46516 ,A ,
SM46517 ,A ,
SM46519 ,A ,
SM46520 ,A ,
SM46521 ,A ,
SM46522 ,S ,
SM46523 ,S ,
SM46524 ,S ,
SM46525 ,A ,
SM46526 ,S ,
SM46527 ,A ,
SM46528 ,A ,
SM46529 ,S ,
SM46530 ,A ,
SM46531 ,A ,
SM46532 ,A ,
SM46533 ,A ,
SM46534 ,A ,
SM46535 ,A ,
SM46536 ,S ,
SM46537 ,A ,
SM46538 ,A ,
SM46539 ,A ,
SM46540 ,S ,
SM46541 ,A ,
SM46542 ,A ,
SM46543 ,S ,
SM46544 ,A ,
SM46545 ,S ,
SM46546 ,S ,
SM46547 ,S ,
SM46548 ,S ,
SM46549 ,A ,
SM46550 ,A ,
SM46551 ,A ,
SM46552 ,S ,
SM46553 ,A ,
SM46554 ,A ,
SM46555 ,A ,
SM46556 ,S ,
SM46557 ,S ,
SM46558 ,A ,
SM46559 ,S ,
SM46560 ,A ,
SM46561 ,S ,
SM46562 ,A ,
SM46563 ,S ,
SM46564 ,A ,
SM46565 ,A ,
SM46566 ,A ,
SM46567 ,A ,
SM46568 ,S ,
SM46569 ,A ,
SM46570 ,S ,
SM46571 ,S ,
SM46572 ,A ,
SM46573 ,S ,
SM46574 ,A ,
SM46575 ,A ,
SM46576 ,S ,
SM46577 ,S ,
SM46578 ,A ,
SM46579 ,A ,
SM46580 ,A ,
SM46581 ,S ,
SM46582 ,A ,
SM46583 ,S ,
SM46584 ,A ,
SM46585 ,S ,
SM46586 ,A ,
SM46587 ,S ,
SM46588 ,A ,
SM46589 ,A ,
SM46590 ,A ,
SM46591 ,S ,
SM46592 ,A ,
SM46593 ,S ,
SM46594 ,A ,
SM46595 ,S ,
SM46596 ,S ,
SM46597 ,S ,
SM46598 ,S ,
SM46599 ,A ,
SM46600 ,A ,
SM46601 ,A ,
SM46602 ,A ,
SM46603 ,A ,
SM46604 ,A ,
SM46605 ,A ,
SM46606 ,S ,
SM46607 ,S ,
SM46608 ,A ,
SM46609 ,A ,
SM46610 ,S ,
SM46611 ,S ,
SM46612 ,A ,
SM46613 ,A ,
SM46614 ,A ,
SM46615 ,A ,
SM46616 ,A ,
SM46617 ,A ,
SM46618 ,S ,
SM46619 ,A ,
SM46620 ,A ,
SM46621 ,S ,
SM46622 ,A ,
SM46623 ,S ,
SM46624 ,S ,
SM46625 ,S ,
SM46626 ,A ,
SM46627 ,A ,
SM46628 ,A ,
SM46629 ,S ,
SM46630 ,S ,
SM46631 ,A ,
SM46632 ,S ,
SM46633 ,A ,
SM46634 ,S ,
SM46635 ,S ,
SM46636 ,A ,
SM46637 ,A ,
SM46638 ,S ,
SM46639 ,S ,
SM46640 ,S ,
SM46641 ,A ,
SM46642 ,S ,
SM46643 ,A ,
SM46644 ,S ,
SM46645 ,A ,
SM46646 ,S ,
SM46647 ,S ,
SM46648 ,A ,
SM46649 ,A ,
SM46650 ,A ,
SM46651 ,A ,
SM46652 ,A ,
SM46653 ,S ,
SM46654 ,A ,
SM46655 ,S ,
SM46656 ,A ,
SM46657 ,S ,
SM46658 ,S ,
SM46659 ,A ,
SM46661 ,A ,
SM46662 ,S ,
SM46663 ,A ,
SM46664 ,S ,
SM46665 ,A ,
SM46666 ,S ,
SM46667 ,S ,
SM46668 ,S ,
SM46669 ,S ,
SM46670 ,A ,
SM46671 ,A ,
SM46672 ,S ,
SM46673 ,A ,
SM46674 ,S ,
SM46675 ,A ,
SM46676 ,A ,
SM46677 ,S ,
SM46678 ,S ,
SM46679 ,A ,
SM46680 ,A ,
SM46681 ,A ,
SM46682 ,S ,
SM46683 ,S ,
SM46684 ,S ,
SM46685 ,A ,
SM46686 ,A ,
SM46687 ,S ,
SM46688 ,A ,
SM46689 ,S ,
SM46691 ,A ,
SM46692 ,S ,
SM46693 ,S ,
SM46694 ,S ,
SM46695 ,S ,
SM46696 ,S ,
SM46697 ,A ,
SM46698 ,S ,
SM46699 ,S ,
SM46700 ,S ,
SM46701 ,A ,
SM46702 ,A ,
SM46703 ,A ,
SM46704 ,S ,
SM46705 ,A ,
SM46706 ,S ,
SM46707 ,S ,
SM46708 ,A ,
SM46709 ,S ,
SM46710 ,S ,
SM46711 ,S ,
SM46712 ,A ,
SM46713 ,A ,
SM46714 ,A ,
SM46715 ,A ,
SM46716 ,S ,
SM46717 ,S ,
SM46718 ,S ,
SM46719 ,S ,
SM46720 ,S ,
SM46721 ,A ,
SM46722 ,A ,
SM46723 ,S ,
SM46724 ,A ,
SM46726 ,S ,
SM46727 ,A ,
SM46728 ,S ,
SM46729 ,A ,
SM46730 ,A ,
SM46731 ,S ,
SM46732 ,A ,
SM46733 ,A ,
SM46734 ,S ,
SM46735 ,A ,
SM46736 ,A ,
SM46737 ,A ,
SM46738 ,S ,
SM46739 ,S ,
SM46740 ,A ,
SM46741 ,A ,
SM46742 ,S ,
SM46743 ,S ,
SM46744 ,A ,
SM46745 ,A ,
SM46746 ,S ,
SM46747 ,A ,
SM46748 ,S ,
SM46749 ,A ,
SM46750 ,S ,
SM46751 ,S ,
SM46752 ,A ,
SM46753 ,A ,
SM46754 ,A ,
SM46755 ,A ,
SM46756 ,A ,
SM46757 ,A ,
SM46758 ,S ,
SM46759 ,S ,
SM46760 ,A ,
SM46761 ,S ,
SM46762 ,S ,
SM46763 ,S ,
SM46764 ,S ,
SM46765 ,A ,
SM46766 ,S ,
SM46767 ,S ,
SM46768 ,A ,
SM46769 ,S ,
SM46770 ,A ,
SM46771 ,A ,
SM46772 ,A ,
SM46773 ,S ,
SM46774 ,A ,
SM46775 ,A ,
SM46776 ,A ,
SM46777 ,A ,
SM46778 ,S ,
SM46779 ,S ,
SM46780 ,A ,
SM46781 ,S ,
SM46782 ,S ,
SM46783 ,A ,
SM46784 ,A ,
SM46785 ,S ,
SM46786 ,A ,
SM46787 ,A ,
SM46788 ,A ,
SM46789 ,A ,
SM46790 ,A ,
SM46791 ,S ,
SM46792 ,A ,
SM46793 ,S ,
SM46794 ,S ,
SM46795 ,S ,
SM46796 ,A ,
SM46797 ,S ,
SM46798 ,A ,
SM46799 ,A ,
SM46800 ,A ,
SM46801 ,S ,
SM46802 ,A ,
SM46803 ,A ,
SM46804 ,S ,
SM46805 ,S ,
SM46806 ,S ,
SM46807 ,S ,
SM46808 ,A ,
SM46809 ,A ,
SM46810 ,A ,
SM46811 ,A ,
SM46812 ,A ,
SM46813 ,A ,
SM46814 ,A ,
SM46815 ,S ,
SM46816 ,S ,
SM46817 ,S ,
SM46818 ,S ,
SM46819 ,A ,
SM46820 ,A ,
SM46821 ,S ,
SM46822 ,S ,
SM46823 ,A ,
SM46824 ,A ,
SM46825 ,A ,
SM46826 ,A ,
SM46827 ,A ,
SM46828 ,A ,
SM46829 ,A ,
SM46830 ,S ,
SM46831 ,S ,
SM46832 ,A ,
SM46833 ,A ,
SM46834 ,A ,
SM46835 ,A ,
SM46836 ,A ,
SM46837 ,S ,
SM46838 ,A ,
SM46839 ,A ,
SM46840 ,S ,
SM46841 ,A ,
SM46842 ,S ,
SM46843 ,A ,
SM46844 ,S ,
SM46845 ,S ,
SM46846 ,S ,
SM46847 ,A ,
SM46848 ,S ,
SM46849 ,S ,
SM46850 ,S ,
SM46851 ,S ,
SM46852 ,S ,
SM46853 ,A ,
SM46854 ,A ,
SM46855 ,A ,
SM46856 ,A ,
SM46857 ,S ,
SM46858 ,A ,
SM46859 ,S ,
SM46860 ,S ,
SM46861 ,S ,
SM46862 ,A ,
SM46863 ,A ,
SM46864 ,A ,
SM46865 ,A ,
SM46866 ,S ,
SM46867 ,A ,
SM46868 ,S ,
SM46869 ,S ,
SM46870 ,S ,
SM46871 ,S ,
SM46872 ,S ,
SM46873 ,A ,
SM46874 ,A ,
SM46875 ,A ,
SM46876 ,S ,
SM46877 ,A ,
SM46878 ,S ,
SM46879 ,S ,
SM46880 ,S ,
SM46882 ,S ,
SM46883 ,A ,
SM46884 ,A ,
SM46885 ,A ,
SM46886 ,S ,
SM46887 ,A ,
SM46888 ,S ,
SM46889 ,A ,
SM46890 ,A ,
SM46891 ,A ,
SM46892 ,A ,
SM46893 ,A ,
SM46894 ,S ,
SM46895 ,A ,
SM46896 ,S ,
SM46897 ,S ,
SM46898 ,A ,
SM46899 ,S ,
SM46900 ,A ,
SM46901 ,S ,
SM46902 ,A ,
SM46903 ,S ,
SM46904 ,S ,
SM46905 ,A ,
SM46906 ,A ,
SM46907 ,S ,
SM46908 ,S ,
SM46909 ,S ,
SM46910 ,A ,
SM46911 ,S ,
SM46912 ,S ,
SM46913 ,A ,
SM46914 ,S ,
SM46915 ,A ,
SM46916 ,S ,
SM46917 ,A ,
SM46918 ,S ,
SM46919 ,A ,
SM46920 ,S ,
SM46921 ,A ,
SM46922 ,A ,
SM46923 ,A ,
SM46924 ,S ,
SM46925 ,A ,
SM46926 ,A ,
SM46927 ,S ,
SM46928 ,S ,
SM46929 ,A ,
SM46930 ,A ,
SM46931 ,S ,
SM46932 ,S ,
SM46933 ,A ,
SM46934 ,S ,
SM46935 ,S ,
SM46936 ,A ,
SM46937 ,A ,
SM46938 ,S ,
SM46939 ,S ,
SM46941 ,A ,
SM46942 ,S ,
SM46943 ,A ,
SM46944 ,A ,
SM46945 ,A ,
SM46946 ,S ,
SM46947 ,S ,
SM46948 ,A ,
SM46949 ,S ,
SM46950 ,A ,
SM46951 ,A ,
SM46952 ,A ,
SM46953 ,S ,
SM46954 ,S ,
SM46955 ,A ,
SM46956 ,A ,
SM46957 ,A ,
SM46958 ,A ,
SM46959 ,S ,
SM46960 ,S ,
SM46961 ,A ,
SM46962 ,S ,
SM46963 ,S ,
SM46964 ,A ,
SM46965 ,S ,
SM46966 ,A ,
SM46967 ,A ,
SM46968 ,S ,
SM46969 ,S ,
SM46970 ,A ,
SM46971 ,A ,
SM46972 ,S ,
SM46973 ,A ,
SM46974 ,A ,
SM46975 ,S ,
SM46976 ,A ,
SM46977 ,A ,
SM46978 ,A ,
SM46979 ,A ,
SM46980 ,A ,
SM46981 ,A ,
SM46982 ,S ,
SM46983 ,S ,
SM46984 ,S ,
SM46985 ,S ,
SM46986 ,A ,
SM46987 ,A ,
SM46988 ,S ,
SM46989 ,S ,
SM46990 ,S ,
SM46991 ,S ,
SM46992 ,A ,
SM46993 ,A ,
SM46994 ,A ,
SM46995 ,S ,
SM46996 ,S ,
SM46997 ,S ,
SM46998 ,A ,
SM46999 ,A ,
SM47000 ,A ,
SM47001 ,S ,
SM47002 ,A ,
SM47003 ,A ,
SM47004 ,S ,
SM47005 ,S ,
SM47006 ,A ,
SM47007 ,A ,
SM47008 ,S ,
SM47009 ,S ,
SM47010 ,S ,
SM47011 ,A ,
SM47012 ,A ,
SM47013 ,S ,
SM47014 ,S ,
SM47015 ,A ,
SM47016 ,A ,
SM47017 ,S ,
SM47018 ,A ,
SM47019 ,A ,
SM47021 ,A ,
SM47022 ,A ,
SM47023 ,S ,
SM47024 ,A ,
SM47025 ,A ,
SM47026 ,S ,
SM47027 ,S ,
SM47028 ,S ,
SM47029 ,A ,
SM47030 ,S ,
SM47031 ,A ,
SM47032 ,S ,
SM47033 ,A ,
SM47034 ,A ,
SM47035 ,A ,
SM47036 ,A ,
SM47037 ,S ,
SM47038 ,S ,
SM47039 ,A ,
SM47040 ,A ,
SM47041 ,A ,
SM47042 ,A ,
SM47043 ,S ,
SM47044 ,A ,
SM47045 ,S ,
SM47046 ,S ,
SM47047 ,A ,
SM47048 ,A ,
SM47049 ,A ,
SM47050 ,S ,
SM47051 ,S ,
SM47052 ,A ,
SM47053 ,S ,
SM47054 ,A ,
SM47055 ,S ,
SM47056 ,A ,
SM47057 ,S ,
SM47058 ,S ,
SM47059 ,A ,
SM47060 ,A ,
SM47061 ,A ,
SM47062 ,S ,
SM47063 ,S ,
SM47064 ,S ,
SM47065 ,A ,
SM47066 ,A ,
SM47067 ,A ,
SM47068 ,A ,
SM47069 ,A ,
SM47070 ,S ,
SM47071 ,S ,
SM47072 ,A ,
SM47073 ,A ,
SM47074 ,S ,
SM47075 ,A ,
SM47076 ,S ,
SM47077 ,A ,
SM47078 ,S ,
SM47079 ,S ,
SM47080 ,A ,
SM47081 ,S ,
SM47082 ,S ,
SM47083 ,A ,
SM47084 ,A ,
SM47085 ,S ,
SM47086 ,A ,
SM47087 ,A ,
SM47088 ,A ,
SM47089 ,S ,
SM47090 ,S ,
SM47091 ,S ,
SM47092 ,S ,
SM47093 ,A ,
SM47094 ,S ,
SM47095 ,A ,
SM47096 ,A ,
SM47097 ,S ,
SM47098 ,S ,
SM47099 ,A ,
SM47100 ,S ,
SM47101 ,A ,
SM47102 ,A ,
SM47103 ,S ,
SM47104 ,A ,
SM47105 ,A ,
SM47106 ,A ,
SM47107 ,A ,
SM47108 ,A ,
SM47109 ,A ,
SM47110 ,A ,
SM47111 ,S ,
SM47112 ,S ,
SM47113 ,S ,
SM47114 ,A ,
SM47115 ,A ,
SM47116 ,S ,
SM47117 ,S ,
SM47118 ,S ,
SM47119 ,A ,
SM47120 ,S ,
SM47121 ,A ,
SM47122 ,A ,
SM47123 ,S ,
SM47124 ,S ,
SM47125 ,A ,
SM47126 ,A ,
SM47127 ,A ,
SM47128 ,A ,
SM47129 ,A ,
SM47130 ,S ,
SM47131 ,S ,
SM47132 ,S ,
SM47133 ,A ,
SM47134 ,A ,
SM47135 ,S ,
SM47136 ,S ,
SM47137 ,S ,
SM47138 ,A ,
SM47139 ,A ,
SM47140 ,S ,
SM47141 ,S ,
SM47142 ,S ,
SM47143 ,A ,
SM47144 ,S ,
SM47145 ,S ,
SM47146 ,S ,
SM47147 ,A ,
SM47148 ,S ,
SM47149 ,A ,
SM47150 ,A ,
SM47151 ,S ,
SM47152 ,A ,
SM47153 ,S ,
SM47154 ,A ,
SM47155 ,S ,
SM47156 ,S ,
SM47157 ,A ,
SM47158 ,A ,
SM47159 ,A ,
SM47160 ,A ,
SM47161 ,S ,
SM47162 ,S ,
SM47163 ,S ,
SM47164 ,S ,
SM47165 ,S ,
SM47166 ,A ,
SM47167 ,S ,
SM47168 ,S ,
SM47169 ,S ,
SM47170 ,S ,
SM47171 ,S ,
SM47172 ,S ,
SM47173 ,S ,
SM47174 ,S ,
SM47175 ,S ,
SM47176 ,A ,
SM47177 ,A ,
SM47178 ,S ,
SM47179 ,S ,
SM47180 ,A ,
SM47181 ,A ,
SM47182 ,S ,
SM47183 ,A ,
SM47184 ,A ,
SM47185 ,A ,
SM47186 ,S ,
SM47187 ,A ,
SM47188 ,S ,
SM47189 ,S ,
SM47190 ,A ,
SM47191 ,A ,
SM47192 ,S ,
SM47193 ,S ,
SM47194 ,S ,
SM47195 ,A ,
SM47196 ,A ,
SM47197 ,A ,
SM47198 ,S ,
SM47199 ,A ,
SM47200 ,S ,
SM47201 ,A ,
SM47202 ,A ,
SM47203 ,S ,
SM47204 ,S ,
SM47205 ,S ,
SM47206 ,A ,
SM47207 ,S ,
SM47208 ,S ,
SM47209 ,S ,
SM47210 ,A ,
SM47211 ,A ,
SM47212 ,A ,
SM47213 ,A ,
SM47214 ,A ,
SM47215 ,S ,
SM47216 ,A ,
SM47217 ,S ,
SM47218 ,S ,
SM47219 ,S ,
SM47220 ,S ,
SM47221 ,A ,
SM47222 ,S ,
SM47223 ,S ,
SM47224 ,S ,
SM47225 ,A ,
SM47226 ,S ,
SM47227 ,A ,
SM47228 ,A ,
SM47229 ,S ,
SM47230 ,A ,
SM47231 ,A ,
SM47232 ,S ,
SM47233 ,S ,
SM47234 ,S ,
SM47235 ,A ,
SM47236 ,S ,
SM47237 ,S ,
SM47238 ,A ,
SM47239 ,S ,
SM47240 ,A ,
SM47241 ,S ,
SM47242 ,A ,
SM47243 ,S ,
SM47244 ,A ,
SM47245 ,A ,
SM47246 ,A ,
SM47247 ,S ,
SM47248 ,A ,
SM47249 ,S ,
SM47250 ,A ,
SM47251 ,A ,
SM47252 ,A ,
SM47253 ,A ,
SM47255 ,A ,
SM47256 ,A ,
SM47257 ,S ,
SM47258 ,S ,
SM47259 ,A ,
SM47260 ,A ,
SM47261 ,S ,
SM47262 ,S ,
SM47263 ,S ,
SM47264 ,A ,
SM47265 ,S ,
SM47266 ,A ,
SM47267 ,A ,
SM47268 ,A ,
SM47269 ,A ,
SM47270 ,A ,
SM47271 ,S ,
SM47272 ,A ,
SM47273 ,S ,
SM47274 ,S ,
SM47275 ,S ,
SM47276 ,S ,
SM47277 ,S ,
SM47278 ,S ,
SM47279 ,A ,
SM47280 ,A ,
SM47281 ,S ,
SM47282 ,A ,
SM47283 ,S ,
SM47284 ,S ,
SM47285 ,S ,
SM47286 ,A ,
SM47287 ,S ,
SM47288 ,A ,
SM47289 ,S ,
SM47290 ,A ,
SM47291 ,S ,
SM47292 ,S ,
SM47293 ,A ,
SM47294 ,S ,
SM47295 ,S ,
SM47296 ,A ,
SM47297 ,A ,
SM47298 ,S ,
SM47299 ,S ,
SM47300 ,A ,
SM47301 ,A ,
SM47302 ,A ,
SM47303 ,S ,
SM47304 ,S ,
SM47305 ,S ,
SM47306 ,A ,
SM47307 ,S ,
SM47308 ,A ,
SM47309 ,S ,
SM47310 ,S ,
SM47311 ,S ,
SM47312 ,A ,
SM47313 ,A ,
SM47314 ,A ,
SM47315 ,S ,
SM47316 ,A ,
SM47317 ,S ,
SM47318 ,S ,
SM47319 ,S ,
SM47320 ,A ,
SM47321 ,A ,
SM47322 ,A ,
SM47323 ,S ,
SM47324 ,A ,
SM47325 ,A ,
SM47326 ,A ,
SM47327 ,S ,
SM47329 ,S ,
SM47330 ,A ,
SM47331 ,S ,
SM47332 ,A ,
SM47333 ,A ,
SM47334 ,A ,
SM47335 ,A ,
SM47336 ,A ,
SM47337 ,A ,
SM47338 ,S ,
SM47339 ,S ,
SM47340 ,S ,
SM47341 ,S ,
SM47342 ,A ,
SM47343 ,S ,
SM47344 ,A ,
SM47345 ,A ,
SM47346 ,S ,
SM47347 ,S ,
SM47348 ,A ,
SM47349 ,S ,
SM47350 ,S ,
SM47351 ,S ,
SM47352 ,S ,
SM47354 ,S ,
SM47356 ,S ,
SM47357 ,A ,
SM47358 ,S ,
SM47359 ,A ,
SM47360 ,A ,
SM47361 ,A ,
SM47362 ,S ,
SM47363 ,A ,
SM47364 ,S ,
SM47365 ,S ,
SM47366 ,A ,
SM47367 ,A ,
SM47368 ,A ,
SM47369 ,S ,
SM47370 ,S ,
SM47371 ,A ,
SM47372 ,A ,
SM47373 ,S ,
SM47374 ,S ,
SM47375 ,S ,
SM47376 ,A ,
SM47377 ,A ,
SM47378 ,S ,
SM47379 ,A ,
SM47380 ,S ,
SM47381 ,A ,
SM47382 ,S ,
SM47383 ,A ,
SM47384 ,S ,
SM47385 ,A ,
SM47386 ,S ,
SM47387 ,A ,
SM47388 ,A ,
SM47389 ,S ,
SM47390 ,S ,
SM47391 ,A ,
SM47392 ,S ,
SM47393 ,A ,
SM47394 ,S ,
SM47395 ,S ,
SM47396 ,S ,
SM47397 ,A ,
SM47398 ,A ,
SM47399 ,A ,
SM47400 ,A ,
SM47401 ,S ,
SM47402 ,A ,
SM47403 ,S ,
SM47404 ,A ,
SM47405 ,S ,
SM47406 ,A ,
SM47407 ,A ,
SM47408 ,S ,
SM47409 ,S ,
SM47410 ,A ,
SM47411 ,A ,
SM47412 ,S ,
SM47413 ,A ,
SM47414 ,S ,
SM47415 ,A ,
SM47416 ,A ,
SM47417 ,S ,
SM47418 ,S ,
SM47419 ,S ,
SM47420 ,S ,
SM47421 ,A ,
SM47422 ,A ,
SM47423 ,S ,
SM47424 ,A ,
SM47425 ,A ,
SM47426 ,S ,
SM47427 ,A ,
SM47428 ,S ,
SM47429 ,S ,
SM47430 ,S ,
SM47431 ,S ,
SM47432 ,A ,
SM47433 ,S ,
SM47434 ,S ,
SM47435 ,A ,
SM47436 ,A ,
SM47437 ,A ,
SM47438 ,A ,
SM47439 ,S ,
SM47440 ,A ,
SM47441 ,A ,
SM47442 ,A ,
SM47443 ,A ,
SM47444 ,S ,
SM47445 ,S ,
SM47446 ,A ,
SM47448 ,S ,
SM47449 ,A ,
SM47450 ,S ,
SM47451 ,A ,
SM47453 ,S ,
SM47454 ,A ,
SM47455 ,A ,
SM47456 ,S ,
SM47457 ,A ,
SM47458 ,S ,
SM47459 ,S ,
SM47460 ,S ,
SM47462 ,A ,
SM47463 ,A ,
SM47464 ,A ,
SM47465 ,S ,
SM47466 ,A ,
SM47467 ,A ,
SM47468 ,A ,
SM47469 ,A ,
SM47470 ,A ,
SM47471 ,A ,
SM47472 ,A ,
SM47473 ,S ,
SM47474 ,A ,
SM47475 ,S ,
SM47476 ,S ,
SM47477 ,A ,
SM47478 ,S ,
SM47479 ,A ,
SM47480 ,A ,
SM47481 ,S ,
SM47482 ,A ,
SM47483 ,A ,
SM47484 ,S ,
SM47485 ,A ,
SM47486 ,A ,
SM47487 ,A ,
SM47488 ,A ,
SM47489 ,A ,
SM47490 ,A ,
SM47491 ,S ,
SM47492 ,S ,
SM47493 ,S ,
SM47494 ,S ,
SM47495 ,S ,
SM47496 ,S ,
SM47497 ,S ,
SM47498 ,A ,
SM47499 ,A ,
SM47500 ,A ,
SM47501 ,S ,
SM47502 ,S ,
SM47503 ,A ,
SM47504 ,A ,
SM47505 ,A ,
SM47506 ,S ,
SM47507 ,A ,
SM47508 ,S ,
SM47509 ,A ,
SM47510 ,S ,
SM47511 ,A ,
SM47512 ,A ,
SM47514 ,S ,
SM47515 ,A ,
SM47516 ,A ,
SM47517 ,A ,
SM47518 ,S ,
SM47519 ,S ,
SM47520 ,S ,
SM47521 ,S ,
SM47522 ,A ,
SM47523 ,A ,
SM47524 ,S ,
SM47525 ,S ,
SM47526 ,S ,
SM47527 ,A ,
SM47528 ,A ,
SM47529 ,A ,
SM47530 ,S ,
SM47531 ,S ,
SM47532 ,A ,
SM47533 ,A ,
SM47534 ,S ,
SM47536 ,A ,
SM47538 ,A ,
SM47539 ,S ,
SM47540 ,S ,
SM47541 ,S ,
SM47542 ,S ,
SM47543 ,S ,
SM47544 ,A ,
SM47545 ,S ,
SM47546 ,A ,
SM47547 ,A ,
SM47548 ,S ,
SM47549 ,A ,
SM47550 ,A ,
SM47551 ,A ,
SM47552 ,A ,
SM47553 ,S ,
SM47554 ,A ,
SM47555 ,S ,
SM47556 ,A ,
SM47557 ,S ,
SM47558 ,S ,
SM47559 ,S ,
SM47560 ,S ,
SM47561 ,S ,
SM47562 ,A ,
SM47563 ,A ,
SM47564 ,A ,
SM47565 ,S ,
SM47566 ,A ,
SM47567 ,A ,
SM47568 ,S ,
SM47569 ,A ,
SM47570 ,A ,
SM47571 ,A ,
SM47572 ,S ,
SM47573 ,S ,
SM47574 ,S ,
SM47575 ,A ,
SM47576 ,S ,
SM47577 ,S ,
SM47578 ,A ,
SM47579 ,S ,
SM47580 ,S ,
SM47581 ,A ,
SM47582 ,A ,
SM47583 ,S ,
SM47584 ,A ,
SM47585 ,S ,
SM47586 ,A ,
SM47587 ,A ,
SM47588 ,S ,
SM47589 ,A ,
SM47590 ,A ,
SM47591 ,S ,
SM47592 ,A ,
SM47593 ,A ,
SM47594 ,A ,
SM47595 ,A ,
SM47596 ,S ,
SM47597 ,S ,
SM47598 ,A ,
SM47599 ,A ,
SM47600 ,S ,
SM47601 ,A ,
SM47602 ,A ,
SM47603 ,S ,
SM47604 ,S ,
SM47605 ,S ,
SM47606 ,A ,
SM47607 ,S ,
SM47608 ,A ,
SM47609 ,S ,
SM47610 ,S ,
SM47611 ,A ,
SM47612 ,A ,
SM47613 ,A ,
SM47614 ,A ,
SM47615 ,S ,
SM47616 ,S ,
SM47617 ,A ,
SM47618 ,S ,
SM47619 ,S ,
SM47620 ,A ,
SM47621 ,S ,
SM47622 ,A ,
SM47623 ,A ,
SM47624 ,S ,
SM47625 ,S ,
SM47626 ,A ,
SM47627 ,S ,
SM47628 ,A ,
SM47629 ,A ,
SM47630 ,S ,
SM47631 ,A ,
SM47632 ,S ,
SM47633 ,S ,
SM47634 ,A ,
SM47635 ,A ,
SM47636 ,A ,
SM47637 ,S ,
SM47638 ,S ,
SM47639 ,A ,
SM47640 ,S ,
SM47641 ,S ,
SM47642 ,A ,
SM47643 ,S ,
SM47644 ,S ,
SM47645 ,S ,
SM47646 ,A ,
SM47647 ,A ,
SM47648 ,A ,
SM47649 ,A ,
SM47650 ,A ,
SM47651 ,A ,
SM47652 ,S ,
SM47653 ,S ,
SM47654 ,A ,
SM47655 ,S ,
SM47656 ,S ,
SM47657 ,S ,
SM47658 ,A ,
SM47659 ,S ,
SM47660 ,S ,
SM47661 ,A ,
SM47662 ,S ,
SM47663 ,A ,
SM47664 ,A ,
SM47666 ,S ,
SM47667 ,S ,
SM47668 ,A ,
SM47669 ,A ,
SM47670 ,A ,
SM47671 ,A ,
SM47672 ,S ,
SM47673 ,S ,
SM47674 ,A ,
SM47675 ,A ,
SM47676 ,S ,
SM47677 ,A ,
SM47678 ,S ,
SM47680 ,S ,
SM47681 ,A ,
SM47682 ,A ,
SM47683 ,S ,
SM47684 ,A ,
SM47685 ,A ,
SM47686 ,A ,
SM47687 ,S ,
SM47688 ,S ,
SM47689 ,A ,
SM47690 ,A ,
SM47691 ,S ,
SM47692 ,A ,
SM47693 ,S ,
SM47694 ,A ,
SM47695 ,S ,
SM47696 ,S ,
SM47697 ,S ,
SM47698 ,A ,
SM47699 ,S ,
SM47700 ,A ,
SM47701 ,A ,
SM47702 ,A ,
SM47703 ,S ,
SM47704 ,A ,
SM47705 ,S ,
SM47706 ,S ,
SM47707 ,S ,
SM47708 ,A ,
SM47709 ,S ,
SM47710 ,S ,
SM47711 ,S ,
SM47712 ,A ,
SM47713 ,S ,
SM47714 ,S ,
SM47715 ,S ,
SM47716 ,A ,
SM47717 ,S ,
SM47718 ,A ,
SM47719 ,A ,
SM47720 ,A ,
SM47721 ,A ,
SM47722 ,S ,
SM47723 ,A ,
SM47724 ,A ,
SM47725 ,S ,
SM47726 ,S ,
SM47727 ,S ,
SM47728 ,S ,
SM47729 ,A ,
SM47730 ,S ,
SM47731 ,S ,
SM47732 ,A ,
SM47733 ,A ,
SM47734 ,S ,
SM47735 ,A ,
SM47736 ,S ,
SM47737 ,S ,
SM47738 ,A ,
SM47739 ,S ,
SM47740 ,S ,
SM47741 ,S ,
SM47742 ,A ,
SM47743 ,S ,
SM47744 ,A ,
SM47745 ,A ,
SM47746 ,S ,
SM47747 ,A ,
SM47748 ,S ,
SM47749 ,S ,
SM47750 ,A ,
SM47751 ,A ,
SM47752 ,S ,
SM47753 ,A ,
SM47754 ,A ,
SM47755 ,A ,
SM47756 ,S ,
SM47757 ,A ,
SM47758 ,S ,
SM47759 ,A ,
SM47760 ,A ,
SM47761 ,S ,
SM47762 ,S ,
SM47763 ,S ,
SM47764 ,S ,
SM47765 ,S ,
SM47766 ,A ,
SM47767 ,S ,
SM47768 ,A ,
SM47769 ,A ,
SM47770 ,A ,
SM47771 ,S ,
SM47773 ,S ,
SM47774 ,A ,
SM47775 ,S ,
SM47776 ,A ,
SM47777 ,S ,
SM47778 ,A ,
SM47779 ,A ,
SM47780 ,S ,
SM47781 ,S ,
SM47782 ,A ,
SM47783 ,S ,
SM47784 ,A ,
SM47785 ,A ,
SM47786 ,S ,
SM47787 ,S ,
SM47788 ,S ,
SM47789 ,A ,
SM47790 ,A ,
SM47791 ,A ,
SM47792 ,S ,
SM47793 ,A ,
SM47794 ,A ,
SM47795 ,S ,
SM47796 ,A ,
SM47797 ,A ,
SM47798 ,S ,
SM47799 ,S ,
SM47800 ,S ,
SM47801 ,S ,
SM47802 ,S ,
SM47803 ,A ,
SM47804 ,A ,
SM47805 ,S ,
SM47806 ,A ,
SM47807 ,A ,
SM47808 ,S ,
SM47809 ,S ,
SM47810 ,A ,
SM47811 ,A ,
SM47812 ,A ,
SM47813 ,S ,
SM47814 ,S ,
SM47815 ,S ,
SM47816 ,S ,
SM47817 ,A ,
SM47818 ,S ,
SM47819 ,A ,
SM47820 ,S ,
SM47821 ,A ,
SM47822 ,A ,
SM47823 ,S ,
SM47824 ,A ,
SM47825 ,S ,
SM47826 ,A ,
SM47827 ,A ,
SM47828 ,A ,
SM47829 ,A ,
SM47830 ,A ,
SM47831 ,A ,
SM47832 ,A ,
SM47833 ,A ,
SM47834 ,A ,
SM47835 ,S ,
SM47836 ,A ,
SM47837 ,S ,
SM47838 ,A ,
SM47839 ,S ,
SM47840 ,S ,
SM47841 ,S ,
SM47842 ,S ,
SM47843 ,A ,
SM47844 ,A ,
SM47845 ,S ,
SM47846 ,S ,
SM47847 ,S ,
SM47848 ,A ,
SM47849 ,A ,
SM47850 ,A ,
SM47851 ,S ,
SM47852 ,S ,
SM47853 ,A ,
SM47854 ,S ,
SM47855 ,A ,
SM47856 ,A ,
SM47857 ,S ,
SM47858 ,A ,
SM47859 ,S ,
SM47860 ,S ,
SM47861 ,S ,
SM47862 ,S ,
SM47863 ,A ,
SM47864 ,A ,
SM47866 ,S ,
SM47867 ,A ,
SM47868 ,S ,
SM47869 ,S ,
SM47870 ,A ,
SM47871 ,S ,
SM47872 ,A ,
SM47873 ,S ,
SM47874 ,A ,
SM47875 ,S ,
SM47876 ,A ,
SM47877 ,A ,
SM47878 ,S ,
SM47879 ,A ,
SM47880 ,A ,
SM47881 ,S ,
SM47882 ,A ,
SM47883 ,A ,
SM47884 ,S ,
SM47885 ,S ,
SM47886 ,S ,
SM47887 ,S ,
SM47888 ,A ,
SM47889 ,S ,
SM47890 ,A ,
SM47891 ,A ,
SM47892 ,A ,
SM47893 ,S ,
SM47894 ,S ,
SM47895 ,A ,
SM47896 ,S ,
SM47897 ,S ,
SM47898 ,S ,
SM47899 ,A ,
SM47900 ,S ,
SM47901 ,A ,
SM47902 ,A ,
SM47903 ,A ,
SM47904 ,A ,
SM47905 ,S ,
SM47906 ,A ,
SM47907 ,S ,
SM47908 ,A ,
SM47909 ,A ,
SM47910 ,A ,
SM47911 ,A ,
SM47912 ,S ,
SM47913 ,A ,
SM47914 ,S ,
SM47915 ,S ,
SM47916 ,S ,
SM47917 ,S ,
SM47918 ,S ,
SM47919 ,A ,
SM47920 ,A ,
SM47921 ,A ,
SM47922 ,A ,
SM47923 ,A ,
SM47924 ,A ,
SM47925 ,S ,
SM47926 ,S ,
SM47927 ,S ,
SM47928 ,S ,
SM47929 ,A ,
SM47930 ,S ,
SM47931 ,S ,
SM47932 ,A ,
SM47933 ,A ,
SM47934 ,A ,
SM47935 ,S ,
SM47936 ,A ,
SM47937 ,S ,
SM47938 ,A ,
SM47939 ,A ,
SM47940 ,S ,
SM47941 ,S ,
SM47942 ,A ,
SM47943 ,S ,
SM47944 ,S ,
SM47945 ,A ,
SM47946 ,S ,
SM47947 ,S ,
SM47948 ,S ,
SM47949 ,S ,
SM47950 ,A ,
SM47951 ,A ,
SM47952 ,A ,
SM47953 ,S ,
SM47955 ,A ,
SM47956 ,S ,
SM47957 ,A ,
SM47958 ,A ,
SM47959 ,S ,
SM47960 ,A ,
SM47961 ,A ,
SM47962 ,S ,
SM47965 ,A ,
SM47966 ,S ,
SM47967 ,S ,
SM47968 ,S ,
SM47969 ,S ,
SM47970 ,A ,
SM47971 ,S ,
SM47972 ,S ,
SM47973 ,A ,
SM47974 ,A ,
SM47975 ,A ,
SM47976 ,S ,
SM47977 ,A ,
SM47978 ,A ,
SM47979 ,A ,
SM47980 ,S ,
SM47981 ,A ,
SM47982 ,A ,
SM47983 ,S ,
SM47984 ,S ,
SM47985 ,A ,
SM47986 ,A ,
SM47987 ,A ,
SM47988 ,A ,
SM47989 ,S ,
SM47990 ,S ,
SM47991 ,A ,
SM47992 ,A ,
SM47993 ,S ,
SM47994 ,A ,
SM47995 ,A ,
SM47996 ,A ,
SM47997 ,S ,
SM47998 ,A ,
SM47999 ,S ,
SM48000 ,A ,
SM48001 ,A ,
SM48002 ,S ,
SM48003 ,S ,
SM48004 ,A ,
SM48005 ,A ,
SM48006 ,A ,
SM48007 ,A ,
SM48008 ,A ,
SM48009 ,S ,
SM48010 ,A ,
SM48011 ,S ,
SM48012 ,S ,
SM48013 ,S ,
SM48014 ,A ,
SM48015 ,A ,
SM48016 ,A ,
SM48017 ,A ,
SM48018 ,S ,
SM48019 ,A ,
SM48020 ,S ,
SM48021 ,S ,
SM48022 ,S ,
SM48023 ,A ,
SM48024 ,S ,
SM48025 ,S ,
SM48026 ,A ,
SM48027 ,A ,
SM48028 ,A ,
SM48029 ,A ,
SM48030 ,A ,
SM48031 ,A ,
SM48032 ,A ,
SM48033 ,A ,
SM48034 ,S ,
SM48035 ,S ,
SM48036 ,S ,
SM48037 ,A ,
SM48038 ,A ,
SM48039 ,S ,
SM48040 ,S ,
SM48041 ,A ,
SM48042 ,S ,
SM48043 ,A ,
SM48044 ,A ,
SM48046 ,S ,
SM48047 ,A ,
SM48048 ,A ,
SM48049 ,S ,
SM48050 ,S ,
SM48052 ,A ,
SM48053 ,A ,
SM48054 ,S ,
SM48055 ,S ,
SM48056 ,A ,
SM48057 ,A ,
SM48058 ,A ,
SM48059 ,S ,
SM48060 ,A ,
SM48061 ,S ,
SM48062 ,A ,
SM48063 ,A ,
SM48064 ,S ,
SM48065 ,A ,
SM48066 ,A ,
SM48067 ,A ,
SM48068 ,S ,
SM48069 ,S ,
SM48070 ,S ,
SM48071 ,S ,
SM48072 ,S ,
SM48073 ,A ,
SM48074 ,S ,
SM48075 ,A ,
SM48076 ,A ,
SM48077 ,S ,
SM48078 ,S ,
SM48079 ,A ,
SM48080 ,A ,
SM48081 ,A ,
SM48082 ,A ,
SM48083 ,S ,
SM48084 ,A ,
SM48085 ,S ,
SM48086 ,A ,
SM48087 ,S ,
SM48088 ,A ,
SM48089 ,A ,
SM48091 ,A ,
SM48092 ,A ,
SM48093 ,A ,
SM48094 ,S ,
SM48095 ,S ,
SM48096 ,A ,
SM48097 ,A ,
SM48098 ,A ,
SM48099 ,A ,
SM48100 ,A ,
SM48102 ,S ,
SM48103 ,S ,
SM48104 ,S ,
SM48105 ,A ,
SM48106 ,S ,
SM48107 ,A ,
SM48108 ,A ,
SM48109 ,S ,
SM48110 ,A ,
SM48111 ,A ,
SM48112 ,A ,
SM48113 ,A ,
SM48114 ,A ,
SM48115 ,S ,
SM48116 ,S ,
SM48117 ,S ,
SM48118 ,S ,
SM48119 ,S ,
SM48120 ,S ,
SM48121 ,S ,
SM48123 ,S ,
SM48124 ,A ,
SM48125 ,S ,
SM48126 ,A ,
SM48127 ,S ,
SM48128 ,S ,
SM48129 ,A ,
SM48130 ,S ,
SM48131 ,A ,
SM48132 ,A ,
SM48133 ,A ,
SM48134 ,S ,
SM48135 ,A ,
SM48136 ,A ,
SM48137 ,A ,
SM48138 ,S ,
SM48139 ,S ,
SM48140 ,A ,
SM48141 ,A ,
SM48142 ,S ,
SM48143 ,S ,
SM48144 ,A ,
SM48145 ,S ,
SM48146 ,A ,
SM48147 ,A ,
SM48148 ,S ,
SM48149 ,S ,
SM48150 ,S ,
SM48151 ,S ,
SM48152 ,S ,
SM48153 ,A ,
SM48154 ,A ,
SM48155 ,S ,
SM48156 ,S ,
SM48157 ,S ,
SM48158 ,S ,
SM48159 ,S ,
SM48160 ,A ,
SM48161 ,A ,
SM48162 ,A ,
SM48163 ,A ,
SM48164 ,A ,
SM48165 ,A ,
SM48166 ,A ,
SM48167 ,S ,
SM48168 ,S ,
SM48169 ,A ,
SM48170 ,S ,
SM48171 ,A ,
SM48172 ,A ,
SM48173 ,A ,
SM48174 ,A ,
SM48175 ,S ,
SM48176 ,S ,
SM48178 ,S ,
SM48179 ,A ,
SM48180 ,S ,
SM48181 ,S ,
SM48182 ,S ,
SM48183 ,A ,
SM48185 ,S ,
SM48186 ,S ,
SM48187 ,S ,
SM48188 ,A ,
SM48189 ,A ,
SM48190 ,S ,
SM48191 ,S ,
SM48192 ,A ,
SM48193 ,A ,
SM48195 ,A ,
SM48196 ,S ,
SM48197 ,S ,
SM48198 ,S ,
SM48199 ,S ,
SM48200 ,A ,
SM48202 ,A ,
SM48203 ,S ,
SM48204 ,S ,
SM48205 ,A ,
SM48206 ,A ,
SM48208 ,A ,
SM48209 ,A ,
SM48210 ,S ,
SM48211 ,A ,
SM48212 ,A ,
SM48214 ,A ,
SM48215 ,A ,
SM48216 ,A ,
SM48217 ,A ,
SM48218 ,A ,
SM48219 ,A ,
SM48220 ,S ,
SM48222 ,A ,
SM48223 ,S ,
SM48224 ,S ,
SM48225 ,S ,
SM48226 ,S ,
SM48227 ,S ,
SM48228 ,A ,
SM48229 ,A ,
SM48231 ,A ,
SM48232 ,S ,
SM48233 ,A ,
SM48235 ,A ,
SM48236 ,A ,
SM48237 ,A ,
SM48238 ,S ,
SM48239 ,S ,
SM48240 ,S ,
SM48241 ,A ,
SM48242 ,S ,
SM48243 ,A ,
SM48244 ,S ,
SM48245 ,A ,
SM48246 ,S ,
SM48247 ,S ,
SM48248 ,A ,
SM48249 ,A ,
SM48250 ,A ,
SM48251 ,A ,
SM48252 ,S ,
SM48253 ,A ,
SM48254 ,A ,
SM48255 ,S ,
SM48256 ,S ,
SM48257 ,A ,
SM48258 ,S ,
SM48259 ,S ,
SM48261 ,S ,
SM48262 ,S ,
SM48263 ,S ,
SM48264 ,A ,
SM48265 ,S ,
SM48266 ,A ,
SM48267 ,S ,
SM48268 ,S ,
SM48269 ,A ,
SM48270 ,A ,
SM48271 ,A ,
SM48272 ,S ,
SM48274 ,A ,
SM48275 ,A ,
SM48276 ,A ,
SM48278 ,A ,
SM48279 ,A ,
SM48280 ,A ,
SM48281 ,S ,
SM48282 ,S ,
SM48283 ,S ,
SM48284 ,S ,
SM48285 ,S ,
SM48286 ,A ,
SM48287 ,A ,
SM48288 ,S ,
SM48289 ,A ,
SM48290 ,A ,
SM48293 ,A ,
SM48294 ,S ,
SM48295 ,A ,
SM48296 ,A ,
SM48297 ,S ,
SM48298 ,A ,
SM48300 ,A ,
SM48301 ,S ,
SM48302 ,S ,
SM48303 ,A ,
SM48304 ,A ,
SM48306 ,A ,
SM48307 ,A ,
SM48308 ,S ,
SM48309 ,A ,
SM48311 ,A ,
SM48312 ,A ,
SM48313 ,A ,
SM48314 ,S ,
SM48315 ,A ,
SM48316 ,S ,
SM48317 ,S ,
SM48318 ,S ,
SM48319 ,A ,
SM48320 ,A ,
SM48321 ,S ,
SM48322 ,S ,
SM48323 ,A ,
SM48324 ,S ,
SM48326 ,S ,
SM48327 ,S ,
SM48328 ,A ,
SM48329 ,A ,
SM48330 ,S ,
SM48331 ,S ,
SM48333 ,A ,
SM48334 ,S ,
SM48335 ,A ,
SM48336 ,A ,
SM48337 ,A ,
SM48338 ,S ,
SM48339 ,S ,
SM48340 ,A ,
SM48341 ,S ,
SM48342 ,S ,
SM48343 ,S ,
SM48345 ,A ,
SM48346 ,A ,
SM48347 ,A ,
SM48348 ,A ,
SM48349 ,A ,
SM48350 ,A ,
SM48351 ,S ,
SM48352 ,S ,
SM48354 ,S ,
SM48355 ,S ,
SM48356 ,A ,
SM48357 ,A ,
SM48358 ,A ,
SM48360 ,A ,
SM48361 ,S ,
SM48362 ,A ,
SM48363 ,A ,
SM48365 ,A ,
SM48366 ,A ,
SM48367 ,S ,
SM48368 ,A ,
SM48369 ,A ,
SM48370 ,S ,
SM48371 ,S ,
SM48372 ,A ,
SM48374 ,A ,
SM48375 ,A ,
SM48376 ,A ,
SM48377 ,A ,
SM48379 ,S ,
SM48380 ,A ,
SM48381 ,S ,
SM48384 ,A ,
SM48385 ,S ,
SM48386 ,A ,
SM48388 ,S ,
SM48389 ,S ,
SM48390 ,A ,
SM48391 ,S ,
SM48392 ,S ,
SM48393 ,A ,
SM48394 ,A ,
SM48395 ,A ,
SM48396 ,S ,
SM48397 ,A ,
SM48398 ,A ,
SM48399 ,A ,
SM48400 ,A ,
SM48401 ,A ,
SM48402 ,A ,
SM48403 ,S ,
SM48404 ,A ,
SM48405 ,S ,
SM48406 ,S ,
SM48408 ,S ,
SM48409 ,S ,
SM48410 ,S ,
SM48411 ,A ,
SM48412 ,S ,
SM48413 ,A ,
SM48414 ,S ,
SM48415 ,S ,
SM48416 ,A ,
SM48417 ,A ,
SM48418 ,A ,
SM48419 ,A ,
SM48420 ,S ,
SM48421 ,S ,
SM48422 ,S ,
SM48423 ,S ,
SM48424 ,A ,
SM48425 ,A ,
SM48426 ,S ,
SM48427 ,A ,
SM48428 ,A ,
SM48429 ,A ,
SM48430 ,A ,
SM48431 ,S ,
SM48432 ,S ,
SM48433 ,A ,
SM48434 ,S ,
SM48435 ,S ,
SM48437 ,A ,
SM48438 ,S ,
SM48439 ,A ,
SM48440 ,S ,
SM48441 ,S ,
SM48442 ,S ,
SM48445 ,A ,
SM48446 ,A ,
SM48447 ,S ,
SM48448 ,A ,
SM48449 ,S ,
SM48450 ,S ,
SM48452 ,A ,
SM48453 ,A ,
SM48455 ,A ,
SM48457 ,A ,
SM48458 ,S ,
SM48459 ,A ,
SM48460 ,A ,
SM48462 ,S ,
SM48463 ,S ,
SM48464 ,S ,
SM48465 ,A ,
SM48466 ,S ,
SM48467 ,S ,
SM48469 ,S ,
SM48470 ,S ,
SM48471 ,S ,
SM48472 ,A ,
SM48473 ,S ,
SM48474 ,A ,
SM48475 ,A ,
SM48476 ,A ,
SM48477 ,S ,
SM48478 ,S ,
SM48479 ,A ,
SM48480 ,A ,
SM48481 ,S ,
SM48483 ,S ,
SM48484 ,A ,
SM48485 ,S ,
SM48486 ,A ,
SM48487 ,S ,
SM48488 ,A ,
SM48489 ,S ,
SM48490 ,A ,
SM48491 ,A ,
SM48493 ,A ,
SM48495 ,S ,
SM48496 ,S ,
SM48497 ,A ,
SM48498 ,A ,
SM48499 ,S ,
SM48500 ,S ,
SM48501 ,A ,
SM48502 ,S ,
SM48504 ,A ,
SM48505 ,A ,
SM48506 ,A ,
SM48507 ,S ,
SM48508 ,S ,
SM48510 ,A ,
SM48511 ,A ,
SM48512 ,A ,
SM48513 ,A ,
SM48514 ,S ,
SM48515 ,A ,
SM48516 ,A ,
SM48518 ,S ,
SM48519 ,S ,
SM48520 ,S ,
SM48521 ,A ,
SM48522 ,S ,
SM48523 ,S ,
SM48524 ,S ,
SM48525 ,A ,
SM48526 ,S ,
SM48528 ,S ,
SM48529 ,A ,
SM48530 ,S ,
SM48531 ,S ,
SM48532 ,S ,
SM48533 ,A ,
SM48534 ,A ,
SM48536 ,A ,
SM48537 ,S ,
SM48538 ,S ,
SM48540 ,A ,
SM48541 ,S ,
SM48542 ,A ,
SM48543 ,S ,
SM48545 ,S ,
SM48546 ,S ,
SM48547 ,A ,
SM48548 ,S ,
SM48550 ,A ,
SM48551 ,A ,
SM48552 ,S ,
SM48553 ,A ,
SM48554 ,S ,
SM48556 ,A ,
SM48557 ,S ,
SM48558 ,S ,
SM48559 ,S ,
SM48560 ,A ,
SM48561 ,A ,
SM48562 ,S ,
SM48563 ,A ,
SM48564 ,A ,
SM48565 ,A ,
SM48566 ,A ,
SM48567 ,A ,
SM48568 ,S ,
SM48569 ,S ,
SM48570 ,S ,
SM48571 ,S ,
SM48572 ,A ,
SM48573 ,A ,
SM48574 ,S ,
SM48575 ,A ,
SM48576 ,A ,
SM48577 ,S ,
SM48578 ,S ,
SM48579 ,S ,
SM48580 ,A ,
SM48581 ,A ,
SM48582 ,A ,
SM48588 ,S ,
SM48590 ,A ,
SM48591 ,A ,
SM48592 ,S ,
SM48593 ,A ,
SM48595 ,S ,
SM48596 ,S ,
SM48597 ,A ,
SM48598 ,S ,
SM48600 ,A ,
SM48601 ,A ,
SM48602 ,S ,
SM48603 ,S ,
SM48604 ,S ,
SM48605 ,S ,
SM48606 ,S ,
SM48608 ,S ,
SM48609 ,A ,
SM48610 ,S ,
SM48612 ,S ,
SM48613 ,S ,
SM48614 ,A ,
SM48615 ,S ,
SM48616 ,S ,
SM48617 ,S ,
SM48618 ,A ,
SM48619 ,S ,
SM48620 ,A ,
SM48621 ,A ,
SM48622 ,S ,
SM48623 ,A ,
SM48625 ,S ,
SM48626 ,A ,
SM48627 ,S ,
SM48628 ,A ,
SM48629 ,S ,
SM48630 ,A ,
SM48632 ,S ,
SM48633 ,S ,
SM48634 ,S ,
SM48635 ,A ,
SM48636 ,S ,
SM48638 ,A ,
SM48639 ,S ,
SM48641 ,A ,
SM48642 ,A ,
SM48643 ,S ,
SM48644 ,S ,
SM48645 ,A ,
SM48646 ,S ,
SM48648 ,S ,
SM48649 ,S ,
SM48650 ,A ,
SM48651 ,S ,
SM48652 ,S ,
SM48654 ,A ,
SM48655 ,A ,
SM48656 ,S ,
SM48657 ,A ,
SM48658 ,S ,
SM48659 ,A ,
SM48660 ,S ,
SM48661 ,S ,
SM48662 ,S ,
SM48663 ,A ,
SM48665 ,A ,
SM48666 ,S ,
SM48667 ,S ,
SM48668 ,A ,
SM48669 ,A ,
SM48670 ,A ,
SM48672 ,A ,
SM48673 ,S ,
SM48674 ,S ,
SM48676 ,S ,
SM48678 ,S ,
SM48679 ,A ,
SM48680 ,S ,
SM48681 ,A ,
SM48682 ,S ,
SM48684 ,A ,
SM48685 ,S ,
SM48686 ,A ,
SM48687 ,A ,
SM48690 ,S ,
SM48691 ,S ,
SM48693 ,S ,
SM48694 ,A ,
SM48695 ,S ,
SM48697 ,A ,
SM48698 ,S ,
SM48699 ,S ,
SM48700 ,S ,
SM48701 ,S ,
SM48702 ,A ,
SM48703 ,S ,
SM48704 ,S ,
SM48705 ,A ,
SM48706 ,A ,
SM48707 ,A ,
SM48708 ,A ,
SM48709 ,S ,
SM48710 ,S ,
SM48711 ,A ,
SM48712 ,S ,
SM48713 ,A ,
SM48714 ,S ,
SM48715 ,S ,
SM48716 ,A ,
SM48717 ,A ,
SM48718 ,A ,
SM48720 ,S ,
SM48722 ,S ,
SM48723 ,A ,
SM48725 ,S ,
SM48726 ,S ,
SM48727 ,S ,
SM48728 ,S ,
SM48730 ,A ,
SM48731 ,S ,
SM48732 ,A ,
SM48733 ,S ,
SM48734 ,A ,
SM48736 ,A ,
SM48737 ,S ,
SM48738 ,A ,
SM48740 ,S ,
SM48741 ,S ,
SM48742 ,A ,
SM48743 ,A ,
SM48744 ,A ,
SM48745 ,S ,
SM48747 ,S ,
SM48748 ,A ,
SM48749 ,S ,
SM48750 ,S ,
SM48751 ,S ,
SM48752 ,A ,
SM48753 ,S ,
SM48754 ,A ,
SM48756 ,A ,
SM48757 ,S ,
SM48758 ,A ,
SM48759 ,A ,
SM48760 ,A ,
SM48761 ,S ,
SM48762 ,A ,
SM48763 ,S ,
SM48764 ,S ,
SM48766 ,S ,
SM48767 ,A ,
SM48769 ,A ,
SM48771 ,S ,
SM48773 ,A ,
SM48774 ,S ,
SM48775 ,A ,
SM48776 ,A ,
SM48777 ,S ,
SM48778 ,S ,
SM48780 ,A ,
SM48781 ,S ,
SM48782 ,S ,
SM48783 ,S ,
SM48784 ,A ,
SM48785 ,S ,
SM48786 ,S ,
SM48788 ,S ,
SM48789 ,A ,
SM48790 ,S ,
SM48791 ,S ,
SM48792 ,S ,
SM48793 ,S ,
SM48794 ,A ,
SM48795 ,S ,
SM48796 ,A ,
SM48798 ,S ,
SM48799 ,S ,
SM48800 ,A ,
SM48801 ,A ,
SM48803 ,S ,
SM48804 ,S ,
SM48805 ,A ,
SM48806 ,A ,
SM48807 ,A ,
SM48808 ,S ,
SM48809 ,S ,
SM48810 ,S ,
SM48811 ,A ,
SM48812 ,A ,
SM48813 ,S ,
SM48814 ,A ,
SM48815 ,S ,
SM48816 ,S ,
SM48817 ,S ,
SM48818 ,A ,
SM48821 ,S ,
SM48822 ,A ,
SM48823 ,S ,
SM48824 ,S ,
SM48826 ,S ,
SM48827 ,S ,
SM48828 ,S ,
SM48829 ,S ,
SM48830 ,S ,
SM48831 ,A ,
SM48832 ,S ,
SM48833 ,S ,
SM48834 ,S ,
SM48835 ,A ,
SM48836 ,S ,
SM48837 ,S ,
SM48839 ,S ,
SM48840 ,S ,
SM48841 ,S ,
SM48842 ,A ,
SM48843 ,S ,
SM48844 ,S ,
SM48846 ,A ,
SM48847 ,S ,
SM48848 ,A ,
SM48849 ,A ,
SM48852 ,A ,
SM48853 ,S ,
SM48854 ,S ,
SM48855 ,A ,
SM48857 ,S ,
SM48859 ,S ,
SM48860 ,A ,
SM48861 ,S ,
SM48862 ,A ,
SM48865 ,A ,
SM48866 ,A ,
SM48868 ,A ,
SM48869 ,A ,
SM48870 ,S ,
SM48871 ,A ,
SM48872 ,S ,
SM48874 ,S ,
SM48875 ,A ,
SM48876 ,A ,
SM48877 ,S ,
SM48878 ,S ,
SM48880 ,A ,
SM48881 ,A ,
SM48882 ,S ,
SM48884 ,S ,
SM48885 ,A ,
SM48886 ,S ,
SM48888 ,S ,
SM48890 ,S ,
SM48891 ,S ,
SM48892 ,S ,
SM48893 ,A ,
SM48894 ,S ,
SM48895 ,S ,
SM48896 ,S ,
SM48897 ,S ,
SM48898 ,A ,
SM48899 ,S ,
SM48900 ,S ,
SM48901 ,S ,
SM48902 ,S ,
SM48903 ,S ,
SM48904 ,A ,
SM48905 ,A ,
SM48906 ,S ,
SM48908 ,S ,
SM48909 ,S ,
SM48910 ,S ,
SM48911 ,A ,
SM48914 ,S ,
SM48915 ,S ,
SM48916 ,A ,
SM48917 ,S ,
SM48918 ,A ,
SM48919 ,A ,
SM48920 ,A ,
SM48922 ,S ,
SM48923 ,S ,
SM48924 ,A ,
SM48926 ,A ,
SM48927 ,S ,
SM48928 ,A ,
SM48929 ,S ,
SM48930 ,S ,
SM48931 ,A ,
SM48934 ,A ,
SM48935 ,S ,
SM48936 ,A ,
SM48937 ,S ,
SM48938 ,S ,
SM48940 ,A ,
SM48941 ,A ,
SM48942 ,A ,
SM48943 ,S ,
SM48944 ,A ,
SM48945 ,A ,
SM48946 ,S ,
SM48947 ,A ,
SM48948 ,S ,
SM48949 ,A ,
SM48950 ,S ,
SM48951 ,S ,
SM48952 ,A ,
SM48953 ,A ,
SM48954 ,A ,
SM48955 ,S ,
SM48957 ,S ,
SM48958 ,A ,
SM48959 ,A ,
SM48960 ,A ,
SM48961 ,S ,
SM48962 ,A ,
SM48963 ,S ,
SM48964 ,S ,
SM48965 ,S ,
SM48966 ,A ,
SM48968 ,S ,
SM48969 ,A ,
SM48970 ,A ,
SM48971 ,A ,
SM48972 ,A ,
SM48973 ,S ,
SM48974 ,A ,
SM48976 ,A ,
SM48977 ,S ,
SM48978 ,S ,
SM48979 ,S ,
SM48980 ,S ,
SM48981 ,A ,
SM48982 ,A ,
SM48983 ,A ,
SM48984 ,A ,
SM48985 ,S ,
SM48986 ,A ,
SM48988 ,S ,
SM48989 ,A ,
SM48990 ,S ,
SM48991 ,S ,
SM48992 ,A ,
SM48993 ,S ,
SM48994 ,A ,
SM48995 ,A ,
SM48996 ,S ,
SM48998 ,A ,
SM48999 ,S ,
SM49000 ,A ,
SM49001 ,A ,
SM49002 ,S ,
SM49003 ,S ,
SM49004 ,S ,
SM49005 ,A ,
SM49006 ,A ,
SM49007 ,A ,
SM49008 ,A ,
SM49009 ,S ,
SM49011 ,S ,
SM49012 ,A ,
SM49014 ,S ,
SM49016 ,A ,
SM49017 ,S ,
SM49018 ,S ,
SM49019 ,A ,
SM49020 ,S ,
SM49022 ,A ,
SM49023 ,S ,
SM49024 ,S ,
SM49025 ,A ,
SM49026 ,S ,
SM49027 ,S ,
SM49029 ,A ,
SM49030 ,S ,
SM49031 ,S ,
SM49032 ,A ,
SM49033 ,A ,
SM49034 ,A ,
SM49035 ,S ,
SM49036 ,A ,
SM49038 ,A ,
SM49039 ,S ,
SM49040 ,S ,
SM49041 ,S ,
SM49042 ,S ,
SM49043 ,A ,
SM49044 ,A ,
SM49045 ,A ,
SM49046 ,S ,
SM49047 ,S ,
SM49048 ,A ,
SM49049 ,A ,
SM49050 ,S ,
SM49053 ,A ,
SM49054 ,S ,
SM49055 ,S ,
SM49056 ,S ,
SM49057 ,S ,
SM49058 ,S ,
SM49059 ,S ,
SM49060 ,A ,
SM49061 ,S ,
SM49062 ,A ,
SM49063 ,A ,
SM49064 ,A ,
SM49065 ,A ,
SM49066 ,S ,
SM49067 ,A ,
SM49068 ,S ,
SM49069 ,A ,
SM49070 ,A ,
SM49071 ,A ,
SM49072 ,S ,
SM49073 ,S ,
SM49074 ,A ,
SM49075 ,S ,
SM49076 ,A ,
SM49077 ,A ,
SM49078 ,S ,
SM49079 ,A ,
SM49080 ,A ,
SM49081 ,S ,
SM49083 ,A ,
SM49084 ,A ,
SM49085 ,A ,
SM49086 ,S ,
SM49087 ,S ,
SM49088 ,A ,
SM49089 ,A ,
SM49091 ,S ,
SM49092 ,A ,
SM49094 ,A ,
SM49095 ,A ,
SM49096 ,A ,
SM49098 ,S ,
SM49099 ,S ,
SM49100 ,S ,
SM49102 ,S ,
SM49103 ,S ,
SM49104 ,A ,
SM49105 ,A ,
SM49106 ,S ,
SM49107 ,A ,
SM49108 ,A ,
SM49109 ,S ,
SM49110 ,S ,
SM49112 ,S ,
SM49113 ,S ,
SM49114 ,A ,
SM49115 ,S ,
SM49116 ,A ,
SM49117 ,S ,
SM49118 ,A ,
SM49119 ,S ,
SM49120 ,A ,
SM49121 ,A ,
SM49122 ,A ,
SM49123 ,S ,
SM49125 ,S ,
SM49126 ,A ,
SM49127 ,S ,
SM49128 ,A ,
SM49129 ,S ,
SM49130 ,A ,
SM49131 ,S ,
SM49133 ,A ,
SM49134 ,A ,
SM49135 ,S ,
SM49136 ,A ,
SM49137 ,A ,
SM49138 ,A ,
SM49139 ,S ,
SM49141 ,A ,
SM49142 ,A ,
SM49143 ,S ,
SM49144 ,A ,
SM49145 ,A ,
SM49146 ,A ,
SM49147 ,S ,
SM49148 ,S ,
SM49149 ,S ,
SM49150 ,S ,
SM49151 ,S ,
SM49152 ,A ,
SM49153 ,A ,
SM49155 ,S ,
SM49156 ,A ,
SM49157 ,S ,
SM49158 ,S ,
SM49159 ,A ,
SM49160 ,A ,
SM49161 ,S ,
SM49163 ,A ,
SM49164 ,S ,
SM49165 ,A ,
SM49166 ,S ,
SM49167 ,A ,
SM49168 ,S ,
SM49169 ,S ,
SM49170 ,S ,
SM49171 ,A ,
SM49172 ,A ,
SM49173 ,A ,
SM49174 ,A ,
SM49175 ,A ,
SM49177 ,S ,
SM49178 ,A ,
SM49179 ,S ,
SM49180 ,S ,
SM49181 ,A ,
SM49185 ,A ,
SM49186 ,S ,
SM49187 ,S ,
SM49188 ,A ,
SM49190 ,A ,
SM49191 ,S ,
SM49192 ,S ,
SM49193 ,S ,
SM49194 ,A ,
SM49195 ,A ,
SM49197 ,A ,
SM49198 ,S ,
SM49200 ,S ,
SM49201 ,S ,
SM49202 ,A ,
SM49203 ,S ,
SM49204 ,A ,
SM49205 ,S ,
SM49207 ,A ,
SM49208 ,A ,
SM49209 ,S ,
SM49210 ,S ,
SM49211 ,S ,
SM49212 ,S ,
SM49213 ,S ,
SM49214 ,S ,
SM49216 ,A ,
SM49217 ,S ,
SM49218 ,A ,
SM49219 ,S ,
SM49220 ,S ,
SM49221 ,A ,
SM49222 ,S ,
SM49224 ,A ,
SM49225 ,S ,
SM49226 ,S ,
SM49227 ,A ,
SM49228 ,S ,
SM49231 ,A ,
SM49233 ,S ,
SM49234 ,A ,
SM49235 ,A ,
SM49236 ,A ,
SM49237 ,S ,
SM49238 ,A ,
SM49240 ,S ,
SM49241 ,A ,
SM49242 ,A ,
SM49243 ,A ,
SM49244 ,S ,
SM49245 ,S ,
SM49248 ,A ,
SM49251 ,S ,
SM49252 ,S ,
SM49253 ,A ,
SM49254 ,A ,
SM49255 ,A ,
SM49256 ,S ,
SM49257 ,A ,
SM49258 ,S ,
SM49259 ,S ,
SM49260 ,S ,
SM49261 ,S ,
SM49262 ,A ,
SM49263 ,A ,
SM49264 ,S ,
SM49265 ,S ,
SM49266 ,S ,
SM49267 ,S ,
SM49268 ,S ,
SM49269 ,S ,
SM49270 ,S ,
SM49271 ,S ,
SM49272 ,A ,
SM49273 ,S ,
SM49274 ,S ,
SM49275 ,A ,
SM49276 ,S ,
SM49278 ,S ,
SM49279 ,A ,
SM49280 ,A ,
SM49281 ,A ,
SM49282 ,S ,
SM49283 ,A ,
SM49285 ,S ,
SM49286 ,S ,
SM49287 ,A ,
SM49289 ,S ,
SM49291 ,A ,
SM49292 ,S ,
SM49293 ,S ,
SM49294 ,A ,
SM49295 ,S ,
SM49296 ,S ,
SM49297 ,S ,
SM49299 ,A ,
SM49300 ,S ,
SM49301 ,S ,
SM49302 ,S ,
SM49303 ,A ,
SM49307 ,S ,
SM49308 ,S ,
SM49309 ,S ,
SM49310 ,A ,
SM49312 ,S ,
SM49314 ,S ,
SM49315 ,S ,
SM49316 ,S ,
SM49317 ,A ,
SM49318 ,S ,
SM49319 ,S ,
SM49321 ,A ,
SM49322 ,A ,
SM49323 ,S ,
SM49324 ,A ,
SM49325 ,S ,
SM49326 ,S ,
SM49327 ,S ,
SM49328 ,A ,
SM49329 ,A ,
SM49330 ,A ,
SM49331 ,A ,
SM49332 ,S ,
SM49333 ,S ,
SM49334 ,S ,
SM49335 ,S ,
SM49336 ,S ,
SM49338 ,S ,
SM49339 ,S ,
SM49341 ,S ,
SM49342 ,S ,
SM49343 ,A ,
SM49344 ,A ,
SM49346 ,A ,
SM49348 ,S ,
SM49349 ,S ,
SM49350 ,S ,
SM49351 ,A ,
SM49352 ,A ,
SM49353 ,S ,
SM49356 ,S ,
SM49357 ,A ,
SM49358 ,S ,
SM49359 ,A ,
SM49360 ,A ,
SM49361 ,S ,
SM49363 ,A ,
SM49364 ,S ,
SM49365 ,S ,
SM49366 ,S ,
SM49367 ,A ,
SM49368 ,A ,
SM49369 ,A ,
SM49371 ,S ,
SM49372 ,S ,
SM49373 ,S ,
SM49374 ,S ,
SM49375 ,S ,
SM49376 ,S ,
SM49377 ,A ,
SM49378 ,A ,
SM49379 ,S ,
SM49380 ,S ,
SM49381 ,A ,
SM49382 ,A ,
SM49383 ,S ,
SM49384 ,S ,
SM49385 ,A ,
SM49386 ,S ,
SM49387 ,A ,
SM49388 ,S ,
SM49389 ,A ,
SM49390 ,S ,
SM49391 ,S ,
SM49392 ,S ,
SM49393 ,A ,
SM49394 ,A ,
SM49395 ,A ,
SM49396 ,A ,
SM49397 ,S ,
SM49398 ,A ,
SM49399 ,A ,
SM49400 ,S ,
SM49401 ,S ,
SM49403 ,S ,
SM49404 ,S ,
SM49405 ,A ,
SM49406 ,S ,
SM49407 ,A ,
SM49408 ,A ,
SM49409 ,S ,
SM49410 ,A ,
SM49411 ,A ,
SM49412 ,S ,
SM49413 ,S ,
SM49414 ,A ,
SM49416 ,S ,
SM49417 ,S ,
SM49418 ,S ,
SM49419 ,S ,
SM49420 ,A ,
SM49421 ,S ,
SM49422 ,A ,
SM49423 ,A ,
SM49424 ,A ,
SM49425 ,S ,
SM49426 ,A ,
SM49427 ,S ,
SM49428 ,A ,
SM49429 ,A ,
SM49430 ,S ,
SM49431 ,S ,
SM49432 ,S ,
SM49433 ,S ,
SM49434 ,S ,
SM49435 ,S ,
SM49436 ,S ,
SM49437 ,S ,
SM49438 ,A ,
SM49439 ,S ,
SM49440 ,S ,
SM49441 ,A ,
SM49442 ,S ,
SM49444 ,A ,
SM49445 ,A ,
SM49446 ,S ,
SM49448 ,A ,
SM49449 ,A ,
SM49450 ,S ,
SM49452 ,A ,
SM49453 ,S ,
SM49454 ,S ,
SM49455 ,S ,
SM49456 ,A ,
SM49457 ,S ,
SM49459 ,A ,
SM49460 ,A ,
SM49461 ,S ,
SM49462 ,A ,
SM49463 ,S ,
SM49465 ,S ,
SM49466 ,A ,
SM49467 ,A ,
SM49470 ,A ,
SM49471 ,A ,
SM49472 ,A ,
SM49473 ,A ,
SM49474 ,S ,
SM49475 ,S ,
SM49477 ,S ,
SM49478 ,A ,
SM49479 ,A ,
SM49480 ,A ,
SM49481 ,S ,
SM49482 ,S ,
SM49483 ,S ,
SM49484 ,A ,
SM49485 ,S ,
SM49486 ,A ,
SM49487 ,S ,
SM49488 ,A ,
SM49489 ,A ,
SM49490 ,A ,
SM49491 ,S ,
SM49492 ,A ,
SM49494 ,S ,
SM49495 ,S ,
SM49496 ,A ,
SM49497 ,A ,
SM49498 ,A ,
SM49499 ,S ,
SM49500 ,S ,
SM49501 ,S ,
SM49502 ,A ,
SM49504 ,A ,
SM49505 ,S ,
SM49506 ,A ,
SM49507 ,S ,
SM49508 ,S ,
SM49509 ,S ,
SM49511 ,S ,
SM49512 ,S ,
SM49513 ,A ,
SM49514 ,S ,
SM49515 ,A ,
SM49516 ,A ,
SM49517 ,S ,
SM49518 ,S ,
SM49519 ,S ,
SM49520 ,A ,
SM49522 ,S ,
SM49523 ,A ,
SM49524 ,A ,
SM49525 ,S ,
SM49526 ,S ,
SM49527 ,A ,
SM49528 ,S ,
SM49529 ,S ,
SM49530 ,S ,
SM49531 ,S ,
SM49532 ,A ,
SM49534 ,S ,
SM49535 ,S ,
SM49536 ,S ,
SM49538 ,S ,
SM49539 ,A ,
SM49540 ,S ,
SM49541 ,A ,
SM49542 ,A ,
SM49543 ,S ,
SM49544 ,A ,
SM49545 ,A ,
SM49546 ,S ,
SM49547 ,A ,
SM49548 ,S ,
SM49549 ,S ,
SM49550 ,A ,
SM49551 ,A ,
SM49552 ,S ,
SM49553 ,A ,
SM49554 ,S ,
SM49555 ,S ,
SM49556 ,S ,
SM49557 ,A ,
SM49558 ,S ,
SM49559 ,A ,
SM49560 ,S ,
SM49561 ,A ,
SM49562 ,S ,
SM49563 ,S ,
SM49564 ,A ,
SM49565 ,S ,
SM49566 ,A ,
SM49567 ,A ,
SM49568 ,S ,
SM49569 ,S ,
SM49570 ,A ,
SM49571 ,S ,
SM49572 ,A ,
SM49573 ,S ,
SM49574 ,S ,
SM49575 ,S ,
SM49576 ,S ,
SM49578 ,S ,
SM49579 ,S ,
SM49580 ,A ,
SM49581 ,S ,
SM49582 ,A ,
SM49583 ,A ,
SM49584 ,A ,
SM49585 ,A ,
SM49587 ,A ,
SM49588 ,S ,
SM49589 ,A ,
SM49590 ,S ,
SM49591 ,S ,
SM49592 ,A ,
SM49593 ,A ,
SM49595 ,A ,
SM49596 ,A ,
SM49597 ,S ,
SM49598 ,A ,
SM49599 ,A ,
SM49600 ,A ,
SM49601 ,A ,
SM49602 ,S ,
SM49603 ,A ,
SM49604 ,S ,
SM49605 ,S ,
SM49606 ,S ,
SM49607 ,A ,
SM49608 ,S ,
SM49609 ,S ,
SM49610 ,A ,
SM49611 ,A ,
SM49612 ,A ,
SM49613 ,A ,
SM49614 ,A ,
SM49615 ,S ,
SM49616 ,S ,
SM49617 ,A ,
SM49618 ,A ,
SM49620 ,S ,
SM49621 ,S ,
SM49622 ,S ,
SM49623 ,A ,
SM49624 ,A ,
SM49625 ,S ,
SM49626 ,S ,
SM49627 ,S ,
SM49628 ,A ,
SM49629 ,S ,
SM49630 ,A ,
SM49631 ,A ,
SM49632 ,A ,
SM49633 ,A ,
SM49634 ,A ,
SM49635 ,A ,
SM49637 ,A ,
SM49638 ,A ,
SM49639 ,A ,
SM49640 ,A ,
SM49641 ,S ,
SM49642 ,S ,
SM49643 ,A ,
SM49644 ,A ,
SM49645 ,A ,
SM49646 ,S ,
SM49647 ,S ,
SM49648 ,A ,
SM49650 ,S ,
SM49651 ,A ,
SM49652 ,S ,
SM49653 ,S ,
SM49654 ,S ,
SM49655 ,S ,
SM49656 ,A ,
SM49657 ,S ,
SM49658 ,S ,
SM49659 ,S ,
SM49660 ,A ,
SM49661 ,S ,
SM49662 ,S ,
SM49663 ,A ,
SM49664 ,A ,
SM49665 ,A ,
SM49666 ,A ,
SM49667 ,S ,
SM49668 ,A ,
SM49669 ,S ,
SM49670 ,S ,
SM49671 ,S ,
SM49672 ,S ,
SM49673 ,A ,
SM49674 ,S ,
SM49675 ,A ,
SM49676 ,S ,
SM49677 ,A ,
SM49678 ,A ,
SM49679 ,A ,
SM49680 ,S ,
SM49681 ,A ,
SM49682 ,A ,
SM49683 ,S ,
SM49684 ,A ,
SM49685 ,A ,
SM49686 ,S ,
SM49687 ,A ,
SM49688 ,S ,
SM49689 ,A ,
SM49690 ,S ,
SM49691 ,A ,
SM49692 ,A ,
SM49693 ,S ,
SM49694 ,A ,
SM49695 ,S ,
SM49696 ,A ,
SM49698 ,A ,
SM49699 ,S ,
SM49700 ,S ,
SM49701 ,A ,
SM49702 ,A ,
SM49703 ,A ,
SM49704 ,A ,
SM49705 ,S ,
SM49706 ,A ,
SM49707 ,S ,
SM49708 ,A ,
SM49709 ,S ,
SM49710 ,A ,
SM49711 ,S ,
SM49712 ,S ,
SM49713 ,A ,
SM49714 ,S ,
SM49715 ,A ,
SM49716 ,S ,
SM49717 ,A ,
SM49718 ,S ,
SM49719 ,A ,
SM49720 ,S ,
SM49721 ,A ,
SM49722 ,A ,
SM49723 ,A ,
SM49724 ,S ,
SM49725 ,A ,
SM49726 ,S ,
SM49727 ,S ,
SM49728 ,S ,
SM49729 ,A ,
SM49730 ,A ,
SM49731 ,A ,
SM49732 ,S ,
SM49733 ,A ,
SM49734 ,S ,
SM49735 ,A ,
SM49736 ,A ,
SM49738 ,A ,
SM49739 ,A ,
SM49740 ,A ,
SM49741 ,S ,
SM49742 ,A ,
SM49743 ,S ,
SM49744 ,S ,
SM49745 ,A ,
SM49746 ,A ,
SM49747 ,S ,
SM49748 ,A ,
SM49749 ,A ,
SM49750 ,S ,
SM49751 ,S ,
SM49752 ,A ,
SM49753 ,S ,
SM49754 ,A ,
SM49755 ,A ,
SM49756 ,A ,
SM49757 ,A ,
SM49758 ,A ,
SM49759 ,S ,
SM49760 ,A ,
SM49761 ,A ,
SM49762 ,A ,
SM49763 ,S ,
SM49764 ,A ,
SM49765 ,A ,
SM49766 ,S ,
SM49767 ,S ,
SM49768 ,A ,
SM49769 ,A ,
SM49771 ,A ,
SM49772 ,S ,
SM49773 ,A ,
SM49774 ,A ,
SM49775 ,A ,
SM49776 ,S ,
SM49777 ,A ,
SM49778 ,A ,
SM49780 ,A ,
SM49781 ,A ,
SM49782 ,A ,
SM49784 ,A ,
SM49786 ,A ,
SM49787 ,A ,
SM49788 ,A ,
SM49789 ,A ,
SM49790 ,A ,
SM49791 ,S ,
SM49792 ,A ,
SM49793 ,S ,
SM49794 ,S ,
SM49795 ,S ,
SM49796 ,A ,
SM49797 ,A ,
SM49798 ,A ,
SM49800 ,S ,
SM49801 ,A ,
SM49802 ,A ,
SM49804 ,A ,
SM49805 ,S ,
SM49806 ,S ,
SM49807 ,S ,
SM49808 ,A ,
SM49809 ,S ,
SM49810 ,A ,
SM49811 ,A ,
SM49812 ,S ,
SM49813 ,A ,
SM49814 ,A ,
SM49815 ,A ,
SM49816 ,S ,
SM49817 ,A ,
SM49818 ,S ,
SM49819 ,A ,
SM49820 ,A ,
SM49821 ,S ,
SM49822 ,S ,
SM49823 ,A ,
SM49824 ,A ,
SM49825 ,A ,
SM49826 ,A ,
SM49827 ,A ,
SM49828 ,A ,
SM49829 ,A ,
SM49831 ,A ,
SM49832 ,S ,
SM49833 ,A ,
SM49834 ,A ,
SM49835 ,A ,
SM49836 ,S ,
SM49837 ,A ,
SM49838 ,A ,
SM49839 ,S ,
SM49840 ,S ,
SM49841 ,S ,
SM49842 ,S ,
SM49843 ,S ,
SM49844 ,A ,
SM49845 ,A ,
SM49846 ,A ,
SM49847 ,A ,
SM49848 ,S ,
SM49849 ,S ,
SM49850 ,A ,
SM49851 ,A ,
SM49852 ,A ,
SM49853 ,A ,
SM49854 ,A ,
SM49855 ,A ,
SM49856 ,A ,
SM49858 ,A ,
SM49859 ,A ,
SM49860 ,A ,
SM49861 ,A ,
SM49862 ,A ,
SM49863 ,S ,
SM49864 ,A ,
SM49865 ,S ,
SM49866 ,A ,
SM49867 ,S ,
SM49868 ,A ,
SM49869 ,S ,
SM49870 ,A ,
SM49871 ,A ,
SM49872 ,A ,
SM49873 ,A ,
SM49874 ,S ,
SM49875 ,S ,
SM49876 ,S ,
SM49877 ,A ,
SM49878 ,A ,
SM49879 ,A ,
SM49880 ,A ,
SM49881 ,S ,
SM49882 ,S ,
SM49883 ,A ,
SM49884 ,A ,
SM49885 ,A ,
SM49886 ,S ,
SM49887 ,A ,
SM49888 ,S ,
SM49889 ,S ,
SM49890 ,A ,
SM49891 ,S ,
SM49892 ,A ,
SM49893 ,A ,
SM49894 ,A ,
SM49895 ,A ,
SM49896 ,A ,
SM49897 ,A ,
SM49898 ,A ,
SM49899 ,A ,
SM49900 ,A ,
SM49901 ,A ,
SM49902 ,A ,
SM49903 ,A ,
SM49904 ,S ,
SM49905 ,S ,
SM49906 ,A ,
SM49907 ,A ,
SM49908 ,A ,
SM49909 ,S ,
SM49910 ,S ,
SM49911 ,A ,
SM49912 ,A ,
SM49913 ,A ,
SM49914 ,S ,
SM49915 ,A ,
SM49916 ,S ,
SM49917 ,A ,
SM49918 ,S ,
SM49919 ,A ,
SM49920 ,A ,
SM49921 ,A ,
SM49922 ,A ,
SM49925 ,A ,
SM49926 ,A ,
SM49927 ,S ,
SM49928 ,A ,
SM49929 ,S ,
SM49930 ,A ,
SM49931 ,A ,
SM49932 ,A ,
SM49933 ,A ,
SM49934 ,S ,
SM49935 ,S ,
SM49936 ,A ,
SM49937 ,A ,
SM49938 ,S ,
SM49939 ,S ,
SM49940 ,A ,
SM49941 ,S ,
SM49942 ,A ,
SM49943 ,S ,
SM49944 ,A ,
SM49945 ,S ,
SM49947 ,S ,
SM49948 ,A ,
SM49949 ,S ,
SM49950 ,A ,
SM49953 ,S ,
SM49954 ,A ,
SM49955 ,A ,
SM49957 ,S ,
SM49958 ,A ,
SM49959 ,A ,
SM49960 ,A ,
SM49961 ,A ,
SM49962 ,A ,
SM49963 ,S ,
SM49964 ,A ,
SM49965 ,A ,
SM49966 ,A ,
SM49967 ,S ,
SM49968 ,S ,
SM49969 ,S ,
SM49970 ,A ,
SM49972 ,A ,
SM49973 ,S ,
SM49974 ,A ,
SM49975 ,A ,
SM49977 ,S ,
SM49978 ,S ,
SM49979 ,A ,
SM49980 ,S ,
SM49981 ,A ,
SM49982 ,S ,
SM49983 ,S ,
SM49985 ,A ,
SM49986 ,A ,
SM49987 ,A ,
SM49988 ,S ,
SM49989 ,A ,
SM49990 ,A ,
SM49991 ,A ,
SM49992 ,A ,
SM49993 ,S ,
SM49994 ,A ,
SM49995 ,A ,
SM49996 ,A ,
SM49997 ,A ,
SM49998 ,A ,
SM49999 ,A ,
SM50000 ,A ,
SM50001 ,A ,
SM50002 ,S ,
SM50003 ,S ,
SM50004 ,A ,
SM50005 ,S ,
SM50006 ,A ,
SM50007 ,A ,
SM50008 ,A ,
SM50009 ,A ,
SM50010 ,A ,
SM50011 ,A ,
SM50012 ,S ,
SM50013 ,A ,
SM50014 ,A ,
SM50015 ,A ,
SM50016 ,S ,
SM50017 ,A ,
SM50019 ,S ,
SM50020 ,A ,
SM50021 ,A ,
SM50022 ,A ,
SM50023 ,A ,
SM50024 ,A ,
SM50025 ,S ,
SM50027 ,S ,
SM50028 ,S ,
SM50029 ,A ,
SM50030 ,A ,
SM50031 ,A ,
SM50032 ,S ,
SM50033 ,S ,
SM50034 ,S ,
SM50035 ,S ,
SM50036 ,A ,
SM50037 ,A ,
SM50038 ,A ,
SM50039 ,S ,
SM50040 ,A ,
SM50041 ,A ,
SM50042 ,A ,
SM50043 ,S ,
SM50044 ,A ,
SM50045 ,A ,
SM50046 ,A ,
SM50047 ,S ,
SM50048 ,A ,
SM50049 ,S ,
SM50051 ,A ,
SM50052 ,A ,
SM50053 ,S ,
SM50054 ,S ,
SM50055 ,A ,
SM50056 ,S ,
SM50057 ,A ,
SM50058 ,S ,
SM50059 ,A ,
SM50060 ,A ,
SM50061 ,A ,
SM50062 ,S ,
SM50063 ,A ,
SM50064 ,S ,
SM50065 ,S ,
SM50066 ,A ,
SM50067 ,A ,
SM50068 ,A ,
SM50069 ,A ,
SM50070 ,S ,
SM50072 ,A ,
SM50073 ,A ,
SM50074 ,A ,
SM50075 ,A ,
SM50076 ,A ,
SM50077 ,A ,
SM50078 ,A ,
SM50079 ,S ,
SM50080 ,S ,
SM50081 ,A ,
SM50082 ,A ,
SM50084 ,A ,
SM50085 ,A ,
SM50087 ,S ,
SM50088 ,A ,
SM50089 ,A ,
SM50090 ,A ,
SM50091 ,A ,
SM50092 ,S ,
SM50093 ,A ,
SM50094 ,A ,
SM50095 ,A ,
SM50096 ,A ,
SM50097 ,S ,
SM50098 ,A ,
SM50099 ,A ,
SM50101 ,S ,
SM50102 ,A ,
SM50103 ,A ,
SM50104 ,A ,
SM50105 ,A ,
SM50106 ,A ,
SM50107 ,S ,
SM50108 ,S ,
SM50109 ,S ,
SM50110 ,S ,
SM50111 ,S ,
SM50113 ,A ,
SM50114 ,S ,
SM50115 ,A ,
SM50116 ,A ,
SM50117 ,S ,
SM50118 ,A ,
SM50119 ,A ,
SM50120 ,A ,
SM50121 ,A ,
SM50122 ,A ,
SM50123 ,S ,
SM50124 ,A ,
SM50125 ,A ,
SM50126 ,S ,
SM50127 ,S ,
SM50128 ,A ,
SM50129 ,S ,
SM50130 ,A ,
SM50131 ,S ,
SM50132 ,A ,
SM50133 ,S ,
SM50134 ,S ,
SM50135 ,S ,
SM50136 ,S ,
SM50137 ,A ,
SM50138 ,S ,
SM50139 ,A ,
SM50140 ,A ,
SM50141 ,A ,
SM50142 ,A ,
SM50143 ,A ,
SM50144 ,S ,
SM50145 ,S ,
SM50146 ,S ,
SM50148 ,S ,
SM50149 ,A ,
SM50150 ,S ,
SM50151 ,S ,
SM50153 ,A ,
SM50154 ,S ,
SM50156 ,A ,
SM50157 ,A ,
SM50159 ,A ,
SM50160 ,A ,
SM50162 ,A ,
SM50164 ,A ,
SM50167 ,S ,
SM50168 ,S ,
SM50169 ,S ,
SM50170 ,S ,
SM50171 ,A ,
SM50172 ,S ,
SM50173 ,A ,
SM50174 ,A ,
SM50175 ,A ,
SM50176 ,S ,
SM50177 ,A ,
SM50178 ,S ,
SM50179 ,A ,
SM50180 ,A ,
SM50181 ,A ,
SM50182 ,S ,
SM50183 ,A ,
SM50184 ,A ,
SM50186 ,S ,
SM50187 ,A ,
SM50188 ,A ,
SM50189 ,A ,
SM50190 ,A ,
SM50191 ,A ,
SM50192 ,S ,
SM50193 ,A ,
SM50194 ,A ,
SM50195 ,A ,
SM50197 ,A ,
SM50198 ,S ,
SM50199 ,A ,
SM50200 ,S ,
SM50201 ,S ,
SM50202 ,A ,
SM50203 ,A ,
SM50204 ,S ,
SM50205 ,A ,
SM50206 ,S ,
SM50207 ,S ,
SM50208 ,A ,
SM50209 ,S ,
SM50210 ,S ,
SM50211 ,S ,
SM50212 ,S ,
SM50213 ,A ,
SM50214 ,S ,
SM50215 ,A ,
SM50216 ,A ,
SM50217 ,A ,
SM50218 ,S ,
SM50219 ,A ,
SM50220 ,S ,
SM50221 ,S ,
SM50222 ,A ,
SM50223 ,A ,
SM50224 ,S ,
SM50225 ,S ,
SM50226 ,S ,
SM50227 ,S ,
SM50228 ,A ,
SM50229 ,S ,
SM50230 ,A ,
SM50231 ,S ,
SM50232 ,S ,
SM50233 ,S ,
SM50234 ,S ,
SM50235 ,A ,
SM50236 ,A ,
SM50237 ,A ,
SM50238 ,S ,
SM50239 ,A ,
SM50240 ,A ,
SM50241 ,S ,
SM50242 ,A ,
SM50243 ,S ,
SM50244 ,S ,
SM50245 ,A ,
SM50246 ,A ,
SM50247 ,A ,
SM50248 ,A ,
SM50249 ,A ,
SM50250 ,A ,
SM50251 ,A ,
SM50252 ,A ,
SM50253 ,S ,
SM50254 ,A ,
SM50255 ,A ,
SM50256 ,S ,
SM50257 ,A ,
SM50258 ,A ,
SM50259 ,A ,
SM50260 ,S ,
SM50261 ,S ,
SM50262 ,A ,
SM50263 ,A ,
SM50264 ,S ,
SM50265 ,S ,
SM50266 ,A ,
SM50267 ,S ,
SM50268 ,A ,
SM50269 ,A ,
SM50270 ,S ,
SM50272 ,A ,
SM50273 ,S ,
SM50274 ,A ,
SM50275 ,S ,
SM50276 ,A ,
SM50277 ,S ,
SM50281 ,S ,
SM50282 ,A ,
SM50284 ,S ,
SM50285 ,S ,
SM50286 ,A ,
SM50287 ,A ,
SM50288 ,A ,
SM50289 ,S ,
SM50290 ,A ,
SM50291 ,A ,
SM50292 ,S ,
SM50293 ,S ,
SM50294 ,A ,
SM50295 ,A ,
SM50296 ,A ,
SM50297 ,A ,
SM50298 ,S ,
SM50300 ,A ,
SM50301 ,A ,
SM50302 ,S ,
SM50303 ,S ,
SM50304 ,S ,
SM50305 ,A ,
SM50306 ,S ,
SM50307 ,A ,
SM50308 ,A ,
SM50309 ,A ,
SM50310 ,A ,
SM50311 ,S ,
SM50313 ,S ,
SM50314 ,S ,
SM50315 ,A ,
SM50316 ,S ,
SM50317 ,S ,
SM50318 ,S ,
SM50319 ,A ,
SM50320 ,S ,
SM50322 ,S ,
SM50323 ,S ,
SM50324 ,A ,
SM50325 ,A ,
SM50326 ,S ,
SM50327 ,S ,
SM50328 ,A ,
SM50329 ,A ,
SM50330 ,S ,
SM50331 ,S ,
SM50332 ,A ,
SM50333 ,S ,
SM50334 ,S ,
SM50335 ,A ,
SM50336 ,A ,
SM50337 ,S ,
SM50338 ,S ,
SM50339 ,S ,
SM50340 ,A ,
SM50341 ,A ,
SM50342 ,S ,
SM50343 ,S ,
SM50344 ,S ,
SM50345 ,A ,
SM50346 ,A ,
SM50347 ,S ,
SM50348 ,S ,
SM50349 ,A ,
SM50350 ,A ,
SM50351 ,A ,
SM50352 ,S ,
SM50353 ,S ,
SM50354 ,A ,
SM50355 ,A ,
SM50356 ,S ,
SM50357 ,A ,
SM50358 ,A ,
SM50359 ,S ,
SM50360 ,A ,
SM50361 ,S ,
SM50362 ,S ,
SM50363 ,A ,
SM50364 ,S ,
SM50365 ,A ,
SM50366 ,S ,
SM50367 ,S ,
SM50368 ,A ,
SM50369 ,S ,
SM50370 ,A ,
SM50371 ,A ,
SM50372 ,A ,
SM50373 ,A ,
SM50374 ,S ,
SM50375 ,A ,
SM50376 ,A ,
SM50377 ,S ,
SM50378 ,S ,
SM50379 ,A ,
SM50380 ,A ,
SM50381 ,A ,
SM50382 ,S ,
SM50384 ,A ,
SM50385 ,S ,
SM50386 ,A ,
SM50387 ,A ,
SM50388 ,S ,
SM50389 ,A ,
SM50390 ,S ,
SM50391 ,S ,
SM50392 ,S ,
SM50393 ,A ,
SM50394 ,A ,
SM50395 ,A ,
SM50396 ,A ,
SM50397 ,A ,
SM50398 ,S ,
SM50399 ,S ,
SM50400 ,S ,
SM50401 ,A ,
SM50402 ,S ,
SM50403 ,S ,
SM50404 ,S ,
SM50405 ,A ,
SM50406 ,A ,
SM50407 ,S ,
SM50408 ,S ,
SM50409 ,A ,
SM50410 ,A ,
SM50411 ,A ,
SM50412 ,S ,
SM50413 ,A ,
SM50414 ,A ,
SM50415 ,S ,
SM50416 ,S ,
SM50417 ,S ,
SM50418 ,S ,
SM50419 ,S ,
SM50420 ,A ,
SM50421 ,S ,
SM50422 ,S ,
SM50423 ,A ,
SM50424 ,S ,
SM50425 ,S ,
SM50426 ,A ,
SM50427 ,A ,
SM50428 ,A ,
SM50429 ,A ,
SM50430 ,A ,
SM50431 ,S ,
SM50432 ,A ,
SM50433 ,S ,
SM50434 ,S ,
SM50435 ,A ,
SM50436 ,S ,
SM50437 ,S ,
SM50438 ,A ,
SM50439 ,A ,
SM50442 ,A ,
SM50443 ,S ,
SM50444 ,S ,
SM50445 ,A ,
SM50446 ,A ,
SM50447 ,A ,
SM50448 ,A ,
SM50449 ,S ,
SM50450 ,A ,
SM50451 ,S ,
SM50452 ,A ,
SM50453 ,S ,
SM50454 ,S ,
SM50455 ,S ,
SM50456 ,S ,
SM50457 ,A ,
SM50458 ,S ,
SM50459 ,S ,
SM50460 ,A ,
SM50461 ,S ,
SM50462 ,S ,
SM50463 ,A ,
SM50465 ,A ,
SM50466 ,S ,
SM50467 ,A ,
SM50468 ,S ,
SM50469 ,A ,
SM50470 ,A ,
SM50471 ,S ,
SM50472 ,S ,
SM50473 ,S ,
SM50474 ,A ,
SM50475 ,A ,
SM50476 ,A ,
SM50477 ,S ,
SM50478 ,A ,
SM50479 ,A ,
SM50480 ,A ,
SM50481 ,S ,
SM50482 ,S ,
SM50483 ,A ,
SM50484 ,S ,
SM50485 ,S ,
SM50486 ,A ,
SM50487 ,S ,
SM50488 ,A ,
SM50489 ,S ,
SM50490 ,S ,
SM50491 ,A ,
SM50492 ,A ,
SM50493 ,S ,
SM50494 ,S ,
SM50495 ,S ,
SM50496 ,A ,
SM50497 ,S ,
SM50498 ,S ,
SM50500 ,S ,
SM50501 ,S ,
SM50503 ,S ,
SM50504 ,A ,
SM50505 ,A ,
SM50506 ,A ,
SM50507 ,S ,
SM50508 ,S ,
SM50509 ,S ,
SM50510 ,A ,
SM50511 ,A ,
SM50512 ,S ,
SM50513 ,S ,
SM50514 ,S ,
SM50515 ,A ,
SM50516 ,A ,
SM50517 ,S ,
SM50518 ,S ,
SM50519 ,S ,
SM50520 ,A ,
SM50521 ,A ,
SM50522 ,A ,
SM50523 ,S ,
SM50524 ,S ,
SM50525 ,S ,
SM50526 ,A ,
SM50527 ,S ,
SM50528 ,S ,
SM50529 ,A ,
SM50530 ,A ,
SM50531 ,S ,
SM50532 ,A ,
SM50533 ,A ,
SM50534 ,A ,
SM50535 ,S ,
SM50536 ,S ,
SM50537 ,S ,
SM50538 ,A ,
SM50539 ,S ,
SM50540 ,A ,
SM50541 ,A ,
SM50542 ,A ,
SM50543 ,S ,
SM50544 ,S ,
SM50545 ,A ,
SM50546 ,S ,
SM50547 ,A ,
SM50548 ,S ,
SM50549 ,A ,
SM50550 ,S ,
SM50551 ,S ,
SM50552 ,A ,
SM50554 ,A ,
SM50555 ,S ,
SM50556 ,A ,
SM50557 ,A ,
SM50558 ,A ,
SM50559 ,S ,
SM50560 ,S ,
SM50561 ,S ,
SM50562 ,S ,
SM50564 ,A ,
SM50565 ,S ,
SM50566 ,A ,
SM50567 ,S ,
SM50568 ,S ,
SM50569 ,A ,
SM50570 ,A ,
SM50571 ,S ,
SM50572 ,A ,
SM50573 ,S ,
SM50574 ,A ,
SM50575 ,S ,
SM50576 ,A ,
SM50577 ,S ,
SM50578 ,S ,
SM50579 ,S ,
SM50580 ,A ,
SM50581 ,S ,
SM50582 ,S ,
SM50583 ,A ,
SM50584 ,A ,
SM50585 ,A ,
SM50586 ,A ,
SM50587 ,A ,
SM50588 ,S ,
SM50589 ,A ,
SM50590 ,S ,
SM50591 ,A ,
SM50592 ,A ,
SM50593 ,A ,
SM50594 ,S ,
SM50595 ,S ,
SM50596 ,A ,
SM50597 ,S ,
SM50598 ,S ,
SM50600 ,S ,
SM50601 ,S ,
SM50602 ,A ,
SM50603 ,A ,
SM50604 ,A ,
SM50605 ,A ,
SM50606 ,A ,
SM50607 ,S ,
SM50608 ,A ,
SM50609 ,S ,
SM50610 ,S ,
SM50611 ,A ,
SM50612 ,S ,
SM50613 ,A ,
SM50614 ,S ,
SM50615 ,A ,
SM50616 ,A ,
SM50617 ,A ,
SM50618 ,S ,
SM50619 ,S ,
SM50620 ,S ,
SM50621 ,A ,
SM50622 ,A ,
SM50623 ,A ,
SM50624 ,A ,
SM50625 ,A ,
SM50626 ,A ,
SM50627 ,A ,
SM50628 ,A ,
SM50629 ,A ,
SM50630 ,A ,
SM50631 ,S ,
SM50632 ,A ,
SM50633 ,S ,
SM50634 ,A ,
SM50635 ,A ,
SM50636 ,A ,
SM50637 ,A ,
SM50638 ,S ,
SM50640 ,S ,
SM50641 ,S ,
SM50642 ,A ,
SM50643 ,S ,
SM50644 ,S ,
SM50645 ,S ,
SM50646 ,A ,
SM50647 ,S ,
SM50648 ,A ,
SM50649 ,S ,
SM50650 ,S ,
SM50651 ,S ,
SM50652 ,S ,
SM50653 ,A ,
SM50654 ,A ,
SM50655 ,S ,
SM50656 ,S ,
SM50657 ,A ,
SM50658 ,A ,
SM50659 ,S ,
SM50660 ,S ,
SM50661 ,S ,
SM50662 ,A ,
SM50663 ,A ,
SM50664 ,S ,
SM50665 ,S ,
SM50666 ,S ,
SM50667 ,A ,
SM50668 ,A ,
SM50669 ,S ,
SM50670 ,S ,
SM50671 ,A ,
SM50672 ,S ,
SM50674 ,S ,
SM50675 ,A ,
SM50676 ,S ,
SM50677 ,A ,
SM50678 ,S ,
SM50679 ,A ,
SM50680 ,A ,
SM50681 ,S ,
SM50682 ,S ,
SM50683 ,S ,
SM50684 ,A ,
SM50685 ,A ,
SM50686 ,S ,
SM50687 ,A ,
SM50688 ,A ,
SM50689 ,A ,
SM50690 ,A ,
SM50691 ,A ,
SM50692 ,S ,
SM50693 ,S ,
SM50695 ,S ,
SM50696 ,A ,
SM50697 ,A ,
SM50698 ,S ,
SM50699 ,A ,
SM50700 ,S ,
SM50701 ,A ,
SM50702 ,S ,
SM50703 ,S ,
SM50704 ,S ,
SM50705 ,S ,
SM50706 ,A ,
SM50708 ,A ,
SM50709 ,S ,
SM50710 ,A ,
SM50711 ,S ,
SM50712 ,A ,
SM50713 ,S ,
SM50714 ,A ,
SM50716 ,S ,
SM50717 ,S ,
SM50718 ,A ,
SM50719 ,A ,
SM50720 ,A ,
SM50721 ,S ,
SM50722 ,S ,
SM50723 ,A ,
SM50724 ,A ,
SM50725 ,A ,
SM50726 ,A ,
SM50727 ,A ,
SM50728 ,S ,
SM50729 ,S ,
SM50730 ,S ,
SM50731 ,S ,
SM50732 ,A ,
SM50733 ,A ,
SM50735 ,S ,
SM50736 ,S ,
SM50737 ,S ,
SM50739 ,A ,
SM50740 ,A ,
SM50741 ,S ,
SM50742 ,A ,
SM50743 ,S ,
SM50744 ,S ,
SM50745 ,S ,
SM50746 ,S ,
SM50747 ,S ,
SM50748 ,A ,
SM50750 ,S ,
SM50751 ,S ,
SM50752 ,S ,
SM50753 ,S ,
SM50754 ,S ,
SM50755 ,S ,
SM50756 ,S ,
SM50757 ,A ,
SM50758 ,S ,
SM50759 ,A ,
SM50760 ,S ,
SM50761 ,S ,
SM50762 ,A ,
SM50763 ,A ,
SM50764 ,S ,
SM50765 ,A ,
SM50766 ,S ,
SM50767 ,S ,
SM50768 ,S ,
SM50769 ,A ,
SM50770 ,A ,
SM50771 ,S ,
SM50772 ,A ,
SM50773 ,S ,
SM50774 ,S ,
SM50775 ,A ,
SM50776 ,S ,
SM50777 ,A ,
SM50778 ,A ,
SM50779 ,A ,
SM50780 ,S ,
SM50781 ,A ,
SM50783 ,S ,
SM50784 ,S ,
SM50785 ,A ,
SM50786 ,S ,
SM50787 ,S ,
SM50788 ,S ,
SM50789 ,S ,
SM50790 ,A ,
SM50791 ,A ,
SM50792 ,A ,
SM50793 ,A ,
SM50794 ,S ,
SM50795 ,A ,
SM50796 ,S ,
SM50797 ,S ,
SM50798 ,S ,
SM50799 ,A ,
SM50800 ,A ,
SM50801 ,S ,
SM50802 ,A ,
SM50803 ,A ,
SM50804 ,S ,
SM50805 ,S ,
SM50806 ,A ,
SM50807 ,A ,
SM50808 ,S ,
SM50809 ,S ,
SM50810 ,S ,
SM50811 ,A ,
SM50812 ,A ,
SM50813 ,S ,
SM50814 ,A ,
SM50815 ,A ,
SM50816 ,A ,
SM50817 ,S ,
SM50818 ,S ,
SM50819 ,A ,
SM50820 ,A ,
SM50821 ,S ,
SM50822 ,S ,
SM50823 ,A ,
SM50824 ,A ,
SM50825 ,S ,
SM50826 ,S ,
SM50827 ,A ,
SM50828 ,A ,
SM50829 ,S ,
SM50830 ,A ,
SM50831 ,S ,
SM50832 ,S ,
SM50833 ,S ,
SM50834 ,A ,
SM50836 ,A ,
SM50837 ,S ,
SM50838 ,S ,
SM50839 ,A ,
SM50840 ,A ,
SM50841 ,A ,
SM50842 ,A ,
SM50843 ,S ,
SM50844 ,S ,
SM50845 ,S ,
SM50846 ,S ,
SM50847 ,A ,
SM50848 ,A ,
SM50849 ,A ,
SM50850 ,S ,
SM50851 ,S ,
SM50852 ,S ,
SM50853 ,S ,
SM50854 ,S ,
SM50855 ,S ,
SM50856 ,S ,
SM50857 ,S ,
SM50858 ,A ,
SM50859 ,A ,
SM50860 ,A ,
SM50861 ,S ,
SM50862 ,A ,
SM50863 ,S ,
SM50864 ,S ,
SM50865 ,S ,
SM50866 ,A ,
SM50867 ,A ,
SM50868 ,A ,
SM50869 ,S ,
SM50870 ,S ,
SM50871 ,A ,
SM50872 ,S ,
SM50873 ,S ,
SM50874 ,S ,
SM50875 ,S ,
SM50876 ,A ,
SM50877 ,S ,
SM50878 ,A ,
SM50879 ,S ,
SM50880 ,A ,
SM50882 ,A ,
SM50883 ,A ,
SM50884 ,S ,
SM50885 ,A ,
SM50886 ,S ,
SM50887 ,S ,
SM50888 ,A ,
SM50889 ,S ,
SM50890 ,S ,
SM50891 ,A ,
SM50892 ,S ,
SM50893 ,S ,
SM50894 ,A ,
SM50895 ,A ,
SM50896 ,S ,
SM50897 ,A ,
SM50898 ,S ,
SM50899 ,S ,
SM50900 ,S ,
SM50901 ,S ,
SM50902 ,S ,
SM50903 ,S ,
SM50904 ,S ,
SM50905 ,A ,
SM50906 ,S ,
SM50907 ,A ,
SM50908 ,S ,
SM50909 ,A ,
SM50910 ,A ,
SM50911 ,S ,
SM50912 ,A ,
SM50913 ,S ,
SM50914 ,A ,
SM50915 ,A ,
SM50916 ,S ,
SM50917 ,S ,
SM50918 ,S ,
SM50919 ,S ,
SM50920 ,S ,
SM50921 ,S ,
SM50922 ,S ,
SM50923 ,A ,
SM50924 ,A ,
SM50925 ,A ,
SM50926 ,S ,
SM50927 ,S ,
SM50928 ,A ,
SM50929 ,A ,
SM50930 ,S ,
SM50931 ,A ,
SM50932 ,A ,
SM50933 ,S ,
SM50934 ,S ,
SM50935 ,A ,
SM50936 ,A ,
SM50938 ,A ,
SM50939 ,S ,
SM50940 ,S ,
SM50941 ,S ,
SM50942 ,S ,
SM50943 ,A ,
SM50944 ,S ,
SM50945 ,S ,
SM50946 ,A ,
SM50947 ,S ,
SM50948 ,A ,
SM50949 ,S ,
SM50950 ,A ,
SM50951 ,S ,
SM50952 ,A ,
SM50953 ,S ,
SM50954 ,S ,
SM50955 ,A ,
SM50956 ,S ,
SM50957 ,S ,
SM50958 ,S ,
SM50959 ,S ,
SM50960 ,S ,
SM50961 ,A ,
SM50963 ,A ,
SM50964 ,A ,
SM50965 ,A ,
SM50966 ,A ,
SM50967 ,S ,
SM50968 ,S ,
SM50969 ,S ,
SM50971 ,S ,
SM50972 ,S ,
SM50973 ,S ,
SM50974 ,A ,
SM50975 ,S ,
SM50978 ,A ,
SM50979 ,A ,
SM50980 ,S ,
SM50981 ,S ,
SM50982 ,S ,
SM50983 ,A ,
SM50984 ,S ,
SM50985 ,A ,
SM50986 ,A ,
SM50987 ,A ,
SM50988 ,A ,
SM50989 ,S ,
SM50990 ,A ,
SM50991 ,A ,
SM50992 ,S ,
SM50993 ,A ,
SM50994 ,S ,
SM50995 ,A ,
SM50996 ,S ,
SM50997 ,S ,
SM50998 ,S ,
SM50999 ,S ,
SM51000 ,S ,
SM51001 ,S ,
SM51002 ,S ,
SM51003 ,S ,
SM51004 ,A ,
SM51005 ,S ,
SM51006 ,A ,
SM51007 ,A ,
SM51008 ,S ,
SM51009 ,S ,
SM51010 ,S ,
SM51011 ,S ,
SM51012 ,S ,
SM51013 ,A ,
SM51014 ,A ,
SM51015 ,A ,
SM51016 ,S ,
SM51017 ,A ,
SM51018 ,A ,
SM51019 ,A ,
SM51020 ,A ,
SM51021 ,S ,
SM51022 ,S ,
SM51023 ,A ,
SM51024 ,A ,
SM51025 ,S ,
SM51026 ,S ,
SM51027 ,S ,
SM51028 ,A ,
SM51029 ,S ,
SM51030 ,A ,
SM51031 ,S ,
SM51032 ,S ,
SM51033 ,S ,
SM51034 ,S ,
SM51035 ,A ,
SM51036 ,S ,
SM51037 ,S ,
SM51038 ,A ,
SM51039 ,S ,
SM51040 ,S ,
SM51041 ,S ,
SM51042 ,A ,
SM51043 ,A ,
SM51044 ,A ,
SM51045 ,S ,
SM51046 ,S ,
SM51047 ,S ,
SM51048 ,A ,
SM51049 ,S ,
SM51050 ,A ,
SM51051 ,S ,
SM51052 ,S ,
SM51053 ,S ,
SM51054 ,A ,
SM51055 ,A ,
SM51056 ,S ,
SM51057 ,A ,
SM51058 ,S ,
SM51059 ,S ,
SM51060 ,S ,
SM51061 ,A ,
SM51062 ,A ,
SM51063 ,S ,
SM51064 ,S ,
SM51065 ,S ,
SM51066 ,S ,
SM51067 ,S ,
SM51068 ,S ,
SM51070 ,A ,
SM51071 ,S ,
SM51072 ,S ,
SM51073 ,A ,
SM51074 ,A ,
SM51075 ,S ,
SM51076 ,A ,
SM51078 ,A ,
SM51079 ,S ,
SM51080 ,A ,
SM51081 ,S ,
SM51082 ,A ,
SM51083 ,S ,
SM51084 ,A ,
SM51086 ,S ,
SM51087 ,S ,
SM51088 ,S ,
SM51089 ,S ,
SM51090 ,S ,
SM51091 ,S ,
SM51092 ,A ,
SM51093 ,S ,
SM51094 ,S ,
SM51095 ,S ,
SM51097 ,A ,
SM51098 ,A ,
SM51099 ,S ,
SM51100 ,A ,
SM51101 ,A ,
SM51102 ,S ,
SM51103 ,S ,
SM51104 ,S ,
SM51105 ,S ,
SM51106 ,A ,
SM51107 ,S ,
SM51108 ,S ,
SM51109 ,A ,
SM51110 ,S ,
SM51111 ,S ,
SM51112 ,S ,
SM51113 ,A ,
SM51114 ,A ,
SM51115 ,A ,
SM51116 ,S ,
SM51117 ,A ,
SM51118 ,A ,
SM51119 ,A ,
SM51120 ,A ,
SM51121 ,S ,
SM51122 ,S ,
SM51123 ,S ,
SM51124 ,S ,
SM51125 ,A ,
SM51126 ,S ,
SM51127 ,S ,
SM51128 ,S ,
SM51129 ,S ,
SM51130 ,S ,
SM51131 ,S ,
SM51132 ,A ,
SM51133 ,A ,
SM51134 ,A ,
SM51135 ,A ,
SM51136 ,S ,
SM51137 ,S ,
SM51138 ,A ,
SM51139 ,S ,
SM51140 ,S ,
SM51141 ,S ,
SM51142 ,S ,
SM51143 ,S ,
SM51144 ,A ,
SM51145 ,S ,
SM51146 ,A ,
SM51147 ,S ,
SM51148 ,S ,
SM51149 ,S ,
SM51150 ,S ,
SM51151 ,S ,
SM51152 ,A ,
SM51153 ,S ,
SM51154 ,S ,
SM51155 ,S ,
SM51156 ,A ,
SM51157 ,A ,
SM51158 ,A ,
SM51159 ,S ,
SM51160 ,S ,
SM51161 ,A ,
SM51162 ,S ,
SM51163 ,A ,
SM51164 ,S ,
SM51165 ,A ,
SM51166 ,A ,
SM51167 ,S ,
SM51168 ,S ,
SM51169 ,A ,
SM51170 ,S ,
SM51171 ,S ,
SM51172 ,A ,
SM51173 ,S ,
SM51174 ,A ,
SM51175 ,A ,
SM51177 ,S ,
SM51178 ,A ,
SM51179 ,A ,
SM51180 ,S ,
SM51181 ,A ,
SM51182 ,A ,
SM51184 ,S ,
SM51185 ,S ,
SM51186 ,A ,
SM51187 ,A ,
SM51188 ,S ,
SM51189 ,A ,
SM51190 ,A ,
SM51191 ,A ,
SM51192 ,S ,
SM51193 ,S ,
SM51194 ,S ,
SM51195 ,A ,
SM51196 ,A ,
SM51197 ,S ,
SM51198 ,S ,
SM51199 ,S ,
SM51200 ,S ,
SM51201 ,S ,
SM51202 ,S ,
SM51203 ,S ,
SM51204 ,S ,
SM51205 ,A ,
SM51206 ,S ,
SM51207 ,A ,
SM51208 ,S ,
SM51209 ,S ,
SM51210 ,S ,
SM51211 ,S ,
SM51212 ,A ,
SM51213 ,A ,
SM51214 ,A ,
SM51215 ,S ,
SM51216 ,A ,
SM51217 ,S ,
SM51218 ,S ,
SM51219 ,A ,
SM51220 ,S ,
SM51221 ,A ,
SM51222 ,S ,
SM51223 ,A ,
SM51224 ,S ,
SM51225 ,S ,
SM51226 ,S ,
SM51227 ,S ,
SM51228 ,S ,
SM51229 ,S ,
SM51230 ,A ,
SM51231 ,S ,
SM51232 ,S ,
SM51233 ,A ,
SM51234 ,S ,
SM51235 ,A ,
SM51236 ,S ,
SM51237 ,A ,
SM51238 ,S ,
SM51239 ,A ,
SM51240 ,S ,
SM51241 ,S ,
SM51242 ,A ,
SM51243 ,S ,
SM51244 ,A ,
SM51245 ,S ,
SM51246 ,S ,
SM51247 ,A ,
SM51248 ,A ,
SM51249 ,S ,
SM51250 ,S ,
SM51251 ,A ,
SM51252 ,A ,
SM51253 ,S ,
SM51254 ,A ,
SM51255 ,S ,
SM51256 ,S ,
SM51257 ,A ,
SM51258 ,S ,
SM51259 ,A ,
SM51260 ,A ,
SM51261 ,S ,
SM51262 ,A ,
SM51263 ,A ,
SM51264 ,S ,
SM51265 ,S ,
SM51266 ,A ,
SM51268 ,S ,
SM51269 ,S ,
SM51270 ,A ,
SM51271 ,S ,
SM51272 ,S ,
SM51273 ,S ,
SM51274 ,S ,
SM51275 ,A ,
SM51276 ,S ,
SM51277 ,S ,
SM51279 ,S ,
SM51280 ,S ,
SM51281 ,S ,
SM51282 ,S ,
SM51283 ,A ,
SM51284 ,A ,
SM51285 ,A ,
SM51286 ,S ,
SM51287 ,S ,
SM51289 ,A ,
SM51290 ,S ,
SM51291 ,A ,
SM51292 ,S ,
SM51293 ,A ,
SM51294 ,A ,
SM51295 ,S ,
SM51296 ,A ,
SM51297 ,S ,
SM51298 ,S ,
SM51299 ,S ,
SM51300 ,S ,
SM51301 ,A ,
SM51302 ,S ,
SM51303 ,S ,
SM51304 ,S ,
SM51305 ,S ,
SM51306 ,S ,
SM51307 ,S ,
SM51308 ,A ,
SM51309 ,S ,
SM51310 ,A ,
SM51311 ,S ,
SM51312 ,A ,
SM51313 ,S ,
SM51314 ,A ,
SM51315 ,S ,
SM51316 ,A ,
SM51317 ,A ,
SM51318 ,S ,
SM51319 ,S ,
SM51320 ,S ,
SM51321 ,S ,
SM51322 ,A ,
SM51323 ,S ,
SM51324 ,S ,
SM51325 ,S ,
SM51326 ,S ,
SM51327 ,S ,
SM51328 ,S ,
SM51329 ,A ,
SM51330 ,S ,
SM51331 ,S ,
SM51332 ,S ,
SM51333 ,A ,
SM51334 ,S ,
SM51335 ,S ,
SM51336 ,S ,
SM51337 ,S ,
SM51338 ,A ,
SM51339 ,S ,
SM51340 ,S ,
SM51341 ,A ,
SM51342 ,S ,
SM51343 ,S ,
SM51344 ,A ,
SM51345 ,S ,
SM51346 ,S ,
SM51347 ,A ,
SM51348 ,S ,
SM51349 ,S ,
SM51350 ,A ,
SM51351 ,A ,
SM51352 ,S ,
SM51353 ,A ,
SM51354 ,S ,
SM51355 ,A ,
SM51356 ,S ,
SM51357 ,S ,
SM51358 ,S ,
SM51359 ,S ,
SM51360 ,A ,
SM51361 ,S ,
SM51362 ,S ,
SM51363 ,S ,
SM51364 ,A ,
SM51365 ,S ,
SM51366 ,A ,
SM51367 ,S ,
SM51368 ,A ,
SM51369 ,A ,
SM51370 ,S ,
SM51371 ,A ,
SM51372 ,S ,
SM51373 ,S ,
SM51374 ,A ,
SM51375 ,A ,
SM51376 ,S ,
SM51377 ,S ,
SM51378 ,A ,
SM51379 ,A ,
SM51380 ,S ,
SM51381 ,S ,
SM51382 ,A ,
SM51383 ,S ,
SM51384 ,S ,
SM51385 ,S ,
SM51386 ,S ,
SM51387 ,A ,
SM51388 ,S ,
SM51389 ,S ,
SM51390 ,A ,
SM51391 ,S ,
SM51392 ,S ,
SM51393 ,S ,
SM51394 ,S ,
SM51395 ,A ,
SM51396 ,S ,
SM51397 ,A ,
SM51398 ,S ,
SM51399 ,S ,
SM51400 ,A ,
SM51401 ,A ,
SM51402 ,S ,
SM51404 ,A ,
SM51405 ,S ,
SM51406 ,S ,
SM51407 ,S ,
SM51408 ,S ,
SM51409 ,A ,
SM51410 ,A ,
SM51411 ,S ,
SM51412 ,A ,
SM51413 ,S ,
SM51414 ,S ,
SM51415 ,A ,
SM51416 ,S ,
SM51417 ,A ,
SM51418 ,S ,
SM51419 ,A ,
SM51420 ,S ,
SM51421 ,S ,
SM51422 ,S ,
SM51423 ,S ,
SM51424 ,A ,
SM51425 ,A ,
SM51426 ,S ,
SM51427 ,S ,
SM51428 ,S ,
SM51429 ,A ,
SM51430 ,A ,
SM51431 ,A ,
SM51432 ,A ,
SM51433 ,S ,
SM51434 ,S ,
SM51435 ,S ,
SM51436 ,A ,
SM51437 ,A ,
SM51438 ,S ,
SM51439 ,S ,
SM51440 ,S ,
SM51441 ,A ,
SM51442 ,S ,
SM51443 ,S ,
SM51444 ,S ,
SM51445 ,A ,
SM51446 ,S ,
SM51447 ,S ,
SM51448 ,A ,
SM51449 ,A ,
SM51450 ,S ,
SM51451 ,S ,
SM51452 ,S ,
SM51453 ,S ,
SM51454 ,A ,
SM51455 ,A ,
SM51456 ,A ,
SM51457 ,S ,
SM51458 ,S ,
SM51459 ,S ,
SM51460 ,A ,
SM51461 ,A ,
SM51462 ,S ,
SM51463 ,S ,
SM51464 ,S ,
SM51465 ,S ,
SM51466 ,S ,
SM51467 ,S ,
SM51468 ,S ,
SM51469 ,A ,
SM51470 ,S ,
SM51471 ,A ,
SM51473 ,S ,
SM51474 ,S ,
SM51475 ,S ,
SM51476 ,S ,
SM51477 ,S ,
SM51478 ,S ,
SM51479 ,S ,
SM51480 ,S ,
SM51481 ,A ,
SM51482 ,S ,
SM51483 ,S ,
SM51484 ,S ,
SM51485 ,A ,
SM51486 ,A ,
SM51487 ,S ,
SM51488 ,A ,
SM51489 ,S ,
SM51490 ,S ,
SM51491 ,S ,
SM51492 ,S ,
SM51493 ,A ,
SM51494 ,A ,
SM51495 ,S ,
SM51496 ,S ,
SM51497 ,S ,
SM51498 ,S ,
SM51499 ,S ,
SM51500 ,S ,
SM51501 ,A ,
SM51502 ,S ,
SM51503 ,S ,
SM51504 ,S ,
SM51505 ,A ,
SM51506 ,A ,
SM51507 ,S ,
SM51508 ,S ,
SM51509 ,S ,
SM51510 ,S ,
SM51511 ,S ,
SM51512 ,A ,
SM51513 ,S ,
SM51514 ,A ,
SM51515 ,S ,
SM51516 ,S ,
SM51517 ,A ,
SM51518 ,S ,
SM51519 ,A ,
SM51520 ,S ,
SM51521 ,S ,
SM51522 ,S ,
SM51523 ,S ,
SM51524 ,S ,
SM51525 ,A ,
SM51526 ,S ,
SM51527 ,S ,
SM51528 ,A ,
SM51529 ,S ,
SM51530 ,S ,
SM51531 ,S ,
SM51532 ,S ,
SM51533 ,A ,
SM51534 ,S ,
SM51535 ,A ,
SM51536 ,S ,
SM51537 ,A ,
SM51538 ,S ,
SM51539 ,A ,
SM51540 ,A ,
SM51541 ,S ,
SM51542 ,S ,
SM51543 ,A ,
SM51544 ,A ,
SM51545 ,S ,
SM51546 ,A ,
SM51547 ,S ,
SM51548 ,S ,
SM51549 ,S ,
SM51550 ,S ,
SM51551 ,A ,
SM51552 ,S ,
SM51553 ,S ,
SM51554 ,S ,
SM51555 ,S ,
SM51556 ,S ,
SM51557 ,S ,
SM51558 ,A ,
SM51559 ,A ,
SM51560 ,S ,
SM51561 ,A ,
SM51562 ,A ,
SM51563 ,S ,
SM51564 ,S ,
SM51565 ,S ,
SM51566 ,S ,
SM51567 ,S ,
SM51568 ,A ,
SM51569 ,S ,
SM51570 ,S ,
SM51571 ,A ,
SM51572 ,S ,
SM51573 ,A ,
SM51574 ,S ,
SM51575 ,S ,
SM51576 ,S ,
SM51577 ,S ,
SM51578 ,S ,
SM51579 ,A ,
SM51580 ,S ,
SM51581 ,A ,
SM51582 ,S ,
SM51583 ,S ,
SM51584 ,S ,
SM51585 ,A ,
SM51586 ,S ,
SM51587 ,S ,
SM51588 ,S ,
SM51589 ,A ,
SM51590 ,S ,
SM51591 ,S ,
SM51592 ,S ,
SM51593 ,S ,
SM51594 ,A ,
SM51595 ,S ,
SM51596 ,S ,
SM51597 ,A ,
SM51598 ,S ,
SM51599 ,A ,
SM51600 ,A ,
SM51601 ,A ,
SM51602 ,A ,
SM51603 ,A ,
SM51604 ,A ,
SM51605 ,S ,
SM51606 ,S ,
SM51607 ,S ,
SM51608 ,S ,
SM51609 ,A ,
SM51610 ,S ,
SM51611 ,S ,
SM51612 ,S ,
SM51613 ,S ,
SM51614 ,S ,
SM51615 ,S ,
SM51616 ,S ,
SM51617 ,S ,
SM51618 ,S ,
SM51619 ,A ,
SM51620 ,S ,
SM51621 ,A ,
SM51622 ,S ,
SM51623 ,A ,
SM51624 ,S ,
SM51625 ,A ,
SM51626 ,S ,
SM51627 ,S ,
SM51628 ,S ,
SM51629 ,S ,
SM51630 ,A ,
SM51631 ,S ,
SM51632 ,S ,
SM51633 ,S ,
SM51634 ,A ,
SM51635 ,S ,
SM51636 ,S ,
SM51637 ,A ,
SM51638 ,S ,
SM51639 ,S ,
SM51640 ,S ,
SM51641 ,A ,
SM51642 ,S ,
SM51643 ,A ,
SM51644 ,A ,
SM51645 ,S ,
SM51646 ,S ,
SM51647 ,S ,
SM51648 ,S ,
SM51649 ,A ,
SM51650 ,A ,
SM51651 ,S ,
SM51652 ,S ,
SM51653 ,S ,
SM51654 ,S ,
SM51655 ,S ,
SM51656 ,A ,
SM51657 ,S ,
SM51658 ,A ,
SM51659 ,S ,
SM51660 ,A ,
SM51661 ,S ,
SM51662 ,A ,
SM51663 ,A ,
SM51664 ,S ,
SM51665 ,S ,
SM51666 ,S ,
SM51667 ,S ,
SM51668 ,S ,
SM51669 ,A ,
SM51670 ,S ,
SM51671 ,A ,
SM51672 ,S ,
SM51673 ,A ,
SM51674 ,S ,
SM51675 ,S ,
SM51676 ,S ,
SM51677 ,A ,
SM51678 ,S ,
SM51679 ,S ,
SM51680 ,A ,
SM51681 ,S ,
SM51682 ,S ,
SM51683 ,S ,
SM51684 ,A ,
SM51685 ,A ,
SM51686 ,S ,
SM51687 ,S ,
SM51688 ,A ,
SM51689 ,S ,
SM51690 ,A ,
SM51691 ,A ,
SM51692 ,S ,
SM51693 ,S ,
SM51694 ,S ,
SM51695 ,S ,
SM51696 ,S ,
SM51697 ,S ,
SM51698 ,S ,
SM51699 ,S ,
SM51700 ,A ,
SM51701 ,S ,
SM51702 ,A ,
SM51703 ,A ,
SM51704 ,A ,
SM51705 ,S ,
SM51706 ,S ,
SM51707 ,S ,
SM51709 ,A ,
SM51710 ,A ,
SM51711 ,A ,
SM51712 ,S ,
SM51713 ,A ,
SM51714 ,S ,
SM51715 ,S ,
SM51716 ,S ,
SM51717 ,A ,
SM51718 ,S ,
SM51719 ,A ,
SM51720 ,A ,
SM51721 ,S ,
SM51722 ,A ,
SM51723 ,A ,
SM51724 ,A ,
SM51725 ,S ,
SM51726 ,S ,
SM51727 ,A ,
SM51728 ,A ,
SM51729 ,A ,
SM51730 ,A ,
SM51731 ,S ,
SM51732 ,S ,
SM51733 ,S ,
SM51734 ,A ,
SM51735 ,S ,
SM51736 ,S ,
SM51737 ,S ,
SM51738 ,A ,
SM51739 ,A ,
SM51740 ,S ,
SM51741 ,S ,
SM51743 ,A ,
SM51744 ,S ,
SM51745 ,S ,
SM51746 ,S ,
SM51747 ,S ,
SM51748 ,A ,
SM51749 ,A ,
SM51750 ,A ,
SM51751 ,S ,
SM51752 ,A ,
SM51753 ,S ,
SM51754 ,S ,
SM51755 ,S ,
SM51756 ,A ,
SM51757 ,S ,
SM51758 ,A ,
SM51759 ,S ,
SM51760 ,S ,
SM51761 ,S ,
SM51762 ,A ,
SM51763 ,S ,
SM51764 ,A ,
SM51765 ,S ,
SM51766 ,A ,
SM51767 ,S ,
SM51768 ,A ,
SM51769 ,S ,
SM51770 ,S ,
SM51771 ,A ,
SM51772 ,S ,
SM51773 ,A ,
SM51774 ,A ,
SM51775 ,S ,
SM51776 ,S ,
SM51777 ,A ,
SM51778 ,A ,
SM51779 ,S ,
SM51780 ,S ,
SM51781 ,A ,
SM51782 ,A ,
SM51783 ,A ,
SM51784 ,S ,
SM51785 ,A ,
SM51786 ,S ,
SM51787 ,S ,
SM51788 ,S ,
SM51789 ,A ,
SM51790 ,A ,
SM51791 ,A ,
SM51792 ,A ,
SM51793 ,S ,
SM51795 ,S ,
SM51796 ,A ,
SM51797 ,S ,
SM51798 ,S ,
SM51799 ,A ,
SM51800 ,A ,
SM51801 ,A ,
SM51802 ,S ,
SM51803 ,A ,
SM51804 ,A ,
SM51805 ,S ,
SM51806 ,S ,
SM51807 ,S ,
SM51808 ,A ,
SM51809 ,A ,
SM51810 ,S ,
SM51811 ,S ,
SM51812 ,S ,
SM51813 ,A ,
SM51814 ,S ,
SM51815 ,A ,
SM51816 ,S ,
SM51817 ,A ,
SM51818 ,S ,
SM51819 ,A ,
SM51820 ,S ,
SM51821 ,S ,
SM51822 ,S ,
SM51823 ,A ,
SM51824 ,S ,
SM51825 ,A ,
SM51826 ,S ,
SM51827 ,S ,
SM51828 ,S ,
SM51829 ,A ,
SM51830 ,A ,
SM51831 ,S ,
SM51832 ,A ,
SM51833 ,S ,
SM51834 ,A ,
SM51835 ,S ,
SM51836 ,S ,
SM51837 ,S ,
SM51838 ,A ,
SM51839 ,S ,
SM51840 ,S ,
SM51841 ,A ,
SM51842 ,S ,
SM51843 ,S ,
SM51844 ,S ,
SM51845 ,A ,
SM51846 ,A ,
SM51847 ,S ,
SM51848 ,S ,
SM51849 ,A ,
SM51850 ,A ,
SM51851 ,S ,
SM51852 ,A ,
SM51853 ,S ,
SM51854 ,A ,
SM51855 ,S ,
SM51856 ,S ,
SM51857 ,S ,
SM51858 ,S ,
SM51859 ,A ,
SM51860 ,S ,
SM51861 ,S ,
SM51862 ,S ,
SM51863 ,A ,
SM51865 ,A ,
SM51866 ,S ,
SM51867 ,S ,
SM51868 ,S ,
SM51869 ,S ,
SM51870 ,A ,
SM51871 ,S ,
SM51872 ,A ,
SM51873 ,S ,
SM51874 ,S ,
SM51875 ,S ,
SM51876 ,A ,
SM51877 ,S ,
SM51878 ,S ,
SM51879 ,A ,
SM51880 ,S ,
SM51881 ,A ,
SM51882 ,A ,
SM51883 ,S ,
SM51884 ,S ,
SM51885 ,A ,
SM51886 ,S ,
SM51887 ,A ,
SM51888 ,A ,
SM51889 ,A ,
SM51890 ,S ,
SM51891 ,S ,
SM51892 ,A ,
SM51893 ,A ,
SM51894 ,A ,
SM51895 ,S ,
SM51896 ,S ,
SM51897 ,A ,
SM51898 ,S ,
SM51899 ,S ,
SM51900 ,A ,
SM51901 ,S ,
SM51902 ,S ,
SM51903 ,S ,
SM51904 ,A ,
SM51905 ,S ,
SM51906 ,S ,
SM51907 ,A ,
SM51908 ,S ,
SM51909 ,A ,
SM51910 ,S ,
SM51911 ,A ,
SM51912 ,S ,
SM51913 ,S ,
SM51914 ,A ,
SM51915 ,S ,
SM51916 ,A ,
SM51917 ,A ,
SM51918 ,A ,
SM51919 ,S ,
SM51920 ,S ,
SM51921 ,S ,
SM51922 ,S ,
SM51923 ,S ,
SM51924 ,A ,
SM51925 ,S ,
SM51926 ,S ,
SM51927 ,S ,
SM51928 ,S ,
SM51929 ,A ,
SM51930 ,S ,
SM51931 ,S ,
SM51932 ,A ,
SM51933 ,A ,
SM51934 ,A ,
SM51935 ,A ,
SM51936 ,S ,
SM51937 ,S ,
SM51938 ,A ,
SM51939 ,A ,
SM51940 ,S ,
SM51941 ,A ,
SM51943 ,S ,
SM51944 ,S ,
SM51945 ,A ,
SM51946 ,A ,
SM51947 ,S ,
SM51948 ,S ,
SM51949 ,A ,
SM51950 ,S ,
SM51951 ,A ,
SM51952 ,A ,
SM51953 ,A ,
SM51954 ,S ,
SM51955 ,S ,
SM51956 ,A ,
SM51957 ,S ,
SM51958 ,S ,
SM51959 ,A ,
SM51960 ,A ,
SM51961 ,S ,
SM51962 ,A ,
SM51963 ,A ,
SM51964 ,A ,
SM51965 ,S ,
SM51966 ,A ,
SM51967 ,S ,
SM51968 ,A ,
SM51969 ,S ,
SM51970 ,S ,
SM51971 ,S ,
SM51972 ,S ,
SM51974 ,S ,
SM51975 ,A ,
SM51976 ,S ,
SM51977 ,S ,
SM51978 ,A ,
SM51979 ,S ,
SM51980 ,A ,
SM51981 ,S ,
SM51982 ,A ,
SM51983 ,S ,
SM51984 ,A ,
SM51985 ,S ,
SM51986 ,S ,
SM51987 ,A ,
SM51989 ,S ,
SM51990 ,A ,
SM51991 ,A ,
SM51992 ,S ,
SM51993 ,S ,
SM51994 ,A ,
SM51995 ,A ,
SM51996 ,S ,
SM51997 ,S ,
SM51998 ,S ,
SM51999 ,S ,
SM52000 ,A ,
SM52001 ,S ,
SM52002 ,A ,
SM52003 ,S ,
SM52004 ,S ,
SM52005 ,S ,
SM52006 ,S ,
SM52007 ,S ,
SM52008 ,A ,
SM52009 ,A ,
SM52010 ,A ,
SM52011 ,S ,
SM52012 ,S ,
SM52013 ,S ,
SM52014 ,S ,
SM52015 ,S ,
SM52016 ,S ,
SM52017 ,A ,
SM52018 ,S ,
SM52019 ,S ,
SM52020 ,S ,
SM52021 ,S ,
SM52022 ,S ,
SM52023 ,A ,
SM52024 ,S ,
SM52025 ,A ,
SM52026 ,A ,
SM52027 ,A ,
SM52028 ,A ,
SM52029 ,A ,
SM52030 ,S ,
SM52031 ,S ,
SM52032 ,A ,
SM52033 ,A ,
SM52034 ,S ,
SM52035 ,A ,
SM52036 ,A ,
SM52037 ,S ,
SM52038 ,S ,
SM52040 ,S ,
SM52041 ,A ,
SM52042 ,A ,
SM52043 ,A ,
SM52044 ,S ,
SM52045 ,A ,
SM52046 ,S ,
SM52047 ,A ,
SM52048 ,A ,
SM52049 ,S ,
SM52051 ,S ,
SM52052 ,A ,
SM52053 ,S ,
SM52054 ,S ,
SM52055 ,A ,
SM52056 ,S ,
SM52057 ,A ,
SM52058 ,S ,
SM52059 ,A ,
SM52060 ,S ,
SM52061 ,A ,
SM52062 ,S ,
SM52063 ,S ,
SM52064 ,S ,
SM52065 ,S ,
SM52066 ,S ,
SM52067 ,A ,
SM52068 ,S ,
SM52069 ,A ,
SM52070 ,S ,
SM52071 ,S ,
SM52072 ,S ,
SM52073 ,A ,
SM52075 ,A ,
SM52076 ,A ,
SM52077 ,S ,
SM52078 ,A ,
SM52079 ,A ,
SM52080 ,S ,
SM52081 ,A ,
SM52082 ,S ,
SM52083 ,A ,
SM52084 ,A ,
SM52085 ,A ,
SM52086 ,S ,
SM52087 ,S ,
SM52088 ,A ,
SM52089 ,S ,
SM52090 ,A ,
SM52091 ,S ,
SM52092 ,S ,
SM52093 ,A ,
SM52094 ,A ,
SM52095 ,S ,
SM52096 ,A ,
SM52097 ,S ,
SM52098 ,A ,
SM52099 ,S ,
SM52100 ,S ,
SM52101 ,S ,
SM52102 ,S ,
SM52103 ,S ,
SM52104 ,A ,
SM52105 ,A ,
SM52106 ,S ,
SM52107 ,S ,
SM52108 ,S ,
SM52109 ,A ,
SM52110 ,S ,
SM52111 ,A ,
SM52112 ,S ,
SM52113 ,S ,
SM52114 ,A ,
SM52115 ,A ,
SM52116 ,A ,
SM52117 ,A ,
SM52118 ,A ,
SM52119 ,S ,
SM52120 ,A ,
SM52121 ,S ,
SM52122 ,S ,
SM52123 ,S ,
SM52124 ,S ,
SM52125 ,A ,
SM52126 ,A ,
SM52127 ,A ,
SM52128 ,S ,
SM52129 ,S ,
SM52130 ,A ,
SM52131 ,S ,
SM52132 ,S ,
SM52133 ,S ,
SM52134 ,A ,
SM52135 ,S ,
SM52136 ,S ,
SM52137 ,A ,
SM52138 ,S ,
SM52139 ,S ,
SM52140 ,S ,
SM52141 ,A ,
SM52142 ,S ,
SM52143 ,S ,
SM52144 ,A ,
SM52146 ,A ,
SM52147 ,A ,
SM52148 ,A ,
SM52149 ,S ,
SM52150 ,A ,
SM52151 ,S ,
SM52152 ,A ,
SM52153 ,S ,
SM52154 ,S ,
SM52155 ,A ,
SM52156 ,A ,
SM52157 ,A ,
SM52158 ,A ,
SM52159 ,S ,
SM52160 ,A ,
SM52161 ,S ,
SM52162 ,A ,
SM52163 ,S ,
SM52164 ,A ,
SM52165 ,S ,
SM52166 ,S ,
SM52167 ,A ,
SM52168 ,S ,
SM52169 ,S ,
SM52170 ,S ,
SM52171 ,S ,
SM52172 ,A ,
SM52173 ,S ,
SM52174 ,A ,
SM52175 ,S ,
SM52176 ,S ,
SM52177 ,A ,
SM52179 ,S ,
SM52180 ,S ,
SM52181 ,S ,
SM52182 ,S ,
SM52183 ,S ,
SM52184 ,A ,
SM52185 ,S ,
SM52186 ,S ,
SM52187 ,A ,
SM52188 ,S ,
SM52189 ,S ,
SM52191 ,S ,
SM52192 ,A ,
SM52193 ,S ,
SM52194 ,S ,
SM52195 ,S ,
SM52196 ,S ,
SM52197 ,A ,
SM52198 ,S ,
SM52199 ,S ,
SM52200 ,S ,
SM52201 ,A ,
SM52202 ,S ,
SM52203 ,S ,
SM52204 ,S ,
SM52205 ,A ,
SM52206 ,A ,
SM52207 ,A ,
SM52208 ,A ,
SM52209 ,S ,
SM52210 ,S ,
SM52211 ,A ,
SM52212 ,A ,
SM52213 ,A ,
SM52214 ,S ,
SM52215 ,S ,
SM52216 ,A ,
SM52217 ,A ,
SM52218 ,A ,
SM52219 ,S ,
SM52220 ,A ,
SM52221 ,S ,
SM52222 ,A ,
SM52223 ,S ,
SM52224 ,S ,
SM52225 ,A ,
SM52226 ,A ,
SM52227 ,S ,
SM52228 ,S ,
SM52229 ,A ,
SM52230 ,A ,
SM52231 ,S ,
SM52232 ,S ,
SM52233 ,S ,
SM52234 ,A ,
SM52235 ,S ,
SM52236 ,A ,
SM52237 ,A ,
SM52238 ,S ,
SM52239 ,A ,
SM52240 ,A ,
SM52241 ,S ,
SM52243 ,S ,
SM52244 ,A ,
SM52245 ,A ,
SM52246 ,A ,
SM52247 ,S ,
SM52248 ,A ,
SM52249 ,S ,
SM52250 ,A ,
SM52251 ,S ,
SM52252 ,A ,
SM52253 ,S ,
SM52254 ,S ,
SM52255 ,A ,
SM52256 ,A ,
SM52257 ,A ,
SM52258 ,A ,
SM52259 ,A ,
SM52260 ,S ,
SM52261 ,A ,
SM52262 ,S ,
SM52263 ,S ,
SM52264 ,S ,
SM52265 ,A ,
SM52266 ,A ,
SM52267 ,S ,
SM52268 ,A ,
SM52269 ,S ,
SM52270 ,A ,
SM52271 ,S ,
SM52272 ,S ,
SM52273 ,S ,
SM52274 ,A ,
SM52275 ,A ,
SM52276 ,S ,
SM52277 ,S ,
SM52278 ,S ,
SM52279 ,S ,
SM52280 ,A ,
SM52281 ,A ,
SM52282 ,S ,
SM52283 ,S ,
SM52284 ,S ,
SM52285 ,S ,
SM52286 ,A ,
SM52287 ,A ,
SM52288 ,S ,
SM52289 ,A ,
SM52290 ,S ,
SM52291 ,S ,
SM52292 ,A ,
SM52293 ,S ,
SM52294 ,A ,
SM52295 ,S ,
SM52296 ,S ,
SM52297 ,A ,
SM52298 ,A ,
SM52299 ,A ,
SM52300 ,A ,
SM52301 ,A ,
SM52302 ,S ,
SM52303 ,S ,
SM52304 ,A ,
SM52305 ,A ,
SM52306 ,A ,
SM52307 ,S ,
SM52308 ,S ,
SM52309 ,S ,
SM52310 ,S ,
SM52311 ,A ,
SM52312 ,A ,
SM52313 ,S ,
SM52314 ,A ,
SM52315 ,S ,
SM52316 ,A ,
SM52317 ,S ,
SM52318 ,A ,
SM52319 ,A ,
SM52320 ,S ,
SM52321 ,S ,
SM52322 ,A ,
SM52323 ,S ,
SM52324 ,A ,
SM52325 ,S ,
SM52326 ,A ,
SM52327 ,A ,
SM52328 ,A ,
SM52329 ,S ,
SM52330 ,A ,
SM52331 ,S ,
SM52333 ,A ,
SM52334 ,A ,
SM52335 ,A ,
SM52336 ,A ,
SM52337 ,S ,
SM52338 ,A ,
SM52339 ,S ,
SM52340 ,A ,
SM52341 ,A ,
SM52342 ,A ,
SM52343 ,A ,
SM52344 ,S ,
SM52345 ,A ,
SM52346 ,A ,
SM52347 ,S ,
SM52348 ,S ,
SM52349 ,A ,
SM52350 ,S ,
SM52351 ,S ,
SM52352 ,S ,
SM52353 ,S ,
SM52354 ,S ,
SM52355 ,S ,
SM52356 ,A ,
SM52357 ,A ,
SM52358 ,A ,
SM52359 ,S ,
SM52360 ,A ,
SM52361 ,S ,
SM52362 ,S ,
SM52363 ,S ,
SM52364 ,S ,
SM52365 ,S ,
SM52366 ,A ,
SM52367 ,S ,
SM52368 ,S ,
SM52369 ,A ,
SM52370 ,S ,
SM52371 ,S ,
SM52372 ,A ,
SM52373 ,A ,
SM52374 ,A ,
SM52375 ,S ,
SM52376 ,A ,
SM52377 ,S ,
SM52378 ,S ,
SM52379 ,S ,
SM52380 ,S ,
SM52381 ,S ,
SM52382 ,A ,
SM52383 ,A ,
SM52384 ,A ,
SM52385 ,S ,
SM52386 ,A ,
SM52387 ,A ,
SM52388 ,S ,
SM52389 ,A ,
SM52390 ,S ,
SM52391 ,S ,
SM52392 ,S ,
SM52393 ,A ,
SM52394 ,S ,
SM52395 ,S ,
SM52396 ,A ,
SM52397 ,S ,
SM52398 ,A ,
SM52399 ,A ,
SM52400 ,A ,
SM52401 ,A ,
SM52402 ,S ,
SM52403 ,A ,
SM52404 ,A ,
SM52405 ,S ,
SM52406 ,S ,
SM52407 ,S ,
SM52408 ,A ,
SM52409 ,A ,
SM52410 ,A ,
SM52411 ,S ,
SM52412 ,A ,
SM52413 ,S ,
SM52414 ,S ,
SM52415 ,S ,
SM52416 ,S ,
SM52417 ,A ,
SM52418 ,A ,
SM52419 ,A ,
SM52420 ,A ,
SM52421 ,A ,
SM52422 ,A ,
SM52423 ,A ,
SM52424 ,S ,
SM52425 ,S ,
SM52426 ,A ,
SM52427 ,S ,
SM52428 ,S ,
SM52429 ,A ,
SM52430 ,S ,
SM52431 ,S ,
SM52432 ,A ,
SM52433 ,S ,
SM52434 ,S ,
SM52435 ,S ,
SM52436 ,S ,
SM52437 ,A ,
SM52438 ,S ,
SM52439 ,A ,
SM52440 ,S ,
SM52441 ,S ,
SM52442 ,A ,
SM52443 ,A ,
SM52444 ,A ,
SM52445 ,S ,
SM52446 ,A ,
SM52447 ,S ,
SM52448 ,S ,
SM52449 ,A ,
SM52450 ,S ,
SM52451 ,S ,
SM52452 ,A ,
SM52453 ,S ,
SM52454 ,S ,
SM52455 ,A ,
SM52456 ,A ,
SM52457 ,S ,
SM52458 ,S ,
SM52459 ,A ,
SM52460 ,S ,
SM52461 ,S ,
SM52462 ,S ,
SM52463 ,A ,
SM52464 ,A ,
SM52465 ,S ,
SM52466 ,A ,
SM52467 ,S ,
SM52468 ,S ,
SM52469 ,A ,
SM52470 ,A ,
SM52471 ,S ,
SM52472 ,S ,
SM52473 ,S ,
SM52474 ,S ,
SM52475 ,S ,
SM52476 ,S ,
SM52477 ,A ,
SM52478 ,A ,
SM52479 ,S ,
SM52480 ,S ,
SM52481 ,S ,
SM52482 ,A ,
SM52483 ,A ,
SM52484 ,A ,
SM52486 ,S ,
SM52487 ,S ,
SM52488 ,A ,
SM52489 ,A ,
SM52490 ,S ,
SM52491 ,S ,
SM52492 ,S ,
SM52493 ,S ,
SM52494 ,A ,
SM52495 ,S ,
SM52496 ,A ,
SM52497 ,A ,
SM52498 ,S ,
SM52499 ,A ,
SM52500 ,A ,
SM52501 ,S ,
SM52502 ,S ,
SM52503 ,A ,
SM52504 ,A ,
SM52505 ,S ,
SM52506 ,S ,
SM52507 ,S ,
SM52508 ,S ,
SM52509 ,S ,
SM52510 ,A ,
SM52512 ,S ,
SM52513 ,S ,
SM52514 ,S ,
SM52515 ,S ,
SM52516 ,A ,
SM52517 ,S ,
SM52518 ,S ,
SM52519 ,A ,
SM52520 ,S ,
SM52521 ,S ,
SM52522 ,A ,
SM52523 ,A ,
SM52524 ,S ,
SM52525 ,A ,
SM52526 ,A ,
SM52527 ,S ,
SM52528 ,A ,
SM52529 ,A ,
SM52530 ,A ,
SM52531 ,S ,
SM52532 ,S ,
SM52533 ,S ,
SM52534 ,A ,
SM52535 ,S ,
SM52536 ,A ,
SM52537 ,S ,
SM52538 ,A ,
SM52539 ,S ,
SM52540 ,A ,
SM52541 ,A ,
SM52542 ,S ,
SM52543 ,A ,
SM52544 ,S ,
SM52545 ,S ,
SM52546 ,S ,
SM52547 ,A ,
SM52548 ,S ,
SM52549 ,S ,
SM52550 ,A ,
SM52551 ,A ,
SM52552 ,A ,
SM52553 ,S ,
SM52554 ,S ,
SM52555 ,S ,
SM52556 ,S ,
SM52557 ,A ,
SM52558 ,S ,
SM52559 ,A ,
SM52560 ,S ,
SM52561 ,S ,
SM52562 ,S ,
SM52563 ,S ,
SM52564 ,A ,
SM52565 ,A ,
SM52566 ,S ,
SM52567 ,S ,
SM52568 ,A ,
SM52569 ,S ,
SM52570 ,A ,
SM52572 ,S ,
SM52573 ,A ,
SM52574 ,A ,
SM52575 ,S ,
SM52576 ,S ,
SM52577 ,S ,
SM52578 ,A ,
SM52579 ,A ,
SM52580 ,S ,
SM52581 ,A ,
SM52582 ,S ,
SM52583 ,S ,
SM52584 ,S ,
SM52585 ,S ,
SM52586 ,S ,
SM52587 ,S ,
SM52588 ,S ,
SM52589 ,S ,
SM52590 ,S ,
SM52591 ,S ,
SM52592 ,A ,
SM52593 ,A ,
SM52594 ,S ,
SM52595 ,A ,
SM52596 ,A ,
SM52597 ,S ,
SM52598 ,S ,
SM52599 ,A ,
SM52600 ,S ,
SM52601 ,S ,
SM52602 ,S ,
SM52603 ,S ,
SM52604 ,A ,
SM52605 ,A ,
SM52606 ,A ,
SM52607 ,S ,
SM52608 ,S ,
SM52609 ,A ,
SM52610 ,A ,
SM52611 ,S ,
SM52612 ,A ,
SM52613 ,S ,
SM52614 ,S ,
SM52615 ,A ,
SM52616 ,S ,
SM52617 ,S ,
SM52618 ,S ,
SM52619 ,A ,
SM52621 ,S ,
SM52622 ,S ,
SM52623 ,S ,
SM52624 ,S ,
SM52625 ,S ,
SM52626 ,S ,
SM52627 ,A ,
SM52628 ,A ,
SM52629 ,S ,
SM52630 ,S ,
SM52631 ,A ,
SM52632 ,S ,
SM52633 ,S ,
SM52634 ,A ,
SM52635 ,S ,
SM52636 ,S ,
SM52637 ,S ,
SM52638 ,S ,
SM52639 ,A ,
SM52640 ,S ,
SM52641 ,S ,
SM52642 ,S ,
SM52643 ,S ,
SM52644 ,S ,
SM52645 ,A ,
SM52646 ,S ,
SM52647 ,S ,
SM52648 ,A ,
SM52649 ,S ,
SM52650 ,A ,
SM52651 ,S ,
SM52652 ,S ,
SM52653 ,S ,
SM52654 ,S ,
SM52655 ,S ,
SM52656 ,A ,
SM52657 ,S ,
SM52658 ,S ,
SM52659 ,S ,
SM52660 ,S ,
SM52661 ,A ,
SM52662 ,A ,
SM52663 ,S ,
SM52664 ,A ,
SM52665 ,S ,
SM52666 ,S ,
SM52667 ,S ,
SM52668 ,S ,
SM52669 ,S ,
SM52670 ,S ,
SM52671 ,A ,
SM52672 ,A ,
SM52673 ,S ,
SM52675 ,S ,
SM52676 ,A ,
SM52677 ,A ,
SM52678 ,S ,
SM52679 ,S ,
SM52680 ,S ,
SM52681 ,A ,
SM52682 ,S ,
SM52683 ,S ,
SM52684 ,A ,
SM52685 ,A ,
SM52686 ,A ,
SM52687 ,A ,
SM52688 ,A ,
SM52689 ,S ,
SM52690 ,S ,
SM52691 ,S ,
SM52692 ,A ,
SM52693 ,S ,
SM52694 ,A ,
SM52695 ,S ,
SM52696 ,S ,
SM52697 ,A ,
SM52698 ,A ,
SM52699 ,S ,
SM52700 ,S ,
SM52701 ,S ,
SM52702 ,S ,
SM52703 ,S ,
SM52704 ,S ,
SM52705 ,A ,
SM52706 ,A ,
SM52707 ,A ,
SM52708 ,S ,
SM52709 ,S ,
SM52710 ,S ,
SM52711 ,A ,
SM52712 ,S ,
SM52713 ,S ,
SM52714 ,S ,
SM52715 ,S ,
SM52716 ,A ,
SM52717 ,A ,
SM52718 ,S ,
SM52719 ,A ,
SM52720 ,S ,
SM52721 ,A ,
SM52722 ,S ,
SM52723 ,S ,
SM52724 ,S ,
SM52725 ,S ,
SM52726 ,S ,
SM52727 ,S ,
SM52728 ,A ,
SM52729 ,S ,
SM52730 ,A ,
SM52731 ,S ,
SM52732 ,S ,
SM52733 ,S ,
SM52734 ,A ,
SM52735 ,S ,
SM52736 ,S ,
SM52737 ,A ,
SM52738 ,S ,
SM52739 ,S ,
SM52740 ,A ,
SM52741 ,S ,
SM52742 ,S ,
SM52743 ,A ,
SM52744 ,S ,
SM52745 ,S ,
SM52746 ,S ,
SM52747 ,A ,
SM52748 ,A ,
SM52749 ,A ,
SM52750 ,S ,
SM52751 ,S ,
SM52752 ,A ,
SM52753 ,A ,
SM52754 ,S ,
SM52755 ,A ,
SM52756 ,A ,
SM52757 ,S ,
SM52758 ,S ,
SM52759 ,A ,
SM52760 ,A ,
SM52761 ,A ,
SM52762 ,S ,
SM52763 ,S ,
SM52764 ,S ,
SM52765 ,S ,
SM52766 ,A ,
SM52767 ,S ,
SM52768 ,A ,
SM52769 ,A ,
SM52770 ,S ,
SM52771 ,A ,
SM52772 ,S ,
SM52773 ,A ,
SM52774 ,S ,
SM52775 ,S ,
SM52776 ,A ,
SM52777 ,A ,
SM52778 ,S ,
SM52779 ,A ,
SM52780 ,A ,
SM52781 ,S ,
SM52782 ,S ,
SM52783 ,S ,
SM52784 ,S ,
SM52785 ,S ,
SM52786 ,S ,
SM52787 ,S ,
SM52788 ,A ,
SM52789 ,A ,
SM52790 ,S ,
SM52791 ,A ,
SM52792 ,S ,
SM52793 ,S ,
SM52794 ,A ,
SM52795 ,S ,
SM52796 ,S ,
SM52797 ,S ,
SM52798 ,S ,
SM52799 ,S ,
SM52800 ,S ,
SM52801 ,S ,
SM52802 ,A ,
SM52803 ,S ,
SM52804 ,S ,
SM52805 ,S ,
SM52806 ,S ,
SM52807 ,S ,
SM52808 ,A ,
SM52809 ,A ,
SM52810 ,S ,
SM52811 ,S ,
SM52812 ,S ,
SM52813 ,A ,
SM52814 ,S ,
SM52815 ,S ,
SM52816 ,S ,
SM52817 ,S ,
SM52818 ,S ,
SM52819 ,S ,
SM52820 ,S ,
SM52821 ,A ,
SM52822 ,S ,
SM52823 ,S ,
SM52824 ,S ,
SM52825 ,A ,
SM52826 ,A ,
SM52827 ,S ,
SM52828 ,S ,
SM52829 ,S ,
SM52830 ,A ,
SM52831 ,S ,
SM52832 ,A ,
SM52833 ,A ,
SM52835 ,A ,
SM52836 ,S ,
SM52837 ,S ,
SM52838 ,A ,
SM52839 ,A ,
SM52840 ,S ,
SM52841 ,A ,
SM52842 ,A ,
SM52843 ,A ,
SM52844 ,S ,
SM52845 ,S ,
SM52846 ,S ,
SM52847 ,S ,
SM52848 ,S ,
SM52849 ,S ,
SM52850 ,S ,
SM52851 ,A ,
SM52852 ,A ,
SM52853 ,S ,
SM52854 ,S ,
SM52855 ,A ,
SM52856 ,S ,
SM52857 ,A ,
SM52858 ,A ,
SM52859 ,S ,
SM52860 ,S ,
SM52861 ,S ,
SM52862 ,A ,
SM52863 ,A ,
SM52864 ,A ,
SM52865 ,S ,
SM52866 ,S ,
SM52867 ,S ,
SM52868 ,A ,
SM52869 ,S ,
SM52870 ,S ,
SM52871 ,S ,
SM52872 ,S ,
SM52873 ,S ,
SM52874 ,S ,
SM52875 ,S ,
SM52876 ,S ,
SM52877 ,S ,
SM52878 ,S ,
SM52879 ,S ,
SM52880 ,S ,
SM52881 ,A ,
SM52882 ,S ,
SM52883 ,S ,
SM52884 ,A ,
SM52885 ,A ,
SM52886 ,A ,
SM52887 ,S ,
SM52888 ,A ,
SM52889 ,S ,
SM52890 ,S ,
SM52891 ,A ,
SM52892 ,S ,
SM52893 ,S ,
SM52894 ,S ,
SM52895 ,S ,
SM52896 ,A ,
SM52897 ,S ,
SM52898 ,A ,
SM52899 ,S ,
SM52900 ,S ,
SM52902 ,S ,
SM52903 ,S ,
SM52904 ,S ,
SM52905 ,A ,
SM52906 ,A ,
SM52907 ,A ,
SM52908 ,S ,
SM52909 ,A ,
SM52910 ,S ,
SM52911 ,A ,
SM52912 ,S ,
SM52913 ,A ,
SM52914 ,A ,
SM52915 ,S ,
SM52916 ,S ,
SM52917 ,S ,
SM52918 ,A ,
SM52919 ,S ,
SM52920 ,A ,
SM52921 ,S ,
SM52922 ,S ,
SM52923 ,S ,
SM52924 ,A ,
SM52925 ,A ,
SM52926 ,S ,
SM52927 ,A ,
SM52928 ,A ,
SM52929 ,A ,
SM52930 ,A ,
SM52931 ,S ,
SM52932 ,A ,
SM52933 ,S ,
SM52934 ,A ,
SM52935 ,S ,
SM52937 ,S ,
SM52938 ,A ,
SM52939 ,S ,
SM52940 ,A ,
SM52941 ,A ,
SM52942 ,A ,
SM52943 ,S ,
SM52944 ,S ,
SM52945 ,S ,
SM52946 ,S ,
SM52947 ,A ,
SM52948 ,A ,
SM52949 ,S ,
SM52950 ,S ,
SM52951 ,S ,
SM52952 ,S ,
SM52953 ,S ,
SM52954 ,A ,
SM52955 ,S ,
SM52956 ,S ,
SM52957 ,A ,
SM52958 ,S ,
SM52959 ,S ,
SM52960 ,A ,
SM52961 ,S ,
SM52962 ,S ,
SM52963 ,A ,
SM52964 ,A ,
SM52965 ,S ,
SM52966 ,A ,
SM52967 ,A ,
SM52968 ,S ,
SM52969 ,A ,
SM52970 ,S ,
SM52971 ,S ,
SM52972 ,S ,
SM52973 ,S ,
SM52974 ,S ,
SM52975 ,S ,
SM52976 ,A ,
SM52977 ,S ,
SM52978 ,A ,
SM52979 ,S ,
SM52980 ,A ,
SM52981 ,A ,
SM52982 ,S ,
SM52983 ,S ,
SM52984 ,A ,
SM52985 ,S ,
SM52986 ,A ,
SM52987 ,A ,
SM52988 ,A ,
SM52989 ,A ,
SM52990 ,A ,
SM52991 ,A ,
SM52992 ,A ,
SM52993 ,A ,
SM52995 ,S ,
SM52996 ,S ,
SM52997 ,S ,
SM52998 ,A ,
SM52999 ,A ,
SM53000 ,S ,
SM53001 ,A ,
SM53002 ,S ,
SM53003 ,A ,
SM53004 ,A ,
SM53005 ,A ,
SM53006 ,S ,
SM53007 ,A ,
SM53008 ,A ,
SM53009 ,A ,
SM53010 ,S ,
SM53011 ,S ,
SM53012 ,S ,
SM53013 ,S ,
SM53014 ,A ,
SM53015 ,A ,
SM53016 ,S ,
SM53017 ,S ,
SM53018 ,S ,
SM53019 ,A ,
SM53020 ,S ,
SM53021 ,A ,
SM53022 ,S ,
SM53023 ,S ,
SM53024 ,S ,
SM53025 ,S ,
SM53026 ,S ,
SM53027 ,A ,
SM53028 ,A ,
SM53029 ,S ,
SM53030 ,A ,
SM53031 ,S ,
SM53032 ,S ,
SM53033 ,S ,
SM53034 ,S ,
SM53035 ,A ,
SM53036 ,S ,
SM53037 ,A ,
SM53038 ,S ,
SM53039 ,S ,
SM53040 ,S ,
SM53041 ,S ,
SM53042 ,S ,
SM53043 ,S ,
SM53044 ,A ,
SM53045 ,S ,
SM53046 ,A ,
SM53047 ,S ,
SM53048 ,A ,
SM53049 ,A ,
SM53050 ,S ,
SM53051 ,S ,
SM53052 ,S ,
SM53053 ,A ,
SM53054 ,A ,
SM53055 ,S ,
SM53056 ,S ,
SM53057 ,S ,
SM53058 ,S ,
SM53059 ,A ,
SM53060 ,A ,
SM53061 ,A ,
SM53062 ,S ,
SM53063 ,S ,
SM53064 ,A ,
SM53065 ,S ,
SM53066 ,A ,
SM53067 ,S ,
SM53068 ,S ,
SM53069 ,A ,
SM53070 ,A ,
SM53071 ,A ,
SM53072 ,A ,
SM53073 ,S ,
SM53074 ,S ,
SM53075 ,S ,
SM53076 ,A ,
SM53077 ,S ,
SM53078 ,A ,
SM53079 ,S ,
SM53080 ,A ,
SM53081 ,S ,
SM53082 ,A ,
SM53083 ,S ,
SM53084 ,A ,
SM53085 ,S ,
SM53086 ,S ,
SM53087 ,A ,
SM53088 ,A ,
SM53089 ,S ,
SM53090 ,A ,
SM53091 ,A ,
SM53092 ,S ,
SM53093 ,S ,
SM53094 ,A ,
SM53095 ,S ,
SM53096 ,S ,
SM53097 ,S ,
SM53098 ,S ,
SM53099 ,S ,
SM53100 ,A ,
SM53101 ,S ,
SM53102 ,S ,
SM53103 ,S ,
SM53104 ,A ,
SM53105 ,S ,
SM53106 ,S ,
SM53107 ,S ,
SM53108 ,A ,
SM53109 ,A ,
SM53110 ,A ,
SM53111 ,A ,
SM53112 ,S ,
SM53113 ,S ,
SM53114 ,S ,
SM53115 ,S ,
SM53116 ,S ,
SM53117 ,A ,
SM53118 ,A ,
SM53119 ,A ,
SM53120 ,A ,
SM53121 ,S ,
SM53122 ,S ,
SM53123 ,A ,
SM53124 ,S ,
SM53125 ,A ,
SM53126 ,A ,
SM53127 ,S ,
SM53128 ,S ,
SM53129 ,A ,
SM53130 ,S ,
SM53131 ,S ,
SM53132 ,A ,
SM53133 ,S ,
SM53134 ,A ,
SM53135 ,A ,
SM53136 ,A ,
SM53137 ,A ,
SM53138 ,S ,
SM53139 ,A ,
SM53140 ,S ,
SM53141 ,S ,
SM53142 ,A ,
SM53143 ,A ,
SM53144 ,S ,
SM53145 ,A ,
SM53146 ,S ,
SM53147 ,A ,
SM53148 ,A ,
SM53149 ,S ,
SM53150 ,S ,
SM53151 ,A ,
SM53152 ,A ,
SM53153 ,S ,
SM53154 ,A ,
SM53155 ,S ,
SM53156 ,S ,
SM53157 ,S ,
SM53158 ,S ,
SM53159 ,A ,
SM53160 ,A ,
SM53161 ,S ,
SM53162 ,A ,
SM53163 ,S ,
SM53164 ,S ,
SM53165 ,A ,
SM53166 ,A ,
SM53167 ,S ,
SM53168 ,S ,
SM53169 ,S ,
SM53170 ,S ,
SM53171 ,S ,
SM53172 ,S ,
SM53173 ,A ,
SM53174 ,S ,
SM53175 ,S ,
SM53176 ,S ,
SM53177 ,S ,
SM53178 ,S ,
SM53179 ,S ,
SM53180 ,A ,
SM53181 ,A ,
SM53182 ,A ,
SM53183 ,S ,
SM53184 ,S ,
SM53185 ,S ,
SM53186 ,S ,
SM53187 ,S ,
SM53188 ,A ,
SM53189 ,S ,
SM53190 ,S ,
SM53191 ,S ,
SM53192 ,S ,
SM53193 ,A ,
SM53194 ,S ,
SM53195 ,A ,
SM53196 ,S ,
SM53197 ,S ,
SM53198 ,A ,
SM53199 ,A ,
SM53200 ,A ,
SM53201 ,S ,
SM53202 ,S ,
SM53203 ,A ,
SM53204 ,S ,
SM53205 ,A ,
SM53206 ,A ,
SM53207 ,A ,
SM53208 ,S ,
SM53209 ,A ,
SM53210 ,A ,
SM53211 ,S ,
SM53212 ,S ,
SM53213 ,S ,
SM53214 ,S ,
SM53215 ,S ,
SM53216 ,S ,
SM53217 ,A ,
SM53218 ,A ,
SM53219 ,A ,
SM53220 ,A ,
SM53221 ,A ,
SM53222 ,A ,
SM53223 ,A ,
SM53225 ,S ,
SM53226 ,S ,
SM53227 ,A ,
SM53228 ,S ,
SM53229 ,A ,
SM53230 ,A ,
SM53231 ,S ,
SM53232 ,A ,
SM53233 ,S ,
SM53234 ,S ,
SM53235 ,A ,
SM53236 ,A ,
SM53237 ,S ,
SM53238 ,S ,
SM53239 ,S ,
SM53240 ,A ,
SM53241 ,S ,
SM53242 ,A ,
SM53243 ,S ,
SM53244 ,A ,
SM53245 ,S ,
SM53246 ,S ,
SM53247 ,S ,
SM53248 ,A ,
SM53249 ,A ,
SM53250 ,S ,
SM53251 ,A ,
SM53252 ,A ,
SM53253 ,S ,
SM53255 ,S ,
SM53256 ,S ,
SM53257 ,S ,
SM53258 ,S ,
SM53259 ,A ,
SM53260 ,S ,
SM53261 ,A ,
SM53262 ,S ,
SM53263 ,A ,
SM53264 ,A ,
SM53265 ,S ,
SM53266 ,S ,
SM53267 ,S ,
SM53268 ,A ,
SM53269 ,S ,
SM53270 ,S ,
SM53271 ,S ,
SM53272 ,A ,
SM53273 ,A ,
SM53274 ,A ,
SM53275 ,A ,
SM53276 ,A ,
SM53277 ,A ,
SM53278 ,A ,
SM53279 ,S ,
SM53280 ,S ,
SM53281 ,S ,
SM53282 ,S ,
SM53283 ,A ,
SM53284 ,S ,
SM53285 ,A ,
SM53286 ,A ,
SM53287 ,A ,
SM53288 ,A ,
SM53289 ,S ,
SM53290 ,S ,
SM53291 ,A ,
SM53292 ,A ,
SM53293 ,S ,
SM53294 ,S ,
SM53295 ,A ,
SM53296 ,S ,
SM53297 ,A ,
SM53298 ,A ,
SM53300 ,A ,
SM53301 ,S ,
SM53302 ,A ,
SM53303 ,S ,
SM53304 ,S ,
SM53305 ,A ,
SM53306 ,A ,
SM53307 ,S ,
SM53308 ,S ,
SM53309 ,S ,
SM53310 ,S ,
SM53311 ,S ,
SM53312 ,S ,
SM53313 ,S ,
SM53314 ,A ,
SM53315 ,A ,
SM53316 ,A ,
SM53317 ,S ,
SM53318 ,S ,
SM53319 ,S ,
SM53320 ,A ,
SM53321 ,A ,
SM53322 ,S ,
SM53323 ,A ,
SM53324 ,A ,
SM53325 ,S ,
SM53326 ,S ,
SM53327 ,S ,
SM53328 ,A ,
SM53329 ,A ,
SM53330 ,S ,
SM53331 ,S ,
SM53332 ,S ,
SM53333 ,A ,
SM53334 ,A ,
SM53335 ,S ,
SM53336 ,A ,
SM53337 ,S ,
SM53338 ,S ,
SM53339 ,S ,
SM53340 ,A ,
SM53341 ,S ,
SM53342 ,S ,
SM53343 ,S ,
SM53344 ,S ,
SM53345 ,S ,
SM53346 ,S ,
SM53347 ,A ,
SM53348 ,S ,
SM53349 ,A ,
SM53350 ,S ,
SM53351 ,S ,
SM53352 ,S ,
SM53353 ,S ,
SM53354 ,S ,
SM53355 ,A ,
SM53356 ,S ,
SM53357 ,S ,
SM53358 ,S ,
SM53359 ,A ,
SM53360 ,S ,
SM53361 ,A ,
SM53362 ,A ,
SM53363 ,A ,
SM53364 ,A ,
SM53365 ,S ,
SM53366 ,A ,
SM53367 ,A ,
SM53368 ,S ,
SM53369 ,S ,
SM53370 ,A ,
SM53371 ,A ,
SM53372 ,A ,
SM53373 ,S ,
SM53374 ,S ,
SM53375 ,A ,
SM53376 ,A ,
SM53377 ,A ,
SM53378 ,S ,
SM53379 ,S ,
SM53380 ,S ,
SM53381 ,S ,
SM53382 ,S ,
SM53383 ,A ,
SM53384 ,A ,
SM53385 ,A ,
SM53386 ,S ,
SM53387 ,S ,
SM53389 ,S ,
SM53391 ,A ,
SM53392 ,S ,
SM53393 ,S ,
SM53394 ,A ,
SM53395 ,A ,
SM53396 ,S ,
SM53397 ,A ,
SM53398 ,A ,
SM53399 ,A ,
SM53400 ,S ,
SM53401 ,A ,
SM53402 ,A ,
SM53403 ,A ,
SM53405 ,S ,
SM53406 ,S ,
SM53407 ,S ,
SM53408 ,A ,
SM53409 ,A ,
SM53410 ,S ,
SM53411 ,A ,
SM53412 ,S ,
SM53413 ,S ,
SM53414 ,S ,
SM53415 ,S ,
SM53416 ,S ,
SM53417 ,S ,
SM53419 ,A ,
SM53420 ,A ,
SM53421 ,S ,
SM53422 ,S ,
SM53423 ,S ,
SM53424 ,S ,
SM53425 ,S ,
SM53426 ,S ,
SM53427 ,A ,
SM53428 ,A ,
SM53429 ,A ,
SM53430 ,A ,
SM53431 ,S ,
SM53432 ,S ,
SM53433 ,S ,
SM53434 ,S ,
SM53435 ,A ,
SM53436 ,S ,
SM53437 ,A ,
SM53438 ,A ,
SM53439 ,A ,
SM53440 ,A ,
SM53441 ,A ,
SM53442 ,A ,
SM53443 ,S ,
SM53444 ,A ,
SM53445 ,A ,
SM53446 ,S ,
SM53447 ,S ,
SM53448 ,S ,
SM53449 ,S ,
SM53450 ,S ,
SM53451 ,A ,
SM53452 ,S ,
SM53453 ,A ,
SM53454 ,S ,
SM53455 ,A ,
SM53456 ,S ,
SM53457 ,S ,
SM53458 ,A ,
SM53459 ,A ,
SM53460 ,A ,
SM53461 ,A ,
SM53462 ,S ,
SM53463 ,S ,
SM53464 ,S ,
SM53465 ,S ,
SM53466 ,S ,
SM53467 ,S ,
SM53468 ,A ,
SM53469 ,S ,
SM53470 ,S ,
SM53471 ,S ,
SM53472 ,A ,
SM53473 ,A ,
SM53474 ,S ,
SM53475 ,A ,
SM53476 ,A ,
SM53477 ,S ,
SM53478 ,S ,
SM53479 ,A ,
SM53480 ,S ,
SM53481 ,A ,
SM53482 ,S ,
SM53483 ,S ,
SM53484 ,A ,
SM53485 ,S ,
SM53486 ,S ,
SM53487 ,S ,
SM53488 ,S ,
SM53489 ,S ,
SM53490 ,A ,
SM53491 ,S ,
SM53492 ,A ,
SM53493 ,S ,
SM53494 ,S ,
SM53495 ,S ,
SM53496 ,S ,
SM53497 ,S ,
SM53498 ,S ,
SM53499 ,A ,
SM53500 ,A ,
SM53501 ,S ,
SM53502 ,S ,
SM53503 ,S ,
SM53504 ,S ,
SM53505 ,S ,
SM53506 ,A ,
SM53507 ,S ,
SM53508 ,S ,
SM53509 ,A ,
SM53510 ,A ,
SM53511 ,A ,
SM53512 ,S ,
SM53513 ,S ,
SM53514 ,A ,
SM53515 ,A ,
SM53516 ,S ,
SM53517 ,S ,
SM53518 ,A ,
SM53519 ,A ,
SM53521 ,A ,
SM53522 ,S ,
SM53524 ,A ,
SM53525 ,A ,
SM53526 ,S ,
SM53527 ,S ,
SM53528 ,S ,
SM53529 ,S ,
SM53530 ,S ,
SM53531 ,A ,
SM53532 ,S ,
SM53533 ,A ,
SM53534 ,S ,
SM53535 ,A ,
SM53536 ,A ,
SM53537 ,A ,
SM53538 ,S ,
SM53539 ,S ,
SM53540 ,A ,
SM53541 ,S ,
SM53542 ,A ,
SM53543 ,A ,
SM53544 ,A ,
SM53545 ,S ,
SM53546 ,S ,
SM53547 ,S ,
SM53548 ,S ,
SM53549 ,A ,
SM53550 ,A ,
SM53551 ,S ,
SM53552 ,A ,
SM53553 ,A ,
SM53554 ,S ,
SM53555 ,S ,
SM53556 ,A ,
SM53557 ,S ,
SM53558 ,S ,
SM53559 ,A ,
SM53560 ,A ,
SM53561 ,S ,
SM53562 ,A ,
SM53563 ,S ,
SM53564 ,A ,
SM53565 ,A ,
SM53566 ,A ,
SM53567 ,S ,
SM53568 ,A ,
SM53569 ,S ,
SM53570 ,S ,
SM53571 ,S ,
SM53572 ,S ,
SM53573 ,S ,
SM53574 ,S ,
SM53575 ,A ,
SM53576 ,A ,
SM53577 ,A ,
SM53578 ,A ,
SM53579 ,A ,
SM53580 ,A ,
SM53581 ,S ,
SM53582 ,A ,
SM53583 ,A ,
SM53584 ,A ,
SM53585 ,A ,
SM53586 ,S ,
SM53587 ,S ,
SM53588 ,A ,
SM53589 ,A ,
SM53590 ,A ,
SM53591 ,S ,
SM53592 ,S ,
SM53593 ,S ,
SM53594 ,A ,
SM53595 ,A ,
SM53596 ,S ,
SM53598 ,A ,
SM53599 ,S ,
SM53600 ,S ,
SM53601 ,S ,
SM53602 ,A ,
SM53603 ,S ,
SM53604 ,A ,
SM53605 ,A ,
SM53606 ,A ,
SM53607 ,S ,
SM53608 ,S ,
SM53609 ,S ,
SM53610 ,A ,
SM53611 ,S ,
SM53612 ,S ,
SM53613 ,A ,
SM53614 ,A ,
SM53615 ,S ,
SM53616 ,A ,
SM53617 ,A ,
SM53618 ,S ,
SM53619 ,S ,
SM53620 ,S ,
SM53622 ,S ,
SM53623 ,S ,
SM53624 ,S ,
SM53625 ,A ,
SM53626 ,A ,
SM53628 ,A ,
SM53629 ,A ,
SM53630 ,S ,
SM53631 ,A ,
SM53632 ,A ,
SM53633 ,A ,
SM53634 ,S ,
SM53635 ,A ,
SM53636 ,S ,
SM53637 ,A ,
SM53638 ,S ,
SM53639 ,S ,
SM53640 ,A ,
SM53641 ,S ,
SM53642 ,A ,
SM53643 ,S ,
SM53644 ,A ,
SM53645 ,S ,
SM53646 ,S ,
SM53647 ,S ,
SM53648 ,S ,
SM53649 ,S ,
SM53650 ,S ,
SM53651 ,S ,
SM53652 ,S ,
SM53653 ,A ,
SM53654 ,S ,
SM53655 ,A ,
SM53656 ,A ,
SM53657 ,A ,
SM53659 ,A ,
SM53660 ,A ,
SM53661 ,A ,
SM53662 ,A ,
SM53663 ,A ,
SM53664 ,S ,
SM53665 ,S ,
SM53666 ,A ,
SM53667 ,S ,
SM53668 ,S ,
SM53669 ,S ,
SM53670 ,A ,
SM53671 ,A ,
SM53672 ,A ,
SM53673 ,S ,
SM53674 ,A ,
SM53675 ,S ,
SM53676 ,A ,
SM53677 ,S ,
SM53678 ,S ,
SM53679 ,A ,
SM53680 ,A ,
SM53681 ,S ,
SM53682 ,S ,
SM53683 ,A ,
SM53684 ,A ,
SM53685 ,A ,
SM53686 ,A ,
SM53687 ,A ,
SM53688 ,A ,
SM53689 ,S ,
SM53690 ,S ,
SM53691 ,A ,
SM53692 ,S ,
SM53693 ,A ,
SM53694 ,S ,
SM53695 ,S ,
SM53696 ,A ,
SM53697 ,S ,
SM53698 ,S ,
SM53699 ,A ,
SM53700 ,S ,
SM53701 ,A ,
SM53702 ,S ,
SM53703 ,A ,
SM53704 ,A ,
SM53705 ,S ,
SM53706 ,A ,
SM53707 ,S ,
SM53708 ,A ,
SM53709 ,A ,
SM53710 ,A ,
SM53711 ,S ,
SM53712 ,A ,
SM53713 ,S ,
SM53714 ,A ,
SM53715 ,A ,
SM53716 ,A ,
SM53717 ,A ,
SM53718 ,A ,
SM53719 ,A ,
SM53720 ,A ,
SM53721 ,A ,
SM53722 ,S ,
SM53723 ,S ,
SM53724 ,A ,
SM53725 ,S ,
SM53726 ,S ,
SM53727 ,S ,
SM53728 ,S ,
SM53729 ,A ,
SM53730 ,S ,
SM53731 ,S ,
SM53732 ,A ,
SM53733 ,A ,
SM53734 ,A ,
SM53735 ,S ,
SM53736 ,A ,
SM53737 ,S ,
SM53738 ,S ,
SM53739 ,S ,
SM53740 ,S ,
SM53741 ,A ,
SM53742 ,A ,
SM53743 ,S ,
SM53744 ,A ,
SM53745 ,A ,
SM53746 ,A ,
SM53747 ,A ,
SM53748 ,S ,
SM53749 ,S ,
SM53750 ,S ,
SM53751 ,A ,
SM53752 ,A ,
SM53753 ,A ,
SM53754 ,S ,
SM53755 ,A ,
SM53756 ,A ,
SM53757 ,A ,
SM53758 ,S ,
SM53759 ,S ,
SM53760 ,A ,
SM53761 ,S ,
SM53762 ,S ,
SM53763 ,A ,
SM53764 ,A ,
SM53765 ,A ,
SM53766 ,A ,
SM53767 ,A ,
SM53768 ,A ,
SM53769 ,S ,
SM53770 ,A ,
SM53772 ,S ,
SM53773 ,A ,
SM53774 ,S ,
SM53775 ,A ,
SM53776 ,S ,
SM53777 ,S ,
SM53778 ,S ,
SM53779 ,A ,
SM53780 ,A ,
SM53781 ,S ,
SM53782 ,A ,
SM53783 ,S ,
SM53784 ,A ,
SM53785 ,A ,
SM53786 ,A ,
SM53787 ,A ,
SM53788 ,S ,
SM53789 ,S ,
SM53790 ,A ,
SM53791 ,A ,
SM53792 ,A ,
SM53793 ,S ,
SM53794 ,A ,
SM53795 ,A ,
SM53796 ,A ,
SM53797 ,A ,
SM53798 ,A ,
SM53799 ,A ,
SM53800 ,S ,
SM53801 ,A ,
SM53802 ,S ,
SM53803 ,S ,
SM53804 ,A ,
SM53805 ,S ,
SM53807 ,S ,
SM53808 ,S ,
SM53809 ,S ,
SM53810 ,A ,
SM53811 ,A ,
SM53812 ,A ,
SM53813 ,A ,
SM53814 ,A ,
SM53815 ,S ,
SM53816 ,S ,
SM53818 ,S ,
SM53820 ,A ,
SM53821 ,A ,
SM53822 ,A ,
SM53823 ,A ,
SM53824 ,S ,
SM53825 ,S ,
SM53826 ,S ,
SM53827 ,S ,
SM53828 ,S ,
SM53829 ,A ,
SM53830 ,A ,
SM53831 ,S ,
SM53832 ,A ,
SM53833 ,A ,
SM53834 ,S ,
SM53835 ,A ,
SM53836 ,A ,
SM53837 ,A ,
SM53838 ,S ,
SM53839 ,S ,
SM53840 ,A ,
SM53841 ,A ,
SM53842 ,S ,
SM53843 ,S ,
SM53844 ,A ,
SM53845 ,A ,
SM53846 ,S ,
SM53847 ,A ,
SM53848 ,A ,
SM53849 ,A ,
SM53850 ,A ,
SM53851 ,A ,
SM53852 ,S ,
SM53854 ,A ,
SM53855 ,A ,
SM53856 ,A ,
SM53857 ,A ,
SM53858 ,S ,
SM53859 ,A ,
SM53860 ,S ,
SM53861 ,S ,
SM53862 ,A ,
SM53864 ,A ,
SM53865 ,S ,
SM53866 ,A ,
SM53867 ,S ,
SM53868 ,S ,
SM53869 ,A ,
SM53870 ,S ,
SM53871 ,A ,
SM53872 ,A ,
SM53873 ,A ,
SM53874 ,S ,
SM53875 ,A ,
SM53876 ,A ,
SM53877 ,S ,
SM53878 ,A ,
SM53879 ,A ,
SM53880 ,A ,
SM53881 ,S ,
SM53882 ,S ,
SM53883 ,A ,
SM53884 ,A ,
SM53885 ,S ,
SM53886 ,S ,
SM53887 ,A ,
SM53888 ,A ,
SM53889 ,A ,
SM53890 ,A ,
SM53891 ,S ,
SM53892 ,A ,
SM53893 ,A ,
SM53894 ,A ,
SM53895 ,S ,
SM53896 ,A ,
SM53897 ,S ,
SM53898 ,S ,
SM53899 ,A ,
SM53900 ,A ,
SM53901 ,A ,
SM53902 ,A ,
SM53903 ,S ,
SM53904 ,A ,
SM53905 ,S ,
SM53906 ,S ,
SM53908 ,S ,
SM53909 ,S ,
SM53910 ,S ,
SM53911 ,S ,
SM53912 ,A ,
SM53913 ,A ,
SM53914 ,A ,
SM53915 ,A ,
SM53916 ,S ,
SM53917 ,S ,
SM53918 ,A ,
SM53919 ,S ,
SM53920 ,A ,
SM53921 ,S ,
SM53922 ,S ,
SM53923 ,S ,
SM53924 ,A ,
SM53925 ,A ,
SM53926 ,A ,
SM53927 ,A ,
SM53928 ,A ,
SM53929 ,A ,
SM53930 ,S ,
SM53932 ,S ,
SM53933 ,S ,
SM53934 ,A ,
SM53935 ,A ,
SM53936 ,S ,
SM53937 ,A ,
SM53938 ,A ,
SM53939 ,S ,
SM53940 ,S ,
SM53941 ,A ,
SM53942 ,A ,
SM53943 ,A ,
SM53944 ,S ,
SM53945 ,S ,
SM53946 ,A ,
SM53947 ,A ,
SM53948 ,S ,
SM53949 ,S ,
SM53950 ,A ,
SM53951 ,S ,
SM53952 ,A ,
SM53953 ,A ,
SM53954 ,A ,
SM53955 ,A ,
SM53956 ,A ,
SM53957 ,A ,
SM53958 ,A ,
SM53959 ,A ,
SM53960 ,S ,
SM53962 ,S ,
SM53963 ,A ,
SM53964 ,S ,
SM53965 ,A ,
SM53966 ,A ,
SM53967 ,A ,
SM53968 ,S ,
SM53969 ,A ,
SM53970 ,S ,
SM53972 ,S ,
SM53973 ,A ,
SM53974 ,S ,
SM53975 ,A ,
SM53976 ,S ,
SM53977 ,S ,
SM53978 ,A ,
SM53979 ,A ,
SM53980 ,A ,
SM53981 ,S ,
SM53982 ,A ,
SM53983 ,A ,
SM53984 ,S ,
SM53985 ,A ,
SM53986 ,A ,
SM53987 ,A ,
SM53988 ,S ,
SM53989 ,S ,
SM53990 ,S ,
SM53991 ,A ,
SM53992 ,S ,
SM53993 ,A ,
SM53994 ,A ,
SM53995 ,S ,
SM53996 ,S ,
SM53997 ,A ,
SM53998 ,S ,
SM53999 ,S ,
SM54000 ,S ,
SM54001 ,S ,
SM54002 ,A ,
SM54003 ,S ,
SM54004 ,A ,
SM54005 ,A ,
SM54006 ,A ,
SM54007 ,S ,
SM54008 ,A ,
SM54009 ,A ,
SM54010 ,S ,
SM54011 ,A ,
SM54012 ,S ,
SM54013 ,A ,
SM54014 ,A ,
SM54015 ,A ,
SM54016 ,S ,
SM54017 ,A ,
SM54019 ,A ,
SM54020 ,A ,
SM54021 ,S ,
SM54022 ,A ,
SM54023 ,A ,
SM54024 ,A ,
SM54025 ,S ,
SM54027 ,S ,
SM54028 ,A ,
SM54029 ,S ,
SM54030 ,S ,
SM54032 ,A ,
SM54033 ,A ,
SM54034 ,A ,
SM54035 ,A ,
SM54036 ,A ,
SM54038 ,S ,
SM54039 ,A ,
SM54040 ,S ,
SM54041 ,S ,
SM54042 ,A ,
SM54043 ,S ,
SM54044 ,A ,
SM54045 ,S ,
SM54046 ,S ,
SM54047 ,A ,
SM54048 ,S ,
SM54049 ,S ,
SM54050 ,S ,
SM54051 ,S ,
SM54052 ,A ,
SM54053 ,S ,
SM54054 ,A ,
SM54055 ,S ,
SM54056 ,A ,
SM54057 ,A ,
SM54058 ,S ,
SM54059 ,A ,
SM54060 ,S ,
SM54061 ,A ,
SM54062 ,S ,
SM54063 ,A ,
SM54064 ,S ,
SM54065 ,A ,
SM54066 ,A ,
SM54067 ,S ,
SM54068 ,A ,
SM54069 ,S ,
SM54070 ,A ,
SM54071 ,A ,
SM54072 ,S ,
SM54073 ,A ,
SM54074 ,S ,
SM54075 ,A ,
SM54076 ,A ,
SM54077 ,A ,
SM54078 ,A ,
SM54079 ,S ,
SM54080 ,S ,
SM54081 ,A ,
SM54082 ,S ,
SM54083 ,A ,
SM54084 ,A ,
SM54085 ,S ,
SM54086 ,A ,
SM54087 ,S ,
SM54088 ,S ,
SM54089 ,A ,
SM54090 ,S ,
SM54091 ,A ,
SM54092 ,S ,
SM54093 ,S ,
SM54094 ,S ,
SM54095 ,S ,
SM54096 ,A ,
SM54097 ,A ,
SM54098 ,A ,
SM54099 ,S ,
SM54100 ,A ,
SM54101 ,S ,
SM54102 ,S ,
SM54103 ,S ,
SM54104 ,S ,
SM54106 ,S ,
SM54107 ,A ,
SM54108 ,A ,
SM54109 ,S ,
SM54110 ,A ,
SM54111 ,S ,
SM54112 ,A ,
SM54113 ,S ,
SM54114 ,A ,
SM54115 ,S ,
SM54116 ,S ,
SM54117 ,S ,
SM54118 ,A ,
SM54119 ,A ,
SM54120 ,A ,
SM54121 ,A ,
SM54122 ,S ,
SM54123 ,S ,
SM54124 ,A ,
SM54126 ,S ,
SM54127 ,A ,
SM54128 ,A ,
SM54129 ,A ,
SM54130 ,A ,
SM54131 ,S ,
SM54132 ,S ,
SM54133 ,A ,
SM54134 ,A ,
SM54135 ,A ,
SM54136 ,S ,
SM54137 ,S ,
SM54138 ,A ,
SM54139 ,S ,
SM54140 ,A ,
SM54141 ,A ,
SM54142 ,S ,
SM54143 ,A ,
SM54144 ,A ,
SM54145 ,A ,
SM54146 ,S ,
SM54147 ,A ,
SM54148 ,S ,
SM54149 ,A ,
SM54150 ,A ,
SM54151 ,A ,
SM54152 ,S ,
SM54153 ,A ,
SM54154 ,S ,
SM54157 ,S ,
SM54158 ,S ,
SM54159 ,A ,
SM54160 ,S ,
SM54161 ,A ,
SM54162 ,A ,
SM54163 ,A ,
SM54164 ,S ,
SM54165 ,S ,
SM54166 ,S ,
SM54167 ,A ,
SM54168 ,S ,
SM54169 ,S ,
SM54170 ,A ,
SM54171 ,A ,
SM54172 ,S ,
SM54173 ,A ,
SM54174 ,S ,
SM54175 ,A ,
SM54176 ,S ,
SM54177 ,A ,
SM54178 ,S ,
SM54179 ,A ,
SM54180 ,S ,
SM54182 ,A ,
SM54183 ,A ,
SM54184 ,A ,
SM54185 ,S ,
SM54186 ,A ,
SM54187 ,S ,
SM54188 ,S ,
SM54189 ,A ,
SM54190 ,S ,
SM54191 ,A ,
SM54192 ,A ,
SM54193 ,S ,
SM54194 ,A ,
SM54195 ,A ,
SM54196 ,A ,
SM54197 ,A ,
SM54198 ,S ,
SM54199 ,S ,
SM54200 ,S ,
SM54201 ,A ,
SM54202 ,S ,
SM54203 ,A ,
SM54204 ,S ,
SM54205 ,A ,
SM54206 ,A ,
SM54207 ,S ,
SM54208 ,A ,
SM54209 ,S ,
SM54210 ,S ,
SM54211 ,A ,
SM54212 ,A ,
SM54213 ,A ,
SM54214 ,A ,
SM54215 ,A ,
SM54216 ,A ,
SM54217 ,A ,
SM54218 ,S ,
SM54219 ,S ,
SM54220 ,S ,
SM54221 ,S ,
SM54222 ,S ,
SM54223 ,A ,
SM54224 ,A ,
SM54225 ,A ,
SM54226 ,A ,
SM54227 ,S ,
SM54228 ,S ,
SM54229 ,S ,
SM54230 ,S ,
SM54231 ,A ,
SM54232 ,A ,
SM54233 ,A ,
SM54234 ,S ,
SM54235 ,S ,
SM54236 ,A ,
SM54238 ,S ,
SM54239 ,A ,
SM54240 ,S ,
SM54241 ,A ,
SM54243 ,S ,
SM54244 ,A ,
SM54246 ,A ,
SM54247 ,S ,
SM54248 ,A ,
SM54249 ,S ,
SM54250 ,S ,
SM54251 ,S ,
SM54252 ,A ,
SM54253 ,S ,
SM54254 ,S ,
SM54255 ,S ,
SM54256 ,A ,
SM54257 ,S ,
SM54258 ,S ,
SM54259 ,A ,
SM54260 ,A ,
SM54261 ,S ,
SM54262 ,S ,
SM54263 ,A ,
SM54264 ,A ,
SM54265 ,A ,
SM54266 ,S ,
SM54267 ,A ,
SM54268 ,S ,
SM54269 ,S ,
SM54270 ,A ,
SM54271 ,S ,
SM54273 ,S ,
SM54274 ,S ,
SM54275 ,S ,
SM54276 ,S ,
SM54277 ,A ,
SM54278 ,A ,
SM54279 ,S ,
SM54280 ,S ,
SM54281 ,S ,
SM54282 ,A ,
SM54283 ,S ,
SM54284 ,S ,
SM54285 ,S ,
SM54287 ,S ,
SM54288 ,S ,
SM54289 ,A ,
SM54290 ,A ,
SM54291 ,S ,
SM54292 ,S ,
SM54293 ,A ,
SM54294 ,S ,
SM54295 ,A ,
SM54296 ,A ,
SM54297 ,S ,
SM54298 ,S ,
SM54299 ,A ,
SM54300 ,A ,
SM54301 ,S ,
SM54302 ,S ,
SM54303 ,S ,
SM54304 ,S ,
SM54305 ,A ,
SM54306 ,A ,
SM54307 ,S ,
SM54308 ,A ,
SM54309 ,S ,
SM54310 ,A ,
SM54311 ,A ,
SM54312 ,A ,
SM54313 ,S ,
SM54314 ,S ,
SM54315 ,A ,
SM54316 ,S ,
SM54317 ,A ,
SM54318 ,S ,
SM54319 ,S ,
SM54320 ,S ,
SM54321 ,S ,
SM54322 ,A ,
SM54323 ,A ,
SM54324 ,A ,
SM54325 ,A ,
SM54326 ,S ,
SM54327 ,S ,
SM54328 ,A ,
SM54329 ,S ,
SM54330 ,A ,
SM54331 ,S ,
SM54332 ,A ,
SM54333 ,S ,
SM54334 ,S ,
SM54335 ,A ,
SM54336 ,A ,
SM54337 ,S ,
SM54338 ,A ,
SM54339 ,A ,
SM54340 ,A ,
SM54341 ,A ,
SM54342 ,S ,
SM54343 ,S ,
SM54344 ,S ,
SM54345 ,A ,
SM54346 ,S ,
SM54347 ,A ,
SM54348 ,A ,
SM54349 ,A ,
SM54350 ,A ,
SM54351 ,S ,
SM54352 ,S ,
SM54354 ,A ,
SM54355 ,S ,
SM54356 ,S ,
SM54357 ,S ,
SM54358 ,A ,
SM54359 ,A ,
SM54360 ,S ,
SM54361 ,S ,
SM54362 ,A ,
SM54363 ,S ,
SM54364 ,A ,
SM54365 ,S ,
SM54366 ,S ,
SM54367 ,S ,
SM54369 ,S ,
SM54370 ,S ,
SM54371 ,A ,
SM54372 ,A ,
SM54373 ,A ,
SM54374 ,S ,
SM54375 ,S ,
SM54376 ,A ,
SM54377 ,A ,
SM54378 ,A ,
SM54379 ,S ,
SM54380 ,S ,
SM54381 ,S ,
SM54382 ,A ,
SM54383 ,S ,
SM54384 ,S ,
SM54385 ,S ,
SM54386 ,S ,
SM54387 ,A ,
SM54388 ,A ,
SM54389 ,S ,
SM54390 ,S ,
SM54391 ,S ,
SM54392 ,S ,
SM54393 ,A ,
SM54394 ,S ,
SM54395 ,S ,
SM54396 ,S ,
SM54397 ,A ,
SM54398 ,S ,
SM54399 ,A ,
SM54400 ,S ,
SM54401 ,S ,
SM54402 ,S ,
SM54403 ,A ,
SM54404 ,A ,
SM54405 ,S ,
SM54406 ,A ,
SM54407 ,S ,
SM54408 ,S ,
SM54409 ,S ,
SM54410 ,A ,
SM54411 ,S ,
SM54412 ,S ,
SM54413 ,S ,
SM54414 ,S ,
SM54415 ,S ,
SM54416 ,A ,
SM54418 ,S ,
SM54419 ,A ,
SM54420 ,S ,
SM54421 ,A ,
SM54422 ,S ,
SM54423 ,A ,
SM54424 ,S ,
SM54425 ,S ,
SM54426 ,S ,
SM54427 ,S ,
SM54428 ,S ,
SM54429 ,S ,
SM54430 ,S ,
SM54431 ,A ,
SM54432 ,A ,
SM54433 ,S ,
SM54434 ,A ,
SM54435 ,S ,
SM54436 ,S ,
SM54437 ,A ,
SM54438 ,A ,
SM54439 ,A ,
SM54440 ,A ,
SM54441 ,S ,
SM54442 ,S ,
SM54443 ,S ,
SM54444 ,S ,
SM54445 ,S ,
SM54446 ,A ,
SM54447 ,S ,
SM54448 ,A ,
SM54449 ,A ,
SM54450 ,A ,
SM54451 ,S ,
SM54452 ,S ,
SM54453 ,S ,
SM54454 ,A ,
SM54455 ,S ,
SM54456 ,S ,
SM54457 ,A ,
SM54458 ,S ,
SM54459 ,A ,
SM54460 ,A ,
SM54461 ,S ,
SM54462 ,A ,
SM54463 ,A ,
SM54464 ,S ,
SM54465 ,S ,
SM54466 ,S ,
SM54467 ,A ,
SM54468 ,S ,
SM54469 ,S ,
SM54470 ,A ,
SM54471 ,A ,
SM54472 ,S ,
SM54473 ,A ,
SM54474 ,S ,
SM54475 ,A ,
SM54476 ,A ,
SM54477 ,S ,
SM54478 ,S ,
SM54479 ,S ,
SM54480 ,A ,
SM54481 ,S ,
SM54482 ,A ,
SM54483 ,A ,
SM54484 ,S ,
SM54485 ,A ,
SM54486 ,A ,
SM54487 ,S ,
SM54488 ,A ,
SM54489 ,S ,
SM54490 ,A ,
SM54491 ,A ,
SM54492 ,A ,
SM54493 ,A ,
SM54494 ,S ,
SM54495 ,S ,
SM54496 ,A ,
SM54497 ,S ,
SM54498 ,S ,
SM54499 ,A ,
SM54500 ,A ,
SM54501 ,A ,
SM54502 ,S ,
SM54503 ,S ,
SM54504 ,S ,
SM54505 ,A ,
SM54506 ,A ,
SM54507 ,A ,
SM54508 ,S ,
SM54509 ,A ,
SM54510 ,A ,
SM54511 ,A ,
SM54512 ,S ,
SM54513 ,S ,
SM54514 ,S ,
SM54515 ,A ,
SM54516 ,S ,
SM54517 ,S ,
SM54518 ,A ,
SM54519 ,S ,
SM54520 ,A ,
SM54521 ,A ,
SM54522 ,A ,
SM54523 ,A ,
SM54525 ,A ,
SM54526 ,A ,
SM54527 ,S ,
SM54528 ,A ,
SM54529 ,S ,
SM54530 ,A ,
SM54531 ,A ,
SM54532 ,A ,
SM54533 ,A ,
SM54534 ,S ,
SM54535 ,S ,
SM54536 ,S ,
SM54537 ,A ,
SM54538 ,A ,
SM54539 ,S ,
SM54540 ,S ,
SM54541 ,S ,
SM54542 ,A ,
SM54543 ,S ,
SM54544 ,A ,
SM54545 ,S ,
SM54546 ,S ,
SM54547 ,S ,
SM54548 ,S ,
SM54549 ,S ,
SM54550 ,S ,
SM54551 ,A ,
SM54552 ,A ,
SM54553 ,A ,
SM54554 ,S ,
SM54555 ,A ,
SM54556 ,S ,
SM54557 ,A ,
SM54558 ,S ,
SM54559 ,S ,
SM54560 ,S ,
SM54561 ,A ,
SM54562 ,A ,
SM54563 ,A ,
SM54564 ,S ,
SM54565 ,S ,
SM54566 ,S ,
SM54567 ,S ,
SM54568 ,S ,
SM54569 ,S ,
SM54570 ,A ,
SM54571 ,S ,
SM54572 ,S ,
SM54573 ,S ,
SM54574 ,A ,
SM54575 ,A ,
SM54576 ,S ,
SM54577 ,S ,
SM54578 ,A ,
SM54579 ,A ,
SM54580 ,S ,
SM54581 ,S ,
SM54582 ,A ,
SM54583 ,S ,
SM54584 ,S ,
SM54585 ,S ,
SM54586 ,A ,
SM54587 ,A ,
SM54588 ,S ,
SM54589 ,S ,
SM54590 ,A ,
SM54591 ,A ,
SM54592 ,S ,
SM54593 ,A ,
SM54594 ,A ,
SM54595 ,S ,
SM54596 ,S ,
SM54597 ,A ,
SM54598 ,S ,
SM54599 ,S ,
SM54600 ,S ,
SM54601 ,S ,
SM54602 ,S ,
SM54603 ,S ,
SM54604 ,A ,
SM54605 ,A ,
SM54606 ,A ,
SM54607 ,A ,
SM54608 ,A ,
SM54609 ,A ,
SM54610 ,A ,
SM54611 ,A ,
SM54612 ,S ,
SM54613 ,A ,
SM54614 ,S ,
SM54615 ,A ,
SM54616 ,A ,
SM54617 ,A ,
SM54618 ,S ,
SM54619 ,A ,
SM54620 ,S ,
SM54621 ,S ,
SM54622 ,S ,
SM54623 ,A ,
SM54624 ,S ,
SM54625 ,A ,
SM54626 ,S ,
SM54627 ,A ,
SM54628 ,S ,
SM54629 ,S ,
SM54630 ,S ,
SM54631 ,S ,
SM54632 ,S ,
SM54633 ,S ,
SM54634 ,A ,
SM54635 ,S ,
SM54636 ,A ,
SM54637 ,S ,
SM54638 ,A ,
SM54639 ,A ,
SM54640 ,A ,
SM54641 ,A ,
SM54642 ,S ,
SM54643 ,A ,
SM54644 ,S ,
SM54645 ,S ,
SM54646 ,A ,
SM54647 ,A ,
SM54648 ,S ,
SM54649 ,A ,
SM54650 ,S ,
SM54651 ,S ,
SM54652 ,S ,
SM54653 ,A ,
SM54654 ,S ,
SM54655 ,S ,
SM54656 ,A ,
SM54657 ,S ,
SM54658 ,S ,
SM54659 ,S ,
SM54660 ,A ,
SM54661 ,S ,
SM54662 ,A ,
SM54663 ,S ,
SM54664 ,S ,
SM54665 ,S ,
SM54666 ,S ,
SM54667 ,S ,
SM54668 ,S ,
SM54669 ,A ,
SM54670 ,S ,
SM54671 ,S ,
SM54672 ,A ,
SM54673 ,A ,
SM54674 ,S ,
SM54675 ,A ,
SM54676 ,S ,
SM54677 ,A ,
SM54678 ,A ,
SM54679 ,S ,
SM54680 ,A ,
SM54681 ,A ,
SM54682 ,S ,
SM54683 ,A ,
SM54684 ,S ,
SM54685 ,S ,
SM54686 ,A ,
SM54687 ,S ,
SM54689 ,S ,
SM54690 ,A ,
SM54691 ,S ,
SM54692 ,S ,
SM54693 ,S ,
SM54694 ,S ,
SM54695 ,A ,
SM54696 ,A ,
SM54697 ,S ,
SM54698 ,A ,
SM54699 ,S ,
SM54701 ,A ,
SM54702 ,A ,
SM54703 ,A ,
SM54704 ,A ,
SM54705 ,S ,
SM54706 ,S ,
SM54707 ,S ,
SM54708 ,S ,
SM54709 ,A ,
SM54710 ,S ,
SM54711 ,S ,
SM54712 ,A ,
SM54713 ,S ,
SM54714 ,A ,
SM54715 ,S ,
SM54716 ,A ,
SM54717 ,S ,
SM54718 ,S ,
SM54719 ,A ,
SM54720 ,S ,
SM54721 ,A ,
SM54722 ,S ,
SM54723 ,A ,
SM54724 ,A ,
SM54725 ,A ,
SM54726 ,A ,
SM54727 ,A ,
SM54729 ,A ,
SM54730 ,A ,
SM54731 ,S ,
SM54732 ,A ,
SM54733 ,S ,
SM54734 ,A ,
SM54735 ,A ,
SM54736 ,A ,
SM54737 ,S ,
SM54738 ,S ,
SM54740 ,A ,
SM54741 ,S ,
SM54742 ,A ,
SM54743 ,A ,
SM54744 ,A ,
SM54745 ,S ,
SM54746 ,S ,
SM54747 ,A ,
SM54748 ,A ,
SM54749 ,S ,
SM54750 ,S ,
SM54751 ,A ,
SM54752 ,S ,
SM54753 ,A ,
SM54754 ,S ,
SM54755 ,S ,
SM54756 ,A ,
SM54757 ,A ,
SM54758 ,S ,
SM54759 ,A ,
SM54760 ,A ,
SM54761 ,S ,
SM54763 ,S ,
SM54764 ,A ,
SM54766 ,S ,
SM54767 ,A ,
SM54769 ,A ,
SM54770 ,S ,
SM54771 ,S ,
SM54773 ,A ,
SM54774 ,S ,
SM54775 ,A ,
SM54776 ,S ,
SM54777 ,S ,
SM54778 ,S ,
SM54780 ,S ,
SM54781 ,S ,
SM54782 ,A ,
SM54783 ,A ,
SM54784 ,S ,
SM54785 ,A ,
SM54786 ,S ,
SM54787 ,A ,
SM54788 ,A ,
SM54789 ,S ,
SM54790 ,S ,
SM54791 ,S ,
SM54792 ,A ,
SM54793 ,S ,
SM54794 ,S ,
SM54795 ,S ,
SM54796 ,A ,
SM54797 ,S ,
SM54798 ,S ,
SM54799 ,A ,
SM54800 ,A ,
SM54801 ,A ,
SM54802 ,S ,
SM54803 ,A ,
SM54804 ,A ,
SM54805 ,S ,
SM54806 ,A ,
SM54807 ,A ,
SM54808 ,S ,
SM54809 ,S ,
SM54810 ,S ,
SM54811 ,A ,
SM54812 ,S ,
SM54813 ,S ,
SM54814 ,A ,
SM54815 ,S ,
SM54817 ,S ,
SM54819 ,A ,
SM54820 ,S ,
SM54821 ,S ,
SM54822 ,S ,
SM54823 ,S ,
SM54824 ,S ,
SM54825 ,S ,
SM54826 ,S ,
SM54827 ,A ,
SM54828 ,A ,
SM54829 ,S ,
SM54830 ,S ,
SM54831 ,A ,
SM54832 ,A ,
SM54833 ,S ,
SM54834 ,S ,
SM54835 ,S ,
SM54836 ,A ,
SM54837 ,A ,
SM54839 ,S ,
SM54841 ,S ,
SM54842 ,A ,
SM54843 ,S ,
SM54844 ,S ,
SM54845 ,A ,
SM54846 ,S ,
SM54847 ,S ,
SM54848 ,S ,
SM54849 ,S ,
SM54850 ,S ,
SM54851 ,A ,
SM54852 ,S ,
SM54853 ,S ,
SM54854 ,S ,
SM54855 ,S ,
SM54856 ,A ,
SM54857 ,S ,
SM54858 ,A ,
SM54859 ,A ,
SM54860 ,S ,
SM54861 ,S ,
SM54862 ,S ,
SM54863 ,S ,
SM54864 ,S ,
SM54865 ,S ,
SM54866 ,S ,
SM54869 ,A ,
SM54870 ,A ,
SM54871 ,S ,
SM54872 ,S ,
SM54873 ,A ,
SM54874 ,A ,
SM54875 ,A ,
SM54876 ,S ,
SM54877 ,S ,
SM54878 ,A ,
SM54879 ,A ,
SM54880 ,S ,
SM54881 ,S ,
SM54882 ,S ,
SM54883 ,A ,
SM54884 ,A ,
SM54885 ,A ,
SM54886 ,A ,
SM54887 ,S ,
SM54888 ,A ,
SM54889 ,A ,
SM54891 ,A ,
SM54892 ,S ,
SM54893 ,S ,
SM54896 ,S ,
SM54897 ,S ,
SM54899 ,A ,
SM54900 ,S ,
SM54901 ,S ,
SM54902 ,A ,
SM54903 ,S ,
SM54904 ,A ,
SM54905 ,A ,
SM54906 ,S ,
SM54907 ,S ,
SM54908 ,A ,
SM54909 ,S ,
SM54911 ,S ,
SM54912 ,A ,
SM54913 ,A ,
SM54914 ,A ,
SM54915 ,A ,
SM54916 ,S ,
SM54917 ,S ,
SM54918 ,A ,
SM54919 ,A ,
SM54920 ,A ,
SM54921 ,A ,
SM54922 ,S ,
SM54923 ,A ,
SM54924 ,S ,
SM54925 ,S ,
SM54926 ,S ,
SM54927 ,A ,
SM54928 ,S ,
SM54929 ,S ,
SM54930 ,A ,
SM54931 ,S ,
SM54932 ,A ,
SM54933 ,A ,
SM54934 ,A ,
SM54935 ,A ,
SM54936 ,A ,
SM54937 ,S ,
SM54938 ,S ,
SM54939 ,S ,
SM54940 ,A ,
SM54941 ,A ,
SM54942 ,S ,
SM54943 ,S ,
SM54944 ,S ,
SM54945 ,S ,
SM54946 ,A ,
SM54947 ,A ,
SM54948 ,S ,
SM54949 ,S ,
SM54950 ,A ,
SM54951 ,S ,
SM54952 ,A ,
SM54953 ,A ,
SM54954 ,A ,
SM54955 ,A ,
SM54956 ,S ,
SM54957 ,S ,
SM54958 ,A ,
SM54960 ,S ,
SM54961 ,S ,
SM54962 ,A ,
SM54963 ,A ,
SM54964 ,A ,
SM54965 ,A ,
SM54966 ,S ,
SM54967 ,A ,
SM54968 ,A ,
SM54970 ,A ,
SM54971 ,S ,
SM54972 ,S ,
SM54973 ,A ,
SM54974 ,S ,
SM54975 ,A ,
SM54976 ,A ,
SM54977 ,A ,
SM54978 ,A ,
SM54979 ,A ,
SM54980 ,A ,
SM54981 ,S ,
SM54982 ,S ,
SM54983 ,A ,
SM54984 ,S ,
SM54985 ,S ,
SM54986 ,A ,
SM54987 ,S ,
SM54988 ,A ,
SM54989 ,A ,
SM54990 ,A ,
SM54991 ,A ,
SM54992 ,A ,
SM54993 ,A ,
SM54994 ,S ,
SM54995 ,S ,
SM54996 ,S ,
SM54997 ,S ,
SM54998 ,S ,
SM54999 ,A ,
SM55000 ,A ,
SM55001 ,S ,
SM55002 ,A ,
SM55003 ,S ,
SM55004 ,S ,
SM55005 ,A ,
SM55007 ,S ,
SM55009 ,A ,
SM55010 ,S ,
SM55011 ,S ,
SM55012 ,S ,
SM55013 ,S ,
SM55014 ,S ,
SM55015 ,A ,
SM55016 ,A ,
SM55017 ,S ,
SM55018 ,S ,
SM55019 ,A ,
SM55020 ,A ,
SM55021 ,S ,
SM55022 ,A ,
SM55023 ,A ,
SM55024 ,S ,
SM55025 ,S ,
SM55026 ,S ,
SM55027 ,A ,
SM55028 ,S ,
SM55029 ,A ,
SM55030 ,A ,
SM55031 ,A ,
SM55032 ,S ,
SM55033 ,A ,
SM55034 ,A ,
SM55035 ,S ,
SM55036 ,A ,
SM55037 ,S ,
SM55038 ,S ,
SM55039 ,S ,
SM55040 ,S ,
SM55041 ,A ,
SM55042 ,S ,
SM55043 ,A ,
SM55044 ,A ,
SM55045 ,A ,
SM55046 ,S ,
SM55047 ,A ,
SM55048 ,A ,
SM55049 ,A ,
SM55050 ,A ,
SM55051 ,A ,
SM55052 ,S ,
SM55053 ,A ,
SM55054 ,S ,
SM55055 ,S ,
SM55056 ,S ,
SM55057 ,S ,
SM55058 ,A ,
SM55059 ,S ,
SM55060 ,A ,
SM55061 ,A ,
SM55062 ,A ,
SM55063 ,S ,
SM55064 ,S ,
SM55066 ,A ,
SM55067 ,S ,
SM55068 ,S ,
SM55069 ,S ,
SM55070 ,S ,
SM55071 ,S ,
SM55072 ,A ,
SM55073 ,S ,
SM55074 ,A ,
SM55075 ,A ,
SM55076 ,S ,
SM55077 ,A ,
SM55078 ,A ,
SM55079 ,A ,
SM55080 ,A ,
SM55081 ,S ,
SM55082 ,A ,
SM55083 ,S ,
SM55084 ,S ,
SM55085 ,S ,
SM55086 ,S ,
SM55087 ,A ,
SM55088 ,S ,
SM55089 ,A ,
SM55090 ,A ,
SM55091 ,S ,
SM55092 ,A ,
SM55093 ,A ,
SM55094 ,A ,
SM55095 ,A ,
SM55096 ,S ,
SM55097 ,S ,
SM55098 ,A ,
SM55099 ,S ,
SM55100 ,A ,
SM55102 ,S ,
SM55103 ,S ,
SM55104 ,S ,
SM55105 ,A ,
SM55106 ,A ,
SM55107 ,S ,
SM55108 ,S ,
SM55109 ,A ,
SM55110 ,A ,
SM55111 ,A ,
SM55112 ,A ,
SM55113 ,S ,
SM55114 ,S ,
SM55115 ,S ,
SM55116 ,A ,
SM55117 ,S ,
SM55118 ,S ,
SM55119 ,A ,
SM55120 ,A ,
SM55121 ,S ,
SM55122 ,S ,
SM55123 ,A ,
SM55124 ,S ,
SM55125 ,S ,
SM55126 ,S ,
SM55127 ,S ,
SM55128 ,S ,
SM55129 ,S ,
SM55130 ,S ,
SM55131 ,S ,
SM55132 ,A ,
SM55133 ,A ,
SM55134 ,A ,
SM55135 ,S ,
SM55136 ,S ,
SM55137 ,S ,
SM55138 ,S ,
SM55139 ,S ,
SM55140 ,A ,
SM55141 ,S ,
SM55142 ,A ,
SM55143 ,S ,
SM55144 ,A ,
SM55145 ,S ,
SM55146 ,A ,
SM55147 ,S ,
SM55148 ,S ,
SM55149 ,S ,
SM55150 ,S ,
SM55151 ,S ,
SM55152 ,S ,
SM55153 ,A ,
SM55154 ,A ,
SM55155 ,A ,
SM55156 ,S ,
SM55157 ,S ,
SM55158 ,A ,
SM55159 ,A ,
SM55160 ,S ,
SM55161 ,S ,
SM55162 ,A ,
SM55163 ,S ,
SM55164 ,S ,
SM55165 ,S ,
SM55166 ,A ,
SM55167 ,A ,
SM55168 ,S ,
SM55169 ,A ,
SM55170 ,S ,
SM55171 ,S ,
SM55172 ,S ,
SM55173 ,S ,
SM55174 ,S ,
SM55175 ,A ,
SM55176 ,S ,
SM55177 ,S ,
SM55178 ,S ,
SM55179 ,A ,
SM55180 ,S ,
SM55181 ,A ,
SM55182 ,S ,
SM55183 ,A ,
SM55184 ,S ,
SM55185 ,S ,
SM55186 ,A ,
SM55187 ,S ,
SM55188 ,A ,
SM55189 ,S ,
SM55190 ,A ,
SM55191 ,S ,
SM55192 ,S ,
SM55193 ,A ,
SM55194 ,A ,
SM55195 ,S ,
SM55196 ,S ,
SM55197 ,A ,
SM55198 ,S ,
SM55199 ,S ,
SM55200 ,S ,
SM55201 ,A ,
SM55202 ,A ,
SM55203 ,A ,
SM55204 ,S ,
SM55205 ,A ,
SM55206 ,A ,
SM55207 ,A ,
SM55208 ,S ,
SM55209 ,S ,
SM55210 ,S ,
SM55211 ,A ,
SM55212 ,A ,
SM55213 ,A ,
SM55214 ,A ,
SM55215 ,S ,
SM55216 ,A ,
SM55217 ,S ,
SM55218 ,A ,
SM55219 ,A ,
SM55220 ,A ,
SM55221 ,A ,
SM55222 ,S ,
SM55223 ,S ,
SM55225 ,S ,
SM55226 ,A ,
SM55227 ,A ,
SM55228 ,A ,
SM55229 ,S ,
SM55230 ,S ,
SM55231 ,S ,
SM55232 ,A ,
SM55233 ,A ,
SM55234 ,A ,
SM55235 ,S ,
SM55236 ,S ,
SM55237 ,S ,
SM55238 ,S ,
SM55239 ,A ,
SM55240 ,A ,
SM55241 ,S ,
SM55242 ,A ,
SM55243 ,A ,
SM55245 ,A ,
SM55246 ,A ,
SM55247 ,A ,
SM55248 ,S ,
SM55249 ,S ,
SM55250 ,S ,
SM55251 ,S ,
SM55252 ,S ,
SM55253 ,A ,
SM55254 ,A ,
SM55255 ,A ,
SM55256 ,A ,
SM55257 ,S ,
SM55258 ,A ,
SM55259 ,S ,
SM55260 ,S ,
SM55261 ,A ,
SM55262 ,A ,
SM55263 ,S ,
SM55264 ,S ,
SM55265 ,A ,
SM55266 ,S ,
SM55267 ,A ,
SM55268 ,A ,
SM55269 ,S ,
SM55270 ,A ,
SM55271 ,A ,
SM55272 ,A ,
SM55273 ,A ,
SM55274 ,S ,
SM55275 ,S ,
SM55276 ,S ,
SM55277 ,S ,
SM55278 ,S ,
SM55279 ,A ,
SM55280 ,A ,
SM55281 ,A ,
SM55282 ,S ,
SM55283 ,S ,
SM55284 ,S ,
SM55285 ,A ,
SM55286 ,A ,
SM55287 ,S ,
SM55288 ,A ,
SM55289 ,S ,
SM55290 ,S ,
SM55291 ,S ,
SM55292 ,S ,
SM55293 ,A ,
SM55294 ,S ,
SM55295 ,S ,
SM55296 ,A ,
SM55297 ,A ,
SM55298 ,S ,
SM55299 ,A ,
SM55300 ,S ,
SM55301 ,S ,
SM55302 ,S ,
SM55303 ,A ,
SM55304 ,S ,
SM55305 ,A ,
SM55306 ,A ,
SM55307 ,S ,
SM55308 ,A ,
SM55309 ,S ,
SM55310 ,A ,
SM55311 ,A ,
SM55312 ,S ,
SM55313 ,S ,
SM55314 ,S ,
SM55315 ,S ,
SM55316 ,S ,
SM55317 ,S ,
SM55318 ,S ,
SM55319 ,A ,
SM55320 ,A ,
SM55321 ,A ,
SM55322 ,S ,
SM55323 ,A ,
SM55324 ,S ,
SM55325 ,S ,
SM55326 ,S ,
SM55327 ,S ,
SM55328 ,S ,
SM55329 ,A ,
SM55330 ,S ,
SM55331 ,A ,
SM55332 ,S ,
SM55333 ,A ,
SM55334 ,S ,
SM55335 ,S ,
SM55336 ,A ,
SM55337 ,S ,
SM55338 ,S ,
SM55339 ,S ,
SM55340 ,A ,
SM55341 ,A ,
SM55342 ,A ,
SM55343 ,S ,
SM55344 ,A ,
SM55345 ,S ,
SM55346 ,A ,
SM55347 ,A ,
SM55348 ,S ,
SM55349 ,S ,
SM55350 ,A ,
SM55351 ,S ,
SM55352 ,S ,
SM55353 ,S ,
SM55354 ,A ,
SM55355 ,A ,
SM55356 ,A ,
SM55357 ,S ,
SM55359 ,S ,
SM55360 ,S ,
SM55361 ,S ,
SM55362 ,A ,
SM55363 ,A ,
SM55364 ,S ,
SM55365 ,S ,
SM55366 ,S ,
SM55367 ,S ,
SM55368 ,A ,
SM55369 ,A ,
SM55370 ,A ,
SM55371 ,S ,
SM55372 ,S ,
SM55373 ,A ,
SM55374 ,A ,
SM55375 ,S ,
SM55376 ,A ,
SM55377 ,A ,
SM55379 ,S ,
SM55380 ,A ,
SM55381 ,A ,
SM55382 ,A ,
SM55383 ,S ,
SM55384 ,A ,
SM55385 ,A ,
SM55386 ,A ,
SM55387 ,S ,
SM55388 ,A ,
SM55389 ,S ,
SM55390 ,S ,
SM55391 ,S ,
SM55393 ,S ,
SM55394 ,S ,
SM55395 ,A ,
SM55396 ,S ,
SM55397 ,A ,
SM55398 ,S ,
SM55399 ,A ,
SM55400 ,A ,
SM55401 ,A ,
SM55402 ,A ,
SM55403 ,A ,
SM55404 ,S ,
SM55405 ,S ,
SM55406 ,S ,
SM55407 ,A ,
SM55408 ,S ,
SM55409 ,A ,
SM55410 ,S ,
SM55411 ,A ,
SM55412 ,S ,
SM55413 ,A ,
SM55414 ,S ,
SM55415 ,S ,
SM55416 ,S ,
SM55417 ,S ,
SM55418 ,S ,
SM55419 ,A ,
SM55420 ,S ,
SM55421 ,A ,
SM55422 ,A ,
SM55423 ,A ,
SM55424 ,A ,
SM55425 ,S ,
SM55426 ,S ,
SM55427 ,A ,
SM55428 ,S ,
SM55429 ,S ,
SM55430 ,A ,
SM55431 ,A ,
SM55432 ,S ,
SM55433 ,S ,
SM55434 ,A ,
SM55435 ,S ,
SM55436 ,A ,
SM55437 ,S ,
SM55438 ,S ,
SM55439 ,S ,
SM55440 ,S ,
SM55441 ,A ,
SM55442 ,A ,
SM55443 ,A ,
SM55444 ,A ,
SM55445 ,A ,
SM55446 ,S ,
SM55447 ,A ,
SM55448 ,S ,
SM55449 ,A ,
SM55450 ,A ,
SM55451 ,S ,
SM55452 ,S ,
SM55453 ,S ,
SM55454 ,S ,
SM55455 ,S ,
SM55456 ,S ,
SM55457 ,S ,
SM55458 ,A ,
SM55459 ,S ,
SM55460 ,S ,
SM55461 ,A ,
SM55462 ,S ,
SM55463 ,S ,
SM55464 ,A ,
SM55465 ,S ,
SM55466 ,A ,
SM55467 ,A ,
SM55468 ,A ,
SM55469 ,A ,
SM55470 ,S ,
SM55471 ,S ,
SM55472 ,A ,
SM55473 ,A ,
SM55474 ,A ,
SM55475 ,A ,
SM55476 ,A ,
SM55477 ,S ,
SM55478 ,A ,
SM55479 ,S ,
SM55480 ,S ,
SM55481 ,S ,
SM55483 ,A ,
SM55484 ,A ,
SM55485 ,S ,
SM55486 ,S ,
SM55487 ,S ,
SM55488 ,A ,
SM55489 ,S ,
SM55490 ,S ,
SM55491 ,S ,
SM55492 ,S ,
SM55493 ,S ,
SM55494 ,A ,
SM55495 ,A ,
SM55496 ,A ,
SM55497 ,A ,
SM55498 ,S ,
SM55499 ,A ,
SM55500 ,A ,
SM55501 ,S ,
SM55502 ,A ,
SM55503 ,A ,
SM55504 ,A ,
SM55505 ,S ,
SM55506 ,A ,
SM55507 ,A ,
SM55508 ,S ,
SM55509 ,A ,
SM55510 ,A ,
SM55511 ,S ,
SM55512 ,S ,
SM55513 ,A ,
SM55514 ,A ,
SM55515 ,S ,
SM55516 ,S ,
SM55517 ,A ,
SM55518 ,A ,
SM55519 ,S ,
SM55520 ,A ,
SM55521 ,S ,
SM55522 ,A ,
SM55523 ,A ,
SM55524 ,S ,
SM55525 ,S ,
SM55527 ,A ,
SM55528 ,S ,
SM55529 ,A ,
SM55530 ,A ,
SM55531 ,A ,
SM55532 ,S ,
SM55533 ,S ,
SM55534 ,S ,
SM55535 ,S ,
SM55538 ,S ,
SM55539 ,S ,
SM55540 ,A ,
SM55541 ,S ,
SM55542 ,A ,
SM55543 ,A ,
SM55544 ,A ,
SM55546 ,A ,
SM55547 ,S ,
SM55548 ,S ,
SM55549 ,S ,
SM55550 ,S ,
SM55551 ,A ,
SM55552 ,A ,
SM55553 ,S ,
SM55554 ,S ,
SM55555 ,A ,
SM55556 ,A ,
SM55557 ,A ,
SM55558 ,A ,
SM55559 ,S ,
SM55560 ,S ,
SM55561 ,A ,
SM55562 ,S ,
SM55563 ,A ,
SM55564 ,S ,
SM55565 ,A ,
SM55566 ,A ,
SM55567 ,A ,
SM55568 ,A ,
SM55569 ,A ,
SM55570 ,S ,
SM55571 ,A ,
SM55572 ,S ,
SM55573 ,S ,
SM55574 ,S ,
SM55575 ,A ,
SM55576 ,A ,
SM55577 ,S ,
SM55578 ,A ,
SM55579 ,A ,
SM55580 ,A ,
SM55581 ,S ,
SM55582 ,A ,
SM55583 ,A ,
SM55584 ,A ,
SM55585 ,S ,
SM55586 ,A ,
SM55587 ,S ,
SM55588 ,S ,
SM55589 ,S ,
SM55590 ,A ,
SM55591 ,A ,
SM55592 ,S ,
SM55593 ,A ,
SM55595 ,S ,
SM55597 ,A ,
SM55598 ,S ,
SM55599 ,S ,
SM55600 ,S ,
SM55601 ,S ,
SM55602 ,S ,
SM55603 ,S ,
SM55604 ,A ,
SM55605 ,S ,
SM55606 ,S ,
SM55607 ,S ,
SM55608 ,A ,
SM55609 ,S ,
SM55610 ,A ,
SM55611 ,A ,
SM55612 ,A ,
SM55614 ,A ,
SM55615 ,S ,
SM55616 ,A ,
SM55617 ,S ,
SM55618 ,S ,
SM55619 ,S ,
SM55620 ,A ,
SM55621 ,S ,
SM55622 ,A ,
SM55623 ,A ,
SM55624 ,S ,
SM55625 ,A ,
SM55626 ,A ,
SM55627 ,A ,
SM55628 ,S ,
SM55629 ,S ,
SM55630 ,S ,
SM55631 ,A ,
SM55632 ,S ,
SM55634 ,S ,
SM55635 ,A ,
SM55636 ,A ,
SM55637 ,S ,
SM55638 ,S ,
SM55639 ,A ,
SM55640 ,S ,
SM55641 ,S ,
SM55642 ,S ,
SM55643 ,A ,
SM55644 ,A ,
SM55645 ,S ,
SM55646 ,S ,
SM55647 ,S ,
SM55648 ,S ,
SM55649 ,A ,
SM55650 ,S ,
SM55651 ,A ,
SM55652 ,A ,
SM55653 ,S ,
SM55654 ,S ,
SM55655 ,A ,
SM55656 ,A ,
SM55657 ,A ,
SM55658 ,A ,
SM55659 ,A ,
SM55660 ,A ,
SM55661 ,A ,
SM55662 ,S ,
SM55663 ,S ,
SM55664 ,A ,
SM55665 ,S ,
SM55666 ,A ,
SM55667 ,A ,
SM55668 ,S ,
SM55669 ,S ,
SM55670 ,A ,
SM55671 ,S ,
SM55672 ,S ,
SM55673 ,A ,
SM55674 ,S ,
SM55675 ,S ,
SM55676 ,A ,
SM55677 ,S ,
SM55678 ,A ,
SM55679 ,A ,
SM55680 ,A ,
SM55681 ,A ,
SM55682 ,A ,
SM55683 ,S ,
SM55684 ,A ,
SM55685 ,S ,
SM55686 ,A ,
SM55687 ,S ,
SM55688 ,S ,
SM55689 ,A ,
SM55690 ,A ,
SM55691 ,S ,
SM55692 ,S ,
SM55693 ,S ,
SM55694 ,A ,
SM55695 ,A ,
SM55696 ,A ,
SM55697 ,S ,
SM55698 ,S ,
SM55699 ,S ,
SM55700 ,A ,
SM55701 ,S ,
SM55702 ,A ,
SM55703 ,S ,
SM55704 ,S ,
SM55705 ,A ,
SM55706 ,A ,
SM55707 ,A ,
SM55708 ,A ,
SM55709 ,A ,
SM55710 ,A ,
SM55711 ,A ,
SM55712 ,A ,
SM55713 ,S ,
SM55714 ,S ,
SM55715 ,A ,
SM55716 ,S ,
SM55717 ,S ,
SM55718 ,A ,
SM55719 ,A ,
SM55720 ,A ,
SM55721 ,A ,
SM55723 ,A ,
SM55724 ,S ,
SM55725 ,S ,
SM55726 ,A ,
SM55727 ,S ,
SM55728 ,S ,
SM55729 ,A ,
SM55730 ,A ,
SM55731 ,A ,
SM55732 ,S ,
SM55733 ,S ,
SM55734 ,A ,
SM55735 ,A ,
SM55736 ,A ,
SM55737 ,A ,
SM55738 ,A ,
SM55739 ,S ,
SM55741 ,A ,
SM55742 ,A ,
SM55743 ,S ,
SM55744 ,S ,
SM55745 ,A ,
SM55746 ,S ,
SM55747 ,A ,
SM55748 ,S ,
SM55750 ,A ,
SM55751 ,S ,
SM55752 ,A ,
SM55753 ,A ,
SM55754 ,A ,
SM55755 ,S ,
SM55756 ,A ,
SM55757 ,S ,
SM55758 ,S ,
SM55759 ,S ,
SM55760 ,A ,
SM55761 ,A ,
SM55762 ,A ,
SM55763 ,A ,
SM55764 ,S ,
SM55765 ,A ,
SM55766 ,A ,
SM55768 ,S ,
SM55769 ,S ,
SM55770 ,A ,
SM55771 ,A ,
SM55772 ,A ,
SM55773 ,A ,
SM55774 ,S ,
SM55775 ,S ,
SM55776 ,A ,
SM55777 ,A ,
SM55778 ,A ,
SM55779 ,S ,
SM55781 ,S ,
SM55782 ,A ,
SM55783 ,A ,
SM55784 ,A ,
SM55785 ,A ,
SM55786 ,S ,
SM55787 ,A ,
SM55788 ,S ,
SM55789 ,S ,
SM55790 ,A ,
SM55791 ,A ,
SM55792 ,S ,
SM55793 ,A ,
SM55794 ,A ,
SM55795 ,S ,
SM55796 ,S ,
SM55797 ,A ,
SM55798 ,S ,
SM55799 ,S ,
SM55800 ,A ,
SM55801 ,A ,
SM55802 ,S ,
SM55803 ,A ,
SM55804 ,S ,
SM55805 ,A ,
SM55806 ,A ,
SM55807 ,A ,
SM55808 ,A ,
SM55809 ,S ,
SM55810 ,S ,
SM55811 ,S ,
SM55812 ,S ,
SM55813 ,S ,
SM55814 ,A ,
SM55815 ,S ,
SM55816 ,A ,
SM55817 ,S ,
SM55818 ,S ,
SM55819 ,A ,
SM55820 ,A ,
SM55821 ,A ,
SM55822 ,S ,
SM55823 ,A ,
SM55824 ,S ,
SM55825 ,A ,
SM55826 ,S ,
SM55827 ,A ,
SM55828 ,A ,
SM55829 ,S ,
SM55830 ,S ,
SM55831 ,A ,
SM55832 ,A ,
SM55834 ,A ,
SM55835 ,S ,
SM55836 ,A ,
SM55838 ,A ,
SM55839 ,S ,
SM55840 ,A ,
SM55841 ,A ,
SM55842 ,A ,
SM55843 ,A ,
SM55844 ,S ,
SM55845 ,A ,
SM55846 ,A ,
SM55847 ,S ,
SM55848 ,S ,
SM55849 ,S ,
SM55850 ,S ,
SM55851 ,A ,
SM55852 ,A ,
SM55853 ,A ,
SM55854 ,S ,
SM55855 ,A ,
SM55856 ,S ,
SM55857 ,S ,
SM55858 ,S ,
SM55859 ,A ,
SM55860 ,S ,
SM55861 ,A ,
SM55862 ,S ,
SM55863 ,A ,
SM55864 ,S ,
SM55865 ,A ,
SM55866 ,A ,
SM55867 ,A ,
SM55868 ,A ,
SM55869 ,A ,
SM55870 ,A ,
SM55871 ,S ,
SM55872 ,S ,
SM55873 ,S ,
SM55874 ,A ,
SM55875 ,A ,
SM55876 ,S ,
SM55877 ,A ,
SM55878 ,S ,
SM55879 ,A ,
SM55880 ,A ,
SM55881 ,S ,
SM55882 ,A ,
SM55883 ,A ,
SM55884 ,S ,
SM55885 ,S ,
SM55886 ,S ,
SM55887 ,S ,
SM55888 ,A ,
SM55889 ,A ,
SM55890 ,A ,
SM55891 ,A ,
SM55892 ,A ,
SM55894 ,A ,
SM55895 ,A ,
SM55896 ,S ,
SM55897 ,S ,
SM55898 ,S ,
SM55899 ,A ,
SM55900 ,A ,
SM55901 ,A ,
SM55902 ,A ,
SM55903 ,S ,
SM55905 ,A ,
SM55906 ,A ,
SM55907 ,A ,
SM55909 ,A ,
SM55910 ,S ,
SM55911 ,S ,
SM55912 ,A ,
SM55913 ,S ,
SM55914 ,A ,
SM55915 ,S ,
SM55916 ,A ,
SM55917 ,S ,
SM55918 ,A ,
SM55919 ,A ,
SM55920 ,S ,
SM55921 ,S ,
SM55922 ,S ,
SM55923 ,A ,
SM55924 ,A ,
SM55925 ,A ,
SM55926 ,A ,
SM55927 ,A ,
SM55928 ,A ,
SM55929 ,A ,
SM55930 ,S ,
SM55931 ,S ,
SM55932 ,S ,
SM55933 ,S ,
SM55934 ,S ,
SM55935 ,A ,
SM55936 ,A ,
SM55937 ,A ,
SM55938 ,S ,
SM55939 ,A ,
SM55940 ,S ,
SM55941 ,S ,
SM55942 ,A ,
SM55943 ,S ,
SM55944 ,S ,
SM55945 ,S ,
SM55946 ,A ,
SM55947 ,A ,
SM55948 ,S ,
SM55949 ,A ,
SM55950 ,A ,
SM55951 ,S ,
SM55952 ,A ,
SM55953 ,A ,
SM55954 ,S ,
SM55955 ,A ,
SM55956 ,A ,
SM55957 ,A ,
SM55958 ,A ,
SM55959 ,S ,
SM55960 ,S ,
SM55961 ,S ,
SM55962 ,A ,
SM55963 ,S ,
SM55964 ,A ,
SM55965 ,S ,
SM55966 ,A ,
SM55967 ,S ,
SM55968 ,A ,
SM55969 ,S ,
SM55970 ,S ,
SM55971 ,A ,
SM55972 ,S ,
SM55973 ,A ,
SM55974 ,S ,
SM55975 ,A ,
SM55976 ,S ,
SM55977 ,S ,
SM55978 ,A ,
SM55979 ,A ,
SM55980 ,S ,
SM55981 ,A ,
SM55982 ,A ,
SM55983 ,S ,
SM55984 ,A ,
SM55985 ,A ,
SM55986 ,S ,
SM55987 ,A ,
SM55988 ,A ,
SM55989 ,S ,
SM55990 ,A ,
SM55991 ,A ,
SM55992 ,S ,
SM55993 ,S ,
SM55994 ,A ,
SM55995 ,A ,
SM55997 ,S ,
SM55998 ,A ,
SM55999 ,A ,
SM56000 ,A ,
SM56002 ,S ,
SM56003 ,S ,
SM56004 ,S ,
SM56005 ,S ,
SM56006 ,S ,
SM56008 ,A ,
SM56009 ,A ,
SM56010 ,S ,
SM56011 ,A ,
SM56012 ,S ,
SM56013 ,A ,
SM56014 ,S ,
SM56015 ,A ,
SM56016 ,S ,
SM56017 ,A ,
SM56018 ,S ,
SM56019 ,S ,
SM56020 ,S ,
SM56021 ,A ,
SM56022 ,A ,
SM56023 ,S ,
SM56024 ,A ,
SM56025 ,A ,
SM56026 ,S ,
SM56028 ,A ,
SM56029 ,A ,
SM56030 ,S ,
SM56031 ,A ,
SM56032 ,S ,
SM56033 ,S ,
SM56034 ,S ,
SM56035 ,S ,
SM56036 ,A ,
SM56037 ,A ,
SM56038 ,S ,
SM56039 ,S ,
SM56040 ,A ,
SM56041 ,A ,
SM56043 ,A ,
SM56044 ,A ,
SM56045 ,S ,
SM56046 ,A ,
SM56047 ,S ,
SM56048 ,A ,
SM56049 ,A ,
SM56050 ,S ,
SM56051 ,A ,
SM56052 ,S ,
SM56053 ,A ,
SM56054 ,S ,
SM56055 ,S ,
SM56056 ,A ,
SM56057 ,A ,
SM56058 ,A ,
SM56059 ,A ,
SM56060 ,A ,
SM56061 ,A ,
SM56062 ,S ,
SM56064 ,S ,
SM56065 ,S ,
SM56066 ,S ,
SM56067 ,S ,
SM56068 ,A ,
SM56069 ,A ,
SM56070 ,A ,
SM56071 ,A ,
SM56073 ,S ,
SM56074 ,S ,
SM56075 ,A ,
SM56076 ,S ,
SM56077 ,A ,
SM56078 ,A ,
SM56079 ,A ,
SM56080 ,S ,
SM56081 ,A ,
SM56082 ,A ,
SM56083 ,S ,
SM56084 ,A ,
SM56085 ,S ,
SM56086 ,S ,
SM56087 ,A ,
SM56088 ,A ,
SM56089 ,A ,
SM56090 ,A ,
SM56091 ,A ,
SM56092 ,S ,
SM56093 ,A ,
SM56094 ,S ,
SM56095 ,A ,
SM56096 ,A ,
SM56097 ,S ,
SM56098 ,S ,
SM56099 ,S ,
SM56100 ,A ,
SM56101 ,A ,
SM56102 ,S ,
SM56103 ,A ,
SM56104 ,A ,
SM56105 ,S ,
SM56106 ,A ,
SM56107 ,A ,
SM56108 ,S ,
SM56109 ,A ,
SM56110 ,A ,
SM56111 ,A ,
SM56112 ,S ,
SM56113 ,S ,
SM56114 ,S ,
SM56115 ,A ,
SM56116 ,S ,
SM56117 ,S ,
SM56118 ,A ,
SM56119 ,S ,
SM56120 ,A ,
SM56121 ,S ,
SM56122 ,S ,
SM56123 ,A ,
SM56124 ,A ,
SM56125 ,S ,
SM56126 ,A ,
SM56127 ,A ,
SM56128 ,A ,
SM56129 ,S ,
SM56130 ,S ,
SM56131 ,S ,
SM56132 ,A ,
SM56133 ,S ,
SM56134 ,S ,
SM56135 ,S ,
SM56136 ,A ,
SM56137 ,A ,
SM56138 ,S ,
SM56139 ,A ,
SM56140 ,A ,
SM56141 ,A ,
SM56142 ,S ,
SM56143 ,A ,
SM56144 ,A ,
SM56145 ,A ,
SM56146 ,A ,
SM56147 ,S ,
SM56148 ,S ,
SM56149 ,A ,
SM56150 ,A ,
SM56151 ,S ,
SM56152 ,A ,
SM56153 ,A ,
SM56154 ,A ,
SM56155 ,A ,
SM56156 ,S ,
SM56157 ,S ,
SM56158 ,A ,
SM56159 ,A ,
SM56160 ,A ,
SM56161 ,A ,
SM56162 ,S ,
SM56163 ,S ,
SM56164 ,A ,
SM56165 ,A ,
SM56166 ,S ,
SM56167 ,S ,
SM56168 ,S ,
SM56169 ,A ,
SM56170 ,A ,
SM56171 ,S ,
SM56172 ,A ,
SM56173 ,A ,
SM56174 ,A ,
SM56175 ,S ,
SM56176 ,S ,
SM56177 ,A ,
SM56178 ,S ,
SM56179 ,A ,
SM56180 ,A ,
SM56181 ,S ,
SM56182 ,S ,
SM56184 ,S ,
SM56185 ,A ,
SM56186 ,A ,
SM56187 ,A ,
SM56188 ,A ,
SM56189 ,S ,
SM56190 ,S ,
SM56191 ,A ,
SM56193 ,A ,
SM56194 ,S ,
SM56195 ,S ,
SM56196 ,A ,
SM56197 ,S ,
SM56198 ,A ,
SM56199 ,A ,
SM56200 ,A ,
SM56201 ,A ,
SM56202 ,A ,
SM56203 ,S ,
SM56204 ,A ,
SM56205 ,S ,
SM56206 ,A ,
SM56207 ,S ,
SM56208 ,S ,
SM56209 ,A ,
SM56210 ,S ,
SM56211 ,A ,
SM56212 ,S ,
SM56213 ,S ,
SM56215 ,A ,
SM56216 ,S ,
SM56217 ,A ,
SM56218 ,S ,
SM56219 ,A ,
SM56220 ,S ,
SM56221 ,A ,
SM56222 ,A ,
SM56223 ,S ,
SM56224 ,A ,
SM56225 ,A ,
SM56226 ,A ,
SM56227 ,S ,
SM56228 ,A ,
SM56229 ,A ,
SM56230 ,S ,
SM56231 ,S ,
SM56232 ,A ,
SM56233 ,A ,
SM56234 ,S ,
SM56235 ,A ,
SM56236 ,A ,
SM56237 ,A ,
SM56238 ,S ,
SM56239 ,A ,
SM56240 ,S ,
SM56241 ,A ,
SM56242 ,S ,
SM56243 ,A ,
SM56244 ,S ,
SM56245 ,S ,
SM56246 ,A ,
SM56247 ,S ,
SM56248 ,A ,
SM56249 ,A ,
SM56250 ,A ,
SM56251 ,A ,
SM56252 ,S ,
SM56253 ,A ,
SM56254 ,A ,
SM56255 ,S ,
SM56256 ,S ,
SM56257 ,S ,
SM56258 ,A ,
SM56259 ,S ,
SM56260 ,S ,
SM56261 ,A ,
SM56262 ,S ,
SM56263 ,A ,
SM56264 ,S ,
SM56265 ,S ,
SM56266 ,S ,
SM56267 ,S ,
SM56268 ,S ,
SM56269 ,A ,
SM56270 ,S ,
SM56271 ,S ,
SM56272 ,A ,
SM56273 ,S ,
SM56274 ,A ,
SM56275 ,A ,
SM56276 ,A ,
SM56277 ,A ,
SM56278 ,A ,
SM56279 ,A ,
SM56280 ,A ,
SM56281 ,A ,
SM56282 ,A ,
SM56283 ,S ,
SM56284 ,S ,
SM56285 ,A ,
SM56286 ,A ,
SM56287 ,S ,
SM56288 ,S ,
SM56289 ,A ,
SM56290 ,A ,
SM56291 ,S ,
SM56292 ,S ,
SM56293 ,A ,
SM56294 ,A ,
SM56295 ,S ,
SM56296 ,A ,
SM56297 ,S ,
SM56298 ,S ,
SM56299 ,A ,
SM56300 ,A ,
SM56301 ,A ,
SM56302 ,S ,
SM56303 ,A ,
SM56304 ,A ,
SM56305 ,S ,
SM56306 ,A ,
SM56307 ,S ,
SM56308 ,A ,
SM56309 ,A ,
SM56310 ,A ,
SM56311 ,A ,
SM56312 ,S ,
SM56313 ,S ,
SM56314 ,S ,
SM56315 ,A ,
SM56316 ,S ,
SM56317 ,A ,
SM56318 ,A ,
SM56319 ,A ,
SM56320 ,S ,
SM56321 ,S ,
SM56322 ,S ,
SM56323 ,S ,
SM56324 ,A ,
SM56325 ,A ,
SM56326 ,S ,
SM56327 ,A ,
SM56328 ,S ,
SM56329 ,A ,
SM56330 ,S ,
SM56331 ,A ,
SM56332 ,A ,
SM56333 ,S ,
SM56334 ,S ,
SM56335 ,A ,
SM56336 ,S ,
SM56337 ,S ,
SM56338 ,A ,
SM56339 ,A ,
SM56341 ,S ,
SM56342 ,A ,
SM56343 ,S ,
SM56344 ,A ,
SM56345 ,S ,
SM56346 ,S ,
SM56347 ,S ,
SM56348 ,S ,
SM56349 ,A ,
SM56350 ,S ,
SM56351 ,A ,
SM56352 ,A ,
SM56353 ,S ,
SM56354 ,A ,
SM56355 ,A ,
SM56356 ,A ,
SM56357 ,A ,
SM56358 ,S ,
SM56359 ,A ,
SM56360 ,A ,
SM56361 ,S ,
SM56362 ,A ,
SM56363 ,A ,
SM56364 ,S ,
SM56365 ,A ,
SM56367 ,A ,
SM56368 ,S ,
SM56369 ,S ,
SM56370 ,A ,
SM56371 ,S ,
SM56372 ,S ,
SM56373 ,S ,
SM56374 ,S ,
SM56375 ,A ,
SM56376 ,A ,
SM56377 ,A ,
SM56378 ,S ,
SM56379 ,A ,
SM56380 ,A ,
SM56381 ,S ,
SM56382 ,A ,
SM56383 ,S ,
SM56384 ,S ,
SM56385 ,S ,
SM56386 ,A ,
SM56387 ,S ,
SM56388 ,A ,
SM56389 ,S ,
SM56390 ,S ,
SM56391 ,S ,
SM56392 ,S ,
SM56393 ,A ,
SM56394 ,S ,
SM56395 ,A ,
SM56396 ,S ,
SM56397 ,S ,
SM56398 ,A ,
SM56399 ,A ,
SM56400 ,A ,
SM56402 ,A ,
SM56403 ,A ,
SM56404 ,S ,
SM56405 ,A ,
SM56406 ,S ,
SM56407 ,S ,
SM56408 ,A ,
SM56409 ,A ,
SM56410 ,A ,
SM56411 ,S ,
SM56412 ,A ,
SM56413 ,A ,
SM56414 ,S ,
SM56415 ,S ,
SM56416 ,S ,
SM56417 ,S ,
SM56418 ,A ,
SM56419 ,A ,
SM56420 ,A ,
SM56421 ,S ,
SM56422 ,S ,
SM56423 ,S ,
SM56424 ,A ,
SM56425 ,S ,
SM56426 ,A ,
SM56427 ,A ,
SM56428 ,A ,
SM56429 ,S ,
SM56430 ,S ,
SM56431 ,A ,
SM56432 ,A ,
SM56433 ,S ,
SM56434 ,S ,
SM56435 ,S ,
SM56436 ,A ,
SM56437 ,A ,
SM56438 ,A ,
SM56439 ,S ,
SM56440 ,S ,
SM56441 ,S ,
SM56442 ,S ,
SM56443 ,A ,
SM56444 ,A ,
SM56445 ,S ,
SM56446 ,A ,
SM56447 ,S ,
SM56448 ,S ,
SM56449 ,A ,
SM56450 ,S ,
SM56451 ,A ,
SM56452 ,A ,
SM56453 ,A ,
SM56454 ,A ,
SM56455 ,A ,
SM56456 ,S ,
SM56457 ,A ,
SM56458 ,A ,
SM56459 ,S ,
SM56460 ,S ,
SM56461 ,A ,
SM56462 ,A ,
SM56463 ,A ,
SM56464 ,A ,
SM56465 ,S ,
SM56466 ,A ,
SM56467 ,A ,
SM56468 ,S ,
SM56469 ,S ,
SM56470 ,A ,
SM56471 ,A ,
SM56472 ,A ,
SM56473 ,S ,
SM56474 ,A ,
SM56475 ,S ,
SM56476 ,A ,
SM56477 ,A ,
SM56478 ,S ,
SM56479 ,A ,
SM56480 ,A ,
SM56481 ,A ,
SM56482 ,S ,
SM56483 ,S ,
SM56484 ,A ,
SM56485 ,S ,
SM56486 ,A ,
SM56487 ,S ,
SM56488 ,A ,
SM56490 ,S ,
SM56491 ,S ,
SM56492 ,S ,
SM56493 ,S ,
SM56494 ,S ,
SM56495 ,S ,
SM56496 ,A ,
SM56497 ,A ,
SM56498 ,S ,
SM56499 ,A ,
SM56500 ,A ,
SM56501 ,S ,
SM56502 ,S ,
SM56503 ,S ,
SM56504 ,S ,
SM56505 ,A ,
SM56506 ,A ,
SM56507 ,S ,
SM56508 ,A ,
SM56509 ,S ,
SM56510 ,S ,
SM56511 ,A ,
SM56512 ,S ,
SM56513 ,S ,
SM56514 ,S ,
SM56515 ,S ,
SM56516 ,A ,
SM56517 ,A ,
SM56518 ,S ,
SM56519 ,S ,
SM56521 ,S ,
SM56522 ,A ,
SM56523 ,S ,
SM56524 ,A ,
SM56526 ,S ,
SM56527 ,S ,
SM56528 ,S ,
SM56529 ,A ,
SM56530 ,A ,
SM56531 ,A ,
SM56532 ,A ,
SM56533 ,S ,
SM56534 ,A ,
SM56535 ,S ,
SM56536 ,S ,
SM56537 ,S ,
SM56538 ,S ,
SM56539 ,A ,
SM56540 ,A ,
SM56541 ,A ,
SM56542 ,A ,
SM56543 ,A ,
SM56544 ,S ,
SM56545 ,A ,
SM56546 ,S ,
SM56547 ,S ,
SM56548 ,S ,
SM56549 ,S ,
SM56550 ,A ,
SM56551 ,A ,
SM56552 ,A ,
SM56553 ,A ,
SM56554 ,A ,
SM56555 ,S ,
SM56556 ,S ,
SM56557 ,S ,
SM56558 ,S ,
SM56559 ,S ,
SM56560 ,A ,
SM56561 ,A ,
SM56562 ,A ,
SM56564 ,A ,
SM56565 ,A ,
SM56566 ,S ,
SM56567 ,S ,
SM56568 ,S ,
SM56569 ,A ,
SM56570 ,S ,
SM56571 ,S ,
SM56572 ,A ,
SM56573 ,A ,
SM56574 ,S ,
SM56575 ,A ,
SM56576 ,S ,
SM56577 ,A ,
SM56578 ,S ,
SM56579 ,A ,
SM56580 ,S ,
SM56581 ,S ,
SM56582 ,A ,
SM56583 ,S ,
SM56584 ,S ,
SM56585 ,S ,
SM56586 ,A ,
SM56587 ,S ,
SM56588 ,A ,
SM56589 ,A ,
SM56590 ,A ,
SM56591 ,S ,
SM56592 ,A ,
SM56593 ,S ,
SM56594 ,A ,
SM56595 ,S ,
SM56596 ,A ,
SM56597 ,A ,
SM56598 ,A ,
SM56599 ,A ,
SM56600 ,S ,
SM56601 ,S ,
SM56602 ,A ,
SM56603 ,A ,
SM56605 ,A ,
SM56606 ,S ,
SM56607 ,A ,
SM56608 ,S ,
SM56609 ,A ,
SM56610 ,A ,
SM56611 ,S ,
SM56612 ,A ,
SM56613 ,S ,
SM56615 ,S ,
SM56616 ,S ,
SM56617 ,A ,
SM56618 ,S ,
SM56619 ,A ,
SM56620 ,A ,
SM56621 ,S ,
SM56622 ,A ,
SM56623 ,S ,
SM56624 ,S ,
SM56625 ,A ,
SM56626 ,A ,
SM56627 ,S ,
SM56628 ,S ,
SM56629 ,A ,
SM56630 ,S ,
SM56631 ,A ,
SM56632 ,A ,
SM56633 ,S ,
SM56634 ,S ,
SM56635 ,S ,
SM56636 ,A ,
SM56637 ,A ,
SM56638 ,A ,
SM56639 ,A ,
SM56640 ,A ,
SM56641 ,A ,
SM56642 ,S ,
SM56643 ,A ,
SM56644 ,S ,
SM56645 ,A ,
SM56646 ,S ,
SM56647 ,S ,
SM56648 ,S ,
SM56649 ,A ,
SM56650 ,S ,
SM56651 ,A ,
SM56652 ,A ,
SM56654 ,A ,
SM56655 ,A ,
SM56656 ,S ,
SM56657 ,S ,
SM56658 ,A ,
SM56659 ,A ,
SM56660 ,S ,
SM56661 ,A ,
SM56662 ,A ,
SM56663 ,A ,
SM56664 ,S ,
SM56665 ,S ,
SM56666 ,A ,
SM56667 ,S ,
SM56668 ,A ,
SM56669 ,A ,
SM56670 ,S ,
SM56671 ,A ,
SM56672 ,A ,
SM56673 ,S ,
SM56674 ,A ,
SM56675 ,S ,
SM56677 ,A ,
SM56678 ,S ,
SM56679 ,A ,
SM56680 ,S ,
SM56681 ,A ,
SM56682 ,A ,
SM56683 ,A ,
SM56684 ,A ,
SM56686 ,S ,
SM56687 ,A ,
SM56688 ,A ,
SM56689 ,S ,
SM56690 ,S ,
SM56691 ,A ,
SM56692 ,S ,
SM56693 ,S ,
SM56694 ,A ,
SM56695 ,A ,
SM56696 ,A ,
SM56697 ,A ,
SM56698 ,A ,
SM56699 ,S ,
SM56700 ,A ,
SM56701 ,S ,
SM56702 ,S ,
SM56703 ,S ,
SM56704 ,A ,
SM56705 ,S ,
SM56706 ,A ,
SM56707 ,A ,
SM56708 ,S ,
SM56709 ,A ,
SM56710 ,A ,
SM56711 ,S ,
SM56712 ,S ,
SM56713 ,S ,
SM56714 ,S ,
SM56715 ,A ,
SM56716 ,A ,
SM56717 ,S ,
SM56718 ,A ,
SM56719 ,S ,
SM56720 ,S ,
SM56721 ,S ,
SM56722 ,S ,
SM56723 ,A ,
SM56724 ,A ,
SM56725 ,A ,
SM56726 ,A ,
SM56727 ,S ,
SM56728 ,S ,
SM56729 ,A ,
SM56730 ,A ,
SM56731 ,S ,
SM56732 ,A ,
SM56733 ,S ,
SM56734 ,A ,
SM56735 ,S ,
SM56736 ,A ,
SM56737 ,A ,
SM56738 ,A ,
SM56739 ,A ,
SM56740 ,A ,
SM56741 ,A ,
SM56742 ,S ,
SM56743 ,A ,
SM56744 ,A ,
SM56745 ,S ,
SM56746 ,A ,
SM56747 ,A ,
SM56748 ,S ,
SM56749 ,A ,
SM56751 ,S ,
SM56752 ,A ,
SM56753 ,A ,
SM56754 ,A ,
SM56755 ,A ,
SM56756 ,S ,
SM56757 ,A ,
SM56758 ,A ,
SM56759 ,A ,
SM56760 ,S ,
SM56761 ,S ,
SM56762 ,S ,
SM56763 ,A ,
SM56764 ,S ,
SM56765 ,A ,
SM56766 ,A ,
SM56767 ,A ,
SM56768 ,A ,
SM56769 ,S ,
SM56770 ,A ,
SM56771 ,S ,
SM56772 ,S ,
SM56773 ,A ,
SM56774 ,S ,
SM56775 ,A ,
SM56776 ,A ,
SM56777 ,S ,
SM56778 ,S ,
SM56779 ,S ,
SM56780 ,S ,
SM56781 ,S ,
SM56782 ,S ,
SM56783 ,A ,
SM56784 ,S ,
SM56785 ,S ,
SM56786 ,S ,
SM56787 ,A ,
SM56788 ,S ,
SM56789 ,A ,
SM56790 ,A ,
SM56791 ,A ,
SM56792 ,A ,
SM56793 ,A ,
SM56794 ,A ,
SM56795 ,S ,
SM56796 ,A ,
SM56797 ,A ,
SM56798 ,S ,
SM56799 ,S ,
SM56801 ,S ,
SM56802 ,S ,
SM56804 ,S ,
SM56805 ,A ,
SM56806 ,A ,
SM56807 ,A ,
SM56809 ,S ,
SM56810 ,A ,
SM56811 ,A ,
SM56812 ,A ,
SM56813 ,A ,
SM56814 ,S ,
SM56815 ,S ,
SM56816 ,S ,
SM56817 ,S ,
SM56819 ,S ,
SM56820 ,A ,
SM56821 ,A ,
SM56822 ,A ,
SM56823 ,S ,
SM56825 ,A ,
SM56826 ,S ,
SM56827 ,A ,
SM56828 ,A ,
SM56829 ,S ,
SM56830 ,S ,
SM56831 ,S ,
SM56832 ,A ,
SM56833 ,A ,
SM56834 ,A ,
SM56835 ,A ,
SM56836 ,A ,
SM56837 ,S ,
SM56838 ,S ,
SM56839 ,A ,
SM56840 ,S ,
SM56841 ,S ,
SM56842 ,S ,
SM56843 ,S ,
SM56844 ,A ,
SM56845 ,S ,
SM56846 ,A ,
SM56847 ,A ,
SM56848 ,A ,
SM56849 ,A ,
SM56850 ,S ,
SM56851 ,S ,
SM56852 ,S ,
SM56853 ,A ,
SM56854 ,S ,
SM56855 ,A ,
SM56856 ,S ,
SM56857 ,A ,
SM56858 ,A ,
SM56859 ,S ,
SM56860 ,S ,
SM56861 ,S ,
SM56862 ,A ,
SM56863 ,A ,
SM56864 ,A ,
SM56865 ,S ,
SM56866 ,A ,
SM56867 ,A ,
SM56868 ,S ,
SM56869 ,S ,
SM56870 ,S ,
SM56871 ,A ,
SM56872 ,A ,
SM56873 ,S ,
SM56874 ,S ,
SM56875 ,A ,
SM56876 ,S ,
SM56877 ,S ,
SM56878 ,S ,
SM56879 ,A ,
SM56880 ,A ,
SM56881 ,A ,
SM56882 ,A ,
SM56883 ,A ,
SM56884 ,S ,
SM56885 ,A ,
SM56886 ,A ,
SM56887 ,A ,
SM56888 ,A ,
SM56889 ,S ,
SM56890 ,S ,
SM56891 ,A ,
SM56892 ,A ,
SM56893 ,S ,
SM56894 ,S ,
SM56895 ,A ,
SM56896 ,A ,
SM56897 ,A ,
SM56898 ,A ,
SM56899 ,S ,
SM56900 ,S ,
SM56901 ,S ,
SM56903 ,S ,
SM56904 ,S ,
SM56905 ,A ,
SM56906 ,A ,
SM56907 ,S ,
SM56908 ,A ,
SM56909 ,A ,
SM56910 ,S ,
SM56911 ,S ,
SM56912 ,A ,
SM56913 ,A ,
SM56914 ,A ,
SM56915 ,A ,
SM56916 ,A ,
SM56917 ,S ,
SM56918 ,A ,
SM56919 ,A ,
SM56920 ,S ,
SM56921 ,S ,
SM56922 ,S ,
SM56923 ,S ,
SM56924 ,S ,
SM56925 ,A ,
SM56926 ,S ,
SM56927 ,S ,
SM56928 ,S ,
SM56929 ,A ,
SM56930 ,S ,
SM56931 ,A ,
SM56932 ,A ,
SM56933 ,S ,
SM56934 ,S ,
SM56935 ,A ,
SM56936 ,A ,
SM56937 ,S ,
SM56938 ,A ,
SM56939 ,A ,
SM56940 ,S ,
SM56941 ,A ,
SM56942 ,S ,
SM56944 ,A ,
SM56945 ,A ,
SM56946 ,S ,
SM56947 ,A ,
SM56948 ,A ,
SM56949 ,S ,
SM56950 ,S ,
SM56951 ,A ,
SM56952 ,A ,
SM56953 ,A ,
SM56954 ,A ,
SM56955 ,S ,
SM56956 ,A ,
SM56957 ,S ,
SM56958 ,S ,
SM56959 ,A ,
SM56960 ,S ,
SM56961 ,S ,
SM56962 ,A ,
SM56963 ,A ,
SM56964 ,S ,
SM56965 ,A ,
SM56966 ,S ,
SM56967 ,S ,
SM56968 ,A ,
SM56970 ,A ,
SM56971 ,S ,
SM56972 ,A ,
SM56973 ,S ,
SM56974 ,A ,
SM56975 ,A ,
SM56976 ,A ,
SM56977 ,A ,
SM56978 ,A ,
SM56979 ,S ,
SM56980 ,S ,
SM56981 ,A ,
SM56983 ,S ,
SM56984 ,S ,
SM56985 ,A ,
SM56986 ,A ,
SM56987 ,A ,
SM56988 ,A ,
SM56989 ,S ,
SM56990 ,S ,
SM56991 ,A ,
SM56992 ,A ,
SM56993 ,S ,
SM56994 ,S ,
SM56995 ,A ,
SM56996 ,A ,
SM56997 ,S ,
SM56998 ,A ,
SM56999 ,A ,
SM57000 ,A ,
SM57001 ,S ,
SM57002 ,A ,
SM57003 ,A ,
SM57004 ,S ,
SM57006 ,A ,
SM57007 ,A ,
SM57008 ,S ,
SM57009 ,A ,
SM57010 ,A ,
SM57011 ,A ,
SM57012 ,S ,
SM57013 ,A ,
SM57014 ,A ,
SM57015 ,S ,
SM57016 ,A ,
SM57017 ,A ,
SM57018 ,S ,
SM57019 ,A ,
SM57020 ,A ,
SM57021 ,S ,
SM57022 ,A ,
SM57023 ,A ,
SM57025 ,A ,
SM57026 ,A ,
SM57027 ,S ,
SM57028 ,A ,
SM57029 ,A ,
SM57030 ,S ,
SM57031 ,A ,
SM57032 ,S ,
SM57033 ,S ,
SM57034 ,A ,
SM57035 ,A ,
SM57036 ,A ,
SM57037 ,A ,
SM57038 ,A ,
SM57040 ,A ,
SM57041 ,A ,
SM57042 ,S ,
SM57043 ,A ,
SM57044 ,A ,
SM57045 ,A ,
SM57046 ,A ,
SM57047 ,A ,
SM57048 ,S ,
SM57049 ,S ,
SM57050 ,A ,
SM57051 ,S ,
SM57052 ,S ,
SM57053 ,A ,
SM57054 ,A ,
SM57055 ,A ,
SM57056 ,A ,
SM57057 ,S ,
SM57058 ,A ,
SM57059 ,A ,
SM57060 ,A ,
SM57061 ,A ,
SM57062 ,S ,
SM57063 ,A ,
SM57064 ,S ,
SM57065 ,S ,
SM57066 ,A ,
SM57067 ,A ,
SM57068 ,S ,
SM57069 ,A ,
SM57070 ,A ,
SM57071 ,A ,
SM57072 ,S ,
SM57073 ,S ,
SM57074 ,A ,
SM57075 ,S ,
SM57076 ,A ,
SM57077 ,A ,
SM57078 ,S ,
SM57079 ,A ,
SM57080 ,A ,
SM57081 ,S ,
SM57082 ,S ,
SM57083 ,S ,
SM57084 ,A ,
SM57085 ,S ,
SM57086 ,A ,
SM57087 ,S ,
SM57088 ,A ,
SM57089 ,A ,
SM57092 ,A ,
SM57093 ,A ,
SM57094 ,A ,
SM57095 ,S ,
SM57096 ,S ,
SM57097 ,A ,
SM57098 ,A ,
SM57099 ,A ,
SM57100 ,A ,
SM57101 ,S ,
SM57102 ,A ,
SM57103 ,A ,
SM57104 ,A ,
SM57105 ,A ,
SM57106 ,A ,
SM57107 ,A ,
SM57108 ,A ,
SM57109 ,S ,
SM57110 ,A ,
SM57111 ,A ,
SM57112 ,S ,
SM57113 ,A ,
SM57114 ,S ,
SM57115 ,A ,
SM57116 ,A ,
SM57117 ,A ,
SM57118 ,A ,
SM57120 ,A ,
SM57121 ,A ,
SM57122 ,A ,
SM57123 ,A ,
SM57124 ,S ,
SM57125 ,A ,
SM57126 ,A ,
SM57127 ,S ,
SM57128 ,A ,
SM57129 ,A ,
SM57130 ,A ,
SM57131 ,S ,
SM57132 ,A ,
SM57134 ,A ,
SM57135 ,S ,
SM57136 ,A ,
SM57137 ,A ,
SM57138 ,S ,
SM57139 ,A ,
SM57140 ,A ,
SM57141 ,A ,
SM57142 ,A ,
SM57143 ,S ,
SM57144 ,A ,
SM57145 ,A ,
SM57146 ,A ,
SM57147 ,S ,
SM57148 ,A ,
SM57150 ,A ,
SM57151 ,A ,
SM57152 ,S ,
SM57153 ,A ,
SM57154 ,S ,
SM57155 ,A ,
SM57156 ,S ,
SM57157 ,S ,
SM57158 ,S ,
SM57159 ,A ,
SM57160 ,S ,
SM57161 ,S ,
SM57162 ,A ,
SM57163 ,A ,
SM57164 ,A ,
SM57165 ,A ,
SM57166 ,A ,
SM57167 ,A ,
SM57168 ,A ,
SM57169 ,S ,
SM57170 ,A ,
SM57171 ,A ,
SM57172 ,A ,
SM57173 ,A ,
SM57174 ,A ,
SM57175 ,A ,
SM57176 ,A ,
SM57177 ,A ,
SM57178 ,A ,
SM57179 ,S ,
SM57180 ,A ,
SM57181 ,A ,
SM57182 ,A ,
SM57183 ,A ,
SM57184 ,S ,
SM57186 ,S ,
SM57188 ,A ,
SM57189 ,A ,
SM57190 ,A ,
SM57191 ,S ,
SM57192 ,S ,
SM57193 ,A ,
SM57194 ,A ,
SM57195 ,S ,
SM57196 ,A ,
SM57197 ,A ,
SM57198 ,A ,
SM57199 ,A ,
SM57200 ,S ,
SM57201 ,A ,
SM57202 ,A ,
SM57203 ,A ,
SM57204 ,A ,
SM57205 ,A ,
SM57206 ,S ,
SM57207 ,A ,
SM57208 ,S ,
SM57209 ,A ,
SM57210 ,A ,
SM57212 ,S ,
SM57213 ,A ,
SM57214 ,S ,
SM57215 ,S ,
SM57216 ,A ,
SM57217 ,A ,
SM57218 ,S ,
SM57219 ,A ,
SM57220 ,S ,
SM57221 ,S ,
SM57222 ,A ,
SM57223 ,A ,
SM57224 ,S ,
SM57225 ,S ,
SM57226 ,A ,
SM57227 ,A ,
SM57228 ,A ,
SM57229 ,A ,
SM57230 ,S ,
SM57231 ,A ,
SM57232 ,A ,
SM57233 ,A ,
SM57235 ,A ,
SM57236 ,A ,
SM57237 ,S ,
SM57238 ,S ,
SM57239 ,A ,
SM57240 ,A ,
SM57241 ,A ,
SM57242 ,S ,
SM57243 ,S ,
SM57244 ,S ,
SM57245 ,A ,
SM57246 ,S ,
SM57248 ,A ,
SM57249 ,A ,
SM57250 ,S ,
SM57251 ,A ,
SM57252 ,S ,
SM57253 ,A ,
SM57254 ,S ,
SM57255 ,A ,
SM57256 ,A ,
SM57257 ,S ,
SM57258 ,A ,
SM57259 ,A ,
SM57260 ,A ,
SM57261 ,S ,
SM57262 ,S ,
SM57263 ,A ,
SM57264 ,A ,
SM57265 ,A ,
SM57266 ,A ,
SM57267 ,S ,
SM57268 ,S ,
SM57269 ,A ,
SM57270 ,A ,
SM57271 ,S ,
SM57272 ,A ,
SM57273 ,A ,
SM57274 ,A ,
SM57275 ,S ,
SM57276 ,S ,
SM57277 ,A ,
SM57279 ,S ,
SM57280 ,A ,
SM57281 ,A ,
SM57282 ,A ,
SM57283 ,S ,
SM57284 ,A ,
SM57285 ,S ,
SM57286 ,S ,
SM57287 ,S ,
SM57288 ,A ,
SM57289 ,A ,
SM57290 ,S ,
SM57291 ,A ,
SM57292 ,A ,
SM57293 ,S ,
SM57294 ,A ,
SM57296 ,S ,
SM57297 ,A ,
SM57298 ,A ,
SM57299 ,A ,
SM57300 ,S ,
SM57301 ,A ,
SM57302 ,A ,
SM57303 ,A ,
SM57304 ,A ,
SM57305 ,A ,
SM57306 ,S ,
SM57307 ,S ,
SM57308 ,A ,
SM57309 ,S ,
SM57310 ,S ,
SM57311 ,A ,
SM57312 ,S ,
SM57313 ,S ,
SM57314 ,A ,
SM57315 ,S ,
SM57316 ,A ,
SM57317 ,A ,
SM57318 ,S ,
SM57319 ,A ,
SM57320 ,S ,
SM57321 ,A ,
SM57322 ,S ,
SM57323 ,A ,
SM57324 ,S ,
SM57325 ,A ,
SM57326 ,A ,
SM57327 ,A ,
SM57328 ,S ,
SM57329 ,A ,
SM57330 ,A ,
SM57331 ,A ,
SM57332 ,S ,
SM57333 ,A ,
SM57334 ,S ,
SM57335 ,S ,
SM57336 ,S ,
SM57337 ,S ,
SM57339 ,S ,
SM57340 ,S ,
SM57341 ,A ,
SM57342 ,A ,
SM57344 ,A ,
SM57345 ,S ,
SM57346 ,A ,
SM57347 ,A ,
SM57349 ,S ,
SM57350 ,A ,
SM57351 ,A ,
SM57352 ,A ,
SM57353 ,A ,
SM57354 ,S ,
SM57355 ,A ,
SM57356 ,A ,
SM57357 ,A ,
SM57358 ,A ,
SM57359 ,S ,
SM57360 ,A ,
SM57361 ,A ,
SM57362 ,S ,
SM57363 ,A ,
SM57364 ,A ,
SM57365 ,A ,
SM57366 ,A ,
SM57367 ,A ,
SM57368 ,A ,
SM57369 ,A ,
SM57370 ,S ,
SM57371 ,S ,
SM57372 ,A ,
SM57373 ,A ,
SM57374 ,A ,
SM57375 ,A ,
SM57376 ,A ,
SM57377 ,A ,
SM57378 ,S ,
SM57379 ,S ,
SM57380 ,A ,
SM57381 ,A ,
SM57382 ,A ,
SM57383 ,S ,
SM57384 ,A ,
SM57385 ,A ,
SM57386 ,A ,
SM57387 ,A ,
SM57388 ,A ,
SM57389 ,A ,
SM57390 ,S ,
SM57391 ,A ,
SM57392 ,S ,
SM57393 ,A ,
SM57394 ,A ,
SM57395 ,A ,
SM57396 ,S ,
SM57397 ,A ,
SM57398 ,A ,
SM57399 ,A ,
SM57400 ,S ,
SM57401 ,A ,
SM57403 ,A ,
SM57404 ,S ,
SM57405 ,A ,
SM57406 ,A ,
SM57407 ,S ,
SM57408 ,A ,
SM57409 ,A ,
SM57410 ,A ,
SM57411 ,A ,
SM57412 ,A ,
SM57413 ,S ,
SM57414 ,S ,
SM57415 ,S ,
SM57416 ,S ,
SM57417 ,A ,
SM57418 ,A ,
SM57419 ,A ,
SM57420 ,S ,
SM57421 ,S ,
SM57422 ,A ,
SM57423 ,A ,
SM57424 ,A ,
SM57425 ,S ,
SM57426 ,S ,
SM57427 ,A ,
SM57428 ,A ,
SM57429 ,S ,
SM57430 ,S ,
SM57431 ,S ,
SM57432 ,A ,
SM57433 ,S ,
SM57434 ,A ,
SM57435 ,S ,
SM57437 ,A ,
SM57438 ,A ,
SM57439 ,A ,
SM57440 ,A ,
SM57441 ,A ,
SM57442 ,S ,
SM57443 ,A ,
SM57444 ,S ,
SM57445 ,A ,
SM57446 ,A ,
SM57447 ,A ,
SM57448 ,A ,
SM57449 ,S ,
SM57450 ,A ,
SM57451 ,A ,
SM57452 ,S ,
SM57453 ,A ,
SM57454 ,A ,
SM57455 ,A ,
SM57456 ,S ,
SM57457 ,S ,
SM57458 ,S ,
SM57459 ,A ,
SM57460 ,A ,
SM57461 ,A ,
SM57463 ,A ,
SM57464 ,A ,
SM57465 ,S ,
SM57466 ,A ,
SM57467 ,S ,
SM57468 ,S ,
SM57469 ,A ,
SM57470 ,A ,
SM57471 ,A ,
SM57472 ,S ,
SM57473 ,A ,
SM57474 ,A ,
SM57475 ,A ,
SM57476 ,A ,
SM57477 ,A ,
SM57478 ,A ,
SM57479 ,A ,
SM57480 ,A ,
SM57481 ,A ,
SM57482 ,A ,
SM57483 ,A ,
SM57484 ,A ,
SM57485 ,A ,
SM57486 ,A ,
SM57487 ,A ,
SM57489 ,A ,
SM57490 ,A ,
SM57491 ,A ,
SM57492 ,S ,
SM57493 ,S ,
SM57494 ,S ,
SM57495 ,A ,
SM57496 ,A ,
SM57497 ,S ,
SM57498 ,S ,
SM57499 ,A ,
SM57500 ,S ,
SM57501 ,A ,
SM57502 ,A ,
SM57503 ,S ,
SM57504 ,A ,
SM57505 ,A ,
SM57506 ,A ,
SM57507 ,A ,
SM57508 ,A ,
SM57509 ,S ,
SM57510 ,A ,
SM57511 ,A ,
SM57512 ,A ,
SM57513 ,S ,
SM57514 ,S ,
SM57515 ,A ,
SM57516 ,S ,
SM57517 ,S ,
SM57518 ,S ,
SM57519 ,S ,
SM57520 ,A ,
SM57521 ,A ,
SM57522 ,A ,
SM57523 ,A ,
SM57524 ,A ,
SM57525 ,S ,
SM57526 ,A ,
SM57527 ,A ,
SM57528 ,S ,
SM57529 ,A ,
SM57530 ,S ,
SM57531 ,A ,
SM57532 ,S ,
SM57533 ,A ,
SM57534 ,A ,
SM57535 ,A ,
SM57536 ,S ,
SM57537 ,S ,
SM57538 ,A ,
SM57539 ,A ,
SM57540 ,S ,
SM57541 ,A ,
SM57542 ,A ,
SM57543 ,A ,
SM57544 ,A ,
SM57545 ,A ,
SM57546 ,S ,
SM57548 ,A ,
SM57549 ,A ,
SM57550 ,A ,
SM57551 ,A ,
SM57552 ,A ,
SM57553 ,A ,
SM57554 ,A ,
SM57555 ,S ,
SM57556 ,A ,
SM57557 ,A ,
SM57558 ,A ,
SM57559 ,S ,
SM57560 ,A ,
SM57561 ,S ,
SM57562 ,A ,
SM57563 ,S ,
SM57564 ,A ,
SM57565 ,A ,
SM57566 ,A ,
SM57567 ,A ,
SM57568 ,S ,
SM57569 ,A ,
SM57570 ,S ,
SM57571 ,A ,
SM57572 ,S ,
SM57573 ,S ,
SM57574 ,S ,
SM57575 ,A ,
SM57576 ,S ,
SM57577 ,A ,
SM57578 ,A ,
SM57579 ,A ,
SM57580 ,S ,
SM57581 ,A ,
SM57582 ,S ,
SM57583 ,A ,
SM57584 ,A ,
SM57585 ,A ,
SM57586 ,A ,
SM57587 ,S ,
SM57588 ,A ,
SM57589 ,S ,
SM57590 ,A ,
SM57591 ,A ,
SM57592 ,S ,
SM57593 ,A ,
SM57594 ,A ,
SM57595 ,A ,
SM57596 ,A ,
SM57597 ,S ,
SM57598 ,S ,
SM57599 ,A ,
SM57600 ,S ,
SM57601 ,S ,
SM57602 ,S ,
SM57603 ,S ,
SM57604 ,A ,
SM57605 ,A ,
SM57606 ,A ,
SM57607 ,S ,
SM57608 ,A ,
SM57609 ,A ,
SM57610 ,A ,
SM57611 ,A ,
SM57612 ,A ,
SM57613 ,A ,
SM57614 ,S ,
SM57615 ,S ,
SM57616 ,S ,
SM57618 ,S ,
SM57619 ,A ,
SM57620 ,A ,
SM57621 ,S ,
SM57623 ,S ,
SM57624 ,S ,
SM57625 ,S ,
SM57626 ,S ,
SM57627 ,A ,
SM57628 ,S ,
SM57629 ,A ,
SM57630 ,S ,
SM57632 ,S ,
SM57633 ,S ,
SM57634 ,A ,
SM57635 ,S ,
SM57636 ,S ,
SM57637 ,A ,
SM57638 ,A ,
SM57639 ,A ,
SM57640 ,A ,
SM57641 ,A ,
SM57642 ,A ,
SM57643 ,S ,
SM57644 ,S ,
SM57646 ,A ,
SM57647 ,A ,
SM57648 ,A ,
SM57649 ,S ,
SM57650 ,A ,
SM57651 ,S ,
SM57652 ,S ,
SM57653 ,S ,
SM57654 ,A ,
SM57655 ,S ,
SM57656 ,S ,
SM57657 ,S ,
SM57658 ,A ,
SM57659 ,A ,
SM57660 ,A ,
SM57661 ,A ,
SM57662 ,A ,
SM57663 ,S ,
SM57664 ,S ,
SM57665 ,S ,
SM57666 ,A ,
SM57667 ,A ,
SM57668 ,A ,
SM57669 ,S ,
SM57670 ,A ,
SM57671 ,S ,
SM57672 ,S ,
SM57673 ,A ,
SM57674 ,S ,
SM57675 ,S ,
SM57676 ,S ,
SM57677 ,S ,
SM57678 ,A ,
SM57679 ,A ,
SM57680 ,A ,
SM57681 ,S ,
SM57682 ,A ,
SM57683 ,A ,
SM57684 ,S ,
SM57685 ,A ,
SM57686 ,A ,
SM57687 ,A ,
SM57688 ,A ,
SM57689 ,S ,
SM57690 ,A ,
SM57691 ,S ,
SM57692 ,A ,
SM57693 ,S ,
SM57694 ,A ,
SM57695 ,S ,
SM57696 ,S ,
SM57697 ,A ,
SM57698 ,S ,
SM57699 ,A ,
SM57700 ,S ,
SM57701 ,A ,
SM57702 ,A ,
SM57703 ,A ,
SM57705 ,A ,
SM57706 ,A ,
SM57707 ,S ,
SM57708 ,S ,
SM57709 ,A ,
SM57710 ,A ,
SM57711 ,A ,
SM57712 ,A ,
SM57713 ,S ,
SM57714 ,A ,
SM57715 ,S ,
SM57716 ,S ,
SM57717 ,A ,
SM57718 ,S ,
SM57719 ,A ,
SM57720 ,A ,
SM57721 ,S ,
SM57722 ,A ,
SM57723 ,A ,
SM57724 ,S ,
SM57725 ,S ,
SM57726 ,A ,
SM57727 ,A ,
SM57728 ,A ,
SM57729 ,A ,
SM57730 ,S ,
SM57732 ,S ,
SM57733 ,A ,
SM57734 ,A ,
SM57735 ,S ,
SM57736 ,A ,
SM57737 ,S ,
SM57738 ,S ,
SM57739 ,A ,
SM57740 ,S ,
SM57741 ,A ,
SM57743 ,A ,
SM57744 ,S ,
SM57745 ,S ,
SM57746 ,A ,
SM57747 ,A ,
SM57748 ,S ,
SM57749 ,A ,
SM57750 ,S ,
SM57751 ,S ,
SM57752 ,A ,
SM57753 ,A ,
SM57754 ,S ,
SM57755 ,A ,
SM57756 ,S ,
SM57757 ,A ,
SM57758 ,A ,
SM57759 ,A ,
SM57760 ,S ,
SM57761 ,S ,
SM57762 ,A ,
SM57763 ,A ,
SM57764 ,S ,
SM57765 ,A ,
SM57766 ,A ,
SM57767 ,S ,
SM57768 ,S ,
SM57769 ,S ,
SM57770 ,A ,
SM57771 ,S ,
SM57772 ,A ,
SM57773 ,A ,
SM57774 ,S ,
SM57775 ,S ,
SM57776 ,A ,
SM57777 ,S ,
SM57778 ,A ,
SM57779 ,A ,
SM57780 ,A ,
SM57781 ,A ,
SM57782 ,A ,
SM57783 ,A ,
SM57784 ,A ,
SM57785 ,S ,
SM57786 ,S ,
SM57787 ,A ,
SM57788 ,A ,
SM57789 ,A ,
SM57790 ,S ,
SM57791 ,A ,
SM57792 ,A ,
SM57793 ,A ,
SM57794 ,A ,
SM57795 ,S ,
SM57796 ,S ,
SM57797 ,A ,
SM57798 ,S ,
SM57800 ,A ,
SM57802 ,S ,
SM57803 ,S ,
SM57804 ,S ,
SM57805 ,A ,
SM57806 ,A ,
SM57807 ,S ,
SM57808 ,S ,
SM57809 ,A ,
SM57810 ,A ,
SM57811 ,A ,
SM57813 ,A ,
SM57814 ,A ,
SM57815 ,A ,
SM57817 ,A ,
SM57818 ,A ,
SM57819 ,S ,
SM57820 ,A ,
SM57821 ,A ,
SM57822 ,A ,
SM57823 ,S ,
SM57824 ,A ,
SM57825 ,S ,
SM57826 ,S ,
SM57827 ,S ,
SM57828 ,A ,
SM57829 ,S ,
SM57830 ,A ,
SM57831 ,S ,
SM57832 ,A ,
SM57833 ,S ,
SM57834 ,S ,
SM57835 ,A ,
SM57836 ,A ,
SM57837 ,A ,
SM57838 ,A ,
SM57839 ,S ,
SM57840 ,A ,
SM57841 ,A ,
SM57842 ,A ,
SM57843 ,S ,
SM57844 ,A ,
SM57845 ,A ,
SM57846 ,S ,
SM57847 ,S ,
SM57848 ,A ,
SM57849 ,A ,
SM57850 ,A ,
SM57851 ,A ,
SM57852 ,S ,
SM57853 ,S ,
SM57854 ,S ,
SM57855 ,A ,
SM57856 ,A ,
SM57857 ,A ,
SM57858 ,A ,
SM57859 ,S ,
SM57860 ,A ,
SM57861 ,S ,
SM57862 ,S ,
SM57863 ,S ,
SM57864 ,S ,
SM57865 ,A ,
SM57866 ,S ,
SM57867 ,A ,
SM57868 ,A ,
SM57869 ,A ,
SM57870 ,A ,
SM57871 ,A ,
SM57872 ,A ,
SM57873 ,A ,
SM57874 ,A ,
SM57875 ,S ,
SM57876 ,A ,
SM57877 ,A ,
SM57878 ,A ,
SM57879 ,A ,
SM57880 ,A ,
SM57881 ,A ,
SM57882 ,A ,
SM57883 ,A ,
SM57884 ,A ,
SM57885 ,A ,
SM57886 ,A ,
SM57887 ,S ,
SM57888 ,A ,
SM57889 ,S ,
SM57890 ,A ,
SM57891 ,A ,
SM57892 ,A ,
SM57893 ,A ,
SM57894 ,A ,
SM57895 ,A ,
SM57896 ,A ,
SM57897 ,A ,
SM57898 ,S ,
SM57899 ,A ,
SM57900 ,S ,
SM57901 ,S ,
SM57902 ,A ,
SM57903 ,S ,
SM57904 ,A ,
SM57905 ,A ,
SM57906 ,A ,
SM57907 ,S ,
SM57909 ,A ,
SM57910 ,A ,
SM57911 ,A ,
SM57912 ,S ,
SM57913 ,S ,
SM57914 ,S ,
SM57915 ,A ,
SM57916 ,S ,
SM57917 ,S ,
SM57918 ,A ,
SM57919 ,S ,
SM57920 ,A ,
SM57921 ,A ,
SM57922 ,A ,
SM57923 ,S ,
SM57924 ,A ,
SM57925 ,A ,
SM57927 ,S ,
SM57928 ,A ,
SM57929 ,A ,
SM57930 ,A ,
SM57931 ,A ,
SM57932 ,S ,
SM57933 ,S ,
SM57934 ,S ,
SM57935 ,A ,
SM57936 ,A ,
SM57937 ,S ,
SM57938 ,A ,
SM57939 ,A ,
SM57940 ,A ,
SM57941 ,S ,
SM57942 ,S ,
SM57943 ,A ,
SM57944 ,S ,
SM57945 ,A ,
SM57946 ,A ,
SM57948 ,S ,
SM57950 ,A ,
SM57951 ,A ,
SM57952 ,S ,
SM57953 ,A ,
SM57954 ,A ,
SM57955 ,A ,
SM57957 ,S ,
SM57958 ,A ,
SM57959 ,A ,
SM57960 ,A ,
SM57961 ,A ,
SM57962 ,A ,
SM57963 ,A ,
SM57964 ,S ,
SM57965 ,S ,
SM57966 ,A ,
SM57967 ,A ,
SM57968 ,S ,
SM57969 ,S ,
SM57970 ,A ,
SM57971 ,A ,
SM57972 ,S ,
SM57973 ,A ,
SM57974 ,A ,
SM57975 ,S ,
SM57976 ,A ,
SM57977 ,A ,
SM57978 ,A ,
SM57979 ,S ,
SM57980 ,A ,
SM57981 ,A ,
SM57982 ,A ,
SM57983 ,S ,
SM57984 ,A ,
SM57985 ,S ,
SM57986 ,S ,
SM57987 ,S ,
SM57988 ,A ,
SM57989 ,S ,
SM57990 ,S ,
SM57991 ,S ,
SM57992 ,A ,
SM57993 ,A ,
SM57994 ,A ,
SM57995 ,A ,
SM57996 ,A ,
SM57997 ,S ,
SM57998 ,A ,
SM57999 ,A ,
SM58000 ,A ,
SM58001 ,S ,
SM58002 ,A ,
SM58003 ,A ,
SM58004 ,A ,
SM58005 ,A ,
SM58006 ,S ,
SM58007 ,A ,
SM58008 ,S ,
SM58009 ,A ,
SM58010 ,S ,
SM58011 ,A ,
SM58012 ,A ,
SM58013 ,A ,
SM58014 ,A ,
SM58015 ,S ,
SM58016 ,A ,
SM58017 ,A ,
SM58018 ,A ,
SM58019 ,S ,
SM58020 ,A ,
SM58021 ,S ,
SM58022 ,A ,
SM58023 ,A ,
SM58024 ,A ,
SM58025 ,A ,
SM58026 ,S ,
SM58027 ,A ,
SM58028 ,S ,
SM58029 ,A ,
SM58030 ,A ,
SM58031 ,A ,
SM58032 ,A ,
SM58033 ,S ,
SM58034 ,S ,
SM58035 ,A ,
SM58036 ,A ,
SM58037 ,A ,
SM58038 ,A ,
SM58039 ,S ,
SM58040 ,A ,
SM58041 ,A ,
SM58042 ,A ,
SM58043 ,S ,
SM58044 ,S ,
SM58045 ,S ,
SM58046 ,A ,
SM58047 ,S ,
SM58048 ,A ,
SM58049 ,A ,
SM58050 ,A ,
SM58051 ,A ,
SM58052 ,A ,
SM58053 ,A ,
SM58054 ,A ,
SM58055 ,S ,
SM58056 ,A ,
SM58057 ,A ,
SM58058 ,A ,
SM58059 ,A ,
SM58060 ,S ,
SM58061 ,S ,
SM58062 ,A ,
SM58063 ,A ,
SM58064 ,A ,
SM58065 ,S ,
SM58066 ,S ,
SM58067 ,A ,
SM58068 ,A ,
SM58069 ,S ,
SM58070 ,S ,
SM58071 ,A ,
SM58072 ,A ,
SM58073 ,A ,
SM58074 ,A ,
SM58075 ,A ,
SM58076 ,A ,
SM58077 ,S ,
SM58078 ,A ,
SM58079 ,A ,
SM58080 ,A ,
SM58081 ,S ,
SM58082 ,A ,
SM58083 ,S ,
SM58084 ,A ,
SM58085 ,A ,
SM58086 ,S ,
SM58087 ,S ,
SM58088 ,S ,
SM58089 ,S ,
SM58090 ,A ,
SM58091 ,S ,
SM58092 ,A ,
SM58093 ,S ,
SM58095 ,A ,
SM58097 ,S ,
SM58098 ,A ,
SM58099 ,A ,
SM58100 ,A ,
SM58101 ,A ,
SM58102 ,S ,
SM58103 ,A ,
SM58104 ,S ,
SM58105 ,A ,
SM58106 ,A ,
SM58107 ,S ,
SM58109 ,S ,
SM58110 ,S ,
SM58111 ,A ,
SM58112 ,A ,
SM58113 ,S ,
SM58114 ,A ,
SM58115 ,A ,
SM58116 ,A ,
SM58117 ,S ,
SM58118 ,A ,
SM58119 ,A ,
SM58121 ,A ,
SM58122 ,S ,
SM58123 ,S ,
SM58124 ,A ,
SM58125 ,S ,
SM58127 ,S ,
SM58128 ,A ,
SM58129 ,S ,
SM58130 ,A ,
SM58131 ,S ,
SM58132 ,A ,
SM58133 ,A ,
SM58134 ,S ,
SM58135 ,A ,
SM58136 ,A ,
SM58137 ,S ,
SM58138 ,A ,
SM58139 ,A ,
SM58140 ,A ,
SM58141 ,S ,
SM58142 ,A ,
SM58143 ,S ,
SM58144 ,S ,
SM58145 ,A ,
SM58146 ,A ,
SM58147 ,S ,
SM58148 ,S ,
SM58149 ,S ,
SM58150 ,S ,
SM58152 ,S ,
SM58153 ,S ,
SM58154 ,A ,
SM58155 ,A ,
SM58156 ,A ,
SM58157 ,S ,
SM58158 ,A ,
SM58159 ,S ,
SM58161 ,S ,
SM58162 ,A ,
SM58164 ,S ,
SM58165 ,S ,
SM58166 ,A ,
SM58167 ,S ,
SM58168 ,A ,
SM58169 ,A ,
SM58170 ,S ,
SM58171 ,S ,
SM58172 ,A ,
SM58173 ,S ,
SM58174 ,A ,
SM58175 ,S ,
SM58176 ,S ,
SM58177 ,A ,
SM58178 ,A ,
SM58179 ,A ,
SM58180 ,A ,
SM58181 ,A ,
SM58182 ,S ,
SM58183 ,A ,
SM58184 ,S ,
SM58185 ,A ,
SM58186 ,S ,
SM58187 ,A ,
SM58188 ,A ,
SM58189 ,A ,
SM58190 ,S ,
SM58192 ,A ,
SM58193 ,A ,
SM58194 ,A ,
SM58195 ,S ,
SM58196 ,A ,
SM58197 ,A ,
SM58198 ,S ,
SM58199 ,A ,
SM58200 ,A ,
SM58201 ,S ,
SM58202 ,A ,
SM58203 ,S ,
SM58204 ,S ,
SM58205 ,A ,
SM58206 ,A ,
SM58207 ,A ,
SM58208 ,A ,
SM58209 ,A ,
SM58210 ,A ,
SM58211 ,A ,
SM58212 ,A ,
SM58213 ,S ,
SM58215 ,A ,
SM58216 ,A ,
SM58217 ,A ,
SM58218 ,S ,
SM58219 ,A ,
SM58220 ,S ,
SM58221 ,S ,
SM58222 ,S ,
SM58223 ,A ,
SM58224 ,S ,
SM58225 ,A ,
SM58226 ,A ,
SM58227 ,A ,
SM58228 ,S ,
SM58230 ,A ,
SM58231 ,A ,
SM58233 ,A ,
SM58234 ,A ,
SM58235 ,A ,
SM58236 ,S ,
SM58237 ,S ,
SM58238 ,S ,
SM58239 ,A ,
SM58240 ,S ,
SM58241 ,A ,
SM58242 ,A ,
SM58243 ,A ,
SM58244 ,A ,
SM58245 ,A ,
SM58246 ,S ,
SM58247 ,A ,
SM58248 ,A ,
SM58249 ,S ,
SM58250 ,S ,
SM58251 ,A ,
SM58252 ,A ,
SM58253 ,S ,
SM58254 ,S ,
SM58255 ,S ,
SM58256 ,S ,
SM58257 ,A ,
SM58259 ,S ,
SM58260 ,S ,
SM58261 ,A ,
SM58262 ,A ,
SM58263 ,A ,
SM58265 ,S ,
SM58266 ,A ,
SM58267 ,A ,
SM58268 ,S ,
SM58269 ,S ,
SM58270 ,S ,
SM58271 ,A ,
SM58272 ,S ,
SM58273 ,A ,
SM58274 ,S ,
SM58275 ,A ,
SM58276 ,S ,
SM58277 ,A ,
SM58278 ,S ,
SM58279 ,S ,
SM58280 ,S ,
SM58281 ,S ,
SM58282 ,A ,
SM58283 ,A ,
SM58284 ,A ,
SM58285 ,A ,
SM58286 ,S ,
SM58287 ,S ,
SM58288 ,A ,
SM58289 ,A ,
SM58290 ,S ,
SM58291 ,A ,
SM58292 ,A ,
SM58293 ,A ,
SM58294 ,A ,
SM58295 ,A ,
SM58296 ,S ,
SM58297 ,S ,
SM58298 ,S ,
SM58299 ,S ,
SM58300 ,A ,
SM58301 ,A ,
SM58302 ,S ,
SM58303 ,S ,
SM58304 ,A ,
SM58305 ,A ,
SM58306 ,S ,
SM58307 ,S ,
SM58308 ,A ,
SM58309 ,A ,
SM58310 ,A ,
SM58311 ,A ,
SM58312 ,A ,
SM58313 ,S ,
SM58314 ,S ,
SM58315 ,S ,
SM58316 ,A ,
SM58317 ,S ,
SM58318 ,A ,
SM58319 ,A ,
SM58320 ,A ,
SM58321 ,S ,
SM58322 ,S ,
SM58323 ,A ,
SM58324 ,A ,
SM58325 ,A ,
SM58326 ,A ,
SM58327 ,S ,
SM58328 ,A ,
SM58329 ,A ,
SM58330 ,A ,
SM58331 ,A ,
SM58332 ,S ,
SM58333 ,S ,
SM58334 ,A ,
SM58335 ,A ,
SM58336 ,A ,
SM58337 ,A ,
SM58338 ,A ,
SM58339 ,A ,
SM58340 ,S ,
SM58341 ,S ,
SM58342 ,A ,
SM58343 ,A ,
SM58344 ,A ,
SM58345 ,A ,
SM58346 ,A ,
SM58347 ,A ,
SM58348 ,A ,
SM58349 ,S ,
SM58350 ,S ,
SM58351 ,S ,
SM58352 ,S ,
SM58353 ,A ,
SM58354 ,A ,
SM58355 ,S ,
SM58356 ,S ,
SM58357 ,S ,
SM58358 ,A ,
SM58359 ,A ,
SM58360 ,A ,
SM58361 ,S ,
SM58362 ,S ,
SM58363 ,A ,
SM58364 ,A ,
SM58365 ,S ,
SM58366 ,S ,
SM58367 ,S ,
SM58368 ,A ,
SM58369 ,S ,
SM58370 ,S ,
SM58371 ,A ,
SM58372 ,A ,
SM58373 ,A ,
SM58374 ,A ,
SM58375 ,S ,
SM58377 ,A ,
SM58378 ,S ,
SM58379 ,S ,
SM58380 ,A ,
SM58381 ,A ,
SM58382 ,S ,
SM58383 ,S ,
SM58384 ,A ,
SM58385 ,S ,
SM58386 ,A ,
SM58387 ,A ,
SM58388 ,A ,
SM58389 ,S ,
SM58390 ,A ,
SM58391 ,S ,
SM58392 ,A ,
SM58393 ,A ,
SM58394 ,A ,
SM58395 ,S ,
SM58396 ,A ,
SM58397 ,S ,
SM58398 ,S ,
SM58400 ,A ,
SM58401 ,A ,
SM58403 ,A ,
SM58404 ,S ,
SM58405 ,S ,
SM58406 ,A ,
SM58408 ,S ,
SM58409 ,S ,
SM58410 ,A ,
SM58411 ,A ,
SM58412 ,A ,
SM58413 ,A ,
SM58414 ,S ,
SM58416 ,A ,
SM58417 ,A ,
SM58418 ,S ,
SM58419 ,S ,
SM58420 ,S ,
SM58421 ,S ,
SM58422 ,A ,
SM58423 ,S ,
SM58424 ,A ,
SM58426 ,A ,
SM58427 ,S ,
SM58428 ,S ,
SM58429 ,S ,
SM58430 ,S ,
SM58431 ,S ,
SM58432 ,A ,
SM58434 ,A ,
SM58435 ,A ,
SM58436 ,A ,
SM58437 ,A ,
SM58438 ,A ,
SM58439 ,A ,
SM58440 ,A ,
SM58441 ,S ,
SM58442 ,A ,
SM58443 ,A ,
SM58444 ,A ,
SM58445 ,S ,
SM58446 ,S ,
SM58447 ,S ,
SM58448 ,A ,
SM58449 ,S ,
SM58450 ,S ,
SM58451 ,A ,
SM58452 ,A ,
SM58453 ,S ,
SM58454 ,A ,
SM58455 ,S ,
SM58456 ,S ,
SM58457 ,A ,
SM58458 ,A ,
SM58459 ,S ,
SM58460 ,A ,
SM58461 ,A ,
SM58462 ,S ,
SM58463 ,S ,
SM58464 ,A ,
SM58466 ,S ,
SM58468 ,A ,
SM58469 ,S ,
SM58470 ,S ,
SM58472 ,A ,
SM58473 ,S ,
SM58474 ,A ,
SM58475 ,S ,
SM58476 ,A ,
SM58477 ,S ,
SM58478 ,A ,
SM58479 ,S ,
SM58480 ,S ,
SM58481 ,S ,
SM58482 ,S ,
SM58483 ,S ,
SM58484 ,S ,
SM58485 ,A ,
SM58486 ,S ,
SM58487 ,A ,
SM58488 ,S ,
SM58489 ,A ,
SM58490 ,A ,
SM58491 ,A ,
SM58492 ,A ,
SM58493 ,S ,
SM58494 ,A ,
SM58495 ,A ,
SM58497 ,S ,
SM58498 ,S ,
SM58499 ,A ,
SM58500 ,S ,
SM58501 ,S ,
SM58502 ,A ,
SM58503 ,A ,
SM58504 ,A ,
SM58505 ,A ,
SM58506 ,A ,
SM58507 ,A ,
SM58508 ,A ,
SM58509 ,A ,
SM58510 ,S ,
SM58511 ,A ,
SM58512 ,A ,
SM58513 ,A ,
SM58514 ,A ,
SM58515 ,A ,
SM58516 ,A ,
SM58517 ,S ,
SM58518 ,S ,
SM58519 ,A ,
SM58520 ,S ,
SM58521 ,A ,
SM58522 ,A ,
SM58523 ,A ,
SM58524 ,A ,
SM58525 ,A ,
SM58527 ,S ,
SM58528 ,S ,
SM58529 ,S ,
SM58531 ,A ,
SM58532 ,A ,
SM58533 ,A ,
SM58534 ,A ,
SM58535 ,S ,
SM58536 ,A ,
SM58537 ,S ,
SM58538 ,S ,
SM58539 ,S ,
SM58540 ,A ,
SM58541 ,S ,
SM58542 ,A ,
SM58543 ,A ,
SM58544 ,S ,
SM58545 ,S ,
SM58546 ,A ,
SM58547 ,A ,
SM58548 ,S ,
SM58549 ,A ,
SM58550 ,S ,
SM58551 ,A ,
SM58552 ,S ,
SM58553 ,A ,
SM58554 ,S ,
SM58555 ,A ,
SM58556 ,A ,
SM58557 ,S ,
SM58558 ,S ,
SM58559 ,S ,
SM58560 ,S ,
SM58561 ,A ,
SM58562 ,A ,
SM58563 ,A ,
SM58564 ,A ,
SM58565 ,A ,
SM58566 ,S ,
SM58567 ,A ,
SM58568 ,A ,
SM58569 ,S ,
SM58570 ,A ,
SM58571 ,A ,
SM58572 ,S ,
SM58574 ,A ,
SM58575 ,A ,
SM58576 ,A ,
SM58577 ,A ,
SM58578 ,S ,
SM58579 ,A ,
SM58580 ,A ,
SM58582 ,S ,
SM58583 ,A ,
SM58584 ,A ,
SM58585 ,A ,
SM58586 ,A ,
SM58587 ,A ,
SM58588 ,S ,
SM58589 ,A ,
SM58590 ,S ,
SM58591 ,A ,
SM58592 ,A ,
SM58593 ,A ,
SM58594 ,A ,
SM58595 ,S ,
SM58596 ,S ,
SM58597 ,S ,
SM58598 ,A ,
SM58599 ,A ,
SM58600 ,A ,
SM58601 ,A ,
SM58602 ,A ,
SM58603 ,A ,
SM58604 ,A ,
SM58605 ,S ,
SM58606 ,A ,
SM58607 ,A ,
SM58608 ,S ,
SM58609 ,S ,
SM58610 ,A ,
SM58611 ,A ,
SM58612 ,S ,
SM58613 ,S ,
SM58614 ,A ,
SM58616 ,S ,
SM58617 ,A ,
SM58618 ,A ,
SM58619 ,A ,
SM58620 ,A ,
SM58621 ,A ,
SM58622 ,A ,
SM58623 ,S ,
SM58624 ,A ,
SM58625 ,A ,
SM58626 ,S ,
SM58627 ,A ,
SM58628 ,A ,
SM58629 ,S ,
SM58630 ,S ,
SM58631 ,A ,
SM58632 ,A ,
SM58633 ,A ,
SM58634 ,A ,
SM58635 ,S ,
SM58636 ,S ,
SM58637 ,S ,
SM58638 ,S ,
SM58639 ,A ,
SM58640 ,S ,
SM58641 ,A ,
SM58642 ,S ,
SM58643 ,S ,
SM58644 ,S ,
SM58645 ,S ,
SM58646 ,S ,
SM58647 ,S ,
SM58648 ,A ,
SM58649 ,S ,
SM58650 ,A ,
SM58652 ,A ,
SM58653 ,A ,
SM58654 ,S ,
SM58655 ,S ,
SM58656 ,A ,
SM58658 ,S ,
SM58659 ,S ,
SM58660 ,A ,
SM58661 ,A ,
SM58662 ,S ,
SM58663 ,S ,
SM58664 ,A ,
SM58665 ,A ,
SM58666 ,S ,
SM58667 ,A ,
SM58668 ,S ,
SM58669 ,A ,
SM58670 ,A ,
SM58671 ,A ,
SM58672 ,S ,
SM58673 ,A ,
SM58674 ,A ,
SM58675 ,A ,
SM58676 ,A ,
SM58677 ,S ,
SM58678 ,A ,
SM58679 ,A ,
SM58680 ,S ,
SM58681 ,S ,
SM58682 ,S ,
SM58683 ,A ,
SM58684 ,A ,
SM58685 ,S ,
SM58687 ,A ,
SM58688 ,A ,
SM58689 ,A ,
SM58690 ,S ,
SM58691 ,S ,
SM58692 ,S ,
SM58693 ,S ,
SM58694 ,A ,
SM58695 ,A ,
SM58696 ,A ,
SM58697 ,A ,
SM58698 ,S ,
SM58699 ,A ,
SM58700 ,S ,
SM58701 ,A ,
SM58702 ,S ,
SM58703 ,A ,
SM58704 ,A ,
SM58705 ,A ,
SM58707 ,A ,
SM58708 ,A ,
SM58709 ,S ,
SM58710 ,A ,
SM58711 ,A ,
SM58712 ,A ,
SM58713 ,A ,
SM58714 ,A ,
SM58715 ,A ,
SM58716 ,A ,
SM58717 ,S ,
SM58718 ,A ,
SM58719 ,A ,
SM58720 ,A ,
SM58721 ,S ,
SM58722 ,A ,
SM58723 ,A ,
SM58724 ,S ,
SM58726 ,S ,
SM58727 ,A ,
SM58728 ,S ,
SM58729 ,A ,
SM58730 ,A ,
SM58731 ,S ,
SM58732 ,S ,
SM58733 ,A ,
SM58734 ,S ,
SM58735 ,S ,
SM58737 ,S ,
SM58738 ,S ,
SM58739 ,A ,
SM58740 ,S ,
SM58741 ,A ,
SM58742 ,S ,
SM58743 ,A ,
SM58744 ,S ,
SM58745 ,S ,
SM58746 ,S ,
SM58747 ,S ,
SM58748 ,A ,
SM58750 ,S ,
SM58751 ,S ,
SM58752 ,S ,
SM58753 ,A ,
SM58754 ,S ,
SM58755 ,A ,
SM58756 ,A ,
SM58757 ,S ,
SM58758 ,S ,
SM58760 ,A ,
SM58761 ,S ,
SM58762 ,S ,
SM58763 ,S ,
SM58764 ,A ,
SM58765 ,A ,
SM58766 ,S ,
SM58767 ,S ,
SM58768 ,S ,
SM58769 ,A ,
SM58770 ,A ,
SM58771 ,A ,
SM58772 ,S ,
SM58773 ,S ,
SM58774 ,S ,
SM58775 ,A ,
SM58777 ,A ,
SM58778 ,S ,
SM58779 ,A ,
SM58780 ,S ,
SM58781 ,S ,
SM58782 ,S ,
SM58783 ,A ,
SM58784 ,S ,
SM58785 ,A ,
SM58786 ,A ,
SM58787 ,A ,
SM58788 ,A ,
SM58789 ,A ,
SM58790 ,A ,
SM58791 ,S ,
SM58792 ,A ,
SM58794 ,A ,
SM58795 ,A ,
SM58797 ,S ,
SM58798 ,S ,
SM58799 ,A ,
SM58800 ,S ,
SM58801 ,A ,
SM58802 ,A ,
SM58803 ,S ,
SM58804 ,A ,
SM58806 ,A ,
SM58807 ,S ,
SM58808 ,A ,
SM58809 ,S ,
SM58810 ,S ,
SM58811 ,A ,
SM58812 ,S ,
SM58813 ,A ,
SM58814 ,S ,
SM58815 ,A ,
SM58816 ,S ,
SM58817 ,A ,
SM58818 ,A ,
SM58819 ,S ,
SM58820 ,S ,
SM58821 ,A ,
SM58822 ,S ,
SM58823 ,A ,
SM58824 ,A ,
SM58825 ,S ,
SM58826 ,S ,
SM58827 ,S ,
SM58828 ,A ,
SM58829 ,A ,
SM58830 ,S ,
SM58831 ,A ,
SM58832 ,A ,
SM58833 ,S ,
SM58834 ,S ,
SM58835 ,A ,
SM58836 ,A ,
SM58837 ,A ,
SM58838 ,S ,
SM58839 ,A ,
SM58840 ,S ,
SM58841 ,S ,
SM58842 ,A ,
SM58843 ,S ,
SM58844 ,S ,
SM58845 ,A ,
SM58846 ,S ,
SM58847 ,A ,
SM58848 ,S ,
SM58849 ,S ,
SM58850 ,S ,
SM58851 ,S ,
SM58852 ,S ,
SM58853 ,A ,
SM58854 ,A ,
SM58856 ,S ,
SM58857 ,S ,
SM58858 ,S ,
SM58859 ,A ,
SM58860 ,A ,
SM58861 ,A ,
SM58862 ,A ,
SM58863 ,A ,
SM58864 ,A ,
SM58865 ,S ,
SM58866 ,S ,
SM58867 ,A ,
SM58868 ,S ,
SM58869 ,S ,
SM58870 ,A ,
SM58871 ,A ,
SM58872 ,S ,
SM58873 ,S ,
SM58874 ,S ,
SM58875 ,A ,
SM58876 ,S ,
SM58877 ,A ,
SM58878 ,A ,
SM58879 ,A ,
SM58880 ,S ,
SM58881 ,A ,
SM58882 ,S ,
SM58883 ,S ,
SM58884 ,S ,
SM58885 ,S ,
SM58886 ,S ,
SM58887 ,A ,
SM58888 ,A ,
SM58890 ,S ,
SM58891 ,A ,
SM58892 ,A ,
SM58893 ,S ,
SM58894 ,A ,
SM58895 ,S ,
SM58896 ,A ,
SM58898 ,A ,
SM58899 ,S ,
SM58900 ,A ,
SM58901 ,S ,
SM58902 ,A ,
SM58903 ,S ,
SM58904 ,A ,
SM58905 ,A ,
SM58906 ,S ,
SM58907 ,S ,
SM58908 ,S ,
SM58909 ,S ,
SM58910 ,A ,
SM58911 ,S ,
SM58912 ,S ,
SM58913 ,S ,
SM58914 ,S ,
SM58915 ,A ,
SM58916 ,S ,
SM58917 ,S ,
SM58918 ,S ,
SM58919 ,A ,
SM58920 ,S ,
SM58921 ,S ,
SM58922 ,S ,
SM58923 ,S ,
SM58924 ,S ,
SM58926 ,A ,
SM58927 ,A ,
SM58928 ,A ,
SM58929 ,A ,
SM58930 ,A ,
SM58931 ,S ,
SM58932 ,S ,
SM58933 ,A ,
SM58934 ,A ,
SM58935 ,S ,
SM58936 ,S ,
SM58937 ,A ,
SM58938 ,A ,
SM58939 ,S ,
SM58940 ,S ,
SM58942 ,A ,
SM58943 ,A ,
SM58944 ,A ,
SM58945 ,A ,
SM58946 ,S ,
SM58947 ,A ,
SM58948 ,A ,
SM58949 ,A ,
SM58950 ,S ,
SM58951 ,S ,
SM58952 ,S ,
SM58953 ,A ,
SM58954 ,S ,
SM58955 ,S ,
SM58956 ,A ,
SM58957 ,A ,
SM58958 ,A ,
SM58959 ,S ,
SM58960 ,S ,
SM58961 ,A ,
SM58962 ,A ,
SM58963 ,A ,
SM58964 ,A ,
SM58965 ,A ,
SM58966 ,A ,
SM58967 ,S ,
SM58968 ,A ,
SM58969 ,A ,
SM58970 ,S ,
SM58971 ,S ,
SM58972 ,A ,
SM58973 ,S ,
SM58974 ,A ,
SM58975 ,S ,
SM58976 ,S ,
SM58977 ,A ,
SM58978 ,A ,
SM58979 ,S ,
SM58980 ,A ,
SM58981 ,A ,
SM58982 ,S ,
SM58983 ,A ,
SM58984 ,S ,
SM58985 ,A ,
SM58986 ,S ,
SM58987 ,A ,
SM58989 ,S ,
SM58990 ,S ,
SM58991 ,S ,
SM58992 ,A ,
SM58994 ,S ,
SM58995 ,S ,
SM58996 ,A ,
SM58997 ,A ,
SM58998 ,S ,
SM58999 ,S ,
SM59000 ,A ,
SM59001 ,A ,
SM59002 ,A ,
SM59003 ,A ,
SM59004 ,S ,
SM59005 ,A ,
SM59006 ,S ,
SM59007 ,A ,
SM59008 ,A ,
SM59009 ,S ,
SM59010 ,S ,
SM59011 ,A ,
SM59012 ,S ,
SM59013 ,S ,
SM59014 ,A ,
SM59015 ,A ,
SM59016 ,S ,
SM59017 ,A ,
SM59018 ,S ,
SM59019 ,S ,
SM59020 ,S ,
SM59021 ,S ,
SM59023 ,S ,
SM59024 ,S ,
SM59025 ,S ,
SM59026 ,A ,
SM59027 ,S ,
SM59028 ,S ,
SM59029 ,S ,
SM59030 ,A ,
SM59031 ,S ,
SM59032 ,S ,
SM59033 ,A ,
SM59034 ,A ,
SM59035 ,A ,
SM59036 ,S ,
SM59037 ,A ,
SM59038 ,A ,
SM59039 ,A ,
SM59040 ,A ,
SM59041 ,S ,
SM59042 ,A ,
SM59043 ,A ,
SM59044 ,S ,
SM59045 ,S ,
SM59046 ,S ,
SM59047 ,S ,
SM59048 ,S ,
SM59049 ,S ,
SM59051 ,A ,
SM59052 ,A ,
SM59053 ,S ,
SM59054 ,A ,
SM59055 ,A ,
SM59056 ,A ,
SM59057 ,S ,
SM59058 ,S ,
SM59059 ,A ,
SM59060 ,A ,
SM59061 ,A ,
SM59062 ,A ,
SM59063 ,S ,
SM59064 ,S ,
SM59065 ,A ,
SM59066 ,S ,
SM59067 ,A ,
SM59068 ,A ,
SM59069 ,A ,
SM59070 ,A ,
SM59071 ,S ,
SM59072 ,A ,
SM59073 ,S ,
SM59074 ,A ,
SM59075 ,A ,
SM59076 ,A ,
SM59077 ,A ,
SM59078 ,A ,
SM59079 ,S ,
SM59080 ,S ,
SM59081 ,S ,
SM59082 ,S ,
SM59083 ,A ,
SM59084 ,A ,
SM59085 ,S ,
SM59086 ,S ,
SM59087 ,S ,
SM59088 ,S ,
SM59089 ,S ,
SM59090 ,S ,
SM59091 ,A ,
SM59092 ,A ,
SM59093 ,S ,
SM59094 ,A ,
SM59095 ,S ,
SM59096 ,S ,
SM59097 ,S ,
SM59098 ,A ,
SM59099 ,S ,
SM59100 ,S ,
SM59101 ,A ,
SM59102 ,A ,
SM59103 ,S ,
SM59104 ,S ,
SM59105 ,S ,
SM59107 ,A ,
SM59108 ,A ,
SM59109 ,A ,
SM59110 ,A ,
SM59111 ,A ,
SM59112 ,S ,
SM59113 ,S ,
SM59114 ,A ,
SM59115 ,A ,
SM59116 ,A ,
SM59117 ,S ,
SM59118 ,S ,
SM59119 ,A ,
SM59120 ,A ,
SM59121 ,A ,
SM59122 ,S ,
SM59123 ,A ,
SM59124 ,S ,
SM59125 ,A ,
SM59126 ,S ,
SM59127 ,S ,
SM59128 ,A ,
SM59130 ,A ,
SM59131 ,A ,
SM59132 ,A ,
SM59133 ,A ,
SM59134 ,S ,
SM59135 ,A ,
SM59136 ,S ,
SM59137 ,A ,
SM59138 ,A ,
SM59139 ,S ,
SM59140 ,A ,
SM59141 ,S ,
SM59142 ,A ,
SM59143 ,S ,
SM59144 ,A ,
SM59145 ,S ,
SM59146 ,S ,
SM59147 ,S ,
SM59148 ,A ,
SM59149 ,A ,
SM59150 ,A ,
SM59151 ,A ,
SM59152 ,S ,
SM59153 ,A ,
SM59154 ,S ,
SM59155 ,A ,
SM59156 ,S ,
SM59157 ,A ,
SM59158 ,A ,
SM59159 ,S ,
SM59160 ,A ,
SM59161 ,A ,
SM59162 ,A ,
SM59163 ,S ,
SM59164 ,A ,
SM59166 ,S ,
SM59167 ,S ,
SM59168 ,S ,
SM59169 ,S ,
SM59170 ,S ,
SM59171 ,S ,
SM59172 ,S ,
SM59173 ,A ,
SM59174 ,S ,
SM59175 ,A ,
SM59176 ,S ,
SM59177 ,S ,
SM59178 ,S ,
SM59179 ,S ,
SM59180 ,A ,
SM59181 ,A ,
SM59182 ,S ,
SM59183 ,A ,
SM59184 ,S ,
SM59185 ,S ,
SM59186 ,A ,
SM59187 ,A ,
SM59188 ,A ,
SM59191 ,A ,
SM59192 ,A ,
SM59193 ,S ,
SM59194 ,A ,
SM59195 ,A ,
SM59196 ,S ,
SM59197 ,S ,
SM59198 ,A ,
SM59199 ,A ,
SM59200 ,A ,
SM59201 ,S ,
SM59202 ,A ,
SM59203 ,A ,
SM59204 ,S ,
SM59205 ,A ,
SM59206 ,S ,
SM59207 ,A ,
SM59208 ,S ,
SM59209 ,S ,
SM59210 ,A ,
SM59211 ,A ,
SM59212 ,A ,
SM59213 ,S ,
SM59214 ,S ,
SM59215 ,A ,
SM59216 ,A ,
SM59217 ,A ,
SM59218 ,A ,
SM59219 ,A ,
SM59220 ,S ,
SM59221 ,S ,
SM59223 ,A ,
SM59224 ,S ,
SM59225 ,A ,
SM59226 ,A ,
SM59227 ,S ,
SM59228 ,S ,
SM59229 ,S ,
SM59232 ,S ,
SM59234 ,S ,
SM59235 ,S ,
SM59236 ,A ,
SM59238 ,S ,
SM59240 ,A ,
SM59241 ,S ,
SM59242 ,A ,
SM59243 ,S ,
SM59244 ,A ,
SM59245 ,S ,
SM59246 ,A ,
SM59247 ,A ,
SM59248 ,S ,
SM59249 ,A ,
SM59250 ,S ,
SM59251 ,A ,
SM59252 ,S ,
SM59253 ,S ,
SM59254 ,S ,
SM59255 ,S ,
SM59256 ,A ,
SM59257 ,S ,
SM59258 ,A ,
SM59259 ,A ,
SM59260 ,S ,
SM59261 ,S ,
SM59262 ,A ,
SM59263 ,S ,
SM59264 ,A ,
SM59265 ,A ,
SM59266 ,A ,
SM59267 ,S ,
SM59268 ,S ,
SM59269 ,S ,
SM59270 ,S ,
SM59271 ,S ,
SM59272 ,A ,
SM59273 ,S ,
SM59274 ,A ,
SM59275 ,A ,
SM59276 ,A ,
SM59277 ,A ,
SM59278 ,A ,
SM59279 ,S ,
SM59280 ,A ,
SM59281 ,A ,
SM59282 ,S ,
SM59283 ,S ,
SM59284 ,S ,
SM59285 ,A ,
SM59286 ,A ,
SM59287 ,S ,
SM59288 ,A ,
SM59289 ,S ,
SM59290 ,S ,
SM59291 ,S ,
SM59292 ,S ,
SM59293 ,S ,
SM59294 ,S ,
SM59295 ,S ,
SM59296 ,A ,
SM59297 ,A ,
SM59298 ,S ,
SM59299 ,A ,
SM59300 ,A ,
SM59301 ,S ,
SM59302 ,S ,
SM59303 ,A ,
SM59304 ,S ,
SM59305 ,A ,
SM59306 ,S ,
SM59307 ,A ,
SM59308 ,A ,
SM59309 ,A ,
SM59310 ,S ,
SM59311 ,S ,
SM59313 ,S ,
SM59314 ,A ,
SM59315 ,A ,
SM59316 ,A ,
SM59317 ,S ,
SM59318 ,A ,
SM59319 ,A ,
SM59320 ,S ,
SM59321 ,S ,
SM59322 ,A ,
SM59323 ,A ,
SM59324 ,A ,
SM59325 ,A ,
SM59326 ,S ,
SM59327 ,S ,
SM59328 ,A ,
SM59329 ,A ,
SM59330 ,S ,
SM59331 ,S ,
SM59332 ,S ,
SM59333 ,S ,
SM59334 ,A ,
SM59335 ,A ,
SM59336 ,S ,
SM59337 ,S ,
SM59338 ,A ,
SM59339 ,S ,
SM59340 ,S ,
SM59341 ,A ,
SM59342 ,S ,
SM59343 ,S ,
SM59344 ,S ,
SM59345 ,S ,
SM59346 ,A ,
SM59347 ,A ,
SM59348 ,S ,
SM59349 ,S ,
SM59350 ,S ,
SM59351 ,S ,
SM59352 ,S ,
SM59353 ,A ,
SM59354 ,A ,
SM59355 ,A ,
SM59356 ,S ,
SM59357 ,S ,
SM59358 ,A ,
SM59359 ,A ,
SM59360 ,A ,
SM59362 ,A ,
SM59363 ,A ,
SM59364 ,S ,
SM59365 ,S ,
SM59366 ,S ,
SM59367 ,A ,
SM59368 ,S ,
SM59369 ,A ,
SM59370 ,S ,
SM59371 ,S ,
SM59372 ,S ,
SM59373 ,A ,
SM59374 ,S ,
SM59375 ,A ,
SM59376 ,A ,
SM59377 ,S ,
SM59378 ,A ,
SM59379 ,S ,
SM59381 ,S ,
SM59382 ,A ,
SM59383 ,A ,
SM59384 ,S ,
SM59385 ,A ,
SM59386 ,A ,
SM59387 ,S ,
SM59388 ,A ,
SM59389 ,A ,
SM59390 ,S ,
SM59391 ,A ,
SM59392 ,A ,
SM59393 ,S ,
SM59394 ,S ,
SM59395 ,S ,
SM59396 ,A ,
SM59398 ,S ,
SM59399 ,S ,
SM59400 ,S ,
SM59401 ,S ,
SM59402 ,A ,
SM59403 ,S ,
SM59404 ,A ,
SM59405 ,S ,
SM59406 ,S ,
SM59407 ,A ,
SM59408 ,A ,
SM59409 ,S ,
SM59410 ,A ,
SM59411 ,A ,
SM59413 ,S ,
SM59414 ,S ,
SM59415 ,A ,
SM59416 ,A ,
SM59417 ,S ,
SM59418 ,A ,
SM59419 ,A ,
SM59420 ,S ,
SM59421 ,S ,
SM59422 ,S ,
SM59423 ,A ,
SM59424 ,A ,
SM59425 ,A ,
SM59426 ,A ,
SM59427 ,S ,
SM59428 ,A ,
SM59429 ,S ,
SM59430 ,S ,
SM59431 ,S ,
SM59432 ,S ,
SM59433 ,A ,
SM59434 ,A ,
SM59435 ,S ,
SM59436 ,S ,
SM59437 ,A ,
SM59438 ,S ,
SM59439 ,S ,
SM59440 ,A ,
SM59441 ,S ,
SM59442 ,A ,
SM59443 ,A ,
SM59444 ,S ,
SM59445 ,S ,
SM59446 ,S ,
SM59447 ,S ,
SM59448 ,S ,
SM59449 ,S ,
SM59450 ,S ,
SM59451 ,S ,
SM59452 ,S ,
SM59453 ,A ,
SM59454 ,S ,
SM59455 ,S ,
SM59456 ,S ,
SM59457 ,S ,
SM59458 ,A ,
SM59460 ,A ,
SM59461 ,A ,
SM59462 ,A ,
SM59463 ,A ,
SM59464 ,S ,
SM59465 ,S ,
SM59466 ,S ,
SM59467 ,S ,
SM59468 ,A ,
SM59469 ,S ,
SM59470 ,S ,
SM59471 ,A ,
SM59472 ,A ,
SM59473 ,S ,
SM59474 ,S ,
SM59475 ,A ,
SM59476 ,S ,
SM59477 ,A ,
SM59478 ,A ,
SM59479 ,A ,
SM59480 ,S ,
SM59481 ,A ,
SM59482 ,S ,
SM59484 ,S ,
SM59485 ,S ,
SM59486 ,S ,
SM59489 ,S ,
SM59490 ,A ,
SM59491 ,A ,
SM59492 ,S ,
SM59493 ,A ,
SM59495 ,S ,
SM59496 ,A ,
SM59497 ,A ,
SM59498 ,A ,
SM59499 ,A ,
SM59500 ,S ,
SM59501 ,S ,
SM59502 ,A ,
SM59503 ,S ,
SM59505 ,S ,
SM59506 ,A ,
SM59507 ,A ,
SM59508 ,S ,
SM59509 ,S ,
SM59510 ,A ,
SM59511 ,A ,
SM59512 ,S ,
SM59513 ,A ,
SM59514 ,A ,
SM59516 ,S ,
SM59517 ,S ,
SM59518 ,S ,
SM59520 ,S ,
SM59522 ,A ,
SM59523 ,A ,
SM59524 ,A ,
SM59525 ,S ,
SM59526 ,S ,
SM59527 ,S ,
SM59528 ,A ,
SM59530 ,S ,
SM59531 ,S ,
SM59532 ,S ,
SM59533 ,A ,
SM59534 ,S ,
SM59535 ,A ,
SM59536 ,S ,
SM59537 ,A ,
SM59538 ,S ,
SM59539 ,S ,
SM59540 ,A ,
SM59541 ,S ,
SM59542 ,A ,
SM59543 ,A ,
SM59544 ,S ,
SM59545 ,S ,
SM59546 ,S ,
SM59547 ,S ,
SM59550 ,A ,
SM59551 ,S ,
SM59552 ,S ,
SM59553 ,S ,
SM59554 ,S ,
SM59555 ,A ,
SM59556 ,A ,
SM59558 ,S ,
SM59559 ,A ,
SM59560 ,S ,
SM59561 ,S ,
SM59562 ,A ,
SM59563 ,A ,
SM59564 ,S ,
SM59565 ,S ,
SM59566 ,S ,
SM59567 ,S ,
SM59568 ,A ,
SM59569 ,S ,
SM59570 ,S ,
SM59571 ,S ,
SM59573 ,A ,
SM59574 ,S ,
SM59575 ,S ,
SM59577 ,A ,
SM59578 ,A ,
SM59579 ,S ,
SM59580 ,A ,
SM59581 ,A ,
SM59582 ,A ,
SM59583 ,S ,
SM59584 ,A ,
SM59585 ,A ,
SM59586 ,S ,
SM59587 ,S ,
SM59588 ,A ,
SM59589 ,A ,
SM59590 ,S ,
SM59591 ,S ,
SM59592 ,S ,
SM59593 ,S ,
SM59594 ,A ,
SM59595 ,S ,
SM59596 ,A ,
SM59597 ,S ,
SM59598 ,A ,
SM59599 ,S ,
SM59601 ,A ,
SM59602 ,S ,
SM59603 ,A ,
SM59604 ,S ,
SM59605 ,A ,
SM59606 ,S ,
SM59607 ,S ,
SM59608 ,S ,
SM59609 ,A ,
SM59610 ,A ,
SM59611 ,S ,
SM59612 ,S ,
SM59613 ,S ,
SM59614 ,A ,
SM59615 ,S ,
SM59616 ,S ,
SM59618 ,A ,
SM59619 ,S ,
SM59620 ,S ,
SM59621 ,S ,
SM59622 ,A ,
SM59623 ,A ,
SM59626 ,S ,
SM59627 ,S ,
SM59628 ,A ,
SM59629 ,S ,
SM59630 ,A ,
SM59631 ,S ,
SM59632 ,A ,
SM59633 ,S ,
SM59634 ,S ,
SM59636 ,A ,
SM59637 ,S ,
SM59638 ,S ,
SM59639 ,A ,
SM59640 ,S ,
SM59643 ,A ,
SM59644 ,A ,
SM59645 ,A ,
SM59646 ,S ,
SM59647 ,S ,
SM59648 ,A ,
SM59649 ,S ,
SM59650 ,S ,
SM59651 ,A ,
SM59652 ,S ,
SM59653 ,A ,
SM59654 ,A ,
SM59655 ,S ,
SM59656 ,S ,
SM59657 ,A ,
SM59658 ,S ,
SM59659 ,A ,
SM59660 ,S ,
SM59662 ,S ,
SM59663 ,S ,
SM59665 ,A ,
SM59666 ,S ,
SM59667 ,S ,
SM59668 ,S ,
SM59669 ,A ,
SM59671 ,A ,
SM59672 ,A ,
SM59673 ,A ,
SM59674 ,S ,
SM59677 ,S ,
SM59678 ,A ,
SM59679 ,S ,
SM59680 ,A ,
SM59682 ,A ,
SM59683 ,A ,
SM59684 ,S ,
SM59685 ,S ,
SM59686 ,S ,
SM59687 ,S ,
SM59688 ,A ,
SM59689 ,S ,
SM59691 ,S ,
SM59692 ,S ,
SM59693 ,S ,
SM59694 ,S ,
SM59695 ,S ,
SM59696 ,A ,
SM59697 ,S ,
SM59698 ,A ,
SM59699 ,A ,
SM59700 ,A ,
SM59701 ,S ,
SM59702 ,A ,
SM59703 ,S ,
SM59704 ,A ,
SM59705 ,S ,
SM59707 ,A ,
SM59708 ,S ,
SM59709 ,A ,
SM59710 ,A ,
SM59711 ,S ,
SM59712 ,S ,
SM59714 ,A ,
SM59716 ,S ,
SM59717 ,A ,
SM59718 ,S ,
SM59719 ,S ,
SM59720 ,A ,
SM59721 ,A ,
SM59722 ,A ,
SM59723 ,S ,
SM59724 ,S ,
SM59725 ,S ,
SM59726 ,A ,
SM59727 ,A ,
SM59728 ,S ,
SM59729 ,S ,
SM59730 ,S ,
SM59732 ,A ,
SM59734 ,A ,
SM59736 ,S ,
SM59738 ,A ,
SM59739 ,A ,
SM59740 ,S ,
SM59741 ,S ,
SM59742 ,S ,
SM59744 ,S ,
SM59745 ,S ,
SM59746 ,S ,
SM59747 ,S ,
SM59748 ,S ,
SM59749 ,S ,
SM59750 ,S ,
SM59751 ,A ,
SM59752 ,S ,
SM59753 ,S ,
SM59754 ,A ,
SM59756 ,A ,
SM59757 ,A ,
SM59758 ,A ,
SM59759 ,A ,
SM59760 ,A ,
SM59761 ,A ,
SM59762 ,A ,
SM59763 ,A ,
SM59764 ,A ,
SM59765 ,A ,
SM59766 ,S ,
SM59767 ,S ,
SM59768 ,A ,
SM59770 ,A ,
SM59771 ,S ,
SM59772 ,S ,
SM59773 ,A ,
SM59774 ,A ,
SM59775 ,A ,
SM59776 ,A ,
SM59777 ,A ,
SM59778 ,S ,
SM59779 ,S ,
SM59780 ,S ,
SM59781 ,S ,
SM59782 ,A ,
SM59783 ,S ,
SM59784 ,S ,
SM59785 ,S ,
SM59786 ,A ,
SM59787 ,S ,
SM59788 ,S ,
SM59789 ,S ,
SM59790 ,A ,
SM59791 ,A ,
SM59792 ,S ,
SM59793 ,A ,
SM59794 ,A ,
SM59795 ,S ,
SM59796 ,S ,
SM59798 ,S ,
SM59799 ,S ,
SM59800 ,S ,
SM59801 ,A ,
SM59802 ,S ,
SM59803 ,A ,
SM59804 ,A ,
SM59805 ,S ,
SM59807 ,S ,
SM59808 ,A ,
SM59809 ,S ,
SM59810 ,S ,
SM59811 ,S ,
SM59812 ,A ,
SM59813 ,S ,
SM59814 ,A ,
SM59815 ,A ,
SM59817 ,A ,
SM59818 ,A ,
SM59819 ,A ,
SM59821 ,S ,
SM59822 ,S ,
SM59823 ,A ,
SM59824 ,S ,
SM59825 ,S ,
SM59826 ,A ,
SM59827 ,S ,
SM59828 ,A ,
SM59829 ,A ,
SM59830 ,A ,
SM59831 ,S ,
SM59832 ,S ,
SM59833 ,S ,
SM59834 ,A ,
SM59835 ,S ,
SM59836 ,A ,
SM59837 ,S ,
SM59838 ,A ,
SM59839 ,S ,
SM59840 ,S ,
SM59841 ,S ,
SM59842 ,A ,
SM59843 ,S ,
SM59844 ,S ,
SM59846 ,S ,
SM59847 ,A ,
SM59849 ,S ,
SM59850 ,S ,
SM59851 ,A ,
SM59853 ,A ,
SM59855 ,S ,
SM59857 ,S ,
SM59859 ,A ,
SM59860 ,S ,
SM59861 ,A ,
SM59862 ,A ,
SM59864 ,S ,
SM59865 ,A ,
SM59866 ,S ,
SM59867 ,S ,
SM59868 ,A ,
SM59869 ,A ,
SM59870 ,A ,
SM59871 ,A ,
SM59873 ,A ,
SM59874 ,A ,
SM59875 ,S ,
SM59876 ,A ,
SM59877 ,S ,
SM59878 ,S ,
SM59879 ,A ,
SM59880 ,S ,
SM59881 ,S ,
SM59882 ,S ,
SM59883 ,S ,
SM59884 ,S ,
SM59885 ,A ,
SM59886 ,S ,
SM59887 ,A ,
SM59888 ,S ,
SM59889 ,A ,
SM59890 ,S ,
SM59892 ,A ,
SM59893 ,S ,
SM59895 ,S ,
SM59896 ,A ,
SM59897 ,S ,
SM59898 ,S ,
SM59899 ,A ,
SM59901 ,S ,
SM59902 ,S ,
SM59903 ,A ,
SM59904 ,S ,
SM59905 ,S ,
SM59906 ,S ,
SM59907 ,S ,
SM59908 ,A ,
SM59909 ,S ,
SM59910 ,A ,
SM59911 ,S ,
SM59912 ,S ,
SM59913 ,A ,
SM59914 ,A ,
SM59915 ,A ,
SM59916 ,S ,
SM59917 ,A ,
SM59918 ,A ,
SM59919 ,S ,
SM59920 ,A ,
SM59921 ,S ,
SM59922 ,A ,
SM59923 ,A ,
SM59924 ,S ,
SM59925 ,A ,
SM59926 ,S ,
SM59927 ,S ,
SM59928 ,S ,
SM59929 ,A ,
SM59930 ,S ,
SM59931 ,A ,
SM59932 ,A ,
SM59933 ,A ,
SM59934 ,S ,
SM59935 ,S ,
SM59936 ,A ,
SM59937 ,A ,
SM59938 ,A ,
SM59939 ,S ,
SM59940 ,S ,
SM59941 ,A ,
SM59942 ,A ,
SM59943 ,A ,
SM59944 ,A ,
SM59945 ,A ,
SM59946 ,A ,
SM59947 ,S ,
SM59948 ,S ,
SM59949 ,S ,
SM59950 ,S ,
SM59951 ,S ,
SM59952 ,A ,
SM59953 ,A ,
SM59954 ,S ,
SM59956 ,S ,
SM59957 ,A ,
SM59958 ,A ,
SM59959 ,A ,
SM59960 ,S ,
SM59961 ,S ,
SM59962 ,A ,
SM59963 ,A ,
SM59964 ,A ,
SM59965 ,S ,
SM59966 ,S ,
SM59967 ,S ,
SM59968 ,S ,
SM59969 ,S ,
SM59970 ,S ,
SM59971 ,A ,
SM59972 ,A ,
SM59973 ,A ,
SM59974 ,A ,
SM59975 ,A ,
SM59976 ,A ,
SM59977 ,S ,
SM59978 ,S ,
SM59979 ,S ,
SM59980 ,S ,
SM59981 ,S ,
SM59983 ,S ,
SM59984 ,A ,
SM59985 ,S ,
SM59986 ,S ,
SM59987 ,A ,
SM59988 ,A ,
SM59989 ,S ,
SM59990 ,A ,
SM59991 ,A ,
SM59992 ,A ,
SM59993 ,S ,
SM59994 ,S ,
SM59995 ,A ,
SM59996 ,S ,
SM59997 ,S ,
SM59998 ,A ,
SM59999 ,S ,
SM60000 ,S ,
SM60001 ,A ,
SM60002 ,A ,
SM60003 ,S ,
SM60004 ,S ,
SM60005 ,A ,
SM60006 ,A ,
SM60007 ,S ,
SM60008 ,S ,
SM60009 ,A ,
SM60010 ,A ,
SM60011 ,S ,
SM60012 ,A ,
SM60014 ,A ,
SM60015 ,A ,
SM60016 ,S ,
SM60017 ,A ,
SM60019 ,A ,
SM60020 ,A ,
SM60021 ,S ,
SM60023 ,S ,
SM60024 ,S ,
SM60025 ,A ,
SM60026 ,S ,
SM60027 ,A ,
SM60028 ,A ,
SM60029 ,A ,
SM60030 ,A ,
SM60031 ,S ,
SM60032 ,S ,
SM60033 ,A ,
SM60034 ,S ,
SM60035 ,A ,
SM60037 ,S ,
SM60038 ,S ,
SM60039 ,S ,
SM60040 ,S ,
SM60041 ,A ,
SM60042 ,S ,
SM60043 ,S ,
SM60044 ,S ,
SM60045 ,S ,
SM60046 ,A ,
SM60047 ,S ,
SM60048 ,S ,
SM60049 ,A ,
SM60050 ,A ,
SM60051 ,S ,
SM60052 ,A ,
SM60053 ,S ,
SM60054 ,A ,
SM60055 ,S ,
SM60056 ,S ,
SM60057 ,A ,
SM60058 ,A ,
SM60059 ,S ,
SM60060 ,S ,
SM60061 ,S ,
SM60062 ,A ,
SM60063 ,S ,
SM60064 ,S ,
SM60065 ,S ,
SM60066 ,S ,
SM60067 ,S ,
SM60068 ,A ,
SM60069 ,S ,
SM60070 ,S ,
SM60071 ,A ,
SM60072 ,A ,
SM60073 ,A ,
SM60074 ,A ,
SM60075 ,S ,
SM60076 ,A ,
SM60078 ,A ,
SM60079 ,S ,
SM60080 ,S ,
SM60081 ,A ,
SM60082 ,S ,
SM60083 ,A ,
SM60084 ,A ,
SM60085 ,S ,
SM60086 ,A ,
SM60087 ,A ,
SM60088 ,S ,
SM60089 ,A ,
SM60090 ,A ,
SM60091 ,A ,
SM60093 ,S ,
SM60094 ,A ,
SM60095 ,S ,
SM60096 ,A ,
SM60097 ,A ,
SM60098 ,S ,
SM60099 ,A ,
SM60100 ,A ,
SM60101 ,S ,
SM60102 ,S ,
SM60103 ,A ,
SM60104 ,A ,
SM60105 ,S ,
SM60106 ,A ,
SM60107 ,S ,
SM60108 ,S ,
SM60109 ,S ,
SM60111 ,S ,
SM60112 ,S ,
SM60113 ,S ,
SM60114 ,S ,
SM60115 ,A ,
SM60116 ,S ,
SM60117 ,A ,
SM60118 ,A ,
SM60119 ,S ,
SM60120 ,S ,
SM60121 ,A ,
SM60122 ,S ,
SM60123 ,A ,
SM60124 ,S ,
SM60125 ,S ,
SM60126 ,S ,
SM60127 ,A ,
SM60128 ,A ,
SM60129 ,S ,
SM60130 ,A ,
SM60131 ,S ,
SM60132 ,S ,
SM60133 ,A ,
SM60134 ,S ,
SM60135 ,S ,
SM60136 ,A ,
SM60137 ,S ,
SM60138 ,A ,
SM60139 ,S ,
SM60140 ,A ,
SM60141 ,A ,
SM60142 ,S ,
SM60143 ,A ,
SM60144 ,S ,
SM60145 ,S ,
SM60146 ,A ,
SM60147 ,A ,
SM60148 ,S ,
SM60149 ,S ,
SM60150 ,S ,
SM60151 ,S ,
SM60152 ,S ,
SM60153 ,S ,
SM60154 ,A ,
SM60155 ,S ,
SM60156 ,S ,
SM60157 ,A ,
SM60158 ,S ,
SM60159 ,A ,
SM60160 ,A ,
SM60161 ,S ,
SM60162 ,S ,
SM60163 ,A ,
SM60164 ,A ,
SM60165 ,S ,
SM60166 ,A ,
SM60167 ,A ,
SM60168 ,A ,
SM60169 ,A ,
SM60170 ,A ,
SM60171 ,S ,
SM60172 ,S ,
SM60173 ,S ,
SM60174 ,A ,
SM60175 ,S ,
SM60176 ,S ,
SM60177 ,A ,
SM60178 ,A ,
SM60179 ,A ,
SM60180 ,A ,
SM60181 ,S ,
SM60182 ,A ,
SM60183 ,S ,
SM60184 ,A ,
SM60185 ,S ,
SM60186 ,A ,
SM60187 ,A ,
SM60188 ,S ,
SM60189 ,A ,
SM60190 ,A ,
SM60192 ,S ,
SM60193 ,S ,
SM60194 ,A ,
SM60195 ,A ,
SM60196 ,S ,
SM60197 ,A ,
SM60198 ,S ,
SM60199 ,S ,
SM60200 ,A ,
SM60201 ,S ,
SM60202 ,S ,
SM60203 ,S ,
SM60204 ,S ,
SM60205 ,S ,
SM60206 ,A ,
SM60207 ,S ,
SM60208 ,S ,
SM60209 ,S ,
SM60210 ,S ,
SM60211 ,S ,
SM60212 ,S ,
SM60213 ,S ,
SM60214 ,A ,
SM60215 ,S ,
SM60216 ,A ,
SM60217 ,A ,
SM60218 ,S ,
SM60219 ,S ,
SM60220 ,A ,
SM60221 ,A ,
SM60222 ,A ,
SM60223 ,S ,
SM60224 ,A ,
SM60225 ,S ,
SM60226 ,S ,
SM60227 ,A ,
SM60228 ,S ,
SM60229 ,A ,
SM60230 ,S ,
SM60231 ,A ,
SM60232 ,S ,
SM60234 ,S ,
SM60235 ,S ,
SM60236 ,S ,
SM60237 ,A ,
SM60238 ,A ,
SM60240 ,S ,
SM60241 ,S ,
SM60242 ,S ,
SM60243 ,S ,
SM60244 ,A ,
SM60245 ,S ,
SM60246 ,A ,
SM60247 ,S ,
SM60248 ,S ,
SM60249 ,S ,
SM60250 ,A ,
SM60251 ,A ,
SM60252 ,A ,
SM60253 ,A ,
SM60254 ,A ,
SM60255 ,A ,
SM60256 ,A ,
SM60257 ,S ,
SM60258 ,S ,
SM60259 ,S ,
SM60260 ,A ,
SM60261 ,A ,
SM60262 ,A ,
SM60263 ,S ,
SM60264 ,S ,
SM60265 ,S ,
SM60266 ,S ,
SM60267 ,S ,
SM60268 ,S ,
SM60269 ,S ,
SM60271 ,A ,
SM60272 ,A ,
SM60273 ,A ,
SM60274 ,S ,
SM60275 ,S ,
SM60276 ,A ,
SM60277 ,S ,
SM60278 ,A ,
SM60280 ,A ,
SM60281 ,A ,
SM60282 ,A ,
SM60283 ,S ,
SM60284 ,S ,
SM60285 ,S ,
SM60286 ,A ,
SM60287 ,S ,
SM60288 ,A ,
SM60289 ,A ,
SM60290 ,S ,
SM60291 ,S ,
SM60292 ,A ,
SM60293 ,S ,
SM60294 ,A ,
SM60295 ,A ,
SM60296 ,A ,
SM60297 ,A ,
SM60298 ,A ,
SM60299 ,S ,
SM60300 ,S ,
SM60301 ,S ,
SM60302 ,S ,
SM60303 ,S ,
SM60304 ,A ,
SM60305 ,A ,
SM60306 ,A ,
SM60307 ,A ,
SM60308 ,A ,
SM60309 ,A ,
SM60310 ,A ,
SM60311 ,A ,
SM60313 ,S ,
SM60314 ,A ,
SM60315 ,A ,
SM60316 ,S ,
SM60317 ,A ,
SM60318 ,S ,
SM60319 ,S ,
SM60321 ,S ,
SM60322 ,A ,
SM60323 ,A ,
SM60325 ,A ,
SM60326 ,S ,
SM60327 ,A ,
SM60328 ,A ,
SM60329 ,A ,
SM60330 ,A ,
SM60332 ,A ,
SM60333 ,A ,
SM60334 ,S ,
SM60335 ,S ,
SM60337 ,S ,
SM60338 ,A ,
SM60339 ,S ,
SM60340 ,A ,
SM60341 ,S ,
SM60342 ,A ,
SM60343 ,A ,
SM60344 ,A ,
SM60345 ,A ,
SM60346 ,S ,
SM60347 ,A ,
SM60348 ,A ,
SM60349 ,A ,
SM60350 ,S ,
SM60351 ,S ,
SM60352 ,A ,
SM60353 ,A ,
SM60354 ,A ,
SM60355 ,S ,
SM60356 ,A ,
SM60357 ,S ,
SM60358 ,A ,
SM60359 ,A ,
SM60360 ,S ,
SM60361 ,A ,
SM60362 ,A ,
SM60363 ,S ,
SM60364 ,S ,
SM60366 ,S ,
SM60367 ,A ,
SM60368 ,S ,
SM60370 ,S ,
SM60371 ,S ,
SM60372 ,A ,
SM60373 ,A ,
SM60374 ,A ,
SM60375 ,S ,
SM60376 ,S ,
SM60377 ,A ,
SM60378 ,A ,
SM60379 ,S ,
SM60380 ,A ,
SM60381 ,S ,
SM60382 ,A ,
SM60383 ,A ,
SM60384 ,A ,
SM60385 ,S ,
SM60386 ,S ,
SM60387 ,A ,
SM60389 ,S ,
SM60390 ,A ,
SM60391 ,A ,
SM60392 ,A ,
SM60394 ,S ,
SM60396 ,A ,
SM60397 ,A ,
SM60398 ,S ,
SM60400 ,S ,
SM60401 ,A ,
SM60402 ,A ,
SM60403 ,S ,
SM60404 ,A ,
SM60405 ,A ,
SM60406 ,A ,
SM60407 ,S ,
SM60408 ,A ,
SM60410 ,A ,
SM60411 ,S ,
SM60412 ,S ,
SM60413 ,A ,
SM60414 ,S ,
SM60415 ,A ,
SM60416 ,A ,
SM60417 ,S ,
SM60418 ,A ,
SM60419 ,A ,
SM60420 ,A ,
SM60421 ,S ,
SM60422 ,A ,
SM60423 ,A ,
SM60424 ,A ,
SM60425 ,S ,
SM60426 ,A ,
SM60427 ,A ,
SM60428 ,A ,
SM60429 ,A ,
SM60430 ,S ,
SM60431 ,A ,
SM60433 ,A ,
SM60434 ,A ,
SM60435 ,A ,
SM60436 ,A ,
SM60437 ,A ,
SM60438 ,S ,
SM60439 ,S ,
SM60440 ,S ,
SM60442 ,A ,
SM60444 ,A ,
SM60445 ,A ,
SM60446 ,A ,
SM60448 ,A ,
SM60449 ,A ,
SM60450 ,S ,
SM60451 ,A ,
SM60452 ,S ,
SM60453 ,A ,
SM60454 ,A ,
SM60455 ,A ,
SM60456 ,A ,
SM60457 ,A ,
SM60458 ,A ,
SM60459 ,S ,
SM60460 ,A ,
SM60461 ,S ,
SM60462 ,S ,
SM60463 ,A ,
SM60464 ,A ,
SM60465 ,A ,
SM60466 ,A ,
SM60467 ,S ,
SM60468 ,S ,
SM60469 ,A ,
SM60470 ,S ,
SM60471 ,A ,
SM60472 ,A ,
SM60473 ,S ,
SM60474 ,S ,
SM60475 ,A ,
SM60476 ,S ,
SM60477 ,A ,
SM60478 ,S ,
SM60479 ,S ,
SM60480 ,S ,
SM60481 ,A ,
SM60482 ,S ,
SM60483 ,A ,
SM60484 ,S ,
SM60485 ,A ,
SM60486 ,A ,
SM60488 ,S ,
SM60489 ,A ,
SM60490 ,A ,
SM60491 ,A ,
SM60492 ,S ,
SM60493 ,S ,
SM60494 ,A ,
SM60495 ,S ,
SM60496 ,S ,
SM60497 ,A ,
SM60498 ,S ,
SM60499 ,A ,
SM60500 ,A ,
SM60501 ,A ,
SM60502 ,A ,
SM60503 ,A ,
SM60504 ,A ,
SM60505 ,A ,
SM60506 ,A ,
SM60507 ,S ,
SM60508 ,A ,
SM60509 ,A ,
SM60510 ,S ,
SM60511 ,A ,
SM60512 ,A ,
SM60513 ,S ,
SM60514 ,S ,
SM60515 ,A ,
SM60516 ,A ,
SM60517 ,A ,
SM60518 ,A ,
SM60519 ,A ,
SM60520 ,A ,
SM60521 ,S ,
SM60522 ,A ,
SM60523 ,A ,
SM60524 ,A ,
SM60525 ,S ,
SM60526 ,A ,
SM60527 ,S ,
SM60528 ,S ,
SM60529 ,S ,
SM60530 ,A ,
SM60531 ,A ,
SM60532 ,S ,
SM60533 ,S ,
SM60534 ,A ,
SM60535 ,A ,
SM60536 ,S ,
SM60537 ,A ,
SM60538 ,S ,
SM60539 ,A ,
SM60540 ,S ,
SM60541 ,S ,
SM60542 ,A ,
SM60543 ,S ,
SM60544 ,A ,
SM60545 ,A ,
SM60546 ,A ,
SM60547 ,S ,
SM60548 ,S ,
SM60549 ,A ,
SM60550 ,A ,
SM60551 ,S ,
SM60552 ,A ,
SM60553 ,A ,
SM60555 ,A ,
SM60556 ,S ,
SM60557 ,A ,
SM60558 ,S ,
SM60559 ,A ,
SM60560 ,A ,
SM60561 ,A ,
SM60562 ,S ,
SM60563 ,A ,
SM60564 ,S ,
SM60565 ,A ,
SM60566 ,A ,
SM60567 ,A ,
SM60568 ,A ,
SM60569 ,A ,
SM60570 ,S ,
SM60571 ,A ,
SM60572 ,A ,
SM60573 ,A ,
SM60574 ,S ,
SM60575 ,A ,
SM60576 ,S ,
SM60577 ,A ,
SM60578 ,A ,
SM60579 ,S ,
SM60580 ,S ,
SM60581 ,A ,
SM60582 ,S ,
SM60583 ,A ,
SM60584 ,S ,
SM60585 ,A ,
SM60586 ,A ,
SM60587 ,S ,
SM60588 ,S ,
SM60589 ,A ,
SM60590 ,A ,
SM60591 ,A ,
SM60592 ,A ,
SM60593 ,A ,
SM60594 ,A ,
SM60595 ,A ,
SM60596 ,A ,
SM60597 ,A ,
SM60598 ,A ,
SM60599 ,A ,
SM60600 ,S ,
SM60601 ,S ,
SM60602 ,A ,
SM60603 ,A ,
SM60604 ,S ,
SM60605 ,A ,
SM60606 ,A ,
SM60607 ,S ,
SM60608 ,A ,
SM60609 ,A ,
SM60610 ,A ,
SM60611 ,A ,
SM60612 ,S ,
SM60613 ,A ,
SM60614 ,S ,
SM60615 ,A ,
SM60616 ,A ,
SM60617 ,S ,
SM60618 ,A ,
SM60619 ,A ,
SM60620 ,A ,
SM60621 ,A ,
SM60622 ,A ,
SM60623 ,A ,
SM60624 ,A ,
SM60625 ,A ,
SM60626 ,A ,
SM60627 ,S ,
SM60629 ,A ,
SM60630 ,A ,
SM60631 ,A ,
SM60632 ,S ,
SM60633 ,A ,
SM60634 ,A ,
SM60635 ,S ,
SM60636 ,A ,
SM60637 ,A ,
SM60638 ,A ,
SM60639 ,A ,
SM60640 ,A ,
SM60641 ,A ,
SM60643 ,A ,
SM60644 ,A ,
SM60645 ,S ,
SM60646 ,A ,
SM60647 ,A ,
SM60648 ,A ,
SM60649 ,S ,
SM60650 ,A ,
SM60651 ,A ,
SM60652 ,S ,
SM60653 ,A ,
SM60654 ,S ,
SM60655 ,A ,
SM60656 ,S ,
SM60657 ,A ,
SM60658 ,A ,
SM60659 ,S ,
SM60661 ,A ,
SM60662 ,A ,
SM60664 ,S ,
SM60665 ,A ,
SM60666 ,A ,
SM60667 ,A ,
SM60668 ,A ,
SM60669 ,A ,
SM60670 ,S ,
SM60671 ,A ,
SM60672 ,A ,
SM60673 ,A ,
SM60674 ,A ,
SM60675 ,A ,
SM60676 ,S ,
SM60677 ,A ,
SM60678 ,A ,
SM60679 ,A ,
SM60680 ,A ,
SM60681 ,S ,
SM60682 ,S ,
SM60683 ,A ,
SM60684 ,A ,
SM60685 ,A ,
SM60686 ,A ,
SM60687 ,A ,
SM60688 ,S ,
SM60689 ,S ,
SM60690 ,A ,
SM60691 ,S ,
SM60692 ,A ,
SM60693 ,A ,
SM60694 ,A ,
SM60695 ,A ,
SM60696 ,A ,
SM60697 ,A ,
SM60698 ,A ,
SM60699 ,A ,
SM60700 ,A ,
SM60701 ,S ,
SM60702 ,A ,
SM60703 ,A ,
SM60704 ,A ,
SM60705 ,A ,
SM60706 ,S ,
SM60707 ,A ,
SM60709 ,S ,
SM60710 ,A ,
SM60711 ,A ,
SM60712 ,A ,
SM60713 ,A ,
SM60714 ,A ,
SM60715 ,A ,
SM60716 ,A ,
SM60717 ,A ,
SM60718 ,A ,
SM60719 ,A ,
SM60720 ,A ,
SM60721 ,A ,
SM60722 ,A ,
SM60723 ,S ,
SM60724 ,A ,
SM60725 ,A ,
SM60726 ,A ,
SM60728 ,A ,
SM60729 ,A ,
SM60730 ,A ,
SM60731 ,A ,
SM60732 ,A ,
SM60733 ,S ,
SM60734 ,A ,
SM60735 ,S ,
SM60736 ,S ,
SM60737 ,S ,
SM60738 ,A ,
SM60739 ,S ,
SM60741 ,S ,
SM60742 ,A ,
SM60743 ,A ,
SM60744 ,A ,
SM60745 ,S ,
SM60746 ,S ,
SM60747 ,A ,
SM60748 ,A ,
SM60749 ,A ,
SM60751 ,A ,
SM60752 ,S ,
SM60753 ,A ,
SM60754 ,S ,
SM60755 ,A ,
SM60756 ,S ,
SM60758 ,A ,
SM60760 ,A ,
SM60761 ,A ,
SM60762 ,A ,
SM60763 ,A ,
SM60764 ,S ,
SM60765 ,A ,
SM60766 ,A ,
SM60767 ,S ,
SM60768 ,A ,
SM60769 ,A ,
SM60770 ,S ,
SM60771 ,A ,
SM60772 ,A ,
SM60773 ,A ,
SM60774 ,A ,
SM60775 ,A ,
SM60776 ,A ,
SM60777 ,S ,
SM60778 ,A ,
SM60779 ,A ,
SM60780 ,A ,
SM60781 ,S ,
SM60782 ,A ,
SM60783 ,A ,
SM60784 ,A ,
SM60786 ,A ,
SM60787 ,A ,
SM60788 ,A ,
SM60789 ,A ,
SM60790 ,A ,
SM60791 ,S ,
SM60792 ,A ,
SM60793 ,S ,
SM60794 ,A ,
SM60795 ,A ,
SM60796 ,A ,
SM60797 ,A ,
SM60798 ,A ,
SM60799 ,A ,
SM60800 ,S ,
SM60801 ,A ,
SM60802 ,S ,
SM60803 ,A ,
SM60804 ,S ,
SM60805 ,S ,
SM60806 ,S ,
SM60807 ,A ,
SM60808 ,S ,
SM60809 ,S ,
SM60810 ,S ,
SM60811 ,A ,
SM60812 ,A ,
SM60813 ,A ,
SM60814 ,A ,
SM60815 ,A ,
SM60816 ,S ,
SM60818 ,A ,
SM60819 ,S ,
SM60820 ,A ,
SM60821 ,A ,
SM60822 ,S ,
SM60823 ,S ,
SM60824 ,A ,
SM60825 ,A ,
SM60826 ,A ,
SM60827 ,S ,
SM60828 ,S ,
SM60829 ,A ,
SM60830 ,S ,
SM60831 ,A ,
SM60832 ,A ,
SM60833 ,A ,
SM60834 ,A ,
SM60835 ,S ,
SM60836 ,A ,
SM60837 ,S ,
SM60838 ,A ,
SM60839 ,S ,
SM60840 ,A ,
SM60841 ,A ,
SM60842 ,A ,
SM60843 ,S ,
SM60844 ,A ,
SM60845 ,A ,
SM60846 ,S ,
SM60847 ,S ,
SM60848 ,A ,
SM60849 ,A ,
SM60850 ,A ,
SM60851 ,A ,
SM60852 ,A ,
SM60853 ,S ,
SM60854 ,A ,
SM60855 ,A ,
SM60856 ,A ,
SM60857 ,A ,
SM60858 ,S ,
SM60859 ,A ,
SM60860 ,S ,
SM60861 ,A ,
SM60862 ,A ,
SM60863 ,A ,
SM60864 ,A ,
SM60865 ,S ,
SM60866 ,S ,
SM60867 ,A ,
SM60869 ,S ,
SM60870 ,S ,
SM60871 ,S ,
SM60872 ,A ,
SM60873 ,S ,
SM60874 ,S ,
SM60875 ,A ,
SM60876 ,A ,
SM60877 ,A ,
SM60878 ,A ,
SM60879 ,S ,
SM60880 ,A ,
SM60881 ,S ,
SM60882 ,S ,
SM60883 ,A ,
SM60884 ,A ,
SM60885 ,A ,
SM60886 ,S ,
SM60887 ,A ,
SM60888 ,S ,
SM60889 ,S ,
SM60890 ,A ,
SM60891 ,A ,
SM60892 ,A ,
SM60893 ,S ,
SM60894 ,A ,
SM60895 ,S ,
SM60896 ,A ,
SM60897 ,S ,
SM60898 ,S ,
SM60899 ,A ,
SM60900 ,S ,
SM60901 ,S ,
SM60902 ,S ,
SM60903 ,A ,
SM60904 ,A ,
SM60905 ,A ,
SM60906 ,A ,
SM60907 ,S ,
SM60908 ,A ,
SM60909 ,A ,
SM60910 ,S ,
SM60911 ,A ,
SM60912 ,A ,
SM60913 ,A ,
SM60914 ,A ,
SM60915 ,S ,
SM60916 ,A ,
SM60917 ,S ,
SM60918 ,S ,
SM60919 ,S ,
SM60920 ,A ,
SM60921 ,A ,
SM60922 ,S ,
SM60923 ,S ,
SM60924 ,A ,
SM60925 ,A ,
SM60926 ,S ,
SM60927 ,S ,
SM60928 ,S ,
SM60929 ,A ,
SM60930 ,S ,
SM60931 ,A ,
SM60932 ,S ,
SM60933 ,A ,
SM60934 ,S ,
SM60935 ,A ,
SM60936 ,S ,
SM60937 ,A ,
SM60938 ,A ,
SM60939 ,A ,
SM60940 ,S ,
SM60941 ,A ,
SM60942 ,S ,
SM60943 ,S ,
SM60944 ,S ,
SM60945 ,A ,
SM60946 ,S ,
SM60947 ,A ,
SM60948 ,A ,
SM60949 ,S ,
SM60950 ,S ,
SM60951 ,A ,
SM60952 ,A ,
SM60953 ,S ,
SM60954 ,S ,
SM60955 ,A ,
SM60956 ,A ,
SM60957 ,A ,
SM60958 ,S ,
SM60959 ,S ,
SM60960 ,A ,
SM60961 ,A ,
SM60962 ,A ,
SM60963 ,A ,
SM60964 ,A ,
SM60965 ,S ,
SM60966 ,S ,
SM60967 ,A ,
SM60968 ,S ,
SM60969 ,A ,
SM60970 ,A ,
SM60971 ,A ,
SM60972 ,A ,
SM60973 ,A ,
SM60974 ,A ,
SM60975 ,A ,
SM60976 ,A ,
SM60977 ,S ,
SM60978 ,S ,
SM60979 ,A ,
SM60980 ,A ,
SM60981 ,A ,
SM60982 ,A ,
SM60983 ,S ,
SM60984 ,A ,
SM60985 ,S ,
SM60986 ,S ,
SM60987 ,A ,
SM60988 ,A ,
SM60989 ,S ,
SM60990 ,S ,
SM60991 ,A ,
SM60992 ,A ,
SM60993 ,A ,
SM60994 ,A ,
SM60995 ,A ,
SM60996 ,S ,
SM60997 ,A ,
SM60998 ,A ,
SM60999 ,A ,
SM61000 ,S ,
SM61001 ,S ,
SM61002 ,S ,
SM61003 ,S ,
SM61004 ,S ,
SM61005 ,A ,
SM61006 ,S ,
SM61008 ,A ,
SM61009 ,S ,
SM61010 ,A ,
SM61011 ,A ,
SM61012 ,A ,
SM61013 ,A ,
SM61014 ,A ,
SM61015 ,A ,
SM61016 ,A ,
SM61017 ,S ,
SM61018 ,A ,
SM61019 ,A ,
SM61020 ,S ,
SM61021 ,A ,
SM61022 ,A ,
SM61023 ,A ,
SM61024 ,A ,
SM61025 ,S ,
SM61026 ,A ,
SM61028 ,S ,
SM61029 ,A ,
SM61030 ,A ,
SM61031 ,A ,
SM61032 ,A ,
SM61033 ,A ,
SM61034 ,S ,
SM61035 ,S ,
SM61036 ,S ,
SM61038 ,A ,
SM61039 ,A ,
SM61041 ,S ,
SM61042 ,S ,
SM61043 ,A ,
SM61044 ,A ,
SM61045 ,S ,
SM61046 ,S ,
SM61047 ,A ,
SM61048 ,A ,
SM61049 ,S ,
SM61050 ,S ,
SM61051 ,A ,
SM61053 ,S ,
SM61054 ,A ,
SM61055 ,S ,
SM61056 ,A ,
SM61057 ,S ,
SM61058 ,A ,
SM61059 ,S ,
SM61060 ,A ,
SM61061 ,S ,
SM61062 ,S ,
SM61063 ,A ,
SM61064 ,S ,
SM61065 ,A ,
SM61066 ,A ,
SM61067 ,A ,
SM61068 ,S ,
SM61069 ,S ,
SM61070 ,S ,
SM61071 ,S ,
SM61072 ,A ,
SM61073 ,S ,
SM61074 ,A ,
SM61076 ,A ,
SM61077 ,A ,
SM61078 ,S ,
SM61079 ,A ,
SM61080 ,S ,
SM61081 ,S ,
SM61082 ,A ,
SM61084 ,S ,
SM61085 ,A ,
SM61086 ,S ,
SM61087 ,S ,
SM61088 ,S ,
SM61089 ,S ,
SM61090 ,A ,
SM61091 ,S ,
SM61092 ,A ,
SM61093 ,S ,
SM61094 ,S ,
SM61095 ,S ,
SM61096 ,A ,
SM61097 ,S ,
SM61098 ,S ,
SM61099 ,S ,
SM61100 ,S ,
SM61101 ,S ,
SM61102 ,S ,
SM61103 ,A ,
SM61104 ,A ,
SM61106 ,S ,
SM61107 ,S ,
SM61108 ,A ,
SM61109 ,S ,
SM61110 ,S ,
SM61111 ,A ,
SM61112 ,A ,
SM61113 ,A ,
SM61114 ,S ,
SM61115 ,S ,
SM61116 ,S ,
SM61117 ,S ,
SM61118 ,A ,
SM61119 ,S ,
SM61120 ,A ,
SM61121 ,A ,
SM61122 ,A ,
SM61123 ,S ,
SM61124 ,S ,
SM61125 ,S ,
SM61126 ,S ,
SM61127 ,A ,
SM61128 ,S ,
SM61129 ,A ,
SM61130 ,A ,
SM61131 ,A ,
SM61132 ,A ,
SM61133 ,S ,
SM61134 ,S ,
SM61135 ,A ,
SM61136 ,S ,
SM61137 ,A ,
SM61138 ,A ,
SM61139 ,A ,
SM61140 ,S ,
SM61141 ,A ,
SM61142 ,S ,
SM61143 ,S ,
SM61144 ,A ,
SM61145 ,A ,
SM61146 ,A ,
SM61147 ,A ,
SM61148 ,A ,
SM61149 ,S ,
SM61150 ,S ,
SM61151 ,A ,
SM61152 ,S ,
SM61153 ,S ,
SM61154 ,A ,
SM61155 ,A ,
SM61156 ,S ,
SM61157 ,A ,
SM61158 ,A ,
SM61159 ,S ,
SM61160 ,A ,
SM61161 ,S ,
SM61162 ,A ,
SM61163 ,S ,
SM61164 ,A ,
SM61165 ,A ,
SM61166 ,S ,
SM61167 ,S ,
SM61168 ,S ,
SM61169 ,A ,
SM61170 ,S ,
SM61171 ,S ,
SM61173 ,S ,
SM61174 ,A ,
SM61175 ,S ,
SM61176 ,A ,
SM61177 ,A ,
SM61178 ,S ,
SM61179 ,A ,
SM61180 ,A ,
SM61181 ,A ,
SM61182 ,A ,
SM61183 ,S ,
SM61184 ,A ,
SM61185 ,A ,
SM61186 ,S ,
SM61187 ,A ,
SM61188 ,A ,
SM61189 ,A ,
SM61190 ,A ,
SM61191 ,S ,
SM61192 ,S ,
SM61193 ,A ,
SM61194 ,S ,
SM61195 ,S ,
SM61196 ,S ,
SM61197 ,S ,
SM61198 ,S ,
SM61199 ,A ,
SM61200 ,A ,
SM61201 ,A ,
SM61202 ,A ,
SM61203 ,S ,
SM61204 ,A ,
SM61205 ,A ,
SM61206 ,A ,
SM61207 ,S ,
SM61208 ,A ,
SM61209 ,A ,
SM61210 ,A ,
SM61211 ,S ,
SM61212 ,A ,
SM61213 ,A ,
SM61214 ,S ,
SM61215 ,A ,
SM61216 ,A ,
SM61217 ,A ,
SM61218 ,S ,
SM61219 ,A ,
SM61220 ,S ,
SM61221 ,A ,
SM61222 ,S ,
SM61223 ,S ,
SM61224 ,A ,
SM61226 ,A ,
SM61227 ,A ,
SM61228 ,A ,
SM61229 ,A ,
SM61230 ,A ,
SM61231 ,A ,
SM61232 ,A ,
SM61233 ,A ,
SM61234 ,A ,
SM61235 ,A ,
SM61236 ,A ,
SM61237 ,S ,
SM61238 ,S ,
SM61239 ,S ,
SM61240 ,S ,
SM61241 ,S ,
SM61242 ,A ,
SM61243 ,S ,
SM61244 ,S ,
SM61245 ,A ,
SM61246 ,S ,
SM61247 ,A ,
SM61248 ,A ,
SM61249 ,A ,
SM61250 ,A ,
SM61251 ,S ,
SM61252 ,A ,
SM61253 ,S ,
SM61254 ,A ,
SM61255 ,A ,
SM61256 ,S ,
SM61258 ,A ,
SM61259 ,A ,
SM61260 ,A ,
SM61261 ,A ,
SM61262 ,A ,
SM61263 ,A ,
SM61264 ,A ,
SM61265 ,A ,
SM61266 ,A ,
SM61267 ,A ,
SM61268 ,S ,
SM61269 ,A ,
SM61270 ,S ,
SM61271 ,S ,
SM61272 ,S ,
SM61273 ,A ,
SM61274 ,A ,
SM61275 ,A ,
SM61276 ,S ,
SM61277 ,A ,
SM61278 ,S ,
SM61279 ,S ,
SM61280 ,A ,
SM61281 ,A ,
SM61282 ,A ,
SM61283 ,A ,
SM61285 ,A ,
SM61286 ,A ,
SM61287 ,A ,
SM61288 ,S ,
SM61289 ,S ,
SM61290 ,A ,
SM61291 ,S ,
SM61292 ,A ,
SM61293 ,A ,
SM61294 ,A ,
SM61295 ,S ,
SM61296 ,S ,
SM61297 ,A ,
SM61298 ,A ,
SM61300 ,S ,
SM61301 ,A ,
SM61302 ,S ,
SM61303 ,S ,
SM61304 ,S ,
SM61305 ,A ,
SM61306 ,A ,
SM61307 ,A ,
SM61308 ,A ,
SM61309 ,S ,
SM61310 ,A ,
SM61311 ,A ,
SM61312 ,S ,
SM61313 ,S ,
SM61314 ,A ,
SM61315 ,S ,
SM61316 ,A ,
SM61317 ,A ,
SM61318 ,A ,
SM61319 ,A ,
SM61320 ,A ,
SM61321 ,S ,
SM61322 ,A ,
SM61323 ,S ,
SM61324 ,S ,
SM61325 ,S ,
SM61326 ,S ,
SM61327 ,S ,
SM61328 ,S ,
SM61329 ,A ,
SM61330 ,A ,
SM61331 ,A ,
SM61332 ,A ,
SM61333 ,A ,
SM61334 ,A ,
SM61335 ,S ,
SM61336 ,S ,
SM61337 ,S ,
SM61338 ,A ,
SM61339 ,A ,
SM61340 ,A ,
SM61341 ,S ,
SM61342 ,A ,
SM61343 ,A ,
SM61344 ,S ,
SM61345 ,A ,
SM61346 ,S ,
SM61347 ,A ,
SM61348 ,A ,
SM61349 ,A ,
SM61351 ,A ,
SM61352 ,S ,
SM61353 ,S ,
SM61354 ,S ,
SM61355 ,A ,
SM61357 ,S ,
SM61358 ,A ,
SM61359 ,A ,
SM61360 ,S ,
SM61361 ,A ,
SM61362 ,S ,
SM61363 ,A ,
SM61364 ,A ,
SM61365 ,S ,
SM61366 ,A ,
SM61367 ,S ,
SM61368 ,A ,
SM61369 ,A ,
SM61370 ,A ,
SM61371 ,A ,
SM61372 ,A ,
SM61373 ,A ,
SM61374 ,A ,
SM61375 ,S ,
SM61376 ,S ,
SM61377 ,S ,
SM61378 ,A ,
SM61379 ,S ,
SM61380 ,A ,
SM61381 ,S ,
SM61382 ,A ,
SM61383 ,S ,
SM61384 ,S ,
SM61385 ,S ,
SM61386 ,A ,
SM61387 ,A ,
SM61388 ,S ,
SM61389 ,S ,
SM61390 ,A ,
SM61391 ,S ,
SM61392 ,S ,
SM61393 ,A ,
SM61394 ,A ,
SM61395 ,S ,
SM61396 ,S ,
SM61397 ,A ,
SM61398 ,S ,
SM61399 ,A ,
SM61400 ,A ,
SM61401 ,S ,
SM61402 ,A ,
SM61403 ,A ,
SM61404 ,A ,
SM61405 ,S ,
SM61406 ,A ,
SM61407 ,S ,
SM61408 ,S ,
SM61409 ,A ,
SM61410 ,A ,
SM61411 ,A ,
SM61412 ,A ,
SM61413 ,S ,
SM61414 ,S ,
SM61415 ,S ,
SM61416 ,S ,
SM61417 ,A ,
SM61418 ,S ,
SM61419 ,A ,
SM61420 ,A ,
SM61421 ,A ,
SM61422 ,A ,
SM61423 ,S ,
SM61424 ,S ,
SM61425 ,A ,
SM61426 ,A ,
SM61427 ,S ,
SM61428 ,S ,
SM61429 ,S ,
SM61430 ,S ,
SM61431 ,S ,
SM61432 ,A ,
SM61433 ,S ,
SM61434 ,A ,
SM61435 ,A ,
SM61436 ,S ,
SM61437 ,S ,
SM61438 ,A ,
SM61439 ,S ,
SM61440 ,A ,
SM61441 ,A ,
SM61442 ,S ,
SM61443 ,A ,
SM61444 ,A ,
SM61445 ,S ,
SM61446 ,A ,
SM61447 ,S ,
SM61448 ,S ,
SM61449 ,S ,
SM61450 ,S ,
SM61451 ,A ,
SM61452 ,A ,
SM61453 ,S ,
SM61454 ,S ,
SM61455 ,S ,
SM61456 ,S ,
SM61457 ,A ,
SM61458 ,S ,
SM61459 ,A ,
SM61460 ,A ,
SM61461 ,S ,
SM61462 ,A ,
SM61463 ,A ,
SM61464 ,A ,
SM61465 ,A ,
SM61466 ,A ,
SM61467 ,S ,
SM61468 ,S ,
SM61469 ,A ,
SM61470 ,A ,
SM61471 ,S ,
SM61472 ,A ,
SM61473 ,S ,
SM61474 ,A ,
SM61475 ,S ,
SM61476 ,S ,
SM61477 ,S ,
SM61478 ,A ,
SM61479 ,S ,
SM61480 ,A ,
SM61481 ,A ,
SM61482 ,A ,
SM61483 ,S ,
SM61484 ,S ,
SM61485 ,A ,
SM61486 ,A ,
SM61487 ,A ,
SM61488 ,A ,
SM61489 ,A ,
SM61490 ,S ,
SM61491 ,S ,
SM61492 ,S ,
SM61493 ,A ,
SM61495 ,A ,
SM61496 ,S ,
SM61497 ,A ,
SM61498 ,S ,
SM61499 ,S ,
SM61501 ,A ,
SM61502 ,A ,
SM61503 ,S ,
SM61504 ,S ,
SM61505 ,A ,
SM61506 ,S ,
SM61507 ,A ,
SM61508 ,A ,
SM61509 ,S ,
SM61510 ,A ,
SM61511 ,A ,
SM61512 ,S ,
SM61513 ,S ,
SM61514 ,S ,
SM61515 ,S ,
SM61516 ,A ,
SM61517 ,S ,
SM61518 ,S ,
SM61519 ,A ,
SM61520 ,S ,
SM61521 ,S ,
SM61523 ,S ,
SM61524 ,A ,
SM61526 ,S ,
SM61527 ,S ,
SM61528 ,S ,
SM61529 ,S ,
SM61530 ,A ,
SM61531 ,A ,
SM61532 ,A ,
SM61533 ,S ,
SM61534 ,S ,
SM61535 ,S ,
SM61536 ,S ,
SM61537 ,S ,
SM61538 ,A ,
SM61539 ,A ,
SM61540 ,A ,
SM61541 ,A ,
SM61542 ,S ,
SM61543 ,S ,
SM61544 ,S ,
SM61545 ,A ,
SM61547 ,A ,
SM61548 ,A ,
SM61549 ,A ,
SM61550 ,A ,
SM61551 ,A ,
SM61554 ,A ,
SM61555 ,S ,
SM61556 ,A ,
SM61557 ,A ,
SM61558 ,S ,
SM61559 ,A ,
SM61560 ,S ,
SM61561 ,S ,
SM61562 ,S ,
SM61563 ,A ,
SM61564 ,S ,
SM61565 ,A ,
SM61566 ,A ,
SM61567 ,A ,
SM61568 ,S ,
SM61569 ,S ,
SM61570 ,S ,
SM61571 ,S ,
SM61572 ,A ,
SM61573 ,A ,
SM61574 ,A ,
SM61575 ,S ,
SM61576 ,S ,
SM61577 ,S ,
SM61578 ,A ,
SM61579 ,A ,
SM61580 ,S ,
SM61581 ,S ,
SM61582 ,A ,
SM61584 ,A ,
SM61585 ,S ,
SM61586 ,S ,
SM61587 ,A ,
SM61588 ,A ,
SM61589 ,A ,
SM61590 ,S ,
SM61591 ,A ,
SM61593 ,A ,
SM61594 ,A ,
SM61595 ,S ,
SM61596 ,S ,
SM61597 ,A ,
SM61598 ,A ,
SM61599 ,S ,
SM61600 ,A ,
SM61601 ,S ,
SM61602 ,A ,
SM61603 ,S ,
SM61604 ,S ,
SM61607 ,S ,
SM61608 ,A ,
SM61609 ,A ,
SM61610 ,A ,
SM61611 ,S ,
SM61612 ,A ,
SM61613 ,S ,
SM61614 ,S ,
SM61615 ,A ,
SM61616 ,S ,
SM61618 ,A ,
SM61619 ,S ,
SM61620 ,S ,
SM61621 ,S ,
SM61622 ,S ,
SM61623 ,S ,
SM61624 ,A ,
SM61625 ,A ,
SM61626 ,A ,
SM61627 ,S ,
SM61628 ,S ,
SM61629 ,A ,
SM61630 ,S ,
SM61631 ,S ,
SM61632 ,A ,
SM61633 ,S ,
SM61634 ,A ,
SM61636 ,S ,
SM61637 ,S ,
SM61638 ,A ,
SM61639 ,S ,
SM61640 ,S ,
SM61641 ,S ,
SM61642 ,S ,
SM61643 ,S ,
SM61644 ,S ,
SM61645 ,S ,
SM61646 ,A ,
SM61647 ,S ,
SM61648 ,S ,
SM61649 ,A ,
SM61650 ,S ,
SM61652 ,A ,
SM61653 ,S ,
SM61654 ,S ,
SM61655 ,A ,
SM61657 ,A ,
SM61658 ,S ,
SM61659 ,A ,
SM61660 ,S ,
SM61661 ,S ,
SM61662 ,A ,
SM61663 ,S ,
SM61664 ,S ,
SM61667 ,S ,
SM61668 ,A ,
SM61669 ,A ,
SM61670 ,A ,
SM61671 ,S ,
SM61672 ,A ,
SM61673 ,S ,
SM61674 ,S ,
SM61676 ,A ,
SM61677 ,S ,
SM61679 ,S ,
SM61680 ,A ,
SM61681 ,A ,
SM61682 ,S ,
SM61683 ,S ,
SM61684 ,A ,
SM61685 ,A ,
SM61686 ,S ,
SM61687 ,S ,
SM61688 ,S ,
SM61689 ,S ,
SM61690 ,S ,
SM61692 ,A ,
SM61693 ,S ,
SM61694 ,S ,
SM61695 ,S ,
SM61696 ,S ,
SM61697 ,S ,
SM61698 ,S ,
SM61699 ,A ,
SM61700 ,S ,
SM61701 ,A ,
SM61702 ,A ,
SM61703 ,A ,
SM61704 ,S ,
SM61705 ,A ,
SM61706 ,A ,
SM61707 ,A ,
SM61708 ,A ,
SM61709 ,S ,
SM61710 ,S ,
SM61711 ,A ,
SM61713 ,S ,
SM61714 ,A ,
SM61715 ,A ,
SM61716 ,A ,
SM61717 ,A ,
SM61718 ,S ,
SM61719 ,S ,
SM61720 ,S ,
SM61721 ,S ,
SM61722 ,S ,
SM61723 ,S ,
SM61724 ,S ,
SM61725 ,S ,
SM61726 ,A ,
SM61727 ,S ,
SM61728 ,A ,
SM61729 ,S ,
SM61730 ,S ,
SM61731 ,A ,
SM61732 ,A ,
SM61734 ,S ,
SM61735 ,S ,
SM61736 ,S ,
SM61737 ,A ,
SM61738 ,S ,
SM61739 ,A ,
SM61741 ,A ,
SM61742 ,A ,
SM61743 ,A ,
SM61744 ,A ,
SM61745 ,S ,
SM61746 ,A ,
SM61747 ,A ,
SM61748 ,A ,
SM61749 ,S ,
SM61750 ,S ,
SM61751 ,S ,
SM61752 ,A ,
SM61754 ,S ,
SM61755 ,A ,
SM61756 ,S ,
SM61757 ,A ,
SM61758 ,S ,
SM61759 ,S ,
SM61760 ,A ,
SM61761 ,S ,
SM61762 ,S ,
SM61763 ,S ,
SM61764 ,A ,
SM61766 ,A ,
SM61767 ,S ,
SM61768 ,S ,
SM61769 ,A ,
SM61770 ,S ,
SM61771 ,S ,
SM61773 ,S ,
SM61774 ,A ,
SM61775 ,S ,
SM61776 ,S ,
SM61777 ,S ,
SM61778 ,S ,
SM61779 ,A ,
SM61780 ,S ,
SM61781 ,S ,
SM61782 ,A ,
SM61783 ,S ,
SM61784 ,A ,
SM61785 ,S ,
SM61786 ,S ,
SM61787 ,S ,
SM61788 ,S ,
SM61789 ,A ,
SM61790 ,A ,
SM61791 ,S ,
SM61792 ,A ,
SM61793 ,S ,
SM61794 ,S ,
SM61795 ,A ,
SM61796 ,S ,
SM61797 ,A ,
SM61798 ,S ,
SM61799 ,S ,
SM61800 ,S ,
SM61801 ,A ,
SM61802 ,S ,
SM61803 ,S ,
SM61804 ,A ,
SM61805 ,S ,
SM61806 ,S ,
SM61808 ,A ,
SM61809 ,A ,
SM61810 ,A ,
SM61811 ,S ,
SM61812 ,A ,
SM61813 ,S ,
SM61814 ,S ,
SM61815 ,A ,
SM61816 ,S ,
SM61817 ,S ,
SM61818 ,S ,
SM61819 ,A ,
SM61820 ,S ,
SM61821 ,A ,
SM61822 ,S ,
SM61823 ,A ,
SM61824 ,S ,
SM61825 ,S ,
SM61826 ,S ,
SM61827 ,A ,
SM61828 ,S ,
SM61829 ,A ,
SM61830 ,S ,
SM61833 ,S ,
SM61834 ,A ,
SM61835 ,A ,
SM61836 ,A ,
SM61837 ,S ,
SM61838 ,A ,
SM61839 ,S ,
SM61840 ,S ,
SM61841 ,S ,
SM61842 ,S ,
SM61843 ,A ,
SM61844 ,S ,
SM61845 ,A ,
SM61846 ,S ,
SM61847 ,A ,
SM61848 ,S ,
SM61849 ,S ,
SM61850 ,A ,
SM61851 ,A ,
SM61853 ,A ,
SM61854 ,A ,
SM61855 ,S ,
SM61856 ,A ,
SM61857 ,S ,
SM61858 ,S ,
SM61859 ,A ,
SM61860 ,S ,
SM61861 ,A ,
SM61862 ,A ,
SM61863 ,S ,
SM61864 ,S ,
SM61865 ,A ,
SM61866 ,A ,
SM61867 ,S ,
SM61869 ,A ,
SM61870 ,A ,
SM61871 ,A ,
SM61872 ,S ,
SM61873 ,S ,
SM61874 ,S ,
SM61875 ,S ,
SM61876 ,A ,
SM61877 ,A ,
SM61878 ,S ,
SM61879 ,S ,
SM61880 ,A ,
SM61881 ,S ,
SM61882 ,A ,
SM61883 ,S ,
SM61884 ,S ,
SM61885 ,S ,
SM61886 ,S ,
SM61887 ,S ,
SM61888 ,S ,
SM61889 ,A ,
SM61891 ,A ,
SM61892 ,A ,
SM61893 ,A ,
SM61894 ,S ,
SM61895 ,S ,
SM61896 ,A ,
SM61897 ,S ,
SM61898 ,S ,
SM61899 ,A ,
SM61900 ,S ,
SM61901 ,S ,
SM61902 ,A ,
SM61903 ,S ,
SM61904 ,S ,
SM61905 ,S ,
SM61906 ,A ,
SM61907 ,S ,
SM61908 ,S ,
SM61910 ,A ,
SM61911 ,A ,
SM61912 ,A ,
SM61913 ,S ,
SM61914 ,A ,
SM61915 ,A ,
SM61917 ,A ,
SM61918 ,S ,
SM61919 ,A ,
SM61920 ,A ,
SM61921 ,A ,
SM61922 ,S ,
SM61923 ,S ,
SM61924 ,S ,
SM61925 ,S ,
SM61926 ,A ,
SM61927 ,A ,
SM61929 ,A ,
SM61930 ,S ,
SM61931 ,S ,
SM61932 ,A ,
SM61933 ,A ,
SM61934 ,A ,
SM61935 ,A ,
SM61936 ,A ,
SM61937 ,S ,
SM61938 ,S ,
SM61939 ,S ,
SM61940 ,S ,
SM61941 ,A ,
SM61942 ,A ,
SM61943 ,A ,
SM61944 ,A ,
SM61945 ,S ,
SM61946 ,S ,
SM61947 ,A ,
SM61948 ,A ,
SM61950 ,S ,
SM61951 ,A ,
SM61952 ,A ,
SM61953 ,S ,
SM61955 ,S ,
SM61956 ,A ,
SM61957 ,S ,
SM61958 ,S ,
SM61959 ,S ,
SM61960 ,S ,
SM61961 ,A ,
SM61962 ,S ,
SM61963 ,S ,
SM61964 ,S ,
SM61965 ,S ,
SM61966 ,A ,
SM61967 ,A ,
SM61968 ,S ,
SM61969 ,A ,
SM61970 ,A ,
SM61971 ,A ,
SM61972 ,S ,
SM61973 ,A ,
SM61974 ,S ,
SM61975 ,A ,
SM61976 ,S ,
SM61977 ,A ,
SM61978 ,S ,
SM61979 ,S ,
SM61980 ,S ,
SM61981 ,S ,
SM61982 ,S ,
SM61983 ,S ,
SM61985 ,A ,
SM61986 ,A ,
SM61987 ,S ,
SM61988 ,A ,
SM61989 ,S ,
SM61990 ,A ,
SM61991 ,S ,
SM61992 ,S ,
SM61993 ,S ,
SM61994 ,S ,
SM61995 ,S ,
SM61996 ,A ,
SM61997 ,A ,
SM61998 ,A ,
SM61999 ,A ,
SM62001 ,S ,
SM62002 ,A ,
SM62003 ,A ,
SM62004 ,S ,
SM62005 ,S ,
SM62007 ,S ,
SM62008 ,A ,
SM62009 ,A ,
SM62011 ,S ,
SM62012 ,S ,
SM62013 ,S ,
SM62014 ,S ,
SM62015 ,S ,
SM62016 ,A ,
SM62017 ,A ,
SM62018 ,A ,
SM62019 ,A ,
SM62020 ,S ,
SM62021 ,S ,
SM62022 ,A ,
SM62023 ,S ,
SM62024 ,S ,
SM62025 ,A ,
SM62026 ,S ,
SM62027 ,S ,
SM62028 ,A ,
SM62029 ,S ,
SM62030 ,S ,
SM62031 ,A ,
SM62032 ,A ,
SM62033 ,A ,
SM62034 ,S ,
SM62035 ,S ,
SM62036 ,S ,
SM62037 ,S ,
SM62038 ,S ,
SM62039 ,A ,
SM62040 ,A ,
SM62041 ,A ,
SM62042 ,A ,
SM62043 ,S ,
SM62044 ,A ,
SM62045 ,A ,
SM62046 ,A ,
SM62047 ,S ,
SM62048 ,S ,
SM62049 ,A ,
SM62050 ,S ,
SM62051 ,S ,
SM62052 ,A ,
SM62053 ,S ,
SM62054 ,S ,
SM62055 ,A ,
SM62056 ,A ,
SM62057 ,S ,
SM62059 ,A ,
SM62060 ,A ,
SM62061 ,A ,
SM62062 ,S ,
SM62063 ,S ,
SM62064 ,A ,
SM62065 ,S ,
SM62066 ,S ,
SM62067 ,A ,
SM62068 ,S ,
SM62069 ,S ,
SM62070 ,S ,
SM62071 ,S ,
SM62072 ,S ,
SM62073 ,S ,
SM62074 ,A ,
SM62075 ,A ,
SM62077 ,S ,
SM62078 ,A ,
SM62079 ,A ,
SM62080 ,S ,
SM62081 ,A ,
SM62082 ,S ,
SM62083 ,A ,
SM62084 ,S ,
SM62085 ,S ,
SM62086 ,A ,
SM62087 ,S ,
SM62088 ,A ,
SM62089 ,A ,
SM62090 ,S ,
SM62091 ,A ,
SM62092 ,S ,
SM62093 ,S ,
SM62094 ,A ,
SM62096 ,S ,
SM62097 ,A ,
SM62098 ,A ,
SM62099 ,S ,
SM62100 ,S ,
SM62101 ,A ,
SM62102 ,S ,
SM62103 ,A ,
SM62104 ,A ,
SM62105 ,A ,
SM62106 ,S ,
SM62107 ,A ,
SM62108 ,S ,
SM62109 ,A ,
SM62110 ,S ,
SM62111 ,A ,
SM62112 ,S ,
SM62113 ,S ,
SM62114 ,A ,
SM62115 ,S ,
SM62116 ,A ,
SM62117 ,A ,
SM62118 ,A ,
SM62119 ,S ,
SM62120 ,S ,
SM62122 ,S ,
SM62123 ,S ,
SM62124 ,A ,
SM62125 ,A ,
SM62126 ,S ,
SM62127 ,S ,
SM62128 ,S ,
SM62129 ,A ,
SM62130 ,A ,
SM62131 ,S ,
SM62132 ,A ,
SM62133 ,S ,
SM62134 ,A ,
SM62135 ,A ,
SM62136 ,S ,
SM62137 ,S ,
SM62138 ,A ,
SM62139 ,A ,
SM62140 ,A ,
SM62141 ,A ,
SM62142 ,S ,
SM62143 ,A ,
SM62144 ,S ,
SM62145 ,S ,
SM62146 ,A ,
SM62147 ,S ,
SM62148 ,A ,
SM62149 ,A ,
SM62150 ,A ,
SM62151 ,A ,
SM62152 ,A ,
SM62153 ,S ,
SM62154 ,A ,
SM62155 ,A ,
SM62156 ,A ,
SM62157 ,A ,
SM62158 ,A ,
SM62159 ,A ,
SM62160 ,S ,
SM62161 ,A ,
SM62162 ,A ,
SM62163 ,A ,
SM62164 ,S ,
SM62166 ,S ,
SM62167 ,A ,
SM62168 ,A ,
SM62169 ,S ,
SM62170 ,A ,
SM62171 ,A ,
SM62172 ,S ,
SM62173 ,S ,
SM62174 ,A ,
SM62175 ,A ,
SM62176 ,A ,
SM62177 ,A ,
SM62178 ,S ,
SM62179 ,A ,
SM62180 ,S ,
SM62182 ,S ,
SM62183 ,A ,
SM62184 ,S ,
SM62186 ,A ,
SM62187 ,S ,
SM62188 ,S ,
SM62189 ,S ,
SM62190 ,A ,
SM62191 ,S ,
SM62192 ,A ,
SM62193 ,S ,
SM62194 ,A ,
SM62195 ,A ,
SM62196 ,S ,
SM62197 ,A ,
SM62198 ,S ,
SM62199 ,S ,
SM62200 ,A ,
SM62201 ,S ,
SM62202 ,S ,
SM62203 ,A ,
SM62204 ,A ,
SM62206 ,A ,
SM62207 ,A ,
SM62208 ,A ,
SM62209 ,S ,
SM62210 ,A ,
SM62211 ,S ,
SM62212 ,S ,
SM62213 ,S ,
SM62214 ,A ,
SM62215 ,A ,
SM62216 ,A ,
SM62217 ,A ,
SM62218 ,A ,
SM62219 ,S ,
SM62220 ,A ,
SM62221 ,S ,
SM62222 ,S ,
SM62223 ,S ,
SM62224 ,A ,
SM62225 ,S ,
SM62226 ,A ,
SM62227 ,S ,
SM62228 ,A ,
SM62229 ,A ,
SM62230 ,A ,
SM62231 ,A ,
SM62232 ,S ,
SM62233 ,S ,
SM62234 ,A ,
SM62235 ,A ,
SM62236 ,A ,
SM62237 ,A ,
SM62238 ,A ,
SM62239 ,A ,
SM62240 ,S ,
SM62241 ,A ,
SM62242 ,S ,
SM62243 ,A ,
SM62244 ,A ,
SM62245 ,S ,
SM62246 ,A ,
SM62247 ,A ,
SM62248 ,A ,
SM62249 ,S ,
SM62250 ,A ,
SM62251 ,A ,
SM62253 ,A ,
SM62254 ,S ,
SM62255 ,S ,
SM62257 ,A ,
SM62258 ,A ,
SM62260 ,S ,
SM62261 ,S ,
SM62262 ,A ,
SM62263 ,A ,
SM62264 ,S ,
SM62265 ,A ,
SM62267 ,S ,
SM62268 ,A ,
SM62269 ,A ,
SM62270 ,A ,
SM62271 ,A ,
SM62272 ,A ,
SM62273 ,A ,
SM62274 ,S ,
SM62275 ,S ,
SM62276 ,S ,
SM62277 ,A ,
SM62278 ,A ,
SM62279 ,A ,
SM62280 ,A ,
SM62281 ,S ,
SM62282 ,S ,
SM62283 ,A ,
SM62284 ,S ,
SM62285 ,S ,
SM62286 ,A ,
SM62287 ,A ,
SM62289 ,A ,
SM62290 ,A ,
SM62291 ,S ,
SM62292 ,S ,
SM62293 ,S ,
SM62294 ,A ,
SM62295 ,S ,
SM62296 ,A ,
SM62297 ,A ,
SM62298 ,A ,
SM62299 ,S ,
SM62300 ,S ,
SM62301 ,A ,
SM62302 ,A ,
SM62303 ,S ,
SM62305 ,S ,
SM62306 ,S ,
SM62307 ,A ,
SM62308 ,A ,
SM62309 ,S ,
SM62310 ,S ,
SM62311 ,S ,
SM62312 ,S ,
SM62313 ,A ,
SM62314 ,A ,
SM62315 ,A ,
SM62316 ,S ,
SM62317 ,S ,
SM62318 ,A ,
SM62319 ,S ,
SM62320 ,A ,
SM62321 ,S ,
SM62322 ,S ,
SM62323 ,A ,
SM62324 ,A ,
SM62325 ,A ,
SM62326 ,S ,
SM62327 ,S ,
SM62328 ,S ,
SM62329 ,A ,
SM62330 ,A ,
SM62331 ,A ,
SM62332 ,A ,
SM62333 ,S ,
SM62335 ,S ,
SM62336 ,S ,
SM62337 ,A ,
SM62338 ,A ,
SM62339 ,S ,
SM62340 ,A ,
SM62341 ,S ,
SM62342 ,A ,
SM62343 ,A ,
SM62344 ,S ,
SM62345 ,A ,
SM62346 ,S ,
SM62347 ,S ,
SM62348 ,S ,
SM62349 ,S ,
SM62350 ,S ,
SM62351 ,A ,
SM62352 ,S ,
SM62353 ,A ,
SM62354 ,A ,
SM62355 ,A ,
SM62356 ,A ,
SM62357 ,S ,
SM62358 ,A ,
SM62359 ,A ,
SM62360 ,A ,
SM62361 ,S ,
SM62363 ,A ,
SM62364 ,A ,
SM62365 ,S ,
SM62366 ,S ,
SM62367 ,S ,
SM62368 ,A ,
SM62369 ,S ,
SM62370 ,A ,
SM62371 ,A ,
SM62372 ,A ,
SM62373 ,A ,
SM62374 ,S ,
SM62375 ,S ,
SM62376 ,S ,
SM62377 ,A ,
SM62378 ,S ,
SM62379 ,S ,
SM62380 ,S ,
SM62381 ,S ,
SM62383 ,A ,
SM62384 ,A ,
SM62385 ,S ,
SM62386 ,S ,
SM62387 ,A ,
SM62388 ,S ,
SM62389 ,S ,
SM62390 ,A ,
SM62391 ,S ,
SM62392 ,A ,
SM62393 ,A ,
SM62394 ,S ,
SM62395 ,A ,
SM62396 ,S ,
SM62397 ,A ,
SM62398 ,S ,
SM62399 ,S ,
SM62400 ,A ,
SM62401 ,S ,
SM62402 ,S ,
SM62403 ,S ,
SM62404 ,A ,
SM62405 ,A ,
SM62407 ,S ,
SM62408 ,S ,
SM62409 ,A ,
SM62410 ,S ,
SM62411 ,A ,
SM62412 ,S ,
SM62413 ,A ,
SM62414 ,A ,
SM62415 ,S ,
SM62417 ,S ,
SM62418 ,A ,
SM62419 ,A ,
SM62420 ,S ,
SM62421 ,A ,
SM62422 ,A ,
SM62423 ,A ,
SM62424 ,S ,
SM62425 ,A ,
SM62426 ,S ,
SM62427 ,S ,
SM62428 ,S ,
SM62429 ,S ,
SM62430 ,S ,
SM62431 ,A ,
SM62432 ,S ,
SM62433 ,S ,
SM62434 ,A ,
SM62435 ,S ,
SM62436 ,A ,
SM62437 ,A ,
SM62438 ,A ,
SM62439 ,A ,
SM62440 ,A ,
SM62441 ,A ,
SM62442 ,S ,
SM62443 ,A ,
SM62444 ,A ,
SM62445 ,S ,
SM62446 ,S ,
SM62447 ,S ,
SM62448 ,A ,
SM62449 ,A ,
SM62450 ,S ,
SM62451 ,S ,
SM62452 ,S ,
SM62453 ,S ,
SM62454 ,A ,
SM62455 ,A ,
SM62456 ,S ,
SM62457 ,A ,
SM62458 ,A ,
SM62459 ,A ,
SM62460 ,S ,
SM62461 ,S ,
SM62462 ,S ,
SM62463 ,S ,
SM62465 ,S ,
SM62466 ,S ,
SM62467 ,A ,
SM62468 ,S ,
SM62469 ,A ,
SM62470 ,S ,
SM62472 ,A ,
SM62473 ,S ,
SM62474 ,A ,
SM62475 ,A ,
SM62476 ,S ,
SM62477 ,A ,
SM62478 ,S ,
SM62479 ,S ,
SM62480 ,A ,
SM62481 ,A ,
SM62482 ,A ,
SM62484 ,A ,
SM62485 ,S ,
SM62486 ,S ,
SM62487 ,S ,
SM62488 ,S ,
SM62489 ,S ,
SM62490 ,S ,
SM62491 ,S ,
SM62492 ,A ,
SM62493 ,A ,
SM62494 ,A ,
SM62495 ,S ,
SM62496 ,A ,
SM62497 ,S ,
SM62498 ,A ,
SM62499 ,A ,
SM62500 ,A ,
SM62501 ,S ,
SM62502 ,A ,
SM62503 ,A ,
SM62504 ,S ,
SM62505 ,A ,
SM62506 ,S ,
SM62507 ,A ,
SM62508 ,S ,
SM62509 ,A ,
SM62510 ,A ,
SM62511 ,S ,
SM62512 ,S ,
SM62513 ,S ,
SM62514 ,S ,
SM62515 ,A ,
SM62516 ,S ,
SM62517 ,A ,
SM62518 ,A ,
SM62519 ,A ,
SM62520 ,S ,
SM62521 ,S ,
SM62522 ,S ,
SM62523 ,S ,
SM62524 ,A ,
SM62525 ,S ,
SM62527 ,S ,
SM62528 ,S ,
SM62529 ,S ,
SM62530 ,A ,
SM62531 ,S ,
SM62532 ,S ,
SM62533 ,A ,
SM62534 ,A ,
SM62535 ,S ,
SM62536 ,S ,
SM62537 ,A ,
SM62538 ,A ,
SM62539 ,S ,
SM62540 ,A ,
SM62541 ,S ,
SM62542 ,A ,
SM62543 ,S ,
SM62544 ,A ,
SM62545 ,A ,
SM62546 ,A ,
SM62547 ,A ,
SM62548 ,S ,
SM62549 ,A ,
SM62550 ,A ,
SM62551 ,A ,
SM62552 ,S ,
SM62553 ,S ,
SM62554 ,A ,
SM62555 ,S ,
SM62556 ,S ,
SM62557 ,A ,
SM62558 ,S ,
SM62559 ,S ,
SM62560 ,S ,
SM62561 ,S ,
SM62564 ,A ,
SM62565 ,A ,
SM62566 ,S ,
SM62567 ,S ,
SM62568 ,A ,
SM62569 ,S ,
SM62570 ,S ,
SM62571 ,A ,
SM62573 ,S ,
SM62574 ,A ,
SM62575 ,A ,
SM62576 ,S ,
SM62577 ,A ,
SM62578 ,A ,
SM62579 ,S ,
SM62580 ,S ,
SM62581 ,S ,
SM62582 ,S ,
SM62583 ,S ,
SM62584 ,A ,
SM62585 ,S ,
SM62586 ,S ,
SM62587 ,A ,
SM62588 ,S ,
SM62589 ,A ,
SM62590 ,A ,
SM62591 ,A ,
SM62592 ,S ,
SM62593 ,S ,
SM62594 ,A ,
SM62595 ,A ,
SM62596 ,A ,
SM62597 ,S ,
SM62598 ,S ,
SM62599 ,A ,
SM62600 ,S ,
SM62601 ,A ,
SM62602 ,S ,
SM62603 ,A ,
SM62604 ,S ,
SM62605 ,A ,
SM62606 ,A ,
SM62607 ,S ,
SM62608 ,S ,
SM62609 ,A ,
SM62610 ,S ,
SM62611 ,S ,
SM62612 ,A ,
SM62613 ,S ,
SM62614 ,A ,
SM62615 ,S ,
SM62616 ,S ,
SM62617 ,S ,
SM62618 ,S ,
SM62619 ,S ,
SM62620 ,S ,
SM62621 ,A ,
SM62622 ,A ,
SM62623 ,A ,
SM62624 ,S ,
SM62625 ,S ,
SM62626 ,A ,
SM62627 ,S ,
SM62628 ,S ,
SM62629 ,A ,
SM62630 ,A ,
SM62631 ,S ,
SM62632 ,S ,
SM62633 ,S ,
SM62634 ,S ,
SM62635 ,A ,
SM62636 ,A ,
SM62637 ,S ,
SM62638 ,A ,
SM62639 ,S ,
SM62640 ,S ,
SM62641 ,A ,
SM62642 ,A ,
SM62643 ,A ,
SM62644 ,A ,
SM62645 ,A ,
SM62646 ,S ,
SM62647 ,S ,
SM62648 ,S ,
SM62649 ,S ,
SM62650 ,S ,
SM62651 ,S ,
SM62652 ,S ,
SM62653 ,A ,
SM62654 ,A ,
SM62655 ,S ,
SM62656 ,A ,
SM62657 ,S ,
SM62658 ,A ,
SM62659 ,S ,
SM62660 ,S ,
SM62661 ,A ,
SM62662 ,A ,
SM62663 ,A ,
SM62664 ,A ,
SM62665 ,S ,
SM62666 ,A ,
SM62667 ,S ,
SM62668 ,S ,
SM62669 ,A ,
SM62670 ,S ,
SM62671 ,S ,
SM62672 ,A ,
SM62673 ,S ,
SM62674 ,S ,
SM62675 ,A ,
SM62676 ,S ,
SM62678 ,S ,
SM62679 ,S ,
SM62680 ,A ,
SM62681 ,S ,
SM62682 ,A ,
SM62683 ,A ,
SM62684 ,S ,
SM62685 ,A ,
SM62686 ,S ,
SM62687 ,A ,
SM62688 ,A ,
SM62689 ,S ,
SM62690 ,A ,
SM62691 ,A ,
SM62692 ,A ,
SM62693 ,S ,
SM62694 ,A ,
SM62695 ,S ,
SM62696 ,A ,
SM62697 ,A ,
SM62698 ,S ,
SM62699 ,A ,
SM62700 ,A ,
SM62701 ,A ,
SM62702 ,S ,
SM62703 ,S ,
SM62704 ,A ,
SM62705 ,S ,
SM62706 ,A ,
SM62707 ,S ,
SM62708 ,A ,
SM62709 ,S ,
SM62710 ,S ,
SM62711 ,A ,
SM62712 ,S ,
SM62713 ,A ,
SM62714 ,A ,
SM62715 ,A ,
SM62716 ,A ,
SM62717 ,S ,
SM62718 ,S ,
SM62719 ,S ,
SM62720 ,S ,
SM62721 ,S ,
SM62722 ,S ,
SM62723 ,A ,
SM62724 ,S ,
SM62725 ,A ,
SM62726 ,S ,
SM62728 ,A ,
SM62729 ,S ,
SM62730 ,S ,
SM62731 ,A ,
SM62732 ,S ,
SM62733 ,A ,
SM62734 ,A ,
SM62735 ,A ,
SM62736 ,A ,
SM62738 ,S ,
SM62739 ,S ,
SM62740 ,A ,
SM62741 ,A ,
SM62742 ,S ,
SM62743 ,A ,
SM62744 ,A ,
SM62745 ,A ,
SM62746 ,A ,
SM62747 ,A ,
SM62748 ,A ,
SM62749 ,A ,
SM62750 ,S ,
SM62751 ,S ,
SM62752 ,A ,
SM62753 ,A ,
SM62754 ,A ,
SM62755 ,A ,
SM62756 ,S ,
SM62757 ,A ,
SM62758 ,S ,
SM62759 ,S ,
SM62760 ,S ,
SM62761 ,A ,
SM62762 ,A ,
SM62763 ,S ,
SM62764 ,S ,
SM62765 ,A ,
SM62766 ,S ,
SM62767 ,A ,
SM62768 ,A ,
SM62769 ,S ,
SM62770 ,A ,
SM62771 ,S ,
SM62772 ,A ,
SM62773 ,A ,
SM62774 ,A ,
SM62775 ,A ,
SM62776 ,S ,
SM62777 ,S ,
SM62778 ,S ,
SM62779 ,A ,
SM62780 ,A ,
SM62781 ,S ,
SM62782 ,A ,
SM62783 ,A ,
SM62784 ,A ,
SM62785 ,S ,
SM62786 ,A ,
SM62787 ,A ,
SM62788 ,A ,
SM62789 ,S ,
SM62790 ,S ,
SM62791 ,S ,
SM62792 ,A ,
SM62793 ,A ,
SM62794 ,S ,
SM62795 ,A ,
SM62796 ,S ,
SM62798 ,A ,
SM62799 ,A ,
SM62800 ,A ,
SM62801 ,A ,
SM62802 ,A ,
SM62803 ,A ,
SM62804 ,A ,
SM62805 ,A ,
SM62806 ,S ,
SM62807 ,S ,
SM62808 ,S ,
SM62809 ,A ,
SM62810 ,A ,
SM62811 ,A ,
SM62812 ,A ,
SM62813 ,S ,
SM62814 ,S ,
SM62815 ,A ,
SM62816 ,S ,
SM62817 ,S ,
SM62818 ,S ,
SM62819 ,A ,
SM62820 ,A ,
SM62821 ,A ,
SM62822 ,A ,
SM62823 ,A ,
SM62824 ,S ,
SM62825 ,S ,
SM62826 ,S ,
SM62827 ,S ,
SM62828 ,A ,
SM62829 ,S ,
SM62830 ,A ,
SM62831 ,S ,
SM62832 ,A ,
SM62833 ,A ,
SM62834 ,A ,
SM62835 ,A ,
SM62836 ,A ,
SM62837 ,S ,
SM62838 ,A ,
SM62839 ,A ,
SM62840 ,S ,
SM62841 ,S ,
SM62842 ,A ,
SM62843 ,S ,
SM62844 ,A ,
SM62845 ,A ,
SM62846 ,S ,
SM62847 ,S ,
SM62848 ,S ,
SM62849 ,A ,
SM62850 ,A ,
SM62851 ,S ,
SM62852 ,S ,
SM62853 ,A ,
SM62854 ,A ,
SM62855 ,S ,
SM62856 ,A ,
SM62857 ,A ,
SM62858 ,S ,
SM62859 ,A ,
SM62860 ,A ,
SM62861 ,S ,
SM62862 ,S ,
SM62863 ,A ,
SM62864 ,S ,
SM62865 ,A ,
SM62866 ,A ,
SM62867 ,S ,
SM62868 ,S ,
SM62869 ,S ,
SM62870 ,S ,
SM62871 ,A ,
SM62872 ,A ,
SM62874 ,S ,
SM62875 ,A ,
SM62876 ,S ,
SM62877 ,A ,
SM62878 ,A ,
SM62879 ,A ,
SM62880 ,S ,
SM62881 ,A ,
SM62882 ,S ,
SM62883 ,A ,
SM62884 ,S ,
SM62885 ,A ,
SM62886 ,A ,
SM62887 ,A ,
SM62888 ,S ,
SM62889 ,A ,
SM62890 ,A ,
SM62891 ,A ,
SM62892 ,A ,
SM62893 ,A ,
SM62894 ,S ,
SM62895 ,S ,
SM62896 ,S ,
SM62897 ,A ,
SM62899 ,A ,
SM62900 ,A ,
SM62901 ,A ,
SM62902 ,A ,
SM62903 ,A ,
SM62904 ,A ,
SM62905 ,A ,
SM62906 ,A ,
SM62907 ,A ,
SM62908 ,S ,
SM62910 ,A ,
SM62911 ,S ,
SM62912 ,A ,
SM62913 ,A ,
SM62914 ,A ,
SM62915 ,A ,
SM62916 ,S ,
SM62917 ,S ,
SM62918 ,S ,
SM62919 ,S ,
SM62920 ,A ,
SM62921 ,S ,
SM62922 ,S ,
SM62923 ,A ,
SM62924 ,S ,
SM62925 ,A ,
SM62926 ,A ,
SM62927 ,A ,
SM62928 ,S ,
SM62929 ,S ,
SM62930 ,A ,
SM62931 ,S ,
SM62932 ,A ,
SM62933 ,A ,
SM62934 ,S ,
SM62935 ,A ,
SM62936 ,A ,
SM62937 ,S ,
SM62939 ,A ,
SM62941 ,A ,
SM62942 ,S ,
SM62943 ,S ,
SM62944 ,A ,
SM62945 ,A ,
SM62946 ,A ,
SM62947 ,A ,
SM62948 ,A ,
SM62949 ,S ,
SM62950 ,A ,
SM62951 ,A ,
SM62953 ,S ,
SM62954 ,A ,
SM62956 ,S ,
SM62957 ,A ,
SM62958 ,A ,
SM62959 ,A ,
SM62960 ,S ,
SM62961 ,S ,
SM62962 ,S ,
SM62963 ,A ,
SM62964 ,A ,
SM62965 ,A ,
SM62966 ,S ,
SM62967 ,A ,
SM62968 ,A ,
SM62969 ,A ,
SM62970 ,A ,
SM62971 ,A ,
SM62972 ,A ,
SM62973 ,A ,
SM62974 ,A ,
SM62975 ,S ,
SM62976 ,A ,
SM62977 ,S ,
SM62978 ,A ,
SM62979 ,A ,
SM62980 ,S ,
SM62981 ,A ,
SM62982 ,S ,
SM62983 ,A ,
SM62984 ,S ,
SM62985 ,S ,
SM62986 ,A ,
SM62987 ,S ,
SM62988 ,A ,
SM62989 ,A ,
SM62990 ,A ,
SM62991 ,A ,
SM62992 ,S ,
SM62993 ,S ,
SM62994 ,S ,
SM62995 ,S ,
SM62996 ,A ,
SM62997 ,S ,
SM62998 ,S ,
SM62999 ,A ,
SM63000 ,A ,
SM63001 ,A ,
SM63002 ,S ,
SM63003 ,S ,
SM63004 ,A ,
SM63005 ,S ,
SM63006 ,S ,
SM63007 ,S ,
SM63008 ,A ,
SM63009 ,S ,
SM63010 ,A ,
SM63011 ,S ,
SM63012 ,A ,
SM63013 ,A ,
SM63014 ,A ,
SM63015 ,S ,
SM63016 ,A ,
SM63017 ,A ,
SM63018 ,A ,
SM63019 ,A ,
SM63020 ,S ,
SM63021 ,A ,
SM63022 ,A ,
SM63023 ,A ,
SM63024 ,A ,
SM63025 ,S ,
SM63026 ,S ,
SM63027 ,A ,
SM63028 ,A ,
SM63029 ,A ,
SM63030 ,A ,
SM63031 ,A ,
SM63032 ,S ,
SM63033 ,S ,
SM63034 ,S ,
SM63036 ,A ,
SM63038 ,S ,
SM63039 ,A ,
SM63040 ,S ,
SM63041 ,A ,
SM63042 ,A ,
SM63043 ,A ,
SM63044 ,A ,
SM63045 ,S ,
SM63046 ,A ,
SM63047 ,A ,
SM63048 ,A ,
SM63049 ,A ,
SM63050 ,A ,
SM63051 ,S ,
SM63052 ,S ,
SM63053 ,A ,
SM63054 ,A ,
SM63055 ,S ,
SM63056 ,S ,
SM63057 ,A ,
SM63058 ,A ,
SM63059 ,A ,
SM63060 ,S ,
SM63061 ,S ,
SM63062 ,S ,
SM63063 ,S ,
SM63064 ,A ,
SM63065 ,A ,
SM63066 ,S ,
SM63067 ,S ,
SM63068 ,A ,
SM63069 ,A ,
SM63070 ,A ,
SM63071 ,A ,
SM63072 ,A ,
SM63073 ,S ,
SM63074 ,S ,
SM63075 ,A ,
SM63076 ,A ,
SM63077 ,S ,
SM63078 ,A ,
SM63079 ,S ,
SM63080 ,S ,
SM63081 ,S ,
SM63082 ,A ,
SM63083 ,A ,
SM63084 ,S ,
SM63085 ,S ,
SM63086 ,A ,
SM63087 ,S ,
SM63088 ,A ,
SM63089 ,A ,
SM63090 ,A ,
SM63091 ,S ,
SM63092 ,A ,
SM63093 ,A ,
SM63094 ,A ,
SM63095 ,A ,
SM63096 ,A ,
SM63097 ,S ,
SM63098 ,S ,
SM63099 ,A ,
SM63100 ,A ,
SM63101 ,A ,
SM63102 ,A ,
SM63103 ,A ,
SM63104 ,A ,
SM63105 ,S ,
SM63106 ,A ,
SM63107 ,A ,
SM63108 ,S ,
SM63109 ,S ,
SM63110 ,S ,
SM63111 ,S ,
SM63112 ,S ,
SM63113 ,S ,
SM63114 ,A ,
SM63115 ,S ,
SM63116 ,S ,
SM63117 ,S ,
SM63118 ,S ,
SM63119 ,S ,
SM63120 ,A ,
SM63121 ,A ,
SM63122 ,S ,
SM63123 ,A ,
SM63124 ,A ,
SM63125 ,A ,
SM63126 ,A ,
SM63127 ,S ,
SM63128 ,S ,
SM63129 ,S ,
SM63130 ,A ,
SM63131 ,S ,
SM63132 ,A ,
SM63133 ,A ,
SM63134 ,A ,
SM63135 ,A ,
SM63136 ,A ,
SM63137 ,S ,
SM63138 ,S ,
SM63139 ,A ,
SM63140 ,A ,
SM63141 ,A ,
SM63142 ,A ,
SM63143 ,S ,
SM63144 ,S ,
SM63145 ,A ,
SM63146 ,S ,
SM63147 ,A ,
SM63148 ,S ,
SM63149 ,S ,
SM63150 ,A ,
SM63151 ,A ,
SM63152 ,A ,
SM63153 ,S ,
SM63154 ,S ,
SM63156 ,A ,
SM63157 ,A ,
SM63158 ,A ,
SM63159 ,S ,
SM63160 ,S ,
SM63161 ,A ,
SM63162 ,S ,
SM63163 ,S ,
SM63164 ,S ,
SM63165 ,A ,
SM63166 ,S ,
SM63167 ,A ,
SM63168 ,S ,
SM63169 ,S ,
SM63170 ,S ,
SM63171 ,A ,
SM63172 ,A ,
SM63173 ,S ,
SM63174 ,A ,
SM63175 ,A ,
SM63176 ,A ,
SM63177 ,A ,
SM63178 ,S ,
SM63179 ,A ,
SM63180 ,A ,
SM63181 ,S ,
SM63182 ,S ,
SM63183 ,S ,
SM63184 ,A ,
SM63185 ,S ,
SM63186 ,A ,
SM63187 ,S ,
SM63188 ,S ,
SM63189 ,A ,
SM63190 ,A ,
SM63191 ,S ,
SM63192 ,A ,
SM63193 ,A ,
SM63194 ,A ,
SM63195 ,A ,
SM63196 ,S ,
SM63197 ,A ,
SM63198 ,A ,
SM63199 ,A ,
SM63200 ,A ,
SM63201 ,A ,
SM63202 ,S ,
SM63203 ,S ,
SM63204 ,A ,
SM63205 ,S ,
SM63206 ,A ,
SM63207 ,S ,
SM63208 ,S ,
SM63209 ,S ,
SM63210 ,S ,
SM63211 ,A ,
SM63212 ,A ,
SM63213 ,S ,
SM63214 ,S ,
SM63215 ,S ,
SM63216 ,S ,
SM63217 ,A ,
SM63218 ,S ,
SM63219 ,S ,
SM63220 ,S ,
SM63221 ,A ,
SM63222 ,A ,
SM63223 ,S ,
SM63224 ,S ,
SM63225 ,A ,
SM63226 ,S ,
SM63227 ,S ,
SM63228 ,S ,
SM63229 ,A ,
SM63230 ,A ,
SM63231 ,A ,
SM63232 ,A ,
SM63233 ,A ,
SM63234 ,S ,
SM63235 ,S ,
SM63236 ,S ,
SM63237 ,A ,
SM63238 ,A ,
SM63239 ,A ,
SM63240 ,A ,
SM63241 ,S ,
SM63242 ,S ,
SM63243 ,A ,
SM63244 ,A ,
SM63245 ,S ,
SM63246 ,S ,
SM63247 ,S ,
SM63248 ,A ,
SM63249 ,A ,
SM63250 ,A ,
SM63251 ,A ,
SM63252 ,S ,
SM63254 ,S ,
SM63255 ,A ,
SM63256 ,S ,
SM63257 ,A ,
SM63258 ,S ,
SM63259 ,A ,
SM63260 ,A ,
SM63261 ,S ,
SM63262 ,S ,
SM63263 ,S ,
SM63264 ,A ,
SM63265 ,A ,
SM63266 ,S ,
SM63267 ,S ,
SM63268 ,A ,
SM63269 ,S ,
SM63270 ,S ,
SM63271 ,A ,
SM63272 ,S ,
SM63273 ,A ,
SM63274 ,A ,
SM63275 ,S ,
SM63276 ,S ,
SM63277 ,A ,
SM63278 ,A ,
SM63279 ,A ,
SM63280 ,S ,
SM63281 ,S ,
SM63282 ,A ,
SM63283 ,S ,
SM63284 ,S ,
SM63285 ,A ,
SM63286 ,A ,
SM63287 ,S ,
SM63288 ,S ,
SM63289 ,S ,
SM63290 ,S ,
SM63291 ,A ,
SM63292 ,S ,
SM63293 ,S ,
SM63294 ,S ,
SM63295 ,S ,
SM63296 ,S ,
SM63297 ,A ,
SM63298 ,S ,
SM63299 ,A ,
SM63300 ,A ,
SM63301 ,A ,
SM63302 ,A ,
SM63303 ,S ,
SM63304 ,S ,
SM63305 ,A ,
SM63306 ,S ,
SM63307 ,A ,
SM63308 ,S ,
SM63309 ,A ,
SM63310 ,A ,
SM63311 ,A ,
SM63312 ,S ,
SM63313 ,S ,
SM63314 ,S ,
SM63315 ,S ,
SM63316 ,A ,
SM63317 ,S ,
SM63318 ,A ,
SM63319 ,A ,
SM63320 ,A ,
SM63321 ,S ,
SM63322 ,S ,
SM63323 ,A ,
SM63324 ,S ,
SM63325 ,A ,
SM63326 ,S ,
SM63327 ,S ,
SM63328 ,A ,
SM63329 ,A ,
SM63330 ,A ,
SM63331 ,A ,
SM63332 ,A ,
SM63333 ,S ,
SM63334 ,S ,
SM63335 ,S ,
SM63336 ,A ,
SM63337 ,A ,
SM63338 ,A ,
SM63339 ,S ,
SM63340 ,A ,
SM63341 ,A ,
SM63343 ,A ,
SM63344 ,S ,
SM63345 ,S ,
SM63346 ,S ,
SM63347 ,A ,
SM63348 ,A ,
SM63349 ,S ,
SM63350 ,S ,
SM63351 ,A ,
SM63352 ,A ,
SM63353 ,A ,
SM63354 ,A ,
SM63355 ,A ,
SM63356 ,A ,
SM63357 ,S ,
SM63358 ,A ,
SM63359 ,S ,
SM63360 ,A ,
SM63361 ,A ,
SM63362 ,A ,
SM63363 ,A ,
SM63364 ,S ,
SM63365 ,S ,
SM63366 ,A ,
SM63367 ,S ,
SM63368 ,S ,
SM63369 ,A ,
SM63370 ,A ,
SM63371 ,S ,
SM63372 ,S ,
SM63373 ,A ,
SM63374 ,S ,
SM63375 ,S ,
SM63378 ,S ,
SM63379 ,A ,
SM63380 ,S ,
SM63381 ,A ,
SM63383 ,A ,
SM63385 ,A ,
SM63386 ,S ,
SM63387 ,A ,
SM63388 ,S ,
SM63390 ,A ,
SM63391 ,A ,
SM63392 ,S ,
SM63393 ,A ,
SM63394 ,A ,
SM63395 ,S ,
SM63396 ,A ,
SM63397 ,S ,
SM63398 ,A ,
SM63399 ,S ,
SM63400 ,A ,
SM63401 ,A ,
SM63402 ,A ,
SM63403 ,A ,
SM63404 ,S ,
SM63405 ,S ,
SM63406 ,A ,
SM63407 ,A ,
SM63408 ,S ,
SM63409 ,S ,
SM63410 ,S ,
SM63411 ,S ,
SM63412 ,S ,
SM63413 ,A ,
SM63414 ,A ,
SM63415 ,A ,
SM63416 ,A ,
SM63417 ,S ,
SM63418 ,A ,
SM63419 ,A ,
SM63420 ,S ,
SM63421 ,S ,
SM63422 ,A ,
SM63423 ,S ,
SM63424 ,A ,
SM63425 ,A ,
SM63426 ,A ,
SM63427 ,A ,
SM63428 ,A ,
SM63429 ,A ,
SM63430 ,A ,
SM63431 ,A ,
SM63432 ,A ,
SM63433 ,A ,
SM63434 ,A ,
SM63435 ,A ,
SM63436 ,S ,
SM63437 ,A ,
SM63438 ,A ,
SM63439 ,A ,
SM63440 ,S ,
SM63441 ,A ,
SM63442 ,S ,
SM63443 ,A ,
SM63444 ,A ,
SM63445 ,A ,
SM63446 ,A ,
SM63447 ,S ,
SM63448 ,S ,
SM63449 ,A ,
SM63450 ,A ,
SM63451 ,S ,
SM63452 ,A ,
SM63453 ,A ,
SM63454 ,A ,
SM63455 ,A ,
SM63456 ,A ,
SM63457 ,S ,
SM63458 ,S ,
SM63459 ,S ,
SM63460 ,A ,
SM63461 ,A ,
SM63462 ,A ,
SM63463 ,A ,
SM63464 ,A ,
SM63465 ,S ,
SM63466 ,A ,
SM63467 ,S ,
SM63468 ,A ,
SM63469 ,S ,
SM63470 ,S ,
SM63471 ,A ,
SM63472 ,A ,
SM63473 ,A ,
SM63474 ,A ,
SM63475 ,S ,
SM63476 ,A ,
SM63477 ,A ,
SM63478 ,A ,
SM63479 ,S ,
SM63480 ,S ,
SM63481 ,A ,
SM63482 ,S ,
SM63483 ,A ,
SM63484 ,A ,
SM63485 ,S ,
SM63486 ,A ,
SM63487 ,A ,
SM63488 ,A ,
SM63490 ,S ,
SM63491 ,S ,
SM63492 ,A ,
SM63493 ,A ,
SM63494 ,A ,
SM63495 ,S ,
SM63496 ,A ,
SM63497 ,A ,
SM63498 ,A ,
SM63499 ,A ,
SM63500 ,A ,
SM63501 ,A ,
SM63502 ,A ,
SM63503 ,A ,
SM63504 ,A ,
SM63505 ,S ,
SM63506 ,S ,
SM63507 ,S ,
SM63508 ,S ,
SM63509 ,S ,
SM63510 ,A ,
SM63511 ,A ,
SM63512 ,A ,
SM63513 ,A ,
SM63514 ,A ,
SM63515 ,A ,
SM63516 ,A ,
SM63517 ,A ,
SM63518 ,A ,
SM63519 ,A ,
SM63520 ,A ,
SM63521 ,S ,
SM63522 ,A ,
SM63523 ,S ,
SM63524 ,A ,
SM63525 ,A ,
SM63526 ,S ,
SM63527 ,A ,
SM63528 ,S ,
SM63529 ,A ,
SM63530 ,A ,
SM63531 ,A ,
SM63532 ,A ,
SM63533 ,A ,
SM63534 ,S ,
SM63535 ,S ,
SM63536 ,A ,
SM63537 ,S ,
SM63538 ,S ,
SM63539 ,A ,
SM63540 ,A ,
SM63541 ,S ,
SM63542 ,S ,
SM63543 ,A ,
SM63544 ,A ,
SM63545 ,A ,
SM63546 ,A ,
SM63547 ,A ,
SM63548 ,A ,
SM63549 ,S ,
SM63550 ,A ,
SM63551 ,A ,
SM63552 ,A ,
SM63553 ,A ,
SM63554 ,S ,
SM63555 ,A ,
SM63556 ,S ,
SM63557 ,S ,
SM63558 ,A ,
SM63559 ,S ,
SM63560 ,S ,
SM63561 ,A ,
SM63562 ,S ,
SM63563 ,A ,
SM63564 ,A ,
SM63565 ,A ,
SM63566 ,A ,
SM63567 ,A ,
SM63568 ,S ,
SM63569 ,S ,
SM63570 ,A ,
SM63571 ,A ,
SM63572 ,A ,
SM63573 ,A ,
SM63574 ,A ,
SM63575 ,S ,
SM63576 ,A ,
SM63577 ,S ,
SM63578 ,S ,
SM63579 ,A ,
SM63580 ,A ,
SM63581 ,A ,
SM63582 ,A ,
SM63583 ,A ,
SM63584 ,A ,
SM63585 ,S ,
SM63586 ,S ,
SM63587 ,A ,
SM63588 ,A ,
SM63589 ,A ,
SM63590 ,A ,
SM63591 ,S ,
SM63592 ,A ,
SM63593 ,A ,
SM63594 ,A ,
SM63595 ,A ,
SM63596 ,A ,
SM63597 ,A ,
SM63598 ,A ,
SM63599 ,A ,
SM63600 ,A ,
SM63601 ,S ,
SM63602 ,A ,
SM63603 ,A ,
SM63604 ,S ,
SM63605 ,A ,
SM63606 ,S ,
SM63607 ,A ,
SM63608 ,S ,
SM63609 ,A ,
SM63610 ,A ,
SM63611 ,S ,
SM63612 ,S ,
SM63613 ,A ,
SM63614 ,A ,
SM63615 ,S ,
SM63616 ,A ,
SM63617 ,A ,
SM63618 ,A ,
SM63619 ,A ,
SM63620 ,A ,
SM63621 ,S ,
SM63622 ,A ,
SM63623 ,S ,
SM63624 ,A ,
SM63625 ,A ,
SM63626 ,A ,
SM63628 ,A ,
SM63629 ,A ,
SM63630 ,A ,
SM63631 ,A ,
SM63632 ,S ,
SM63633 ,A ,
SM63634 ,S ,
SM63635 ,A ,
SM63636 ,A ,
SM63637 ,S ,
SM63638 ,S ,
SM63639 ,A ,
SM63640 ,S ,
SM63641 ,A ,
SM63642 ,A ,
SM63643 ,A ,
SM63644 ,S ,
SM63645 ,S ,
SM63646 ,S ,
SM63647 ,A ,
SM63648 ,A ,
SM63649 ,A ,
SM63650 ,A ,
SM63651 ,A ,
SM63652 ,A ,
SM63653 ,A ,
SM63654 ,S ,
SM63655 ,S ,
SM63656 ,A ,
SM63657 ,A ,
SM63658 ,A ,
SM63659 ,A ,
SM63660 ,A ,
SM63661 ,S ,
SM63662 ,S ,
SM63663 ,A ,
SM63664 ,A ,
SM63665 ,A ,
SM63666 ,A ,
SM63667 ,A ,
SM63668 ,S ,
SM63669 ,A ,
SM63670 ,A ,
SM63671 ,S ,
SM63672 ,A ,
SM63673 ,A ,
SM63674 ,A ,
SM63675 ,A ,
SM63676 ,A ,
SM63677 ,S ,
SM63678 ,A ,
SM63679 ,A ,
SM63680 ,A ,
SM63681 ,A ,
SM63682 ,A ,
SM63683 ,A ,
SM63684 ,S ,
SM63685 ,S ,
SM63686 ,A ,
SM63687 ,S ,
SM63689 ,S ,
SM63690 ,A ,
SM63691 ,A ,
SM63692 ,A ,
SM63693 ,S ,
SM63694 ,A ,
SM63695 ,A ,
SM63696 ,A ,
SM63697 ,S ,
SM63698 ,A ,
SM63699 ,A ,
SM63700 ,S ,
SM63701 ,A ,
SM63702 ,A ,
SM63703 ,S ,
SM63704 ,S ,
SM63705 ,A ,
SM63706 ,A ,
SM63707 ,A ,
SM63708 ,A ,
SM63709 ,S ,
SM63710 ,S ,
SM63711 ,S ,
SM63712 ,A ,
SM63713 ,A ,
SM63714 ,A ,
SM63715 ,A ,
SM63716 ,S ,
SM63717 ,S ,
SM63718 ,A ,
SM63719 ,S ,
SM63720 ,A ,
SM63721 ,S ,
SM63722 ,S ,
SM63723 ,A ,
SM63724 ,S ,
SM63725 ,S ,
SM63726 ,A ,
SM63727 ,S ,
SM63728 ,S ,
SM63729 ,A ,
SM63730 ,A ,
SM63732 ,S ,
SM63733 ,A ,
SM63734 ,S ,
SM63735 ,S ,
SM63736 ,A ,
SM63737 ,S ,
SM63738 ,A ,
SM63739 ,A ,
SM63740 ,S ,
SM63741 ,A ,
SM63742 ,A ,
SM63743 ,S ,
SM63744 ,A ,
SM63745 ,A ,
SM63746 ,A ,
SM63747 ,S ,
SM63748 ,A ,
SM63749 ,S ,
SM63750 ,A ,
SM63751 ,A ,
SM63752 ,A ,
SM63754 ,A ,
SM63755 ,S ,
SM63756 ,S ,
SM63757 ,S ,
SM63758 ,A ,
SM63759 ,S ,
SM63760 ,A ,
SM63761 ,A ,
SM63762 ,S ,
SM63763 ,S ,
SM63764 ,S ,
SM63765 ,S ,
SM63766 ,A ,
SM63767 ,A ,
SM63768 ,A ,
SM63769 ,S ,
SM63770 ,A ,
SM63771 ,A ,
SM63772 ,S ,
SM63774 ,A ,
SM63775 ,A ,
SM63776 ,A ,
SM63777 ,A ,
SM63778 ,S ,
SM63779 ,S ,
SM63780 ,S ,
SM63781 ,A ,
SM63782 ,A ,
SM63783 ,A ,
SM63784 ,S ,
SM63785 ,S ,
SM63786 ,S ,
SM63787 ,A ,
SM63788 ,S ,
SM63789 ,A ,
SM63790 ,S ,
SM63791 ,A ,
SM63792 ,S ,
SM63793 ,S ,
SM63794 ,A ,
SM63795 ,A ,
SM63796 ,S ,
SM63797 ,A ,
SM63798 ,A ,
SM63799 ,S ,
SM63800 ,A ,
SM63801 ,S ,
SM63802 ,S ,
SM63803 ,S ,
SM63804 ,S ,
SM63805 ,A ,
SM63806 ,A ,
SM63807 ,A ,
SM63808 ,A ,
SM63809 ,S ,
SM63810 ,A ,
SM63811 ,A ,
SM63812 ,S ,
SM63813 ,S ,
SM63814 ,A ,
SM63815 ,A ,
SM63816 ,A ,
SM63817 ,A ,
SM63818 ,S ,
SM63819 ,A ,
SM63820 ,S ,
SM63821 ,A ,
SM63822 ,A ,
SM63823 ,A ,
SM63824 ,S ,
SM63825 ,S ,
SM63826 ,S ,
SM63827 ,A ,
SM63828 ,S ,
SM63829 ,A ,
SM63830 ,A ,
SM63831 ,A ,
SM63832 ,S ,
SM63833 ,S ,
SM63834 ,S ,
SM63835 ,S ,
SM63836 ,A ,
SM63837 ,A ,
SM63838 ,A ,
SM63839 ,S ,
SM63840 ,A ,
SM63841 ,S ,
SM63842 ,A ,
SM63843 ,A ,
SM63844 ,S ,
SM63845 ,S ,
SM63846 ,A ,
SM63847 ,A ,
SM63848 ,A ,
SM63849 ,S ,
SM63850 ,S ,
SM63851 ,S ,
SM63852 ,S ,
SM63853 ,S ,
SM63854 ,A ,
SM63855 ,A ,
SM63856 ,S ,
SM63857 ,S ,
SM63858 ,A ,
SM63859 ,A ,
SM63860 ,A ,
SM63861 ,A ,
SM63862 ,A ,
SM63863 ,S ,
SM63864 ,A ,
SM63865 ,A ,
SM63866 ,S ,
SM63867 ,A ,
SM63868 ,A ,
SM63869 ,S ,
SM63870 ,A ,
SM63871 ,S ,
SM63872 ,A ,
SM63873 ,S ,
SM63874 ,A ,
SM63875 ,A ,
SM63876 ,S ,
SM63877 ,A ,
SM63878 ,A ,
SM63879 ,S ,
SM63880 ,A ,
SM63881 ,A ,
SM63882 ,A ,
SM63883 ,S ,
SM63884 ,S ,
SM63885 ,A ,
SM63887 ,S ,
SM63888 ,S ,
SM63889 ,A ,
SM63890 ,S ,
SM63891 ,A ,
SM63892 ,S ,
SM63893 ,A ,
SM63894 ,A ,
SM63895 ,S ,
SM63896 ,A ,
SM63899 ,A ,
SM63900 ,A ,
SM63901 ,S ,
SM63902 ,A ,
SM63903 ,S ,
SM63904 ,A ,
SM63905 ,S ,
SM63906 ,A ,
SM63907 ,A ,
SM63908 ,S ,
SM63909 ,S ,
SM63910 ,A ,
SM63911 ,S ,
SM63912 ,A ,
SM63913 ,A ,
SM63914 ,A ,
SM63915 ,A ,
SM63916 ,S ,
SM63917 ,A ,
SM63918 ,S ,
SM63919 ,A ,
SM63920 ,S ,
SM63921 ,S ,
SM63922 ,A ,
SM63923 ,A ,
SM63924 ,A ,
SM63925 ,A ,
SM63927 ,A ,
SM63928 ,S ,
SM63929 ,A ,
SM63930 ,A ,
SM63931 ,S ,
SM63932 ,S ,
SM63934 ,S ,
SM63935 ,A ,
SM63937 ,S ,
SM63938 ,A ,
SM63939 ,S ,
SM63940 ,S ,
SM63941 ,A ,
SM63942 ,A ,
SM63943 ,A ,
SM63944 ,S ,
SM63945 ,S ,
SM63946 ,A ,
SM63947 ,S ,
SM63948 ,A ,
SM63949 ,A ,
SM63950 ,A ,
SM63951 ,S ,
SM63952 ,A ,
SM63953 ,A ,
SM63954 ,A ,
SM63955 ,A ,
SM63956 ,S ,
SM63957 ,A ,
SM63958 ,A ,
SM63959 ,S ,
SM63960 ,A ,
SM63961 ,A ,
SM63962 ,A ,
SM63963 ,A ,
SM63965 ,A ,
SM63966 ,A ,
SM63967 ,A ,
SM63968 ,A ,
SM63969 ,A ,
SM63970 ,A ,
SM63971 ,S ,
SM63972 ,A ,
SM63973 ,A ,
SM63974 ,S ,
SM63975 ,A ,
SM63976 ,S ,
SM63977 ,S ,
SM63978 ,S ,
SM63979 ,A ,
SM63980 ,A ,
SM63981 ,A ,
SM63982 ,A ,
SM63983 ,A ,
SM63984 ,S ,
SM63985 ,S ,
SM63986 ,A ,
SM63987 ,A ,
SM63988 ,S ,
SM63989 ,S ,
SM63990 ,A ,
SM63991 ,S ,
SM63992 ,S ,
SM63993 ,A ,
SM63994 ,A ,
SM63995 ,S ,
SM63996 ,S ,
SM63997 ,A ,
SM63998 ,A ,
SM63999 ,A ,
SM64000 ,A ,
SM64001 ,A ,
SM64002 ,A ,
SM64003 ,S ,
SM64004 ,A ,
SM64005 ,A ,
SM64006 ,S ,
SM64007 ,A ,
SM64008 ,A ,
SM64009 ,S ,
SM64010 ,A ,
SM64011 ,A ,
SM64012 ,A ,
SM64013 ,A ,
SM64014 ,A ,
SM64015 ,A ,
SM64016 ,S ,
SM64017 ,A ,
SM64020 ,S ,
SM64021 ,S ,
SM64022 ,S ,
SM64023 ,S ,
SM64024 ,S ,
SM64025 ,A ,
SM64026 ,A ,
SM64027 ,A ,
SM64028 ,A ,
SM64029 ,S ,
SM64030 ,A ,
SM64031 ,A ,
SM64032 ,A ,
SM64033 ,A ,
SM64034 ,S ,
SM64035 ,S ,
SM64036 ,S ,
SM64037 ,A ,
SM64038 ,A ,
SM64039 ,A ,
SM64040 ,A ,
SM64041 ,A ,
SM64042 ,A ,
SM64043 ,A ,
SM64044 ,A ,
SM64045 ,A ,
SM64046 ,S ,
SM64047 ,A ,
SM64048 ,A ,
SM64049 ,S ,
SM64050 ,A ,
SM64051 ,A ,
SM64052 ,A ,
SM64053 ,A ,
SM64054 ,A ,
SM64055 ,A ,
SM64056 ,A ,
SM64057 ,A ,
SM64058 ,A ,
SM64059 ,A ,
SM64060 ,S ,
SM64061 ,A ,
SM64062 ,A ,
SM64063 ,A ,
SM64064 ,A ,
SM64065 ,A ,
SM64066 ,S ,
SM64067 ,A ,
SM64068 ,A ,
SM64069 ,S ,
SM64070 ,A ,
SM64071 ,A ,
SM64072 ,A ,
SM64073 ,A ,
SM64074 ,A ,
SM64075 ,S ,
SM64076 ,S ,
SM64077 ,S ,
SM64078 ,A ,
SM64079 ,S ,
SM64080 ,S ,
SM64081 ,S ,
SM64082 ,S ,
SM64083 ,S ,
SM64084 ,A ,
SM64085 ,S ,
SM64086 ,A ,
SM64087 ,S ,
SM64088 ,S ,
SM64089 ,S ,
SM64090 ,A ,
SM64091 ,A ,
SM64092 ,A ,
SM64093 ,S ,
SM64094 ,S ,
SM64095 ,A ,
SM64096 ,S ,
SM64097 ,A ,
SM64098 ,A ,
SM64099 ,S ,
SM64100 ,A ,
SM64101 ,A ,
SM64102 ,A ,
SM64103 ,A ,
SM64104 ,A ,
SM64105 ,A ,
SM64106 ,S ,
SM64107 ,A ,
SM64108 ,S ,
SM64109 ,S ,
SM64110 ,A ,
SM64111 ,A ,
SM64112 ,S ,
SM64113 ,A ,
SM64114 ,S ,
SM64116 ,S ,
SM64118 ,A ,
SM64119 ,A ,
SM64120 ,A ,
SM64121 ,S ,
SM64122 ,A ,
SM64124 ,S ,
SM64125 ,S ,
SM64126 ,A ,
SM64127 ,A ,
SM64128 ,S ,
SM64129 ,S ,
SM64130 ,A ,
SM64131 ,S ,
SM64132 ,S ,
SM64133 ,S ,
SM64134 ,A ,
SM64135 ,S ,
SM64137 ,A ,
SM64138 ,S ,
SM64139 ,A ,
SM64140 ,S ,
SM64141 ,A ,
SM64142 ,S ,
SM64143 ,A ,
SM64144 ,A ,
SM64145 ,A ,
SM64146 ,S ,
SM64147 ,A ,
SM64148 ,A ,
SM64149 ,A ,
SM64150 ,A ,
SM64151 ,A ,
SM64152 ,A ,
SM64154 ,A ,
SM64155 ,S ,
SM64156 ,S ,
SM64157 ,S ,
SM64158 ,A ,
SM64159 ,S ,
SM64160 ,S ,
SM64161 ,A ,
SM64162 ,A ,
SM64163 ,A ,
SM64164 ,S ,
SM64165 ,A ,
SM64166 ,S ,
SM64167 ,A ,
SM64168 ,A ,
SM64169 ,A ,
SM64170 ,S ,
SM64171 ,S ,
SM64172 ,A ,
SM64173 ,A ,
SM64174 ,S ,
SM64175 ,S ,
SM64176 ,A ,
SM64177 ,A ,
SM64178 ,A ,
SM64179 ,A ,
SM64180 ,S ,
SM64181 ,S ,
SM64182 ,S ,
SM64183 ,S ,
SM64184 ,A ,
SM64185 ,A ,
SM64186 ,S ,
SM64188 ,A ,
SM64189 ,S ,
SM64192 ,A ,
SM64193 ,A ,
SM64194 ,A ,
SM64196 ,A ,
SM64197 ,S ,
SM64198 ,A ,
SM64199 ,S ,
SM64200 ,S ,
SM64201 ,A ,
SM64202 ,A ,
SM64203 ,S ,
SM64204 ,A ,
SM64205 ,A ,
SM64206 ,S ,
SM64207 ,S ,
SM64208 ,S ,
SM64209 ,A ,
SM64210 ,A ,
SM64211 ,A ,
SM64212 ,S ,
SM64213 ,S ,
SM64214 ,A ,
SM64215 ,A ,
SM64216 ,S ,
SM64217 ,A ,
SM64218 ,A ,
SM64219 ,A ,
SM64220 ,S ,
SM64221 ,A ,
SM64222 ,A ,
SM64223 ,S ,
SM64224 ,S ,
SM64225 ,A ,
SM64226 ,S ,
SM64227 ,S ,
SM64228 ,S ,
SM64229 ,A ,
SM64230 ,A ,
SM64231 ,A ,
SM64232 ,A ,
SM64233 ,S ,
SM64234 ,A ,
SM64235 ,A ,
SM64237 ,A ,
SM64238 ,A ,
SM64239 ,A ,
SM64240 ,S ,
SM64241 ,S ,
SM64242 ,A ,
SM64243 ,S ,
SM64244 ,S ,
SM64245 ,A ,
SM64246 ,A ,
SM64247 ,S ,
SM64248 ,S ,
SM64249 ,A ,
SM64250 ,S ,
SM64251 ,A ,
SM64252 ,A ,
SM64253 ,S ,
SM64254 ,A ,
SM64255 ,A ,
SM64257 ,A ,
SM64258 ,A ,
SM64259 ,A ,
SM64260 ,S ,
SM64261 ,A ,
SM64262 ,S ,
SM64263 ,S ,
SM64264 ,A ,
SM64265 ,S ,
SM64266 ,A ,
SM64267 ,A ,
SM64268 ,S ,
SM64269 ,S ,
SM64270 ,S ,
SM64271 ,S ,
SM64272 ,S ,
SM64273 ,A ,
SM64274 ,S ,
SM64275 ,S ,
SM64276 ,A ,
SM64277 ,S ,
SM64278 ,A ,
SM64279 ,A ,
SM64280 ,S ,
SM64281 ,S ,
SM64282 ,S ,
SM64283 ,S ,
SM64284 ,A ,
SM64285 ,A ,
SM64286 ,S ,
SM64287 ,A ,
SM64288 ,S ,
SM64289 ,A ,
SM64290 ,S ,
SM64291 ,A ,
SM64292 ,S ,
SM64293 ,S ,
SM64294 ,A ,
SM64295 ,A ,
SM64296 ,S ,
SM64297 ,S ,
SM64298 ,A ,
SM64299 ,S ,
SM64300 ,A ,
SM64301 ,A ,
SM64302 ,S ,
SM64303 ,S ,
SM64304 ,A ,
SM64305 ,A ,
SM64306 ,S ,
SM64307 ,A ,
SM64308 ,A ,
SM64309 ,A ,
SM64310 ,A ,
SM64311 ,A ,
SM64312 ,A ,
SM64313 ,S ,
SM64314 ,A ,
SM64315 ,A ,
SM64316 ,A ,
SM64317 ,A ,
SM64318 ,S ,
SM64319 ,A ,
SM64320 ,S ,
SM64321 ,A ,
SM64322 ,A ,
SM64323 ,A ,
SM64324 ,A ,
SM64325 ,A ,
SM64326 ,S ,
SM64328 ,A ,
SM64329 ,A ,
SM64330 ,S ,
SM64331 ,S ,
SM64332 ,S ,
SM64333 ,A ,
SM64334 ,A ,
SM64335 ,S ,
SM64336 ,A ,
SM64337 ,S ,
SM64338 ,A ,
SM64339 ,A ,
SM64340 ,A ,
SM64341 ,S ,
SM64342 ,S ,
SM64343 ,S ,
SM64344 ,A ,
SM64345 ,A ,
SM64346 ,A ,
SM64347 ,A ,
SM64348 ,S ,
SM64349 ,S ,
SM64350 ,S ,
SM64351 ,A ,
SM64352 ,A ,
SM64353 ,S ,
SM64354 ,A ,
SM64355 ,A ,
SM64356 ,S ,
SM64357 ,A ,
SM64358 ,A ,
SM64359 ,A ,
SM64360 ,A ,
SM64361 ,A ,
SM64362 ,A ,
SM64363 ,S ,
SM64364 ,A ,
SM64365 ,A ,
SM64366 ,A ,
SM64367 ,S ,
SM64368 ,A ,
SM64369 ,A ,
SM64370 ,S ,
SM64371 ,S ,
SM64372 ,A ,
SM64373 ,S ,
SM64374 ,S ,
SM64375 ,A ,
SM64376 ,S ,
SM64378 ,S ,
SM64379 ,S ,
SM64380 ,A ,
SM64381 ,A ,
SM64382 ,S ,
SM64383 ,A ,
SM64384 ,S ,
SM64385 ,A ,
SM64386 ,S ,
SM64387 ,A ,
SM64388 ,A ,
SM64389 ,A ,
SM64390 ,S ,
SM64391 ,A ,
SM64392 ,A ,
SM64393 ,A ,
SM64394 ,S ,
SM64395 ,A ,
SM64396 ,A ,
SM64397 ,A ,
SM64398 ,A ,
SM64399 ,A ,
SM64400 ,A ,
SM64401 ,A ,
SM64402 ,S ,
SM64403 ,A ,
SM64404 ,A ,
SM64405 ,A ,
SM64406 ,A ,
SM64407 ,S ,
SM64408 ,S ,
SM64409 ,A ,
SM64410 ,A ,
SM64411 ,A ,
SM64412 ,A ,
SM64413 ,S ,
SM64414 ,A ,
SM64415 ,A ,
SM64416 ,S ,
SM64417 ,A ,
SM64419 ,S ,
SM64420 ,A ,
SM64421 ,S ,
SM64422 ,S ,
SM64423 ,A ,
SM64424 ,S ,
SM64425 ,S ,
SM64426 ,A ,
SM64427 ,S ,
SM64429 ,A ,
SM64430 ,A ,
SM64431 ,S ,
SM64432 ,S ,
SM64433 ,S ,
SM64434 ,A ,
SM64435 ,A ,
SM64436 ,A ,
SM64437 ,A ,
SM64438 ,S ,
SM64439 ,S ,
SM64440 ,S ,
SM64441 ,A ,
SM64442 ,A ,
SM64443 ,S ,
SM64444 ,A ,
SM64447 ,A ,
SM64448 ,S ,
SM64449 ,S ,
SM64450 ,A ,
SM64451 ,A ,
SM64452 ,A ,
SM64454 ,S ,
SM64455 ,A ,
SM64456 ,S ,
SM64457 ,S ,
SM64458 ,A ,
SM64459 ,A ,
SM64461 ,S ,
SM64462 ,A ,
SM64464 ,A ,
SM64466 ,A ,
SM64467 ,A ,
SM64468 ,S ,
SM64469 ,A ,
SM64471 ,S ,
SM64472 ,A ,
SM64474 ,A ,
SM64475 ,S ,
SM64476 ,S ,
SM64477 ,S ,
SM64478 ,A ,
SM64479 ,S ,
SM64480 ,S ,
SM64481 ,S ,
SM64482 ,S ,
SM64483 ,S ,
SM64484 ,S ,
SM64485 ,S ,
SM64486 ,A ,
SM64487 ,S ,
SM64488 ,S ,
SM64489 ,S ,
SM64490 ,A ,
SM64491 ,S ,
SM64492 ,S ,
SM64493 ,A ,
SM64494 ,S ,
SM64495 ,A ,
SM64496 ,S ,
SM64497 ,A ,
SM64498 ,A ,
SM64499 ,S ,
SM64500 ,S ,
SM64501 ,A ,
SM64502 ,S ,
SM64504 ,S ,
SM64505 ,A ,
SM64506 ,A ,
SM64507 ,S ,
SM64508 ,S ,
SM64509 ,S ,
SM64510 ,A ,
SM64511 ,A ,
SM64512 ,A ,
SM64513 ,S ,
SM64514 ,A ,
SM64515 ,S ,
SM64516 ,A ,
SM64517 ,A ,
SM64518 ,S ,
SM64519 ,A ,
SM64520 ,S ,
SM64521 ,S ,
SM64522 ,S ,
SM64523 ,S ,
SM64524 ,A ,
SM64525 ,A ,
SM64526 ,A ,
SM64527 ,A ,
SM64528 ,A ,
SM64530 ,A ,
SM64531 ,S ,
SM64532 ,S ,
SM64533 ,S ,
SM64534 ,S ,
SM64535 ,A ,
SM64537 ,S ,
SM64538 ,S ,
SM64539 ,A ,
SM64540 ,S ,
SM64541 ,A ,
SM64542 ,S ,
SM64543 ,S ,
SM64544 ,A ,
SM64545 ,S ,
SM64546 ,S ,
SM64547 ,S ,
SM64548 ,S ,
SM64549 ,S ,
SM64550 ,S ,
SM64551 ,A ,
SM64552 ,A ,
SM64553 ,A ,
SM64554 ,A ,
SM64555 ,S ,
SM64556 ,S ,
SM64557 ,A ,
SM64558 ,A ,
SM64559 ,A ,
SM64560 ,S ,
SM64561 ,A ,
SM64562 ,A ,
SM64563 ,A ,
SM64564 ,S ,
SM64565 ,A ,
SM64566 ,S ,
SM64567 ,S ,
SM64568 ,A ,
SM64569 ,A ,
SM64570 ,S ,
SM64571 ,S ,
SM64572 ,A ,
SM64573 ,S ,
SM64574 ,S ,
SM64575 ,S ,
SM64576 ,A ,
SM64577 ,S ,
SM64578 ,S ,
SM64579 ,A ,
SM64580 ,S ,
SM64581 ,S ,
SM64582 ,A ,
SM64583 ,S ,
SM64584 ,S ,
SM64585 ,S ,
SM64586 ,S ,
SM64587 ,S ,
SM64588 ,A ,
SM64589 ,A ,
SM64590 ,A ,
SM64591 ,S ,
SM64592 ,S ,
SM64593 ,A ,
SM64594 ,A ,
SM64595 ,S ,
SM64596 ,A ,
SM64597 ,A ,
SM64598 ,A ,
SM64599 ,A ,
SM64600 ,A ,
SM64601 ,A ,
SM64602 ,S ,
SM64605 ,A ,
SM64606 ,A ,
SM64607 ,A ,
SM64608 ,S ,
SM64609 ,S ,
SM64610 ,A ,
SM64611 ,S ,
SM64612 ,A ,
SM64613 ,A ,
SM64614 ,A ,
SM64615 ,S ,
SM64616 ,S ,
SM64617 ,A ,
SM64618 ,A ,
SM64619 ,A ,
SM64620 ,A ,
SM64621 ,S ,
SM64622 ,S ,
SM64623 ,S ,
SM64624 ,S ,
SM64625 ,A ,
SM64626 ,A ,
SM64627 ,S ,
SM64628 ,A ,
SM64629 ,S ,
SM64630 ,A ,
SM64631 ,A ,
SM64632 ,S ,
SM64633 ,S ,
SM64634 ,A ,
SM64635 ,A ,
SM64636 ,S ,
SM64637 ,A ,
SM64638 ,A ,
SM64639 ,S ,
SM64640 ,A ,
SM64641 ,S ,
SM64642 ,S ,
SM64643 ,A ,
SM64644 ,A ,
SM64645 ,A ,
SM64646 ,A ,
SM64647 ,S ,
SM64648 ,A ,
SM64649 ,S ,
SM64650 ,A ,
SM64651 ,S ,
SM64652 ,S ,
SM64653 ,A ,
SM64654 ,S ,
SM64655 ,A ,
SM64656 ,A ,
SM64659 ,A ,
SM64660 ,S ,
SM64661 ,S ,
SM64662 ,A ,
SM64663 ,A ,
SM64664 ,S ,
SM64665 ,A ,
SM64666 ,A ,
SM64667 ,A ,
SM64668 ,A ,
SM64669 ,S ,
SM64670 ,A ,
SM64671 ,A ,
SM64672 ,A ,
SM64673 ,A ,
SM64674 ,S ,
SM64675 ,A ,
SM64676 ,A ,
SM64677 ,S ,
SM64678 ,S ,
SM64679 ,A ,
SM64680 ,S ,
SM64681 ,A ,
SM64682 ,A ,
SM64683 ,A ,
SM64684 ,A ,
SM64685 ,S ,
SM64686 ,A ,
SM64687 ,S ,
SM64689 ,A ,
SM64690 ,A ,
SM64691 ,S ,
SM64692 ,S ,
SM64693 ,A ,
SM64694 ,A ,
SM64695 ,S ,
SM64696 ,A ,
SM64697 ,A ,
SM64698 ,S ,
SM64699 ,A ,
SM64700 ,A ,
SM64701 ,S ,
SM64702 ,A ,
SM64703 ,A ,
SM64704 ,S ,
SM64705 ,A ,
SM64706 ,S ,
SM64707 ,A ,
SM64708 ,A ,
SM64709 ,S ,
SM64710 ,A ,
SM64711 ,A ,
SM64712 ,S ,
SM64713 ,A ,
SM64714 ,A ,
SM64715 ,S ,
SM64716 ,A ,
SM64717 ,A ,
SM64718 ,A ,
SM64719 ,A ,
SM64720 ,S ,
SM64721 ,S ,
SM64722 ,A ,
SM64723 ,A ,
SM64724 ,S ,
SM64725 ,A ,
SM64726 ,A ,
SM64727 ,S ,
SM64728 ,A ,
SM64729 ,A ,
SM64731 ,A ,
SM64732 ,A ,
SM64733 ,A ,
SM64734 ,S ,
SM64735 ,A ,
SM64736 ,A ,
SM64737 ,A ,
SM64738 ,S ,
SM64739 ,S ,
SM64740 ,S ,
SM64741 ,A ,
SM64742 ,A ,
SM64743 ,S ,
SM64744 ,A ,
SM64745 ,A ,
SM64746 ,A ,
SM64747 ,S ,
SM64748 ,S ,
SM64749 ,S ,
SM64750 ,A ,
SM64751 ,A ,
SM64752 ,A ,
SM64753 ,A ,
SM64754 ,A ,
SM64755 ,A ,
SM64756 ,S ,
SM64757 ,S ,
SM64758 ,A ,
SM64759 ,A ,
SM64760 ,S ,
SM64761 ,A ,
SM64762 ,A ,
SM64763 ,A ,
SM64764 ,A ,
SM64765 ,A ,
SM64766 ,A ,
SM64767 ,A ,
SM64768 ,A ,
SM64769 ,A ,
SM64770 ,A ,
SM64771 ,A ,
SM64772 ,S ,
SM64773 ,A ,
SM64774 ,A ,
SM64775 ,A ,
SM64776 ,A ,
SM64777 ,A ,
SM64778 ,S ,
SM64779 ,A ,
SM64780 ,A ,
SM64781 ,A ,
SM64782 ,A ,
SM64783 ,S ,
SM64784 ,S ,
SM64785 ,S ,
SM64786 ,A ,
SM64787 ,A ,
SM64788 ,S ,
SM64789 ,A ,
SM64790 ,S ,
SM64791 ,S ,
SM64792 ,A ,
SM64793 ,S ,
SM64794 ,S ,
SM64795 ,S ,
SM64796 ,A ,
SM64797 ,S ,
SM64798 ,S ,
SM64799 ,S ,
SM64800 ,A ,
SM64801 ,A ,
SM64802 ,A ,
SM64803 ,A ,
SM64804 ,A ,
SM64805 ,A ,
SM64806 ,A ,
SM64807 ,S ,
SM64808 ,A ,
SM64809 ,A ,
SM64810 ,S ,
SM64811 ,A ,
SM64812 ,A ,
SM64813 ,A ,
SM64814 ,S ,
SM64815 ,A ,
SM64816 ,A ,
SM64817 ,A ,
SM64818 ,S ,
SM64819 ,A ,
SM64820 ,S ,
SM64821 ,S ,
SM64822 ,A ,
SM64823 ,A ,
SM64824 ,S ,
SM64825 ,S ,
SM64826 ,A ,
SM64827 ,S ,
SM64828 ,A ,
SM64829 ,A ,
SM64830 ,S ,
SM64831 ,S ,
SM64832 ,A ,
SM64833 ,A ,
SM64834 ,S ,
SM64835 ,A ,
SM64836 ,A ,
SM64837 ,A ,
SM64838 ,S ,
SM64839 ,S ,
SM64840 ,A ,
SM64841 ,A ,
SM64842 ,S ,
SM64843 ,A ,
SM64844 ,A ,
SM64845 ,A ,
SM64847 ,A ,
SM64848 ,A ,
SM64849 ,S ,
SM64850 ,S ,
SM64851 ,A ,
SM64852 ,A ,
SM64853 ,A ,
SM64854 ,A ,
SM64855 ,S ,
SM64856 ,A ,
SM64857 ,A ,
SM64858 ,S ,
SM64859 ,A ,
SM64860 ,A ,
SM64861 ,S ,
SM64862 ,A ,
SM64863 ,A ,
SM64864 ,S ,
SM64865 ,A ,
SM64866 ,A ,
SM64867 ,A ,
SM64868 ,A ,
SM64869 ,S ,
SM64870 ,S ,
SM64871 ,A ,
SM64872 ,A ,
SM64873 ,S ,
SM64875 ,A ,
SM64876 ,A ,
SM64877 ,S ,
SM64878 ,S ,
SM64880 ,A ,
SM64881 ,S ,
SM64882 ,A ,
SM64883 ,A ,
SM64884 ,A ,
SM64885 ,S ,
SM64886 ,A ,
SM64887 ,A ,
SM64888 ,S ,
SM64889 ,A ,
SM64890 ,A ,
SM64891 ,A ,
SM64892 ,A ,
SM64893 ,A ,
SM64894 ,A ,
SM64895 ,S ,
SM64896 ,A ,
SM64897 ,S ,
SM64898 ,A ,
SM64899 ,A ,
SM64900 ,A ,
SM64901 ,S ,
SM64902 ,S ,
SM64903 ,A ,
SM64904 ,A ,
SM64905 ,S ,
SM64906 ,S ,
SM64907 ,A ,
SM64908 ,S ,
SM64909 ,A ,
SM64910 ,A ,
SM64911 ,A ,
SM64913 ,S ,
SM64914 ,S ,
SM64915 ,A ,
SM64916 ,S ,
SM64917 ,A ,
SM64918 ,A ,
SM64919 ,A ,
SM64920 ,A ,
SM64921 ,A ,
SM64922 ,A ,
SM64923 ,A ,
SM64924 ,S ,
SM64925 ,S ,
SM64926 ,S ,
SM64927 ,A ,
SM64928 ,A ,
SM64929 ,A ,
SM64930 ,A ,
SM64931 ,A ,
SM64932 ,A ,
SM64933 ,S ,
SM64934 ,A ,
SM64935 ,A ,
SM64936 ,A ,
SM64937 ,S ,
SM64938 ,A ,
SM64939 ,A ,
SM64940 ,A ,
SM64941 ,A ,
SM64942 ,A ,
SM64943 ,A ,
SM64944 ,A ,
SM64946 ,S ,
SM64947 ,A ,
SM64948 ,S ,
SM64949 ,S ,
SM64950 ,A ,
SM64952 ,S ,
SM64953 ,A ,
SM64954 ,A ,
SM64955 ,S ,
SM64956 ,S ,
SM64957 ,A ,
SM64958 ,A ,
SM64959 ,A ,
SM64960 ,S ,
SM64961 ,A ,
SM64962 ,A ,
SM64963 ,A ,
SM64964 ,A ,
SM64965 ,S ,
SM64966 ,S ,
SM64967 ,S ,
SM64968 ,A ,
SM64969 ,A ,
SM64970 ,A ,
SM64971 ,S ,
SM64972 ,S ,
SM64973 ,S ,
SM64974 ,S ,
SM64975 ,A ,
SM64976 ,S ,
SM64977 ,A ,
SM64978 ,A ,
SM64979 ,A ,
SM64980 ,A ,
SM64981 ,S ,
SM64982 ,A ,
SM64983 ,A ,
SM64984 ,A ,
SM64985 ,S ,
SM64986 ,A ,
SM64987 ,A ,
SM64988 ,A ,
SM64989 ,A ,
SM64990 ,A ,
SM64991 ,A ,
SM64992 ,A ,
SM64993 ,S ,
SM64994 ,S ,
SM64995 ,A ,
SM64996 ,A ,
SM64997 ,A ,
SM64998 ,A ,
SM64999 ,S ,
SM65001 ,S ,
SM65002 ,A ,
SM65003 ,A ,
SM65004 ,S ,
SM65005 ,A ,
SM65006 ,A ,
SM65007 ,S ,
SM65008 ,A ,
SM65009 ,S ,
SM65010 ,A ,
SM65011 ,A ,
SM65012 ,A ,
SM65013 ,S ,
SM65014 ,S ,
SM65015 ,A ,
SM65016 ,S ,
SM65017 ,S ,
SM65018 ,A ,
SM65019 ,A ,
SM65020 ,A ,
SM65021 ,A ,
SM65022 ,A ,
SM65023 ,A ,
SM65024 ,A ,
SM65025 ,S ,
SM65026 ,A ,
SM65027 ,A ,
SM65028 ,A ,
SM65029 ,S ,
SM65030 ,A ,
SM65031 ,A ,
SM65032 ,S ,
SM65033 ,S ,
SM65034 ,A ,
SM65035 ,S ,
SM65036 ,A ,
SM65037 ,A ,
SM65038 ,S ,
SM65039 ,A ,
SM65040 ,A ,
SM65041 ,S ,
SM65042 ,A ,
SM65043 ,A ,
SM65044 ,A ,
SM65045 ,S ,
SM65046 ,A ,
SM65047 ,S ,
SM65048 ,A ,
SM65049 ,A ,
SM65050 ,A ,
SM65051 ,S ,
SM65052 ,A ,
SM65053 ,A ,
SM65054 ,A ,
SM65055 ,S ,
SM65056 ,A ,
SM65057 ,A ,
SM65058 ,A ,
SM65059 ,A ,
SM65060 ,A ,
SM65061 ,S ,
SM65062 ,S ,
SM65063 ,S ,
SM65064 ,A ,
SM65065 ,A ,
SM65066 ,S ,
SM65067 ,S ,
SM65068 ,A ,
SM65069 ,A ,
SM65070 ,A ,
SM65071 ,S ,
SM65072 ,A ,
SM65073 ,S ,
SM65074 ,A ,
SM65075 ,A ,
SM65076 ,A ,
SM65077 ,A ,
SM65078 ,S ,
SM65079 ,A ,
SM65080 ,A ,
SM65081 ,S ,
SM65082 ,S ,
SM65083 ,S ,
SM65084 ,S ,
SM65085 ,S ,
SM65086 ,S ,
SM65087 ,S ,
SM65088 ,A ,
SM65089 ,S ,
SM65090 ,A ,
SM65091 ,A ,
SM65092 ,S ,
SM65093 ,S ,
SM65094 ,A ,
SM65095 ,S ,
SM65096 ,A ,
SM65097 ,A ,
SM65098 ,S ,
SM65099 ,A ,
SM65100 ,A ,
SM65101 ,A ,
SM65102 ,A ,
SM65103 ,S ,
SM65104 ,A ,
SM65105 ,A ,
SM65106 ,S ,
SM65107 ,A ,
SM65108 ,A ,
SM65109 ,A ,
SM65110 ,S ,
SM65111 ,S ,
SM65112 ,A ,
SM65113 ,A ,
SM65114 ,S ,
SM65115 ,A ,
SM65116 ,S ,
SM65117 ,A ,
SM65118 ,A ,
SM65119 ,A ,
SM65120 ,A ,
SM65121 ,A ,
SM65122 ,S ,
SM65123 ,S ,
SM65124 ,A ,
SM65125 ,A ,
SM65126 ,S ,
SM65127 ,S ,
SM65128 ,A ,
SM65129 ,A ,
SM65130 ,S ,
SM65131 ,A ,
SM65132 ,S ,
SM65133 ,S ,
SM65134 ,A ,
SM65136 ,A ,
SM65137 ,S ,
SM65138 ,A ,
SM65139 ,A ,
SM65140 ,S ,
SM65141 ,S ,
SM65142 ,A ,
SM65143 ,A ,
SM65145 ,A ,
SM65146 ,A ,
SM65147 ,A ,
SM65148 ,A ,
SM65149 ,S ,
SM65150 ,A ,
SM65151 ,S ,
SM65152 ,S ,
SM65153 ,S ,
SM65154 ,A ,
SM65155 ,A ,
SM65156 ,S ,
SM65157 ,S ,
SM65158 ,S ,
SM65159 ,A ,
SM65160 ,A ,
SM65161 ,A ,
SM65162 ,A ,
SM65163 ,A ,
SM65164 ,S ,
SM65165 ,A ,
SM65166 ,A ,
SM65167 ,S ,
SM65168 ,S ,
SM65169 ,A ,
SM65170 ,A ,
SM65171 ,S ,
SM65172 ,S ,
SM65173 ,A ,
SM65174 ,A ,
SM65175 ,S ,
SM65176 ,A ,
SM65177 ,A ,
SM65178 ,A ,
SM65180 ,S ,
SM65181 ,A ,
SM65182 ,S ,
SM65183 ,A ,
SM65184 ,S ,
SM65185 ,S ,
SM65187 ,A ,
SM65188 ,A ,
SM65189 ,S ,
SM65191 ,A ,
SM65193 ,A ,
SM65194 ,S ,
SM65195 ,A ,
SM65196 ,A ,
SM65197 ,A ,
SM65198 ,A ,
SM65200 ,S ,
SM65201 ,A ,
SM65202 ,S ,
SM65203 ,A ,
SM65204 ,A ,
SM65205 ,A ,
SM65206 ,A ,
SM65207 ,A ,
SM65208 ,S ,
SM65209 ,S ,
SM65210 ,A ,
SM65211 ,A ,
SM65212 ,A ,
SM65213 ,S ,
SM65214 ,A ,
SM65215 ,A ,
SM65216 ,A ,
SM65217 ,A ,
SM65218 ,S ,
SM65219 ,S ,
SM65220 ,S ,
SM65221 ,A ,
SM65222 ,S ,
SM65223 ,S ,
SM65224 ,S ,
SM65225 ,A ,
SM65226 ,A ,
SM65228 ,A ,
SM65229 ,S ,
SM65230 ,S ,
SM65231 ,A ,
SM65232 ,A ,
SM65233 ,A ,
SM65234 ,A ,
SM65235 ,S ,
SM65236 ,A ,
SM65237 ,A ,
SM65238 ,A ,
SM65239 ,A ,
SM65240 ,S ,
SM65241 ,S ,
SM65242 ,S ,
SM65243 ,S ,
SM65244 ,A ,
SM65245 ,A ,
SM65246 ,A ,
SM65247 ,S ,
SM65248 ,A ,
SM65249 ,S ,
SM65250 ,A ,
SM65251 ,S ,
SM65252 ,S ,
SM65253 ,S ,
SM65254 ,A ,
SM65255 ,A ,
SM65256 ,S ,
SM65257 ,S ,
SM65258 ,A ,
SM65259 ,A ,
SM65260 ,A ,
SM65261 ,A ,
SM65262 ,A ,
SM65263 ,A ,
SM65264 ,A ,
SM65266 ,A ,
SM65267 ,S ,
SM65268 ,S ,
SM65269 ,S ,
SM65270 ,A ,
SM65271 ,A ,
SM65272 ,A ,
SM65273 ,S ,
SM65274 ,A ,
SM65275 ,S ,
SM65276 ,S ,
SM65277 ,A ,
SM65278 ,A ,
SM65279 ,A ,
SM65280 ,S ,
SM65281 ,A ,
SM65282 ,A ,
SM65283 ,A ,
SM65284 ,A ,
SM65285 ,A ,
SM65286 ,S ,
SM65287 ,A ,
SM65288 ,A ,
SM65289 ,A ,
SM65290 ,A ,
SM65291 ,A ,
SM65292 ,A ,
SM65293 ,A ,
SM65294 ,A ,
SM65296 ,A ,
SM65297 ,A ,
SM65298 ,A ,
SM65299 ,S ,
SM65300 ,S ,
SM65301 ,A ,
SM65302 ,A ,
SM65303 ,A ,
SM65304 ,S ,
SM65305 ,S ,
SM65306 ,A ,
SM65307 ,S ,
SM65308 ,A ,
SM65309 ,S ,
SM65310 ,S ,
SM65311 ,A ,
SM65312 ,S ,
SM65313 ,A ,
SM65314 ,A ,
SM65315 ,A ,
SM65316 ,A ,
SM65317 ,S ,
SM65318 ,S ,
SM65319 ,S ,
SM65320 ,S ,
SM65321 ,A ,
SM65322 ,A ,
SM65323 ,A ,
SM65324 ,A ,
SM65325 ,S ,
SM65326 ,S ,
SM65328 ,A ,
SM65329 ,S ,
SM65330 ,A ,
SM65331 ,A ,
SM65332 ,A ,
SM65333 ,A ,
SM65334 ,A ,
SM65335 ,S ,
SM65336 ,A ,
SM65337 ,A ,
SM65338 ,A ,
SM65339 ,S ,
SM65340 ,A ,
SM65341 ,S ,
SM65342 ,A ,
SM65343 ,A ,
SM65344 ,A ,
SM65345 ,A ,
SM65346 ,A ,
SM65347 ,S ,
SM65348 ,S ,
SM65349 ,S ,
SM65350 ,S ,
SM65351 ,A ,
SM65352 ,A ,
SM65353 ,A ,
SM65354 ,A ,
SM65355 ,A ,
SM65356 ,A ,
SM65357 ,S ,
SM65358 ,A ,
SM65359 ,A ,
SM65360 ,A ,
SM65361 ,S ,
SM65362 ,A ,
SM65363 ,A ,
SM65364 ,S ,
SM65365 ,S ,
SM65366 ,A ,
SM65367 ,S ,
SM65368 ,A ,
SM65369 ,A ,
SM65371 ,A ,
SM65372 ,A ,
SM65373 ,A ,
SM65374 ,S ,
SM65375 ,S ,
SM65376 ,A ,
SM65377 ,A ,
SM65378 ,A ,
SM65379 ,A ,
SM65380 ,A ,
SM65381 ,A ,
SM65382 ,A ,
SM65383 ,A ,
SM65385 ,A ,
SM65386 ,A ,
SM65387 ,S ,
SM65388 ,A ,
SM65389 ,S ,
SM65390 ,A ,
SM65391 ,S ,
SM65392 ,S ,
SM65393 ,A ,
SM65394 ,A ,
SM65395 ,A ,
SM65396 ,A ,
SM65397 ,A ,
SM65398 ,A ,
SM65399 ,A ,
SM65400 ,A ,
SM65401 ,A ,
SM65402 ,A ,
SM65403 ,S ,
SM65404 ,A ,
SM65405 ,A ,
SM65406 ,S ,
SM65407 ,A ,
SM65408 ,A ,
SM65409 ,A ,
SM65410 ,A ,
SM65411 ,A ,
SM65412 ,S ,
SM65413 ,A ,
SM65414 ,S ,
SM65416 ,S ,
SM65417 ,A ,
SM65418 ,A ,
SM65419 ,S ,
SM65420 ,A ,
SM65421 ,A ,
SM65422 ,A ,
SM65423 ,S ,
SM65424 ,A ,
SM65425 ,A ,
SM65427 ,A ,
SM65428 ,A ,
SM65429 ,A ,
SM65430 ,A ,
SM65431 ,A ,
SM65432 ,A ,
SM65433 ,A ,
SM65434 ,A ,
SM65435 ,A ,
SM65436 ,S ,
SM65437 ,S ,
SM65438 ,A ,
SM65439 ,A ,
SM65440 ,A ,
SM65441 ,A ,
SM65442 ,A ,
SM65443 ,S ,
SM65444 ,A ,
SM65445 ,A ,
SM65447 ,A ,
SM65448 ,S ,
SM65449 ,S ,
SM65450 ,S ,
SM65451 ,A ,
SM65452 ,A ,
SM65453 ,A ,
SM65454 ,A ,
SM65455 ,A ,
SM65456 ,A ,
SM65457 ,S ,
SM65458 ,A ,
SM65459 ,S ,
SM65460 ,S ,
SM65461 ,S ,
SM65462 ,S ,
SM65463 ,A ,
SM65464 ,A ,
SM65465 ,A ,
SM65466 ,A ,
SM65467 ,A ,
SM65468 ,A ,
SM65469 ,A ,
SM65470 ,A ,
SM65471 ,A ,
SM65472 ,A ,
SM65473 ,A ,
SM65474 ,A ,
SM65475 ,A ,
SM65476 ,S ,
SM65477 ,S ,
SM65478 ,A ,
SM65479 ,S ,
SM65480 ,A ,
SM65482 ,A ,
SM65483 ,A ,
SM65484 ,A ,
SM65485 ,S ,
SM65486 ,A ,
SM65487 ,A ,
SM65488 ,A ,
SM65489 ,A ,
SM65490 ,A ,
SM65491 ,A ,
SM65492 ,A ,
SM65493 ,A ,
SM65494 ,A ,
SM65495 ,S ,
SM65496 ,A ,
SM65497 ,A ,
SM65498 ,S ,
SM65499 ,S ,
SM65500 ,A ,
SM65501 ,A ,
SM65502 ,A ,
SM65503 ,A ,
SM65504 ,S ,
SM65505 ,S ,
SM65506 ,A ,
SM65507 ,A ,
SM65508 ,S ,
SM65509 ,A ,
SM65510 ,A ,
SM65511 ,A ,
SM65512 ,S ,
SM65513 ,A ,
SM65514 ,A ,
SM65515 ,A ,
SM65516 ,A ,
SM65517 ,A ,
SM65518 ,A ,
SM65519 ,S ,
SM65520 ,A ,
SM65521 ,S ,
SM65522 ,A ,
SM65524 ,A ,
SM65525 ,A ,
SM65526 ,A ,
SM65527 ,A ,
SM65528 ,A ,
SM65529 ,S ,
SM65530 ,A ,
SM65531 ,A ,
SM65532 ,A ,
SM65533 ,A ,
SM65534 ,A ,
SM65535 ,A ,
SM65536 ,S ,
SM65537 ,A ,
SM65538 ,S ,
SM65540 ,A ,
SM65541 ,A ,
SM65542 ,A ,
SM65543 ,A ,
SM65544 ,A ,
SM65545 ,S ,
SM65546 ,A ,
SM65547 ,A ,
SM65548 ,A ,
SM65549 ,A ,
SM65550 ,S ,
SM65551 ,A ,
SM65552 ,A ,
SM65553 ,A ,
SM65554 ,S ,
SM65555 ,A ,
SM65556 ,S ,
SM65557 ,A ,
SM65558 ,A ,
SM65559 ,S ,
SM65560 ,A ,
SM65561 ,A ,
SM65562 ,A ,
SM65563 ,A ,
SM65564 ,A ,
SM65565 ,S ,
SM65566 ,A ,
SM65567 ,A ,
SM65568 ,A ,
SM65569 ,S ,
SM65571 ,A ,
SM65572 ,A ,
SM65573 ,A ,
SM65574 ,A ,
SM65575 ,S ,
SM65576 ,A ,
SM65577 ,A ,
SM65578 ,A ,
SM65579 ,S ,
SM65580 ,A ,
SM65582 ,A ,
SM65583 ,A ,
SM65584 ,A ,
SM65585 ,A ,
SM65586 ,A ,
SM65587 ,A ,
SM65588 ,S ,
SM65589 ,S ,
SM65590 ,S ,
SM65591 ,A ,
SM65592 ,A ,
SM65593 ,A ,
SM65594 ,A ,
SM65595 ,A ,
SM65596 ,S ,
SM65597 ,S ,
SM65598 ,A ,
SM65599 ,A ,
SM65600 ,A ,
SM65601 ,A ,
SM65602 ,A ,
SM65603 ,S ,
SM65604 ,S ,
SM65605 ,A ,
SM65606 ,A ,
SM65608 ,A ,
SM65609 ,A ,
SM65610 ,A ,
SM65611 ,S ,
SM65612 ,A ,
SM65613 ,A ,
SM65614 ,A ,
SM65615 ,A ,
SM65616 ,A ,
SM65617 ,A ,
SM65618 ,A ,
SM65619 ,A ,
SM65620 ,A ,
SM65622 ,A ,
SM65623 ,A ,
SM65624 ,A ,
SM65625 ,S ,
SM65626 ,A ,
SM65627 ,A ,
SM65628 ,A ,
SM65629 ,A ,
SM65630 ,S ,
SM65631 ,S ,
SM65632 ,S ,
SM65633 ,S ,
SM65634 ,A ,
SM65635 ,A ,
SM65636 ,A ,
SM65637 ,A ,
SM65638 ,S ,
SM65639 ,A ,
SM65640 ,A ,
SM65641 ,A ,
SM65642 ,A ,
SM65643 ,S ,
SM65644 ,S ,
SM65645 ,A ,
SM65646 ,A ,
SM65647 ,A ,
SM65648 ,A ,
SM65649 ,A ,
SM65650 ,A ,
SM65651 ,S ,
SM65652 ,S ,
SM65653 ,A ,
SM65654 ,A ,
SM65655 ,A ,
SM65656 ,A ,
SM65657 ,A ,
SM65658 ,A ,
SM65659 ,A ,
SM65660 ,A ,
SM65661 ,S ,
SM65662 ,A ,
SM65663 ,A ,
SM65664 ,S ,
SM65665 ,A ,
SM65666 ,A ,
SM65667 ,S ,
SM65668 ,A ,
SM65669 ,S ,
SM65670 ,S ,
SM65671 ,A ,
SM65672 ,S ,
SM65673 ,A ,
SM65674 ,A ,
SM65675 ,A ,
SM65676 ,A ,
SM65677 ,A ,
SM65678 ,A ,
SM65679 ,A ,
SM65680 ,S ,
SM65681 ,A ,
SM65682 ,A ,
SM65683 ,A ,
SM65684 ,S ,
SM65685 ,A ,
SM65686 ,S ,
SM65687 ,A ,
SM65688 ,A ,
SM65689 ,A ,
SM65691 ,S ,
SM65692 ,A ,
SM65693 ,A ,
SM65694 ,S ,
SM65695 ,A ,
SM65696 ,A ,
SM65697 ,A ,
SM65698 ,A ,
SM65699 ,A ,
SM65700 ,S ,
SM65701 ,A ,
SM65702 ,A ,
SM65703 ,S ,
SM65704 ,A ,
SM65705 ,S ,
SM65706 ,A ,
SM65707 ,S ,
SM65708 ,S ,
SM65709 ,A ,
SM65710 ,A ,
SM65711 ,A ,
SM65712 ,S ,
SM65713 ,A ,
SM65714 ,A ,
SM65715 ,A ,
SM65717 ,A ,
SM65718 ,A ,
SM65720 ,S ,
SM65721 ,A ,
SM65722 ,A ,
SM65723 ,A ,
SM65724 ,A ,
SM65725 ,A ,
SM65726 ,A ,
SM65727 ,S ,
SM65728 ,A ,
SM65729 ,A ,
SM65730 ,A ,
SM65731 ,A ,
SM65732 ,S ,
SM65733 ,A ,
SM65734 ,A ,
SM65736 ,A ,
SM65737 ,A ,
SM65739 ,A ,
SM65740 ,A ,
SM65741 ,S ,
SM65742 ,A ,
SM65743 ,A ,
SM65744 ,A ,
SM65745 ,S ,
SM65746 ,A ,
SM65747 ,S ,
SM65748 ,A ,
SM65749 ,A ,
SM65750 ,S ,
SM65751 ,S ,
SM65752 ,A ,
SM65753 ,A ,
SM65754 ,S ,
SM65755 ,A ,
SM65756 ,A ,
SM65757 ,S ,
SM65758 ,S ,
SM65759 ,A ,
SM65760 ,A ,
SM65761 ,A ,
SM65762 ,A ,
SM65763 ,S ,
SM65764 ,A ,
SM65766 ,A ,
SM65767 ,A ,
SM65768 ,A ,
SM65769 ,A ,
SM65770 ,A ,
SM65771 ,A ,
SM65772 ,S ,
SM65773 ,A ,
SM65774 ,A ,
SM65775 ,A ,
SM65776 ,A ,
SM65777 ,A ,
SM65778 ,A ,
SM65779 ,A ,
SM65780 ,A ,
SM65781 ,A ,
SM65782 ,A ,
SM65783 ,S ,
SM65784 ,A ,
SM65785 ,A ,
SM65786 ,A ,
SM65787 ,S ,
SM65788 ,S ,
SM65789 ,S ,
SM65790 ,A ,
SM65791 ,A ,
SM65792 ,A ,
SM65793 ,A ,
SM65794 ,A ,
SM65795 ,A ,
SM65796 ,A ,
SM65797 ,A ,
SM65798 ,A ,
SM65799 ,A ,
SM65800 ,A ,
SM65801 ,A ,
SM65802 ,S ,
SM65803 ,A ,
SM65804 ,S ,
SM65805 ,A ,
SM65806 ,A ,
SM65807 ,A ,
SM65808 ,A ,
SM65809 ,A ,
SM65810 ,S ,
SM65811 ,S ,
SM65812 ,A ,
SM65813 ,A ,
SM65814 ,A ,
SM65815 ,A ,
SM65816 ,A ,
SM65817 ,S ,
SM65818 ,A ,
SM65819 ,A ,
SM65820 ,A ,
SM65821 ,S ,
SM65822 ,A ,
SM65823 ,S ,
SM65824 ,S ,
SM65825 ,A ,
SM65826 ,A ,
SM65827 ,A ,
SM65828 ,A ,
SM65829 ,A ,
SM65830 ,A ,
SM65831 ,A ,
SM65832 ,A ,
SM65833 ,A ,
SM65834 ,S ,
SM65835 ,A ,
SM65836 ,A ,
SM65837 ,A ,
SM65838 ,A ,
SM65839 ,S ,
SM65840 ,A ,
SM65841 ,A ,
SM65842 ,A ,
SM65843 ,A ,
SM65844 ,A ,
SM65845 ,S ,
SM65846 ,A ,
SM65847 ,S ,
SM65848 ,A ,
SM65849 ,S ,
SM65850 ,A ,
SM65851 ,A ,
SM65852 ,S ,
SM65853 ,A ,
SM65854 ,A ,
SM65855 ,A ,
SM65856 ,A ,
SM65857 ,A ,
SM65859 ,S ,
SM65860 ,S ,
SM65861 ,A ,
SM65862 ,A ,
SM65863 ,A ,
SM65864 ,S ,
SM65865 ,A ,
SM65866 ,S ,
SM65867 ,S ,
SM65868 ,A ,
SM65869 ,A ,
SM65870 ,A ,
SM65871 ,A ,
SM65872 ,A ,
SM65873 ,S ,
SM65874 ,S ,
SM65875 ,A ,
SM65876 ,A ,
SM65877 ,A ,
SM65878 ,S ,
SM65879 ,A ,
SM65880 ,A ,
SM65881 ,A ,
SM65882 ,A ,
SM65883 ,A ,
SM65884 ,A ,
SM65885 ,A ,
SM65886 ,A ,
SM65887 ,A ,
SM65888 ,S ,
SM65889 ,A ,
SM65890 ,S ,
SM65891 ,A ,
SM65892 ,S ,
SM65893 ,A ,
SM65894 ,A ,
SM65895 ,S ,
SM65896 ,S ,
SM65897 ,A ,
SM65898 ,S ,
SM65899 ,A ,
SM65900 ,S ,
SM65901 ,A ,
SM65902 ,A ,
SM65903 ,S ,
SM65904 ,A ,
SM65905 ,A ,
SM65906 ,A ,
SM65907 ,S ,
SM65908 ,A ,
SM65909 ,S ,
SM65910 ,A ,
SM65911 ,A ,
SM65912 ,A ,
SM65913 ,A ,
SM65914 ,A ,
SM65915 ,S ,
SM65916 ,A ,
SM65917 ,A ,
SM65918 ,A ,
SM65919 ,A ,
SM65920 ,A ,
SM65922 ,A ,
SM65923 ,S ,
SM65924 ,S ,
SM65925 ,A ,
SM65926 ,A ,
SM65927 ,A ,
SM65928 ,A ,
SM65929 ,A ,
SM65930 ,A ,
SM65931 ,A ,
SM65932 ,A ,
SM65933 ,S ,
SM65934 ,A ,
SM65935 ,A ,
SM65936 ,A ,
SM65937 ,A ,
SM65938 ,S ,
SM65939 ,A ,
SM65940 ,A ,
SM65941 ,A ,
SM65942 ,S ,
SM65943 ,A ,
SM65944 ,S ,
SM65945 ,A ,
SM65946 ,A ,
SM65947 ,A ,
SM65948 ,A ,
SM65949 ,A ,
SM65950 ,A ,
SM65951 ,A ,
SM65952 ,A ,
SM65953 ,A ,
SM65954 ,A ,
SM65955 ,S ,
SM65956 ,A ,
SM65957 ,S ,
SM65958 ,A ,
SM65959 ,S ,
SM65960 ,A ,
SM65961 ,A ,
SM65962 ,A ,
SM65963 ,S ,
SM65964 ,A ,
SM65965 ,A ,
SM65966 ,A ,
SM65967 ,A ,
SM65968 ,A ,
SM65969 ,A ,
SM65971 ,S ,
SM65972 ,S ,
SM65973 ,A ,
SM65975 ,A ,
SM65976 ,A ,
SM65977 ,A ,
SM65978 ,A ,
SM65979 ,S ,
SM65980 ,A ,
SM65981 ,A ,
SM65982 ,A ,
SM65983 ,A ,
SM65984 ,A ,
SM65985 ,S ,
SM65986 ,S ,
SM65987 ,A ,
SM65988 ,A ,
SM65989 ,A ,
SM65990 ,S ,
SM65991 ,A ,
SM65992 ,A ,
SM65993 ,A ,
SM65994 ,A ,
SM65995 ,A ,
SM65996 ,A ,
SM65997 ,A ,
SM65998 ,A ,
SM65999 ,A ,
SM66000 ,S ,
SM66001 ,A ,
SM66002 ,A ,
SM66003 ,A ,
SM66005 ,A ,
SM66006 ,A ,
SM66007 ,S ,
SM66008 ,A ,
SM66009 ,A ,
SM66010 ,A ,
SM66011 ,A ,
SM66012 ,A ,
SM66013 ,S ,
SM66014 ,A ,
SM66015 ,S ,
SM66016 ,A ,
SM66017 ,A ,
SM66018 ,S ,
SM66019 ,A ,
SM66020 ,S ,
SM66021 ,S ,
SM66022 ,A ,
SM66023 ,A ,
SM66024 ,A ,
SM66025 ,A ,
SM66026 ,A ,
SM66027 ,A ,
SM66028 ,S ,
SM66029 ,A ,
SM66030 ,A ,
SM66031 ,A ,
SM66032 ,A ,
SM66034 ,S ,
SM66035 ,S ,
SM66036 ,A ,
SM66037 ,A ,
SM66038 ,S ,
SM66039 ,A ,
SM66040 ,A ,
SM66041 ,A ,
SM66042 ,A ,
SM66043 ,A ,
SM66044 ,A ,
SM66045 ,S ,
SM66046 ,A ,
SM66047 ,S ,
SM66048 ,A ,
SM66049 ,A ,
SM66050 ,A ,
SM66051 ,A ,
SM66052 ,S ,
SM66053 ,A ,
SM66054 ,A ,
SM66055 ,S ,
SM66056 ,A ,
SM66057 ,A ,
SM66058 ,A ,
SM66059 ,A ,
SM66061 ,A ,
SM66062 ,A ,
SM66063 ,S ,
SM66064 ,S ,
SM66065 ,A ,
SM66066 ,A ,
SM66067 ,S ,
SM66068 ,S ,
SM66069 ,A ,
SM66070 ,A ,
SM66071 ,A ,
SM66072 ,A ,
SM66073 ,A ,
SM66074 ,A ,
SM66075 ,A ,
SM66076 ,A ,
SM66077 ,A ,
SM66078 ,A ,
SM66079 ,A ,
SM66080 ,S ,
SM66081 ,A ,
SM66082 ,A ,
SM66083 ,A ,
SM66084 ,S ,
SM66085 ,A ,
SM66086 ,S ,
SM66087 ,A ,
SM66088 ,S ,
SM66089 ,S ,
SM66090 ,A ,
SM66091 ,A ,
SM66092 ,A ,
SM66093 ,S ,
SM66094 ,S ,
SM66095 ,S ,
SM66096 ,A ,
SM66097 ,A ,
SM66098 ,A ,
SM66099 ,A ,
SM66100 ,A ,
SM66101 ,A ,
SM66102 ,A ,
SM66103 ,A ,
SM66104 ,A ,
SM66105 ,A ,
SM66106 ,S ,
SM66107 ,A ,
SM66108 ,A ,
SM66109 ,A ,
SM66110 ,S ,
SM66111 ,A ,
SM66112 ,S ,
SM66113 ,A ,
SM66114 ,A ,
SM66115 ,A ,
SM66116 ,S ,
SM66117 ,S ,
SM66118 ,A ,
SM66119 ,S ,
SM66120 ,A ,
SM66121 ,A ,
SM66122 ,S ,
SM66123 ,S ,
SM66124 ,A ,
SM66125 ,S ,
SM66126 ,A ,
SM66127 ,S ,
SM66128 ,A ,
SM66129 ,A ,
SM66130 ,A ,
SM66131 ,S ,
SM66132 ,A ,
SM66133 ,A ,
SM66134 ,A ,
SM66135 ,S ,
SM66136 ,A ,
SM66137 ,A ,
SM66138 ,A ,
SM66139 ,A ,
SM66140 ,A ,
SM66141 ,A ,
SM66142 ,S ,
SM66143 ,A ,
SM66144 ,A ,
SM66145 ,A ,
SM66146 ,A ,
SM66147 ,A ,
SM66148 ,A ,
SM66149 ,A ,
SM66150 ,A ,
SM66151 ,A ,
SM66152 ,S ,
SM66153 ,A ,
SM66154 ,A ,
SM66156 ,A ,
SM66157 ,A ,
SM66158 ,A ,
SM66159 ,A ,
SM66160 ,S ,
SM66161 ,S ,
SM66162 ,A ,
SM66163 ,A ,
SM66164 ,A ,
SM66165 ,A ,
SM66166 ,A ,
SM66167 ,A ,
SM66168 ,A ,
SM66169 ,A ,
SM66170 ,S ,
SM66173 ,A ,
SM66174 ,A ,
SM66175 ,A ,
SM66176 ,S ,
SM66177 ,A ,
SM66178 ,S ,
SM66180 ,A ,
SM66181 ,A ,
SM66182 ,S ,
SM66183 ,A ,
SM66184 ,A ,
SM66185 ,A ,
SM66186 ,S ,
SM66187 ,A ,
SM66188 ,A ,
SM66189 ,A ,
SM66190 ,A ,
SM66191 ,A ,
SM66193 ,A ,
SM66194 ,A ,
SM66195 ,S ,
SM66197 ,S ,
SM66198 ,A ,
SM66199 ,A ,
SM66200 ,A ,
SM66201 ,A ,
SM66202 ,A ,
SM66203 ,A ,
SM66204 ,S ,
SM66205 ,A ,
SM66206 ,S ,
SM66207 ,S ,
SM66208 ,A ,
SM66209 ,S ,
SM66210 ,A ,
SM66211 ,A ,
SM66212 ,A ,
SM66213 ,A ,
SM66214 ,A ,
SM66215 ,A ,
SM66216 ,A ,
SM66217 ,A ,
SM66218 ,A ,
SM66219 ,A ,
SM66221 ,A ,
SM66222 ,S ,
SM66224 ,A ,
SM66225 ,A ,
SM66226 ,A ,
SM66227 ,A ,
SM66228 ,A ,
SM66229 ,A ,
SM66230 ,S ,
SM66231 ,A ,
SM66232 ,A ,
SM66233 ,A ,
SM66234 ,A ,
SM66236 ,S ,
SM66237 ,A ,
SM66238 ,A ,
SM66239 ,S ,
SM66240 ,A ,
SM66241 ,A ,
SM66242 ,A ,
SM66244 ,A ,
SM66245 ,A ,
SM66246 ,S ,
SM66247 ,A ,
SM66248 ,A ,
SM66249 ,S ,
SM66250 ,S ,
SM66251 ,A ,
SM66252 ,S ,
SM66254 ,A ,
SM66255 ,S ,
SM66256 ,A ,
SM66257 ,A ,
SM66258 ,A ,
SM66259 ,A ,
SM66260 ,S ,
SM66262 ,A ,
SM66263 ,A ,
SM66264 ,A ,
SM66265 ,A ,
SM66266 ,A ,
SM66267 ,A ,
SM66269 ,A ,
SM66270 ,A ,
SM66272 ,S ,
SM66273 ,S ,
SM66274 ,A ,
SM66275 ,A ,
SM66276 ,A ,
SM66277 ,A ,
SM66278 ,A ,
SM66279 ,A ,
SM66280 ,A ,
SM66281 ,A ,
SM66282 ,S ,
SM66283 ,A ,
SM66284 ,S ,
SM66285 ,A ,
SM66286 ,A ,
SM66287 ,A ,
SM66288 ,S ,
SM66289 ,A ,
SM66290 ,S ,
SM66291 ,A ,
SM66292 ,S ,
SM66293 ,S ,
SM66294 ,S ,
SM66295 ,A ,
SM66296 ,S ,
SM66297 ,A ,
SM66298 ,A ,
SM66299 ,A ,
SM66300 ,A ,
SM66301 ,A ,
SM66302 ,A ,
SM66303 ,A ,
SM66304 ,A ,
SM66305 ,A ,
SM66306 ,S ,
SM66307 ,S ,
SM66308 ,A ,
SM66309 ,A ,
SM66310 ,A ,
SM66311 ,S ,
SM66313 ,A ,
SM66314 ,A ,
SM66316 ,A ,
SM66317 ,A ,
SM66318 ,S ,
SM66319 ,A ,
SM66320 ,A ,
SM66321 ,S ,
SM66322 ,A ,
SM66323 ,A ,
SM66324 ,S ,
SM66325 ,A ,
SM66326 ,S ,
SM66327 ,A ,
SM66328 ,A ,
SM66329 ,A ,
SM66330 ,S ,
SM66331 ,A ,
SM66332 ,S ,
SM66333 ,A ,
SM66334 ,S ,
SM66335 ,A ,
SM66336 ,A ,
SM66337 ,S ,
SM66338 ,A ,
SM66339 ,S ,
SM66340 ,A ,
SM66341 ,A ,
SM66342 ,A ,
SM66343 ,A ,
SM66344 ,S ,
SM66345 ,S ,
SM66346 ,S ,
SM66347 ,S ,
SM66348 ,A ,
SM66349 ,A ,
SM66350 ,S ,
SM66351 ,S ,
SM66352 ,A ,
SM66353 ,A ,
SM66354 ,A ,
SM66355 ,S ,
SM66356 ,A ,
SM66357 ,A ,
SM66358 ,S ,
SM66359 ,A ,
SM66360 ,S ,
SM66361 ,S ,
SM66362 ,A ,
SM66363 ,S ,
SM66365 ,A ,
SM66366 ,A ,
SM66367 ,A ,
SM66368 ,S ,
SM66369 ,A ,
SM66370 ,S ,
SM66371 ,A ,
SM66373 ,S ,
SM66374 ,S ,
SM66375 ,A ,
SM66376 ,A ,
SM66377 ,A ,
SM66378 ,A ,
SM66379 ,A ,
SM66380 ,A ,
SM66381 ,A ,
SM66382 ,A ,
SM66383 ,A ,
SM66384 ,S ,
SM66385 ,A ,
SM66386 ,A ,
SM66387 ,A ,
SM66388 ,A ,
SM66389 ,S ,
SM66390 ,S ,
SM66391 ,S ,
SM66392 ,A ,
SM66393 ,S ,
SM66394 ,S ,
SM66395 ,S ,
SM66396 ,A ,
SM66397 ,A ,
SM66398 ,A ,
SM66399 ,A ,
SM66400 ,A ,
SM66401 ,S ,
SM66402 ,A ,
SM66403 ,A ,
SM66404 ,A ,
SM66405 ,S ,
SM66406 ,A ,
SM66407 ,A ,
SM66408 ,A ,
SM66409 ,S ,
SM66410 ,S ,
SM66412 ,A ,
SM66413 ,A ,
SM66414 ,A ,
SM66415 ,A ,
SM66416 ,S ,
SM66417 ,S ,
SM66418 ,S ,
SM66419 ,S ,
SM66420 ,A ,
SM66421 ,A ,
SM66422 ,A ,
SM66423 ,A ,
SM66424 ,A ,
SM66425 ,A ,
SM66426 ,A ,
SM66427 ,S ,
SM66428 ,A ,
SM66429 ,S ,
SM66430 ,A ,
SM66431 ,A ,
SM66432 ,S ,
SM66433 ,S ,
SM66434 ,A ,
SM66435 ,A ,
SM66436 ,A ,
SM66437 ,S ,
SM66438 ,A ,
SM66439 ,A ,
SM66440 ,S ,
SM66441 ,A ,
SM66442 ,A ,
SM66443 ,S ,
SM66444 ,A ,
SM66445 ,S ,
SM66446 ,S ,
SM66447 ,A ,
SM66448 ,A ,
SM66449 ,A ,
SM66450 ,A ,
SM66451 ,A ,
SM66452 ,S ,
SM66453 ,A ,
SM66454 ,A ,
SM66455 ,S ,
SM66456 ,A ,
SM66457 ,A ,
SM66458 ,A ,
SM66459 ,S ,
SM66460 ,S ,
SM66461 ,S ,
SM66462 ,A ,
SM66463 ,A ,
SM66465 ,A ,
SM66466 ,A ,
SM66467 ,A ,
SM66468 ,A ,
SM66469 ,A ,
SM66470 ,A ,
SM66471 ,S ,
SM66472 ,S ,
SM66473 ,A ,
SM66475 ,S ,
SM66476 ,S ,
SM66477 ,S ,
SM66478 ,A ,
SM66479 ,S ,
SM66480 ,A ,
SM66481 ,S ,
SM66482 ,A ,
SM66483 ,A ,
SM66484 ,A ,
SM66485 ,S ,
SM66486 ,S ,
SM66487 ,A ,
SM66488 ,A ,
SM66489 ,S ,
SM66490 ,A ,
SM66491 ,A ,
SM66492 ,A ,
SM66493 ,A ,
SM66494 ,A ,
SM66495 ,S ,
SM66496 ,S ,
SM66497 ,A ,
SM66499 ,A ,
SM66500 ,A ,
SM66502 ,A ,
SM66503 ,S ,
SM66504 ,A ,
SM66505 ,S ,
SM66506 ,A ,
SM66507 ,A ,
SM66508 ,S ,
SM66509 ,A ,
SM66510 ,A ,
SM66511 ,A ,
SM66512 ,A ,
SM66513 ,S ,
SM66514 ,S ,
SM66515 ,A ,
SM66516 ,S ,
SM66517 ,S ,
SM66518 ,S ,
SM66519 ,A ,
SM66520 ,S ,
SM66521 ,A ,
SM66522 ,S ,
SM66523 ,S ,
SM66524 ,A ,
SM66525 ,A ,
SM66526 ,A ,
SM66527 ,S ,
SM66528 ,S ,
SM66529 ,S ,
SM66530 ,A ,
SM66532 ,S ,
SM66533 ,A ,
SM66534 ,A ,
SM66535 ,S ,
SM66536 ,S ,
SM66537 ,S ,
SM66538 ,S ,
SM66539 ,S ,
SM66541 ,A ,
SM66542 ,A ,
SM66543 ,A ,
SM66544 ,A ,
SM66545 ,A ,
SM66546 ,A ,
SM66547 ,S ,
SM66548 ,A ,
SM66549 ,S ,
SM66552 ,A ,
SM66553 ,A ,
SM66554 ,S ,
SM66555 ,A ,
SM66556 ,A ,
SM66557 ,A ,
SM66558 ,A ,
SM66559 ,S ,
SM66560 ,S ,
SM66561 ,A ,
SM66562 ,A ,
SM66563 ,A ,
SM66564 ,S ,
SM66566 ,A ,
SM66567 ,A ,
SM66569 ,S ,
SM66570 ,A ,
SM66572 ,A ,
SM66573 ,S ,
SM66574 ,S ,
SM66575 ,A ,
SM66576 ,S ,
SM66577 ,S ,
SM66578 ,S ,
SM66579 ,A ,
SM66580 ,A ,
SM66581 ,A ,
SM66582 ,S ,
SM66583 ,A ,
SM66584 ,A ,
SM66585 ,S ,
SM66586 ,A ,
SM66587 ,A ,
SM66588 ,A ,
SM66589 ,S ,
SM66590 ,A ,
SM66591 ,A ,
SM66592 ,A ,
SM66593 ,S ,
SM66595 ,A ,
SM66596 ,A ,
SM66597 ,S ,
SM66598 ,S ,
SM66599 ,S ,
SM66600 ,S ,
SM66601 ,A ,
SM66602 ,S ,
SM66603 ,A ,
SM66604 ,S ,
SM66605 ,A ,
SM66607 ,A ,
SM66608 ,S ,
SM66609 ,S ,
SM66610 ,A ,
SM66611 ,A ,
SM66612 ,A ,
SM66613 ,A ,
SM66614 ,A ,
SM66615 ,S ,
SM66617 ,S ,
SM66618 ,S ,
SM66619 ,A ,
SM66620 ,A ,
SM66622 ,S ,
SM66623 ,A ,
SM66624 ,S ,
SM66625 ,A ,
SM66627 ,S ,
SM66628 ,S ,
SM66629 ,A ,
SM66630 ,A ,
SM66631 ,A ,
SM66632 ,S ,
SM66633 ,A ,
SM66634 ,S ,
SM66635 ,A ,
SM66636 ,A ,
SM66637 ,S ,
SM66638 ,S ,
SM66639 ,S ,
SM66640 ,A ,
SM66641 ,S ,
SM66643 ,A ,
SM66644 ,A ,
SM66645 ,A ,
SM66646 ,S ,
SM66648 ,S ,
SM66649 ,A ,
SM66650 ,A ,
SM66651 ,A ,
SM66652 ,A ,
SM66653 ,A ,
SM66655 ,A ,
SM66656 ,A ,
SM66657 ,A ,
SM66658 ,A ,
SM66659 ,S ,
SM66660 ,S ,
SM66662 ,A ,
SM66663 ,A ,
SM66664 ,S ,
SM66665 ,S ,
SM66666 ,A ,
SM66667 ,S ,
SM66668 ,A ,
SM66669 ,A ,
SM66670 ,A ,
SM66671 ,A ,
SM66672 ,S ,
SM66673 ,A ,
SM66674 ,S ,
SM66675 ,A ,
SM66676 ,A ,
SM66678 ,A ,
SM66679 ,S ,
SM66680 ,S ,
SM66681 ,A ,
SM66682 ,A ,
SM66683 ,A ,
SM66684 ,S ,
SM66685 ,A ,
SM66686 ,S ,
SM66687 ,A ,
SM66688 ,A ,
SM66689 ,S ,
SM66690 ,A ,
SM66691 ,S ,
SM66692 ,A ,
SM66693 ,A ,
SM66694 ,A ,
SM66695 ,A ,
SM66696 ,A ,
SM66697 ,S ,
SM66698 ,S ,
SM66699 ,A ,
SM66700 ,S ,
SM66702 ,A ,
SM66703 ,A ,
SM66704 ,S ,
SM66705 ,S ,
SM66706 ,S ,
SM66707 ,A ,
SM66708 ,A ,
SM66709 ,A ,
SM66710 ,A ,
SM66713 ,A ,
SM66715 ,A ,
SM66716 ,S ,
SM66717 ,A ,
SM66718 ,A ,
SM66719 ,S ,
SM66720 ,A ,
SM66721 ,S ,
SM66722 ,A ,
SM66723 ,S ,
SM66724 ,S ,
SM66725 ,S ,
SM66726 ,S ,
SM66727 ,S ,
SM66728 ,S ,
SM66729 ,S ,
SM66730 ,S ,
SM66731 ,A ,
SM66732 ,S ,
SM66733 ,S ,
SM66734 ,S ,
SM66736 ,A ,
SM66737 ,A ,
SM66738 ,A ,
SM66739 ,A ,
SM66740 ,A ,
SM66741 ,A ,
SM66743 ,A ,
SM66744 ,A ,
SM66747 ,S ,
SM66748 ,A ,
SM66749 ,A ,
SM66750 ,A ,
SM66751 ,A ,
SM66752 ,A ,
SM66753 ,S ,
SM66754 ,A ,
SM66755 ,A ,
SM66756 ,A ,
SM66757 ,A ,
SM66758 ,A ,
SM66759 ,A ,
SM66760 ,S ,
SM66761 ,A ,
SM66762 ,A ,
SM66763 ,S ,
SM66764 ,S ,
SM66765 ,A ,
SM66766 ,A ,
SM66767 ,A ,
SM66768 ,S ,
SM66769 ,A ,
SM66770 ,S ,
SM66771 ,A ,
SM66772 ,A ,
SM66773 ,A ,
SM66774 ,A ,
SM66775 ,A ,
SM66776 ,S ,
SM66777 ,A ,
SM66778 ,S ,
SM66779 ,S ,
SM66780 ,S ,
SM66781 ,S ,
SM66782 ,S ,
SM66783 ,A ,
SM66785 ,A ,
SM66786 ,A ,
SM66787 ,A ,
SM66788 ,S ,
SM66789 ,A ,
SM66790 ,S ,
SM66791 ,A ,
SM66792 ,A ,
SM66793 ,S ,
SM66794 ,S ,
SM66795 ,S ,
SM66796 ,A ,
SM66797 ,A ,
SM66798 ,A ,
SM66799 ,A ,
SM66802 ,A ,
SM66803 ,A ,
SM66804 ,A ,
SM66805 ,S ,
SM66806 ,A ,
SM66807 ,A ,
SM66808 ,A ,
SM66809 ,A ,
SM66811 ,A ,
SM66812 ,A ,
SM66813 ,A ,
SM66814 ,A ,
SM66815 ,S ,
SM66816 ,A ,
SM66817 ,A ,
SM66818 ,A ,
SM66819 ,A ,
SM66820 ,S ,
SM66821 ,A ,
SM66823 ,S ,
SM66824 ,A ,
SM66825 ,A ,
SM66826 ,S ,
SM66827 ,A ,
SM66828 ,A ,
SM66829 ,A ,
SM66830 ,S ,
SM66832 ,A ,
SM66833 ,A ,
SM66834 ,S ,
SM66836 ,A ,
SM66837 ,A ,
SM66838 ,A ,
SM66839 ,S ,
SM66840 ,A ,
SM66841 ,A ,
SM66844 ,A ,
SM66845 ,A ,
SM66846 ,A ,
SM66847 ,A ,
SM66848 ,A ,
SM66849 ,A ,
SM66850 ,A ,
SM66851 ,S ,
SM66852 ,S ,
SM66853 ,A ,
SM66854 ,S ,
SM66855 ,A ,
SM66856 ,A ,
SM66857 ,A ,
SM66858 ,S ,
SM66860 ,S ,
SM66861 ,A ,
SM66863 ,S ,
SM66864 ,A ,
SM66865 ,A ,
SM66866 ,A ,
SM66867 ,A ,
SM66868 ,A ,
SM66869 ,A ,
SM66870 ,A ,
SM66871 ,A ,
SM66872 ,A ,
SM66873 ,A ,
SM66874 ,A ,
SM66875 ,A ,
SM66876 ,A ,
SM66877 ,S ,
SM66878 ,A ,
SM66879 ,S ,
SM66880 ,A ,
SM66881 ,S ,
SM66882 ,S ,
SM66883 ,A ,
SM66884 ,A ,
SM66885 ,A ,
SM66886 ,A ,
SM66888 ,S ,
SM66889 ,S ,
SM66890 ,A ,
SM66891 ,S ,
SM66892 ,A ,
SM66893 ,A ,
SM66894 ,A ,
SM66895 ,A ,
SM66897 ,A ,
SM66899 ,A ,
SM66901 ,A ,
SM66902 ,A ,
SM66903 ,A ,
SM66904 ,S ,
SM66905 ,S ,
SM66906 ,A ,
SM66907 ,A ,
SM66908 ,A ,
SM66910 ,A ,
SM66911 ,A ,
SM66912 ,S ,
SM66914 ,S ,
SM66915 ,S ,
SM66918 ,A ,
SM66919 ,A ,
SM66920 ,A ,
SM66921 ,S ,
SM66922 ,S ,
SM66924 ,A ,
SM66926 ,S ,
SM66927 ,A ,
SM66928 ,A ,
SM66929 ,A ,
SM66930 ,A ,
SM66931 ,A ,
SM66932 ,A ,
SM66933 ,S ,
SM66934 ,A ,
SM66935 ,A ,
SM66936 ,S ,
SM66937 ,A ,
SM66938 ,A ,
SM66939 ,A ,
SM66940 ,A ,
SM66941 ,A ,
SM66942 ,A ,
SM66943 ,A ,
SM66944 ,S ,
SM66945 ,A ,
SM66946 ,A ,
SM66947 ,A ,
SM66948 ,A ,
SM66949 ,S ,
SM66950 ,A ,
SM66952 ,A ,
SM66953 ,A ,
SM66954 ,A ,
SM66957 ,A ,
SM66958 ,A ,
SM66960 ,A ,
SM66962 ,A ,
SM66964 ,A ,
SM66967 ,S ,
SM66968 ,S ,
SM66969 ,A ,
SM66970 ,S ,
SM66971 ,S ,
SM66972 ,S ,
SM66973 ,S ,
SM66974 ,A ,
SM66975 ,S ,
SM66978 ,A ,
SM66979 ,A ,
SM66982 ,A ,
SM66983 ,A ,
SM66984 ,A ,
SM66985 ,A ,
SM66986 ,A ,
SM66987 ,A ,
SM66988 ,A ,
SM66991 ,A ,
SM66992 ,S ,
SM66993 ,A ,
SM66994 ,S ,
SM66995 ,A ,
SM66996 ,A ,
SM66997 ,A ,
SM66999 ,A ,
SM67000 ,A ,
SM67001 ,S ,
SM67002 ,S ,
SM67003 ,A ,
SM67006 ,S ,
SM67007 ,A ,
SM67008 ,S ,
SM67009 ,A ,
SM67010 ,A ,
SM67011 ,A ,
SM67012 ,A ,
SM67014 ,A ,
SM67015 ,A ,
SM67016 ,A ,
SM67017 ,A ,
SM67018 ,A ,
SM67020 ,S ,
SM67021 ,A ,
SM67022 ,A ,
SM67023 ,A ,
SM67024 ,S ,
SM67025 ,A ,
SM67026 ,S ,
SM67027 ,A ,
SM67028 ,S ,
SM67030 ,A ,
SM67033 ,A ,
SM67034 ,S ,
SM67038 ,A ,
SM67039 ,S ,
SM67040 ,A ,
SM67041 ,A ,
SM67042 ,A ,
SM67043 ,S ,
SM67044 ,A ,
SM67045 ,A ,
SM67046 ,S ,
SM67048 ,A ,
SM67049 ,A ,
SM67051 ,A ,
SM67052 ,A ,
SM67053 ,S ,
SM67054 ,S ,
SM67055 ,S ,
SM67056 ,A ,
SM67057 ,S ,
SM67058 ,S ,
SM67059 ,A ,
SM67060 ,S ,
SM67061 ,A ,
SM67062 ,A ,
SM67063 ,A ,
SM67064 ,A ,
SM67065 ,A ,
SM67067 ,A ,
SM67068 ,S ,
SM67069 ,A ,
SM67070 ,A ,
SM67071 ,S ,
SM67072 ,A ,
SM67073 ,A ,
SM67074 ,A ,
SM67075 ,S ,
SM67076 ,A ,
SM67077 ,S ,
SM67078 ,A ,
SM67079 ,S ,
SM67081 ,S ,
SM67082 ,A ,
SM67085 ,S ,
SM67086 ,A ,
SM67088 ,S ,
SM67090 ,A ,
SM67091 ,A ,
SM67092 ,A ,
SM67093 ,S ,
SM67095 ,A ,
SM67096 ,A ,
SM67097 ,A ,
SM67099 ,A ,
SM67100 ,A ,
SM67101 ,A ,
SM67102 ,S ,
SM67103 ,A ,
SM67104 ,A ,
SM67105 ,A ,
SM67106 ,A ,
SM67107 ,S ,
SM67108 ,S ,
SM67109 ,S ,
SM67110 ,S ,
SM67111 ,A ,
SM67112 ,S ,
SM67113 ,S ,
SM67114 ,S ,
SM67116 ,S ,
SM67117 ,S ,
SM67118 ,A ,
SM67119 ,S ,
SM67120 ,A ,
SM67122 ,A ,
SM67123 ,S ,
SM67124 ,S ,
SM67125 ,S ,
SM67126 ,S ,
SM67127 ,A ,
SM67128 ,A ,
SM67129 ,A ,
SM67130 ,A ,
SM67131 ,S ,
SM67133 ,S ,
SM67134 ,A ,
SM67135 ,A ,
SM67136 ,S ,
SM67137 ,A ,
SM67138 ,A ,
SM67139 ,A ,
SM67140 ,S ,
SM67141 ,S ,
SM67142 ,A ,
SM67143 ,S ,
SM67144 ,S ,
SM67145 ,S ,
SM67146 ,A ,
SM67147 ,S ,
SM67148 ,S ,
SM67149 ,S ,
SM67150 ,S ,
SM67151 ,S ,
SM67152 ,A ,
SM67153 ,A ,
SM67154 ,A ,
SM67155 ,A ,
SM67156 ,S ,
SM67157 ,S ,
SM67158 ,S ,
SM67159 ,S ,
SM67160 ,A ,
SM67161 ,A ,
SM67163 ,S ,
SM67164 ,A ,
SM67165 ,S ,
SM67166 ,S ,
SM67167 ,A ,
SM67168 ,A ,
SM67170 ,S ,
SM67171 ,A ,
SM67172 ,A ,
SM67173 ,A ,
SM67174 ,A ,
SM67175 ,A ,
SM67176 ,A ,
SM67177 ,S ,
SM67178 ,S ,
SM67180 ,A ,
SM67181 ,S ,
SM67182 ,A ,
SM67183 ,S ,
SM67184 ,S ,
SM67185 ,S ,
SM67186 ,S ,
SM67187 ,A ,
SM67188 ,S ,
SM67189 ,A ,
SM67190 ,S ,
SM67191 ,A ,
SM67192 ,S ,
SM67193 ,A ,
SM67194 ,A ,
SM67195 ,S ,
SM67196 ,A ,
SM67197 ,A ,
SM67198 ,A ,
SM67199 ,A ,
SM67200 ,A ,
SM67201 ,S ,
SM67202 ,S ,
SM67203 ,A ,
SM67204 ,S ,
SM67205 ,S ,
SM67206 ,A ,
SM67207 ,A ,
SM67208 ,S ,
SM67209 ,S ,
SM67210 ,S ,
SM67211 ,A ,
SM67212 ,S ,
SM67213 ,S ,
SM67214 ,S ,
SM67216 ,S ,
SM67217 ,S ,
SM67218 ,S ,
SM67219 ,A ,
SM67221 ,S ,
SM67222 ,A ,
SM67223 ,A ,
SM67224 ,S ,
SM67225 ,A ,
SM67226 ,A ,
SM67227 ,A ,
SM67228 ,A ,
SM67229 ,S ,
SM67230 ,A ,
SM67231 ,A ,
SM67232 ,A ,
SM67233 ,S ,
SM67234 ,S ,
SM67235 ,A ,
SM67236 ,A ,
SM67237 ,S ,
SM67238 ,S ,
SM67239 ,S ,
SM67240 ,A ,
SM67241 ,A ,
SM67242 ,S ,
SM67243 ,S ,
SM67244 ,S ,
SM67245 ,A ,
SM67246 ,A ,
SM67247 ,S ,
SM67248 ,S ,
SM67249 ,S ,
SM67250 ,S ,
SM67251 ,S ,
SM67252 ,A ,
SM67254 ,A ,
SM67255 ,A ,
SM67256 ,A ,
SM67257 ,S ,
SM67258 ,S ,
SM67259 ,A ,
SM67260 ,A ,
SM67261 ,A ,
SM67262 ,S ,
SM67263 ,A ,
SM67264 ,S ,
SM67265 ,A ,
SM67266 ,S ,
SM67267 ,S ,
SM67268 ,S ,
SM67269 ,A ,
SM67270 ,A ,
SM67271 ,S ,
SM67272 ,S ,
SM67273 ,S ,
SM67274 ,A ,
SM67275 ,A ,
SM67276 ,A ,
SM67277 ,S ,
SM67278 ,S ,
SM67279 ,S ,
SM67280 ,S ,
SM67281 ,S ,
SM67282 ,S ,
SM67283 ,S ,
SM67284 ,A ,
SM67285 ,S ,
SM67286 ,A ,
SM67287 ,S ,
SM67288 ,S ,
SM67289 ,S ,
SM67290 ,S ,
SM67291 ,S ,
SM67292 ,S ,
SM67293 ,A ,
SM67294 ,A ,
SM67295 ,A ,
SM67296 ,A ,
SM67297 ,S ,
SM67298 ,A ,
SM67299 ,S ,
SM67300 ,S ,
SM67301 ,S ,
SM67302 ,A ,
SM67303 ,A ,
SM67304 ,S ,
SM67305 ,S ,
SM67307 ,A ,
SM67308 ,A ,
SM67309 ,A ,
SM67310 ,S ,
SM67311 ,A ,
SM67312 ,S ,
SM67313 ,S ,
SM67314 ,A ,
SM67315 ,A ,
SM67316 ,A ,
SM67317 ,A ,
SM67318 ,S ,
SM67319 ,S ,
SM67320 ,S ,
SM67321 ,S ,
SM67322 ,S ,
SM67323 ,A ,
SM67324 ,S ,
SM67325 ,A ,
SM67326 ,S ,
SM67327 ,A ,
SM67328 ,A ,
SM67329 ,S ,
SM67330 ,A ,
SM67331 ,S ,
SM67332 ,S ,
SM67333 ,S ,
SM67334 ,A ,
SM67335 ,S ,
SM67336 ,A ,
SM67337 ,A ,
SM67338 ,A ,
SM67339 ,A ,
SM67340 ,S ,
SM67342 ,A ,
SM67343 ,S ,
SM67344 ,A ,
SM67345 ,S ,
SM67346 ,S ,
SM67347 ,A ,
SM67348 ,A ,
SM67349 ,A ,
SM67350 ,S ,
SM67351 ,S ,
SM67352 ,S ,
SM67354 ,S ,
SM67355 ,A ,
SM67356 ,S ,
SM67357 ,S ,
SM67358 ,A ,
SM67359 ,A ,
SM67360 ,S ,
SM67361 ,A ,
SM67362 ,S ,
SM67363 ,A ,
SM67364 ,S ,
SM67365 ,A ,
SM67366 ,S ,
SM67367 ,S ,
SM67368 ,S ,
SM67369 ,S ,
SM67370 ,A ,
SM67371 ,A ,
SM67372 ,S ,
SM67373 ,A ,
SM67374 ,A ,
SM67375 ,S ,
SM67376 ,A ,
SM67377 ,A ,
SM67378 ,S ,
SM67379 ,A ,
SM67380 ,S ,
SM67381 ,A ,
SM67382 ,S ,
SM67383 ,S ,
SM67384 ,S ,
SM67385 ,S ,
SM67386 ,A ,
SM67387 ,S ,
SM67388 ,A ,
SM67389 ,S ,
SM67390 ,A ,
SM67391 ,S ,
SM67392 ,S ,
SM67393 ,S ,
SM67394 ,S ,
SM67395 ,A ,
SM67396 ,A ,
SM67397 ,A ,
SM67398 ,A ,
SM67399 ,A ,
SM67400 ,S ,
SM67401 ,A ,
SM67402 ,A ,
SM67403 ,S ,
SM67404 ,A ,
SM67406 ,S ,
SM67407 ,S ,
SM67408 ,A ,
SM67409 ,A ,
SM67410 ,S ,
SM67411 ,A ,
SM67412 ,S ,
SM67413 ,A ,
SM67414 ,A ,
SM67416 ,A ,
SM67417 ,S ,
SM67418 ,S ,
SM67419 ,S ,
SM67420 ,S ,
SM67421 ,A ,
SM67422 ,A ,
SM67423 ,S ,
SM67424 ,A ,
SM67425 ,A ,
SM67426 ,S ,
SM67427 ,S ,
SM67428 ,A ,
SM67429 ,S ,
SM67430 ,A ,
SM67431 ,S ,
SM67432 ,S ,
SM67433 ,S ,
SM67434 ,A ,
SM67435 ,S ,
SM67436 ,A ,
SM67437 ,A ,
SM67438 ,A ,
SM67439 ,A ,
SM67441 ,S ,
SM67442 ,S ,
SM67443 ,A ,
SM67444 ,S ,
SM67445 ,A ,
SM67446 ,A ,
SM67447 ,A ,
SM67448 ,S ,
SM67449 ,S ,
SM67450 ,A ,
SM67451 ,A ,
SM67452 ,A ,
SM67453 ,A ,
SM67454 ,A ,
SM67455 ,S ,
SM67458 ,A ,
SM67459 ,S ,
SM67460 ,A ,
SM67461 ,S ,
SM67462 ,S ,
SM67463 ,S ,
SM67464 ,A ,
SM67465 ,A ,
SM67467 ,S ,
SM67468 ,A ,
SM67469 ,S ,
SM67470 ,A ,
SM67471 ,S ,
SM67472 ,S ,
SM67473 ,A ,
SM67474 ,A ,
SM67475 ,A ,
SM67477 ,A ,
SM67478 ,S ,
SM67479 ,S ,
SM67480 ,A ,
SM67481 ,A ,
SM67482 ,A ,
SM67483 ,A ,
SM67484 ,S ,
SM67485 ,S ,
SM67486 ,A ,
SM67488 ,S ,
SM67489 ,S ,
SM67490 ,A ,
SM67491 ,S ,
SM67492 ,S ,
SM67493 ,A ,
SM67494 ,S ,
SM67495 ,S ,
SM67496 ,A ,
SM67497 ,S ,
SM67498 ,S ,
SM67499 ,A ,
SM67500 ,S ,
SM67501 ,A ,
SM67502 ,S ,
SM67503 ,A ,
SM67504 ,A ,
SM67505 ,A ,
SM67506 ,A ,
SM67507 ,A ,
SM67508 ,A ,
SM67509 ,A ,
SM67510 ,S ,
SM67511 ,A ,
SM67512 ,S ,
SM67514 ,A ,
SM67515 ,S ,
SM67516 ,S ,
SM67517 ,A ,
SM67518 ,S ,
SM67519 ,A ,
SM67520 ,S ,
SM67521 ,A ,
SM67522 ,A ,
SM67523 ,A ,
SM67524 ,S ,
SM67525 ,A ,
SM67526 ,A ,
SM67527 ,A ,
SM67528 ,A ,
SM67529 ,S ,
SM67530 ,A ,
SM67531 ,A ,
SM67532 ,A ,
SM67535 ,S ,
SM67536 ,S ,
SM67537 ,A ,
SM67539 ,S ,
SM67540 ,A ,
SM67542 ,A ,
SM67543 ,A ,
SM67544 ,S ,
SM67546 ,A ,
SM67547 ,S ,
SM67548 ,A ,
SM67549 ,S ,
SM67550 ,A ,
SM67551 ,A ,
SM67552 ,A ,
SM67553 ,S ,
SM67554 ,S ,
SM67555 ,A ,
SM67556 ,S ,
SM67557 ,S ,
SM67558 ,A ,
SM67559 ,A ,
SM67560 ,S ,
SM67561 ,S ,
SM67562 ,A ,
SM67563 ,A ,
SM67564 ,A ,
SM67565 ,A ,
SM67566 ,A ,
SM67569 ,A ,
SM67570 ,S ,
SM67571 ,A ,
SM67572 ,A ,
SM67573 ,A ,
SM67574 ,A ,
SM67575 ,S ,
SM67577 ,S ,
SM67578 ,S ,
SM67579 ,S ,
SM67580 ,A ,
SM67581 ,S ,
SM67582 ,A ,
SM67583 ,S ,
SM67584 ,S ,
SM67585 ,S ,
SM67587 ,S ,
SM67588 ,A ,
SM67589 ,S ,
SM67590 ,A ,
SM67591 ,A ,
SM67592 ,A ,
SM67593 ,A ,
SM67594 ,A ,
SM67595 ,A ,
SM67596 ,A ,
SM67597 ,A ,
SM67598 ,A ,
SM67599 ,A ,
SM67600 ,A ,
SM67601 ,S ,
SM67602 ,A ,
SM67603 ,S ,
SM67604 ,S ,
SM67605 ,S ,
SM67606 ,A ,
SM67607 ,A ,
SM67608 ,A ,
SM67609 ,S ,
SM67610 ,A ,
SM67611 ,A ,
SM67612 ,S ,
SM67613 ,S ,
SM67614 ,S ,
SM67615 ,A ,
SM67616 ,S ,
SM67617 ,S ,
SM67618 ,S ,
SM67619 ,A ,
SM67620 ,A ,
SM67621 ,S ,
SM67622 ,A ,
SM67623 ,S ,
SM67624 ,A ,
SM67625 ,A ,
SM67626 ,S ,
SM67627 ,A ,
SM67628 ,S ,
SM67629 ,S ,
SM67630 ,A ,
SM67631 ,A ,
SM67632 ,A ,
SM67633 ,S ,
SM67635 ,S ,
SM67636 ,S ,
SM67637 ,A ,
SM67638 ,A ,
SM67641 ,S ,
SM67642 ,A ,
SM67643 ,A ,
SM67644 ,A ,
SM67645 ,S ,
SM67647 ,A ,
SM67648 ,A ,
SM67649 ,S ,
SM67650 ,A ,
SM67651 ,A ,
SM67652 ,A ,
SM67653 ,A ,
SM67654 ,A ,
SM67655 ,S ,
SM67656 ,S ,
SM67657 ,S ,
SM67658 ,A ,
SM67659 ,A ,
SM67660 ,A ,
SM67661 ,S ,
SM67662 ,S ,
SM67663 ,S ,
SM67664 ,S ,
SM67665 ,A ,
SM67666 ,A ,
SM67667 ,S ,
SM67668 ,S ,
SM67670 ,A ,
SM67671 ,A ,
SM67672 ,S ,
SM67673 ,A ,
SM67674 ,A ,
SM67675 ,A ,
SM67676 ,S ,
SM67678 ,A ,
SM67679 ,A ,
SM67680 ,S ,
SM67681 ,S ,
SM67682 ,S ,
SM67683 ,S ,
SM67684 ,A ,
SM67686 ,A ,
SM67687 ,S ,
SM67688 ,S ,
SM67690 ,S ,
SM67691 ,S ,
SM67692 ,S ,
SM67693 ,S ,
SM67694 ,A ,
SM67695 ,A ,
SM67697 ,S ,
SM67698 ,A ,
SM67699 ,S ,
SM67700 ,A ,
SM67701 ,S ,
SM67702 ,S ,
SM67703 ,S ,
SM67704 ,A ,
SM67705 ,A ,
SM67706 ,S ,
SM67707 ,A ,
SM67708 ,A ,
SM67709 ,A ,
SM67710 ,S ,
SM67711 ,S ,
SM67712 ,A ,
SM67713 ,A ,
SM67714 ,S ,
SM67715 ,A ,
SM67716 ,S ,
SM67717 ,A ,
SM67718 ,A ,
SM67719 ,A ,
SM67720 ,A ,
SM67721 ,S ,
SM67722 ,A ,
SM67723 ,A ,
SM67724 ,A ,
SM67725 ,S ,
SM67726 ,A ,
SM67727 ,S ,
SM67728 ,S ,
SM67730 ,A ,
SM67731 ,S ,
SM67732 ,A ,
SM67733 ,A ,
SM67734 ,A ,
SM67735 ,S ,
SM67736 ,A ,
SM67737 ,S ,
SM67738 ,S ,
SM67739 ,S ,
SM67740 ,A ,
SM67741 ,S ,
SM67742 ,A ,
SM67743 ,A ,
SM67744 ,S ,
SM67745 ,S ,
SM67746 ,A ,
SM67747 ,A ,
SM67748 ,A ,
SM67749 ,S ,
SM67750 ,S ,
SM67751 ,A ,
SM67752 ,A ,
SM67753 ,A ,
SM67754 ,S ,
SM67755 ,S ,
SM67756 ,S ,
SM67757 ,A ,
SM67758 ,A ,
SM67759 ,A ,
SM67760 ,S ,
SM67761 ,S ,
SM67762 ,S ,
SM67763 ,S ,
SM67764 ,A ,
SM67765 ,A ,
SM67766 ,A ,
SM67767 ,S ,
SM67768 ,S ,
SM67769 ,S ,
SM67770 ,A ,
SM67771 ,S ,
SM67772 ,A ,
SM67773 ,A ,
SM67774 ,A ,
SM67775 ,S ,
SM67776 ,A ,
SM67777 ,A ,
SM67778 ,S ,
SM67779 ,A ,
SM67780 ,A ,
SM67781 ,A ,
SM67782 ,A ,
SM67783 ,A ,
SM67784 ,A ,
SM67785 ,S ,
SM67786 ,A ,
SM67787 ,S ,
SM67788 ,A ,
SM67789 ,A ,
SM67790 ,A ,
SM67791 ,S ,
SM67792 ,S ,
SM67793 ,A ,
SM67794 ,S ,
SM67795 ,A ,
SM67796 ,A ,
SM67797 ,S ,
SM67798 ,A ,
SM67799 ,A ,
SM67800 ,S ,
SM67801 ,S ,
SM67802 ,A ,
SM67803 ,S ,
SM67804 ,S ,
SM67805 ,A ,
SM67809 ,A ,
SM67810 ,A ,
SM67811 ,A ,
SM67812 ,S ,
SM67813 ,A ,
SM67814 ,A ,
SM67816 ,A ,
SM67817 ,A ,
SM67819 ,S ,
SM67820 ,S ,
SM67822 ,A ,
SM67823 ,S ,
SM67824 ,A ,
SM67826 ,A ,
SM67827 ,A ,
SM67828 ,A ,
SM67829 ,S ,
SM67830 ,S ,
SM67831 ,S ,
SM67832 ,A ,
SM67833 ,A ,
SM67834 ,S ,
SM67835 ,S ,
SM67836 ,S ,
SM67837 ,S ,
SM67838 ,A ,
SM67839 ,S ,
SM67841 ,S ,
SM67843 ,A ,
SM67844 ,A ,
SM67846 ,A ,
SM67847 ,S ,
SM67848 ,A ,
SM67850 ,A ,
SM67851 ,A ,
SM67852 ,A ,
SM67853 ,S ,
SM67856 ,A ,
SM67857 ,S ,
SM67858 ,A ,
SM67859 ,A ,
SM67861 ,A ,
SM67862 ,A ,
SM67863 ,S ,
SM67865 ,S ,
SM67866 ,A ,
SM67867 ,A ,
SM67868 ,A ,
SM67869 ,A ,
SM67870 ,S ,
SM67871 ,A ,
SM67872 ,A ,
SM67873 ,A ,
SM67874 ,A ,
SM67875 ,A ,
SM67876 ,A ,
SM67879 ,A ,
SM67881 ,S ,
SM67883 ,A ,
SM67884 ,A ,
SM67885 ,A ,
SM67886 ,S ,
SM67887 ,S ,
SM67888 ,S ,
SM67889 ,A ,
SM67890 ,A ,
SM67891 ,A ,
SM67892 ,A ,
SM67893 ,S ,
SM67894 ,S ,
SM67896 ,S ,
SM67897 ,A ,
SM67898 ,S ,
SM67899 ,S ,
SM67900 ,S ,
SM67901 ,A ,
SM67902 ,A ,
SM67903 ,A ,
SM67904 ,A ,
SM67906 ,S ,
SM67907 ,A ,
SM67908 ,A ,
SM67909 ,A ,
SM67910 ,S ,
SM67911 ,S ,
SM67913 ,A ,
SM67914 ,A ,
SM67915 ,A ,
SM67916 ,S ,
SM67917 ,S ,
SM67918 ,A ,
SM67919 ,A ,
SM67920 ,A ,
SM67921 ,A ,
SM67922 ,A ,
SM67923 ,A ,
SM67924 ,A ,
SM67925 ,A ,
SM67926 ,S ,
SM67927 ,S ,
SM67928 ,A ,
SM67929 ,A ,
SM67930 ,A ,
SM67932 ,S ,
SM67933 ,A ,
SM67934 ,S ,
SM67935 ,A ,
SM67936 ,S ,
SM67937 ,S ,
SM67938 ,A ,
SM67939 ,S ,
SM67940 ,A ,
SM67941 ,A ,
SM67942 ,A ,
SM67943 ,A ,
SM67944 ,A ,
SM67945 ,S ,
SM67946 ,A ,
SM67947 ,A ,
SM67948 ,S ,
SM67949 ,A ,
SM67950 ,S ,
SM67951 ,A ,
SM67952 ,A ,
SM67953 ,A ,
SM67954 ,A ,
SM67955 ,A ,
SM67956 ,S ,
SM67957 ,A ,
SM67958 ,A ,
SM67959 ,A ,
SM67960 ,A ,
SM67962 ,S ,
SM67964 ,S ,
SM67965 ,A ,
SM67966 ,A ,
SM67967 ,A ,
SM67968 ,A ,
SM67969 ,S ,
SM67972 ,A ,
SM67973 ,A ,
SM67974 ,S ,
SM67975 ,A ,
SM67976 ,A ,
SM67977 ,S ,
SM67978 ,A ,
SM67979 ,S ,
SM67980 ,A ,
SM67981 ,S ,
SM67982 ,A ,
SM67983 ,A ,
SM67984 ,S ,
SM67985 ,A ,
SM67986 ,S ,
SM67988 ,A ,
SM67989 ,A ,
SM67990 ,A ,
SM67991 ,S ,
SM67992 ,A ,
SM67993 ,A ,
SM67994 ,A ,
SM67995 ,A ,
SM67996 ,A ,
SM67997 ,A ,
SM67998 ,A ,
SM67999 ,S ,
SM68000 ,A ,
SM68001 ,S ,
SM68002 ,A ,
SM68003 ,A ,
SM68004 ,A ,
SM68005 ,A ,
SM68006 ,A ,
SM68007 ,A ,
SM68008 ,S ,
SM68009 ,S ,
SM68010 ,S ,
SM68011 ,S ,
SM68012 ,A ,
SM68013 ,A ,
SM68014 ,A ,
SM68015 ,A ,
SM68016 ,S ,
SM68017 ,A ,
SM68018 ,A ,
SM68020 ,A ,
SM68021 ,S ,
SM68022 ,A ,
SM68023 ,S ,
SM68024 ,A ,
SM68025 ,A ,
SM68026 ,A ,
SM68027 ,A ,
SM68028 ,A ,
SM68029 ,A ,
SM68030 ,A ,
SM68031 ,A ,
SM68032 ,A ,
SM68033 ,A ,
SM68034 ,S ,
SM68035 ,A ,
SM68036 ,A ,
SM68037 ,S ,
SM68038 ,A ,
SM68039 ,A ,
SM68040 ,S ,
SM68041 ,S ,
SM68042 ,S ,
SM68043 ,A ,
SM68044 ,A ,
SM68045 ,S ,
SM68046 ,S ,
SM68047 ,S ,
SM68048 ,A ,
SM68049 ,A ,
SM68050 ,A ,
SM68051 ,A ,
SM68052 ,A ,
SM68053 ,A ,
SM68055 ,A ,
SM68056 ,A ,
SM68057 ,A ,
SM68058 ,A ,
SM68059 ,A ,
SM68060 ,A ,
SM68061 ,A ,
SM68062 ,A ,
SM68063 ,A ,
SM68064 ,A ,
SM68066 ,A ,
SM68067 ,A ,
SM68068 ,S ,
SM68069 ,A ,
SM68070 ,A ,
SM68071 ,A ,
SM68072 ,A ,
SM68073 ,A ,
SM68074 ,S ,
SM68075 ,A ,
SM68076 ,A ,
SM68077 ,S ,
SM68078 ,A ,
SM68080 ,S ,
SM68081 ,A ,
SM68082 ,S ,
SM68083 ,S ,
SM68084 ,A ,
SM68085 ,A ,
SM68086 ,A ,
SM68087 ,A ,
SM68088 ,S ,
SM68089 ,A ,
SM68090 ,S ,
SM68091 ,A ,
SM68092 ,A ,
SM68093 ,A ,
SM68094 ,S ,
SM68095 ,A ,
SM68096 ,S ,
SM68097 ,A ,
SM68098 ,A ,
SM68099 ,S ,
SM68100 ,A ,
SM68101 ,A ,
SM68102 ,S ,
SM68103 ,S ,
SM68104 ,S ,
SM68105 ,A ,
SM68106 ,A ,
SM68107 ,A ,
SM68108 ,S ,
SM68109 ,A ,
SM68110 ,A ,
SM68111 ,A ,
SM68112 ,S ,
SM68113 ,S ,
SM68114 ,A ,
SM68115 ,S ,
SM68116 ,S ,
SM68117 ,S ,
SM68118 ,S ,
SM68119 ,A ,
SM68120 ,A ,
SM68121 ,A ,
SM68122 ,A ,
SM68123 ,S ,
SM68124 ,A ,
SM68125 ,S ,
SM68126 ,A ,
SM68127 ,A ,
SM68128 ,A ,
SM68129 ,A ,
SM68130 ,A ,
SM68131 ,A ,
SM68132 ,S ,
SM68133 ,A ,
SM68134 ,A ,
SM68135 ,A ,
SM68136 ,A ,
SM68137 ,S ,
SM68138 ,S ,
SM68139 ,S ,
SM68140 ,A ,
SM68141 ,A ,
SM68142 ,A ,
SM68143 ,S ,
SM68144 ,S ,
SM68145 ,S ,
SM68146 ,A ,
SM68147 ,A ,
SM68148 ,A ,
SM68149 ,S ,
SM68150 ,A ,
SM68151 ,A ,
SM68152 ,A ,
SM68153 ,A ,
SM68154 ,A ,
SM68155 ,S ,
SM68156 ,A ,
SM68157 ,A ,
SM68158 ,S ,
SM68159 ,A ,
SM68160 ,A ,
SM68161 ,A ,
SM68162 ,S ,
SM68163 ,S ,
SM68164 ,S ,
SM68165 ,A ,
SM68167 ,A ,
SM68168 ,A ,
SM68170 ,A ,
SM68172 ,A ,
SM68173 ,A ,
SM68174 ,A ,
SM68175 ,A ,
SM68177 ,A ,
SM68178 ,S ,
SM68179 ,S ,
SM68180 ,A ,
SM68181 ,A ,
SM68182 ,A ,
SM68183 ,A ,
SM68184 ,A ,
SM68185 ,A ,
SM68186 ,S ,
SM68187 ,A ,
SM68188 ,A ,
SM68189 ,S ,
SM68190 ,S ,
SM68191 ,A ,
SM68192 ,S ,
SM68193 ,A ,
SM68194 ,A ,
SM68195 ,A ,
SM68197 ,S ,
SM68198 ,A ,
SM68199 ,A ,
SM68200 ,A ,
SM68202 ,A ,
SM68203 ,A ,
SM68204 ,S ,
SM68205 ,A ,
SM68206 ,S ,
SM68207 ,S ,
SM68208 ,A ,
SM68209 ,S ,
SM68210 ,A ,
SM68211 ,A ,
SM68212 ,A ,
SM68213 ,A ,
SM68214 ,A ,
SM68217 ,A ,
SM68218 ,A ,
SM68219 ,A ,
SM68220 ,A ,
SM68221 ,A ,
SM68222 ,A ,
SM68223 ,A ,
SM68224 ,A ,
SM68225 ,A ,
SM68226 ,S ,
SM68227 ,A ,
SM68229 ,S ,
SM68230 ,A ,
SM68232 ,S ,
SM68234 ,A ,
SM68235 ,A ,
SM68236 ,S ,
SM68237 ,A ,
SM68238 ,A ,
SM68239 ,A ,
SM68240 ,A ,
SM68241 ,A ,
SM68242 ,S ,
SM68243 ,S ,
SM68244 ,S ,
SM68245 ,A ,
SM68246 ,S ,
SM68247 ,A ,
SM68248 ,A ,
SM68249 ,S ,
SM68250 ,S ,
SM68251 ,A ,
SM68252 ,A ,
SM68253 ,A ,
SM68254 ,A ,
SM68255 ,A ,
SM68256 ,A ,
SM68257 ,A ,
SM68258 ,S ,
SM68259 ,A ,
SM68260 ,A ,
SM68261 ,A ,
SM68262 ,S ,
SM68263 ,A ,
SM68264 ,S ,
SM68265 ,A ,
SM68266 ,A ,
SM68267 ,A ,
SM68268 ,A ,
SM68269 ,S ,
SM68270 ,S ,
SM68271 ,A ,
SM68272 ,S ,
SM68273 ,S ,
SM68274 ,A ,
SM68275 ,S ,
SM68276 ,A ,
SM68277 ,A ,
SM68278 ,S ,
SM68279 ,A ,
SM68280 ,A ,
SM68281 ,A ,
SM68282 ,A ,
SM68283 ,A ,
SM68284 ,A ,
SM68285 ,S ,
SM68286 ,A ,
SM68287 ,S ,
SM68288 ,A ,
SM68289 ,A ,
SM68290 ,A ,
SM68291 ,A ,
SM68292 ,A ,
SM68293 ,S ,
SM68294 ,A ,
SM68295 ,A ,
SM68296 ,A ,
SM68297 ,A ,
SM68299 ,S ,
SM68300 ,A ,
SM68301 ,A ,
SM68302 ,A ,
SM68303 ,A ,
SM68305 ,A ,
SM68306 ,S ,
SM68307 ,A ,
SM68308 ,A ,
SM68309 ,S ,
SM68310 ,S ,
SM68311 ,S ,
SM68313 ,A ,
SM68314 ,A ,
SM68315 ,S ,
SM68316 ,A ,
SM68319 ,A ,
SM68320 ,A ,
SM68323 ,A ,
SM68325 ,A ,
SM68326 ,A ,
SM68327 ,S ,
SM68328 ,A ,
SM68329 ,A ,
SM68330 ,A ,
SM68331 ,S ,
SM68332 ,A ,
SM68333 ,A ,
SM68334 ,A ,
SM68335 ,A ,
SM68336 ,A ,
SM68337 ,A ,
SM68338 ,A ,
SM68339 ,A ,
SM68340 ,A ,
SM68341 ,S ,
SM68342 ,A ,
SM68343 ,A ,
SM68344 ,S ,
SM68345 ,A ,
SM68346 ,A ,
SM68347 ,A ,
SM68348 ,S ,
SM68349 ,S ,
SM68354 ,S ,
SM68355 ,A ,
SM68356 ,A ,
SM68357 ,A ,
SM68358 ,A ,
SM68359 ,A ,
SM68360 ,A ,
SM68361 ,A ,
SM68362 ,A ,
SM68363 ,A ,
SM68364 ,A ,
SM68365 ,A ,
SM68366 ,A ,
SM68367 ,A ,
SM68368 ,A ,
SM68370 ,A ,
SM68371 ,S ,
SM68373 ,A ,
SM68375 ,A ,
SM68376 ,A ,
SM68377 ,A ,
SM68378 ,S ,
SM68379 ,A ,
SM68380 ,A ,
SM68381 ,A ,
SM68384 ,A ,
SM68385 ,A ,
SM68386 ,A ,
SM68387 ,S ,
SM68388 ,A ,
SM68389 ,A ,
SM68390 ,A ,
SM68391 ,S ,
SM68392 ,A ,
SM68393 ,S ,
SM68394 ,A ,
SM68395 ,A ,
SM68396 ,A ,
SM68397 ,A ,
SM68398 ,S ,
SM68399 ,A ,
SM68400 ,A ,
SM68401 ,A ,
SM68402 ,A ,
SM68403 ,S ,
SM68404 ,S ,
SM68405 ,A ,
SM68406 ,A ,
SM68407 ,A ,
SM68408 ,A ,
SM68409 ,A ,
SM68410 ,A ,
SM68411 ,S ,
SM68412 ,A ,
SM68413 ,A ,
SM68414 ,A ,
SM68416 ,A ,
SM68417 ,A ,
SM68418 ,S ,
SM68419 ,A ,
SM68421 ,A ,
SM68422 ,A ,
SM68423 ,A ,
SM68424 ,A ,
SM68425 ,A ,
SM68426 ,A ,
SM68427 ,A ,
SM68428 ,S ,
SM68429 ,A ,
SM68430 ,A ,
SM68431 ,A ,
SM68432 ,A ,
SM68433 ,A ,
SM68434 ,S ,
SM68435 ,S ,
SM68436 ,A ,
SM68437 ,S ,
SM68438 ,A ,
SM68439 ,A ,
SM68440 ,A ,
SM68441 ,A ,
SM68442 ,A ,
SM68443 ,S ,
SM68445 ,A ,
SM68446 ,A ,
SM68447 ,A ,
SM68448 ,A ,
SM68449 ,S ,
SM68450 ,S ,
SM68451 ,A ,
SM68453 ,S ,
SM68455 ,A ,
SM68456 ,S ,
SM68457 ,A ,
SM68460 ,A ,
SM68462 ,A ,
SM68463 ,A ,
SM68464 ,A ,
SM68465 ,A ,
SM68466 ,A ,
SM68468 ,A ,
SM68469 ,A ,
SM68470 ,A ,
SM68471 ,S ,
SM68472 ,A ,
SM68473 ,A ,
SM68474 ,S ,
SM68475 ,A ,
SM68476 ,A ,
SM68477 ,A ,
SM68479 ,S ,
SM68481 ,S ,
SM68482 ,A ,
SM68483 ,S ,
SM68484 ,S ,
SM68485 ,A ,
SM68486 ,A ,
SM68487 ,S ,
SM68488 ,A ,
SM68490 ,A ,
SM68491 ,S ,
SM68492 ,A ,
SM68493 ,A ,
SM68494 ,A ,
SM68495 ,A ,
SM68496 ,A ,
SM68498 ,A ,
SM68499 ,A ,
SM68501 ,A ,
SM68502 ,A ,
SM68503 ,A ,
SM68504 ,S ,
SM68505 ,A ,
SM68507 ,A ,
SM68508 ,S ,
SM68509 ,A ,
SM68510 ,A ,
SM68511 ,S ,
SM68512 ,A ,
SM68513 ,A ,
SM68514 ,S ,
SM68515 ,S ,
SM68517 ,A ,
SM68518 ,S ,
SM68519 ,A ,
SM68520 ,A ,
SM68522 ,A ,
SM68523 ,A ,
SM68524 ,A ,
SM68525 ,S ,
SM68526 ,S ,
SM68528 ,A ,
SM68530 ,S ,
SM68531 ,A ,
SM68533 ,A ,
SM68536 ,A ,
SM68537 ,A ,
SM68538 ,A ,
SM68539 ,A ,
SM68540 ,A ,
SM68541 ,A ,
SM68543 ,S ,
SM68544 ,S ,
SM68545 ,A ,
SM68547 ,S ,
SM68548 ,A ,
SM68549 ,A ,
SM68551 ,S ,
SM68552 ,A ,
SM68553 ,A ,
SM68555 ,A ,
SM68556 ,A ,
SM68557 ,S ,
SM68558 ,A ,
SM68559 ,S ,
SM68561 ,S ,
SM68562 ,A ,
SM68564 ,S ,
SM68565 ,A ,
SM68566 ,A ,
SM68568 ,A ,
SM68570 ,S ,
SM68571 ,S ,
SM68573 ,A ,
SM68574 ,A ,
SM68577 ,A ,
SM68578 ,S ,
SM68579 ,A ,
SM68580 ,S ,
SM68582 ,S ,
SM68583 ,S ,
SM68584 ,A ,
SM68587 ,A ,
SM68588 ,A ,
SM68589 ,A ,
SM68590 ,A ,
SM68591 ,A ,
SM68592 ,A ,
SM68593 ,A ,
SM68596 ,A ,
SM68597 ,A ,
SM68598 ,A ,
SM68599 ,S ,
SM68602 ,S ,
SM68603 ,S ,
SM68604 ,A ,
SM68605 ,A ,
SM68607 ,S ,
SM68608 ,A ,
SM68609 ,S ,
SM68614 ,A ,
SM68615 ,A ,
SM68617 ,S ,
SM68618 ,A ,
SM68620 ,A ,
SM68621 ,S ,
SM68622 ,A ,
SM68623 ,S ,
SM68624 ,A ,
SM68626 ,A ,
SM68627 ,A ,
SM68628 ,A ,
SM68629 ,S ,
SM68630 ,A ,
SM68631 ,A ,
SM68633 ,S ,
SM68634 ,A ,
SM68636 ,A ,
SM68638 ,A ,
SM68640 ,A ,
SM68642 ,S ,
SM68643 ,S ,
SM68644 ,S ,
SM68645 ,A ,
SM68647 ,S ,
SM68648 ,S ,
SM68649 ,A ,
SM68650 ,S ,
SM68652 ,S ,
SM68654 ,A ,
SM68655 ,S ,
SM68656 ,A ,
SM68657 ,A ,
SM68658 ,A ,
SM68660 ,A ,
SM68661 ,A ,
SM68663 ,S ,
SM68664 ,A ,
SM68665 ,A ,
SM68666 ,A ,
SM68667 ,A ,
SM68668 ,A ,
SM68669 ,S ,
SM68670 ,A ,
SM68671 ,S ,
SM68672 ,A ,
SM68673 ,A ,
SM68674 ,S ,
SM68675 ,A ,
SM68677 ,A ,
SM68678 ,A ,
SM68679 ,A ,
SM68680 ,S ,
SM68681 ,A ,
SM68682 ,A ,
SM68683 ,S ,
SM68684 ,A ,
SM68685 ,S ,
SM68686 ,S ,
SM68687 ,A ,
SM68688 ,A ,
SM68689 ,A ,
SM68690 ,A ,
SM68691 ,A ,
SM68692 ,S ,
SM68693 ,A ,
SM68694 ,S ,
SM68695 ,A ,
SM68696 ,A ,
SM68697 ,A ,
SM68698 ,A ,
SM68699 ,A ,
SM68701 ,S ,
SM68703 ,A ,
SM68704 ,S ,
SM68705 ,A ,
SM68706 ,S ,
SM68707 ,A ,
SM68708 ,A ,
SM68709 ,A ,
SM68710 ,S ,
SM68711 ,A ,
SM68712 ,A ,
SM68713 ,A ,
SM68714 ,S ,
SM68715 ,A ,
SM68716 ,A ,
SM68717 ,A ,
SM68718 ,S ,
SM68720 ,A ,
SM68721 ,S ,
SM68722 ,A ,
SM68723 ,S ,
SM68724 ,A ,
SM68725 ,A ,
SM68726 ,A ,
SM68727 ,A ,
SM68728 ,A ,
SM68729 ,S ,
SM68732 ,A ,
SM68733 ,A ,
SM68734 ,A ,
SM68735 ,A ,
SM68736 ,A ,
SM68737 ,A ,
SM68738 ,S ,
SM68739 ,A ,
SM68740 ,S ,
SM68741 ,S ,
SM68742 ,S ,
SM68743 ,A ,
SM68744 ,A ,
SM68745 ,A ,
SM68746 ,S ,
SM68747 ,S ,
SM68748 ,A ,
SM68750 ,A ,
SM68751 ,A ,
SM68752 ,S ,
SM68753 ,S ,
SM68754 ,A ,
SM68755 ,A ,
SM68756 ,S ,
SM68757 ,A ,
SM68760 ,S ,
SM68761 ,S ,
SM68762 ,A ,
SM68763 ,S ,
SM68764 ,A ,
SM68765 ,S ,
SM68766 ,S ,
SM68767 ,S ,
SM68770 ,A ,
SM68771 ,A ,
SM68772 ,A ,
SM68773 ,A ,
SM68775 ,S ,
SM68776 ,A ,
SM68777 ,A ,
SM68778 ,S ,
SM68779 ,A ,
SM68780 ,S ,
SM68781 ,S ,
SM68782 ,A ,
SM68783 ,S ,
SM68784 ,A ,
SM68785 ,A ,
SM68786 ,A ,
SM68787 ,S ,
SM68788 ,A ,
SM68789 ,A ,
SM68790 ,S ,
SM68791 ,S ,
SM68792 ,S ,
SM68793 ,A ,
SM68794 ,S ,
SM68795 ,A ,
SM68797 ,A ,
SM68798 ,S ,
SM68799 ,A ,
SM68800 ,S ,
SM68802 ,A ,
SM68803 ,A ,
SM68804 ,S ,
SM68805 ,S ,
SM68806 ,S ,
SM68807 ,A ,
SM68808 ,S ,
SM68809 ,A ,
SM68810 ,S ,
SM68811 ,A ,
SM68813 ,A ,
SM68814 ,S ,
SM68815 ,S ,
SM68816 ,A ,
SM68817 ,S ,
SM68818 ,A ,
SM68819 ,A ,
SM68820 ,A ,
SM68822 ,A ,
SM68823 ,S ,
SM68824 ,S ,
SM68825 ,S ,
SM68826 ,A ,
SM68827 ,A ,
SM68828 ,A ,
SM68829 ,S ,
SM68830 ,A ,
SM68831 ,S ,
SM68832 ,S ,
SM68833 ,S ,
SM68834 ,A ,
SM68835 ,A ,
SM68836 ,A ,
SM68837 ,A ,
SM68838 ,S ,
SM68839 ,A ,
SM68840 ,S ,
SM68841 ,A ,
SM68842 ,A ,
SM68843 ,S ,
SM68844 ,S ,
SM68846 ,S ,
SM68847 ,S ,
SM68848 ,A ,
SM68849 ,S ,
SM68850 ,S ,
SM68851 ,A ,
SM68852 ,S ,
SM68854 ,S ,
SM68855 ,A ,
SM68856 ,S ,
SM68857 ,S ,
SM68858 ,S ,
SM68859 ,S ,
SM68860 ,S ,
SM68861 ,A ,
SM68862 ,S ,
SM68863 ,A ,
SM68864 ,S ,
SM68865 ,A ,
SM68866 ,A ,
SM68867 ,A ,
SM68868 ,A ,
SM68869 ,S ,
SM68870 ,A ,
SM68871 ,S ,
SM68872 ,A ,
SM68873 ,A ,
SM68874 ,A ,
SM68875 ,S ,
SM68876 ,S ,
SM68877 ,S ,
SM68879 ,S ,
SM68880 ,A ,
SM68881 ,S ,
SM68882 ,S ,
SM68883 ,S ,
SM68885 ,A ,
SM68886 ,S ,
SM68887 ,S ,
SM68888 ,A ,
SM68889 ,S ,
SM68890 ,S ,
SM68891 ,A ,
SM68892 ,S ,
SM68893 ,S ,
SM68894 ,S ,
SM68895 ,S ,
SM68896 ,S ,
SM68897 ,S ,
SM68898 ,S ,
SM68899 ,S ,
SM68900 ,S ,
SM68901 ,S ,
SM68902 ,A ,
SM68903 ,S ,
SM68905 ,S ,
SM68906 ,S ,
SM68907 ,A ,
SM68908 ,A ,
SM68909 ,S ,
SM68910 ,A ,
SM68912 ,A ,
SM68913 ,S ,
SM68914 ,S ,
SM68915 ,S ,
SM68916 ,A ,
SM68918 ,S ,
SM68919 ,S ,
SM68920 ,S ,
SM68921 ,A ,
SM68922 ,S ,
SM68924 ,A ,
SM68925 ,A ,
SM68926 ,S ,
SM68927 ,S ,
SM68929 ,A ,
SM68930 ,S ,
SM68931 ,S ,
SM68932 ,S ,
SM68933 ,S ,
SM68934 ,A ,
SM68935 ,A ,
SM68936 ,A ,
SM68937 ,S ,
SM68938 ,S ,
SM68939 ,S ,
SM68940 ,S ,
SM68941 ,A ,
SM68942 ,A ,
SM68943 ,S ,
SM68944 ,S ,
SM68945 ,S ,
SM68946 ,S ,
SM68947 ,A ,
SM68948 ,S ,
SM68949 ,S ,
SM68950 ,S ,
SM68951 ,S ,
SM68952 ,A ,
SM68953 ,S ,
SM68954 ,S ,
SM68955 ,A ,
SM68956 ,A ,
SM68957 ,S ,
SM68958 ,A ,
SM68959 ,A ,
SM68961 ,S ,
SM68962 ,A ,
SM68963 ,A ,
SM68964 ,S ,
SM68965 ,S ,
SM68966 ,S ,
SM68967 ,S ,
SM68968 ,S ,
SM68969 ,S ,
SM68970 ,A ,
SM68971 ,S ,
SM68972 ,A ,
SM68973 ,S ,
SM68974 ,S ,
SM68975 ,S ,
SM68976 ,A ,
SM68978 ,S ,
SM68979 ,A ,
SM68980 ,S ,
SM68981 ,S ,
SM68982 ,S ,
SM68983 ,S ,
SM68984 ,A ,
SM68985 ,S ,
SM68986 ,S ,
SM68987 ,S ,
SM68988 ,S ,
SM68989 ,S ,
SM68990 ,A ,
SM68991 ,A ,
SM68992 ,A ,
SM68993 ,S ,
SM68994 ,S ,
SM68995 ,A ,
SM68996 ,S ,
SM68997 ,S ,
SM68998 ,A ,
SM68999 ,S ,
SM69000 ,A ,
SM69001 ,A ,
SM69002 ,A ,
SM69004 ,A ,
SM69005 ,S ,
SM69006 ,S ,
SM69007 ,S ,
SM69008 ,A ,
SM69009 ,S ,
SM69011 ,S ,
SM69012 ,A ,
SM69013 ,A ,
SM69014 ,S ,
SM69015 ,S ,
SM69016 ,S ,
SM69017 ,A ,
SM69018 ,A ,
SM69019 ,A ,
SM69020 ,S ,
SM69021 ,S ,
SM69022 ,S ,
SM69023 ,S ,
SM69024 ,A ,
SM69025 ,A ,
SM69026 ,A ,
SM69027 ,A ,
SM69028 ,S ,
SM69029 ,A ,
SM69030 ,S ,
SM69031 ,S ,
SM69032 ,S ,
SM69033 ,A ,
SM69034 ,A ,
SM69035 ,A ,
SM69036 ,A ,
SM69037 ,S ,
SM69038 ,A ,
SM69039 ,A ,
SM69040 ,S ,
SM69041 ,A ,
SM69042 ,S ,
SM69043 ,A ,
SM69044 ,S ,
SM69045 ,S ,
SM69046 ,A ,
SM69047 ,S ,
SM69048 ,A ,
SM69049 ,A ,
SM69050 ,S ,
SM69051 ,A ,
SM69052 ,A ,
SM69053 ,S ,
SM69054 ,A ,
SM69055 ,A ,
SM69056 ,A ,
SM69057 ,S ,
SM69058 ,S ,
SM69059 ,A ,
SM69060 ,A ,
SM69061 ,S ,
SM69062 ,S ,
SM69063 ,A ,
SM69064 ,S ,
SM69065 ,S ,
SM69066 ,A ,
SM69067 ,A ,
SM69068 ,S ,
SM69069 ,S ,
SM69070 ,S ,
SM69071 ,A ,
SM69072 ,A ,
SM69074 ,A ,
SM69075 ,A ,
SM69076 ,S ,
SM69077 ,A ,
SM69078 ,S ,
SM69079 ,S ,
SM69080 ,A ,
SM69081 ,A ,
SM69082 ,A ,
SM69083 ,A ,
SM69084 ,S ,
SM69085 ,S ,
SM69086 ,S ,
SM69087 ,A ,
SM69088 ,S ,
SM69089 ,S ,
SM69090 ,A ,
SM69091 ,S ,
SM69092 ,A ,
SM69093 ,A ,
SM69094 ,A ,
SM69095 ,A ,
SM69096 ,A ,
SM69097 ,A ,
SM69098 ,A ,
SM69099 ,S ,
SM69100 ,S ,
SM69101 ,S ,
SM69102 ,A ,
SM69103 ,S ,
SM69104 ,A ,
SM69105 ,A ,
SM69106 ,S ,
SM69107 ,S ,
SM69108 ,A ,
SM69109 ,S ,
SM69110 ,A ,
SM69111 ,A ,
SM69113 ,A ,
SM69115 ,S ,
SM69116 ,A ,
SM69117 ,A ,
SM69118 ,A ,
SM69119 ,A ,
SM69120 ,A ,
SM69121 ,A ,
SM69122 ,A ,
SM69123 ,A ,
SM69124 ,A ,
SM69126 ,S ,
SM69127 ,S ,
SM69128 ,S ,
SM69129 ,A ,
SM69130 ,S ,
SM69132 ,S ,
SM69133 ,A ,
SM69134 ,A ,
SM69135 ,A ,
SM69136 ,A ,
SM69137 ,A ,
SM69138 ,A ,
SM69139 ,S ,
SM69140 ,S ,
SM69141 ,S ,
SM69142 ,A ,
SM69143 ,A ,
SM69144 ,A ,
SM69145 ,A ,
SM69146 ,S ,
SM69148 ,A ,
SM69149 ,S ,
SM69150 ,S ,
SM69151 ,A ,
SM69152 ,A ,
SM69153 ,A ,
SM69155 ,A ,
SM69156 ,S ,
SM69157 ,S ,
SM69158 ,A ,
SM69159 ,A ,
SM69160 ,A ,
SM69161 ,A ,
SM69162 ,S ,
SM69163 ,A ,
SM69165 ,S ,
SM69166 ,A ,
SM69167 ,A ,
SM69168 ,S ,
SM69169 ,A ,
SM69170 ,S ,
SM69171 ,S ,
SM69172 ,A ,
SM69173 ,S ,
SM69174 ,A ,
SM69175 ,A ,
SM69176 ,S ,
SM69177 ,A ,
SM69178 ,S ,
SM69179 ,S ,
SM69180 ,S ,
SM69181 ,A ,
SM69182 ,A ,
SM69183 ,A ,
SM69184 ,S ,
SM69185 ,S ,
SM69186 ,A ,
SM69187 ,A ,
SM69188 ,A ,
SM69189 ,S ,
SM69190 ,A ,
SM69191 ,A ,
SM69192 ,A ,
SM69193 ,A ,
SM69194 ,A ,
SM69195 ,A ,
SM69196 ,S ,
SM69197 ,S ,
SM69198 ,S ,
SM69199 ,S ,
SM69200 ,A ,
SM69201 ,S ,
SM69202 ,S ,
SM69203 ,S ,
SM69204 ,A ,
SM69205 ,S ,
SM69206 ,S ,
SM69207 ,A ,
SM69208 ,A ,
SM69209 ,A ,
SM69210 ,A ,
SM69211 ,A ,
SM69212 ,S ,
SM69213 ,A ,
SM69214 ,S ,
SM69215 ,S ,
SM69216 ,A ,
SM69217 ,A ,
SM69218 ,S ,
SM69219 ,A ,
SM69220 ,S ,
SM69221 ,A ,
SM69222 ,A ,
SM69223 ,A ,
SM69224 ,S ,
SM69225 ,S ,
SM69226 ,A ,
SM69228 ,S ,
SM69229 ,A ,
SM69231 ,A ,
SM69232 ,S ,
SM69233 ,S ,
SM69234 ,S ,
SM69235 ,A ,
SM69236 ,A ,
SM69237 ,A ,
SM69238 ,S ,
SM69239 ,S ,
SM69240 ,A ,
SM69241 ,S ,
SM69242 ,A ,
SM69243 ,S ,
SM69244 ,S ,
SM69245 ,A ,
SM69246 ,A ,
SM69247 ,A ,
SM69248 ,A ,
SM69249 ,A ,
SM69250 ,A ,
SM69251 ,A ,
SM69252 ,A ,
SM69253 ,S ,
SM69254 ,S ,
SM69255 ,S ,
SM69256 ,S ,
SM69257 ,A ,
SM69258 ,S ,
SM69260 ,S ,
SM69261 ,S ,
SM69262 ,A ,
SM69263 ,A ,
SM69264 ,S ,
SM69265 ,A ,
SM69266 ,A ,
SM69267 ,S ,
SM69268 ,S ,
SM69269 ,A ,
SM69270 ,A ,
SM69271 ,A ,
SM69272 ,A ,
SM69273 ,S ,
SM69274 ,A ,
SM69275 ,A ,
SM69276 ,S ,
SM69277 ,A ,
SM69278 ,A ,
SM69279 ,S ,
SM69280 ,A ,
SM69281 ,S ,
SM69282 ,S ,
SM69284 ,A ,
SM69285 ,S ,
SM69286 ,S ,
SM69287 ,S ,
SM69288 ,S ,
SM69289 ,A ,
SM69290 ,A ,
SM69291 ,A ,
SM69292 ,S ,
SM69293 ,A ,
SM69294 ,S ,
SM69295 ,S ,
SM69296 ,A ,
SM69297 ,A ,
SM69298 ,A ,
SM69299 ,A ,
SM69300 ,S ,
SM69301 ,A ,
SM69302 ,S ,
SM69303 ,A ,
SM69304 ,A ,
SM69305 ,S ,
SM69306 ,A ,
SM69307 ,A ,
SM69308 ,A ,
SM69309 ,A ,
SM69310 ,A ,
SM69311 ,S ,
SM69312 ,S ,
SM69313 ,A ,
SM69314 ,A ,
SM69315 ,A ,
SM69316 ,S ,
SM69317 ,A ,
SM69318 ,S ,
SM69319 ,S ,
SM69320 ,A ,
SM69321 ,S ,
SM69322 ,A ,
SM69323 ,A ,
SM69324 ,A ,
SM69325 ,A ,
SM69326 ,A ,
SM69327 ,A ,
SM69328 ,A ,
SM69329 ,S ,
SM69330 ,S ,
SM69331 ,A ,
SM69332 ,S ,
SM69333 ,A ,
SM69334 ,A ,
SM69335 ,S ,
SM69336 ,A ,
SM69337 ,A ,
SM69338 ,A ,
SM69339 ,A ,
SM69340 ,A ,
SM69341 ,A ,
SM69342 ,A ,
SM69343 ,A ,
SM69344 ,A ,
SM69345 ,A ,
SM69347 ,A ,
SM69349 ,S ,
SM69350 ,S ,
SM69351 ,S ,
SM69352 ,S ,
SM69353 ,A ,
SM69354 ,A ,
SM69356 ,A ,
SM69357 ,A ,
SM69358 ,S ,
SM69359 ,S ,
SM69360 ,S ,
SM69361 ,S ,
SM69362 ,A ,
SM69363 ,S ,
SM69364 ,A ,
SM69365 ,A ,
SM69366 ,A ,
SM69367 ,A ,
SM69368 ,A ,
SM69369 ,S ,
SM69370 ,A ,
SM69371 ,S ,
SM69372 ,S ,
SM69374 ,S ,
SM69375 ,S ,
SM69376 ,S ,
SM69377 ,A ,
SM69378 ,S ,
SM69379 ,A ,
SM69380 ,S ,
SM69381 ,A ,
SM69382 ,A ,
SM69383 ,A ,
SM69384 ,A ,
SM69385 ,S ,
SM69386 ,A ,
SM69387 ,S ,
SM69388 ,A ,
SM69389 ,S ,
SM69390 ,S ,
SM69391 ,A ,
SM69392 ,A ,
SM69393 ,A ,
SM69394 ,S ,
SM69397 ,A ,
SM69398 ,A ,
SM69399 ,A ,
SM69400 ,A ,
SM69401 ,S ,
SM69402 ,S ,
SM69403 ,A ,
SM69404 ,A ,
SM69405 ,S ,
SM69406 ,S ,
SM69407 ,A ,
SM69408 ,A ,
SM69409 ,S ,
SM69410 ,A ,
SM69411 ,S ,
SM69412 ,A ,
SM69413 ,S ,
SM69414 ,S ,
SM69415 ,A ,
SM69416 ,A ,
SM69417 ,A ,
SM69419 ,A ,
SM69420 ,S ,
SM69421 ,A ,
SM69422 ,A ,
SM69423 ,S ,
SM69424 ,S ,
SM69425 ,S ,
SM69426 ,S ,
SM69427 ,A ,
SM69428 ,A ,
SM69429 ,A ,
SM69430 ,A ,
SM69431 ,A ,
SM69432 ,A ,
SM69433 ,A ,
SM69434 ,A ,
SM69435 ,A ,
SM69436 ,A ,
SM69437 ,A ,
SM69438 ,A ,
SM69439 ,S ,
SM69440 ,A ,
SM69442 ,S ,
SM69443 ,A ,
SM69444 ,S ,
SM69445 ,A ,
SM69446 ,A ,
SM69447 ,A ,
SM69448 ,A ,
SM69449 ,S ,
SM69450 ,A ,
SM69451 ,S ,
SM69452 ,A ,
SM69453 ,A ,
SM69454 ,A ,
SM69455 ,A ,
SM69456 ,A ,
SM69457 ,A ,
SM69459 ,S ,
SM69461 ,A ,
SM69462 ,A ,
SM69463 ,A ,
SM69464 ,A ,
SM69466 ,A ,
SM69467 ,A ,
SM69468 ,A ,
SM69469 ,A ,
SM69470 ,A ,
SM69471 ,A ,
SM69472 ,A ,
SM69473 ,A ,
SM69474 ,A ,
SM69475 ,A ,
SM69476 ,S ,
SM69477 ,A ,
SM69478 ,A ,
SM69479 ,A ,
SM69480 ,S ,
SM69481 ,A ,
SM69482 ,A ,
SM69483 ,A ,
SM69484 ,A ,
SM69485 ,A ,
SM69486 ,A ,
SM69487 ,A ,
SM69488 ,A ,
SM69489 ,S ,
SM69490 ,A ,
SM69491 ,A ,
SM69492 ,S ,
SM69493 ,A ,
SM69494 ,S ,
SM69495 ,A ,
SM69496 ,A ,
SM69497 ,A ,
SM69498 ,S ,
SM69499 ,S ,
SM69500 ,A ,
SM69501 ,A ,
SM69502 ,A ,
SM69503 ,A ,
SM69504 ,A ,
SM69505 ,A ,
SM69506 ,A ,
SM69507 ,S ,
SM69508 ,A ,
SM69509 ,S ,
SM69510 ,A ,
SM69511 ,A ,
SM69512 ,A ,
SM69513 ,A ,
SM69514 ,A ,
SM69515 ,A ,
SM69516 ,A ,
SM69517 ,S ,
SM69518 ,S ,
SM69519 ,A ,
SM69520 ,S ,
SM69521 ,A ,
SM69522 ,A ,
SM69523 ,S ,
SM69524 ,A ,
SM69526 ,S ,
SM69527 ,A ,
SM69528 ,A ,
SM69529 ,A ,
SM69530 ,A ,
SM69531 ,A ,
SM69532 ,A ,
SM69533 ,A ,
SM69534 ,S ,
SM69535 ,A ,
SM69536 ,S ,
SM69537 ,A ,
SM69538 ,A ,
SM69539 ,A ,
SM69540 ,S ,
SM69541 ,A ,
SM69542 ,A ,
SM69543 ,A ,
SM69544 ,S ,
SM69545 ,A ,
SM69546 ,A ,
SM69547 ,A ,
SM69548 ,S ,
SM69549 ,A ,
SM69550 ,A ,
SM69551 ,S ,
SM69552 ,A ,
SM69553 ,A ,
SM69554 ,S ,
SM69555 ,S ,
SM69556 ,S ,
SM69557 ,A ,
SM69558 ,S ,
SM69559 ,A ,
SM69560 ,A ,
SM69561 ,A ,
SM69562 ,A ,
SM69563 ,S ,
SM69564 ,S ,
SM69565 ,A ,
SM69566 ,A ,
SM69567 ,A ,
SM69568 ,A ,
SM69569 ,S ,
SM69570 ,S ,
SM69571 ,S ,
SM69572 ,S ,
SM69574 ,A ,
SM69575 ,S ,
SM69576 ,A ,
SM69577 ,S ,
SM69578 ,S ,
SM69579 ,A ,
SM69580 ,A ,
SM69581 ,A ,
SM69582 ,A ,
SM69583 ,S ,
SM69584 ,A ,
SM69585 ,S ,
SM69586 ,A ,
SM69587 ,S ,
SM69588 ,A ,
SM69589 ,A ,
SM69590 ,S ,
SM69591 ,A ,
SM69592 ,S ,
SM69593 ,A ,
SM69594 ,S ,
SM69595 ,A ,
SM69596 ,A ,
SM69597 ,S ,
SM69598 ,A ,
SM69599 ,S ,
SM69600 ,S ,
SM69601 ,A ,
SM69602 ,S ,
SM69603 ,A ,
SM69604 ,A ,
SM69605 ,S ,
SM69606 ,A ,
SM69607 ,A ,
SM69608 ,S ,
SM69609 ,A ,
SM69610 ,A ,
SM69611 ,S ,
SM69612 ,A ,
SM69613 ,A ,
SM69614 ,S ,
SM69615 ,A ,
SM69616 ,S ,
SM69617 ,A ,
SM69618 ,A ,
SM69619 ,A ,
SM69620 ,S ,
SM69621 ,A ,
SM69622 ,S ,
SM69623 ,A ,
SM69624 ,S ,
SM69625 ,S ,
SM69626 ,A ,
SM69627 ,S ,
SM69628 ,A ,
SM69629 ,A ,
SM69630 ,A ,
SM69631 ,A ,
SM69632 ,S ,
SM69633 ,A ,
SM69634 ,S ,
SM69635 ,S ,
SM69636 ,S ,
SM69637 ,A ,
SM69638 ,A ,
SM69639 ,S ,
SM69640 ,S ,
SM69641 ,A ,
SM69642 ,A ,
SM69643 ,A ,
SM69644 ,A ,
SM69645 ,A ,
SM69646 ,S ,
SM69647 ,S ,
SM69648 ,S ,
SM69649 ,A ,
SM69650 ,A ,
SM69651 ,A ,
SM69652 ,A ,
SM69653 ,A ,
SM69654 ,S ,
SM69655 ,A ,
SM69656 ,S ,
SM69657 ,A ,
SM69658 ,S ,
SM69659 ,A ,
SM69660 ,A ,
SM69661 ,S ,
SM69662 ,A ,
SM69663 ,A ,
SM69664 ,S ,
SM69665 ,S ,
SM69666 ,A ,
SM69667 ,S ,
SM69668 ,A ,
SM69669 ,A ,
SM69670 ,S ,
SM69671 ,S ,
SM69675 ,A ,
SM69677 ,S ,
SM69678 ,A ,
SM69679 ,S ,
SM69680 ,A ,
SM69681 ,S ,
SM69682 ,A ,
SM69683 ,A ,
SM69686 ,A ,
SM69687 ,A ,
SM69688 ,S ,
SM69689 ,S ,
SM69690 ,A ,
SM69691 ,A ,
SM69694 ,A ,
SM69695 ,S ,
SM69696 ,A ,
SM69697 ,S ,
SM69698 ,A ,
SM69699 ,S ,
SM69700 ,S ,
SM69701 ,A ,
SM69702 ,A ,
SM69703 ,S ,
SM69705 ,A ,
SM69707 ,A ,
SM69708 ,A ,
SM69709 ,A ,
SM69711 ,S ,
SM69712 ,A ,
SM69713 ,A ,
SM69715 ,A ,
SM69716 ,S ,
SM69717 ,S ,
SM69718 ,S ,
SM69719 ,A ,
SM69722 ,S ,
SM69725 ,A ,
SM69726 ,A ,
SM69727 ,A ,
SM69728 ,A ,
SM69729 ,S ,
SM69730 ,A ,
SM69731 ,S ,
SM69732 ,A ,
SM69733 ,S ,
SM69734 ,A ,
SM69735 ,A ,
SM69736 ,A ,
SM69737 ,A ,
SM69738 ,A ,
SM69739 ,A ,
SM69740 ,S ,
SM69741 ,S ,
SM69742 ,A ,
SM69743 ,A ,
SM69744 ,A ,
SM69745 ,A ,
SM69746 ,A ,
SM69747 ,A ,
SM69748 ,A ,
SM69749 ,A ,
SM69750 ,A ,
SM69751 ,A ,
SM69752 ,A ,
SM69753 ,S ,
SM69754 ,A ,
SM69755 ,A ,
SM69756 ,S ,
SM69758 ,A ,
SM69759 ,A ,
SM69761 ,A ,
SM69762 ,A ,
SM69763 ,A ,
SM69764 ,A ,
SM69765 ,S ,
SM69766 ,S ,
SM69767 ,A ,
SM69768 ,A ,
SM69769 ,A ,
SM69770 ,A ,
SM69771 ,S ,
SM69772 ,A ,
SM69773 ,A ,
SM69774 ,A ,
SM69775 ,A ,
SM69776 ,A ,
SM69777 ,A ,
SM69778 ,A ,
SM69779 ,A ,
SM69780 ,A ,
SM69781 ,A ,
SM69782 ,A ,
SM69783 ,A ,
SM69784 ,A ,
SM69786 ,A ,
SM69787 ,A ,
SM69788 ,S ,
SM69789 ,A ,
SM69790 ,S ,
SM69791 ,A ,
SM69792 ,A ,
SM69793 ,A ,
SM69794 ,A ,
SM69795 ,A ,
SM69796 ,S ,
SM69797 ,A ,
SM69798 ,A ,
SM69799 ,A ,
SM69800 ,A ,
SM69801 ,A ,
SM69802 ,A ,
SM69803 ,A ,
SM69804 ,A ,
SM69805 ,A ,
SM69806 ,A ,
SM69807 ,A ,
SM69808 ,A ,
SM69809 ,A ,
SM69810 ,S ,
SM69811 ,A ,
SM69812 ,A ,
SM69813 ,A ,
SM69814 ,A ,
SM69815 ,A ,
SM69816 ,A ,
SM69817 ,A ,
SM69818 ,S ,
SM69819 ,A ,
SM69820 ,A ,
SM69821 ,A ,
SM69822 ,A ,
SM69823 ,A ,
SM69824 ,A ,
SM69825 ,A ,
SM69826 ,A ,
SM69827 ,A ,
SM69828 ,A ,
SM69829 ,A ,
SM69830 ,A ,
SM69831 ,A ,
SM69832 ,A ,
SM69833 ,A ,
SM69834 ,A ,
SM69835 ,A ,
SM69836 ,S ,
SM69837 ,S ,
SM69838 ,A ,
SM69839 ,A ,
SM69840 ,A ,
SM69841 ,A ,
SM69842 ,A ,
SM69843 ,A ,
SM69844 ,A ,
SM69845 ,A ,
SM69846 ,A ,
SM69847 ,A ,
SM69848 ,A ,
SM69849 ,A ,
SM69850 ,A ,
SM69851 ,A ,
SM69852 ,A ,
SM69853 ,A ,
SM69854 ,A ,
SM69855 ,A ,
SM69856 ,A ,
SM69857 ,A ,
SM69858 ,S ,
SM69859 ,A ,
SM69860 ,A ,
SM69861 ,A ,
SM69862 ,A ,
SM69863 ,A ,
SM69864 ,A ,
SM69865 ,A ,
SM69866 ,A ,
SM69867 ,A ,
SM69868 ,A ,
SM69869 ,S ,
SM69870 ,A ,
SM69871 ,A ,
SM69872 ,A ,
SM69873 ,A ,
SM69874 ,A ,
SM69875 ,A ,
SM69876 ,A ,
SM69877 ,A ,
SM69878 ,A ,
SM69879 ,A ,
SM69880 ,A ,
SM69881 ,A ,
SM69882 ,A ,
SM69883 ,A ,
SM69884 ,A ,
SM69885 ,A ,
SM69886 ,A ,
SM69887 ,A ,
SM69888 ,A ,
SM69889 ,A ,
SM69890 ,A ,
SM69891 ,A ,
SM69892 ,A ,
SM69893 ,A ,
SM69894 ,A ,
SM69895 ,A ,
SM69896 ,A ,
SM69897 ,A ,
SM69898 ,A ,
SM69899 ,A ,
SM69900 ,A ,
SM69901 ,A ,
SM69902 ,A ,
SM69903 ,A ,
SM69904 ,A ,
SM69905 ,A ,
SM69907 ,A ,
SM69908 ,A ,
SM69909 ,A ,
SM69910 ,A ,
SM69911 ,A ,
SM69912 ,A ,
SM69913 ,A ,
SM69914 ,A ,
SM69915 ,S ,
SM69916 ,A ,
SM69917 ,A ,
SM69918 ,A ,
SM69919 ,A ,
SM69920 ,A ,
SM69921 ,A ,
SM69922 ,A ,
SM69923 ,A ,
SM69924 ,A ,
SM69925 ,A ,
SM69926 ,A ,
SM69927 ,A ,
SM69928 ,A ,
SM69929 ,A ,
SM69930 ,A ,
SM69931 ,A ,
SM69932 ,A ,
SM69933 ,A ,
SM69934 ,A ,
SM69935 ,A ,
SM69936 ,A ,
SM69937 ,S ,
SM69938 ,A ,
SM69939 ,A ,
SM69940 ,A ,
SM69941 ,A ,
SM69942 ,A ,
SM69943 ,A ,
SM69944 ,A ,
SM69945 ,A ,
SM69946 ,A ,
SM69947 ,A ,
SM69948 ,A ,
SM69949 ,A ,
SM69950 ,A ,
SM69951 ,A ,
SM69952 ,A ,
SM69953 ,A ,
SM69954 ,A ,
SM69957 ,A ,
SM69958 ,A ,
SM69959 ,A ,
SM69960 ,A ,
SM69961 ,A ,
SM69962 ,A ,
SM69963 ,A ,
SM69964 ,A ,
SM69965 ,A ,
SM69966 ,A ,
SM69967 ,A ,
SM69968 ,A ,
SM69969 ,S ,
SM69970 ,A ,
SM69971 ,S ,
SM69972 ,A ,
SM69973 ,A ,
SM69974 ,A ,
SM69976 ,S ,
SM69977 ,A ,
SM69978 ,S ,
SM69979 ,A ,
SM69980 ,A ,
SM69981 ,A ,
SM69982 ,S ,
SM69983 ,A ,
SM69984 ,A ,
SM69985 ,A ,
SM69986 ,S ,
SM69987 ,A ,
SM69988 ,A ,
SM69989 ,S ,
SM69990 ,A ,
SM69991 ,A ,
SM69992 ,A ,
SM69993 ,S ,
SM69995 ,A ,
SM69996 ,A ,
SM69997 ,S ,
SM69998 ,A ,
SM69999 ,A ,
SM70000 ,A ,
SM70001 ,A ,
SM70002 ,A ,
SM70003 ,A ,
SM70004 ,A ,
SM70005 ,A ,
SM70006 ,A ,
SM70008 ,A ,
SM70009 ,A ,
SM70010 ,A ,
SM70011 ,S ,
SM70012 ,A ,
SM70013 ,A ,
SM70014 ,A ,
SM70015 ,A ,
SM70016 ,A ,
SM70017 ,A ,
SM70018 ,A ,
SM70019 ,A ,
SM70020 ,A ,
SM70021 ,A ,
SM70022 ,A ,
SM70023 ,S ,
SM70024 ,A ,
SM70025 ,A ,
SM70026 ,A ,
SM70027 ,A ,
SM70028 ,A ,
SM70029 ,A ,
SM70030 ,A ,
SM70031 ,A ,
SM70032 ,A ,
SM70033 ,A ,
SM70034 ,A ,
SM70035 ,S ,
SM70036 ,A ,
SM70037 ,A ,
SM70038 ,A ,
SM70039 ,A ,
SM70040 ,A ,
SM70041 ,A ,
SM70042 ,A ,
SM70043 ,A ,
SM70044 ,A ,
SM70045 ,A ,
SM70046 ,A ,
SM70047 ,A ,
SM70048 ,A ,
SM70049 ,S ,
SM70050 ,A ,
SM70051 ,A ,
SM70052 ,A ,
SM70053 ,A ,
SM70054 ,A ,
SM70055 ,A ,
SM70056 ,A ,
SM70057 ,A ,
SM70058 ,A ,
SM70059 ,A ,
SM70060 ,S ,
SM70061 ,A ,
SM70062 ,A ,
SM70063 ,A ,
SM70064 ,A ,
SM70065 ,A ,
SM70066 ,A ,
SM70067 ,A ,
SM70068 ,A ,
SM70069 ,A ,
SM70070 ,S ,
SM70071 ,A ,
SM70072 ,A ,
SM70073 ,A ,
SM70074 ,A ,
SM70075 ,A ,
SM70076 ,A ,
SM70077 ,A ,
SM70078 ,A ,
SM70079 ,A ,
SM70080 ,A ,
SM70081 ,S ,
SM70082 ,A ,
SM70083 ,A ,
SM70084 ,A ,
SM70085 ,A ,
SM70086 ,A ,
SM70087 ,A ,
SM70088 ,A ,
SM70089 ,S ,
SM70090 ,A ,
SM70091 ,A ,
SM70092 ,A ,
SM70093 ,A ,
SM70094 ,A ,
SM70095 ,A ,
SM70096 ,A ,
SM70097 ,A ,
SM70098 ,A ,
SM70099 ,A ,
SM70100 ,A ,
SM70101 ,A ,
SM70102 ,A ,
SM70103 ,A ,
SM70104 ,A ,
SM70105 ,A ,
SM70106 ,A ,
SM70107 ,A ,
SM70108 ,A ,
SM70109 ,A ,
SM70110 ,A ,
SM70111 ,A ,
SM70112 ,A ,
SM70113 ,A ,
SM70114 ,A ,
SM70115 ,A ,
SM70116 ,A ,
SM70117 ,A ,
SM70118 ,A ,
SM70119 ,A ,
SM70120 ,A ,
SM70121 ,A ,
SM70122 ,A ,
SM70123 ,A ,
SM70124 ,A ,
SM70125 ,A ,
SM70126 ,A ,
SM70127 ,A ,
SM70128 ,A ,
SM70129 ,A ,
SM70130 ,A ,
SM70131 ,A ,
SM70132 ,A ,
SM70133 ,A ,
SM70134 ,A ,
SM70135 ,A ,
SM70136 ,A ,
SM70137 ,A ,
SM70138 ,A ,
SM70139 ,A ,
SM70140 ,A ,
SM70141 ,A ,
SM70142 ,A ,
SM70143 ,A ,
SM70144 ,A ,
SM70145 ,A ,
SM70146 ,A ,
SM70147 ,A ,
SM70148 ,A ,
SM70149 ,A ,
SM70150 ,A ,
SM70151 ,A ,
SM70152 ,A ,
SM70153 ,A ,
SM70154 ,A ,
SM70155 ,A ,
SM70156 ,A ,
SM70157 ,A ,
SM70158 ,A ,
SM70159 ,A ,
SM70160 ,A ,
SM70161 ,A ,
SM70162 ,A ,
SM70163 ,A ,
SM70164 ,A ,
SM70165 ,A ,
SM70166 ,A ,
SM70167 ,A ,
SM70168 ,A ,
SM70169 ,A ,
SM70170 ,A ,
SM70171 ,A ,
SM70172 ,A ,
SM70173 ,A ,
SM70174 ,A ,
SM70175 ,A ,
SM70176 ,A ,
SM70177 ,A ,
SM70178 ,A ,
SM70179 ,A ,
SM70180 ,A ,
SM70181 ,A ,
SM70182 ,A ,
SM70183 ,A ,
SM70184 ,A ,
SM70185 ,A ,
SM70186 ,A ,
SM70187 ,A ,
SM70188 ,A ,
SM70189 ,A ,
SM70190 ,A ,
SM70191 ,A ,
SM70192 ,A ,
SM70193 ,A ,
SM70194 ,A ,
SM70195 ,A ,
SM70196 ,A ,
SM70197 ,A ,
SM70198 ,A ,
SM70199 ,A ,
SM70200 ,A ,
SM70201 ,A ,
SM70202 ,A ,
SM70203 ,A ,
SM70204 ,A ,
SM70205 ,A ,
SM70206 ,A ,
SM70207 ,A ,
SM70208 ,A ,
SM70209 ,A ,
SM70211 ,A ,
SM70212 ,A ,
SM70213 ,A ,
SM70214 ,A ,
SM70215 ,A ,
SM70216 ,A ,
SM70217 ,A ,
SM70219 ,A ,
SM70220 ,A ,
SM70221 ,A ,
SM70222 ,A ,
SM70223 ,A ,
SM70224 ,A ,
SM70226 ,A ,
SM70227 ,A ,
SM70228 ,A ,
SM70229 ,A ,
SM70230 ,A ,
SM70231 ,A ,
SM70232 ,A ,
SM70234 ,A ,
SM70235 ,A ,
SM70236 ,A ,
SM70237 ,A ,
SM70238 ,A ,
SM70239 ,A ,
SM70240 ,A ,
SM70241 ,A ,
SM70242 ,A ,
SM70243 ,A ,
SM70244 ,A ,
SM70245 ,A ,
SM70246 ,A ,
SM70247 ,A ,
SM70248 ,A ,
SM70249 ,A ,
SM70250 ,A ,
SM70251 ,A ,
SM70252 ,A ,
SM70253 ,A ,
SM70254 ,A ,
SM70255 ,A ,
SM70256 ,A ,
SM70257 ,A ,
SM70258 ,A ,
SM70259 ,A ,
SM70260 ,A ,
SM70261 ,A ,
SM70262 ,A ,
SM70263 ,A ,
SM70264 ,A ,
SM70265 ,A ,
SM70266 ,A ,
SM70267 ,A ,
SM70268 ,A ,
SM70269 ,A ,
SM70270 ,A ,
SM70271 ,A ,
SM70272 ,A ,
SM70273 ,A ,
SM70274 ,A ,
SM70275 ,A ,
SM70276 ,A ,
SM70277 ,A ,
SM70278 ,A ,
SM70279 ,A ,
SM70280 ,A ,
SM70281 ,A ,
SM70282 ,A ,
SM70283 ,A ,
SM70284 ,A ,
SM70285 ,A ,
SM70286 ,A ,
SM70287 ,A ,
SM70288 ,A ,
SM70289 ,A ,
SM70290 ,A ,
SM70291 ,A ,
SM70292 ,A ,
SM70293 ,A ,
SM70294 ,A ,
SM70295 ,A ,
SM70296 ,A ,
SM70297 ,A ,
SM70298 ,A ,
SM70299 ,A ,
SM70300 ,A ,
SM70301 ,A ,
SM70302 ,A ,
SM70303 ,A ,
SM70304 ,A ,
SM70305 ,A ,
SM70306 ,A ,
SM70307 ,A ,
SM70308 ,A ,
SM70309 ,A ,
SM70310 ,A ,
SM70311 ,A ,
SM70312 ,A ,
SM70313 ,A ,
SM70314 ,A ,
SM70315 ,A ,
SM70316 ,A ,
SM70317 ,A ,
SM70318 ,A ,
SM70319 ,A ,
SM70320 ,A ,
SM70321 ,A ,
SM70322 ,A ,
SM70323 ,A ,
SM70324 ,A ,
SM70325 ,A ,
SM70326 ,A ,
SM70327 ,A ,
SM70328 ,A ,
SM70329 ,A ,
SM70330 ,A ,
SM70331 ,A ,
SM70332 ,A ,
SM70333 ,A ,
SM70334 ,A ,
SM70335 ,A ,
SM70336 ,A ,
SM70337 ,A ,
SM70338 ,A ,
SM70339 ,A ,
SM70340 ,A ,
SM70341 ,A ,
SM70342 ,A ,
SM70343 ,A ,
SM70344 ,A ,
SM70345 ,A ,
SM70346 ,A ,
SM70347 ,A ,
SM70348 ,A ,
SM70349 ,A ,
SM70350 ,A ,
SM70351 ,A ,
SM70352 ,A ,
SM70353 ,A ,
SM70354 ,A ,
SM70355 ,A ,
SM70356 ,A ,
SM70357 ,A ,
SM70358 ,A ,
SM70359 ,A ,
SM70360 ,A ,
SM70361 ,A ,
SM70362 ,A ,
SM70363 ,A ,
SM70364 ,A ,
SM70365 ,A ,
SM70366 ,A ,
SM70367 ,A ,
SM70368 ,A ,
SM70369 ,A ,
SM70370 ,A ,
SM70371 ,A ,
SM70372 ,A ,
SM70373 ,A ,
SM70374 ,A ,
SM70375 ,A ,
SM70376 ,A ,
SM70377 ,S ,
SM70378 ,A ,
SM70379 ,A ,
SM70380 ,S ,
SM70381 ,A ,
SM70382 ,A ,
SM70383 ,S ,
SM70384 ,A ,
SM70385 ,S ,
SM70386 ,S ,
SM70387 ,A ,
SM70388 ,A ,
SM70389 ,S ,
SM70390 ,A ,
SM70391 ,A ,
SM70392 ,S ,
SM70393 ,A ,
SM70394 ,A ,
SM70396 ,S ,
SM70397 ,A ,
SM70398 ,A ,
SM70399 ,A ,
SM70400 ,S ,
SM70401 ,S ,
SM70402 ,A ,
SM70403 ,A ,
SM70404 ,S ,
SM70405 ,S ,
SM70406 ,A ,
SM70408 ,S ,
SM70409 ,S ,
SM70410 ,A ,
SM70411 ,S ,
SM70412 ,S ,
SM70413 ,A ,
SM70414 ,A ,
SM70415 ,S ,
SM70416 ,A ,
SM70417 ,A ,
SM70418 ,S ,
SM70419 ,A ,
SM70420 ,S ,
SM70421 ,A ,
SM70422 ,A ,
SM70423 ,A ,
SM70424 ,A ,
SM70425 ,A ,
SM70426 ,S ,
SM70427 ,A ,
SM70428 ,A ,
SM70429 ,A ,
SM70430 ,A ,
SM70431 ,A ,
SM70432 ,A ,
SM70433 ,S ,
SM70434 ,A ,
SM70435 ,A ,
SM70436 ,A ,
SM70437 ,A ,
SM70438 ,S ,
SM70439 ,A ,
SM70440 ,S ,
SM70441 ,S ,
SM70442 ,A ,
SM70443 ,A ,
SM70444 ,A ,
SM70445 ,A ,
SM70446 ,S ,
SM70447 ,A ,
SM70448 ,S ,
SM70449 ,A ,
SM70450 ,A ,
SM70451 ,A ,
SM70452 ,A ,
SM70453 ,A ,
SM70455 ,A ,
SM70456 ,A ,
SM70457 ,A ,
SM70459 ,A ,
SM70460 ,S ,
SM70461 ,A ,
SM70462 ,S ,
SM70463 ,A ,
SM70464 ,A ,
SM70465 ,A ,
SM70466 ,A ,
SM70467 ,A ,
SM70468 ,A ,
SM70469 ,A ,
SM70470 ,S ,
SM70471 ,A ,
SM70472 ,A ,
SM70473 ,A ,
SM70474 ,S ,
SM70475 ,A ,
SM70476 ,S ,
SM70477 ,S ,
SM70479 ,S ,
SM70480 ,S ,
SM70481 ,A ,
SM70482 ,S ,
SM70483 ,S ,
SM70484 ,S ,
SM70485 ,A ,
SM70486 ,S ,
SM70487 ,S ,
SM70488 ,S ,
SM70489 ,A ,
SM70490 ,S ,
SM70491 ,A ,
SM70492 ,A ,
SM70494 ,A ,
SM70495 ,S ,
SM70497 ,S ,
SM70498 ,A ,
SM70499 ,S ,
SM70500 ,S ,
SM70501 ,S ,
SM70502 ,S ,
SM70503 ,A ,
SM70504 ,S ,
SM70505 ,S ,
SM70507 ,S ,
SM70508 ,A ,
SM70509 ,S ,
SM70510 ,A ,
SM70511 ,A ,
SM70512 ,S ,
SM70513 ,S ,
SM70514 ,S ,
SM70515 ,A ,
SM70516 ,A ,
SM70518 ,S ,
SM70519 ,S ,
SM70520 ,S ,
SM70521 ,S ,
SM70522 ,A ,
SM70523 ,S ,
SM70524 ,A ,
SM70525 ,A ,
SM70526 ,S ,
SM70527 ,S ,
SM70528 ,S ,
SM70529 ,S ,
SM70530 ,S ,
SM70531 ,S ,
SM70532 ,A ,
SM70533 ,A ,
SM70534 ,A ,
SM70535 ,S ,
SM70536 ,S ,
SM70537 ,S ,
SM70538 ,A ,
SM70539 ,S ,
SM70540 ,S ,
SM70541 ,A ,
SM70542 ,S ,
SM70543 ,A ,
SM70544 ,S ,
SM70545 ,S ,
SM70546 ,S ,
SM70547 ,S ,
SM70548 ,S ,
SM70549 ,S ,
SM70550 ,S ,
SM70551 ,A ,
SM70552 ,S ,
SM70553 ,A ,
SM70554 ,A ,
SM70555 ,S ,
SM70557 ,S ,
SM70558 ,A ,
SM70559 ,S ,
SM70560 ,S ,
SM70562 ,S ,
SM70563 ,S ,
SM70564 ,A ,
SM70565 ,A ,
SM70566 ,S ,
SM70567 ,A ,
SM70568 ,S ,
SM70570 ,S ,
SM70571 ,S ,
SM70572 ,S ,
SM70573 ,A ,
SM70574 ,A ,
SM70575 ,S ,
SM70576 ,A ,
SM70577 ,A ,
SM70579 ,S ,
SM70580 ,S ,
SM70581 ,A ,
SM70583 ,A ,
SM70584 ,S ,
SM70585 ,A ,
SM70586 ,A ,
SM70587 ,S ,
SM70588 ,A ,
SM70589 ,S ,
SM70592 ,A ,
SM70593 ,S ,
SM70594 ,A ,
SM70595 ,A ,
SM70596 ,S ,
SM70597 ,S ,
SM70598 ,A ,
SM70600 ,S ,
SM70601 ,S ,
SM70602 ,S ,
SM70603 ,A ,
SM70605 ,A ,
SM70607 ,S ,
SM70609 ,A ,
SM70610 ,A ,
SM70611 ,S ,
SM70612 ,A ,
SM70613 ,A ,
SM70614 ,S ,
SM70615 ,A ,
SM70616 ,S ,
SM70617 ,S ,
SM70618 ,S ,
SM70619 ,S ,
SM70620 ,A ,
SM70621 ,S ,
SM70622 ,S ,
SM70623 ,A ,
SM70624 ,A ,
SM70625 ,A ,
SM70626 ,S ,
SM70627 ,S ,
SM70628 ,S ,
SM70629 ,A ,
SM70630 ,A ,
SM70631 ,S ,
SM70632 ,A ,
SM70633 ,S ,
SM70634 ,S ,
SM70635 ,A ,
SM70636 ,S ,
SM70637 ,A ,
SM70638 ,A ,
SM70639 ,A ,
SM70640 ,A ,
SM70641 ,S ,
SM70642 ,S ,
SM70643 ,S ,
SM70644 ,S ,
SM70645 ,S ,
SM70646 ,S ,
SM70647 ,A ,
SM70648 ,S ,
SM70649 ,A ,
SM70650 ,A ,
SM70651 ,A ,
SM70652 ,A ,
SM70653 ,A ,
SM70654 ,S ,
SM70655 ,S ,
SM70656 ,S ,
SM70657 ,A ,
SM70658 ,S ,
SM70659 ,A ,
SM70660 ,S ,
SM70661 ,S ,
SM70662 ,S ,
SM70663 ,S ,
SM70664 ,S ,
SM70666 ,A ,
SM70667 ,S ,
SM70668 ,S ,
SM70669 ,S ,
SM70670 ,S ,
SM70671 ,S ,
SM70672 ,A ,
SM70673 ,S ,
SM70674 ,S ,
SM70675 ,S ,
SM70676 ,A ,
SM70678 ,S ,
SM70679 ,S ,
SM70680 ,S ,
SM70682 ,S ,
SM70683 ,A ,
SM70684 ,A ,
SM70685 ,A ,
SM70686 ,S ,
SM70687 ,S ,
SM70688 ,A ,
SM70689 ,S ,
SM70690 ,S ,
SM70691 ,S ,
SM70692 ,S ,
SM70693 ,S ,
SM70694 ,S ,
SM70695 ,S ,
SM70696 ,S ,
SM70697 ,S ,
SM70698 ,S ,
SM70699 ,S ,
SM70700 ,S ,
SM70701 ,S ,
SM70702 ,S ,
SM70703 ,A ,
SM70704 ,S ,
SM70705 ,S ,
SM70707 ,A ,
SM70708 ,S ,
SM70709 ,A ,
SM70710 ,S ,
SM70711 ,S ,
SM70712 ,S ,
SM70713 ,A ,
SM70714 ,S ,
SM70716 ,S ,
SM70717 ,S ,
SM70718 ,A ,
SM70719 ,S ,
SM70720 ,S ,
SM70721 ,A ,
SM70722 ,S ,
SM70723 ,S ,
SM70724 ,A ,
SM70725 ,S ,
SM70726 ,S ,
SM70727 ,S ,
SM70728 ,S ,
SM70729 ,A ,
SM70730 ,S ,
SM70731 ,S ,
SM70732 ,A ,
SM70733 ,A ,
SM70734 ,S ,
SM70735 ,S ,
SM70736 ,A ,
SM70738 ,S ,
SM70739 ,A ,
SM70740 ,S ,
SM70741 ,S ,
SM70742 ,S ,
SM70743 ,S ,
SM70744 ,S ,
SM70745 ,S ,
SM70746 ,A ,
SM70747 ,A ,
SM70748 ,A ,
SM70749 ,S ,
SM70750 ,S ,
SM70751 ,S ,
SM70752 ,A ,
SM70753 ,A ,
SM70754 ,S ,
SM70755 ,A ,
SM70756 ,A ,
SM70757 ,S ,
SM70758 ,A ,
SM70759 ,S ,
SM70760 ,S ,
SM70761 ,S ,
SM70762 ,A ,
SM70763 ,S ,
SM70764 ,S ,
SM70765 ,S ,
SM70766 ,S ,
SM70767 ,A ,
SM70768 ,S ,
SM70769 ,A ,
SM70770 ,A ,
SM70772 ,S ,
SM70773 ,A ,
SM70774 ,S ,
SM70775 ,A ,
SM70776 ,S ,
SM70777 ,S ,
SM70778 ,S ,
SM70779 ,A ,
SM70780 ,A ,
SM70781 ,A ,
SM70782 ,A ,
SM70783 ,A ,
SM70784 ,S ,
SM70785 ,S ,
SM70786 ,S ,
SM70787 ,S ,
SM70788 ,A ,
SM70789 ,A ,
SM70790 ,A ,
SM70791 ,S ,
SM70792 ,S ,
SM70793 ,A ,
SM70794 ,A ,
SM70795 ,S ,
SM70796 ,S ,
SM70797 ,A ,
SM70798 ,A ,
SM70799 ,A ,
SM70800 ,A ,
SM70801 ,A ,
SM70802 ,S ,
SM70803 ,A ,
SM70804 ,S ,
SM70805 ,A ,
SM70806 ,S ,
SM70807 ,S ,
SM70808 ,S ,
SM70809 ,A ,
SM70810 ,A ,
SM70811 ,S ,
SM70812 ,S ,
SM70813 ,S ,
SM70814 ,S ,
SM70815 ,S ,
SM70816 ,A ,
SM70817 ,A ,
SM70818 ,A ,
SM70820 ,S ,
SM70821 ,S ,
SM70822 ,A ,
SM70823 ,A ,
SM70824 ,A ,
SM70825 ,S ,
SM70826 ,S ,
SM70827 ,S ,
SM70828 ,A ,
SM70829 ,S ,
SM70830 ,A ,
SM70831 ,S ,
SM70832 ,A ,
SM70833 ,A ,
SM70834 ,S ,
SM70835 ,S ,
SM70836 ,S ,
SM70837 ,S ,
SM70838 ,A ,
SM70839 ,A ,
SM70840 ,S ,
SM70841 ,S ,
SM70842 ,A ,
SM70843 ,A ,
SM70844 ,S ,
SM70845 ,S ,
SM70846 ,S ,
SM70847 ,S ,
SM70848 ,A ,
SM70849 ,A ,
SM70850 ,S ,
SM70851 ,S ,
SM70852 ,S ,
SM70853 ,S ,
SM70854 ,S ,
SM70855 ,S ,
SM70856 ,S ,
SM70857 ,S ,
SM70858 ,S ,
SM70859 ,S ,
SM70860 ,S ,
SM70861 ,S ,
SM70862 ,S ,
SM70863 ,S ,
SM70864 ,S ,
SM70865 ,S ,
SM70866 ,S ,
SM70867 ,S ,
SM70868 ,A ,
SM70869 ,S ,
SM70870 ,S ,
SM70871 ,S ,
SM70872 ,A ,
SM70873 ,A ,
SM70874 ,S ,
SM70875 ,S ,
SM70876 ,S ,
SM70877 ,S ,
SM70878 ,A ,
SM70879 ,A ,
SM70880 ,A ,
SM70881 ,S ,
SM70882 ,A ,
SM70884 ,S ,
SM70885 ,A ,
SM70886 ,S ,
SM70887 ,S ,
SM70888 ,S ,
SM70889 ,S ,
SM70890 ,S ,
SM70891 ,A ,
SM70892 ,S ,
SM70893 ,A ,
SM70894 ,S ,
SM70895 ,S ,
SM70896 ,S ,
SM70897 ,S ,
SM70898 ,A ,
SM70899 ,A ,
SM70900 ,S ,
SM70901 ,A ,
SM70902 ,A ,
SM70903 ,S ,
SM70904 ,S ,
SM70905 ,A ,
SM70906 ,S ,
SM70907 ,S ,
SM70908 ,A ,
SM70909 ,S ,
SM70910 ,S ,
SM70911 ,A ,
SM70912 ,A ,
SM70913 ,S ,
SM70914 ,A ,
SM70915 ,A ,
SM70916 ,S ,
SM70917 ,S ,
SM70918 ,S ,
SM70919 ,A ,
SM70920 ,S ,
SM70921 ,S ,
SM70922 ,S ,
SM70923 ,A ,
SM70924 ,S ,
SM70925 ,S ,
SM70926 ,A ,
SM70927 ,S ,
SM70928 ,A ,
SM70929 ,S ,
SM70930 ,S ,
SM70931 ,S ,
SM70932 ,S ,
SM70933 ,S ,
SM70934 ,S ,
SM70935 ,S ,
SM70936 ,A ,
SM70937 ,S ,
SM70938 ,A ,
SM70939 ,A ,
SM70940 ,A ,
SM70941 ,S ,
SM70942 ,S ,
SM70943 ,A ,
SM70944 ,S ,
SM70945 ,A ,
SM70946 ,S ,
SM70947 ,S ,
SM70948 ,A ,
SM70949 ,A ,
SM70950 ,S ,
SM70951 ,A ,
SM70952 ,A ,
SM70953 ,A ,
SM70954 ,S ,
SM70955 ,S ,
SM70956 ,A ,
SM70957 ,A ,
SM70958 ,S ,
SM70959 ,A ,
SM70960 ,A ,
SM70961 ,S ,
SM70962 ,S ,
SM70963 ,S ,
SM70964 ,A ,
SM70965 ,S ,
SM70966 ,A ,
SM70967 ,A ,
SM70968 ,S ,
SM70969 ,A ,
SM70970 ,A ,
SM70971 ,S ,
SM70972 ,S ,
SM70973 ,A ,
SM70974 ,S ,
SM70975 ,A ,
SM70976 ,A ,
SM70977 ,S ,
SM70978 ,S ,
SM70979 ,S ,
SM70980 ,S ,
SM70981 ,A ,
SM70982 ,A ,
SM70983 ,A ,
SM70984 ,S ,
SM70985 ,A ,
SM70986 ,A ,
SM70987 ,S ,
SM70988 ,S ,
SM70989 ,S ,
SM70990 ,A ,
SM70991 ,A ,
SM70992 ,A ,
SM70993 ,S ,
SM70994 ,S ,
SM70995 ,A ,
SM70996 ,A ,
SM70997 ,S ,
SM70998 ,A ,
SM70999 ,S ,
SM71000 ,S ,
SM71001 ,A ,
SM71002 ,S ,
SM71003 ,A ,
SM71004 ,S ,
SM71005 ,A ,
SM71006 ,S ,
SM71007 ,A ,
SM71008 ,S ,
SM71009 ,S ,
SM71010 ,S ,
SM71011 ,S ,
SM71012 ,A ,
SM71013 ,S ,
SM71014 ,A ,
SM71015 ,S ,
SM71016 ,A ,
SM71017 ,S ,
SM71018 ,A ,
SM71019 ,S ,
SM71020 ,A ,
SM71021 ,S ,
SM71022 ,S ,
SM71023 ,S ,
SM71024 ,A ,
SM71025 ,S ,
SM71027 ,S ,
SM71028 ,S ,
SM71029 ,S ,
SM71030 ,A ,
SM71031 ,S ,
SM71032 ,S ,
SM71033 ,S ,
SM71034 ,S ,
SM71035 ,S ,
SM71036 ,A ,
SM71037 ,A ,
SM71038 ,S ,
SM71039 ,A ,
SM71040 ,S ,
SM71041 ,S ,
SM71042 ,A ,
SM71043 ,S ,
SM71044 ,S ,
SM71045 ,S ,
SM71046 ,A ,
SM71047 ,S ,
SM71048 ,S ,
SM71049 ,A ,
SM71050 ,S ,
SM71051 ,A ,
SM71052 ,S ,
SM71053 ,A ,
SM71055 ,A ,
SM71056 ,S ,
SM71057 ,A ,
SM71058 ,S ,
SM71059 ,S ,
SM71060 ,S ,
SM71061 ,S ,
SM71062 ,S ,
SM71063 ,A ,
SM71064 ,S ,
SM71065 ,S ,
SM71066 ,A ,
SM71067 ,S ,
SM71068 ,S ,
SM71069 ,S ,
SM71070 ,S ,
SM71071 ,A ,
SM71072 ,S ,
SM71073 ,S ,
SM71074 ,A ,
SM71075 ,A ,
SM71076 ,A ,
SM71077 ,S ,
SM71078 ,S ,
SM71079 ,S ,
SM71081 ,S ,
SM71082 ,S ,
SM71084 ,S ,
SM71085 ,S ,
SM71086 ,S ,
SM71087 ,S ,
SM71088 ,A ,
SM71089 ,A ,
SM71090 ,S ,
SM71091 ,S ,
SM71093 ,S ,
SM71094 ,S ,
SM71096 ,S ,
SM71097 ,S ,
SM71098 ,A ,
SM71099 ,A ,
SM71100 ,A ,
SM71101 ,S ,
SM71102 ,S ,
SM71103 ,A ,
SM71104 ,S ,
SM71105 ,A ,
SM71106 ,S ,
SM71107 ,S ,
SM71108 ,S ,
SM71109 ,S ,
SM71111 ,S ,
SM71112 ,S ,
SM71113 ,S ,
SM71114 ,S ,
SM71115 ,A ,
SM71116 ,A ,
SM71117 ,S ,
SM71118 ,A ,
SM71119 ,A ,
SM71120 ,S ,
SM71121 ,S ,
SM71122 ,A ,
SM71123 ,S ,
SM71124 ,A ,
SM71125 ,S ,
SM71126 ,S ,
SM71127 ,S ,
SM71128 ,S ,
SM71129 ,S ,
SM71130 ,A ,
SM71131 ,S ,
SM71132 ,S ,
SM71133 ,A ,
SM71134 ,S ,
SM71135 ,A ,
SM71136 ,A ,
SM71137 ,S ,
SM71138 ,S ,
SM71139 ,S ,
SM71140 ,A ,
SM71141 ,S ,
SM71142 ,S ,
SM71143 ,S ,
SM71144 ,S ,
SM71145 ,A ,
SM71146 ,A ,
SM71147 ,S ,
SM71148 ,S ,
SM71149 ,A ,
SM71150 ,S ,
SM71151 ,A ,
SM71152 ,S ,
SM71153 ,S ,
SM71154 ,S ,
SM71155 ,S ,
SM71156 ,A ,
SM71157 ,A ,
SM71158 ,S ,
SM71159 ,S ,
SM71160 ,S ,
SM71161 ,A ,
SM71162 ,A ,
SM71163 ,S ,
SM71164 ,A ,
SM71165 ,A ,
SM71166 ,S ,
SM71167 ,A ,
SM71168 ,S ,
SM71169 ,S ,
SM71170 ,S ,
SM71171 ,S ,
SM71172 ,S ,
SM71173 ,S ,
SM71174 ,S ,
SM71175 ,S ,
SM71176 ,A ,
SM71178 ,S ,
SM71179 ,S ,
SM71180 ,A ,
SM71181 ,A ,
SM71182 ,A ,
SM71183 ,S ,
SM71184 ,S ,
SM71185 ,S ,
SM71186 ,S ,
SM71187 ,A ,
SM71188 ,A ,
SM71189 ,S ,
SM71190 ,S ,
SM71191 ,S ,
SM71192 ,S ,
SM71193 ,S ,
SM71194 ,S ,
SM71195 ,S ,
SM71196 ,S ,
SM71197 ,S ,
SM71198 ,S ,
SM71199 ,S ,
SM71200 ,S ,
SM71201 ,S ,
SM71202 ,A ,
SM71203 ,S ,
SM71205 ,A ,
SM71206 ,A ,
SM71207 ,S ,
SM71208 ,S ,
SM71209 ,S ,
SM71210 ,S ,
SM71211 ,A ,
SM71212 ,A ,
SM71213 ,S ,
SM71214 ,A ,
SM71215 ,S ,
SM71216 ,A ,
SM71217 ,S ,
SM71218 ,S ,
SM71219 ,S ,
SM71220 ,S ,
SM71221 ,A ,
SM71222 ,S ,
SM71223 ,A ,
SM71224 ,S ,
SM71225 ,S ,
SM71226 ,S ,
SM71227 ,S ,
SM71229 ,S ,
SM71230 ,S ,
SM71231 ,S ,
SM71232 ,A ,
SM71233 ,S ,
SM71234 ,S ,
SM71235 ,S ,
SM71236 ,S ,
SM71237 ,A ,
SM71238 ,S ,
SM71239 ,S ,
SM71240 ,S ,
SM71241 ,S ,
SM71242 ,S ,
SM71243 ,A ,
SM71244 ,A ,
SM71245 ,S ,
SM71246 ,S ,
SM71247 ,S ,
SM71248 ,S ,
SM71249 ,A ,
SM71250 ,S ,
SM71251 ,S ,
SM71252 ,S ,
SM71253 ,A ,
SM71254 ,S ,
SM71255 ,S ,
SM71256 ,A ,
SM71257 ,A ,
SM71258 ,S ,
SM71259 ,A ,
SM71260 ,S ,
SM71261 ,S ,
SM71262 ,S ,
SM71263 ,S ,
SM71264 ,S ,
SM71265 ,A ,
SM71266 ,A ,
SM71267 ,S ,
SM71268 ,S ,
SM71269 ,S ,
SM71270 ,S ,
SM71271 ,A ,
SM71272 ,S ,
SM71273 ,A ,
SM71274 ,A ,
SM71275 ,S ,
SM71276 ,S ,
SM71277 ,S ,
SM71278 ,S ,
SM71279 ,S ,
SM71280 ,S ,
SM71281 ,S ,
SM71282 ,S ,
SM71283 ,S ,
SM71284 ,A ,
SM71285 ,A ,
SM71286 ,S ,
SM71287 ,S ,
SM71288 ,S ,
SM71289 ,S ,
SM71291 ,S ,
SM71292 ,S ,
SM71293 ,S ,
SM71294 ,S ,
SM71295 ,A ,
SM71296 ,S ,
SM71297 ,S ,
SM71298 ,S ,
SM71299 ,S ,
SM71300 ,S ,
SM71301 ,S ,
SM71302 ,S ,
SM71303 ,A ,
SM71304 ,S ,
SM71305 ,S ,
SM71306 ,S ,
SM71307 ,A ,
SM71308 ,S ,
SM71309 ,S ,
SM71310 ,S ,
SM71311 ,A ,
SM71312 ,S ,
SM71313 ,S ,
SM71314 ,A ,
SM71315 ,A ,
SM71316 ,S ,
SM71317 ,A ,
SM71318 ,S ,
SM71319 ,S ,
SM71320 ,S ,
SM71321 ,S ,
SM71322 ,A ,
SM71323 ,A ,
SM71324 ,S ,
SM71325 ,S ,
SM71326 ,S ,
SM71327 ,S ,
SM71328 ,S ,
SM71330 ,S ,
SM71331 ,A ,
SM71332 ,A ,
SM71333 ,S ,
SM71334 ,A ,
SM71335 ,S ,
SM71337 ,S ,
SM71338 ,S ,
SM71339 ,S ,
SM71340 ,A ,
SM71341 ,S ,
SM71343 ,A ,
SM71344 ,A ,
SM71345 ,A ,
SM71346 ,A ,
SM71347 ,S ,
SM71348 ,S ,
SM71349 ,S ,
SM71350 ,A ,
SM71351 ,S ,
SM71352 ,S ,
SM71353 ,A ,
SM71354 ,S ,
SM71355 ,S ,
SM71356 ,S ,
SM71357 ,S ,
SM71358 ,A ,
SM71359 ,A ,
SM71360 ,S ,
SM71361 ,S ,
SM71362 ,S ,
SM71363 ,A ,
SM71364 ,A ,
SM71365 ,S ,
SM71366 ,S ,
SM71367 ,A ,
SM71368 ,S ,
SM71369 ,A ,
SM71370 ,A ,
SM71371 ,A ,
SM71372 ,S ,
SM71373 ,A ,
SM71374 ,S ,
SM71375 ,S ,
SM71376 ,S ,
SM71377 ,A ,
SM71378 ,A ,
SM71379 ,S ,
SM71380 ,A ,
SM71381 ,A ,
SM71382 ,S ,
SM71383 ,A ,
SM71384 ,S ,
SM71385 ,S ,
SM71386 ,A ,
SM71387 ,A ,
SM71388 ,S ,
SM71389 ,S ,
SM71390 ,S ,
SM71391 ,A ,
SM71392 ,S ,
SM71393 ,A ,
SM71394 ,A ,
SM71395 ,A ,
SM71396 ,A ,
SM71397 ,S ,
SM71398 ,S ,
SM71399 ,A ,
SM71400 ,S ,
SM71401 ,A ,
SM71402 ,S ,
SM71403 ,S ,
SM71404 ,S ,
SM71405 ,A ,
SM71406 ,A ,
SM71407 ,A ,
SM71408 ,A ,
SM71409 ,S ,
SM71410 ,A ,
SM71411 ,S ,
SM71412 ,S ,
SM71413 ,S ,
SM71414 ,S ,
SM71415 ,S ,
SM71416 ,A ,
SM71417 ,A ,
SM71418 ,S ,
SM71419 ,A ,
SM71420 ,S ,
SM71421 ,A ,
SM71422 ,S ,
SM71423 ,A ,
SM71424 ,A ,
SM71425 ,S ,
SM71426 ,S ,
SM71427 ,A ,
SM71428 ,A ,
SM71429 ,A ,
SM71430 ,A ,
SM71431 ,A ,
SM71433 ,S ,
SM71434 ,A ,
SM71435 ,S ,
SM71436 ,A ,
SM71437 ,S ,
SM71438 ,S ,
SM71439 ,S ,
SM71440 ,S ,
SM71441 ,S ,
SM71442 ,A ,
SM71443 ,S ,
SM71444 ,S ,
SM71445 ,A ,
SM71446 ,A ,
SM71447 ,S ,
SM71448 ,S ,
SM71449 ,A ,
SM71450 ,S ,
SM71451 ,A ,
SM71452 ,A ,
SM71453 ,A ,
SM71454 ,S ,
SM71455 ,S ,
SM71456 ,S ,
SM71457 ,A ,
SM71458 ,A ,
SM71459 ,A ,
SM71460 ,S ,
SM71461 ,A ,
SM71462 ,S ,
SM71463 ,A ,
SM71464 ,A ,
SM71465 ,S ,
SM71466 ,S ,
SM71467 ,A ,
SM71468 ,A ,
SM71469 ,A ,
SM71470 ,A ,
SM71471 ,S ,
SM71472 ,A ,
SM71473 ,S ,
SM71474 ,A ,
SM71475 ,S ,
SM71476 ,S ,
SM71477 ,S ,
SM71478 ,S ,
SM71479 ,S ,
SM71480 ,A ,
SM71481 ,A ,
SM71482 ,A ,
SM71483 ,S ,
SM71484 ,A ,
SM71485 ,A ,
SM71486 ,S ,
SM71487 ,S ,
SM71488 ,A ,
SM71489 ,S ,
SM71490 ,S ,
SM71491 ,A ,
SM71492 ,A ,
SM71493 ,S ,
SM71494 ,S ,
SM71495 ,A ,
SM71496 ,A ,
SM71497 ,S ,
SM71498 ,A ,
SM71499 ,S ,
SM71500 ,S ,
SM71501 ,A ,
SM71502 ,A ,
SM71503 ,S ,
SM71504 ,S ,
SM71505 ,S ,
SM71506 ,A ,
SM71507 ,S ,
SM71508 ,A ,
SM71509 ,A ,
SM71510 ,A ,
SM71511 ,S ,
SM71512 ,A ,
SM71513 ,A ,
SM71514 ,A ,
SM71515 ,S ,
SM71516 ,S ,
SM71517 ,S ,
SM71518 ,A ,
SM71519 ,A ,
SM71520 ,A ,
SM71521 ,A ,
SM71522 ,A ,
SM71523 ,S ,
SM71524 ,A ,
SM71525 ,S ,
SM71526 ,S ,
SM71527 ,S ,
SM71529 ,A ,
SM71530 ,S ,
SM71531 ,A ,
SM71532 ,S ,
SM71533 ,S ,
SM71534 ,S ,
SM71535 ,A ,
SM71536 ,A ,
SM71537 ,A ,
SM71538 ,S ,
SM71539 ,S ,
SM71540 ,S ,
SM71541 ,A ,
SM71542 ,A ,
SM71543 ,A ,
SM71544 ,S ,
SM71545 ,A ,
SM71546 ,S ,
SM71547 ,A ,
SM71548 ,S ,
SM71549 ,A ,
SM71550 ,S ,
SM71552 ,S ,
SM71553 ,S ,
SM71554 ,A ,
SM71555 ,A ,
SM71556 ,S ,
SM71557 ,S ,
SM71558 ,A ,
SM71559 ,A ,
SM71560 ,A ,
SM71561 ,A ,
SM71562 ,A ,
SM71563 ,A ,
SM71564 ,S ,
SM71565 ,A ,
SM71566 ,S ,
SM71567 ,S ,
SM71568 ,A ,
SM71569 ,S ,
SM71570 ,A ,
SM71571 ,S ,
SM71572 ,A ,
SM71573 ,A ,
SM71574 ,A ,
SM71575 ,S ,
SM71576 ,A ,
SM71577 ,A ,
SM71578 ,S ,
SM71579 ,S ,
SM71580 ,A ,
SM71581 ,S ,
SM71582 ,A ,
SM71583 ,S ,
SM71584 ,S ,
SM71585 ,S ,
SM71586 ,A ,
SM71587 ,A ,
SM71588 ,A ,
SM71589 ,A ,
SM71590 ,A ,
SM71591 ,S ,
SM71592 ,A ,
SM71593 ,S ,
SM71594 ,A ,
SM71595 ,A ,
SM71596 ,S ,
SM71597 ,A ,
SM71598 ,S ,
SM71599 ,S ,
SM71600 ,A ,
SM71601 ,A ,
SM71602 ,S ,
SM71603 ,S ,
SM71604 ,S ,
SM71605 ,S ,
SM71606 ,A ,
SM71607 ,A ,
SM71608 ,A ,
SM71609 ,A ,
SM71610 ,A ,
SM71611 ,A ,
SM71612 ,S ,
SM71613 ,S ,
SM71614 ,A ,
SM71615 ,S ,
SM71616 ,S ,
SM71617 ,A ,
SM71618 ,S ,
SM71619 ,S ,
SM71620 ,A ,
SM71621 ,A ,
SM71622 ,A ,
SM71623 ,A ,
SM71624 ,A ,
SM71625 ,S ,
SM71626 ,A ,
SM71627 ,A ,
SM71628 ,S ,
SM71629 ,A ,
SM71630 ,S ,
SM71631 ,S ,
SM71632 ,S ,
SM71633 ,A ,
SM71634 ,A ,
SM71635 ,S ,
SM71636 ,S ,
SM71637 ,A ,
SM71638 ,A ,
SM71639 ,A ,
SM71640 ,S ,
SM71641 ,S ,
SM71642 ,A ,
SM71643 ,A ,
SM71644 ,A ,
SM71645 ,A ,
SM71646 ,S ,
SM71647 ,A ,
SM71648 ,A ,
SM71649 ,S ,
SM71650 ,A ,
SM71651 ,S ,
SM71652 ,S ,
SM71653 ,S ,
SM71654 ,S ,
SM71655 ,A ,
SM71656 ,A ,
SM71658 ,A ,
SM71659 ,S ,
SM71660 ,A ,
SM71661 ,A ,
SM71662 ,A ,
SM71663 ,A ,
SM71664 ,A ,
SM71665 ,A ,
SM71666 ,A ,
SM71667 ,A ,
SM71668 ,A ,
SM71669 ,A ,
SM71670 ,S ,
SM71671 ,S ,
SM71672 ,S ,
SM71673 ,S ,
SM71674 ,A ,
SM71675 ,S ,
SM71676 ,A ,
SM71677 ,A ,
SM71678 ,A ,
SM71679 ,S ,
SM71680 ,A ,
SM71681 ,A ,
SM71682 ,S ,
SM71683 ,S ,
SM71684 ,A ,
SM71685 ,S ,
SM71686 ,A ,
SM71687 ,S ,
SM71688 ,A ,
SM71689 ,A ,
SM71692 ,S ,
SM71693 ,A ,
SM71695 ,A ,
SM71696 ,A ,
SM71697 ,S ,
SM71698 ,S ,
SM71699 ,S ,
SM71700 ,A ,
SM71701 ,S ,
SM71702 ,A ,
SM71703 ,A ,
SM71704 ,S ,
SM71705 ,A ,
SM71706 ,S ,
SM71707 ,A ,
SM71708 ,S ,
SM71710 ,A ,
SM71711 ,A ,
SM71712 ,S ,
SM71713 ,A ,
SM71714 ,A ,
SM71715 ,S ,
SM71716 ,A ,
SM71717 ,A ,
SM71718 ,S ,
SM71719 ,S ,
SM71720 ,S ,
SM71721 ,S ,
SM71722 ,A ,
SM71723 ,S ,
SM71724 ,A ,
SM71725 ,A ,
SM71726 ,A ,
SM71727 ,S ,
SM71728 ,S ,
SM71729 ,A ,
SM71731 ,A ,
SM71732 ,S ,
SM71733 ,A ,
SM71734 ,A ,
SM71735 ,A ,
SM71736 ,A ,
SM71737 ,A ,
SM71738 ,A ,
SM71739 ,S ,
SM71740 ,S ,
SM71741 ,S ,
SM71742 ,A ,
SM71743 ,A ,
SM71744 ,A ,
SM71745 ,S ,
SM71746 ,S ,
SM71747 ,A ,
SM71748 ,A ,
SM71749 ,S ,
SM71750 ,A ,
SM71751 ,A ,
SM71752 ,A ,
SM71754 ,S ,
SM71755 ,S ,
SM71757 ,A ,
SM71758 ,S ,
SM71759 ,S ,
SM71760 ,A ,
SM71761 ,A ,
SM71762 ,A ,
SM71763 ,A ,
SM71764 ,A ,
SM71765 ,S ,
SM71766 ,A ,
SM71767 ,S ,
SM71768 ,A ,
SM71769 ,A ,
SM71770 ,S ,
SM71771 ,A ,
SM71772 ,A ,
SM71773 ,S ,
SM71774 ,A ,
SM71775 ,A ,
SM71776 ,A ,
SM71777 ,A ,
SM71778 ,S ,
SM71779 ,A ,
SM71780 ,A ,
SM71781 ,A ,
SM71782 ,S ,
SM71783 ,S ,
SM71784 ,S ,
SM71785 ,S ,
SM71786 ,A ,
SM71787 ,A ,
SM71788 ,A ,
SM71789 ,A ,
SM71790 ,A ,
SM71791 ,A ,
SM71792 ,S ,
SM71793 ,A ,
SM71794 ,S ,
SM71795 ,A ,
SM71796 ,A ,
SM71797 ,S ,
SM71798 ,A ,
SM71799 ,A ,
SM71800 ,S ,
SM71801 ,A ,
SM71802 ,A ,
SM71803 ,S ,
SM71804 ,A ,
SM71805 ,S ,
SM71806 ,A ,
SM71807 ,A ,
SM71808 ,A ,
SM71809 ,A ,
SM71810 ,A ,
SM71811 ,A ,
SM71812 ,S ,
SM71813 ,A ,
SM71814 ,S ,
SM71815 ,A ,
SM71816 ,A ,
SM71817 ,S ,
SM71818 ,A ,
SM71819 ,S ,
SM71820 ,A ,
SM71821 ,A ,
SM71822 ,S ,
SM71823 ,A ,
SM71824 ,A ,
SM71825 ,A ,
SM71826 ,S ,
SM71827 ,S ,
SM71828 ,A ,
SM71829 ,S ,
SM71830 ,A ,
SM71831 ,A ,
SM71832 ,S ,
SM71833 ,A ,
SM71834 ,A ,
SM71835 ,A ,
SM71836 ,A ,
SM71837 ,A ,
SM71838 ,A ,
SM71839 ,S ,
SM71840 ,A ,
SM71841 ,S ,
SM71842 ,A ,
SM71843 ,S ,
SM71844 ,A ,
SM71845 ,A ,
SM71846 ,A ,
SM71847 ,S ,
SM71848 ,A ,
SM71849 ,A ,
SM71850 ,A ,
SM71851 ,A ,
SM71852 ,A ,
SM71853 ,S ,
SM71854 ,A ,
SM71855 ,S ,
SM71856 ,A ,
SM71857 ,A ,
SM71859 ,S ,
SM71860 ,S ,
SM71861 ,A ,
SM71862 ,A ,
SM71863 ,S ,
SM71864 ,A ,
SM71865 ,A ,
SM71866 ,S ,
SM71867 ,S ,
SM71868 ,A ,
SM71869 ,A ,
SM71870 ,A ,
SM71871 ,A ,
SM71872 ,A ,
SM71873 ,A ,
SM71874 ,A ,
SM71875 ,A ,
SM71876 ,A ,
SM71877 ,A ,
SM71878 ,A ,
SM71879 ,A ,
SM71880 ,S ,
SM71881 ,A ,
SM71882 ,A ,
SM71883 ,S ,
SM71884 ,A ,
SM71885 ,S ,
SM71886 ,A ,
SM71887 ,A ,
SM71888 ,S ,
SM71889 ,A ,
SM71890 ,S ,
SM71891 ,A ,
SM71892 ,A ,
SM71893 ,S ,
SM71894 ,A ,
SM71895 ,A ,
SM71896 ,S ,
SM71897 ,A ,
SM71898 ,A ,
SM71899 ,S ,
SM71900 ,S ,
SM71901 ,A ,
SM71902 ,A ,
SM71903 ,A ,
SM71904 ,S ,
SM71905 ,A ,
SM71906 ,S ,
SM71907 ,S ,
SM71908 ,A ,
SM71909 ,A ,
SM71910 ,A ,
SM71911 ,A ,
SM71912 ,A ,
SM71913 ,A ,
SM71914 ,S ,
SM71915 ,A ,
SM71916 ,A ,
SM71917 ,A ,
SM71918 ,A ,
SM71919 ,A ,
SM71920 ,A ,
SM71921 ,A ,
SM71922 ,A ,
SM71923 ,A ,
SM71924 ,S ,
SM71925 ,S ,
SM71926 ,A ,
SM71927 ,A ,
SM71928 ,S ,
SM71929 ,S ,
SM71930 ,A ,
SM71931 ,S ,
SM71932 ,S ,
SM71933 ,A ,
SM71934 ,A ,
SM71935 ,A ,
SM71936 ,A ,
SM71937 ,S ,
SM71938 ,S ,
SM71939 ,A ,
SM71940 ,S ,
SM71941 ,A ,
SM71942 ,S ,
SM71943 ,S ,
SM71944 ,A ,
SM71945 ,S ,
SM71946 ,A ,
SM71947 ,A ,
SM71948 ,S ,
SM71949 ,A ,
SM71950 ,A ,
SM71951 ,A ,
SM71952 ,A ,
SM71953 ,S ,
SM71954 ,S ,
SM71955 ,A ,
SM71956 ,A ,
SM71957 ,S ,
SM71958 ,S ,
SM71959 ,A ,
SM71960 ,A ,
SM71961 ,A ,
SM71962 ,A ,
SM71963 ,A ,
SM71964 ,S ,
SM71965 ,A ,
SM71966 ,S ,
SM71967 ,A ,
SM71968 ,S ,
SM71969 ,A ,
SM71970 ,S ,
SM71971 ,S ,
SM71972 ,S ,
SM71973 ,A ,
SM71974 ,S ,
SM71975 ,S ,
SM71976 ,A ,
SM71977 ,A ,
SM71978 ,S ,
SM71979 ,S ,
SM71980 ,S ,
SM71981 ,S ,
SM71982 ,A ,
SM71983 ,S ,
SM71984 ,S ,
SM71985 ,S ,
SM71986 ,S ,
SM71987 ,A ,
SM71988 ,S ,
SM71989 ,A ,
SM71990 ,A ,
SM71991 ,A ,
SM71992 ,S ,
SM71993 ,S ,
SM71994 ,A ,
SM71995 ,S ,
SM71996 ,S ,
SM71997 ,A ,
SM71998 ,S ,
SM71999 ,S ,
SM72000 ,S ,
SM72001 ,S ,
SM72002 ,S ,
SM72003 ,S ,
SM72004 ,A ,
SM72005 ,A ,
SM72006 ,S ,
SM72007 ,S ,
SM72008 ,S ,
SM72009 ,S ,
SM72010 ,S ,
SM72011 ,S ,
SM72012 ,S ,
SM72013 ,A ,
SM72014 ,S ,
SM72015 ,S ,
SM72016 ,A ,
SM72017 ,S ,
SM72018 ,A ,
SM72019 ,S ,
SM72020 ,S ,
SM72021 ,A ,
SM72022 ,A ,
SM72023 ,A ,
SM72024 ,S ,
SM72025 ,S ,
SM72026 ,S ,
SM72027 ,S ,
SM72028 ,S ,
SM72029 ,A ,
SM72030 ,A ,
SM72031 ,A ,
SM72032 ,S ,
SM72033 ,S ,
SM72034 ,A ,
SM72035 ,S ,
SM72036 ,S ,
SM72037 ,A ,
SM72038 ,A ,
SM72039 ,A ,
SM72040 ,A ,
SM72041 ,A ,
SM72042 ,S ,
SM72043 ,A ,
SM72044 ,S ,
SM72045 ,S ,
SM72046 ,S ,
SM72047 ,S ,
SM72048 ,S ,
SM72049 ,A ,
SM72050 ,S ,
SM72051 ,A ,
SM72052 ,A ,
SM72053 ,S ,
SM72054 ,A ,
SM72055 ,S ,
SM72056 ,S ,
SM72057 ,A ,
SM72058 ,S ,
SM72059 ,S ,
SM72060 ,S ,
SM72061 ,S ,
SM72062 ,S ,
SM72063 ,A ,
SM72064 ,S ,
SM72065 ,A ,
SM72066 ,A ,
SM72067 ,A ,
SM72068 ,A ,
SM72069 ,S ,
SM72070 ,S ,
SM72071 ,A ,
SM72072 ,A ,
SM72073 ,S ,
SM72074 ,A ,
SM72075 ,A ,
SM72076 ,S ,
SM72077 ,S ,
SM72078 ,A ,
SM72079 ,A ,
SM72080 ,S ,
SM72081 ,S ,
SM72082 ,A ,
SM72083 ,S ,
SM72084 ,A ,
SM72085 ,S ,
SM72086 ,A ,
SM72087 ,S ,
SM72088 ,S ,
SM72089 ,S ,
SM72090 ,S ,
SM72091 ,A ,
SM72092 ,S ,
SM72093 ,S ,
SM72094 ,A ,
SM72095 ,A ,
SM72096 ,S ,
SM72097 ,A ,
SM72098 ,S ,
SM72099 ,A ,
SM72100 ,S ,
SM72101 ,S ,
SM72102 ,S ,
SM72103 ,A ,
SM72104 ,S ,
SM72105 ,A ,
SM72106 ,S ,
SM72107 ,S ,
SM72108 ,A ,
SM72109 ,S ,
SM72110 ,A ,
SM72111 ,A ,
SM72112 ,S ,
SM72113 ,S ,
SM72114 ,A ,
SM72115 ,S ,
SM72116 ,S ,
SM72117 ,A ,
SM72118 ,A ,
SM72119 ,A ,
SM72120 ,A ,
SM72121 ,A ,
SM72122 ,A ,
SM72123 ,S ,
SM72124 ,S ,
SM72125 ,A ,
SM72126 ,S ,
SM72127 ,S ,
SM72128 ,S ,
SM72129 ,S ,
SM72130 ,A ,
SM72131 ,A ,
SM72132 ,S ,
SM72133 ,A ,
SM72134 ,S ,
SM72135 ,S ,
SM72136 ,S ,
SM72137 ,S ,
SM72138 ,S ,
SM72139 ,A ,
SM72140 ,A ,
SM72141 ,S ,
SM72142 ,A ,
SM72143 ,A ,
SM72144 ,S ,
SM72145 ,S ,
SM72146 ,S ,
SM72147 ,A ,
SM72148 ,S ,
SM72149 ,S ,
SM72150 ,S ,
SM72151 ,A ,
SM72152 ,S ,
SM72153 ,A ,
SM72154 ,S ,
SM72155 ,A ,
SM72156 ,S ,
SM72157 ,A ,
SM72158 ,A ,
SM72159 ,A ,
SM72160 ,A ,
SM72161 ,S ,
SM72163 ,S ,
SM72164 ,S ,
SM72165 ,S ,
SM72166 ,S ,
SM72168 ,S ,
SM72169 ,A ,
SM72170 ,A ,
SM72171 ,S ,
SM72172 ,S ,
SM72173 ,S ,
SM72174 ,S ,
SM72175 ,S ,
SM72176 ,S ,
SM72177 ,A ,
SM72178 ,A ,
SM72179 ,S ,
SM72180 ,S ,
SM72181 ,S ,
SM72182 ,A ,
SM72183 ,A ,
SM72184 ,A ,
SM72185 ,A ,
SM72186 ,S ,
SM72187 ,S ,
SM72188 ,A ,
SM72190 ,S ,
SM72191 ,S ,
SM72192 ,S ,
SM72193 ,S ,
SM72194 ,S ,
SM72195 ,S ,
SM72196 ,A ,
SM72197 ,S ,
SM72198 ,A ,
SM72199 ,A ,
SM72200 ,S ,
SM72201 ,S ,
SM72202 ,S ,
SM72203 ,S ,
SM72204 ,A ,
SM72205 ,A ,
SM72206 ,S ,
SM72207 ,A ,
SM72208 ,S ,
SM72209 ,S ,
SM72210 ,A ,
SM72211 ,S ,
SM72212 ,S ,
SM72213 ,S ,
SM72214 ,S ,
SM72215 ,S ,
SM72216 ,S ,
SM72217 ,S ,
SM72218 ,S ,
SM72219 ,A ,
SM72220 ,A ,
SM72221 ,S ,
SM72222 ,A ,
SM72223 ,S ,
SM72224 ,A ,
SM72225 ,S ,
SM72226 ,S ,
SM72227 ,S ,
SM72228 ,A ,
SM72229 ,S ,
SM72230 ,S ,
SM72231 ,S ,
SM72232 ,S ,
SM72233 ,A ,
SM72235 ,S ,
SM72236 ,S ,
SM72237 ,S ,
SM72238 ,S ,
SM72239 ,A ,
SM72240 ,S ,
SM72241 ,S ,
SM72242 ,S ,
SM72243 ,S ,
SM72244 ,A ,
SM72245 ,A ,
SM72246 ,A ,
SM72247 ,S ,
SM72248 ,A ,
SM72249 ,A ,
SM72250 ,S ,
SM72251 ,S ,
SM72252 ,S ,
SM72253 ,S ,
SM72254 ,S ,
SM72255 ,S ,
SM72256 ,S ,
SM72257 ,S ,
SM72258 ,S ,
SM72259 ,A ,
SM72260 ,A ,
SM72261 ,S ,
SM72262 ,A ,
SM72263 ,S ,
SM72264 ,S ,
SM72265 ,S ,
SM72266 ,S ,
SM72267 ,S ,
SM72268 ,S ,
SM72269 ,S ,
SM72270 ,S ,
SM72271 ,A ,
SM72272 ,A ,
SM72273 ,A ,
SM72274 ,S ,
SM72275 ,S ,
SM72276 ,S ,
SM72277 ,S ,
SM72278 ,S ,
SM72279 ,S ,
SM72280 ,A ,
SM72281 ,S ,
SM72282 ,S ,
SM72283 ,A ,
SM72284 ,A ,
SM72285 ,A ,
SM72286 ,A ,
SM72287 ,S ,
SM72288 ,S ,
SM72289 ,S ,
SM72290 ,A ,
SM72291 ,S ,
SM72292 ,A ,
SM72293 ,S ,
SM72294 ,S ,
SM72295 ,S ,
SM72296 ,A ,
SM72297 ,S ,
SM72298 ,A ,
SM72299 ,A ,
SM72300 ,A ,
SM72301 ,A ,
SM72302 ,S ,
SM72303 ,S ,
SM72304 ,S ,
SM72305 ,S ,
SM72306 ,S ,
SM72307 ,S ,
SM72308 ,S ,
SM72309 ,A ,
SM72310 ,S ,
SM72311 ,A ,
SM72312 ,A ,
SM72313 ,S ,
SM72314 ,S ,
SM72315 ,S ,
SM72316 ,S ,
SM72317 ,S ,
SM72318 ,A ,
SM72319 ,S ,
SM72320 ,S ,
SM72321 ,S ,
SM72322 ,S ,
SM72323 ,A ,
SM72324 ,S ,
SM72325 ,S ,
SM72326 ,A ,
SM72327 ,A ,
SM72328 ,A ,
SM72329 ,S ,
SM72330 ,A ,
SM72331 ,A ,
SM72332 ,S ,
SM72333 ,A ,
SM72334 ,A ,
SM72335 ,S ,
SM72336 ,S ,
SM72337 ,A ,
SM72338 ,S ,
SM72339 ,S ,
SM72340 ,S ,
SM72341 ,A ,
SM72342 ,S ,
SM72343 ,S ,
SM72344 ,A ,
SM72345 ,S ,
SM72346 ,S ,
SM72347 ,S ,
SM72348 ,S ,
SM72349 ,A ,
SM72350 ,A ,
SM72351 ,A ,
SM72352 ,S ,
SM72353 ,S ,
SM72354 ,A ,
SM72355 ,S ,
SM72356 ,A ,
SM72357 ,A ,
SM72358 ,S ,
SM72359 ,S ,
SM72360 ,S ,
SM72361 ,S ,
SM72362 ,A ,
SM72363 ,A ,
SM72364 ,S ,
SM72365 ,A ,
SM72366 ,S ,
SM72367 ,S ,
SM72368 ,S ,
SM72369 ,A ,
SM72370 ,S ,
SM72371 ,A ,
SM72372 ,S ,
SM72373 ,A ,
SM72374 ,S ,
SM72375 ,A ,
SM72376 ,S ,
SM72377 ,A ,
SM72378 ,A ,
SM72379 ,S ,
SM72380 ,A ,
SM72381 ,A ,
SM72382 ,A ,
SM72383 ,S ,
SM72384 ,A ,
SM72385 ,A ,
SM72386 ,A ,
SM72387 ,S ,
SM72388 ,S ,
SM72389 ,A ,
SM72390 ,S ,
SM72391 ,S ,
SM72392 ,S ,
SM72393 ,S ,
SM72394 ,A ,
SM72395 ,A ,
SM72396 ,S ,
SM72397 ,A ,
SM72398 ,S ,
SM72399 ,S ,
SM72400 ,A ,
SM72401 ,S ,
SM72402 ,S ,
SM72403 ,S ,
SM72404 ,A ,
SM72405 ,A ,
SM72406 ,A ,
SM72407 ,A ,
SM72408 ,S ,
SM72409 ,S ,
SM72410 ,A ,
SM72411 ,S ,
SM72412 ,S ,
SM72413 ,A ,
SM72414 ,S ,
SM72415 ,A ,
SM72416 ,S ,
SM72417 ,A ,
SM72418 ,S ,
SM72419 ,S ,
SM72420 ,S ,
SM72421 ,S ,
SM72422 ,A ,
SM72423 ,A ,
SM72424 ,S ,
SM72425 ,A ,
SM72426 ,S ,
SM72427 ,S ,
SM72428 ,S ,
SM72429 ,S ,
SM72430 ,A ,
SM72431 ,S ,
SM72432 ,A ,
SM72433 ,S ,
SM72434 ,A ,
SM72435 ,A ,
SM72436 ,A ,
SM72437 ,A ,
SM72438 ,A ,
SM72439 ,S ,
SM72440 ,A ,
SM72441 ,A ,
SM72442 ,S ,
SM72443 ,S ,
SM72444 ,A ,
SM72445 ,S ,
SM72446 ,A ,
SM72447 ,S ,
SM72448 ,A ,
SM72449 ,S ,
SM72450 ,A ,
SM72451 ,S ,
SM72452 ,A ,
SM72453 ,S ,
SM72454 ,A ,
SM72455 ,A ,
SM72456 ,S ,
SM72457 ,A ,
SM72458 ,A ,
SM72459 ,A ,
SM72460 ,S ,
SM72461 ,S ,
SM72462 ,S ,
SM72463 ,S ,
SM72464 ,S ,
SM72465 ,A ,
SM72466 ,A ,
SM72467 ,S ,
SM72468 ,A ,
SM72469 ,A ,
SM72470 ,A ,
SM72471 ,S ,
SM72472 ,S ,
SM72473 ,S ,
SM72474 ,S ,
SM72475 ,S ,
SM72476 ,A ,
SM72477 ,S ,
SM72478 ,A ,
SM72479 ,S ,
SM72480 ,A ,
SM72481 ,S ,
SM72482 ,A ,
SM72483 ,A ,
SM72484 ,S ,
SM72485 ,S ,
SM72486 ,A ,
SM72487 ,A ,
SM72488 ,S ,
SM72489 ,A ,
SM72490 ,S ,
SM72491 ,S ,
SM72492 ,S ,
SM72493 ,S ,
SM72494 ,S ,
SM72495 ,A ,
SM72496 ,A ,
SM72497 ,A ,
SM72498 ,A ,
SM72499 ,S ,
SM72500 ,S ,
SM72501 ,A ,
SM72502 ,A ,
SM72503 ,A ,
SM72504 ,S ,
SM72505 ,S ,
SM72506 ,S ,
SM72507 ,A ,
SM72508 ,S ,
SM72509 ,S ,
SM72510 ,A ,
SM72511 ,A ,
SM72512 ,A ,
SM72513 ,A ,
SM72514 ,S ,
SM72515 ,S ,
SM72516 ,S ,
SM72517 ,S ,
SM72518 ,A ,
SM72519 ,S ,
SM72520 ,S ,
SM72521 ,S ,
SM72522 ,S ,
SM72523 ,S ,
SM72524 ,S ,
SM72525 ,S ,
SM72526 ,A ,
SM72527 ,A ,
SM72528 ,S ,
SM72529 ,A ,
SM72530 ,S ,
SM72531 ,S ,
SM72532 ,A ,
SM72533 ,A ,
SM72534 ,S ,
SM72535 ,S ,
SM72536 ,A ,
SM72537 ,A ,
SM72538 ,S ,
SM72539 ,A ,
SM72540 ,A ,
SM72541 ,A ,
SM72542 ,S ,
SM72543 ,S ,
SM72544 ,S ,
SM72545 ,S ,
SM72546 ,S ,
SM72547 ,A ,
SM72548 ,A ,
SM72549 ,A ,
SM72550 ,S ,
SM72551 ,S ,
SM72552 ,A ,
SM72553 ,A ,
SM72554 ,S ,
SM72555 ,S ,
SM72556 ,S ,
SM72557 ,A ,
SM72558 ,A ,
SM72559 ,A ,
SM72560 ,A ,
SM72561 ,S ,
SM72562 ,S ,
SM72563 ,A ,
SM72564 ,S ,
SM72565 ,S ,
SM72566 ,S ,
SM72567 ,A ,
SM72568 ,S ,
SM72569 ,A ,
SM72570 ,A ,
SM72571 ,S ,
SM72572 ,A ,
SM72573 ,A ,
SM72574 ,S ,
SM72575 ,S ,
SM72576 ,A ,
SM72577 ,S ,
SM72578 ,S ,
SM72579 ,S ,
SM72580 ,S ,
SM72581 ,S ,
SM72582 ,A ,
SM72583 ,A ,
SM72584 ,S ,
SM72585 ,A ,
SM72586 ,S ,
SM72587 ,A ,
SM72588 ,A ,
SM72589 ,A ,
SM72590 ,S ,
SM72591 ,S ,
SM72592 ,A ,
SM72593 ,S ,
SM72594 ,A ,
SM72595 ,A ,
SM72596 ,S ,
SM72597 ,S ,
SM72598 ,A ,
SM72599 ,A ,
SM72600 ,A ,
SM72601 ,S ,
SM72602 ,S ,
SM72603 ,S ,
SM72604 ,S ,
SM72605 ,A ,
SM72606 ,S ,
SM72607 ,S ,
SM72608 ,A ,
SM72609 ,A ,
SM72610 ,A ,
SM72611 ,S ,
SM72612 ,A ,
SM72613 ,S ,
SM72614 ,A ,
SM72615 ,S ,
SM72616 ,S ,
SM72617 ,A ,
SM72618 ,S ,
SM72619 ,A ,
SM72620 ,S ,
SM72621 ,A ,
SM72622 ,S ,
SM72623 ,A ,
SM72624 ,A ,
SM72625 ,A ,
SM72626 ,S ,
SM72627 ,S ,
SM72628 ,S ,
SM72629 ,S ,
SM72630 ,S ,
SM72631 ,A ,
SM72632 ,S ,
SM72633 ,A ,
SM72634 ,S ,
SM72635 ,A ,
SM72636 ,S ,
SM72637 ,S ,
SM72638 ,S ,
SM72639 ,S ,
SM72640 ,A ,
SM72641 ,A ,
SM72642 ,A ,
SM72643 ,S ,
SM72644 ,A ,
SM72645 ,S ,
SM72646 ,S ,
SM72647 ,S ,
SM72648 ,S ,
SM72649 ,S ,
SM72650 ,A ,
SM72651 ,A ,
SM72652 ,A ,
SM72653 ,A ,
SM72654 ,A ,
SM72655 ,S ,
SM72656 ,A ,
SM72657 ,S ,
SM72658 ,S ,
SM72659 ,S ,
SM72660 ,S ,
SM72661 ,A ,
SM72662 ,A ,
SM72663 ,S ,
SM72664 ,S ,
SM72665 ,A ,
SM72666 ,S ,
SM72667 ,A ,
SM72668 ,S ,
SM72669 ,A ,
SM72670 ,S ,
SM72671 ,A ,
SM72672 ,S ,
SM72673 ,S ,
SM72674 ,A ,
SM72675 ,A ,
SM72676 ,A ,
SM72677 ,S ,
SM72678 ,S ,
SM72679 ,S ,
SM72680 ,S ,
SM72681 ,A ,
SM72682 ,S ,
SM72683 ,S ,
SM72684 ,S ,
SM72685 ,A ,
SM72686 ,A ,
SM72687 ,S ,
SM72688 ,A ,
SM72689 ,A ,
SM72690 ,A ,
SM72691 ,S ,
SM72692 ,S ,
SM72693 ,A ,
SM72694 ,S ,
SM72695 ,S ,
SM72697 ,A ,
SM72698 ,S ,
SM72700 ,S ,
SM72701 ,S ,
SM72702 ,S ,
SM72703 ,S ,
SM72704 ,A ,
SM72705 ,S ,
SM72706 ,A ,
SM72707 ,S ,
SM72708 ,S ,
SM72709 ,A ,
SM72710 ,A ,
SM72711 ,S ,
SM72712 ,A ,
SM72713 ,A ,
SM72714 ,S ,
SM72715 ,S ,
SM72716 ,S ,
SM72717 ,S ,
SM72719 ,S ,
SM72720 ,A ,
SM72721 ,A ,
SM72722 ,S ,
SM72723 ,A ,
SM72724 ,A ,
SM72725 ,S ,
SM72726 ,A ,
SM72727 ,S ,
SM72728 ,S ,
SM72729 ,S ,
SM72730 ,A ,
SM72731 ,S ,
SM72732 ,S ,
SM72733 ,S ,
SM72734 ,A ,
SM72735 ,A ,
SM72736 ,A ,
SM72737 ,S ,
SM72738 ,S ,
SM72739 ,S ,
SM72740 ,S ,
SM72741 ,S ,
SM72742 ,A ,
SM72743 ,A ,
SM72744 ,S ,
SM72745 ,S ,
SM72746 ,A ,
SM72747 ,S ,
SM72748 ,S ,
SM72749 ,S ,
SM72750 ,S ,
SM72751 ,S ,
SM72752 ,S ,
SM72753 ,A ,
SM72754 ,S ,
SM72755 ,A ,
SM72756 ,A ,
SM72757 ,S ,
SM72758 ,S ,
SM72759 ,A ,
SM72760 ,S ,
SM72761 ,A ,
SM72762 ,S ,
SM72763 ,S ,
SM72764 ,S ,
SM72765 ,S ,
SM72766 ,S ,
SM72767 ,S ,
SM72768 ,S ,
SM72769 ,A ,
SM72770 ,A ,
SM72771 ,S ,
SM72772 ,S ,
SM72773 ,A ,
SM72774 ,A ,
SM72775 ,S ,
SM72776 ,S ,
SM72777 ,A ,
SM72778 ,S ,
SM72779 ,A ,
SM72780 ,S ,
SM72781 ,A ,
SM72782 ,S ,
SM72783 ,S ,
SM72785 ,A ,
SM72786 ,S ,
SM72787 ,S ,
SM72788 ,A ,
SM72789 ,S ,
SM72790 ,A ,
SM72791 ,S ,
SM72792 ,S ,
SM72793 ,S ,
SM72794 ,S ,
SM72795 ,A ,
SM72796 ,S ,
SM72797 ,S ,
SM72798 ,S ,
SM72799 ,S ,
SM72800 ,S ,
SM72801 ,S ,
SM72802 ,A ,
SM72803 ,S ,
SM72804 ,S ,
SM72805 ,A ,
SM72806 ,S ,
SM72807 ,A ,
SM72808 ,S ,
SM72809 ,S ,
SM72810 ,S ,
SM72811 ,A ,
SM72812 ,S ,
SM72813 ,S ,
SM72814 ,A ,
SM72815 ,S ,
SM72816 ,S ,
SM72817 ,S ,
SM72818 ,S ,
SM72819 ,S ,
SM72820 ,S ,
SM72821 ,S ,
SM72822 ,A ,
SM72823 ,S ,
SM72824 ,S ,
SM72825 ,A ,
SM72826 ,A ,
SM72827 ,A ,
SM72828 ,S ,
SM72829 ,S ,
SM72830 ,A ,
SM72831 ,S ,
SM72832 ,A ,
SM72833 ,A ,
SM72834 ,S ,
SM72835 ,S ,
SM72836 ,S ,
SM72837 ,S ,
SM72838 ,S ,
SM72839 ,S ,
SM72840 ,A ,
SM72841 ,S ,
SM72842 ,S ,
SM72843 ,A ,
SM72844 ,S ,
SM72845 ,S ,
SM72846 ,S ,
SM72847 ,S ,
SM72848 ,A ,
SM72849 ,S ,
SM72850 ,S ,
SM72851 ,A ,
SM72852 ,A ,
SM72853 ,A ,
SM72854 ,S ,
SM72855 ,S ,
SM72856 ,A ,
SM72857 ,S ,
SM72858 ,S ,
SM72859 ,S ,
SM72860 ,A ,
SM72861 ,S ,
SM72862 ,S ,
SM72863 ,S ,
SM72864 ,A ,
SM72865 ,S ,
SM72866 ,S ,
SM72867 ,S ,
SM72868 ,S ,
SM72869 ,S ,
SM72870 ,S ,
SM72871 ,S ,
SM72872 ,A ,
SM72873 ,S ,
SM72874 ,S ,
SM72875 ,A ,
SM72876 ,S ,
SM72877 ,A ,
SM72878 ,S ,
SM72879 ,S ,
SM72880 ,A ,
SM72881 ,S ,
SM72882 ,A ,
SM72884 ,S ,
SM72885 ,S ,
SM72886 ,A ,
SM72887 ,S ,
SM72888 ,A ,
SM72889 ,S ,
SM72890 ,S ,
SM72891 ,S ,
SM72892 ,S ,
SM72893 ,A ,
SM72894 ,S ,
SM72895 ,S ,
SM72896 ,S ,
SM72897 ,A ,
SM72898 ,A ,
SM72899 ,A ,
SM72900 ,S ,
SM72901 ,S ,
SM72902 ,A ,
SM72903 ,S ,
SM72904 ,S ,
SM72905 ,S ,
SM72906 ,S ,
SM72907 ,A ,
SM72908 ,S ,
SM72909 ,S ,
SM72910 ,A ,
SM72911 ,S ,
SM72912 ,S ,
SM72913 ,S ,
SM72914 ,S ,
SM72916 ,A ,
SM72917 ,S ,
SM72918 ,A ,
SM72919 ,A ,
SM72920 ,S ,
SM72921 ,A ,
SM72922 ,S ,
SM72923 ,S ,
SM72924 ,S ,
SM72925 ,S ,
SM72926 ,S ,
SM72927 ,A ,
SM72928 ,S ,
SM72929 ,S ,
SM72930 ,S ,
SM72931 ,A ,
SM72932 ,S ,
SM72933 ,A ,
SM72934 ,S ,
SM72935 ,S ,
SM72936 ,S ,
SM72937 ,S ,
SM72938 ,S ,
SM72939 ,S ,
SM72940 ,A ,
SM72941 ,A ,
SM72942 ,S ,
SM72943 ,S ,
SM72944 ,A ,
SM72945 ,A ,
SM72946 ,S ,
SM72947 ,S ,
SM72948 ,A ,
SM72949 ,S ,
SM72950 ,S ,
SM72951 ,S ,
SM72952 ,S ,
SM72953 ,A ,
SM72954 ,A ,
SM72955 ,S ,
SM72956 ,S ,
SM72957 ,S ,
SM72958 ,S ,
SM72959 ,S ,
SM72960 ,S ,
SM72961 ,S ,
SM72962 ,S ,
SM72963 ,A ,
SM72964 ,A ,
SM72965 ,S ,
SM72966 ,S ,
SM72968 ,A ,
SM72969 ,A ,
SM72970 ,S ,
SM72971 ,S ,
SM72972 ,A ,
SM72973 ,S ,
SM72974 ,S ,
SM72975 ,S ,
SM72976 ,A ,
SM72977 ,S ,
SM72978 ,S ,
SM72979 ,S ,
SM72980 ,A ,
SM72981 ,S ,
SM72982 ,S ,
SM72983 ,S ,
SM72984 ,S ,
SM72985 ,S ,
SM72986 ,S ,
SM72987 ,S ,
SM72988 ,S ,
SM72989 ,A ,
SM72990 ,A ,
SM72991 ,A ,
SM72992 ,S ,
SM72993 ,A ,
SM72994 ,S ,
SM72995 ,A ,
SM72996 ,S ,
SM72997 ,S ,
SM72998 ,A ,
SM72999 ,S ,
SM73000 ,S ,
SM73001 ,S ,
SM73002 ,A ,
SM73003 ,S ,
SM73004 ,S ,
SM73005 ,S ,
SM73006 ,S ,
SM73007 ,S ,
SM73008 ,S ,
SM73009 ,A ,
SM73010 ,S ,
SM73011 ,S ,
SM73012 ,A ,
SM73013 ,S ,
SM73014 ,S ,
SM73015 ,S ,
SM73016 ,A ,
SM73017 ,A ,
SM73018 ,S ,
SM73019 ,A ,
SM73020 ,S ,
SM73021 ,S ,
SM73022 ,S ,
SM73023 ,A ,
SM73024 ,S ,
SM73025 ,S ,
SM73026 ,S ,
SM73027 ,A ,
SM73028 ,S ,
SM73029 ,S ,
SM73031 ,S ,
SM73032 ,S ,
SM73033 ,S ,
SM73034 ,S ,
SM73035 ,A ,
SM73036 ,S ,
SM73038 ,S ,
SM73039 ,A ,
SM73040 ,S ,
SM73041 ,S ,
SM73042 ,S ,
SM73043 ,A ,
SM73044 ,S ,
SM73045 ,A ,
SM73046 ,S ,
SM73047 ,S ,
SM73048 ,S ,
SM73049 ,S ,
SM73050 ,S ,
SM73051 ,A ,
SM73052 ,S ,
SM73053 ,S ,
SM73054 ,A ,
SM73055 ,S ,
SM73056 ,S ,
SM73057 ,S ,
SM73058 ,A ,
SM73059 ,S ,
SM73060 ,S ,
SM73061 ,A ,
SM73062 ,S ,
SM73063 ,A ,
SM73064 ,S ,
SM73065 ,S ,
SM73066 ,A ,
SM73067 ,A ,
SM73068 ,S ,
SM73069 ,S ,
SM73070 ,S ,
SM73071 ,S ,
SM73072 ,A ,
SM73073 ,A ,
SM73074 ,S ,
SM73075 ,S ,
SM73076 ,A ,
SM73077 ,S ,
SM73078 ,A ,
SM73079 ,S ,
SM73080 ,S ,
SM73081 ,S ,
SM73082 ,S ,
SM73083 ,S ,
SM73084 ,S ,
SM73085 ,A ,
SM73086 ,S ,
SM73087 ,S ,
SM73088 ,S ,
SM73089 ,S ,
SM73090 ,A ,
SM73091 ,A ,
SM73092 ,A ,
SM73093 ,S ,
SM73094 ,S ,
SM73095 ,S ,
SM73096 ,S ,
SM73097 ,S ,
SM73098 ,A ,
SM73099 ,S ,
SM73100 ,S ,
SM73101 ,A ,
SM73102 ,S ,
SM73103 ,S ,
SM73104 ,S ,
SM73105 ,S ,
SM73106 ,A ,
SM73107 ,S ,
SM73108 ,A ,
SM73109 ,S ,
SM73111 ,S ,
SM73112 ,S ,
SM73113 ,A ,
SM73114 ,S ,
SM73115 ,A ,
SM73116 ,A ,
SM73117 ,A ,
SM73118 ,A ,
SM73119 ,S ,
SM73120 ,S ,
SM73121 ,S ,
SM73122 ,S ,
SM73123 ,S ,
SM73124 ,A ,
SM73126 ,S ,
SM73127 ,A ,
SM73128 ,S ,
SM73129 ,S ,
SM73130 ,S ,
SM73131 ,A ,
SM73132 ,S ,
SM73133 ,S ,
SM73134 ,S ,
SM73135 ,S ,
SM73136 ,A ,
SM73137 ,A ,
SM73138 ,S ,
SM73139 ,S ,
SM73140 ,A ,
SM73141 ,S ,
SM73142 ,S ,
SM73143 ,S ,
SM73145 ,A ,
SM73146 ,S ,
SM73148 ,S ,
SM73149 ,S ,
SM73150 ,A ,
SM73151 ,A ,
SM73152 ,A ,
SM73154 ,A ,
SM73155 ,A ,
SM73156 ,S ,
SM73157 ,A ,
SM73158 ,S ,
SM73159 ,S ,
SM73160 ,S ,
SM73161 ,S ,
SM73162 ,A ,
SM73163 ,S ,
SM73164 ,S ,
SM73165 ,A ,
SM73166 ,A ,
SM73167 ,S ,
SM73168 ,A ,
SM73169 ,S ,
SM73170 ,S ,
SM73171 ,S ,
SM73172 ,S ,
SM73173 ,S ,
SM73174 ,S ,
SM73175 ,S ,
SM73176 ,S ,
SM73177 ,S ,
SM73178 ,A ,
SM73179 ,S ,
SM73180 ,S ,
SM73181 ,S ,
SM73182 ,S ,
SM73183 ,S ,
SM73184 ,A ,
SM73185 ,S ,
SM73186 ,A ,
SM73187 ,A ,
SM73188 ,S ,
SM73190 ,S ,
SM73191 ,S ,
SM73192 ,S ,
SM73193 ,S ,
SM73194 ,S ,
SM73195 ,S ,
SM73196 ,S ,
SM73197 ,S ,
SM73198 ,A ,
SM73199 ,S ,
SM73200 ,S ,
SM73201 ,S ,
SM73202 ,S ,
SM73203 ,S ,
SM73204 ,S ,
SM73205 ,S ,
SM73206 ,A ,
SM73207 ,A ,
SM73208 ,S ,
SM73209 ,A ,
SM73210 ,S ,
SM73211 ,S ,
SM73212 ,S ,
SM73213 ,S ,
SM73214 ,A ,
SM73215 ,S ,
SM73216 ,S ,
SM73218 ,S ,
SM73219 ,S ,
SM73220 ,S ,
SM73221 ,S ,
SM73222 ,S ,
SM73223 ,S ,
SM73224 ,S ,
SM73225 ,S ,
SM73226 ,S ,
SM73227 ,S ,
SM73228 ,S ,
SM73229 ,S ,
SM73230 ,S ,
SM73231 ,S ,
SM73232 ,S ,
SM73233 ,A ,
SM73234 ,S ,
SM73235 ,S ,
SM73236 ,A ,
SM73237 ,S ,
SM73238 ,S ,
SM73239 ,S ,
SM73240 ,S ,
SM73241 ,S ,
SM73242 ,S ,
SM73243 ,S ,
SM73244 ,S ,
SM73245 ,S ,
SM73246 ,A ,
SM73248 ,S ,
SM73249 ,S ,
SM73250 ,S ,
SM73251 ,A ,
SM73252 ,A ,
SM73253 ,S ,
SM73254 ,S ,
SM73255 ,S ,
SM73256 ,A ,
SM73257 ,S ,
SM73258 ,S ,
SM73259 ,A ,
SM73260 ,S ,
SM73261 ,S ,
SM73262 ,S ,
SM73263 ,S ,
SM73264 ,S ,
SM73265 ,S ,
SM73266 ,S ,
SM73267 ,A ,
SM73268 ,S ,
SM73269 ,S ,
SM73270 ,S ,
SM73271 ,A ,
SM73272 ,S ,
SM73273 ,S ,
SM73274 ,A ,
SM73276 ,S ,
SM73277 ,S ,
SM73278 ,A ,
SM73279 ,S ,
SM73280 ,S ,
SM73281 ,S ,
SM73282 ,S ,
SM73283 ,S ,
SM73284 ,S ,
SM73285 ,S ,
SM73286 ,A ,
SM73287 ,S ,
SM73288 ,S ,
SM73289 ,A ,
SM73290 ,S ,
SM73291 ,S ,
SM73292 ,S ,
SM73293 ,A ,
SM73294 ,S ,
SM73295 ,S ,
SM73296 ,S ,
SM73297 ,A ,
SM73298 ,S ,
SM73299 ,S ,
SM73300 ,S ,
SM73301 ,A ,
SM73302 ,S ,
SM73303 ,S ,
SM73305 ,S ,
SM73306 ,S ,
SM73307 ,S ,
SM73308 ,S ,
SM73309 ,S ,
SM73310 ,S ,
SM73311 ,A ,
SM73312 ,A ,
SM73313 ,S ,
SM73314 ,S ,
SM73315 ,A ,
SM73316 ,S ,
SM73317 ,S ,
SM73318 ,S ,
SM73319 ,S ,
SM73320 ,S ,
SM73321 ,S ,
SM73322 ,S ,
SM73323 ,S ,
SM73324 ,S ,
SM73325 ,S ,
SM73326 ,S ,
SM73327 ,S ,
SM73328 ,S ,
SM73329 ,A ,
SM73331 ,A ,
SM73332 ,S ,
SM73333 ,S ,
SM73334 ,A ,
SM73335 ,S ,
SM73336 ,A ,
SM73337 ,S ,
SM73338 ,S ,
SM73339 ,S ,
SM73340 ,S ,
SM73341 ,S ,
SM73343 ,S ,
SM73344 ,S ,
SM73345 ,S ,
SM73346 ,S ,
SM73347 ,A ,
SM73348 ,A ,
SM73349 ,S ,
SM73350 ,S ,
SM73351 ,S ,
SM73352 ,S ,
SM73353 ,S ,
SM73354 ,A ,
SM73355 ,S ,
SM73356 ,S ,
SM73357 ,S ,
SM73358 ,S ,
SM73359 ,A ,
SM73360 ,S ,
SM73361 ,S ,
SM73362 ,A ,
SM73364 ,S ,
SM73365 ,S ,
SM73366 ,S ,
SM73367 ,S ,
SM73368 ,S ,
SM73369 ,S ,
SM73370 ,S ,
SM73371 ,S ,
SM73372 ,A ,
SM73373 ,S ,
SM73374 ,S ,
SM73375 ,S ,
SM73376 ,A ,
SM73377 ,S ,
SM73378 ,S ,
SM73379 ,S ,
SM73380 ,A ,
SM73381 ,A ,
SM73382 ,S ,
SM73383 ,S ,
SM73384 ,S ,
SM73385 ,S ,
SM73386 ,S ,
SM73387 ,S ,
SM73388 ,A ,
SM73389 ,A ,
SM73390 ,S ,
SM73391 ,A ,
SM73392 ,A ,
SM73393 ,A ,
SM73395 ,S ,
SM73396 ,S ,
SM73397 ,A ,
SM73399 ,S ,
SM73400 ,S ,
SM73401 ,S ,
SM73402 ,S ,
SM73403 ,A ,
SM73404 ,S ,
SM73405 ,S ,
SM73406 ,A ,
SM73407 ,S ,
SM73408 ,A ,
SM73409 ,S ,
SM73410 ,S ,
SM73411 ,S ,
SM73412 ,S ,
SM73413 ,S ,
SM73414 ,S ,
SM73415 ,S ,
SM73416 ,S ,
SM73417 ,A ,
SM73418 ,S ,
SM73419 ,S ,
SM73420 ,S ,
SM73421 ,S ,
SM73422 ,A ,
SM73423 ,A ,
SM73424 ,A ,
SM73425 ,A ,
SM73426 ,S ,
SM73428 ,S ,
SM73429 ,A ,
SM73430 ,S ,
SM73431 ,S ,
SM73432 ,S ,
SM73433 ,S ,
SM73434 ,S ,
SM73435 ,A ,
SM73436 ,A ,
SM73437 ,S ,
SM73438 ,S ,
SM73439 ,S ,
SM73440 ,S ,
SM73441 ,S ,
SM73442 ,A ,
SM73443 ,S ,
SM73444 ,S ,
SM73445 ,S ,
SM73446 ,S ,
SM73447 ,S ,
SM73448 ,S ,
SM73449 ,S ,
SM73450 ,A ,
SM73451 ,A ,
SM73452 ,S ,
SM73453 ,S ,
SM73454 ,A ,
SM73456 ,S ,
SM73457 ,S ,
SM73458 ,A ,
SM73459 ,S ,
SM73460 ,S ,
SM73461 ,S ,
SM73462 ,A ,
SM73463 ,A ,
SM73464 ,A ,
SM73465 ,S ,
SM73466 ,A ,
SM73467 ,S ,
SM73468 ,S ,
SM73469 ,S ,
SM73470 ,A ,
SM73471 ,S ,
SM73472 ,S ,
SM73473 ,S ,
SM73474 ,S ,
SM73475 ,S ,
SM73476 ,A ,
SM73477 ,S ,
SM73478 ,S ,
SM73479 ,S ,
SM73480 ,A ,
SM73481 ,A ,
SM73482 ,A ,
SM73484 ,S ,
SM73485 ,A ,
SM73486 ,S ,
SM73487 ,S ,
SM73488 ,S ,
SM73489 ,A ,
SM73490 ,S ,
SM73491 ,S ,
SM73492 ,S ,
SM73493 ,S ,
SM73494 ,S ,
SM73495 ,A ,
SM73496 ,A ,
SM73497 ,A ,
SM73498 ,S ,
SM73499 ,S ,
SM73500 ,A ,
SM73501 ,S ,
SM73502 ,S ,
SM73503 ,A ,
SM73504 ,S ,
SM73505 ,S ,
SM73506 ,A ,
SM73507 ,S ,
SM73508 ,A ,
SM73510 ,S ,
SM73511 ,S ,
SM73512 ,S ,
SM73513 ,S ,
SM73514 ,A ,
SM73515 ,S ,
SM73516 ,S ,
SM73517 ,A ,
SM73518 ,S ,
SM73519 ,A ,
SM73520 ,A ,
SM73521 ,S ,
SM73522 ,A ,
SM73523 ,S ,
SM73524 ,S ,
SM73525 ,A ,
SM73526 ,A ,
SM73527 ,A ,
SM73528 ,A ,
SM73529 ,S ,
SM73530 ,S ,
SM73531 ,S ,
SM73533 ,S ,
SM73534 ,A ,
SM73535 ,S ,
SM73536 ,A ,
SM73537 ,S ,
SM73538 ,A ,
SM73539 ,S ,
SM73540 ,S ,
SM73541 ,S ,
SM73542 ,A ,
SM73543 ,A ,
SM73544 ,S ,
SM73545 ,S ,
SM73546 ,S ,
SM73547 ,A ,
SM73548 ,S ,
SM73549 ,A ,
SM73550 ,S ,
SM73551 ,A ,
SM73552 ,A ,
SM73553 ,A ,
SM73554 ,A ,
SM73555 ,S ,
SM73556 ,S ,
SM73557 ,A ,
SM73558 ,S ,
SM73559 ,A ,
SM73560 ,S ,
SM73561 ,S ,
SM73562 ,A ,
SM73563 ,S ,
SM73564 ,S ,
SM73565 ,A ,
SM73566 ,A ,
SM73567 ,S ,
SM73568 ,A ,
SM73569 ,S ,
SM73570 ,A ,
SM73571 ,A ,
SM73572 ,A ,
SM73573 ,A ,
SM73574 ,S ,
SM73575 ,S ,
SM73576 ,A ,
SM73577 ,A ,
SM73578 ,S ,
SM73579 ,A ,
SM73580 ,S ,
SM73581 ,A ,
SM73582 ,S ,
SM73583 ,S ,
SM73584 ,A ,
SM73585 ,A ,
SM73586 ,A ,
SM73587 ,S ,
SM73588 ,A ,
SM73589 ,S ,
SM73590 ,S ,
SM73591 ,S ,
SM73592 ,S ,
SM73593 ,A ,
SM73594 ,A ,
SM73595 ,S ,
SM73596 ,A ,
SM73597 ,A ,
SM73598 ,A ,
SM73599 ,A ,
SM73600 ,S ,
SM73601 ,S ,
SM73602 ,S ,
SM73603 ,A ,
SM73604 ,A ,
SM73605 ,A ,
SM73606 ,S ,
SM73607 ,A ,
SM73608 ,A ,
SM73609 ,S ,
SM73610 ,S ,
SM73611 ,A ,
SM73612 ,A ,
SM73613 ,S ,
SM73614 ,A ,
SM73615 ,S ,
SM73616 ,A ,
SM73617 ,S ,
SM73618 ,A ,
SM73619 ,A ,
SM73620 ,S ,
SM73621 ,S ,
SM73622 ,A ,
SM73623 ,S ,
SM73624 ,S ,
SM73625 ,S ,
SM73626 ,S ,
SM73627 ,A ,
SM73628 ,S ,
SM73629 ,A ,
SM73630 ,S ,
SM73631 ,A ,
SM73632 ,S ,
SM73633 ,S ,
SM73634 ,A ,
SM73635 ,A ,
SM73636 ,A ,
SM73637 ,S ,
SM73638 ,A ,
SM73639 ,S ,
SM73640 ,S ,
SM73641 ,A ,
SM73642 ,A ,
SM73643 ,S ,
SM73644 ,A ,
SM73645 ,A ,
SM73646 ,A ,
SM73647 ,S ,
SM73648 ,S ,
SM73649 ,A ,
SM73650 ,S ,
SM73651 ,S ,
SM73652 ,A ,
SM73653 ,A ,
SM73654 ,S ,
SM73655 ,A ,
SM73656 ,S ,
SM73657 ,A ,
SM73658 ,A ,
SM73659 ,S ,
SM73660 ,A ,
SM73661 ,A ,
SM73662 ,A ,
SM73663 ,S ,
SM73664 ,S ,
SM73665 ,A ,
SM73666 ,S ,
SM73667 ,S ,
SM73668 ,S ,
SM73669 ,A ,
SM73670 ,S ,
SM73671 ,A ,
SM73672 ,S ,
SM73673 ,A ,
SM73674 ,S ,
SM73675 ,A ,
SM73676 ,A ,
SM73677 ,S ,
SM73678 ,A ,
SM73679 ,A ,
SM73680 ,S ,
SM73681 ,A ,
SM73682 ,A ,
SM73683 ,S ,
SM73684 ,S ,
SM73685 ,S ,
SM73686 ,A ,
SM73687 ,A ,
SM73688 ,S ,
SM73689 ,S ,
SM73690 ,A ,
SM73691 ,S ,
SM73692 ,S ,
SM73693 ,S ,
SM73694 ,S ,
SM73695 ,A ,
SM73696 ,S ,
SM73697 ,A ,
SM73698 ,A ,
SM73699 ,A ,
SM73700 ,A ,
SM73701 ,A ,
SM73702 ,S ,
SM73703 ,A ,
SM73704 ,S ,
SM73705 ,S ,
SM73706 ,S ,
SM73707 ,A ,
SM73708 ,A ,
SM73709 ,S ,
SM73710 ,S ,
SM73711 ,S ,
SM73712 ,A ,
SM73713 ,S ,
SM73714 ,S ,
SM73715 ,A ,
SM73716 ,A ,
SM73717 ,A ,
SM73718 ,A ,
SM73719 ,S ,
SM73720 ,S ,
SM73721 ,S ,
SM73722 ,A ,
SM73723 ,S ,
SM73724 ,A ,
SM73725 ,S ,
SM73726 ,A ,
SM73727 ,S ,
SM73729 ,A ,
SM73730 ,A ,
SM73731 ,S ,
SM73732 ,S ,
SM73733 ,S ,
SM73734 ,S ,
SM73735 ,S ,
SM73736 ,A ,
SM73737 ,S ,
SM73738 ,A ,
SM73739 ,S ,
SM73740 ,S ,
SM73741 ,A ,
SM73742 ,A ,
SM73743 ,S ,
SM73744 ,A ,
SM73745 ,S ,
SM73746 ,S ,
SM73747 ,A ,
SM73748 ,S ,
SM73749 ,A ,
SM73750 ,A ,
SM73751 ,S ,
SM73752 ,A ,
SM73753 ,S ,
SM73754 ,A ,
SM73755 ,S ,
SM73756 ,A ,
SM73757 ,S ,
SM73758 ,A ,
SM73759 ,S ,
SM73760 ,S ,
SM73761 ,S ,
SM73762 ,S ,
SM73763 ,A ,
SM73764 ,A ,
SM73765 ,S ,
SM73766 ,A ,
SM73767 ,S ,
SM73768 ,A ,
SM73769 ,S ,
SM73770 ,S ,
SM73771 ,A ,
SM73772 ,S ,
SM73773 ,S ,
SM73774 ,A ,
SM73775 ,S ,
SM73776 ,A ,
SM73777 ,A ,
SM73778 ,A ,
SM73779 ,A ,
SM73780 ,S ,
SM73781 ,S ,
SM73782 ,A ,
SM73783 ,A ,
SM73784 ,S ,
SM73785 ,A ,
SM73786 ,S ,
SM73787 ,S ,
SM73788 ,S ,
SM73789 ,S ,
SM73790 ,A ,
SM73791 ,A ,
SM73792 ,S ,
SM73793 ,A ,
SM73794 ,S ,
SM73795 ,A ,
SM73796 ,S ,
SM73797 ,S ,
SM73798 ,A ,
SM73799 ,S ,
SM73800 ,A ,
SM73801 ,S ,
SM73802 ,A ,
SM73803 ,S ,
SM73804 ,S ,
SM73805 ,S ,
SM73806 ,A ,
SM73808 ,S ,
SM73809 ,S ,
SM73810 ,A ,
SM73811 ,A ,
SM73812 ,S ,
SM73813 ,S ,
SM73814 ,A ,
SM73815 ,A ,
SM73816 ,A ,
SM73817 ,A ,
SM73818 ,S ,
SM73819 ,S ,
SM73820 ,A ,
SM73821 ,S ,
SM73822 ,A ,
SM73823 ,A ,
SM73824 ,A ,
SM73825 ,A ,
SM73826 ,A ,
SM73827 ,A ,
SM73828 ,A ,
SM73829 ,S ,
SM73830 ,S ,
SM73831 ,A ,
SM73832 ,A ,
SM73833 ,A ,
SM73834 ,A ,
SM73835 ,A ,
SM73836 ,A ,
SM73837 ,S ,
SM73838 ,S ,
SM73839 ,S ,
SM73840 ,S ,
SM73841 ,A ,
SM73842 ,A ,
SM73843 ,A ,
SM73844 ,A ,
SM73845 ,S ,
SM73846 ,A ,
SM73847 ,A ,
SM73848 ,S ,
SM73849 ,A ,
SM73850 ,A ,
SM73851 ,A ,
SM73852 ,A ,
SM73853 ,S ,
SM73854 ,A ,
SM73855 ,S ,
SM73856 ,A ,
SM73857 ,A ,
SM73858 ,A ,
SM73859 ,S ,
SM73860 ,A ,
SM73861 ,A ,
SM73862 ,A ,
SM73863 ,A ,
SM73864 ,A ,
SM73865 ,S ,
SM73866 ,A ,
SM73867 ,A ,
SM73868 ,A ,
SM73869 ,A ,
SM73870 ,A ,
SM73871 ,A ,
SM73872 ,S ,
SM73873 ,A ,
SM73874 ,A ,
SM73875 ,A ,
SM73876 ,S ,
SM73877 ,A ,
SM73878 ,S ,
SM73879 ,A ,
SM73880 ,A ,
SM73881 ,A ,
SM73882 ,A ,
SM73883 ,A ,
SM73884 ,A ,
SM73885 ,A ,
SM73886 ,S ,
SM73887 ,A ,
SM73888 ,S ,
SM73889 ,S ,
SM73890 ,A ,
SM73891 ,S ,
SM73892 ,A ,
SM73893 ,A ,
SM73894 ,S ,
SM73895 ,S ,
SM73896 ,A ,
SM73897 ,A ,
SM73898 ,S ,
SM73899 ,A ,
SM73900 ,S ,
SM73901 ,A ,
SM73902 ,S ,
SM73903 ,S ,
SM73904 ,A ,
SM73905 ,S ,
SM73906 ,A ,
SM73907 ,A ,
SM73908 ,A ,
SM73909 ,S ,
SM73910 ,S ,
SM73911 ,A ,
SM73912 ,A ,
SM73913 ,S ,
SM73914 ,A ,
SM73915 ,A ,
SM73916 ,A ,
SM73917 ,A ,
SM73918 ,A ,
SM73919 ,A ,
SM73920 ,A ,
SM73921 ,A ,
SM73922 ,A ,
SM73923 ,A ,
SM73924 ,A ,
SM73925 ,A ,
SM73926 ,A ,
SM73927 ,A ,
SM73928 ,A ,
SM73929 ,A ,
SM73930 ,A ,
SM73931 ,A ,
SM73932 ,A ,
SM73933 ,A ,
SM73934 ,A ,
SM73935 ,A ,
SM73936 ,A ,
SM73937 ,A ,
SM73938 ,A ,
SM73939 ,A ,
SM73940 ,A ,
SM73941 ,A ,
SM73942 ,A ,
SM73943 ,A ,
SM73944 ,A ,
SM73945 ,A ,
SM73946 ,A ,
SM73947 ,A ,
SM73948 ,A ,
SM73949 ,A ,
SM73950 ,A ,
SM73951 ,A ,
SM73952 ,A ,
SM73953 ,A ,
SM73954 ,A ,
SM73955 ,A ,
SM73956 ,S ,
SM73957 ,S ,
SM73958 ,S ,
SM73959 ,A ,
SM73960 ,S ,
SM73961 ,A ,
SM73962 ,A ,
SM73963 ,A ,
SM73964 ,S ,
SM73965 ,S ,
SM73966 ,S ,
SM73967 ,A ,
SM73968 ,S ,
SM73969 ,A ,
SM73970 ,A ,
SM73971 ,S ,
SM73972 ,S ,
SM73973 ,A ,
SM73974 ,A ,
SM73975 ,A ,
SM73976 ,S ,
SM73977 ,A ,
SM73978 ,S ,
SM73979 ,S ,
SM73980 ,A ,
SM73981 ,A ,
SM73982 ,S ,
SM73983 ,S ,
SM73984 ,A ,
SM73985 ,A ,
SM73986 ,A ,
SM73987 ,A ,
SM73988 ,S ,
SM73989 ,A ,
SM73990 ,A ,
SM73991 ,S ,
SM73992 ,A ,
SM73993 ,S ,
SM73994 ,A ,
SM73995 ,S ,
SM73996 ,S ,
SM73997 ,A ,
SM73998 ,A ,
SM73999 ,A ,
SM74000 ,S ,
SM74001 ,A ,
SM74002 ,S ,
SM74003 ,S ,
SM74004 ,A ,
SM74005 ,S ,
SM74006 ,S ,
SM74007 ,A ,
SM74008 ,S ,
SM74009 ,A ,
SM74010 ,S ,
SM74011 ,A ,
SM74012 ,A ,
SM74013 ,S ,
SM74014 ,A ,
SM74015 ,S ,
SM74016 ,A ,
SM74017 ,A ,
SM74018 ,S ,
SM74019 ,A ,
SM74020 ,S ,
SM74021 ,A ,
SM74022 ,S ,
SM74023 ,S ,
SM74024 ,A ,
SM74025 ,A ,
SM74026 ,A ,
SM74027 ,S ,
SM74028 ,A ,
SM74029 ,S ,
SM74030 ,S ,
SM74031 ,A ,
SM74032 ,A ,
SM74033 ,A ,
SM74034 ,S ,
SM74035 ,A ,
SM74036 ,A ,
SM74037 ,S ,
SM74038 ,S ,
SM74039 ,S ,
SM74040 ,A ,
SM74041 ,A ,
SM74042 ,S ,
SM74043 ,S ,
SM74044 ,A ,
SM74045 ,S ,
SM74046 ,A ,
SM74047 ,A ,
SM74048 ,A ,
SM74049 ,S ,
SM74050 ,S ,
SM74051 ,A ,
SM74052 ,A ,
SM74053 ,S ,
SM74054 ,S ,
SM74055 ,S ,
SM74056 ,S ,
SM74057 ,S ,
SM74058 ,A ,
SM74059 ,A ,
SM74060 ,S ,
SM74061 ,A ,
SM74062 ,S ,
SM74063 ,A ,
SM74064 ,S ,
SM74065 ,A ,
SM74066 ,S ,
SM74067 ,A ,
SM74068 ,S ,
SM74069 ,S ,
SM74070 ,S ,
SM74071 ,A ,
SM74072 ,A ,
SM74073 ,A ,
SM74074 ,S ,
SM74075 ,A ,
SM74076 ,S ,
SM74077 ,A ,
SM74078 ,S ,
SM74079 ,A ,
SM74080 ,A ,
SM74081 ,A ,
SM74082 ,A ,
SM74083 ,S ,
SM74084 ,A ,
SM74085 ,S ,
SM74086 ,A ,
SM74087 ,A ,
SM74088 ,S ,
SM74089 ,A ,
SM74090 ,A ,
SM74091 ,S ,
SM74092 ,A ,
SM74093 ,S ,
SM74094 ,S ,
SM74095 ,S ,
SM74096 ,S ,
SM74097 ,S ,
SM74098 ,S ,
SM74099 ,S ,
SM74100 ,S ,
SM74101 ,A ,
SM74102 ,A ,
SM74103 ,S ,
SM74104 ,S ,
SM74105 ,S ,
SM74106 ,A ,
SM74107 ,S ,
SM74108 ,A ,
SM74109 ,S ,
SM74110 ,A ,
SM74111 ,A ,
SM74112 ,S ,
SM74113 ,S ,
SM74114 ,A ,
SM74115 ,S ,
SM74116 ,S ,
SM74117 ,A ,
SM74118 ,A ,
SM74119 ,S ,
SM74120 ,S ,
SM74121 ,S ,
SM74122 ,A ,
SM74124 ,S ,
SM74125 ,S ,
SM74126 ,A ,
SM74127 ,S ,
SM74128 ,S ,
SM74129 ,A ,
SM74130 ,S ,
SM74131 ,S ,
SM74132 ,S ,
SM74133 ,S ,
SM74134 ,A ,
SM74135 ,A ,
SM74136 ,S ,
SM74137 ,S ,
SM74138 ,A ,
SM74139 ,A ,
SM74140 ,S ,
SM74141 ,S ,
SM74142 ,A ,
SM74143 ,S ,
SM74144 ,A ,
SM74145 ,S ,
SM74146 ,A ,
SM74147 ,S ,
SM74148 ,A ,
SM74149 ,S ,
SM74150 ,A ,
SM74151 ,S ,
SM74152 ,A ,
SM74153 ,S ,
SM74154 ,A ,
SM74155 ,S ,
SM74156 ,A ,
SM74157 ,S ,
SM74158 ,A ,
SM74159 ,S ,
SM74160 ,A ,
SM74161 ,S ,
SM74162 ,S ,
SM74163 ,A ,
SM74164 ,S ,
SM74165 ,S ,
SM74166 ,A ,
SM74167 ,S ,
SM74168 ,S ,
SM74169 ,A ,
SM74170 ,A ,
SM74171 ,A ,
SM74172 ,A ,
SM74173 ,A ,
SM74174 ,A ,
SM74175 ,A ,
SM74176 ,A ,
SM74177 ,A ,
SM74178 ,A ,
SM74179 ,A ,
SM74180 ,A ,
SM74181 ,A ,
SM74182 ,A ,
SM74183 ,A ,
SM74184 ,A ,
SM74185 ,A ,
SM74186 ,A ,
SM74187 ,A ,
SM74188 ,A ,
SM74189 ,A ,
SM74190 ,A ,
SM74191 ,A ,
SM74192 ,A ,
SM74193 ,A ,
SM74194 ,A ,
SM74195 ,A ,
SM74196 ,A ,
SM74197 ,A ,
SM74198 ,A ,
SM74199 ,A ,
SM74200 ,A ,
SM74201 ,A ,
SM74202 ,A ,
SM74203 ,A ,
SM74204 ,A ,
SM74205 ,A ,
SM74206 ,A ,
SM74207 ,A ,
SM74208 ,A ,
SM74209 ,A ,
SM74210 ,A ,
SM74211 ,A ,
SM74212 ,A ,
SM74213 ,A ,
SM74214 ,A ,
SM74215 ,A ,
SM74216 ,A ,
SM74217 ,A ,
SM74218 ,A ,
SM74219 ,A ,
SM74220 ,A ,
SM74221 ,A ,
SM74222 ,A ,
SM74223 ,A ,
SM74224 ,A ,
SM74225 ,A ,
SM74226 ,A ,
SM74227 ,A ,
SM74228 ,A ,
SM74229 ,A ,
SM74230 ,A ,
SM74231 ,A ,
SM74232 ,A ,
SM74233 ,A ,
SM74234 ,A ,
SM74235 ,A ,
SM74236 ,A ,
SM74237 ,A ,
SM74238 ,A ,
SM74239 ,A ,
SM74240 ,A ,
SM74241 ,A ,
SM74242 ,A ,
SM74243 ,A ,
SM74244 ,A ,
SM74245 ,A ,
SM74246 ,A ,
SM74247 ,A ,
SM74248 ,A ,
SM74249 ,A ,
SM74250 ,A ,
SM74251 ,A ,
SM74252 ,A ,
SM74253 ,A ,
SM74254 ,A ,
SM74255 ,A ,
SM74256 ,A ,
SM74257 ,A ,