Node,Subest,Feeder,
ST_MAT      ,True        ,True                     ,
P3RDM10     ,P3RHS0_1247 ,P3RHS0_1247 -> P3RDT1052 ,
P3RDM20     ,P3RHS0_1247 ,P3RHS0_1247 -> P3RDT1052 ,
P3RDM22     ,P3RHS0_1247 ,P3RHS0_1247 -> P3RDT836  ,
P3RDM23     ,P3RHS0_1247 ,P3RHS0_1247 -> P3RDT836  ,
P3RDM25     ,P3RHS0_1247 ,P3RHS0_1247 -> P3RDT836  ,
P3RDM35     ,P3RHS0_1247 ,P3RHS0_1247 -> P3RDT656  ,
P3RDM36     ,P3RHS0_1247 ,P3RHS0_1247 -> P3RDT656  ,
P3RDM44     ,P3RHS1_1247 ,P3RHS1_1247 -> P3RDT1272 ,
P3RDM57     ,P3RHS0_1247 ,P3RHS0_1247 -> P3RDT656  ,
P3RDM59     ,P3RHS0_1247 ,P3RHS0_1247 -> P3RDT656  ,
P3RDM61     ,P3RHS0_1247 ,P3RHS0_1247 -> P3RDT656  ,
P3RDM62     ,P3RHS0_1247 ,P3RHS0_1247 -> P3RDT656  ,
P3RDM70     ,P3RHS0_1247 ,P3RHS0_1247 -> P3RDT1052 ,
P3RDM71     ,P3RHS0_1247 ,P3RHS0_1247 -> P3RDT1052 ,
P3RDM72     ,P3RHS0_1247 ,P3RHS0_1247 -> P3RDT1052 ,
P3RDM76     ,P3RHS0_1247 ,P3RHS0_1247 -> P3RDT1052 ,
P3RDM90     ,P3RHS0_1247 ,P3RHS0_1247 -> P3RDT656  ,
P3RDM92     ,P3RHS0_1247 ,P3RHS0_1247 -> P3RDT656  ,
P3RDM107    ,P3RHS0_1247 ,P3RHS0_1247 -> P3RDT836  ,
P3RDM109    ,P3RHS0_1247 ,P3RHS0_1247 -> P3RDT836  ,
P3RDM120    ,P3RHS0_1247 ,P3RHS0_1247 -> P3RDT1052 ,
P3RDM121    ,P3RHS0_1247 ,P3RHS0_1247 -> P3RDT1052 ,
P3RDM125    ,P3RHS0_1247 ,P3RHS0_1247 -> P3RDT1052 ,
P3RDM128    ,P3RHS0_1247 ,P3RHS0_1247 -> P3RDT1052 ,
P3RDM129    ,P3RHS0_1247 ,P3RHS0_1247 -> P3RDT1052 ,
P3RDM133    ,P3RHS0_1247 ,P3RHS0_1247 -> P3RDT1052 ,
P3RDM136    ,P3RHS0_1247 ,P3RHS0_1247 -> P3RDT1052 ,
P3RDM143    ,P3RHS0_1247 ,P3RHS0_1247 -> P3RDT1052 ,
P3RDM144    ,P3RHS0_1247 ,P3RHS0_1247 -> P3RDT1052 ,
P3RDM145    ,P3RHS0_1247 ,P3RHS0_1247 -> P3RDT1052 ,
P3RDM150    ,P3RHS0_1247 ,P3RHS0_1247 -> P3RDT1052 ,
P3RDM152    ,P3RHS0_1247 ,P3RHS0_1247 -> P3RDT1052 ,
P3RDM179    ,P3RHS1_1247 ,P3RHS1_1247 -> P3RDT1272 ,
P3RDM180    ,P3RHS1_1247 ,P3RHS1_1247 -> P3RDT1272 ,
P3RDM189    ,P3RHS0_1247 ,P3RHS0_1247 -> P3RDT656  ,
P3RDM190    ,P3RHS0_1247 ,P3RHS0_1247 -> P3RDT656  ,
P3RDM193    ,P3RHS0_1247 ,P3RHS0_1247 -> P3RDT1052 ,
P3RDM196    ,P3RHS0_1247 ,P3RHS0_1247 -> P3RDT1052 ,
P3RDM198    ,P3RHS0_1247 ,P3RHS0_1247 -> P3RDT1052 ,
P3RDM201    ,P3RHS0_1247 ,P3RHS0_1247 -> P3RDT1052 ,
P3RDM202    ,P3RHS0_1247 ,P3RHS0_1247 -> P3RDT1052 ,
P3RDM211    ,P3RHS0_1247 ,P3RHS0_1247 -> P3RDT1052 ,
P3RDM212    ,P3RHS0_1247 ,P3RHS0_1247 -> P3RDT1052 ,
P3RDM219    ,P3RHS0_1247 ,P3RHS0_1247 -> P3RDT1052 ,
P3RDM221    ,P3RHS0_1247 ,P3RHS0_1247 -> P3RDT1052 ,
P3RDM224    ,P3RHS0_1247 ,P3RHS0_1247 -> P3RDT836  ,
P3RDM227    ,P3RHS0_1247 ,P3RHS0_1247 -> P3RDT836  ,
P3RDM241    ,P3RHS0_1247 ,P3RHS0_1247 -> P3RDT1052 ,
P3RDM242    ,P3RHS0_1247 ,P3RHS0_1247 -> P3RDT1052 ,
P3RDM257    ,P3RHS0_1247 ,P3RHS0_1247 -> P3RDT836  ,
P3RDM289    ,P3RHS0_1247 ,P3RHS0_1247 -> P3RDT1052 ,
P3RDM294    ,P3RHS0_1247 ,P3RHS0_1247 -> P3RDT1052 ,
P3RDM295    ,P3RHS0_1247 ,P3RHS0_1247 -> P3RDT1052 ,
P3RDM296    ,P3RHS0_1247 ,P3RHS0_1247 -> P3RDT1052 ,
P3RDM298    ,P3RHS0_1247 ,P3RHS0_1247 -> P3RDT1052 ,
P3RDM299    ,P3RHS0_1247 ,P3RHS0_1247 -> P3RDT1052 ,
P3RDM302    ,P3RHS0_1247 ,P3RHS0_1247 -> P3RDT1052 ,
P3RDM303    ,P3RHS0_1247 ,P3RHS0_1247 -> P3RDT1052 ,
P3RDM310    ,P3RHS0_1247 ,P3RHS0_1247 -> P3RDT1052 ,
P3RDM316    ,P3RHS0_1247 ,P3RHS0_1247 -> P3RDT1052 ,
P3RDM317    ,P3RHS0_1247 ,P3RHS0_1247 -> P3RDT1052 ,
P3RDM331    ,P3RHS0_1247 ,P3RHS0_1247 -> P3RDT831  ,
P3RDM332    ,P3RHS0_1247 ,P3RHS0_1247 -> P3RDT831  ,
P3RDM333    ,P3RHS0_1247 ,P3RHS0_1247 -> P3RDT831  ,
P3RDM336    ,P3RHS0_1247 ,P3RHS0_1247 -> P3RDT836  ,
P3RDM337    ,P3RHS0_1247 ,P3RHS0_1247 -> P3RDT836  ,
P3RDM342    ,P3RHS0_1247 ,P3RHS0_1247 -> P3RDT836  ,
P3RDM348    ,P3RHS0_1247 ,P3RHS0_1247 -> P3RDT831  ,
P3RDM349    ,P3RHS0_1247 ,P3RHS0_1247 -> P3RDT831  ,
P3RDM350    ,P3RHS0_1247 ,P3RHS0_1247 -> P3RDT831  ,
P3RDM358    ,P3RHS0_1247 ,P3RHS0_1247 -> P3RDT831  ,
P3RDM359    ,P3RHS0_1247 ,P3RHS0_1247 -> P3RDT831  ,
P3RDM361    ,P3RHS0_1247 ,P3RHS0_1247 -> P3RDT999  ,
P3RDM362    ,P3RHS0_1247 ,P3RHS0_1247 -> P3RDT999  ,
P3RDM376    ,P3RHS0_1247 ,P3RHS0_1247 -> P3RDT831  ,
P3RDM382    ,P3RHS0_1247 ,P3RHS0_1247 -> P3RDT831  ,
P3RDM383    ,P3RHS0_1247 ,P3RHS0_1247 -> P3RDT831  ,
P3RDM384    ,P3RHS0_1247 ,P3RHS0_1247 -> P3RDT831  ,
P3RDM385    ,P3RHS0_1247 ,P3RHS0_1247 -> P3RDT831  ,
P3RDM400    ,P3RHS0_1247 ,P3RHS0_1247 -> P3RDT836  ,
P3RDM402    ,P3RHS0_1247 ,P3RHS0_1247 -> P3RDT836  ,
P3RDM403    ,P3RHS0_1247 ,P3RHS0_1247 -> P3RDT836  ,
P3RDM404    ,P3RHS0_1247 ,P3RHS0_1247 -> P3RDT836  ,
P3RDM405    ,P3RHS0_1247 ,P3RHS0_1247 -> P3RDT836  ,
P3RDM406    ,P3RHS0_1247 ,P3RHS0_1247 -> P3RDT836  ,
P3RDM407    ,P3RHS0_1247 ,P3RHS0_1247 -> P3RDT836  ,
P3RDM408    ,P3RHS0_1247 ,P3RHS0_1247 -> P3RDT836  ,
P3RDM410    ,P3RHS0_1247 ,P3RHS0_1247 -> P3RDT836  ,
P3RDM412    ,P3RHS0_1247 ,P3RHS0_1247 -> P3RDT836  ,
P3RDM413    ,P3RHS0_1247 ,P3RHS0_1247 -> P3RDT836  ,
P3RDM414    ,P3RHS0_1247 ,P3RHS0_1247 -> P3RDT836  ,
P3RDM416    ,P3RHS0_1247 ,P3RHS0_1247 -> P3RDT836  ,
P3RDM417    ,P3RHS0_1247 ,P3RHS0_1247 -> P3RDT836  ,
P3RDM420    ,P3RHS0_1247 ,P3RHS0_1247 -> P3RDT836  ,
P3RDM424    ,P3RHS0_1247 ,P3RHS0_1247 -> P3RDT836  ,
P3RDM427    ,P3RHS0_1247 ,P3RHS0_1247 -> P3RDT836  ,
P3RDM428    ,P3RHS0_1247 ,P3RHS0_1247 -> P3RDT836  ,
P3RDM429    ,P3RHS0_1247 ,P3RHS0_1247 -> P3RDT836  ,
P3RDM430    ,P3RHS0_1247 ,P3RHS0_1247 -> P3RDT836  ,
P3RDM431    ,P3RHS0_1247 ,P3RHS0_1247 -> P3RDT836  ,
P3RDM434    ,P3RHS0_1247 ,P3RHS0_1247 -> P3RDT836  ,
P3RDM438    ,P3RHS0_1247 ,P3RHS0_1247 -> P3RDT836  ,
P3RDM439    ,P3RHS0_1247 ,P3RHS0_1247 -> P3RDT836  ,
P3RDM441    ,P3RHS0_1247 ,P3RHS0_1247 -> P3RDT836  ,
P3RDM448    ,P3RHS0_1247 ,P3RHS0_1247 -> P3RDT836  ,
P3RDM449    ,P3RHS0_1247 ,P3RHS0_1247 -> P3RDT836  ,
P3RDM459    ,P3RHS0_1247 ,P3RHS0_1247 -> P3RDT836  ,
P3RDM460    ,P3RHS0_1247 ,P3RHS0_1247 -> P3RDT836  ,
P3RDM461    ,P3RHS0_1247 ,P3RHS0_1247 -> P3RDT836  ,
P3RDM462    ,P3RHS0_1247 ,P3RHS0_1247 -> P3RDT836  ,
P3RDM463    ,P3RHS0_1247 ,P3RHS0_1247 -> P3RDT836  ,
P3RDM464    ,P3RHS0_1247 ,P3RHS0_1247 -> P3RDT836  ,
P3RDM465    ,P3RHS0_1247 ,P3RHS0_1247 -> P3RDT836  ,
P3RDM474    ,P3RHS0_1247 ,P3RHS0_1247 -> P3RDT836  ,
P3RDM476    ,P3RHS0_1247 ,P3RHS0_1247 -> P3RDT836  ,
P3RDM480    ,P3RHS0_1247 ,P3RHS0_1247 -> P3RDT836  ,
P3RDM481    ,P3RHS0_1247 ,P3RHS0_1247 -> P3RDT836  ,
P3RDM482    ,P3RHS0_1247 ,P3RHS0_1247 -> P3RDT836  ,
P3RDM484    ,P3RHS0_1247 ,P3RHS0_1247 -> P3RDT836  ,
P3RDM487    ,P3RHS0_1247 ,P3RHS0_1247 -> P3RDT836  ,
P3RDM492    ,P3RHS0_1247 ,P3RHS0_1247 -> P3RDT836  ,
P3RDM501    ,P3RHS0_1247 ,P3RHS0_1247 -> P3RDT836  ,
P3RDM503    ,P3RHS0_1247 ,P3RHS0_1247 -> P3RDT836  ,
P3RDM504    ,P3RHS0_1247 ,P3RHS0_1247 -> P3RDT836  ,
P3RDM515    ,P3RHS0_1247 ,P3RHS0_1247 -> P3RDT999  ,
P3RDM520    ,P3RHS0_1247 ,P3RHS0_1247 -> P3RDT999  ,
P3RDM521    ,P3RHS0_1247 ,P3RHS0_1247 -> P3RDT999  ,
P3RDM523    ,P3RHS0_1247 ,P3RHS0_1247 -> P3RDT999  ,
P3RDM524    ,P3RHS0_1247 ,P3RHS0_1247 -> P3RDT999  ,
P3RDM525    ,P3RHS0_1247 ,P3RHS0_1247 -> P3RDT999  ,
P3RDM527    ,P3RHS0_1247 ,P3RHS0_1247 -> P3RDT999  ,
P3RDM530    ,P3RHS0_1247 ,P3RHS0_1247 -> P3RDT999  ,
P3RDM535    ,P3RHS0_1247 ,P3RHS0_1247 -> P3RDT999  ,
P3RDM536    ,P3RHS0_1247 ,P3RHS0_1247 -> P3RDT999  ,
P3RDM537    ,P3RHS0_1247 ,P3RHS0_1247 -> P3RDT999  ,
P3RDM539    ,P3RHS0_1247 ,P3RHS0_1247 -> P3RDT999  ,
P3RDM541    ,P3RHS0_1247 ,P3RHS0_1247 -> P3RDT999  ,
P3RDM542    ,P3RHS0_1247 ,P3RHS0_1247 -> P3RDT999  ,
P3RDM545    ,P3RHS0_1247 ,P3RHS0_1247 -> P3RDT999  ,
P3RDM554    ,P3RHS0_1247 ,P3RHS0_1247 -> P3RDT999  ,
P3RDM555    ,P3RHS0_1247 ,P3RHS0_1247 -> P3RDT999  ,
P3RDM557    ,P3RHS0_1247 ,P3RHS0_1247 -> P3RDT999  ,
P3RDM558    ,P3RHS0_1247 ,P3RHS0_1247 -> P3RDT999  ,
P3RDM559    ,P3RHS0_1247 ,P3RHS0_1247 -> P3RDT999  ,
P3RDM560    ,P3RHS0_1247 ,P3RHS0_1247 -> P3RDT999  ,
P3RDM567    ,P3RHS0_1247 ,P3RHS0_1247 -> P3RDT999  ,
P3RDM568    ,P3RHS0_1247 ,P3RHS0_1247 -> P3RDT999  ,
P3RDM569    ,P3RHS0_1247 ,P3RHS0_1247 -> P3RDT999  ,
P3RDM570    ,P3RHS0_1247 ,P3RHS0_1247 -> P3RDT999  ,
P3RDM571    ,P3RHS0_1247 ,P3RHS0_1247 -> P3RDT999  ,
P3RDM573    ,P3RHS0_1247 ,P3RHS0_1247 -> P3RDT999  ,
P3RDM578    ,P3RHS0_1247 ,P3RHS0_1247 -> P3RDT999  ,
P3RDM579    ,P3RHS0_1247 ,P3RHS0_1247 -> P3RDT999  ,
P3RDM582    ,P3RHS0_1247 ,P3RHS0_1247 -> P3RDT999  ,
P3RDM583    ,P3RHS0_1247 ,P3RHS0_1247 -> P3RDT999  ,
P3RDM586    ,P3RHS0_1247 ,P3RHS0_1247 -> P3RDT999  ,
P3RDM588    ,P3RHS0_1247 ,P3RHS0_1247 -> P3RDT999  ,
P3RDM590    ,P3RHS0_1247 ,P3RHS0_1247 -> P3RDT999  ,
P3RDM591    ,P3RHS0_1247 ,P3RHS0_1247 -> P3RDT999  ,
P3RDM592    ,P3RHS0_1247 ,P3RHS0_1247 -> P3RDT999  ,
P3RDM593    ,P3RHS0_1247 ,P3RHS0_1247 -> P3RDT999  ,
P3RDM594    ,P3RHS0_1247 ,P3RHS0_1247 -> P3RDT999  ,
P3RDM595    ,P3RHS0_1247 ,P3RHS0_1247 -> P3RDT999  ,
P3RDM600    ,P3RHS0_1247 ,P3RHS0_1247 -> P3RDT999  ,
P3RDM601    ,P3RHS0_1247 ,P3RHS0_1247 -> P3RDT999  ,
P3RDM602    ,P3RHS0_1247 ,P3RHS0_1247 -> P3RDT999  ,
P3RDM610    ,P3RHS0_1247 ,P3RHS0_1247 -> P3RDT999  ,
P3RDM613    ,P3RHS0_1247 ,P3RHS0_1247 -> P3RDT999  ,
P3RDM614    ,P3RHS0_1247 ,P3RHS0_1247 -> P3RDT999  ,
P3RDM617    ,P3RHS0_1247 ,P3RHS0_1247 -> P3RDT999  ,
P3RDM629    ,P3RHS0_1247 ,P3RHS0_1247 -> P3RDT999  ,
P3RDM637    ,P3RHS0_1247 ,P3RHS0_1247 -> P3RDT836  ,
P3RDM638    ,P3RHS0_1247 ,P3RHS0_1247 -> P3RDT836  ,
P3RDM641    ,P3RHS0_1247 ,P3RHS0_1247 -> P3RDT836  ,
P3RDM642    ,P3RHS0_1247 ,P3RHS0_1247 -> P3RDT836  ,
P3RDM650    ,P3RHS0_1247 ,P3RHS0_1247 -> P3RDT656  ,
P3RDM651    ,P3RHS0_1247 ,P3RHS0_1247 -> P3RDT656  ,
P3RDM661    ,P3RHS0_1247 ,P3RHS0_1247 -> P3RDT656  ,
P3RDM670    ,P3RHS0_1247 ,P3RHS0_1247 -> P3RDT999  ,
P3RDM671    ,P3RHS0_1247 ,P3RHS0_1247 -> P3RDT999  ,
P3RDM673    ,P3RHS0_1247 ,P3RHS0_1247 -> P3RDT1052 ,
P3RDM674    ,P3RHS0_1247 ,P3RHS0_1247 -> P3RDT1052 ,
P3RDM678    ,P3RHS0_1247 ,P3RHS0_1247 -> P3RDT999  ,
P3RDM679    ,P3RHS0_1247 ,P3RHS0_1247 -> P3RDT999  ,
P3RDM684    ,P3RHS0_1247 ,P3RHS0_1247 -> P3RDT999  ,
P3RDM694    ,P3RHS0_1247 ,P3RHS0_1247 -> P3RDT999  ,
P3RDM696    ,P3RHS0_1247 ,P3RHS0_1247 -> P3RDT656  ,
P3RDM699    ,P3RHS0_1247 ,P3RHS0_1247 -> P3RDT999  ,
P3RDM706    ,P3RHS0_1247 ,P3RHS0_1247 -> P3RDT656  ,
P3RDM707    ,P3RHS0_1247 ,P3RHS0_1247 -> P3RDT656  ,
P3RDM713    ,P3RHS0_1247 ,P3RHS0_1247 -> P3RDT656  ,
P3RDM718    ,P3RHS0_1247 ,P3RHS0_1247 -> P3RDT656  ,
P3RDM725    ,P3RHS0_1247 ,P3RHS0_1247 -> P3RDT999  ,
P3RDM726    ,P3RHS0_1247 ,P3RHS0_1247 -> P3RDT999  ,
P3RDM733    ,P3RHS0_1247 ,P3RHS0_1247 -> P3RDT836  ,
P3RDM734    ,P3RHS0_1247 ,P3RHS0_1247 -> P3RDT836  ,
P3RDM737    ,P3RHS0_1247 ,P3RHS0_1247 -> P3RDT836  ,
P3RDM738    ,P3RHS0_1247 ,P3RHS0_1247 -> P3RDT836  ,
P3RDM739    ,P3RHS0_1247 ,P3RHS0_1247 -> P3RDT836  ,
P3RDM742    ,P3RHS0_1247 ,P3RHS0_1247 -> P3RDT836  ,
P3RDM743    ,P3RHS0_1247 ,P3RHS0_1247 -> P3RDT836  ,
P3RDM744    ,P3RHS0_1247 ,P3RHS0_1247 -> P3RDT836  ,
P3RDM745    ,P3RHS0_1247 ,P3RHS0_1247 -> P3RDT836  ,
P3RDM746    ,P3RHS0_1247 ,P3RHS0_1247 -> P3RDT836  ,
P3RDM747    ,P3RHS0_1247 ,P3RHS0_1247 -> P3RDT836  ,
P3RDM749    ,P3RHS0_1247 ,P3RHS0_1247 -> P3RDT836  ,
P3RDM755    ,P3RHS0_1247 ,P3RHS0_1247 -> P3RDT831  ,
P3RDM759    ,P3RHS0_1247 ,P3RHS0_1247 -> P3RDT836  ,
P3RDM760    ,P3RHS0_1247 ,P3RHS0_1247 -> P3RDT836  ,
P3RDM761    ,P3RHS0_1247 ,P3RHS0_1247 -> P3RDT836  ,
P3RDM764    ,P3RHS0_1247 ,P3RHS0_1247 -> P3RDT836  ,
P3RDM766    ,P3RHS0_1247 ,P3RHS0_1247 -> P3RDT836  ,
P3RDM775    ,P3RHS0_1247 ,P3RHS0_1247 -> P3RDT836  ,
P3RDM776    ,P3RHS0_1247 ,P3RHS0_1247 -> P3RDT836  ,
P3RDM783    ,P3RHS0_1247 ,P3RHS0_1247 -> P3RDT836  ,
P3RDM790    ,P3RHS0_1247 ,P3RHS0_1247 -> P3RDT836  ,
P3RDM791    ,P3RHS0_1247 ,P3RHS0_1247 -> P3RDT836  ,
P3RDM805    ,P3RHS0_1247 ,P3RHS0_1247 -> P3RDT836  ,
P3RDM806    ,P3RHS0_1247 ,P3RHS0_1247 -> P3RDT836  ,
P3RDM812    ,P3RHS0_1247 ,P3RHS0_1247 -> P3RDT836  ,
P3RDM813    ,P3RHS0_1247 ,P3RHS0_1247 -> P3RDT836  ,
P3RDM814    ,P3RHS0_1247 ,P3RHS0_1247 -> P3RDT836  ,
P3RDM815    ,P3RHS0_1247 ,P3RHS0_1247 -> P3RDT836  ,
P3RDM820    ,P3RHS0_1247 ,P3RHS0_1247 -> P3RDT656  ,
P3RDM821    ,P3RHS0_1247 ,P3RHS0_1247 -> P3RDT656  ,
P3RDM832    ,P3RHS0_1247 ,P3RHS0_1247 -> P3RDT1052 ,
P3RDM833    ,P3RHS0_1247 ,P3RHS0_1247 -> P3RDT1052 ,
P3RDM837    ,P3RHS0_1247 ,P3RHS0_1247 -> P3RDT831  ,
P3RDM846    ,P3RHS0_1247 ,P3RHS0_1247 -> P3RDT831  ,
P3RDM847    ,P3RHS0_1247 ,P3RHS0_1247 -> P3RDT831  ,
P3RDM852    ,P3RHS0_1247 ,P3RHS0_1247 -> P3RDT831  ,
P3RDM853    ,P3RHS0_1247 ,P3RHS0_1247 -> P3RDT831  ,
P3RDM862    ,P3RHS0_1247 ,P3RHS0_1247 -> P3RDT836  ,
P3RDM864    ,P3RHS0_1247 ,P3RHS0_1247 -> P3RDT836  ,
P3RDM866    ,P3RHS0_1247 ,P3RHS0_1247 -> P3RDT836  ,
P3RDM868    ,P3RHS0_1247 ,P3RHS0_1247 -> P3RDT836  ,
P3RDM870    ,P3RHS0_1247 ,P3RHS0_1247 -> P3RDT836  ,
P3RDM871    ,P3RHS0_1247 ,P3RHS0_1247 -> P3RDT836  ,
P3RDM873    ,P3RHS0_1247 ,P3RHS0_1247 -> P3RDT836  ,
P3RDM874    ,P3RHS0_1247 ,P3RHS0_1247 -> P3RDT836  ,
P3RDM876    ,P3RHS0_1247 ,P3RHS0_1247 -> P3RDT836  ,
P3RDM882    ,P3RHS0_1247 ,P3RHS0_1247 -> P3RDT836  ,
P3RDM885    ,P3RHS0_1247 ,P3RHS0_1247 -> P3RDT836  ,
P3RDM889    ,P3RHS0_1247 ,P3RHS0_1247 -> P3RDT836  ,
P3RDM895    ,P3RHS0_1247 ,P3RHS0_1247 -> P3RDT836  ,
P3RDM896    ,P3RHS0_1247 ,P3RHS0_1247 -> P3RDT836  ,
P3RDM897    ,P3RHS0_1247 ,P3RHS0_1247 -> P3RDT836  ,
P3RDM898    ,P3RHS0_1247 ,P3RHS0_1247 -> P3RDT836  ,
P3RDM901    ,P3RHS0_1247 ,P3RHS0_1247 -> P3RDT836  ,
P3RDM909    ,P3RHS0_1247 ,P3RHS0_1247 -> P3RDT656  ,
P3RDM910    ,P3RHS0_1247 ,P3RHS0_1247 -> P3RDT656  ,
P3RDM911    ,P3RHS0_1247 ,P3RHS0_1247 -> P3RDT656  ,
P3RDM912    ,P3RHS0_1247 ,P3RHS0_1247 -> P3RDT656  ,
P3RDM913    ,P3RHS0_1247 ,P3RHS0_1247 -> P3RDT656  ,
P3RDM914    ,P3RHS0_1247 ,P3RHS0_1247 -> P3RDT656  ,
P3RDM915    ,P3RHS0_1247 ,P3RHS0_1247 -> P3RDT656  ,
P3RDM917    ,P3RHS0_1247 ,P3RHS0_1247 -> P3RDT656  ,
P3RDM918    ,P3RHS0_1247 ,P3RHS0_1247 -> P3RDT656  ,
P3RDM920    ,P3RHS0_1247 ,P3RHS0_1247 -> P3RDT656  ,
P3RDM921    ,P3RHS0_1247 ,P3RHS0_1247 -> P3RDT656  ,
P3RDM923    ,P3RHS0_1247 ,P3RHS0_1247 -> P3RDT656  ,
P3RDM924    ,P3RHS0_1247 ,P3RHS0_1247 -> P3RDT656  ,
P3RDM925    ,P3RHS0_1247 ,P3RHS0_1247 -> P3RDT656  ,
P3RDM926    ,P3RHS0_1247 ,P3RHS0_1247 -> P3RDT656  ,
P3RDM934    ,P3RHS0_1247 ,P3RHS0_1247 -> P3RDT656  ,
P3RDM935    ,P3RHS0_1247 ,P3RHS0_1247 -> P3RDT656  ,
P3RDM936    ,P3RHS0_1247 ,P3RHS0_1247 -> P3RDT656  ,
P3RDM940    ,P3RHS0_1247 ,P3RHS0_1247 -> P3RDT831  ,
P3RDM941    ,P3RHS0_1247 ,P3RHS0_1247 -> P3RDT831  ,
P3RDM942    ,P3RHS0_1247 ,P3RHS0_1247 -> P3RDT831  ,
P3RDM946    ,P3RHS0_1247 ,P3RHS0_1247 -> P3RDT831  ,
P3RDM952    ,P3RHS0_1247 ,P3RHS0_1247 -> P3RDT831  ,
P3RDM954    ,P3RHS0_1247 ,P3RHS0_1247 -> P3RDT831  ,
P3RDM959    ,P3RHS0_1247 ,P3RHS0_1247 -> P3RDT831  ,
P3RDM962    ,P3RHS0_1247 ,P3RHS0_1247 -> P3RDT831  ,
P3RDM963    ,P3RHS0_1247 ,P3RHS0_1247 -> P3RDT831  ,
P3RDM974    ,P3RHS0_1247 ,P3RHS0_1247 -> P3RDT831  ,
P3RDM976    ,P3RHS0_1247 ,P3RHS0_1247 -> P3RDT831  ,
P3RDM978    ,P3RHS0_1247 ,P3RHS0_1247 -> P3RDT831  ,
P3RDM985    ,P3RHS0_1247 ,P3RHS0_1247 -> P3RDT831  ,
P3RDM987    ,P3RHS0_1247 ,P3RHS0_1247 -> P3RDT831  ,
P3RDM989    ,P3RHS0_1247 ,P3RHS0_1247 -> P3RDT831  ,
P3RDM994    ,P3RHS0_1247 ,P3RHS0_1247 -> P3RDT831  ,
P3RDM996    ,P3RHS0_1247 ,P3RHS0_1247 -> P3RDT831  ,
P3RDM997    ,P3RHS0_1247 ,P3RHS0_1247 -> P3RDT831  ,
P3RDM1005   ,P3RHS0_1247 ,P3RHS0_1247 -> P3RDT831  ,
P3RDM1006   ,P3RHS0_1247 ,P3RHS0_1247 -> P3RDT831  ,
P3RDM1007   ,P3RHS0_1247 ,P3RHS0_1247 -> P3RDT831  ,
P3RDM1008   ,P3RHS0_1247 ,P3RHS0_1247 -> P3RDT831  ,
P3RDM1009   ,P3RHS0_1247 ,P3RHS0_1247 -> P3RDT831  ,
P3RDM1011   ,P3RHS0_1247 ,P3RHS0_1247 -> P3RDT831  ,
P3RDM1013   ,P3RHS0_1247 ,P3RHS0_1247 -> P3RDT831  ,
P3RDM1043   ,P3RHS0_1247 ,P3RHS0_1247 -> P3RDT831  ,
P3RDM1044   ,P3RHS0_1247 ,P3RHS0_1247 -> P3RDT831  ,
P3RDM1049   ,P3RHS0_1247 ,P3RHS0_1247 -> P3RDT831  ,
P3RDM1051   ,P3RHS0_1247 ,P3RHS0_1247 -> P3RDT831  ,
P3RDM1053   ,P3RHS0_1247 ,P3RHS0_1247 -> P3RDT831  ,
P3RDM1054   ,P3RHS0_1247 ,P3RHS0_1247 -> P3RDT831  ,
P3RDM1061   ,P3RHS0_1247 ,P3RHS0_1247 -> P3RDT836  ,
P3RDM1062   ,P3RHS0_1247 ,P3RHS0_1247 -> P3RDT836  ,
P3RDM1066   ,P3RHS0_1247 ,P3RHS0_1247 -> P3RDT836  ,
P3RDM1077   ,P3RHS0_1247 ,P3RHS0_1247 -> P3RDT836  ,
P3RDM1086   ,P3RHS0_1247 ,P3RHS0_1247 -> P3RDT836  ,
P3RDM1093   ,P3RHS0_1247 ,P3RHS0_1247 -> P3RDT836  ,
P3RDM1104   ,P3RHS0_1247 ,P3RHS0_1247 -> P3RDT656  ,
P3RDM1105   ,P3RHS0_1247 ,P3RHS0_1247 -> P3RDT656  ,
P3RDM1106   ,P3RHS0_1247 ,P3RHS0_1247 -> P3RDT656  ,
P3RDM1107   ,P3RHS0_1247 ,P3RHS0_1247 -> P3RDT656  ,
P3RDM1108   ,P3RHS0_1247 ,P3RHS0_1247 -> P3RDT656  ,
P3RDM1109   ,P3RHS0_1247 ,P3RHS0_1247 -> P3RDT656  ,
P3RDM1110   ,P3RHS0_1247 ,P3RHS0_1247 -> P3RDT656  ,
P3RDM1111   ,P3RHS0_1247 ,P3RHS0_1247 -> P3RDT656  ,
P3RDM1116   ,P3RHS0_1247 ,P3RHS0_1247 -> P3RDT656  ,
P3RDM1117   ,P3RHS0_1247 ,P3RHS0_1247 -> P3RDT656  ,
P3RDM1122   ,P3RHS0_1247 ,P3RHS0_1247 -> P3RDT999  ,
P3RDM1123   ,P3RHS0_1247 ,P3RHS0_1247 -> P3RDT999  ,
P3RDM1124   ,P3RHS0_1247 ,P3RHS0_1247 -> P3RDT999  ,
P3RDM1128   ,P3RHS0_1247 ,P3RHS0_1247 -> P3RDT836  ,
P3RDM1129   ,P3RHS0_1247 ,P3RHS0_1247 -> P3RDT836  ,
P3RDM1130   ,P3RHS0_1247 ,P3RHS0_1247 -> P3RDT836  ,
P3RDM1131   ,P3RHS0_1247 ,P3RHS0_1247 -> P3RDT836  ,
P3RDM1134   ,P3RHS0_1247 ,P3RHS0_1247 -> P3RDT836  ,
P3RDM1141   ,P3RHS0_1247 ,P3RHS0_1247 -> P3RDT656  ,
P3RDM1149   ,P3RHS0_1247 ,P3RHS0_1247 -> P3RDT836  ,
P3RDM1150   ,P3RHS0_1247 ,P3RHS0_1247 -> P3RDT836  ,
P3RDM1167   ,P3RHS0_1247 ,P3RHS0_1247 -> P3RDT999  ,
P3RDM1168   ,P3RHS0_1247 ,P3RHS0_1247 -> P3RDT999  ,
P3RDM1169   ,P3RHS0_1247 ,P3RHS0_1247 -> P3RDT999  ,
P3RDM1170   ,P3RHS0_1247 ,P3RHS0_1247 -> P3RDT999  ,
P3RDM1171   ,P3RHS0_1247 ,P3RHS0_1247 -> P3RDT999  ,
P3RDM1173   ,P3RHS0_1247 ,P3RHS0_1247 -> P3RDT999  ,
P3RDM1174   ,P3RHS0_1247 ,P3RHS0_1247 -> P3RDT999  ,
P3RDM1175   ,P3RHS0_1247 ,P3RHS0_1247 -> P3RDT999  ,
P3RDM1177   ,P3RHS0_1247 ,P3RHS0_1247 -> P3RDT999  ,
P3RDM1178   ,P3RHS0_1247 ,P3RHS0_1247 -> P3RDT999  ,
P3RDM1180   ,P3RHS0_1247 ,P3RHS0_1247 -> P3RDT999  ,
P3RDM1181   ,P3RHS0_1247 ,P3RHS0_1247 -> P3RDT999  ,
P3RDM1187   ,P3RHS0_1247 ,P3RHS0_1247 -> P3RDT999  ,
P3RDM1194   ,P3RHS0_1247 ,P3RHS0_1247 -> P3RDT831  ,
P3RDM1200   ,P3RHS0_1247 ,P3RHS0_1247 -> P3RDT999  ,
P3RDM1201   ,P3RHS0_1247 ,P3RHS0_1247 -> P3RDT999  ,
P3RDM1202   ,P3RHS0_1247 ,P3RHS0_1247 -> P3RDT999  ,
P3RDM1211   ,P3RHS0_1247 ,P3RHS0_1247 -> P3RDT831  ,
P3RDM1212   ,P3RHS0_1247 ,P3RHS0_1247 -> P3RDT831  ,
P3RDM1222   ,P3RHS0_1247 ,P3RHS0_1247 -> P3RDT831  ,
P3RDM1223   ,P3RHS0_1247 ,P3RHS0_1247 -> P3RDT831  ,
P3RDM1225   ,P3RHS0_1247 ,P3RHS0_1247 -> P3RDT831  ,
P3RDM1226   ,P3RHS0_1247 ,P3RHS0_1247 -> P3RDT831  ,
P3RDM1229   ,P3RHS0_1247 ,P3RHS0_1247 -> P3RDT831  ,
P3RDM1230   ,P3RHS0_1247 ,P3RHS0_1247 -> P3RDT831  ,
P3RDM1232   ,P3RHS0_1247 ,P3RHS0_1247 -> P3RDT831  ,
P3RDM1243   ,P3RHS0_1247 ,P3RHS0_1247 -> P3RDT831  ,
P3RDM1244   ,P3RHS0_1247 ,P3RHS0_1247 -> P3RDT831  ,
P3RDM1253   ,P3RHS0_1247 ,P3RHS0_1247 -> P3RDT831  ,
P3RDM1254   ,P3RHS0_1247 ,P3RHS0_1247 -> P3RDT831  ,
P3RDM1255   ,P3RHS0_1247 ,P3RHS0_1247 -> P3RDT831  ,
P3RDM1256   ,P3RHS0_1247 ,P3RHS0_1247 -> P3RDT831  ,
P3RDM1259   ,P3RHS0_1247 ,P3RHS0_1247 -> P3RDT831  ,
P3RDM1260   ,P3RHS0_1247 ,P3RHS0_1247 -> P3RDT831  ,
P3RDM1262   ,P3RHS0_1247 ,P3RHS0_1247 -> P3RDT831  ,
P3RDM1263   ,P3RHS0_1247 ,P3RHS0_1247 -> P3RDT831  ,
P3RDM1274   ,P3RHS0_1247 ,P3RHS0_1247 -> P3RDT999  ,
P3RDM1275   ,P3RHS0_1247 ,P3RHS0_1247 -> P3RDT999  ,
P3RDM1276   ,P3RHS0_1247 ,P3RHS0_1247 -> P3RDT999  ,
P3RDM1280   ,P3RHS0_1247 ,P3RHS0_1247 -> P3RDT999  ,
P3RDM1284   ,P3RHS0_1247 ,P3RHS0_1247 -> P3RDT999  ,
P3RDM1289   ,P3RHS0_1247 ,P3RHS0_1247 -> P3RDT999  ,
P3RDM1292   ,P3RHS0_1247 ,P3RHS0_1247 -> P3RDT999  ,
P3RDM1293   ,P3RHS0_1247 ,P3RHS0_1247 -> P3RDT999  ,
P3RDM1299   ,P3RHS0_1247 ,P3RHS0_1247 -> P3RDT999  ,
P3RDM1301   ,P3RHS0_1247 ,P3RHS0_1247 -> P3RDT999  ,
P3RDM1305   ,P3RHS0_1247 ,P3RHS0_1247 -> P3RDT999  ,
P3RDM1307   ,P3RHS0_1247 ,P3RHS0_1247 -> P3RDT999  ,
P3RDM1308   ,P3RHS0_1247 ,P3RHS0_1247 -> P3RDT999  ,
P3RDM1309   ,P3RHS0_1247 ,P3RHS0_1247 -> P3RDT999  ,
P3RDM1310   ,P3RHS0_1247 ,P3RHS0_1247 -> P3RDT999  ,
P3RDM1313   ,P3RHS0_1247 ,P3RHS0_1247 -> P3RDT999  ,
P3RDM1314   ,P3RHS0_1247 ,P3RHS0_1247 -> P3RDT999  ,
P3RDM1320   ,P3RHS0_1247 ,P3RHS0_1247 -> P3RDT999  ,
P3RDM1324   ,P3RHS0_1247 ,P3RHS0_1247 -> P3RDT999  ,
P3RDM1327   ,P3RHS0_1247 ,P3RHS0_1247 -> P3RDT999  ,
P3RDM1328   ,P3RHS0_1247 ,P3RHS0_1247 -> P3RDT999  ,
P3RDM1333   ,P3RHS0_1247 ,P3RHS0_1247 -> P3RDT656  ,
P3RDM1347   ,P3RHS0_1247 ,P3RHS0_1247 -> P3RDT999  ,
P3RDM1349   ,P3RHS0_1247 ,P3RHS0_1247 -> P3RDT999  ,
P3RDM1355   ,P3RHS0_1247 ,P3RHS0_1247 -> P3RDT999  ,
P3RDM1356   ,P3RHS0_1247 ,P3RHS0_1247 -> P3RDT999  ,
P3RDM1359   ,P3RHS0_1247 ,P3RHS0_1247 -> P3RDT999  ,
P3RDM1360   ,P3RHS0_1247 ,P3RHS0_1247 -> P3RDT999  ,
P3RDM1361   ,P3RHS0_1247 ,P3RHS0_1247 -> P3RDT999  ,
P3RDM1362   ,P3RHS0_1247 ,P3RHS0_1247 -> P3RDT999  ,
P3RDM1383   ,P3RHS0_1247 ,P3RHS0_1247 -> P3RDT831  ,
P3RDM1384   ,P3RHS0_1247 ,P3RHS0_1247 -> P3RDT831  ,
P3RDM1387   ,P3RHS0_1247 ,P3RHS0_1247 -> P3RDT831  ,
P3RDM1388   ,P3RHS0_1247 ,P3RHS0_1247 -> P3RDT831  ,
P3RDM1389   ,P3RHS0_1247 ,P3RHS0_1247 -> P3RDT831  ,
P3RDM1390   ,P3RHS0_1247 ,P3RHS0_1247 -> P3RDT831  ,
P3RDM1403   ,P3RHS0_1247 ,P3RHS0_1247 -> P3RDT999  ,
P3RDM1404   ,P3RHS0_1247 ,P3RHS0_1247 -> P3RDT999  ,
P3RDM1407   ,P3RHS0_1247 ,P3RHS0_1247 -> P3RDT656  ,
P3RDM1408   ,P3RHS0_1247 ,P3RHS0_1247 -> P3RDT656  ,
P3RDM1409   ,P3RHS0_1247 ,P3RHS0_1247 -> P3RDT656  ,
P3RDM1413   ,P3RHS0_1247 ,P3RHS0_1247 -> P3RDT656  ,
P3RDM1414   ,P3RHS0_1247 ,P3RHS0_1247 -> P3RDT656  ,
P3RDM1422   ,P3RHS0_1247 ,P3RHS0_1247 -> P3RDT656  ,
P3RDM1426   ,P3RHS0_1247 ,P3RHS0_1247 -> P3RDT836  ,
P3RDM1427   ,P3RHS0_1247 ,P3RHS0_1247 -> P3RDT836  ,
P3RDM1429   ,P3RHS0_1247 ,P3RHS0_1247 -> P3RDT836  ,
P3RDM1432   ,P3RHS0_1247 ,P3RHS0_1247 -> P3RDT836  ,
P3RDM1435   ,P3RHS0_1247 ,P3RHS0_1247 -> P3RDT836  ,
P3RDM1436   ,P3RHS0_1247 ,P3RHS0_1247 -> P3RDT836  ,
P3RDM1437   ,P3RHS0_1247 ,P3RHS0_1247 -> P3RDT836  ,
P3RDM1438   ,P3RHS0_1247 ,P3RHS0_1247 -> P3RDT836  ,
P3RDM1445   ,P3RHS0_1247 ,P3RHS0_1247 -> P3RDT836  ,
P3RDM1446   ,P3RHS0_1247 ,P3RHS0_1247 -> P3RDT836  ,
P3RDM1448   ,P3RHS0_1247 ,P3RHS0_1247 -> P3RDT836  ,
P3RDM1450   ,P3RHS0_1247 ,P3RHS0_1247 -> P3RDT836  ,
P3RDM1451   ,P3RHS0_1247 ,P3RHS0_1247 -> P3RDT836  ,
P3RDM1453   ,P3RHS0_1247 ,P3RHS0_1247 -> P3RDT836  ,
P3RDM1454   ,P3RHS0_1247 ,P3RHS0_1247 -> P3RDT836  ,
P3RDM1455   ,P3RHS0_1247 ,P3RHS0_1247 -> P3RDT836  ,
P3RDM1457   ,P3RHS0_1247 ,P3RHS0_1247 -> P3RDT836  ,
P3RDM1459   ,P3RHS0_1247 ,P3RHS0_1247 -> P3RDT836  ,
P3RDM1460   ,P3RHS0_1247 ,P3RHS0_1247 -> P3RDT836  ,
P3RDM1462   ,P3RHS0_1247 ,P3RHS0_1247 -> P3RDT836  ,
P3RDM1477   ,P3RHS0_1247 ,P3RHS0_1247 -> P3RDT836  ,
P3RDM1478   ,P3RHS0_1247 ,P3RHS0_1247 -> P3RDT836  ,
P3RDM1479   ,P3RHS0_1247 ,P3RHS0_1247 -> P3RDT836  ,
P3RDM1484   ,P3RHS0_1247 ,P3RHS0_1247 -> P3RDT836  ,
P3RDM1488   ,P3RHS0_1247 ,P3RHS0_1247 -> P3RDT836  ,
P3RDM1491   ,P3RHS0_1247 ,P3RHS0_1247 -> P3RDT836  ,
P3RDM1503   ,P3RHS0_1247 ,P3RHS0_1247 -> P3RDT836  ,
P3RDM1507   ,P3RHS0_1247 ,P3RHS0_1247 -> P3RDT831  ,
P3RDM1509   ,P3RHS0_1247 ,P3RHS0_1247 -> P3RDT831  ,
P3RDM1510   ,P3RHS0_1247 ,P3RHS0_1247 -> P3RDT831  ,
P3RDM1511   ,P3RHS0_1247 ,P3RHS0_1247 -> P3RDT831  ,
P3RDM1513   ,P3RHS0_1247 ,P3RHS0_1247 -> P3RDT831  ,
P3RDM1515   ,P3RHS0_1247 ,P3RHS0_1247 -> P3RDT836  ,
P3RDM1521   ,P3RHS0_1247 ,P3RHS0_1247 -> P3RDT831  ,
P3RDM1528   ,P3RHS0_1247 ,P3RHS0_1247 -> P3RDT836  ,
P3RDM1535   ,P3RHS0_1247 ,P3RHS0_1247 -> P3RDT999  ,
P3RDM1537   ,P3RHS0_1247 ,P3RHS0_1247 -> P3RDT999  ,
P3RDM1538   ,P3RHS0_1247 ,P3RHS0_1247 -> P3RDT999  ,
P3RDM1542   ,P3RHS0_1247 ,P3RHS0_1247 -> P3RDT999  ,
P3RDM1548   ,P3RHS0_1247 ,P3RHS0_1247 -> P3RDT999  ,
P3RDM1549   ,P3RHS0_1247 ,P3RHS0_1247 -> P3RDT999  ,
P3RDM1555   ,P3RHS0_1247 ,P3RHS0_1247 -> P3RDT999  ,
P3RDM1558   ,P3RHS0_1247 ,P3RHS0_1247 -> P3RDT999  ,
P3RDM1560   ,P3RHS0_1247 ,P3RHS0_1247 -> P3RDT999  ,
P3RDM1561   ,P3RHS0_1247 ,P3RHS0_1247 -> P3RDT999  ,
P3RDM1563   ,P3RHS0_1247 ,P3RHS0_1247 -> P3RDT999  ,
P3RDM1565   ,P3RHS0_1247 ,P3RHS0_1247 -> P3RDT999  ,
P3RDM1572   ,P3RHS0_1247 ,P3RHS0_1247 -> P3RDT999  ,
P3RDM1574   ,P3RHS0_1247 ,P3RHS0_1247 -> P3RDT999  ,
P3RDM1585   ,P3RHS0_1247 ,P3RHS0_1247 -> P3RDT999  ,
P3RDM1592   ,P3RHS0_1247 ,P3RHS0_1247 -> P3RDT656  ,
P3RDM1597   ,P3RHS0_1247 ,P3RHS0_1247 -> P3RDT999  ,
P3RDM1598   ,P3RHS0_1247 ,P3RHS0_1247 -> P3RDT999  ,
P3RDM1603   ,P3RHS0_1247 ,P3RHS0_1247 -> P3RDT831  ,
P3RDM1604   ,P3RHS0_1247 ,P3RHS0_1247 -> P3RDT831  ,
P3RDM1605   ,P3RHS0_1247 ,P3RHS0_1247 -> P3RDT831  ,
P3RDM1607   ,P3RHS0_1247 ,P3RHS0_1247 -> P3RDT831  ,
P3RDM1610   ,P3RHS0_1247 ,P3RHS0_1247 -> P3RDT999  ,
P3RDM1614   ,P3RHS0_1247 ,P3RHS0_1247 -> P3RDT831  ,
P3RDM1617   ,P3RHS0_1247 ,P3RHS0_1247 -> P3RDT831  ,
P3RDM1618   ,P3RHS0_1247 ,P3RHS0_1247 -> P3RDT831  ,
P3RDM1619   ,P3RHS0_1247 ,P3RHS0_1247 -> P3RDT831  ,
P3RDM1620   ,P3RHS0_1247 ,P3RHS0_1247 -> P3RDT836  ,
P3RDM1622   ,P3RHS0_1247 ,P3RHS0_1247 -> P3RDT999  ,
P3RDM1624   ,P3RHS0_1247 ,P3RHS0_1247 -> P3RDT999  ,
P3RDM1628   ,P3RHS0_1247 ,P3RHS0_1247 -> P3RDT999  ,
P3RDM1629   ,P3RHS0_1247 ,P3RHS0_1247 -> P3RDT999  ,
P3RDM1635   ,P3RHS0_1247 ,P3RHS0_1247 -> P3RDT836  ,
P3RDM1636   ,P3RHS0_1247 ,P3RHS0_1247 -> P3RDT836  ,
P3RDM1640   ,P3RHS0_1247 ,P3RHS0_1247 -> P3RDT836  ,
P3RDM1642   ,P3RHS0_1247 ,P3RHS0_1247 -> P3RDT999  ,
P3RDM1643   ,P3RHS0_1247 ,P3RHS0_1247 -> P3RDT999  ,
P3RDM1644   ,P3RHS0_1247 ,P3RHS0_1247 -> P3RDT999  ,
P3RDM1645   ,P3RHS0_1247 ,P3RHS0_1247 -> P3RDT999  ,
P3RDM1653   ,P3RHS0_1247 ,P3RHS0_1247 -> P3RDT999  ,
P3RDM1654   ,P3RHS0_1247 ,P3RHS0_1247 -> P3RDT999  ,
P3RDM1661   ,P3RHS0_1247 ,P3RHS0_1247 -> P3RDT999  ,
P3RDM1663   ,P3RHS0_1247 ,P3RHS0_1247 -> P3RDT836  ,
P3RDM1664   ,P3RHS0_1247 ,P3RHS0_1247 -> P3RDT836  ,
P3RDM1676   ,P3RHS0_1247 ,P3RHS0_1247 -> P3RDT999  ,
P3RDM1681   ,P3RHS0_1247 ,P3RHS0_1247 -> P3RDT831  ,
P3RDM1682   ,P3RHS0_1247 ,P3RHS0_1247 -> P3RDT831  ,
P3RDM1687   ,P3RHS0_1247 ,P3RHS0_1247 -> P3RDT831  ,
P3RDM1688   ,P3RHS0_1247 ,P3RHS0_1247 -> P3RDT831  ,
P3RDM1699   ,P3RHS0_1247 ,P3RHS0_1247 -> P3RDT831  ,
P3RDM1707   ,P3RHS0_1247 ,P3RHS0_1247 -> P3RDT999  ,
P3RDM1712   ,P3RHS0_1247 ,P3RHS0_1247 -> P3RDT831  ,
P3RDM1713   ,P3RHS0_1247 ,P3RHS0_1247 -> P3RDT831  ,
P3RDM1714   ,P3RHS0_1247 ,P3RHS0_1247 -> P3RDT831  ,
P3RDM1717   ,P3RHS0_1247 ,P3RHS0_1247 -> P3RDT1052 ,
P3RDM1718   ,P3RHS0_1247 ,P3RHS0_1247 -> P3RDT1052 ,
P3RDM1729   ,P3RHS0_1247 ,P3RHS0_1247 -> P3RDT1052 ,
P3RDM1730   ,P3RHS0_1247 ,P3RHS0_1247 -> P3RDT1052 ,
P3RDM1734   ,P3RHS0_1247 ,P3RHS0_1247 -> P3RDT999  ,
P3RDM1735   ,P3RHS0_1247 ,P3RHS0_1247 -> P3RDT999  ,
P3RDM1736   ,P3RHS0_1247 ,P3RHS0_1247 -> P3RDT999  ,
P3RDM1738   ,P3RHS0_1247 ,P3RHS0_1247 -> P3RDT999  ,
P3RDM1741   ,P3RHS0_1247 ,P3RHS0_1247 -> P3RDT999  ,
P3RDM1742   ,P3RHS0_1247 ,P3RHS0_1247 -> P3RDT999  ,
P3RDM1743   ,P3RHS0_1247 ,P3RHS0_1247 -> P3RDT999  ,
P3RDM1745   ,P3RHS0_1247 ,P3RHS0_1247 -> P3RDT999  ,
P3RDM1747   ,P3RHS0_1247 ,P3RHS0_1247 -> P3RDT999  ,
P3RDM1748   ,P3RHS0_1247 ,P3RHS0_1247 -> P3RDT999  ,
P3RDM1751   ,P3RHS0_1247 ,P3RHS0_1247 -> P3RDT999  ,
P3RDM1753   ,P3RHS0_1247 ,P3RHS0_1247 -> P3RDT999  ,
P3RDM1754   ,P3RHS0_1247 ,P3RHS0_1247 -> P3RDT999  ,
P3RDM1755   ,P3RHS0_1247 ,P3RHS0_1247 -> P3RDT999  ,
P3RDM1756   ,P3RHS0_1247 ,P3RHS0_1247 -> P3RDT999  ,
P3RDM1760   ,P3RHS0_1247 ,P3RHS0_1247 -> P3RDT999  ,
P3RDM1766   ,P3RHS0_1247 ,P3RHS0_1247 -> P3RDT1052 ,
P3RDM1767   ,P3RHS0_1247 ,P3RHS0_1247 -> P3RDT1052 ,
P3RDM1768   ,P3RHS0_1247 ,P3RHS0_1247 -> P3RDT1052 ,
P3RDM1775   ,P3RHS0_1247 ,P3RHS0_1247 -> P3RDT831  ,
P3RDM1776   ,P3RHS0_1247 ,P3RHS0_1247 -> P3RDT831  ,
P3RDM1777   ,P3RHS0_1247 ,P3RHS0_1247 -> P3RDT831  ,
P3RDM1778   ,P3RHS0_1247 ,P3RHS0_1247 -> P3RDT831  ,
P3RDM1783   ,P3RHS0_1247 ,P3RHS0_1247 -> P3RDT1052 ,
P3RDM1785   ,P3RHS0_1247 ,P3RHS0_1247 -> P3RDT1052 ,
P3RDM1788   ,P3RHS0_1247 ,P3RHS0_1247 -> P3RDT656  ,
P3RDM1791   ,P3RHS0_1247 ,P3RHS0_1247 -> P3RDT656  ,
P3RDM1825   ,P3RHS0_1247 ,P3RHS0_1247 -> P3RDT656  ,
P3RDM1827   ,P3RHS0_1247 ,P3RHS0_1247 -> P3RDT656  ,
P3RDM1829   ,P3RHS0_1247 ,P3RHS0_1247 -> P3RDT656  ,
P3RDM1831   ,P3RHS0_1247 ,P3RHS0_1247 -> P3RDT656  ,
P3RDM1850   ,P3RHS0_1247 ,P3RHS0_1247 -> P3RDT836  ,
P3RDM1852   ,P3RHS0_1247 ,P3RHS0_1247 -> P3RDT836  ,
P3RDM1853   ,P3RHS0_1247 ,P3RHS0_1247 -> P3RDT836  ,
P3RDM1856   ,P3RHS0_1247 ,P3RHS0_1247 -> P3RDT836  ,
P3RDM1859   ,P3RHS0_1247 ,P3RHS0_1247 -> P3RDT1052 ,
P3RDM1860   ,P3RHS0_1247 ,P3RHS0_1247 -> P3RDT1052 ,
P3RDM1861   ,P3RHS0_1247 ,P3RHS0_1247 -> P3RDT1052 ,
P3RDM1864   ,P3RHS0_1247 ,P3RHS0_1247 -> P3RDT1052 ,
P3RDM1866   ,P3RHS0_1247 ,P3RHS0_1247 -> P3RDT1052 ,
P3RDM1869   ,P3RHS0_1247 ,P3RHS0_1247 -> P3RDT1052 ,
P3RDM1883   ,P3RHS0_1247 ,P3RHS0_1247 -> P3RDT656  ,
P3RDM1884   ,P3RHS0_1247 ,P3RHS0_1247 -> P3RDT656  ,
P3RDM1888   ,P3RHS0_1247 ,P3RHS0_1247 -> P3RDT1052 ,
P3RDM1890   ,P3RHS0_1247 ,P3RHS0_1247 -> P3RDT1052 ,
P3RDM1891   ,P3RHS0_1247 ,P3RHS0_1247 -> P3RDT1052 ,
P3RDM1892   ,P3RHS0_1247 ,P3RHS0_1247 -> P3RDT1052 ,
P3RDM1893   ,P3RHS0_1247 ,P3RHS0_1247 -> P3RDT1052 ,
P3RDM1894   ,P3RHS0_1247 ,P3RHS0_1247 -> P3RDT1052 ,
P3RDM1896   ,P3RHS0_1247 ,P3RHS0_1247 -> P3RDT1052 ,
P3RDM1899   ,P3RHS0_1247 ,P3RHS0_1247 -> P3RDT1052 ,
P3RDM1903   ,P3RHS0_1247 ,P3RHS0_1247 -> P3RDT1052 ,
P3RDM1905   ,P3RHS0_1247 ,P3RHS0_1247 -> P3RDT1052 ,
P3RDM1907   ,P3RHS0_1247 ,P3RHS0_1247 -> P3RDT1052 ,
P3RDM1940   ,P3RHS1_1247 ,P3RHS1_1247 -> P3RDT1272 ,
P3RDM1941   ,P3RHS1_1247 ,P3RHS1_1247 -> P3RDT1272 ,
P3RDM1947   ,P3RHS1_1247 ,P3RHS1_1247 -> P3RDT1194 ,
P3RDM1948   ,P3RHS1_1247 ,P3RHS1_1247 -> P3RDT1194 ,
P3RDM1960   ,P3RHS1_1247 ,P3RHS1_1247 -> P3RDT1322 ,
P3RDM1961   ,P3RHS1_1247 ,P3RHS1_1247 -> P3RDT1322 ,
P3RDM1965   ,P3RHS1_1247 ,P3RHS1_1247 -> P3RDT1322 ,
P3RDM1968   ,P3RHS1_1247 ,P3RHS1_1247 -> P3RDT1322 ,
P3RDM1972   ,P3RHS1_1247 ,P3RHS1_1247 -> P3RDT1322 ,
P3RDM1973   ,P3RHS1_1247 ,P3RHS1_1247 -> P3RDT1322 ,
P3RDM1982   ,P3RHS1_1247 ,P3RHS1_1247 -> P3RDT1322 ,
P3RDM1984   ,P3RHS1_1247 ,P3RHS1_1247 -> P3RDT1205 ,
P3RDM1993   ,P3RHS1_1247 ,P3RHS1_1247 -> P3RDT1194 ,
P3RDM1994   ,P3RHS1_1247 ,P3RHS1_1247 -> P3RDT1194 ,
P3RDM1995   ,P3RHS1_1247 ,P3RHS1_1247 -> P3RDT1194 ,
P3RDM1997   ,P3RHS1_1247 ,P3RHS1_1247 -> P3RDT1194 ,
P3RDM1998   ,P3RHS1_1247 ,P3RHS1_1247 -> P3RDT1194 ,
P3RDM2000   ,P3RHS1_1247 ,P3RHS1_1247 -> P3RDT1194 ,
P3RDM2007   ,P3RHS1_1247 ,P3RHS1_1247 -> P3RDT1194 ,
P3RDM2009   ,P3RHS1_1247 ,P3RHS1_1247 -> P3RDT1194 ,
P3RDM2010   ,P3RHS1_1247 ,P3RHS1_1247 -> P3RDT1194 ,
P3RDM2012   ,P3RHS1_1247 ,P3RHS1_1247 -> P3RDT1194 ,
P3RDM2013   ,P3RHS1_1247 ,P3RHS1_1247 -> P3RDT1194 ,
P3RDM2016   ,P3RHS1_1247 ,P3RHS1_1247 -> P3RDT1194 ,
P3RDM2017   ,P3RHS1_1247 ,P3RHS1_1247 -> P3RDT1194 ,
P3RDM2018   ,P3RHS1_1247 ,P3RHS1_1247 -> P3RDT1194 ,
P3RDM2019   ,P3RHS1_1247 ,P3RHS1_1247 -> P3RDT1194 ,
P3RDM2021   ,P3RHS1_1247 ,P3RHS1_1247 -> P3RDT1194 ,
P3RDM2022   ,P3RHS1_1247 ,P3RHS1_1247 -> P3RDT1194 ,
P3RDM2023   ,P3RHS1_1247 ,P3RHS1_1247 -> P3RDT1194 ,
P3RDM2024   ,P3RHS1_1247 ,P3RHS1_1247 -> P3RDT1194 ,
P3RDM2025   ,P3RHS1_1247 ,P3RHS1_1247 -> P3RDT1194 ,
P3RDM2026   ,P3RHS1_1247 ,P3RHS1_1247 -> P3RDT1194 ,
P3RDM2030   ,P3RHS1_1247 ,P3RHS1_1247 -> P3RDT1194 ,
P3RDM2032   ,P3RHS1_1247 ,P3RHS1_1247 -> P3RDT1194 ,
P3RDM2035   ,P3RHS1_1247 ,P3RHS1_1247 -> P3RDT1194 ,
P3RDM2040   ,P3RHS1_1247 ,P3RHS1_1247 -> P3RDT1194 ,
P3RDM2041   ,P3RHS1_1247 ,P3RHS1_1247 -> P3RDT1194 ,
P3RDM2044   ,P3RHS1_1247 ,P3RHS1_1247 -> P3RDT1194 ,
P3RDM2046   ,P3RHS1_1247 ,P3RHS1_1247 -> P3RDT1194 ,
P3RDM2047   ,P3RHS1_1247 ,P3RHS1_1247 -> P3RDT1194 ,
P3RDM2050   ,P3RHS1_1247 ,P3RHS1_1247 -> P3RDT1194 ,
P3RDM2051   ,P3RHS1_1247 ,P3RHS1_1247 -> P3RDT1194 ,
P3RDM2052   ,P3RHS1_1247 ,P3RHS1_1247 -> P3RDT1194 ,
P3RDM2053   ,P3RHS1_1247 ,P3RHS1_1247 -> P3RDT1194 ,
P3RDM2054   ,P3RHS1_1247 ,P3RHS1_1247 -> P3RDT1194 ,
P3RDM2055   ,P3RHS1_1247 ,P3RHS1_1247 -> P3RDT1194 ,
P3RDM2060   ,P3RHS1_1247 ,P3RHS1_1247 -> P3RDT1194 ,
P3RDM2061   ,P3RHS1_1247 ,P3RHS1_1247 -> P3RDT1194 ,
P3RDM2062   ,P3RHS1_1247 ,P3RHS1_1247 -> P3RDT1194 ,
P3RDM2063   ,P3RHS1_1247 ,P3RHS1_1247 -> P3RDT1194 ,
P3RDM2065   ,P3RHS1_1247 ,P3RHS1_1247 -> P3RDT1194 ,
P3RDM2067   ,P3RHS1_1247 ,P3RHS1_1247 -> P3RDT1194 ,
P3RDM2069   ,P3RHS1_1247 ,P3RHS1_1247 -> P3RDT1194 ,
P3RDM2070   ,P3RHS1_1247 ,P3RHS1_1247 -> P3RDT1194 ,
P3RDM2072   ,P3RHS1_1247 ,P3RHS1_1247 -> P3RDT1194 ,
P3RDM2074   ,P3RHS1_1247 ,P3RHS1_1247 -> P3RDT1194 ,
P3RDM2075   ,P3RHS1_1247 ,P3RHS1_1247 -> P3RDT1194 ,
P3RDM2076   ,P3RHS1_1247 ,P3RHS1_1247 -> P3RDT1194 ,
P3RDM2077   ,P3RHS1_1247 ,P3RHS1_1247 -> P3RDT1194 ,
P3RDM2081   ,P3RHS1_1247 ,P3RHS1_1247 -> P3RDT1194 ,
P3RDM2082   ,P3RHS1_1247 ,P3RHS1_1247 -> P3RDT1194 ,
P3RDM2083   ,P3RHS1_1247 ,P3RHS1_1247 -> P3RDT1194 ,
P3RDM2084   ,P3RHS1_1247 ,P3RHS1_1247 -> P3RDT1194 ,
P3RDM2085   ,P3RHS1_1247 ,P3RHS1_1247 -> P3RDT1194 ,
P3RDM2086   ,P3RHS1_1247 ,P3RHS1_1247 -> P3RDT1194 ,
P3RDM2087   ,P3RHS1_1247 ,P3RHS1_1247 -> P3RDT1194 ,
P3RDM2088   ,P3RHS1_1247 ,P3RHS1_1247 -> P3RDT1194 ,
P3RDM2089   ,P3RHS1_1247 ,P3RHS1_1247 -> P3RDT1194 ,
P3RDM2094   ,P3RHS1_1247 ,P3RHS1_1247 -> P3RDT1194 ,
P3RDM2097   ,P3RHS1_1247 ,P3RHS1_1247 -> P3RDT1194 ,
P3RDM2098   ,P3RHS1_1247 ,P3RHS1_1247 -> P3RDT1194 ,
P3RDM2099   ,P3RHS1_1247 ,P3RHS1_1247 -> P3RDT1194 ,
P3RDM2100   ,P3RHS1_1247 ,P3RHS1_1247 -> P3RDT1194 ,
P3RDM2101   ,P3RHS1_1247 ,P3RHS1_1247 -> P3RDT1194 ,
P3RDM2104   ,P3RHS1_1247 ,P3RHS1_1247 -> P3RDT1194 ,
P3RDM2105   ,P3RHS1_1247 ,P3RHS1_1247 -> P3RDT1194 ,
P3RDM2110   ,P3RHS1_1247 ,P3RHS1_1247 -> P3RDT1194 ,
P3RDM2112   ,P3RHS1_1247 ,P3RHS1_1247 -> P3RDT1194 ,
P3RDM2113   ,P3RHS1_1247 ,P3RHS1_1247 -> P3RDT1194 ,
P3RDM2115   ,P3RHS1_1247 ,P3RHS1_1247 -> P3RDT1194 ,
P3RDM2121   ,P3RHS1_1247 ,P3RHS1_1247 -> P3RDT1194 ,
P3RDM2122   ,P3RHS1_1247 ,P3RHS1_1247 -> P3RDT1194 ,
P3RDM2124   ,P3RHS1_1247 ,P3RHS1_1247 -> P3RDT1194 ,
P3RDM2127   ,P3RHS1_1247 ,P3RHS1_1247 -> P3RDT1194 ,
P3RDM2128   ,P3RHS1_1247 ,P3RHS1_1247 -> P3RDT1194 ,
P3RDM2130   ,P3RHS1_1247 ,P3RHS1_1247 -> P3RDT1194 ,
P3RDM2133   ,P3RHS1_1247 ,P3RHS1_1247 -> P3RDT1194 ,
P3RDM2134   ,P3RHS1_1247 ,P3RHS1_1247 -> P3RDT1194 ,
P3RDM2135   ,P3RHS1_1247 ,P3RHS1_1247 -> P3RDT1194 ,
P3RDM2140   ,P3RHS1_1247 ,P3RHS1_1247 -> P3RDT1194 ,
P3RDM2152   ,P3RHS1_1247 ,P3RHS1_1247 -> P3RDT1428 ,
P3RDM2153   ,P3RHS1_1247 ,P3RHS1_1247 -> P3RDT1428 ,
P3RDM2159   ,P3RHS1_1247 ,P3RHS1_1247 -> P3RDT1194 ,
P3RDM2160   ,P3RHS1_1247 ,P3RHS1_1247 -> P3RDT1194 ,
P3RDM2161   ,P3RHS1_1247 ,P3RHS1_1247 -> P3RDT1194 ,
P3RDM2162   ,P3RHS1_1247 ,P3RHS1_1247 -> P3RDT1194 ,
P3RDM2163   ,P3RHS1_1247 ,P3RHS1_1247 -> P3RDT1194 ,
P3RDM2164   ,P3RHS1_1247 ,P3RHS1_1247 -> P3RDT1194 ,
P3RDM2169   ,P3RHS1_1247 ,P3RHS1_1247 -> P3RDT1194 ,
P3RDM2172   ,P3RHS1_1247 ,P3RHS1_1247 -> P3RDT1194 ,
P3RDM2173   ,P3RHS1_1247 ,P3RHS1_1247 -> P3RDT1194 ,
P3RDM2174   ,P3RHS1_1247 ,P3RHS1_1247 -> P3RDT1194 ,
P3RDM2187   ,P3RHS1_1247 ,P3RHS1_1247 -> P3RDT1428 ,
P3RDM2191   ,P3RHS1_1247 ,P3RHS1_1247 -> P3RDT1428 ,
P3RDM2193   ,P3RHS1_1247 ,P3RHS1_1247 -> P3RDT1272 ,
P3RDM2204   ,P3RHS1_1247 ,P3RHS1_1247 -> P3RDT1322 ,
P3RDM2206   ,P3RHS1_1247 ,P3RHS1_1247 -> P3RDT1322 ,
P3RDM2210   ,P3RHS1_1247 ,P3RHS1_1247 -> P3RDT1322 ,
P3RDM2212   ,P3RHS1_1247 ,P3RHS1_1247 -> P3RDT1194 ,
P3RDM2213   ,P3RHS1_1247 ,P3RHS1_1247 -> P3RDT1194 ,
P3RDM2215   ,P3RHS1_1247 ,P3RHS1_1247 -> P3RDT1194 ,
P3RDM2216   ,P3RHS1_1247 ,P3RHS1_1247 -> P3RDT1194 ,
P3RDM2218   ,P3RHS1_1247 ,P3RHS1_1247 -> P3RDT1194 ,
P3RDM2221   ,P3RHS1_1247 ,P3RHS1_1247 -> P3RDT1194 ,
P3RDM2227   ,P3RHS1_1247 ,P3RHS1_1247 -> P3RDT1194 ,
P3RDM2228   ,P3RHS1_1247 ,P3RHS1_1247 -> P3RDT1194 ,
P3RDM2233   ,P3RHS1_1247 ,P3RHS1_1247 -> P3RDT1194 ,
P3RDM2234   ,P3RHS1_1247 ,P3RHS1_1247 -> P3RDT1194 ,
P3RDM2237   ,P3RHS1_1247 ,P3RHS1_1247 -> P3RDT1194 ,
P3RDM2249   ,P3RHS1_1247 ,P3RHS1_1247 -> P3RDT1194 ,
P3RDM2250   ,P3RHS1_1247 ,P3RHS1_1247 -> P3RDT1194 ,
P3RDM2252   ,P3RHS1_1247 ,P3RHS1_1247 -> P3RDT1194 ,
P3RDM2262   ,P3RHS1_1247 ,P3RHS1_1247 -> P3RDT1194 ,
P3RDM2263   ,P3RHS1_1247 ,P3RHS1_1247 -> P3RDT1194 ,
P3RDM2270   ,P3RHS1_1247 ,P3RHS1_1247 -> P3RDT1322 ,
P3RDM2272   ,P3RHS1_1247 ,P3RHS1_1247 -> P3RDT1322 ,
P3RDM2290   ,P3RHS1_1247 ,P3RHS1_1247 -> P3RDT1194 ,
P3RDM2291   ,P3RHS1_1247 ,P3RHS1_1247 -> P3RDT1194 ,
P3RDM2296   ,P3RHS1_1247 ,P3RHS1_1247 -> P3RDT1194 ,
P3RDM2297   ,P3RHS1_1247 ,P3RHS1_1247 -> P3RDT1194 ,
P3RDM2317   ,P3RHS1_1247 ,P3RHS1_1247 -> P3RDT1272 ,
P3RDM2318   ,P3RHS1_1247 ,P3RHS1_1247 -> P3RDT1272 ,
P3RDM2319   ,P3RHS1_1247 ,P3RHS1_1247 -> P3RDT1272 ,
P3RDM2321   ,P3RHS1_1247 ,P3RHS1_1247 -> P3RDT1322 ,
P3RDM2335   ,P3RHS1_1247 ,P3RHS1_1247 -> P3RDT1194 ,
P3RDM2336   ,P3RHS1_1247 ,P3RHS1_1247 -> P3RDT1194 ,
P3RDM2349   ,P3RHS1_1247 ,P3RHS1_1247 -> P3RDT1428 ,
P3RDM2361   ,P3RHS1_1247 ,P3RHS1_1247 -> P3RDT1272 ,
P3RDM2366   ,P3RHS1_1247 ,P3RHS1_1247 -> P3RDT1272 ,
P3RDM2367   ,P3RHS1_1247 ,P3RHS1_1247 -> P3RDT1272 ,
P3RDM2370   ,P3RHS1_1247 ,P3RHS1_1247 -> P3RDT1272 ,
P3RDM2371   ,P3RHS1_1247 ,P3RHS1_1247 -> P3RDT1272 ,
P3RDM2377   ,P3RHS1_1247 ,P3RHS1_1247 -> P3RDT1272 ,
P3RDM2379   ,P3RHS1_1247 ,P3RHS1_1247 -> P3RDT1272 ,
P3RDM2381   ,P3RHS1_1247 ,P3RHS1_1247 -> P3RDT1272 ,
P3RDM2385   ,P3RHS1_1247 ,P3RHS1_1247 -> P3RDT1428 ,
P3RDM2386   ,P3RHS1_1247 ,P3RHS1_1247 -> P3RDT1428 ,
P3RDM2389   ,P3RHS1_1247 ,P3RHS1_1247 -> P3RDT1272 ,
P3RDM2391   ,P3RHS1_1247 ,P3RHS1_1247 -> P3RDT1272 ,
P3RDM2393   ,P3RHS1_1247 ,P3RHS1_1247 -> P3RDT1272 ,
P3RDM2396   ,P3RHS1_1247 ,P3RHS1_1247 -> P3RDT1272 ,
P3RDM2398   ,P3RHS1_1247 ,P3RHS1_1247 -> P3RDT1428 ,
P3RDM2399   ,P3RHS1_1247 ,P3RHS1_1247 -> P3RDT1428 ,
P3RDM2410   ,P3RHS1_1247 ,P3RHS1_1247 -> P3RDT1428 ,
P3RDM2411   ,P3RHS1_1247 ,P3RHS1_1247 -> P3RDT1428 ,
P3RDM2412   ,P3RHS1_1247 ,P3RHS1_1247 -> P3RDT1428 ,
P3RDM2413   ,P3RHS1_1247 ,P3RHS1_1247 -> P3RDT1428 ,
P3RDM2426   ,P3RHS1_1247 ,P3RHS1_1247 -> P3RDT1428 ,
P3RDM2427   ,P3RHS1_1247 ,P3RHS1_1247 -> P3RDT1428 ,
P3RDM2428   ,P3RHS1_1247 ,P3RHS1_1247 -> P3RDT1428 ,
P3RDM2430   ,P3RHS1_1247 ,P3RHS1_1247 -> P3RDT1428 ,
P3RDM2431   ,P3RHS1_1247 ,P3RHS1_1247 -> P3RDT1428 ,
P3RDM2441   ,P3RHS1_1247 ,P3RHS1_1247 -> P3RDT1194 ,
P3RDM2442   ,P3RHS1_1247 ,P3RHS1_1247 -> P3RDT1194 ,
P3RDM2443   ,P3RHS1_1247 ,P3RHS1_1247 -> P3RDT1194 ,
P3RDM2444   ,P3RHS1_1247 ,P3RHS1_1247 -> P3RDT1194 ,
P3RDM2448   ,P3RHS1_1247 ,P3RHS1_1247 -> P3RDT1194 ,
P3RDM2449   ,P3RHS1_1247 ,P3RHS1_1247 -> P3RDT1194 ,
P3RDM2450   ,P3RHS1_1247 ,P3RHS1_1247 -> P3RDT1194 ,
P3RDM2452   ,P3RHS1_1247 ,P3RHS1_1247 -> P3RDT1194 ,
P3RDM2455   ,P3RHS1_1247 ,P3RHS1_1247 -> P3RDT1194 ,
P3RDM2457   ,P3RHS1_1247 ,P3RHS1_1247 -> P3RDT1194 ,
P3RDM2458   ,P3RHS1_1247 ,P3RHS1_1247 -> P3RDT1194 ,
P3RDM2460   ,P3RHS1_1247 ,P3RHS1_1247 -> P3RDT1194 ,
P3RDM2461   ,P3RHS1_1247 ,P3RHS1_1247 -> P3RDT1194 ,
P3RDM2466   ,P3RHS1_1247 ,P3RHS1_1247 -> P3RDT1194 ,
P3RDM2469   ,P3RHS1_1247 ,P3RHS1_1247 -> P3RDT1194 ,
P3RDM2470   ,P3RHS1_1247 ,P3RHS1_1247 -> P3RDT1194 ,
P3RDM2473   ,P3RHS1_1247 ,P3RHS1_1247 -> P3RDT1194 ,
P3RDM2477   ,P3RHS1_1247 ,P3RHS1_1247 -> P3RDT1428 ,
P3RDM2478   ,P3RHS1_1247 ,P3RHS1_1247 -> P3RDT1428 ,
P3RDM2480   ,P3RHS1_1247 ,P3RHS1_1247 -> P3RDT1194 ,
P3RDM2484   ,P3RHS1_1247 ,P3RHS1_1247 -> P3RDT1322 ,
P3RDM2485   ,P3RHS1_1247 ,P3RHS1_1247 -> P3RDT1322 ,
P3RDM2486   ,P3RHS1_1247 ,P3RHS1_1247 -> P3RDT1272 ,
P3RDM2487   ,P3RHS1_1247 ,P3RHS1_1247 -> P3RDT1272 ,
P3RDM2492   ,P3RHS1_1247 ,P3RHS1_1247 -> P3RDT1322 ,
P3RDM2504   ,P3RHS1_1247 ,P3RHS1_1247 -> P3RDT1194 ,
P3RDM2506   ,P3RHS1_1247 ,P3RHS1_1247 -> P3RDT1194 ,
P3RDM2509   ,P3RHS1_1247 ,P3RHS1_1247 -> P3RDT1194 ,
P3RDM2510   ,P3RHS1_1247 ,P3RHS1_1247 -> P3RDT1194 ,
P3RDM2511   ,P3RHS1_1247 ,P3RHS1_1247 -> P3RDT1194 ,
P3RDM2512   ,P3RHS1_1247 ,P3RHS1_1247 -> P3RDT1194 ,
P3RDM2513   ,P3RHS1_1247 ,P3RHS1_1247 -> P3RDT1194 ,
P3RDM2514   ,P3RHS1_1247 ,P3RHS1_1247 -> P3RDT1194 ,
P3RDM2517   ,P3RHS1_1247 ,P3RHS1_1247 -> P3RDT1194 ,
P3RDM2521   ,P3RHS1_1247 ,P3RHS1_1247 -> P3RDT1194 ,
P3RDM2523   ,P3RHS1_1247 ,P3RHS1_1247 -> P3RDT1194 ,
P3RDM2527   ,P3RHS1_1247 ,P3RHS1_1247 -> P3RDT1194 ,
P3RDM2528   ,P3RHS1_1247 ,P3RHS1_1247 -> P3RDT1194 ,
P3RDM2530   ,P3RHS1_1247 ,P3RHS1_1247 -> P3RDT1194 ,
P3RDM2532   ,P3RHS1_1247 ,P3RHS1_1247 -> P3RDT1194 ,
P3RDM2534   ,P3RHS1_1247 ,P3RHS1_1247 -> P3RDT1194 ,
P3RDM2535   ,P3RHS1_1247 ,P3RHS1_1247 -> P3RDT1194 ,
P3RDM2537   ,P3RHS1_1247 ,P3RHS1_1247 -> P3RDT1194 ,
P3RDM2541   ,P3RHS1_1247 ,P3RHS1_1247 -> P3RDT1194 ,
P3RDM2542   ,P3RHS1_1247 ,P3RHS1_1247 -> P3RDT1194 ,
P3RDM2543   ,P3RHS1_1247 ,P3RHS1_1247 -> P3RDT1194 ,
P3RDM2547   ,P3RHS1_1247 ,P3RHS1_1247 -> P3RDT1194 ,
P3RDM2548   ,P3RHS1_1247 ,P3RHS1_1247 -> P3RDT1194 ,
P3RDM2550   ,P3RHS1_1247 ,P3RHS1_1247 -> P3RDT1194 ,
P3RDM2559   ,P3RHS1_1247 ,P3RHS1_1247 -> P3RDT1194 ,
P3RDM2568   ,P3RHS1_1247 ,P3RHS1_1247 -> P3RDT1272 ,
P3RDM2592   ,P3RHS1_1247 ,P3RHS1_1247 -> P3RDT1272 ,
P3RDM2602   ,P3RHS1_1247 ,P3RHS1_1247 -> P3RDT1272 ,
P3RDM2603   ,P3RHS1_1247 ,P3RHS1_1247 -> P3RDT1272 ,
P3RDM2604   ,P3RHS1_1247 ,P3RHS1_1247 -> P3RDT1272 ,
P3RDM2609   ,P3RHS1_1247 ,P3RHS1_1247 -> P3RDT1428 ,
P3RDM2622   ,P3RHS1_1247 ,P3RHS1_1247 -> P3RDT1584 ,
P3RDM2623   ,P3RHS1_1247 ,P3RHS1_1247 -> P3RDT1584 ,
P3RDM2624   ,P3RHS1_1247 ,P3RHS1_1247 -> P3RDT1194 ,
P3RDM2625   ,P3RHS1_1247 ,P3RHS1_1247 -> P3RDT1194 ,
P3RDM2634   ,P3RHS1_1247 ,P3RHS1_1247 -> P3RDT1205 ,
P3RDM2635   ,P3RHS1_1247 ,P3RHS1_1247 -> P3RDT1205 ,
P3RDM2637   ,P3RHS1_1247 ,P3RHS1_1247 -> P3RDT1194 ,
P3RDM2647   ,P3RHS1_1247 ,P3RHS1_1247 -> P3RDT1194 ,
P3RDM2648   ,P3RHS1_1247 ,P3RHS1_1247 -> P3RDT1194 ,
P3RDM2651   ,P3RHS1_1247 ,P3RHS1_1247 -> P3RDT1194 ,
P3RDM2652   ,P3RHS1_1247 ,P3RHS1_1247 -> P3RDT1194 ,
P3RDM2653   ,P3RHS1_1247 ,P3RHS1_1247 -> P3RDT1194 ,
P3RDM2654   ,P3RHS1_1247 ,P3RHS1_1247 -> P3RDT1194 ,
P3RDM2662   ,P3RHS1_1247 ,P3RHS1_1247 -> P3RDT1428 ,
P3RDM2676   ,P3RHS1_1247 ,P3RHS1_1247 -> P3RDT1205 ,
P3RDM2677   ,P3RHS1_1247 ,P3RHS1_1247 -> P3RDT1205 ,
P3RDM2682   ,P3RHS1_1247 ,P3RHS1_1247 -> P3RDT1272 ,
P3RDM2683   ,P3RHS1_1247 ,P3RHS1_1247 -> P3RDT1272 ,
P3RDM2684   ,P3RHS1_1247 ,P3RHS1_1247 -> P3RDT1272 ,
P3RDM2689   ,P3RHS1_1247 ,P3RHS1_1247 -> P3RDT1205 ,
P3RDM2690   ,P3RHS1_1247 ,P3RHS1_1247 -> P3RDT1205 ,
P3RDM2695   ,P3RHS1_1247 ,P3RHS1_1247 -> P3RDT1194 ,
P3RDM2696   ,P3RHS1_1247 ,P3RHS1_1247 -> P3RDT1194 ,
P3RDM2698   ,P3RHS1_1247 ,P3RHS1_1247 -> P3RDT1194 ,
P3RDM2699   ,P3RHS1_1247 ,P3RHS1_1247 -> P3RDT1194 ,
P3RDM2701   ,P3RHS1_1247 ,P3RHS1_1247 -> P3RDT1194 ,
P3RDM2703   ,P3RHS1_1247 ,P3RHS1_1247 -> P3RDT1194 ,
P3RDM2704   ,P3RHS1_1247 ,P3RHS1_1247 -> P3RDT1194 ,
P3RDM2705   ,P3RHS1_1247 ,P3RHS1_1247 -> P3RDT1194 ,
P3RDM2706   ,P3RHS1_1247 ,P3RHS1_1247 -> P3RDT1194 ,
P3RDM2716   ,P3RHS1_1247 ,P3RHS1_1247 -> P3RDT1194 ,
P3RDM2718   ,P3RHS1_1247 ,P3RHS1_1247 -> P3RDT1194 ,
P3RDM2719   ,P3RHS1_1247 ,P3RHS1_1247 -> P3RDT1194 ,
P3RDM2720   ,P3RHS1_1247 ,P3RHS1_1247 -> P3RDT1194 ,
P3RDM2723   ,P3RHS1_1247 ,P3RHS1_1247 -> P3RDT1194 ,
P3RDM2724   ,P3RHS1_1247 ,P3RHS1_1247 -> P3RDT1194 ,
P3RDM2727   ,P3RHS1_1247 ,P3RHS1_1247 -> P3RDT1194 ,
P3RDM2728   ,P3RHS1_1247 ,P3RHS1_1247 -> P3RDT1194 ,
P3RDM2729   ,P3RHS1_1247 ,P3RHS1_1247 -> P3RDT1194 ,
P3RDM2730   ,P3RHS1_1247 ,P3RHS1_1247 -> P3RDT1194 ,
P3RDM2746   ,P3RHS1_1247 ,P3RHS1_1247 -> P3RDT1272 ,
P3RDM2747   ,P3RHS1_1247 ,P3RHS1_1247 -> P3RDT1272 ,
P3RDM2750   ,P3RHS1_1247 ,P3RHS1_1247 -> P3RDT1194 ,
P3RDM2751   ,P3RHS1_1247 ,P3RHS1_1247 -> P3RDT1194 ,
P3RDM2763   ,P3RHS1_1247 ,P3RHS1_1247 -> P3RDT1428 ,
P3RDM2764   ,P3RHS1_1247 ,P3RHS1_1247 -> P3RDT1428 ,
P3RDM2768   ,P3RHS1_1247 ,P3RHS1_1247 -> P3RDT1272 ,
P3RDM2771   ,P3RHS1_1247 ,P3RHS1_1247 -> P3RDT1272 ,
P3RDM2772   ,P3RHS1_1247 ,P3RHS1_1247 -> P3RDT1272 ,
P3RDM2775   ,P3RHS1_1247 ,P3RHS1_1247 -> P3RDT1272 ,
P3RDM2776   ,P3RHS1_1247 ,P3RHS1_1247 -> P3RDT1272 ,
P3RDM2795   ,P3RHS1_1247 ,P3RHS1_1247 -> P3RDT1272 ,
P3RDM2808   ,P3RHS1_1247 ,P3RHS1_1247 -> P3RDT1272 ,
P3RDM2809   ,P3RHS1_1247 ,P3RHS1_1247 -> P3RDT1272 ,
P3RDM2815   ,P3RHS1_1247 ,P3RHS1_1247 -> P3RDT1322 ,
P3RDM2816   ,P3RHS1_1247 ,P3RHS1_1247 -> P3RDT1322 ,
P3RDM2817   ,P3RHS1_1247 ,P3RHS1_1247 -> P3RDT1272 ,
P3RDM2818   ,P3RHS1_1247 ,P3RHS1_1247 -> P3RDT1272 ,
P3RDM2820   ,P3RHS1_1247 ,P3RHS1_1247 -> P3RDT1272 ,
P3RDM2835   ,P3RHS1_1247 ,P3RHS1_1247 -> P3RDT1322 ,
P3RDM2838   ,P3RHS1_1247 ,P3RHS1_1247 -> P3RDT1322 ,
P3RDM2841   ,P3RHS1_1247 ,P3RHS1_1247 -> P3RDT1322 ,
P3RDM2842   ,P3RHS1_1247 ,P3RHS1_1247 -> P3RDT1322 ,
P3RDM2843   ,P3RHS1_1247 ,P3RHS1_1247 -> P3RDT1322 ,
P3RDM2846   ,P3RHS1_1247 ,P3RHS1_1247 -> P3RDT1322 ,
P3RDM2847   ,P3RHS1_1247 ,P3RHS1_1247 -> P3RDT1322 ,
P3RDM2848   ,P3RHS1_1247 ,P3RHS1_1247 -> P3RDT1322 ,
P3RDM2849   ,P3RHS1_1247 ,P3RHS1_1247 -> P3RDT1322 ,
P3RDM2850   ,P3RHS1_1247 ,P3RHS1_1247 -> P3RDT1322 ,
P3RDM2852   ,P3RHS1_1247 ,P3RHS1_1247 -> P3RDT1322 ,
P3RDM2853   ,P3RHS1_1247 ,P3RHS1_1247 -> P3RDT1322 ,
P3RDM2854   ,P3RHS1_1247 ,P3RHS1_1247 -> P3RDT1322 ,
P3RDM2861   ,P3RHS1_1247 ,P3RHS1_1247 -> P3RDT1322 ,
P3RDM2864   ,P3RHS1_1247 ,P3RHS1_1247 -> P3RDT1322 ,
P3RDM2865   ,P3RHS1_1247 ,P3RHS1_1247 -> P3RDT1322 ,
P3RDM2866   ,P3RHS1_1247 ,P3RHS1_1247 -> P3RDT1322 ,
P3RDM2867   ,P3RHS1_1247 ,P3RHS1_1247 -> P3RDT1322 ,
P3RDM2870   ,P3RHS1_1247 ,P3RHS1_1247 -> P3RDT1322 ,
P3RDM2871   ,P3RHS1_1247 ,P3RHS1_1247 -> P3RDT1322 ,
P3RDM2873   ,P3RHS1_1247 ,P3RHS1_1247 -> P3RDT1322 ,
P3RDM2874   ,P3RHS1_1247 ,P3RHS1_1247 -> P3RDT1322 ,
P3RDM2875   ,P3RHS1_1247 ,P3RHS1_1247 -> P3RDT1194 ,
P3RDM2877   ,P3RHS1_1247 ,P3RHS1_1247 -> P3RDT1194 ,
P3RDM2880   ,P3RHS1_1247 ,P3RHS1_1247 -> P3RDT1194 ,
P3RDM2884   ,P3RHS1_1247 ,P3RHS1_1247 -> P3RDT1194 ,
P3RDM2885   ,P3RHS1_1247 ,P3RHS1_1247 -> P3RDT1194 ,
P3RDM2890   ,P3RHS1_1247 ,P3RHS1_1247 -> P3RDT1194 ,
P3RDM2891   ,P3RHS1_1247 ,P3RHS1_1247 -> P3RDT1194 ,
P3RDM2892   ,P3RHS1_1247 ,P3RHS1_1247 -> P3RDT1194 ,
P3RDM2893   ,P3RHS1_1247 ,P3RHS1_1247 -> P3RDT1584 ,
P3RDM2914   ,P3RHS1_1247 ,P3RHS1_1247 -> P3RDT1322 ,
P3RDM2917   ,P3RHS1_1247 ,P3RHS1_1247 -> P3RDT1322 ,
P3RDM2919   ,P3RHS1_1247 ,P3RHS1_1247 -> P3RDT1322 ,
P3RDM2923   ,P3RHS1_1247 ,P3RHS1_1247 -> P3RDT1322 ,
P3RDM2924   ,P3RHS1_1247 ,P3RHS1_1247 -> P3RDT1322 ,
P3RDM2926   ,P3RHS1_1247 ,P3RHS1_1247 -> P3RDT1322 ,
P3RDM2927   ,P3RHS1_1247 ,P3RHS1_1247 -> P3RDT1322 ,
P3RDM2930   ,P3RHS1_1247 ,P3RHS1_1247 -> P3RDT1322 ,
P3RDM2938   ,P3RHS1_1247 ,P3RHS1_1247 -> P3RDT1322 ,
P3RDM2939   ,P3RHS1_1247 ,P3RHS1_1247 -> P3RDT1322 ,
P3RDM2953   ,P3RHS1_1247 ,P3RHS1_1247 -> P3RDT1194 ,
P3RDM2954   ,P3RHS1_1247 ,P3RHS1_1247 -> P3RDT1194 ,
P3RDM2955   ,P3RHS1_1247 ,P3RHS1_1247 -> P3RDT1194 ,
P3RDM2956   ,P3RHS1_1247 ,P3RHS1_1247 -> P3RDT1194 ,
P3RDM2961   ,P3RHS1_1247 ,P3RHS1_1247 -> P3RDT1194 ,
P3RDM2962   ,P3RHS1_1247 ,P3RHS1_1247 -> P3RDT1194 ,
P3RDM2969   ,P3RHS1_1247 ,P3RHS1_1247 -> P3RDT1428 ,
P3RDM2975   ,P3RHS1_1247 ,P3RHS1_1247 -> P3RDT1194 ,
P3RDM3007   ,P3RHS1_1247 ,P3RHS1_1247 -> P3RDT1584 ,
P3RDM3016   ,P3RHS1_1247 ,P3RHS1_1247 -> P3RDT1322 ,
P3RDM3019   ,P3RHS1_1247 ,P3RHS1_1247 -> P3RDT1428 ,
P3RDM3020   ,P3RHS1_1247 ,P3RHS1_1247 -> P3RDT1428 ,
P3RDM3021   ,P3RHS1_1247 ,P3RHS1_1247 -> P3RDT1428 ,
P3RDM3022   ,P3RHS1_1247 ,P3RHS1_1247 -> P3RDT1428 ,
P3RDM3024   ,P3RHS1_1247 ,P3RHS1_1247 -> P3RDT1428 ,
P3RDM3029   ,P3RHS1_1247 ,P3RHS1_1247 -> P3RDT1428 ,
P3RDM3044   ,P3RHS1_1247 ,P3RHS1_1247 -> P3RDT1272 ,
P3RDM3045   ,P3RHS1_1247 ,P3RHS1_1247 -> P3RDT1272 ,
P3RDM3065   ,P3RHS1_1247 ,P3RHS1_1247 -> P3RDT1194 ,
P3RDM3066   ,P3RHS1_1247 ,P3RHS1_1247 -> P3RDT1194 ,
P3RDM3074   ,P3RHS1_1247 ,P3RHS1_1247 -> P3RDT1272 ,
P3RDM3083   ,P3RHS1_1247 ,P3RHS1_1247 -> P3RDT1272 ,
P3RDM3084   ,P3RHS1_1247 ,P3RHS1_1247 -> P3RDT1272 ,
P3RDT0      ,P3RHS0_1247 ,P3RHS0_1247 -> P3RDT1052 ,
P3RDT0LV    ,P3RHS0_1247 ,P3RHS0_1247 -> P3RDT1052 ,
P3RDT1      ,P3RHS0_1247 ,P3RHS0_1247 -> P3RDT1052 ,
P3RDT1LV    ,P3RHS0_1247 ,P3RHS0_1247 -> P3RDT1052 ,
P3RDT2      ,P3RHS0_1247 ,P3RHS0_1247 -> P3RDT1052 ,
P3RDT2LV    ,P3RHS0_1247 ,P3RHS0_1247 -> P3RDT1052 ,
P3RDT3      ,P3RHS0_1247 ,P3RHS0_1247 -> P3RDT1052 ,
P3RDT3LV    ,P3RHS0_1247 ,P3RHS0_1247 -> P3RDT1052 ,
P3RDT4      ,P3RHS0_1247 ,P3RHS0_1247 -> P3RDT1052 ,
P3RDT4LV    ,P3RHS0_1247 ,P3RHS0_1247 -> P3RDT1052 ,
P3RDT5      ,P3RHS0_1247 ,P3RHS0_1247 -> P3RDT836  ,
P3RDT5LV    ,P3RHS0_1247 ,P3RHS0_1247 -> P3RDT836  ,
P3RDT6      ,P3RHS0_1247 ,P3RHS0_1247 -> P3RDT1052 ,
P3RDT6LV    ,P3RHS0_1247 ,P3RHS0_1247 -> P3RDT1052 ,
P3RDT7      ,P3RHS0_1247 ,P3RHS0_1247 -> P3RDT836  ,
P3RDT7LV    ,P3RHS0_1247 ,P3RHS0_1247 -> P3RDT836  ,
P3RDT8      ,P3RHS0_1247 ,P3RHS0_1247 -> P3RDT836  ,
P3RDT8LV    ,P3RHS0_1247 ,P3RHS0_1247 -> P3RDT836  ,
P3RDT9      ,P3RHS0_1247 ,P3RHS0_1247 -> P3RDT836  ,
P3RDT9LV    ,P3RHS0_1247 ,P3RHS0_1247 -> P3RDT836  ,
P3RDT10     ,P3RHS0_1247 ,P3RHS0_1247 -> P3RDT1052 ,
P3RDT10LV   ,P3RHS0_1247 ,P3RHS0_1247 -> P3RDT1052 ,
P3RDT11     ,P3RHS0_1247 ,P3RHS0_1247 -> P3RDT1052 ,
P3RDT11LV   ,P3RHS0_1247 ,P3RHS0_1247 -> P3RDT1052 ,
P3RDT12     ,P3RHS0_1247 ,P3RHS0_1247 -> P3RDT1052 ,
P3RDT12LV   ,P3RHS0_1247 ,P3RHS0_1247 -> P3RDT1052 ,
P3RDT13     ,P3RHS0_1247 ,P3RHS0_1247 -> P3RDT836  ,
P3RDT13LV   ,P3RHS0_1247 ,P3RHS0_1247 -> P3RDT836  ,
P3RDT14     ,P3RHS0_1247 ,P3RHS0_1247 -> P3RDT836  ,
P3RDT14LV   ,P3RHS0_1247 ,P3RHS0_1247 -> P3RDT836  ,
P3RDT15     ,P3RHS0_1247 ,P3RHS0_1247 -> P3RDT836  ,
P3RDT15LV   ,P3RHS0_1247 ,P3RHS0_1247 -> P3RDT836  ,
P3RDT16     ,P3RHS0_1247 ,P3RHS0_1247 -> P3RDT1052 ,
P3RDT16LV   ,P3RHS0_1247 ,P3RHS0_1247 -> P3RDT1052 ,
P3RDT17     ,P3RHS0_1247 ,P3RHS0_1247 -> P3RDT656  ,
P3RDT17LV   ,P3RHS0_1247 ,P3RHS0_1247 -> P3RDT656  ,
P3RDT18     ,P3RHS0_1247 ,P3RHS0_1247 -> P3RDT656  ,
P3RDT18LV   ,P3RHS0_1247 ,P3RHS0_1247 -> P3RDT656  ,
P3RDT19     ,P3RHS0_1247 ,P3RHS0_1247 -> P3RDT656  ,
P3RDT19LV   ,P3RHS0_1247 ,P3RHS0_1247 -> P3RDT656  ,
P3RDT20     ,P3RHS0_1247 ,P3RHS0_1247 -> P3RDT656  ,
P3RDT20LV   ,P3RHS0_1247 ,P3RHS0_1247 -> P3RDT656  ,
P3RDT21     ,P3RHS0_1247 ,P3RHS0_1247 -> P3RDT656  ,
P3RDT21LV   ,P3RHS0_1247 ,P3RHS0_1247 -> P3RDT656  ,
P3RDT22     ,P3RHS0_1247 ,P3RHS0_1247 -> P3RDT656  ,
P3RDT22LV   ,P3RHS0_1247 ,P3RHS0_1247 -> P3RDT656  ,
P3RDT23     ,P3RHS1_1247 ,P3RHS1_1247 -> P3RDT1272 ,
P3RDT23LV   ,P3RHS1_1247 ,P3RHS1_1247 -> P3RDT1272 ,
P3RDT24     ,P3RHS1_1247 ,P3RHS1_1247 -> P3RDT1272 ,
P3RDT24LV   ,P3RHS1_1247 ,P3RHS1_1247 -> P3RDT1272 ,
P3RDT25     ,P3RHS1_1247 ,P3RHS1_1247 -> P3RDT1272 ,
P3RDT25LV   ,P3RHS1_1247 ,P3RHS1_1247 -> P3RDT1272 ,
P3RDT26     ,P3RHS1_1247 ,P3RHS1_1247 -> P3RDT1272 ,
P3RDT26LV   ,P3RHS1_1247 ,P3RHS1_1247 -> P3RDT1272 ,
P3RDT27     ,P3RHS0_1247 ,P3RHS0_1247 -> P3RDT656  ,
P3RDT27LV   ,P3RHS0_1247 ,P3RHS0_1247 -> P3RDT656  ,
P3RDT28     ,P3RHS0_1247 ,P3RHS0_1247 -> P3RDT656  ,
P3RDT28LV   ,P3RHS0_1247 ,P3RHS0_1247 -> P3RDT656  ,
P3RDT29     ,P3RHS0_1247 ,P3RHS0_1247 -> P3RDT656  ,
P3RDT29LV   ,P3RHS0_1247 ,P3RHS0_1247 -> P3RDT656  ,
P3RDT30     ,P3RHS0_1247 ,P3RHS0_1247 -> P3RDT656  ,
P3RDT30LV   ,P3RHS0_1247 ,P3RHS0_1247 -> P3RDT656  ,
P3RDT31     ,P3RHS0_1247 ,P3RHS0_1247 -> P3RDT656  ,
P3RDT31LV   ,P3RHS0_1247 ,P3RHS0_1247 -> P3RDT656  ,
P3RDT32     ,P3RHS0_1247 ,P3RHS0_1247 -> P3RDT656  ,
P3RDT32LV   ,P3RHS0_1247 ,P3RHS0_1247 -> P3RDT656  ,
P3RDT33     ,P3RHS0_1247 ,P3RHS0_1247 -> P3RDT1052 ,
P3RDT33LV   ,P3RHS0_1247 ,P3RHS0_1247 -> P3RDT1052 ,
P3RDT34     ,P3RHS0_1247 ,P3RHS0_1247 -> P3RDT656  ,
P3RDT34LV   ,P3RHS0_1247 ,P3RHS0_1247 -> P3RDT656  ,
P3RDT35     ,P3RHS0_1247 ,P3RHS0_1247 -> P3RDT1052 ,
P3RDT35LV   ,P3RHS0_1247 ,P3RHS0_1247 -> P3RDT1052 ,
P3RDT36     ,P3RHS0_1247 ,P3RHS0_1247 -> P3RDT1052 ,
P3RDT36LV   ,P3RHS0_1247 ,P3RHS0_1247 -> P3RDT1052 ,
P3RDT37     ,P3RHS0_1247 ,P3RHS0_1247 -> P3RDT1052 ,
P3RDT37LV   ,P3RHS0_1247 ,P3RHS0_1247 -> P3RDT1052 ,
P3RDT38     ,P3RHS0_1247 ,P3RHS0_1247 -> P3RDT1052 ,
P3RDT38LV   ,P3RHS0_1247 ,P3RHS0_1247 -> P3RDT1052 ,
P3RDT39     ,P3RHS0_1247 ,P3RHS0_1247 -> P3RDT1052 ,
P3RDT39LV   ,P3RHS0_1247 ,P3RHS0_1247 -> P3RDT1052 ,
P3RDT40     ,P3RHS0_1247 ,P3RHS0_1247 -> P3RDT1052 ,
P3RDT40LV   ,P3RHS0_1247 ,P3RHS0_1247 -> P3RDT1052 ,
P3RDT41     ,P3RHS0_1247 ,P3RHS0_1247 -> P3RDT656  ,
P3RDT41LV   ,P3RHS0_1247 ,P3RHS0_1247 -> P3RDT656  ,
P3RDT42     ,P3RHS0_1247 ,P3RHS0_1247 -> P3RDT1052 ,
P3RDT42LV   ,P3RHS0_1247 ,P3RHS0_1247 -> P3RDT1052 ,
P3RDT43     ,P3RHS0_1247 ,P3RHS0_1247 -> P3RDT656  ,
P3RDT43LV   ,P3RHS0_1247 ,P3RHS0_1247 -> P3RDT656  ,
P3RDT44     ,P3RHS0_1247 ,P3RHS0_1247 -> P3RDT656  ,
P3RDT44LV   ,P3RHS0_1247 ,P3RHS0_1247 -> P3RDT656  ,
P3RDT45     ,P3RHS0_1247 ,P3RHS0_1247 -> P3RDT656  ,
P3RDT45LV   ,P3RHS0_1247 ,P3RHS0_1247 -> P3RDT656  ,
P3RDT46     ,P3RHS0_1247 ,P3RHS0_1247 -> P3RDT656  ,
P3RDT46LV   ,P3RHS0_1247 ,P3RHS0_1247 -> P3RDT656  ,
P3RDT47     ,P3RHS0_1247 ,P3RHS0_1247 -> P3RDT656  ,
P3RDT47LV   ,P3RHS0_1247 ,P3RHS0_1247 -> P3RDT656  ,
P3RDT48     ,P3RHS0_1247 ,P3RHS0_1247 -> P3RDT656  ,
P3RDT48LV   ,P3RHS0_1247 ,P3RHS0_1247 -> P3RDT656  ,
P3RDT49     ,P3RHS0_1247 ,P3RHS0_1247 -> P3RDT656  ,
P3RDT49LV   ,P3RHS0_1247 ,P3RHS0_1247 -> P3RDT656  ,
P3RDT50     ,P3RHS0_1247 ,P3RHS0_1247 -> P3RDT656  ,
P3RDT50LV   ,P3RHS0_1247 ,P3RHS0_1247 -> P3RDT656  ,
P3RDT51     ,P3RHS0_1247 ,P3RHS0_1247 -> P3RDT656  ,
P3RDT51LV   ,P3RHS0_1247 ,P3RHS0_1247 -> P3RDT656  ,
P3RDT52     ,P3RHS0_1247 ,P3RHS0_1247 -> P3RDT656  ,
P3RDT52LV   ,P3RHS0_1247 ,P3RHS0_1247 -> P3RDT656  ,
P3RDT53     ,P3RHS0_1247 ,P3RHS0_1247 -> P3RDT656  ,
P3RDT53LV   ,P3RHS0_1247 ,P3RHS0_1247 -> P3RDT656  ,
P3RDT54     ,P3RHS0_1247 ,P3RHS0_1247 -> P3RDT656  ,
P3RDT54LV   ,P3RHS0_1247 ,P3RHS0_1247 -> P3RDT656  ,
P3RDT55     ,P3RHS0_1247 ,P3RHS0_1247 -> P3RDT656  ,
P3RDT55LV   ,P3RHS0_1247 ,P3RHS0_1247 -> P3RDT656  ,
P3RDT56     ,P3RHS0_1247 ,P3RHS0_1247 -> P3RDT656  ,
P3RDT56LV   ,P3RHS0_1247 ,P3RHS0_1247 -> P3RDT656  ,
P3RDT57     ,P3RHS0_1247 ,P3RHS0_1247 -> P3RDT656  ,
P3RDT57LV   ,P3RHS0_1247 ,P3RHS0_1247 -> P3RDT656  ,
P3RDT58     ,P3RHS0_1247 ,P3RHS0_1247 -> P3RDT656  ,
P3RDT58LV   ,P3RHS0_1247 ,P3RHS0_1247 -> P3RDT656  ,
P3RDT59     ,P3RHS0_1247 ,P3RHS0_1247 -> P3RDT836  ,
P3RDT59LV   ,P3RHS0_1247 ,P3RHS0_1247 -> P3RDT836  ,
P3RDT60     ,P3RHS0_1247 ,P3RHS0_1247 -> P3RDT836  ,
P3RDT60LV   ,P3RHS0_1247 ,P3RHS0_1247 -> P3RDT836  ,
P3RDT61     ,P3RHS0_1247 ,P3RHS0_1247 -> P3RDT836  ,
P3RDT61LV   ,P3RHS0_1247 ,P3RHS0_1247 -> P3RDT836  ,
P3RDT62     ,P3RHS0_1247 ,P3RHS0_1247 -> P3RDT836  ,
P3RDT62LV   ,P3RHS0_1247 ,P3RHS0_1247 -> P3RDT836  ,
P3RDT63     ,P3RHS0_1247 ,P3RHS0_1247 -> P3RDT836  ,
P3RDT63LV   ,P3RHS0_1247 ,P3RHS0_1247 -> P3RDT836  ,
P3RDT64     ,P3RHS0_1247 ,P3RHS0_1247 -> P3RDT836  ,
P3RDT64LV   ,P3RHS0_1247 ,P3RHS0_1247 -> P3RDT836  ,
P3RDT65     ,P3RHS0_1247 ,P3RHS0_1247 -> P3RDT1052 ,
P3RDT65LV   ,P3RHS0_1247 ,P3RHS0_1247 -> P3RDT1052 ,
P3RDT66     ,P3RHS0_1247 ,P3RHS0_1247 -> P3RDT1052 ,
P3RDT66LV   ,P3RHS0_1247 ,P3RHS0_1247 -> P3RDT1052 ,
P3RDT67     ,P3RHS0_1247 ,P3RHS0_1247 -> P3RDT1052 ,
P3RDT67LV   ,P3RHS0_1247 ,P3RHS0_1247 -> P3RDT1052 ,
P3RDT68     ,P3RHS0_1247 ,P3RHS0_1247 -> P3RDT1052 ,
P3RDT68LV   ,P3RHS0_1247 ,P3RHS0_1247 -> P3RDT1052 ,
P3RDT69     ,P3RHS0_1247 ,P3RHS0_1247 -> P3RDT1052 ,
P3RDT69LV   ,P3RHS0_1247 ,P3RHS0_1247 -> P3RDT1052 ,
P3RDT70     ,P3RHS0_1247 ,P3RHS0_1247 -> P3RDT1052 ,
P3RDT70LV   ,P3RHS0_1247 ,P3RHS0_1247 -> P3RDT1052 ,
P3RDT71     ,P3RHS0_1247 ,P3RHS0_1247 -> P3RDT1052 ,
P3RDT71LV   ,P3RHS0_1247 ,P3RHS0_1247 -> P3RDT1052 ,
P3RDT72     ,P3RHS0_1247 ,P3RHS0_1247 -> P3RDT1052 ,
P3RDT72LV   ,P3RHS0_1247 ,P3RHS0_1247 -> P3RDT1052 ,
P3RDT73     ,P3RHS0_1247 ,P3RHS0_1247 -> P3RDT1052 ,
P3RDT73LV   ,P3RHS0_1247 ,P3RHS0_1247 -> P3RDT1052 ,
P3RDT74     ,P3RHS0_1247 ,P3RHS0_1247 -> P3RDT1052 ,
P3RDT74LV   ,P3RHS0_1247 ,P3RHS0_1247 -> P3RDT1052 ,
P3RDT75     ,P3RHS0_1247 ,P3RHS0_1247 -> P3RDT1052 ,
P3RDT75LV   ,P3RHS0_1247 ,P3RHS0_1247 -> P3RDT1052 ,
P3RDT76     ,P3RHS0_1247 ,P3RHS0_1247 -> P3RDT1052 ,
P3RDT76LV   ,P3RHS0_1247 ,P3RHS0_1247 -> P3RDT1052 ,
P3RDT77     ,P3RHS0_1247 ,P3RHS0_1247 -> P3RDT1052 ,
P3RDT77LV   ,P3RHS0_1247 ,P3RHS0_1247 -> P3RDT1052 ,
P3RDT78     ,P3RHS0_1247 ,P3RHS0_1247 -> P3RDT1052 ,
P3RDT78LV   ,P3RHS0_1247 ,P3RHS0_1247 -> P3RDT1052 ,
P3RDT79     ,P3RHS0_1247 ,P3RHS0_1247 -> P3RDT1052 ,
P3RDT79LV   ,P3RHS0_1247 ,P3RHS0_1247 -> P3RDT1052 ,
P3RDT80     ,P3RHS0_1247 ,P3RHS0_1247 -> P3RDT1052 ,
P3RDT80LV   ,P3RHS0_1247 ,P3RHS0_1247 -> P3RDT1052 ,
P3RDT81     ,P3RHS0_1247 ,P3RHS0_1247 -> P3RDT1052 ,
P3RDT81LV   ,P3RHS0_1247 ,P3RHS0_1247 -> P3RDT1052 ,
P3RDT82     ,P3RHS0_1247 ,P3RHS0_1247 -> P3RDT1052 ,
P3RDT82LV   ,P3RHS0_1247 ,P3RHS0_1247 -> P3RDT1052 ,
P3RDT83     ,P3RHS0_1247 ,P3RHS0_1247 -> P3RDT1052 ,
P3RDT83LV   ,P3RHS0_1247 ,P3RHS0_1247 -> P3RDT1052 ,
P3RDT84     ,P3RHS0_1247 ,P3RHS0_1247 -> P3RDT1052 ,
P3RDT84LV   ,P3RHS0_1247 ,P3RHS0_1247 -> P3RDT1052 ,
P3RDT85     ,P3RHS0_1247 ,P3RHS0_1247 -> P3RDT1052 ,
P3RDT85LV   ,P3RHS0_1247 ,P3RHS0_1247 -> P3RDT1052 ,
P3RDT86     ,P3RHS0_1247 ,P3RHS0_1247 -> P3RDT656  ,
P3RDT86LV   ,P3RHS0_1247 ,P3RHS0_1247 -> P3RDT656  ,
P3RDT87     ,P3RHS0_1247 ,P3RHS0_1247 -> P3RDT656  ,
P3RDT87LV   ,P3RHS0_1247 ,P3RHS0_1247 -> P3RDT656  ,
P3RDT88     ,P3RHS0_1247 ,P3RHS0_1247 -> P3RDT656  ,
P3RDT88LV   ,P3RHS0_1247 ,P3RHS0_1247 -> P3RDT656  ,
P3RDT89     ,P3RHS0_1247 ,P3RHS0_1247 -> P3RDT656  ,
P3RDT89LV   ,P3RHS0_1247 ,P3RHS0_1247 -> P3RDT656  ,
P3RDT90     ,P3RHS0_1247 ,P3RHS0_1247 -> P3RDT656  ,
P3RDT90LV   ,P3RHS0_1247 ,P3RHS0_1247 -> P3RDT656  ,
P3RDT91     ,P3RHS0_1247 ,P3RHS0_1247 -> P3RDT656  ,
P3RDT91LV   ,P3RHS0_1247 ,P3RHS0_1247 -> P3RDT656  ,
P3RDT92     ,P3RHS0_1247 ,P3RHS0_1247 -> P3RDT656  ,
P3RDT92LV   ,P3RHS0_1247 ,P3RHS0_1247 -> P3RDT656  ,
P3RDT93     ,P3RHS0_1247 ,P3RHS0_1247 -> P3RDT656  ,
P3RDT93LV   ,P3RHS0_1247 ,P3RHS0_1247 -> P3RDT656  ,
P3RDT94     ,P3RHS0_1247 ,P3RHS0_1247 -> P3RDT656  ,
P3RDT94LV   ,P3RHS0_1247 ,P3RHS0_1247 -> P3RDT656  ,
P3RDT95     ,P3RHS1_1247 ,P3RHS1_1247 -> P3RDT1272 ,
P3RDT95LV   ,P3RHS1_1247 ,P3RHS1_1247 -> P3RDT1272 ,
P3RDT96     ,P3RHS1_1247 ,P3RHS1_1247 -> P3RDT1272 ,
P3RDT96LV   ,P3RHS1_1247 ,P3RHS1_1247 -> P3RDT1272 ,
P3RDT97     ,P3RHS1_1247 ,P3RHS1_1247 -> P3RDT1272 ,
P3RDT97LV   ,P3RHS1_1247 ,P3RHS1_1247 -> P3RDT1272 ,
P3RDT98     ,P3RHS1_1247 ,P3RHS1_1247 -> P3RDT1272 ,
P3RDT98LV   ,P3RHS1_1247 ,P3RHS1_1247 -> P3RDT1272 ,
P3RDT99     ,P3RHS0_1247 ,P3RHS0_1247 -> P3RDT656  ,
P3RDT99LV   ,P3RHS0_1247 ,P3RHS0_1247 -> P3RDT656  ,
P3RDT100    ,P3RHS0_1247 ,P3RHS0_1247 -> P3RDT656  ,
P3RDT100LV  ,P3RHS0_1247 ,P3RHS0_1247 -> P3RDT656  ,
P3RDT101    ,P3RHS0_1247 ,P3RHS0_1247 -> P3RDT656  ,
P3RDT101LV  ,P3RHS0_1247 ,P3RHS0_1247 -> P3RDT656  ,
P3RDT102    ,P3RHS0_1247 ,P3RHS0_1247 -> P3RDT656  ,
P3RDT102LV  ,P3RHS0_1247 ,P3RHS0_1247 -> P3RDT656  ,
P3RDT103    ,P3RHS0_1247 ,P3RHS0_1247 -> P3RDT656  ,
P3RDT103LV  ,P3RHS0_1247 ,P3RHS0_1247 -> P3RDT656  ,
P3RDT104    ,P3RHS0_1247 ,P3RHS0_1247 -> P3RDT1052 ,
P3RDT104LV  ,P3RHS0_1247 ,P3RHS0_1247 -> P3RDT1052 ,
P3RDT105    ,P3RHS0_1247 ,P3RHS0_1247 -> P3RDT1052 ,
P3RDT105LV  ,P3RHS0_1247 ,P3RHS0_1247 -> P3RDT1052 ,
P3RDT106    ,P3RHS0_1247 ,P3RHS0_1247 -> P3RDT1052 ,
P3RDT106LV  ,P3RHS0_1247 ,P3RHS0_1247 -> P3RDT1052 ,
P3RDT107    ,P3RHS0_1247 ,P3RHS0_1247 -> P3RDT1052 ,
P3RDT107LV  ,P3RHS0_1247 ,P3RHS0_1247 -> P3RDT1052 ,
P3RDT108    ,P3RHS0_1247 ,P3RHS0_1247 -> P3RDT1052 ,
P3RDT108LV  ,P3RHS0_1247 ,P3RHS0_1247 -> P3RDT1052 ,
P3RDT109    ,P3RHS0_1247 ,P3RHS0_1247 -> P3RDT1052 ,
P3RDT109LV  ,P3RHS0_1247 ,P3RHS0_1247 -> P3RDT1052 ,
P3RDT110    ,P3RHS0_1247 ,P3RHS0_1247 -> P3RDT1052 ,
P3RDT110LV  ,P3RHS0_1247 ,P3RHS0_1247 -> P3RDT1052 ,
P3RDT111    ,P3RHS0_1247 ,P3RHS0_1247 -> P3RDT1052 ,
P3RDT111LV  ,P3RHS0_1247 ,P3RHS0_1247 -> P3RDT1052 ,
P3RDT112    ,P3RHS0_1247 ,P3RHS0_1247 -> P3RDT1052 ,
P3RDT112LV  ,P3RHS0_1247 ,P3RHS0_1247 -> P3RDT1052 ,
P3RDT113    ,P3RHS0_1247 ,P3RHS0_1247 -> P3RDT1052 ,
P3RDT113LV  ,P3RHS0_1247 ,P3RHS0_1247 -> P3RDT1052 ,
P3RDT114    ,P3RHS0_1247 ,P3RHS0_1247 -> P3RDT1052 ,
P3RDT114LV  ,P3RHS0_1247 ,P3RHS0_1247 -> P3RDT1052 ,
P3RDT115    ,P3RHS0_1247 ,P3RHS0_1247 -> P3RDT1052 ,
P3RDT115LV  ,P3RHS0_1247 ,P3RHS0_1247 -> P3RDT1052 ,
P3RDT116    ,P3RHS1_1247 ,P3RHS1_1247 -> P3RDT1272 ,
P3RDT116LV  ,P3RHS1_1247 ,P3RHS1_1247 -> P3RDT1272 ,
P3RDT117    ,P3RHS0_1247 ,P3RHS0_1247 -> P3RDT1052 ,
P3RDT117LV  ,P3RHS0_1247 ,P3RHS0_1247 -> P3RDT1052 ,
P3RDT118    ,P3RHS0_1247 ,P3RHS0_1247 -> P3RDT1052 ,
P3RDT118LV  ,P3RHS0_1247 ,P3RHS0_1247 -> P3RDT1052 ,
P3RDT119    ,P3RHS0_1247 ,P3RHS0_1247 -> P3RDT1052 ,
P3RDT119LV  ,P3RHS0_1247 ,P3RHS0_1247 -> P3RDT1052 ,
P3RDT120    ,P3RHS0_1247 ,P3RHS0_1247 -> P3RDT1052 ,
P3RDT120LV  ,P3RHS0_1247 ,P3RHS0_1247 -> P3RDT1052 ,
P3RDT121    ,P3RHS0_1247 ,P3RHS0_1247 -> P3RDT1052 ,
P3RDT121LV  ,P3RHS0_1247 ,P3RHS0_1247 -> P3RDT1052 ,
P3RDT122    ,P3RHS0_1247 ,P3RHS0_1247 -> P3RDT836  ,
P3RDT122LV  ,P3RHS0_1247 ,P3RHS0_1247 -> P3RDT836  ,
P3RDT123    ,P3RHS0_1247 ,P3RHS0_1247 -> P3RDT656  ,
P3RDT123LV  ,P3RHS0_1247 ,P3RHS0_1247 -> P3RDT656  ,
P3RDT124    ,P3RHS0_1247 ,P3RHS0_1247 -> P3RDT656  ,
P3RDT124LV  ,P3RHS0_1247 ,P3RHS0_1247 -> P3RDT656  ,
P3RDT125    ,P3RHS0_1247 ,P3RHS0_1247 -> P3RDT656  ,
P3RDT125LV  ,P3RHS0_1247 ,P3RHS0_1247 -> P3RDT656  ,
P3RDT126    ,P3RHS0_1247 ,P3RHS0_1247 -> P3RDT656  ,
P3RDT126LV  ,P3RHS0_1247 ,P3RHS0_1247 -> P3RDT656  ,
P3RDT127    ,P3RHS1_1247 ,P3RHS1_1247 -> P3RDT1272 ,
P3RDT127LV  ,P3RHS1_1247 ,P3RHS1_1247 -> P3RDT1272 ,
P3RDT128    ,P3RHS0_1247 ,P3RHS0_1247 -> P3RDT1052 ,
P3RDT128LV  ,P3RHS0_1247 ,P3RHS0_1247 -> P3RDT1052 ,
P3RDT129    ,P3RHS0_1247 ,P3RHS0_1247 -> P3RDT1052 ,
P3RDT129LV  ,P3RHS0_1247 ,P3RHS0_1247 -> P3RDT1052 ,
P3RDT130    ,P3RHS0_1247 ,P3RHS0_1247 -> P3RDT1052 ,
P3RDT130LV  ,P3RHS0_1247 ,P3RHS0_1247 -> P3RDT1052 ,
P3RDT131    ,P3RHS0_1247 ,P3RHS0_1247 -> P3RDT1052 ,
P3RDT131LV  ,P3RHS0_1247 ,P3RHS0_1247 -> P3RDT1052 ,
P3RDT132    ,P3RHS0_1247 ,P3RHS0_1247 -> P3RDT1052 ,
P3RDT132LV  ,P3RHS0_1247 ,P3RHS0_1247 -> P3RDT1052 ,
P3RDT133    ,P3RHS0_1247 ,P3RHS0_1247 -> P3RDT1052 ,
P3RDT133LV  ,P3RHS0_1247 ,P3RHS0_1247 -> P3RDT1052 ,
P3RDT134    ,P3RHS0_1247 ,P3RHS0_1247 -> P3RDT1052 ,
P3RDT134LV  ,P3RHS0_1247 ,P3RHS0_1247 -> P3RDT1052 ,
P3RDT135    ,P3RHS0_1247 ,P3RHS0_1247 -> P3RDT1052 ,
P3RDT135LV  ,P3RHS0_1247 ,P3RHS0_1247 -> P3RDT1052 ,
P3RDT136    ,P3RHS0_1247 ,P3RHS0_1247 -> P3RDT1052 ,
P3RDT136LV  ,P3RHS0_1247 ,P3RHS0_1247 -> P3RDT1052 ,
P3RDT137    ,P3RHS0_1247 ,P3RHS0_1247 -> P3RDT836  ,
P3RDT137LV  ,P3RHS0_1247 ,P3RHS0_1247 -> P3RDT836  ,
P3RDT138    ,P3RHS0_1247 ,P3RHS0_1247 -> P3RDT836  ,
P3RDT138LV  ,P3RHS0_1247 ,P3RHS0_1247 -> P3RDT836  ,
P3RDT139    ,P3RHS0_1247 ,P3RHS0_1247 -> P3RDT836  ,
P3RDT139LV  ,P3RHS0_1247 ,P3RHS0_1247 -> P3RDT836  ,
P3RDT140    ,P3RHS0_1247 ,P3RHS0_1247 -> P3RDT836  ,
P3RDT140LV  ,P3RHS0_1247 ,P3RHS0_1247 -> P3RDT836  ,
P3RDT141    ,P3RHS0_1247 ,P3RHS0_1247 -> P3RDT836  ,
P3RDT141LV  ,P3RHS0_1247 ,P3RHS0_1247 -> P3RDT836  ,
P3RDT142    ,P3RHS0_1247 ,P3RHS0_1247 -> P3RDT836  ,
P3RDT142LV  ,P3RHS0_1247 ,P3RHS0_1247 -> P3RDT836  ,
P3RDT143    ,P3RHS0_1247 ,P3RHS0_1247 -> P3RDT836  ,
P3RDT143LV  ,P3RHS0_1247 ,P3RHS0_1247 -> P3RDT836  ,
P3RDT144    ,P3RHS0_1247 ,P3RHS0_1247 -> P3RDT836  ,
P3RDT144LV  ,P3RHS0_1247 ,P3RHS0_1247 -> P3RDT836  ,
P3RDT145    ,P3RHS0_1247 ,P3RHS0_1247 -> P3RDT836  ,
P3RDT145LV  ,P3RHS0_1247 ,P3RHS0_1247 -> P3RDT836  ,
P3RDT146    ,P3RHS0_1247 ,P3RHS0_1247 -> P3RDT836  ,
P3RDT146LV  ,P3RHS0_1247 ,P3RHS0_1247 -> P3RDT836  ,
P3RDT147    ,P3RHS0_1247 ,P3RHS0_1247 -> P3RDT836  ,
P3RDT147LV  ,P3RHS0_1247 ,P3RHS0_1247 -> P3RDT836  ,
P3RDT148    ,P3RHS0_1247 ,P3RHS0_1247 -> P3RDT836  ,
P3RDT148LV  ,P3RHS0_1247 ,P3RHS0_1247 -> P3RDT836  ,
P3RDT149    ,P3RHS0_1247 ,P3RHS0_1247 -> P3RDT836  ,
P3RDT149LV  ,P3RHS0_1247 ,P3RHS0_1247 -> P3RDT836  ,
P3RDT150    ,P3RHS0_1247 ,P3RHS0_1247 -> P3RDT836  ,
P3RDT150LV  ,P3RHS0_1247 ,P3RHS0_1247 -> P3RDT836  ,
P3RDT151    ,P3RHS0_1247 ,P3RHS0_1247 -> P3RDT836  ,
P3RDT151LV  ,P3RHS0_1247 ,P3RHS0_1247 -> P3RDT836  ,
P3RDT152    ,P3RHS0_1247 ,P3RHS0_1247 -> P3RDT1052 ,
P3RDT152LV  ,P3RHS0_1247 ,P3RHS0_1247 -> P3RDT1052 ,
P3RDT153    ,P3RHS0_1247 ,P3RHS0_1247 -> P3RDT1052 ,
P3RDT153LV  ,P3RHS0_1247 ,P3RHS0_1247 -> P3RDT1052 ,
P3RDT154    ,P3RHS0_1247 ,P3RHS0_1247 -> P3RDT1052 ,
P3RDT154LV  ,P3RHS0_1247 ,P3RHS0_1247 -> P3RDT1052 ,
P3RDT155    ,P3RHS0_1247 ,P3RHS0_1247 -> P3RDT1052 ,
P3RDT155LV  ,P3RHS0_1247 ,P3RHS0_1247 -> P3RDT1052 ,
P3RDT156    ,P3RHS0_1247 ,P3RHS0_1247 -> P3RDT1052 ,
P3RDT156LV  ,P3RHS0_1247 ,P3RHS0_1247 -> P3RDT1052 ,
P3RDT157    ,P3RHS0_1247 ,P3RHS0_1247 -> P3RDT1052 ,
P3RDT157LV  ,P3RHS0_1247 ,P3RHS0_1247 -> P3RDT1052 ,
P3RDT158    ,P3RHS0_1247 ,P3RHS0_1247 -> P3RDT1052 ,
P3RDT158LV  ,P3RHS0_1247 ,P3RHS0_1247 -> P3RDT1052 ,
P3RDT159    ,P3RHS0_1247 ,P3RHS0_1247 -> P3RDT1052 ,
P3RDT159LV  ,P3RHS0_1247 ,P3RHS0_1247 -> P3RDT1052 ,
P3RDT160    ,P3RHS0_1247 ,P3RHS0_1247 -> P3RDT656  ,
P3RDT160LV  ,P3RHS0_1247 ,P3RHS0_1247 -> P3RDT656  ,
P3RDT161    ,P3RHS0_1247 ,P3RHS0_1247 -> P3RDT1052 ,
P3RDT161LV  ,P3RHS0_1247 ,P3RHS0_1247 -> P3RDT1052 ,
P3RDT162    ,P3RHS0_1247 ,P3RHS0_1247 -> P3RDT1052 ,
P3RDT162LV  ,P3RHS0_1247 ,P3RHS0_1247 -> P3RDT1052 ,
P3RDT163    ,P3RHS0_1247 ,P3RHS0_1247 -> P3RDT1052 ,
P3RDT163LV  ,P3RHS0_1247 ,P3RHS0_1247 -> P3RDT1052 ,
P3RDT164    ,P3RHS0_1247 ,P3RHS0_1247 -> P3RDT1052 ,
P3RDT164LV  ,P3RHS0_1247 ,P3RHS0_1247 -> P3RDT1052 ,
P3RDT165    ,P3RHS0_1247 ,P3RHS0_1247 -> P3RDT1052 ,
P3RDT165LV  ,P3RHS0_1247 ,P3RHS0_1247 -> P3RDT1052 ,
P3RDT166    ,P3RHS0_1247 ,P3RHS0_1247 -> P3RDT1052 ,
P3RDT166LV  ,P3RHS0_1247 ,P3RHS0_1247 -> P3RDT1052 ,
P3RDT167    ,P3RHS0_1247 ,P3RHS0_1247 -> P3RDT1052 ,
P3RDT167LV  ,P3RHS0_1247 ,P3RHS0_1247 -> P3RDT1052 ,
P3RDT168    ,P3RHS0_1247 ,P3RHS0_1247 -> P3RDT1052 ,
P3RDT168LV  ,P3RHS0_1247 ,P3RHS0_1247 -> P3RDT1052 ,
P3RDT169    ,P3RHS0_1247 ,P3RHS0_1247 -> P3RDT1052 ,
P3RDT169LV  ,P3RHS0_1247 ,P3RHS0_1247 -> P3RDT1052 ,
P3RDT170    ,P3RHS0_1247 ,P3RHS0_1247 -> P3RDT1052 ,
P3RDT170LV  ,P3RHS0_1247 ,P3RHS0_1247 -> P3RDT1052 ,
P3RDT171    ,P3RHS0_1247 ,P3RHS0_1247 -> P3RDT1052 ,
P3RDT171LV  ,P3RHS0_1247 ,P3RHS0_1247 -> P3RDT1052 ,
P3RDT172    ,P3RHS1_1247 ,P3RHS1_1247 -> P3RDT1272 ,
P3RDT172LV  ,P3RHS1_1247 ,P3RHS1_1247 -> P3RDT1272 ,
P3RDT173    ,P3RHS1_1247 ,P3RHS1_1247 -> P3RDT1272 ,
P3RDT173LV  ,P3RHS1_1247 ,P3RHS1_1247 -> P3RDT1272 ,
P3RDT174    ,P3RHS1_1247 ,P3RHS1_1247 -> P3RDT1272 ,
P3RDT174LV  ,P3RHS1_1247 ,P3RHS1_1247 -> P3RDT1272 ,
P3RDT175    ,P3RHS1_1247 ,P3RHS1_1247 -> P3RDT1272 ,
P3RDT175LV  ,P3RHS1_1247 ,P3RHS1_1247 -> P3RDT1272 ,
P3RDT176    ,P3RHS0_1247 ,P3RHS0_1247 -> P3RDT1052 ,
P3RDT176LV  ,P3RHS0_1247 ,P3RHS0_1247 -> P3RDT1052 ,
P3RDT177    ,P3RHS1_1247 ,P3RHS1_1247 -> P3RDT1272 ,
P3RDT177LV  ,P3RHS1_1247 ,P3RHS1_1247 -> P3RDT1272 ,
P3RDT178    ,P3RHS0_1247 ,P3RHS0_1247 -> P3RDT1052 ,
P3RDT178LV  ,P3RHS0_1247 ,P3RHS0_1247 -> P3RDT1052 ,
P3RDT179    ,P3RHS0_1247 ,P3RHS0_1247 -> P3RDT1052 ,
P3RDT179LV  ,P3RHS0_1247 ,P3RHS0_1247 -> P3RDT1052 ,
P3RDT180    ,P3RHS0_1247 ,P3RHS0_1247 -> P3RDT831  ,
P3RDT180LV  ,P3RHS0_1247 ,P3RHS0_1247 -> P3RDT831  ,
P3RDT181    ,P3RHS0_1247 ,P3RHS0_1247 -> P3RDT831  ,
P3RDT181LV  ,P3RHS0_1247 ,P3RHS0_1247 -> P3RDT831  ,
P3RDT182    ,P3RHS0_1247 ,P3RHS0_1247 -> P3RDT831  ,
P3RDT182LV  ,P3RHS0_1247 ,P3RHS0_1247 -> P3RDT831  ,
P3RDT183    ,P3RHS0_1247 ,P3RHS0_1247 -> P3RDT836  ,
P3RDT183LV  ,P3RHS0_1247 ,P3RHS0_1247 -> P3RDT836  ,
P3RDT184    ,P3RHS0_1247 ,P3RHS0_1247 -> P3RDT836  ,
P3RDT184LV  ,P3RHS0_1247 ,P3RHS0_1247 -> P3RDT836  ,
P3RDT185    ,P3RHS0_1247 ,P3RHS0_1247 -> P3RDT999  ,
P3RDT185LV  ,P3RHS0_1247 ,P3RHS0_1247 -> P3RDT999  ,
P3RDT186    ,P3RHS0_1247 ,P3RHS0_1247 -> P3RDT831  ,
P3RDT186LV  ,P3RHS0_1247 ,P3RHS0_1247 -> P3RDT831  ,
P3RDT187    ,P3RHS0_1247 ,P3RHS0_1247 -> P3RDT836  ,
P3RDT187LV  ,P3RHS0_1247 ,P3RHS0_1247 -> P3RDT836  ,
P3RDT188    ,P3RHS0_1247 ,P3RHS0_1247 -> P3RDT836  ,
P3RDT188LV  ,P3RHS0_1247 ,P3RHS0_1247 -> P3RDT836  ,
P3RDT189    ,P3RHS0_1247 ,P3RHS0_1247 -> P3RDT999  ,
P3RDT189LV  ,P3RHS0_1247 ,P3RHS0_1247 -> P3RDT999  ,
P3RDT190    ,P3RHS0_1247 ,P3RHS0_1247 -> P3RDT831  ,
P3RDT190LV  ,P3RHS0_1247 ,P3RHS0_1247 -> P3RDT831  ,
P3RDT191    ,P3RHS0_1247 ,P3RHS0_1247 -> P3RDT831  ,
P3RDT191LV  ,P3RHS0_1247 ,P3RHS0_1247 -> P3RDT831  ,
P3RDT192    ,P3RHS0_1247 ,P3RHS0_1247 -> P3RDT831  ,
P3RDT192LV  ,P3RHS0_1247 ,P3RHS0_1247 -> P3RDT831  ,
P3RDT193    ,P3RHS0_1247 ,P3RHS0_1247 -> P3RDT999  ,
P3RDT193LV  ,P3RHS0_1247 ,P3RHS0_1247 -> P3RDT999  ,
P3RDT194    ,P3RHS0_1247 ,P3RHS0_1247 -> P3RDT999  ,
P3RDT194LV  ,P3RHS0_1247 ,P3RHS0_1247 -> P3RDT999  ,
P3RDT195    ,P3RHS0_1247 ,P3RHS0_1247 -> P3RDT831  ,
P3RDT195LV  ,P3RHS0_1247 ,P3RHS0_1247 -> P3RDT831  ,
P3RDT196    ,P3RHS0_1247 ,P3RHS0_1247 -> P3RDT831  ,
P3RDT196LV  ,P3RHS0_1247 ,P3RHS0_1247 -> P3RDT831  ,
P3RDT197    ,P3RHS0_1247 ,P3RHS0_1247 -> P3RDT999  ,
P3RDT197LV  ,P3RHS0_1247 ,P3RHS0_1247 -> P3RDT999  ,
P3RDT198    ,P3RHS0_1247 ,P3RHS0_1247 -> P3RDT831  ,
P3RDT198LV  ,P3RHS0_1247 ,P3RHS0_1247 -> P3RDT831  ,
P3RDT199    ,P3RHS0_1247 ,P3RHS0_1247 -> P3RDT831  ,
P3RDT199LV  ,P3RHS0_1247 ,P3RHS0_1247 -> P3RDT831  ,
P3RDT200    ,P3RHS0_1247 ,P3RHS0_1247 -> P3RDT999  ,
P3RDT200LV  ,P3RHS0_1247 ,P3RHS0_1247 -> P3RDT999  ,
P3RDT201    ,P3RHS0_1247 ,P3RHS0_1247 -> P3RDT831  ,
P3RDT201LV  ,P3RHS0_1247 ,P3RHS0_1247 -> P3RDT831  ,
P3RDT202    ,P3RHS0_1247 ,P3RHS0_1247 -> P3RDT999  ,
P3RDT202LV  ,P3RHS0_1247 ,P3RHS0_1247 -> P3RDT999  ,
P3RDT203    ,P3RHS0_1247 ,P3RHS0_1247 -> P3RDT836  ,
P3RDT203LV  ,P3RHS0_1247 ,P3RHS0_1247 -> P3RDT836  ,
P3RDT204    ,P3RHS0_1247 ,P3RHS0_1247 -> P3RDT836  ,
P3RDT204LV  ,P3RHS0_1247 ,P3RHS0_1247 -> P3RDT836  ,
P3RDT205    ,P3RHS0_1247 ,P3RHS0_1247 -> P3RDT836  ,
P3RDT205LV  ,P3RHS0_1247 ,P3RHS0_1247 -> P3RDT836  ,
P3RDT206    ,P3RHS0_1247 ,P3RHS0_1247 -> P3RDT999  ,
P3RDT206LV  ,P3RHS0_1247 ,P3RHS0_1247 -> P3RDT999  ,
P3RDT207    ,P3RHS0_1247 ,P3RHS0_1247 -> P3RDT831  ,
P3RDT207LV  ,P3RHS0_1247 ,P3RHS0_1247 -> P3RDT831  ,
P3RDT208    ,P3RHS0_1247 ,P3RHS0_1247 -> P3RDT999  ,
P3RDT208LV  ,P3RHS0_1247 ,P3RHS0_1247 -> P3RDT999  ,
P3RDT209    ,P3RHS0_1247 ,P3RHS0_1247 -> P3RDT836  ,
P3RDT209LV  ,P3RHS0_1247 ,P3RHS0_1247 -> P3RDT836  ,
P3RDT210    ,P3RHS0_1247 ,P3RHS0_1247 -> P3RDT999  ,
P3RDT210LV  ,P3RHS0_1247 ,P3RHS0_1247 -> P3RDT999  ,
P3RDT211    ,P3RHS0_1247 ,P3RHS0_1247 -> P3RDT836  ,
P3RDT211LV  ,P3RHS0_1247 ,P3RHS0_1247 -> P3RDT836  ,
P3RDT212    ,P3RHS0_1247 ,P3RHS0_1247 -> P3RDT836  ,
P3RDT212LV  ,P3RHS0_1247 ,P3RHS0_1247 -> P3RDT836  ,
P3RDT213    ,P3RHS0_1247 ,P3RHS0_1247 -> P3RDT831  ,
P3RDT213LV  ,P3RHS0_1247 ,P3RHS0_1247 -> P3RDT831  ,
P3RDT214    ,P3RHS0_1247 ,P3RHS0_1247 -> P3RDT836  ,
P3RDT214LV  ,P3RHS0_1247 ,P3RHS0_1247 -> P3RDT836  ,
P3RDT215    ,P3RHS0_1247 ,P3RHS0_1247 -> P3RDT999  ,
P3RDT215LV  ,P3RHS0_1247 ,P3RHS0_1247 -> P3RDT999  ,
P3RDT216    ,P3RHS0_1247 ,P3RHS0_1247 -> P3RDT999  ,
P3RDT216LV  ,P3RHS0_1247 ,P3RHS0_1247 -> P3RDT999  ,
P3RDT217    ,P3RHS0_1247 ,P3RHS0_1247 -> P3RDT831  ,
P3RDT217LV  ,P3RHS0_1247 ,P3RHS0_1247 -> P3RDT831  ,
P3RDT218    ,P3RHS0_1247 ,P3RHS0_1247 -> P3RDT831  ,
P3RDT218LV  ,P3RHS0_1247 ,P3RHS0_1247 -> P3RDT831  ,
P3RDT219    ,P3RHS0_1247 ,P3RHS0_1247 -> P3RDT999  ,
P3RDT219LV  ,P3RHS0_1247 ,P3RHS0_1247 -> P3RDT999  ,
P3RDT220    ,P3RHS0_1247 ,P3RHS0_1247 -> P3RDT831  ,
P3RDT220LV  ,P3RHS0_1247 ,P3RHS0_1247 -> P3RDT831  ,
P3RDT221    ,P3RHS0_1247 ,P3RHS0_1247 -> P3RDT999  ,
P3RDT221LV  ,P3RHS0_1247 ,P3RHS0_1247 -> P3RDT999  ,
P3RDT222    ,P3RHS0_1247 ,P3RHS0_1247 -> P3RDT999  ,
P3RDT222LV  ,P3RHS0_1247 ,P3RHS0_1247 -> P3RDT999  ,
P3RDT223    ,P3RHS0_1247 ,P3RHS0_1247 -> P3RDT999  ,
P3RDT223LV  ,P3RHS0_1247 ,P3RHS0_1247 -> P3RDT999  ,
P3RDT224    ,P3RHS0_1247 ,P3RHS0_1247 -> P3RDT999  ,
P3RDT224LV  ,P3RHS0_1247 ,P3RHS0_1247 -> P3RDT999  ,
P3RDT225    ,P3RHS0_1247 ,P3RHS0_1247 -> P3RDT999  ,
P3RDT225LV  ,P3RHS0_1247 ,P3RHS0_1247 -> P3RDT999  ,
P3RDT226    ,P3RHS0_1247 ,P3RHS0_1247 -> P3RDT836  ,
P3RDT226LV  ,P3RHS0_1247 ,P3RHS0_1247 -> P3RDT836  ,
P3RDT227    ,P3RHS0_1247 ,P3RHS0_1247 -> P3RDT836  ,
P3RDT227LV  ,P3RHS0_1247 ,P3RHS0_1247 -> P3RDT836  ,
P3RDT228    ,P3RHS0_1247 ,P3RHS0_1247 -> P3RDT836  ,
P3RDT228LV  ,P3RHS0_1247 ,P3RHS0_1247 -> P3RDT836  ,
P3RDT229    ,P3RHS0_1247 ,P3RHS0_1247 -> P3RDT836  ,
P3RDT229LV  ,P3RHS0_1247 ,P3RHS0_1247 -> P3RDT836  ,
P3RDT230    ,P3RHS0_1247 ,P3RHS0_1247 -> P3RDT836  ,
P3RDT230LV  ,P3RHS0_1247 ,P3RHS0_1247 -> P3RDT836  ,
P3RDT231    ,P3RHS0_1247 ,P3RHS0_1247 -> P3RDT836  ,
P3RDT231LV  ,P3RHS0_1247 ,P3RHS0_1247 -> P3RDT836  ,
P3RDT232    ,P3RHS0_1247 ,P3RHS0_1247 -> P3RDT836  ,
P3RDT232LV  ,P3RHS0_1247 ,P3RHS0_1247 -> P3RDT836  ,
P3RDT233    ,P3RHS0_1247 ,P3RHS0_1247 -> P3RDT836  ,
P3RDT233LV  ,P3RHS0_1247 ,P3RHS0_1247 -> P3RDT836  ,
P3RDT234    ,P3RHS0_1247 ,P3RHS0_1247 -> P3RDT836  ,
P3RDT234LV  ,P3RHS0_1247 ,P3RHS0_1247 -> P3RDT836  ,
P3RDT235    ,P3RHS0_1247 ,P3RHS0_1247 -> P3RDT836  ,
P3RDT235LV  ,P3RHS0_1247 ,P3RHS0_1247 -> P3RDT836  ,
P3RDT236    ,P3RHS0_1247 ,P3RHS0_1247 -> P3RDT836  ,
P3RDT236LV  ,P3RHS0_1247 ,P3RHS0_1247 -> P3RDT836  ,
P3RDT237    ,P3RHS0_1247 ,P3RHS0_1247 -> P3RDT836  ,
P3RDT237LV  ,P3RHS0_1247 ,P3RHS0_1247 -> P3RDT836  ,
P3RDT238    ,P3RHS0_1247 ,P3RHS0_1247 -> P3RDT836  ,
P3RDT238LV  ,P3RHS0_1247 ,P3RHS0_1247 -> P3RDT836  ,
P3RDT239    ,P3RHS0_1247 ,P3RHS0_1247 -> P3RDT836  ,
P3RDT239LV  ,P3RHS0_1247 ,P3RHS0_1247 -> P3RDT836  ,
P3RDT240    ,P3RHS0_1247 ,P3RHS0_1247 -> P3RDT836  ,
P3RDT240LV  ,P3RHS0_1247 ,P3RHS0_1247 -> P3RDT836  ,
P3RDT241    ,P3RHS0_1247 ,P3RHS0_1247 -> P3RDT836  ,
P3RDT241LV  ,P3RHS0_1247 ,P3RHS0_1247 -> P3RDT836  ,
P3RDT242    ,P3RHS0_1247 ,P3RHS0_1247 -> P3RDT836  ,
P3RDT242LV  ,P3RHS0_1247 ,P3RHS0_1247 -> P3RDT836  ,
P3RDT243    ,P3RHS0_1247 ,P3RHS0_1247 -> P3RDT836  ,
P3RDT243LV  ,P3RHS0_1247 ,P3RHS0_1247 -> P3RDT836  ,
P3RDT244    ,P3RHS0_1247 ,P3RHS0_1247 -> P3RDT836  ,
P3RDT244LV  ,P3RHS0_1247 ,P3RHS0_1247 -> P3RDT836  ,
P3RDT245    ,P3RHS0_1247 ,P3RHS0_1247 -> P3RDT836  ,
P3RDT245LV  ,P3RHS0_1247 ,P3RHS0_1247 -> P3RDT836  ,
P3RDT246    ,P3RHS0_1247 ,P3RHS0_1247 -> P3RDT836  ,
P3RDT246LV  ,P3RHS0_1247 ,P3RHS0_1247 -> P3RDT836  ,
P3RDT247    ,P3RHS0_1247 ,P3RHS0_1247 -> P3RDT836  ,
P3RDT247LV  ,P3RHS0_1247 ,P3RHS0_1247 -> P3RDT836  ,
P3RDT248    ,P3RHS0_1247 ,P3RHS0_1247 -> P3RDT836  ,
P3RDT248LV  ,P3RHS0_1247 ,P3RHS0_1247 -> P3RDT836  ,
P3RDT249    ,P3RHS0_1247 ,P3RHS0_1247 -> P3RDT836  ,
P3RDT249LV  ,P3RHS0_1247 ,P3RHS0_1247 -> P3RDT836  ,
P3RDT250    ,P3RHS0_1247 ,P3RHS0_1247 -> P3RDT836  ,
P3RDT250LV  ,P3RHS0_1247 ,P3RHS0_1247 -> P3RDT836  ,
P3RDT251    ,P3RHS0_1247 ,P3RHS0_1247 -> P3RDT836  ,
P3RDT251LV  ,P3RHS0_1247 ,P3RHS0_1247 -> P3RDT836  ,
P3RDT252    ,P3RHS0_1247 ,P3RHS0_1247 -> P3RDT836  ,
P3RDT252LV  ,P3RHS0_1247 ,P3RHS0_1247 -> P3RDT836  ,
P3RDT253    ,P3RHS0_1247 ,P3RHS0_1247 -> P3RDT836  ,
P3RDT253LV  ,P3RHS0_1247 ,P3RHS0_1247 -> P3RDT836  ,
P3RDT254    ,P3RHS0_1247 ,P3RHS0_1247 -> P3RDT836  ,
P3RDT254LV  ,P3RHS0_1247 ,P3RHS0_1247 -> P3RDT836  ,
P3RDT255    ,P3RHS0_1247 ,P3RHS0_1247 -> P3RDT836  ,
P3RDT255LV  ,P3RHS0_1247 ,P3RHS0_1247 -> P3RDT836  ,
P3RDT256    ,P3RHS0_1247 ,P3RHS0_1247 -> P3RDT836  ,
P3RDT256LV  ,P3RHS0_1247 ,P3RHS0_1247 -> P3RDT836  ,
P3RDT257    ,P3RHS0_1247 ,P3RHS0_1247 -> P3RDT836  ,
P3RDT257LV  ,P3RHS0_1247 ,P3RHS0_1247 -> P3RDT836  ,
P3RDT258    ,P3RHS0_1247 ,P3RHS0_1247 -> P3RDT836  ,
P3RDT258LV  ,P3RHS0_1247 ,P3RHS0_1247 -> P3RDT836  ,
P3RDT259    ,P3RHS0_1247 ,P3RHS0_1247 -> P3RDT836  ,
P3RDT259LV  ,P3RHS0_1247 ,P3RHS0_1247 -> P3RDT836  ,
P3RDT260    ,P3RHS0_1247 ,P3RHS0_1247 -> P3RDT836  ,
P3RDT260LV  ,P3RHS0_1247 ,P3RHS0_1247 -> P3RDT836  ,
P3RDT261    ,P3RHS0_1247 ,P3RHS0_1247 -> P3RDT836  ,
P3RDT261LV  ,P3RHS0_1247 ,P3RHS0_1247 -> P3RDT836  ,
P3RDT262    ,P3RHS0_1247 ,P3RHS0_1247 -> P3RDT836  ,
P3RDT262LV  ,P3RHS0_1247 ,P3RHS0_1247 -> P3RDT836  ,
P3RDT263    ,P3RHS0_1247 ,P3RHS0_1247 -> P3RDT836  ,
P3RDT263LV  ,P3RHS0_1247 ,P3RHS0_1247 -> P3RDT836  ,
P3RDT264    ,P3RHS0_1247 ,P3RHS0_1247 -> P3RDT836  ,
P3RDT264LV  ,P3RHS0_1247 ,P3RHS0_1247 -> P3RDT836  ,
P3RDT265    ,P3RHS0_1247 ,P3RHS0_1247 -> P3RDT836  ,
P3RDT265LV  ,P3RHS0_1247 ,P3RHS0_1247 -> P3RDT836  ,
P3RDT266    ,P3RHS0_1247 ,P3RHS0_1247 -> P3RDT836  ,
P3RDT266LV  ,P3RHS0_1247 ,P3RHS0_1247 -> P3RDT836  ,
P3RDT267    ,P3RHS0_1247 ,P3RHS0_1247 -> P3RDT836  ,
P3RDT267LV  ,P3RHS0_1247 ,P3RHS0_1247 -> P3RDT836  ,
P3RDT268    ,P3RHS0_1247 ,P3RHS0_1247 -> P3RDT836  ,
P3RDT268LV  ,P3RHS0_1247 ,P3RHS0_1247 -> P3RDT836  ,
P3RDT269    ,P3RHS0_1247 ,P3RHS0_1247 -> P3RDT836  ,
P3RDT269LV  ,P3RHS0_1247 ,P3RHS0_1247 -> P3RDT836  ,
P3RDT270    ,P3RHS0_1247 ,P3RHS0_1247 -> P3RDT836  ,
P3RDT270LV  ,P3RHS0_1247 ,P3RHS0_1247 -> P3RDT836  ,
P3RDT271    ,P3RHS0_1247 ,P3RHS0_1247 -> P3RDT836  ,
P3RDT271LV  ,P3RHS0_1247 ,P3RHS0_1247 -> P3RDT836  ,
P3RDT272    ,P3RHS0_1247 ,P3RHS0_1247 -> P3RDT836  ,
P3RDT272LV  ,P3RHS0_1247 ,P3RHS0_1247 -> P3RDT836  ,
P3RDT273    ,P3RHS0_1247 ,P3RHS0_1247 -> P3RDT836  ,
P3RDT273LV  ,P3RHS0_1247 ,P3RHS0_1247 -> P3RDT836  ,
P3RDT274    ,P3RHS0_1247 ,P3RHS0_1247 -> P3RDT836  ,
P3RDT274LV  ,P3RHS0_1247 ,P3RHS0_1247 -> P3RDT836  ,
P3RDT275    ,P3RHS0_1247 ,P3RHS0_1247 -> P3RDT836  ,
P3RDT275LV  ,P3RHS0_1247 ,P3RHS0_1247 -> P3RDT836  ,
P3RDT276    ,P3RHS0_1247 ,P3RHS0_1247 -> P3RDT836  ,
P3RDT276LV  ,P3RHS0_1247 ,P3RHS0_1247 -> P3RDT836  ,
P3RDT277    ,P3RHS0_1247 ,P3RHS0_1247 -> P3RDT836  ,
P3RDT277LV  ,P3RHS0_1247 ,P3RHS0_1247 -> P3RDT836  ,
P3RDT278    ,P3RHS0_1247 ,P3RHS0_1247 -> P3RDT836  ,
P3RDT278LV  ,P3RHS0_1247 ,P3RHS0_1247 -> P3RDT836  ,
P3RDT279    ,P3RHS0_1247 ,P3RHS0_1247 -> P3RDT836  ,
P3RDT279LV  ,P3RHS0_1247 ,P3RHS0_1247 -> P3RDT836  ,
P3RDT280    ,P3RHS0_1247 ,P3RHS0_1247 -> P3RDT836  ,
P3RDT280LV  ,P3RHS0_1247 ,P3RHS0_1247 -> P3RDT836  ,
P3RDT281    ,P3RHS0_1247 ,P3RHS0_1247 -> P3RDT836  ,
P3RDT281LV  ,P3RHS0_1247 ,P3RHS0_1247 -> P3RDT836  ,
P3RDT282    ,P3RHS0_1247 ,P3RHS0_1247 -> P3RDT836  ,
P3RDT282LV  ,P3RHS0_1247 ,P3RHS0_1247 -> P3RDT836  ,
P3RDT283    ,P3RHS0_1247 ,P3RHS0_1247 -> P3RDT999  ,
P3RDT283LV  ,P3RHS0_1247 ,P3RHS0_1247 -> P3RDT999  ,
P3RDT284    ,P3RHS0_1247 ,P3RHS0_1247 -> P3RDT836  ,
P3RDT284LV  ,P3RHS0_1247 ,P3RHS0_1247 -> P3RDT836  ,
P3RDT285    ,P3RHS0_1247 ,P3RHS0_1247 -> P3RDT999  ,
P3RDT285LV  ,P3RHS0_1247 ,P3RHS0_1247 -> P3RDT999  ,
P3RDT286    ,P3RHS0_1247 ,P3RHS0_1247 -> P3RDT999  ,
P3RDT286LV  ,P3RHS0_1247 ,P3RHS0_1247 -> P3RDT999  ,
P3RDT287    ,P3RHS0_1247 ,P3RHS0_1247 -> P3RDT999  ,
P3RDT287LV  ,P3RHS0_1247 ,P3RHS0_1247 -> P3RDT999  ,
P3RDT288    ,P3RHS0_1247 ,P3RHS0_1247 -> P3RDT999  ,
P3RDT288LV  ,P3RHS0_1247 ,P3RHS0_1247 -> P3RDT999  ,
P3RDT289    ,P3RHS0_1247 ,P3RHS0_1247 -> P3RDT999  ,
P3RDT289LV  ,P3RHS0_1247 ,P3RHS0_1247 -> P3RDT999  ,
P3RDT290    ,P3RHS0_1247 ,P3RHS0_1247 -> P3RDT999  ,
P3RDT290LV  ,P3RHS0_1247 ,P3RHS0_1247 -> P3RDT999  ,
P3RDT291    ,P3RHS0_1247 ,P3RHS0_1247 -> P3RDT999  ,
P3RDT291LV  ,P3RHS0_1247 ,P3RHS0_1247 -> P3RDT999  ,
P3RDT292    ,P3RHS0_1247 ,P3RHS0_1247 -> P3RDT999  ,
P3RDT292LV  ,P3RHS0_1247 ,P3RHS0_1247 -> P3RDT999  ,
P3RDT293    ,P3RHS0_1247 ,P3RHS0_1247 -> P3RDT999  ,
P3RDT293LV  ,P3RHS0_1247 ,P3RHS0_1247 -> P3RDT999  ,
P3RDT294    ,P3RHS0_1247 ,P3RHS0_1247 -> P3RDT999  ,
P3RDT294LV  ,P3RHS0_1247 ,P3RHS0_1247 -> P3RDT999  ,
P3RDT295    ,P3RHS0_1247 ,P3RHS0_1247 -> P3RDT999  ,
P3RDT295LV  ,P3RHS0_1247 ,P3RHS0_1247 -> P3RDT999  ,
P3RDT296    ,P3RHS0_1247 ,P3RHS0_1247 -> P3RDT999  ,
P3RDT296LV  ,P3RHS0_1247 ,P3RHS0_1247 -> P3RDT999  ,
P3RDT297    ,P3RHS0_1247 ,P3RHS0_1247 -> P3RDT999  ,
P3RDT297LV  ,P3RHS0_1247 ,P3RHS0_1247 -> P3RDT999  ,
P3RDT298    ,P3RHS0_1247 ,P3RHS0_1247 -> P3RDT999  ,
P3RDT298LV  ,P3RHS0_1247 ,P3RHS0_1247 -> P3RDT999  ,
P3RDT299    ,P3RHS0_1247 ,P3RHS0_1247 -> P3RDT999  ,
P3RDT299LV  ,P3RHS0_1247 ,P3RHS0_1247 -> P3RDT999  ,
P3RDT300    ,P3RHS0_1247 ,P3RHS0_1247 -> P3RDT999  ,
P3RDT300LV  ,P3RHS0_1247 ,P3RHS0_1247 -> P3RDT999  ,
P3RDT301    ,P3RHS0_1247 ,P3RHS0_1247 -> P3RDT999  ,
P3RDT301LV  ,P3RHS0_1247 ,P3RHS0_1247 -> P3RDT999  ,
P3RDT302    ,P3RHS0_1247 ,P3RHS0_1247 -> P3RDT999  ,
P3RDT302LV  ,P3RHS0_1247 ,P3RHS0_1247 -> P3RDT999  ,
P3RDT303    ,P3RHS0_1247 ,P3RHS0_1247 -> P3RDT999  ,
P3RDT303LV  ,P3RHS0_1247 ,P3RHS0_1247 -> P3RDT999  ,
P3RDT304    ,P3RHS0_1247 ,P3RHS0_1247 -> P3RDT999  ,
P3RDT304LV  ,P3RHS0_1247 ,P3RHS0_1247 -> P3RDT999  ,
P3RDT305    ,P3RHS0_1247 ,P3RHS0_1247 -> P3RDT999  ,
P3RDT305LV  ,P3RHS0_1247 ,P3RHS0_1247 -> P3RDT999  ,
P3RDT306    ,P3RHS0_1247 ,P3RHS0_1247 -> P3RDT999  ,
P3RDT306LV  ,P3RHS0_1247 ,P3RHS0_1247 -> P3RDT999  ,
P3RDT307    ,P3RHS0_1247 ,P3RHS0_1247 -> P3RDT999  ,
P3RDT307LV  ,P3RHS0_1247 ,P3RHS0_1247 -> P3RDT999  ,
P3RDT308    ,P3RHS0_1247 ,P3RHS0_1247 -> P3RDT999  ,
P3RDT308LV  ,P3RHS0_1247 ,P3RHS0_1247 -> P3RDT999  ,
P3RDT309    ,P3RHS0_1247 ,P3RHS0_1247 -> P3RDT999  ,
P3RDT309LV  ,P3RHS0_1247 ,P3RHS0_1247 -> P3RDT999  ,
P3RDT310    ,P3RHS0_1247 ,P3RHS0_1247 -> P3RDT999  ,
P3RDT310LV  ,P3RHS0_1247 ,P3RHS0_1247 -> P3RDT999  ,
P3RDT311    ,P3RHS0_1247 ,P3RHS0_1247 -> P3RDT999  ,
P3RDT311LV  ,P3RHS0_1247 ,P3RHS0_1247 -> P3RDT999  ,
P3RDT312    ,P3RHS0_1247 ,P3RHS0_1247 -> P3RDT999  ,
P3RDT312LV  ,P3RHS0_1247 ,P3RHS0_1247 -> P3RDT999  ,
P3RDT313    ,P3RHS0_1247 ,P3RHS0_1247 -> P3RDT1052 ,
P3RDT313LV  ,P3RHS0_1247 ,P3RHS0_1247 -> P3RDT1052 ,
P3RDT314    ,P3RHS0_1247 ,P3RHS0_1247 -> P3RDT1052 ,
P3RDT314LV  ,P3RHS0_1247 ,P3RHS0_1247 -> P3RDT1052 ,
P3RDT315    ,P3RHS0_1247 ,P3RHS0_1247 -> P3RDT836  ,
P3RDT315LV  ,P3RHS0_1247 ,P3RHS0_1247 -> P3RDT836  ,
P3RDT316    ,P3RHS0_1247 ,P3RHS0_1247 -> P3RDT836  ,
P3RDT316LV  ,P3RHS0_1247 ,P3RHS0_1247 -> P3RDT836  ,
P3RDT317    ,P3RHS0_1247 ,P3RHS0_1247 -> P3RDT836  ,
P3RDT317LV  ,P3RHS0_1247 ,P3RHS0_1247 -> P3RDT836  ,
P3RDT318    ,P3RHS0_1247 ,P3RHS0_1247 -> P3RDT836  ,
P3RDT318LV  ,P3RHS0_1247 ,P3RHS0_1247 -> P3RDT836  ,
P3RDT319    ,P3RHS0_1247 ,P3RHS0_1247 -> P3RDT836  ,
P3RDT319LV  ,P3RHS0_1247 ,P3RHS0_1247 -> P3RDT836  ,
P3RDT320    ,P3RHS0_1247 ,P3RHS0_1247 -> P3RDT836  ,
P3RDT320LV  ,P3RHS0_1247 ,P3RHS0_1247 -> P3RDT836  ,
P3RDT321    ,P3RHS0_1247 ,P3RHS0_1247 -> P3RDT836  ,
P3RDT321LV  ,P3RHS0_1247 ,P3RHS0_1247 -> P3RDT836  ,
P3RDT322    ,P3RHS0_1247 ,P3RHS0_1247 -> P3RDT999  ,
P3RDT322LV  ,P3RHS0_1247 ,P3RHS0_1247 -> P3RDT999  ,
P3RDT323    ,P3RHS0_1247 ,P3RHS0_1247 -> P3RDT836  ,
P3RDT323LV  ,P3RHS0_1247 ,P3RHS0_1247 -> P3RDT836  ,
P3RDT324    ,P3RHS0_1247 ,P3RHS0_1247 -> P3RDT836  ,
P3RDT324LV  ,P3RHS0_1247 ,P3RHS0_1247 -> P3RDT836  ,
P3RDT325    ,P3RHS0_1247 ,P3RHS0_1247 -> P3RDT836  ,
P3RDT325LV  ,P3RHS0_1247 ,P3RHS0_1247 -> P3RDT836  ,
P3RDT326    ,P3RHS0_1247 ,P3RHS0_1247 -> P3RDT999  ,
P3RDT326LV  ,P3RHS0_1247 ,P3RHS0_1247 -> P3RDT999  ,
P3RDT327    ,P3RHS0_1247 ,P3RHS0_1247 -> P3RDT999  ,
P3RDT327LV  ,P3RHS0_1247 ,P3RHS0_1247 -> P3RDT999  ,
P3RDT328    ,P3RHS0_1247 ,P3RHS0_1247 -> P3RDT999  ,
P3RDT328LV  ,P3RHS0_1247 ,P3RHS0_1247 -> P3RDT999  ,
P3RDT329    ,P3RHS0_1247 ,P3RHS0_1247 -> P3RDT836  ,
P3RDT329LV  ,P3RHS0_1247 ,P3RHS0_1247 -> P3RDT836  ,
P3RDT330    ,P3RHS0_1247 ,P3RHS0_1247 -> P3RDT999  ,
P3RDT330LV  ,P3RHS0_1247 ,P3RHS0_1247 -> P3RDT999  ,
P3RDT331    ,P3RHS0_1247 ,P3RHS0_1247 -> P3RDT656  ,
P3RDT331LV  ,P3RHS0_1247 ,P3RHS0_1247 -> P3RDT656  ,
P3RDT332    ,P3RHS0_1247 ,P3RHS0_1247 -> P3RDT656  ,
P3RDT332LV  ,P3RHS0_1247 ,P3RHS0_1247 -> P3RDT656  ,
P3RDT333    ,P3RHS0_1247 ,P3RHS0_1247 -> P3RDT656  ,
P3RDT333LV  ,P3RHS0_1247 ,P3RHS0_1247 -> P3RDT656  ,
P3RDT334    ,P3RHS0_1247 ,P3RHS0_1247 -> P3RDT656  ,
P3RDT334LV  ,P3RHS0_1247 ,P3RHS0_1247 -> P3RDT656  ,
P3RDT335    ,P3RHS0_1247 ,P3RHS0_1247 -> P3RDT656  ,
P3RDT335LV  ,P3RHS0_1247 ,P3RHS0_1247 -> P3RDT656  ,
P3RDT336    ,P3RHS0_1247 ,P3RHS0_1247 -> P3RDT656  ,
P3RDT336LV  ,P3RHS0_1247 ,P3RHS0_1247 -> P3RDT656  ,
P3RDT337    ,P3RHS0_1247 ,P3RHS0_1247 -> P3RDT656  ,
P3RDT337LV  ,P3RHS0_1247 ,P3RHS0_1247 -> P3RDT656  ,
P3RDT338    ,P3RHS0_1247 ,P3RHS0_1247 -> P3RDT656  ,
P3RDT338LV  ,P3RHS0_1247 ,P3RHS0_1247 -> P3RDT656  ,
P3RDT339    ,P3RHS0_1247 ,P3RHS0_1247 -> P3RDT656  ,
P3RDT339LV  ,P3RHS0_1247 ,P3RHS0_1247 -> P3RDT656  ,
P3RDT340    ,P3RHS0_1247 ,P3RHS0_1247 -> P3RDT656  ,
P3RDT340LV  ,P3RHS0_1247 ,P3RHS0_1247 -> P3RDT656  ,
P3RDT341    ,P3RHS0_1247 ,P3RHS0_1247 -> P3RDT656  ,
P3RDT341LV  ,P3RHS0_1247 ,P3RHS0_1247 -> P3RDT656  ,
P3RDT342    ,P3RHS0_1247 ,P3RHS0_1247 -> P3RDT656  ,
P3RDT342LV  ,P3RHS0_1247 ,P3RHS0_1247 -> P3RDT656  ,
P3RDT343    ,P3RHS0_1247 ,P3RHS0_1247 -> P3RDT656  ,
P3RDT343LV  ,P3RHS0_1247 ,P3RHS0_1247 -> P3RDT656  ,
P3RDT344    ,P3RHS0_1247 ,P3RHS0_1247 -> P3RDT656  ,
P3RDT344LV  ,P3RHS0_1247 ,P3RHS0_1247 -> P3RDT656  ,
P3RDT345    ,P3RHS0_1247 ,P3RHS0_1247 -> P3RDT836  ,
P3RDT345LV  ,P3RHS0_1247 ,P3RHS0_1247 -> P3RDT836  ,
P3RDT346    ,P3RHS0_1247 ,P3RHS0_1247 -> P3RDT999  ,
P3RDT346LV  ,P3RHS0_1247 ,P3RHS0_1247 -> P3RDT999  ,
P3RDT347    ,P3RHS0_1247 ,P3RHS0_1247 -> P3RDT1052 ,
P3RDT347LV  ,P3RHS0_1247 ,P3RHS0_1247 -> P3RDT1052 ,
P3RDT348    ,P3RHS0_1247 ,P3RHS0_1247 -> P3RDT999  ,
P3RDT348LV  ,P3RHS0_1247 ,P3RHS0_1247 -> P3RDT999  ,
P3RDT349    ,P3RHS0_1247 ,P3RHS0_1247 -> P3RDT999  ,
P3RDT349LV  ,P3RHS0_1247 ,P3RHS0_1247 -> P3RDT999  ,
P3RDT350    ,P3RHS0_1247 ,P3RHS0_1247 -> P3RDT999  ,
P3RDT350LV  ,P3RHS0_1247 ,P3RHS0_1247 -> P3RDT999  ,
P3RDT351    ,P3RHS0_1247 ,P3RHS0_1247 -> P3RDT999  ,
P3RDT351LV  ,P3RHS0_1247 ,P3RHS0_1247 -> P3RDT999  ,
P3RDT352    ,P3RHS0_1247 ,P3RHS0_1247 -> P3RDT999  ,
P3RDT352LV  ,P3RHS0_1247 ,P3RHS0_1247 -> P3RDT999  ,
P3RDT353    ,P3RHS0_1247 ,P3RHS0_1247 -> P3RDT999  ,
P3RDT353LV  ,P3RHS0_1247 ,P3RHS0_1247 -> P3RDT999  ,
P3RDT354    ,P3RHS0_1247 ,P3RHS0_1247 -> P3RDT999  ,
P3RDT354LV  ,P3RHS0_1247 ,P3RHS0_1247 -> P3RDT999  ,
P3RDT355    ,P3RHS0_1247 ,P3RHS0_1247 -> P3RDT999  ,
P3RDT355LV  ,P3RHS0_1247 ,P3RHS0_1247 -> P3RDT999  ,
P3RDT356    ,P3RHS0_1247 ,P3RHS0_1247 -> P3RDT999  ,
P3RDT356LV  ,P3RHS0_1247 ,P3RHS0_1247 -> P3RDT999  ,
P3RDT357    ,P3RHS0_1247 ,P3RHS0_1247 -> P3RDT999  ,
P3RDT357LV  ,P3RHS0_1247 ,P3RHS0_1247 -> P3RDT999  ,
P3RDT358    ,P3RHS0_1247 ,P3RHS0_1247 -> P3RDT999  ,
P3RDT358LV  ,P3RHS0_1247 ,P3RHS0_1247 -> P3RDT999  ,
P3RDT359    ,P3RHS0_1247 ,P3RHS0_1247 -> P3RDT656  ,
P3RDT359LV  ,P3RHS0_1247 ,P3RHS0_1247 -> P3RDT656  ,
P3RDT360    ,P3RHS0_1247 ,P3RHS0_1247 -> P3RDT999  ,
P3RDT360LV  ,P3RHS0_1247 ,P3RHS0_1247 -> P3RDT999  ,
P3RDT361    ,P3RHS0_1247 ,P3RHS0_1247 -> P3RDT999  ,
P3RDT361LV  ,P3RHS0_1247 ,P3RHS0_1247 -> P3RDT999  ,
P3RDT362    ,P3RHS0_1247 ,P3RHS0_1247 -> P3RDT656  ,
P3RDT362LV  ,P3RHS0_1247 ,P3RHS0_1247 -> P3RDT656  ,
P3RDT363    ,P3RHS0_1247 ,P3RHS0_1247 -> P3RDT656  ,
P3RDT363LV  ,P3RHS0_1247 ,P3RHS0_1247 -> P3RDT656  ,
P3RDT364    ,P3RHS0_1247 ,P3RHS0_1247 -> P3RDT999  ,
P3RDT364LV  ,P3RHS0_1247 ,P3RHS0_1247 -> P3RDT999  ,
P3RDT365    ,P3RHS0_1247 ,P3RHS0_1247 -> P3RDT656  ,
P3RDT365LV  ,P3RHS0_1247 ,P3RHS0_1247 -> P3RDT656  ,
P3RDT366    ,P3RHS0_1247 ,P3RHS0_1247 -> P3RDT656  ,
P3RDT366LV  ,P3RHS0_1247 ,P3RHS0_1247 -> P3RDT656  ,
P3RDT367    ,P3RHS0_1247 ,P3RHS0_1247 -> P3RDT656  ,
P3RDT367LV  ,P3RHS0_1247 ,P3RHS0_1247 -> P3RDT656  ,
P3RDT368    ,P3RHS0_1247 ,P3RHS0_1247 -> P3RDT999  ,
P3RDT368LV  ,P3RHS0_1247 ,P3RHS0_1247 -> P3RDT999  ,
P3RDT369    ,P3RHS0_1247 ,P3RHS0_1247 -> P3RDT656  ,
P3RDT369LV  ,P3RHS0_1247 ,P3RHS0_1247 -> P3RDT656  ,
P3RDT370    ,P3RHS0_1247 ,P3RHS0_1247 -> P3RDT656  ,
P3RDT370LV  ,P3RHS0_1247 ,P3RHS0_1247 -> P3RDT656  ,
P3RDT371    ,P3RHS0_1247 ,P3RHS0_1247 -> P3RDT999  ,
P3RDT371LV  ,P3RHS0_1247 ,P3RHS0_1247 -> P3RDT999  ,
P3RDT372    ,P3RHS0_1247 ,P3RHS0_1247 -> P3RDT999  ,
P3RDT372LV  ,P3RHS0_1247 ,P3RHS0_1247 -> P3RDT999  ,
P3RDT373    ,P3RHS0_1247 ,P3RHS0_1247 -> P3RDT656  ,
P3RDT373LV  ,P3RHS0_1247 ,P3RHS0_1247 -> P3RDT656  ,
P3RDT374    ,P3RHS0_1247 ,P3RHS0_1247 -> P3RDT999  ,
P3RDT374LV  ,P3RHS0_1247 ,P3RHS0_1247 -> P3RDT999  ,
P3RDT375    ,P3RHS0_1247 ,P3RHS0_1247 -> P3RDT999  ,
P3RDT375LV  ,P3RHS0_1247 ,P3RHS0_1247 -> P3RDT999  ,
P3RDT376    ,P3RHS0_1247 ,P3RHS0_1247 -> P3RDT999  ,
P3RDT376LV  ,P3RHS0_1247 ,P3RHS0_1247 -> P3RDT999  ,
P3RDT377    ,P3RHS0_1247 ,P3RHS0_1247 -> P3RDT999  ,
P3RDT377LV  ,P3RHS0_1247 ,P3RHS0_1247 -> P3RDT999  ,
P3RDT378    ,P3RHS0_1247 ,P3RHS0_1247 -> P3RDT999  ,
P3RDT378LV  ,P3RHS0_1247 ,P3RHS0_1247 -> P3RDT999  ,
P3RDT379    ,P3RHS0_1247 ,P3RHS0_1247 -> P3RDT999  ,
P3RDT379LV  ,P3RHS0_1247 ,P3RHS0_1247 -> P3RDT999  ,
P3RDT380    ,P3RHS0_1247 ,P3RHS0_1247 -> P3RDT999  ,
P3RDT380LV  ,P3RHS0_1247 ,P3RHS0_1247 -> P3RDT999  ,
P3RDT381    ,P3RHS0_1247 ,P3RHS0_1247 -> P3RDT836  ,
P3RDT381LV  ,P3RHS0_1247 ,P3RHS0_1247 -> P3RDT836  ,
P3RDT382    ,P3RHS0_1247 ,P3RHS0_1247 -> P3RDT836  ,
P3RDT382LV  ,P3RHS0_1247 ,P3RHS0_1247 -> P3RDT836  ,
P3RDT383    ,P3RHS0_1247 ,P3RHS0_1247 -> P3RDT836  ,
P3RDT383LV  ,P3RHS0_1247 ,P3RHS0_1247 -> P3RDT836  ,
P3RDT384    ,P3RHS0_1247 ,P3RHS0_1247 -> P3RDT836  ,
P3RDT384LV  ,P3RHS0_1247 ,P3RHS0_1247 -> P3RDT836  ,
P3RDT385    ,P3RHS0_1247 ,P3RHS0_1247 -> P3RDT836  ,
P3RDT385LV  ,P3RHS0_1247 ,P3RHS0_1247 -> P3RDT836  ,
P3RDT386    ,P3RHS0_1247 ,P3RHS0_1247 -> P3RDT836  ,
P3RDT386LV  ,P3RHS0_1247 ,P3RHS0_1247 -> P3RDT836  ,
P3RDT387    ,P3RHS0_1247 ,P3RHS0_1247 -> P3RDT836  ,
P3RDT387LV  ,P3RHS0_1247 ,P3RHS0_1247 -> P3RDT836  ,
P3RDT388    ,P3RHS0_1247 ,P3RHS0_1247 -> P3RDT836  ,
P3RDT388LV  ,P3RHS0_1247 ,P3RHS0_1247 -> P3RDT836  ,
P3RDT389    ,P3RHS0_1247 ,P3RHS0_1247 -> P3RDT836  ,
P3RDT389LV  ,P3RHS0_1247 ,P3RHS0_1247 -> P3RDT836  ,
P3RDT390    ,P3RHS0_1247 ,P3RHS0_1247 -> P3RDT836  ,
P3RDT390LV  ,P3RHS0_1247 ,P3RHS0_1247 -> P3RDT836  ,
P3RDT391    ,P3RHS0_1247 ,P3RHS0_1247 -> P3RDT836  ,
P3RDT391LV  ,P3RHS0_1247 ,P3RHS0_1247 -> P3RDT836  ,
P3RDT392    ,P3RHS0_1247 ,P3RHS0_1247 -> P3RDT836  ,
P3RDT392LV  ,P3RHS0_1247 ,P3RHS0_1247 -> P3RDT836  ,
P3RDT393    ,P3RHS0_1247 ,P3RHS0_1247 -> P3RDT836  ,
P3RDT393LV  ,P3RHS0_1247 ,P3RHS0_1247 -> P3RDT836  ,
P3RDT394    ,P3RHS0_1247 ,P3RHS0_1247 -> P3RDT831  ,
P3RDT394LV  ,P3RHS0_1247 ,P3RHS0_1247 -> P3RDT831  ,
P3RDT395    ,P3RHS0_1247 ,P3RHS0_1247 -> P3RDT836  ,
P3RDT395LV  ,P3RHS0_1247 ,P3RHS0_1247 -> P3RDT836  ,
P3RDT396    ,P3RHS0_1247 ,P3RHS0_1247 -> P3RDT836  ,
P3RDT396LV  ,P3RHS0_1247 ,P3RHS0_1247 -> P3RDT836  ,
P3RDT397    ,P3RHS0_1247 ,P3RHS0_1247 -> P3RDT836  ,
P3RDT397LV  ,P3RHS0_1247 ,P3RHS0_1247 -> P3RDT836  ,
P3RDT398    ,P3RHS0_1247 ,P3RHS0_1247 -> P3RDT836  ,
P3RDT398LV  ,P3RHS0_1247 ,P3RHS0_1247 -> P3RDT836  ,
P3RDT399    ,P3RHS0_1247 ,P3RHS0_1247 -> P3RDT836  ,
P3RDT399LV  ,P3RHS0_1247 ,P3RHS0_1247 -> P3RDT836  ,
P3RDT400    ,P3RHS0_1247 ,P3RHS0_1247 -> P3RDT836  ,
P3RDT400LV  ,P3RHS0_1247 ,P3RHS0_1247 -> P3RDT836  ,
P3RDT401    ,P3RHS0_1247 ,P3RHS0_1247 -> P3RDT836  ,
P3RDT401LV  ,P3RHS0_1247 ,P3RHS0_1247 -> P3RDT836  ,
P3RDT402    ,P3RHS0_1247 ,P3RHS0_1247 -> P3RDT836  ,
P3RDT402LV  ,P3RHS0_1247 ,P3RHS0_1247 -> P3RDT836  ,
P3RDT403    ,P3RHS0_1247 ,P3RHS0_1247 -> P3RDT836  ,
P3RDT403LV  ,P3RHS0_1247 ,P3RHS0_1247 -> P3RDT836  ,
P3RDT404    ,P3RHS0_1247 ,P3RHS0_1247 -> P3RDT836  ,
P3RDT404LV  ,P3RHS0_1247 ,P3RHS0_1247 -> P3RDT836  ,
P3RDT405    ,P3RHS0_1247 ,P3RHS0_1247 -> P3RDT836  ,
P3RDT405LV  ,P3RHS0_1247 ,P3RHS0_1247 -> P3RDT836  ,
P3RDT406    ,P3RHS0_1247 ,P3RHS0_1247 -> P3RDT836  ,
P3RDT406LV  ,P3RHS0_1247 ,P3RHS0_1247 -> P3RDT836  ,
P3RDT407    ,P3RHS0_1247 ,P3RHS0_1247 -> P3RDT836  ,
P3RDT407LV  ,P3RHS0_1247 ,P3RHS0_1247 -> P3RDT836  ,
P3RDT408    ,P3RHS0_1247 ,P3RHS0_1247 -> P3RDT836  ,
P3RDT408LV  ,P3RHS0_1247 ,P3RHS0_1247 -> P3RDT836  ,
P3RDT409    ,P3RHS0_1247 ,P3RHS0_1247 -> P3RDT836  ,
P3RDT409LV  ,P3RHS0_1247 ,P3RHS0_1247 -> P3RDT836  ,
P3RDT410    ,P3RHS0_1247 ,P3RHS0_1247 -> P3RDT836  ,
P3RDT410LV  ,P3RHS0_1247 ,P3RHS0_1247 -> P3RDT836  ,
P3RDT411    ,P3RHS0_1247 ,P3RHS0_1247 -> P3RDT836  ,
P3RDT411LV  ,P3RHS0_1247 ,P3RHS0_1247 -> P3RDT836  ,
P3RDT412    ,P3RHS0_1247 ,P3RHS0_1247 -> P3RDT836  ,
P3RDT412LV  ,P3RHS0_1247 ,P3RHS0_1247 -> P3RDT836  ,
P3RDT413    ,P3RHS0_1247 ,P3RHS0_1247 -> P3RDT836  ,
P3RDT413LV  ,P3RHS0_1247 ,P3RHS0_1247 -> P3RDT836  ,
P3RDT414    ,P3RHS0_1247 ,P3RHS0_1247 -> P3RDT836  ,
P3RDT414LV  ,P3RHS0_1247 ,P3RHS0_1247 -> P3RDT836  ,
P3RDT415    ,P3RHS0_1247 ,P3RHS0_1247 -> P3RDT836  ,
P3RDT415LV  ,P3RHS0_1247 ,P3RHS0_1247 -> P3RDT836  ,
P3RDT416    ,P3RHS0_1247 ,P3RHS0_1247 -> P3RDT836  ,
P3RDT416LV  ,P3RHS0_1247 ,P3RHS0_1247 -> P3RDT836  ,
P3RDT417    ,P3RHS0_1247 ,P3RHS0_1247 -> P3RDT836  ,
P3RDT417LV  ,P3RHS0_1247 ,P3RHS0_1247 -> P3RDT836  ,
P3RDT418    ,P3RHS0_1247 ,P3RHS0_1247 -> P3RDT836  ,
P3RDT418LV  ,P3RHS0_1247 ,P3RHS0_1247 -> P3RDT836  ,
P3RDT419    ,P3RHS0_1247 ,P3RHS0_1247 -> P3RDT836  ,
P3RDT419LV  ,P3RHS0_1247 ,P3RHS0_1247 -> P3RDT836  ,
P3RDT420    ,P3RHS0_1247 ,P3RHS0_1247 -> P3RDT836  ,
P3RDT420LV  ,P3RHS0_1247 ,P3RHS0_1247 -> P3RDT836  ,
P3RDT421    ,P3RHS0_1247 ,P3RHS0_1247 -> P3RDT831  ,
P3RDT421LV  ,P3RHS0_1247 ,P3RHS0_1247 -> P3RDT831  ,
P3RDT422    ,P3RHS0_1247 ,P3RHS0_1247 -> P3RDT836  ,
P3RDT422LV  ,P3RHS0_1247 ,P3RHS0_1247 -> P3RDT836  ,
P3RDT423    ,P3RHS0_1247 ,P3RHS0_1247 -> P3RDT836  ,
P3RDT423LV  ,P3RHS0_1247 ,P3RHS0_1247 -> P3RDT836  ,
P3RDT424    ,P3RHS0_1247 ,P3RHS0_1247 -> P3RDT836  ,
P3RDT424LV  ,P3RHS0_1247 ,P3RHS0_1247 -> P3RDT836  ,
P3RDT425    ,P3RHS0_1247 ,P3RHS0_1247 -> P3RDT836  ,
P3RDT425LV  ,P3RHS0_1247 ,P3RHS0_1247 -> P3RDT836  ,
P3RDT426    ,P3RHS0_1247 ,P3RHS0_1247 -> P3RDT836  ,
P3RDT426LV  ,P3RHS0_1247 ,P3RHS0_1247 -> P3RDT836  ,
P3RDT427    ,P3RHS0_1247 ,P3RHS0_1247 -> P3RDT836  ,
P3RDT427LV  ,P3RHS0_1247 ,P3RHS0_1247 -> P3RDT836  ,
P3RDT428    ,P3RHS0_1247 ,P3RHS0_1247 -> P3RDT836  ,
P3RDT428LV  ,P3RHS0_1247 ,P3RHS0_1247 -> P3RDT836  ,
P3RDT429    ,P3RHS0_1247 ,P3RHS0_1247 -> P3RDT836  ,
P3RDT429LV  ,P3RHS0_1247 ,P3RHS0_1247 -> P3RDT836  ,
P3RDT430    ,P3RHS0_1247 ,P3RHS0_1247 -> P3RDT836  ,
P3RDT430LV  ,P3RHS0_1247 ,P3RHS0_1247 -> P3RDT836  ,
P3RDT431    ,P3RHS0_1247 ,P3RHS0_1247 -> P3RDT656  ,
P3RDT431LV  ,P3RHS0_1247 ,P3RHS0_1247 -> P3RDT656  ,
P3RDT432    ,P3RHS0_1247 ,P3RHS0_1247 -> P3RDT656  ,
P3RDT432LV  ,P3RHS0_1247 ,P3RHS0_1247 -> P3RDT656  ,
P3RDT433    ,P3RHS0_1247 ,P3RHS0_1247 -> P3RDT656  ,
P3RDT433LV  ,P3RHS0_1247 ,P3RHS0_1247 -> P3RDT656  ,
P3RDT434    ,P3RHS0_1247 ,P3RHS0_1247 -> P3RDT1052 ,
P3RDT434LV  ,P3RHS0_1247 ,P3RHS0_1247 -> P3RDT1052 ,
P3RDT435    ,P3RHS0_1247 ,P3RHS0_1247 -> P3RDT1052 ,
P3RDT435LV  ,P3RHS0_1247 ,P3RHS0_1247 -> P3RDT1052 ,
P3RDT436    ,P3RHS0_1247 ,P3RHS0_1247 -> P3RDT1052 ,
P3RDT436LV  ,P3RHS0_1247 ,P3RHS0_1247 -> P3RDT1052 ,
P3RDT437    ,P3RHS0_1247 ,P3RHS0_1247 -> P3RDT1052 ,
P3RDT437LV  ,P3RHS0_1247 ,P3RHS0_1247 -> P3RDT1052 ,
P3RDT438    ,P3RHS0_1247 ,P3RHS0_1247 -> P3RDT1052 ,
P3RDT438LV  ,P3RHS0_1247 ,P3RHS0_1247 -> P3RDT1052 ,
P3RDT439    ,P3RHS0_1247 ,P3RHS0_1247 -> P3RDT1052 ,
P3RDT439LV  ,P3RHS0_1247 ,P3RHS0_1247 -> P3RDT1052 ,
P3RDT440    ,P3RHS0_1247 ,P3RHS0_1247 -> P3RDT1052 ,
P3RDT440LV  ,P3RHS0_1247 ,P3RHS0_1247 -> P3RDT1052 ,
P3RDT441    ,P3RHS0_1247 ,P3RHS0_1247 -> P3RDT831  ,
P3RDT441LV  ,P3RHS0_1247 ,P3RHS0_1247 -> P3RDT831  ,
P3RDT442    ,P3RHS0_1247 ,P3RHS0_1247 -> P3RDT831  ,
P3RDT442LV  ,P3RHS0_1247 ,P3RHS0_1247 -> P3RDT831  ,
P3RDT443    ,P3RHS0_1247 ,P3RHS0_1247 -> P3RDT831  ,
P3RDT443LV  ,P3RHS0_1247 ,P3RHS0_1247 -> P3RDT831  ,
P3RDT444    ,P3RHS0_1247 ,P3RHS0_1247 -> P3RDT831  ,
P3RDT444LV  ,P3RHS0_1247 ,P3RHS0_1247 -> P3RDT831  ,
P3RDT445    ,P3RHS0_1247 ,P3RHS0_1247 -> P3RDT831  ,
P3RDT445LV  ,P3RHS0_1247 ,P3RHS0_1247 -> P3RDT831  ,
P3RDT446    ,P3RHS0_1247 ,P3RHS0_1247 -> P3RDT831  ,
P3RDT446LV  ,P3RHS0_1247 ,P3RHS0_1247 -> P3RDT831  ,
P3RDT447    ,P3RHS0_1247 ,P3RHS0_1247 -> P3RDT831  ,
P3RDT447LV  ,P3RHS0_1247 ,P3RHS0_1247 -> P3RDT831  ,
P3RDT448    ,P3RHS0_1247 ,P3RHS0_1247 -> P3RDT831  ,
P3RDT448LV  ,P3RHS0_1247 ,P3RHS0_1247 -> P3RDT831  ,
P3RDT449    ,P3RHS0_1247 ,P3RHS0_1247 -> P3RDT831  ,
P3RDT449LV  ,P3RHS0_1247 ,P3RHS0_1247 -> P3RDT831  ,
P3RDT450    ,P3RHS0_1247 ,P3RHS0_1247 -> P3RDT831  ,
P3RDT450LV  ,P3RHS0_1247 ,P3RHS0_1247 -> P3RDT831  ,
P3RDT451    ,P3RHS0_1247 ,P3RHS0_1247 -> P3RDT831  ,
P3RDT451LV  ,P3RHS0_1247 ,P3RHS0_1247 -> P3RDT831  ,
P3RDT452    ,P3RHS0_1247 ,P3RHS0_1247 -> P3RDT831  ,
P3RDT452LV  ,P3RHS0_1247 ,P3RHS0_1247 -> P3RDT831  ,
P3RDT453    ,P3RHS0_1247 ,P3RHS0_1247 -> P3RDT831  ,
P3RDT453LV  ,P3RHS0_1247 ,P3RHS0_1247 -> P3RDT831  ,
P3RDT454    ,P3RHS0_1247 ,P3RHS0_1247 -> P3RDT831  ,
P3RDT454LV  ,P3RHS0_1247 ,P3RHS0_1247 -> P3RDT831  ,
P3RDT455    ,P3RHS0_1247 ,P3RHS0_1247 -> P3RDT999  ,
P3RDT455LV  ,P3RHS0_1247 ,P3RHS0_1247 -> P3RDT999  ,
P3RDT456    ,P3RHS0_1247 ,P3RHS0_1247 -> P3RDT831  ,
P3RDT456LV  ,P3RHS0_1247 ,P3RHS0_1247 -> P3RDT831  ,
P3RDT457    ,P3RHS0_1247 ,P3RHS0_1247 -> P3RDT831  ,
P3RDT457LV  ,P3RHS0_1247 ,P3RHS0_1247 -> P3RDT831  ,
P3RDT458    ,P3RHS0_1247 ,P3RHS0_1247 -> P3RDT831  ,
P3RDT458LV  ,P3RHS0_1247 ,P3RHS0_1247 -> P3RDT831  ,
P3RDT459    ,P3RHS0_1247 ,P3RHS0_1247 -> P3RDT836  ,
P3RDT459LV  ,P3RHS0_1247 ,P3RHS0_1247 -> P3RDT836  ,
P3RDT460    ,P3RHS0_1247 ,P3RHS0_1247 -> P3RDT836  ,
P3RDT460LV  ,P3RHS0_1247 ,P3RHS0_1247 -> P3RDT836  ,
P3RDT461    ,P3RHS0_1247 ,P3RHS0_1247 -> P3RDT836  ,
P3RDT461LV  ,P3RHS0_1247 ,P3RHS0_1247 -> P3RDT836  ,
P3RDT462    ,P3RHS0_1247 ,P3RHS0_1247 -> P3RDT836  ,
P3RDT462LV  ,P3RHS0_1247 ,P3RHS0_1247 -> P3RDT836  ,
P3RDT463    ,P3RHS0_1247 ,P3RHS0_1247 -> P3RDT836  ,
P3RDT463LV  ,P3RHS0_1247 ,P3RHS0_1247 -> P3RDT836  ,
P3RDT464    ,P3RHS0_1247 ,P3RHS0_1247 -> P3RDT836  ,
P3RDT464LV  ,P3RHS0_1247 ,P3RHS0_1247 -> P3RDT836  ,
P3RDT465    ,P3RHS0_1247 ,P3RHS0_1247 -> P3RDT836  ,
P3RDT465LV  ,P3RHS0_1247 ,P3RHS0_1247 -> P3RDT836  ,
P3RDT466    ,P3RHS0_1247 ,P3RHS0_1247 -> P3RDT836  ,
P3RDT466LV  ,P3RHS0_1247 ,P3RHS0_1247 -> P3RDT836  ,
P3RDT467    ,P3RHS0_1247 ,P3RHS0_1247 -> P3RDT836  ,
P3RDT467LV  ,P3RHS0_1247 ,P3RHS0_1247 -> P3RDT836  ,
P3RDT468    ,P3RHS0_1247 ,P3RHS0_1247 -> P3RDT836  ,
P3RDT468LV  ,P3RHS0_1247 ,P3RHS0_1247 -> P3RDT836  ,
P3RDT469    ,P3RHS0_1247 ,P3RHS0_1247 -> P3RDT836  ,
P3RDT469LV  ,P3RHS0_1247 ,P3RHS0_1247 -> P3RDT836  ,
P3RDT470    ,P3RHS0_1247 ,P3RHS0_1247 -> P3RDT836  ,
P3RDT470LV  ,P3RHS0_1247 ,P3RHS0_1247 -> P3RDT836  ,
P3RDT471    ,P3RHS0_1247 ,P3RHS0_1247 -> P3RDT836  ,
P3RDT471LV  ,P3RHS0_1247 ,P3RHS0_1247 -> P3RDT836  ,
P3RDT472    ,P3RHS0_1247 ,P3RHS0_1247 -> P3RDT836  ,
P3RDT472LV  ,P3RHS0_1247 ,P3RHS0_1247 -> P3RDT836  ,
P3RDT473    ,P3RHS0_1247 ,P3RHS0_1247 -> P3RDT836  ,
P3RDT473LV  ,P3RHS0_1247 ,P3RHS0_1247 -> P3RDT836  ,
P3RDT474    ,P3RHS0_1247 ,P3RHS0_1247 -> P3RDT836  ,
P3RDT474LV  ,P3RHS0_1247 ,P3RHS0_1247 -> P3RDT836  ,
P3RDT475    ,P3RHS0_1247 ,P3RHS0_1247 -> P3RDT836  ,
P3RDT475LV  ,P3RHS0_1247 ,P3RHS0_1247 -> P3RDT836  ,
P3RDT476    ,P3RHS0_1247 ,P3RHS0_1247 -> P3RDT836  ,
P3RDT476LV  ,P3RHS0_1247 ,P3RHS0_1247 -> P3RDT836  ,
P3RDT477    ,P3RHS0_1247 ,P3RHS0_1247 -> P3RDT836  ,
P3RDT477LV  ,P3RHS0_1247 ,P3RHS0_1247 -> P3RDT836  ,
P3RDT478    ,P3RHS0_1247 ,P3RHS0_1247 -> P3RDT836  ,
P3RDT478LV  ,P3RHS0_1247 ,P3RHS0_1247 -> P3RDT836  ,
P3RDT479    ,P3RHS0_1247 ,P3RHS0_1247 -> P3RDT836  ,
P3RDT479LV  ,P3RHS0_1247 ,P3RHS0_1247 -> P3RDT836  ,
P3RDT480    ,P3RHS0_1247 ,P3RHS0_1247 -> P3RDT836  ,
P3RDT480LV  ,P3RHS0_1247 ,P3RHS0_1247 -> P3RDT836  ,
P3RDT481    ,P3RHS0_1247 ,P3RHS0_1247 -> P3RDT836  ,
P3RDT481LV  ,P3RHS0_1247 ,P3RHS0_1247 -> P3RDT836  ,
P3RDT482    ,P3RHS0_1247 ,P3RHS0_1247 -> P3RDT836  ,
P3RDT482LV  ,P3RHS0_1247 ,P3RHS0_1247 -> P3RDT836  ,
P3RDT483    ,P3RHS0_1247 ,P3RHS0_1247 -> P3RDT836  ,
P3RDT483LV  ,P3RHS0_1247 ,P3RHS0_1247 -> P3RDT836  ,
P3RDT484    ,P3RHS0_1247 ,P3RHS0_1247 -> P3RDT656  ,
P3RDT484LV  ,P3RHS0_1247 ,P3RHS0_1247 -> P3RDT656  ,
P3RDT485    ,P3RHS0_1247 ,P3RHS0_1247 -> P3RDT656  ,
P3RDT485LV  ,P3RHS0_1247 ,P3RHS0_1247 -> P3RDT656  ,
P3RDT486    ,P3RHS0_1247 ,P3RHS0_1247 -> P3RDT656  ,
P3RDT486LV  ,P3RHS0_1247 ,P3RHS0_1247 -> P3RDT656  ,
P3RDT487    ,P3RHS0_1247 ,P3RHS0_1247 -> P3RDT656  ,
P3RDT487LV  ,P3RHS0_1247 ,P3RHS0_1247 -> P3RDT656  ,
P3RDT488    ,P3RHS0_1247 ,P3RHS0_1247 -> P3RDT656  ,
P3RDT488LV  ,P3RHS0_1247 ,P3RHS0_1247 -> P3RDT656  ,
P3RDT489    ,P3RHS0_1247 ,P3RHS0_1247 -> P3RDT656  ,
P3RDT489LV  ,P3RHS0_1247 ,P3RHS0_1247 -> P3RDT656  ,
P3RDT490    ,P3RHS0_1247 ,P3RHS0_1247 -> P3RDT656  ,
P3RDT490LV  ,P3RHS0_1247 ,P3RHS0_1247 -> P3RDT656  ,
P3RDT491    ,P3RHS0_1247 ,P3RHS0_1247 -> P3RDT656  ,
P3RDT491LV  ,P3RHS0_1247 ,P3RHS0_1247 -> P3RDT656  ,
P3RDT492    ,P3RHS0_1247 ,P3RHS0_1247 -> P3RDT656  ,
P3RDT492LV  ,P3RHS0_1247 ,P3RHS0_1247 -> P3RDT656  ,
P3RDT493    ,P3RHS0_1247 ,P3RHS0_1247 -> P3RDT836  ,
P3RDT493LV  ,P3RHS0_1247 ,P3RHS0_1247 -> P3RDT836  ,
P3RDT494    ,P3RHS0_1247 ,P3RHS0_1247 -> P3RDT1052 ,
P3RDT494LV  ,P3RHS0_1247 ,P3RHS0_1247 -> P3RDT1052 ,
P3RDT495    ,P3RHS0_1247 ,P3RHS0_1247 -> P3RDT656  ,
P3RDT495LV  ,P3RHS0_1247 ,P3RHS0_1247 -> P3RDT656  ,
P3RDT496    ,P3RHS0_1247 ,P3RHS0_1247 -> P3RDT656  ,
P3RDT496LV  ,P3RHS0_1247 ,P3RHS0_1247 -> P3RDT656  ,
P3RDT497    ,P3RHS0_1247 ,P3RHS0_1247 -> P3RDT831  ,
P3RDT497LV  ,P3RHS0_1247 ,P3RHS0_1247 -> P3RDT831  ,
P3RDT498    ,P3RHS0_1247 ,P3RHS0_1247 -> P3RDT831  ,
P3RDT498LV  ,P3RHS0_1247 ,P3RHS0_1247 -> P3RDT831  ,
P3RDT499    ,P3RHS0_1247 ,P3RHS0_1247 -> P3RDT831  ,
P3RDT499LV  ,P3RHS0_1247 ,P3RHS0_1247 -> P3RDT831  ,
P3RDT500    ,P3RHS0_1247 ,P3RHS0_1247 -> P3RDT831  ,
P3RDT500LV  ,P3RHS0_1247 ,P3RHS0_1247 -> P3RDT831  ,
P3RDT501    ,P3RHS0_1247 ,P3RHS0_1247 -> P3RDT831  ,
P3RDT501LV  ,P3RHS0_1247 ,P3RHS0_1247 -> P3RDT831  ,
P3RDT502    ,P3RHS0_1247 ,P3RHS0_1247 -> P3RDT831  ,
P3RDT502LV  ,P3RHS0_1247 ,P3RHS0_1247 -> P3RDT831  ,
P3RDT503    ,P3RHS0_1247 ,P3RHS0_1247 -> P3RDT831  ,
P3RDT503LV  ,P3RHS0_1247 ,P3RHS0_1247 -> P3RDT831  ,
P3RDT504    ,P3RHS0_1247 ,P3RHS0_1247 -> P3RDT831  ,
P3RDT504LV  ,P3RHS0_1247 ,P3RHS0_1247 -> P3RDT831  ,
P3RDT505    ,P3RHS0_1247 ,P3RHS0_1247 -> P3RDT831  ,
P3RDT505LV  ,P3RHS0_1247 ,P3RHS0_1247 -> P3RDT831  ,
P3RDT506    ,P3RHS0_1247 ,P3RHS0_1247 -> P3RDT831  ,
P3RDT506LV  ,P3RHS0_1247 ,P3RHS0_1247 -> P3RDT831  ,
P3RDT507    ,P3RHS0_1247 ,P3RHS0_1247 -> P3RDT831  ,
P3RDT507LV  ,P3RHS0_1247 ,P3RHS0_1247 -> P3RDT831  ,
P3RDT508    ,P3RHS0_1247 ,P3RHS0_1247 -> P3RDT831  ,
P3RDT508LV  ,P3RHS0_1247 ,P3RHS0_1247 -> P3RDT831  ,
P3RDT509    ,P3RHS0_1247 ,P3RHS0_1247 -> P3RDT831  ,
P3RDT509LV  ,P3RHS0_1247 ,P3RHS0_1247 -> P3RDT831  ,
P3RDT510    ,P3RHS0_1247 ,P3RHS0_1247 -> P3RDT831  ,
P3RDT510LV  ,P3RHS0_1247 ,P3RHS0_1247 -> P3RDT831  ,
P3RDT511    ,P3RHS0_1247 ,P3RHS0_1247 -> P3RDT831  ,
P3RDT511LV  ,P3RHS0_1247 ,P3RHS0_1247 -> P3RDT831  ,
P3RDT512    ,P3RHS0_1247 ,P3RHS0_1247 -> P3RDT831  ,
P3RDT512LV  ,P3RHS0_1247 ,P3RHS0_1247 -> P3RDT831  ,
P3RDT513    ,P3RHS0_1247 ,P3RHS0_1247 -> P3RDT831  ,
P3RDT513LV  ,P3RHS0_1247 ,P3RHS0_1247 -> P3RDT831  ,
P3RDT514    ,P3RHS0_1247 ,P3RHS0_1247 -> P3RDT831  ,
P3RDT514LV  ,P3RHS0_1247 ,P3RHS0_1247 -> P3RDT831  ,
P3RDT515    ,P3RHS0_1247 ,P3RHS0_1247 -> P3RDT831  ,
P3RDT515LV  ,P3RHS0_1247 ,P3RHS0_1247 -> P3RDT831  ,
P3RDT516    ,P3RHS0_1247 ,P3RHS0_1247 -> P3RDT831  ,
P3RDT516LV  ,P3RHS0_1247 ,P3RHS0_1247 -> P3RDT831  ,
P3RDT517    ,P3RHS0_1247 ,P3RHS0_1247 -> P3RDT831  ,
P3RDT517LV  ,P3RHS0_1247 ,P3RHS0_1247 -> P3RDT831  ,
P3RDT518    ,P3RHS0_1247 ,P3RHS0_1247 -> P3RDT831  ,
P3RDT518LV  ,P3RHS0_1247 ,P3RHS0_1247 -> P3RDT831  ,
P3RDT519    ,P3RHS0_1247 ,P3RHS0_1247 -> P3RDT831  ,
P3RDT519LV  ,P3RHS0_1247 ,P3RHS0_1247 -> P3RDT831  ,
P3RDT520    ,P3RHS0_1247 ,P3RHS0_1247 -> P3RDT831  ,
P3RDT520LV  ,P3RHS0_1247 ,P3RHS0_1247 -> P3RDT831  ,
P3RDT521    ,P3RHS0_1247 ,P3RHS0_1247 -> P3RDT831  ,
P3RDT521LV  ,P3RHS0_1247 ,P3RHS0_1247 -> P3RDT831  ,
P3RDT522    ,P3RHS0_1247 ,P3RHS0_1247 -> P3RDT831  ,
P3RDT522LV  ,P3RHS0_1247 ,P3RHS0_1247 -> P3RDT831  ,
P3RDT523    ,P3RHS0_1247 ,P3RHS0_1247 -> P3RDT831  ,
P3RDT523LV  ,P3RHS0_1247 ,P3RHS0_1247 -> P3RDT831  ,
P3RDT524    ,P3RHS0_1247 ,P3RHS0_1247 -> P3RDT831  ,
P3RDT524LV  ,P3RHS0_1247 ,P3RHS0_1247 -> P3RDT831  ,
P3RDT525    ,P3RHS0_1247 ,P3RHS0_1247 -> P3RDT831  ,
P3RDT525LV  ,P3RHS0_1247 ,P3RHS0_1247 -> P3RDT831  ,
P3RDT526    ,P3RHS0_1247 ,P3RHS0_1247 -> P3RDT831  ,
P3RDT526LV  ,P3RHS0_1247 ,P3RHS0_1247 -> P3RDT831  ,
P3RDT527    ,P3RHS0_1247 ,P3RHS0_1247 -> P3RDT831  ,
P3RDT527LV  ,P3RHS0_1247 ,P3RHS0_1247 -> P3RDT831  ,
P3RDT528    ,P3RHS0_1247 ,P3RHS0_1247 -> P3RDT831  ,
P3RDT528LV  ,P3RHS0_1247 ,P3RHS0_1247 -> P3RDT831  ,
P3RDT529    ,P3RHS0_1247 ,P3RHS0_1247 -> P3RDT831  ,
P3RDT529LV  ,P3RHS0_1247 ,P3RHS0_1247 -> P3RDT831  ,
P3RDT530    ,P3RHS0_1247 ,P3RHS0_1247 -> P3RDT831  ,
P3RDT530LV  ,P3RHS0_1247 ,P3RHS0_1247 -> P3RDT831  ,
P3RDT531    ,P3RHS0_1247 ,P3RHS0_1247 -> P3RDT831  ,
P3RDT531LV  ,P3RHS0_1247 ,P3RHS0_1247 -> P3RDT831  ,
P3RDT532    ,P3RHS0_1247 ,P3RHS0_1247 -> P3RDT831  ,
P3RDT532LV  ,P3RHS0_1247 ,P3RHS0_1247 -> P3RDT831  ,
P3RDT533    ,P3RHS0_1247 ,P3RHS0_1247 -> P3RDT831  ,
P3RDT533LV  ,P3RHS0_1247 ,P3RHS0_1247 -> P3RDT831  ,
P3RDT534    ,P3RHS0_1247 ,P3RHS0_1247 -> P3RDT831  ,
P3RDT534LV  ,P3RHS0_1247 ,P3RHS0_1247 -> P3RDT831  ,
P3RDT535    ,P3RHS0_1247 ,P3RHS0_1247 -> P3RDT831  ,
P3RDT535LV  ,P3RHS0_1247 ,P3RHS0_1247 -> P3RDT831  ,
P3RDT536    ,P3RHS0_1247 ,P3RHS0_1247 -> P3RDT831  ,
P3RDT536LV  ,P3RHS0_1247 ,P3RHS0_1247 -> P3RDT831  ,
P3RDT537    ,P3RHS0_1247 ,P3RHS0_1247 -> P3RDT831  ,
P3RDT537LV  ,P3RHS0_1247 ,P3RHS0_1247 -> P3RDT831  ,
P3RDT538    ,P3RHS0_1247 ,P3RHS0_1247 -> P3RDT1052 ,
P3RDT538LV  ,P3RHS0_1247 ,P3RHS0_1247 -> P3RDT1052 ,
P3RDT539    ,P3RHS0_1247 ,P3RHS0_1247 -> P3RDT1052 ,
P3RDT539LV  ,P3RHS0_1247 ,P3RHS0_1247 -> P3RDT1052 ,
P3RDT540    ,P3RHS0_1247 ,P3RHS0_1247 -> P3RDT1052 ,
P3RDT540LV  ,P3RHS0_1247 ,P3RHS0_1247 -> P3RDT1052 ,
P3RDT541    ,P3RHS0_1247 ,P3RHS0_1247 -> P3RDT1052 ,
P3RDT541LV  ,P3RHS0_1247 ,P3RHS0_1247 -> P3RDT1052 ,
P3RDT542    ,P3RHS0_1247 ,P3RHS0_1247 -> P3RDT1052 ,
P3RDT542LV  ,P3RHS0_1247 ,P3RHS0_1247 -> P3RDT1052 ,
P3RDT543    ,P3RHS0_1247 ,P3RHS0_1247 -> P3RDT1052 ,
P3RDT543LV  ,P3RHS0_1247 ,P3RHS0_1247 -> P3RDT1052 ,
P3RDT544    ,P3RHS0_1247 ,P3RHS0_1247 -> P3RDT1052 ,
P3RDT544LV  ,P3RHS0_1247 ,P3RHS0_1247 -> P3RDT1052 ,
P3RDT545    ,P3RHS0_1247 ,P3RHS0_1247 -> P3RDT1052 ,
P3RDT545LV  ,P3RHS0_1247 ,P3RHS0_1247 -> P3RDT1052 ,
P3RDT546    ,P3RHS0_1247 ,P3RHS0_1247 -> P3RDT836  ,
P3RDT546LV  ,P3RHS0_1247 ,P3RHS0_1247 -> P3RDT836  ,
P3RDT547    ,P3RHS0_1247 ,P3RHS0_1247 -> P3RDT1052 ,
P3RDT547LV  ,P3RHS0_1247 ,P3RHS0_1247 -> P3RDT1052 ,
P3RDT548    ,P3RHS0_1247 ,P3RHS0_1247 -> P3RDT836  ,
P3RDT548LV  ,P3RHS0_1247 ,P3RHS0_1247 -> P3RDT836  ,
P3RDT549    ,P3RHS0_1247 ,P3RHS0_1247 -> P3RDT831  ,
P3RDT549LV  ,P3RHS0_1247 ,P3RHS0_1247 -> P3RDT831  ,
P3RDT550    ,P3RHS0_1247 ,P3RHS0_1247 -> P3RDT831  ,
P3RDT550LV  ,P3RHS0_1247 ,P3RHS0_1247 -> P3RDT831  ,
P3RDT551    ,P3RHS0_1247 ,P3RHS0_1247 -> P3RDT831  ,
P3RDT551LV  ,P3RHS0_1247 ,P3RHS0_1247 -> P3RDT831  ,
P3RDT552    ,P3RHS0_1247 ,P3RHS0_1247 -> P3RDT831  ,
P3RDT552LV  ,P3RHS0_1247 ,P3RHS0_1247 -> P3RDT831  ,
P3RDT553    ,P3RHS0_1247 ,P3RHS0_1247 -> P3RDT831  ,
P3RDT553LV  ,P3RHS0_1247 ,P3RHS0_1247 -> P3RDT831  ,
P3RDT554    ,P3RHS0_1247 ,P3RHS0_1247 -> P3RDT831  ,
P3RDT554LV  ,P3RHS0_1247 ,P3RHS0_1247 -> P3RDT831  ,
P3RDT555    ,P3RHS0_1247 ,P3RHS0_1247 -> P3RDT831  ,
P3RDT555LV  ,P3RHS0_1247 ,P3RHS0_1247 -> P3RDT831  ,
P3RDT556    ,P3RHS0_1247 ,P3RHS0_1247 -> P3RDT831  ,
P3RDT556LV  ,P3RHS0_1247 ,P3RHS0_1247 -> P3RDT831  ,
P3RDT557    ,P3RHS0_1247 ,P3RHS0_1247 -> P3RDT831  ,
P3RDT557LV  ,P3RHS0_1247 ,P3RHS0_1247 -> P3RDT831  ,
P3RDT558    ,P3RHS0_1247 ,P3RHS0_1247 -> P3RDT831  ,
P3RDT558LV  ,P3RHS0_1247 ,P3RHS0_1247 -> P3RDT831  ,
P3RDT559    ,P3RHS0_1247 ,P3RHS0_1247 -> P3RDT831  ,
P3RDT559LV  ,P3RHS0_1247 ,P3RHS0_1247 -> P3RDT831  ,
P3RDT560    ,P3RHS0_1247 ,P3RHS0_1247 -> P3RDT831  ,
P3RDT560LV  ,P3RHS0_1247 ,P3RHS0_1247 -> P3RDT831  ,
P3RDT561    ,P3RHS0_1247 ,P3RHS0_1247 -> P3RDT831  ,
P3RDT561LV  ,P3RHS0_1247 ,P3RHS0_1247 -> P3RDT831  ,
P3RDT562    ,P3RHS0_1247 ,P3RHS0_1247 -> P3RDT831  ,
P3RDT562LV  ,P3RHS0_1247 ,P3RHS0_1247 -> P3RDT831  ,
P3RDT563    ,P3RHS0_1247 ,P3RHS0_1247 -> P3RDT831  ,
P3RDT563LV  ,P3RHS0_1247 ,P3RHS0_1247 -> P3RDT831  ,
P3RDT564    ,P3RHS0_1247 ,P3RHS0_1247 -> P3RDT831  ,
P3RDT564LV  ,P3RHS0_1247 ,P3RHS0_1247 -> P3RDT831  ,
P3RDT565    ,P3RHS0_1247 ,P3RHS0_1247 -> P3RDT831  ,
P3RDT565LV  ,P3RHS0_1247 ,P3RHS0_1247 -> P3RDT831  ,
P3RDT566    ,P3RHS0_1247 ,P3RHS0_1247 -> P3RDT836  ,
P3RDT566LV  ,P3RHS0_1247 ,P3RHS0_1247 -> P3RDT836  ,
P3RDT567    ,P3RHS0_1247 ,P3RHS0_1247 -> P3RDT836  ,
P3RDT567LV  ,P3RHS0_1247 ,P3RHS0_1247 -> P3RDT836  ,
P3RDT568    ,P3RHS0_1247 ,P3RHS0_1247 -> P3RDT836  ,
P3RDT568LV  ,P3RHS0_1247 ,P3RHS0_1247 -> P3RDT836  ,
P3RDT569    ,P3RHS0_1247 ,P3RHS0_1247 -> P3RDT836  ,
P3RDT569LV  ,P3RHS0_1247 ,P3RHS0_1247 -> P3RDT836  ,
P3RDT570    ,P3RHS0_1247 ,P3RHS0_1247 -> P3RDT836  ,
P3RDT570LV  ,P3RHS0_1247 ,P3RHS0_1247 -> P3RDT836  ,
P3RDT571    ,P3RHS0_1247 ,P3RHS0_1247 -> P3RDT836  ,
P3RDT571LV  ,P3RHS0_1247 ,P3RHS0_1247 -> P3RDT836  ,
P3RDT572    ,P3RHS0_1247 ,P3RHS0_1247 -> P3RDT836  ,
P3RDT572LV  ,P3RHS0_1247 ,P3RHS0_1247 -> P3RDT836  ,
P3RDT573    ,P3RHS0_1247 ,P3RHS0_1247 -> P3RDT836  ,
P3RDT573LV  ,P3RHS0_1247 ,P3RHS0_1247 -> P3RDT836  ,
P3RDT574    ,P3RHS0_1247 ,P3RHS0_1247 -> P3RDT836  ,
P3RDT574LV  ,P3RHS0_1247 ,P3RHS0_1247 -> P3RDT836  ,
P3RDT575    ,P3RHS0_1247 ,P3RHS0_1247 -> P3RDT836  ,
P3RDT575LV  ,P3RHS0_1247 ,P3RHS0_1247 -> P3RDT836  ,
P3RDT576    ,P3RHS0_1247 ,P3RHS0_1247 -> P3RDT836  ,
P3RDT576LV  ,P3RHS0_1247 ,P3RHS0_1247 -> P3RDT836  ,
P3RDT577    ,P3RHS0_1247 ,P3RHS0_1247 -> P3RDT836  ,
P3RDT577LV  ,P3RHS0_1247 ,P3RHS0_1247 -> P3RDT836  ,
P3RDT578    ,P3RHS0_1247 ,P3RHS0_1247 -> P3RDT836  ,
P3RDT578LV  ,P3RHS0_1247 ,P3RHS0_1247 -> P3RDT836  ,
P3RDT579    ,P3RHS0_1247 ,P3RHS0_1247 -> P3RDT836  ,
P3RDT579LV  ,P3RHS0_1247 ,P3RHS0_1247 -> P3RDT836  ,
P3RDT580    ,P3RHS0_1247 ,P3RHS0_1247 -> P3RDT836  ,
P3RDT580LV  ,P3RHS0_1247 ,P3RHS0_1247 -> P3RDT836  ,
P3RDT581    ,P3RHS0_1247 ,P3RHS0_1247 -> P3RDT836  ,
P3RDT581LV  ,P3RHS0_1247 ,P3RHS0_1247 -> P3RDT836  ,
P3RDT582    ,P3RHS0_1247 ,P3RHS0_1247 -> P3RDT836  ,
P3RDT582LV  ,P3RHS0_1247 ,P3RHS0_1247 -> P3RDT836  ,
P3RDT583    ,P3RHS0_1247 ,P3RHS0_1247 -> P3RDT836  ,
P3RDT583LV  ,P3RHS0_1247 ,P3RHS0_1247 -> P3RDT836  ,
P3RDT584    ,P3RHS0_1247 ,P3RHS0_1247 -> P3RDT836  ,
P3RDT584LV  ,P3RHS0_1247 ,P3RHS0_1247 -> P3RDT836  ,
P3RDT585    ,P3RHS0_1247 ,P3RHS0_1247 -> P3RDT836  ,
P3RDT585LV  ,P3RHS0_1247 ,P3RHS0_1247 -> P3RDT836  ,
P3RDT586    ,P3RHS0_1247 ,P3RHS0_1247 -> P3RDT836  ,
P3RDT586LV  ,P3RHS0_1247 ,P3RHS0_1247 -> P3RDT836  ,
P3RDT587    ,P3RHS0_1247 ,P3RHS0_1247 -> P3RDT836  ,
P3RDT587LV  ,P3RHS0_1247 ,P3RHS0_1247 -> P3RDT836  ,
P3RDT588    ,P3RHS0_1247 ,P3RHS0_1247 -> P3RDT836  ,
P3RDT588LV  ,P3RHS0_1247 ,P3RHS0_1247 -> P3RDT836  ,
P3RDT589    ,P3RHS0_1247 ,P3RHS0_1247 -> P3RDT836  ,
P3RDT589LV  ,P3RHS0_1247 ,P3RHS0_1247 -> P3RDT836  ,
P3RDT590    ,P3RHS0_1247 ,P3RHS0_1247 -> P3RDT836  ,
P3RDT590LV  ,P3RHS0_1247 ,P3RHS0_1247 -> P3RDT836  ,
P3RDT591    ,P3RHS0_1247 ,P3RHS0_1247 -> P3RDT836  ,
P3RDT591LV  ,P3RHS0_1247 ,P3RHS0_1247 -> P3RDT836  ,
P3RDT592    ,P3RHS0_1247 ,P3RHS0_1247 -> P3RDT656  ,
P3RDT592LV  ,P3RHS0_1247 ,P3RHS0_1247 -> P3RDT656  ,
P3RDT593    ,P3RHS0_1247 ,P3RHS0_1247 -> P3RDT999  ,
P3RDT593LV  ,P3RHS0_1247 ,P3RHS0_1247 -> P3RDT999  ,
P3RDT594    ,P3RHS0_1247 ,P3RHS0_1247 -> P3RDT656  ,
P3RDT594LV  ,P3RHS0_1247 ,P3RHS0_1247 -> P3RDT656  ,
P3RDT595    ,P3RHS0_1247 ,P3RHS0_1247 -> P3RDT656  ,
P3RDT595LV  ,P3RHS0_1247 ,P3RHS0_1247 -> P3RDT656  ,
P3RDT596    ,P3RHS0_1247 ,P3RHS0_1247 -> P3RDT836  ,
P3RDT596LV  ,P3RHS0_1247 ,P3RHS0_1247 -> P3RDT836  ,
P3RDT597    ,P3RHS0_1247 ,P3RHS0_1247 -> P3RDT656  ,
P3RDT597LV  ,P3RHS0_1247 ,P3RHS0_1247 -> P3RDT656  ,
P3RDT598    ,P3RHS0_1247 ,P3RHS0_1247 -> P3RDT656  ,
P3RDT598LV  ,P3RHS0_1247 ,P3RHS0_1247 -> P3RDT656  ,
P3RDT599    ,P3RHS0_1247 ,P3RHS0_1247 -> P3RDT836  ,
P3RDT599LV  ,P3RHS0_1247 ,P3RHS0_1247 -> P3RDT836  ,
P3RDT600    ,P3RHS0_1247 ,P3RHS0_1247 -> P3RDT656  ,
P3RDT600LV  ,P3RHS0_1247 ,P3RHS0_1247 -> P3RDT656  ,
P3RDT601    ,P3RHS0_1247 ,P3RHS0_1247 -> P3RDT999  ,
P3RDT601LV  ,P3RHS0_1247 ,P3RHS0_1247 -> P3RDT999  ,
P3RDT602    ,P3RHS0_1247 ,P3RHS0_1247 -> P3RDT656  ,
P3RDT602LV  ,P3RHS0_1247 ,P3RHS0_1247 -> P3RDT656  ,
P3RDT603    ,P3RHS0_1247 ,P3RHS0_1247 -> P3RDT656  ,
P3RDT603LV  ,P3RHS0_1247 ,P3RHS0_1247 -> P3RDT656  ,
P3RDT604    ,P3RHS0_1247 ,P3RHS0_1247 -> P3RDT836  ,
P3RDT604LV  ,P3RHS0_1247 ,P3RHS0_1247 -> P3RDT836  ,
P3RDT605    ,P3RHS0_1247 ,P3RHS0_1247 -> P3RDT836  ,
P3RDT605LV  ,P3RHS0_1247 ,P3RHS0_1247 -> P3RDT836  ,
P3RDT606    ,P3RHS0_1247 ,P3RHS0_1247 -> P3RDT999  ,
P3RDT606LV  ,P3RHS0_1247 ,P3RHS0_1247 -> P3RDT999  ,
P3RDT607    ,P3RHS0_1247 ,P3RHS0_1247 -> P3RDT836  ,
P3RDT607LV  ,P3RHS0_1247 ,P3RHS0_1247 -> P3RDT836  ,
P3RDT608    ,P3RHS0_1247 ,P3RHS0_1247 -> P3RDT836  ,
P3RDT608LV  ,P3RHS0_1247 ,P3RHS0_1247 -> P3RDT836  ,
P3RDT609    ,P3RHS0_1247 ,P3RHS0_1247 -> P3RDT656  ,
P3RDT609LV  ,P3RHS0_1247 ,P3RHS0_1247 -> P3RDT656  ,
P3RDT610    ,P3RHS0_1247 ,P3RHS0_1247 -> P3RDT836  ,
P3RDT610LV  ,P3RHS0_1247 ,P3RHS0_1247 -> P3RDT836  ,
P3RDT611    ,P3RHS0_1247 ,P3RHS0_1247 -> P3RDT656  ,
P3RDT611LV  ,P3RHS0_1247 ,P3RHS0_1247 -> P3RDT656  ,
P3RDT612    ,P3RHS0_1247 ,P3RHS0_1247 -> P3RDT656  ,
P3RDT612LV  ,P3RHS0_1247 ,P3RHS0_1247 -> P3RDT656  ,
P3RDT613    ,P3RHS0_1247 ,P3RHS0_1247 -> P3RDT999  ,
P3RDT613LV  ,P3RHS0_1247 ,P3RHS0_1247 -> P3RDT999  ,
P3RDT614    ,P3RHS0_1247 ,P3RHS0_1247 -> P3RDT656  ,
P3RDT614LV  ,P3RHS0_1247 ,P3RHS0_1247 -> P3RDT656  ,
P3RDT615    ,P3RHS0_1247 ,P3RHS0_1247 -> P3RDT656  ,
P3RDT615LV  ,P3RHS0_1247 ,P3RHS0_1247 -> P3RDT656  ,
P3RDT616    ,P3RHS0_1247 ,P3RHS0_1247 -> P3RDT836  ,
P3RDT616LV  ,P3RHS0_1247 ,P3RHS0_1247 -> P3RDT836  ,
P3RDT617    ,P3RHS0_1247 ,P3RHS0_1247 -> P3RDT656  ,
P3RDT617LV  ,P3RHS0_1247 ,P3RHS0_1247 -> P3RDT656  ,
P3RDT618    ,P3RHS0_1247 ,P3RHS0_1247 -> P3RDT656  ,
P3RDT618LV  ,P3RHS0_1247 ,P3RHS0_1247 -> P3RDT656  ,
P3RDT619    ,P3RHS0_1247 ,P3RHS0_1247 -> P3RDT999  ,
P3RDT619LV  ,P3RHS0_1247 ,P3RHS0_1247 -> P3RDT999  ,
P3RDT620    ,P3RHS0_1247 ,P3RHS0_1247 -> P3RDT836  ,
P3RDT620LV  ,P3RHS0_1247 ,P3RHS0_1247 -> P3RDT836  ,
P3RDT621    ,P3RHS0_1247 ,P3RHS0_1247 -> P3RDT656  ,
P3RDT621LV  ,P3RHS0_1247 ,P3RHS0_1247 -> P3RDT656  ,
P3RDT622    ,P3RHS0_1247 ,P3RHS0_1247 -> P3RDT656  ,
P3RDT622LV  ,P3RHS0_1247 ,P3RHS0_1247 -> P3RDT656  ,
P3RDT623    ,P3RHS0_1247 ,P3RHS0_1247 -> P3RDT656  ,
P3RDT623LV  ,P3RHS0_1247 ,P3RHS0_1247 -> P3RDT656  ,
P3RDT624    ,P3RHS0_1247 ,P3RHS0_1247 -> P3RDT836  ,
P3RDT624LV  ,P3RHS0_1247 ,P3RHS0_1247 -> P3RDT836  ,
P3RDT625    ,P3RHS0_1247 ,P3RHS0_1247 -> P3RDT836  ,
P3RDT625LV  ,P3RHS0_1247 ,P3RHS0_1247 -> P3RDT836  ,
P3RDT626    ,P3RHS0_1247 ,P3RHS0_1247 -> P3RDT836  ,
P3RDT626LV  ,P3RHS0_1247 ,P3RHS0_1247 -> P3RDT836  ,
P3RDT627    ,P3RHS0_1247 ,P3RHS0_1247 -> P3RDT656  ,
P3RDT627LV  ,P3RHS0_1247 ,P3RHS0_1247 -> P3RDT656  ,
P3RDT628    ,P3RHS0_1247 ,P3RHS0_1247 -> P3RDT836  ,
P3RDT628LV  ,P3RHS0_1247 ,P3RHS0_1247 -> P3RDT836  ,
P3RDT629    ,P3RHS0_1247 ,P3RHS0_1247 -> P3RDT836  ,
P3RDT629LV  ,P3RHS0_1247 ,P3RHS0_1247 -> P3RDT836  ,
P3RDT630    ,P3RHS0_1247 ,P3RHS0_1247 -> P3RDT836  ,
P3RDT630LV  ,P3RHS0_1247 ,P3RHS0_1247 -> P3RDT836  ,
P3RDT631    ,P3RHS0_1247 ,P3RHS0_1247 -> P3RDT999  ,
P3RDT631LV  ,P3RHS0_1247 ,P3RHS0_1247 -> P3RDT999  ,
P3RDT632    ,P3RHS0_1247 ,P3RHS0_1247 -> P3RDT999  ,
P3RDT632LV  ,P3RHS0_1247 ,P3RHS0_1247 -> P3RDT999  ,
P3RDT633    ,P3RHS0_1247 ,P3RHS0_1247 -> P3RDT999  ,
P3RDT633LV  ,P3RHS0_1247 ,P3RHS0_1247 -> P3RDT999  ,
P3RDT634    ,P3RHS0_1247 ,P3RHS0_1247 -> P3RDT999  ,
P3RDT634LV  ,P3RHS0_1247 ,P3RHS0_1247 -> P3RDT999  ,
P3RDT635    ,P3RHS0_1247 ,P3RHS0_1247 -> P3RDT999  ,
P3RDT635LV  ,P3RHS0_1247 ,P3RHS0_1247 -> P3RDT999  ,
P3RDT636    ,P3RHS0_1247 ,P3RHS0_1247 -> P3RDT999  ,
P3RDT636LV  ,P3RHS0_1247 ,P3RHS0_1247 -> P3RDT999  ,
P3RDT637    ,P3RHS0_1247 ,P3RHS0_1247 -> P3RDT999  ,
P3RDT637LV  ,P3RHS0_1247 ,P3RHS0_1247 -> P3RDT999  ,
P3RDT638    ,P3RHS0_1247 ,P3RHS0_1247 -> P3RDT999  ,
P3RDT638LV  ,P3RHS0_1247 ,P3RHS0_1247 -> P3RDT999  ,
P3RDT639    ,P3RHS0_1247 ,P3RHS0_1247 -> P3RDT999  ,
P3RDT639LV  ,P3RHS0_1247 ,P3RHS0_1247 -> P3RDT999  ,
P3RDT640    ,P3RHS0_1247 ,P3RHS0_1247 -> P3RDT999  ,
P3RDT640LV  ,P3RHS0_1247 ,P3RHS0_1247 -> P3RDT999  ,
P3RDT641    ,P3RHS0_1247 ,P3RHS0_1247 -> P3RDT999  ,
P3RDT641LV  ,P3RHS0_1247 ,P3RHS0_1247 -> P3RDT999  ,
P3RDT642    ,P3RHS0_1247 ,P3RHS0_1247 -> P3RDT999  ,
P3RDT642LV  ,P3RHS0_1247 ,P3RHS0_1247 -> P3RDT999  ,
P3RDT643    ,P3RHS0_1247 ,P3RHS0_1247 -> P3RDT999  ,
P3RDT643LV  ,P3RHS0_1247 ,P3RHS0_1247 -> P3RDT999  ,
P3RDT644    ,P3RHS0_1247 ,P3RHS0_1247 -> P3RDT999  ,
P3RDT644LV  ,P3RHS0_1247 ,P3RHS0_1247 -> P3RDT999  ,
P3RDT645    ,P3RHS0_1247 ,P3RHS0_1247 -> P3RDT999  ,
P3RDT645LV  ,P3RHS0_1247 ,P3RHS0_1247 -> P3RDT999  ,
P3RDT646    ,P3RHS0_1247 ,P3RHS0_1247 -> P3RDT836  ,
P3RDT646LV  ,P3RHS0_1247 ,P3RHS0_1247 -> P3RDT836  ,
P3RDT647    ,P3RHS0_1247 ,P3RHS0_1247 -> P3RDT831  ,
P3RDT647LV  ,P3RHS0_1247 ,P3RHS0_1247 -> P3RDT831  ,
P3RDT648    ,P3RHS0_1247 ,P3RHS0_1247 -> P3RDT656  ,
P3RDT648LV  ,P3RHS0_1247 ,P3RHS0_1247 -> P3RDT656  ,
P3RDT649    ,P3RHS0_1247 ,P3RHS0_1247 -> P3RDT999  ,
P3RDT649LV  ,P3RHS0_1247 ,P3RHS0_1247 -> P3RDT999  ,
P3RDT650    ,P3RHS0_1247 ,P3RHS0_1247 -> P3RDT999  ,
P3RDT650LV  ,P3RHS0_1247 ,P3RHS0_1247 -> P3RDT999  ,
P3RDT651    ,P3RHS0_1247 ,P3RHS0_1247 -> P3RDT999  ,
P3RDT651LV  ,P3RHS0_1247 ,P3RHS0_1247 -> P3RDT999  ,
P3RDT652    ,P3RHS0_1247 ,P3RHS0_1247 -> P3RDT999  ,
P3RDT652LV  ,P3RHS0_1247 ,P3RHS0_1247 -> P3RDT999  ,
P3RDT653    ,P3RHS0_1247 ,P3RHS0_1247 -> P3RDT999  ,
P3RDT653LV  ,P3RHS0_1247 ,P3RHS0_1247 -> P3RDT999  ,
P3RDT654    ,P3RHS0_1247 ,P3RHS0_1247 -> P3RDT999  ,
P3RDT654LV  ,P3RHS0_1247 ,P3RHS0_1247 -> P3RDT999  ,
P3RDT655    ,P3RHS0_1247 ,P3RHS0_1247 -> P3RDT656  ,
P3RDT655LV  ,P3RHS0_1247 ,P3RHS0_1247 -> P3RDT656  ,
P3RDT656    ,P3RHS0_1247 ,P3RHS0_1247 -> P3RDT656  ,
P3RDT656LV  ,P3RHS0_1247 ,P3RHS0_1247 -> P3RDT656  ,
P3RDT657    ,P3RHS0_1247 ,P3RHS0_1247 -> P3RDT999  ,
P3RDT657LV  ,P3RHS0_1247 ,P3RHS0_1247 -> P3RDT999  ,
P3RDT658    ,P3RHS0_1247 ,P3RHS0_1247 -> P3RDT836  ,
P3RDT658LV  ,P3RHS0_1247 ,P3RHS0_1247 -> P3RDT836  ,
P3RDT659    ,P3RHS0_1247 ,P3RHS0_1247 -> P3RDT831  ,
P3RDT659LV  ,P3RHS0_1247 ,P3RHS0_1247 -> P3RDT831  ,
P3RDT660    ,P3RHS0_1247 ,P3RHS0_1247 -> P3RDT831  ,
P3RDT660LV  ,P3RHS0_1247 ,P3RHS0_1247 -> P3RDT831  ,
P3RDT661    ,P3RHS0_1247 ,P3RHS0_1247 -> P3RDT831  ,
P3RDT661LV  ,P3RHS0_1247 ,P3RHS0_1247 -> P3RDT831  ,
P3RDT662    ,P3RHS0_1247 ,P3RHS0_1247 -> P3RDT831  ,
P3RDT662LV  ,P3RHS0_1247 ,P3RHS0_1247 -> P3RDT831  ,
P3RDT663    ,P3RHS0_1247 ,P3RHS0_1247 -> P3RDT831  ,
P3RDT663LV  ,P3RHS0_1247 ,P3RHS0_1247 -> P3RDT831  ,
P3RDT664    ,P3RHS0_1247 ,P3RHS0_1247 -> P3RDT831  ,
P3RDT664LV  ,P3RHS0_1247 ,P3RHS0_1247 -> P3RDT831  ,
P3RDT665    ,P3RHS0_1247 ,P3RHS0_1247 -> P3RDT831  ,
P3RDT665LV  ,P3RHS0_1247 ,P3RHS0_1247 -> P3RDT831  ,
P3RDT666    ,P3RHS0_1247 ,P3RHS0_1247 -> P3RDT831  ,
P3RDT666LV  ,P3RHS0_1247 ,P3RHS0_1247 -> P3RDT831  ,
P3RDT667    ,P3RHS0_1247 ,P3RHS0_1247 -> P3RDT831  ,
P3RDT667LV  ,P3RHS0_1247 ,P3RHS0_1247 -> P3RDT831  ,
P3RDT668    ,P3RHS0_1247 ,P3RHS0_1247 -> P3RDT831  ,
P3RDT668LV  ,P3RHS0_1247 ,P3RHS0_1247 -> P3RDT831  ,
P3RDT669    ,P3RHS0_1247 ,P3RHS0_1247 -> P3RDT831  ,
P3RDT669LV  ,P3RHS0_1247 ,P3RHS0_1247 -> P3RDT831  ,
P3RDT670    ,P3RHS0_1247 ,P3RHS0_1247 -> P3RDT831  ,
P3RDT670LV  ,P3RHS0_1247 ,P3RHS0_1247 -> P3RDT831  ,
P3RDT671    ,P3RHS0_1247 ,P3RHS0_1247 -> P3RDT831  ,
P3RDT671LV  ,P3RHS0_1247 ,P3RHS0_1247 -> P3RDT831  ,
P3RDT672    ,P3RHS0_1247 ,P3RHS0_1247 -> P3RDT831  ,
P3RDT672LV  ,P3RHS0_1247 ,P3RHS0_1247 -> P3RDT831  ,
P3RDT673    ,P3RHS0_1247 ,P3RHS0_1247 -> P3RDT831  ,
P3RDT673LV  ,P3RHS0_1247 ,P3RHS0_1247 -> P3RDT831  ,
P3RDT674    ,P3RHS0_1247 ,P3RHS0_1247 -> P3RDT656  ,
P3RDT674LV  ,P3RHS0_1247 ,P3RHS0_1247 -> P3RDT656  ,
P3RDT675    ,P3RHS0_1247 ,P3RHS0_1247 -> P3RDT831  ,
P3RDT675LV  ,P3RHS0_1247 ,P3RHS0_1247 -> P3RDT831  ,
P3RDT676    ,P3RHS0_1247 ,P3RHS0_1247 -> P3RDT831  ,
P3RDT676LV  ,P3RHS0_1247 ,P3RHS0_1247 -> P3RDT831  ,
P3RDT677    ,P3RHS0_1247 ,P3RHS0_1247 -> P3RDT831  ,
P3RDT677LV  ,P3RHS0_1247 ,P3RHS0_1247 -> P3RDT831  ,
P3RDT678    ,P3RHS0_1247 ,P3RHS0_1247 -> P3RDT831  ,
P3RDT678LV  ,P3RHS0_1247 ,P3RHS0_1247 -> P3RDT831  ,
P3RDT679    ,P3RHS0_1247 ,P3RHS0_1247 -> P3RDT831  ,
P3RDT679LV  ,P3RHS0_1247 ,P3RHS0_1247 -> P3RDT831  ,
P3RDT680    ,P3RHS0_1247 ,P3RHS0_1247 -> P3RDT831  ,
P3RDT680LV  ,P3RHS0_1247 ,P3RHS0_1247 -> P3RDT831  ,
P3RDT681    ,P3RHS0_1247 ,P3RHS0_1247 -> P3RDT831  ,
P3RDT681LV  ,P3RHS0_1247 ,P3RHS0_1247 -> P3RDT831  ,
P3RDT682    ,P3RHS0_1247 ,P3RHS0_1247 -> P3RDT831  ,
P3RDT682LV  ,P3RHS0_1247 ,P3RHS0_1247 -> P3RDT831  ,
P3RDT683    ,P3RHS0_1247 ,P3RHS0_1247 -> P3RDT831  ,
P3RDT683LV  ,P3RHS0_1247 ,P3RHS0_1247 -> P3RDT831  ,
P3RDT684    ,P3RHS0_1247 ,P3RHS0_1247 -> P3RDT831  ,
P3RDT684LV  ,P3RHS0_1247 ,P3RHS0_1247 -> P3RDT831  ,
P3RDT685    ,P3RHS0_1247 ,P3RHS0_1247 -> P3RDT831  ,
P3RDT685LV  ,P3RHS0_1247 ,P3RHS0_1247 -> P3RDT831  ,
P3RDT686    ,P3RHS0_1247 ,P3RHS0_1247 -> P3RDT831  ,
P3RDT686LV  ,P3RHS0_1247 ,P3RHS0_1247 -> P3RDT831  ,
P3RDT687    ,P3RHS0_1247 ,P3RHS0_1247 -> P3RDT831  ,
P3RDT687LV  ,P3RHS0_1247 ,P3RHS0_1247 -> P3RDT831  ,
P3RDT688    ,P3RHS0_1247 ,P3RHS0_1247 -> P3RDT831  ,
P3RDT688LV  ,P3RHS0_1247 ,P3RHS0_1247 -> P3RDT831  ,
P3RDT689    ,P3RHS0_1247 ,P3RHS0_1247 -> P3RDT831  ,
P3RDT689LV  ,P3RHS0_1247 ,P3RHS0_1247 -> P3RDT831  ,
P3RDT690    ,P3RHS0_1247 ,P3RHS0_1247 -> P3RDT831  ,
P3RDT690LV  ,P3RHS0_1247 ,P3RHS0_1247 -> P3RDT831  ,
P3RDT691    ,P3RHS0_1247 ,P3RHS0_1247 -> P3RDT831  ,
P3RDT691LV  ,P3RHS0_1247 ,P3RHS0_1247 -> P3RDT831  ,
P3RDT692    ,P3RHS0_1247 ,P3RHS0_1247 -> P3RDT656  ,
P3RDT692LV  ,P3RHS0_1247 ,P3RHS0_1247 -> P3RDT656  ,
P3RDT693    ,P3RHS0_1247 ,P3RHS0_1247 -> P3RDT831  ,
P3RDT693LV  ,P3RHS0_1247 ,P3RHS0_1247 -> P3RDT831  ,
P3RDT694    ,P3RHS0_1247 ,P3RHS0_1247 -> P3RDT831  ,
P3RDT694LV  ,P3RHS0_1247 ,P3RHS0_1247 -> P3RDT831  ,
P3RDT695    ,P3RHS0_1247 ,P3RHS0_1247 -> P3RDT831  ,
P3RDT695LV  ,P3RHS0_1247 ,P3RHS0_1247 -> P3RDT831  ,
P3RDT696    ,P3RHS0_1247 ,P3RHS0_1247 -> P3RDT831  ,
P3RDT696LV  ,P3RHS0_1247 ,P3RHS0_1247 -> P3RDT831  ,
P3RDT697    ,P3RHS0_1247 ,P3RHS0_1247 -> P3RDT836  ,
P3RDT697LV  ,P3RHS0_1247 ,P3RHS0_1247 -> P3RDT836  ,
P3RDT698    ,P3RHS0_1247 ,P3RHS0_1247 -> P3RDT836  ,
P3RDT698LV  ,P3RHS0_1247 ,P3RHS0_1247 -> P3RDT836  ,
P3RDT699    ,P3RHS0_1247 ,P3RHS0_1247 -> P3RDT836  ,
P3RDT699LV  ,P3RHS0_1247 ,P3RHS0_1247 -> P3RDT836  ,
P3RDT700    ,P3RHS0_1247 ,P3RHS0_1247 -> P3RDT836  ,
P3RDT700LV  ,P3RHS0_1247 ,P3RHS0_1247 -> P3RDT836  ,
P3RDT701    ,P3RHS0_1247 ,P3RHS0_1247 -> P3RDT999  ,
P3RDT701LV  ,P3RHS0_1247 ,P3RHS0_1247 -> P3RDT999  ,
P3RDT702    ,P3RHS0_1247 ,P3RHS0_1247 -> P3RDT999  ,
P3RDT702LV  ,P3RHS0_1247 ,P3RHS0_1247 -> P3RDT999  ,
P3RDT703    ,P3RHS0_1247 ,P3RHS0_1247 -> P3RDT999  ,
P3RDT703LV  ,P3RHS0_1247 ,P3RHS0_1247 -> P3RDT999  ,
P3RDT704    ,P3RHS0_1247 ,P3RHS0_1247 -> P3RDT999  ,
P3RDT704LV  ,P3RHS0_1247 ,P3RHS0_1247 -> P3RDT999  ,
P3RDT705    ,P3RHS0_1247 ,P3RHS0_1247 -> P3RDT999  ,
P3RDT705LV  ,P3RHS0_1247 ,P3RHS0_1247 -> P3RDT999  ,
P3RDT706    ,P3RHS0_1247 ,P3RHS0_1247 -> P3RDT999  ,
P3RDT706LV  ,P3RHS0_1247 ,P3RHS0_1247 -> P3RDT999  ,
P3RDT707    ,P3RHS0_1247 ,P3RHS0_1247 -> P3RDT999  ,
P3RDT707LV  ,P3RHS0_1247 ,P3RHS0_1247 -> P3RDT999  ,
P3RDT708    ,P3RHS0_1247 ,P3RHS0_1247 -> P3RDT999  ,
P3RDT708LV  ,P3RHS0_1247 ,P3RHS0_1247 -> P3RDT999  ,
P3RDT709    ,P3RHS0_1247 ,P3RHS0_1247 -> P3RDT999  ,
P3RDT709LV  ,P3RHS0_1247 ,P3RHS0_1247 -> P3RDT999  ,
P3RDT710    ,P3RHS0_1247 ,P3RHS0_1247 -> P3RDT999  ,
P3RDT710LV  ,P3RHS0_1247 ,P3RHS0_1247 -> P3RDT999  ,
P3RDT711    ,P3RHS0_1247 ,P3RHS0_1247 -> P3RDT999  ,
P3RDT711LV  ,P3RHS0_1247 ,P3RHS0_1247 -> P3RDT999  ,
P3RDT712    ,P3RHS0_1247 ,P3RHS0_1247 -> P3RDT999  ,
P3RDT712LV  ,P3RHS0_1247 ,P3RHS0_1247 -> P3RDT999  ,
P3RDT713    ,P3RHS0_1247 ,P3RHS0_1247 -> P3RDT999  ,
P3RDT713LV  ,P3RHS0_1247 ,P3RHS0_1247 -> P3RDT999  ,
P3RDT714    ,P3RHS0_1247 ,P3RHS0_1247 -> P3RDT999  ,
P3RDT714LV  ,P3RHS0_1247 ,P3RHS0_1247 -> P3RDT999  ,
P3RDT715    ,P3RHS0_1247 ,P3RHS0_1247 -> P3RDT999  ,
P3RDT715LV  ,P3RHS0_1247 ,P3RHS0_1247 -> P3RDT999  ,
P3RDT716    ,P3RHS0_1247 ,P3RHS0_1247 -> P3RDT999  ,
P3RDT716LV  ,P3RHS0_1247 ,P3RHS0_1247 -> P3RDT999  ,
P3RDT717    ,P3RHS0_1247 ,P3RHS0_1247 -> P3RDT999  ,
P3RDT717LV  ,P3RHS0_1247 ,P3RHS0_1247 -> P3RDT999  ,
P3RDT718    ,P3RHS0_1247 ,P3RHS0_1247 -> P3RDT999  ,
P3RDT718LV  ,P3RHS0_1247 ,P3RHS0_1247 -> P3RDT999  ,
P3RDT719    ,P3RHS0_1247 ,P3RHS0_1247 -> P3RDT999  ,
P3RDT719LV  ,P3RHS0_1247 ,P3RHS0_1247 -> P3RDT999  ,
P3RDT720    ,P3RHS0_1247 ,P3RHS0_1247 -> P3RDT999  ,
P3RDT720LV  ,P3RHS0_1247 ,P3RHS0_1247 -> P3RDT999  ,
P3RDT721    ,P3RHS0_1247 ,P3RHS0_1247 -> P3RDT999  ,
P3RDT721LV  ,P3RHS0_1247 ,P3RHS0_1247 -> P3RDT999  ,
P3RDT722    ,P3RHS0_1247 ,P3RHS0_1247 -> P3RDT999  ,
P3RDT722LV  ,P3RHS0_1247 ,P3RHS0_1247 -> P3RDT999  ,
P3RDT723    ,P3RHS0_1247 ,P3RHS0_1247 -> P3RDT999  ,
P3RDT723LV  ,P3RHS0_1247 ,P3RHS0_1247 -> P3RDT999  ,
P3RDT724    ,P3RHS0_1247 ,P3RHS0_1247 -> P3RDT999  ,
P3RDT724LV  ,P3RHS0_1247 ,P3RHS0_1247 -> P3RDT999  ,
P3RDT725    ,P3RHS0_1247 ,P3RHS0_1247 -> P3RDT999  ,
P3RDT725LV  ,P3RHS0_1247 ,P3RHS0_1247 -> P3RDT999  ,
P3RDT726    ,P3RHS0_1247 ,P3RHS0_1247 -> P3RDT999  ,
P3RDT726LV  ,P3RHS0_1247 ,P3RHS0_1247 -> P3RDT999  ,
P3RDT727    ,P3RHS0_1247 ,P3RHS0_1247 -> P3RDT656  ,
P3RDT727LV  ,P3RHS0_1247 ,P3RHS0_1247 -> P3RDT656  ,
P3RDT728    ,P3RHS0_1247 ,P3RHS0_1247 -> P3RDT656  ,
P3RDT728LV  ,P3RHS0_1247 ,P3RHS0_1247 -> P3RDT656  ,
P3RDT729    ,P3RHS0_1247 ,P3RHS0_1247 -> P3RDT656  ,
P3RDT729LV  ,P3RHS0_1247 ,P3RHS0_1247 -> P3RDT656  ,
P3RDT730    ,P3RHS0_1247 ,P3RHS0_1247 -> P3RDT656  ,
P3RDT730LV  ,P3RHS0_1247 ,P3RHS0_1247 -> P3RDT656  ,
P3RDT731    ,P3RHS0_1247 ,P3RHS0_1247 -> P3RDT656  ,
P3RDT731LV  ,P3RHS0_1247 ,P3RHS0_1247 -> P3RDT656  ,
P3RDT732    ,P3RHS0_1247 ,P3RHS0_1247 -> P3RDT999  ,
P3RDT732LV  ,P3RHS0_1247 ,P3RHS0_1247 -> P3RDT999  ,
P3RDT733    ,P3RHS0_1247 ,P3RHS0_1247 -> P3RDT999  ,
P3RDT733LV  ,P3RHS0_1247 ,P3RHS0_1247 -> P3RDT999  ,
P3RDT734    ,P3RHS0_1247 ,P3RHS0_1247 -> P3RDT999  ,
P3RDT734LV  ,P3RHS0_1247 ,P3RHS0_1247 -> P3RDT999  ,
P3RDT735    ,P3RHS0_1247 ,P3RHS0_1247 -> P3RDT999  ,
P3RDT735LV  ,P3RHS0_1247 ,P3RHS0_1247 -> P3RDT999  ,
P3RDT736    ,P3RHS0_1247 ,P3RHS0_1247 -> P3RDT999  ,
P3RDT736LV  ,P3RHS0_1247 ,P3RHS0_1247 -> P3RDT999  ,
P3RDT737    ,P3RHS0_1247 ,P3RHS0_1247 -> P3RDT999  ,
P3RDT737LV  ,P3RHS0_1247 ,P3RHS0_1247 -> P3RDT999  ,
P3RDT738    ,P3RHS0_1247 ,P3RHS0_1247 -> P3RDT999  ,
P3RDT738LV  ,P3RHS0_1247 ,P3RHS0_1247 -> P3RDT999  ,
P3RDT739    ,P3RHS0_1247 ,P3RHS0_1247 -> P3RDT999  ,
P3RDT739LV  ,P3RHS0_1247 ,P3RHS0_1247 -> P3RDT999  ,
P3RDT740    ,P3RHS0_1247 ,P3RHS0_1247 -> P3RDT831  ,
P3RDT740LV  ,P3RHS0_1247 ,P3RHS0_1247 -> P3RDT831  ,
P3RDT741    ,P3RHS0_1247 ,P3RHS0_1247 -> P3RDT831  ,
P3RDT741LV  ,P3RHS0_1247 ,P3RHS0_1247 -> P3RDT831  ,
P3RDT742    ,P3RHS0_1247 ,P3RHS0_1247 -> P3RDT831  ,
P3RDT742LV  ,P3RHS0_1247 ,P3RHS0_1247 -> P3RDT831  ,
P3RDT743    ,P3RHS0_1247 ,P3RHS0_1247 -> P3RDT999  ,
P3RDT743LV  ,P3RHS0_1247 ,P3RHS0_1247 -> P3RDT999  ,
P3RDT744    ,P3RHS0_1247 ,P3RHS0_1247 -> P3RDT999  ,
P3RDT744LV  ,P3RHS0_1247 ,P3RHS0_1247 -> P3RDT999  ,
P3RDT745    ,P3RHS0_1247 ,P3RHS0_1247 -> P3RDT999  ,
P3RDT745LV  ,P3RHS0_1247 ,P3RHS0_1247 -> P3RDT999  ,
P3RDT746    ,P3RHS0_1247 ,P3RHS0_1247 -> P3RDT999  ,
P3RDT746LV  ,P3RHS0_1247 ,P3RHS0_1247 -> P3RDT999  ,
P3RDT747    ,P3RHS0_1247 ,P3RHS0_1247 -> P3RDT999  ,
P3RDT747LV  ,P3RHS0_1247 ,P3RHS0_1247 -> P3RDT999  ,
P3RDT748    ,P3RHS0_1247 ,P3RHS0_1247 -> P3RDT831  ,
P3RDT748LV  ,P3RHS0_1247 ,P3RHS0_1247 -> P3RDT831  ,
P3RDT749    ,P3RHS0_1247 ,P3RHS0_1247 -> P3RDT999  ,
P3RDT749LV  ,P3RHS0_1247 ,P3RHS0_1247 -> P3RDT999  ,
P3RDT750    ,P3RHS0_1247 ,P3RHS0_1247 -> P3RDT831  ,
P3RDT750LV  ,P3RHS0_1247 ,P3RHS0_1247 -> P3RDT831  ,
P3RDT751    ,P3RHS0_1247 ,P3RHS0_1247 -> P3RDT831  ,
P3RDT751LV  ,P3RHS0_1247 ,P3RHS0_1247 -> P3RDT831  ,
P3RDT752    ,P3RHS0_1247 ,P3RHS0_1247 -> P3RDT831  ,
P3RDT752LV  ,P3RHS0_1247 ,P3RHS0_1247 -> P3RDT831  ,
P3RDT753    ,P3RHS0_1247 ,P3RHS0_1247 -> P3RDT999  ,
P3RDT753LV  ,P3RHS0_1247 ,P3RHS0_1247 -> P3RDT999  ,
P3RDT754    ,P3RHS0_1247 ,P3RHS0_1247 -> P3RDT831  ,
P3RDT754LV  ,P3RHS0_1247 ,P3RHS0_1247 -> P3RDT831  ,
P3RDT755    ,P3RHS0_1247 ,P3RHS0_1247 -> P3RDT999  ,
P3RDT755LV  ,P3RHS0_1247 ,P3RHS0_1247 -> P3RDT999  ,
P3RDT756    ,P3RHS0_1247 ,P3RHS0_1247 -> P3RDT831  ,
P3RDT756LV  ,P3RHS0_1247 ,P3RHS0_1247 -> P3RDT831  ,
P3RDT757    ,P3RHS0_1247 ,P3RHS0_1247 -> P3RDT831  ,
P3RDT757LV  ,P3RHS0_1247 ,P3RHS0_1247 -> P3RDT831  ,
P3RDT758    ,P3RHS0_1247 ,P3RHS0_1247 -> P3RDT999  ,
P3RDT758LV  ,P3RHS0_1247 ,P3RHS0_1247 -> P3RDT999  ,
P3RDT759    ,P3RHS0_1247 ,P3RHS0_1247 -> P3RDT999  ,
P3RDT759LV  ,P3RHS0_1247 ,P3RHS0_1247 -> P3RDT999  ,
P3RDT760    ,P3RHS0_1247 ,P3RHS0_1247 -> P3RDT999  ,
P3RDT760LV  ,P3RHS0_1247 ,P3RHS0_1247 -> P3RDT999  ,
P3RDT761    ,P3RHS0_1247 ,P3RHS0_1247 -> P3RDT831  ,
P3RDT761LV  ,P3RHS0_1247 ,P3RHS0_1247 -> P3RDT831  ,
P3RDT762    ,P3RHS0_1247 ,P3RHS0_1247 -> P3RDT831  ,
P3RDT762LV  ,P3RHS0_1247 ,P3RHS0_1247 -> P3RDT831  ,
P3RDT763    ,P3RHS0_1247 ,P3RHS0_1247 -> P3RDT831  ,
P3RDT763LV  ,P3RHS0_1247 ,P3RHS0_1247 -> P3RDT831  ,
P3RDT764    ,P3RHS0_1247 ,P3RHS0_1247 -> P3RDT831  ,
P3RDT764LV  ,P3RHS0_1247 ,P3RHS0_1247 -> P3RDT831  ,
P3RDT765    ,P3RHS0_1247 ,P3RHS0_1247 -> P3RDT831  ,
P3RDT765LV  ,P3RHS0_1247 ,P3RHS0_1247 -> P3RDT831  ,
P3RDT766    ,P3RHS0_1247 ,P3RHS0_1247 -> P3RDT831  ,
P3RDT766LV  ,P3RHS0_1247 ,P3RHS0_1247 -> P3RDT831  ,
P3RDT767    ,P3RHS0_1247 ,P3RHS0_1247 -> P3RDT831  ,
P3RDT767LV  ,P3RHS0_1247 ,P3RHS0_1247 -> P3RDT831  ,
P3RDT768    ,P3RHS0_1247 ,P3RHS0_1247 -> P3RDT831  ,
P3RDT768LV  ,P3RHS0_1247 ,P3RHS0_1247 -> P3RDT831  ,
P3RDT769    ,P3RHS0_1247 ,P3RHS0_1247 -> P3RDT831  ,
P3RDT769LV  ,P3RHS0_1247 ,P3RHS0_1247 -> P3RDT831  ,
P3RDT770    ,P3RHS0_1247 ,P3RHS0_1247 -> P3RDT831  ,
P3RDT770LV  ,P3RHS0_1247 ,P3RHS0_1247 -> P3RDT831  ,
P3RDT771    ,P3RHS0_1247 ,P3RHS0_1247 -> P3RDT999  ,
P3RDT771LV  ,P3RHS0_1247 ,P3RHS0_1247 -> P3RDT999  ,
P3RDT772    ,P3RHS0_1247 ,P3RHS0_1247 -> P3RDT999  ,
P3RDT772LV  ,P3RHS0_1247 ,P3RHS0_1247 -> P3RDT999  ,
P3RDT773    ,P3RHS0_1247 ,P3RHS0_1247 -> P3RDT999  ,
P3RDT773LV  ,P3RHS0_1247 ,P3RHS0_1247 -> P3RDT999  ,
P3RDT774    ,P3RHS0_1247 ,P3RHS0_1247 -> P3RDT999  ,
P3RDT774LV  ,P3RHS0_1247 ,P3RHS0_1247 -> P3RDT999  ,
P3RDT775    ,P3RHS0_1247 ,P3RHS0_1247 -> P3RDT999  ,
P3RDT775LV  ,P3RHS0_1247 ,P3RHS0_1247 -> P3RDT999  ,
P3RDT776    ,P3RHS0_1247 ,P3RHS0_1247 -> P3RDT999  ,
P3RDT776LV  ,P3RHS0_1247 ,P3RHS0_1247 -> P3RDT999  ,
P3RDT777    ,P3RHS0_1247 ,P3RHS0_1247 -> P3RDT999  ,
P3RDT777LV  ,P3RHS0_1247 ,P3RHS0_1247 -> P3RDT999  ,
P3RDT778    ,P3RHS0_1247 ,P3RHS0_1247 -> P3RDT656  ,
P3RDT778LV  ,P3RHS0_1247 ,P3RHS0_1247 -> P3RDT656  ,
P3RDT779    ,P3RHS0_1247 ,P3RHS0_1247 -> P3RDT656  ,
P3RDT779LV  ,P3RHS0_1247 ,P3RHS0_1247 -> P3RDT656  ,
P3RDT780    ,P3RHS0_1247 ,P3RHS0_1247 -> P3RDT656  ,
P3RDT780LV  ,P3RHS0_1247 ,P3RHS0_1247 -> P3RDT656  ,
P3RDT781    ,P3RHS0_1247 ,P3RHS0_1247 -> P3RDT656  ,
P3RDT781LV  ,P3RHS0_1247 ,P3RHS0_1247 -> P3RDT656  ,
P3RDT782    ,P3RHS0_1247 ,P3RHS0_1247 -> P3RDT656  ,
P3RDT782LV  ,P3RHS0_1247 ,P3RHS0_1247 -> P3RDT656  ,
P3RDT783    ,P3RHS0_1247 ,P3RHS0_1247 -> P3RDT656  ,
P3RDT783LV  ,P3RHS0_1247 ,P3RHS0_1247 -> P3RDT656  ,
P3RDT784    ,P3RHS0_1247 ,P3RHS0_1247 -> P3RDT656  ,
P3RDT784LV  ,P3RHS0_1247 ,P3RHS0_1247 -> P3RDT656  ,
P3RDT785    ,P3RHS0_1247 ,P3RHS0_1247 -> P3RDT656  ,
P3RDT785LV  ,P3RHS0_1247 ,P3RHS0_1247 -> P3RDT656  ,
P3RDT786    ,P3RHS0_1247 ,P3RHS0_1247 -> P3RDT656  ,
P3RDT786LV  ,P3RHS0_1247 ,P3RHS0_1247 -> P3RDT656  ,
P3RDT787    ,P3RHS0_1247 ,P3RHS0_1247 -> P3RDT656  ,
P3RDT787LV  ,P3RHS0_1247 ,P3RHS0_1247 -> P3RDT656  ,
P3RDT788    ,P3RHS0_1247 ,P3RHS0_1247 -> P3RDT836  ,
P3RDT788LV  ,P3RHS0_1247 ,P3RHS0_1247 -> P3RDT836  ,
P3RDT789    ,P3RHS0_1247 ,P3RHS0_1247 -> P3RDT836  ,
P3RDT789LV  ,P3RHS0_1247 ,P3RHS0_1247 -> P3RDT836  ,
P3RDT790    ,P3RHS0_1247 ,P3RHS0_1247 -> P3RDT836  ,
P3RDT790LV  ,P3RHS0_1247 ,P3RHS0_1247 -> P3RDT836  ,
P3RDT791    ,P3RHS0_1247 ,P3RHS0_1247 -> P3RDT836  ,
P3RDT791LV  ,P3RHS0_1247 ,P3RHS0_1247 -> P3RDT836  ,
P3RDT792    ,P3RHS0_1247 ,P3RHS0_1247 -> P3RDT836  ,
P3RDT792LV  ,P3RHS0_1247 ,P3RHS0_1247 -> P3RDT836  ,
P3RDT793    ,P3RHS0_1247 ,P3RHS0_1247 -> P3RDT836  ,
P3RDT793LV  ,P3RHS0_1247 ,P3RHS0_1247 -> P3RDT836  ,
P3RDT794    ,P3RHS0_1247 ,P3RHS0_1247 -> P3RDT836  ,
P3RDT794LV  ,P3RHS0_1247 ,P3RHS0_1247 -> P3RDT836  ,
P3RDT795    ,P3RHS0_1247 ,P3RHS0_1247 -> P3RDT836  ,
P3RDT795LV  ,P3RHS0_1247 ,P3RHS0_1247 -> P3RDT836  ,
P3RDT796    ,P3RHS0_1247 ,P3RHS0_1247 -> P3RDT836  ,
P3RDT796LV  ,P3RHS0_1247 ,P3RHS0_1247 -> P3RDT836  ,
P3RDT797    ,P3RHS0_1247 ,P3RHS0_1247 -> P3RDT836  ,
P3RDT797LV  ,P3RHS0_1247 ,P3RHS0_1247 -> P3RDT836  ,
P3RDT798    ,P3RHS0_1247 ,P3RHS0_1247 -> P3RDT836  ,
P3RDT798LV  ,P3RHS0_1247 ,P3RHS0_1247 -> P3RDT836  ,
P3RDT799    ,P3RHS0_1247 ,P3RHS0_1247 -> P3RDT836  ,
P3RDT799LV  ,P3RHS0_1247 ,P3RHS0_1247 -> P3RDT836  ,
P3RDT800    ,P3RHS0_1247 ,P3RHS0_1247 -> P3RDT836  ,
P3RDT800LV  ,P3RHS0_1247 ,P3RHS0_1247 -> P3RDT836  ,
P3RDT801    ,P3RHS0_1247 ,P3RHS0_1247 -> P3RDT836  ,
P3RDT801LV  ,P3RHS0_1247 ,P3RHS0_1247 -> P3RDT836  ,
P3RDT802    ,P3RHS0_1247 ,P3RHS0_1247 -> P3RDT836  ,
P3RDT802LV  ,P3RHS0_1247 ,P3RHS0_1247 -> P3RDT836  ,
P3RDT803    ,P3RHS0_1247 ,P3RHS0_1247 -> P3RDT836  ,
P3RDT803LV  ,P3RHS0_1247 ,P3RHS0_1247 -> P3RDT836  ,
P3RDT804    ,P3RHS0_1247 ,P3RHS0_1247 -> P3RDT836  ,
P3RDT804LV  ,P3RHS0_1247 ,P3RHS0_1247 -> P3RDT836  ,
P3RDT805    ,P3RHS0_1247 ,P3RHS0_1247 -> P3RDT836  ,
P3RDT805LV  ,P3RHS0_1247 ,P3RHS0_1247 -> P3RDT836  ,
P3RDT806    ,P3RHS0_1247 ,P3RHS0_1247 -> P3RDT836  ,
P3RDT806LV  ,P3RHS0_1247 ,P3RHS0_1247 -> P3RDT836  ,
P3RDT807    ,P3RHS0_1247 ,P3RHS0_1247 -> P3RDT836  ,
P3RDT807LV  ,P3RHS0_1247 ,P3RHS0_1247 -> P3RDT836  ,
P3RDT808    ,P3RHS0_1247 ,P3RHS0_1247 -> P3RDT836  ,
P3RDT808LV  ,P3RHS0_1247 ,P3RHS0_1247 -> P3RDT836  ,
P3RDT809    ,P3RHS0_1247 ,P3RHS0_1247 -> P3RDT836  ,
P3RDT809LV  ,P3RHS0_1247 ,P3RHS0_1247 -> P3RDT836  ,
P3RDT810    ,P3RHS0_1247 ,P3RHS0_1247 -> P3RDT836  ,
P3RDT810LV  ,P3RHS0_1247 ,P3RHS0_1247 -> P3RDT836  ,
P3RDT811    ,P3RHS0_1247 ,P3RHS0_1247 -> P3RDT836  ,
P3RDT811LV  ,P3RHS0_1247 ,P3RHS0_1247 -> P3RDT836  ,
P3RDT812    ,P3RHS0_1247 ,P3RHS0_1247 -> P3RDT999  ,
P3RDT812LV  ,P3RHS0_1247 ,P3RHS0_1247 -> P3RDT999  ,
P3RDT813    ,P3RHS0_1247 ,P3RHS0_1247 -> P3RDT836  ,
P3RDT813LV  ,P3RHS0_1247 ,P3RHS0_1247 -> P3RDT836  ,
P3RDT814    ,P3RHS0_1247 ,P3RHS0_1247 -> P3RDT836  ,
P3RDT814LV  ,P3RHS0_1247 ,P3RHS0_1247 -> P3RDT836  ,
P3RDT815    ,P3RHS0_1247 ,P3RHS0_1247 -> P3RDT836  ,
P3RDT815LV  ,P3RHS0_1247 ,P3RHS0_1247 -> P3RDT836  ,
P3RDT816    ,P3RHS0_1247 ,P3RHS0_1247 -> P3RDT836  ,
P3RDT816LV  ,P3RHS0_1247 ,P3RHS0_1247 -> P3RDT836  ,
P3RDT817    ,P3RHS0_1247 ,P3RHS0_1247 -> P3RDT836  ,
P3RDT817LV  ,P3RHS0_1247 ,P3RHS0_1247 -> P3RDT836  ,
P3RDT818    ,P3RHS0_1247 ,P3RHS0_1247 -> P3RDT836  ,
P3RDT818LV  ,P3RHS0_1247 ,P3RHS0_1247 -> P3RDT836  ,
P3RDT819    ,P3RHS0_1247 ,P3RHS0_1247 -> P3RDT836  ,
P3RDT819LV  ,P3RHS0_1247 ,P3RHS0_1247 -> P3RDT836  ,
P3RDT820    ,P3RHS0_1247 ,P3RHS0_1247 -> P3RDT836  ,
P3RDT820LV  ,P3RHS0_1247 ,P3RHS0_1247 -> P3RDT836  ,
P3RDT821    ,P3RHS0_1247 ,P3RHS0_1247 -> P3RDT836  ,
P3RDT821LV  ,P3RHS0_1247 ,P3RHS0_1247 -> P3RDT836  ,
P3RDT822    ,P3RHS0_1247 ,P3RHS0_1247 -> P3RDT836  ,
P3RDT822LV  ,P3RHS0_1247 ,P3RHS0_1247 -> P3RDT836  ,
P3RDT823    ,P3RHS0_1247 ,P3RHS0_1247 -> P3RDT836  ,
P3RDT823LV  ,P3RHS0_1247 ,P3RHS0_1247 -> P3RDT836  ,
P3RDT824    ,P3RHS0_1247 ,P3RHS0_1247 -> P3RDT836  ,
P3RDT824LV  ,P3RHS0_1247 ,P3RHS0_1247 -> P3RDT836  ,
P3RDT825    ,P3RHS0_1247 ,P3RHS0_1247 -> P3RDT836  ,
P3RDT825LV  ,P3RHS0_1247 ,P3RHS0_1247 -> P3RDT836  ,
P3RDT826    ,P3RHS0_1247 ,P3RHS0_1247 -> P3RDT836  ,
P3RDT826LV  ,P3RHS0_1247 ,P3RHS0_1247 -> P3RDT836  ,
P3RDT827    ,P3RHS0_1247 ,P3RHS0_1247 -> P3RDT836  ,
P3RDT827LV  ,P3RHS0_1247 ,P3RHS0_1247 -> P3RDT836  ,
P3RDT828    ,P3RHS0_1247 ,P3RHS0_1247 -> P3RDT836  ,
P3RDT828LV  ,P3RHS0_1247 ,P3RHS0_1247 -> P3RDT836  ,
P3RDT829    ,P3RHS0_1247 ,P3RHS0_1247 -> P3RDT836  ,
P3RDT829LV  ,P3RHS0_1247 ,P3RHS0_1247 -> P3RDT836  ,
P3RDT830    ,P3RHS0_1247 ,P3RHS0_1247 -> P3RDT836  ,
P3RDT830LV  ,P3RHS0_1247 ,P3RHS0_1247 -> P3RDT836  ,
P3RDT831    ,P3RHS0_1247 ,P3RHS0_1247 -> P3RDT831  ,
P3RDT831LV  ,P3RHS0_1247 ,P3RHS0_1247 -> P3RDT831  ,
P3RDT832    ,P3RHS0_1247 ,P3RHS0_1247 -> P3RDT831  ,
P3RDT832LV  ,P3RHS0_1247 ,P3RHS0_1247 -> P3RDT831  ,
P3RDT833    ,P3RHS0_1247 ,P3RHS0_1247 -> P3RDT831  ,
P3RDT833LV  ,P3RHS0_1247 ,P3RHS0_1247 -> P3RDT831  ,
P3RDT834    ,P3RHS0_1247 ,P3RHS0_1247 -> P3RDT831  ,
P3RDT834LV  ,P3RHS0_1247 ,P3RHS0_1247 -> P3RDT831  ,
P3RDT835    ,P3RHS0_1247 ,P3RHS0_1247 -> P3RDT836  ,
P3RDT835LV  ,P3RHS0_1247 ,P3RHS0_1247 -> P3RDT836  ,
P3RDT836    ,P3RHS0_1247 ,P3RHS0_1247 -> P3RDT836  ,
P3RDT836LV  ,P3RHS0_1247 ,P3RHS0_1247 -> P3RDT836  ,
P3RDT837    ,P3RHS0_1247 ,P3RHS0_1247 -> P3RDT831  ,
P3RDT837LV  ,P3RHS0_1247 ,P3RHS0_1247 -> P3RDT831  ,
P3RDT838    ,P3RHS0_1247 ,P3RHS0_1247 -> P3RDT831  ,
P3RDT838LV  ,P3RHS0_1247 ,P3RHS0_1247 -> P3RDT831  ,
P3RDT839    ,P3RHS0_1247 ,P3RHS0_1247 -> P3RDT999  ,
P3RDT839LV  ,P3RHS0_1247 ,P3RHS0_1247 -> P3RDT999  ,
P3RDT840    ,P3RHS0_1247 ,P3RHS0_1247 -> P3RDT999  ,
P3RDT840LV  ,P3RHS0_1247 ,P3RHS0_1247 -> P3RDT999  ,
P3RDT841    ,P3RHS0_1247 ,P3RHS0_1247 -> P3RDT999  ,
P3RDT841LV  ,P3RHS0_1247 ,P3RHS0_1247 -> P3RDT999  ,
P3RDT842    ,P3RHS0_1247 ,P3RHS0_1247 -> P3RDT999  ,
P3RDT842LV  ,P3RHS0_1247 ,P3RHS0_1247 -> P3RDT999  ,
P3RDT843    ,P3RHS0_1247 ,P3RHS0_1247 -> P3RDT836  ,
P3RDT843LV  ,P3RHS0_1247 ,P3RHS0_1247 -> P3RDT836  ,
P3RDT844    ,P3RHS0_1247 ,P3RHS0_1247 -> P3RDT656  ,
P3RDT844LV  ,P3RHS0_1247 ,P3RHS0_1247 -> P3RDT656  ,
P3RDT845    ,P3RHS0_1247 ,P3RHS0_1247 -> P3RDT836  ,
P3RDT845LV  ,P3RHS0_1247 ,P3RHS0_1247 -> P3RDT836  ,
P3RDT846    ,P3RHS0_1247 ,P3RHS0_1247 -> P3RDT836  ,
P3RDT846LV  ,P3RHS0_1247 ,P3RHS0_1247 -> P3RDT836  ,
P3RDT847    ,P3RHS0_1247 ,P3RHS0_1247 -> P3RDT999  ,
P3RDT847LV  ,P3RHS0_1247 ,P3RHS0_1247 -> P3RDT999  ,
P3RDT848    ,P3RHS0_1247 ,P3RHS0_1247 -> P3RDT999  ,
P3RDT848LV  ,P3RHS0_1247 ,P3RHS0_1247 -> P3RDT999  ,
P3RDT849    ,P3RHS0_1247 ,P3RHS0_1247 -> P3RDT999  ,
P3RDT849LV  ,P3RHS0_1247 ,P3RHS0_1247 -> P3RDT999  ,
P3RDT850    ,P3RHS0_1247 ,P3RHS0_1247 -> P3RDT999  ,
P3RDT850LV  ,P3RHS0_1247 ,P3RHS0_1247 -> P3RDT999  ,
P3RDT851    ,P3RHS0_1247 ,P3RHS0_1247 -> P3RDT999  ,
P3RDT851LV  ,P3RHS0_1247 ,P3RHS0_1247 -> P3RDT999  ,
P3RDT852    ,P3RHS0_1247 ,P3RHS0_1247 -> P3RDT836  ,
P3RDT852LV  ,P3RHS0_1247 ,P3RHS0_1247 -> P3RDT836  ,
P3RDT853    ,P3RHS0_1247 ,P3RHS0_1247 -> P3RDT999  ,
P3RDT853LV  ,P3RHS0_1247 ,P3RHS0_1247 -> P3RDT999  ,
P3RDT854    ,P3RHS0_1247 ,P3RHS0_1247 -> P3RDT656  ,
P3RDT854LV  ,P3RHS0_1247 ,P3RHS0_1247 -> P3RDT656  ,
P3RDT855    ,P3RHS0_1247 ,P3RHS0_1247 -> P3RDT999  ,
P3RDT855LV  ,P3RHS0_1247 ,P3RHS0_1247 -> P3RDT999  ,
P3RDT856    ,P3RHS0_1247 ,P3RHS0_1247 -> P3RDT999  ,
P3RDT856LV  ,P3RHS0_1247 ,P3RHS0_1247 -> P3RDT999  ,
P3RDT857    ,P3RHS0_1247 ,P3RHS0_1247 -> P3RDT836  ,
P3RDT857LV  ,P3RHS0_1247 ,P3RHS0_1247 -> P3RDT836  ,
P3RDT858    ,P3RHS0_1247 ,P3RHS0_1247 -> P3RDT656  ,
P3RDT858LV  ,P3RHS0_1247 ,P3RHS0_1247 -> P3RDT656  ,
P3RDT859    ,P3RHS0_1247 ,P3RHS0_1247 -> P3RDT999  ,
P3RDT859LV  ,P3RHS0_1247 ,P3RHS0_1247 -> P3RDT999  ,
P3RDT860    ,P3RHS0_1247 ,P3RHS0_1247 -> P3RDT999  ,
P3RDT860LV  ,P3RHS0_1247 ,P3RHS0_1247 -> P3RDT999  ,
P3RDT861    ,P3RHS0_1247 ,P3RHS0_1247 -> P3RDT999  ,
P3RDT861LV  ,P3RHS0_1247 ,P3RHS0_1247 -> P3RDT999  ,
P3RDT862    ,P3RHS0_1247 ,P3RHS0_1247 -> P3RDT999  ,
P3RDT862LV  ,P3RHS0_1247 ,P3RHS0_1247 -> P3RDT999  ,
P3RDT863    ,P3RHS0_1247 ,P3RHS0_1247 -> P3RDT999  ,
P3RDT863LV  ,P3RHS0_1247 ,P3RHS0_1247 -> P3RDT999  ,
P3RDT864    ,P3RHS0_1247 ,P3RHS0_1247 -> P3RDT999  ,
P3RDT864LV  ,P3RHS0_1247 ,P3RHS0_1247 -> P3RDT999  ,
P3RDT865    ,P3RHS0_1247 ,P3RHS0_1247 -> P3RDT999  ,
P3RDT865LV  ,P3RHS0_1247 ,P3RHS0_1247 -> P3RDT999  ,
P3RDT866    ,P3RHS0_1247 ,P3RHS0_1247 -> P3RDT999  ,
P3RDT866LV  ,P3RHS0_1247 ,P3RHS0_1247 -> P3RDT999  ,
P3RDT867    ,P3RHS0_1247 ,P3RHS0_1247 -> P3RDT999  ,
P3RDT867LV  ,P3RHS0_1247 ,P3RHS0_1247 -> P3RDT999  ,
P3RDT868    ,P3RHS0_1247 ,P3RHS0_1247 -> P3RDT999  ,
P3RDT868LV  ,P3RHS0_1247 ,P3RHS0_1247 -> P3RDT999  ,
P3RDT869    ,P3RHS0_1247 ,P3RHS0_1247 -> P3RDT999  ,
P3RDT869LV  ,P3RHS0_1247 ,P3RHS0_1247 -> P3RDT999  ,
P3RDT870    ,P3RHS0_1247 ,P3RHS0_1247 -> P3RDT999  ,
P3RDT870LV  ,P3RHS0_1247 ,P3RHS0_1247 -> P3RDT999  ,
P3RDT871    ,P3RHS0_1247 ,P3RHS0_1247 -> P3RDT999  ,
P3RDT871LV  ,P3RHS0_1247 ,P3RHS0_1247 -> P3RDT999  ,
P3RDT872    ,P3RHS0_1247 ,P3RHS0_1247 -> P3RDT999  ,
P3RDT872LV  ,P3RHS0_1247 ,P3RHS0_1247 -> P3RDT999  ,
P3RDT873    ,P3RHS0_1247 ,P3RHS0_1247 -> P3RDT999  ,
P3RDT873LV  ,P3RHS0_1247 ,P3RHS0_1247 -> P3RDT999  ,
P3RDT874    ,P3RHS0_1247 ,P3RHS0_1247 -> P3RDT999  ,
P3RDT874LV  ,P3RHS0_1247 ,P3RHS0_1247 -> P3RDT999  ,
P3RDT875    ,P3RHS0_1247 ,P3RHS0_1247 -> P3RDT656  ,
P3RDT875LV  ,P3RHS0_1247 ,P3RHS0_1247 -> P3RDT656  ,
P3RDT876    ,P3RHS0_1247 ,P3RHS0_1247 -> P3RDT656  ,
P3RDT876LV  ,P3RHS0_1247 ,P3RHS0_1247 -> P3RDT656  ,
P3RDT877    ,P3RHS0_1247 ,P3RHS0_1247 -> P3RDT656  ,
P3RDT877LV  ,P3RHS0_1247 ,P3RHS0_1247 -> P3RDT656  ,
P3RDT878    ,P3RHS0_1247 ,P3RHS0_1247 -> P3RDT656  ,
P3RDT878LV  ,P3RHS0_1247 ,P3RHS0_1247 -> P3RDT656  ,
P3RDT879    ,P3RHS0_1247 ,P3RHS0_1247 -> P3RDT656  ,
P3RDT879LV  ,P3RHS0_1247 ,P3RHS0_1247 -> P3RDT656  ,
P3RDT880    ,P3RHS0_1247 ,P3RHS0_1247 -> P3RDT999  ,
P3RDT880LV  ,P3RHS0_1247 ,P3RHS0_1247 -> P3RDT999  ,
P3RDT881    ,P3RHS0_1247 ,P3RHS0_1247 -> P3RDT999  ,
P3RDT881LV  ,P3RHS0_1247 ,P3RHS0_1247 -> P3RDT999  ,
P3RDT882    ,P3RHS0_1247 ,P3RHS0_1247 -> P3RDT656  ,
P3RDT882LV  ,P3RHS0_1247 ,P3RHS0_1247 -> P3RDT656  ,
P3RDT883    ,P3RHS0_1247 ,P3RHS0_1247 -> P3RDT656  ,
P3RDT883LV  ,P3RHS0_1247 ,P3RHS0_1247 -> P3RDT656  ,
P3RDT884    ,P3RHS0_1247 ,P3RHS0_1247 -> P3RDT999  ,
P3RDT884LV  ,P3RHS0_1247 ,P3RHS0_1247 -> P3RDT999  ,
P3RDT885    ,P3RHS0_1247 ,P3RHS0_1247 -> P3RDT831  ,
P3RDT885LV  ,P3RHS0_1247 ,P3RHS0_1247 -> P3RDT831  ,
P3RDT886    ,P3RHS0_1247 ,P3RHS0_1247 -> P3RDT999  ,
P3RDT886LV  ,P3RHS0_1247 ,P3RHS0_1247 -> P3RDT999  ,
P3RDT887    ,P3RHS0_1247 ,P3RHS0_1247 -> P3RDT831  ,
P3RDT887LV  ,P3RHS0_1247 ,P3RHS0_1247 -> P3RDT831  ,
P3RDT888    ,P3RHS0_1247 ,P3RHS0_1247 -> P3RDT831  ,
P3RDT888LV  ,P3RHS0_1247 ,P3RHS0_1247 -> P3RDT831  ,
P3RDT889    ,P3RHS0_1247 ,P3RHS0_1247 -> P3RDT836  ,
P3RDT889LV  ,P3RHS0_1247 ,P3RHS0_1247 -> P3RDT836  ,
P3RDT890    ,P3RHS0_1247 ,P3RHS0_1247 -> P3RDT999  ,
P3RDT890LV  ,P3RHS0_1247 ,P3RHS0_1247 -> P3RDT999  ,
P3RDT891    ,P3RHS0_1247 ,P3RHS0_1247 -> P3RDT999  ,
P3RDT891LV  ,P3RHS0_1247 ,P3RHS0_1247 -> P3RDT999  ,
P3RDT892    ,P3RHS0_1247 ,P3RHS0_1247 -> P3RDT999  ,
P3RDT892LV  ,P3RHS0_1247 ,P3RHS0_1247 -> P3RDT999  ,
P3RDT893    ,P3RHS0_1247 ,P3RHS0_1247 -> P3RDT999  ,
P3RDT893LV  ,P3RHS0_1247 ,P3RHS0_1247 -> P3RDT999  ,
P3RDT894    ,P3RHS0_1247 ,P3RHS0_1247 -> P3RDT999  ,
P3RDT894LV  ,P3RHS0_1247 ,P3RHS0_1247 -> P3RDT999  ,
P3RDT895    ,P3RHS0_1247 ,P3RHS0_1247 -> P3RDT999  ,
P3RDT895LV  ,P3RHS0_1247 ,P3RHS0_1247 -> P3RDT999  ,
P3RDT896    ,P3RHS0_1247 ,P3RHS0_1247 -> P3RDT836  ,
P3RDT896LV  ,P3RHS0_1247 ,P3RHS0_1247 -> P3RDT836  ,
P3RDT897    ,P3RHS0_1247 ,P3RHS0_1247 -> P3RDT999  ,
P3RDT897LV  ,P3RHS0_1247 ,P3RHS0_1247 -> P3RDT999  ,
P3RDT898    ,P3RHS0_1247 ,P3RHS0_1247 -> P3RDT999  ,
P3RDT898LV  ,P3RHS0_1247 ,P3RHS0_1247 -> P3RDT999  ,
P3RDT899    ,P3RHS0_1247 ,P3RHS0_1247 -> P3RDT999  ,
P3RDT899LV  ,P3RHS0_1247 ,P3RHS0_1247 -> P3RDT999  ,
P3RDT900    ,P3RHS0_1247 ,P3RHS0_1247 -> P3RDT836  ,
P3RDT900LV  ,P3RHS0_1247 ,P3RHS0_1247 -> P3RDT836  ,
P3RDT901    ,P3RHS0_1247 ,P3RHS0_1247 -> P3RDT999  ,
P3RDT901LV  ,P3RHS0_1247 ,P3RHS0_1247 -> P3RDT999  ,
P3RDT902    ,P3RHS0_1247 ,P3RHS0_1247 -> P3RDT999  ,
P3RDT902LV  ,P3RHS0_1247 ,P3RHS0_1247 -> P3RDT999  ,
P3RDT903    ,P3RHS0_1247 ,P3RHS0_1247 -> P3RDT831  ,
P3RDT903LV  ,P3RHS0_1247 ,P3RHS0_1247 -> P3RDT831  ,
P3RDT904    ,P3RHS0_1247 ,P3RHS0_1247 -> P3RDT831  ,
P3RDT904LV  ,P3RHS0_1247 ,P3RHS0_1247 -> P3RDT831  ,
P3RDT905    ,P3RHS0_1247 ,P3RHS0_1247 -> P3RDT999  ,
P3RDT905LV  ,P3RHS0_1247 ,P3RHS0_1247 -> P3RDT999  ,
P3RDT906    ,P3RHS0_1247 ,P3RHS0_1247 -> P3RDT831  ,
P3RDT906LV  ,P3RHS0_1247 ,P3RHS0_1247 -> P3RDT831  ,
P3RDT907    ,P3RHS0_1247 ,P3RHS0_1247 -> P3RDT836  ,
P3RDT907LV  ,P3RHS0_1247 ,P3RHS0_1247 -> P3RDT836  ,
P3RDT908    ,P3RHS0_1247 ,P3RHS0_1247 -> P3RDT999  ,
P3RDT908LV  ,P3RHS0_1247 ,P3RHS0_1247 -> P3RDT999  ,
P3RDT909    ,P3RHS0_1247 ,P3RHS0_1247 -> P3RDT831  ,
P3RDT909LV  ,P3RHS0_1247 ,P3RHS0_1247 -> P3RDT831  ,
P3RDT910    ,P3RHS0_1247 ,P3RHS0_1247 -> P3RDT999  ,
P3RDT910LV  ,P3RHS0_1247 ,P3RHS0_1247 -> P3RDT999  ,
P3RDT911    ,P3RHS0_1247 ,P3RHS0_1247 -> P3RDT831  ,
P3RDT911LV  ,P3RHS0_1247 ,P3RHS0_1247 -> P3RDT831  ,
P3RDT912    ,P3RHS0_1247 ,P3RHS0_1247 -> P3RDT999  ,
P3RDT912LV  ,P3RHS0_1247 ,P3RHS0_1247 -> P3RDT999  ,
P3RDT913    ,P3RHS0_1247 ,P3RHS0_1247 -> P3RDT999  ,
P3RDT913LV  ,P3RHS0_1247 ,P3RHS0_1247 -> P3RDT999  ,
P3RDT914    ,P3RHS0_1247 ,P3RHS0_1247 -> P3RDT999  ,
P3RDT914LV  ,P3RHS0_1247 ,P3RHS0_1247 -> P3RDT999  ,
P3RDT915    ,P3RHS0_1247 ,P3RHS0_1247 -> P3RDT836  ,
P3RDT915LV  ,P3RHS0_1247 ,P3RHS0_1247 -> P3RDT836  ,
P3RDT916    ,P3RHS0_1247 ,P3RHS0_1247 -> P3RDT831  ,
P3RDT916LV  ,P3RHS0_1247 ,P3RHS0_1247 -> P3RDT831  ,
P3RDT917    ,P3RHS0_1247 ,P3RHS0_1247 -> P3RDT831  ,
P3RDT917LV  ,P3RHS0_1247 ,P3RHS0_1247 -> P3RDT831  ,
P3RDT918    ,P3RHS0_1247 ,P3RHS0_1247 -> P3RDT999  ,
P3RDT918LV  ,P3RHS0_1247 ,P3RHS0_1247 -> P3RDT999  ,
P3RDT919    ,P3RHS0_1247 ,P3RHS0_1247 -> P3RDT999  ,
P3RDT919LV  ,P3RHS0_1247 ,P3RHS0_1247 -> P3RDT999  ,
P3RDT920    ,P3RHS0_1247 ,P3RHS0_1247 -> P3RDT836  ,
P3RDT920LV  ,P3RHS0_1247 ,P3RHS0_1247 -> P3RDT836  ,
P3RDT921    ,P3RHS0_1247 ,P3RHS0_1247 -> P3RDT999  ,
P3RDT921LV  ,P3RHS0_1247 ,P3RHS0_1247 -> P3RDT999  ,
P3RDT922    ,P3RHS0_1247 ,P3RHS0_1247 -> P3RDT999  ,
P3RDT922LV  ,P3RHS0_1247 ,P3RHS0_1247 -> P3RDT999  ,
P3RDT923    ,P3RHS0_1247 ,P3RHS0_1247 -> P3RDT836  ,
P3RDT923LV  ,P3RHS0_1247 ,P3RHS0_1247 -> P3RDT836  ,
P3RDT924    ,P3RHS0_1247 ,P3RHS0_1247 -> P3RDT999  ,
P3RDT924LV  ,P3RHS0_1247 ,P3RHS0_1247 -> P3RDT999  ,
P3RDT925    ,P3RHS0_1247 ,P3RHS0_1247 -> P3RDT999  ,
P3RDT925LV  ,P3RHS0_1247 ,P3RHS0_1247 -> P3RDT999  ,
P3RDT926    ,P3RHS0_1247 ,P3RHS0_1247 -> P3RDT999  ,
P3RDT926LV  ,P3RHS0_1247 ,P3RHS0_1247 -> P3RDT999  ,
P3RDT927    ,P3RHS0_1247 ,P3RHS0_1247 -> P3RDT999  ,
P3RDT927LV  ,P3RHS0_1247 ,P3RHS0_1247 -> P3RDT999  ,
P3RDT928    ,P3RHS0_1247 ,P3RHS0_1247 -> P3RDT999  ,
P3RDT928LV  ,P3RHS0_1247 ,P3RHS0_1247 -> P3RDT999  ,
P3RDT929    ,P3RHS0_1247 ,P3RHS0_1247 -> P3RDT831  ,
P3RDT929LV  ,P3RHS0_1247 ,P3RHS0_1247 -> P3RDT831  ,
P3RDT930    ,P3RHS0_1247 ,P3RHS0_1247 -> P3RDT831  ,
P3RDT930LV  ,P3RHS0_1247 ,P3RHS0_1247 -> P3RDT831  ,
P3RDT931    ,P3RHS0_1247 ,P3RHS0_1247 -> P3RDT831  ,
P3RDT931LV  ,P3RHS0_1247 ,P3RHS0_1247 -> P3RDT831  ,
P3RDT932    ,P3RHS0_1247 ,P3RHS0_1247 -> P3RDT831  ,
P3RDT932LV  ,P3RHS0_1247 ,P3RHS0_1247 -> P3RDT831  ,
P3RDT933    ,P3RHS0_1247 ,P3RHS0_1247 -> P3RDT831  ,
P3RDT933LV  ,P3RHS0_1247 ,P3RHS0_1247 -> P3RDT831  ,
P3RDT934    ,P3RHS0_1247 ,P3RHS0_1247 -> P3RDT831  ,
P3RDT934LV  ,P3RHS0_1247 ,P3RHS0_1247 -> P3RDT831  ,
P3RDT935    ,P3RHS0_1247 ,P3RHS0_1247 -> P3RDT831  ,
P3RDT935LV  ,P3RHS0_1247 ,P3RHS0_1247 -> P3RDT831  ,
P3RDT936    ,P3RHS0_1247 ,P3RHS0_1247 -> P3RDT831  ,
P3RDT936LV  ,P3RHS0_1247 ,P3RHS0_1247 -> P3RDT831  ,
P3RDT937    ,P3RHS0_1247 ,P3RHS0_1247 -> P3RDT831  ,
P3RDT937LV  ,P3RHS0_1247 ,P3RHS0_1247 -> P3RDT831  ,
P3RDT938    ,P3RHS0_1247 ,P3RHS0_1247 -> P3RDT831  ,
P3RDT938LV  ,P3RHS0_1247 ,P3RHS0_1247 -> P3RDT831  ,
P3RDT939    ,P3RHS0_1247 ,P3RHS0_1247 -> P3RDT831  ,
P3RDT939LV  ,P3RHS0_1247 ,P3RHS0_1247 -> P3RDT831  ,
P3RDT940    ,P3RHS0_1247 ,P3RHS0_1247 -> P3RDT831  ,
P3RDT940LV  ,P3RHS0_1247 ,P3RHS0_1247 -> P3RDT831  ,
P3RDT941    ,P3RHS0_1247 ,P3RHS0_1247 -> P3RDT831  ,
P3RDT941LV  ,P3RHS0_1247 ,P3RHS0_1247 -> P3RDT831  ,
P3RDT942    ,P3RHS0_1247 ,P3RHS0_1247 -> P3RDT831  ,
P3RDT942LV  ,P3RHS0_1247 ,P3RHS0_1247 -> P3RDT831  ,
P3RDT943    ,P3RHS0_1247 ,P3RHS0_1247 -> P3RDT831  ,
P3RDT943LV  ,P3RHS0_1247 ,P3RHS0_1247 -> P3RDT831  ,
P3RDT944    ,P3RHS0_1247 ,P3RHS0_1247 -> P3RDT831  ,
P3RDT944LV  ,P3RHS0_1247 ,P3RHS0_1247 -> P3RDT831  ,
P3RDT945    ,P3RHS0_1247 ,P3RHS0_1247 -> P3RDT831  ,
P3RDT945LV  ,P3RHS0_1247 ,P3RHS0_1247 -> P3RDT831  ,
P3RDT946    ,P3RHS0_1247 ,P3RHS0_1247 -> P3RDT831  ,
P3RDT946LV  ,P3RHS0_1247 ,P3RHS0_1247 -> P3RDT831  ,
P3RDT947    ,P3RHS0_1247 ,P3RHS0_1247 -> P3RDT831  ,
P3RDT947LV  ,P3RHS0_1247 ,P3RHS0_1247 -> P3RDT831  ,
P3RDT948    ,P3RHS0_1247 ,P3RHS0_1247 -> P3RDT831  ,
P3RDT948LV  ,P3RHS0_1247 ,P3RHS0_1247 -> P3RDT831  ,
P3RDT949    ,P3RHS0_1247 ,P3RHS0_1247 -> P3RDT831  ,
P3RDT949LV  ,P3RHS0_1247 ,P3RHS0_1247 -> P3RDT831  ,
P3RDT950    ,P3RHS0_1247 ,P3RHS0_1247 -> P3RDT831  ,
P3RDT950LV  ,P3RHS0_1247 ,P3RHS0_1247 -> P3RDT831  ,
P3RDT951    ,P3RHS0_1247 ,P3RHS0_1247 -> P3RDT831  ,
P3RDT951LV  ,P3RHS0_1247 ,P3RHS0_1247 -> P3RDT831  ,
P3RDT952    ,P3RHS0_1247 ,P3RHS0_1247 -> P3RDT999  ,
P3RDT952LV  ,P3RHS0_1247 ,P3RHS0_1247 -> P3RDT999  ,
P3RDT953    ,P3RHS0_1247 ,P3RHS0_1247 -> P3RDT999  ,
P3RDT953LV  ,P3RHS0_1247 ,P3RHS0_1247 -> P3RDT999  ,
P3RDT954    ,P3RHS0_1247 ,P3RHS0_1247 -> P3RDT831  ,
P3RDT954LV  ,P3RHS0_1247 ,P3RHS0_1247 -> P3RDT831  ,
P3RDT955    ,P3RHS0_1247 ,P3RHS0_1247 -> P3RDT1052 ,
P3RDT955LV  ,P3RHS0_1247 ,P3RHS0_1247 -> P3RDT1052 ,
P3RDT956    ,P3RHS0_1247 ,P3RHS0_1247 -> P3RDT1052 ,
P3RDT956LV  ,P3RHS0_1247 ,P3RHS0_1247 -> P3RDT1052 ,
P3RDT957    ,P3RHS0_1247 ,P3RHS0_1247 -> P3RDT1052 ,
P3RDT957LV  ,P3RHS0_1247 ,P3RHS0_1247 -> P3RDT1052 ,
P3RDT958    ,P3RHS0_1247 ,P3RHS0_1247 -> P3RDT831  ,
P3RDT958LV  ,P3RHS0_1247 ,P3RHS0_1247 -> P3RDT831  ,
P3RDT959    ,P3RHS0_1247 ,P3RHS0_1247 -> P3RDT1052 ,
P3RDT959LV  ,P3RHS0_1247 ,P3RHS0_1247 -> P3RDT1052 ,
P3RDT960    ,P3RHS0_1247 ,P3RHS0_1247 -> P3RDT1052 ,
P3RDT960LV  ,P3RHS0_1247 ,P3RHS0_1247 -> P3RDT1052 ,
P3RDT961    ,P3RHS0_1247 ,P3RHS0_1247 -> P3RDT1052 ,
P3RDT961LV  ,P3RHS0_1247 ,P3RHS0_1247 -> P3RDT1052 ,
P3RDT962    ,P3RHS0_1247 ,P3RHS0_1247 -> P3RDT1052 ,
P3RDT962LV  ,P3RHS0_1247 ,P3RHS0_1247 -> P3RDT1052 ,
P3RDT963    ,P3RHS0_1247 ,P3RHS0_1247 -> P3RDT1052 ,
P3RDT963LV  ,P3RHS0_1247 ,P3RHS0_1247 -> P3RDT1052 ,
P3RDT964    ,P3RHS0_1247 ,P3RHS0_1247 -> P3RDT1052 ,
P3RDT964LV  ,P3RHS0_1247 ,P3RHS0_1247 -> P3RDT1052 ,
P3RDT965    ,P3RHS0_1247 ,P3RHS0_1247 -> P3RDT831  ,
P3RDT965LV  ,P3RHS0_1247 ,P3RHS0_1247 -> P3RDT831  ,
P3RDT966    ,P3RHS0_1247 ,P3RHS0_1247 -> P3RDT1052 ,
P3RDT966LV  ,P3RHS0_1247 ,P3RHS0_1247 -> P3RDT1052 ,
P3RDT967    ,P3RHS0_1247 ,P3RHS0_1247 -> P3RDT1052 ,
P3RDT967LV  ,P3RHS0_1247 ,P3RHS0_1247 -> P3RDT1052 ,
P3RDT968    ,P3RHS0_1247 ,P3RHS0_1247 -> P3RDT831  ,
P3RDT968LV  ,P3RHS0_1247 ,P3RHS0_1247 -> P3RDT831  ,
P3RDT969    ,P3RHS0_1247 ,P3RHS0_1247 -> P3RDT999  ,
P3RDT969LV  ,P3RHS0_1247 ,P3RHS0_1247 -> P3RDT999  ,
P3RDT970    ,P3RHS0_1247 ,P3RHS0_1247 -> P3RDT999  ,
P3RDT970LV  ,P3RHS0_1247 ,P3RHS0_1247 -> P3RDT999  ,
P3RDT971    ,P3RHS0_1247 ,P3RHS0_1247 -> P3RDT999  ,
P3RDT971LV  ,P3RHS0_1247 ,P3RHS0_1247 -> P3RDT999  ,
P3RDT972    ,P3RHS0_1247 ,P3RHS0_1247 -> P3RDT999  ,
P3RDT972LV  ,P3RHS0_1247 ,P3RHS0_1247 -> P3RDT999  ,
P3RDT973    ,P3RHS0_1247 ,P3RHS0_1247 -> P3RDT999  ,
P3RDT973LV  ,P3RHS0_1247 ,P3RHS0_1247 -> P3RDT999  ,
P3RDT974    ,P3RHS0_1247 ,P3RHS0_1247 -> P3RDT999  ,
P3RDT974LV  ,P3RHS0_1247 ,P3RHS0_1247 -> P3RDT999  ,
P3RDT975    ,P3RHS0_1247 ,P3RHS0_1247 -> P3RDT999  ,
P3RDT975LV  ,P3RHS0_1247 ,P3RHS0_1247 -> P3RDT999  ,
P3RDT976    ,P3RHS0_1247 ,P3RHS0_1247 -> P3RDT999  ,
P3RDT976LV  ,P3RHS0_1247 ,P3RHS0_1247 -> P3RDT999  ,
P3RDT977    ,P3RHS0_1247 ,P3RHS0_1247 -> P3RDT999  ,
P3RDT977LV  ,P3RHS0_1247 ,P3RHS0_1247 -> P3RDT999  ,
P3RDT978    ,P3RHS0_1247 ,P3RHS0_1247 -> P3RDT999  ,
P3RDT978LV  ,P3RHS0_1247 ,P3RHS0_1247 -> P3RDT999  ,
P3RDT979    ,P3RHS0_1247 ,P3RHS0_1247 -> P3RDT999  ,
P3RDT979LV  ,P3RHS0_1247 ,P3RHS0_1247 -> P3RDT999  ,
P3RDT980    ,P3RHS0_1247 ,P3RHS0_1247 -> P3RDT999  ,
P3RDT980LV  ,P3RHS0_1247 ,P3RHS0_1247 -> P3RDT999  ,
P3RDT981    ,P3RHS0_1247 ,P3RHS0_1247 -> P3RDT999  ,
P3RDT981LV  ,P3RHS0_1247 ,P3RHS0_1247 -> P3RDT999  ,
P3RDT982    ,P3RHS0_1247 ,P3RHS0_1247 -> P3RDT999  ,
P3RDT982LV  ,P3RHS0_1247 ,P3RHS0_1247 -> P3RDT999  ,
P3RDT983    ,P3RHS0_1247 ,P3RHS0_1247 -> P3RDT999  ,
P3RDT983LV  ,P3RHS0_1247 ,P3RHS0_1247 -> P3RDT999  ,
P3RDT984    ,P3RHS0_1247 ,P3RHS0_1247 -> P3RDT999  ,
P3RDT984LV  ,P3RHS0_1247 ,P3RHS0_1247 -> P3RDT999  ,
P3RDT985    ,P3RHS0_1247 ,P3RHS0_1247 -> P3RDT999  ,
P3RDT985LV  ,P3RHS0_1247 ,P3RHS0_1247 -> P3RDT999  ,
P3RDT986    ,P3RHS0_1247 ,P3RHS0_1247 -> P3RDT999  ,
P3RDT986LV  ,P3RHS0_1247 ,P3RHS0_1247 -> P3RDT999  ,
P3RDT987    ,P3RHS0_1247 ,P3RHS0_1247 -> P3RDT656  ,
P3RDT987LV  ,P3RHS0_1247 ,P3RHS0_1247 -> P3RDT656  ,
P3RDT988    ,P3RHS0_1247 ,P3RHS0_1247 -> P3RDT1052 ,
P3RDT988LV  ,P3RHS0_1247 ,P3RHS0_1247 -> P3RDT1052 ,
P3RDT989    ,P3RHS0_1247 ,P3RHS0_1247 -> P3RDT656  ,
P3RDT989LV  ,P3RHS0_1247 ,P3RHS0_1247 -> P3RDT656  ,
P3RDT990    ,P3RHS0_1247 ,P3RHS0_1247 -> P3RDT656  ,
P3RDT990LV  ,P3RHS0_1247 ,P3RHS0_1247 -> P3RDT656  ,
P3RDT991    ,P3RHS0_1247 ,P3RHS0_1247 -> P3RDT656  ,
P3RDT991LV  ,P3RHS0_1247 ,P3RHS0_1247 -> P3RDT656  ,
P3RDT992    ,P3RHS0_1247 ,P3RHS0_1247 -> P3RDT656  ,
P3RDT992LV  ,P3RHS0_1247 ,P3RHS0_1247 -> P3RDT656  ,
P3RDT993    ,P3RHS0_1247 ,P3RHS0_1247 -> P3RDT999  ,
P3RDT993LV  ,P3RHS0_1247 ,P3RHS0_1247 -> P3RDT999  ,
P3RDT994    ,P3RHS0_1247 ,P3RHS0_1247 -> P3RDT999  ,
P3RDT994LV  ,P3RHS0_1247 ,P3RHS0_1247 -> P3RDT999  ,
P3RDT995    ,P3RHS0_1247 ,P3RHS0_1247 -> P3RDT831  ,
P3RDT995LV  ,P3RHS0_1247 ,P3RHS0_1247 -> P3RDT831  ,
P3RDT996    ,P3RHS0_1247 ,P3RHS0_1247 -> P3RDT831  ,
P3RDT996LV  ,P3RHS0_1247 ,P3RHS0_1247 -> P3RDT831  ,
P3RDT997    ,P3RHS0_1247 ,P3RHS0_1247 -> P3RDT831  ,
P3RDT997LV  ,P3RHS0_1247 ,P3RHS0_1247 -> P3RDT831  ,
P3RDT998    ,P3RHS0_1247 ,P3RHS0_1247 -> P3RDT831  ,
P3RDT998LV  ,P3RHS0_1247 ,P3RHS0_1247 -> P3RDT831  ,
P3RDT999    ,P3RHS0_1247 ,P3RHS0_1247 -> P3RDT999  ,
P3RDT999LV  ,P3RHS0_1247 ,P3RHS0_1247 -> P3RDT999  ,
P3RDT1000   ,P3RHS0_1247 ,P3RHS0_1247 -> P3RDT831  ,
P3RDT1000LV ,P3RHS0_1247 ,P3RHS0_1247 -> P3RDT831  ,
P3RDT1001   ,P3RHS0_1247 ,P3RHS0_1247 -> P3RDT1052 ,
P3RDT1001LV ,P3RHS0_1247 ,P3RHS0_1247 -> P3RDT1052 ,
P3RDT1002   ,P3RHS0_1247 ,P3RHS0_1247 -> P3RDT656  ,
P3RDT1002LV ,P3RHS0_1247 ,P3RHS0_1247 -> P3RDT656  ,
P3RDT1003   ,P3RHS0_1247 ,P3RHS0_1247 -> P3RDT656  ,
P3RDT1003LV ,P3RHS0_1247 ,P3RHS0_1247 -> P3RDT656  ,
P3RDT1004   ,P3RHS0_1247 ,P3RHS0_1247 -> P3RDT656  ,
P3RDT1004LV ,P3RHS0_1247 ,P3RHS0_1247 -> P3RDT656  ,
P3RDT1005   ,P3RHS0_1247 ,P3RHS0_1247 -> P3RDT656  ,
P3RDT1005LV ,P3RHS0_1247 ,P3RHS0_1247 -> P3RDT656  ,
P3RDT1006   ,P3RHS0_1247 ,P3RHS0_1247 -> P3RDT656  ,
P3RDT1006LV ,P3RHS0_1247 ,P3RHS0_1247 -> P3RDT656  ,
P3RDT1007   ,P3RHS0_1247 ,P3RHS0_1247 -> P3RDT656  ,
P3RDT1007LV ,P3RHS0_1247 ,P3RHS0_1247 -> P3RDT656  ,
P3RDT1008   ,P3RHS0_1247 ,P3RHS0_1247 -> P3RDT656  ,
P3RDT1008LV ,P3RHS0_1247 ,P3RHS0_1247 -> P3RDT656  ,
P3RDT1009   ,P3RHS0_1247 ,P3RHS0_1247 -> P3RDT831  ,
P3RDT1009LV ,P3RHS0_1247 ,P3RHS0_1247 -> P3RDT831  ,
P3RDT1010   ,P3RHS0_1247 ,P3RHS0_1247 -> P3RDT999  ,
P3RDT1010LV ,P3RHS0_1247 ,P3RHS0_1247 -> P3RDT999  ,
P3RDT1011   ,P3RHS0_1247 ,P3RHS0_1247 -> P3RDT999  ,
P3RDT1011LV ,P3RHS0_1247 ,P3RHS0_1247 -> P3RDT999  ,
P3RDT1012   ,P3RHS0_1247 ,P3RHS0_1247 -> P3RDT836  ,
P3RDT1012LV ,P3RHS0_1247 ,P3RHS0_1247 -> P3RDT836  ,
P3RDT1013   ,P3RHS0_1247 ,P3RHS0_1247 -> P3RDT999  ,
P3RDT1013LV ,P3RHS0_1247 ,P3RHS0_1247 -> P3RDT999  ,
P3RDT1014   ,P3RHS0_1247 ,P3RHS0_1247 -> P3RDT999  ,
P3RDT1014LV ,P3RHS0_1247 ,P3RHS0_1247 -> P3RDT999  ,
P3RDT1015   ,P3RHS0_1247 ,P3RHS0_1247 -> P3RDT999  ,
P3RDT1015LV ,P3RHS0_1247 ,P3RHS0_1247 -> P3RDT999  ,
P3RDT1016   ,P3RHS0_1247 ,P3RHS0_1247 -> P3RDT999  ,
P3RDT1016LV ,P3RHS0_1247 ,P3RHS0_1247 -> P3RDT999  ,
P3RDT1017   ,P3RHS0_1247 ,P3RHS0_1247 -> P3RDT999  ,
P3RDT1017LV ,P3RHS0_1247 ,P3RHS0_1247 -> P3RDT999  ,
P3RDT1018   ,P3RHS0_1247 ,P3RHS0_1247 -> P3RDT999  ,
P3RDT1018LV ,P3RHS0_1247 ,P3RHS0_1247 -> P3RDT999  ,
P3RDT1019   ,P3RHS0_1247 ,P3RHS0_1247 -> P3RDT999  ,
P3RDT1019LV ,P3RHS0_1247 ,P3RHS0_1247 -> P3RDT999  ,
P3RDT1020   ,P3RHS0_1247 ,P3RHS0_1247 -> P3RDT836  ,
P3RDT1020LV ,P3RHS0_1247 ,P3RHS0_1247 -> P3RDT836  ,
P3RDT1021   ,P3RHS0_1247 ,P3RHS0_1247 -> P3RDT836  ,
P3RDT1021LV ,P3RHS0_1247 ,P3RHS0_1247 -> P3RDT836  ,
P3RDT1022   ,P3RHS0_1247 ,P3RHS0_1247 -> P3RDT836  ,
P3RDT1022LV ,P3RHS0_1247 ,P3RHS0_1247 -> P3RDT836  ,
P3RDT1023   ,P3RHS0_1247 ,P3RHS0_1247 -> P3RDT836  ,
P3RDT1023LV ,P3RHS0_1247 ,P3RHS0_1247 -> P3RDT836  ,
P3RDT1024   ,P3RHS0_1247 ,P3RHS0_1247 -> P3RDT656  ,
P3RDT1024LV ,P3RHS0_1247 ,P3RHS0_1247 -> P3RDT656  ,
P3RDT1025   ,P3RHS0_1247 ,P3RHS0_1247 -> P3RDT656  ,
P3RDT1025LV ,P3RHS0_1247 ,P3RHS0_1247 -> P3RDT656  ,
P3RDT1026   ,P3RHS0_1247 ,P3RHS0_1247 -> P3RDT656  ,
P3RDT1026LV ,P3RHS0_1247 ,P3RHS0_1247 -> P3RDT656  ,
P3RDT1027   ,P3RHS0_1247 ,P3RHS0_1247 -> P3RDT656  ,
P3RDT1027LV ,P3RHS0_1247 ,P3RHS0_1247 -> P3RDT656  ,
P3RDT1028   ,P3RHS0_1247 ,P3RHS0_1247 -> P3RDT656  ,
P3RDT1028LV ,P3RHS0_1247 ,P3RHS0_1247 -> P3RDT656  ,
P3RDT1029   ,P3RHS0_1247 ,P3RHS0_1247 -> P3RDT656  ,
P3RDT1029LV ,P3RHS0_1247 ,P3RHS0_1247 -> P3RDT656  ,
P3RDT1030   ,P3RHS0_1247 ,P3RHS0_1247 -> P3RDT656  ,
P3RDT1030LV ,P3RHS0_1247 ,P3RHS0_1247 -> P3RDT656  ,
P3RDT1031   ,P3RHS0_1247 ,P3RHS0_1247 -> P3RDT656  ,
P3RDT1031LV ,P3RHS0_1247 ,P3RHS0_1247 -> P3RDT656  ,
P3RDT1032   ,P3RHS0_1247 ,P3RHS0_1247 -> P3RDT656  ,
P3RDT1032LV ,P3RHS0_1247 ,P3RHS0_1247 -> P3RDT656  ,
P3RDT1033   ,P3RHS0_1247 ,P3RHS0_1247 -> P3RDT656  ,
P3RDT1033LV ,P3RHS0_1247 ,P3RHS0_1247 -> P3RDT656  ,
P3RDT1034   ,P3RHS0_1247 ,P3RHS0_1247 -> P3RDT656  ,
P3RDT1034LV ,P3RHS0_1247 ,P3RHS0_1247 -> P3RDT656  ,
P3RDT1035   ,P3RHS0_1247 ,P3RHS0_1247 -> P3RDT656  ,
P3RDT1035LV ,P3RHS0_1247 ,P3RHS0_1247 -> P3RDT656  ,
P3RDT1036   ,P3RHS0_1247 ,P3RHS0_1247 -> P3RDT656  ,
P3RDT1036LV ,P3RHS0_1247 ,P3RHS0_1247 -> P3RDT656  ,
P3RDT1037   ,P3RHS0_1247 ,P3RHS0_1247 -> P3RDT656  ,
P3RDT1037LV ,P3RHS0_1247 ,P3RHS0_1247 -> P3RDT656  ,
P3RDT1038   ,P3RHS0_1247 ,P3RHS0_1247 -> P3RDT836  ,
P3RDT1038LV ,P3RHS0_1247 ,P3RHS0_1247 -> P3RDT836  ,
P3RDT1039   ,P3RHS0_1247 ,P3RHS0_1247 -> P3RDT836  ,
P3RDT1039LV ,P3RHS0_1247 ,P3RHS0_1247 -> P3RDT836  ,
P3RDT1040   ,P3RHS0_1247 ,P3RHS0_1247 -> P3RDT836  ,
P3RDT1040LV ,P3RHS0_1247 ,P3RHS0_1247 -> P3RDT836  ,
P3RDT1041   ,P3RHS0_1247 ,P3RHS0_1247 -> P3RDT836  ,
P3RDT1041LV ,P3RHS0_1247 ,P3RHS0_1247 -> P3RDT836  ,
P3RDT1042   ,P3RHS0_1247 ,P3RHS0_1247 -> P3RDT836  ,
P3RDT1042LV ,P3RHS0_1247 ,P3RHS0_1247 -> P3RDT836  ,
P3RDT1043   ,P3RHS0_1247 ,P3RHS0_1247 -> P3RDT836  ,
P3RDT1043LV ,P3RHS0_1247 ,P3RHS0_1247 -> P3RDT836  ,
P3RDT1044   ,P3RHS0_1247 ,P3RHS0_1247 -> P3RDT836  ,
P3RDT1044LV ,P3RHS0_1247 ,P3RHS0_1247 -> P3RDT836  ,
P3RDT1045   ,P3RHS0_1247 ,P3RHS0_1247 -> P3RDT836  ,
P3RDT1045LV ,P3RHS0_1247 ,P3RHS0_1247 -> P3RDT836  ,
P3RDT1046   ,P3RHS0_1247 ,P3RHS0_1247 -> P3RDT836  ,
P3RDT1046LV ,P3RHS0_1247 ,P3RHS0_1247 -> P3RDT836  ,
P3RDT1047   ,P3RHS0_1247 ,P3RHS0_1247 -> P3RDT836  ,
P3RDT1047LV ,P3RHS0_1247 ,P3RHS0_1247 -> P3RDT836  ,
P3RDT1048   ,P3RHS0_1247 ,P3RHS0_1247 -> P3RDT836  ,
P3RDT1048LV ,P3RHS0_1247 ,P3RHS0_1247 -> P3RDT836  ,
P3RDT1049   ,P3RHS0_1247 ,P3RHS0_1247 -> P3RDT836  ,
P3RDT1049LV ,P3RHS0_1247 ,P3RHS0_1247 -> P3RDT836  ,
P3RDT1050   ,P3RHS0_1247 ,P3RHS0_1247 -> P3RDT836  ,
P3RDT1050LV ,P3RHS0_1247 ,P3RHS0_1247 -> P3RDT836  ,
P3RDT1051   ,P3RHS0_1247 ,P3RHS0_1247 -> P3RDT836  ,
P3RDT1051LV ,P3RHS0_1247 ,P3RHS0_1247 -> P3RDT836  ,
P3RDT1052   ,P3RHS0_1247 ,P3RHS0_1247 -> P3RDT1052 ,
P3RDT1052LV ,P3RHS0_1247 ,P3RHS0_1247 -> P3RDT1052 ,
P3RDT1053   ,P3RHS0_1247 ,P3RHS0_1247 -> P3RDT1052 ,
P3RDT1053LV ,P3RHS0_1247 ,P3RHS0_1247 -> P3RDT1052 ,
P3RDT1054   ,P3RHS0_1247 ,P3RHS0_1247 -> P3RDT656  ,
P3RDT1054LV ,P3RHS0_1247 ,P3RHS0_1247 -> P3RDT656  ,
P3RDT1055   ,P3RHS0_1247 ,P3RHS0_1247 -> P3RDT1052 ,
P3RDT1055LV ,P3RHS0_1247 ,P3RHS0_1247 -> P3RDT1052 ,
P3RDT1056   ,P3RHS0_1247 ,P3RHS0_1247 -> P3RDT1052 ,
P3RDT1056LV ,P3RHS0_1247 ,P3RHS0_1247 -> P3RDT1052 ,
P3RDT1057   ,P3RHS0_1247 ,P3RHS0_1247 -> P3RDT1052 ,
P3RDT1057LV ,P3RHS0_1247 ,P3RHS0_1247 -> P3RDT1052 ,
P3RDT1058   ,P3RHS0_1247 ,P3RHS0_1247 -> P3RDT1052 ,
P3RDT1058LV ,P3RHS0_1247 ,P3RHS0_1247 -> P3RDT1052 ,
P3RDT1059   ,P3RHS0_1247 ,P3RHS0_1247 -> P3RDT1052 ,
P3RDT1059LV ,P3RHS0_1247 ,P3RHS0_1247 -> P3RDT1052 ,
P3RDT1060   ,P3RHS0_1247 ,P3RHS0_1247 -> P3RDT1052 ,
P3RDT1060LV ,P3RHS0_1247 ,P3RHS0_1247 -> P3RDT1052 ,
P3RDT1061   ,P3RHS0_1247 ,P3RHS0_1247 -> P3RDT656  ,
P3RDT1061LV ,P3RHS0_1247 ,P3RHS0_1247 -> P3RDT656  ,
P3RDT1062   ,P3RHS0_1247 ,P3RHS0_1247 -> P3RDT1052 ,
P3RDT1062LV ,P3RHS0_1247 ,P3RHS0_1247 -> P3RDT1052 ,
P3RDT1063   ,P3RHS0_1247 ,P3RHS0_1247 -> P3RDT1052 ,
P3RDT1063LV ,P3RHS0_1247 ,P3RHS0_1247 -> P3RDT1052 ,
P3RDT1064   ,P3RHS0_1247 ,P3RHS0_1247 -> P3RDT1052 ,
P3RDT1064LV ,P3RHS0_1247 ,P3RHS0_1247 -> P3RDT1052 ,
P3RDT1065   ,P3RHS0_1247 ,P3RHS0_1247 -> P3RDT1052 ,
P3RDT1065LV ,P3RHS0_1247 ,P3RHS0_1247 -> P3RDT1052 ,
P3RDT1066   ,P3RHS0_1247 ,P3RHS0_1247 -> P3RDT1052 ,
P3RDT1066LV ,P3RHS0_1247 ,P3RHS0_1247 -> P3RDT1052 ,
P3RDT1067   ,P3RHS0_1247 ,P3RHS0_1247 -> P3RDT656  ,
P3RDT1067LV ,P3RHS0_1247 ,P3RHS0_1247 -> P3RDT656  ,
P3RDT1068   ,P3RHS0_1247 ,P3RHS0_1247 -> P3RDT656  ,
P3RDT1068LV ,P3RHS0_1247 ,P3RHS0_1247 -> P3RDT656  ,
P3RDT1069   ,P3RHS0_1247 ,P3RHS0_1247 -> P3RDT656  ,
P3RDT1069LV ,P3RHS0_1247 ,P3RHS0_1247 -> P3RDT656  ,
P3RDT1070   ,P3RHS0_1247 ,P3RHS0_1247 -> P3RDT656  ,
P3RDT1070LV ,P3RHS0_1247 ,P3RHS0_1247 -> P3RDT656  ,
P3RDT1071   ,P3RHS0_1247 ,P3RHS0_1247 -> P3RDT1052 ,
P3RDT1071LV ,P3RHS0_1247 ,P3RHS0_1247 -> P3RDT1052 ,
P3RDT1072   ,P3RHS0_1247 ,P3RHS0_1247 -> P3RDT1052 ,
P3RDT1072LV ,P3RHS0_1247 ,P3RHS0_1247 -> P3RDT1052 ,
P3RDT1073   ,P3RHS0_1247 ,P3RHS0_1247 -> P3RDT1052 ,
P3RDT1073LV ,P3RHS0_1247 ,P3RHS0_1247 -> P3RDT1052 ,
P3RDT1074   ,P3RHS0_1247 ,P3RHS0_1247 -> P3RDT1052 ,
P3RDT1074LV ,P3RHS0_1247 ,P3RHS0_1247 -> P3RDT1052 ,
P3RDT1075   ,P3RHS0_1247 ,P3RHS0_1247 -> P3RDT1052 ,
P3RDT1075LV ,P3RHS0_1247 ,P3RHS0_1247 -> P3RDT1052 ,
P3RDT1076   ,P3RHS0_1247 ,P3RHS0_1247 -> P3RDT1052 ,
P3RDT1076LV ,P3RHS0_1247 ,P3RHS0_1247 -> P3RDT1052 ,
P3RDT1077   ,P3RHS0_1247 ,P3RHS0_1247 -> P3RDT1052 ,
P3RDT1077LV ,P3RHS0_1247 ,P3RHS0_1247 -> P3RDT1052 ,
P3RDT1078   ,P3RHS0_1247 ,P3RHS0_1247 -> P3RDT1052 ,
P3RDT1078LV ,P3RHS0_1247 ,P3RHS0_1247 -> P3RDT1052 ,
P3RDT1079   ,P3RHS0_1247 ,P3RHS0_1247 -> P3RDT1052 ,
P3RDT1079LV ,P3RHS0_1247 ,P3RHS0_1247 -> P3RDT1052 ,
P3RDT1080   ,P3RHS0_1247 ,P3RHS0_1247 -> P3RDT1052 ,
P3RDT1080LV ,P3RHS0_1247 ,P3RHS0_1247 -> P3RDT1052 ,
P3RDT1081   ,P3RHS0_1247 ,P3RHS0_1247 -> P3RDT1052 ,
P3RDT1081LV ,P3RHS0_1247 ,P3RHS0_1247 -> P3RDT1052 ,
P3RDT1082   ,P3RHS0_1247 ,P3RHS0_1247 -> P3RDT1052 ,
P3RDT1082LV ,P3RHS0_1247 ,P3RHS0_1247 -> P3RDT1052 ,
P3RDT1083   ,P3RHS0_1247 ,P3RHS0_1247 -> P3RDT1052 ,
P3RDT1083LV ,P3RHS0_1247 ,P3RHS0_1247 -> P3RDT1052 ,
P3RDT1084   ,P3RHS0_1247 ,P3RHS0_1247 -> P3RDT1052 ,
P3RDT1084LV ,P3RHS0_1247 ,P3RHS0_1247 -> P3RDT1052 ,
P3RDT1085   ,P3RHS0_1247 ,P3RHS0_1247 -> P3RDT1052 ,
P3RDT1085LV ,P3RHS0_1247 ,P3RHS0_1247 -> P3RDT1052 ,
P3RDT1086   ,P3RHS0_1247 ,P3RHS0_1247 -> P3RDT1052 ,
P3RDT1086LV ,P3RHS0_1247 ,P3RHS0_1247 -> P3RDT1052 ,
P3RDT1087   ,P3RHS0_1247 ,P3RHS0_1247 -> P3RDT1052 ,
P3RDT1087LV ,P3RHS0_1247 ,P3RHS0_1247 -> P3RDT1052 ,
P3RDT1088   ,P3RHS0_1247 ,P3RHS0_1247 -> P3RDT656  ,
P3RDT1088LV ,P3RHS0_1247 ,P3RHS0_1247 -> P3RDT656  ,
P3RDT1089   ,P3RHS0_1247 ,P3RHS0_1247 -> P3RDT831  ,
P3RDT1089LV ,P3RHS0_1247 ,P3RHS0_1247 -> P3RDT831  ,
P3RDT1090   ,P3RHS0_1247 ,P3RHS0_1247 -> P3RDT831  ,
P3RDT1090LV ,P3RHS0_1247 ,P3RHS0_1247 -> P3RDT831  ,
P3RDT1091   ,P3RHS0_1247 ,P3RHS0_1247 -> P3RDT836  ,
P3RDT1091LV ,P3RHS0_1247 ,P3RHS0_1247 -> P3RDT836  ,
P3RDT1092   ,P3RHS0_1247 ,P3RHS0_1247 -> P3RDT831  ,
P3RDT1092LV ,P3RHS0_1247 ,P3RHS0_1247 -> P3RDT831  ,
P3RDT1093   ,P3RHS0_1247 ,P3RHS0_1247 -> P3RDT831  ,
P3RDT1093LV ,P3RHS0_1247 ,P3RHS0_1247 -> P3RDT831  ,
P3RDT1094   ,P3RHS1_1247 ,P3RHS1_1247 -> P3RDT1584 ,
P3RDT1094LV ,P3RHS1_1247 ,P3RHS1_1247 -> P3RDT1584 ,
P3RDT1095   ,P3RHS1_1247 ,P3RHS1_1247 -> P3RDT1584 ,
P3RDT1095LV ,P3RHS1_1247 ,P3RHS1_1247 -> P3RDT1584 ,
P3RDT1096   ,P3RHS1_1247 ,P3RHS1_1247 -> P3RDT1584 ,
P3RDT1096LV ,P3RHS1_1247 ,P3RHS1_1247 -> P3RDT1584 ,
P3RDT1097   ,P3RHS1_1247 ,P3RHS1_1247 -> P3RDT1584 ,
P3RDT1097LV ,P3RHS1_1247 ,P3RHS1_1247 -> P3RDT1584 ,
P3RDT1098   ,P3RHS1_1247 ,P3RHS1_1247 -> P3RDT1584 ,
P3RDT1098LV ,P3RHS1_1247 ,P3RHS1_1247 -> P3RDT1584 ,
P3RDT1099   ,P3RHS1_1247 ,P3RHS1_1247 -> P3RDT1584 ,
P3RDT1099LV ,P3RHS1_1247 ,P3RHS1_1247 -> P3RDT1584 ,
P3RDT1100   ,P3RHS1_1247 ,P3RHS1_1247 -> P3RDT1584 ,
P3RDT1100LV ,P3RHS1_1247 ,P3RHS1_1247 -> P3RDT1584 ,
P3RDT1101   ,P3RHS1_1247 ,P3RHS1_1247 -> P3RDT1584 ,
P3RDT1101LV ,P3RHS1_1247 ,P3RHS1_1247 -> P3RDT1584 ,
P3RDT1102   ,P3RHS1_1247 ,P3RHS1_1247 -> P3RDT1584 ,
P3RDT1102LV ,P3RHS1_1247 ,P3RHS1_1247 -> P3RDT1584 ,
P3RDT1103   ,P3RHS1_1247 ,P3RHS1_1247 -> P3RDT1584 ,
P3RDT1103LV ,P3RHS1_1247 ,P3RHS1_1247 -> P3RDT1584 ,
P3RDT1104   ,P3RHS1_1247 ,P3RHS1_1247 -> P3RDT1584 ,
P3RDT1104LV ,P3RHS1_1247 ,P3RHS1_1247 -> P3RDT1584 ,
P3RDT1105   ,P3RHS1_1247 ,P3RHS1_1247 -> P3RDT1272 ,
P3RDT1105LV ,P3RHS1_1247 ,P3RHS1_1247 -> P3RDT1272 ,
P3RDT1106   ,P3RHS1_1247 ,P3RHS1_1247 -> P3RDT1272 ,
P3RDT1106LV ,P3RHS1_1247 ,P3RHS1_1247 -> P3RDT1272 ,
P3RDT1107   ,P3RHS1_1247 ,P3RHS1_1247 -> P3RDT1272 ,
P3RDT1107LV ,P3RHS1_1247 ,P3RHS1_1247 -> P3RDT1272 ,
P3RDT1108   ,P3RHS1_1247 ,P3RHS1_1247 -> P3RDT1272 ,
P3RDT1108LV ,P3RHS1_1247 ,P3RHS1_1247 -> P3RDT1272 ,
P3RDT1109   ,P3RHS1_1247 ,P3RHS1_1247 -> P3RDT1584 ,
P3RDT1109LV ,P3RHS1_1247 ,P3RHS1_1247 -> P3RDT1584 ,
P3RDT1110   ,P3RHS1_1247 ,P3RHS1_1247 -> P3RDT1205 ,
P3RDT1110LV ,P3RHS1_1247 ,P3RHS1_1247 -> P3RDT1205 ,
P3RDT1111   ,P3RHS1_1247 ,P3RHS1_1247 -> P3RDT1272 ,
P3RDT1111LV ,P3RHS1_1247 ,P3RHS1_1247 -> P3RDT1272 ,
P3RDT1112   ,P3RHS1_1247 ,P3RHS1_1247 -> P3RDT1584 ,
P3RDT1112LV ,P3RHS1_1247 ,P3RHS1_1247 -> P3RDT1584 ,
P3RDT1113   ,P3RHS1_1247 ,P3RHS1_1247 -> P3RDT1194 ,
P3RDT1113LV ,P3RHS1_1247 ,P3RHS1_1247 -> P3RDT1194 ,
P3RDT1114   ,P3RHS1_1247 ,P3RHS1_1247 -> P3RDT1584 ,
P3RDT1114LV ,P3RHS1_1247 ,P3RHS1_1247 -> P3RDT1584 ,
P3RDT1115   ,P3RHS1_1247 ,P3RHS1_1247 -> P3RDT1584 ,
P3RDT1115LV ,P3RHS1_1247 ,P3RHS1_1247 -> P3RDT1584 ,
P3RDT1116   ,P3RHS1_1247 ,P3RHS1_1247 -> P3RDT1194 ,
P3RDT1116LV ,P3RHS1_1247 ,P3RHS1_1247 -> P3RDT1194 ,
P3RDT1117   ,P3RHS1_1247 ,P3RHS1_1247 -> P3RDT1584 ,
P3RDT1117LV ,P3RHS1_1247 ,P3RHS1_1247 -> P3RDT1584 ,
P3RDT1118   ,P3RHS1_1247 ,P3RHS1_1247 -> P3RDT1194 ,
P3RDT1118LV ,P3RHS1_1247 ,P3RHS1_1247 -> P3RDT1194 ,
P3RDT1119   ,P3RHS1_1247 ,P3RHS1_1247 -> P3RDT1428 ,
P3RDT1119LV ,P3RHS1_1247 ,P3RHS1_1247 -> P3RDT1428 ,
P3RDT1120   ,P3RHS1_1247 ,P3RHS1_1247 -> P3RDT1322 ,
P3RDT1120LV ,P3RHS1_1247 ,P3RHS1_1247 -> P3RDT1322 ,
P3RDT1121   ,P3RHS1_1247 ,P3RHS1_1247 -> P3RDT1322 ,
P3RDT1121LV ,P3RHS1_1247 ,P3RHS1_1247 -> P3RDT1322 ,
P3RDT1122   ,P3RHS1_1247 ,P3RHS1_1247 -> P3RDT1322 ,
P3RDT1122LV ,P3RHS1_1247 ,P3RHS1_1247 -> P3RDT1322 ,
P3RDT1123   ,P3RHS1_1247 ,P3RHS1_1247 -> P3RDT1322 ,
P3RDT1123LV ,P3RHS1_1247 ,P3RHS1_1247 -> P3RDT1322 ,
P3RDT1124   ,P3RHS1_1247 ,P3RHS1_1247 -> P3RDT1322 ,
P3RDT1124LV ,P3RHS1_1247 ,P3RHS1_1247 -> P3RDT1322 ,
P3RDT1125   ,P3RHS1_1247 ,P3RHS1_1247 -> P3RDT1322 ,
P3RDT1125LV ,P3RHS1_1247 ,P3RHS1_1247 -> P3RDT1322 ,
P3RDT1126   ,P3RHS1_1247 ,P3RHS1_1247 -> P3RDT1322 ,
P3RDT1126LV ,P3RHS1_1247 ,P3RHS1_1247 -> P3RDT1322 ,
P3RDT1127   ,P3RHS1_1247 ,P3RHS1_1247 -> P3RDT1322 ,
P3RDT1127LV ,P3RHS1_1247 ,P3RHS1_1247 -> P3RDT1322 ,
P3RDT1128   ,P3RHS1_1247 ,P3RHS1_1247 -> P3RDT1205 ,
P3RDT1128LV ,P3RHS1_1247 ,P3RHS1_1247 -> P3RDT1205 ,
P3RDT1129   ,P3RHS1_1247 ,P3RHS1_1247 -> P3RDT1322 ,
P3RDT1129LV ,P3RHS1_1247 ,P3RHS1_1247 -> P3RDT1322 ,
P3RDT1130   ,P3RHS1_1247 ,P3RHS1_1247 -> P3RDT1322 ,
P3RDT1130LV ,P3RHS1_1247 ,P3RHS1_1247 -> P3RDT1322 ,
P3RDT1131   ,P3RHS1_1247 ,P3RHS1_1247 -> P3RDT1322 ,
P3RDT1131LV ,P3RHS1_1247 ,P3RHS1_1247 -> P3RDT1322 ,
P3RDT1132   ,P3RHS1_1247 ,P3RHS1_1247 -> P3RDT1428 ,
P3RDT1132LV ,P3RHS1_1247 ,P3RHS1_1247 -> P3RDT1428 ,
P3RDT1133   ,P3RHS1_1247 ,P3RHS1_1247 -> P3RDT1322 ,
P3RDT1133LV ,P3RHS1_1247 ,P3RHS1_1247 -> P3RDT1322 ,
P3RDT1134   ,P3RHS1_1247 ,P3RHS1_1247 -> P3RDT1322 ,
P3RDT1134LV ,P3RHS1_1247 ,P3RHS1_1247 -> P3RDT1322 ,
P3RDT1135   ,P3RHS1_1247 ,P3RHS1_1247 -> P3RDT1322 ,
P3RDT1135LV ,P3RHS1_1247 ,P3RHS1_1247 -> P3RDT1322 ,
P3RDT1136   ,P3RHS1_1247 ,P3RHS1_1247 -> P3RDT1205 ,
P3RDT1136LV ,P3RHS1_1247 ,P3RHS1_1247 -> P3RDT1205 ,
P3RDT1137   ,P3RHS1_1247 ,P3RHS1_1247 -> P3RDT1322 ,
P3RDT1137LV ,P3RHS1_1247 ,P3RHS1_1247 -> P3RDT1322 ,
P3RDT1138   ,P3RHS1_1247 ,P3RHS1_1247 -> P3RDT1322 ,
P3RDT1138LV ,P3RHS1_1247 ,P3RHS1_1247 -> P3RDT1322 ,
P3RDT1139   ,P3RHS1_1247 ,P3RHS1_1247 -> P3RDT1194 ,
P3RDT1139LV ,P3RHS1_1247 ,P3RHS1_1247 -> P3RDT1194 ,
P3RDT1140   ,P3RHS1_1247 ,P3RHS1_1247 -> P3RDT1322 ,
P3RDT1140LV ,P3RHS1_1247 ,P3RHS1_1247 -> P3RDT1322 ,
P3RDT1141   ,P3RHS1_1247 ,P3RHS1_1247 -> P3RDT1194 ,
P3RDT1141LV ,P3RHS1_1247 ,P3RHS1_1247 -> P3RDT1194 ,
P3RDT1142   ,P3RHS1_1247 ,P3RHS1_1247 -> P3RDT1194 ,
P3RDT1142LV ,P3RHS1_1247 ,P3RHS1_1247 -> P3RDT1194 ,
P3RDT1143   ,P3RHS1_1247 ,P3RHS1_1247 -> P3RDT1194 ,
P3RDT1143LV ,P3RHS1_1247 ,P3RHS1_1247 -> P3RDT1194 ,
P3RDT1144   ,P3RHS1_1247 ,P3RHS1_1247 -> P3RDT1194 ,
P3RDT1144LV ,P3RHS1_1247 ,P3RHS1_1247 -> P3RDT1194 ,
P3RDT1145   ,P3RHS1_1247 ,P3RHS1_1247 -> P3RDT1194 ,
P3RDT1145LV ,P3RHS1_1247 ,P3RHS1_1247 -> P3RDT1194 ,
P3RDT1146   ,P3RHS1_1247 ,P3RHS1_1247 -> P3RDT1194 ,
P3RDT1146LV ,P3RHS1_1247 ,P3RHS1_1247 -> P3RDT1194 ,
P3RDT1147   ,P3RHS1_1247 ,P3RHS1_1247 -> P3RDT1194 ,
P3RDT1147LV ,P3RHS1_1247 ,P3RHS1_1247 -> P3RDT1194 ,
P3RDT1148   ,P3RHS1_1247 ,P3RHS1_1247 -> P3RDT1194 ,
P3RDT1148LV ,P3RHS1_1247 ,P3RHS1_1247 -> P3RDT1194 ,
P3RDT1149   ,P3RHS1_1247 ,P3RHS1_1247 -> P3RDT1194 ,
P3RDT1149LV ,P3RHS1_1247 ,P3RHS1_1247 -> P3RDT1194 ,
P3RDT1150   ,P3RHS1_1247 ,P3RHS1_1247 -> P3RDT1194 ,
P3RDT1150LV ,P3RHS1_1247 ,P3RHS1_1247 -> P3RDT1194 ,
P3RDT1151   ,P3RHS1_1247 ,P3RHS1_1247 -> P3RDT1194 ,
P3RDT1151LV ,P3RHS1_1247 ,P3RHS1_1247 -> P3RDT1194 ,
P3RDT1152   ,P3RHS1_1247 ,P3RHS1_1247 -> P3RDT1194 ,
P3RDT1152LV ,P3RHS1_1247 ,P3RHS1_1247 -> P3RDT1194 ,
P3RDT1153   ,P3RHS1_1247 ,P3RHS1_1247 -> P3RDT1194 ,
P3RDT1153LV ,P3RHS1_1247 ,P3RHS1_1247 -> P3RDT1194 ,
P3RDT1154   ,P3RHS1_1247 ,P3RHS1_1247 -> P3RDT1194 ,
P3RDT1154LV ,P3RHS1_1247 ,P3RHS1_1247 -> P3RDT1194 ,
P3RDT1155   ,P3RHS1_1247 ,P3RHS1_1247 -> P3RDT1194 ,
P3RDT1155LV ,P3RHS1_1247 ,P3RHS1_1247 -> P3RDT1194 ,
P3RDT1156   ,P3RHS1_1247 ,P3RHS1_1247 -> P3RDT1194 ,
P3RDT1156LV ,P3RHS1_1247 ,P3RHS1_1247 -> P3RDT1194 ,
P3RDT1157   ,P3RHS1_1247 ,P3RHS1_1247 -> P3RDT1194 ,
P3RDT1157LV ,P3RHS1_1247 ,P3RHS1_1247 -> P3RDT1194 ,
P3RDT1158   ,P3RHS1_1247 ,P3RHS1_1247 -> P3RDT1194 ,
P3RDT1158LV ,P3RHS1_1247 ,P3RHS1_1247 -> P3RDT1194 ,
P3RDT1159   ,P3RHS1_1247 ,P3RHS1_1247 -> P3RDT1194 ,
P3RDT1159LV ,P3RHS1_1247 ,P3RHS1_1247 -> P3RDT1194 ,
P3RDT1160   ,P3RHS1_1247 ,P3RHS1_1247 -> P3RDT1194 ,
P3RDT1160LV ,P3RHS1_1247 ,P3RHS1_1247 -> P3RDT1194 ,
P3RDT1161   ,P3RHS1_1247 ,P3RHS1_1247 -> P3RDT1194 ,
P3RDT1161LV ,P3RHS1_1247 ,P3RHS1_1247 -> P3RDT1194 ,
P3RDT1162   ,P3RHS1_1247 ,P3RHS1_1247 -> P3RDT1194 ,
P3RDT1162LV ,P3RHS1_1247 ,P3RHS1_1247 -> P3RDT1194 ,
P3RDT1163   ,P3RHS1_1247 ,P3RHS1_1247 -> P3RDT1194 ,
P3RDT1163LV ,P3RHS1_1247 ,P3RHS1_1247 -> P3RDT1194 ,
P3RDT1164   ,P3RHS1_1247 ,P3RHS1_1247 -> P3RDT1194 ,
P3RDT1164LV ,P3RHS1_1247 ,P3RHS1_1247 -> P3RDT1194 ,
P3RDT1165   ,P3RHS1_1247 ,P3RHS1_1247 -> P3RDT1194 ,
P3RDT1165LV ,P3RHS1_1247 ,P3RHS1_1247 -> P3RDT1194 ,
P3RDT1166   ,P3RHS1_1247 ,P3RHS1_1247 -> P3RDT1194 ,
P3RDT1166LV ,P3RHS1_1247 ,P3RHS1_1247 -> P3RDT1194 ,
P3RDT1167   ,P3RHS1_1247 ,P3RHS1_1247 -> P3RDT1194 ,
P3RDT1167LV ,P3RHS1_1247 ,P3RHS1_1247 -> P3RDT1194 ,
P3RDT1168   ,P3RHS1_1247 ,P3RHS1_1247 -> P3RDT1584 ,
P3RDT1168LV ,P3RHS1_1247 ,P3RHS1_1247 -> P3RDT1584 ,
P3RDT1169   ,P3RHS1_1247 ,P3RHS1_1247 -> P3RDT1194 ,
P3RDT1169LV ,P3RHS1_1247 ,P3RHS1_1247 -> P3RDT1194 ,
P3RDT1170   ,P3RHS1_1247 ,P3RHS1_1247 -> P3RDT1194 ,
P3RDT1170LV ,P3RHS1_1247 ,P3RHS1_1247 -> P3RDT1194 ,
P3RDT1171   ,P3RHS1_1247 ,P3RHS1_1247 -> P3RDT1194 ,
P3RDT1171LV ,P3RHS1_1247 ,P3RHS1_1247 -> P3RDT1194 ,
P3RDT1172   ,P3RHS1_1247 ,P3RHS1_1247 -> P3RDT1194 ,
P3RDT1172LV ,P3RHS1_1247 ,P3RHS1_1247 -> P3RDT1194 ,
P3RDT1173   ,P3RHS1_1247 ,P3RHS1_1247 -> P3RDT1194 ,
P3RDT1173LV ,P3RHS1_1247 ,P3RHS1_1247 -> P3RDT1194 ,
P3RDT1174   ,P3RHS1_1247 ,P3RHS1_1247 -> P3RDT1194 ,
P3RDT1174LV ,P3RHS1_1247 ,P3RHS1_1247 -> P3RDT1194 ,
P3RDT1175   ,P3RHS1_1247 ,P3RHS1_1247 -> P3RDT1194 ,
P3RDT1175LV ,P3RHS1_1247 ,P3RHS1_1247 -> P3RDT1194 ,
P3RDT1176   ,P3RHS1_1247 ,P3RHS1_1247 -> P3RDT1194 ,
P3RDT1176LV ,P3RHS1_1247 ,P3RHS1_1247 -> P3RDT1194 ,
P3RDT1177   ,P3RHS1_1247 ,P3RHS1_1247 -> P3RDT1194 ,
P3RDT1177LV ,P3RHS1_1247 ,P3RHS1_1247 -> P3RDT1194 ,
P3RDT1178   ,P3RHS1_1247 ,P3RHS1_1247 -> P3RDT1194 ,
P3RDT1178LV ,P3RHS1_1247 ,P3RHS1_1247 -> P3RDT1194 ,
P3RDT1179   ,P3RHS1_1247 ,P3RHS1_1247 -> P3RDT1194 ,
P3RDT1179LV ,P3RHS1_1247 ,P3RHS1_1247 -> P3RDT1194 ,
P3RDT1180   ,P3RHS1_1247 ,P3RHS1_1247 -> P3RDT1194 ,
P3RDT1180LV ,P3RHS1_1247 ,P3RHS1_1247 -> P3RDT1194 ,
P3RDT1181   ,P3RHS1_1247 ,P3RHS1_1247 -> P3RDT1194 ,
P3RDT1181LV ,P3RHS1_1247 ,P3RHS1_1247 -> P3RDT1194 ,
P3RDT1182   ,P3RHS1_1247 ,P3RHS1_1247 -> P3RDT1194 ,
P3RDT1182LV ,P3RHS1_1247 ,P3RHS1_1247 -> P3RDT1194 ,
P3RDT1183   ,P3RHS1_1247 ,P3RHS1_1247 -> P3RDT1194 ,
P3RDT1183LV ,P3RHS1_1247 ,P3RHS1_1247 -> P3RDT1194 ,
P3RDT1184   ,P3RHS1_1247 ,P3RHS1_1247 -> P3RDT1194 ,
P3RDT1184LV ,P3RHS1_1247 ,P3RHS1_1247 -> P3RDT1194 ,
P3RDT1185   ,P3RHS1_1247 ,P3RHS1_1247 -> P3RDT1194 ,
P3RDT1185LV ,P3RHS1_1247 ,P3RHS1_1247 -> P3RDT1194 ,
P3RDT1186   ,P3RHS1_1247 ,P3RHS1_1247 -> P3RDT1194 ,
P3RDT1186LV ,P3RHS1_1247 ,P3RHS1_1247 -> P3RDT1194 ,
P3RDT1187   ,P3RHS1_1247 ,P3RHS1_1247 -> P3RDT1194 ,
P3RDT1187LV ,P3RHS1_1247 ,P3RHS1_1247 -> P3RDT1194 ,
P3RDT1188   ,P3RHS1_1247 ,P3RHS1_1247 -> P3RDT1194 ,
P3RDT1188LV ,P3RHS1_1247 ,P3RHS1_1247 -> P3RDT1194 ,
P3RDT1189   ,P3RHS1_1247 ,P3RHS1_1247 -> P3RDT1194 ,
P3RDT1189LV ,P3RHS1_1247 ,P3RHS1_1247 -> P3RDT1194 ,
P3RDT1190   ,P3RHS1_1247 ,P3RHS1_1247 -> P3RDT1194 ,
P3RDT1190LV ,P3RHS1_1247 ,P3RHS1_1247 -> P3RDT1194 ,
P3RDT1191   ,P3RHS1_1247 ,P3RHS1_1247 -> P3RDT1428 ,
P3RDT1191LV ,P3RHS1_1247 ,P3RHS1_1247 -> P3RDT1428 ,
P3RDT1192   ,P3RHS1_1247 ,P3RHS1_1247 -> P3RDT1194 ,
P3RDT1192LV ,P3RHS1_1247 ,P3RHS1_1247 -> P3RDT1194 ,
P3RDT1193   ,P3RHS1_1247 ,P3RHS1_1247 -> P3RDT1428 ,
P3RDT1193LV ,P3RHS1_1247 ,P3RHS1_1247 -> P3RDT1428 ,
P3RDT1194   ,P3RHS1_1247 ,P3RHS1_1247 -> P3RDT1194 ,
P3RDT1194LV ,P3RHS1_1247 ,P3RHS1_1247 -> P3RDT1194 ,
P3RDT1195   ,P3RHS1_1247 ,P3RHS1_1247 -> P3RDT1428 ,
P3RDT1195LV ,P3RHS1_1247 ,P3RHS1_1247 -> P3RDT1428 ,
P3RDT1196   ,P3RHS1_1247 ,P3RHS1_1247 -> P3RDT1428 ,
P3RDT1196LV ,P3RHS1_1247 ,P3RHS1_1247 -> P3RDT1428 ,
P3RDT1197   ,P3RHS1_1247 ,P3RHS1_1247 -> P3RDT1194 ,
P3RDT1197LV ,P3RHS1_1247 ,P3RHS1_1247 -> P3RDT1194 ,
P3RDT1198   ,P3RHS1_1247 ,P3RHS1_1247 -> P3RDT1194 ,
P3RDT1198LV ,P3RHS1_1247 ,P3RHS1_1247 -> P3RDT1194 ,
P3RDT1199   ,P3RHS1_1247 ,P3RHS1_1247 -> P3RDT1194 ,
P3RDT1199LV ,P3RHS1_1247 ,P3RHS1_1247 -> P3RDT1194 ,
P3RDT1200   ,P3RHS1_1247 ,P3RHS1_1247 -> P3RDT1194 ,
P3RDT1200LV ,P3RHS1_1247 ,P3RHS1_1247 -> P3RDT1194 ,
P3RDT1201   ,P3RHS1_1247 ,P3RHS1_1247 -> P3RDT1194 ,
P3RDT1201LV ,P3RHS1_1247 ,P3RHS1_1247 -> P3RDT1194 ,
P3RDT1202   ,P3RHS1_1247 ,P3RHS1_1247 -> P3RDT1194 ,
P3RDT1202LV ,P3RHS1_1247 ,P3RHS1_1247 -> P3RDT1194 ,
P3RDT1203   ,P3RHS1_1247 ,P3RHS1_1247 -> P3RDT1194 ,
P3RDT1203LV ,P3RHS1_1247 ,P3RHS1_1247 -> P3RDT1194 ,
P3RDT1204   ,P3RHS1_1247 ,P3RHS1_1247 -> P3RDT1194 ,
P3RDT1204LV ,P3RHS1_1247 ,P3RHS1_1247 -> P3RDT1194 ,
P3RDT1205   ,P3RHS1_1247 ,P3RHS1_1247 -> P3RDT1205 ,
P3RDT1205LV ,P3RHS1_1247 ,P3RHS1_1247 -> P3RDT1205 ,
P3RDT1206   ,P3RHS1_1247 ,P3RHS1_1247 -> P3RDT1194 ,
P3RDT1206LV ,P3RHS1_1247 ,P3RHS1_1247 -> P3RDT1194 ,
P3RDT1207   ,P3RHS1_1247 ,P3RHS1_1247 -> P3RDT1272 ,
P3RDT1207LV ,P3RHS1_1247 ,P3RHS1_1247 -> P3RDT1272 ,
P3RDT1208   ,P3RHS1_1247 ,P3RHS1_1247 -> P3RDT1428 ,
P3RDT1208LV ,P3RHS1_1247 ,P3RHS1_1247 -> P3RDT1428 ,
P3RDT1209   ,P3RHS1_1247 ,P3RHS1_1247 -> P3RDT1428 ,
P3RDT1209LV ,P3RHS1_1247 ,P3RHS1_1247 -> P3RDT1428 ,
P3RDT1210   ,P3RHS1_1247 ,P3RHS1_1247 -> P3RDT1322 ,
P3RDT1210LV ,P3RHS1_1247 ,P3RHS1_1247 -> P3RDT1322 ,
P3RDT1211   ,P3RHS1_1247 ,P3RHS1_1247 -> P3RDT1272 ,
P3RDT1211LV ,P3RHS1_1247 ,P3RHS1_1247 -> P3RDT1272 ,
P3RDT1212   ,P3RHS1_1247 ,P3RHS1_1247 -> P3RDT1272 ,
P3RDT1212LV ,P3RHS1_1247 ,P3RHS1_1247 -> P3RDT1272 ,
P3RDT1213   ,P3RHS1_1247 ,P3RHS1_1247 -> P3RDT1428 ,
P3RDT1213LV ,P3RHS1_1247 ,P3RHS1_1247 -> P3RDT1428 ,
P3RDT1214   ,P3RHS1_1247 ,P3RHS1_1247 -> P3RDT1272 ,
P3RDT1214LV ,P3RHS1_1247 ,P3RHS1_1247 -> P3RDT1272 ,
P3RDT1215   ,P3RHS1_1247 ,P3RHS1_1247 -> P3RDT1428 ,
P3RDT1215LV ,P3RHS1_1247 ,P3RHS1_1247 -> P3RDT1428 ,
P3RDT1216   ,P3RHS1_1247 ,P3RHS1_1247 -> P3RDT1272 ,
P3RDT1216LV ,P3RHS1_1247 ,P3RHS1_1247 -> P3RDT1272 ,
P3RDT1217   ,P3RHS1_1247 ,P3RHS1_1247 -> P3RDT1428 ,
P3RDT1217LV ,P3RHS1_1247 ,P3RHS1_1247 -> P3RDT1428 ,
P3RDT1218   ,P3RHS1_1247 ,P3RHS1_1247 -> P3RDT1272 ,
P3RDT1218LV ,P3RHS1_1247 ,P3RHS1_1247 -> P3RDT1272 ,
P3RDT1219   ,P3RHS1_1247 ,P3RHS1_1247 -> P3RDT1272 ,
P3RDT1219LV ,P3RHS1_1247 ,P3RHS1_1247 -> P3RDT1272 ,
P3RDT1220   ,P3RHS1_1247 ,P3RHS1_1247 -> P3RDT1272 ,
P3RDT1220LV ,P3RHS1_1247 ,P3RHS1_1247 -> P3RDT1272 ,
P3RDT1221   ,P3RHS1_1247 ,P3RHS1_1247 -> P3RDT1272 ,
P3RDT1221LV ,P3RHS1_1247 ,P3RHS1_1247 -> P3RDT1272 ,
P3RDT1222   ,P3RHS1_1247 ,P3RHS1_1247 -> P3RDT1428 ,
P3RDT1222LV ,P3RHS1_1247 ,P3RHS1_1247 -> P3RDT1428 ,
P3RDT1223   ,P3RHS1_1247 ,P3RHS1_1247 -> P3RDT1322 ,
P3RDT1223LV ,P3RHS1_1247 ,P3RHS1_1247 -> P3RDT1322 ,
P3RDT1224   ,P3RHS1_1247 ,P3RHS1_1247 -> P3RDT1322 ,
P3RDT1224LV ,P3RHS1_1247 ,P3RHS1_1247 -> P3RDT1322 ,
P3RDT1225   ,P3RHS1_1247 ,P3RHS1_1247 -> P3RDT1428 ,
P3RDT1225LV ,P3RHS1_1247 ,P3RHS1_1247 -> P3RDT1428 ,
P3RDT1226   ,P3RHS1_1247 ,P3RHS1_1247 -> P3RDT1322 ,
P3RDT1226LV ,P3RHS1_1247 ,P3RHS1_1247 -> P3RDT1322 ,
P3RDT1227   ,P3RHS1_1247 ,P3RHS1_1247 -> P3RDT1194 ,
P3RDT1227LV ,P3RHS1_1247 ,P3RHS1_1247 -> P3RDT1194 ,
P3RDT1228   ,P3RHS1_1247 ,P3RHS1_1247 -> P3RDT1194 ,
P3RDT1228LV ,P3RHS1_1247 ,P3RHS1_1247 -> P3RDT1194 ,
P3RDT1229   ,P3RHS1_1247 ,P3RHS1_1247 -> P3RDT1194 ,
P3RDT1229LV ,P3RHS1_1247 ,P3RHS1_1247 -> P3RDT1194 ,
P3RDT1230   ,P3RHS1_1247 ,P3RHS1_1247 -> P3RDT1194 ,
P3RDT1230LV ,P3RHS1_1247 ,P3RHS1_1247 -> P3RDT1194 ,
P3RDT1231   ,P3RHS1_1247 ,P3RHS1_1247 -> P3RDT1194 ,
P3RDT1231LV ,P3RHS1_1247 ,P3RHS1_1247 -> P3RDT1194 ,
P3RDT1232   ,P3RHS1_1247 ,P3RHS1_1247 -> P3RDT1194 ,
P3RDT1232LV ,P3RHS1_1247 ,P3RHS1_1247 -> P3RDT1194 ,
P3RDT1233   ,P3RHS1_1247 ,P3RHS1_1247 -> P3RDT1194 ,
P3RDT1233LV ,P3RHS1_1247 ,P3RHS1_1247 -> P3RDT1194 ,
P3RDT1234   ,P3RHS1_1247 ,P3RHS1_1247 -> P3RDT1194 ,
P3RDT1234LV ,P3RHS1_1247 ,P3RHS1_1247 -> P3RDT1194 ,
P3RDT1235   ,P3RHS1_1247 ,P3RHS1_1247 -> P3RDT1194 ,
P3RDT1235LV ,P3RHS1_1247 ,P3RHS1_1247 -> P3RDT1194 ,
P3RDT1236   ,P3RHS1_1247 ,P3RHS1_1247 -> P3RDT1194 ,
P3RDT1236LV ,P3RHS1_1247 ,P3RHS1_1247 -> P3RDT1194 ,
P3RDT1237   ,P3RHS1_1247 ,P3RHS1_1247 -> P3RDT1194 ,
P3RDT1237LV ,P3RHS1_1247 ,P3RHS1_1247 -> P3RDT1194 ,
P3RDT1238   ,P3RHS1_1247 ,P3RHS1_1247 -> P3RDT1194 ,
P3RDT1238LV ,P3RHS1_1247 ,P3RHS1_1247 -> P3RDT1194 ,
P3RDT1239   ,P3RHS1_1247 ,P3RHS1_1247 -> P3RDT1194 ,
P3RDT1239LV ,P3RHS1_1247 ,P3RHS1_1247 -> P3RDT1194 ,
P3RDT1240   ,P3RHS1_1247 ,P3RHS1_1247 -> P3RDT1194 ,
P3RDT1240LV ,P3RHS1_1247 ,P3RHS1_1247 -> P3RDT1194 ,
P3RDT1241   ,P3RHS1_1247 ,P3RHS1_1247 -> P3RDT1194 ,
P3RDT1241LV ,P3RHS1_1247 ,P3RHS1_1247 -> P3RDT1194 ,
P3RDT1242   ,P3RHS1_1247 ,P3RHS1_1247 -> P3RDT1194 ,
P3RDT1242LV ,P3RHS1_1247 ,P3RHS1_1247 -> P3RDT1194 ,
P3RDT1243   ,P3RHS1_1247 ,P3RHS1_1247 -> P3RDT1194 ,
P3RDT1243LV ,P3RHS1_1247 ,P3RHS1_1247 -> P3RDT1194 ,
P3RDT1244   ,P3RHS1_1247 ,P3RHS1_1247 -> P3RDT1194 ,
P3RDT1244LV ,P3RHS1_1247 ,P3RHS1_1247 -> P3RDT1194 ,
P3RDT1245   ,P3RHS1_1247 ,P3RHS1_1247 -> P3RDT1194 ,
P3RDT1245LV ,P3RHS1_1247 ,P3RHS1_1247 -> P3RDT1194 ,
P3RDT1246   ,P3RHS1_1247 ,P3RHS1_1247 -> P3RDT1194 ,
P3RDT1246LV ,P3RHS1_1247 ,P3RHS1_1247 -> P3RDT1194 ,
P3RDT1247   ,P3RHS1_1247 ,P3RHS1_1247 -> P3RDT1194 ,
P3RDT1247LV ,P3RHS1_1247 ,P3RHS1_1247 -> P3RDT1194 ,
P3RDT1248   ,P3RHS1_1247 ,P3RHS1_1247 -> P3RDT1194 ,
P3RDT1248LV ,P3RHS1_1247 ,P3RHS1_1247 -> P3RDT1194 ,
P3RDT1249   ,P3RHS1_1247 ,P3RHS1_1247 -> P3RDT1194 ,
P3RDT1249LV ,P3RHS1_1247 ,P3RHS1_1247 -> P3RDT1194 ,
P3RDT1250   ,P3RHS1_1247 ,P3RHS1_1247 -> P3RDT1194 ,
P3RDT1250LV ,P3RHS1_1247 ,P3RHS1_1247 -> P3RDT1194 ,
P3RDT1251   ,P3RHS1_1247 ,P3RHS1_1247 -> P3RDT1194 ,
P3RDT1251LV ,P3RHS1_1247 ,P3RHS1_1247 -> P3RDT1194 ,
P3RDT1252   ,P3RHS1_1247 ,P3RHS1_1247 -> P3RDT1194 ,
P3RDT1252LV ,P3RHS1_1247 ,P3RHS1_1247 -> P3RDT1194 ,
P3RDT1253   ,P3RHS1_1247 ,P3RHS1_1247 -> P3RDT1322 ,
P3RDT1253LV ,P3RHS1_1247 ,P3RHS1_1247 -> P3RDT1322 ,
P3RDT1254   ,P3RHS1_1247 ,P3RHS1_1247 -> P3RDT1194 ,
P3RDT1254LV ,P3RHS1_1247 ,P3RHS1_1247 -> P3RDT1194 ,
P3RDT1255   ,P3RHS1_1247 ,P3RHS1_1247 -> P3RDT1194 ,
P3RDT1255LV ,P3RHS1_1247 ,P3RHS1_1247 -> P3RDT1194 ,
P3RDT1256   ,P3RHS1_1247 ,P3RHS1_1247 -> P3RDT1194 ,
P3RDT1256LV ,P3RHS1_1247 ,P3RHS1_1247 -> P3RDT1194 ,
P3RDT1257   ,P3RHS1_1247 ,P3RHS1_1247 -> P3RDT1194 ,
P3RDT1257LV ,P3RHS1_1247 ,P3RHS1_1247 -> P3RDT1194 ,
P3RDT1258   ,P3RHS1_1247 ,P3RHS1_1247 -> P3RDT1194 ,
P3RDT1258LV ,P3RHS1_1247 ,P3RHS1_1247 -> P3RDT1194 ,
P3RDT1259   ,P3RHS1_1247 ,P3RHS1_1247 -> P3RDT1194 ,
P3RDT1259LV ,P3RHS1_1247 ,P3RHS1_1247 -> P3RDT1194 ,
P3RDT1260   ,P3RHS1_1247 ,P3RHS1_1247 -> P3RDT1194 ,
P3RDT1260LV ,P3RHS1_1247 ,P3RHS1_1247 -> P3RDT1194 ,
P3RDT1261   ,P3RHS1_1247 ,P3RHS1_1247 -> P3RDT1194 ,
P3RDT1261LV ,P3RHS1_1247 ,P3RHS1_1247 -> P3RDT1194 ,
P3RDT1262   ,P3RHS1_1247 ,P3RHS1_1247 -> P3RDT1194 ,
P3RDT1262LV ,P3RHS1_1247 ,P3RHS1_1247 -> P3RDT1194 ,
P3RDT1263   ,P3RHS1_1247 ,P3RHS1_1247 -> P3RDT1194 ,
P3RDT1263LV ,P3RHS1_1247 ,P3RHS1_1247 -> P3RDT1194 ,
P3RDT1264   ,P3RHS1_1247 ,P3RHS1_1247 -> P3RDT1194 ,
P3RDT1264LV ,P3RHS1_1247 ,P3RHS1_1247 -> P3RDT1194 ,
P3RDT1265   ,P3RHS1_1247 ,P3RHS1_1247 -> P3RDT1194 ,
P3RDT1265LV ,P3RHS1_1247 ,P3RHS1_1247 -> P3RDT1194 ,
P3RDT1266   ,P3RHS1_1247 ,P3RHS1_1247 -> P3RDT1194 ,
P3RDT1266LV ,P3RHS1_1247 ,P3RHS1_1247 -> P3RDT1194 ,
P3RDT1267   ,P3RHS1_1247 ,P3RHS1_1247 -> P3RDT1322 ,
P3RDT1267LV ,P3RHS1_1247 ,P3RHS1_1247 -> P3RDT1322 ,
P3RDT1268   ,P3RHS1_1247 ,P3RHS1_1247 -> P3RDT1322 ,
P3RDT1268LV ,P3RHS1_1247 ,P3RHS1_1247 -> P3RDT1322 ,
P3RDT1269   ,P3RHS1_1247 ,P3RHS1_1247 -> P3RDT1272 ,
P3RDT1269LV ,P3RHS1_1247 ,P3RHS1_1247 -> P3RDT1272 ,
P3RDT1270   ,P3RHS1_1247 ,P3RHS1_1247 -> P3RDT1322 ,
P3RDT1270LV ,P3RHS1_1247 ,P3RHS1_1247 -> P3RDT1322 ,
P3RDT1271   ,P3RHS1_1247 ,P3RHS1_1247 -> P3RDT1322 ,
P3RDT1271LV ,P3RHS1_1247 ,P3RHS1_1247 -> P3RDT1322 ,
P3RDT1272   ,P3RHS1_1247 ,P3RHS1_1247 -> P3RDT1272 ,
P3RDT1272LV ,P3RHS1_1247 ,P3RHS1_1247 -> P3RDT1272 ,
P3RDT1273   ,P3RHS1_1247 ,P3RHS1_1247 -> P3RDT1272 ,
P3RDT1273LV ,P3RHS1_1247 ,P3RHS1_1247 -> P3RDT1272 ,
P3RDT1274   ,P3RHS1_1247 ,P3RHS1_1247 -> P3RDT1322 ,
P3RDT1274LV ,P3RHS1_1247 ,P3RHS1_1247 -> P3RDT1322 ,
P3RDT1275   ,P3RHS1_1247 ,P3RHS1_1247 -> P3RDT1322 ,
P3RDT1275LV ,P3RHS1_1247 ,P3RHS1_1247 -> P3RDT1322 ,
P3RDT1276   ,P3RHS1_1247 ,P3RHS1_1247 -> P3RDT1194 ,
P3RDT1276LV ,P3RHS1_1247 ,P3RHS1_1247 -> P3RDT1194 ,
P3RDT1277   ,P3RHS1_1247 ,P3RHS1_1247 -> P3RDT1322 ,
P3RDT1277LV ,P3RHS1_1247 ,P3RHS1_1247 -> P3RDT1322 ,
P3RDT1278   ,P3RHS1_1247 ,P3RHS1_1247 -> P3RDT1322 ,
P3RDT1278LV ,P3RHS1_1247 ,P3RHS1_1247 -> P3RDT1322 ,
P3RDT1279   ,P3RHS1_1247 ,P3RHS1_1247 -> P3RDT1322 ,
P3RDT1279LV ,P3RHS1_1247 ,P3RHS1_1247 -> P3RDT1322 ,
P3RDT1280   ,P3RHS1_1247 ,P3RHS1_1247 -> P3RDT1194 ,
P3RDT1280LV ,P3RHS1_1247 ,P3RHS1_1247 -> P3RDT1194 ,
P3RDT1281   ,P3RHS1_1247 ,P3RHS1_1247 -> P3RDT1322 ,
P3RDT1281LV ,P3RHS1_1247 ,P3RHS1_1247 -> P3RDT1322 ,
P3RDT1282   ,P3RHS1_1247 ,P3RHS1_1247 -> P3RDT1322 ,
P3RDT1282LV ,P3RHS1_1247 ,P3RHS1_1247 -> P3RDT1322 ,
P3RDT1283   ,P3RHS1_1247 ,P3RHS1_1247 -> P3RDT1194 ,
P3RDT1283LV ,P3RHS1_1247 ,P3RHS1_1247 -> P3RDT1194 ,
P3RDT1284   ,P3RHS1_1247 ,P3RHS1_1247 -> P3RDT1322 ,
P3RDT1284LV ,P3RHS1_1247 ,P3RHS1_1247 -> P3RDT1322 ,
P3RDT1285   ,P3RHS1_1247 ,P3RHS1_1247 -> P3RDT1194 ,
P3RDT1285LV ,P3RHS1_1247 ,P3RHS1_1247 -> P3RDT1194 ,
P3RDT1286   ,P3RHS1_1247 ,P3RHS1_1247 -> P3RDT1194 ,
P3RDT1286LV ,P3RHS1_1247 ,P3RHS1_1247 -> P3RDT1194 ,
P3RDT1287   ,P3RHS1_1247 ,P3RHS1_1247 -> P3RDT1272 ,
P3RDT1287LV ,P3RHS1_1247 ,P3RHS1_1247 -> P3RDT1272 ,
P3RDT1288   ,P3RHS1_1247 ,P3RHS1_1247 -> P3RDT1272 ,
P3RDT1288LV ,P3RHS1_1247 ,P3RHS1_1247 -> P3RDT1272 ,
P3RDT1289   ,P3RHS1_1247 ,P3RHS1_1247 -> P3RDT1272 ,
P3RDT1289LV ,P3RHS1_1247 ,P3RHS1_1247 -> P3RDT1272 ,
P3RDT1290   ,P3RHS1_1247 ,P3RHS1_1247 -> P3RDT1428 ,
P3RDT1290LV ,P3RHS1_1247 ,P3RHS1_1247 -> P3RDT1428 ,
P3RDT1291   ,P3RHS1_1247 ,P3RHS1_1247 -> P3RDT1272 ,
P3RDT1291LV ,P3RHS1_1247 ,P3RHS1_1247 -> P3RDT1272 ,
P3RDT1292   ,P3RHS1_1247 ,P3RHS1_1247 -> P3RDT1272 ,
P3RDT1292LV ,P3RHS1_1247 ,P3RHS1_1247 -> P3RDT1272 ,
P3RDT1293   ,P3RHS1_1247 ,P3RHS1_1247 -> P3RDT1272 ,
P3RDT1293LV ,P3RHS1_1247 ,P3RHS1_1247 -> P3RDT1272 ,
P3RDT1294   ,P3RHS1_1247 ,P3RHS1_1247 -> P3RDT1272 ,
P3RDT1294LV ,P3RHS1_1247 ,P3RHS1_1247 -> P3RDT1272 ,
P3RDT1295   ,P3RHS1_1247 ,P3RHS1_1247 -> P3RDT1272 ,
P3RDT1295LV ,P3RHS1_1247 ,P3RHS1_1247 -> P3RDT1272 ,
P3RDT1296   ,P3RHS1_1247 ,P3RHS1_1247 -> P3RDT1272 ,
P3RDT1296LV ,P3RHS1_1247 ,P3RHS1_1247 -> P3RDT1272 ,
P3RDT1297   ,P3RHS1_1247 ,P3RHS1_1247 -> P3RDT1272 ,
P3RDT1297LV ,P3RHS1_1247 ,P3RHS1_1247 -> P3RDT1272 ,
P3RDT1298   ,P3RHS1_1247 ,P3RHS1_1247 -> P3RDT1272 ,
P3RDT1298LV ,P3RHS1_1247 ,P3RHS1_1247 -> P3RDT1272 ,
P3RDT1299   ,P3RHS1_1247 ,P3RHS1_1247 -> P3RDT1272 ,
P3RDT1299LV ,P3RHS1_1247 ,P3RHS1_1247 -> P3RDT1272 ,
P3RDT1300   ,P3RHS1_1247 ,P3RHS1_1247 -> P3RDT1272 ,
P3RDT1300LV ,P3RHS1_1247 ,P3RHS1_1247 -> P3RDT1272 ,
P3RDT1301   ,P3RHS1_1247 ,P3RHS1_1247 -> P3RDT1272 ,
P3RDT1301LV ,P3RHS1_1247 ,P3RHS1_1247 -> P3RDT1272 ,
P3RDT1302   ,P3RHS1_1247 ,P3RHS1_1247 -> P3RDT1272 ,
P3RDT1302LV ,P3RHS1_1247 ,P3RHS1_1247 -> P3RDT1272 ,
P3RDT1303   ,P3RHS1_1247 ,P3RHS1_1247 -> P3RDT1272 ,
P3RDT1303LV ,P3RHS1_1247 ,P3RHS1_1247 -> P3RDT1272 ,
P3RDT1304   ,P3RHS1_1247 ,P3RHS1_1247 -> P3RDT1272 ,
P3RDT1304LV ,P3RHS1_1247 ,P3RHS1_1247 -> P3RDT1272 ,
P3RDT1305   ,P3RHS1_1247 ,P3RHS1_1247 -> P3RDT1272 ,
P3RDT1305LV ,P3RHS1_1247 ,P3RHS1_1247 -> P3RDT1272 ,
P3RDT1306   ,P3RHS1_1247 ,P3RHS1_1247 -> P3RDT1272 ,
P3RDT1306LV ,P3RHS1_1247 ,P3RHS1_1247 -> P3RDT1272 ,
P3RDT1307   ,P3RHS1_1247 ,P3RHS1_1247 -> P3RDT1272 ,
P3RDT1307LV ,P3RHS1_1247 ,P3RHS1_1247 -> P3RDT1272 ,
P3RDT1308   ,P3RHS1_1247 ,P3RHS1_1247 -> P3RDT1584 ,
P3RDT1308LV ,P3RHS1_1247 ,P3RHS1_1247 -> P3RDT1584 ,
P3RDT1309   ,P3RHS1_1247 ,P3RHS1_1247 -> P3RDT1272 ,
P3RDT1309LV ,P3RHS1_1247 ,P3RHS1_1247 -> P3RDT1272 ,
P3RDT1310   ,P3RHS1_1247 ,P3RHS1_1247 -> P3RDT1428 ,
P3RDT1310LV ,P3RHS1_1247 ,P3RHS1_1247 -> P3RDT1428 ,
P3RDT1311   ,P3RHS1_1247 ,P3RHS1_1247 -> P3RDT1272 ,
P3RDT1311LV ,P3RHS1_1247 ,P3RHS1_1247 -> P3RDT1272 ,
P3RDT1312   ,P3RHS1_1247 ,P3RHS1_1247 -> P3RDT1428 ,
P3RDT1312LV ,P3RHS1_1247 ,P3RHS1_1247 -> P3RDT1428 ,
P3RDT1313   ,P3RHS1_1247 ,P3RHS1_1247 -> P3RDT1272 ,
P3RDT1313LV ,P3RHS1_1247 ,P3RHS1_1247 -> P3RDT1272 ,
P3RDT1314   ,P3RHS1_1247 ,P3RHS1_1247 -> P3RDT1272 ,
P3RDT1314LV ,P3RHS1_1247 ,P3RHS1_1247 -> P3RDT1272 ,
P3RDT1315   ,P3RHS1_1247 ,P3RHS1_1247 -> P3RDT1428 ,
P3RDT1315LV ,P3RHS1_1247 ,P3RHS1_1247 -> P3RDT1428 ,
P3RDT1316   ,P3RHS1_1247 ,P3RHS1_1247 -> P3RDT1428 ,
P3RDT1316LV ,P3RHS1_1247 ,P3RHS1_1247 -> P3RDT1428 ,
P3RDT1317   ,P3RHS1_1247 ,P3RHS1_1247 -> P3RDT1428 ,
P3RDT1317LV ,P3RHS1_1247 ,P3RHS1_1247 -> P3RDT1428 ,
P3RDT1318   ,P3RHS1_1247 ,P3RHS1_1247 -> P3RDT1428 ,
P3RDT1318LV ,P3RHS1_1247 ,P3RHS1_1247 -> P3RDT1428 ,
P3RDT1319   ,P3RHS1_1247 ,P3RHS1_1247 -> P3RDT1272 ,
P3RDT1319LV ,P3RHS1_1247 ,P3RHS1_1247 -> P3RDT1272 ,
P3RDT1320   ,P3RHS1_1247 ,P3RHS1_1247 -> P3RDT1428 ,
P3RDT1320LV ,P3RHS1_1247 ,P3RHS1_1247 -> P3RDT1428 ,
P3RDT1321   ,P3RHS1_1247 ,P3RHS1_1247 -> P3RDT1428 ,
P3RDT1321LV ,P3RHS1_1247 ,P3RHS1_1247 -> P3RDT1428 ,
P3RDT1322   ,P3RHS1_1247 ,P3RHS1_1247 -> P3RDT1322 ,
P3RDT1322LV ,P3RHS1_1247 ,P3RHS1_1247 -> P3RDT1322 ,
P3RDT1323   ,P3RHS1_1247 ,P3RHS1_1247 -> P3RDT1272 ,
P3RDT1323LV ,P3RHS1_1247 ,P3RHS1_1247 -> P3RDT1272 ,
P3RDT1324   ,P3RHS1_1247 ,P3RHS1_1247 -> P3RDT1272 ,
P3RDT1324LV ,P3RHS1_1247 ,P3RHS1_1247 -> P3RDT1272 ,
P3RDT1325   ,P3RHS1_1247 ,P3RHS1_1247 -> P3RDT1428 ,
P3RDT1325LV ,P3RHS1_1247 ,P3RHS1_1247 -> P3RDT1428 ,
P3RDT1326   ,P3RHS1_1247 ,P3RHS1_1247 -> P3RDT1428 ,
P3RDT1326LV ,P3RHS1_1247 ,P3RHS1_1247 -> P3RDT1428 ,
P3RDT1327   ,P3RHS1_1247 ,P3RHS1_1247 -> P3RDT1272 ,
P3RDT1327LV ,P3RHS1_1247 ,P3RHS1_1247 -> P3RDT1272 ,
P3RDT1328   ,P3RHS1_1247 ,P3RHS1_1247 -> P3RDT1272 ,
P3RDT1328LV ,P3RHS1_1247 ,P3RHS1_1247 -> P3RDT1272 ,
P3RDT1329   ,P3RHS1_1247 ,P3RHS1_1247 -> P3RDT1428 ,
P3RDT1329LV ,P3RHS1_1247 ,P3RHS1_1247 -> P3RDT1428 ,
P3RDT1330   ,P3RHS1_1247 ,P3RHS1_1247 -> P3RDT1322 ,
P3RDT1330LV ,P3RHS1_1247 ,P3RHS1_1247 -> P3RDT1322 ,
P3RDT1331   ,P3RHS1_1247 ,P3RHS1_1247 -> P3RDT1322 ,
P3RDT1331LV ,P3RHS1_1247 ,P3RHS1_1247 -> P3RDT1322 ,
P3RDT1332   ,P3RHS1_1247 ,P3RHS1_1247 -> P3RDT1322 ,
P3RDT1332LV ,P3RHS1_1247 ,P3RHS1_1247 -> P3RDT1322 ,
P3RDT1333   ,P3RHS1_1247 ,P3RHS1_1247 -> P3RDT1322 ,
P3RDT1333LV ,P3RHS1_1247 ,P3RHS1_1247 -> P3RDT1322 ,
P3RDT1334   ,P3RHS1_1247 ,P3RHS1_1247 -> P3RDT1322 ,
P3RDT1334LV ,P3RHS1_1247 ,P3RHS1_1247 -> P3RDT1322 ,
P3RDT1335   ,P3RHS1_1247 ,P3RHS1_1247 -> P3RDT1322 ,
P3RDT1335LV ,P3RHS1_1247 ,P3RHS1_1247 -> P3RDT1322 ,
P3RDT1336   ,P3RHS1_1247 ,P3RHS1_1247 -> P3RDT1322 ,
P3RDT1336LV ,P3RHS1_1247 ,P3RHS1_1247 -> P3RDT1322 ,
P3RDT1337   ,P3RHS1_1247 ,P3RHS1_1247 -> P3RDT1428 ,
P3RDT1337LV ,P3RHS1_1247 ,P3RHS1_1247 -> P3RDT1428 ,
P3RDT1338   ,P3RHS1_1247 ,P3RHS1_1247 -> P3RDT1428 ,
P3RDT1338LV ,P3RHS1_1247 ,P3RHS1_1247 -> P3RDT1428 ,
P3RDT1339   ,P3RHS1_1247 ,P3RHS1_1247 -> P3RDT1428 ,
P3RDT1339LV ,P3RHS1_1247 ,P3RHS1_1247 -> P3RDT1428 ,
P3RDT1340   ,P3RHS1_1247 ,P3RHS1_1247 -> P3RDT1194 ,
P3RDT1340LV ,P3RHS1_1247 ,P3RHS1_1247 -> P3RDT1194 ,
P3RDT1341   ,P3RHS1_1247 ,P3RHS1_1247 -> P3RDT1194 ,
P3RDT1341LV ,P3RHS1_1247 ,P3RHS1_1247 -> P3RDT1194 ,
P3RDT1342   ,P3RHS1_1247 ,P3RHS1_1247 -> P3RDT1194 ,
P3RDT1342LV ,P3RHS1_1247 ,P3RHS1_1247 -> P3RDT1194 ,
P3RDT1343   ,P3RHS1_1247 ,P3RHS1_1247 -> P3RDT1194 ,
P3RDT1343LV ,P3RHS1_1247 ,P3RHS1_1247 -> P3RDT1194 ,
P3RDT1344   ,P3RHS1_1247 ,P3RHS1_1247 -> P3RDT1194 ,
P3RDT1344LV ,P3RHS1_1247 ,P3RHS1_1247 -> P3RDT1194 ,
P3RDT1345   ,P3RHS1_1247 ,P3RHS1_1247 -> P3RDT1194 ,
P3RDT1345LV ,P3RHS1_1247 ,P3RHS1_1247 -> P3RDT1194 ,
P3RDT1346   ,P3RHS1_1247 ,P3RHS1_1247 -> P3RDT1194 ,
P3RDT1346LV ,P3RHS1_1247 ,P3RHS1_1247 -> P3RDT1194 ,
P3RDT1347   ,P3RHS1_1247 ,P3RHS1_1247 -> P3RDT1194 ,
P3RDT1347LV ,P3RHS1_1247 ,P3RHS1_1247 -> P3RDT1194 ,
P3RDT1348   ,P3RHS1_1247 ,P3RHS1_1247 -> P3RDT1194 ,
P3RDT1348LV ,P3RHS1_1247 ,P3RHS1_1247 -> P3RDT1194 ,
P3RDT1349   ,P3RHS1_1247 ,P3RHS1_1247 -> P3RDT1194 ,
P3RDT1349LV ,P3RHS1_1247 ,P3RHS1_1247 -> P3RDT1194 ,
P3RDT1350   ,P3RHS1_1247 ,P3RHS1_1247 -> P3RDT1194 ,
P3RDT1350LV ,P3RHS1_1247 ,P3RHS1_1247 -> P3RDT1194 ,
P3RDT1351   ,P3RHS1_1247 ,P3RHS1_1247 -> P3RDT1194 ,
P3RDT1351LV ,P3RHS1_1247 ,P3RHS1_1247 -> P3RDT1194 ,
P3RDT1352   ,P3RHS1_1247 ,P3RHS1_1247 -> P3RDT1194 ,
P3RDT1352LV ,P3RHS1_1247 ,P3RHS1_1247 -> P3RDT1194 ,
P3RDT1353   ,P3RHS1_1247 ,P3RHS1_1247 -> P3RDT1194 ,
P3RDT1353LV ,P3RHS1_1247 ,P3RHS1_1247 -> P3RDT1194 ,
P3RDT1354   ,P3RHS1_1247 ,P3RHS1_1247 -> P3RDT1194 ,
P3RDT1354LV ,P3RHS1_1247 ,P3RHS1_1247 -> P3RDT1194 ,
P3RDT1355   ,P3RHS1_1247 ,P3RHS1_1247 -> P3RDT1194 ,
P3RDT1355LV ,P3RHS1_1247 ,P3RHS1_1247 -> P3RDT1194 ,
P3RDT1356   ,P3RHS1_1247 ,P3RHS1_1247 -> P3RDT1322 ,
P3RDT1356LV ,P3RHS1_1247 ,P3RHS1_1247 -> P3RDT1322 ,
P3RDT1357   ,P3RHS1_1247 ,P3RHS1_1247 -> P3RDT1428 ,
P3RDT1357LV ,P3RHS1_1247 ,P3RHS1_1247 -> P3RDT1428 ,
P3RDT1358   ,P3RHS1_1247 ,P3RHS1_1247 -> P3RDT1194 ,
P3RDT1358LV ,P3RHS1_1247 ,P3RHS1_1247 -> P3RDT1194 ,
P3RDT1359   ,P3RHS1_1247 ,P3RHS1_1247 -> P3RDT1322 ,
P3RDT1359LV ,P3RHS1_1247 ,P3RHS1_1247 -> P3RDT1322 ,
P3RDT1360   ,P3RHS1_1247 ,P3RHS1_1247 -> P3RDT1322 ,
P3RDT1360LV ,P3RHS1_1247 ,P3RHS1_1247 -> P3RDT1322 ,
P3RDT1361   ,P3RHS1_1247 ,P3RHS1_1247 -> P3RDT1272 ,
P3RDT1361LV ,P3RHS1_1247 ,P3RHS1_1247 -> P3RDT1272 ,
P3RDT1362   ,P3RHS1_1247 ,P3RHS1_1247 -> P3RDT1205 ,
P3RDT1362LV ,P3RHS1_1247 ,P3RHS1_1247 -> P3RDT1205 ,
P3RDT1363   ,P3RHS1_1247 ,P3RHS1_1247 -> P3RDT1322 ,
P3RDT1363LV ,P3RHS1_1247 ,P3RHS1_1247 -> P3RDT1322 ,
P3RDT1364   ,P3RHS1_1247 ,P3RHS1_1247 -> P3RDT1322 ,
P3RDT1364LV ,P3RHS1_1247 ,P3RHS1_1247 -> P3RDT1322 ,
P3RDT1365   ,P3RHS1_1247 ,P3RHS1_1247 -> P3RDT1322 ,
P3RDT1365LV ,P3RHS1_1247 ,P3RHS1_1247 -> P3RDT1322 ,
P3RDT1366   ,P3RHS1_1247 ,P3RHS1_1247 -> P3RDT1322 ,
P3RDT1366LV ,P3RHS1_1247 ,P3RHS1_1247 -> P3RDT1322 ,
P3RDT1367   ,P3RHS1_1247 ,P3RHS1_1247 -> P3RDT1322 ,
P3RDT1367LV ,P3RHS1_1247 ,P3RHS1_1247 -> P3RDT1322 ,
P3RDT1368   ,P3RHS1_1247 ,P3RHS1_1247 -> P3RDT1322 ,
P3RDT1368LV ,P3RHS1_1247 ,P3RHS1_1247 -> P3RDT1322 ,
P3RDT1369   ,P3RHS1_1247 ,P3RHS1_1247 -> P3RDT1322 ,
P3RDT1369LV ,P3RHS1_1247 ,P3RHS1_1247 -> P3RDT1322 ,
P3RDT1370   ,P3RHS1_1247 ,P3RHS1_1247 -> P3RDT1194 ,
P3RDT1370LV ,P3RHS1_1247 ,P3RHS1_1247 -> P3RDT1194 ,
P3RDT1371   ,P3RHS1_1247 ,P3RHS1_1247 -> P3RDT1194 ,
P3RDT1371LV ,P3RHS1_1247 ,P3RHS1_1247 -> P3RDT1194 ,
P3RDT1372   ,P3RHS1_1247 ,P3RHS1_1247 -> P3RDT1194 ,
P3RDT1372LV ,P3RHS1_1247 ,P3RHS1_1247 -> P3RDT1194 ,
P3RDT1373   ,P3RHS1_1247 ,P3RHS1_1247 -> P3RDT1194 ,
P3RDT1373LV ,P3RHS1_1247 ,P3RHS1_1247 -> P3RDT1194 ,
P3RDT1374   ,P3RHS1_1247 ,P3RHS1_1247 -> P3RDT1194 ,
P3RDT1374LV ,P3RHS1_1247 ,P3RHS1_1247 -> P3RDT1194 ,
P3RDT1375   ,P3RHS1_1247 ,P3RHS1_1247 -> P3RDT1194 ,
P3RDT1375LV ,P3RHS1_1247 ,P3RHS1_1247 -> P3RDT1194 ,
P3RDT1376   ,P3RHS1_1247 ,P3RHS1_1247 -> P3RDT1194 ,
P3RDT1376LV ,P3RHS1_1247 ,P3RHS1_1247 -> P3RDT1194 ,
P3RDT1377   ,P3RHS1_1247 ,P3RHS1_1247 -> P3RDT1194 ,
P3RDT1377LV ,P3RHS1_1247 ,P3RHS1_1247 -> P3RDT1194 ,
P3RDT1378   ,P3RHS1_1247 ,P3RHS1_1247 -> P3RDT1194 ,
P3RDT1378LV ,P3RHS1_1247 ,P3RHS1_1247 -> P3RDT1194 ,
P3RDT1379   ,P3RHS1_1247 ,P3RHS1_1247 -> P3RDT1322 ,
P3RDT1379LV ,P3RHS1_1247 ,P3RHS1_1247 -> P3RDT1322 ,
P3RDT1380   ,P3RHS1_1247 ,P3RHS1_1247 -> P3RDT1194 ,
P3RDT1380LV ,P3RHS1_1247 ,P3RHS1_1247 -> P3RDT1194 ,
P3RDT1381   ,P3RHS1_1247 ,P3RHS1_1247 -> P3RDT1194 ,
P3RDT1381LV ,P3RHS1_1247 ,P3RHS1_1247 -> P3RDT1194 ,
P3RDT1382   ,P3RHS1_1247 ,P3RHS1_1247 -> P3RDT1194 ,
P3RDT1382LV ,P3RHS1_1247 ,P3RHS1_1247 -> P3RDT1194 ,
P3RDT1383   ,P3RHS1_1247 ,P3RHS1_1247 -> P3RDT1194 ,
P3RDT1383LV ,P3RHS1_1247 ,P3RHS1_1247 -> P3RDT1194 ,
P3RDT1384   ,P3RHS1_1247 ,P3RHS1_1247 -> P3RDT1194 ,
P3RDT1384LV ,P3RHS1_1247 ,P3RHS1_1247 -> P3RDT1194 ,
P3RDT1385   ,P3RHS1_1247 ,P3RHS1_1247 -> P3RDT1194 ,
P3RDT1385LV ,P3RHS1_1247 ,P3RHS1_1247 -> P3RDT1194 ,
P3RDT1386   ,P3RHS1_1247 ,P3RHS1_1247 -> P3RDT1194 ,
P3RDT1386LV ,P3RHS1_1247 ,P3RHS1_1247 -> P3RDT1194 ,
P3RDT1387   ,P3RHS1_1247 ,P3RHS1_1247 -> P3RDT1194 ,
P3RDT1387LV ,P3RHS1_1247 ,P3RHS1_1247 -> P3RDT1194 ,
P3RDT1388   ,P3RHS1_1247 ,P3RHS1_1247 -> P3RDT1194 ,
P3RDT1388LV ,P3RHS1_1247 ,P3RHS1_1247 -> P3RDT1194 ,
P3RDT1389   ,P3RHS1_1247 ,P3RHS1_1247 -> P3RDT1194 ,
P3RDT1389LV ,P3RHS1_1247 ,P3RHS1_1247 -> P3RDT1194 ,
P3RDT1390   ,P3RHS1_1247 ,P3RHS1_1247 -> P3RDT1194 ,
P3RDT1390LV ,P3RHS1_1247 ,P3RHS1_1247 -> P3RDT1194 ,
P3RDT1391   ,P3RHS1_1247 ,P3RHS1_1247 -> P3RDT1194 ,
P3RDT1391LV ,P3RHS1_1247 ,P3RHS1_1247 -> P3RDT1194 ,
P3RDT1392   ,P3RHS1_1247 ,P3RHS1_1247 -> P3RDT1194 ,
P3RDT1392LV ,P3RHS1_1247 ,P3RHS1_1247 -> P3RDT1194 ,
P3RDT1393   ,P3RHS1_1247 ,P3RHS1_1247 -> P3RDT1272 ,
P3RDT1393LV ,P3RHS1_1247 ,P3RHS1_1247 -> P3RDT1272 ,
P3RDT1394   ,P3RHS1_1247 ,P3RHS1_1247 -> P3RDT1272 ,
P3RDT1394LV ,P3RHS1_1247 ,P3RHS1_1247 -> P3RDT1272 ,
P3RDT1395   ,P3RHS1_1247 ,P3RHS1_1247 -> P3RDT1584 ,
P3RDT1395LV ,P3RHS1_1247 ,P3RHS1_1247 -> P3RDT1584 ,
P3RDT1396   ,P3RHS1_1247 ,P3RHS1_1247 -> P3RDT1584 ,
P3RDT1396LV ,P3RHS1_1247 ,P3RHS1_1247 -> P3RDT1584 ,
P3RDT1397   ,P3RHS1_1247 ,P3RHS1_1247 -> P3RDT1322 ,
P3RDT1397LV ,P3RHS1_1247 ,P3RHS1_1247 -> P3RDT1322 ,
P3RDT1398   ,P3RHS1_1247 ,P3RHS1_1247 -> P3RDT1322 ,
P3RDT1398LV ,P3RHS1_1247 ,P3RHS1_1247 -> P3RDT1322 ,
P3RDT1399   ,P3RHS1_1247 ,P3RHS1_1247 -> P3RDT1322 ,
P3RDT1399LV ,P3RHS1_1247 ,P3RHS1_1247 -> P3RDT1322 ,
P3RDT1400   ,P3RHS1_1247 ,P3RHS1_1247 -> P3RDT1272 ,
P3RDT1400LV ,P3RHS1_1247 ,P3RHS1_1247 -> P3RDT1272 ,
P3RDT1401   ,P3RHS0_1247 ,P3RHS0_1247 -> P3RDT836  ,
P3RDT1401LV ,P3RHS0_1247 ,P3RHS0_1247 -> P3RDT836  ,
P3RDT1402   ,P3RHS1_1247 ,P3RHS1_1247 -> P3RDT1194 ,
P3RDT1402LV ,P3RHS1_1247 ,P3RHS1_1247 -> P3RDT1194 ,
P3RDT1403   ,P3RHS1_1247 ,P3RHS1_1247 -> P3RDT1272 ,
P3RDT1403LV ,P3RHS1_1247 ,P3RHS1_1247 -> P3RDT1272 ,
P3RDT1404   ,P3RHS0_1247 ,P3RHS0_1247 -> P3RDT836  ,
P3RDT1404LV ,P3RHS0_1247 ,P3RHS0_1247 -> P3RDT836  ,
P3RDT1405   ,P3RHS1_1247 ,P3RHS1_1247 -> P3RDT1584 ,
P3RDT1405LV ,P3RHS1_1247 ,P3RHS1_1247 -> P3RDT1584 ,
P3RDT1406   ,P3RHS1_1247 ,P3RHS1_1247 -> P3RDT1272 ,
P3RDT1406LV ,P3RHS1_1247 ,P3RHS1_1247 -> P3RDT1272 ,
P3RDT1407   ,P3RHS1_1247 ,P3RHS1_1247 -> P3RDT1584 ,
P3RDT1407LV ,P3RHS1_1247 ,P3RHS1_1247 -> P3RDT1584 ,
P3RDT1408   ,P3RHS1_1247 ,P3RHS1_1247 -> P3RDT1584 ,
P3RDT1408LV ,P3RHS1_1247 ,P3RHS1_1247 -> P3RDT1584 ,
P3RDT1409   ,P3RHS1_1247 ,P3RHS1_1247 -> P3RDT1272 ,
P3RDT1409LV ,P3RHS1_1247 ,P3RHS1_1247 -> P3RDT1272 ,
P3RDT1410   ,P3RHS1_1247 ,P3RHS1_1247 -> P3RDT1272 ,
P3RDT1410LV ,P3RHS1_1247 ,P3RHS1_1247 -> P3RDT1272 ,
P3RDT1411   ,P3RHS1_1247 ,P3RHS1_1247 -> P3RDT1272 ,
P3RDT1411LV ,P3RHS1_1247 ,P3RHS1_1247 -> P3RDT1272 ,
P3RDT1412   ,P3RHS1_1247 ,P3RHS1_1247 -> P3RDT1272 ,
P3RDT1412LV ,P3RHS1_1247 ,P3RHS1_1247 -> P3RDT1272 ,
P3RDT1413   ,P3RHS1_1247 ,P3RHS1_1247 -> P3RDT1584 ,
P3RDT1413LV ,P3RHS1_1247 ,P3RHS1_1247 -> P3RDT1584 ,
P3RDT1414   ,P3RHS1_1247 ,P3RHS1_1247 -> P3RDT1584 ,
P3RDT1414LV ,P3RHS1_1247 ,P3RHS1_1247 -> P3RDT1584 ,
P3RDT1415   ,P3RHS1_1247 ,P3RHS1_1247 -> P3RDT1272 ,
P3RDT1415LV ,P3RHS1_1247 ,P3RHS1_1247 -> P3RDT1272 ,
P3RDT1416   ,P3RHS1_1247 ,P3RHS1_1247 -> P3RDT1272 ,
P3RDT1416LV ,P3RHS1_1247 ,P3RHS1_1247 -> P3RDT1272 ,
P3RDT1417   ,P3RHS1_1247 ,P3RHS1_1247 -> P3RDT1584 ,
P3RDT1417LV ,P3RHS1_1247 ,P3RHS1_1247 -> P3RDT1584 ,
P3RDT1418   ,P3RHS1_1247 ,P3RHS1_1247 -> P3RDT1584 ,
P3RDT1418LV ,P3RHS1_1247 ,P3RHS1_1247 -> P3RDT1584 ,
P3RDT1419   ,P3RHS1_1247 ,P3RHS1_1247 -> P3RDT1272 ,
P3RDT1419LV ,P3RHS1_1247 ,P3RHS1_1247 -> P3RDT1272 ,
P3RDT1420   ,P3RHS1_1247 ,P3RHS1_1247 -> P3RDT1272 ,
P3RDT1420LV ,P3RHS1_1247 ,P3RHS1_1247 -> P3RDT1272 ,
P3RDT1421   ,P3RHS1_1247 ,P3RHS1_1247 -> P3RDT1272 ,
P3RDT1421LV ,P3RHS1_1247 ,P3RHS1_1247 -> P3RDT1272 ,
P3RDT1422   ,P3RHS1_1247 ,P3RHS1_1247 -> P3RDT1194 ,
P3RDT1422LV ,P3RHS1_1247 ,P3RHS1_1247 -> P3RDT1194 ,
P3RDT1423   ,P3RHS1_1247 ,P3RHS1_1247 -> P3RDT1428 ,
P3RDT1423LV ,P3RHS1_1247 ,P3RHS1_1247 -> P3RDT1428 ,
P3RDT1424   ,P3RHS1_1247 ,P3RHS1_1247 -> P3RDT1272 ,
P3RDT1424LV ,P3RHS1_1247 ,P3RHS1_1247 -> P3RDT1272 ,
P3RDT1425   ,P3RHS1_1247 ,P3RHS1_1247 -> P3RDT1194 ,
P3RDT1425LV ,P3RHS1_1247 ,P3RHS1_1247 -> P3RDT1194 ,
P3RDT1426   ,P3RHS1_1247 ,P3RHS1_1247 -> P3RDT1272 ,
P3RDT1426LV ,P3RHS1_1247 ,P3RHS1_1247 -> P3RDT1272 ,
P3RDT1427   ,P3RHS1_1247 ,P3RHS1_1247 -> P3RDT1272 ,
P3RDT1427LV ,P3RHS1_1247 ,P3RHS1_1247 -> P3RDT1272 ,
P3RDT1428   ,P3RHS1_1247 ,P3RHS1_1247 -> P3RDT1428 ,
P3RDT1428LV ,P3RHS1_1247 ,P3RHS1_1247 -> P3RDT1428 ,
P3RDT1429   ,P3RHS1_1247 ,P3RHS1_1247 -> P3RDT1194 ,
P3RDT1429LV ,P3RHS1_1247 ,P3RHS1_1247 -> P3RDT1194 ,
P3RDT1430   ,P3RHS1_1247 ,P3RHS1_1247 -> P3RDT1194 ,
P3RDT1430LV ,P3RHS1_1247 ,P3RHS1_1247 -> P3RDT1194 ,
P3RDT1431   ,P3RHS1_1247 ,P3RHS1_1247 -> P3RDT1194 ,
P3RDT1431LV ,P3RHS1_1247 ,P3RHS1_1247 -> P3RDT1194 ,
P3RDT1432   ,P3RHS1_1247 ,P3RHS1_1247 -> P3RDT1584 ,
P3RDT1432LV ,P3RHS1_1247 ,P3RHS1_1247 -> P3RDT1584 ,
P3RDT1433   ,P3RHS1_1247 ,P3RHS1_1247 -> P3RDT1194 ,
P3RDT1433LV ,P3RHS1_1247 ,P3RHS1_1247 -> P3RDT1194 ,
P3RDT1434   ,P3RHS1_1247 ,P3RHS1_1247 -> P3RDT1584 ,
P3RDT1434LV ,P3RHS1_1247 ,P3RHS1_1247 -> P3RDT1584 ,
P3RDT1435   ,P3RHS1_1247 ,P3RHS1_1247 -> P3RDT1194 ,
P3RDT1435LV ,P3RHS1_1247 ,P3RHS1_1247 -> P3RDT1194 ,
P3RDT1436   ,P3RHS1_1247 ,P3RHS1_1247 -> P3RDT1194 ,
P3RDT1436LV ,P3RHS1_1247 ,P3RHS1_1247 -> P3RDT1194 ,
P3RDT1437   ,P3RHS1_1247 ,P3RHS1_1247 -> P3RDT1194 ,
P3RDT1437LV ,P3RHS1_1247 ,P3RHS1_1247 -> P3RDT1194 ,
P3RDT1438   ,P3RHS1_1247 ,P3RHS1_1247 -> P3RDT1194 ,
P3RDT1438LV ,P3RHS1_1247 ,P3RHS1_1247 -> P3RDT1194 ,
P3RDT1439   ,P3RHS1_1247 ,P3RHS1_1247 -> P3RDT1584 ,
P3RDT1439LV ,P3RHS1_1247 ,P3RHS1_1247 -> P3RDT1584 ,
P3RDT1440   ,P3RHS1_1247 ,P3RHS1_1247 -> P3RDT1272 ,
P3RDT1440LV ,P3RHS1_1247 ,P3RHS1_1247 -> P3RDT1272 ,
P3RDT1441   ,P3RHS1_1247 ,P3RHS1_1247 -> P3RDT1205 ,
P3RDT1441LV ,P3RHS1_1247 ,P3RHS1_1247 -> P3RDT1205 ,
P3RDT1442   ,P3RHS1_1247 ,P3RHS1_1247 -> P3RDT1584 ,
P3RDT1442LV ,P3RHS1_1247 ,P3RHS1_1247 -> P3RDT1584 ,
P3RDT1443   ,P3RHS1_1247 ,P3RHS1_1247 -> P3RDT1194 ,
P3RDT1443LV ,P3RHS1_1247 ,P3RHS1_1247 -> P3RDT1194 ,
P3RDT1444   ,P3RHS1_1247 ,P3RHS1_1247 -> P3RDT1194 ,
P3RDT1444LV ,P3RHS1_1247 ,P3RHS1_1247 -> P3RDT1194 ,
P3RDT1445   ,P3RHS1_1247 ,P3RHS1_1247 -> P3RDT1194 ,
P3RDT1445LV ,P3RHS1_1247 ,P3RHS1_1247 -> P3RDT1194 ,
P3RDT1446   ,P3RHS0_1247 ,P3RHS0_1247 -> P3RDT1052 ,
P3RDT1446LV ,P3RHS0_1247 ,P3RHS0_1247 -> P3RDT1052 ,
P3RDT1447   ,P3RHS0_1247 ,P3RHS0_1247 -> P3RDT1052 ,
P3RDT1447LV ,P3RHS0_1247 ,P3RHS0_1247 -> P3RDT1052 ,
P3RDT1448   ,P3RHS1_1247 ,P3RHS1_1247 -> P3RDT1194 ,
P3RDT1448LV ,P3RHS1_1247 ,P3RHS1_1247 -> P3RDT1194 ,
P3RDT1449   ,P3RHS1_1247 ,P3RHS1_1247 -> P3RDT1194 ,
P3RDT1449LV ,P3RHS1_1247 ,P3RHS1_1247 -> P3RDT1194 ,
P3RDT1450   ,P3RHS1_1247 ,P3RHS1_1247 -> P3RDT1194 ,
P3RDT1450LV ,P3RHS1_1247 ,P3RHS1_1247 -> P3RDT1194 ,
P3RDT1451   ,P3RHS1_1247 ,P3RHS1_1247 -> P3RDT1194 ,
P3RDT1451LV ,P3RHS1_1247 ,P3RHS1_1247 -> P3RDT1194 ,
P3RDT1452   ,P3RHS0_1247 ,P3RHS0_1247 -> P3RDT1052 ,
P3RDT1452LV ,P3RHS0_1247 ,P3RHS0_1247 -> P3RDT1052 ,
P3RDT1453   ,P3RHS1_1247 ,P3RHS1_1247 -> P3RDT1194 ,
P3RDT1453LV ,P3RHS1_1247 ,P3RHS1_1247 -> P3RDT1194 ,
P3RDT1454   ,P3RHS0_1247 ,P3RHS0_1247 -> P3RDT1052 ,
P3RDT1454LV ,P3RHS0_1247 ,P3RHS0_1247 -> P3RDT1052 ,
P3RDT1455   ,P3RHS1_1247 ,P3RHS1_1247 -> P3RDT1194 ,
P3RDT1455LV ,P3RHS1_1247 ,P3RHS1_1247 -> P3RDT1194 ,
P3RDT1456   ,P3RHS1_1247 ,P3RHS1_1247 -> P3RDT1194 ,
P3RDT1456LV ,P3RHS1_1247 ,P3RHS1_1247 -> P3RDT1194 ,
P3RDT1457   ,P3RHS1_1247 ,P3RHS1_1247 -> P3RDT1194 ,
P3RDT1457LV ,P3RHS1_1247 ,P3RHS1_1247 -> P3RDT1194 ,
P3RDT1458   ,P3RHS1_1247 ,P3RHS1_1247 -> P3RDT1194 ,
P3RDT1458LV ,P3RHS1_1247 ,P3RHS1_1247 -> P3RDT1194 ,
P3RDT1459   ,P3RHS1_1247 ,P3RHS1_1247 -> P3RDT1194 ,
P3RDT1459LV ,P3RHS1_1247 ,P3RHS1_1247 -> P3RDT1194 ,
P3RDT1460   ,P3RHS1_1247 ,P3RHS1_1247 -> P3RDT1428 ,
P3RDT1460LV ,P3RHS1_1247 ,P3RHS1_1247 -> P3RDT1428 ,
P3RDT1461   ,P3RHS1_1247 ,P3RHS1_1247 -> P3RDT1428 ,
P3RDT1461LV ,P3RHS1_1247 ,P3RHS1_1247 -> P3RDT1428 ,
P3RDT1462   ,P3RHS1_1247 ,P3RHS1_1247 -> P3RDT1194 ,
P3RDT1462LV ,P3RHS1_1247 ,P3RHS1_1247 -> P3RDT1194 ,
P3RDT1463   ,P3RHS1_1247 ,P3RHS1_1247 -> P3RDT1322 ,
P3RDT1463LV ,P3RHS1_1247 ,P3RHS1_1247 -> P3RDT1322 ,
P3RDT1464   ,P3RHS1_1247 ,P3RHS1_1247 -> P3RDT1322 ,
P3RDT1464LV ,P3RHS1_1247 ,P3RHS1_1247 -> P3RDT1322 ,
P3RDT1465   ,P3RHS1_1247 ,P3RHS1_1247 -> P3RDT1428 ,
P3RDT1465LV ,P3RHS1_1247 ,P3RHS1_1247 -> P3RDT1428 ,
P3RDT1466   ,P3RHS1_1247 ,P3RHS1_1247 -> P3RDT1194 ,
P3RDT1466LV ,P3RHS1_1247 ,P3RHS1_1247 -> P3RDT1194 ,
P3RDT1467   ,P3RHS1_1247 ,P3RHS1_1247 -> P3RDT1205 ,
P3RDT1467LV ,P3RHS1_1247 ,P3RHS1_1247 -> P3RDT1205 ,
P3RDT1468   ,P3RHS1_1247 ,P3RHS1_1247 -> P3RDT1205 ,
P3RDT1468LV ,P3RHS1_1247 ,P3RHS1_1247 -> P3RDT1205 ,
P3RDT1469   ,P3RHS1_1247 ,P3RHS1_1247 -> P3RDT1205 ,
P3RDT1469LV ,P3RHS1_1247 ,P3RHS1_1247 -> P3RDT1205 ,
P3RDT1470   ,P3RHS1_1247 ,P3RHS1_1247 -> P3RDT1584 ,
P3RDT1470LV ,P3RHS1_1247 ,P3RHS1_1247 -> P3RDT1584 ,
P3RDT1471   ,P3RHS1_1247 ,P3RHS1_1247 -> P3RDT1272 ,
P3RDT1471LV ,P3RHS1_1247 ,P3RHS1_1247 -> P3RDT1272 ,
P3RDT1472   ,P3RHS1_1247 ,P3RHS1_1247 -> P3RDT1205 ,
P3RDT1472LV ,P3RHS1_1247 ,P3RHS1_1247 -> P3RDT1205 ,
P3RDT1473   ,P3RHS1_1247 ,P3RHS1_1247 -> P3RDT1584 ,
P3RDT1473LV ,P3RHS1_1247 ,P3RHS1_1247 -> P3RDT1584 ,
P3RDT1474   ,P3RHS1_1247 ,P3RHS1_1247 -> P3RDT1205 ,
P3RDT1474LV ,P3RHS1_1247 ,P3RHS1_1247 -> P3RDT1205 ,
P3RDT1475   ,P3RHS1_1247 ,P3RHS1_1247 -> P3RDT1205 ,
P3RDT1475LV ,P3RHS1_1247 ,P3RHS1_1247 -> P3RDT1205 ,
P3RDT1476   ,P3RHS1_1247 ,P3RHS1_1247 -> P3RDT1205 ,
P3RDT1476LV ,P3RHS1_1247 ,P3RHS1_1247 -> P3RDT1205 ,
P3RDT1477   ,P3RHS1_1247 ,P3RHS1_1247 -> P3RDT1205 ,
P3RDT1477LV ,P3RHS1_1247 ,P3RHS1_1247 -> P3RDT1205 ,
P3RDT1478   ,P3RHS1_1247 ,P3RHS1_1247 -> P3RDT1205 ,
P3RDT1478LV ,P3RHS1_1247 ,P3RHS1_1247 -> P3RDT1205 ,
P3RDT1479   ,P3RHS1_1247 ,P3RHS1_1247 -> P3RDT1205 ,
P3RDT1479LV ,P3RHS1_1247 ,P3RHS1_1247 -> P3RDT1205 ,
P3RDT1480   ,P3RHS1_1247 ,P3RHS1_1247 -> P3RDT1194 ,
P3RDT1480LV ,P3RHS1_1247 ,P3RHS1_1247 -> P3RDT1194 ,
P3RDT1481   ,P3RHS1_1247 ,P3RHS1_1247 -> P3RDT1194 ,
P3RDT1481LV ,P3RHS1_1247 ,P3RHS1_1247 -> P3RDT1194 ,
P3RDT1482   ,P3RHS1_1247 ,P3RHS1_1247 -> P3RDT1194 ,
P3RDT1482LV ,P3RHS1_1247 ,P3RHS1_1247 -> P3RDT1194 ,
P3RDT1483   ,P3RHS1_1247 ,P3RHS1_1247 -> P3RDT1194 ,
P3RDT1483LV ,P3RHS1_1247 ,P3RHS1_1247 -> P3RDT1194 ,
P3RDT1484   ,P3RHS1_1247 ,P3RHS1_1247 -> P3RDT1194 ,
P3RDT1484LV ,P3RHS1_1247 ,P3RHS1_1247 -> P3RDT1194 ,
P3RDT1485   ,P3RHS1_1247 ,P3RHS1_1247 -> P3RDT1194 ,
P3RDT1485LV ,P3RHS1_1247 ,P3RHS1_1247 -> P3RDT1194 ,
P3RDT1486   ,P3RHS1_1247 ,P3RHS1_1247 -> P3RDT1194 ,
P3RDT1486LV ,P3RHS1_1247 ,P3RHS1_1247 -> P3RDT1194 ,
P3RDT1487   ,P3RHS1_1247 ,P3RHS1_1247 -> P3RDT1194 ,
P3RDT1487LV ,P3RHS1_1247 ,P3RHS1_1247 -> P3RDT1194 ,
P3RDT1488   ,P3RHS1_1247 ,P3RHS1_1247 -> P3RDT1194 ,
P3RDT1488LV ,P3RHS1_1247 ,P3RHS1_1247 -> P3RDT1194 ,
P3RDT1489   ,P3RHS1_1247 ,P3RHS1_1247 -> P3RDT1194 ,
P3RDT1489LV ,P3RHS1_1247 ,P3RHS1_1247 -> P3RDT1194 ,
P3RDT1490   ,P3RHS1_1247 ,P3RHS1_1247 -> P3RDT1205 ,
P3RDT1490LV ,P3RHS1_1247 ,P3RHS1_1247 -> P3RDT1205 ,
P3RDT1491   ,P3RHS1_1247 ,P3RHS1_1247 -> P3RDT1194 ,
P3RDT1491LV ,P3RHS1_1247 ,P3RHS1_1247 -> P3RDT1194 ,
P3RDT1492   ,P3RHS1_1247 ,P3RHS1_1247 -> P3RDT1194 ,
P3RDT1492LV ,P3RHS1_1247 ,P3RHS1_1247 -> P3RDT1194 ,
P3RDT1493   ,P3RHS1_1247 ,P3RHS1_1247 -> P3RDT1194 ,
P3RDT1493LV ,P3RHS1_1247 ,P3RHS1_1247 -> P3RDT1194 ,
P3RDT1494   ,P3RHS1_1247 ,P3RHS1_1247 -> P3RDT1194 ,
P3RDT1494LV ,P3RHS1_1247 ,P3RHS1_1247 -> P3RDT1194 ,
P3RDT1495   ,P3RHS1_1247 ,P3RHS1_1247 -> P3RDT1194 ,
P3RDT1495LV ,P3RHS1_1247 ,P3RHS1_1247 -> P3RDT1194 ,
P3RDT1496   ,P3RHS1_1247 ,P3RHS1_1247 -> P3RDT1194 ,
P3RDT1496LV ,P3RHS1_1247 ,P3RHS1_1247 -> P3RDT1194 ,
P3RDT1497   ,P3RHS1_1247 ,P3RHS1_1247 -> P3RDT1194 ,
P3RDT1497LV ,P3RHS1_1247 ,P3RHS1_1247 -> P3RDT1194 ,
P3RDT1498   ,P3RHS1_1247 ,P3RHS1_1247 -> P3RDT1205 ,
P3RDT1498LV ,P3RHS1_1247 ,P3RHS1_1247 -> P3RDT1205 ,
P3RDT1499   ,P3RHS1_1247 ,P3RHS1_1247 -> P3RDT1194 ,
P3RDT1499LV ,P3RHS1_1247 ,P3RHS1_1247 -> P3RDT1194 ,
P3RDT1500   ,P3RHS1_1247 ,P3RHS1_1247 -> P3RDT1194 ,
P3RDT1500LV ,P3RHS1_1247 ,P3RHS1_1247 -> P3RDT1194 ,
P3RDT1501   ,P3RHS1_1247 ,P3RHS1_1247 -> P3RDT1194 ,
P3RDT1501LV ,P3RHS1_1247 ,P3RHS1_1247 -> P3RDT1194 ,
P3RDT1502   ,P3RHS1_1247 ,P3RHS1_1247 -> P3RDT1194 ,
P3RDT1502LV ,P3RHS1_1247 ,P3RHS1_1247 -> P3RDT1194 ,
P3RDT1503   ,P3RHS1_1247 ,P3RHS1_1247 -> P3RDT1194 ,
P3RDT1503LV ,P3RHS1_1247 ,P3RHS1_1247 -> P3RDT1194 ,
P3RDT1504   ,P3RHS1_1247 ,P3RHS1_1247 -> P3RDT1205 ,
P3RDT1504LV ,P3RHS1_1247 ,P3RHS1_1247 -> P3RDT1205 ,
P3RDT1505   ,P3RHS1_1247 ,P3RHS1_1247 -> P3RDT1194 ,
P3RDT1505LV ,P3RHS1_1247 ,P3RHS1_1247 -> P3RDT1194 ,
P3RDT1506   ,P3RHS1_1247 ,P3RHS1_1247 -> P3RDT1194 ,
P3RDT1506LV ,P3RHS1_1247 ,P3RHS1_1247 -> P3RDT1194 ,
P3RDT1507   ,P3RHS1_1247 ,P3RHS1_1247 -> P3RDT1194 ,
P3RDT1507LV ,P3RHS1_1247 ,P3RHS1_1247 -> P3RDT1194 ,
P3RDT1508   ,P3RHS1_1247 ,P3RHS1_1247 -> P3RDT1194 ,
P3RDT1508LV ,P3RHS1_1247 ,P3RHS1_1247 -> P3RDT1194 ,
P3RDT1509   ,P3RHS1_1247 ,P3RHS1_1247 -> P3RDT1205 ,
P3RDT1509LV ,P3RHS1_1247 ,P3RHS1_1247 -> P3RDT1205 ,
P3RDT1510   ,P3RHS1_1247 ,P3RHS1_1247 -> P3RDT1194 ,
P3RDT1510LV ,P3RHS1_1247 ,P3RHS1_1247 -> P3RDT1194 ,
P3RDT1511   ,P3RHS1_1247 ,P3RHS1_1247 -> P3RDT1272 ,
P3RDT1511LV ,P3RHS1_1247 ,P3RHS1_1247 -> P3RDT1272 ,
P3RDT1512   ,P3RHS1_1247 ,P3RHS1_1247 -> P3RDT1194 ,
P3RDT1512LV ,P3RHS1_1247 ,P3RHS1_1247 -> P3RDT1194 ,
P3RDT1513   ,P3RHS1_1247 ,P3RHS1_1247 -> P3RDT1194 ,
P3RDT1513LV ,P3RHS1_1247 ,P3RHS1_1247 -> P3RDT1194 ,
P3RDT1514   ,P3RHS1_1247 ,P3RHS1_1247 -> P3RDT1194 ,
P3RDT1514LV ,P3RHS1_1247 ,P3RHS1_1247 -> P3RDT1194 ,
P3RDT1515   ,P3RHS1_1247 ,P3RHS1_1247 -> P3RDT1272 ,
P3RDT1515LV ,P3RHS1_1247 ,P3RHS1_1247 -> P3RDT1272 ,
P3RDT1516   ,P3RHS1_1247 ,P3RHS1_1247 -> P3RDT1194 ,
P3RDT1516LV ,P3RHS1_1247 ,P3RHS1_1247 -> P3RDT1194 ,
P3RDT1517   ,P3RHS1_1247 ,P3RHS1_1247 -> P3RDT1194 ,
P3RDT1517LV ,P3RHS1_1247 ,P3RHS1_1247 -> P3RDT1194 ,
P3RDT1518   ,P3RHS1_1247 ,P3RHS1_1247 -> P3RDT1272 ,
P3RDT1518LV ,P3RHS1_1247 ,P3RHS1_1247 -> P3RDT1272 ,
P3RDT1519   ,P3RHS1_1247 ,P3RHS1_1247 -> P3RDT1194 ,
P3RDT1519LV ,P3RHS1_1247 ,P3RHS1_1247 -> P3RDT1194 ,
P3RDT1520   ,P3RHS1_1247 ,P3RHS1_1247 -> P3RDT1272 ,
P3RDT1520LV ,P3RHS1_1247 ,P3RHS1_1247 -> P3RDT1272 ,
P3RDT1521   ,P3RHS1_1247 ,P3RHS1_1247 -> P3RDT1194 ,
P3RDT1521LV ,P3RHS1_1247 ,P3RHS1_1247 -> P3RDT1194 ,
P3RDT1522   ,P3RHS1_1247 ,P3RHS1_1247 -> P3RDT1194 ,
P3RDT1522LV ,P3RHS1_1247 ,P3RHS1_1247 -> P3RDT1194 ,
P3RDT1523   ,P3RHS1_1247 ,P3RHS1_1247 -> P3RDT1272 ,
P3RDT1523LV ,P3RHS1_1247 ,P3RHS1_1247 -> P3RDT1272 ,
P3RDT1524   ,P3RHS1_1247 ,P3RHS1_1247 -> P3RDT1428 ,
P3RDT1524LV ,P3RHS1_1247 ,P3RHS1_1247 -> P3RDT1428 ,
P3RDT1525   ,P3RHS1_1247 ,P3RHS1_1247 -> P3RDT1428 ,
P3RDT1525LV ,P3RHS1_1247 ,P3RHS1_1247 -> P3RDT1428 ,
P3RDT1526   ,P3RHS1_1247 ,P3RHS1_1247 -> P3RDT1194 ,
P3RDT1526LV ,P3RHS1_1247 ,P3RHS1_1247 -> P3RDT1194 ,
P3RDT1527   ,P3RHS1_1247 ,P3RHS1_1247 -> P3RDT1272 ,
P3RDT1527LV ,P3RHS1_1247 ,P3RHS1_1247 -> P3RDT1272 ,
P3RDT1528   ,P3RHS1_1247 ,P3RHS1_1247 -> P3RDT1272 ,
P3RDT1528LV ,P3RHS1_1247 ,P3RHS1_1247 -> P3RDT1272 ,
P3RDT1529   ,P3RHS1_1247 ,P3RHS1_1247 -> P3RDT1272 ,
P3RDT1529LV ,P3RHS1_1247 ,P3RHS1_1247 -> P3RDT1272 ,
P3RDT1530   ,P3RHS1_1247 ,P3RHS1_1247 -> P3RDT1272 ,
P3RDT1530LV ,P3RHS1_1247 ,P3RHS1_1247 -> P3RDT1272 ,
P3RDT1531   ,P3RHS1_1247 ,P3RHS1_1247 -> P3RDT1272 ,
P3RDT1531LV ,P3RHS1_1247 ,P3RHS1_1247 -> P3RDT1272 ,
P3RDT1532   ,P3RHS1_1247 ,P3RHS1_1247 -> P3RDT1272 ,
P3RDT1532LV ,P3RHS1_1247 ,P3RHS1_1247 -> P3RDT1272 ,
P3RDT1533   ,P3RHS1_1247 ,P3RHS1_1247 -> P3RDT1272 ,
P3RDT1533LV ,P3RHS1_1247 ,P3RHS1_1247 -> P3RDT1272 ,
P3RDT1534   ,P3RHS1_1247 ,P3RHS1_1247 -> P3RDT1322 ,
P3RDT1534LV ,P3RHS1_1247 ,P3RHS1_1247 -> P3RDT1322 ,
P3RDT1535   ,P3RHS1_1247 ,P3RHS1_1247 -> P3RDT1322 ,
P3RDT1535LV ,P3RHS1_1247 ,P3RHS1_1247 -> P3RDT1322 ,
P3RDT1536   ,P3RHS1_1247 ,P3RHS1_1247 -> P3RDT1322 ,
P3RDT1536LV ,P3RHS1_1247 ,P3RHS1_1247 -> P3RDT1322 ,
P3RDT1537   ,P3RHS1_1247 ,P3RHS1_1247 -> P3RDT1272 ,
P3RDT1537LV ,P3RHS1_1247 ,P3RHS1_1247 -> P3RDT1272 ,
P3RDT1538   ,P3RHS1_1247 ,P3RHS1_1247 -> P3RDT1272 ,
P3RDT1538LV ,P3RHS1_1247 ,P3RHS1_1247 -> P3RDT1272 ,
P3RDT1539   ,P3RHS1_1247 ,P3RHS1_1247 -> P3RDT1272 ,
P3RDT1539LV ,P3RHS1_1247 ,P3RHS1_1247 -> P3RDT1272 ,
P3RDT1540   ,P3RHS1_1247 ,P3RHS1_1247 -> P3RDT1272 ,
P3RDT1540LV ,P3RHS1_1247 ,P3RHS1_1247 -> P3RDT1272 ,
P3RDT1541   ,P3RHS1_1247 ,P3RHS1_1247 -> P3RDT1272 ,
P3RDT1541LV ,P3RHS1_1247 ,P3RHS1_1247 -> P3RDT1272 ,
P3RDT1542   ,P3RHS1_1247 ,P3RHS1_1247 -> P3RDT1272 ,
P3RDT1542LV ,P3RHS1_1247 ,P3RHS1_1247 -> P3RDT1272 ,
P3RDT1543   ,P3RHS1_1247 ,P3RHS1_1247 -> P3RDT1272 ,
P3RDT1543LV ,P3RHS1_1247 ,P3RHS1_1247 -> P3RDT1272 ,
P3RDT1544   ,P3RHS1_1247 ,P3RHS1_1247 -> P3RDT1272 ,
P3RDT1544LV ,P3RHS1_1247 ,P3RHS1_1247 -> P3RDT1272 ,
P3RDT1545   ,P3RHS1_1247 ,P3RHS1_1247 -> P3RDT1272 ,
P3RDT1545LV ,P3RHS1_1247 ,P3RHS1_1247 -> P3RDT1272 ,
P3RDT1546   ,P3RHS1_1247 ,P3RHS1_1247 -> P3RDT1272 ,
P3RDT1546LV ,P3RHS1_1247 ,P3RHS1_1247 -> P3RDT1272 ,
P3RDT1547   ,P3RHS1_1247 ,P3RHS1_1247 -> P3RDT1272 ,
P3RDT1547LV ,P3RHS1_1247 ,P3RHS1_1247 -> P3RDT1272 ,
P3RDT1548   ,P3RHS1_1247 ,P3RHS1_1247 -> P3RDT1272 ,
P3RDT1548LV ,P3RHS1_1247 ,P3RHS1_1247 -> P3RDT1272 ,
P3RDT1549   ,P3RHS1_1247 ,P3RHS1_1247 -> P3RDT1272 ,
P3RDT1549LV ,P3RHS1_1247 ,P3RHS1_1247 -> P3RDT1272 ,
P3RDT1550   ,P3RHS1_1247 ,P3RHS1_1247 -> P3RDT1272 ,
P3RDT1550LV ,P3RHS1_1247 ,P3RHS1_1247 -> P3RDT1272 ,
P3RDT1551   ,P3RHS1_1247 ,P3RHS1_1247 -> P3RDT1272 ,
P3RDT1551LV ,P3RHS1_1247 ,P3RHS1_1247 -> P3RDT1272 ,
P3RDT1552   ,P3RHS1_1247 ,P3RHS1_1247 -> P3RDT1322 ,
P3RDT1552LV ,P3RHS1_1247 ,P3RHS1_1247 -> P3RDT1322 ,
P3RDT1553   ,P3RHS1_1247 ,P3RHS1_1247 -> P3RDT1272 ,
P3RDT1553LV ,P3RHS1_1247 ,P3RHS1_1247 -> P3RDT1272 ,
P3RDT1554   ,P3RHS1_1247 ,P3RHS1_1247 -> P3RDT1272 ,
P3RDT1554LV ,P3RHS1_1247 ,P3RHS1_1247 -> P3RDT1272 ,
P3RDT1555   ,P3RHS1_1247 ,P3RHS1_1247 -> P3RDT1272 ,
P3RDT1555LV ,P3RHS1_1247 ,P3RHS1_1247 -> P3RDT1272 ,
P3RDT1556   ,P3RHS1_1247 ,P3RHS1_1247 -> P3RDT1272 ,
P3RDT1556LV ,P3RHS1_1247 ,P3RHS1_1247 -> P3RDT1272 ,
P3RDT1557   ,P3RHS1_1247 ,P3RHS1_1247 -> P3RDT1272 ,
P3RDT1557LV ,P3RHS1_1247 ,P3RHS1_1247 -> P3RDT1272 ,
P3RDT1558   ,P3RHS1_1247 ,P3RHS1_1247 -> P3RDT1272 ,
P3RDT1558LV ,P3RHS1_1247 ,P3RHS1_1247 -> P3RDT1272 ,
P3RDT1559   ,P3RHS1_1247 ,P3RHS1_1247 -> P3RDT1584 ,
P3RDT1559LV ,P3RHS1_1247 ,P3RHS1_1247 -> P3RDT1584 ,
P3RDT1560   ,P3RHS1_1247 ,P3RHS1_1247 -> P3RDT1272 ,
P3RDT1560LV ,P3RHS1_1247 ,P3RHS1_1247 -> P3RDT1272 ,
P3RDT1561   ,P3RHS1_1247 ,P3RHS1_1247 -> P3RDT1322 ,
P3RDT1561LV ,P3RHS1_1247 ,P3RHS1_1247 -> P3RDT1322 ,
P3RDT1562   ,P3RHS1_1247 ,P3RHS1_1247 -> P3RDT1272 ,
P3RDT1562LV ,P3RHS1_1247 ,P3RHS1_1247 -> P3RDT1272 ,
P3RDT1563   ,P3RHS1_1247 ,P3RHS1_1247 -> P3RDT1272 ,
P3RDT1563LV ,P3RHS1_1247 ,P3RHS1_1247 -> P3RDT1272 ,
P3RDT1564   ,P3RHS1_1247 ,P3RHS1_1247 -> P3RDT1322 ,
P3RDT1564LV ,P3RHS1_1247 ,P3RHS1_1247 -> P3RDT1322 ,
P3RDT1565   ,P3RHS1_1247 ,P3RHS1_1247 -> P3RDT1322 ,
P3RDT1565LV ,P3RHS1_1247 ,P3RHS1_1247 -> P3RDT1322 ,
P3RDT1566   ,P3RHS1_1247 ,P3RHS1_1247 -> P3RDT1322 ,
P3RDT1566LV ,P3RHS1_1247 ,P3RHS1_1247 -> P3RDT1322 ,
P3RDT1567   ,P3RHS1_1247 ,P3RHS1_1247 -> P3RDT1322 ,
P3RDT1567LV ,P3RHS1_1247 ,P3RHS1_1247 -> P3RDT1322 ,
P3RDT1568   ,P3RHS1_1247 ,P3RHS1_1247 -> P3RDT1322 ,
P3RDT1568LV ,P3RHS1_1247 ,P3RHS1_1247 -> P3RDT1322 ,
P3RDT1569   ,P3RHS1_1247 ,P3RHS1_1247 -> P3RDT1322 ,
P3RDT1569LV ,P3RHS1_1247 ,P3RHS1_1247 -> P3RDT1322 ,
P3RDT1570   ,P3RHS1_1247 ,P3RHS1_1247 -> P3RDT1322 ,
P3RDT1570LV ,P3RHS1_1247 ,P3RHS1_1247 -> P3RDT1322 ,
P3RDT1571   ,P3RHS1_1247 ,P3RHS1_1247 -> P3RDT1322 ,
P3RDT1571LV ,P3RHS1_1247 ,P3RHS1_1247 -> P3RDT1322 ,
P3RDT1572   ,P3RHS1_1247 ,P3RHS1_1247 -> P3RDT1322 ,
P3RDT1572LV ,P3RHS1_1247 ,P3RHS1_1247 -> P3RDT1322 ,
P3RDT1573   ,P3RHS1_1247 ,P3RHS1_1247 -> P3RDT1322 ,
P3RDT1573LV ,P3RHS1_1247 ,P3RHS1_1247 -> P3RDT1322 ,
P3RDT1574   ,P3RHS1_1247 ,P3RHS1_1247 -> P3RDT1322 ,
P3RDT1574LV ,P3RHS1_1247 ,P3RHS1_1247 -> P3RDT1322 ,
P3RDT1575   ,P3RHS1_1247 ,P3RHS1_1247 -> P3RDT1322 ,
P3RDT1575LV ,P3RHS1_1247 ,P3RHS1_1247 -> P3RDT1322 ,
P3RDT1576   ,P3RHS1_1247 ,P3RHS1_1247 -> P3RDT1194 ,
P3RDT1576LV ,P3RHS1_1247 ,P3RHS1_1247 -> P3RDT1194 ,
P3RDT1577   ,P3RHS1_1247 ,P3RHS1_1247 -> P3RDT1194 ,
P3RDT1577LV ,P3RHS1_1247 ,P3RHS1_1247 -> P3RDT1194 ,
P3RDT1578   ,P3RHS1_1247 ,P3RHS1_1247 -> P3RDT1194 ,
P3RDT1578LV ,P3RHS1_1247 ,P3RHS1_1247 -> P3RDT1194 ,
P3RDT1579   ,P3RHS1_1247 ,P3RHS1_1247 -> P3RDT1194 ,
P3RDT1579LV ,P3RHS1_1247 ,P3RHS1_1247 -> P3RDT1194 ,
P3RDT1580   ,P3RHS1_1247 ,P3RHS1_1247 -> P3RDT1194 ,
P3RDT1580LV ,P3RHS1_1247 ,P3RHS1_1247 -> P3RDT1194 ,
P3RDT1581   ,P3RHS1_1247 ,P3RHS1_1247 -> P3RDT1194 ,
P3RDT1581LV ,P3RHS1_1247 ,P3RHS1_1247 -> P3RDT1194 ,
P3RDT1582   ,P3RHS1_1247 ,P3RHS1_1247 -> P3RDT1194 ,
P3RDT1582LV ,P3RHS1_1247 ,P3RHS1_1247 -> P3RDT1194 ,
P3RDT1583   ,P3RHS1_1247 ,P3RHS1_1247 -> P3RDT1194 ,
P3RDT1583LV ,P3RHS1_1247 ,P3RHS1_1247 -> P3RDT1194 ,
P3RDT1584   ,P3RHS1_1247 ,P3RHS1_1247 -> P3RDT1584 ,
P3RDT1584LV ,P3RHS1_1247 ,P3RHS1_1247 -> P3RDT1584 ,
P3RDT1585   ,P3RHS1_1247 ,P3RHS1_1247 -> P3RDT1584 ,
P3RDT1585LV ,P3RHS1_1247 ,P3RHS1_1247 -> P3RDT1584 ,
P3RDT1586   ,P3RHS1_1247 ,P3RHS1_1247 -> P3RDT1272 ,
P3RDT1586LV ,P3RHS1_1247 ,P3RHS1_1247 -> P3RDT1272 ,
P3RDT1587   ,P3RHS1_1247 ,P3RHS1_1247 -> P3RDT1272 ,
P3RDT1587LV ,P3RHS1_1247 ,P3RHS1_1247 -> P3RDT1272 ,
P3RDT1588   ,P3RHS1_1247 ,P3RHS1_1247 -> P3RDT1428 ,
P3RDT1588LV ,P3RHS1_1247 ,P3RHS1_1247 -> P3RDT1428 ,
P3RDT1589   ,P3RHS1_1247 ,P3RHS1_1247 -> P3RDT1272 ,
P3RDT1589LV ,P3RHS1_1247 ,P3RHS1_1247 -> P3RDT1272 ,
P3RDT1590   ,P3RHS1_1247 ,P3RHS1_1247 -> P3RDT1428 ,
P3RDT1590LV ,P3RHS1_1247 ,P3RHS1_1247 -> P3RDT1428 ,
P3RDT1591   ,P3RHS1_1247 ,P3RHS1_1247 -> P3RDT1272 ,
P3RDT1591LV ,P3RHS1_1247 ,P3RHS1_1247 -> P3RDT1272 ,
P3RDT1592   ,P3RHS1_1247 ,P3RHS1_1247 -> P3RDT1272 ,
P3RDT1592LV ,P3RHS1_1247 ,P3RHS1_1247 -> P3RDT1272 ,
P3RDT1593   ,P3RHS1_1247 ,P3RHS1_1247 -> P3RDT1272 ,
P3RDT1593LV ,P3RHS1_1247 ,P3RHS1_1247 -> P3RDT1272 ,
P3RDT1594   ,P3RHS1_1247 ,P3RHS1_1247 -> P3RDT1428 ,
P3RDT1594LV ,P3RHS1_1247 ,P3RHS1_1247 -> P3RDT1428 ,
P3RDT1595   ,P3RHS1_1247 ,P3RHS1_1247 -> P3RDT1194 ,
P3RDT1595LV ,P3RHS1_1247 ,P3RHS1_1247 -> P3RDT1194 ,
P3RDT1596   ,P3RHS1_1247 ,P3RHS1_1247 -> P3RDT1205 ,
P3RDT1596LV ,P3RHS1_1247 ,P3RHS1_1247 -> P3RDT1205 ,
P3RDT1597   ,P3RHS1_1247 ,P3RHS1_1247 -> P3RDT1194 ,
P3RDT1597LV ,P3RHS1_1247 ,P3RHS1_1247 -> P3RDT1194 ,
P3RDT1598   ,P3RHS1_1247 ,P3RHS1_1247 -> P3RDT1272 ,
P3RDT1598LV ,P3RHS1_1247 ,P3RHS1_1247 -> P3RDT1272 ,
P3RDT1599   ,P3RHS1_1247 ,P3RHS1_1247 -> P3RDT1272 ,
P3RDT1599LV ,P3RHS1_1247 ,P3RHS1_1247 -> P3RDT1272 ,
P3RDT1600   ,P3RHS1_1247 ,P3RHS1_1247 -> P3RDT1322 ,
P3RDT1600LV ,P3RHS1_1247 ,P3RHS1_1247 -> P3RDT1322 ,
P3RDT1601   ,P3RHS1_1247 ,P3RHS1_1247 -> P3RDT1322 ,
P3RDT1601LV ,P3RHS1_1247 ,P3RHS1_1247 -> P3RDT1322 ,
P3RDT1602   ,P3RHS1_1247 ,P3RHS1_1247 -> P3RDT1322 ,
P3RDT1602LV ,P3RHS1_1247 ,P3RHS1_1247 -> P3RDT1322 ,
P3RDT1603   ,P3RHS1_1247 ,P3RHS1_1247 -> P3RDT1322 ,
P3RDT1603LV ,P3RHS1_1247 ,P3RHS1_1247 -> P3RDT1322 ,
P3RDT1604   ,P3RHS1_1247 ,P3RHS1_1247 -> P3RDT1322 ,
P3RDT1604LV ,P3RHS1_1247 ,P3RHS1_1247 -> P3RDT1322 ,
P3RDT1605   ,P3RHS1_1247 ,P3RHS1_1247 -> P3RDT1322 ,
P3RDT1605LV ,P3RHS1_1247 ,P3RHS1_1247 -> P3RDT1322 ,
P3RDT1606   ,P3RHS1_1247 ,P3RHS1_1247 -> P3RDT1322 ,
P3RDT1606LV ,P3RHS1_1247 ,P3RHS1_1247 -> P3RDT1322 ,
P3RDT1607   ,P3RHS1_1247 ,P3RHS1_1247 -> P3RDT1322 ,
P3RDT1607LV ,P3RHS1_1247 ,P3RHS1_1247 -> P3RDT1322 ,
P3RDT1608   ,P3RHS1_1247 ,P3RHS1_1247 -> P3RDT1322 ,
P3RDT1608LV ,P3RHS1_1247 ,P3RHS1_1247 -> P3RDT1322 ,
P3RDT1609   ,P3RHS1_1247 ,P3RHS1_1247 -> P3RDT1272 ,
P3RDT1609LV ,P3RHS1_1247 ,P3RHS1_1247 -> P3RDT1272 ,
P3RDT1610   ,P3RHS1_1247 ,P3RHS1_1247 -> P3RDT1322 ,
P3RDT1610LV ,P3RHS1_1247 ,P3RHS1_1247 -> P3RDT1322 ,
P3RDT1611   ,P3RHS1_1247 ,P3RHS1_1247 -> P3RDT1322 ,
P3RDT1611LV ,P3RHS1_1247 ,P3RHS1_1247 -> P3RDT1322 ,
P3RDT1612   ,P3RHS1_1247 ,P3RHS1_1247 -> P3RDT1322 ,
P3RDT1612LV ,P3RHS1_1247 ,P3RHS1_1247 -> P3RDT1322 ,
P3RDT1613   ,P3RHS1_1247 ,P3RHS1_1247 -> P3RDT1322 ,
P3RDT1613LV ,P3RHS1_1247 ,P3RHS1_1247 -> P3RDT1322 ,
P3RDT1614   ,P3RHS1_1247 ,P3RHS1_1247 -> P3RDT1272 ,
P3RDT1614LV ,P3RHS1_1247 ,P3RHS1_1247 -> P3RDT1272 ,
P3RDT1615   ,P3RHS1_1247 ,P3RHS1_1247 -> P3RDT1194 ,
P3RDT1615LV ,P3RHS1_1247 ,P3RHS1_1247 -> P3RDT1194 ,
P3RDT1616   ,P3RHS1_1247 ,P3RHS1_1247 -> P3RDT1272 ,
P3RDT1616LV ,P3RHS1_1247 ,P3RHS1_1247 -> P3RDT1272 ,
P3RDT1617   ,P3RHS1_1247 ,P3RHS1_1247 -> P3RDT1322 ,
P3RDT1617LV ,P3RHS1_1247 ,P3RHS1_1247 -> P3RDT1322 ,
P3RDT1618   ,P3RHS1_1247 ,P3RHS1_1247 -> P3RDT1322 ,
P3RDT1618LV ,P3RHS1_1247 ,P3RHS1_1247 -> P3RDT1322 ,
P3RDT1619   ,P3RHS1_1247 ,P3RHS1_1247 -> P3RDT1272 ,
P3RDT1619LV ,P3RHS1_1247 ,P3RHS1_1247 -> P3RDT1272 ,
P3RDT1620   ,P3RHS1_1247 ,P3RHS1_1247 -> P3RDT1322 ,
P3RDT1620LV ,P3RHS1_1247 ,P3RHS1_1247 -> P3RDT1322 ,
P3RDT1621   ,P3RHS1_1247 ,P3RHS1_1247 -> P3RDT1194 ,
P3RDT1621LV ,P3RHS1_1247 ,P3RHS1_1247 -> P3RDT1194 ,
P3RDT1622   ,P3RHS1_1247 ,P3RHS1_1247 -> P3RDT1194 ,
P3RDT1622LV ,P3RHS1_1247 ,P3RHS1_1247 -> P3RDT1194 ,
P3RDT1623   ,P3RHS1_1247 ,P3RHS1_1247 -> P3RDT1194 ,
P3RDT1623LV ,P3RHS1_1247 ,P3RHS1_1247 -> P3RDT1194 ,
P3RDT1624   ,P3RHS1_1247 ,P3RHS1_1247 -> P3RDT1194 ,
P3RDT1624LV ,P3RHS1_1247 ,P3RHS1_1247 -> P3RDT1194 ,
P3RDT1625   ,P3RHS1_1247 ,P3RHS1_1247 -> P3RDT1194 ,
P3RDT1625LV ,P3RHS1_1247 ,P3RHS1_1247 -> P3RDT1194 ,
P3RDT1626   ,P3RHS1_1247 ,P3RHS1_1247 -> P3RDT1194 ,
P3RDT1626LV ,P3RHS1_1247 ,P3RHS1_1247 -> P3RDT1194 ,
P3RDT1627   ,P3RHS1_1247 ,P3RHS1_1247 -> P3RDT1194 ,
P3RDT1627LV ,P3RHS1_1247 ,P3RHS1_1247 -> P3RDT1194 ,
P3RDT1628   ,P3RHS1_1247 ,P3RHS1_1247 -> P3RDT1194 ,
P3RDT1628LV ,P3RHS1_1247 ,P3RHS1_1247 -> P3RDT1194 ,
P3RDT1629   ,P3RHS1_1247 ,P3RHS1_1247 -> P3RDT1194 ,
P3RDT1629LV ,P3RHS1_1247 ,P3RHS1_1247 -> P3RDT1194 ,
P3RDT1630   ,P3RHS1_1247 ,P3RHS1_1247 -> P3RDT1428 ,
P3RDT1630LV ,P3RHS1_1247 ,P3RHS1_1247 -> P3RDT1428 ,
P3RDT1631   ,P3RHS1_1247 ,P3RHS1_1247 -> P3RDT1194 ,
P3RDT1631LV ,P3RHS1_1247 ,P3RHS1_1247 -> P3RDT1194 ,
P3RDT1632   ,P3RHS1_1247 ,P3RHS1_1247 -> P3RDT1194 ,
P3RDT1632LV ,P3RHS1_1247 ,P3RHS1_1247 -> P3RDT1194 ,
P3RDT1633   ,P3RHS1_1247 ,P3RHS1_1247 -> P3RDT1194 ,
P3RDT1633LV ,P3RHS1_1247 ,P3RHS1_1247 -> P3RDT1194 ,
P3RDT1634   ,P3RHS1_1247 ,P3RHS1_1247 -> P3RDT1194 ,
P3RDT1634LV ,P3RHS1_1247 ,P3RHS1_1247 -> P3RDT1194 ,
P3RDT1635   ,P3RHS1_1247 ,P3RHS1_1247 -> P3RDT1194 ,
P3RDT1635LV ,P3RHS1_1247 ,P3RHS1_1247 -> P3RDT1194 ,
P3RDT1636   ,P3RHS1_1247 ,P3RHS1_1247 -> P3RDT1194 ,
P3RDT1636LV ,P3RHS1_1247 ,P3RHS1_1247 -> P3RDT1194 ,
P3RDT1637   ,P3RHS1_1247 ,P3RHS1_1247 -> P3RDT1194 ,
P3RDT1637LV ,P3RHS1_1247 ,P3RHS1_1247 -> P3RDT1194 ,
P3RDT1638   ,P3RHS1_1247 ,P3RHS1_1247 -> P3RDT1194 ,
P3RDT1638LV ,P3RHS1_1247 ,P3RHS1_1247 -> P3RDT1194 ,
P3RDT1639   ,P3RHS1_1247 ,P3RHS1_1247 -> P3RDT1194 ,
P3RDT1639LV ,P3RHS1_1247 ,P3RHS1_1247 -> P3RDT1194 ,
P3RDT1640   ,P3RHS1_1247 ,P3RHS1_1247 -> P3RDT1194 ,
P3RDT1640LV ,P3RHS1_1247 ,P3RHS1_1247 -> P3RDT1194 ,
P3RDT1641   ,P3RHS1_1247 ,P3RHS1_1247 -> P3RDT1194 ,
P3RDT1641LV ,P3RHS1_1247 ,P3RHS1_1247 -> P3RDT1194 ,
P3RDT1642   ,P3RHS1_1247 ,P3RHS1_1247 -> P3RDT1194 ,
P3RDT1642LV ,P3RHS1_1247 ,P3RHS1_1247 -> P3RDT1194 ,
P3RDT1643   ,P3RHS1_1247 ,P3RHS1_1247 -> P3RDT1194 ,
P3RDT1643LV ,P3RHS1_1247 ,P3RHS1_1247 -> P3RDT1194 ,
P3RDT1644   ,P3RHS1_1247 ,P3RHS1_1247 -> P3RDT1272 ,
P3RDT1644LV ,P3RHS1_1247 ,P3RHS1_1247 -> P3RDT1272 ,
P3RDT1645   ,P3RHS1_1247 ,P3RHS1_1247 -> P3RDT1272 ,
P3RDT1645LV ,P3RHS1_1247 ,P3RHS1_1247 -> P3RDT1272 ,
P3RDT1646   ,P3RHS1_1247 ,P3RHS1_1247 -> P3RDT1272 ,
P3RDT1646LV ,P3RHS1_1247 ,P3RHS1_1247 -> P3RDT1272 ,
P3RDT1647   ,P3RHS1_1247 ,P3RHS1_1247 -> P3RDT1272 ,
P3RDT1647LV ,P3RHS1_1247 ,P3RHS1_1247 -> P3RDT1272 ,
P3RDT1648   ,P3RHS1_1247 ,P3RHS1_1247 -> P3RDT1272 ,
P3RDT1648LV ,P3RHS1_1247 ,P3RHS1_1247 -> P3RDT1272 ,
P3RDT1649   ,P3RHS1_1247 ,P3RHS1_1247 -> P3RDT1272 ,
P3RDT1649LV ,P3RHS1_1247 ,P3RHS1_1247 -> P3RDT1272 ,
P3RDT1650   ,P3RHS1_1247 ,P3RHS1_1247 -> P3RDT1272 ,
P3RDT1650LV ,P3RHS1_1247 ,P3RHS1_1247 -> P3RDT1272 ,
P3RDT1651   ,P3RHS1_1247 ,P3RHS1_1247 -> P3RDT1272 ,
P3RDT1651LV ,P3RHS1_1247 ,P3RHS1_1247 -> P3RDT1272 ,
P3RDT1652   ,P3RHS1_1247 ,P3RHS1_1247 -> P3RDT1272 ,
P3RDT1652LV ,P3RHS1_1247 ,P3RHS1_1247 -> P3RDT1272 ,
P3RDT1653   ,P3RHS1_1247 ,P3RHS1_1247 -> P3RDT1272 ,
P3RDT1653LV ,P3RHS1_1247 ,P3RHS1_1247 -> P3RDT1272 ,
P3RDT1654   ,P3RHS1_1247 ,P3RHS1_1247 -> P3RDT1272 ,
P3RDT1654LV ,P3RHS1_1247 ,P3RHS1_1247 -> P3RDT1272 ,
P3RDT1655   ,P3RHS1_1247 ,P3RHS1_1247 -> P3RDT1272 ,
P3RDT1655LV ,P3RHS1_1247 ,P3RHS1_1247 -> P3RDT1272 ,
P3RDT1656   ,P3RHS1_1247 ,P3RHS1_1247 -> P3RDT1584 ,
P3RDT1656LV ,P3RHS1_1247 ,P3RHS1_1247 -> P3RDT1584 ,
P3RDT1657   ,P3RHS1_1247 ,P3RHS1_1247 -> P3RDT1428 ,
P3RDT1657LV ,P3RHS1_1247 ,P3RHS1_1247 -> P3RDT1428 ,
P3RDT1658   ,P3RHS1_1247 ,P3RHS1_1247 -> P3RDT1428 ,
P3RDT1658LV ,P3RHS1_1247 ,P3RHS1_1247 -> P3RDT1428 ,
P3RDT1659   ,P3RHS1_1247 ,P3RHS1_1247 -> P3RDT1194 ,
P3RDT1659LV ,P3RHS1_1247 ,P3RHS1_1247 -> P3RDT1194 ,
P3RDT1660   ,P3RHS1_1247 ,P3RHS1_1247 -> P3RDT1194 ,
P3RDT1660LV ,P3RHS1_1247 ,P3RHS1_1247 -> P3RDT1194 ,
P3RDT1661   ,P3RHS1_1247 ,P3RHS1_1247 -> P3RDT1194 ,
P3RDT1661LV ,P3RHS1_1247 ,P3RHS1_1247 -> P3RDT1194 ,
P3RDT1662   ,P3RHS1_1247 ,P3RHS1_1247 -> P3RDT1194 ,
P3RDT1662LV ,P3RHS1_1247 ,P3RHS1_1247 -> P3RDT1194 ,
P3RDT1663   ,P3RHS1_1247 ,P3RHS1_1247 -> P3RDT1322 ,
P3RDT1663LV ,P3RHS1_1247 ,P3RHS1_1247 -> P3RDT1322 ,
P3RDT1664   ,P3RHS1_1247 ,P3RHS1_1247 -> P3RDT1194 ,
P3RDT1664LV ,P3RHS1_1247 ,P3RHS1_1247 -> P3RDT1194 ,
P3RDT1665   ,P3RHS1_1247 ,P3RHS1_1247 -> P3RDT1428 ,
P3RDT1665LV ,P3RHS1_1247 ,P3RHS1_1247 -> P3RDT1428 ,
P3RDT1666   ,P3RHS1_1247 ,P3RHS1_1247 -> P3RDT1428 ,
P3RDT1666LV ,P3RHS1_1247 ,P3RHS1_1247 -> P3RDT1428 ,
P3RDT1667   ,P3RHS1_1247 ,P3RHS1_1247 -> P3RDT1428 ,
P3RDT1667LV ,P3RHS1_1247 ,P3RHS1_1247 -> P3RDT1428 ,
P3RDT1668   ,P3RHS1_1247 ,P3RHS1_1247 -> P3RDT1322 ,
P3RDT1668LV ,P3RHS1_1247 ,P3RHS1_1247 -> P3RDT1322 ,
P3RDT1669   ,P3RHS1_1247 ,P3RHS1_1247 -> P3RDT1428 ,
P3RDT1669LV ,P3RHS1_1247 ,P3RHS1_1247 -> P3RDT1428 ,
P3RDT1670   ,P3RHS1_1247 ,P3RHS1_1247 -> P3RDT1322 ,
P3RDT1670LV ,P3RHS1_1247 ,P3RHS1_1247 -> P3RDT1322 ,
P3RDT1671   ,P3RHS1_1247 ,P3RHS1_1247 -> P3RDT1272 ,
P3RDT1671LV ,P3RHS1_1247 ,P3RHS1_1247 -> P3RDT1272 ,
P3RDT1672   ,P3RHS1_1247 ,P3RHS1_1247 -> P3RDT1428 ,
P3RDT1672LV ,P3RHS1_1247 ,P3RHS1_1247 -> P3RDT1428 ,
P3RDT1673   ,P3RHS1_1247 ,P3RHS1_1247 -> P3RDT1428 ,
P3RDT1673LV ,P3RHS1_1247 ,P3RHS1_1247 -> P3RDT1428 ,
P3RDT1674   ,P3RHS1_1247 ,P3RHS1_1247 -> P3RDT1428 ,
P3RDT1674LV ,P3RHS1_1247 ,P3RHS1_1247 -> P3RDT1428 ,
P3RDT1675   ,P3RHS1_1247 ,P3RHS1_1247 -> P3RDT1428 ,
P3RDT1675LV ,P3RHS1_1247 ,P3RHS1_1247 -> P3RDT1428 ,
P3RDT1676   ,P3RHS1_1247 ,P3RHS1_1247 -> P3RDT1428 ,
P3RDT1676LV ,P3RHS1_1247 ,P3RHS1_1247 -> P3RDT1428 ,
P3RDT1677   ,P3RHS1_1247 ,P3RHS1_1247 -> P3RDT1428 ,
P3RDT1677LV ,P3RHS1_1247 ,P3RHS1_1247 -> P3RDT1428 ,
P3RDT1678   ,P3RHS1_1247 ,P3RHS1_1247 -> P3RDT1428 ,
P3RDT1678LV ,P3RHS1_1247 ,P3RHS1_1247 -> P3RDT1428 ,
P3RDT1679   ,P3RHS1_1247 ,P3RHS1_1247 -> P3RDT1428 ,
P3RDT1679LV ,P3RHS1_1247 ,P3RHS1_1247 -> P3RDT1428 ,
P3RDT1680   ,P3RHS1_1247 ,P3RHS1_1247 -> P3RDT1272 ,
P3RDT1680LV ,P3RHS1_1247 ,P3RHS1_1247 -> P3RDT1272 ,
P3RDT1681   ,P3RHS1_1247 ,P3RHS1_1247 -> P3RDT1272 ,
P3RDT1681LV ,P3RHS1_1247 ,P3RHS1_1247 -> P3RDT1272 ,
P3RDT1682   ,P3RHS1_1247 ,P3RHS1_1247 -> P3RDT1272 ,
P3RDT1682LV ,P3RHS1_1247 ,P3RHS1_1247 -> P3RDT1272 ,
P3RDT1683   ,P3RHS1_1247 ,P3RHS1_1247 -> P3RDT1428 ,
P3RDT1683LV ,P3RHS1_1247 ,P3RHS1_1247 -> P3RDT1428 ,
P3RDT1684   ,P3RHS1_1247 ,P3RHS1_1247 -> P3RDT1428 ,
P3RDT1684LV ,P3RHS1_1247 ,P3RHS1_1247 -> P3RDT1428 ,
P3RDT1685   ,P3RHS1_1247 ,P3RHS1_1247 -> P3RDT1194 ,
P3RDT1685LV ,P3RHS1_1247 ,P3RHS1_1247 -> P3RDT1194 ,
P3RDT1686   ,P3RHS1_1247 ,P3RHS1_1247 -> P3RDT1322 ,
P3RDT1686LV ,P3RHS1_1247 ,P3RHS1_1247 -> P3RDT1322 ,
P3RDT1687   ,P3RHS1_1247 ,P3RHS1_1247 -> P3RDT1194 ,
P3RDT1687LV ,P3RHS1_1247 ,P3RHS1_1247 -> P3RDT1194 ,
P3RDT1688   ,P3RHS1_1247 ,P3RHS1_1247 -> P3RDT1322 ,
P3RDT1688LV ,P3RHS1_1247 ,P3RHS1_1247 -> P3RDT1322 ,
P3RDT1689   ,P3RHS1_1247 ,P3RHS1_1247 -> P3RDT1272 ,
P3RDT1689LV ,P3RHS1_1247 ,P3RHS1_1247 -> P3RDT1272 ,
P3RDT1690   ,P3RHS1_1247 ,P3RHS1_1247 -> P3RDT1194 ,
P3RDT1690LV ,P3RHS1_1247 ,P3RHS1_1247 -> P3RDT1194 ,
P3RDT1691   ,P3RHS1_1247 ,P3RHS1_1247 -> P3RDT1272 ,
P3RDT1691LV ,P3RHS1_1247 ,P3RHS1_1247 -> P3RDT1272 ,
P3RDT1692   ,P3RHS1_1247 ,P3RHS1_1247 -> P3RDT1194 ,
P3RDT1692LV ,P3RHS1_1247 ,P3RHS1_1247 -> P3RDT1194 ,
P3RDT1693   ,P3RHS1_1247 ,P3RHS1_1247 -> P3RDT1322 ,
P3RDT1693LV ,P3RHS1_1247 ,P3RHS1_1247 -> P3RDT1322 ,
P3RDT1694   ,P3RHS1_1247 ,P3RHS1_1247 -> P3RDT1194 ,
P3RDT1694LV ,P3RHS1_1247 ,P3RHS1_1247 -> P3RDT1194 ,
P3RDT1695   ,P3RHS1_1247 ,P3RHS1_1247 -> P3RDT1194 ,
P3RDT1695LV ,P3RHS1_1247 ,P3RHS1_1247 -> P3RDT1194 ,
P3RDT1696   ,P3RHS1_1247 ,P3RHS1_1247 -> P3RDT1194 ,
P3RDT1696LV ,P3RHS1_1247 ,P3RHS1_1247 -> P3RDT1194 ,
P3RDT1697   ,P3RHS1_1247 ,P3RHS1_1247 -> P3RDT1194 ,
P3RDT1697LV ,P3RHS1_1247 ,P3RHS1_1247 -> P3RDT1194 ,
P3RDT1698   ,P3RHS1_1247 ,P3RHS1_1247 -> P3RDT1194 ,
P3RDT1698LV ,P3RHS1_1247 ,P3RHS1_1247 -> P3RDT1194 ,
P3RDT1699   ,P3RHS1_1247 ,P3RHS1_1247 -> P3RDT1322 ,
P3RDT1699LV ,P3RHS1_1247 ,P3RHS1_1247 -> P3RDT1322 ,
P3RDT1700   ,P3RHS1_1247 ,P3RHS1_1247 -> P3RDT1194 ,
P3RDT1700LV ,P3RHS1_1247 ,P3RHS1_1247 -> P3RDT1194 ,
P3RDT1701   ,P3RHS1_1247 ,P3RHS1_1247 -> P3RDT1272 ,
P3RDT1701LV ,P3RHS1_1247 ,P3RHS1_1247 -> P3RDT1272 ,
P3RDT1702   ,P3RHS1_1247 ,P3RHS1_1247 -> P3RDT1428 ,
P3RDT1702LV ,P3RHS1_1247 ,P3RHS1_1247 -> P3RDT1428 ,
P3RDT1703   ,P3RHS1_1247 ,P3RHS1_1247 -> P3RDT1272 ,
P3RDT1703LV ,P3RHS1_1247 ,P3RHS1_1247 -> P3RDT1272 ,
P3RDT1704   ,P3RHS1_1247 ,P3RHS1_1247 -> P3RDT1322 ,
P3RDT1704LV ,P3RHS1_1247 ,P3RHS1_1247 -> P3RDT1322 ,
P3RDT1705   ,P3RHS1_1247 ,P3RHS1_1247 -> P3RDT1322 ,
P3RDT1705LV ,P3RHS1_1247 ,P3RHS1_1247 -> P3RDT1322 ,
P3RDT1706   ,P3RHS1_1247 ,P3RHS1_1247 -> P3RDT1322 ,
P3RDT1706LV ,P3RHS1_1247 ,P3RHS1_1247 -> P3RDT1322 ,
P3RDT1707   ,P3RHS1_1247 ,P3RHS1_1247 -> P3RDT1272 ,
P3RDT1707LV ,P3RHS1_1247 ,P3RHS1_1247 -> P3RDT1272 ,
P3RDT1708   ,P3RHS1_1247 ,P3RHS1_1247 -> P3RDT1322 ,
P3RDT1708LV ,P3RHS1_1247 ,P3RHS1_1247 -> P3RDT1322 ,
P3RDT1709   ,P3RHS1_1247 ,P3RHS1_1247 -> P3RDT1428 ,
P3RDT1709LV ,P3RHS1_1247 ,P3RHS1_1247 -> P3RDT1428 ,
P3RDT1710   ,P3RHS1_1247 ,P3RHS1_1247 -> P3RDT1194 ,
P3RDT1710LV ,P3RHS1_1247 ,P3RHS1_1247 -> P3RDT1194 ,
P3RDT1711   ,P3RHS1_1247 ,P3RHS1_1247 -> P3RDT1428 ,
P3RDT1711LV ,P3RHS1_1247 ,P3RHS1_1247 -> P3RDT1428 ,
P3RDT1712   ,P3RHS1_1247 ,P3RHS1_1247 -> P3RDT1428 ,
P3RDT1712LV ,P3RHS1_1247 ,P3RHS1_1247 -> P3RDT1428 ,
P3RDT1713   ,P3RHS1_1247 ,P3RHS1_1247 -> P3RDT1584 ,
P3RDT1713LV ,P3RHS1_1247 ,P3RHS1_1247 -> P3RDT1584 ,
P3RDT1714   ,P3RHS1_1247 ,P3RHS1_1247 -> P3RDT1584 ,
P3RDT1714LV ,P3RHS1_1247 ,P3RHS1_1247 -> P3RDT1584 ,
P3RDT1715   ,P3RHS1_1247 ,P3RHS1_1247 -> P3RDT1584 ,
P3RDT1715LV ,P3RHS1_1247 ,P3RHS1_1247 -> P3RDT1584 ,
P3RDT1716   ,P3RHS1_1247 ,P3RHS1_1247 -> P3RDT1584 ,
P3RDT1716LV ,P3RHS1_1247 ,P3RHS1_1247 -> P3RDT1584 ,
P3RHS0_69   ,True        ,True                     ,
P3RHS0_1247 ,True        ,True                     ,
P3RHS1_69   ,True        ,True                     ,
P3RHS1_1247 ,True        ,True                     ,
P3RTS0_69   ,True        ,True                     ,