Code,Phases,NVolt_kV,DemP_kW,DemQ_kVAr,Subest,Feeder,Pinst_kW,Qinst_kVAr,Yearly_kWh,NumCust,
P3RLV1    ,1 ,0.42 ,4.17   ,1.37  ,P3RHS0_1247 ,P3RHS0_1247 -> P3RDT1052 ,10.42  ,3.43   ,28680.06   ,1  ,
P3RLV2    ,1 ,0.42 ,4.11   ,1.35  ,P3RHS0_1247 ,P3RHS0_1247 -> P3RDT1052 ,10.29  ,3.38   ,28304.78   ,1  ,
P3RLV3    ,1 ,0.42 ,1.68   ,0.55  ,P3RHS0_1247 ,P3RHS0_1247 -> P3RDT1052 ,4.21   ,1.38   ,11580.78   ,1  ,
P3RLV4    ,1 ,0.42 ,1.51   ,0.50  ,P3RHS0_1247 ,P3RHS0_1247 -> P3RDT1052 ,3.78   ,1.24   ,10394.48   ,1  ,
P3RLV5    ,1 ,0.42 ,6.02   ,1.98  ,P3RHS0_1247 ,P3RHS0_1247 -> P3RDT1052 ,15.05  ,4.95   ,41405.66   ,1  ,
P3RLV6    ,1 ,0.42 ,17.28  ,5.68  ,P3RHS0_1247 ,P3RHS0_1247 -> P3RDT1052 ,43.21  ,14.20  ,118911.30  ,1  ,
P3RLV7    ,1 ,0.42 ,7.51   ,2.47  ,P3RHS0_1247 ,P3RHS0_1247 -> P3RDT1052 ,18.78  ,6.17   ,51686.99   ,1  ,
P3RLV8    ,1 ,0.42 ,8.96   ,2.94  ,P3RHS0_1247 ,P3RHS0_1247 -> P3RDT1052 ,22.39  ,7.36   ,61620.76   ,1  ,
P3RLV9    ,1 ,0.42 ,5.06   ,1.03  ,P3RHS0_1247 ,P3RHS0_1247 -> P3RDT1052 ,12.66  ,2.57   ,24226.38   ,2  ,
P3RLV10   ,1 ,0.42 ,6.76   ,2.22  ,P3RHS0_1247 ,P3RHS0_1247 -> P3RDT1052 ,16.90  ,5.55   ,46501.80   ,1  ,
P3RLV11   ,1 ,0.42 ,12.31  ,2.50  ,P3RHS0_1247 ,P3RHS0_1247 -> P3RDT836  ,30.79  ,6.25   ,58903.51   ,8  ,
P3RLV12   ,1 ,0.42 ,3.15   ,1.04  ,P3RHS0_1247 ,P3RHS0_1247 -> P3RDT1052 ,7.88   ,2.59   ,21695.95   ,1  ,
P3RLV13   ,1 ,0.42 ,2.47   ,0.81  ,P3RHS0_1247 ,P3RHS0_1247 -> P3RDT1052 ,6.19   ,2.03   ,17023.31   ,1  ,
P3RLV14   ,1 ,0.42 ,1.71   ,0.56  ,P3RHS0_1247 ,P3RHS0_1247 -> P3RDT1052 ,4.28   ,1.41   ,11790.40   ,1  ,
P3RLV15   ,1 ,0.42 ,3.05   ,1.00  ,P3RHS0_1247 ,P3RHS0_1247 -> P3RDT836  ,7.63   ,2.51   ,20986.79   ,1  ,
P3RLV16   ,1 ,0.42 ,10.08  ,3.31  ,P3RHS0_1247 ,P3RHS0_1247 -> P3RDT836  ,25.21  ,8.29   ,69368.11   ,1  ,
P3RLV17   ,1 ,0.42 ,3.38   ,1.11  ,P3RHS0_1247 ,P3RHS0_1247 -> P3RDT1052 ,8.46   ,2.78   ,23279.37   ,1  ,
P3RLV18   ,1 ,0.42 ,2.82   ,0.93  ,P3RHS0_1247 ,P3RHS0_1247 -> P3RDT836  ,7.05   ,2.32   ,19403.52   ,1  ,
P3RLV19   ,1 ,0.42 ,4.47   ,1.47  ,P3RHS0_1247 ,P3RHS0_1247 -> P3RDT1052 ,11.17  ,3.67   ,30742.39   ,1  ,
P3RLV20   ,1 ,0.42 ,5.51   ,1.81  ,P3RHS0_1247 ,P3RHS0_1247 -> P3RDT1052 ,13.76  ,4.52   ,37875.21   ,1  ,
P3RLV21   ,1 ,0.42 ,6.28   ,1.27  ,P3RHS0_1247 ,P3RHS0_1247 -> P3RDT1052 ,15.70  ,3.19   ,30031.70   ,3  ,
P3RLV22   ,1 ,0.42 ,5.37   ,1.09  ,P3RHS0_1247 ,P3RHS0_1247 -> P3RDT836  ,13.41  ,2.72   ,25663.54   ,3  ,
P3RLV23   ,1 ,0.42 ,2.39   ,0.78  ,P3RHS0_1247 ,P3RHS0_1247 -> P3RDT836  ,5.97   ,1.96   ,16417.39   ,1  ,
P3RLV24   ,1 ,0.42 ,3.45   ,1.13  ,P3RHS0_1247 ,P3RHS0_1247 -> P3RDT836  ,8.62   ,2.83   ,23728.77   ,1  ,
P3RLV25   ,1 ,0.42 ,1.46   ,0.30  ,P3RHS0_1247 ,P3RHS0_1247 -> P3RDT1052 ,3.65   ,0.74   ,7824.63    ,1  ,
P3RLV26   ,1 ,0.42 ,0.80   ,0.26  ,P3RHS0_1247 ,P3RHS0_1247 -> P3RDT836  ,2.00   ,0.66   ,5491.49    ,1  ,
P3RLV27   ,1 ,0.42 ,4.06   ,1.34  ,P3RHS0_1247 ,P3RHS0_1247 -> P3RDT1052 ,10.15  ,3.34   ,27944.55   ,1  ,
P3RLV28   ,1 ,0.42 ,2.77   ,0.91  ,P3RHS0_1247 ,P3RHS0_1247 -> P3RDT1052 ,6.92   ,2.27   ,19043.85   ,1  ,
P3RLV29   ,1 ,0.42 ,1.13   ,0.37  ,P3RHS0_1247 ,P3RHS0_1247 -> P3RDT836  ,2.82   ,0.93   ,7764.66    ,1  ,
P3RLV30   ,1 ,0.42 ,2.48   ,0.81  ,P3RHS0_1247 ,P3RHS0_1247 -> P3RDT656  ,6.19   ,2.03   ,17027.87   ,1  ,
P3RLV31   ,1 ,0.42 ,2.73   ,0.90  ,P3RHS0_1247 ,P3RHS0_1247 -> P3RDT656  ,6.83   ,2.25   ,18808.42   ,1  ,
P3RLV32   ,1 ,0.42 ,2.32   ,0.76  ,P3RHS0_1247 ,P3RHS0_1247 -> P3RDT656  ,5.79   ,1.90   ,15934.77   ,1  ,
P3RLV33   ,1 ,0.42 ,2.10   ,0.69  ,P3RHS0_1247 ,P3RHS0_1247 -> P3RDT656  ,5.26   ,1.73   ,14479.09   ,1  ,
P3RLV34   ,1 ,0.42 ,2.30   ,0.76  ,P3RHS0_1247 ,P3RHS0_1247 -> P3RDT656  ,5.76   ,1.89   ,15841.53   ,1  ,
P3RLV35   ,1 ,0.42 ,3.26   ,1.07  ,P3RHS0_1247 ,P3RHS0_1247 -> P3RDT656  ,8.14   ,2.67   ,22395.00   ,1  ,
P3RLV36   ,1 ,0.42 ,1.51   ,0.50  ,P3RHS0_1247 ,P3RHS0_1247 -> P3RDT656  ,3.79   ,1.24   ,10419.54   ,1  ,
P3RLV37   ,1 ,0.42 ,6.77   ,1.37  ,P3RHS1_1247 ,P3RHS1_1247 -> P3RDT1272 ,16.93  ,3.44   ,32386.80   ,4  ,
P3RLV38   ,1 ,0.42 ,3.09   ,0.63  ,P3RHS1_1247 ,P3RHS1_1247 -> P3RDT1272 ,7.73   ,1.57   ,14787.85   ,1  ,
P3RLV39   ,1 ,0.42 ,3.64   ,0.74  ,P3RHS1_1247 ,P3RHS1_1247 -> P3RDT1272 ,9.09   ,1.85   ,17398.55   ,1  ,
P3RLV40   ,1 ,0.42 ,2.99   ,0.61  ,P3RHS1_1247 ,P3RHS1_1247 -> P3RDT1272 ,7.48   ,1.52   ,14302.27   ,1  ,
P3RLV41   ,1 ,0.42 ,1.53   ,0.50  ,P3RHS1_1247 ,P3RHS1_1247 -> P3RDT1272 ,3.83   ,1.26   ,10534.14   ,1  ,
P3RLV42   ,1 ,0.42 ,2.37   ,0.48  ,P3RHS1_1247 ,P3RHS1_1247 -> P3RDT1272 ,5.94   ,1.21   ,11542.92   ,1  ,
P3RLV43   ,1 ,0.42 ,2.96   ,0.60  ,P3RHS1_1247 ,P3RHS1_1247 -> P3RDT1272 ,7.39   ,1.50   ,14136.43   ,1  ,
P3RLV44   ,1 ,0.42 ,3.85   ,0.78  ,P3RHS1_1247 ,P3RHS1_1247 -> P3RDT1272 ,9.64   ,1.96   ,18436.95   ,2  ,
P3RLV45   ,1 ,0.42 ,3.59   ,0.73  ,P3RHS0_1247 ,P3RHS0_1247 -> P3RDT656  ,8.98   ,1.82   ,17189.94   ,1  ,
P3RLV46   ,1 ,0.42 ,4.37   ,1.44  ,P3RHS0_1247 ,P3RHS0_1247 -> P3RDT656  ,10.93  ,3.59   ,30068.52   ,1  ,
P3RLV47   ,1 ,0.42 ,6.68   ,2.19  ,P3RHS0_1247 ,P3RHS0_1247 -> P3RDT656  ,16.69  ,5.49   ,45927.90   ,1  ,
P3RLV48   ,1 ,0.42 ,5.06   ,1.66  ,P3RHS0_1247 ,P3RHS0_1247 -> P3RDT656  ,12.65  ,4.16   ,34814.88   ,1  ,
P3RLV49   ,1 ,0.42 ,2.18   ,0.44  ,P3RHS0_1247 ,P3RHS0_1247 -> P3RDT656  ,5.45   ,1.11   ,10757.09   ,1  ,
P3RLV50   ,1 ,0.42 ,2.25   ,0.46  ,P3RHS0_1247 ,P3RHS0_1247 -> P3RDT656  ,5.63   ,1.14   ,11052.18   ,1  ,
P3RLV51   ,1 ,0.42 ,2.22   ,0.45  ,P3RHS0_1247 ,P3RHS0_1247 -> P3RDT656  ,5.56   ,1.13   ,10936.22   ,1  ,
P3RLV52   ,1 ,0.42 ,7.52   ,2.47  ,P3RHS0_1247 ,P3RHS0_1247 -> P3RDT656  ,18.81  ,6.18   ,51763.52   ,1  ,
P3RLV53   ,1 ,0.42 ,0.60   ,0.12  ,P3RHS0_1247 ,P3RHS0_1247 -> P3RDT656  ,1.51   ,0.31   ,3778.95    ,1  ,
P3RLV54   ,1 ,0.42 ,2.51   ,0.82  ,P3RHS0_1247 ,P3RHS0_1247 -> P3RDT656  ,6.27   ,2.06   ,17254.25   ,1  ,
P3RLV55   ,1 ,0.42 ,0.89   ,0.29  ,P3RHS0_1247 ,P3RHS0_1247 -> P3RDT656  ,2.22   ,0.73   ,6100.31    ,1  ,
P3RLV56   ,1 ,0.42 ,0.62   ,0.13  ,P3RHS0_1247 ,P3RHS0_1247 -> P3RDT656  ,1.54   ,0.31   ,3869.17    ,1  ,
P3RLV57   ,3 ,0.42 ,52.39  ,10.64 ,P3RHS0_1247 ,P3RHS0_1247 -> P3RDT1052 ,130.97 ,26.59  ,376203.90  ,1  ,
P3RLV58   ,1 ,0.42 ,1.44   ,0.47  ,P3RHS0_1247 ,P3RHS0_1247 -> P3RDT656  ,3.59   ,1.18   ,9879.80    ,1  ,
P3RLV59   ,1 ,0.42 ,2.36   ,0.78  ,P3RHS0_1247 ,P3RHS0_1247 -> P3RDT656  ,5.91   ,1.94   ,16250.97   ,1  ,
P3RLV60   ,1 ,0.42 ,2.01   ,0.66  ,P3RHS0_1247 ,P3RHS0_1247 -> P3RDT656  ,5.01   ,1.65   ,13798.15   ,1  ,
P3RLV61   ,1 ,0.42 ,5.81   ,1.91  ,P3RHS0_1247 ,P3RHS0_1247 -> P3RDT656  ,14.54  ,4.78   ,39998.67   ,1  ,
P3RLV62   ,1 ,0.42 ,3.92   ,1.29  ,P3RHS0_1247 ,P3RHS0_1247 -> P3RDT656  ,9.80   ,3.22   ,26979.79   ,1  ,
P3RLV63   ,1 ,0.42 ,3.44   ,1.13  ,P3RHS0_1247 ,P3RHS0_1247 -> P3RDT1052 ,8.59   ,2.82   ,23635.85   ,1  ,
P3RLV64   ,1 ,0.42 ,11.30  ,3.71  ,P3RHS0_1247 ,P3RHS0_1247 -> P3RDT1052 ,28.25  ,9.28   ,77730.80   ,1  ,
P3RLV65   ,1 ,0.42 ,2.24   ,0.74  ,P3RHS0_1247 ,P3RHS0_1247 -> P3RDT1052 ,5.59   ,1.84   ,15388.18   ,1  ,
P3RLV66   ,1 ,0.42 ,1.03   ,0.34  ,P3RHS0_1247 ,P3RHS0_1247 -> P3RDT1052 ,2.57   ,0.84   ,7064.03    ,1  ,
P3RLV67   ,1 ,0.42 ,13.11  ,4.31  ,P3RHS0_1247 ,P3RHS0_1247 -> P3RDT1052 ,32.78  ,10.78  ,90217.41   ,1  ,
P3RLV68   ,1 ,0.42 ,1.30   ,0.43  ,P3RHS0_1247 ,P3RHS0_1247 -> P3RDT1052 ,3.24   ,1.07   ,8922.97    ,1  ,
P3RLV69   ,1 ,0.42 ,10.69  ,3.51  ,P3RHS0_1247 ,P3RHS0_1247 -> P3RDT1052 ,26.73  ,8.79   ,73556.84   ,1  ,
P3RLV70   ,1 ,0.42 ,4.04   ,1.33  ,P3RHS0_1247 ,P3RHS0_1247 -> P3RDT1052 ,10.11  ,3.32   ,27818.80   ,1  ,
P3RLV71   ,1 ,0.42 ,1.49   ,0.49  ,P3RHS0_1247 ,P3RHS0_1247 -> P3RDT1052 ,3.72   ,1.22   ,10234.89   ,1  ,
P3RLV72   ,1 ,0.42 ,10.78  ,3.54  ,P3RHS0_1247 ,P3RHS0_1247 -> P3RDT1052 ,26.96  ,8.86   ,74181.49   ,1  ,
P3RLV73   ,1 ,0.42 ,1.10   ,0.36  ,P3RHS0_1247 ,P3RHS0_1247 -> P3RDT1052 ,2.75   ,0.91   ,7580.10    ,1  ,
P3RLV74   ,1 ,0.42 ,5.66   ,1.86  ,P3RHS0_1247 ,P3RHS0_1247 -> P3RDT1052 ,14.16  ,4.65   ,38960.85   ,1  ,
P3RLV75   ,1 ,0.42 ,6.00   ,1.22  ,P3RHS0_1247 ,P3RHS0_1247 -> P3RDT1052 ,15.01  ,3.05   ,28718.00   ,3  ,
P3RLV76   ,1 ,0.42 ,0.53   ,0.18  ,P3RHS0_1247 ,P3RHS0_1247 -> P3RDT1052 ,1.33   ,0.44   ,3672.00    ,1  ,
P3RLV77   ,1 ,0.42 ,15.22  ,5.00  ,P3RHS0_1247 ,P3RHS0_1247 -> P3RDT1052 ,38.05  ,12.50  ,104694.00  ,1  ,
P3RLV78   ,1 ,0.42 ,4.71   ,1.55  ,P3RHS0_1247 ,P3RHS0_1247 -> P3RDT656  ,11.78  ,3.87   ,32416.78   ,1  ,
P3RLV79   ,1 ,0.42 ,0.94   ,0.31  ,P3RHS0_1247 ,P3RHS0_1247 -> P3RDT1052 ,2.36   ,0.78   ,6494.64    ,1  ,
P3RLV80   ,1 ,0.42 ,3.96   ,0.80  ,P3RHS0_1247 ,P3RHS0_1247 -> P3RDT656  ,9.89   ,2.01   ,18924.89   ,2  ,
P3RLV81   ,1 ,0.42 ,2.86   ,0.58  ,P3RHS0_1247 ,P3RHS0_1247 -> P3RDT656  ,7.15   ,1.45   ,13686.29   ,1  ,
P3RLV82   ,1 ,0.42 ,3.24   ,0.66  ,P3RHS0_1247 ,P3RHS0_1247 -> P3RDT656  ,8.11   ,1.65   ,15521.08   ,1  ,
P3RLV83   ,1 ,0.42 ,4.33   ,0.88  ,P3RHS0_1247 ,P3RHS0_1247 -> P3RDT656  ,10.82  ,2.20   ,20699.45   ,2  ,
P3RLV84   ,1 ,0.42 ,3.72   ,0.76  ,P3RHS0_1247 ,P3RHS0_1247 -> P3RDT656  ,9.31   ,1.89   ,17816.59   ,1  ,
P3RLV85   ,1 ,0.42 ,3.12   ,1.03  ,P3RHS0_1247 ,P3RHS0_1247 -> P3RDT656  ,7.81   ,2.57   ,21497.55   ,1  ,
P3RLV86   ,1 ,0.42 ,5.11   ,1.04  ,P3RHS0_1247 ,P3RHS0_1247 -> P3RDT656  ,12.79  ,2.60   ,24461.00   ,2  ,
P3RLV87   ,1 ,0.42 ,4.22   ,0.86  ,P3RHS0_1247 ,P3RHS0_1247 -> P3RDT656  ,10.55  ,2.14   ,20194.13   ,2  ,
P3RLV88   ,1 ,0.42 ,4.22   ,0.86  ,P3RHS0_1247 ,P3RHS0_1247 -> P3RDT656  ,10.56  ,2.14   ,20200.43   ,2  ,
P3RLV89   ,1 ,0.42 ,3.61   ,0.73  ,P3RHS0_1247 ,P3RHS0_1247 -> P3RDT656  ,9.03   ,1.83   ,17283.66   ,1  ,
P3RLV90   ,1 ,0.42 ,5.85   ,1.19  ,P3RHS0_1247 ,P3RHS0_1247 -> P3RDT656  ,14.63  ,2.97   ,27984.47   ,3  ,
P3RLV91   ,1 ,0.42 ,4.36   ,0.88  ,P3RHS0_1247 ,P3RHS0_1247 -> P3RDT656  ,10.90  ,2.21   ,20845.95   ,2  ,
P3RLV92   ,1 ,0.42 ,5.27   ,1.07  ,P3RHS0_1247 ,P3RHS0_1247 -> P3RDT656  ,13.18  ,2.68   ,25214.41   ,3  ,
P3RLV93   ,1 ,0.42 ,3.27   ,1.08  ,P3RHS0_1247 ,P3RHS0_1247 -> P3RDT656  ,8.18   ,2.69   ,22505.83   ,1  ,
P3RLV94   ,1 ,0.42 ,5.26   ,1.07  ,P3RHS0_1247 ,P3RHS0_1247 -> P3RDT656  ,13.16  ,2.67   ,25180.88   ,3  ,
P3RLV95   ,1 ,0.42 ,3.58   ,0.73  ,P3RHS0_1247 ,P3RHS0_1247 -> P3RDT656  ,8.95   ,1.82   ,17114.85   ,1  ,
P3RLV96   ,1 ,0.42 ,2.19   ,0.72  ,P3RHS0_1247 ,P3RHS0_1247 -> P3RDT656  ,5.49   ,1.80   ,15095.04   ,1  ,
P3RLV97   ,1 ,0.42 ,2.94   ,0.60  ,P3RHS0_1247 ,P3RHS0_1247 -> P3RDT656  ,7.35   ,1.49   ,14053.09   ,1  ,
P3RLV98   ,1 ,0.42 ,2.43   ,0.80  ,P3RHS0_1247 ,P3RHS0_1247 -> P3RDT656  ,6.08   ,2.00   ,16736.12   ,1  ,
P3RLV99   ,1 ,0.42 ,3.73   ,0.76  ,P3RHS0_1247 ,P3RHS0_1247 -> P3RDT656  ,9.32   ,1.89   ,17825.09   ,1  ,
P3RLV100  ,1 ,0.42 ,8.58   ,2.82  ,P3RHS0_1247 ,P3RHS0_1247 -> P3RDT656  ,21.44  ,7.05   ,59011.96   ,1  ,
P3RLV101  ,1 ,0.42 ,3.99   ,0.81  ,P3RHS0_1247 ,P3RHS0_1247 -> P3RDT836  ,9.96   ,2.02   ,19061.16   ,2  ,
P3RLV102  ,1 ,0.42 ,4.84   ,0.98  ,P3RHS0_1247 ,P3RHS0_1247 -> P3RDT836  ,12.11  ,2.46   ,23174.05   ,2  ,
P3RLV103  ,1 ,0.42 ,5.61   ,1.14  ,P3RHS0_1247 ,P3RHS0_1247 -> P3RDT836  ,14.03  ,2.85   ,26844.61   ,3  ,
P3RLV104  ,1 ,0.42 ,2.09   ,0.43  ,P3RHS0_1247 ,P3RHS0_1247 -> P3RDT836  ,5.24   ,1.06   ,10421.96   ,1  ,
P3RLV105  ,1 ,0.42 ,5.21   ,1.06  ,P3RHS0_1247 ,P3RHS0_1247 -> P3RDT836  ,13.02  ,2.64   ,24905.61   ,3  ,
P3RLV106  ,1 ,0.42 ,3.55   ,0.72  ,P3RHS0_1247 ,P3RHS0_1247 -> P3RDT836  ,8.89   ,1.80   ,17001.83   ,1  ,
P3RLV107  ,1 ,0.42 ,6.77   ,1.38  ,P3RHS0_1247 ,P3RHS0_1247 -> P3RDT836  ,16.94  ,3.44   ,32402.82   ,4  ,
P3RLV108  ,1 ,0.42 ,4.71   ,0.96  ,P3RHS0_1247 ,P3RHS0_1247 -> P3RDT836  ,11.77  ,2.39   ,22517.72   ,2  ,
P3RLV109  ,1 ,0.42 ,3.99   ,0.81  ,P3RHS0_1247 ,P3RHS0_1247 -> P3RDT836  ,9.97   ,2.02   ,19072.64   ,2  ,
P3RLV110  ,1 ,0.42 ,3.42   ,0.69  ,P3RHS0_1247 ,P3RHS0_1247 -> P3RDT836  ,8.55   ,1.74   ,16364.04   ,1  ,
P3RLV111  ,1 ,0.42 ,3.60   ,0.73  ,P3RHS0_1247 ,P3RHS0_1247 -> P3RDT836  ,9.00   ,1.83   ,17213.23   ,1  ,
P3RLV112  ,1 ,0.42 ,2.65   ,0.54  ,P3RHS0_1247 ,P3RHS0_1247 -> P3RDT1052 ,6.63   ,1.35   ,12693.69   ,1  ,
P3RLV113  ,1 ,0.42 ,3.34   ,0.68  ,P3RHS0_1247 ,P3RHS0_1247 -> P3RDT1052 ,8.36   ,1.70   ,15988.97   ,1  ,
P3RLV114  ,1 ,0.42 ,3.03   ,0.99  ,P3RHS0_1247 ,P3RHS0_1247 -> P3RDT1052 ,7.56   ,2.49   ,20813.61   ,1  ,
P3RLV115  ,1 ,0.42 ,4.04   ,0.82  ,P3RHS0_1247 ,P3RHS0_1247 -> P3RDT1052 ,10.10  ,2.05   ,19327.47   ,2  ,
P3RLV116  ,1 ,0.42 ,2.71   ,0.55  ,P3RHS0_1247 ,P3RHS0_1247 -> P3RDT1052 ,6.78   ,1.38   ,12973.19   ,1  ,
P3RLV117  ,1 ,0.42 ,2.62   ,0.53  ,P3RHS0_1247 ,P3RHS0_1247 -> P3RDT1052 ,6.56   ,1.33   ,12541.47   ,1  ,
P3RLV118  ,1 ,0.42 ,1.48   ,0.30  ,P3RHS0_1247 ,P3RHS0_1247 -> P3RDT1052 ,3.70   ,0.75   ,7916.62    ,1  ,
P3RLV119  ,1 ,0.42 ,3.22   ,0.65  ,P3RHS0_1247 ,P3RHS0_1247 -> P3RDT1052 ,8.05   ,1.64   ,15408.48   ,1  ,
P3RLV120  ,1 ,0.42 ,1.24   ,0.25  ,P3RHS0_1247 ,P3RHS0_1247 -> P3RDT1052 ,3.09   ,0.63   ,6796.53    ,1  ,
P3RLV121  ,1 ,0.42 ,3.63   ,0.74  ,P3RHS0_1247 ,P3RHS0_1247 -> P3RDT1052 ,9.08   ,1.84   ,17371.93   ,1  ,
P3RLV122  ,1 ,0.42 ,4.56   ,0.93  ,P3RHS0_1247 ,P3RHS0_1247 -> P3RDT1052 ,11.39  ,2.31   ,21798.61   ,2  ,
P3RLV123  ,1 ,0.42 ,3.60   ,0.73  ,P3RHS0_1247 ,P3RHS0_1247 -> P3RDT1052 ,9.01   ,1.83   ,17238.35   ,1  ,
P3RLV124  ,1 ,0.42 ,3.16   ,1.04  ,P3RHS0_1247 ,P3RHS0_1247 -> P3RDT1052 ,7.90   ,2.60   ,21750.07   ,1  ,
P3RLV125  ,1 ,0.42 ,3.38   ,0.69  ,P3RHS0_1247 ,P3RHS0_1247 -> P3RDT1052 ,8.46   ,1.72   ,16184.88   ,1  ,
P3RLV126  ,1 ,0.42 ,1.97   ,0.40  ,P3RHS0_1247 ,P3RHS0_1247 -> P3RDT1052 ,4.93   ,1.00   ,9931.28    ,1  ,
P3RLV127  ,1 ,0.42 ,3.00   ,0.61  ,P3RHS0_1247 ,P3RHS0_1247 -> P3RDT1052 ,7.50   ,1.52   ,14347.72   ,1  ,
P3RLV128  ,1 ,0.42 ,6.95   ,1.41  ,P3RHS0_1247 ,P3RHS0_1247 -> P3RDT1052 ,17.38  ,3.53   ,33244.36   ,4  ,
P3RLV129  ,1 ,0.42 ,5.39   ,1.09  ,P3RHS0_1247 ,P3RHS0_1247 -> P3RDT1052 ,13.47  ,2.73   ,25766.16   ,3  ,
P3RLV130  ,1 ,0.42 ,5.10   ,1.04  ,P3RHS0_1247 ,P3RHS0_1247 -> P3RDT1052 ,12.76  ,2.59   ,24411.96   ,2  ,
P3RLV131  ,1 ,0.42 ,5.09   ,1.03  ,P3RHS0_1247 ,P3RHS0_1247 -> P3RDT1052 ,12.72  ,2.58   ,24344.11   ,2  ,
P3RLV132  ,1 ,0.42 ,3.40   ,0.69  ,P3RHS0_1247 ,P3RHS0_1247 -> P3RDT1052 ,8.49   ,1.72   ,16241.07   ,1  ,
P3RLV133  ,1 ,0.42 ,3.03   ,0.62  ,P3RHS0_1247 ,P3RHS0_1247 -> P3RDT1052 ,7.59   ,1.54   ,14515.19   ,1  ,
P3RLV134  ,1 ,0.42 ,10.56  ,2.14  ,P3RHS0_1247 ,P3RHS0_1247 -> P3RDT1052 ,26.40  ,5.36   ,50509.41   ,7  ,
P3RLV135  ,1 ,0.42 ,4.68   ,0.95  ,P3RHS0_1247 ,P3RHS0_1247 -> P3RDT1052 ,11.70  ,2.38   ,22386.15   ,2  ,
P3RLV136  ,1 ,0.42 ,0.75   ,0.15  ,P3RHS0_1247 ,P3RHS0_1247 -> P3RDT1052 ,1.87   ,0.38   ,4531.66    ,1  ,
P3RLV137  ,1 ,0.42 ,5.84   ,1.19  ,P3RHS0_1247 ,P3RHS0_1247 -> P3RDT1052 ,14.61  ,2.97   ,27956.40   ,3  ,
P3RLV138  ,1 ,0.42 ,3.61   ,0.73  ,P3RHS0_1247 ,P3RHS0_1247 -> P3RDT1052 ,9.03   ,1.83   ,17278.24   ,1  ,
P3RLV139  ,1 ,0.42 ,8.23   ,2.71  ,P3RHS0_1247 ,P3RHS0_1247 -> P3RDT1052 ,20.58  ,6.76   ,56633.07   ,1  ,
P3RLV140  ,1 ,0.42 ,3.19   ,0.65  ,P3RHS0_1247 ,P3RHS0_1247 -> P3RDT1052 ,7.97   ,1.62   ,15243.70   ,1  ,
P3RLV141  ,1 ,0.42 ,4.72   ,0.96  ,P3RHS0_1247 ,P3RHS0_1247 -> P3RDT1052 ,11.79  ,2.39   ,22559.04   ,2  ,
P3RLV142  ,1 ,0.42 ,2.59   ,0.85  ,P3RHS0_1247 ,P3RHS0_1247 -> P3RDT1052 ,6.48   ,2.13   ,17826.66   ,1  ,
P3RLV143  ,1 ,0.42 ,3.21   ,0.65  ,P3RHS0_1247 ,P3RHS0_1247 -> P3RDT1052 ,8.02   ,1.63   ,15344.88   ,1  ,
P3RLV144  ,1 ,0.42 ,3.49   ,0.71  ,P3RHS0_1247 ,P3RHS0_1247 -> P3RDT1052 ,8.72   ,1.77   ,16692.69   ,1  ,
P3RLV145  ,1 ,0.42 ,2.97   ,0.60  ,P3RHS0_1247 ,P3RHS0_1247 -> P3RDT1052 ,7.42   ,1.51   ,14190.09   ,1  ,
P3RLV146  ,1 ,0.42 ,4.11   ,0.83  ,P3RHS0_1247 ,P3RHS0_1247 -> P3RDT1052 ,10.28  ,2.09   ,19663.53   ,2  ,
P3RLV147  ,1 ,0.42 ,1.31   ,0.27  ,P3RHS0_1247 ,P3RHS0_1247 -> P3RDT1052 ,3.26   ,0.66   ,7118.18    ,1  ,
P3RLV148  ,1 ,0.42 ,2.79   ,0.57  ,P3RHS0_1247 ,P3RHS0_1247 -> P3RDT1052 ,6.98   ,1.42   ,13349.35   ,1  ,
P3RLV149  ,1 ,0.42 ,3.39   ,0.69  ,P3RHS0_1247 ,P3RHS0_1247 -> P3RDT1052 ,8.48   ,1.72   ,16231.16   ,1  ,
P3RLV150  ,1 ,0.42 ,2.82   ,0.57  ,P3RHS0_1247 ,P3RHS0_1247 -> P3RDT1052 ,7.04   ,1.43   ,13465.15   ,1  ,
P3RLV151  ,1 ,0.42 ,3.55   ,0.72  ,P3RHS0_1247 ,P3RHS0_1247 -> P3RDT1052 ,8.88   ,1.80   ,16997.25   ,1  ,
P3RLV152  ,1 ,0.42 ,5.07   ,1.03  ,P3RHS0_1247 ,P3RHS0_1247 -> P3RDT1052 ,12.66  ,2.57   ,24227.27   ,2  ,
P3RLV153  ,1 ,0.42 ,1.22   ,0.25  ,P3RHS0_1247 ,P3RHS0_1247 -> P3RDT1052 ,3.05   ,0.62   ,6718.56    ,1  ,
P3RLV154  ,1 ,0.42 ,2.99   ,0.61  ,P3RHS0_1247 ,P3RHS0_1247 -> P3RDT1052 ,7.47   ,1.52   ,14286.90   ,1  ,
P3RLV155  ,1 ,0.42 ,3.02   ,0.61  ,P3RHS0_1247 ,P3RHS0_1247 -> P3RDT1052 ,7.54   ,1.53   ,14422.02   ,1  ,
P3RLV156  ,1 ,0.42 ,5.10   ,1.04  ,P3RHS0_1247 ,P3RHS0_1247 -> P3RDT1052 ,12.76  ,2.59   ,24415.03   ,2  ,
P3RLV157  ,1 ,0.42 ,4.63   ,0.94  ,P3RHS0_1247 ,P3RHS0_1247 -> P3RDT1052 ,11.58  ,2.35   ,22153.21   ,2  ,
P3RLV158  ,1 ,0.42 ,3.80   ,0.77  ,P3RHS0_1247 ,P3RHS0_1247 -> P3RDT1052 ,9.51   ,1.93   ,18194.28   ,1  ,
P3RLV159  ,1 ,0.42 ,6.91   ,1.40  ,P3RHS0_1247 ,P3RHS0_1247 -> P3RDT656  ,17.29  ,3.51   ,33073.95   ,4  ,
P3RLV160  ,1 ,0.42 ,2.56   ,0.52  ,P3RHS0_1247 ,P3RHS0_1247 -> P3RDT656  ,6.41   ,1.30   ,12299.36   ,1  ,
P3RLV161  ,1 ,0.42 ,16.11  ,3.27  ,P3RHS0_1247 ,P3RHS0_1247 -> P3RDT656  ,40.27  ,8.18   ,77052.09   ,11 ,
P3RLV162  ,1 ,0.42 ,2.17   ,0.44  ,P3RHS0_1247 ,P3RHS0_1247 -> P3RDT656  ,5.43   ,1.10   ,10726.41   ,1  ,
P3RLV163  ,1 ,0.42 ,2.03   ,0.41  ,P3RHS0_1247 ,P3RHS0_1247 -> P3RDT656  ,5.08   ,1.03   ,10176.48   ,1  ,
P3RLV164  ,1 ,0.42 ,2.56   ,0.52  ,P3RHS0_1247 ,P3RHS0_1247 -> P3RDT656  ,6.41   ,1.30   ,12298.04   ,1  ,
P3RLV165  ,1 ,0.42 ,4.65   ,1.53  ,P3RHS0_1247 ,P3RHS0_1247 -> P3RDT656  ,11.63  ,3.82   ,32013.37   ,1  ,
P3RLV166  ,1 ,0.42 ,2.98   ,0.60  ,P3RHS0_1247 ,P3RHS0_1247 -> P3RDT656  ,7.44   ,1.51   ,14238.18   ,1  ,
P3RLV167  ,1 ,0.42 ,5.33   ,1.08  ,P3RHS0_1247 ,P3RHS0_1247 -> P3RDT656  ,13.33  ,2.71   ,25499.95   ,3  ,
P3RLV168  ,1 ,0.42 ,2.60   ,0.53  ,P3RHS0_1247 ,P3RHS0_1247 -> P3RDT656  ,6.51   ,1.32   ,12452.75   ,1  ,
P3RLV169  ,1 ,0.42 ,2.82   ,0.57  ,P3RHS0_1247 ,P3RHS0_1247 -> P3RDT656  ,7.04   ,1.43   ,13470.02   ,1  ,
P3RLV170  ,1 ,0.42 ,2.68   ,0.54  ,P3RHS0_1247 ,P3RHS0_1247 -> P3RDT656  ,6.70   ,1.36   ,12826.65   ,1  ,
P3RLV171  ,1 ,0.42 ,1.76   ,0.36  ,P3RHS0_1247 ,P3RHS0_1247 -> P3RDT656  ,4.41   ,0.90   ,9105.30    ,1  ,
P3RLV172  ,1 ,0.42 ,5.97   ,1.21  ,P3RHS1_1247 ,P3RHS1_1247 -> P3RDT1272 ,14.93  ,3.03   ,50211.30   ,1  ,
P3RLV173  ,1 ,0.42 ,1.62   ,0.33  ,P3RHS1_1247 ,P3RHS1_1247 -> P3RDT1272 ,4.05   ,0.82   ,13602.77   ,1  ,
P3RLV174  ,3 ,0.42 ,90.38  ,18.35 ,P3RHS1_1247 ,P3RHS1_1247 -> P3RDT1272 ,225.95 ,45.88  ,640349.10  ,1  ,
P3RLV175  ,1 ,0.42 ,10.56  ,2.14  ,P3RHS1_1247 ,P3RHS1_1247 -> P3RDT1272 ,26.40  ,5.36   ,85398.19   ,1  ,
P3RLV176  ,1 ,0.42 ,0.96   ,0.19  ,P3RHS1_1247 ,P3RHS1_1247 -> P3RDT1272 ,2.39   ,0.49   ,8030.91    ,1  ,
P3RLV177  ,1 ,0.42 ,1.63   ,0.33  ,P3RHS1_1247 ,P3RHS1_1247 -> P3RDT1272 ,4.08   ,0.83   ,8570.59    ,1  ,
P3RLV178  ,1 ,0.42 ,6.55   ,2.15  ,P3RHS0_1247 ,P3RHS0_1247 -> P3RDT656  ,16.39  ,5.39   ,45094.15   ,1  ,
P3RLV179  ,1 ,0.42 ,4.35   ,0.88  ,P3RHS0_1247 ,P3RHS0_1247 -> P3RDT656  ,10.88  ,2.21   ,20819.89   ,2  ,
P3RLV180  ,1 ,0.42 ,4.51   ,1.48  ,P3RHS0_1247 ,P3RHS0_1247 -> P3RDT656  ,11.27  ,3.71   ,31019.41   ,1  ,
P3RLV181  ,1 ,0.42 ,4.07   ,0.83  ,P3RHS0_1247 ,P3RHS0_1247 -> P3RDT656  ,10.18  ,2.07   ,19468.46   ,2  ,
P3RLV182  ,1 ,0.42 ,2.27   ,0.75  ,P3RHS0_1247 ,P3RHS0_1247 -> P3RDT656  ,5.67   ,1.86   ,15608.42   ,1  ,
P3RLV183  ,1 ,0.42 ,2.57   ,0.84  ,P3RHS0_1247 ,P3RHS0_1247 -> P3RDT656  ,6.43   ,2.11   ,17685.65   ,1  ,
P3RLV184  ,1 ,0.42 ,6.33   ,2.08  ,P3RHS0_1247 ,P3RHS0_1247 -> P3RDT656  ,15.83  ,5.20   ,43549.13   ,1  ,
P3RLV185  ,1 ,0.42 ,3.09   ,0.63  ,P3RHS0_1247 ,P3RHS0_1247 -> P3RDT1052 ,7.71   ,1.57   ,14759.79   ,1  ,
P3RLV186  ,1 ,0.42 ,2.42   ,0.79  ,P3RHS0_1247 ,P3RHS0_1247 -> P3RDT1052 ,6.04   ,1.98   ,16617.73   ,1  ,
P3RLV187  ,1 ,0.42 ,3.79   ,1.25  ,P3RHS0_1247 ,P3RHS0_1247 -> P3RDT1052 ,9.48   ,3.12   ,26079.97   ,1  ,
P3RLV188  ,1 ,0.42 ,5.59   ,1.84  ,P3RHS0_1247 ,P3RHS0_1247 -> P3RDT1052 ,13.99  ,4.60   ,38486.78   ,1  ,
P3RLV189  ,1 ,0.42 ,3.53   ,1.16  ,P3RHS0_1247 ,P3RHS0_1247 -> P3RDT1052 ,8.83   ,2.90   ,24299.92   ,1  ,
P3RLV190  ,1 ,0.42 ,4.61   ,1.52  ,P3RHS0_1247 ,P3RHS0_1247 -> P3RDT1052 ,11.53  ,3.79   ,31719.35   ,1  ,
P3RLV191  ,1 ,0.42 ,4.57   ,1.50  ,P3RHS0_1247 ,P3RHS0_1247 -> P3RDT1052 ,11.42  ,3.75   ,31437.41   ,1  ,
P3RLV192  ,1 ,0.42 ,3.66   ,1.20  ,P3RHS0_1247 ,P3RHS0_1247 -> P3RDT1052 ,9.16   ,3.01   ,25208.03   ,1  ,
P3RLV193  ,1 ,0.42 ,5.14   ,1.69  ,P3RHS0_1247 ,P3RHS0_1247 -> P3RDT1052 ,12.85  ,4.22   ,35359.07   ,1  ,
P3RLV194  ,1 ,0.42 ,1.98   ,0.65  ,P3RHS0_1247 ,P3RHS0_1247 -> P3RDT1052 ,4.95   ,1.63   ,13608.77   ,1  ,
P3RLV195  ,1 ,0.42 ,7.63   ,2.51  ,P3RHS0_1247 ,P3RHS0_1247 -> P3RDT1052 ,19.07  ,6.27   ,52487.93   ,1  ,
P3RLV196  ,1 ,0.42 ,13.53  ,4.45  ,P3RHS0_1247 ,P3RHS0_1247 -> P3RDT1052 ,33.83  ,11.12  ,93105.87   ,1  ,
P3RLV197  ,1 ,0.42 ,6.03   ,1.98  ,P3RHS0_1247 ,P3RHS0_1247 -> P3RDT1052 ,15.07  ,4.95   ,41456.92   ,1  ,
P3RLV198  ,1 ,0.42 ,5.06   ,1.66  ,P3RHS0_1247 ,P3RHS0_1247 -> P3RDT1052 ,12.65  ,4.16   ,34809.45   ,1  ,
P3RLV199  ,1 ,0.42 ,5.01   ,1.65  ,P3RHS0_1247 ,P3RHS0_1247 -> P3RDT1052 ,12.51  ,4.11   ,34437.38   ,1  ,
P3RLV200  ,3 ,0.42 ,22.78  ,7.49  ,P3RHS0_1247 ,P3RHS0_1247 -> P3RDT1052 ,56.96  ,18.72  ,156739.50  ,1  ,
P3RLV201  ,1 ,0.42 ,3.44   ,1.13  ,P3RHS0_1247 ,P3RHS0_1247 -> P3RDT1052 ,8.61   ,2.83   ,23698.92   ,1  ,
P3RLV202  ,1 ,0.42 ,9.90   ,3.25  ,P3RHS0_1247 ,P3RHS0_1247 -> P3RDT1052 ,24.74  ,8.13   ,68084.80   ,1  ,
P3RLV203  ,1 ,0.42 ,4.54   ,1.49  ,P3RHS0_1247 ,P3RHS0_1247 -> P3RDT1052 ,11.34  ,3.73   ,31217.74   ,1  ,
P3RLV204  ,1 ,0.42 ,1.87   ,0.61  ,P3RHS0_1247 ,P3RHS0_1247 -> P3RDT1052 ,4.67   ,1.53   ,12850.95   ,1  ,
P3RLV205  ,1 ,0.42 ,1.94   ,0.64  ,P3RHS0_1247 ,P3RHS0_1247 -> P3RDT1052 ,4.85   ,1.59   ,13351.50   ,1  ,
P3RLV206  ,1 ,0.42 ,5.03   ,1.65  ,P3RHS0_1247 ,P3RHS0_1247 -> P3RDT1052 ,12.57  ,4.13   ,34580.82   ,1  ,
P3RLV207  ,1 ,0.42 ,1.61   ,0.53  ,P3RHS0_1247 ,P3RHS0_1247 -> P3RDT1052 ,4.02   ,1.32   ,11055.27   ,1  ,
P3RLV208  ,1 ,0.42 ,3.91   ,1.29  ,P3RHS0_1247 ,P3RHS0_1247 -> P3RDT1052 ,9.78   ,3.21   ,26902.31   ,1  ,
P3RLV209  ,1 ,0.42 ,2.97   ,0.98  ,P3RHS1_1247 ,P3RHS1_1247 -> P3RDT1272 ,7.42   ,2.44   ,20419.37   ,1  ,
P3RLV210  ,1 ,0.42 ,7.02   ,2.31  ,P3RHS1_1247 ,P3RHS1_1247 -> P3RDT1272 ,17.55  ,5.77   ,48301.68   ,1  ,
P3RLV211  ,1 ,0.42 ,3.12   ,0.63  ,P3RHS0_1247 ,P3RHS0_1247 -> P3RDT1052 ,7.80   ,1.58   ,14916.59   ,1  ,
P3RLV212  ,1 ,0.42 ,4.70   ,0.96  ,P3RHS0_1247 ,P3RHS0_1247 -> P3RDT1052 ,11.76  ,2.39   ,22496.92   ,2  ,
P3RLV213  ,1 ,0.42 ,2.84   ,0.58  ,P3RHS0_1247 ,P3RHS0_1247 -> P3RDT1052 ,7.09   ,1.44   ,13571.03   ,1  ,
P3RLV214  ,1 ,0.42 ,3.06   ,0.62  ,P3RHS0_1247 ,P3RHS0_1247 -> P3RDT1052 ,7.64   ,1.55   ,14616.12   ,1  ,
P3RLV215  ,1 ,0.42 ,4.10   ,0.83  ,P3RHS0_1247 ,P3RHS0_1247 -> P3RDT1052 ,10.26  ,2.08   ,19623.73   ,2  ,
P3RLV216  ,1 ,0.42 ,3.23   ,0.66  ,P3RHS0_1247 ,P3RHS0_1247 -> P3RDT1052 ,8.08   ,1.64   ,15454.14   ,1  ,
P3RLV217  ,1 ,0.42 ,5.07   ,1.03  ,P3RHS0_1247 ,P3RHS0_1247 -> P3RDT1052 ,12.66  ,2.57   ,24229.46   ,2  ,
P3RLV218  ,1 ,0.42 ,4.75   ,1.56  ,P3RHS0_1247 ,P3RHS0_1247 -> P3RDT836  ,11.87  ,3.90   ,32664.02   ,1  ,
P3RLV219  ,1 ,0.42 ,0.54   ,0.18  ,P3RHS0_1247 ,P3RHS0_1247 -> P3RDT836  ,1.35   ,0.44   ,3704.37    ,1  ,
P3RLV220  ,1 ,0.42 ,0.87   ,0.29  ,P3RHS0_1247 ,P3RHS0_1247 -> P3RDT836  ,2.19   ,0.72   ,6015.44    ,1  ,
P3RLV221  ,1 ,0.42 ,2.78   ,0.91  ,P3RHS0_1247 ,P3RHS0_1247 -> P3RDT836  ,6.94   ,2.28   ,19093.05   ,1  ,
P3RLV222  ,1 ,0.42 ,3.33   ,0.68  ,P3RHS0_1247 ,P3RHS0_1247 -> P3RDT656  ,8.33   ,1.69   ,15940.29   ,1  ,
P3RLV223  ,1 ,0.42 ,2.27   ,0.74  ,P3RHS0_1247 ,P3RHS0_1247 -> P3RDT656  ,5.67   ,1.86   ,15593.10   ,1  ,
P3RLV224  ,1 ,0.42 ,2.63   ,0.53  ,P3RHS0_1247 ,P3RHS0_1247 -> P3RDT656  ,6.57   ,1.33   ,12565.16   ,1  ,
P3RLV225  ,1 ,0.42 ,4.08   ,1.34  ,P3RHS0_1247 ,P3RHS0_1247 -> P3RDT656  ,10.20  ,3.35   ,28070.54   ,1  ,
P3RLV226  ,1 ,0.42 ,3.84   ,0.78  ,P3RHS0_1247 ,P3RHS0_1247 -> P3RDT656  ,9.61   ,1.95   ,18378.95   ,2  ,
P3RLV227  ,1 ,0.42 ,3.59   ,0.73  ,P3RHS0_1247 ,P3RHS0_1247 -> P3RDT656  ,8.99   ,1.82   ,17194.05   ,1  ,
P3RLV228  ,1 ,0.42 ,0.67   ,0.22  ,P3RHS1_1247 ,P3RHS1_1247 -> P3RDT1272 ,1.67   ,0.55   ,4598.23    ,1  ,
P3RLV229  ,1 ,0.42 ,1.13   ,0.37  ,P3RHS1_1247 ,P3RHS1_1247 -> P3RDT1272 ,2.84   ,0.93   ,7806.81    ,1  ,
P3RLV230  ,1 ,0.42 ,0.64   ,0.21  ,P3RHS0_1247 ,P3RHS0_1247 -> P3RDT1052 ,1.60   ,0.52   ,4392.16    ,1  ,
P3RLV231  ,1 ,0.42 ,0.47   ,0.15  ,P3RHS0_1247 ,P3RHS0_1247 -> P3RDT1052 ,1.16   ,0.38   ,3201.62    ,1  ,
P3RLV232  ,1 ,0.42 ,0.37   ,0.12  ,P3RHS0_1247 ,P3RHS0_1247 -> P3RDT1052 ,0.93   ,0.31   ,2559.39    ,1  ,
P3RLV233  ,1 ,0.42 ,3.30   ,0.67  ,P3RHS0_1247 ,P3RHS0_1247 -> P3RDT1052 ,8.26   ,1.68   ,15798.34   ,1  ,
P3RLV234  ,1 ,0.42 ,6.92   ,2.27  ,P3RHS0_1247 ,P3RHS0_1247 -> P3RDT1052 ,17.29  ,5.68   ,47576.97   ,1  ,
P3RLV235  ,1 ,0.42 ,3.97   ,1.30  ,P3RHS0_1247 ,P3RHS0_1247 -> P3RDT1052 ,9.92   ,3.26   ,27293.80   ,1  ,
P3RLV236  ,1 ,0.42 ,1.99   ,0.65  ,P3RHS0_1247 ,P3RHS0_1247 -> P3RDT1052 ,4.97   ,1.63   ,13687.15   ,1  ,
P3RLV237  ,1 ,0.42 ,2.64   ,0.54  ,P3RHS0_1247 ,P3RHS0_1247 -> P3RDT1052 ,6.59   ,1.34   ,12616.46   ,1  ,
P3RLV238  ,1 ,0.42 ,1.39   ,0.46  ,P3RHS0_1247 ,P3RHS0_1247 -> P3RDT1052 ,3.47   ,1.14   ,9549.14    ,1  ,
P3RLV239  ,1 ,0.42 ,3.16   ,0.64  ,P3RHS0_1247 ,P3RHS0_1247 -> P3RDT1052 ,7.91   ,1.61   ,15138.34   ,1  ,
P3RLV240  ,1 ,0.42 ,2.91   ,0.96  ,P3RHS0_1247 ,P3RHS0_1247 -> P3RDT1052 ,7.26   ,2.39   ,19991.28   ,1  ,
P3RLV241  ,1 ,0.42 ,7.03   ,2.31  ,P3RHS0_1247 ,P3RHS0_1247 -> P3RDT1052 ,17.58  ,5.78   ,48389.20   ,1  ,
P3RLV242  ,1 ,0.42 ,3.24   ,0.66  ,P3RHS0_1247 ,P3RHS0_1247 -> P3RDT1052 ,8.10   ,1.65   ,15502.33   ,1  ,
P3RLV243  ,1 ,0.42 ,2.49   ,0.51  ,P3RHS0_1247 ,P3RHS0_1247 -> P3RDT1052 ,6.22   ,1.26   ,11996.04   ,1  ,
P3RLV244  ,1 ,0.42 ,2.20   ,0.72  ,P3RHS0_1247 ,P3RHS0_1247 -> P3RDT1052 ,5.51   ,1.81   ,15150.89   ,1  ,
P3RLV245  ,1 ,0.42 ,2.92   ,0.96  ,P3RHS0_1247 ,P3RHS0_1247 -> P3RDT1052 ,7.29   ,2.40   ,20065.99   ,1  ,
P3RLV246  ,1 ,0.42 ,3.75   ,0.76  ,P3RHS0_1247 ,P3RHS0_1247 -> P3RDT1052 ,9.38   ,1.90   ,17948.03   ,1  ,
P3RLV247  ,1 ,0.42 ,4.09   ,1.34  ,P3RHS0_1247 ,P3RHS0_1247 -> P3RDT836  ,10.22  ,3.36   ,28129.71   ,1  ,
P3RLV248  ,3 ,0.42 ,25.01  ,8.22  ,P3RHS0_1247 ,P3RHS0_1247 -> P3RDT836  ,62.52  ,20.55  ,172041.30  ,1  ,
P3RLV249  ,1 ,0.42 ,2.15   ,0.71  ,P3RHS0_1247 ,P3RHS0_1247 -> P3RDT836  ,5.38   ,1.77   ,14796.90   ,1  ,
P3RLV250  ,1 ,0.42 ,0.57   ,0.19  ,P3RHS0_1247 ,P3RHS0_1247 -> P3RDT836  ,1.42   ,0.47   ,3913.70    ,1  ,
P3RLV251  ,1 ,0.42 ,1.68   ,0.34  ,P3RHS0_1247 ,P3RHS0_1247 -> P3RDT836  ,4.21   ,0.85   ,13019.25   ,1  ,
P3RLV252  ,1 ,0.42 ,0.64   ,0.21  ,P3RHS0_1247 ,P3RHS0_1247 -> P3RDT836  ,1.59   ,0.52   ,4377.52    ,1  ,
P3RLV253  ,1 ,0.42 ,0.89   ,0.29  ,P3RHS0_1247 ,P3RHS0_1247 -> P3RDT836  ,2.23   ,0.73   ,6136.61    ,1  ,
P3RLV254  ,1 ,0.42 ,3.44   ,0.70  ,P3RHS0_1247 ,P3RHS0_1247 -> P3RDT836  ,8.59   ,1.74   ,16430.60   ,1  ,
P3RLV255  ,1 ,0.42 ,4.09   ,1.35  ,P3RHS0_1247 ,P3RHS0_1247 -> P3RDT836  ,10.23  ,3.36   ,28160.66   ,1  ,
P3RLV256  ,1 ,0.42 ,8.55   ,2.81  ,P3RHS0_1247 ,P3RHS0_1247 -> P3RDT836  ,21.36  ,7.02   ,58791.62   ,1  ,
P3RLV257  ,1 ,0.42 ,3.33   ,1.09  ,P3RHS0_1247 ,P3RHS0_1247 -> P3RDT836  ,8.31   ,2.73   ,22879.59   ,1  ,
P3RLV258  ,1 ,0.42 ,6.80   ,1.38  ,P3RHS0_1247 ,P3RHS0_1247 -> P3RDT836  ,17.00  ,3.45   ,52571.52   ,1  ,
P3RLV259  ,1 ,0.42 ,11.68  ,3.84  ,P3RHS0_1247 ,P3RHS0_1247 -> P3RDT836  ,29.19  ,9.59   ,80324.11   ,1  ,
P3RLV260  ,1 ,0.42 ,3.31   ,0.67  ,P3RHS0_1247 ,P3RHS0_1247 -> P3RDT836  ,8.27   ,1.68   ,25585.56   ,1  ,
P3RLV261  ,1 ,0.42 ,5.94   ,1.95  ,P3RHS0_1247 ,P3RHS0_1247 -> P3RDT836  ,14.84  ,4.88   ,40845.92   ,1  ,
P3RLV262  ,1 ,0.42 ,0.66   ,0.22  ,P3RHS0_1247 ,P3RHS0_1247 -> P3RDT836  ,1.65   ,0.54   ,4537.33    ,1  ,
P3RLV263  ,1 ,0.42 ,0.66   ,0.22  ,P3RHS0_1247 ,P3RHS0_1247 -> P3RDT836  ,1.65   ,0.54   ,4531.46    ,1  ,
P3RLV264  ,1 ,0.42 ,9.75   ,1.98  ,P3RHS0_1247 ,P3RHS0_1247 -> P3RDT836  ,24.37  ,4.95   ,75374.78   ,1  ,
P3RLV265  ,1 ,0.42 ,3.66   ,1.20  ,P3RHS0_1247 ,P3RHS0_1247 -> P3RDT836  ,9.15   ,3.01   ,25168.95   ,1  ,
P3RLV266  ,1 ,0.42 ,0.80   ,0.16  ,P3RHS0_1247 ,P3RHS0_1247 -> P3RDT836  ,2.01   ,0.41   ,6212.87    ,1  ,
P3RLV267  ,1 ,0.42 ,1.57   ,0.52  ,P3RHS0_1247 ,P3RHS0_1247 -> P3RDT836  ,3.93   ,1.29   ,10815.60   ,1  ,
P3RLV268  ,1 ,0.42 ,4.29   ,1.41  ,P3RHS0_1247 ,P3RHS0_1247 -> P3RDT836  ,10.73  ,3.53   ,29534.54   ,1  ,
P3RLV269  ,1 ,0.42 ,2.47   ,0.81  ,P3RHS0_1247 ,P3RHS0_1247 -> P3RDT836  ,6.16   ,2.03   ,16963.84   ,1  ,
P3RLV270  ,1 ,0.42 ,16.74  ,5.50  ,P3RHS0_1247 ,P3RHS0_1247 -> P3RDT836  ,41.85  ,13.75  ,115152.50  ,1  ,
P3RLV271  ,1 ,0.42 ,10.29  ,3.38  ,P3RHS0_1247 ,P3RHS0_1247 -> P3RDT1052 ,25.72  ,8.45   ,70782.30   ,1  ,
P3RLV272  ,1 ,0.42 ,6.87   ,2.26  ,P3RHS0_1247 ,P3RHS0_1247 -> P3RDT656  ,17.17  ,5.64   ,47235.19   ,1  ,
P3RLV273  ,1 ,0.42 ,2.55   ,0.84  ,P3RHS0_1247 ,P3RHS0_1247 -> P3RDT1052 ,6.37   ,2.09   ,17517.04   ,1  ,
P3RLV274  ,1 ,0.42 ,0.52   ,0.17  ,P3RHS0_1247 ,P3RHS0_1247 -> P3RDT1052 ,1.31   ,0.43   ,3603.04    ,1  ,
P3RLV275  ,1 ,0.42 ,1.91   ,0.63  ,P3RHS0_1247 ,P3RHS0_1247 -> P3RDT1052 ,4.77   ,1.57   ,13123.12   ,1  ,
P3RLV276  ,1 ,0.42 ,3.21   ,0.65  ,P3RHS0_1247 ,P3RHS0_1247 -> P3RDT1052 ,8.02   ,1.63   ,15353.83   ,1  ,
P3RLV277  ,1 ,0.42 ,1.30   ,0.26  ,P3RHS0_1247 ,P3RHS0_1247 -> P3RDT1052 ,3.24   ,0.66   ,7081.35    ,1  ,
P3RLV278  ,1 ,0.42 ,5.19   ,1.70  ,P3RHS0_1247 ,P3RHS0_1247 -> P3RDT1052 ,12.97  ,4.26   ,35683.45   ,1  ,
P3RLV279  ,1 ,0.42 ,1.54   ,0.51  ,P3RHS0_1247 ,P3RHS0_1247 -> P3RDT1052 ,3.85   ,1.27   ,10605.04   ,1  ,
P3RLV280  ,1 ,0.42 ,1.20   ,0.40  ,P3RHS0_1247 ,P3RHS0_1247 -> P3RDT1052 ,3.01   ,0.99   ,8288.78    ,1  ,
P3RLV281  ,1 ,0.42 ,0.66   ,0.22  ,P3RHS0_1247 ,P3RHS0_1247 -> P3RDT1052 ,1.65   ,0.54   ,4527.55    ,1  ,
P3RLV282  ,1 ,0.42 ,0.73   ,0.24  ,P3RHS0_1247 ,P3RHS0_1247 -> P3RDT1052 ,1.82   ,0.60   ,5003.23    ,1  ,
P3RLV283  ,1 ,0.42 ,3.01   ,0.99  ,P3RHS0_1247 ,P3RHS0_1247 -> P3RDT1052 ,7.54   ,2.48   ,20737.90   ,1  ,
P3RLV284  ,1 ,0.42 ,0.97   ,0.32  ,P3RHS0_1247 ,P3RHS0_1247 -> P3RDT1052 ,2.43   ,0.80   ,6675.57    ,1  ,
P3RLV285  ,1 ,0.42 ,1.49   ,0.49  ,P3RHS0_1247 ,P3RHS0_1247 -> P3RDT1052 ,3.73   ,1.23   ,10257.63   ,1  ,
P3RLV286  ,1 ,0.42 ,2.56   ,0.84  ,P3RHS0_1247 ,P3RHS0_1247 -> P3RDT1052 ,6.39   ,2.10   ,17577.38   ,1  ,
P3RLV287  ,1 ,0.42 ,5.22   ,1.72  ,P3RHS0_1247 ,P3RHS0_1247 -> P3RDT1052 ,13.05  ,4.29   ,35901.59   ,1  ,
P3RLV288  ,1 ,0.42 ,0.90   ,0.29  ,P3RHS0_1247 ,P3RHS0_1247 -> P3RDT1052 ,2.24   ,0.74   ,6160.65    ,1  ,
P3RLV289  ,3 ,0.42 ,60.20  ,19.79 ,P3RHS0_1247 ,P3RHS0_1247 -> P3RDT1052 ,150.51 ,49.47  ,414171.90  ,1  ,
P3RLV290  ,1 ,0.42 ,5.18   ,1.70  ,P3RHS0_1247 ,P3RHS0_1247 -> P3RDT656  ,12.95  ,4.26   ,35624.64   ,1  ,
P3RLV291  ,1 ,0.42 ,1.06   ,0.35  ,P3RHS0_1247 ,P3RHS0_1247 -> P3RDT656  ,2.65   ,0.87   ,7304.73    ,1  ,
P3RLV292  ,1 ,0.42 ,8.50   ,2.79  ,P3RHS0_1247 ,P3RHS0_1247 -> P3RDT1052 ,21.26  ,6.99   ,58490.21   ,1  ,
P3RLV293  ,1 ,0.42 ,5.31   ,1.74  ,P3RHS0_1247 ,P3RHS0_1247 -> P3RDT1052 ,13.27  ,4.36   ,36512.04   ,1  ,
P3RLV294  ,1 ,0.42 ,1.28   ,0.42  ,P3RHS0_1247 ,P3RHS0_1247 -> P3RDT1052 ,3.21   ,1.06   ,8837.80    ,1  ,
P3RLV295  ,1 ,0.42 ,4.22   ,1.39  ,P3RHS0_1247 ,P3RHS0_1247 -> P3RDT1052 ,10.56  ,3.47   ,29046.79   ,1  ,
P3RLV296  ,1 ,0.42 ,1.02   ,0.34  ,P3RHS0_1247 ,P3RHS0_1247 -> P3RDT1052 ,2.56   ,0.84   ,7050.29    ,1  ,
P3RLV297  ,1 ,0.42 ,14.68  ,2.98  ,P3RHS0_1247 ,P3RHS0_1247 -> P3RDT1052 ,36.69  ,7.45   ,114001.00  ,1  ,
P3RLV298  ,1 ,0.42 ,1.76   ,0.58  ,P3RHS0_1247 ,P3RHS0_1247 -> P3RDT1052 ,4.40   ,1.45   ,12110.30   ,1  ,
P3RLV299  ,1 ,0.42 ,2.51   ,0.82  ,P3RHS0_1247 ,P3RHS0_1247 -> P3RDT1052 ,6.27   ,2.06   ,17264.89   ,1  ,
P3RLV300  ,1 ,0.42 ,2.02   ,0.66  ,P3RHS0_1247 ,P3RHS0_1247 -> P3RDT1052 ,5.06   ,1.66   ,13916.89   ,1  ,
P3RLV301  ,1 ,0.42 ,0.35   ,0.12  ,P3RHS0_1247 ,P3RHS0_1247 -> P3RDT1052 ,0.88   ,0.29   ,2420.85    ,1  ,
P3RLV302  ,1 ,0.42 ,11.60  ,2.35  ,P3RHS0_1247 ,P3RHS0_1247 -> P3RDT1052 ,28.99  ,5.89   ,92604.80   ,1  ,
P3RLV303  ,1 ,0.42 ,6.26   ,2.06  ,P3RHS0_1247 ,P3RHS0_1247 -> P3RDT1052 ,15.64  ,5.14   ,43047.59   ,1  ,
P3RLV304  ,1 ,0.42 ,3.33   ,1.09  ,P3RHS0_1247 ,P3RHS0_1247 -> P3RDT1052 ,8.32   ,2.73   ,22888.54   ,1  ,
P3RLV305  ,1 ,0.42 ,0.58   ,0.19  ,P3RHS0_1247 ,P3RHS0_1247 -> P3RDT1052 ,1.45   ,0.48   ,3996.05    ,1  ,
P3RLV306  ,1 ,0.42 ,0.71   ,0.23  ,P3RHS0_1247 ,P3RHS0_1247 -> P3RDT1052 ,1.77   ,0.58   ,4875.06    ,1  ,
P3RLV307  ,1 ,0.42 ,5.89   ,1.93  ,P3RHS0_1247 ,P3RHS0_1247 -> P3RDT1052 ,14.72  ,4.84   ,40498.67   ,1  ,
P3RLV308  ,1 ,0.42 ,3.32   ,1.09  ,P3RHS0_1247 ,P3RHS0_1247 -> P3RDT1052 ,8.31   ,2.73   ,22869.13   ,1  ,
P3RLV309  ,1 ,0.42 ,16.45  ,3.34  ,P3RHS0_1247 ,P3RHS0_1247 -> P3RDT1052 ,41.13  ,8.35   ,126363.30  ,1  ,
P3RLV310  ,1 ,0.42 ,0.77   ,0.25  ,P3RHS0_1247 ,P3RHS0_1247 -> P3RDT1052 ,1.92   ,0.63   ,5282.65    ,1  ,
P3RLV311  ,1 ,0.42 ,6.17   ,2.03  ,P3RHS0_1247 ,P3RHS0_1247 -> P3RDT1052 ,15.43  ,5.07   ,42467.36   ,1  ,
P3RLV312  ,1 ,0.42 ,8.15   ,2.68  ,P3RHS0_1247 ,P3RHS0_1247 -> P3RDT1052 ,20.38  ,6.70   ,56070.63   ,1  ,
P3RLV313  ,1 ,0.42 ,0.29   ,0.09  ,P3RHS0_1247 ,P3RHS0_1247 -> P3RDT1052 ,0.72   ,0.24   ,1974.34    ,1  ,
P3RLV314  ,1 ,0.42 ,2.52   ,0.83  ,P3RHS0_1247 ,P3RHS0_1247 -> P3RDT1052 ,6.30   ,2.07   ,17340.73   ,1  ,
P3RLV315  ,1 ,0.42 ,0.92   ,0.30  ,P3RHS0_1247 ,P3RHS0_1247 -> P3RDT1052 ,2.31   ,0.76   ,6362.11    ,1  ,
P3RLV316  ,1 ,0.42 ,0.94   ,0.19  ,P3RHS0_1247 ,P3RHS0_1247 -> P3RDT1052 ,2.35   ,0.48   ,5427.66    ,1  ,
P3RLV317  ,1 ,0.42 ,4.40   ,0.89  ,P3RHS0_1247 ,P3RHS0_1247 -> P3RDT1052 ,10.99  ,2.23   ,21023.50   ,2  ,
P3RLV318  ,1 ,0.42 ,14.95  ,3.04  ,P3RHS1_1247 ,P3RHS1_1247 -> P3RDT1272 ,37.38  ,7.59   ,115920.80  ,1  ,
P3RLV319  ,1 ,0.42 ,2.08   ,0.42  ,P3RHS1_1247 ,P3RHS1_1247 -> P3RDT1272 ,5.20   ,1.06   ,17480.35   ,1  ,
P3RLV320  ,1 ,0.42 ,4.93   ,1.00  ,P3RHS1_1247 ,P3RHS1_1247 -> P3RDT1272 ,12.31  ,2.50   ,41400.25   ,1  ,
P3RLV321  ,3 ,0.42 ,46.77  ,9.50  ,P3RHS1_1247 ,P3RHS1_1247 -> P3RDT1272 ,116.94 ,23.74  ,337172.70  ,1  ,
P3RLV322  ,3 ,0.42 ,37.76  ,7.67  ,P3RHS1_1247 ,P3RHS1_1247 -> P3RDT1272 ,94.41  ,19.17  ,274533.90  ,1  ,
P3RLV323  ,3 ,0.42 ,22.44  ,7.37  ,P3RHS0_1247 ,P3RHS0_1247 -> P3RDT1052 ,56.09  ,18.44  ,154350.60  ,1  ,
P3RLV324  ,1 ,0.42 ,7.62   ,1.55  ,P3RHS1_1247 ,P3RHS1_1247 -> P3RDT1272 ,19.06  ,3.87   ,64068.25   ,1  ,
P3RLV325  ,1 ,0.42 ,1.60   ,0.32  ,P3RHS0_1247 ,P3RHS0_1247 -> P3RDT1052 ,3.99   ,0.81   ,8431.89    ,1  ,
P3RLV326  ,1 ,0.42 ,3.45   ,1.13  ,P3RHS0_1247 ,P3RHS0_1247 -> P3RDT1052 ,8.62   ,2.83   ,23726.54   ,1  ,
P3RLV327  ,1 ,0.42 ,2.13   ,0.70  ,P3RHS0_1247 ,P3RHS0_1247 -> P3RDT1052 ,5.33   ,1.75   ,14677.00   ,1  ,
P3RLV328  ,1 ,0.42 ,0.98   ,0.32  ,P3RHS0_1247 ,P3RHS0_1247 -> P3RDT1052 ,2.45   ,0.81   ,6752.14    ,1  ,
P3RLV329  ,1 ,0.42 ,2.06   ,0.68  ,P3RHS0_1247 ,P3RHS0_1247 -> P3RDT1052 ,5.15   ,1.69   ,14184.00   ,1  ,
P3RLV330  ,1 ,0.42 ,3.35   ,1.10  ,P3RHS0_1247 ,P3RHS0_1247 -> P3RDT1052 ,8.38   ,2.75   ,23052.36   ,1  ,
P3RLV331  ,1 ,0.42 ,3.29   ,0.67  ,P3RHS0_1247 ,P3RHS0_1247 -> P3RDT831  ,8.23   ,1.67   ,15740.01   ,1  ,
P3RLV332  ,1 ,0.42 ,1.63   ,0.33  ,P3RHS0_1247 ,P3RHS0_1247 -> P3RDT831  ,4.08   ,0.83   ,8580.98    ,1  ,
P3RLV333  ,1 ,0.42 ,4.51   ,0.92  ,P3RHS0_1247 ,P3RHS0_1247 -> P3RDT831  ,11.27  ,2.29   ,21559.24   ,2  ,
P3RLV334  ,1 ,0.42 ,5.71   ,1.88  ,P3RHS0_1247 ,P3RHS0_1247 -> P3RDT836  ,14.26  ,4.69   ,39251.02   ,1  ,
P3RLV335  ,1 ,0.42 ,3.14   ,1.03  ,P3RHS0_1247 ,P3RHS0_1247 -> P3RDT836  ,7.85   ,2.58   ,21602.79   ,1  ,
P3RLV336  ,1 ,0.42 ,2.71   ,0.55  ,P3RHS0_1247 ,P3RHS0_1247 -> P3RDT999  ,6.77   ,1.37   ,12949.19   ,1  ,
P3RLV337  ,1 ,0.42 ,3.58   ,0.73  ,P3RHS0_1247 ,P3RHS0_1247 -> P3RDT831  ,8.94   ,1.82   ,17113.83   ,1  ,
P3RLV338  ,1 ,0.42 ,4.43   ,1.46  ,P3RHS0_1247 ,P3RHS0_1247 -> P3RDT836  ,11.08  ,3.64   ,30478.63   ,1  ,
P3RLV339  ,3 ,0.42 ,23.82  ,7.83  ,P3RHS0_1247 ,P3RHS0_1247 -> P3RDT836  ,59.56  ,19.58  ,163899.60  ,1  ,
P3RLV340  ,1 ,0.42 ,1.40   ,0.46  ,P3RHS0_1247 ,P3RHS0_1247 -> P3RDT836  ,3.50   ,1.15   ,9632.44    ,1  ,
P3RLV341  ,1 ,0.42 ,2.19   ,0.72  ,P3RHS0_1247 ,P3RHS0_1247 -> P3RDT999  ,5.46   ,1.80   ,15036.38   ,1  ,
P3RLV342  ,1 ,0.42 ,3.91   ,0.79  ,P3RHS0_1247 ,P3RHS0_1247 -> P3RDT831  ,9.77   ,1.98   ,18686.25   ,2  ,
P3RLV343  ,1 ,0.42 ,1.48   ,0.30  ,P3RHS0_1247 ,P3RHS0_1247 -> P3RDT831  ,3.71   ,0.75   ,7940.90    ,1  ,
P3RLV344  ,1 ,0.42 ,4.49   ,0.91  ,P3RHS0_1247 ,P3RHS0_1247 -> P3RDT831  ,11.21  ,2.28   ,21453.76   ,2  ,
P3RLV345  ,1 ,0.42 ,6.25   ,2.06  ,P3RHS0_1247 ,P3RHS0_1247 -> P3RDT831  ,15.64  ,5.14   ,43029.40   ,1  ,
P3RLV346  ,1 ,0.42 ,2.92   ,0.59  ,P3RHS0_1247 ,P3RHS0_1247 -> P3RDT999  ,7.30   ,1.48   ,13964.00   ,1  ,
P3RLV347  ,1 ,0.42 ,7.28   ,2.39  ,P3RHS0_1247 ,P3RHS0_1247 -> P3RDT999  ,18.20  ,5.98   ,50083.55   ,1  ,
P3RLV348  ,1 ,0.42 ,3.90   ,0.79  ,P3RHS0_1247 ,P3RHS0_1247 -> P3RDT831  ,9.76   ,1.98   ,18667.41   ,2  ,
P3RLV349  ,1 ,0.42 ,3.04   ,0.62  ,P3RHS0_1247 ,P3RHS0_1247 -> P3RDT831  ,7.61   ,1.55   ,14558.37   ,1  ,
P3RLV350  ,1 ,0.42 ,3.31   ,0.67  ,P3RHS0_1247 ,P3RHS0_1247 -> P3RDT831  ,8.27   ,1.68   ,15813.36   ,1  ,
P3RLV351  ,1 ,0.42 ,3.52   ,1.16  ,P3RHS0_1247 ,P3RHS0_1247 -> P3RDT999  ,8.80   ,2.89   ,24210.68   ,1  ,
P3RLV352  ,1 ,0.42 ,3.80   ,0.77  ,P3RHS0_1247 ,P3RHS0_1247 -> P3RDT831  ,9.49   ,1.93   ,18154.58   ,1  ,
P3RLV353  ,1 ,0.42 ,1.65   ,0.34  ,P3RHS0_1247 ,P3RHS0_1247 -> P3RDT831  ,4.13   ,0.84   ,8662.22    ,1  ,
P3RLV354  ,1 ,0.42 ,4.51   ,0.92  ,P3RHS0_1247 ,P3RHS0_1247 -> P3RDT831  ,11.28  ,2.29   ,21578.34   ,2  ,
P3RLV355  ,1 ,0.42 ,1.06   ,0.35  ,P3RHS0_1247 ,P3RHS0_1247 -> P3RDT999  ,2.64   ,0.87   ,7264.08    ,1  ,
P3RLV356  ,1 ,0.42 ,1.36   ,0.28  ,P3RHS0_1247 ,P3RHS0_1247 -> P3RDT831  ,3.41   ,0.69   ,7385.50    ,1  ,
P3RLV357  ,1 ,0.42 ,5.34   ,1.76  ,P3RHS0_1247 ,P3RHS0_1247 -> P3RDT999  ,13.35  ,4.39   ,36738.97   ,1  ,
P3RLV358  ,1 ,0.42 ,2.65   ,0.54  ,P3RHS0_1247 ,P3RHS0_1247 -> P3RDT831  ,6.62   ,1.35   ,12673.91   ,1  ,
P3RLV359  ,1 ,0.42 ,3.07   ,0.62  ,P3RHS0_1247 ,P3RHS0_1247 -> P3RDT831  ,7.67   ,1.56   ,14670.73   ,1  ,
P3RLV360  ,1 ,0.42 ,5.97   ,1.96  ,P3RHS0_1247 ,P3RHS0_1247 -> P3RDT836  ,14.92  ,4.91   ,41067.27   ,1  ,
P3RLV361  ,1 ,0.42 ,4.27   ,1.41  ,P3RHS0_1247 ,P3RHS0_1247 -> P3RDT836  ,10.69  ,3.51   ,29408.65   ,1  ,
P3RLV362  ,1 ,0.42 ,9.56   ,3.14  ,P3RHS0_1247 ,P3RHS0_1247 -> P3RDT836  ,23.89  ,7.85   ,65749.95   ,1  ,
P3RLV363  ,1 ,0.42 ,3.25   ,1.07  ,P3RHS0_1247 ,P3RHS0_1247 -> P3RDT836  ,8.13   ,2.67   ,22380.90   ,1  ,
P3RLV364  ,1 ,0.42 ,4.22   ,0.86  ,P3RHS0_1247 ,P3RHS0_1247 -> P3RDT999  ,10.55  ,2.14   ,20184.33   ,2  ,
P3RLV365  ,1 ,0.42 ,0.59   ,0.19  ,P3RHS0_1247 ,P3RHS0_1247 -> P3RDT831  ,1.47   ,0.48   ,4057.87    ,1  ,
P3RLV366  ,1 ,0.42 ,0.77   ,0.16  ,P3RHS0_1247 ,P3RHS0_1247 -> P3RDT831  ,1.91   ,0.39   ,4619.30    ,1  ,
P3RLV367  ,1 ,0.42 ,3.70   ,0.75  ,P3RHS0_1247 ,P3RHS0_1247 -> P3RDT999  ,9.25   ,1.88   ,17696.11   ,1  ,
P3RLV368  ,1 ,0.42 ,5.77   ,1.17  ,P3RHS0_1247 ,P3RHS0_1247 -> P3RDT836  ,14.43  ,2.93   ,27598.80   ,3  ,
P3RLV369  ,1 ,0.42 ,2.95   ,0.60  ,P3RHS0_1247 ,P3RHS0_1247 -> P3RDT999  ,7.37   ,1.50   ,14100.04   ,1  ,
P3RLV370  ,1 ,0.42 ,2.85   ,0.58  ,P3RHS0_1247 ,P3RHS0_1247 -> P3RDT831  ,7.13   ,1.45   ,13645.32   ,1  ,
P3RLV371  ,1 ,0.42 ,8.16   ,2.68  ,P3RHS0_1247 ,P3RHS0_1247 -> P3RDT836  ,20.39  ,6.70   ,56118.60   ,1  ,
P3RLV372  ,1 ,0.42 ,2.91   ,0.96  ,P3RHS0_1247 ,P3RHS0_1247 -> P3RDT836  ,7.29   ,2.39   ,20048.83   ,1  ,
P3RLV373  ,1 ,0.42 ,3.30   ,0.67  ,P3RHS0_1247 ,P3RHS0_1247 -> P3RDT831  ,8.26   ,1.68   ,15798.02   ,1  ,
P3RLV374  ,1 ,0.42 ,4.49   ,0.91  ,P3RHS0_1247 ,P3RHS0_1247 -> P3RDT831  ,11.24  ,2.28   ,21497.08   ,2  ,
P3RLV375  ,1 ,0.42 ,2.64   ,0.87  ,P3RHS0_1247 ,P3RHS0_1247 -> P3RDT836  ,6.59   ,2.17   ,18141.79   ,1  ,
P3RLV376  ,1 ,0.42 ,5.48   ,1.80  ,P3RHS0_1247 ,P3RHS0_1247 -> P3RDT999  ,13.69  ,4.50   ,37680.93   ,1  ,
P3RLV377  ,1 ,0.42 ,3.85   ,0.78  ,P3RHS0_1247 ,P3RHS0_1247 -> P3RDT999  ,9.63   ,1.96   ,18428.25   ,2  ,
P3RLV378  ,1 ,0.42 ,1.66   ,0.54  ,P3RHS0_1247 ,P3RHS0_1247 -> P3RDT999  ,4.15   ,1.36   ,11406.36   ,1  ,
P3RLV379  ,1 ,0.42 ,4.56   ,0.93  ,P3RHS0_1247 ,P3RHS0_1247 -> P3RDT831  ,11.41  ,2.32   ,21821.47   ,2  ,
P3RLV380  ,1 ,0.42 ,2.95   ,0.60  ,P3RHS0_1247 ,P3RHS0_1247 -> P3RDT831  ,7.39   ,1.50   ,14133.70   ,1  ,
P3RLV381  ,1 ,0.42 ,8.26   ,1.68  ,P3RHS0_1247 ,P3RHS0_1247 -> P3RDT831  ,20.66  ,4.19   ,39519.29   ,5  ,
P3RLV382  ,1 ,0.42 ,3.32   ,0.67  ,P3RHS0_1247 ,P3RHS0_1247 -> P3RDT831  ,8.29   ,1.68   ,15857.22   ,1  ,
P3RLV383  ,1 ,0.42 ,3.78   ,0.77  ,P3RHS0_1247 ,P3RHS0_1247 -> P3RDT836  ,9.45   ,1.92   ,18076.34   ,1  ,
P3RLV384  ,1 ,0.42 ,3.41   ,0.69  ,P3RHS0_1247 ,P3RHS0_1247 -> P3RDT999  ,8.53   ,1.73   ,16312.14   ,1  ,
P3RLV385  ,1 ,0.42 ,0.70   ,0.23  ,P3RHS0_1247 ,P3RHS0_1247 -> P3RDT831  ,1.75   ,0.58   ,4814.30    ,1  ,
P3RLV386  ,1 ,0.42 ,1.78   ,0.59  ,P3RHS0_1247 ,P3RHS0_1247 -> P3RDT999  ,4.46   ,1.46   ,12263.79   ,1  ,
P3RLV387  ,1 ,0.42 ,2.72   ,0.90  ,P3RHS0_1247 ,P3RHS0_1247 -> P3RDT999  ,6.81   ,2.24   ,18741.03   ,1  ,
P3RLV388  ,1 ,0.42 ,0.85   ,0.28  ,P3RHS0_1247 ,P3RHS0_1247 -> P3RDT999  ,2.11   ,0.69   ,5813.82    ,1  ,
P3RLV389  ,1 ,0.42 ,3.17   ,1.04  ,P3RHS0_1247 ,P3RHS0_1247 -> P3RDT999  ,7.92   ,2.60   ,21805.83   ,1  ,
P3RLV390  ,1 ,0.42 ,5.31   ,1.75  ,P3RHS0_1247 ,P3RHS0_1247 -> P3RDT999  ,13.29  ,4.37   ,36560.55   ,1  ,
P3RLV391  ,1 ,0.42 ,2.20   ,0.72  ,P3RHS0_1247 ,P3RHS0_1247 -> P3RDT999  ,5.51   ,1.81   ,15162.41   ,1  ,
P3RLV392  ,1 ,0.42 ,2.89   ,0.95  ,P3RHS0_1247 ,P3RHS0_1247 -> P3RDT999  ,7.23   ,2.38   ,19902.00   ,1  ,
P3RLV393  ,1 ,0.42 ,3.89   ,1.28  ,P3RHS0_1247 ,P3RHS0_1247 -> P3RDT999  ,9.72   ,3.20   ,26756.44   ,1  ,
P3RLV394  ,1 ,0.42 ,3.42   ,1.12  ,P3RHS0_1247 ,P3RHS0_1247 -> P3RDT999  ,8.55   ,2.81   ,23518.76   ,1  ,
P3RLV398  ,1 ,0.42 ,2.89   ,0.59  ,P3RHS0_1247 ,P3RHS0_1247 -> P3RDT836  ,7.22   ,1.47   ,13806.81   ,1  ,
P3RLV399  ,1 ,0.42 ,1.32   ,0.27  ,P3RHS0_1247 ,P3RHS0_1247 -> P3RDT836  ,3.29   ,0.67   ,7168.97    ,1  ,
P3RLV400  ,1 ,0.42 ,3.08   ,0.62  ,P3RHS0_1247 ,P3RHS0_1247 -> P3RDT836  ,7.69   ,1.56   ,14717.33   ,1  ,
P3RLV401  ,1 ,0.42 ,8.73   ,1.77  ,P3RHS0_1247 ,P3RHS0_1247 -> P3RDT836  ,21.83  ,4.43   ,41764.38   ,5  ,
P3RLV402  ,1 ,0.42 ,6.15   ,1.25  ,P3RHS0_1247 ,P3RHS0_1247 -> P3RDT836  ,15.38  ,3.12   ,29424.93   ,3  ,
P3RLV403  ,1 ,0.42 ,2.32   ,0.47  ,P3RHS0_1247 ,P3RHS0_1247 -> P3RDT836  ,5.79   ,1.18   ,11305.77   ,1  ,
P3RLV404  ,1 ,0.42 ,2.41   ,0.49  ,P3RHS0_1247 ,P3RHS0_1247 -> P3RDT836  ,6.03   ,1.22   ,11687.80   ,1  ,
P3RLV405  ,1 ,0.42 ,7.60   ,1.54  ,P3RHS0_1247 ,P3RHS0_1247 -> P3RDT836  ,19.00  ,3.86   ,36346.36   ,4  ,
P3RLV406  ,1 ,0.42 ,6.30   ,1.28  ,P3RHS0_1247 ,P3RHS0_1247 -> P3RDT836  ,15.76  ,3.20   ,30148.27   ,3  ,
P3RLV407  ,1 ,0.42 ,4.44   ,0.90  ,P3RHS0_1247 ,P3RHS0_1247 -> P3RDT836  ,11.09  ,2.25   ,21224.52   ,2  ,
P3RLV408  ,1 ,0.42 ,2.54   ,0.52  ,P3RHS0_1247 ,P3RHS0_1247 -> P3RDT836  ,6.34   ,1.29   ,12194.14   ,1  ,
P3RLV409  ,1 ,0.42 ,2.96   ,0.60  ,P3RHS0_1247 ,P3RHS0_1247 -> P3RDT836  ,7.41   ,1.50   ,14175.32   ,1  ,
P3RLV410  ,1 ,0.42 ,1.98   ,0.40  ,P3RHS0_1247 ,P3RHS0_1247 -> P3RDT836  ,4.95   ,1.00   ,9961.15    ,1  ,
P3RLV411  ,1 ,0.42 ,4.57   ,0.93  ,P3RHS0_1247 ,P3RHS0_1247 -> P3RDT836  ,11.43  ,2.32   ,21860.14   ,2  ,
P3RLV412  ,1 ,0.42 ,5.47   ,1.11  ,P3RHS0_1247 ,P3RHS0_1247 -> P3RDT836  ,13.69  ,2.78   ,26185.99   ,3  ,
P3RLV413  ,1 ,0.42 ,6.47   ,1.31  ,P3RHS0_1247 ,P3RHS0_1247 -> P3RDT836  ,16.19  ,3.29   ,30967.52   ,4  ,
P3RLV414  ,1 ,0.42 ,4.08   ,0.83  ,P3RHS0_1247 ,P3RHS0_1247 -> P3RDT836  ,10.20  ,2.07   ,19514.97   ,2  ,
P3RLV415  ,1 ,0.42 ,2.84   ,0.58  ,P3RHS0_1247 ,P3RHS0_1247 -> P3RDT836  ,7.09   ,1.44   ,13570.34   ,1  ,
P3RLV416  ,1 ,0.42 ,0.79   ,0.26  ,P3RHS0_1247 ,P3RHS0_1247 -> P3RDT836  ,1.99   ,0.65   ,5464.18    ,1  ,
P3RLV417  ,1 ,0.42 ,5.60   ,1.14  ,P3RHS0_1247 ,P3RHS0_1247 -> P3RDT836  ,14.01  ,2.84   ,26796.34   ,3  ,
P3RLV418  ,1 ,0.42 ,0.60   ,0.12  ,P3RHS0_1247 ,P3RHS0_1247 -> P3RDT836  ,1.49   ,0.30   ,3735.62    ,1  ,
P3RLV419  ,1 ,0.42 ,3.43   ,0.70  ,P3RHS0_1247 ,P3RHS0_1247 -> P3RDT836  ,8.58   ,1.74   ,16420.01   ,1  ,
P3RLV420  ,1 ,0.42 ,4.40   ,0.89  ,P3RHS0_1247 ,P3RHS0_1247 -> P3RDT836  ,11.00  ,2.23   ,21053.95   ,2  ,
P3RLV421  ,1 ,0.42 ,5.15   ,1.05  ,P3RHS0_1247 ,P3RHS0_1247 -> P3RDT836  ,12.88  ,2.61   ,24636.25   ,2  ,
P3RLV422  ,1 ,0.42 ,3.05   ,0.62  ,P3RHS0_1247 ,P3RHS0_1247 -> P3RDT836  ,7.63   ,1.55   ,14604.03   ,1  ,
P3RLV423  ,1 ,0.42 ,3.19   ,0.65  ,P3RHS0_1247 ,P3RHS0_1247 -> P3RDT836  ,7.97   ,1.62   ,15254.95   ,1  ,
P3RLV424  ,1 ,0.42 ,0.89   ,0.18  ,P3RHS0_1247 ,P3RHS0_1247 -> P3RDT836  ,2.22   ,0.45   ,5181.29    ,1  ,
P3RLV425  ,1 ,0.42 ,3.84   ,0.78  ,P3RHS0_1247 ,P3RHS0_1247 -> P3RDT836  ,9.60   ,1.95   ,18365.45   ,2  ,
P3RLV426  ,1 ,0.42 ,4.25   ,0.86  ,P3RHS0_1247 ,P3RHS0_1247 -> P3RDT836  ,10.62  ,2.16   ,20317.19   ,2  ,
P3RLV427  ,1 ,0.42 ,5.29   ,1.07  ,P3RHS0_1247 ,P3RHS0_1247 -> P3RDT836  ,13.21  ,2.68   ,25280.74   ,3  ,
P3RLV428  ,1 ,0.42 ,2.08   ,0.42  ,P3RHS0_1247 ,P3RHS0_1247 -> P3RDT836  ,5.20   ,1.06   ,10366.77   ,1  ,
P3RLV429  ,1 ,0.42 ,2.31   ,0.47  ,P3RHS0_1247 ,P3RHS0_1247 -> P3RDT836  ,5.78   ,1.17   ,11295.89   ,1  ,
P3RLV430  ,1 ,0.42 ,3.58   ,1.18  ,P3RHS0_1247 ,P3RHS0_1247 -> P3RDT836  ,8.95   ,2.94   ,24629.46   ,1  ,
P3RLV431  ,1 ,0.42 ,6.95   ,1.41  ,P3RHS0_1247 ,P3RHS0_1247 -> P3RDT836  ,17.36  ,3.53   ,33220.04   ,4  ,
P3RLV432  ,1 ,0.42 ,2.74   ,0.56  ,P3RHS0_1247 ,P3RHS0_1247 -> P3RDT836  ,6.85   ,1.39   ,13104.83   ,1  ,
P3RLV433  ,1 ,0.42 ,5.41   ,1.10  ,P3RHS0_1247 ,P3RHS0_1247 -> P3RDT836  ,13.51  ,2.74   ,25856.35   ,3  ,
P3RLV434  ,1 ,0.42 ,12.89  ,2.62  ,P3RHS0_1247 ,P3RHS0_1247 -> P3RDT836  ,32.22  ,6.54   ,61646.32   ,8  ,
P3RLV435  ,1 ,0.42 ,1.64   ,0.33  ,P3RHS0_1247 ,P3RHS0_1247 -> P3RDT836  ,4.11   ,0.83   ,8617.17    ,1  ,
P3RLV436  ,1 ,0.42 ,8.58   ,1.74  ,P3RHS0_1247 ,P3RHS0_1247 -> P3RDT836  ,21.44  ,4.35   ,41023.39   ,5  ,
P3RLV437  ,1 ,0.42 ,0.65   ,0.13  ,P3RHS0_1247 ,P3RHS0_1247 -> P3RDT836  ,1.63   ,0.33   ,4100.26    ,1  ,
P3RLV438  ,1 ,0.42 ,4.53   ,0.92  ,P3RHS0_1247 ,P3RHS0_1247 -> P3RDT836  ,11.32  ,2.30   ,21665.66   ,2  ,
P3RLV439  ,1 ,0.42 ,5.40   ,1.10  ,P3RHS0_1247 ,P3RHS0_1247 -> P3RDT836  ,13.49  ,2.74   ,25817.85   ,3  ,
P3RLV440  ,1 ,0.42 ,2.93   ,0.60  ,P3RHS0_1247 ,P3RHS0_1247 -> P3RDT836  ,7.33   ,1.49   ,14032.01   ,1  ,
P3RLV441  ,1 ,0.42 ,3.93   ,0.80  ,P3RHS0_1247 ,P3RHS0_1247 -> P3RDT836  ,9.82   ,1.99   ,18786.63   ,2  ,
P3RLV442  ,1 ,0.42 ,6.85   ,1.39  ,P3RHS0_1247 ,P3RHS0_1247 -> P3RDT836  ,17.14  ,3.48   ,32787.58   ,4  ,
P3RLV443  ,1 ,0.42 ,4.10   ,0.83  ,P3RHS0_1247 ,P3RHS0_1247 -> P3RDT836  ,10.24  ,2.08   ,19592.62   ,2  ,
P3RLV444  ,1 ,0.42 ,4.34   ,0.88  ,P3RHS0_1247 ,P3RHS0_1247 -> P3RDT836  ,10.86  ,2.20   ,20774.35   ,2  ,
P3RLV445  ,1 ,0.42 ,3.06   ,0.62  ,P3RHS0_1247 ,P3RHS0_1247 -> P3RDT836  ,7.65   ,1.55   ,14644.16   ,1  ,
P3RLV446  ,1 ,0.42 ,5.97   ,1.21  ,P3RHS0_1247 ,P3RHS0_1247 -> P3RDT836  ,14.93  ,3.03   ,28574.01   ,3  ,
P3RLV447  ,1 ,0.42 ,2.52   ,0.51  ,P3RHS0_1247 ,P3RHS0_1247 -> P3RDT836  ,6.29   ,1.28   ,12106.54   ,1  ,
P3RLV448  ,1 ,0.42 ,3.26   ,0.66  ,P3RHS0_1247 ,P3RHS0_1247 -> P3RDT836  ,8.15   ,1.66   ,15601.84   ,1  ,
P3RLV449  ,1 ,0.42 ,1.30   ,0.26  ,P3RHS0_1247 ,P3RHS0_1247 -> P3RDT836  ,3.26   ,0.66   ,7106.68    ,1  ,
P3RLV450  ,1 ,0.42 ,7.06   ,1.43  ,P3RHS0_1247 ,P3RHS0_1247 -> P3RDT836  ,17.64  ,3.58   ,33749.63   ,4  ,
P3RLV451  ,1 ,0.42 ,2.68   ,0.55  ,P3RHS0_1247 ,P3RHS0_1247 -> P3RDT836  ,6.71   ,1.36   ,12839.97   ,1  ,
P3RLV452  ,1 ,0.42 ,5.55   ,1.13  ,P3RHS0_1247 ,P3RHS0_1247 -> P3RDT836  ,13.86  ,2.82   ,26523.93   ,3  ,
P3RLV453  ,1 ,0.42 ,3.80   ,0.77  ,P3RHS0_1247 ,P3RHS0_1247 -> P3RDT836  ,9.49   ,1.93   ,18159.34   ,1  ,
P3RLV454  ,1 ,0.42 ,1.25   ,0.25  ,P3RHS0_1247 ,P3RHS0_1247 -> P3RDT836  ,3.13   ,0.64   ,6875.76    ,1  ,
P3RLV455  ,1 ,0.42 ,3.49   ,0.71  ,P3RHS0_1247 ,P3RHS0_1247 -> P3RDT836  ,8.72   ,1.77   ,16693.00   ,1  ,
P3RLV456  ,1 ,0.42 ,1.24   ,0.25  ,P3RHS0_1247 ,P3RHS0_1247 -> P3RDT836  ,3.11   ,0.63   ,6835.39    ,1  ,
P3RLV457  ,1 ,0.42 ,2.51   ,0.51  ,P3RHS0_1247 ,P3RHS0_1247 -> P3RDT836  ,6.28   ,1.28   ,12095.04   ,1  ,
P3RLV458  ,1 ,0.42 ,1.54   ,0.31  ,P3RHS0_1247 ,P3RHS0_1247 -> P3RDT836  ,3.84   ,0.78   ,8179.72    ,1  ,
P3RLV459  ,3 ,0.42 ,22.10  ,4.49  ,P3RHS0_1247 ,P3RHS0_1247 -> P3RDT836  ,55.25  ,11.22  ,165630.00  ,1  ,
P3RLV460  ,1 ,0.42 ,4.51   ,0.92  ,P3RHS0_1247 ,P3RHS0_1247 -> P3RDT836  ,11.28  ,2.29   ,21572.79   ,2  ,
P3RLV461  ,1 ,0.42 ,1.74   ,0.35  ,P3RHS0_1247 ,P3RHS0_1247 -> P3RDT836  ,4.35   ,0.88   ,9011.35    ,1  ,
P3RLV462  ,1 ,0.42 ,3.10   ,0.63  ,P3RHS0_1247 ,P3RHS0_1247 -> P3RDT836  ,7.75   ,1.57   ,14835.57   ,1  ,
P3RLV463  ,1 ,0.42 ,4.15   ,0.84  ,P3RHS0_1247 ,P3RHS0_1247 -> P3RDT836  ,10.38  ,2.11   ,19856.11   ,2  ,
P3RLV464  ,1 ,0.42 ,1.64   ,0.33  ,P3RHS0_1247 ,P3RHS0_1247 -> P3RDT836  ,4.10   ,0.83   ,8609.88    ,1  ,
P3RLV465  ,1 ,0.42 ,3.88   ,0.79  ,P3RHS0_1247 ,P3RHS0_1247 -> P3RDT836  ,9.69   ,1.97   ,18535.48   ,2  ,
P3RLV466  ,1 ,0.42 ,1.02   ,0.21  ,P3RHS0_1247 ,P3RHS0_1247 -> P3RDT836  ,2.56   ,0.52   ,5818.90    ,1  ,
P3RLV467  ,1 ,0.42 ,3.65   ,0.74  ,P3RHS0_1247 ,P3RHS0_1247 -> P3RDT836  ,9.12   ,1.85   ,17440.00   ,1  ,
P3RLV468  ,1 ,0.42 ,0.74   ,0.15  ,P3RHS0_1247 ,P3RHS0_1247 -> P3RDT836  ,1.86   ,0.38   ,4514.62    ,1  ,
P3RLV469  ,3 ,0.42 ,20.58  ,4.18  ,P3RHS0_1247 ,P3RHS0_1247 -> P3RDT836  ,51.46  ,10.45  ,98453.07   ,14 ,
P3RLV470  ,1 ,0.42 ,5.77   ,1.17  ,P3RHS0_1247 ,P3RHS0_1247 -> P3RDT836  ,14.43  ,2.93   ,27617.52   ,3  ,
P3RLV471  ,1 ,0.42 ,2.79   ,0.57  ,P3RHS0_1247 ,P3RHS0_1247 -> P3RDT836  ,6.97   ,1.42   ,13338.28   ,1  ,
P3RLV472  ,1 ,0.42 ,3.52   ,0.72  ,P3RHS0_1247 ,P3RHS0_1247 -> P3RDT836  ,8.81   ,1.79   ,16858.12   ,1  ,
P3RLV473  ,1 ,0.42 ,1.78   ,0.36  ,P3RHS0_1247 ,P3RHS0_1247 -> P3RDT836  ,4.46   ,0.90   ,9174.63    ,1  ,
P3RLV474  ,1 ,0.42 ,5.76   ,1.17  ,P3RHS0_1247 ,P3RHS0_1247 -> P3RDT836  ,14.41  ,2.93   ,27563.31   ,3  ,
P3RLV475  ,1 ,0.42 ,5.06   ,1.03  ,P3RHS0_1247 ,P3RHS0_1247 -> P3RDT836  ,12.64  ,2.57   ,24182.62   ,2  ,
P3RLV476  ,1 ,0.42 ,1.19   ,0.24  ,P3RHS0_1247 ,P3RHS0_1247 -> P3RDT836  ,2.98   ,0.61   ,6599.71    ,1  ,
P3RLV477  ,1 ,0.42 ,4.69   ,0.95  ,P3RHS0_1247 ,P3RHS0_1247 -> P3RDT836  ,11.72  ,2.38   ,22414.40   ,2  ,
P3RLV478  ,1 ,0.42 ,4.83   ,0.98  ,P3RHS0_1247 ,P3RHS0_1247 -> P3RDT836  ,12.08  ,2.45   ,23106.16   ,2  ,
P3RLV479  ,1 ,0.42 ,2.89   ,0.59  ,P3RHS0_1247 ,P3RHS0_1247 -> P3RDT836  ,7.22   ,1.47   ,13815.92   ,1  ,
P3RLV480  ,1 ,0.42 ,10.35  ,2.10  ,P3RHS0_1247 ,P3RHS0_1247 -> P3RDT836  ,25.87  ,5.25   ,49495.46   ,6  ,
P3RLV481  ,1 ,0.42 ,0.69   ,0.14  ,P3RHS0_1247 ,P3RHS0_1247 -> P3RDT836  ,1.72   ,0.35   ,4268.73    ,1  ,
P3RLV482  ,1 ,0.42 ,1.13   ,0.23  ,P3RHS0_1247 ,P3RHS0_1247 -> P3RDT836  ,2.82   ,0.57   ,6293.25    ,1  ,
P3RLV483  ,1 ,0.42 ,3.27   ,0.66  ,P3RHS0_1247 ,P3RHS0_1247 -> P3RDT836  ,8.18   ,1.66   ,15658.06   ,1  ,
P3RLV484  ,1 ,0.42 ,0.55   ,0.11  ,P3RHS0_1247 ,P3RHS0_1247 -> P3RDT836  ,1.38   ,0.28   ,3450.21    ,1  ,
P3RLV485  ,1 ,0.42 ,4.34   ,0.88  ,P3RHS0_1247 ,P3RHS0_1247 -> P3RDT836  ,10.86  ,2.20   ,20769.46   ,2  ,
P3RLV486  ,1 ,0.42 ,2.67   ,0.54  ,P3RHS0_1247 ,P3RHS0_1247 -> P3RDT836  ,6.67   ,1.35   ,12758.60   ,1  ,
P3RLV487  ,1 ,0.42 ,3.32   ,0.67  ,P3RHS0_1247 ,P3RHS0_1247 -> P3RDT836  ,8.30   ,1.68   ,15876.28   ,1  ,
P3RLV488  ,1 ,0.42 ,3.72   ,0.75  ,P3RHS0_1247 ,P3RHS0_1247 -> P3RDT836  ,9.29   ,1.89   ,17780.90   ,1  ,
P3RLV489  ,1 ,0.42 ,7.07   ,1.44  ,P3RHS0_1247 ,P3RHS0_1247 -> P3RDT836  ,17.68  ,3.59   ,33823.48   ,4  ,
P3RLV490  ,1 ,0.42 ,1.47   ,0.30  ,P3RHS0_1247 ,P3RHS0_1247 -> P3RDT836  ,3.67   ,0.75   ,7874.59    ,1  ,
P3RLV491  ,1 ,0.42 ,13.92  ,2.83  ,P3RHS0_1247 ,P3RHS0_1247 -> P3RDT836  ,34.79  ,7.06   ,66561.80   ,9  ,
P3RLV492  ,1 ,0.42 ,9.05   ,1.84  ,P3RHS0_1247 ,P3RHS0_1247 -> P3RDT836  ,22.61  ,4.59   ,43264.22   ,5  ,
P3RLV493  ,1 ,0.42 ,2.69   ,0.55  ,P3RHS0_1247 ,P3RHS0_1247 -> P3RDT836  ,6.73   ,1.37   ,12882.12   ,1  ,
P3RLV494  ,1 ,0.42 ,4.87   ,0.99  ,P3RHS0_1247 ,P3RHS0_1247 -> P3RDT836  ,12.16  ,2.47   ,23273.76   ,2  ,
P3RLV495  ,1 ,0.42 ,6.48   ,1.32  ,P3RHS0_1247 ,P3RHS0_1247 -> P3RDT836  ,16.20  ,3.29   ,30999.05   ,4  ,
P3RLV496  ,1 ,0.42 ,2.83   ,0.57  ,P3RHS0_1247 ,P3RHS0_1247 -> P3RDT836  ,7.07   ,1.44   ,13521.13   ,1  ,
P3RLV497  ,1 ,0.42 ,6.15   ,1.25  ,P3RHS0_1247 ,P3RHS0_1247 -> P3RDT836  ,15.38  ,3.12   ,29425.71   ,3  ,
P3RLV498  ,1 ,0.42 ,16.98  ,3.45  ,P3RHS0_1247 ,P3RHS0_1247 -> P3RDT836  ,42.45  ,8.62   ,81214.73   ,11 ,
P3RLV499  ,1 ,0.42 ,0.72   ,0.15  ,P3RHS0_1247 ,P3RHS0_1247 -> P3RDT836  ,1.80   ,0.37   ,4412.23    ,1  ,
P3RLV500  ,1 ,0.42 ,14.05  ,2.85  ,P3RHS0_1247 ,P3RHS0_1247 -> P3RDT836  ,35.14  ,7.13   ,67223.04   ,9  ,
P3RLV501  ,1 ,0.42 ,1.82   ,0.37  ,P3RHS0_1247 ,P3RHS0_1247 -> P3RDT836  ,4.56   ,0.92   ,9333.75    ,1  ,
P3RLV502  ,1 ,0.42 ,4.88   ,0.99  ,P3RHS0_1247 ,P3RHS0_1247 -> P3RDT836  ,12.19  ,2.48   ,23325.50   ,2  ,
P3RLV503  ,1 ,0.42 ,9.96   ,2.02  ,P3RHS0_1247 ,P3RHS0_1247 -> P3RDT836  ,24.90  ,5.06   ,81223.37   ,1  ,
P3RLV504  ,1 ,0.42 ,4.36   ,0.88  ,P3RHS0_1247 ,P3RHS0_1247 -> P3RDT836  ,10.89  ,2.21   ,20841.99   ,2  ,
P3RLV505  ,1 ,0.42 ,1.90   ,0.62  ,P3RHS0_1247 ,P3RHS0_1247 -> P3RDT999  ,4.75   ,1.56   ,13065.12   ,1  ,
P3RLV506  ,1 ,0.42 ,3.29   ,1.08  ,P3RHS0_1247 ,P3RHS0_1247 -> P3RDT836  ,8.22   ,2.70   ,22617.40   ,1  ,
P3RLV507  ,1 ,0.42 ,3.17   ,0.64  ,P3RHS0_1247 ,P3RHS0_1247 -> P3RDT999  ,7.91   ,1.61   ,15140.18   ,1  ,
P3RLV508  ,1 ,0.42 ,2.21   ,0.73  ,P3RHS0_1247 ,P3RHS0_1247 -> P3RDT999  ,5.53   ,1.82   ,15217.11   ,1  ,
P3RLV509  ,1 ,0.42 ,3.41   ,0.69  ,P3RHS0_1247 ,P3RHS0_1247 -> P3RDT999  ,8.52   ,1.73   ,16300.09   ,1  ,
P3RLV510  ,1 ,0.42 ,2.94   ,0.60  ,P3RHS0_1247 ,P3RHS0_1247 -> P3RDT999  ,7.34   ,1.49   ,14047.73   ,1  ,
P3RLV511  ,1 ,0.42 ,3.43   ,0.70  ,P3RHS0_1247 ,P3RHS0_1247 -> P3RDT999  ,8.56   ,1.74   ,16385.01   ,1  ,
P3RLV512  ,1 ,0.42 ,2.99   ,0.61  ,P3RHS0_1247 ,P3RHS0_1247 -> P3RDT999  ,7.47   ,1.52   ,14300.28   ,1  ,
P3RLV513  ,1 ,0.42 ,3.41   ,0.69  ,P3RHS0_1247 ,P3RHS0_1247 -> P3RDT999  ,8.52   ,1.73   ,16304.58   ,1  ,
P3RLV514  ,1 ,0.42 ,4.06   ,0.82  ,P3RHS0_1247 ,P3RHS0_1247 -> P3RDT999  ,10.14  ,2.06   ,19399.70   ,2  ,
P3RLV515  ,1 ,0.42 ,3.30   ,0.67  ,P3RHS0_1247 ,P3RHS0_1247 -> P3RDT999  ,8.25   ,1.68   ,15782.88   ,1  ,
P3RLV516  ,1 ,0.42 ,3.04   ,0.62  ,P3RHS0_1247 ,P3RHS0_1247 -> P3RDT999  ,7.60   ,1.54   ,14533.00   ,1  ,
P3RLV517  ,1 ,0.42 ,3.34   ,0.68  ,P3RHS0_1247 ,P3RHS0_1247 -> P3RDT999  ,8.35   ,1.70   ,15982.53   ,1  ,
P3RLV518  ,1 ,0.42 ,2.98   ,0.61  ,P3RHS0_1247 ,P3RHS0_1247 -> P3RDT999  ,7.46   ,1.52   ,14275.44   ,1  ,
P3RLV519  ,1 ,0.42 ,4.00   ,0.81  ,P3RHS0_1247 ,P3RHS0_1247 -> P3RDT999  ,10.00  ,2.03   ,19129.84   ,2  ,
P3RLV520  ,1 ,0.42 ,2.95   ,0.60  ,P3RHS0_1247 ,P3RHS0_1247 -> P3RDT999  ,7.38   ,1.50   ,14121.92   ,1  ,
P3RLV521  ,1 ,0.42 ,3.01   ,0.61  ,P3RHS0_1247 ,P3RHS0_1247 -> P3RDT999  ,7.54   ,1.53   ,14418.61   ,1  ,
P3RLV522  ,1 ,0.42 ,2.93   ,0.60  ,P3RHS0_1247 ,P3RHS0_1247 -> P3RDT999  ,7.33   ,1.49   ,14025.53   ,1  ,
P3RLV523  ,1 ,0.42 ,3.21   ,0.65  ,P3RHS0_1247 ,P3RHS0_1247 -> P3RDT999  ,8.02   ,1.63   ,15334.98   ,1  ,
P3RLV524  ,1 ,0.42 ,2.67   ,0.54  ,P3RHS0_1247 ,P3RHS0_1247 -> P3RDT999  ,6.67   ,1.35   ,12766.80   ,1  ,
P3RLV525  ,1 ,0.42 ,3.31   ,0.67  ,P3RHS0_1247 ,P3RHS0_1247 -> P3RDT999  ,8.28   ,1.68   ,15841.51   ,1  ,
P3RLV526  ,1 ,0.42 ,3.17   ,0.64  ,P3RHS0_1247 ,P3RHS0_1247 -> P3RDT999  ,7.91   ,1.61   ,15142.93   ,1  ,
P3RLV527  ,1 ,0.42 ,3.43   ,0.70  ,P3RHS0_1247 ,P3RHS0_1247 -> P3RDT999  ,8.57   ,1.74   ,16405.00   ,1  ,
P3RLV528  ,1 ,0.42 ,2.76   ,0.56  ,P3RHS0_1247 ,P3RHS0_1247 -> P3RDT999  ,6.89   ,1.40   ,13178.84   ,1  ,
P3RLV529  ,1 ,0.42 ,3.10   ,0.63  ,P3RHS0_1247 ,P3RHS0_1247 -> P3RDT999  ,7.76   ,1.58   ,14850.93   ,1  ,
P3RLV530  ,1 ,0.42 ,3.25   ,0.66  ,P3RHS0_1247 ,P3RHS0_1247 -> P3RDT999  ,8.12   ,1.65   ,15541.60   ,1  ,
P3RLV531  ,1 ,0.42 ,3.33   ,0.68  ,P3RHS0_1247 ,P3RHS0_1247 -> P3RDT999  ,8.33   ,1.69   ,15938.78   ,1  ,
P3RLV532  ,1 ,0.42 ,2.86   ,0.58  ,P3RHS0_1247 ,P3RHS0_1247 -> P3RDT999  ,7.14   ,1.45   ,13662.70   ,1  ,
P3RLV533  ,1 ,0.42 ,2.87   ,0.58  ,P3RHS0_1247 ,P3RHS0_1247 -> P3RDT999  ,7.18   ,1.46   ,13741.99   ,1  ,
P3RLV534  ,1 ,0.42 ,3.54   ,0.72  ,P3RHS0_1247 ,P3RHS0_1247 -> P3RDT999  ,8.86   ,1.80   ,16950.18   ,1  ,
P3RLV535  ,1 ,0.42 ,2.87   ,0.58  ,P3RHS0_1247 ,P3RHS0_1247 -> P3RDT999  ,7.17   ,1.46   ,13725.16   ,1  ,
P3RLV536  ,1 ,0.42 ,2.97   ,0.60  ,P3RHS0_1247 ,P3RHS0_1247 -> P3RDT999  ,7.42   ,1.51   ,14197.45   ,1  ,
P3RLV537  ,1 ,0.42 ,3.05   ,0.62  ,P3RHS0_1247 ,P3RHS0_1247 -> P3RDT999  ,7.63   ,1.55   ,14606.28   ,1  ,
P3RLV538  ,1 ,0.42 ,2.89   ,0.59  ,P3RHS0_1247 ,P3RHS0_1247 -> P3RDT999  ,7.23   ,1.47   ,13841.84   ,1  ,
P3RLV539  ,1 ,0.42 ,4.56   ,0.93  ,P3RHS0_1247 ,P3RHS0_1247 -> P3RDT999  ,11.40  ,2.31   ,21807.21   ,2  ,
P3RLV540  ,1 ,0.42 ,3.10   ,0.63  ,P3RHS0_1247 ,P3RHS0_1247 -> P3RDT999  ,7.75   ,1.57   ,14825.25   ,1  ,
P3RLV541  ,1 ,0.42 ,3.43   ,0.70  ,P3RHS0_1247 ,P3RHS0_1247 -> P3RDT999  ,8.58   ,1.74   ,16410.93   ,1  ,
P3RLV542  ,1 ,0.42 ,3.00   ,0.61  ,P3RHS0_1247 ,P3RHS0_1247 -> P3RDT999  ,7.50   ,1.52   ,14348.01   ,1  ,
P3RLV543  ,1 ,0.42 ,3.02   ,0.61  ,P3RHS0_1247 ,P3RHS0_1247 -> P3RDT999  ,7.55   ,1.53   ,14454.10   ,1  ,
P3RLV544  ,1 ,0.42 ,3.01   ,0.61  ,P3RHS0_1247 ,P3RHS0_1247 -> P3RDT999  ,7.53   ,1.53   ,14406.36   ,1  ,
P3RLV545  ,1 ,0.42 ,3.60   ,0.73  ,P3RHS0_1247 ,P3RHS0_1247 -> P3RDT999  ,8.99   ,1.83   ,17199.54   ,1  ,
P3RLV546  ,1 ,0.42 ,3.16   ,0.64  ,P3RHS0_1247 ,P3RHS0_1247 -> P3RDT999  ,7.91   ,1.61   ,15133.37   ,1  ,
P3RLV547  ,1 ,0.42 ,3.54   ,0.72  ,P3RHS0_1247 ,P3RHS0_1247 -> P3RDT999  ,8.86   ,1.80   ,16947.16   ,1  ,
P3RLV548  ,1 ,0.42 ,3.22   ,0.65  ,P3RHS0_1247 ,P3RHS0_1247 -> P3RDT999  ,8.05   ,1.64   ,15410.57   ,1  ,
P3RLV549  ,1 ,0.42 ,2.79   ,0.57  ,P3RHS0_1247 ,P3RHS0_1247 -> P3RDT999  ,6.98   ,1.42   ,13362.34   ,1  ,
P3RLV550  ,1 ,0.42 ,2.85   ,0.58  ,P3RHS0_1247 ,P3RHS0_1247 -> P3RDT999  ,7.12   ,1.45   ,13617.99   ,1  ,
P3RLV551  ,1 ,0.42 ,3.28   ,0.67  ,P3RHS0_1247 ,P3RHS0_1247 -> P3RDT999  ,8.20   ,1.67   ,15691.15   ,1  ,
P3RLV552  ,1 ,0.42 ,3.28   ,0.67  ,P3RHS0_1247 ,P3RHS0_1247 -> P3RDT999  ,8.21   ,1.67   ,15705.70   ,1  ,
P3RLV553  ,1 ,0.42 ,3.40   ,0.69  ,P3RHS0_1247 ,P3RHS0_1247 -> P3RDT999  ,8.50   ,1.73   ,16254.85   ,1  ,
P3RLV554  ,1 ,0.42 ,3.64   ,0.74  ,P3RHS0_1247 ,P3RHS0_1247 -> P3RDT999  ,9.11   ,1.85   ,17430.15   ,1  ,
P3RLV555  ,1 ,0.42 ,3.21   ,0.65  ,P3RHS0_1247 ,P3RHS0_1247 -> P3RDT999  ,8.02   ,1.63   ,15347.52   ,1  ,
P3RLV556  ,1 ,0.42 ,3.04   ,0.62  ,P3RHS0_1247 ,P3RHS0_1247 -> P3RDT999  ,7.61   ,1.55   ,14563.44   ,1  ,
P3RLV557  ,1 ,0.42 ,3.25   ,0.66  ,P3RHS0_1247 ,P3RHS0_1247 -> P3RDT999  ,8.12   ,1.65   ,15529.88   ,1  ,
P3RLV558  ,1 ,0.42 ,3.66   ,0.74  ,P3RHS0_1247 ,P3RHS0_1247 -> P3RDT999  ,9.16   ,1.86   ,17526.50   ,1  ,
P3RLV559  ,1 ,0.42 ,3.04   ,0.62  ,P3RHS0_1247 ,P3RHS0_1247 -> P3RDT999  ,7.60   ,1.54   ,14533.51   ,1  ,
P3RLV560  ,1 ,0.42 ,2.53   ,0.51  ,P3RHS0_1247 ,P3RHS0_1247 -> P3RDT999  ,6.32   ,1.28   ,12159.15   ,1  ,
P3RLV528  ,1 ,0.42 ,2.95   ,0.60  ,P3RHS0_1247 ,P3RHS0_1247 -> P3RDT999  ,7.38   ,1.50   ,14126.81   ,1  ,
P3RLV562  ,1 ,0.42 ,3.47   ,0.70  ,P3RHS0_1247 ,P3RHS0_1247 -> P3RDT999  ,8.67   ,1.76   ,16590.88   ,1  ,
P3RLV563  ,1 ,0.42 ,3.88   ,0.79  ,P3RHS0_1247 ,P3RHS0_1247 -> P3RDT999  ,9.69   ,1.97   ,18534.98   ,2  ,
P3RLV564  ,1 ,0.42 ,3.24   ,0.66  ,P3RHS0_1247 ,P3RHS0_1247 -> P3RDT999  ,8.10   ,1.64   ,15488.38   ,1  ,
P3RLV565  ,1 ,0.42 ,3.12   ,0.63  ,P3RHS0_1247 ,P3RHS0_1247 -> P3RDT999  ,7.80   ,1.58   ,14932.63   ,1  ,
P3RLV566  ,1 ,0.42 ,2.93   ,0.60  ,P3RHS0_1247 ,P3RHS0_1247 -> P3RDT999  ,7.33   ,1.49   ,14015.79   ,1  ,
P3RLV567  ,1 ,0.42 ,3.09   ,1.02  ,P3RHS0_1247 ,P3RHS0_1247 -> P3RDT999  ,7.73   ,2.54   ,21271.74   ,1  ,
P3RLV568  ,1 ,0.42 ,3.48   ,0.71  ,P3RHS0_1247 ,P3RHS0_1247 -> P3RDT999  ,8.69   ,1.76   ,16626.80   ,1  ,
P3RLV569  ,1 ,0.42 ,2.93   ,0.59  ,P3RHS0_1247 ,P3RHS0_1247 -> P3RDT999  ,7.32   ,1.49   ,14001.34   ,1  ,
P3RLV570  ,1 ,0.42 ,1.84   ,0.61  ,P3RHS0_1247 ,P3RHS0_1247 -> P3RDT999  ,4.61   ,1.51   ,12682.99   ,1  ,
P3RLV571  ,1 ,0.42 ,2.80   ,0.57  ,P3RHS0_1247 ,P3RHS0_1247 -> P3RDT999  ,7.01   ,1.42   ,13409.00   ,1  ,
P3RLV572  ,1 ,0.42 ,2.71   ,0.55  ,P3RHS0_1247 ,P3RHS0_1247 -> P3RDT999  ,6.78   ,1.38   ,12972.75   ,1  ,
P3RLV573  ,1 ,0.42 ,3.49   ,0.71  ,P3RHS0_1247 ,P3RHS0_1247 -> P3RDT999  ,8.73   ,1.77   ,16693.20   ,1  ,
P3RLV574  ,1 ,0.42 ,0.68   ,0.23  ,P3RHS0_1247 ,P3RHS0_1247 -> P3RDT999  ,1.71   ,0.56   ,4710.36    ,1  ,
P3RLV575  ,1 ,0.42 ,2.77   ,0.56  ,P3RHS0_1247 ,P3RHS0_1247 -> P3RDT999  ,6.93   ,1.41   ,13259.54   ,1  ,
P3RLV576  ,1 ,0.42 ,3.91   ,0.79  ,P3RHS0_1247 ,P3RHS0_1247 -> P3RDT999  ,9.78   ,1.99   ,18708.51   ,2  ,
P3RLV577  ,1 ,0.42 ,3.13   ,0.64  ,P3RHS0_1247 ,P3RHS0_1247 -> P3RDT999  ,7.83   ,1.59   ,14987.22   ,1  ,
P3RLV578  ,1 ,0.42 ,3.26   ,0.66  ,P3RHS0_1247 ,P3RHS0_1247 -> P3RDT999  ,8.16   ,1.66   ,15603.25   ,1  ,
P3RLV579  ,1 ,0.42 ,3.65   ,0.74  ,P3RHS0_1247 ,P3RHS0_1247 -> P3RDT999  ,9.13   ,1.85   ,17462.23   ,1  ,
P3RLV580  ,1 ,0.42 ,2.86   ,0.58  ,P3RHS0_1247 ,P3RHS0_1247 -> P3RDT999  ,7.15   ,1.45   ,13685.25   ,1  ,
P3RLV581  ,3 ,0.42 ,20.50  ,4.16  ,P3RHS0_1247 ,P3RHS0_1247 -> P3RDT999  ,51.24  ,10.41  ,223593.20  ,1  ,
P3RLV582  ,1 ,0.42 ,3.39   ,0.69  ,P3RHS0_1247 ,P3RHS0_1247 -> P3RDT999  ,8.47   ,1.72   ,16207.74   ,1  ,
P3RLV583  ,1 ,0.42 ,4.40   ,1.44  ,P3RHS0_1247 ,P3RHS0_1247 -> P3RDT999  ,10.99  ,3.61   ,30242.65   ,1  ,
P3RLV584  ,1 ,0.42 ,2.66   ,0.54  ,P3RHS0_1247 ,P3RHS0_1247 -> P3RDT999  ,6.65   ,1.35   ,12720.77   ,1  ,
P3RLV585  ,3 ,0.42 ,58.26  ,11.83 ,P3RHS0_1247 ,P3RHS0_1247 -> P3RDT999  ,145.64 ,29.57  ,637410.30  ,1  ,
P3RLV586  ,1 ,0.42 ,11.92  ,3.92  ,P3RHS0_1247 ,P3RHS0_1247 -> P3RDT999  ,29.81  ,9.80   ,82037.73   ,1  ,
P3RLV587  ,1 ,0.42 ,3.15   ,0.64  ,P3RHS0_1247 ,P3RHS0_1247 -> P3RDT999  ,7.88   ,1.60   ,15085.91   ,1  ,
P3RLV588  ,1 ,0.42 ,3.42   ,0.69  ,P3RHS0_1247 ,P3RHS0_1247 -> P3RDT999  ,8.55   ,1.74   ,16358.05   ,1  ,
P3RLV589  ,1 ,0.42 ,2.75   ,0.56  ,P3RHS0_1247 ,P3RHS0_1247 -> P3RDT999  ,6.86   ,1.39   ,13131.03   ,1  ,
P3RLV590  ,1 ,0.42 ,4.29   ,0.87  ,P3RHS0_1247 ,P3RHS0_1247 -> P3RDT999  ,10.73  ,2.18   ,20530.59   ,2  ,
P3RLV591  ,1 ,0.42 ,3.33   ,0.68  ,P3RHS0_1247 ,P3RHS0_1247 -> P3RDT999  ,8.33   ,1.69   ,15935.58   ,1  ,
P3RLV592  ,1 ,0.42 ,2.83   ,0.57  ,P3RHS0_1247 ,P3RHS0_1247 -> P3RDT999  ,7.07   ,1.44   ,13530.50   ,1  ,
P3RLV593  ,1 ,0.42 ,2.03   ,0.41  ,P3RHS0_1247 ,P3RHS0_1247 -> P3RDT999  ,5.08   ,1.03   ,10168.77   ,1  ,
P3RLV594  ,1 ,0.42 ,3.42   ,0.70  ,P3RHS0_1247 ,P3RHS0_1247 -> P3RDT999  ,8.56   ,1.74   ,16381.84   ,1  ,
P3RLV595  ,1 ,0.42 ,3.49   ,0.71  ,P3RHS0_1247 ,P3RHS0_1247 -> P3RDT999  ,8.73   ,1.77   ,16707.46   ,1  ,
P3RLV596  ,1 ,0.42 ,2.95   ,0.60  ,P3RHS0_1247 ,P3RHS0_1247 -> P3RDT999  ,7.37   ,1.50   ,14108.75   ,1  ,
P3RLV597  ,1 ,0.42 ,3.15   ,0.64  ,P3RHS0_1247 ,P3RHS0_1247 -> P3RDT999  ,7.88   ,1.60   ,15081.11   ,1  ,
P3RLV598  ,1 ,0.42 ,3.05   ,0.62  ,P3RHS0_1247 ,P3RHS0_1247 -> P3RDT999  ,7.62   ,1.55   ,14577.15   ,1  ,
P3RLV599  ,1 ,0.42 ,2.81   ,0.57  ,P3RHS0_1247 ,P3RHS0_1247 -> P3RDT999  ,7.02   ,1.42   ,13422.08   ,1  ,
P3RLV592  ,1 ,0.42 ,3.32   ,0.67  ,P3RHS0_1247 ,P3RHS0_1247 -> P3RDT999  ,8.30   ,1.69   ,15880.33   ,1  ,
P3RLV601  ,1 ,0.42 ,3.10   ,0.63  ,P3RHS0_1247 ,P3RHS0_1247 -> P3RDT999  ,7.76   ,1.58   ,14846.65   ,1  ,
P3RLV602  ,1 ,0.42 ,2.93   ,0.59  ,P3RHS0_1247 ,P3RHS0_1247 -> P3RDT999  ,7.31   ,1.49   ,13995.07   ,1  ,
P3RLV603  ,1 ,0.42 ,3.25   ,0.66  ,P3RHS0_1247 ,P3RHS0_1247 -> P3RDT999  ,8.13   ,1.65   ,15555.23   ,1  ,
P3RLV604  ,1 ,0.42 ,2.42   ,0.49  ,P3RHS0_1247 ,P3RHS0_1247 -> P3RDT999  ,6.06   ,1.23   ,11737.50   ,1  ,
P3RLV513  ,1 ,0.42 ,3.23   ,0.65  ,P3RHS0_1247 ,P3RHS0_1247 -> P3RDT999  ,8.06   ,1.64   ,15427.46   ,1  ,
P3RLV606  ,1 ,0.42 ,3.28   ,0.67  ,P3RHS0_1247 ,P3RHS0_1247 -> P3RDT999  ,8.21   ,1.67   ,15712.42   ,1  ,
P3RLV607  ,1 ,0.42 ,12.26  ,4.03  ,P3RHS0_1247 ,P3RHS0_1247 -> P3RDT999  ,30.66  ,10.08  ,84359.67   ,1  ,
P3RLV608  ,1 ,0.42 ,3.90   ,0.79  ,P3RHS0_1247 ,P3RHS0_1247 -> P3RDT999  ,9.75   ,1.98   ,18661.80   ,2  ,
P3RLV549  ,1 ,0.42 ,2.92   ,0.59  ,P3RHS0_1247 ,P3RHS0_1247 -> P3RDT999  ,7.29   ,1.48   ,13945.66   ,1  ,
P3RLV610  ,1 ,0.42 ,3.14   ,0.64  ,P3RHS0_1247 ,P3RHS0_1247 -> P3RDT999  ,7.84   ,1.59   ,15001.39   ,1  ,
P3RLV611  ,1 ,0.42 ,3.26   ,0.66  ,P3RHS0_1247 ,P3RHS0_1247 -> P3RDT999  ,8.14   ,1.65   ,15579.76   ,1  ,
P3RLV612  ,1 ,0.42 ,1.10   ,0.36  ,P3RHS0_1247 ,P3RHS0_1247 -> P3RDT999  ,2.75   ,0.91   ,7577.50    ,1  ,
P3RLV613  ,1 ,0.42 ,3.34   ,0.68  ,P3RHS0_1247 ,P3RHS0_1247 -> P3RDT999  ,8.36   ,1.70   ,15994.58   ,1  ,
P3RLV608  ,1 ,0.42 ,3.66   ,0.74  ,P3RHS0_1247 ,P3RHS0_1247 -> P3RDT999  ,9.14   ,1.86   ,17493.22   ,1  ,
P3RLV615  ,1 ,0.42 ,2.84   ,0.58  ,P3RHS0_1247 ,P3RHS0_1247 -> P3RDT999  ,7.10   ,1.44   ,13580.09   ,1  ,
P3RLV616  ,1 ,0.42 ,3.19   ,0.65  ,P3RHS0_1247 ,P3RHS0_1247 -> P3RDT999  ,7.98   ,1.62   ,15273.08   ,1  ,
P3RLV617  ,1 ,0.42 ,3.29   ,0.67  ,P3RHS0_1247 ,P3RHS0_1247 -> P3RDT999  ,8.23   ,1.67   ,15747.08   ,1  ,
P3RLV618  ,1 ,0.42 ,2.98   ,0.60  ,P3RHS0_1247 ,P3RHS0_1247 -> P3RDT999  ,7.44   ,1.51   ,14230.26   ,1  ,
P3RLV619  ,1 ,0.42 ,4.59   ,1.51  ,P3RHS0_1247 ,P3RHS0_1247 -> P3RDT1052 ,11.47  ,3.77   ,31550.12   ,1  ,
P3RLV620  ,1 ,0.42 ,11.02  ,3.62  ,P3RHS0_1247 ,P3RHS0_1247 -> P3RDT1052 ,27.54  ,9.05   ,75785.32   ,1  ,
P3RLV621  ,1 ,0.42 ,3.00   ,0.98  ,P3RHS0_1247 ,P3RHS0_1247 -> P3RDT836  ,7.49   ,2.46   ,20607.80   ,1  ,
P3RLV622  ,1 ,0.42 ,6.59   ,1.34  ,P3RHS0_1247 ,P3RHS0_1247 -> P3RDT836  ,16.49  ,3.35   ,31543.55   ,4  ,
P3RLV623  ,1 ,0.42 ,6.74   ,2.21  ,P3RHS0_1247 ,P3RHS0_1247 -> P3RDT836  ,16.84  ,5.53   ,46338.60   ,1  ,
P3RLV624  ,3 ,0.42 ,19.40  ,6.38  ,P3RHS0_1247 ,P3RHS0_1247 -> P3RDT836  ,48.49  ,15.94  ,133446.00  ,1  ,
P3RLV625  ,3 ,0.42 ,26.65  ,8.76  ,P3RHS0_1247 ,P3RHS0_1247 -> P3RDT836  ,66.63  ,21.90  ,183354.80  ,1  ,
P3RLV626  ,1 ,0.42 ,7.41   ,1.51  ,P3RHS0_1247 ,P3RHS0_1247 -> P3RDT836  ,18.53  ,3.76   ,35456.78   ,4  ,
P3RLV627  ,1 ,0.42 ,3.11   ,0.63  ,P3RHS0_1247 ,P3RHS0_1247 -> P3RDT836  ,7.78   ,1.58   ,14894.00   ,1  ,
P3RLV628  ,3 ,0.42 ,27.89  ,5.66  ,P3RHS0_1247 ,P3RHS0_1247 -> P3RDT999  ,69.73  ,14.16  ,205901.70  ,1  ,
P3RLV629  ,1 ,0.42 ,4.11   ,0.83  ,P3RHS0_1247 ,P3RHS0_1247 -> P3RDT836  ,10.26  ,2.08   ,19635.93   ,2  ,
P3RLV630  ,1 ,0.42 ,3.50   ,0.71  ,P3RHS0_1247 ,P3RHS0_1247 -> P3RDT836  ,8.76   ,1.78   ,16751.77   ,1  ,
P3RLV631  ,1 ,0.42 ,3.32   ,1.09  ,P3RHS0_1247 ,P3RHS0_1247 -> P3RDT836  ,8.30   ,2.73   ,22834.47   ,1  ,
P3RLV632  ,1 ,0.42 ,5.23   ,1.06  ,P3RHS0_1247 ,P3RHS0_1247 -> P3RDT836  ,13.07  ,2.65   ,25007.07   ,3  ,
P3RLV633  ,1 ,0.42 ,16.51  ,5.43  ,P3RHS0_1247 ,P3RHS0_1247 -> P3RDT999  ,41.28  ,13.57  ,113593.00  ,1  ,
P3RLV634  ,1 ,0.42 ,4.99   ,1.01  ,P3RHS0_1247 ,P3RHS0_1247 -> P3RDT836  ,12.47  ,2.53   ,23849.29   ,2  ,
P3RLV635  ,1 ,0.42 ,15.48  ,3.14  ,P3RHS0_1247 ,P3RHS0_1247 -> P3RDT999  ,38.71  ,7.86   ,119612.60  ,1  ,
P3RLV636  ,3 ,0.42 ,68.15  ,13.84 ,P3RHS0_1247 ,P3RHS0_1247 -> P3RDT999  ,170.37 ,34.59  ,485770.80  ,1  ,
P3RLV637  ,1 ,0.42 ,10.92  ,2.22  ,P3RHS0_1247 ,P3RHS0_1247 -> P3RDT836  ,27.30  ,5.54   ,52240.17   ,7  ,
P3RLV638  ,3 ,0.42 ,24.76  ,5.03  ,P3RHS0_1247 ,P3RHS0_1247 -> P3RDT999  ,61.89  ,12.57  ,184103.50  ,1  ,
P3RLV639  ,1 ,0.42 ,0.91   ,0.30  ,P3RHS0_1247 ,P3RHS0_1247 -> P3RDT656  ,2.27   ,0.74   ,6237.04    ,1  ,
P3RLV640  ,1 ,0.42 ,3.65   ,1.20  ,P3RHS0_1247 ,P3RHS0_1247 -> P3RDT656  ,9.12   ,3.00   ,25099.01   ,1  ,
P3RLV641  ,1 ,0.42 ,6.99   ,2.30  ,P3RHS0_1247 ,P3RHS0_1247 -> P3RDT656  ,17.48  ,5.74   ,48088.23   ,1  ,
P3RLV642  ,1 ,0.42 ,2.44   ,0.80  ,P3RHS0_1247 ,P3RHS0_1247 -> P3RDT656  ,6.09   ,2.00   ,16767.52   ,1  ,
P3RLV643  ,1 ,0.42 ,5.28   ,1.73  ,P3RHS0_1247 ,P3RHS0_1247 -> P3RDT656  ,13.19  ,4.34   ,36304.18   ,1  ,
P3RLV644  ,1 ,0.42 ,2.09   ,0.69  ,P3RHS0_1247 ,P3RHS0_1247 -> P3RDT656  ,5.22   ,1.72   ,14368.21   ,1  ,
P3RLV645  ,1 ,0.42 ,6.18   ,2.03  ,P3RHS0_1247 ,P3RHS0_1247 -> P3RDT656  ,15.45  ,5.08   ,42524.11   ,1  ,
P3RLV646  ,1 ,0.42 ,3.98   ,1.31  ,P3RHS0_1247 ,P3RHS0_1247 -> P3RDT656  ,9.96   ,3.27   ,27408.54   ,1  ,
P3RLV647  ,1 ,0.42 ,3.83   ,1.26  ,P3RHS0_1247 ,P3RHS0_1247 -> P3RDT656  ,9.59   ,3.15   ,26376.61   ,1  ,
P3RLV648  ,3 ,0.42 ,79.24  ,16.09 ,P3RHS0_1247 ,P3RHS0_1247 -> P3RDT656  ,198.11 ,40.23  ,562922.60  ,1  ,
P3RLV649  ,1 ,0.42 ,2.13   ,0.43  ,P3RHS0_1247 ,P3RHS0_1247 -> P3RDT656  ,5.33   ,1.08   ,17923.87   ,1  ,
P3RLV650  ,1 ,0.42 ,14.56  ,2.96  ,P3RHS0_1247 ,P3RHS0_1247 -> P3RDT656  ,36.40  ,7.39   ,113205.10  ,1  ,
P3RLV651  ,1 ,0.42 ,2.20   ,0.45  ,P3RHS0_1247 ,P3RHS0_1247 -> P3RDT656  ,5.50   ,1.12   ,18492.16   ,1  ,
P3RLV652  ,1 ,0.42 ,15.96  ,3.24  ,P3RHS0_1247 ,P3RHS0_1247 -> P3RDT656  ,39.89  ,8.10   ,122907.20  ,1  ,
P3RLV653  ,1 ,0.42 ,3.31   ,1.09  ,P3RHS0_1247 ,P3RHS0_1247 -> P3RDT656  ,8.27   ,2.72   ,22763.57   ,1  ,
P3RLV654  ,1 ,0.42 ,3.83   ,1.26  ,P3RHS0_1247 ,P3RHS0_1247 -> P3RDT656  ,9.58   ,3.15   ,26358.51   ,1  ,
P3RLV655  ,1 ,0.42 ,2.77   ,0.91  ,P3RHS0_1247 ,P3RHS0_1247 -> P3RDT656  ,6.93   ,2.28   ,19063.33   ,1  ,
P3RLV656  ,1 ,0.42 ,5.37   ,1.77  ,P3RHS0_1247 ,P3RHS0_1247 -> P3RDT656  ,13.44  ,4.42   ,36971.80   ,1  ,
P3RLV657  ,1 ,0.42 ,10.97  ,3.61  ,P3RHS0_1247 ,P3RHS0_1247 -> P3RDT836  ,27.43  ,9.02   ,75493.36   ,1  ,
P3RLV658  ,1 ,0.42 ,3.48   ,1.14  ,P3RHS0_1247 ,P3RHS0_1247 -> P3RDT836  ,8.71   ,2.86   ,23961.79   ,1  ,
P3RLV659  ,1 ,0.42 ,5.08   ,1.03  ,P3RHS0_1247 ,P3RHS0_1247 -> P3RDT831  ,12.71  ,2.58   ,24308.52   ,2  ,
P3RLV660  ,1 ,0.42 ,2.44   ,0.49  ,P3RHS0_1247 ,P3RHS0_1247 -> P3RDT831  ,6.09   ,1.24   ,11789.92   ,1  ,
P3RLV661  ,1 ,0.42 ,3.60   ,0.73  ,P3RHS0_1247 ,P3RHS0_1247 -> P3RDT831  ,8.99   ,1.83   ,17207.78   ,1  ,
P3RLV662  ,1 ,0.42 ,3.09   ,0.63  ,P3RHS0_1247 ,P3RHS0_1247 -> P3RDT831  ,7.72   ,1.57   ,14768.79   ,1  ,
P3RLV663  ,1 ,0.42 ,4.75   ,1.56  ,P3RHS0_1247 ,P3RHS0_1247 -> P3RDT999  ,11.86  ,3.90   ,32646.36   ,1  ,
P3RLV664  ,1 ,0.42 ,3.41   ,1.12  ,P3RHS0_1247 ,P3RHS0_1247 -> P3RDT1052 ,8.53   ,2.80   ,23476.27   ,1  ,
P3RLV665  ,1 ,0.42 ,6.21   ,2.04  ,P3RHS0_1247 ,P3RHS0_1247 -> P3RDT1052 ,15.52  ,5.10   ,42709.73   ,1  ,
P3RLV666  ,1 ,0.42 ,6.65   ,2.19  ,P3RHS0_1247 ,P3RHS0_1247 -> P3RDT999  ,16.63  ,5.47   ,45755.87   ,1  ,
P3RLV667  ,1 ,0.42 ,2.09   ,0.69  ,P3RHS0_1247 ,P3RHS0_1247 -> P3RDT999  ,5.24   ,1.72   ,14409.73   ,1  ,
P3RLV668  ,1 ,0.42 ,2.36   ,0.48  ,P3RHS0_1247 ,P3RHS0_1247 -> P3RDT999  ,5.91   ,1.20   ,11495.94   ,1  ,
P3RLV669  ,1 ,0.42 ,1.56   ,0.51  ,P3RHS0_1247 ,P3RHS0_1247 -> P3RDT999  ,3.91   ,1.28   ,10750.43   ,1  ,
P3RLV670  ,1 ,0.42 ,3.23   ,0.66  ,P3RHS0_1247 ,P3RHS0_1247 -> P3RDT999  ,8.07   ,1.64   ,15436.86   ,1  ,
P3RLV671  ,1 ,0.42 ,1.68   ,0.55  ,P3RHS0_1247 ,P3RHS0_1247 -> P3RDT999  ,4.19   ,1.38   ,11538.56   ,1  ,
P3RLV672  ,1 ,0.42 ,5.57   ,1.13  ,P3RHS0_1247 ,P3RHS0_1247 -> P3RDT999  ,13.93  ,2.83   ,26657.41   ,3  ,
P3RLV673  ,1 ,0.42 ,1.18   ,0.24  ,P3RHS0_1247 ,P3RHS0_1247 -> P3RDT999  ,2.94   ,0.60   ,6521.62    ,1  ,
P3RLV674  ,1 ,0.42 ,3.73   ,1.22  ,P3RHS0_1247 ,P3RHS0_1247 -> P3RDT999  ,9.32   ,3.06   ,25633.37   ,1  ,
P3RLV675  ,1 ,0.42 ,5.07   ,1.03  ,P3RHS0_1247 ,P3RHS0_1247 -> P3RDT999  ,12.68  ,2.57   ,24259.04   ,2  ,
P3RLV676  ,1 ,0.42 ,3.88   ,0.79  ,P3RHS0_1247 ,P3RHS0_1247 -> P3RDT999  ,9.70   ,1.97   ,18562.73   ,2  ,
P3RLV677  ,1 ,0.42 ,4.10   ,0.83  ,P3RHS0_1247 ,P3RHS0_1247 -> P3RDT999  ,10.24  ,2.08   ,19592.44   ,2  ,
P3RLV678  ,1 ,0.42 ,3.29   ,0.67  ,P3RHS0_1247 ,P3RHS0_1247 -> P3RDT999  ,8.22   ,1.67   ,15733.82   ,1  ,
P3RLV679  ,1 ,0.42 ,2.98   ,0.98  ,P3RHS0_1247 ,P3RHS0_1247 -> P3RDT999  ,7.44   ,2.45   ,20482.62   ,1  ,
P3RLV680  ,1 ,0.42 ,15.12  ,4.97  ,P3RHS0_1247 ,P3RHS0_1247 -> P3RDT999  ,37.81  ,12.43  ,104041.00  ,1  ,
P3RLV681  ,1 ,0.42 ,3.06   ,0.62  ,P3RHS0_1247 ,P3RHS0_1247 -> P3RDT999  ,7.65   ,1.55   ,14627.77   ,1  ,
P3RLV682  ,1 ,0.42 ,2.86   ,0.94  ,P3RHS0_1247 ,P3RHS0_1247 -> P3RDT999  ,7.16   ,2.35   ,19708.54   ,1  ,
P3RLV683  ,1 ,0.42 ,1.11   ,0.36  ,P3RHS0_1247 ,P3RHS0_1247 -> P3RDT656  ,2.77   ,0.91   ,7618.12    ,1  ,
P3RLV684  ,1 ,0.42 ,0.68   ,0.22  ,P3RHS0_1247 ,P3RHS0_1247 -> P3RDT999  ,1.71   ,0.56   ,4704.29    ,1  ,
P3RLV685  ,1 ,0.42 ,0.63   ,0.21  ,P3RHS0_1247 ,P3RHS0_1247 -> P3RDT999  ,1.58   ,0.52   ,4352.10    ,1  ,
P3RLV686  ,1 ,0.42 ,8.47   ,2.78  ,P3RHS0_1247 ,P3RHS0_1247 -> P3RDT656  ,21.18  ,6.96   ,58273.48   ,1  ,
P3RLV687  ,1 ,0.42 ,8.31   ,2.73  ,P3RHS0_1247 ,P3RHS0_1247 -> P3RDT656  ,20.78  ,6.83   ,57188.20   ,1  ,
P3RLV688  ,1 ,0.42 ,3.51   ,0.71  ,P3RHS0_1247 ,P3RHS0_1247 -> P3RDT999  ,8.77   ,1.78   ,16781.09   ,1  ,
P3RLV689  ,1 ,0.42 ,1.02   ,0.33  ,P3RHS0_1247 ,P3RHS0_1247 -> P3RDT656  ,2.55   ,0.84   ,7008.41    ,1  ,
P3RLV690  ,1 ,0.42 ,1.77   ,0.58  ,P3RHS0_1247 ,P3RHS0_1247 -> P3RDT656  ,4.44   ,1.46   ,12210.90   ,1  ,
P3RLV691  ,1 ,0.42 ,8.22   ,2.70  ,P3RHS0_1247 ,P3RHS0_1247 -> P3RDT656  ,20.54  ,6.75   ,56518.32   ,1  ,
P3RLV692  ,1 ,0.42 ,2.76   ,0.91  ,P3RHS0_1247 ,P3RHS0_1247 -> P3RDT656  ,6.90   ,2.27   ,18979.47   ,1  ,
P3RLV693  ,1 ,0.42 ,1.25   ,0.25  ,P3RHS0_1247 ,P3RHS0_1247 -> P3RDT999  ,3.12   ,0.63   ,6857.60    ,1  ,
P3RLV694  ,1 ,0.42 ,3.65   ,1.20  ,P3RHS0_1247 ,P3RHS0_1247 -> P3RDT656  ,9.13   ,3.00   ,25113.84   ,1  ,
P3RLV695  ,1 ,0.42 ,3.82   ,0.78  ,P3RHS0_1247 ,P3RHS0_1247 -> P3RDT656  ,9.56   ,1.94   ,18295.09   ,1  ,
P3RLV696  ,1 ,0.42 ,6.97   ,2.29  ,P3RHS0_1247 ,P3RHS0_1247 -> P3RDT656  ,17.43  ,5.73   ,47959.03   ,1  ,
P3RLV697  ,1 ,0.42 ,5.87   ,1.93  ,P3RHS0_1247 ,P3RHS0_1247 -> P3RDT999  ,14.69  ,4.83   ,40415.75   ,1  ,
P3RLV698  ,1 ,0.42 ,1.23   ,0.40  ,P3RHS0_1247 ,P3RHS0_1247 -> P3RDT999  ,3.08   ,1.01   ,8473.84    ,1  ,
P3RLV699  ,1 ,0.42 ,11.00  ,3.61  ,P3RHS0_1247 ,P3RHS0_1247 -> P3RDT656  ,27.49  ,9.04   ,75651.73   ,1  ,
P3RLV700  ,1 ,0.42 ,1.00   ,0.20  ,P3RHS0_1247 ,P3RHS0_1247 -> P3RDT656  ,2.49   ,0.51   ,5693.75    ,1  ,
P3RLV701  ,3 ,0.42 ,75.42  ,15.32 ,P3RHS0_1247 ,P3RHS0_1247 -> P3RDT999  ,188.56 ,38.29  ,536352.80  ,1  ,
P3RLV702  ,1 ,0.42 ,11.46  ,3.77  ,P3RHS0_1247 ,P3RHS0_1247 -> P3RDT656  ,28.66  ,9.42   ,78854.12   ,1  ,
P3RLV703  ,1 ,0.42 ,1.91   ,0.63  ,P3RHS0_1247 ,P3RHS0_1247 -> P3RDT999  ,4.76   ,1.57   ,13106.62   ,1  ,
P3RLV704  ,1 ,0.42 ,3.36   ,0.68  ,P3RHS0_1247 ,P3RHS0_1247 -> P3RDT999  ,8.40   ,1.71   ,16069.35   ,1  ,
P3RLV705  ,1 ,0.42 ,11.72  ,3.85  ,P3RHS0_1247 ,P3RHS0_1247 -> P3RDT656  ,29.31  ,9.63   ,80649.70   ,1  ,
P3RLV706  ,1 ,0.42 ,5.52   ,1.81  ,P3RHS0_1247 ,P3RHS0_1247 -> P3RDT656  ,13.80  ,4.54   ,37980.80   ,1  ,
P3RLV707  ,1 ,0.42 ,3.91   ,1.28  ,P3RHS0_1247 ,P3RHS0_1247 -> P3RDT656  ,9.77   ,3.21   ,26888.19   ,1  ,
P3RLV708  ,1 ,0.42 ,1.41   ,0.46  ,P3RHS0_1247 ,P3RHS0_1247 -> P3RDT999  ,3.51   ,1.15   ,9668.63    ,1  ,
P3RLV709  ,1 ,0.42 ,10.84  ,3.56  ,P3RHS0_1247 ,P3RHS0_1247 -> P3RDT656  ,27.10  ,8.91   ,74569.50   ,1  ,
P3RLV710  ,1 ,0.42 ,2.83   ,0.58  ,P3RHS0_1247 ,P3RHS0_1247 -> P3RDT999  ,7.08   ,1.44   ,13548.58   ,1  ,
P3RLV711  ,1 ,0.42 ,3.00   ,0.61  ,P3RHS0_1247 ,P3RHS0_1247 -> P3RDT656  ,7.51   ,1.52   ,14367.05   ,1  ,
P3RLV712  ,1 ,0.42 ,2.59   ,0.85  ,P3RHS0_1247 ,P3RHS0_1247 -> P3RDT999  ,6.47   ,2.13   ,17814.28   ,1  ,
P3RLV713  ,1 ,0.42 ,3.60   ,1.18  ,P3RHS0_1247 ,P3RHS0_1247 -> P3RDT999  ,8.99   ,2.96   ,24741.07   ,1  ,
P3RLV714  ,1 ,0.42 ,3.82   ,0.78  ,P3RHS0_1247 ,P3RHS0_1247 -> P3RDT999  ,9.55   ,1.94   ,18266.79   ,1  ,
P3RLV715  ,1 ,0.42 ,3.24   ,0.66  ,P3RHS0_1247 ,P3RHS0_1247 -> P3RDT999  ,8.10   ,1.65   ,15501.32   ,1  ,
P3RLV716  ,1 ,0.42 ,7.22   ,1.47  ,P3RHS0_1247 ,P3RHS0_1247 -> P3RDT999  ,18.05  ,3.67   ,34533.73   ,4  ,
P3RLV717  ,1 ,0.42 ,4.66   ,1.53  ,P3RHS0_1247 ,P3RHS0_1247 -> P3RDT999  ,11.65  ,3.83   ,32049.52   ,1  ,
P3RLV718  ,1 ,0.42 ,13.16  ,2.67  ,P3RHS0_1247 ,P3RHS0_1247 -> P3RDT999  ,32.90  ,6.68   ,103454.50  ,1  ,
P3RLV719  ,1 ,0.42 ,15.10  ,3.07  ,P3RHS0_1247 ,P3RHS0_1247 -> P3RDT999  ,37.76  ,7.67   ,116975.00  ,1  ,
P3RLV720  ,1 ,0.42 ,4.96   ,1.01  ,P3RHS0_1247 ,P3RHS0_1247 -> P3RDT836  ,12.41  ,2.52   ,23736.13   ,2  ,
P3RLV721  ,1 ,0.42 ,4.09   ,0.83  ,P3RHS0_1247 ,P3RHS0_1247 -> P3RDT836  ,10.22  ,2.07   ,19548.70   ,2  ,
P3RLV722  ,1 ,0.42 ,1.26   ,0.41  ,P3RHS0_1247 ,P3RHS0_1247 -> P3RDT836  ,3.15   ,1.04   ,8678.84    ,1  ,
P3RLV723  ,1 ,0.42 ,9.44   ,3.10  ,P3RHS0_1247 ,P3RHS0_1247 -> P3RDT836  ,23.61  ,7.76   ,64969.36   ,1  ,
P3RLV724  ,1 ,0.42 ,7.74   ,2.54  ,P3RHS0_1247 ,P3RHS0_1247 -> P3RDT836  ,19.34  ,6.36   ,53215.07   ,1  ,
P3RLV725  ,1 ,0.42 ,2.82   ,0.57  ,P3RHS0_1247 ,P3RHS0_1247 -> P3RDT836  ,7.04   ,1.43   ,13465.22   ,1  ,
P3RLV726  ,1 ,0.42 ,3.07   ,1.01  ,P3RHS0_1247 ,P3RHS0_1247 -> P3RDT836  ,7.66   ,2.52   ,21090.61   ,1  ,
P3RLV727  ,1 ,0.42 ,2.75   ,0.90  ,P3RHS0_1247 ,P3RHS0_1247 -> P3RDT836  ,6.88   ,2.26   ,18939.43   ,1  ,
P3RLV728  ,1 ,0.42 ,3.01   ,0.61  ,P3RHS0_1247 ,P3RHS0_1247 -> P3RDT836  ,7.53   ,1.53   ,14398.62   ,1  ,
P3RLV729  ,1 ,0.42 ,13.01  ,4.27  ,P3RHS0_1247 ,P3RHS0_1247 -> P3RDT836  ,32.51  ,10.69  ,89468.82   ,1  ,
P3RLV730  ,1 ,0.42 ,3.10   ,1.02  ,P3RHS0_1247 ,P3RHS0_1247 -> P3RDT836  ,7.74   ,2.54   ,21297.05   ,1  ,
P3RLV731  ,1 ,0.42 ,3.61   ,1.19  ,P3RHS0_1247 ,P3RHS0_1247 -> P3RDT836  ,9.03   ,2.97   ,24855.53   ,1  ,
P3RLV732  ,1 ,0.42 ,2.83   ,0.93  ,P3RHS0_1247 ,P3RHS0_1247 -> P3RDT836  ,7.08   ,2.33   ,19485.27   ,1  ,
P3RLV733  ,1 ,0.42 ,2.79   ,0.92  ,P3RHS0_1247 ,P3RHS0_1247 -> P3RDT836  ,6.96   ,2.29   ,19164.75   ,1  ,
P3RLV734  ,1 ,0.42 ,12.44  ,4.09  ,P3RHS0_1247 ,P3RHS0_1247 -> P3RDT836  ,31.09  ,10.22  ,85551.38   ,1  ,
P3RLV735  ,1 ,0.42 ,3.91   ,1.29  ,P3RHS0_1247 ,P3RHS0_1247 -> P3RDT836  ,9.78   ,3.21   ,26905.47   ,1  ,
P3RLV736  ,1 ,0.42 ,5.18   ,1.70  ,P3RHS0_1247 ,P3RHS0_1247 -> P3RDT836  ,12.96  ,4.26   ,35655.98   ,1  ,
P3RLV737  ,1 ,0.42 ,4.21   ,0.86  ,P3RHS0_1247 ,P3RHS0_1247 -> P3RDT836  ,10.53  ,2.14   ,20143.32   ,2  ,
P3RLV738  ,1 ,0.42 ,1.14   ,0.37  ,P3RHS0_1247 ,P3RHS0_1247 -> P3RDT836  ,2.84   ,0.93   ,7823.67    ,1  ,
P3RLV739  ,1 ,0.42 ,5.49   ,1.81  ,P3RHS0_1247 ,P3RHS0_1247 -> P3RDT836  ,13.74  ,4.51   ,37799.76   ,1  ,
P3RLV740  ,1 ,0.42 ,0.96   ,0.32  ,P3RHS0_1247 ,P3RHS0_1247 -> P3RDT836  ,2.40   ,0.79   ,6603.63    ,1  ,
P3RLV741  ,1 ,0.42 ,7.32   ,2.41  ,P3RHS0_1247 ,P3RHS0_1247 -> P3RDT836  ,18.31  ,6.02   ,50384.61   ,1  ,
P3RLV742  ,1 ,0.42 ,3.03   ,0.62  ,P3RHS0_1247 ,P3RHS0_1247 -> P3RDT836  ,7.58   ,1.54   ,14493.39   ,1  ,
P3RLV743  ,1 ,0.42 ,7.45   ,2.45  ,P3RHS0_1247 ,P3RHS0_1247 -> P3RDT831  ,18.63  ,6.12   ,51277.60   ,1  ,
P3RLV744  ,1 ,0.42 ,7.78   ,1.58  ,P3RHS0_1247 ,P3RHS0_1247 -> P3RDT836  ,19.45  ,3.95   ,37203.75   ,4  ,
P3RLV745  ,1 ,0.42 ,3.64   ,0.74  ,P3RHS0_1247 ,P3RHS0_1247 -> P3RDT836  ,9.09   ,1.85   ,17398.75   ,1  ,
P3RLV746  ,1 ,0.42 ,5.67   ,1.15  ,P3RHS0_1247 ,P3RHS0_1247 -> P3RDT836  ,14.18  ,2.88   ,27121.59   ,3  ,
P3RLV747  ,1 ,0.42 ,3.20   ,0.65  ,P3RHS0_1247 ,P3RHS0_1247 -> P3RDT836  ,7.99   ,1.62   ,15293.97   ,1  ,
P3RLV748  ,1 ,0.42 ,3.80   ,0.77  ,P3RHS0_1247 ,P3RHS0_1247 -> P3RDT836  ,9.51   ,1.93   ,18186.57   ,1  ,
P3RLV749  ,1 ,0.42 ,5.37   ,1.09  ,P3RHS0_1247 ,P3RHS0_1247 -> P3RDT836  ,13.42  ,2.73   ,25683.34   ,3  ,
P3RLV750  ,1 ,0.42 ,3.57   ,0.72  ,P3RHS0_1247 ,P3RHS0_1247 -> P3RDT836  ,8.92   ,1.81   ,17067.42   ,1  ,
P3RLV751  ,1 ,0.42 ,6.46   ,1.31  ,P3RHS0_1247 ,P3RHS0_1247 -> P3RDT836  ,16.16  ,3.28   ,30913.43   ,3  ,
P3RLV752  ,1 ,0.42 ,5.61   ,1.14  ,P3RHS0_1247 ,P3RHS0_1247 -> P3RDT836  ,14.03  ,2.85   ,26837.70   ,3  ,
P3RLV753  ,1 ,0.42 ,12.85  ,2.61  ,P3RHS0_1247 ,P3RHS0_1247 -> P3RDT836  ,32.13  ,6.52   ,61464.98   ,8  ,
P3RLV754  ,1 ,0.42 ,4.84   ,0.98  ,P3RHS0_1247 ,P3RHS0_1247 -> P3RDT836  ,12.10  ,2.46   ,23149.83   ,2  ,
P3RLV755  ,1 ,0.42 ,4.63   ,0.94  ,P3RHS0_1247 ,P3RHS0_1247 -> P3RDT836  ,11.57  ,2.35   ,22142.74   ,2  ,
P3RLV756  ,1 ,0.42 ,5.55   ,1.13  ,P3RHS0_1247 ,P3RHS0_1247 -> P3RDT836  ,13.87  ,2.82   ,26527.92   ,3  ,
P3RLV757  ,1 ,0.42 ,16.75  ,3.40  ,P3RHS0_1247 ,P3RHS0_1247 -> P3RDT836  ,41.87  ,8.50   ,80103.92   ,11 ,
P3RLV758  ,1 ,0.42 ,3.42   ,0.69  ,P3RHS0_1247 ,P3RHS0_1247 -> P3RDT836  ,8.54   ,1.74   ,16348.39   ,1  ,
P3RLV759  ,1 ,0.42 ,3.56   ,0.72  ,P3RHS0_1247 ,P3RHS0_1247 -> P3RDT836  ,8.91   ,1.81   ,17051.40   ,1  ,
P3RLV760  ,1 ,0.42 ,3.05   ,1.00  ,P3RHS0_1247 ,P3RHS0_1247 -> P3RDT831  ,7.63   ,2.51   ,21005.85   ,1  ,
P3RLV761  ,1 ,0.42 ,7.14   ,1.45  ,P3RHS0_1247 ,P3RHS0_1247 -> P3RDT836  ,17.85  ,3.63   ,34158.22   ,4  ,
P3RLV762  ,1 ,0.42 ,6.12   ,1.24  ,P3RHS0_1247 ,P3RHS0_1247 -> P3RDT836  ,15.31  ,3.11   ,29290.87   ,3  ,
P3RLV763  ,1 ,0.42 ,5.04   ,1.02  ,P3RHS0_1247 ,P3RHS0_1247 -> P3RDT836  ,12.61  ,2.56   ,24127.45   ,2  ,
P3RLV764  ,1 ,0.42 ,4.46   ,0.91  ,P3RHS0_1247 ,P3RHS0_1247 -> P3RDT836  ,11.16  ,2.27   ,21345.02   ,2  ,
P3RLV765  ,1 ,0.42 ,10.56  ,2.14  ,P3RHS0_1247 ,P3RHS0_1247 -> P3RDT836  ,26.39  ,5.36   ,50498.76   ,7  ,
P3RLV766  ,1 ,0.42 ,4.94   ,1.00  ,P3RHS0_1247 ,P3RHS0_1247 -> P3RDT836  ,12.36  ,2.51   ,23644.81   ,2  ,
P3RLV767  ,1 ,0.42 ,1.16   ,0.24  ,P3RHS0_1247 ,P3RHS0_1247 -> P3RDT836  ,2.90   ,0.59   ,6446.48    ,1  ,
P3RLV768  ,1 ,0.42 ,4.36   ,0.88  ,P3RHS0_1247 ,P3RHS0_1247 -> P3RDT836  ,10.89  ,2.21   ,20837.10   ,2  ,
P3RLV769  ,1 ,0.42 ,8.29   ,1.68  ,P3RHS0_1247 ,P3RHS0_1247 -> P3RDT836  ,20.74  ,4.21   ,39676.09   ,5  ,
P3RLV770  ,1 ,0.42 ,3.82   ,0.77  ,P3RHS0_1247 ,P3RHS0_1247 -> P3RDT836  ,9.54   ,1.94   ,18252.06   ,1  ,
P3RLV771  ,1 ,0.42 ,5.18   ,1.05  ,P3RHS0_1247 ,P3RHS0_1247 -> P3RDT836  ,12.96  ,2.63   ,24792.76   ,3  ,
P3RLV772  ,1 ,0.42 ,4.34   ,0.88  ,P3RHS0_1247 ,P3RHS0_1247 -> P3RDT836  ,10.84  ,2.20   ,20737.99   ,2  ,
P3RLV773  ,1 ,0.42 ,2.94   ,0.60  ,P3RHS0_1247 ,P3RHS0_1247 -> P3RDT836  ,7.36   ,1.49   ,14073.54   ,1  ,
P3RLV774  ,1 ,0.42 ,5.60   ,1.14  ,P3RHS0_1247 ,P3RHS0_1247 -> P3RDT836  ,14.00  ,2.84   ,26784.45   ,3  ,
P3RLV775  ,1 ,0.42 ,4.26   ,0.87  ,P3RHS0_1247 ,P3RHS0_1247 -> P3RDT836  ,10.66  ,2.17   ,20399.66   ,2  ,
P3RLV776  ,1 ,0.42 ,7.87   ,1.60  ,P3RHS0_1247 ,P3RHS0_1247 -> P3RDT836  ,19.68  ,4.00   ,37650.01   ,5  ,
P3RLV777  ,1 ,0.42 ,2.95   ,0.60  ,P3RHS0_1247 ,P3RHS0_1247 -> P3RDT831  ,7.37   ,1.50   ,14092.70   ,1  ,
P3RLV778  ,1 ,0.42 ,8.39   ,1.70  ,P3RHS0_1247 ,P3RHS0_1247 -> P3RDT836  ,20.97  ,4.26   ,40127.34   ,5  ,
P3RLV779  ,1 ,0.42 ,8.34   ,1.69  ,P3RHS0_1247 ,P3RHS0_1247 -> P3RDT836  ,20.85  ,4.23   ,39888.99   ,5  ,
P3RLV780  ,1 ,0.42 ,6.71   ,1.36  ,P3RHS0_1247 ,P3RHS0_1247 -> P3RDT836  ,16.78  ,3.41   ,32105.62   ,4  ,
P3RLV781  ,1 ,0.42 ,8.00   ,1.62  ,P3RHS0_1247 ,P3RHS0_1247 -> P3RDT836  ,20.00  ,4.06   ,38267.18   ,5  ,
P3RLV782  ,1 ,0.42 ,4.59   ,0.93  ,P3RHS0_1247 ,P3RHS0_1247 -> P3RDT836  ,11.48  ,2.33   ,21964.63   ,2  ,
P3RLV783  ,1 ,0.42 ,4.48   ,0.91  ,P3RHS0_1247 ,P3RHS0_1247 -> P3RDT836  ,11.20  ,2.27   ,21424.88   ,2  ,
P3RLV784  ,1 ,0.42 ,5.65   ,1.15  ,P3RHS0_1247 ,P3RHS0_1247 -> P3RDT836  ,14.13  ,2.87   ,27035.41   ,3  ,
P3RLV785  ,1 ,0.42 ,2.73   ,0.55  ,P3RHS0_1247 ,P3RHS0_1247 -> P3RDT836  ,6.81   ,1.38   ,13036.54   ,1  ,
P3RLV786  ,1 ,0.42 ,5.76   ,1.17  ,P3RHS0_1247 ,P3RHS0_1247 -> P3RDT836  ,14.39  ,2.92   ,27535.28   ,3  ,
P3RLV787  ,1 ,0.42 ,4.67   ,0.95  ,P3RHS0_1247 ,P3RHS0_1247 -> P3RDT836  ,11.68  ,2.37   ,22345.91   ,2  ,
P3RLV788  ,1 ,0.42 ,0.93   ,0.19  ,P3RHS0_1247 ,P3RHS0_1247 -> P3RDT836  ,2.33   ,0.47   ,5395.16    ,1  ,
P3RLV789  ,1 ,0.42 ,3.11   ,0.63  ,P3RHS0_1247 ,P3RHS0_1247 -> P3RDT836  ,7.79   ,1.58   ,14895.84   ,1  ,
P3RLV790  ,1 ,0.42 ,6.86   ,1.39  ,P3RHS0_1247 ,P3RHS0_1247 -> P3RDT836  ,17.14  ,3.48   ,32790.03   ,4  ,
P3RLV791  ,1 ,0.42 ,3.84   ,0.78  ,P3RHS0_1247 ,P3RHS0_1247 -> P3RDT836  ,9.60   ,1.95   ,18370.01   ,2  ,
P3RLV792  ,1 ,0.42 ,8.70   ,1.77  ,P3RHS0_1247 ,P3RHS0_1247 -> P3RDT836  ,21.74  ,4.42   ,41602.76   ,5  ,
P3RLV793  ,1 ,0.42 ,4.08   ,0.83  ,P3RHS0_1247 ,P3RHS0_1247 -> P3RDT836  ,10.21  ,2.07   ,19530.22   ,2  ,
P3RLV794  ,1 ,0.42 ,3.94   ,0.80  ,P3RHS0_1247 ,P3RHS0_1247 -> P3RDT836  ,9.84   ,2.00   ,18827.13   ,2  ,
P3RLV795  ,1 ,0.42 ,1.07   ,0.22  ,P3RHS0_1247 ,P3RHS0_1247 -> P3RDT836  ,2.68   ,0.54   ,6039.16    ,1  ,
P3RLV796  ,1 ,0.42 ,5.25   ,1.07  ,P3RHS0_1247 ,P3RHS0_1247 -> P3RDT836  ,13.12  ,2.66   ,25097.80   ,3  ,
P3RLV797  ,1 ,0.42 ,6.41   ,1.30  ,P3RHS0_1247 ,P3RHS0_1247 -> P3RDT836  ,16.03  ,3.25   ,30668.46   ,3  ,
P3RLV798  ,1 ,0.42 ,3.21   ,0.65  ,P3RHS0_1247 ,P3RHS0_1247 -> P3RDT836  ,8.02   ,1.63   ,15341.13   ,1  ,
P3RLV799  ,1 ,0.42 ,0.79   ,0.26  ,P3RHS0_1247 ,P3RHS0_1247 -> P3RDT656  ,1.98   ,0.65   ,5441.76    ,1  ,
P3RLV800  ,1 ,0.42 ,3.05   ,1.00  ,P3RHS0_1247 ,P3RHS0_1247 -> P3RDT656  ,7.63   ,2.51   ,21003.74   ,1  ,
P3RLV801  ,1 ,0.42 ,2.40   ,0.79  ,P3RHS0_1247 ,P3RHS0_1247 -> P3RDT656  ,6.01   ,1.98   ,16537.16   ,1  ,
P3RLV802  ,1 ,0.42 ,3.03   ,1.00  ,P3RHS0_1247 ,P3RHS0_1247 -> P3RDT656  ,7.58   ,2.49   ,20857.13   ,1  ,
P3RLV803  ,1 ,0.42 ,1.16   ,0.38  ,P3RHS0_1247 ,P3RHS0_1247 -> P3RDT1052 ,2.91   ,0.96   ,8013.12    ,1  ,
P3RLV804  ,1 ,0.42 ,4.14   ,1.36  ,P3RHS0_1247 ,P3RHS0_1247 -> P3RDT1052 ,10.34  ,3.40   ,28467.41   ,1  ,
P3RLV805  ,1 ,0.42 ,3.30   ,1.08  ,P3RHS0_1247 ,P3RHS0_1247 -> P3RDT1052 ,8.25   ,2.71   ,22690.09   ,1  ,
P3RLV806  ,1 ,0.42 ,4.63   ,0.94  ,P3RHS0_1247 ,P3RHS0_1247 -> P3RDT1052 ,11.57  ,2.35   ,22143.92   ,2  ,
P3RLV807  ,1 ,0.42 ,6.12   ,2.01  ,P3RHS0_1247 ,P3RHS0_1247 -> P3RDT1052 ,15.30  ,5.03   ,42109.85   ,1  ,
P3RLV808  ,1 ,0.42 ,1.41   ,0.46  ,P3RHS0_1247 ,P3RHS0_1247 -> P3RDT1052 ,3.52   ,1.16   ,9689.87    ,1  ,
P3RLV809  ,1 ,0.42 ,2.93   ,0.96  ,P3RHS0_1247 ,P3RHS0_1247 -> P3RDT1052 ,7.32   ,2.41   ,20142.49   ,1  ,
P3RLV810  ,1 ,0.42 ,5.02   ,1.02  ,P3RHS0_1247 ,P3RHS0_1247 -> P3RDT1052 ,12.54  ,2.55   ,23997.55   ,2  ,
P3RLV811  ,1 ,0.42 ,4.16   ,0.84  ,P3RHS0_1247 ,P3RHS0_1247 -> P3RDT1052 ,10.39  ,2.11   ,19886.41   ,2  ,
P3RLV812  ,1 ,0.42 ,4.66   ,0.95  ,P3RHS0_1247 ,P3RHS0_1247 -> P3RDT1052 ,11.66  ,2.37   ,22311.68   ,2  ,
P3RLV813  ,1 ,0.42 ,4.73   ,1.56  ,P3RHS0_1247 ,P3RHS0_1247 -> P3RDT1052 ,11.83  ,3.89   ,32549.12   ,1  ,
P3RLV814  ,1 ,0.42 ,6.67   ,2.19  ,P3RHS0_1247 ,P3RHS0_1247 -> P3RDT831  ,16.68  ,5.48   ,45896.28   ,1  ,
P3RLV815  ,1 ,0.42 ,3.20   ,0.65  ,P3RHS0_1247 ,P3RHS0_1247 -> P3RDT831  ,7.99   ,1.62   ,15282.66   ,1  ,
P3RLV816  ,1 ,0.42 ,4.24   ,0.86  ,P3RHS0_1247 ,P3RHS0_1247 -> P3RDT831  ,10.60  ,2.15   ,20277.69   ,2  ,
P3RLV817  ,1 ,0.42 ,3.33   ,0.68  ,P3RHS0_1247 ,P3RHS0_1247 -> P3RDT831  ,8.31   ,1.69   ,15904.29   ,1  ,
P3RLV818  ,1 ,0.42 ,3.23   ,0.66  ,P3RHS0_1247 ,P3RHS0_1247 -> P3RDT831  ,8.07   ,1.64   ,15438.51   ,1  ,
P3RLV819  ,1 ,0.42 ,2.80   ,0.57  ,P3RHS0_1247 ,P3RHS0_1247 -> P3RDT831  ,7.01   ,1.42   ,13411.56   ,1  ,
P3RLV820  ,1 ,0.42 ,3.09   ,0.63  ,P3RHS0_1247 ,P3RHS0_1247 -> P3RDT831  ,7.73   ,1.57   ,14798.28   ,1  ,
P3RLV821  ,1 ,0.42 ,7.15   ,1.45  ,P3RHS0_1247 ,P3RHS0_1247 -> P3RDT831  ,17.87  ,3.63   ,34199.20   ,4  ,
P3RLV822  ,1 ,0.42 ,3.96   ,0.80  ,P3RHS0_1247 ,P3RHS0_1247 -> P3RDT831  ,9.89   ,2.01   ,18925.82   ,2  ,
P3RLV823  ,1 ,0.42 ,4.40   ,0.89  ,P3RHS0_1247 ,P3RHS0_1247 -> P3RDT831  ,10.99  ,2.23   ,21034.72   ,2  ,
P3RLV824  ,1 ,0.42 ,4.87   ,0.99  ,P3RHS0_1247 ,P3RHS0_1247 -> P3RDT831  ,12.18  ,2.47   ,23299.85   ,2  ,
P3RLV825  ,1 ,0.42 ,3.58   ,0.73  ,P3RHS0_1247 ,P3RHS0_1247 -> P3RDT831  ,8.96   ,1.82   ,17143.36   ,1  ,
P3RLV826  ,1 ,0.42 ,3.62   ,0.73  ,P3RHS0_1247 ,P3RHS0_1247 -> P3RDT831  ,9.04   ,1.84   ,17292.28   ,1  ,
P3RLV827  ,1 ,0.42 ,5.05   ,1.66  ,P3RHS0_1247 ,P3RHS0_1247 -> P3RDT831  ,12.63  ,4.15   ,34767.71   ,1  ,
P3RLV828  ,1 ,0.42 ,5.29   ,1.74  ,P3RHS0_1247 ,P3RHS0_1247 -> P3RDT831  ,13.22  ,4.35   ,36384.96   ,1  ,
P3RLV829  ,1 ,0.42 ,13.81  ,4.54  ,P3RHS0_1247 ,P3RHS0_1247 -> P3RDT831  ,34.51  ,11.34  ,94976.73   ,1  ,
P3RLV830  ,1 ,0.42 ,3.95   ,0.80  ,P3RHS0_1247 ,P3RHS0_1247 -> P3RDT831  ,9.88   ,2.01   ,18902.38   ,2  ,
P3RLV831  ,1 ,0.42 ,3.86   ,0.78  ,P3RHS0_1247 ,P3RHS0_1247 -> P3RDT831  ,9.64   ,1.96   ,18442.72   ,2  ,
P3RLV832  ,1 ,0.42 ,3.76   ,0.76  ,P3RHS0_1247 ,P3RHS0_1247 -> P3RDT831  ,9.39   ,1.91   ,17973.71   ,1  ,
P3RLV833  ,1 ,0.42 ,4.54   ,1.49  ,P3RHS0_1247 ,P3RHS0_1247 -> P3RDT831  ,11.36  ,3.73   ,31258.88   ,1  ,
P3RLV834  ,1 ,0.42 ,3.86   ,0.78  ,P3RHS0_1247 ,P3RHS0_1247 -> P3RDT831  ,9.66   ,1.96   ,18478.22   ,2  ,
P3RLV835  ,1 ,0.42 ,5.04   ,1.66  ,P3RHS0_1247 ,P3RHS0_1247 -> P3RDT999  ,12.61  ,4.15   ,34704.83   ,1  ,
P3RLV836  ,1 ,0.42 ,5.50   ,1.81  ,P3RHS0_1247 ,P3RHS0_1247 -> P3RDT831  ,13.76  ,4.52   ,37858.64   ,1  ,
P3RLV837  ,1 ,0.42 ,4.80   ,0.97  ,P3RHS0_1247 ,P3RHS0_1247 -> P3RDT831  ,11.99  ,2.43   ,22939.82   ,2  ,
P3RLV838  ,1 ,0.42 ,9.85   ,3.24  ,P3RHS0_1247 ,P3RHS0_1247 -> P3RDT831  ,24.63  ,8.10   ,67773.82   ,1  ,
P3RLV839  ,1 ,0.42 ,4.25   ,0.86  ,P3RHS0_1247 ,P3RHS0_1247 -> P3RDT831  ,10.62  ,2.16   ,20316.27   ,2  ,
P3RLV840  ,1 ,0.42 ,3.29   ,0.67  ,P3RHS0_1247 ,P3RHS0_1247 -> P3RDT836  ,8.22   ,1.67   ,15723.09   ,1  ,
P3RLV841  ,1 ,0.42 ,5.39   ,1.10  ,P3RHS0_1247 ,P3RHS0_1247 -> P3RDT836  ,13.48  ,2.74   ,25798.17   ,3  ,
P3RLV842  ,1 ,0.42 ,3.30   ,0.67  ,P3RHS0_1247 ,P3RHS0_1247 -> P3RDT836  ,8.24   ,1.67   ,15771.36   ,1  ,
P3RLV843  ,1 ,0.42 ,3.01   ,0.61  ,P3RHS0_1247 ,P3RHS0_1247 -> P3RDT836  ,7.53   ,1.53   ,14411.18   ,1  ,
P3RLV844  ,1 ,0.42 ,4.37   ,0.89  ,P3RHS0_1247 ,P3RHS0_1247 -> P3RDT836  ,10.92  ,2.22   ,20898.40   ,2  ,
P3RLV845  ,1 ,0.42 ,4.24   ,0.86  ,P3RHS0_1247 ,P3RHS0_1247 -> P3RDT836  ,10.61  ,2.15   ,20299.43   ,2  ,
P3RLV846  ,1 ,0.42 ,5.75   ,1.89  ,P3RHS0_1247 ,P3RHS0_1247 -> P3RDT836  ,14.37  ,4.72   ,39549.57   ,1  ,
P3RLV847  ,1 ,0.42 ,5.05   ,1.66  ,P3RHS0_1247 ,P3RHS0_1247 -> P3RDT836  ,12.63  ,4.15   ,34758.46   ,1  ,
P3RLV848  ,1 ,0.42 ,2.84   ,0.58  ,P3RHS0_1247 ,P3RHS0_1247 -> P3RDT836  ,7.09   ,1.44   ,13561.25   ,1  ,
P3RLV849  ,1 ,0.42 ,5.23   ,1.72  ,P3RHS0_1247 ,P3RHS0_1247 -> P3RDT836  ,13.08  ,4.30   ,35993.93   ,1  ,
P3RLV850  ,1 ,0.42 ,2.30   ,0.47  ,P3RHS0_1247 ,P3RHS0_1247 -> P3RDT836  ,5.74   ,1.17   ,11230.20   ,1  ,
P3RLV851  ,1 ,0.42 ,4.95   ,1.00  ,P3RHS0_1247 ,P3RHS0_1247 -> P3RDT836  ,12.37  ,2.51   ,23657.73   ,2  ,
P3RLV852  ,1 ,0.42 ,6.97   ,1.42  ,P3RHS0_1247 ,P3RHS0_1247 -> P3RDT836  ,17.43  ,3.54   ,33341.04   ,4  ,
P3RLV853  ,1 ,0.42 ,3.16   ,0.64  ,P3RHS0_1247 ,P3RHS0_1247 -> P3RDT836  ,7.91   ,1.61   ,15134.84   ,1  ,
P3RLV854  ,1 ,0.42 ,3.63   ,0.74  ,P3RHS0_1247 ,P3RHS0_1247 -> P3RDT836  ,9.07   ,1.84   ,17346.04   ,1  ,
P3RLV855  ,1 ,0.42 ,4.78   ,1.57  ,P3RHS0_1247 ,P3RHS0_1247 -> P3RDT836  ,11.95  ,3.93   ,32878.17   ,1  ,
P3RLV856  ,1 ,0.42 ,2.20   ,0.45  ,P3RHS0_1247 ,P3RHS0_1247 -> P3RDT836  ,5.51   ,1.12   ,10859.98   ,1  ,
P3RLV857  ,1 ,0.42 ,1.45   ,0.48  ,P3RHS0_1247 ,P3RHS0_1247 -> P3RDT836  ,3.63   ,1.19   ,9990.08    ,1  ,
P3RLV858  ,1 ,0.42 ,3.47   ,0.70  ,P3RHS0_1247 ,P3RHS0_1247 -> P3RDT836  ,8.67   ,1.76   ,16590.22   ,1  ,
P3RLV859  ,1 ,0.42 ,3.01   ,0.61  ,P3RHS0_1247 ,P3RHS0_1247 -> P3RDT836  ,7.52   ,1.53   ,14385.48   ,1  ,
P3RLV860  ,1 ,0.42 ,3.90   ,1.28  ,P3RHS0_1247 ,P3RHS0_1247 -> P3RDT836  ,9.75   ,3.21   ,26839.37   ,1  ,
P3RLV861  ,1 ,0.42 ,3.71   ,1.22  ,P3RHS0_1247 ,P3RHS0_1247 -> P3RDT836  ,9.28   ,3.05   ,25536.96   ,1  ,
P3RLV862  ,1 ,0.42 ,3.13   ,0.63  ,P3RHS0_1247 ,P3RHS0_1247 -> P3RDT836  ,7.82   ,1.59   ,14952.19   ,1  ,
P3RLV863  ,1 ,0.42 ,3.31   ,0.67  ,P3RHS0_1247 ,P3RHS0_1247 -> P3RDT836  ,8.27   ,1.68   ,15819.37   ,1  ,
P3RLV864  ,1 ,0.42 ,2.76   ,0.56  ,P3RHS0_1247 ,P3RHS0_1247 -> P3RDT836  ,6.90   ,1.40   ,13196.89   ,1  ,
P3RLV865  ,1 ,0.42 ,13.44  ,2.73  ,P3RHS0_1247 ,P3RHS0_1247 -> P3RDT836  ,33.59  ,6.82   ,64267.95   ,9  ,
P3RLV866  ,1 ,0.42 ,2.90   ,0.59  ,P3RHS0_1247 ,P3RHS0_1247 -> P3RDT836  ,7.25   ,1.47   ,13871.83   ,1  ,
P3RLV867  ,1 ,0.42 ,5.05   ,1.02  ,P3RHS0_1247 ,P3RHS0_1247 -> P3RDT836  ,12.62  ,2.56   ,24142.78   ,2  ,
P3RLV868  ,1 ,0.42 ,4.48   ,0.91  ,P3RHS0_1247 ,P3RHS0_1247 -> P3RDT836  ,11.21  ,2.28   ,21445.13   ,2  ,
P3RLV869  ,1 ,0.42 ,2.96   ,0.60  ,P3RHS0_1247 ,P3RHS0_1247 -> P3RDT836  ,7.40   ,1.50   ,14160.68   ,1  ,
P3RLV870  ,1 ,0.42 ,9.96   ,2.02  ,P3RHS0_1247 ,P3RHS0_1247 -> P3RDT836  ,24.91  ,5.06   ,47657.23   ,6  ,
P3RLV871  ,1 ,0.42 ,2.85   ,0.58  ,P3RHS0_1247 ,P3RHS0_1247 -> P3RDT836  ,7.13   ,1.45   ,13646.29   ,1  ,
P3RLV872  ,1 ,0.42 ,4.42   ,1.45  ,P3RHS0_1247 ,P3RHS0_1247 -> P3RDT836  ,11.05  ,3.63   ,30399.02   ,1  ,
P3RLV873  ,1 ,0.42 ,1.71   ,0.56  ,P3RHS0_1247 ,P3RHS0_1247 -> P3RDT836  ,4.28   ,1.41   ,11765.57   ,1  ,
P3RLV874  ,1 ,0.42 ,2.82   ,0.93  ,P3RHS0_1247 ,P3RHS0_1247 -> P3RDT836  ,7.05   ,2.32   ,19411.40   ,1  ,
P3RLV875  ,1 ,0.42 ,4.79   ,1.57  ,P3RHS0_1247 ,P3RHS0_1247 -> P3RDT836  ,11.97  ,3.93   ,32928.85   ,1  ,
P3RLV876  ,1 ,0.42 ,3.15   ,0.64  ,P3RHS0_1247 ,P3RHS0_1247 -> P3RDT836  ,7.87   ,1.60   ,15054.85   ,1  ,
P3RLV877  ,1 ,0.42 ,10.55  ,2.14  ,P3RHS0_1247 ,P3RHS0_1247 -> P3RDT836  ,26.38  ,5.36   ,50469.16   ,7  ,
P3RLV878  ,1 ,0.42 ,5.52   ,1.12  ,P3RHS0_1247 ,P3RHS0_1247 -> P3RDT836  ,13.80  ,2.80   ,26401.59   ,3  ,
P3RLV879  ,1 ,0.42 ,5.23   ,1.06  ,P3RHS0_1247 ,P3RHS0_1247 -> P3RDT836  ,13.08  ,2.66   ,25016.18   ,3  ,
P3RLV880  ,1 ,0.42 ,4.43   ,1.46  ,P3RHS0_1247 ,P3RHS0_1247 -> P3RDT836  ,11.08  ,3.64   ,30487.10   ,1  ,
P3RLV881  ,1 ,0.42 ,10.94  ,2.22  ,P3RHS0_1247 ,P3RHS0_1247 -> P3RDT836  ,27.35  ,5.55   ,52328.42   ,7  ,
P3RLV882  ,1 ,0.42 ,5.18   ,1.05  ,P3RHS0_1247 ,P3RHS0_1247 -> P3RDT836  ,12.95  ,2.63   ,24782.95   ,3  ,
P3RLV883  ,1 ,0.42 ,8.97   ,1.82  ,P3RHS0_1247 ,P3RHS0_1247 -> P3RDT836  ,22.42  ,4.55   ,42900.15   ,5  ,
P3RLV884  ,1 ,0.42 ,5.61   ,1.14  ,P3RHS0_1247 ,P3RHS0_1247 -> P3RDT836  ,14.02  ,2.85   ,26823.02   ,3  ,
P3RLV885  ,1 ,0.42 ,3.61   ,0.73  ,P3RHS0_1247 ,P3RHS0_1247 -> P3RDT836  ,9.04   ,1.84   ,17290.63   ,1  ,
P3RLV886  ,1 ,0.42 ,3.75   ,1.23  ,P3RHS0_1247 ,P3RHS0_1247 -> P3RDT656  ,9.37   ,3.08   ,25772.86   ,1  ,
P3RLV887  ,1 ,0.42 ,12.50  ,4.11  ,P3RHS0_1247 ,P3RHS0_1247 -> P3RDT656  ,31.24  ,10.27  ,85964.14   ,1  ,
P3RLV888  ,1 ,0.42 ,1.31   ,0.43  ,P3RHS0_1247 ,P3RHS0_1247 -> P3RDT656  ,3.28   ,1.08   ,9014.17    ,1  ,
P3RLV889  ,1 ,0.42 ,2.84   ,0.93  ,P3RHS0_1247 ,P3RHS0_1247 -> P3RDT656  ,7.11   ,2.34   ,19563.35   ,1  ,
P3RLV890  ,1 ,0.42 ,0.77   ,0.25  ,P3RHS0_1247 ,P3RHS0_1247 -> P3RDT656  ,1.92   ,0.63   ,5270.21    ,1  ,
P3RLV891  ,1 ,0.42 ,3.18   ,1.04  ,P3RHS0_1247 ,P3RHS0_1247 -> P3RDT656  ,7.94   ,2.61   ,21842.93   ,1  ,
P3RLV892  ,1 ,0.42 ,5.23   ,1.72  ,P3RHS0_1247 ,P3RHS0_1247 -> P3RDT656  ,13.08  ,4.30   ,36006.45   ,1  ,
P3RLV893  ,1 ,0.42 ,14.05  ,4.62  ,P3RHS0_1247 ,P3RHS0_1247 -> P3RDT656  ,35.12  ,11.54  ,96631.02   ,1  ,
P3RLV894  ,3 ,0.42 ,19.72  ,6.48  ,P3RHS0_1247 ,P3RHS0_1247 -> P3RDT656  ,49.30  ,16.20  ,135657.30  ,1  ,
P3RLV895  ,1 ,0.42 ,6.53   ,2.15  ,P3RHS0_1247 ,P3RHS0_1247 -> P3RDT656  ,16.32  ,5.37   ,44922.12   ,1  ,
P3RLV896  ,1 ,0.42 ,3.07   ,1.01  ,P3RHS0_1247 ,P3RHS0_1247 -> P3RDT656  ,7.67   ,2.52   ,21093.46   ,1  ,
P3RLV897  ,1 ,0.42 ,5.78   ,1.90  ,P3RHS0_1247 ,P3RHS0_1247 -> P3RDT656  ,14.44  ,4.75   ,39745.60   ,1  ,
P3RLV898  ,3 ,0.42 ,45.69  ,15.02 ,P3RHS0_1247 ,P3RHS0_1247 -> P3RDT656  ,114.23 ,37.55  ,314351.40  ,1  ,
P3RLV899  ,1 ,0.42 ,4.63   ,1.52  ,P3RHS0_1247 ,P3RHS0_1247 -> P3RDT656  ,11.57  ,3.80   ,31846.99   ,1  ,
P3RLV900  ,1 ,0.42 ,2.36   ,0.78  ,P3RHS0_1247 ,P3RHS0_1247 -> P3RDT656  ,5.91   ,1.94   ,16252.49   ,1  ,
P3RLV901  ,1 ,0.42 ,0.79   ,0.26  ,P3RHS0_1247 ,P3RHS0_1247 -> P3RDT656  ,1.98   ,0.65   ,5455.06    ,1  ,
P3RLV902  ,1 ,0.42 ,0.49   ,0.16  ,P3RHS0_1247 ,P3RHS0_1247 -> P3RDT656  ,1.24   ,0.41   ,3405.14    ,1  ,
P3RLV903  ,1 ,0.42 ,5.29   ,1.74  ,P3RHS0_1247 ,P3RHS0_1247 -> P3RDT656  ,13.22  ,4.34   ,36370.10   ,1  ,
P3RLV904  ,1 ,0.42 ,5.49   ,1.80  ,P3RHS0_1247 ,P3RHS0_1247 -> P3RDT656  ,13.72  ,4.51   ,37743.42   ,1  ,
P3RLV905  ,1 ,0.42 ,1.24   ,0.41  ,P3RHS0_1247 ,P3RHS0_1247 -> P3RDT656  ,3.10   ,1.02   ,8518.33    ,1  ,
P3RLV906  ,1 ,0.42 ,8.84   ,2.90  ,P3RHS0_1247 ,P3RHS0_1247 -> P3RDT836  ,22.09  ,7.26   ,60792.70   ,1  ,
P3RLV907  ,1 ,0.42 ,12.33  ,2.50  ,P3RHS0_1247 ,P3RHS0_1247 -> P3RDT1052 ,30.82  ,6.26   ,97679.19   ,1  ,
P3RLV908  ,1 ,0.42 ,0.55   ,0.18  ,P3RHS0_1247 ,P3RHS0_1247 -> P3RDT656  ,1.37   ,0.45   ,3761.48    ,1  ,
P3RLV909  ,1 ,0.42 ,1.79   ,0.59  ,P3RHS0_1247 ,P3RHS0_1247 -> P3RDT656  ,4.49   ,1.47   ,12347.49   ,1  ,
P3RLV910  ,1 ,0.42 ,2.01   ,0.66  ,P3RHS0_1247 ,P3RHS0_1247 -> P3RDT656  ,5.02   ,1.65   ,13821.19   ,1  ,
P3RLV911  ,1 ,0.42 ,4.29   ,1.41  ,P3RHS0_1247 ,P3RHS0_1247 -> P3RDT656  ,10.72  ,3.52   ,29491.29   ,1  ,
P3RLV912  ,1 ,0.42 ,2.33   ,0.76  ,P3RHS0_1247 ,P3RHS0_1247 -> P3RDT656  ,5.82   ,1.91   ,16008.70   ,1  ,
P3RLV913  ,1 ,0.42 ,2.63   ,0.86  ,P3RHS0_1247 ,P3RHS0_1247 -> P3RDT656  ,6.57   ,2.16   ,18065.87   ,1  ,
P3RLV914  ,1 ,0.42 ,6.46   ,1.31  ,P3RHS0_1247 ,P3RHS0_1247 -> P3RDT831  ,16.15  ,3.28   ,30906.05   ,3  ,
P3RLV915  ,1 ,0.42 ,2.72   ,0.55  ,P3RHS0_1247 ,P3RHS0_1247 -> P3RDT831  ,6.80   ,1.38   ,13005.79   ,1  ,
P3RLV916  ,1 ,0.42 ,4.11   ,0.83  ,P3RHS0_1247 ,P3RHS0_1247 -> P3RDT831  ,10.28  ,2.09   ,19663.22   ,2  ,
P3RLV917  ,1 ,0.42 ,0.61   ,0.12  ,P3RHS0_1247 ,P3RHS0_1247 -> P3RDT831  ,1.52   ,0.31   ,3822.10    ,1  ,
P3RLV918  ,1 ,0.42 ,1.54   ,0.31  ,P3RHS0_1247 ,P3RHS0_1247 -> P3RDT831  ,3.85   ,0.78   ,8193.70    ,1  ,
P3RLV919  ,1 ,0.42 ,3.51   ,0.71  ,P3RHS0_1247 ,P3RHS0_1247 -> P3RDT831  ,8.77   ,1.78   ,16775.20   ,1  ,
P3RLV920  ,1 ,0.42 ,1.35   ,0.27  ,P3RHS0_1247 ,P3RHS0_1247 -> P3RDT831  ,3.37   ,0.69   ,7322.00    ,1  ,
P3RLV921  ,1 ,0.42 ,5.55   ,1.13  ,P3RHS0_1247 ,P3RHS0_1247 -> P3RDT831  ,13.87  ,2.82   ,26545.89   ,3  ,
P3RLV922  ,1 ,0.42 ,3.50   ,0.71  ,P3RHS0_1247 ,P3RHS0_1247 -> P3RDT831  ,8.76   ,1.78   ,16758.55   ,1  ,
P3RLV923  ,1 ,0.42 ,5.88   ,1.19  ,P3RHS0_1247 ,P3RHS0_1247 -> P3RDT831  ,14.71  ,2.99   ,28147.93   ,3  ,
P3RLV924  ,1 ,0.42 ,1.29   ,0.26  ,P3RHS0_1247 ,P3RHS0_1247 -> P3RDT831  ,3.23   ,0.66   ,7056.10    ,1  ,
P3RLV925  ,1 ,0.42 ,1.12   ,0.23  ,P3RHS0_1247 ,P3RHS0_1247 -> P3RDT831  ,2.80   ,0.57   ,6258.88    ,1  ,
P3RLV926  ,1 ,0.42 ,3.24   ,0.66  ,P3RHS0_1247 ,P3RHS0_1247 -> P3RDT656  ,8.11   ,1.65   ,15515.54   ,1  ,
P3RLV927  ,1 ,0.42 ,3.36   ,0.68  ,P3RHS0_1247 ,P3RHS0_1247 -> P3RDT831  ,8.40   ,1.71   ,16071.91   ,1  ,
P3RLV928  ,1 ,0.42 ,4.40   ,0.89  ,P3RHS0_1247 ,P3RHS0_1247 -> P3RDT831  ,11.00  ,2.23   ,21042.15   ,2  ,
P3RLV929  ,1 ,0.42 ,4.49   ,0.91  ,P3RHS0_1247 ,P3RHS0_1247 -> P3RDT831  ,11.23  ,2.28   ,21487.35   ,2  ,
P3RLV930  ,1 ,0.42 ,3.90   ,0.79  ,P3RHS0_1247 ,P3RHS0_1247 -> P3RDT831  ,9.74   ,1.98   ,18637.41   ,2  ,
P3RLV931  ,1 ,0.42 ,5.73   ,1.16  ,P3RHS0_1247 ,P3RHS0_1247 -> P3RDT831  ,14.34  ,2.91   ,27430.11   ,3  ,
P3RLV932  ,1 ,0.42 ,0.67   ,0.22  ,P3RHS0_1247 ,P3RHS0_1247 -> P3RDT656  ,1.68   ,0.55   ,4621.81    ,1  ,
P3RLV933  ,1 ,0.42 ,4.04   ,0.82  ,P3RHS0_1247 ,P3RHS0_1247 -> P3RDT831  ,10.10  ,2.05   ,19323.29   ,2  ,
P3RLV934  ,1 ,0.42 ,6.36   ,1.29  ,P3RHS0_1247 ,P3RHS0_1247 -> P3RDT831  ,15.90  ,3.23   ,30415.34   ,3  ,
P3RLV935  ,1 ,0.42 ,3.85   ,0.78  ,P3RHS0_1247 ,P3RHS0_1247 -> P3RDT831  ,9.63   ,1.96   ,18423.51   ,2  ,
P3RLV936  ,1 ,0.42 ,5.92   ,1.20  ,P3RHS0_1247 ,P3RHS0_1247 -> P3RDT831  ,14.81  ,3.01   ,28337.10   ,3  ,
P3RLV937  ,1 ,0.42 ,0.91   ,0.19  ,P3RHS0_1247 ,P3RHS0_1247 -> P3RDT831  ,2.29   ,0.46   ,5310.19    ,1  ,
P3RLV938  ,1 ,0.42 ,0.90   ,0.18  ,P3RHS0_1247 ,P3RHS0_1247 -> P3RDT831  ,2.24   ,0.46   ,5225.92    ,1  ,
P3RLV939  ,1 ,0.42 ,4.29   ,0.87  ,P3RHS0_1247 ,P3RHS0_1247 -> P3RDT831  ,10.71  ,2.18   ,20498.87   ,2  ,
P3RLV940  ,1 ,0.42 ,4.39   ,0.89  ,P3RHS0_1247 ,P3RHS0_1247 -> P3RDT831  ,10.98  ,2.23   ,21014.12   ,2  ,
P3RLV941  ,1 ,0.42 ,4.01   ,0.81  ,P3RHS0_1247 ,P3RHS0_1247 -> P3RDT831  ,10.02  ,2.03   ,19164.11   ,2  ,
P3RLV942  ,1 ,0.42 ,5.28   ,1.07  ,P3RHS0_1247 ,P3RHS0_1247 -> P3RDT831  ,13.20  ,2.68   ,25252.96   ,3  ,
P3RLV943  ,1 ,0.42 ,2.86   ,0.58  ,P3RHS0_1247 ,P3RHS0_1247 -> P3RDT831  ,7.14   ,1.45   ,13656.06   ,1  ,
P3RLV944  ,1 ,0.42 ,1.71   ,0.35  ,P3RHS0_1247 ,P3RHS0_1247 -> P3RDT831  ,4.27   ,0.87   ,8879.62    ,1  ,
P3RLV945  ,1 ,0.42 ,2.96   ,0.60  ,P3RHS0_1247 ,P3RHS0_1247 -> P3RDT831  ,7.41   ,1.50   ,14171.09   ,1  ,
P3RLV946  ,1 ,0.42 ,5.51   ,1.12  ,P3RHS0_1247 ,P3RHS0_1247 -> P3RDT831  ,13.77  ,2.80   ,26349.98   ,3  ,
P3RLV947  ,1 ,0.42 ,6.12   ,1.24  ,P3RHS0_1247 ,P3RHS0_1247 -> P3RDT831  ,15.30  ,3.11   ,29278.47   ,3  ,
P3RLV948  ,1 ,0.42 ,7.82   ,1.59  ,P3RHS0_1247 ,P3RHS0_1247 -> P3RDT831  ,19.56  ,3.97   ,37421.68   ,5  ,
P3RLV949  ,1 ,0.42 ,0.71   ,0.14  ,P3RHS0_1247 ,P3RHS0_1247 -> P3RDT831  ,1.78   ,0.36   ,4364.34    ,1  ,
P3RLV950  ,1 ,0.42 ,3.01   ,0.61  ,P3RHS0_1247 ,P3RHS0_1247 -> P3RDT831  ,7.53   ,1.53   ,14407.89   ,1  ,
P3RLV951  ,1 ,0.42 ,4.59   ,0.93  ,P3RHS0_1247 ,P3RHS0_1247 -> P3RDT831  ,11.47  ,2.33   ,21940.16   ,2  ,
P3RLV952  ,1 ,0.42 ,1.14   ,0.23  ,P3RHS0_1247 ,P3RHS0_1247 -> P3RDT831  ,2.85   ,0.58   ,6348.71    ,1  ,
P3RLV953  ,1 ,0.42 ,0.82   ,0.17  ,P3RHS0_1247 ,P3RHS0_1247 -> P3RDT831  ,2.04   ,0.41   ,4849.59    ,1  ,
P3RLV954  ,1 ,0.42 ,6.52   ,1.32  ,P3RHS0_1247 ,P3RHS0_1247 -> P3RDT831  ,16.29  ,3.31   ,31164.44   ,4  ,
P3RLV955  ,1 ,0.42 ,5.48   ,1.11  ,P3RHS0_1247 ,P3RHS0_1247 -> P3RDT831  ,13.70  ,2.78   ,26214.02   ,3  ,
P3RLV956  ,1 ,0.42 ,0.64   ,0.13  ,P3RHS0_1247 ,P3RHS0_1247 -> P3RDT831  ,1.61   ,0.33   ,4036.68    ,1  ,
P3RLV957  ,1 ,0.42 ,4.39   ,0.89  ,P3RHS0_1247 ,P3RHS0_1247 -> P3RDT831  ,10.96  ,2.23   ,20977.12   ,2  ,
P3RLV958  ,1 ,0.42 ,6.41   ,1.30  ,P3RHS0_1247 ,P3RHS0_1247 -> P3RDT831  ,16.04  ,3.26   ,30680.71   ,3  ,
P3RLV959  ,1 ,0.42 ,0.78   ,0.16  ,P3RHS0_1247 ,P3RHS0_1247 -> P3RDT831  ,1.94   ,0.39   ,4669.47    ,1  ,
P3RLV960  ,1 ,0.42 ,14.04  ,2.85  ,P3RHS0_1247 ,P3RHS0_1247 -> P3RDT831  ,35.11  ,7.13   ,67171.27   ,9  ,
P3RLV961  ,1 ,0.42 ,1.72   ,0.35  ,P3RHS0_1247 ,P3RHS0_1247 -> P3RDT831  ,4.30   ,0.87   ,8918.72    ,1  ,
P3RLV962  ,1 ,0.42 ,5.97   ,1.21  ,P3RHS0_1247 ,P3RHS0_1247 -> P3RDT831  ,14.92  ,3.03   ,28554.14   ,3  ,
P3RLV963  ,1 ,0.42 ,1.15   ,0.23  ,P3RHS0_1247 ,P3RHS0_1247 -> P3RDT831  ,2.88   ,0.58   ,6408.08    ,1  ,
P3RLV964  ,1 ,0.42 ,4.02   ,0.82  ,P3RHS0_1247 ,P3RHS0_1247 -> P3RDT831  ,10.05  ,2.04   ,19230.92   ,2  ,
P3RLV965  ,1 ,0.42 ,4.53   ,0.92  ,P3RHS0_1247 ,P3RHS0_1247 -> P3RDT831  ,11.31  ,2.30   ,21644.57   ,2  ,
P3RLV966  ,1 ,0.42 ,2.53   ,0.51  ,P3RHS0_1247 ,P3RHS0_1247 -> P3RDT831  ,6.32   ,1.28   ,12154.96   ,1  ,
P3RLV967  ,1 ,0.42 ,5.15   ,1.05  ,P3RHS0_1247 ,P3RHS0_1247 -> P3RDT831  ,12.89  ,2.62   ,24654.44   ,2  ,
P3RLV968  ,1 ,0.42 ,5.50   ,1.12  ,P3RHS0_1247 ,P3RHS0_1247 -> P3RDT831  ,13.75  ,2.79   ,26311.94   ,3  ,
P3RLV969  ,1 ,0.42 ,4.76   ,0.97  ,P3RHS0_1247 ,P3RHS0_1247 -> P3RDT831  ,11.90  ,2.42   ,22776.64   ,2  ,
P3RLV970  ,1 ,0.42 ,4.06   ,0.82  ,P3RHS0_1247 ,P3RHS0_1247 -> P3RDT831  ,10.15  ,2.06   ,19416.81   ,2  ,
P3RLV971  ,1 ,0.42 ,6.67   ,1.36  ,P3RHS0_1247 ,P3RHS0_1247 -> P3RDT831  ,16.68  ,3.39   ,31922.57   ,4  ,
P3RLV972  ,1 ,0.42 ,3.00   ,0.61  ,P3RHS0_1247 ,P3RHS0_1247 -> P3RDT831  ,7.50   ,1.52   ,14358.79   ,1  ,
P3RLV973  ,1 ,0.42 ,7.86   ,1.60  ,P3RHS0_1247 ,P3RHS0_1247 -> P3RDT831  ,19.66  ,3.99   ,37613.42   ,5  ,
P3RLV974  ,1 ,0.42 ,1.66   ,0.34  ,P3RHS0_1247 ,P3RHS0_1247 -> P3RDT831  ,4.14   ,0.84   ,8675.74    ,1  ,
P3RLV975  ,1 ,0.42 ,3.48   ,0.71  ,P3RHS0_1247 ,P3RHS0_1247 -> P3RDT831  ,8.71   ,1.77   ,16663.34   ,1  ,
P3RLV976  ,1 ,0.42 ,2.78   ,0.57  ,P3RHS0_1247 ,P3RHS0_1247 -> P3RDT831  ,6.96   ,1.41   ,13320.53   ,1  ,
P3RLV977  ,1 ,0.42 ,3.43   ,0.70  ,P3RHS0_1247 ,P3RHS0_1247 -> P3RDT831  ,8.57   ,1.74   ,16394.75   ,1  ,
P3RLV978  ,1 ,0.42 ,2.90   ,0.59  ,P3RHS0_1247 ,P3RHS0_1247 -> P3RDT831  ,7.24   ,1.47   ,13859.65   ,1  ,
P3RLV979  ,1 ,0.42 ,4.60   ,0.93  ,P3RHS0_1247 ,P3RHS0_1247 -> P3RDT831  ,11.49  ,2.33   ,21985.91   ,2  ,
P3RLV980  ,1 ,0.42 ,4.64   ,0.94  ,P3RHS0_1247 ,P3RHS0_1247 -> P3RDT831  ,11.59  ,2.35   ,22175.21   ,2  ,
P3RLV981  ,1 ,0.42 ,2.69   ,0.55  ,P3RHS0_1247 ,P3RHS0_1247 -> P3RDT831  ,6.73   ,1.37   ,12867.56   ,1  ,
P3RLV982  ,1 ,0.42 ,4.14   ,0.84  ,P3RHS0_1247 ,P3RHS0_1247 -> P3RDT831  ,10.36  ,2.10   ,19819.40   ,2  ,
P3RLV983  ,1 ,0.42 ,5.76   ,1.17  ,P3RHS0_1247 ,P3RHS0_1247 -> P3RDT831  ,14.39  ,2.92   ,27537.67   ,3  ,
P3RLV984  ,1 ,0.42 ,5.25   ,1.07  ,P3RHS0_1247 ,P3RHS0_1247 -> P3RDT831  ,13.13  ,2.67   ,25120.06   ,3  ,
P3RLV985  ,1 ,0.42 ,5.68   ,1.15  ,P3RHS0_1247 ,P3RHS0_1247 -> P3RDT831  ,14.20  ,2.88   ,27166.97   ,3  ,
P3RLV986  ,1 ,0.42 ,4.35   ,0.88  ,P3RHS0_1247 ,P3RHS0_1247 -> P3RDT831  ,10.88  ,2.21   ,20820.81   ,2  ,
P3RLV987  ,1 ,0.42 ,10.31  ,2.09  ,P3RHS0_1247 ,P3RHS0_1247 -> P3RDT831  ,25.76  ,5.23   ,49293.29   ,6  ,
P3RLV988  ,1 ,0.42 ,1.21   ,0.25  ,P3RHS0_1247 ,P3RHS0_1247 -> P3RDT831  ,3.03   ,0.62   ,6690.45    ,1  ,
P3RLV989  ,1 ,0.42 ,1.57   ,0.32  ,P3RHS0_1247 ,P3RHS0_1247 -> P3RDT831  ,3.91   ,0.79   ,8309.13    ,1  ,
P3RLV990  ,1 ,0.42 ,5.49   ,1.11  ,P3RHS0_1247 ,P3RHS0_1247 -> P3RDT831  ,13.73  ,2.79   ,26264.28   ,3  ,
P3RLV991  ,1 ,0.42 ,1.18   ,0.24  ,P3RHS0_1247 ,P3RHS0_1247 -> P3RDT656  ,2.94   ,0.60   ,6524.62    ,1  ,
P3RLV992  ,1 ,0.42 ,5.79   ,1.18  ,P3RHS0_1247 ,P3RHS0_1247 -> P3RDT831  ,14.48  ,2.94   ,27695.82   ,3  ,
P3RLV993  ,1 ,0.42 ,2.37   ,0.48  ,P3RHS0_1247 ,P3RHS0_1247 -> P3RDT831  ,5.91   ,1.20   ,11505.44   ,1  ,
P3RLV994  ,1 ,0.42 ,1.36   ,0.28  ,P3RHS0_1247 ,P3RHS0_1247 -> P3RDT831  ,3.39   ,0.69   ,7357.74    ,1  ,
P3RLV995  ,1 ,0.42 ,1.89   ,0.38  ,P3RHS0_1247 ,P3RHS0_1247 -> P3RDT831  ,4.73   ,0.96   ,9608.09    ,1  ,
P3RLV996  ,1 ,0.42 ,5.31   ,1.08  ,P3RHS0_1247 ,P3RHS0_1247 -> P3RDT1052 ,13.28  ,2.70   ,25417.11   ,3  ,
P3RLV997  ,1 ,0.42 ,3.74   ,0.76  ,P3RHS0_1247 ,P3RHS0_1247 -> P3RDT1052 ,9.36   ,1.90   ,17901.04   ,1  ,
P3RLV998  ,3 ,0.42 ,23.37  ,7.68  ,P3RHS0_1247 ,P3RHS0_1247 -> P3RDT1052 ,58.43  ,19.20  ,160784.10  ,1  ,
P3RLV999  ,1 ,0.42 ,3.33   ,0.68  ,P3RHS0_1247 ,P3RHS0_1247 -> P3RDT1052 ,8.34   ,1.69   ,15950.59   ,1  ,
P3RLV1000 ,1 ,0.42 ,5.62   ,1.14  ,P3RHS0_1247 ,P3RHS0_1247 -> P3RDT1052 ,14.04  ,2.85   ,26869.80   ,3  ,
P3RLV1001 ,1 ,0.42 ,5.23   ,1.06  ,P3RHS0_1247 ,P3RHS0_1247 -> P3RDT1052 ,13.09  ,2.66   ,25037.29   ,3  ,
P3RLV1002 ,1 ,0.42 ,6.48   ,1.31  ,P3RHS0_1247 ,P3RHS0_1247 -> P3RDT1052 ,16.19  ,3.29   ,30972.26   ,4  ,
P3RLV1003 ,1 ,0.42 ,4.36   ,0.88  ,P3RHS0_1247 ,P3RHS0_1247 -> P3RDT1052 ,10.89  ,2.21   ,20840.40   ,2  ,
P3RLV1004 ,1 ,0.42 ,2.56   ,0.52  ,P3RHS0_1247 ,P3RHS0_1247 -> P3RDT1052 ,6.41   ,1.30   ,12301.24   ,1  ,
P3RLV1005 ,1 ,0.42 ,6.25   ,1.27  ,P3RHS0_1247 ,P3RHS0_1247 -> P3RDT1052 ,15.64  ,3.18   ,29917.10   ,3  ,
P3RLV1006 ,1 ,0.42 ,3.23   ,1.06  ,P3RHS0_1247 ,P3RHS0_1247 -> P3RDT836  ,8.08   ,2.66   ,22244.00   ,1  ,
P3RLV1007 ,1 ,0.42 ,6.63   ,1.35  ,P3RHS0_1247 ,P3RHS0_1247 -> P3RDT1052 ,16.58  ,3.37   ,31724.18   ,4  ,
P3RLV1008 ,1 ,0.42 ,10.85  ,3.57  ,P3RHS0_1247 ,P3RHS0_1247 -> P3RDT836  ,27.14  ,8.92   ,74676.82   ,1  ,
P3RLV1009 ,1 ,0.42 ,4.55   ,0.92  ,P3RHS0_1247 ,P3RHS0_1247 -> P3RDT831  ,11.37  ,2.31   ,21762.13   ,2  ,
P3RLV1010 ,1 ,0.42 ,4.37   ,0.89  ,P3RHS0_1247 ,P3RHS0_1247 -> P3RDT831  ,10.94  ,2.22   ,20923.26   ,2  ,
P3RLV1011 ,1 ,0.42 ,2.67   ,0.54  ,P3RHS0_1247 ,P3RHS0_1247 -> P3RDT831  ,6.68   ,1.36   ,12772.95   ,1  ,
P3RLV1012 ,1 ,0.42 ,7.85   ,2.58  ,P3RHS0_1247 ,P3RHS0_1247 -> P3RDT831  ,19.62  ,6.45   ,53981.33   ,1  ,
P3RLV1013 ,1 ,0.42 ,4.29   ,0.87  ,P3RHS0_1247 ,P3RHS0_1247 -> P3RDT831  ,10.71  ,2.18   ,20499.48   ,2  ,
P3RLV1014 ,1 ,0.42 ,7.93   ,1.61  ,P3RHS0_1247 ,P3RHS0_1247 -> P3RDT831  ,19.83  ,4.03   ,37943.79   ,5  ,
P3RLV1015 ,1 ,0.42 ,3.94   ,0.80  ,P3RHS0_1247 ,P3RHS0_1247 -> P3RDT831  ,9.84   ,2.00   ,18821.78   ,2  ,
P3RLV1016 ,1 ,0.42 ,1.89   ,0.62  ,P3RHS0_1247 ,P3RHS0_1247 -> P3RDT831  ,4.71   ,1.55   ,12969.40   ,1  ,
P3RLV1017 ,1 ,0.42 ,4.70   ,1.55  ,P3RHS0_1247 ,P3RHS0_1247 -> P3RDT831  ,11.75  ,3.86   ,32341.56   ,1  ,
P3RLV1018 ,1 ,0.42 ,3.32   ,0.67  ,P3RHS0_1247 ,P3RHS0_1247 -> P3RDT831  ,8.30   ,1.69   ,15882.61   ,1  ,
P3RLV1019 ,1 ,0.42 ,3.93   ,0.80  ,P3RHS0_1247 ,P3RHS0_1247 -> P3RDT831  ,9.81   ,1.99   ,18774.11   ,2  ,
P3RLV1020 ,1 ,0.42 ,5.31   ,1.08  ,P3RHS0_1247 ,P3RHS0_1247 -> P3RDT831  ,13.27  ,2.69   ,25385.59   ,3  ,
P3RLV1021 ,1 ,0.42 ,3.64   ,0.74  ,P3RHS0_1247 ,P3RHS0_1247 -> P3RDT831  ,9.10   ,1.85   ,17410.18   ,1  ,
P3RLV1022 ,1 ,0.42 ,4.12   ,0.84  ,P3RHS0_1247 ,P3RHS0_1247 -> P3RDT831  ,10.31  ,2.09   ,19721.55   ,2  ,
P3RLV1023 ,1 ,0.42 ,1.00   ,0.33  ,P3RHS0_1247 ,P3RHS0_1247 -> P3RDT831  ,2.50   ,0.82   ,6865.94    ,1  ,
P3RLV1024 ,1 ,0.42 ,0.78   ,0.16  ,P3RHS0_1247 ,P3RHS0_1247 -> P3RDT831  ,1.96   ,0.40   ,4702.07    ,1  ,
P3RLV1025 ,1 ,0.42 ,3.53   ,0.72  ,P3RHS0_1247 ,P3RHS0_1247 -> P3RDT831  ,8.83   ,1.79   ,16886.16   ,1  ,
P3RLV1026 ,1 ,0.42 ,2.46   ,0.50  ,P3RHS0_1247 ,P3RHS0_1247 -> P3RDT831  ,6.15   ,1.25   ,11878.14   ,1  ,
P3RLV1027 ,1 ,0.42 ,3.20   ,0.65  ,P3RHS0_1247 ,P3RHS0_1247 -> P3RDT831  ,8.00   ,1.62   ,15301.12   ,1  ,
P3RLV1028 ,1 ,0.42 ,1.16   ,0.24  ,P3RHS0_1247 ,P3RHS0_1247 -> P3RDT831  ,2.91   ,0.59   ,6466.84    ,1  ,
P3RLV1029 ,1 ,0.42 ,3.13   ,0.64  ,P3RHS0_1247 ,P3RHS0_1247 -> P3RDT831  ,7.83   ,1.59   ,14987.36   ,1  ,
P3RLV1030 ,1 ,0.42 ,3.37   ,0.68  ,P3RHS0_1247 ,P3RHS0_1247 -> P3RDT831  ,8.43   ,1.71   ,16132.61   ,1  ,
P3RLV1031 ,1 ,0.42 ,0.82   ,0.27  ,P3RHS0_1247 ,P3RHS0_1247 -> P3RDT831  ,2.05   ,0.67   ,5641.49    ,1  ,
P3RLV1032 ,1 ,0.42 ,2.40   ,0.49  ,P3RHS0_1247 ,P3RHS0_1247 -> P3RDT831  ,6.01   ,1.22   ,11655.59   ,1  ,
P3RLV1033 ,1 ,0.42 ,4.40   ,1.45  ,P3RHS0_1247 ,P3RHS0_1247 -> P3RDT831  ,11.00  ,3.61   ,30264.39   ,1  ,
P3RLV1034 ,1 ,0.42 ,3.48   ,1.14  ,P3RHS0_1247 ,P3RHS0_1247 -> P3RDT836  ,8.69   ,2.86   ,23925.92   ,1  ,
P3RLV1035 ,1 ,0.42 ,1.18   ,0.39  ,P3RHS0_1247 ,P3RHS0_1247 -> P3RDT836  ,2.95   ,0.97   ,8115.35    ,1  ,
P3RLV1036 ,1 ,0.42 ,3.59   ,1.18  ,P3RHS0_1247 ,P3RHS0_1247 -> P3RDT836  ,8.98   ,2.95   ,24709.96   ,1  ,
P3RLV1037 ,1 ,0.42 ,0.85   ,0.28  ,P3RHS0_1247 ,P3RHS0_1247 -> P3RDT836  ,2.13   ,0.70   ,5856.04    ,1  ,
P3RLV1038 ,1 ,0.42 ,0.54   ,0.18  ,P3RHS0_1247 ,P3RHS0_1247 -> P3RDT836  ,1.35   ,0.45   ,3728.43    ,1  ,
P3RLV1039 ,1 ,0.42 ,2.80   ,0.92  ,P3RHS0_1247 ,P3RHS0_1247 -> P3RDT836  ,6.99   ,2.30   ,19245.81   ,1  ,
P3RLV1040 ,1 ,0.42 ,3.20   ,1.05  ,P3RHS0_1247 ,P3RHS0_1247 -> P3RDT836  ,7.99   ,2.63   ,21992.45   ,1  ,
P3RLV1041 ,1 ,0.42 ,8.27   ,2.72  ,P3RHS0_1247 ,P3RHS0_1247 -> P3RDT836  ,20.67  ,6.79   ,56866.61   ,1  ,
P3RLV1042 ,1 ,0.42 ,3.31   ,1.09  ,P3RHS0_1247 ,P3RHS0_1247 -> P3RDT836  ,8.27   ,2.72   ,22752.90   ,1  ,
P3RLV1043 ,1 ,0.42 ,0.78   ,0.26  ,P3RHS0_1247 ,P3RHS0_1247 -> P3RDT836  ,1.95   ,0.64   ,5361.62    ,1  ,
P3RLV1044 ,3 ,0.42 ,19.21  ,6.31  ,P3RHS0_1247 ,P3RHS0_1247 -> P3RDT836  ,48.01  ,15.78  ,132123.30  ,1  ,
P3RLV1045 ,1 ,0.42 ,1.24   ,0.41  ,P3RHS0_1247 ,P3RHS0_1247 -> P3RDT836  ,3.10   ,1.02   ,8538.73    ,1  ,
P3RLV1046 ,1 ,0.42 ,5.39   ,1.77  ,P3RHS0_1247 ,P3RHS0_1247 -> P3RDT836  ,13.49  ,4.43   ,37114.52   ,1  ,
P3RLV1047 ,1 ,0.42 ,1.87   ,0.62  ,P3RHS0_1247 ,P3RHS0_1247 -> P3RDT836  ,4.68   ,1.54   ,12882.61   ,1  ,
P3RLV1048 ,1 ,0.42 ,2.00   ,0.41  ,P3RHS0_1247 ,P3RHS0_1247 -> P3RDT836  ,4.99   ,1.01   ,10031.12   ,1  ,
P3RLV1049 ,1 ,0.42 ,6.20   ,2.04  ,P3RHS0_1247 ,P3RHS0_1247 -> P3RDT836  ,15.51  ,5.10   ,42675.71   ,1  ,
P3RLV1050 ,1 ,0.42 ,14.41  ,4.74  ,P3RHS0_1247 ,P3RHS0_1247 -> P3RDT836  ,36.03  ,11.84  ,99147.40   ,1  ,
P3RLV1051 ,1 ,0.42 ,1.08   ,0.22  ,P3RHS0_1247 ,P3RHS0_1247 -> P3RDT836  ,2.71   ,0.55   ,6091.30    ,1  ,
P3RLV1052 ,1 ,0.42 ,0.79   ,0.16  ,P3RHS0_1247 ,P3RHS0_1247 -> P3RDT836  ,1.98   ,0.40   ,4747.63    ,1  ,
P3RLV1053 ,1 ,0.42 ,7.28   ,2.39  ,P3RHS0_1247 ,P3RHS0_1247 -> P3RDT836  ,18.21  ,5.98   ,50107.04   ,1  ,
P3RLV1054 ,1 ,0.42 ,5.80   ,1.18  ,P3RHS0_1247 ,P3RHS0_1247 -> P3RDT836  ,14.49  ,2.94   ,27725.06   ,3  ,
P3RLV1055 ,1 ,0.42 ,11.03  ,2.24  ,P3RHS0_1247 ,P3RHS0_1247 -> P3RDT836  ,27.57  ,5.60   ,52745.95   ,7  ,
P3RLV1056 ,1 ,0.42 ,0.94   ,0.19  ,P3RHS0_1247 ,P3RHS0_1247 -> P3RDT836  ,2.34   ,0.47   ,5404.50    ,1  ,
P3RLV1057 ,1 ,0.42 ,1.30   ,0.26  ,P3RHS0_1247 ,P3RHS0_1247 -> P3RDT836  ,3.25   ,0.66   ,7088.34    ,1  ,
P3RLV1058 ,1 ,0.42 ,7.12   ,1.45  ,P3RHS0_1247 ,P3RHS0_1247 -> P3RDT836  ,17.80  ,3.62   ,34064.50   ,4  ,
P3RLV1059 ,1 ,0.42 ,3.56   ,0.72  ,P3RHS0_1247 ,P3RHS0_1247 -> P3RDT836  ,8.90   ,1.81   ,17018.59   ,1  ,
P3RLV1060 ,1 ,0.42 ,10.96  ,2.23  ,P3RHS0_1247 ,P3RHS0_1247 -> P3RDT836  ,27.41  ,5.56   ,52433.29   ,7  ,
P3RLV1061 ,1 ,0.42 ,3.56   ,0.72  ,P3RHS0_1247 ,P3RHS0_1247 -> P3RDT836  ,8.90   ,1.81   ,17032.09   ,1  ,
P3RLV1062 ,1 ,0.42 ,4.08   ,0.83  ,P3RHS0_1247 ,P3RHS0_1247 -> P3RDT836  ,10.21  ,2.07   ,19530.12   ,2  ,
P3RLV1063 ,1 ,0.42 ,1.83   ,0.37  ,P3RHS0_1247 ,P3RHS0_1247 -> P3RDT836  ,4.58   ,0.93   ,9378.48    ,1  ,
P3RLV1064 ,1 ,0.42 ,0.56   ,0.11  ,P3RHS0_1247 ,P3RHS0_1247 -> P3RDT836  ,1.40   ,0.28   ,3504.90    ,1  ,
P3RLV1065 ,1 ,0.42 ,2.59   ,0.53  ,P3RHS0_1247 ,P3RHS0_1247 -> P3RDT836  ,6.48   ,1.32   ,12407.66   ,1  ,
P3RLV1066 ,1 ,0.42 ,3.77   ,0.77  ,P3RHS0_1247 ,P3RHS0_1247 -> P3RDT836  ,9.44   ,1.92   ,18051.72   ,1  ,
P3RLV1067 ,1 ,0.42 ,3.68   ,1.21  ,P3RHS0_1247 ,P3RHS0_1247 -> P3RDT836  ,9.21   ,3.03   ,25336.69   ,1  ,
P3RLV1068 ,1 ,0.42 ,5.61   ,1.14  ,P3RHS0_1247 ,P3RHS0_1247 -> P3RDT836  ,14.02  ,2.85   ,26829.60   ,3  ,
P3RLV1069 ,3 ,0.42 ,30.25  ,9.94  ,P3RHS0_1247 ,P3RHS0_1247 -> P3RDT836  ,75.62  ,24.86  ,208104.10  ,1  ,
P3RLV1070 ,1 ,0.42 ,3.36   ,0.68  ,P3RHS0_1247 ,P3RHS0_1247 -> P3RDT836  ,8.40   ,1.71   ,16068.10   ,1  ,
P3RLV1071 ,1 ,0.42 ,5.80   ,1.18  ,P3RHS0_1247 ,P3RHS0_1247 -> P3RDT836  ,14.49  ,2.94   ,27730.09   ,3  ,
P3RLV1072 ,1 ,0.42 ,1.26   ,0.41  ,P3RHS0_1247 ,P3RHS0_1247 -> P3RDT836  ,3.14   ,1.03   ,8634.58    ,1  ,
P3RLV1073 ,1 ,0.42 ,2.56   ,0.52  ,P3RHS0_1247 ,P3RHS0_1247 -> P3RDT836  ,6.41   ,1.30   ,12293.56   ,1  ,
P3RLV1074 ,1 ,0.42 ,9.67   ,1.96  ,P3RHS0_1247 ,P3RHS0_1247 -> P3RDT836  ,24.17  ,4.91   ,46250.45   ,6  ,
P3RLV1075 ,1 ,0.42 ,8.55   ,1.74  ,P3RHS0_1247 ,P3RHS0_1247 -> P3RDT836  ,21.36  ,4.34   ,40872.14   ,5  ,
P3RLV1076 ,1 ,0.42 ,2.95   ,0.60  ,P3RHS0_1247 ,P3RHS0_1247 -> P3RDT836  ,7.36   ,1.50   ,14088.30   ,1  ,
P3RLV1077 ,1 ,0.42 ,3.60   ,0.73  ,P3RHS0_1247 ,P3RHS0_1247 -> P3RDT836  ,9.00   ,1.83   ,17214.04   ,1  ,
P3RLV1078 ,1 ,0.42 ,1.89   ,0.62  ,P3RHS0_1247 ,P3RHS0_1247 -> P3RDT836  ,4.73   ,1.55   ,13010.59   ,1  ,
P3RLV1079 ,1 ,0.42 ,8.12   ,1.65  ,P3RHS0_1247 ,P3RHS0_1247 -> P3RDT656  ,20.30  ,4.12   ,38843.70   ,5  ,
P3RLV1080 ,1 ,0.42 ,3.07   ,1.01  ,P3RHS0_1247 ,P3RHS0_1247 -> P3RDT999  ,7.68   ,2.52   ,21136.64   ,1  ,
P3RLV1081 ,1 ,0.42 ,3.41   ,0.69  ,P3RHS0_1247 ,P3RHS0_1247 -> P3RDT656  ,8.52   ,1.73   ,16292.21   ,1  ,
P3RLV1082 ,1 ,0.42 ,1.27   ,0.26  ,P3RHS0_1247 ,P3RHS0_1247 -> P3RDT656  ,3.17   ,0.64   ,6938.24    ,1  ,
P3RLV1083 ,1 ,0.42 ,0.98   ,0.20  ,P3RHS0_1247 ,P3RHS0_1247 -> P3RDT836  ,2.44   ,0.50   ,5593.63    ,1  ,
P3RLV1084 ,1 ,0.42 ,3.95   ,0.80  ,P3RHS0_1247 ,P3RHS0_1247 -> P3RDT656  ,9.88   ,2.01   ,18911.13   ,2  ,
P3RLV1085 ,1 ,0.42 ,0.84   ,0.17  ,P3RHS0_1247 ,P3RHS0_1247 -> P3RDT836  ,2.10   ,0.43   ,4962.73    ,1  ,
P3RLV1086 ,1 ,0.42 ,2.95   ,0.60  ,P3RHS0_1247 ,P3RHS0_1247 -> P3RDT656  ,7.38   ,1.50   ,14121.47   ,1  ,
P3RLV1087 ,1 ,0.42 ,0.98   ,0.32  ,P3RHS0_1247 ,P3RHS0_1247 -> P3RDT836  ,2.45   ,0.81   ,6746.29    ,1  ,
P3RLV1088 ,1 ,0.42 ,3.94   ,0.80  ,P3RHS0_1247 ,P3RHS0_1247 -> P3RDT656  ,9.85   ,2.00   ,18839.68   ,2  ,
P3RLV1089 ,1 ,0.42 ,1.97   ,0.40  ,P3RHS0_1247 ,P3RHS0_1247 -> P3RDT999  ,4.92   ,1.00   ,9911.54    ,1  ,
P3RLV1090 ,1 ,0.42 ,1.25   ,0.25  ,P3RHS0_1247 ,P3RHS0_1247 -> P3RDT656  ,3.13   ,0.64   ,6866.46    ,1  ,
P3RLV1091 ,1 ,0.42 ,3.25   ,1.07  ,P3RHS0_1247 ,P3RHS0_1247 -> P3RDT656  ,8.12   ,2.67   ,22335.92   ,1  ,
P3RLV1092 ,1 ,0.42 ,5.27   ,1.07  ,P3RHS0_1247 ,P3RHS0_1247 -> P3RDT656  ,13.18  ,2.68   ,25216.18   ,3  ,
P3RLV1093 ,1 ,0.42 ,5.49   ,1.11  ,P3RHS0_1247 ,P3RHS0_1247 -> P3RDT656  ,13.72  ,2.79   ,26256.11   ,3  ,
P3RLV1094 ,1 ,0.42 ,5.56   ,1.13  ,P3RHS0_1247 ,P3RHS0_1247 -> P3RDT999  ,13.89  ,2.82   ,26576.92   ,3  ,
P3RLV1095 ,1 ,0.42 ,3.37   ,1.11  ,P3RHS0_1247 ,P3RHS0_1247 -> P3RDT836  ,8.41   ,2.77   ,23154.27   ,1  ,
P3RLV1096 ,1 ,0.42 ,4.85   ,0.98  ,P3RHS0_1247 ,P3RHS0_1247 -> P3RDT836  ,12.11  ,2.46   ,23175.23   ,2  ,
P3RLV1097 ,1 ,0.42 ,3.49   ,0.71  ,P3RHS0_1247 ,P3RHS0_1247 -> P3RDT656  ,8.73   ,1.77   ,16701.87   ,1  ,
P3RLV1098 ,1 ,0.42 ,5.26   ,1.07  ,P3RHS0_1247 ,P3RHS0_1247 -> P3RDT999  ,13.16  ,2.67   ,25176.42   ,3  ,
P3RLV1099 ,1 ,0.42 ,3.55   ,0.72  ,P3RHS0_1247 ,P3RHS0_1247 -> P3RDT836  ,8.86   ,1.80   ,16957.85   ,1  ,
P3RLV1100 ,1 ,0.42 ,2.95   ,0.60  ,P3RHS0_1247 ,P3RHS0_1247 -> P3RDT836  ,7.37   ,1.50   ,14100.52   ,1  ,
P3RLV1101 ,1 ,0.42 ,1.32   ,0.27  ,P3RHS0_1247 ,P3RHS0_1247 -> P3RDT656  ,3.30   ,0.67   ,7179.74    ,1  ,
P3RLV1102 ,1 ,0.42 ,2.90   ,0.59  ,P3RHS0_1247 ,P3RHS0_1247 -> P3RDT836  ,7.26   ,1.47   ,13893.59   ,1  ,
P3RLV1103 ,1 ,0.42 ,13.38  ,4.40  ,P3RHS0_1247 ,P3RHS0_1247 -> P3RDT656  ,33.46  ,11.00  ,92074.41   ,1  ,
P3RLV1104 ,1 ,0.42 ,3.86   ,0.78  ,P3RHS0_1247 ,P3RHS0_1247 -> P3RDT836  ,9.65   ,1.96   ,18456.66   ,2  ,
P3RLV1105 ,1 ,0.42 ,3.94   ,1.29  ,P3RHS0_1247 ,P3RHS0_1247 -> P3RDT836  ,9.84   ,3.24   ,27087.48   ,1  ,
P3RLV1106 ,1 ,0.42 ,3.77   ,0.77  ,P3RHS0_1247 ,P3RHS0_1247 -> P3RDT656  ,9.42   ,1.91   ,18022.62   ,1  ,
P3RLV1107 ,3 ,0.42 ,24.88  ,8.18  ,P3RHS0_1247 ,P3RHS0_1247 -> P3RDT656  ,62.19  ,20.44  ,171139.40  ,1  ,
P3RLV1108 ,1 ,0.42 ,5.49   ,1.11  ,P3RHS0_1247 ,P3RHS0_1247 -> P3RDT836  ,13.72  ,2.79   ,26255.75   ,3  ,
P3RLV1109 ,1 ,0.42 ,4.67   ,1.54  ,P3RHS0_1247 ,P3RHS0_1247 -> P3RDT999  ,11.68  ,3.84   ,32132.50   ,1  ,
P3RLV1110 ,1 ,0.42 ,1.97   ,0.40  ,P3RHS0_1247 ,P3RHS0_1247 -> P3RDT656  ,4.92   ,1.00   ,9918.99    ,1  ,
P3RLV1111 ,1 ,0.42 ,7.32   ,1.49  ,P3RHS0_1247 ,P3RHS0_1247 -> P3RDT656  ,18.30  ,3.72   ,35005.34   ,4  ,
P3RLV1112 ,1 ,0.42 ,0.68   ,0.22  ,P3RHS0_1247 ,P3RHS0_1247 -> P3RDT656  ,1.71   ,0.56   ,4700.36    ,1  ,
P3RLV1113 ,1 ,0.42 ,4.36   ,0.89  ,P3RHS0_1247 ,P3RHS0_1247 -> P3RDT999  ,10.91  ,2.21   ,20866.32   ,2  ,
P3RLV1114 ,1 ,0.42 ,2.90   ,0.59  ,P3RHS0_1247 ,P3RHS0_1247 -> P3RDT656  ,7.26   ,1.47   ,13884.18   ,1  ,
P3RLV1115 ,1 ,0.42 ,1.56   ,0.51  ,P3RHS0_1247 ,P3RHS0_1247 -> P3RDT836  ,3.90   ,1.28   ,10730.59   ,1  ,
P3RLV1116 ,1 ,0.42 ,3.23   ,0.66  ,P3RHS0_1247 ,P3RHS0_1247 -> P3RDT656  ,8.07   ,1.64   ,15435.92   ,1  ,
P3RLV1117 ,1 ,0.42 ,4.85   ,0.99  ,P3RHS0_1247 ,P3RHS0_1247 -> P3RDT656  ,12.13  ,2.46   ,23208.55   ,2  ,
P3RLV1118 ,1 ,0.42 ,5.10   ,1.67  ,P3RHS0_1247 ,P3RHS0_1247 -> P3RDT656  ,12.74  ,4.19   ,35055.73   ,1  ,
P3RLV1119 ,1 ,0.42 ,0.98   ,0.32  ,P3RHS0_1247 ,P3RHS0_1247 -> P3RDT836  ,2.46   ,0.81   ,6775.24    ,1  ,
P3RLV1120 ,1 ,0.42 ,9.05   ,2.98  ,P3RHS0_1247 ,P3RHS0_1247 -> P3RDT656  ,22.63  ,7.44   ,62282.69   ,1  ,
P3RLV1121 ,1 ,0.42 ,3.64   ,1.20  ,P3RHS0_1247 ,P3RHS0_1247 -> P3RDT999  ,9.10   ,2.99   ,25035.45   ,1  ,
P3RLV1122 ,1 ,0.42 ,1.11   ,0.22  ,P3RHS0_1247 ,P3RHS0_1247 -> P3RDT836  ,2.77   ,0.56   ,6199.38    ,1  ,
P3RLV1123 ,1 ,0.42 ,5.13   ,1.69  ,P3RHS0_1247 ,P3RHS0_1247 -> P3RDT836  ,12.83  ,4.22   ,35295.52   ,1  ,
P3RLV1124 ,1 ,0.42 ,2.92   ,0.96  ,P3RHS0_1247 ,P3RHS0_1247 -> P3RDT656  ,7.29   ,2.40   ,20070.74   ,1  ,
P3RLV1125 ,1 ,0.42 ,3.08   ,0.63  ,P3RHS0_1247 ,P3RHS0_1247 -> P3RDT656  ,7.71   ,1.56   ,14743.27   ,1  ,
P3RLV1126 ,1 ,0.42 ,3.28   ,0.67  ,P3RHS0_1247 ,P3RHS0_1247 -> P3RDT656  ,8.20   ,1.67   ,15692.83   ,1  ,
P3RLV1127 ,1 ,0.42 ,3.32   ,0.67  ,P3RHS0_1247 ,P3RHS0_1247 -> P3RDT656  ,8.31   ,1.69   ,15892.70   ,1  ,
P3RLV1128 ,1 ,0.42 ,0.95   ,0.19  ,P3RHS0_1247 ,P3RHS0_1247 -> P3RDT656  ,2.36   ,0.48   ,5452.26    ,1  ,
P3RLV1129 ,1 ,0.42 ,0.74   ,0.15  ,P3RHS0_1247 ,P3RHS0_1247 -> P3RDT656  ,1.85   ,0.37   ,4494.45    ,1  ,
P3RLV1130 ,1 ,0.42 ,7.01   ,2.31  ,P3RHS0_1247 ,P3RHS0_1247 -> P3RDT836  ,17.54  ,5.76   ,48259.00   ,1  ,
P3RLV1131 ,1 ,0.42 ,2.29   ,0.47  ,P3RHS0_1247 ,P3RHS0_1247 -> P3RDT836  ,5.74   ,1.16   ,11222.87   ,1  ,
P3RLV1132 ,1 ,0.42 ,3.02   ,0.61  ,P3RHS0_1247 ,P3RHS0_1247 -> P3RDT656  ,7.56   ,1.53   ,14460.20   ,1  ,
P3RLV1133 ,1 ,0.42 ,13.94  ,2.83  ,P3RHS0_1247 ,P3RHS0_1247 -> P3RDT836  ,34.85  ,7.08   ,66673.24   ,9  ,
P3RLV1134 ,1 ,0.42 ,2.96   ,0.97  ,P3RHS0_1247 ,P3RHS0_1247 -> P3RDT836  ,7.41   ,2.44   ,20394.21   ,1  ,
P3RLV1135 ,1 ,0.42 ,4.79   ,0.97  ,P3RHS0_1247 ,P3RHS0_1247 -> P3RDT836  ,11.97  ,2.43   ,22910.90   ,2  ,
P3RLV1136 ,1 ,0.42 ,6.56   ,1.33  ,P3RHS0_1247 ,P3RHS0_1247 -> P3RDT836  ,16.39  ,3.33   ,31355.48   ,4  ,
P3RLV1137 ,1 ,0.42 ,3.11   ,0.63  ,P3RHS0_1247 ,P3RHS0_1247 -> P3RDT656  ,7.78   ,1.58   ,14885.60   ,1  ,
P3RLV1138 ,1 ,0.42 ,0.82   ,0.17  ,P3RHS0_1247 ,P3RHS0_1247 -> P3RDT836  ,2.05   ,0.42   ,4867.48    ,1  ,
P3RLV1139 ,1 ,0.42 ,2.19   ,0.72  ,P3RHS0_1247 ,P3RHS0_1247 -> P3RDT836  ,5.47   ,1.80   ,15063.91   ,1  ,
P3RLV1140 ,1 ,0.42 ,0.56   ,0.18  ,P3RHS0_1247 ,P3RHS0_1247 -> P3RDT836  ,1.39   ,0.46   ,3826.17    ,1  ,
P3RLV1141 ,1 ,0.42 ,1.51   ,0.31  ,P3RHS0_1247 ,P3RHS0_1247 -> P3RDT836  ,3.79   ,0.77   ,8085.74    ,1  ,
P3RLV1142 ,1 ,0.42 ,0.47   ,0.15  ,P3RHS0_1247 ,P3RHS0_1247 -> P3RDT836  ,1.17   ,0.38   ,3210.46    ,1  ,
P3RLV1143 ,1 ,0.42 ,2.80   ,0.57  ,P3RHS0_1247 ,P3RHS0_1247 -> P3RDT836  ,7.01   ,1.42   ,13411.04   ,1  ,
P3RLV1144 ,1 ,0.42 ,5.16   ,1.05  ,P3RHS0_1247 ,P3RHS0_1247 -> P3RDT836  ,12.90  ,2.62   ,24675.88   ,3  ,
P3RLV1145 ,1 ,0.42 ,2.76   ,0.91  ,P3RHS0_1247 ,P3RHS0_1247 -> P3RDT999  ,6.89   ,2.26   ,18960.66   ,1  ,
P3RLV1146 ,1 ,0.42 ,10.36  ,3.41  ,P3RHS0_1247 ,P3RHS0_1247 -> P3RDT999  ,25.91  ,8.52   ,71289.41   ,1  ,
P3RLV1147 ,1 ,0.42 ,1.11   ,0.37  ,P3RHS0_1247 ,P3RHS0_1247 -> P3RDT999  ,2.79   ,0.92   ,7664.36    ,1  ,
P3RLV1148 ,1 ,0.42 ,3.46   ,1.14  ,P3RHS0_1247 ,P3RHS0_1247 -> P3RDT999  ,8.64   ,2.84   ,23773.23   ,1  ,
P3RLV1149 ,1 ,0.42 ,5.31   ,1.75  ,P3RHS0_1247 ,P3RHS0_1247 -> P3RDT999  ,13.28  ,4.36   ,36531.87   ,1  ,
P3RLV1150 ,1 ,0.42 ,1.35   ,0.44  ,P3RHS0_1247 ,P3RHS0_1247 -> P3RDT999  ,3.37   ,1.11   ,9275.85    ,1  ,
P3RLV1151 ,1 ,0.42 ,1.15   ,0.38  ,P3RHS0_1247 ,P3RHS0_1247 -> P3RDT999  ,2.87   ,0.94   ,7884.76    ,1  ,
P3RLV1152 ,1 ,0.42 ,2.15   ,0.71  ,P3RHS0_1247 ,P3RHS0_1247 -> P3RDT999  ,5.39   ,1.77   ,14819.03   ,1  ,
P3RLV1153 ,1 ,0.42 ,2.77   ,0.56  ,P3RHS0_1247 ,P3RHS0_1247 -> P3RDT999  ,6.93   ,1.41   ,13255.09   ,1  ,
P3RLV1154 ,1 ,0.42 ,2.05   ,0.67  ,P3RHS0_1247 ,P3RHS0_1247 -> P3RDT999  ,5.12   ,1.68   ,14079.78   ,1  ,
P3RLV1155 ,1 ,0.42 ,2.63   ,0.53  ,P3RHS0_1247 ,P3RHS0_1247 -> P3RDT999  ,6.57   ,1.34   ,12579.04   ,1  ,
P3RLV1156 ,1 ,0.42 ,0.79   ,0.16  ,P3RHS0_1247 ,P3RHS0_1247 -> P3RDT999  ,1.97   ,0.40   ,6077.83    ,1  ,
P3RLV1157 ,1 ,0.42 ,4.94   ,1.00  ,P3RHS0_1247 ,P3RHS0_1247 -> P3RDT999  ,12.34  ,2.51   ,23609.09   ,2  ,
P3RLV1158 ,1 ,0.42 ,4.45   ,0.90  ,P3RHS0_1247 ,P3RHS0_1247 -> P3RDT999  ,11.12  ,2.26   ,21275.84   ,2  ,
P3RLV1159 ,1 ,0.42 ,1.42   ,0.47  ,P3RHS0_1247 ,P3RHS0_1247 -> P3RDT999  ,3.55   ,1.17   ,9774.36    ,1  ,
P3RLV1160 ,1 ,0.42 ,16.56  ,5.44  ,P3RHS0_1247 ,P3RHS0_1247 -> P3RDT999  ,41.39  ,13.60  ,113900.10  ,1  ,
P3RLV1161 ,1 ,0.42 ,10.37  ,3.41  ,P3RHS0_1247 ,P3RHS0_1247 -> P3RDT999  ,25.92  ,8.52   ,71324.00   ,1  ,
P3RLV1162 ,1 ,0.42 ,3.41   ,0.69  ,P3RHS0_1247 ,P3RHS0_1247 -> P3RDT999  ,8.53   ,1.73   ,16317.85   ,1  ,
P3RLV1163 ,1 ,0.42 ,1.50   ,0.49  ,P3RHS0_1247 ,P3RHS0_1247 -> P3RDT999  ,3.75   ,1.23   ,10332.63   ,1  ,
P3RLV1164 ,1 ,0.42 ,7.16   ,1.45  ,P3RHS0_1247 ,P3RHS0_1247 -> P3RDT999  ,17.89  ,3.63   ,34236.45   ,4  ,
P3RLV1165 ,1 ,0.42 ,8.25   ,2.71  ,P3RHS0_1247 ,P3RHS0_1247 -> P3RDT999  ,20.62  ,6.78   ,56736.16   ,1  ,
P3RLV1166 ,1 ,0.42 ,3.18   ,1.05  ,P3RHS0_1247 ,P3RHS0_1247 -> P3RDT999  ,7.95   ,2.61   ,21874.40   ,1  ,
P3RLV1167 ,1 ,0.42 ,4.68   ,0.95  ,P3RHS0_1247 ,P3RHS0_1247 -> P3RDT999  ,11.69  ,2.37   ,22366.04   ,2  ,
P3RLV1168 ,1 ,0.42 ,0.90   ,0.18  ,P3RHS0_1247 ,P3RHS0_1247 -> P3RDT999  ,2.24   ,0.46   ,5228.17    ,1  ,
P3RLV1169 ,1 ,0.42 ,1.84   ,0.60  ,P3RHS0_1247 ,P3RHS0_1247 -> P3RDT999  ,4.59   ,1.51   ,12630.73   ,1  ,
P3RLV1170 ,1 ,0.42 ,4.13   ,1.36  ,P3RHS0_1247 ,P3RHS0_1247 -> P3RDT999  ,10.31  ,3.39   ,28383.76   ,1  ,
P3RLV1171 ,1 ,0.42 ,3.95   ,0.80  ,P3RHS0_1247 ,P3RHS0_1247 -> P3RDT836  ,9.89   ,2.01   ,18913.22   ,2  ,
P3RLV1172 ,1 ,0.42 ,3.56   ,1.17  ,P3RHS0_1247 ,P3RHS0_1247 -> P3RDT831  ,8.90   ,2.93   ,24491.48   ,1  ,
P3RLV1173 ,1 ,0.42 ,4.96   ,1.63  ,P3RHS0_1247 ,P3RHS0_1247 -> P3RDT831  ,12.40  ,4.07   ,34111.69   ,1  ,
P3RLV1174 ,1 ,0.42 ,4.44   ,1.46  ,P3RHS0_1247 ,P3RHS0_1247 -> P3RDT656  ,11.11  ,3.65   ,30562.68   ,1  ,
P3RLV1175 ,1 ,0.42 ,3.82   ,1.25  ,P3RHS0_1247 ,P3RHS0_1247 -> P3RDT999  ,9.54   ,3.14   ,26255.04   ,1  ,
P3RLV1176 ,1 ,0.42 ,2.52   ,0.83  ,P3RHS0_1247 ,P3RHS0_1247 -> P3RDT999  ,6.30   ,2.07   ,17341.29   ,1  ,
P3RLV1177 ,1 ,0.42 ,2.68   ,0.88  ,P3RHS0_1247 ,P3RHS0_1247 -> P3RDT999  ,6.70   ,2.20   ,18440.90   ,1  ,
P3RLV1178 ,1 ,0.42 ,1.71   ,0.56  ,P3RHS0_1247 ,P3RHS0_1247 -> P3RDT999  ,4.29   ,1.41   ,11796.59   ,1  ,
P3RLV1179 ,1 ,0.42 ,9.54   ,3.13  ,P3RHS0_1247 ,P3RHS0_1247 -> P3RDT999  ,23.84  ,7.84   ,65606.42   ,1  ,
P3RLV1180 ,1 ,0.42 ,3.45   ,1.13  ,P3RHS0_1247 ,P3RHS0_1247 -> P3RDT999  ,8.62   ,2.83   ,23712.32   ,1  ,
P3RLV1181 ,1 ,0.42 ,4.19   ,1.38  ,P3RHS0_1247 ,P3RHS0_1247 -> P3RDT999  ,10.48  ,3.44   ,28827.84   ,1  ,
P3RLV1182 ,1 ,0.42 ,4.99   ,1.64  ,P3RHS0_1247 ,P3RHS0_1247 -> P3RDT999  ,12.47  ,4.10   ,34325.10   ,1  ,
P3RLV1183 ,1 ,0.42 ,1.61   ,0.53  ,P3RHS0_1247 ,P3RHS0_1247 -> P3RDT999  ,4.01   ,1.32   ,11044.12   ,1  ,
P3RLV1184 ,1 ,0.42 ,2.59   ,0.85  ,P3RHS0_1247 ,P3RHS0_1247 -> P3RDT656  ,6.48   ,2.13   ,17830.93   ,1  ,
P3RLV1185 ,1 ,0.42 ,3.77   ,0.77  ,P3RHS0_1247 ,P3RHS0_1247 -> P3RDT656  ,9.42   ,1.91   ,29137.75   ,1  ,
P3RLV1186 ,1 ,0.42 ,1.33   ,0.44  ,P3RHS0_1247 ,P3RHS0_1247 -> P3RDT999  ,3.33   ,1.10   ,9173.58    ,1  ,
P3RLV1187 ,1 ,0.42 ,2.69   ,0.88  ,P3RHS0_1247 ,P3RHS0_1247 -> P3RDT836  ,6.73   ,2.21   ,18513.55   ,1  ,
P3RLV1188 ,1 ,0.42 ,4.18   ,1.38  ,P3RHS0_1247 ,P3RHS0_1247 -> P3RDT831  ,10.46  ,3.44   ,28785.06   ,1  ,
P3RLV1189 ,1 ,0.42 ,6.24   ,1.27  ,P3RHS0_1247 ,P3RHS0_1247 -> P3RDT831  ,15.59  ,3.17   ,29823.48   ,3  ,
P3RLV1190 ,1 ,0.42 ,3.21   ,0.65  ,P3RHS0_1247 ,P3RHS0_1247 -> P3RDT831  ,8.03   ,1.63   ,15366.93   ,1  ,
P3RLV1191 ,1 ,0.42 ,3.59   ,0.73  ,P3RHS0_1247 ,P3RHS0_1247 -> P3RDT831  ,8.98   ,1.82   ,17179.06   ,1  ,
P3RLV1192 ,1 ,0.42 ,5.03   ,1.02  ,P3RHS0_1247 ,P3RHS0_1247 -> P3RDT831  ,12.57  ,2.55   ,24052.59   ,2  ,
P3RLV1193 ,1 ,0.42 ,3.00   ,0.61  ,P3RHS0_1247 ,P3RHS0_1247 -> P3RDT831  ,7.51   ,1.53   ,14372.44   ,1  ,
P3RLV1194 ,1 ,0.42 ,3.02   ,0.61  ,P3RHS0_1247 ,P3RHS0_1247 -> P3RDT831  ,7.56   ,1.54   ,14465.35   ,1  ,
P3RLV1195 ,1 ,0.42 ,4.00   ,0.81  ,P3RHS0_1247 ,P3RHS0_1247 -> P3RDT831  ,10.00  ,2.03   ,19124.12   ,2  ,
P3RLV1196 ,1 ,0.42 ,3.71   ,0.75  ,P3RHS0_1247 ,P3RHS0_1247 -> P3RDT831  ,9.28   ,1.88   ,17750.15   ,1  ,
P3RLV1197 ,1 ,0.42 ,2.98   ,0.98  ,P3RHS0_1247 ,P3RHS0_1247 -> P3RDT831  ,7.45   ,2.45   ,20506.56   ,1  ,
P3RLV1198 ,1 ,0.42 ,3.73   ,0.76  ,P3RHS0_1247 ,P3RHS0_1247 -> P3RDT831  ,9.34   ,1.90   ,17861.54   ,1  ,
P3RLV1199 ,1 ,0.42 ,3.31   ,0.67  ,P3RHS0_1247 ,P3RHS0_1247 -> P3RDT831  ,8.27   ,1.68   ,15826.89   ,1  ,
P3RLV1200 ,1 ,0.42 ,5.17   ,1.05  ,P3RHS0_1247 ,P3RHS0_1247 -> P3RDT831  ,12.94  ,2.63   ,24751.34   ,3  ,
P3RLV1201 ,1 ,0.42 ,4.72   ,0.96  ,P3RHS0_1247 ,P3RHS0_1247 -> P3RDT831  ,11.79  ,2.39   ,22557.52   ,2  ,
P3RLV1202 ,1 ,0.42 ,4.89   ,0.99  ,P3RHS0_1247 ,P3RHS0_1247 -> P3RDT831  ,12.22  ,2.48   ,23380.52   ,2  ,
P3RLV1203 ,1 ,0.42 ,4.97   ,1.01  ,P3RHS0_1247 ,P3RHS0_1247 -> P3RDT831  ,12.42  ,2.52   ,23759.24   ,2  ,
P3RLV1204 ,1 ,0.42 ,5.74   ,1.17  ,P3RHS0_1247 ,P3RHS0_1247 -> P3RDT831  ,14.35  ,2.91   ,27446.86   ,3  ,
P3RLV1205 ,1 ,0.42 ,4.03   ,0.82  ,P3RHS0_1247 ,P3RHS0_1247 -> P3RDT831  ,10.07  ,2.04   ,19262.78   ,2  ,
P3RLV1206 ,1 ,0.42 ,5.10   ,1.04  ,P3RHS0_1247 ,P3RHS0_1247 -> P3RDT831  ,12.75  ,2.59   ,24387.22   ,2  ,
P3RLV1207 ,1 ,0.42 ,3.73   ,0.76  ,P3RHS0_1247 ,P3RHS0_1247 -> P3RDT831  ,9.33   ,1.90   ,17858.43   ,1  ,
P3RLV1208 ,1 ,0.42 ,5.96   ,1.21  ,P3RHS0_1247 ,P3RHS0_1247 -> P3RDT656  ,14.90  ,3.03   ,50098.14   ,1  ,
P3RLV1209 ,1 ,0.42 ,6.45   ,1.31  ,P3RHS0_1247 ,P3RHS0_1247 -> P3RDT831  ,16.14  ,3.28   ,30874.34   ,3  ,
P3RLV1210 ,1 ,0.42 ,3.15   ,0.64  ,P3RHS0_1247 ,P3RHS0_1247 -> P3RDT831  ,7.88   ,1.60   ,15082.06   ,1  ,
P3RLV1211 ,1 ,0.42 ,3.24   ,0.66  ,P3RHS0_1247 ,P3RHS0_1247 -> P3RDT831  ,8.09   ,1.64   ,15484.07   ,1  ,
P3RLV1212 ,1 ,0.42 ,2.65   ,0.54  ,P3RHS0_1247 ,P3RHS0_1247 -> P3RDT831  ,6.62   ,1.34   ,12656.63   ,1  ,
P3RLV1213 ,1 ,0.42 ,1.79   ,0.36  ,P3RHS0_1247 ,P3RHS0_1247 -> P3RDT831  ,4.48   ,0.91   ,9213.72    ,1  ,
P3RLV1214 ,1 ,0.42 ,3.13   ,0.64  ,P3RHS0_1247 ,P3RHS0_1247 -> P3RDT831  ,7.82   ,1.59   ,14958.50   ,1  ,
P3RLV1215 ,1 ,0.42 ,6.36   ,1.29  ,P3RHS0_1247 ,P3RHS0_1247 -> P3RDT831  ,15.90  ,3.23   ,30419.71   ,3  ,
P3RLV1216 ,1 ,0.42 ,3.62   ,0.73  ,P3RHS0_1247 ,P3RHS0_1247 -> P3RDT831  ,9.04   ,1.84   ,17300.94   ,1  ,
P3RLV1217 ,1 ,0.42 ,4.65   ,0.95  ,P3RHS0_1247 ,P3RHS0_1247 -> P3RDT831  ,11.63  ,2.36   ,22260.30   ,2  ,
P3RLV1218 ,1 ,0.42 ,3.81   ,0.77  ,P3RHS0_1247 ,P3RHS0_1247 -> P3RDT831  ,9.53   ,1.94   ,18240.48   ,1  ,
P3RLV1219 ,1 ,0.42 ,4.74   ,0.96  ,P3RHS0_1247 ,P3RHS0_1247 -> P3RDT831  ,11.86  ,2.41   ,22688.05   ,2  ,
P3RLV1220 ,1 ,0.42 ,2.80   ,0.57  ,P3RHS0_1247 ,P3RHS0_1247 -> P3RDT831  ,6.99   ,1.42   ,13372.95   ,1  ,
P3RLV1221 ,1 ,0.42 ,3.31   ,0.67  ,P3RHS0_1247 ,P3RHS0_1247 -> P3RDT831  ,8.28   ,1.68   ,15836.86   ,1  ,
P3RLV1222 ,1 ,0.42 ,3.59   ,0.73  ,P3RHS0_1247 ,P3RHS0_1247 -> P3RDT831  ,8.97   ,1.82   ,17170.07   ,1  ,
P3RLV1223 ,1 ,0.42 ,3.62   ,0.74  ,P3RHS0_1247 ,P3RHS0_1247 -> P3RDT831  ,9.05   ,1.84   ,17318.53   ,1  ,
P3RLV1224 ,1 ,0.42 ,5.36   ,1.09  ,P3RHS0_1247 ,P3RHS0_1247 -> P3RDT831  ,13.39  ,2.72   ,25624.64   ,3  ,
P3RLV1225 ,1 ,0.42 ,2.75   ,0.56  ,P3RHS0_1247 ,P3RHS0_1247 -> P3RDT831  ,6.88   ,1.40   ,13162.27   ,1  ,
P3RLV1226 ,1 ,0.42 ,4.00   ,0.81  ,P3RHS0_1247 ,P3RHS0_1247 -> P3RDT831  ,10.00  ,2.03   ,19138.84   ,2  ,
P3RLV1227 ,1 ,0.42 ,2.12   ,0.43  ,P3RHS0_1247 ,P3RHS0_1247 -> P3RDT831  ,5.31   ,1.08   ,10533.47   ,1  ,
P3RLV1228 ,1 ,0.42 ,3.57   ,1.17  ,P3RHS0_1247 ,P3RHS0_1247 -> P3RDT831  ,8.92   ,2.93   ,24559.78   ,1  ,
P3RLV1229 ,1 ,0.42 ,2.83   ,0.57  ,P3RHS0_1247 ,P3RHS0_1247 -> P3RDT831  ,7.07   ,1.44   ,13528.83   ,1  ,
P3RLV1230 ,1 ,0.42 ,5.32   ,1.08  ,P3RHS0_1247 ,P3RHS0_1247 -> P3RDT831  ,13.29  ,2.70   ,25436.59   ,3  ,
P3RLV1231 ,1 ,0.42 ,4.47   ,0.91  ,P3RHS0_1247 ,P3RHS0_1247 -> P3RDT831  ,11.18  ,2.27   ,21384.98   ,2  ,
P3RLV1232 ,1 ,0.42 ,3.83   ,0.78  ,P3RHS0_1247 ,P3RHS0_1247 -> P3RDT831  ,9.57   ,1.94   ,18304.38   ,1  ,
P3RLV1233 ,1 ,0.42 ,1.84   ,0.60  ,P3RHS0_1247 ,P3RHS0_1247 -> P3RDT831  ,4.59   ,1.51   ,12625.99   ,1  ,
P3RLV1234 ,1 ,0.42 ,5.61   ,1.14  ,P3RHS0_1247 ,P3RHS0_1247 -> P3RDT831  ,14.03  ,2.85   ,26845.58   ,3  ,
P3RLV1235 ,1 ,0.42 ,3.07   ,0.62  ,P3RHS0_1247 ,P3RHS0_1247 -> P3RDT831  ,7.68   ,1.56   ,14701.03   ,1  ,
P3RLV1236 ,1 ,0.42 ,4.73   ,0.96  ,P3RHS0_1247 ,P3RHS0_1247 -> P3RDT831  ,11.83  ,2.40   ,22639.49   ,2  ,
P3RLV1237 ,1 ,0.42 ,10.67  ,2.17  ,P3RHS0_1247 ,P3RHS0_1247 -> P3RDT656  ,26.66  ,5.41   ,86123.65   ,1  ,
P3RLV1238 ,1 ,0.42 ,3.94   ,0.80  ,P3RHS0_1247 ,P3RHS0_1247 -> P3RDT831  ,9.84   ,2.00   ,18825.97   ,2  ,
P3RLV1239 ,1 ,0.42 ,4.75   ,0.97  ,P3RHS0_1247 ,P3RHS0_1247 -> P3RDT831  ,11.88  ,2.41   ,22736.64   ,2  ,
P3RLV1240 ,1 ,0.42 ,3.75   ,0.76  ,P3RHS0_1247 ,P3RHS0_1247 -> P3RDT831  ,9.39   ,1.91   ,17956.56   ,1  ,
P3RLV1241 ,1 ,0.42 ,4.89   ,0.99  ,P3RHS0_1247 ,P3RHS0_1247 -> P3RDT831  ,12.22  ,2.48   ,23371.29   ,2  ,
P3RLV1242 ,1 ,0.42 ,5.16   ,1.05  ,P3RHS0_1247 ,P3RHS0_1247 -> P3RDT831  ,12.90  ,2.62   ,24680.27   ,3  ,
P3RLV1243 ,1 ,0.42 ,3.19   ,0.65  ,P3RHS0_1247 ,P3RHS0_1247 -> P3RDT831  ,7.97   ,1.62   ,15242.30   ,1  ,
P3RLV1244 ,1 ,0.42 ,6.47   ,1.31  ,P3RHS0_1247 ,P3RHS0_1247 -> P3RDT831  ,16.17  ,3.28   ,30941.94   ,3  ,
P3RLV1245 ,1 ,0.42 ,1.22   ,0.40  ,P3RHS0_1247 ,P3RHS0_1247 -> P3RDT836  ,3.04   ,1.00   ,8371.06    ,1  ,
P3RLV1246 ,1 ,0.42 ,4.70   ,1.55  ,P3RHS0_1247 ,P3RHS0_1247 -> P3RDT836  ,11.76  ,3.87   ,32364.92   ,1  ,
P3RLV1247 ,1 ,0.42 ,11.16  ,3.67  ,P3RHS0_1247 ,P3RHS0_1247 -> P3RDT836  ,27.89  ,9.17   ,76758.57   ,1  ,
P3RLV1248 ,3 ,0.42 ,27.69  ,9.10  ,P3RHS0_1247 ,P3RHS0_1247 -> P3RDT836  ,69.22  ,22.75  ,190471.60  ,1  ,
P3RLV1249 ,1 ,0.42 ,3.31   ,0.67  ,P3RHS0_1247 ,P3RHS0_1247 -> P3RDT999  ,8.28   ,1.68   ,15848.35   ,1  ,
P3RLV1250 ,1 ,0.42 ,1.10   ,0.36  ,P3RHS0_1247 ,P3RHS0_1247 -> P3RDT999  ,2.75   ,0.90   ,7559.54    ,1  ,
P3RLV1251 ,1 ,0.42 ,9.49   ,3.12  ,P3RHS0_1247 ,P3RHS0_1247 -> P3RDT999  ,23.72  ,7.80   ,65263.55   ,1  ,
P3RLV1252 ,1 ,0.42 ,5.81   ,1.18  ,P3RHS0_1247 ,P3RHS0_1247 -> P3RDT999  ,14.53  ,2.95   ,27802.63   ,3  ,
P3RLV1253 ,1 ,0.42 ,6.44   ,2.12  ,P3RHS0_1247 ,P3RHS0_1247 -> P3RDT999  ,16.11  ,5.29   ,44324.32   ,1  ,
P3RLV1254 ,1 ,0.42 ,1.21   ,0.40  ,P3RHS0_1247 ,P3RHS0_1247 -> P3RDT999  ,3.01   ,0.99   ,8294.74    ,1  ,
P3RLV1255 ,1 ,0.42 ,2.37   ,0.48  ,P3RHS0_1247 ,P3RHS0_1247 -> P3RDT999  ,5.93   ,1.20   ,11530.25   ,1  ,
P3RLV1256 ,1 ,0.42 ,1.14   ,0.37  ,P3RHS0_1247 ,P3RHS0_1247 -> P3RDT999  ,2.84   ,0.93   ,7814.52    ,1  ,
P3RLV1257 ,1 ,0.42 ,0.34   ,0.11  ,P3RHS0_1247 ,P3RHS0_1247 -> P3RDT999  ,0.86   ,0.28   ,2356.67    ,1  ,
P3RLV1258 ,1 ,0.42 ,1.52   ,0.50  ,P3RHS0_1247 ,P3RHS0_1247 -> P3RDT999  ,3.80   ,1.25   ,10456.75   ,1  ,
P3RLV1259 ,1 ,0.42 ,4.74   ,1.56  ,P3RHS0_1247 ,P3RHS0_1247 -> P3RDT999  ,11.85  ,3.89   ,32597.04   ,1  ,
P3RLV1260 ,1 ,0.42 ,0.78   ,0.25  ,P3RHS0_1247 ,P3RHS0_1247 -> P3RDT999  ,1.94   ,0.64   ,5331.87    ,1  ,
P3RLV1261 ,1 ,0.42 ,1.92   ,0.63  ,P3RHS0_1247 ,P3RHS0_1247 -> P3RDT999  ,4.80   ,1.58   ,13212.71   ,1  ,
P3RLV1262 ,1 ,0.42 ,0.87   ,0.29  ,P3RHS0_1247 ,P3RHS0_1247 -> P3RDT999  ,2.18   ,0.72   ,6005.28    ,1  ,
P3RLV1263 ,1 ,0.42 ,3.04   ,1.00  ,P3RHS0_1247 ,P3RHS0_1247 -> P3RDT999  ,7.60   ,2.50   ,20920.05   ,1  ,
P3RLV1264 ,1 ,0.42 ,6.49   ,2.13  ,P3RHS0_1247 ,P3RHS0_1247 -> P3RDT999  ,16.21  ,5.33   ,44618.66   ,1  ,
P3RLV1265 ,1 ,0.42 ,2.54   ,0.84  ,P3RHS0_1247 ,P3RHS0_1247 -> P3RDT999  ,6.36   ,2.09   ,17504.58   ,1  ,
P3RLV1266 ,1 ,0.42 ,2.80   ,0.57  ,P3RHS0_1247 ,P3RHS0_1247 -> P3RDT999  ,7.01   ,1.42   ,13414.12   ,1  ,
P3RLV1267 ,1 ,0.42 ,0.95   ,0.31  ,P3RHS0_1247 ,P3RHS0_1247 -> P3RDT999  ,2.37   ,0.78   ,6522.94    ,1  ,
P3RLV1268 ,1 ,0.42 ,3.31   ,0.67  ,P3RHS0_1247 ,P3RHS0_1247 -> P3RDT999  ,8.26   ,1.68   ,15809.46   ,1  ,
P3RLV1269 ,1 ,0.42 ,3.80   ,0.77  ,P3RHS0_1247 ,P3RHS0_1247 -> P3RDT999  ,9.50   ,1.93   ,18177.58   ,1  ,
P3RLV1270 ,1 ,0.42 ,2.91   ,0.59  ,P3RHS0_1247 ,P3RHS0_1247 -> P3RDT999  ,7.28   ,1.48   ,13919.05   ,1  ,
P3RLV1271 ,1 ,0.42 ,1.82   ,0.60  ,P3RHS0_1247 ,P3RHS0_1247 -> P3RDT999  ,4.54   ,1.49   ,12497.58   ,1  ,
P3RLV1272 ,1 ,0.42 ,1.80   ,0.59  ,P3RHS0_1247 ,P3RHS0_1247 -> P3RDT999  ,4.51   ,1.48   ,12412.49   ,1  ,
P3RLV1273 ,1 ,0.42 ,1.61   ,0.53  ,P3RHS0_1247 ,P3RHS0_1247 -> P3RDT999  ,4.03   ,1.32   ,11085.07   ,1  ,
P3RLV1274 ,1 ,0.42 ,1.69   ,0.56  ,P3RHS0_1247 ,P3RHS0_1247 -> P3RDT999  ,4.22   ,1.39   ,11624.06   ,1  ,
P3RLV1275 ,1 ,0.42 ,3.18   ,0.64  ,P3RHS0_1247 ,P3RHS0_1247 -> P3RDT999  ,7.94   ,1.61   ,15192.01   ,1  ,
P3RLV1276 ,1 ,0.42 ,3.03   ,0.62  ,P3RHS0_1247 ,P3RHS0_1247 -> P3RDT999  ,7.59   ,1.54   ,14514.12   ,1  ,
P3RLV1277 ,1 ,0.42 ,1.62   ,0.53  ,P3RHS0_1247 ,P3RHS0_1247 -> P3RDT999  ,4.04   ,1.33   ,11130.87   ,1  ,
P3RLV1278 ,1 ,0.42 ,2.18   ,0.44  ,P3RHS0_1247 ,P3RHS0_1247 -> P3RDT999  ,5.44   ,1.10   ,10745.31   ,1  ,
P3RLV1279 ,1 ,0.42 ,3.01   ,0.61  ,P3RHS0_1247 ,P3RHS0_1247 -> P3RDT999  ,7.52   ,1.53   ,14393.96   ,1  ,
P3RLV1280 ,1 ,0.42 ,1.83   ,0.60  ,P3RHS0_1247 ,P3RHS0_1247 -> P3RDT999  ,4.57   ,1.50   ,12579.86   ,1  ,
P3RLV1281 ,1 ,0.42 ,7.70   ,2.53  ,P3RHS0_1247 ,P3RHS0_1247 -> P3RDT999  ,19.24  ,6.33   ,52954.32   ,1  ,
P3RLV1282 ,1 ,0.42 ,3.65   ,0.74  ,P3RHS0_1247 ,P3RHS0_1247 -> P3RDT999  ,9.13   ,1.85   ,17460.52   ,1  ,
P3RLV1283 ,1 ,0.42 ,1.94   ,0.64  ,P3RHS0_1247 ,P3RHS0_1247 -> P3RDT999  ,4.85   ,1.59   ,13341.71   ,1  ,
P3RLV1284 ,1 ,0.42 ,3.22   ,0.65  ,P3RHS0_1247 ,P3RHS0_1247 -> P3RDT999  ,8.04   ,1.63   ,15383.74   ,1  ,
P3RLV1285 ,1 ,0.42 ,3.04   ,0.62  ,P3RHS0_1247 ,P3RHS0_1247 -> P3RDT999  ,7.60   ,1.54   ,14547.11   ,1  ,
P3RLV1286 ,1 ,0.42 ,3.04   ,0.62  ,P3RHS0_1247 ,P3RHS0_1247 -> P3RDT999  ,7.59   ,1.54   ,14517.03   ,1  ,
P3RLV1287 ,1 ,0.42 ,2.87   ,0.58  ,P3RHS0_1247 ,P3RHS0_1247 -> P3RDT999  ,7.18   ,1.46   ,13734.31   ,1  ,
P3RLV1288 ,3 ,0.42 ,49.22  ,16.18 ,P3RHS0_1247 ,P3RHS0_1247 -> P3RDT999  ,123.05 ,40.45  ,338618.70  ,1  ,
P3RLV1289 ,1 ,0.42 ,2.06   ,0.68  ,P3RHS0_1247 ,P3RHS0_1247 -> P3RDT999  ,5.15   ,1.69   ,14173.16   ,1  ,
P3RLV1290 ,1 ,0.42 ,1.29   ,0.42  ,P3RHS0_1247 ,P3RHS0_1247 -> P3RDT999  ,3.23   ,1.06   ,8888.14    ,1  ,
P3RLV1291 ,1 ,0.42 ,3.17   ,0.64  ,P3RHS0_1247 ,P3RHS0_1247 -> P3RDT999  ,7.93   ,1.61   ,15166.04   ,1  ,
P3RLV1292 ,1 ,0.42 ,4.94   ,1.62  ,P3RHS0_1247 ,P3RHS0_1247 -> P3RDT999  ,12.34  ,4.06   ,33962.47   ,1  ,
P3RLV1293 ,1 ,0.42 ,0.77   ,0.25  ,P3RHS0_1247 ,P3RHS0_1247 -> P3RDT999  ,1.92   ,0.63   ,5273.73    ,1  ,
P3RLV1294 ,1 ,0.42 ,6.61   ,2.17  ,P3RHS0_1247 ,P3RHS0_1247 -> P3RDT999  ,16.53  ,5.43   ,45484.04   ,1  ,
P3RLV1295 ,1 ,0.42 ,2.77   ,0.56  ,P3RHS0_1247 ,P3RHS0_1247 -> P3RDT999  ,6.92   ,1.41   ,13248.84   ,1  ,
P3RLV1296 ,1 ,0.42 ,3.15   ,0.64  ,P3RHS0_1247 ,P3RHS0_1247 -> P3RDT999  ,7.86   ,1.60   ,15044.15   ,1  ,
P3RLV1297 ,1 ,0.42 ,2.61   ,0.53  ,P3RHS0_1247 ,P3RHS0_1247 -> P3RDT999  ,6.53   ,1.33   ,12488.20   ,1  ,
P3RLV1298 ,1 ,0.42 ,2.96   ,0.60  ,P3RHS0_1247 ,P3RHS0_1247 -> P3RDT999  ,7.41   ,1.50   ,14174.61   ,1  ,
P3RLV1299 ,1 ,0.42 ,2.29   ,0.75  ,P3RHS0_1247 ,P3RHS0_1247 -> P3RDT999  ,5.73   ,1.88   ,15776.64   ,1  ,
P3RLV1300 ,1 ,0.42 ,2.90   ,0.59  ,P3RHS0_1247 ,P3RHS0_1247 -> P3RDT999  ,7.25   ,1.47   ,13866.84   ,1  ,
P3RLV1301 ,1 ,0.42 ,0.80   ,0.26  ,P3RHS0_1247 ,P3RHS0_1247 -> P3RDT999  ,2.00   ,0.66   ,5502.74    ,1  ,
P3RLV1302 ,1 ,0.42 ,1.00   ,0.33  ,P3RHS0_1247 ,P3RHS0_1247 -> P3RDT999  ,2.49   ,0.82   ,6864.41    ,1  ,
P3RLV1303 ,1 ,0.42 ,2.96   ,0.97  ,P3RHS0_1247 ,P3RHS0_1247 -> P3RDT999  ,7.41   ,2.43   ,20378.52   ,1  ,
P3RLV1304 ,1 ,0.42 ,4.74   ,1.56  ,P3RHS0_1247 ,P3RHS0_1247 -> P3RDT999  ,11.85  ,3.89   ,32605.42   ,1  ,
P3RLV1305 ,1 ,0.42 ,11.76  ,3.86  ,P3RHS0_1247 ,P3RHS0_1247 -> P3RDT999  ,29.39  ,9.66   ,80869.13   ,1  ,
P3RLV1306 ,1 ,0.42 ,2.79   ,0.57  ,P3RHS0_1247 ,P3RHS0_1247 -> P3RDT999  ,6.96   ,1.41   ,13323.60   ,1  ,
P3RLV1307 ,1 ,0.42 ,2.80   ,0.57  ,P3RHS0_1247 ,P3RHS0_1247 -> P3RDT999  ,7.00   ,1.42   ,13386.76   ,1  ,
P3RLV1308 ,1 ,0.42 ,3.25   ,0.66  ,P3RHS0_1247 ,P3RHS0_1247 -> P3RDT999  ,8.13   ,1.65   ,15559.32   ,1  ,
P3RLV1309 ,1 ,0.42 ,1.80   ,0.59  ,P3RHS0_1247 ,P3RHS0_1247 -> P3RDT999  ,4.50   ,1.48   ,12387.41   ,1  ,
P3RLV1310 ,1 ,0.42 ,0.67   ,0.22  ,P3RHS0_1247 ,P3RHS0_1247 -> P3RDT999  ,1.68   ,0.55   ,4618.73    ,1  ,
P3RLV1311 ,1 ,0.42 ,2.78   ,0.91  ,P3RHS0_1247 ,P3RHS0_1247 -> P3RDT999  ,6.95   ,2.28   ,19122.45   ,1  ,
P3RLV1312 ,1 ,0.42 ,3.38   ,1.11  ,P3RHS0_1247 ,P3RHS0_1247 -> P3RDT999  ,8.44   ,2.77   ,23227.47   ,1  ,
P3RLV1313 ,1 ,0.42 ,2.95   ,0.97  ,P3RHS0_1247 ,P3RHS0_1247 -> P3RDT999  ,7.37   ,2.42   ,20286.20   ,1  ,
P3RLV1314 ,1 ,0.42 ,3.05   ,1.00  ,P3RHS0_1247 ,P3RHS0_1247 -> P3RDT656  ,7.61   ,2.50   ,20951.13   ,1  ,
P3RLV1315 ,1 ,0.42 ,4.54   ,1.49  ,P3RHS0_1247 ,P3RHS0_1247 -> P3RDT656  ,11.35  ,3.73   ,31225.08   ,1  ,
P3RLV1316 ,1 ,0.42 ,3.50   ,1.15  ,P3RHS0_1247 ,P3RHS0_1247 -> P3RDT656  ,8.74   ,2.87   ,24057.69   ,1  ,
P3RLV1317 ,1 ,0.42 ,12.82  ,2.60  ,P3RHS0_1247 ,P3RHS0_1247 -> P3RDT656  ,32.06  ,6.51   ,101126.70  ,1  ,
P3RLV1318 ,1 ,0.42 ,1.81   ,0.59  ,P3RHS0_1247 ,P3RHS0_1247 -> P3RDT656  ,4.52   ,1.48   ,12425.16   ,1  ,
P3RLV1319 ,1 ,0.42 ,4.12   ,1.35  ,P3RHS0_1247 ,P3RHS0_1247 -> P3RDT656  ,10.30  ,3.38   ,28337.26   ,1  ,
P3RLV1320 ,1 ,0.42 ,5.94   ,1.95  ,P3RHS0_1247 ,P3RHS0_1247 -> P3RDT999  ,14.85  ,4.88   ,40868.57   ,1  ,
P3RLV1321 ,1 ,0.42 ,4.38   ,0.89  ,P3RHS0_1247 ,P3RHS0_1247 -> P3RDT999  ,10.94  ,2.22   ,20936.68   ,2  ,
P3RLV1322 ,1 ,0.42 ,1.00   ,0.33  ,P3RHS0_1247 ,P3RHS0_1247 -> P3RDT999  ,2.51   ,0.82   ,6901.76    ,1  ,
P3RLV1323 ,1 ,0.42 ,2.63   ,0.53  ,P3RHS0_1247 ,P3RHS0_1247 -> P3RDT999  ,6.58   ,1.34   ,12580.24   ,1  ,
P3RLV1324 ,1 ,0.42 ,4.48   ,0.91  ,P3RHS0_1247 ,P3RHS0_1247 -> P3RDT999  ,11.21  ,2.28   ,21443.52   ,2  ,
P3RLV1325 ,1 ,0.42 ,2.13   ,0.43  ,P3RHS0_1247 ,P3RHS0_1247 -> P3RDT999  ,5.33   ,1.08   ,10575.23   ,1  ,
P3RLV1326 ,1 ,0.42 ,5.29   ,1.74  ,P3RHS0_1247 ,P3RHS0_1247 -> P3RDT999  ,13.23  ,4.35   ,36401.90   ,1  ,
P3RLV1327 ,1 ,0.42 ,3.03   ,1.00  ,P3RHS0_1247 ,P3RHS0_1247 -> P3RDT999  ,7.59   ,2.49   ,20875.57   ,1  ,
P3RLV1328 ,1 ,0.42 ,0.72   ,0.24  ,P3RHS0_1247 ,P3RHS0_1247 -> P3RDT999  ,1.80   ,0.59   ,4951.73    ,1  ,
P3RLV1329 ,1 ,0.42 ,2.87   ,0.94  ,P3RHS0_1247 ,P3RHS0_1247 -> P3RDT999  ,7.16   ,2.35   ,19712.94   ,1  ,
P3RLV1330 ,1 ,0.42 ,0.79   ,0.26  ,P3RHS0_1247 ,P3RHS0_1247 -> P3RDT999  ,1.97   ,0.65   ,5424.08    ,1  ,
P3RLV1331 ,1 ,0.42 ,2.33   ,0.47  ,P3RHS0_1247 ,P3RHS0_1247 -> P3RDT999  ,5.82   ,1.18   ,11349.39   ,1  ,
P3RLV1332 ,1 ,0.42 ,5.04   ,1.66  ,P3RHS0_1247 ,P3RHS0_1247 -> P3RDT999  ,12.60  ,4.14   ,34681.41   ,1  ,
P3RLV1333 ,1 ,0.42 ,2.80   ,0.57  ,P3RHS0_1247 ,P3RHS0_1247 -> P3RDT831  ,6.99   ,1.42   ,13380.39   ,1  ,
P3RLV1334 ,1 ,0.42 ,3.61   ,0.73  ,P3RHS0_1247 ,P3RHS0_1247 -> P3RDT831  ,9.02   ,1.83   ,17252.26   ,1  ,
P3RLV1335 ,3 ,0.42 ,25.30  ,5.14  ,P3RHS0_1247 ,P3RHS0_1247 -> P3RDT831  ,63.25  ,12.84  ,187862.60  ,1  ,
P3RLV1336 ,1 ,0.42 ,13.87  ,2.82  ,P3RHS0_1247 ,P3RHS0_1247 -> P3RDT999  ,34.67  ,7.04   ,108385.50  ,1  ,
P3RLV1337 ,1 ,0.42 ,3.20   ,0.65  ,P3RHS0_1247 ,P3RHS0_1247 -> P3RDT999  ,8.01   ,1.63   ,24759.90   ,1  ,
P3RLV1338 ,1 ,0.42 ,4.25   ,0.86  ,P3RHS0_1247 ,P3RHS0_1247 -> P3RDT999  ,10.62  ,2.16   ,20311.14   ,2  ,
P3RLV1339 ,1 ,0.42 ,3.43   ,0.70  ,P3RHS0_1247 ,P3RHS0_1247 -> P3RDT999  ,8.58   ,1.74   ,16413.29   ,1  ,
P3RLV1340 ,1 ,0.42 ,5.04   ,1.02  ,P3RHS0_1247 ,P3RHS0_1247 -> P3RDT999  ,12.61  ,2.56   ,24120.58   ,2  ,
P3RLV1341 ,1 ,0.42 ,3.46   ,0.70  ,P3RHS0_1247 ,P3RHS0_1247 -> P3RDT999  ,8.66   ,1.76   ,16559.60   ,1  ,
P3RLV1342 ,1 ,0.42 ,13.41  ,4.41  ,P3RHS0_1247 ,P3RHS0_1247 -> P3RDT831  ,33.53  ,11.02  ,92266.07   ,1  ,
P3RLV1343 ,1 ,0.42 ,3.62   ,0.74  ,P3RHS0_1247 ,P3RHS0_1247 -> P3RDT999  ,9.06   ,1.84   ,17331.10   ,1  ,
P3RLV1344 ,1 ,0.42 ,4.93   ,1.00  ,P3RHS0_1247 ,P3RHS0_1247 -> P3RDT831  ,12.32  ,2.50   ,23573.86   ,2  ,
P3RLV1345 ,1 ,0.42 ,1.99   ,0.41  ,P3RHS0_1247 ,P3RHS0_1247 -> P3RDT999  ,4.99   ,1.01   ,15423.02   ,1  ,
P3RLV1346 ,1 ,0.42 ,3.70   ,0.75  ,P3RHS0_1247 ,P3RHS0_1247 -> P3RDT831  ,9.25   ,1.88   ,17691.26   ,1  ,
P3RLV1347 ,1 ,0.42 ,2.96   ,0.60  ,P3RHS0_1247 ,P3RHS0_1247 -> P3RDT831  ,7.40   ,1.50   ,14152.99   ,1  ,
P3RLV1348 ,1 ,0.42 ,3.65   ,0.74  ,P3RHS0_1247 ,P3RHS0_1247 -> P3RDT831  ,9.13   ,1.85   ,17477.18   ,1  ,
P3RLV1349 ,1 ,0.42 ,2.92   ,0.59  ,P3RHS0_1247 ,P3RHS0_1247 -> P3RDT999  ,7.29   ,1.48   ,13948.72   ,1  ,
P3RLV1350 ,1 ,0.42 ,3.12   ,0.63  ,P3RHS0_1247 ,P3RHS0_1247 -> P3RDT999  ,7.80   ,1.58   ,14930.19   ,1  ,
P3RLV1351 ,1 ,0.42 ,4.26   ,0.87  ,P3RHS0_1247 ,P3RHS0_1247 -> P3RDT831  ,10.66  ,2.16   ,20397.06   ,2  ,
P3RLV1352 ,1 ,0.42 ,4.04   ,0.82  ,P3RHS0_1247 ,P3RHS0_1247 -> P3RDT831  ,10.10  ,2.05   ,19330.32   ,2  ,
P3RLV1353 ,1 ,0.42 ,3.46   ,0.70  ,P3RHS0_1247 ,P3RHS0_1247 -> P3RDT999  ,8.66   ,1.76   ,16562.34   ,1  ,
P3RLV1354 ,1 ,0.42 ,4.26   ,0.87  ,P3RHS0_1247 ,P3RHS0_1247 -> P3RDT999  ,10.65  ,2.16   ,32936.51   ,1  ,
P3RLV1355 ,1 ,0.42 ,3.33   ,0.68  ,P3RHS0_1247 ,P3RHS0_1247 -> P3RDT831  ,8.32   ,1.69   ,15918.23   ,1  ,
P3RLV1356 ,1 ,0.42 ,3.23   ,0.66  ,P3RHS0_1247 ,P3RHS0_1247 -> P3RDT999  ,8.08   ,1.64   ,15467.81   ,1  ,
P3RLV1357 ,1 ,0.42 ,3.52   ,0.72  ,P3RHS0_1247 ,P3RHS0_1247 -> P3RDT999  ,8.81   ,1.79   ,27248.86   ,1  ,
P3RLV1358 ,1 ,0.42 ,5.15   ,1.05  ,P3RHS0_1247 ,P3RHS0_1247 -> P3RDT831  ,12.87  ,2.61   ,24630.63   ,2  ,
P3RLV1359 ,1 ,0.42 ,4.95   ,1.63  ,P3RHS0_1247 ,P3RHS0_1247 -> P3RDT831  ,12.39  ,4.07   ,34087.77   ,1  ,
P3RLV1360 ,1 ,0.42 ,2.27   ,0.46  ,P3RHS0_1247 ,P3RHS0_1247 -> P3RDT999  ,5.67   ,1.15   ,11113.97   ,1  ,
P3RLV1361 ,1 ,0.42 ,2.21   ,0.45  ,P3RHS0_1247 ,P3RHS0_1247 -> P3RDT999  ,5.52   ,1.12   ,10882.61   ,1  ,
P3RLV1362 ,1 ,0.42 ,3.18   ,0.65  ,P3RHS0_1247 ,P3RHS0_1247 -> P3RDT999  ,7.94   ,1.61   ,15196.67   ,1  ,
P3RLV1363 ,1 ,0.42 ,3.68   ,0.75  ,P3RHS0_1247 ,P3RHS0_1247 -> P3RDT999  ,9.21   ,1.87   ,17624.14   ,1  ,
P3RLV1364 ,1 ,0.42 ,7.01   ,1.42  ,P3RHS0_1247 ,P3RHS0_1247 -> P3RDT831  ,17.52  ,3.56   ,33519.39   ,4  ,
P3RLV1365 ,1 ,0.42 ,5.34   ,1.08  ,P3RHS0_1247 ,P3RHS0_1247 -> P3RDT831  ,13.34  ,2.71   ,25531.89   ,3  ,
P3RLV1366 ,1 ,0.42 ,12.56  ,4.13  ,P3RHS0_1247 ,P3RHS0_1247 -> P3RDT831  ,31.40  ,10.32  ,86400.70   ,1  ,
P3RLV1367 ,1 ,0.42 ,5.07   ,1.67  ,P3RHS0_1247 ,P3RHS0_1247 -> P3RDT831  ,12.68  ,4.17   ,34904.54   ,1  ,
P3RLV1368 ,1 ,0.42 ,3.45   ,0.70  ,P3RHS0_1247 ,P3RHS0_1247 -> P3RDT831  ,8.62   ,1.75   ,16491.23   ,1  ,
P3RLV1369 ,1 ,0.42 ,2.57   ,0.85  ,P3RHS0_1247 ,P3RHS0_1247 -> P3RDT831  ,6.44   ,2.12   ,17707.87   ,1  ,
P3RLV1370 ,1 ,0.42 ,3.91   ,1.29  ,P3RHS0_1247 ,P3RHS0_1247 -> P3RDT831  ,9.78   ,3.21   ,26907.58   ,1  ,
P3RLV1371 ,1 ,0.42 ,5.46   ,1.80  ,P3RHS0_1247 ,P3RHS0_1247 -> P3RDT831  ,13.65  ,4.49   ,37571.18   ,1  ,
P3RLV1372 ,1 ,0.42 ,4.07   ,0.83  ,P3RHS0_1247 ,P3RHS0_1247 -> P3RDT831  ,10.18  ,2.07   ,19483.23   ,2  ,
P3RLV1373 ,1 ,0.42 ,1.67   ,0.55  ,P3RHS0_1247 ,P3RHS0_1247 -> P3RDT831  ,4.16   ,1.37   ,11459.77   ,1  ,
P3RLV1374 ,1 ,0.42 ,2.28   ,0.75  ,P3RHS0_1247 ,P3RHS0_1247 -> P3RDT831  ,5.69   ,1.87   ,15670.07   ,1  ,
P3RLV1375 ,1 ,0.42 ,1.67   ,0.55  ,P3RHS0_1247 ,P3RHS0_1247 -> P3RDT831  ,4.17   ,1.37   ,11472.39   ,1  ,
P3RLV1376 ,1 ,0.42 ,5.38   ,1.77  ,P3RHS0_1247 ,P3RHS0_1247 -> P3RDT831  ,13.44  ,4.42   ,36977.80   ,1  ,
P3RLV1377 ,1 ,0.42 ,1.93   ,0.63  ,P3RHS0_1247 ,P3RHS0_1247 -> P3RDT831  ,4.83   ,1.59   ,13278.35   ,1  ,
P3RLV1378 ,1 ,0.42 ,3.06   ,1.01  ,P3RHS0_1247 ,P3RHS0_1247 -> P3RDT831  ,7.65   ,2.52   ,21062.09   ,1  ,
P3RLV1379 ,1 ,0.42 ,0.96   ,0.32  ,P3RHS0_1247 ,P3RHS0_1247 -> P3RDT831  ,2.40   ,0.79   ,6616.44    ,1  ,
P3RLV1380 ,1 ,0.42 ,2.80   ,0.57  ,P3RHS0_1247 ,P3RHS0_1247 -> P3RDT831  ,7.00   ,1.42   ,13398.77   ,1  ,
P3RLV1381 ,1 ,0.42 ,1.88   ,0.62  ,P3RHS0_1247 ,P3RHS0_1247 -> P3RDT999  ,4.70   ,1.55   ,12941.23   ,1  ,
P3RLV1382 ,1 ,0.42 ,4.93   ,1.62  ,P3RHS0_1247 ,P3RHS0_1247 -> P3RDT999  ,12.34  ,4.06   ,33950.34   ,1  ,
P3RLV1383 ,1 ,0.42 ,4.57   ,1.50  ,P3RHS0_1247 ,P3RHS0_1247 -> P3RDT999  ,11.41  ,3.75   ,31408.12   ,1  ,
P3RLV1384 ,1 ,0.42 ,9.09   ,2.99  ,P3RHS0_1247 ,P3RHS0_1247 -> P3RDT999  ,22.72  ,7.47   ,62523.33   ,1  ,
P3RLV1385 ,1 ,0.42 ,3.63   ,1.19  ,P3RHS0_1247 ,P3RHS0_1247 -> P3RDT999  ,9.07   ,2.98   ,24947.49   ,1  ,
P3RLV1386 ,1 ,0.42 ,3.84   ,0.78  ,P3RHS0_1247 ,P3RHS0_1247 -> P3RDT999  ,9.61   ,1.95   ,18385.09   ,2  ,
P3RLV1387 ,1 ,0.42 ,3.55   ,1.17  ,P3RHS0_1247 ,P3RHS0_1247 -> P3RDT999  ,8.87   ,2.92   ,24408.93   ,1  ,
P3RLV1388 ,1 ,0.42 ,1.13   ,0.37  ,P3RHS0_1247 ,P3RHS0_1247 -> P3RDT999  ,2.84   ,0.93   ,7805.60    ,1  ,
P3RLV1389 ,1 ,0.42 ,3.45   ,0.70  ,P3RHS0_1247 ,P3RHS0_1247 -> P3RDT999  ,8.62   ,1.75   ,16483.58   ,1  ,
P3RLV1390 ,1 ,0.42 ,2.18   ,0.72  ,P3RHS0_1247 ,P3RHS0_1247 -> P3RDT656  ,5.44   ,1.79   ,14975.55   ,1  ,
P3RLV1391 ,1 ,0.42 ,1.60   ,0.32  ,P3RHS0_1247 ,P3RHS0_1247 -> P3RDT656  ,4.00   ,0.81   ,8445.31    ,1  ,
P3RLV1392 ,1 ,0.42 ,2.96   ,0.60  ,P3RHS0_1247 ,P3RHS0_1247 -> P3RDT656  ,7.41   ,1.50   ,14167.68   ,1  ,
P3RLV1393 ,1 ,0.42 ,8.04   ,2.64  ,P3RHS0_1247 ,P3RHS0_1247 -> P3RDT656  ,20.10  ,6.61   ,55316.06   ,1  ,
P3RLV1394 ,1 ,0.42 ,5.01   ,1.02  ,P3RHS0_1247 ,P3RHS0_1247 -> P3RDT656  ,12.53  ,2.54   ,23968.72   ,2  ,
P3RLV1395 ,1 ,0.42 ,1.77   ,0.58  ,P3RHS0_1247 ,P3RHS0_1247 -> P3RDT656  ,4.43   ,1.45   ,12179.69   ,1  ,
P3RLV1396 ,1 ,0.42 ,1.99   ,0.66  ,P3RHS0_1247 ,P3RHS0_1247 -> P3RDT656  ,4.98   ,1.64   ,13710.94   ,1  ,
P3RLV1397 ,1 ,0.42 ,8.95   ,2.94  ,P3RHS0_1247 ,P3RHS0_1247 -> P3RDT656  ,22.36  ,7.35   ,61543.02   ,1  ,
P3RLV1398 ,1 ,0.42 ,0.91   ,0.30  ,P3RHS0_1247 ,P3RHS0_1247 -> P3RDT656  ,2.26   ,0.74   ,6229.70    ,1  ,
P3RLV1399 ,1 ,0.42 ,11.50  ,3.78  ,P3RHS0_1247 ,P3RHS0_1247 -> P3RDT656  ,28.75  ,9.45   ,79113.43   ,1  ,
P3RLV1400 ,1 ,0.42 ,1.61   ,0.33  ,P3RHS0_1247 ,P3RHS0_1247 -> P3RDT656  ,4.02   ,0.82   ,8476.45    ,1  ,
P3RLV1401 ,1 ,0.42 ,4.05   ,0.82  ,P3RHS0_1247 ,P3RHS0_1247 -> P3RDT656  ,10.12  ,2.06   ,19367.91   ,2  ,
P3RLV1402 ,1 ,0.42 ,5.57   ,1.83  ,P3RHS0_1247 ,P3RHS0_1247 -> P3RDT656  ,13.93  ,4.58   ,38346.04   ,1  ,
P3RLV1403 ,1 ,0.42 ,3.63   ,0.74  ,P3RHS0_1247 ,P3RHS0_1247 -> P3RDT656  ,9.07   ,1.84   ,17361.23   ,1  ,
P3RLV1404 ,1 ,0.42 ,15.80  ,5.19  ,P3RHS0_1247 ,P3RHS0_1247 -> P3RDT656  ,39.50  ,12.98  ,108701.60  ,1  ,
P3RLV1405 ,1 ,0.42 ,0.60   ,0.20  ,P3RHS0_1247 ,P3RHS0_1247 -> P3RDT656  ,1.51   ,0.50   ,4160.64    ,1  ,
P3RLV1406 ,1 ,0.42 ,1.69   ,0.34  ,P3RHS0_1247 ,P3RHS0_1247 -> P3RDT656  ,4.23   ,0.86   ,8820.63    ,1  ,
P3RLV1407 ,1 ,0.42 ,0.80   ,0.16  ,P3RHS0_1247 ,P3RHS0_1247 -> P3RDT656  ,1.99   ,0.40   ,4759.43    ,1  ,
P3RLV1408 ,1 ,0.42 ,1.64   ,0.54  ,P3RHS0_1247 ,P3RHS0_1247 -> P3RDT656  ,4.10   ,1.35   ,11290.86   ,1  ,
P3RLV1409 ,1 ,0.42 ,3.38   ,0.69  ,P3RHS0_1247 ,P3RHS0_1247 -> P3RDT656  ,8.44   ,1.71   ,16150.09   ,1  ,
P3RLV1410 ,1 ,0.42 ,0.90   ,0.30  ,P3RHS0_1247 ,P3RHS0_1247 -> P3RDT999  ,2.25   ,0.74   ,6192.70    ,1  ,
P3RLV1411 ,1 ,0.42 ,5.64   ,1.85  ,P3RHS0_1247 ,P3RHS0_1247 -> P3RDT999  ,14.10  ,4.63   ,38796.30   ,1  ,
P3RLV1412 ,1 ,0.42 ,0.65   ,0.21  ,P3RHS0_1247 ,P3RHS0_1247 -> P3RDT999  ,1.62   ,0.53   ,4460.67    ,1  ,
P3RLV1413 ,1 ,0.42 ,3.42   ,0.69  ,P3RHS0_1247 ,P3RHS0_1247 -> P3RDT836  ,8.55   ,1.74   ,16360.47   ,1  ,
P3RLV1414 ,1 ,0.42 ,4.27   ,0.87  ,P3RHS0_1247 ,P3RHS0_1247 -> P3RDT836  ,10.67  ,2.17   ,20409.69   ,2  ,
P3RLV1415 ,1 ,0.42 ,2.69   ,0.55  ,P3RHS0_1247 ,P3RHS0_1247 -> P3RDT836  ,6.72   ,1.36   ,12851.22   ,1  ,
P3RLV1416 ,1 ,0.42 ,2.67   ,0.54  ,P3RHS0_1247 ,P3RHS0_1247 -> P3RDT836  ,6.68   ,1.36   ,12774.19   ,1  ,
P3RLV1417 ,1 ,0.42 ,1.03   ,0.21  ,P3RHS0_1247 ,P3RHS0_1247 -> P3RDT836  ,2.57   ,0.52   ,5833.18    ,1  ,
P3RLV1418 ,1 ,0.42 ,4.53   ,0.92  ,P3RHS0_1247 ,P3RHS0_1247 -> P3RDT836  ,11.32  ,2.30   ,21665.46   ,2  ,
P3RLV1419 ,1 ,0.42 ,7.55   ,1.53  ,P3RHS0_1247 ,P3RHS0_1247 -> P3RDT836  ,18.88  ,3.83   ,36125.18   ,4  ,
P3RLV1420 ,1 ,0.42 ,0.85   ,0.17  ,P3RHS0_1247 ,P3RHS0_1247 -> P3RDT836  ,2.12   ,0.43   ,4998.75    ,1  ,
P3RLV1421 ,1 ,0.42 ,3.38   ,0.69  ,P3RHS0_1247 ,P3RHS0_1247 -> P3RDT836  ,8.46   ,1.72   ,16190.85   ,1  ,
P3RLV1422 ,1 ,0.42 ,5.74   ,1.17  ,P3RHS0_1247 ,P3RHS0_1247 -> P3RDT836  ,14.36  ,2.92   ,27475.72   ,3  ,
P3RLV1423 ,1 ,0.42 ,2.82   ,0.57  ,P3RHS0_1247 ,P3RHS0_1247 -> P3RDT836  ,7.06   ,1.43   ,13506.09   ,1  ,
P3RLV1424 ,1 ,0.42 ,5.30   ,1.08  ,P3RHS0_1247 ,P3RHS0_1247 -> P3RDT836  ,13.24  ,2.69   ,25336.34   ,3  ,
P3RLV1425 ,1 ,0.42 ,3.12   ,0.63  ,P3RHS0_1247 ,P3RHS0_1247 -> P3RDT836  ,7.80   ,1.58   ,14916.23   ,1  ,
P3RLV1426 ,1 ,0.42 ,4.31   ,0.88  ,P3RHS0_1247 ,P3RHS0_1247 -> P3RDT836  ,10.77  ,2.19   ,20613.40   ,2  ,
P3RLV1427 ,1 ,0.42 ,0.97   ,0.20  ,P3RHS0_1247 ,P3RHS0_1247 -> P3RDT836  ,2.43   ,0.49   ,5572.94    ,1  ,
P3RLV1428 ,1 ,0.42 ,6.55   ,1.33  ,P3RHS0_1247 ,P3RHS0_1247 -> P3RDT836  ,16.38  ,3.33   ,31334.42   ,4  ,
P3RLV1429 ,1 ,0.42 ,5.42   ,1.10  ,P3RHS0_1247 ,P3RHS0_1247 -> P3RDT836  ,13.55  ,2.75   ,25923.02   ,3  ,
P3RLV1430 ,1 ,0.42 ,3.04   ,0.62  ,P3RHS0_1247 ,P3RHS0_1247 -> P3RDT836  ,7.61   ,1.55   ,14558.29   ,1  ,
P3RLV1431 ,1 ,0.42 ,3.99   ,0.81  ,P3RHS0_1247 ,P3RHS0_1247 -> P3RDT836  ,9.98   ,2.03   ,19086.49   ,2  ,
P3RLV1432 ,1 ,0.42 ,1.48   ,0.30  ,P3RHS0_1247 ,P3RHS0_1247 -> P3RDT836  ,3.70   ,0.75   ,7916.70    ,1  ,
P3RLV1433 ,1 ,0.42 ,1.71   ,0.35  ,P3RHS0_1247 ,P3RHS0_1247 -> P3RDT836  ,4.28   ,0.87   ,8895.22    ,1  ,
P3RLV1434 ,1 ,0.42 ,6.15   ,1.25  ,P3RHS0_1247 ,P3RHS0_1247 -> P3RDT836  ,15.37  ,3.12   ,29397.79   ,3  ,
P3RLV1435 ,1 ,0.42 ,1.41   ,0.29  ,P3RHS0_1247 ,P3RHS0_1247 -> P3RDT836  ,3.52   ,0.71   ,7585.57    ,1  ,
P3RLV1436 ,1 ,0.42 ,3.73   ,0.76  ,P3RHS0_1247 ,P3RHS0_1247 -> P3RDT836  ,9.33   ,1.89   ,17847.75   ,1  ,
P3RLV1437 ,1 ,0.42 ,6.47   ,1.31  ,P3RHS0_1247 ,P3RHS0_1247 -> P3RDT836  ,16.18  ,3.29   ,30960.54   ,3  ,
P3RLV1438 ,1 ,0.42 ,7.26   ,2.39  ,P3RHS0_1247 ,P3RHS0_1247 -> P3RDT836  ,18.16  ,5.97   ,49964.85   ,1  ,
P3RLV1439 ,1 ,0.42 ,3.23   ,0.66  ,P3RHS0_1247 ,P3RHS0_1247 -> P3RDT836  ,8.07   ,1.64   ,15439.75   ,1  ,
P3RLV1440 ,1 ,0.42 ,2.16   ,0.44  ,P3RHS0_1247 ,P3RHS0_1247 -> P3RDT836  ,5.40   ,1.10   ,10682.43   ,1  ,
P3RLV1441 ,1 ,0.42 ,3.18   ,0.65  ,P3RHS0_1247 ,P3RHS0_1247 -> P3RDT836  ,7.95   ,1.61   ,15205.90   ,1  ,
P3RLV1442 ,1 ,0.42 ,2.33   ,0.47  ,P3RHS0_1247 ,P3RHS0_1247 -> P3RDT836  ,5.83   ,1.18   ,11378.45   ,1  ,
P3RLV1443 ,1 ,0.42 ,7.01   ,2.30  ,P3RHS0_1247 ,P3RHS0_1247 -> P3RDT836  ,17.53  ,5.76   ,48233.94   ,1  ,
P3RLV1444 ,1 ,0.42 ,8.96   ,1.82  ,P3RHS0_1247 ,P3RHS0_1247 -> P3RDT836  ,22.40  ,4.55   ,42853.91   ,5  ,
P3RLV1445 ,1 ,0.42 ,1.98   ,0.40  ,P3RHS0_1247 ,P3RHS0_1247 -> P3RDT836  ,4.96   ,1.01   ,9978.87    ,1  ,
P3RLV1446 ,1 ,0.42 ,6.33   ,1.29  ,P3RHS0_1247 ,P3RHS0_1247 -> P3RDT836  ,15.83  ,3.21   ,30280.09   ,3  ,
P3RLV1447 ,1 ,0.42 ,6.38   ,1.30  ,P3RHS0_1247 ,P3RHS0_1247 -> P3RDT836  ,15.94  ,3.24   ,30505.16   ,3  ,
P3RLV1448 ,1 ,0.42 ,2.87   ,0.58  ,P3RHS0_1247 ,P3RHS0_1247 -> P3RDT836  ,7.18   ,1.46   ,13732.76   ,1  ,
P3RLV1449 ,1 ,0.42 ,3.00   ,0.61  ,P3RHS0_1247 ,P3RHS0_1247 -> P3RDT836  ,7.51   ,1.53   ,14372.06   ,1  ,
P3RLV1450 ,1 ,0.42 ,2.67   ,0.54  ,P3RHS0_1247 ,P3RHS0_1247 -> P3RDT836  ,6.67   ,1.36   ,12769.07   ,1  ,
P3RLV1451 ,1 ,0.42 ,2.67   ,0.54  ,P3RHS0_1247 ,P3RHS0_1247 -> P3RDT836  ,6.67   ,1.35   ,12764.12   ,1  ,
P3RLV1452 ,1 ,0.42 ,4.73   ,0.96  ,P3RHS0_1247 ,P3RHS0_1247 -> P3RDT836  ,11.82  ,2.40   ,22617.45   ,2  ,
P3RLV1453 ,1 ,0.42 ,2.82   ,0.57  ,P3RHS0_1247 ,P3RHS0_1247 -> P3RDT836  ,7.04   ,1.43   ,13472.05   ,1  ,
P3RLV1454 ,1 ,0.42 ,1.73   ,0.35  ,P3RHS0_1247 ,P3RHS0_1247 -> P3RDT836  ,4.32   ,0.88   ,8963.62    ,1  ,
P3RLV1455 ,1 ,0.42 ,3.32   ,0.67  ,P3RHS0_1247 ,P3RHS0_1247 -> P3RDT836  ,8.31   ,1.69   ,15891.95   ,1  ,
P3RLV1456 ,1 ,0.42 ,3.16   ,0.64  ,P3RHS0_1247 ,P3RHS0_1247 -> P3RDT836  ,7.91   ,1.61   ,15136.28   ,1  ,
P3RLV1457 ,1 ,0.42 ,5.02   ,1.02  ,P3RHS0_1247 ,P3RHS0_1247 -> P3RDT836  ,12.56  ,2.55   ,24026.14   ,2  ,
P3RLV1458 ,1 ,0.42 ,2.79   ,0.57  ,P3RHS0_1247 ,P3RHS0_1247 -> P3RDT836  ,6.98   ,1.42   ,13357.39   ,1  ,
P3RLV1459 ,1 ,0.42 ,4.78   ,0.97  ,P3RHS0_1247 ,P3RHS0_1247 -> P3RDT836  ,11.94  ,2.42   ,22839.71   ,2  ,
P3RLV1460 ,1 ,0.42 ,3.24   ,0.66  ,P3RHS0_1247 ,P3RHS0_1247 -> P3RDT836  ,8.09   ,1.64   ,15480.91   ,1  ,
P3RLV1461 ,1 ,0.42 ,2.65   ,0.54  ,P3RHS0_1247 ,P3RHS0_1247 -> P3RDT836  ,6.62   ,1.34   ,12668.86   ,1  ,
P3RLV1462 ,1 ,0.42 ,3.06   ,0.62  ,P3RHS0_1247 ,P3RHS0_1247 -> P3RDT836  ,7.64   ,1.55   ,14625.32   ,1  ,
P3RLV1463 ,1 ,0.42 ,0.84   ,0.28  ,P3RHS0_1247 ,P3RHS0_1247 -> P3RDT999  ,2.10   ,0.69   ,5772.38    ,1  ,
P3RLV1464 ,1 ,0.42 ,4.12   ,1.36  ,P3RHS0_1247 ,P3RHS0_1247 -> P3RDT836  ,10.31  ,3.39   ,28361.41   ,1  ,
P3RLV1465 ,1 ,0.42 ,1.07   ,0.22  ,P3RHS0_1247 ,P3RHS0_1247 -> P3RDT836  ,2.67   ,0.54   ,6025.96    ,1  ,
P3RLV1466 ,1 ,0.42 ,8.48   ,1.72  ,P3RHS0_1247 ,P3RHS0_1247 -> P3RDT999  ,21.19  ,4.30   ,70913.79   ,1  ,
P3RLV1467 ,1 ,0.42 ,4.47   ,1.47  ,P3RHS0_1247 ,P3RHS0_1247 -> P3RDT836  ,11.18  ,3.68   ,30770.06   ,1  ,
P3RLV1468 ,1 ,0.42 ,2.02   ,0.41  ,P3RHS0_1247 ,P3RHS0_1247 -> P3RDT836  ,5.04   ,1.02   ,10110.01   ,1  ,
P3RLV1469 ,1 ,0.42 ,5.19   ,1.71  ,P3RHS0_1247 ,P3RHS0_1247 -> P3RDT836  ,12.98  ,4.27   ,35726.50   ,1  ,
P3RLV1470 ,1 ,0.42 ,1.15   ,0.23  ,P3RHS0_1247 ,P3RHS0_1247 -> P3RDT836  ,2.88   ,0.59   ,6415.07    ,1  ,
P3RLV1471 ,1 ,0.42 ,4.09   ,1.35  ,P3RHS0_1247 ,P3RHS0_1247 -> P3RDT836  ,10.24  ,3.36   ,28169.62   ,1  ,
P3RLV1472 ,1 ,0.42 ,3.52   ,1.16  ,P3RHS0_1247 ,P3RHS0_1247 -> P3RDT836  ,8.79   ,2.89   ,24202.12   ,1  ,
P3RLV1473 ,1 ,0.42 ,2.33   ,0.77  ,P3RHS0_1247 ,P3RHS0_1247 -> P3RDT836  ,5.83   ,1.91   ,16032.64   ,1  ,
P3RLV1474 ,1 ,0.42 ,9.84   ,3.24  ,P3RHS0_1247 ,P3RHS0_1247 -> P3RDT836  ,24.61  ,8.09   ,67724.56   ,1  ,
P3RLV1475 ,1 ,0.42 ,18.75  ,3.81  ,P3RHS0_1247 ,P3RHS0_1247 -> P3RDT836  ,46.88  ,9.52   ,173058.80  ,8  ,
P3RLV1476 ,1 ,0.42 ,3.85   ,0.78  ,P3RHS0_1247 ,P3RHS0_1247 -> P3RDT836  ,9.63   ,1.96   ,18422.04   ,2  ,
P3RLV1477 ,1 ,0.42 ,0.76   ,0.25  ,P3RHS0_1247 ,P3RHS0_1247 -> P3RDT836  ,1.90   ,0.62   ,5229.22    ,1  ,
P3RLV1478 ,1 ,0.42 ,3.87   ,0.79  ,P3RHS0_1247 ,P3RHS0_1247 -> P3RDT836  ,9.67   ,1.96   ,18496.21   ,2  ,
P3RLV1479 ,1 ,0.42 ,6.33   ,2.08  ,P3RHS0_1247 ,P3RHS0_1247 -> P3RDT836  ,15.82  ,5.20   ,43542.35   ,1  ,
P3RLV1480 ,1 ,0.42 ,7.21   ,2.37  ,P3RHS0_1247 ,P3RHS0_1247 -> P3RDT836  ,18.03  ,5.93   ,49612.05   ,1  ,
P3RLV1481 ,1 ,0.42 ,5.02   ,1.02  ,P3RHS0_1247 ,P3RHS0_1247 -> P3RDT836  ,12.55  ,2.55   ,24009.72   ,2  ,
P3RLV1482 ,1 ,0.42 ,5.07   ,1.67  ,P3RHS0_1247 ,P3RHS0_1247 -> P3RDT836  ,12.68  ,4.17   ,34890.49   ,1  ,
P3RLV1483 ,1 ,0.42 ,5.14   ,1.04  ,P3RHS0_1247 ,P3RHS0_1247 -> P3RDT836  ,12.84  ,2.61   ,24564.10   ,2  ,
P3RLV1484 ,3 ,0.42 ,34.62  ,7.03  ,P3RHS0_1247 ,P3RHS0_1247 -> P3RDT836  ,86.54  ,17.57  ,319489.60  ,21 ,
P3RLV1485 ,1 ,0.42 ,1.85   ,0.37  ,P3RHS0_1247 ,P3RHS0_1247 -> P3RDT836  ,4.62   ,0.94   ,9432.30    ,1  ,
P3RLV1486 ,1 ,0.42 ,6.65   ,2.19  ,P3RHS0_1247 ,P3RHS0_1247 -> P3RDT836  ,16.63  ,5.47   ,45766.48   ,1  ,
P3RLV1487 ,1 ,0.42 ,1.40   ,0.46  ,P3RHS0_1247 ,P3RHS0_1247 -> P3RDT836  ,3.50   ,1.15   ,9632.79    ,1  ,
P3RLV1488 ,3 ,0.42 ,32.51  ,6.60  ,P3RHS0_1247 ,P3RHS0_1247 -> P3RDT836  ,81.29  ,16.51  ,300087.30  ,17 ,
P3RLV1489 ,3 ,0.42 ,40.88  ,13.44 ,P3RHS0_1247 ,P3RHS0_1247 -> P3RDT836  ,102.20 ,33.59  ,281240.70  ,1  ,
P3RLV1490 ,1 ,0.42 ,5.32   ,1.08  ,P3RHS0_1247 ,P3RHS0_1247 -> P3RDT836  ,13.29  ,2.70   ,25426.65   ,3  ,
P3RLV1491 ,1 ,0.42 ,2.02   ,0.41  ,P3RHS0_1247 ,P3RHS0_1247 -> P3RDT836  ,5.05   ,1.03   ,10122.62   ,1  ,
P3RLV1492 ,1 ,0.42 ,13.77  ,4.53  ,P3RHS0_1247 ,P3RHS0_1247 -> P3RDT836  ,34.42  ,11.31  ,94724.64   ,1  ,
P3RLV1493 ,1 ,0.42 ,8.31   ,1.69  ,P3RHS0_1247 ,P3RHS0_1247 -> P3RDT836  ,20.78  ,4.22   ,39755.37   ,5  ,
P3RLV1494 ,3 ,0.42 ,24.90  ,8.19  ,P3RHS0_1247 ,P3RHS0_1247 -> P3RDT836  ,62.26  ,20.46  ,171328.20  ,1  ,
P3RLV1495 ,1 ,0.42 ,1.39   ,0.46  ,P3RHS0_1247 ,P3RHS0_1247 -> P3RDT836  ,3.47   ,1.14   ,9545.52    ,1  ,
P3RLV1496 ,1 ,0.42 ,15.55  ,5.11  ,P3RHS0_1247 ,P3RHS0_1247 -> P3RDT836  ,38.88  ,12.78  ,106991.40  ,1  ,
P3RLV1497 ,1 ,0.42 ,2.05   ,0.67  ,P3RHS0_1247 ,P3RHS0_1247 -> P3RDT836  ,5.13   ,1.69   ,14114.60   ,1  ,
P3RLV1498 ,1 ,0.42 ,1.10   ,0.36  ,P3RHS0_1247 ,P3RHS0_1247 -> P3RDT831  ,2.76   ,0.91   ,7589.84    ,1  ,
P3RLV1499 ,1 ,0.42 ,0.61   ,0.20  ,P3RHS0_1247 ,P3RHS0_1247 -> P3RDT831  ,1.52   ,0.50   ,4180.20    ,1  ,
P3RLV1500 ,1 ,0.42 ,3.43   ,0.70  ,P3RHS0_1247 ,P3RHS0_1247 -> P3RDT831  ,8.58   ,1.74   ,16410.38   ,1  ,
P3RLV1501 ,1 ,0.42 ,8.07   ,2.65  ,P3RHS0_1247 ,P3RHS0_1247 -> P3RDT831  ,20.17  ,6.63   ,55500.82   ,1  ,
P3RLV1502 ,1 ,0.42 ,3.14   ,1.03  ,P3RHS0_1247 ,P3RHS0_1247 -> P3RDT831  ,7.84   ,2.58   ,21582.15   ,1  ,
P3RLV1503 ,1 ,0.42 ,2.48   ,0.81  ,P3RHS0_1247 ,P3RHS0_1247 -> P3RDT831  ,6.19   ,2.03   ,17032.10   ,1  ,
P3RLV1504 ,1 ,0.42 ,2.83   ,0.57  ,P3RHS0_1247 ,P3RHS0_1247 -> P3RDT831  ,7.07   ,1.44   ,13525.96   ,1  ,
P3RLV1505 ,1 ,0.42 ,0.74   ,0.24  ,P3RHS0_1247 ,P3RHS0_1247 -> P3RDT831  ,1.86   ,0.61   ,5124.70    ,1  ,
P3RLV1506 ,1 ,0.42 ,3.86   ,0.78  ,P3RHS0_1247 ,P3RHS0_1247 -> P3RDT831  ,9.65   ,1.96   ,18461.71   ,2  ,
P3RLV1507 ,1 ,0.42 ,0.70   ,0.23  ,P3RHS0_1247 ,P3RHS0_1247 -> P3RDT831  ,1.76   ,0.58   ,4844.29    ,1  ,
P3RLV1508 ,1 ,0.42 ,11.76  ,3.86  ,P3RHS0_1247 ,P3RHS0_1247 -> P3RDT836  ,29.39  ,9.66   ,80870.90   ,1  ,
P3RLV1509 ,1 ,0.42 ,2.22   ,0.73  ,P3RHS0_1247 ,P3RHS0_1247 -> P3RDT836  ,5.56   ,1.83   ,15288.81   ,1  ,
P3RLV1510 ,1 ,0.42 ,4.10   ,0.83  ,P3RHS0_1247 ,P3RHS0_1247 -> P3RDT836  ,10.25  ,2.08   ,19602.95   ,2  ,
P3RLV1511 ,1 ,0.42 ,4.23   ,1.39  ,P3RHS0_1247 ,P3RHS0_1247 -> P3RDT831  ,10.58  ,3.48   ,29125.36   ,1  ,
P3RLV1512 ,1 ,0.42 ,3.94   ,1.29  ,P3RHS0_1247 ,P3RHS0_1247 -> P3RDT831  ,9.85   ,3.24   ,27102.12   ,1  ,
P3RLV1513 ,1 ,0.42 ,2.34   ,0.77  ,P3RHS0_1247 ,P3RHS0_1247 -> P3RDT999  ,5.86   ,1.93   ,16129.09   ,1  ,
P3RLV1514 ,1 ,0.42 ,5.41   ,1.78  ,P3RHS0_1247 ,P3RHS0_1247 -> P3RDT999  ,13.54  ,4.45   ,37248.20   ,1  ,
P3RLV1515 ,1 ,0.42 ,4.13   ,1.36  ,P3RHS0_1247 ,P3RHS0_1247 -> P3RDT999  ,10.33  ,3.40   ,28433.48   ,1  ,
P3RLV1516 ,1 ,0.42 ,2.66   ,0.54  ,P3RHS0_1247 ,P3RHS0_1247 -> P3RDT999  ,6.66   ,1.35   ,12740.96   ,1  ,
P3RLV1517 ,1 ,0.42 ,4.06   ,0.82  ,P3RHS0_1247 ,P3RHS0_1247 -> P3RDT836  ,10.14  ,2.06   ,19402.32   ,2  ,
P3RLV1518 ,1 ,0.42 ,1.17   ,0.39  ,P3RHS0_1247 ,P3RHS0_1247 -> P3RDT656  ,2.93   ,0.96   ,8070.17    ,1  ,
P3RLV1519 ,1 ,0.42 ,0.66   ,0.22  ,P3RHS0_1247 ,P3RHS0_1247 -> P3RDT836  ,1.65   ,0.54   ,4528.84    ,1  ,
P3RLV1520 ,1 ,0.42 ,5.08   ,1.03  ,P3RHS0_1247 ,P3RHS0_1247 -> P3RDT836  ,12.71  ,2.58   ,24317.29   ,2  ,
P3RLV1521 ,1 ,0.42 ,10.21  ,3.36  ,P3RHS0_1247 ,P3RHS0_1247 -> P3RDT836  ,25.53  ,8.39   ,70239.97   ,1  ,
P3RLV1522 ,1 ,0.42 ,2.23   ,0.45  ,P3RHS0_1247 ,P3RHS0_1247 -> P3RDT999  ,5.57   ,1.13   ,10950.01   ,1  ,
P3RLV1523 ,1 ,0.42 ,5.28   ,1.07  ,P3RHS0_1247 ,P3RHS0_1247 -> P3RDT836  ,13.20  ,2.68   ,25259.74   ,3  ,
P3RLV1524 ,1 ,0.42 ,2.32   ,0.47  ,P3RHS0_1247 ,P3RHS0_1247 -> P3RDT999  ,5.79   ,1.18   ,11306.79   ,1  ,
P3RLV1525 ,1 ,0.42 ,4.59   ,0.93  ,P3RHS0_1247 ,P3RHS0_1247 -> P3RDT999  ,11.47  ,2.33   ,21954.30   ,2  ,
P3RLV1526 ,1 ,0.42 ,1.47   ,0.30  ,P3RHS0_1247 ,P3RHS0_1247 -> P3RDT999  ,3.67   ,0.75   ,7872.71    ,1  ,
P3RLV1527 ,1 ,0.42 ,3.67   ,1.21  ,P3RHS0_1247 ,P3RHS0_1247 -> P3RDT999  ,9.18   ,3.02   ,25272.19   ,1  ,
P3RLV1528 ,1 ,0.42 ,3.44   ,0.70  ,P3RHS0_1247 ,P3RHS0_1247 -> P3RDT836  ,8.60   ,1.75   ,16462.01   ,1  ,
P3RLV1529 ,1 ,0.42 ,2.83   ,0.57  ,P3RHS0_1247 ,P3RHS0_1247 -> P3RDT999  ,7.08   ,1.44   ,13543.01   ,1  ,
P3RLV1530 ,1 ,0.42 ,13.57  ,2.76  ,P3RHS0_1247 ,P3RHS0_1247 -> P3RDT999  ,33.93  ,6.89   ,64920.21   ,9  ,
P3RLV1531 ,1 ,0.42 ,2.70   ,0.55  ,P3RHS0_1247 ,P3RHS0_1247 -> P3RDT999  ,6.76   ,1.37   ,12932.23   ,1  ,
P3RLV1532 ,1 ,0.42 ,6.55   ,2.15  ,P3RHS0_1247 ,P3RHS0_1247 -> P3RDT656  ,16.38  ,5.39   ,45088.17   ,1  ,
P3RLV1533 ,1 ,0.42 ,2.04   ,0.67  ,P3RHS0_1247 ,P3RHS0_1247 -> P3RDT656  ,5.09   ,1.67   ,14009.95   ,1  ,
P3RLV1534 ,1 ,0.42 ,5.02   ,1.65  ,P3RHS0_1247 ,P3RHS0_1247 -> P3RDT999  ,12.56  ,4.13   ,34549.89   ,1  ,
P3RLV1535 ,1 ,0.42 ,3.09   ,0.63  ,P3RHS0_1247 ,P3RHS0_1247 -> P3RDT999  ,7.73   ,1.57   ,14788.81   ,1  ,
P3RLV1536 ,1 ,0.42 ,3.70   ,0.75  ,P3RHS0_1247 ,P3RHS0_1247 -> P3RDT836  ,9.25   ,1.88   ,17705.93   ,1  ,
P3RLV1537 ,1 ,0.42 ,5.74   ,1.89  ,P3RHS0_1247 ,P3RHS0_1247 -> P3RDT656  ,14.34  ,4.71   ,39469.08   ,1  ,
P3RLV1538 ,1 ,0.42 ,3.86   ,1.27  ,P3RHS0_1247 ,P3RHS0_1247 -> P3RDT999  ,9.66   ,3.17   ,26581.23   ,1  ,
P3RLV1539 ,1 ,0.42 ,2.81   ,0.57  ,P3RHS0_1247 ,P3RHS0_1247 -> P3RDT999  ,7.01   ,1.42   ,13419.31   ,1  ,
P3RLV1540 ,1 ,0.42 ,2.72   ,0.55  ,P3RHS0_1247 ,P3RHS0_1247 -> P3RDT999  ,6.81   ,1.38   ,13033.36   ,1  ,
P3RLV1541 ,1 ,0.42 ,4.73   ,0.96  ,P3RHS0_1247 ,P3RHS0_1247 -> P3RDT999  ,11.84  ,2.40   ,22647.13   ,2  ,
P3RLV1542 ,1 ,0.42 ,3.16   ,0.64  ,P3RHS0_1247 ,P3RHS0_1247 -> P3RDT999  ,7.91   ,1.61   ,15131.75   ,1  ,
P3RLV1543 ,1 ,0.42 ,2.87   ,0.58  ,P3RHS0_1247 ,P3RHS0_1247 -> P3RDT999  ,7.17   ,1.46   ,13711.26   ,1  ,
P3RLV1544 ,1 ,0.42 ,3.68   ,0.75  ,P3RHS0_1247 ,P3RHS0_1247 -> P3RDT999  ,9.19   ,1.87   ,17586.35   ,1  ,
P3RLV1545 ,1 ,0.42 ,3.32   ,0.67  ,P3RHS0_1247 ,P3RHS0_1247 -> P3RDT999  ,8.30   ,1.69   ,15886.41   ,1  ,
P3RLV1546 ,1 ,0.42 ,2.72   ,0.55  ,P3RHS0_1247 ,P3RHS0_1247 -> P3RDT999  ,6.81   ,1.38   ,13024.93   ,1  ,
P3RLV1547 ,1 ,0.42 ,2.62   ,0.86  ,P3RHS0_1247 ,P3RHS0_1247 -> P3RDT999  ,6.56   ,2.16   ,18044.41   ,1  ,
P3RLV1548 ,1 ,0.42 ,3.12   ,0.63  ,P3RHS0_1247 ,P3RHS0_1247 -> P3RDT999  ,7.80   ,1.58   ,14915.53   ,1  ,
P3RLV1549 ,1 ,0.42 ,3.91   ,0.79  ,P3RHS0_1247 ,P3RHS0_1247 -> P3RDT999  ,9.77   ,1.98   ,18689.38   ,2  ,
P3RLV1550 ,1 ,0.42 ,2.06   ,0.68  ,P3RHS0_1247 ,P3RHS0_1247 -> P3RDT999  ,5.15   ,1.69   ,14169.81   ,1  ,
P3RLV1551 ,1 ,0.42 ,2.62   ,0.53  ,P3RHS0_1247 ,P3RHS0_1247 -> P3RDT999  ,6.54   ,1.33   ,12512.36   ,1  ,
P3RLV1552 ,1 ,0.42 ,3.89   ,1.28  ,P3RHS0_1247 ,P3RHS0_1247 -> P3RDT999  ,9.73   ,3.20   ,26765.77   ,1  ,
P3RLV1553 ,1 ,0.42 ,2.74   ,0.56  ,P3RHS0_1247 ,P3RHS0_1247 -> P3RDT999  ,6.86   ,1.39   ,13119.56   ,1  ,
P3RLV1554 ,1 ,0.42 ,4.75   ,0.96  ,P3RHS0_1247 ,P3RHS0_1247 -> P3RDT999  ,11.87  ,2.41   ,22704.63   ,2  ,
P3RLV1555 ,1 ,0.42 ,2.19   ,0.44  ,P3RHS0_1247 ,P3RHS0_1247 -> P3RDT999  ,5.46   ,1.11   ,10788.00   ,1  ,
P3RLV1556 ,1 ,0.42 ,3.83   ,0.78  ,P3RHS0_1247 ,P3RHS0_1247 -> P3RDT999  ,9.57   ,1.94   ,18314.63   ,1  ,
P3RLV1557 ,1 ,0.42 ,15.73  ,3.19  ,P3RHS0_1247 ,P3RHS0_1247 -> P3RDT999  ,39.31  ,7.98   ,75215.55   ,11 ,
P3RLV1558 ,1 ,0.42 ,4.95   ,1.01  ,P3RHS0_1247 ,P3RHS0_1247 -> P3RDT999  ,12.38  ,2.51   ,23689.75   ,2  ,
P3RLV1559 ,1 ,0.42 ,3.69   ,0.75  ,P3RHS0_1247 ,P3RHS0_1247 -> P3RDT999  ,9.22   ,1.87   ,17649.70   ,1  ,
P3RLV1560 ,1 ,0.42 ,5.71   ,1.16  ,P3RHS0_1247 ,P3RHS0_1247 -> P3RDT999  ,14.27  ,2.90   ,27309.50   ,3  ,
P3RLV1561 ,1 ,0.42 ,5.91   ,1.20  ,P3RHS0_1247 ,P3RHS0_1247 -> P3RDT999  ,14.77  ,3.00   ,28252.56   ,3  ,
P3RLV1562 ,1 ,0.42 ,2.95   ,0.60  ,P3RHS0_1247 ,P3RHS0_1247 -> P3RDT999  ,7.39   ,1.50   ,14131.24   ,1  ,
P3RLV1563 ,1 ,0.42 ,3.47   ,1.14  ,P3RHS0_1247 ,P3RHS0_1247 -> P3RDT999  ,8.67   ,2.85   ,23846.38   ,1  ,
P3RLV1564 ,1 ,0.42 ,3.78   ,0.77  ,P3RHS0_1247 ,P3RHS0_1247 -> P3RDT999  ,9.46   ,1.92   ,18097.29   ,1  ,
P3RLV1565 ,1 ,0.42 ,5.95   ,1.21  ,P3RHS0_1247 ,P3RHS0_1247 -> P3RDT999  ,14.88  ,3.02   ,28472.88   ,3  ,
P3RLV1566 ,1 ,0.42 ,2.67   ,0.54  ,P3RHS0_1247 ,P3RHS0_1247 -> P3RDT999  ,6.68   ,1.36   ,12785.74   ,1  ,
P3RLV1567 ,1 ,0.42 ,6.18   ,1.26  ,P3RHS0_1247 ,P3RHS0_1247 -> P3RDT999  ,15.46  ,3.14   ,29583.21   ,3  ,
P3RLV1568 ,1 ,0.42 ,4.07   ,0.83  ,P3RHS0_1247 ,P3RHS0_1247 -> P3RDT999  ,10.19  ,2.07   ,19489.34   ,2  ,
P3RLV1569 ,1 ,0.42 ,6.53   ,2.15  ,P3RHS0_1247 ,P3RHS0_1247 -> P3RDT999  ,16.33  ,5.37   ,44928.17   ,1  ,
P3RLV1570 ,1 ,0.42 ,2.43   ,0.49  ,P3RHS0_1247 ,P3RHS0_1247 -> P3RDT999  ,6.07   ,1.23   ,11762.14   ,1  ,
P3RLV1571 ,1 ,0.42 ,2.03   ,0.67  ,P3RHS0_1247 ,P3RHS0_1247 -> P3RDT999  ,5.08   ,1.67   ,13979.77   ,1  ,
P3RLV1572 ,1 ,0.42 ,5.87   ,1.93  ,P3RHS0_1247 ,P3RHS0_1247 -> P3RDT999  ,14.68  ,4.82   ,40388.34   ,1  ,
P3RLV1573 ,1 ,0.42 ,2.78   ,0.57  ,P3RHS0_1247 ,P3RHS0_1247 -> P3RDT999  ,6.96   ,1.41   ,13315.57   ,1  ,
P3RLV1574 ,1 ,0.42 ,2.38   ,0.48  ,P3RHS0_1247 ,P3RHS0_1247 -> P3RDT999  ,5.95   ,1.21   ,11568.42   ,1  ,
P3RLV1575 ,1 ,0.42 ,3.14   ,1.03  ,P3RHS0_1247 ,P3RHS0_1247 -> P3RDT999  ,7.86   ,2.58   ,21621.36   ,1  ,
P3RLV1576 ,1 ,0.42 ,3.03   ,0.61  ,P3RHS0_1247 ,P3RHS0_1247 -> P3RDT999  ,7.57   ,1.54   ,14480.56   ,1  ,
P3RLV1577 ,1 ,0.42 ,4.14   ,0.84  ,P3RHS0_1247 ,P3RHS0_1247 -> P3RDT999  ,10.34  ,2.10   ,19791.70   ,2  ,
P3RLV1578 ,1 ,0.42 ,2.85   ,0.58  ,P3RHS0_1247 ,P3RHS0_1247 -> P3RDT999  ,7.11   ,1.44   ,13608.39   ,1  ,
P3RLV1579 ,1 ,0.42 ,1.70   ,0.35  ,P3RHS0_1247 ,P3RHS0_1247 -> P3RDT999  ,4.25   ,0.86   ,8853.74    ,1  ,
P3RLV1580 ,1 ,0.42 ,3.88   ,1.28  ,P3RHS0_1247 ,P3RHS0_1247 -> P3RDT656  ,9.71   ,3.19   ,26720.16   ,1  ,
P3RLV1581 ,1 ,0.42 ,4.63   ,1.52  ,P3RHS0_1247 ,P3RHS0_1247 -> P3RDT656  ,11.56  ,3.80   ,31823.69   ,1  ,
P3RLV1582 ,1 ,0.42 ,1.13   ,0.37  ,P3RHS0_1247 ,P3RHS0_1247 -> P3RDT656  ,2.83   ,0.93   ,7788.05    ,1  ,
P3RLV1583 ,1 ,0.42 ,1.03   ,0.34  ,P3RHS0_1247 ,P3RHS0_1247 -> P3RDT656  ,2.58   ,0.85   ,7087.18    ,1  ,
P3RLV1584 ,1 ,0.42 ,5.32   ,1.75  ,P3RHS0_1247 ,P3RHS0_1247 -> P3RDT656  ,13.30  ,4.37   ,36612.54   ,1  ,
P3RLV1585 ,1 ,0.42 ,1.51   ,0.50  ,P3RHS0_1247 ,P3RHS0_1247 -> P3RDT656  ,3.77   ,1.24   ,10387.66   ,1  ,
P3RLV1586 ,1 ,0.42 ,3.70   ,0.75  ,P3RHS0_1247 ,P3RHS0_1247 -> P3RDT999  ,9.25   ,1.88   ,17688.67   ,1  ,
P3RLV1587 ,1 ,0.42 ,4.54   ,0.92  ,P3RHS0_1247 ,P3RHS0_1247 -> P3RDT999  ,11.35  ,2.30   ,38147.37   ,1  ,
P3RLV1588 ,1 ,0.42 ,6.07   ,1.23  ,P3RHS0_1247 ,P3RHS0_1247 -> P3RDT999  ,15.18  ,3.08   ,51046.08   ,1  ,
P3RLV1589 ,1 ,0.42 ,7.83   ,2.57  ,P3RHS0_1247 ,P3RHS0_1247 -> P3RDT656  ,19.58  ,6.44   ,53876.43   ,1  ,
P3RLV1590 ,1 ,0.42 ,12.08  ,3.97  ,P3RHS0_1247 ,P3RHS0_1247 -> P3RDT656  ,30.21  ,9.93   ,83136.07   ,1  ,
P3RLV1591 ,1 ,0.42 ,1.43   ,0.47  ,P3RHS0_1247 ,P3RHS0_1247 -> P3RDT656  ,3.58   ,1.18   ,9848.20    ,1  ,
P3RLV1592 ,1 ,0.42 ,7.33   ,1.49  ,P3RHS0_1247 ,P3RHS0_1247 -> P3RDT999  ,18.33  ,3.72   ,35069.50   ,4  ,
P3RLV1593 ,1 ,0.42 ,4.73   ,0.96  ,P3RHS0_1247 ,P3RHS0_1247 -> P3RDT831  ,11.84  ,2.40   ,22647.63   ,2  ,
P3RLV1594 ,3 ,0.42 ,23.45  ,4.76  ,P3RHS0_1247 ,P3RHS0_1247 -> P3RDT999  ,58.61  ,11.90  ,174974.90  ,1  ,
P3RLV1595 ,1 ,0.42 ,0.89   ,0.29  ,P3RHS0_1247 ,P3RHS0_1247 -> P3RDT831  ,2.23   ,0.73   ,6129.09    ,1  ,
P3RLV1596 ,1 ,0.42 ,5.87   ,1.19  ,P3RHS0_1247 ,P3RHS0_1247 -> P3RDT831  ,14.68  ,2.98   ,28089.44   ,3  ,
P3RLV1597 ,3 ,0.42 ,41.15  ,8.36  ,P3RHS0_1247 ,P3RHS0_1247 -> P3RDT999  ,102.89 ,20.89  ,298100.30  ,1  ,
P3RLV1598 ,1 ,0.42 ,0.96   ,0.32  ,P3RHS0_1247 ,P3RHS0_1247 -> P3RDT836  ,2.40   ,0.79   ,6610.52    ,1  ,
P3RLV1599 ,3 ,0.42 ,109.13 ,22.16 ,P3RHS0_1247 ,P3RHS0_1247 -> P3RDT999  ,272.83 ,55.40  ,790804.20  ,1  ,
P3RLV1600 ,1 ,0.42 ,1.79   ,0.59  ,P3RHS0_1247 ,P3RHS0_1247 -> P3RDT831  ,4.46   ,1.47   ,12286.29   ,1  ,
P3RLV1601 ,1 ,0.42 ,0.44   ,0.14  ,P3RHS0_1247 ,P3RHS0_1247 -> P3RDT831  ,1.09   ,0.36   ,2996.89    ,1  ,
P3RLV1602 ,1 ,0.42 ,5.91   ,1.20  ,P3RHS0_1247 ,P3RHS0_1247 -> P3RDT999  ,14.78  ,3.00   ,45716.77   ,1  ,
P3RLV1603 ,3 ,0.42 ,44.96  ,9.13  ,P3RHS0_1247 ,P3RHS0_1247 -> P3RDT999  ,112.40 ,22.82  ,324556.40  ,1  ,
P3RLV1604 ,1 ,0.42 ,2.95   ,0.60  ,P3RHS0_1247 ,P3RHS0_1247 -> P3RDT999  ,7.37   ,1.50   ,14109.34   ,1  ,
P3RLV1605 ,3 ,0.42 ,20.50  ,4.16  ,P3RHS0_1247 ,P3RHS0_1247 -> P3RDT999  ,51.25  ,10.41  ,154490.20  ,1  ,
P3RLV1606 ,3 ,0.42 ,89.84  ,18.24 ,P3RHS0_1247 ,P3RHS0_1247 -> P3RDT999  ,224.59 ,45.60  ,636561.40  ,1  ,
P3RLV1607 ,1 ,0.42 ,5.06   ,1.66  ,P3RHS0_1247 ,P3RHS0_1247 -> P3RDT836  ,12.64  ,4.15   ,34781.83   ,1  ,
P3RLV1608 ,1 ,0.42 ,13.85  ,2.81  ,P3RHS0_1247 ,P3RHS0_1247 -> P3RDT999  ,34.61  ,7.03   ,108233.40  ,1  ,
P3RLV1609 ,1 ,0.42 ,13.13  ,2.67  ,P3RHS0_1247 ,P3RHS0_1247 -> P3RDT999  ,32.82  ,6.67   ,103254.20  ,1  ,
P3RLV1610 ,3 ,0.42 ,49.77  ,10.11 ,P3RHS0_1247 ,P3RHS0_1247 -> P3RDT999  ,124.42 ,25.27  ,357998.00  ,1  ,
P3RLV1611 ,3 ,0.42 ,140.01 ,28.43 ,P3RHS0_1247 ,P3RHS0_1247 -> P3RDT999  ,350.02 ,71.08  ,1133019.00 ,1  ,
P3RLV1612 ,1 ,0.42 ,4.71   ,0.96  ,P3RHS0_1247 ,P3RHS0_1247 -> P3RDT831  ,11.77  ,2.39   ,22515.29   ,2  ,
P3RLV1613 ,3 ,0.42 ,24.67  ,5.01  ,P3RHS0_1247 ,P3RHS0_1247 -> P3RDT999  ,61.67  ,12.52  ,183480.60  ,1  ,
P3RLV1614 ,1 ,0.42 ,4.54   ,1.49  ,P3RHS0_1247 ,P3RHS0_1247 -> P3RDT836  ,11.35  ,3.73   ,31231.14   ,1  ,
P3RLV1615 ,1 ,0.42 ,3.44   ,0.70  ,P3RHS0_1247 ,P3RHS0_1247 -> P3RDT831  ,8.61   ,1.75   ,16467.62   ,1  ,
P3RLV1616 ,1 ,0.42 ,5.98   ,1.21  ,P3RHS0_1247 ,P3RHS0_1247 -> P3RDT999  ,14.96  ,3.04   ,46259.45   ,1  ,
P3RLV1617 ,1 ,0.42 ,4.27   ,1.41  ,P3RHS0_1247 ,P3RHS0_1247 -> P3RDT836  ,10.69  ,3.51   ,29408.12   ,1  ,
P3RLV1618 ,1 ,0.42 ,6.16   ,2.02  ,P3RHS0_1247 ,P3RHS0_1247 -> P3RDT831  ,15.39  ,5.06   ,42360.69   ,1  ,
P3RLV1619 ,1 ,0.42 ,6.93   ,1.41  ,P3RHS0_1247 ,P3RHS0_1247 -> P3RDT999  ,17.33  ,3.52   ,53610.75   ,1  ,
P3RLV1620 ,1 ,0.42 ,3.11   ,0.63  ,P3RHS0_1247 ,P3RHS0_1247 -> P3RDT831  ,7.77   ,1.58   ,14866.71   ,1  ,
P3RLV1621 ,1 ,0.42 ,4.60   ,0.93  ,P3RHS0_1247 ,P3RHS0_1247 -> P3RDT831  ,11.51  ,2.34   ,22022.08   ,2  ,
P3RLV1622 ,3 ,0.42 ,63.18  ,12.83 ,P3RHS0_1247 ,P3RHS0_1247 -> P3RDT999  ,157.94 ,32.07  ,451209.00  ,1  ,
P3RLV1623 ,1 ,0.42 ,5.28   ,1.07  ,P3RHS0_1247 ,P3RHS0_1247 -> P3RDT831  ,13.21  ,2.68   ,25272.23   ,3  ,
P3RLV1624 ,3 ,0.42 ,23.44  ,4.76  ,P3RHS0_1247 ,P3RHS0_1247 -> P3RDT999  ,58.59  ,11.90  ,174914.00  ,1  ,
P3RLV1625 ,1 ,0.42 ,3.37   ,0.68  ,P3RHS0_1247 ,P3RHS0_1247 -> P3RDT999  ,8.42   ,1.71   ,16109.74   ,1  ,
P3RLV1626 ,1 ,0.42 ,14.26  ,2.90  ,P3RHS0_1247 ,P3RHS0_1247 -> P3RDT999  ,35.64  ,7.24   ,110237.80  ,1  ,
P3RLV1627 ,1 ,0.42 ,2.86   ,0.94  ,P3RHS0_1247 ,P3RHS0_1247 -> P3RDT831  ,7.15   ,2.35   ,19679.46   ,1  ,
P3RLV1628 ,1 ,0.42 ,7.57   ,1.54  ,P3RHS0_1247 ,P3RHS0_1247 -> P3RDT831  ,18.92  ,3.84   ,36195.99   ,4  ,
P3RLV1629 ,1 ,0.42 ,2.70   ,0.55  ,P3RHS0_1247 ,P3RHS0_1247 -> P3RDT999  ,6.74   ,1.37   ,20839.42   ,1  ,
P3RLV1630 ,1 ,0.42 ,3.31   ,0.67  ,P3RHS0_1247 ,P3RHS0_1247 -> P3RDT831  ,8.28   ,1.68   ,15836.57   ,1  ,
P3RLV1631 ,1 ,0.42 ,1.60   ,0.53  ,P3RHS0_1247 ,P3RHS0_1247 -> P3RDT836  ,4.00   ,1.31   ,11000.67   ,1  ,
P3RLV1632 ,1 ,0.42 ,4.48   ,0.91  ,P3RHS0_1247 ,P3RHS0_1247 -> P3RDT831  ,11.20  ,2.27   ,21426.18   ,2  ,
P3RLV1633 ,1 ,0.42 ,2.87   ,0.58  ,P3RHS0_1247 ,P3RHS0_1247 -> P3RDT999  ,7.18   ,1.46   ,24127.46   ,1  ,
P3RLV1634 ,1 ,0.42 ,1.33   ,0.27  ,P3RHS0_1247 ,P3RHS0_1247 -> P3RDT999  ,3.33   ,0.68   ,7233.77    ,1  ,
P3RLV1635 ,1 ,0.42 ,6.89   ,2.26  ,P3RHS0_1247 ,P3RHS0_1247 -> P3RDT831  ,17.23  ,5.66   ,47401.21   ,1  ,
P3RLV1636 ,3 ,0.42 ,31.80  ,6.46  ,P3RHS0_1247 ,P3RHS0_1247 -> P3RDT999  ,79.50  ,16.14  ,233060.80  ,1  ,
P3RLV1637 ,1 ,0.42 ,14.31  ,4.70  ,P3RHS0_1247 ,P3RHS0_1247 -> P3RDT831  ,35.78  ,11.76  ,98452.69   ,1  ,
P3RLV1638 ,1 ,0.42 ,5.84   ,1.92  ,P3RHS0_1247 ,P3RHS0_1247 -> P3RDT831  ,14.60  ,4.80   ,40172.50   ,1  ,
P3RLV1639 ,1 ,0.42 ,4.79   ,0.97  ,P3RHS0_1247 ,P3RHS0_1247 -> P3RDT999  ,11.98  ,2.43   ,37035.92   ,1  ,
P3RLV1640 ,1 ,0.42 ,4.78   ,0.97  ,P3RHS0_1247 ,P3RHS0_1247 -> P3RDT999  ,11.95  ,2.43   ,40191.36   ,1  ,
P3RLV1641 ,1 ,0.42 ,10.70  ,2.17  ,P3RHS0_1247 ,P3RHS0_1247 -> P3RDT999  ,26.76  ,5.43   ,86382.45   ,1  ,
P3RLV1642 ,3 ,0.42 ,23.11  ,4.69  ,P3RHS0_1247 ,P3RHS0_1247 -> P3RDT999  ,57.78  ,11.73  ,172648.30  ,1  ,
P3RLV1643 ,1 ,0.42 ,4.07   ,0.83  ,P3RHS0_1247 ,P3RHS0_1247 -> P3RDT999  ,10.17  ,2.07   ,34209.95   ,1  ,
P3RLV1644 ,1 ,0.42 ,1.56   ,0.51  ,P3RHS0_1247 ,P3RHS0_1247 -> P3RDT831  ,3.90   ,1.28   ,10727.30   ,1  ,
P3RLV1645 ,1 ,0.42 ,2.05   ,0.67  ,P3RHS0_1247 ,P3RHS0_1247 -> P3RDT831  ,5.11   ,1.68   ,14070.93   ,1  ,
P3RLV1646 ,1 ,0.42 ,5.05   ,1.66  ,P3RHS0_1247 ,P3RHS0_1247 -> P3RDT836  ,12.62  ,4.15   ,34714.69   ,1  ,
P3RLV1647 ,1 ,0.42 ,3.91   ,0.79  ,P3RHS0_1247 ,P3RHS0_1247 -> P3RDT831  ,9.77   ,1.98   ,18684.35   ,2  ,
P3RLV1648 ,1 ,0.42 ,4.49   ,1.47  ,P3RHS0_1247 ,P3RHS0_1247 -> P3RDT831  ,11.22  ,3.69   ,30871.37   ,1  ,
P3RLV1649 ,1 ,0.42 ,1.62   ,0.53  ,P3RHS0_1247 ,P3RHS0_1247 -> P3RDT836  ,4.05   ,1.33   ,11135.14   ,1  ,
P3RLV1650 ,1 ,0.42 ,5.11   ,1.04  ,P3RHS0_1247 ,P3RHS0_1247 -> P3RDT831  ,12.78  ,2.60   ,24453.23   ,2  ,
P3RLV1651 ,1 ,0.42 ,3.99   ,1.31  ,P3RHS0_1247 ,P3RHS0_1247 -> P3RDT836  ,9.99   ,3.28   ,27478.76   ,1  ,
P3RLV1652 ,1 ,0.42 ,6.53   ,1.33  ,P3RHS0_1247 ,P3RHS0_1247 -> P3RDT831  ,16.33  ,3.32   ,31248.28   ,4  ,
P3RLV1653 ,1 ,0.42 ,3.33   ,0.68  ,P3RHS0_1247 ,P3RHS0_1247 -> P3RDT999  ,8.32   ,1.69   ,15910.47   ,1  ,
P3RLV1654 ,1 ,0.42 ,11.36  ,2.31  ,P3RHS0_1247 ,P3RHS0_1247 -> P3RDT999  ,28.40  ,5.77   ,90940.33   ,1  ,
P3RLV1655 ,3 ,0.42 ,163.48 ,33.20 ,P3RHS0_1247 ,P3RHS0_1247 -> P3RDT999  ,408.70 ,82.99  ,1393170.00 ,1  ,
P3RLV1656 ,1 ,0.42 ,18.91  ,3.84  ,P3RHS0_1247 ,P3RHS0_1247 -> P3RDT999  ,47.28  ,9.60   ,143460.40  ,1  ,
P3RLV1657 ,1 ,0.42 ,1.26   ,0.42  ,P3RHS0_1247 ,P3RHS0_1247 -> P3RDT836  ,3.16   ,1.04   ,8691.23    ,1  ,
P3RLV1658 ,1 ,0.42 ,7.91   ,2.60  ,P3RHS0_1247 ,P3RHS0_1247 -> P3RDT836  ,19.78  ,6.50   ,54422.23   ,1  ,
P3RLV1659 ,1 ,0.42 ,7.32   ,1.49  ,P3RHS0_1247 ,P3RHS0_1247 -> P3RDT999  ,18.31  ,3.72   ,35027.17   ,4  ,
P3RLV1660 ,3 ,0.42 ,66.15  ,13.43 ,P3RHS0_1247 ,P3RHS0_1247 -> P3RDT999  ,165.37 ,33.58  ,471858.30  ,1  ,
P3RLV1661 ,1 ,0.42 ,1.51   ,0.50  ,P3RHS0_1247 ,P3RHS0_1247 -> P3RDT836  ,3.78   ,1.24   ,10396.35   ,1  ,
P3RLV1662 ,1 ,0.42 ,8.55   ,1.74  ,P3RHS0_1247 ,P3RHS0_1247 -> P3RDT999  ,21.38  ,4.34   ,71430.65   ,1  ,
P3RLV1663 ,1 ,0.42 ,4.11   ,1.35  ,P3RHS0_1247 ,P3RHS0_1247 -> P3RDT831  ,10.28  ,3.38   ,28275.38   ,1  ,
P3RLV1664 ,3 ,0.42 ,56.11  ,11.39 ,P3RHS0_1247 ,P3RHS0_1247 -> P3RDT999  ,140.26 ,28.48  ,402051.60  ,1  ,
P3RLV1665 ,1 ,0.42 ,6.27   ,1.27  ,P3RHS0_1247 ,P3RHS0_1247 -> P3RDT999  ,15.68  ,3.18   ,29992.04   ,3  ,
P3RLV1666 ,1 ,0.42 ,4.05   ,0.82  ,P3RHS0_1247 ,P3RHS0_1247 -> P3RDT999  ,10.13  ,2.06   ,19375.98   ,2  ,
P3RLV1667 ,1 ,0.42 ,3.41   ,0.69  ,P3RHS0_1247 ,P3RHS0_1247 -> P3RDT999  ,8.53   ,1.73   ,16322.74   ,1  ,
P3RLV1668 ,1 ,0.42 ,0.71   ,0.14  ,P3RHS0_1247 ,P3RHS0_1247 -> P3RDT999  ,1.78   ,0.36   ,4375.02    ,1  ,
P3RLV1669 ,1 ,0.42 ,4.18   ,0.85  ,P3RHS0_1247 ,P3RHS0_1247 -> P3RDT999  ,10.46  ,2.12   ,20012.89   ,2  ,
P3RLV1670 ,1 ,0.42 ,3.70   ,1.22  ,P3RHS0_1247 ,P3RHS0_1247 -> P3RDT999  ,9.25   ,3.04   ,25461.24   ,1  ,
P3RLV1671 ,1 ,0.42 ,1.10   ,0.36  ,P3RHS0_1247 ,P3RHS0_1247 -> P3RDT831  ,2.74   ,0.90   ,7546.88    ,1  ,
P3RLV1672 ,1 ,0.42 ,2.86   ,0.58  ,P3RHS0_1247 ,P3RHS0_1247 -> P3RDT831  ,7.14   ,1.45   ,13657.08   ,1  ,
P3RLV1673 ,1 ,0.42 ,2.75   ,0.56  ,P3RHS0_1247 ,P3RHS0_1247 -> P3RDT831  ,6.88   ,1.40   ,13157.56   ,1  ,
P3RLV1674 ,1 ,0.42 ,4.08   ,0.83  ,P3RHS0_1247 ,P3RHS0_1247 -> P3RDT831  ,10.21  ,2.07   ,19532.14   ,2  ,
P3RLV1675 ,1 ,0.42 ,4.47   ,0.91  ,P3RHS0_1247 ,P3RHS0_1247 -> P3RDT831  ,11.18  ,2.27   ,21385.74   ,2  ,
P3RLV1676 ,1 ,0.42 ,4.62   ,0.94  ,P3RHS0_1247 ,P3RHS0_1247 -> P3RDT831  ,11.55  ,2.35   ,22105.89   ,2  ,
P3RLV1677 ,1 ,0.42 ,4.45   ,0.90  ,P3RHS0_1247 ,P3RHS0_1247 -> P3RDT831  ,11.13  ,2.26   ,21300.99   ,2  ,
P3RLV1678 ,1 ,0.42 ,10.30  ,2.09  ,P3RHS0_1247 ,P3RHS0_1247 -> P3RDT831  ,25.75  ,5.23   ,49268.59   ,6  ,
P3RLV1679 ,1 ,0.42 ,4.19   ,0.85  ,P3RHS0_1247 ,P3RHS0_1247 -> P3RDT831  ,10.48  ,2.13   ,20052.23   ,2  ,
P3RLV1680 ,1 ,0.42 ,6.03   ,1.22  ,P3RHS0_1247 ,P3RHS0_1247 -> P3RDT831  ,15.07  ,3.06   ,28829.78   ,3  ,
P3RLV1681 ,1 ,0.42 ,9.26   ,1.88  ,P3RHS0_1247 ,P3RHS0_1247 -> P3RDT831  ,23.14  ,4.70   ,44268.66   ,6  ,
P3RLV1682 ,1 ,0.42 ,4.27   ,0.87  ,P3RHS0_1247 ,P3RHS0_1247 -> P3RDT831  ,10.69  ,2.17   ,20443.87   ,2  ,
P3RLV1683 ,1 ,0.42 ,2.87   ,0.58  ,P3RHS0_1247 ,P3RHS0_1247 -> P3RDT831  ,7.18   ,1.46   ,13730.08   ,1  ,
P3RLV1684 ,1 ,0.42 ,4.32   ,0.88  ,P3RHS0_1247 ,P3RHS0_1247 -> P3RDT831  ,10.81  ,2.19   ,20677.33   ,2  ,
P3RLV1685 ,1 ,0.42 ,3.43   ,1.13  ,P3RHS0_1247 ,P3RHS0_1247 -> P3RDT831  ,8.58   ,2.82   ,23597.25   ,1  ,
P3RLV1686 ,1 ,0.42 ,5.21   ,1.06  ,P3RHS0_1247 ,P3RHS0_1247 -> P3RDT831  ,13.02  ,2.64   ,24913.87   ,3  ,
P3RLV1687 ,1 ,0.42 ,6.20   ,1.26  ,P3RHS0_1247 ,P3RHS0_1247 -> P3RDT831  ,15.50  ,3.15   ,29664.85   ,3  ,
P3RLV1688 ,1 ,0.42 ,4.97   ,1.01  ,P3RHS0_1247 ,P3RHS0_1247 -> P3RDT831  ,12.42  ,2.52   ,23756.60   ,2  ,
P3RLV1689 ,1 ,0.42 ,4.52   ,0.92  ,P3RHS0_1247 ,P3RHS0_1247 -> P3RDT831  ,11.30  ,2.29   ,21617.32   ,2  ,
P3RLV1690 ,1 ,0.42 ,3.98   ,0.81  ,P3RHS0_1247 ,P3RHS0_1247 -> P3RDT831  ,9.95   ,2.02   ,19042.75   ,2  ,
P3RLV1691 ,1 ,0.42 ,3.37   ,0.69  ,P3RHS0_1247 ,P3RHS0_1247 -> P3RDT831  ,8.43   ,1.71   ,16137.93   ,1  ,
P3RLV1692 ,1 ,0.42 ,5.46   ,1.11  ,P3RHS0_1247 ,P3RHS0_1247 -> P3RDT831  ,13.64  ,2.77   ,26100.20   ,3  ,
P3RLV1693 ,1 ,0.42 ,3.76   ,0.76  ,P3RHS0_1247 ,P3RHS0_1247 -> P3RDT831  ,9.40   ,1.91   ,17979.91   ,1  ,
P3RLV1694 ,1 ,0.42 ,6.95   ,1.41  ,P3RHS0_1247 ,P3RHS0_1247 -> P3RDT831  ,17.37  ,3.53   ,33235.91   ,4  ,
P3RLV1695 ,1 ,0.42 ,8.25   ,1.68  ,P3RHS0_1247 ,P3RHS0_1247 -> P3RDT831  ,20.62  ,4.19   ,39455.97   ,5  ,
P3RLV1696 ,1 ,0.42 ,6.27   ,1.27  ,P3RHS0_1247 ,P3RHS0_1247 -> P3RDT999  ,15.67  ,3.18   ,29976.48   ,3  ,
P3RLV1697 ,1 ,0.42 ,1.78   ,0.36  ,P3RHS0_1247 ,P3RHS0_1247 -> P3RDT999  ,4.45   ,0.90   ,9168.21    ,1  ,
P3RLV1698 ,1 ,0.42 ,3.04   ,0.62  ,P3RHS0_1247 ,P3RHS0_1247 -> P3RDT999  ,7.61   ,1.55   ,14559.23   ,1  ,
P3RLV1699 ,1 ,0.42 ,1.39   ,0.28  ,P3RHS0_1247 ,P3RHS0_1247 -> P3RDT999  ,3.48   ,0.71   ,7512.72    ,1  ,
P3RLV1700 ,1 ,0.42 ,3.53   ,0.72  ,P3RHS0_1247 ,P3RHS0_1247 -> P3RDT999  ,8.81   ,1.79   ,16860.87   ,1  ,
P3RLV1701 ,1 ,0.42 ,1.46   ,0.48  ,P3RHS0_1247 ,P3RHS0_1247 -> P3RDT831  ,3.65   ,1.20   ,10044.09   ,1  ,
P3RLV1702 ,1 ,0.42 ,0.99   ,0.33  ,P3RHS0_1247 ,P3RHS0_1247 -> P3RDT831  ,2.48   ,0.81   ,6816.31    ,1  ,
P3RLV1703 ,1 ,0.42 ,4.11   ,1.35  ,P3RHS0_1247 ,P3RHS0_1247 -> P3RDT1052 ,10.27  ,3.37   ,28247.71   ,1  ,
P3RLV1704 ,1 ,0.42 ,4.93   ,1.00  ,P3RHS0_1247 ,P3RHS0_1247 -> P3RDT1052 ,12.33  ,2.50   ,23590.11   ,2  ,
P3RLV1705 ,1 ,0.42 ,4.13   ,0.84  ,P3RHS0_1247 ,P3RHS0_1247 -> P3RDT1052 ,10.33  ,2.10   ,19760.78   ,2  ,
P3RLV1706 ,1 ,0.42 ,1.14   ,0.37  ,P3RHS0_1247 ,P3RHS0_1247 -> P3RDT831  ,2.85   ,0.94   ,7842.94    ,1  ,
P3RLV1707 ,1 ,0.42 ,4.11   ,1.35  ,P3RHS0_1247 ,P3RHS0_1247 -> P3RDT1052 ,10.28  ,3.38   ,28283.23   ,1  ,
P3RLV1708 ,1 ,0.42 ,2.88   ,0.95  ,P3RHS0_1247 ,P3RHS0_1247 -> P3RDT1052 ,7.21   ,2.37   ,19839.12   ,1  ,
P3RLV1709 ,1 ,0.42 ,4.86   ,0.99  ,P3RHS0_1247 ,P3RHS0_1247 -> P3RDT1052 ,12.15  ,2.47   ,23240.27   ,2  ,
P3RLV1710 ,1 ,0.42 ,1.55   ,0.51  ,P3RHS0_1247 ,P3RHS0_1247 -> P3RDT831  ,3.87   ,1.27   ,10638.08   ,1  ,
P3RLV1711 ,1 ,0.42 ,6.94   ,1.41  ,P3RHS0_1247 ,P3RHS0_1247 -> P3RDT1052 ,17.36  ,3.53   ,33214.25   ,4  ,
P3RLV1712 ,1 ,0.42 ,4.95   ,1.63  ,P3RHS0_1247 ,P3RHS0_1247 -> P3RDT1052 ,12.36  ,4.06   ,34022.78   ,1  ,
P3RLV1713 ,1 ,0.42 ,3.70   ,1.22  ,P3RHS0_1247 ,P3RHS0_1247 -> P3RDT1052 ,9.25   ,3.04   ,25450.46   ,1  ,
P3RLV1714 ,1 ,0.42 ,3.01   ,0.99  ,P3RHS0_1247 ,P3RHS0_1247 -> P3RDT1052 ,7.52   ,2.47   ,20684.51   ,1  ,
P3RLV1715 ,1 ,0.42 ,7.69   ,2.53  ,P3RHS0_1247 ,P3RHS0_1247 -> P3RDT831  ,19.22  ,6.32   ,52880.10   ,1  ,
P3RLV1716 ,1 ,0.42 ,8.23   ,1.67  ,P3RHS0_1247 ,P3RHS0_1247 -> P3RDT1052 ,20.57  ,4.18   ,39351.44   ,5  ,
P3RLV1717 ,1 ,0.42 ,5.64   ,1.85  ,P3RHS0_1247 ,P3RHS0_1247 -> P3RDT831  ,14.10  ,4.63   ,38796.44   ,1  ,
P3RLV1718 ,1 ,0.42 ,0.95   ,0.31  ,P3RHS0_1247 ,P3RHS0_1247 -> P3RDT831  ,2.38   ,0.78   ,6551.27    ,1  ,
P3RLV1719 ,1 ,0.42 ,0.55   ,0.18  ,P3RHS0_1247 ,P3RHS0_1247 -> P3RDT831  ,1.37   ,0.45   ,3762.59    ,1  ,
P3RLV1720 ,1 ,0.42 ,5.52   ,1.12  ,P3RHS0_1247 ,P3RHS0_1247 -> P3RDT1052 ,13.81  ,2.80   ,26425.35   ,3  ,
P3RLV1721 ,1 ,0.42 ,5.90   ,1.20  ,P3RHS0_1247 ,P3RHS0_1247 -> P3RDT1052 ,14.76  ,3.00   ,28237.93   ,3  ,
P3RLV1722 ,1 ,0.42 ,5.36   ,1.76  ,P3RHS0_1247 ,P3RHS0_1247 -> P3RDT831  ,13.40  ,4.40   ,36872.46   ,1  ,
P3RLV1723 ,1 ,0.42 ,2.73   ,0.55  ,P3RHS0_1247 ,P3RHS0_1247 -> P3RDT831  ,6.83   ,1.39   ,13070.15   ,1  ,
P3RLV1724 ,1 ,0.42 ,0.89   ,0.18  ,P3RHS0_1247 ,P3RHS0_1247 -> P3RDT831  ,2.22   ,0.45   ,5186.97    ,1  ,
P3RLV1725 ,1 ,0.42 ,3.55   ,0.72  ,P3RHS0_1247 ,P3RHS0_1247 -> P3RDT999  ,8.88   ,1.80   ,27448.94   ,1  ,
P3RLV1726 ,1 ,0.42 ,0.68   ,0.23  ,P3RHS0_1247 ,P3RHS0_1247 -> P3RDT999  ,1.71   ,0.56   ,4711.46    ,1  ,
P3RLV1727 ,1 ,0.42 ,0.93   ,0.31  ,P3RHS0_1247 ,P3RHS0_1247 -> P3RDT999  ,2.32   ,0.76   ,6394.71    ,1  ,
P3RLV1728 ,1 ,0.42 ,3.99   ,0.81  ,P3RHS0_1247 ,P3RHS0_1247 -> P3RDT999  ,9.97   ,2.03   ,30845.95   ,1  ,
P3RLV1729 ,1 ,0.42 ,1.71   ,0.56  ,P3RHS0_1247 ,P3RHS0_1247 -> P3RDT999  ,4.27   ,1.40   ,11759.84   ,1  ,
P3RLV1730 ,1 ,0.42 ,1.65   ,0.54  ,P3RHS0_1247 ,P3RHS0_1247 -> P3RDT999  ,4.12   ,1.36   ,11348.43   ,1  ,
P3RLV1731 ,1 ,0.42 ,0.84   ,0.28  ,P3RHS0_1247 ,P3RHS0_1247 -> P3RDT999  ,2.10   ,0.69   ,5789.80    ,1  ,
P3RLV1732 ,1 ,0.42 ,3.35   ,0.68  ,P3RHS0_1247 ,P3RHS0_1247 -> P3RDT999  ,8.39   ,1.70   ,16043.38   ,1  ,
P3RLV1733 ,1 ,0.42 ,5.09   ,1.03  ,P3RHS0_1247 ,P3RHS0_1247 -> P3RDT999  ,12.72  ,2.58   ,24344.86   ,2  ,
P3RLV1734 ,1 ,0.42 ,5.37   ,1.09  ,P3RHS0_1247 ,P3RHS0_1247 -> P3RDT999  ,13.43  ,2.73   ,25702.80   ,3  ,
P3RLV1735 ,1 ,0.42 ,2.83   ,0.58  ,P3RHS0_1247 ,P3RHS0_1247 -> P3RDT999  ,7.08   ,1.44   ,13555.37   ,1  ,
P3RLV1736 ,1 ,0.42 ,0.84   ,0.28  ,P3RHS0_1247 ,P3RHS0_1247 -> P3RDT999  ,2.11   ,0.69   ,5803.25    ,1  ,
P3RLV1737 ,1 ,0.42 ,4.11   ,0.83  ,P3RHS0_1247 ,P3RHS0_1247 -> P3RDT999  ,10.27  ,2.09   ,19653.56   ,2  ,
P3RLV1738 ,1 ,0.42 ,1.07   ,0.35  ,P3RHS0_1247 ,P3RHS0_1247 -> P3RDT999  ,2.67   ,0.88   ,7333.82    ,1  ,
P3RLV1739 ,1 ,0.42 ,2.85   ,0.58  ,P3RHS0_1247 ,P3RHS0_1247 -> P3RDT999  ,7.13   ,1.45   ,13650.69   ,1  ,
P3RLV1740 ,1 ,0.42 ,5.67   ,1.15  ,P3RHS0_1247 ,P3RHS0_1247 -> P3RDT999  ,14.19  ,2.88   ,27142.30   ,3  ,
P3RLV1741 ,1 ,0.42 ,2.95   ,0.60  ,P3RHS0_1247 ,P3RHS0_1247 -> P3RDT999  ,7.38   ,1.50   ,14125.21   ,1  ,
P3RLV1742 ,1 ,0.42 ,4.70   ,0.96  ,P3RHS0_1247 ,P3RHS0_1247 -> P3RDT999  ,11.76  ,2.39   ,22499.50   ,2  ,
P3RLV1743 ,1 ,0.42 ,3.35   ,0.68  ,P3RHS0_1247 ,P3RHS0_1247 -> P3RDT999  ,8.37   ,1.70   ,16008.88   ,1  ,
P3RLV1744 ,1 ,0.42 ,2.83   ,0.93  ,P3RHS0_1247 ,P3RHS0_1247 -> P3RDT999  ,7.07   ,2.33   ,19466.47   ,1  ,
P3RLV1745 ,1 ,0.42 ,3.23   ,1.06  ,P3RHS0_1247 ,P3RHS0_1247 -> P3RDT999  ,8.08   ,2.66   ,22238.47   ,1  ,
P3RLV1746 ,1 ,0.42 ,2.78   ,0.56  ,P3RHS0_1247 ,P3RHS0_1247 -> P3RDT999  ,6.94   ,1.41   ,13286.11   ,1  ,
P3RLV1747 ,1 ,0.42 ,1.64   ,0.54  ,P3RHS0_1247 ,P3RHS0_1247 -> P3RDT999  ,4.10   ,1.35   ,11284.16   ,1  ,
P3RLV1748 ,1 ,0.42 ,0.58   ,0.12  ,P3RHS0_1247 ,P3RHS0_1247 -> P3RDT999  ,1.44   ,0.29   ,3616.80    ,1  ,
P3RLV1749 ,1 ,0.42 ,0.83   ,0.17  ,P3RHS0_1247 ,P3RHS0_1247 -> P3RDT999  ,2.08   ,0.42   ,4924.87    ,1  ,
P3RLV1750 ,1 ,0.42 ,3.33   ,0.68  ,P3RHS0_1247 ,P3RHS0_1247 -> P3RDT999  ,8.32   ,1.69   ,15914.89   ,1  ,
P3RLV1751 ,1 ,0.42 ,2.76   ,0.56  ,P3RHS0_1247 ,P3RHS0_1247 -> P3RDT999  ,6.91   ,1.40   ,13211.79   ,1  ,
P3RLV1752 ,1 ,0.42 ,4.21   ,0.86  ,P3RHS0_1247 ,P3RHS0_1247 -> P3RDT999  ,10.53  ,2.14   ,20150.06   ,2  ,
P3RLV1753 ,1 ,0.42 ,1.74   ,0.57  ,P3RHS0_1247 ,P3RHS0_1247 -> P3RDT999  ,4.35   ,1.43   ,11965.17   ,1  ,
P3RLV1754 ,1 ,0.42 ,1.49   ,0.49  ,P3RHS0_1247 ,P3RHS0_1247 -> P3RDT999  ,3.74   ,1.23   ,10281.63   ,1  ,
P3RLV1755 ,1 ,0.42 ,3.61   ,0.73  ,P3RHS0_1247 ,P3RHS0_1247 -> P3RDT999  ,9.03   ,1.83   ,17283.34   ,1  ,
P3RLV1756 ,1 ,0.42 ,3.04   ,0.62  ,P3RHS0_1247 ,P3RHS0_1247 -> P3RDT999  ,7.60   ,1.54   ,14546.82   ,1  ,
P3RLV1757 ,1 ,0.42 ,2.92   ,0.59  ,P3RHS0_1247 ,P3RHS0_1247 -> P3RDT999  ,7.30   ,1.48   ,13965.62   ,1  ,
P3RLV1758 ,1 ,0.42 ,4.33   ,1.42  ,P3RHS0_1247 ,P3RHS0_1247 -> P3RDT656  ,10.83  ,3.56   ,29797.77   ,1  ,
P3RLV1759 ,1 ,0.42 ,7.08   ,2.33  ,P3RHS0_1247 ,P3RHS0_1247 -> P3RDT1052 ,17.70  ,5.82   ,48719.47   ,1  ,
P3RLV1760 ,1 ,0.42 ,3.68   ,1.21  ,P3RHS0_1247 ,P3RHS0_1247 -> P3RDT656  ,9.20   ,3.02   ,25323.42   ,1  ,
P3RLV1761 ,1 ,0.42 ,3.13   ,1.03  ,P3RHS0_1247 ,P3RHS0_1247 -> P3RDT656  ,7.82   ,2.57   ,21514.58   ,1  ,
P3RLV1762 ,1 ,0.42 ,1.12   ,0.37  ,P3RHS0_1247 ,P3RHS0_1247 -> P3RDT1052 ,2.80   ,0.92   ,7699.04    ,1  ,
P3RLV1763 ,1 ,0.42 ,12.82  ,4.21  ,P3RHS0_1247 ,P3RHS0_1247 -> P3RDT1052 ,32.05  ,10.53  ,88182.29   ,1  ,
P3RLV1764 ,1 ,0.42 ,7.54   ,2.48  ,P3RHS0_1247 ,P3RHS0_1247 -> P3RDT656  ,18.84  ,6.19   ,51843.20   ,1  ,
P3RLV1765 ,1 ,0.42 ,2.11   ,0.69  ,P3RHS0_1247 ,P3RHS0_1247 -> P3RDT656  ,5.28   ,1.74   ,14531.74   ,1  ,
P3RLV1766 ,1 ,0.42 ,10.72  ,2.18  ,P3RHS0_1247 ,P3RHS0_1247 -> P3RDT831  ,26.79  ,5.44   ,51265.34   ,7  ,
P3RLV1767 ,1 ,0.42 ,18.54  ,6.09  ,P3RHS0_1247 ,P3RHS0_1247 -> P3RDT999  ,46.35  ,15.23  ,127541.30  ,1  ,
P3RLV1768 ,3 ,0.42 ,26.89  ,8.84  ,P3RHS0_1247 ,P3RHS0_1247 -> P3RDT999  ,67.21  ,22.09  ,184959.40  ,1  ,
P3RLV1769 ,1 ,0.42 ,6.06   ,1.23  ,P3RHS0_1247 ,P3RHS0_1247 -> P3RDT831  ,15.15  ,3.08   ,28981.99   ,3  ,
P3RLV1770 ,1 ,0.42 ,5.01   ,1.02  ,P3RHS0_1247 ,P3RHS0_1247 -> P3RDT831  ,12.52  ,2.54   ,23948.06   ,2  ,
P3RLV1771 ,1 ,0.42 ,3.73   ,0.76  ,P3RHS0_1247 ,P3RHS0_1247 -> P3RDT831  ,9.32   ,1.89   ,17830.84   ,1  ,
P3RLV1772 ,1 ,0.42 ,4.27   ,0.87  ,P3RHS0_1247 ,P3RHS0_1247 -> P3RDT831  ,10.68  ,2.17   ,20435.11   ,2  ,
P3RLV1773 ,1 ,0.42 ,3.51   ,0.71  ,P3RHS0_1247 ,P3RHS0_1247 -> P3RDT831  ,8.78   ,1.78   ,16794.15   ,1  ,
P3RLV1774 ,1 ,0.42 ,3.35   ,0.68  ,P3RHS0_1247 ,P3RHS0_1247 -> P3RDT831  ,8.37   ,1.70   ,16017.56   ,1  ,
P3RLV1775 ,1 ,0.42 ,4.17   ,0.85  ,P3RHS0_1247 ,P3RHS0_1247 -> P3RDT999  ,10.43  ,2.12   ,19962.41   ,2  ,
P3RLV1776 ,1 ,0.42 ,6.65   ,1.35  ,P3RHS0_1247 ,P3RHS0_1247 -> P3RDT831  ,16.63  ,3.38   ,31810.59   ,4  ,
P3RLV1777 ,1 ,0.42 ,3.29   ,0.67  ,P3RHS0_1247 ,P3RHS0_1247 -> P3RDT831  ,8.22   ,1.67   ,15719.64   ,1  ,
P3RLV1778 ,1 ,0.42 ,4.62   ,0.94  ,P3RHS0_1247 ,P3RHS0_1247 -> P3RDT831  ,11.54  ,2.34   ,22078.80   ,2  ,
P3RLV1779 ,1 ,0.42 ,2.52   ,0.83  ,P3RHS0_1247 ,P3RHS0_1247 -> P3RDT1052 ,6.30   ,2.07   ,17334.31   ,1  ,
P3RLV1780 ,1 ,0.42 ,4.78   ,1.57  ,P3RHS0_1247 ,P3RHS0_1247 -> P3RDT1052 ,11.94  ,3.92   ,32851.18   ,1  ,
P3RLV1781 ,1 ,0.42 ,2.37   ,0.78  ,P3RHS0_1247 ,P3RHS0_1247 -> P3RDT1052 ,5.92   ,1.95   ,16289.01   ,1  ,
P3RLV1782 ,1 ,0.42 ,3.49   ,1.15  ,P3RHS0_1247 ,P3RHS0_1247 -> P3RDT656  ,8.74   ,2.87   ,24041.35   ,1  ,
P3RLV1783 ,1 ,0.42 ,5.61   ,1.85  ,P3RHS0_1247 ,P3RHS0_1247 -> P3RDT656  ,14.03  ,4.61   ,38617.89   ,1  ,
P3RLV1784 ,1 ,0.42 ,3.14   ,1.03  ,P3RHS0_1247 ,P3RHS0_1247 -> P3RDT656  ,7.85   ,2.58   ,21613.77   ,1  ,
P3RLV1785 ,1 ,0.42 ,1.88   ,0.62  ,P3RHS0_1247 ,P3RHS0_1247 -> P3RDT656  ,4.70   ,1.54   ,12921.40   ,1  ,
P3RLV1786 ,1 ,0.42 ,0.86   ,0.28  ,P3RHS0_1247 ,P3RHS0_1247 -> P3RDT656  ,2.16   ,0.71   ,5933.56    ,1  ,
P3RLV1787 ,1 ,0.42 ,0.95   ,0.31  ,P3RHS0_1247 ,P3RHS0_1247 -> P3RDT656  ,2.38   ,0.78   ,6553.91    ,1  ,
P3RLV1788 ,1 ,0.42 ,2.93   ,0.96  ,P3RHS0_1247 ,P3RHS0_1247 -> P3RDT656  ,7.33   ,2.41   ,20179.85   ,1  ,
P3RLV1789 ,1 ,0.42 ,3.21   ,1.06  ,P3RHS0_1247 ,P3RHS0_1247 -> P3RDT656  ,8.04   ,2.64   ,22112.74   ,1  ,
P3RLV1790 ,1 ,0.42 ,2.41   ,0.79  ,P3RHS0_1247 ,P3RHS0_1247 -> P3RDT656  ,6.03   ,1.98   ,16588.22   ,1  ,
P3RLV1791 ,1 ,0.42 ,1.39   ,0.46  ,P3RHS0_1247 ,P3RHS0_1247 -> P3RDT656  ,3.46   ,1.14   ,9530.36    ,1  ,
P3RLV1792 ,1 ,0.42 ,1.74   ,0.57  ,P3RHS0_1247 ,P3RHS0_1247 -> P3RDT656  ,4.34   ,1.43   ,11944.90   ,1  ,
P3RLV1793 ,3 ,0.42 ,20.68  ,6.80  ,P3RHS0_1247 ,P3RHS0_1247 -> P3RDT656  ,51.70  ,16.99  ,142258.50  ,1  ,
P3RLV1794 ,3 ,0.42 ,37.64  ,7.64  ,P3RHS0_1247 ,P3RHS0_1247 -> P3RDT831  ,94.09  ,19.11  ,273637.60  ,1  ,
P3RLV1795 ,1 ,0.42 ,5.31   ,1.75  ,P3RHS0_1247 ,P3RHS0_1247 -> P3RDT656  ,13.28  ,4.36   ,36543.13   ,1  ,
P3RLV1796 ,1 ,0.42 ,11.29  ,3.71  ,P3RHS0_1247 ,P3RHS0_1247 -> P3RDT999  ,28.22  ,9.27   ,77650.69   ,1  ,
P3RLV1797 ,1 ,0.42 ,4.20   ,1.38  ,P3RHS0_1247 ,P3RHS0_1247 -> P3RDT999  ,10.49  ,3.45   ,28878.05   ,1  ,
P3RLV1798 ,1 ,0.42 ,2.93   ,0.96  ,P3RHS0_1247 ,P3RHS0_1247 -> P3RDT836  ,7.34   ,2.41   ,20188.32   ,1  ,
P3RLV1799 ,1 ,0.42 ,6.64   ,2.18  ,P3RHS0_1247 ,P3RHS0_1247 -> P3RDT999  ,16.59  ,5.45   ,45657.84   ,1  ,
P3RLV1800 ,1 ,0.42 ,2.20   ,0.72  ,P3RHS0_1247 ,P3RHS0_1247 -> P3RDT999  ,5.51   ,1.81   ,15158.93   ,1  ,
P3RLV1801 ,1 ,0.42 ,3.47   ,1.14  ,P3RHS0_1247 ,P3RHS0_1247 -> P3RDT999  ,8.66   ,2.85   ,23843.42   ,1  ,
P3RLV1802 ,1 ,0.42 ,1.93   ,0.63  ,P3RHS0_1247 ,P3RHS0_1247 -> P3RDT999  ,4.83   ,1.59   ,13279.28   ,1  ,
P3RLV1803 ,1 ,0.42 ,4.48   ,1.47  ,P3RHS0_1247 ,P3RHS0_1247 -> P3RDT999  ,11.21  ,3.68   ,30839.09   ,1  ,
P3RLV1804 ,1 ,0.42 ,3.39   ,1.12  ,P3RHS0_1247 ,P3RHS0_1247 -> P3RDT999  ,8.48   ,2.79   ,23345.99   ,1  ,
P3RLV1805 ,1 ,0.42 ,8.07   ,2.65  ,P3RHS0_1247 ,P3RHS0_1247 -> P3RDT999  ,20.18  ,6.63   ,55522.75   ,1  ,
P3RLV1806 ,1 ,0.42 ,8.07   ,2.65  ,P3RHS0_1247 ,P3RHS0_1247 -> P3RDT999  ,20.17  ,6.63   ,55508.86   ,1  ,
P3RLV1807 ,3 ,0.42 ,21.75  ,7.15  ,P3RHS0_1247 ,P3RHS0_1247 -> P3RDT999  ,54.37  ,17.87  ,149610.70  ,1  ,
P3RLV1808 ,1 ,0.42 ,2.37   ,0.78  ,P3RHS0_1247 ,P3RHS0_1247 -> P3RDT836  ,5.92   ,1.95   ,16300.14   ,1  ,
P3RLV1809 ,1 ,0.42 ,3.11   ,1.02  ,P3RHS0_1247 ,P3RHS0_1247 -> P3RDT999  ,7.79   ,2.56   ,21428.59   ,1  ,
P3RLV1810 ,1 ,0.42 ,3.69   ,1.21  ,P3RHS0_1247 ,P3RHS0_1247 -> P3RDT999  ,9.22   ,3.03   ,25382.74   ,1  ,
P3RLV1811 ,1 ,0.42 ,2.16   ,0.44  ,P3RHS0_1247 ,P3RHS0_1247 -> P3RDT836  ,5.41   ,1.10   ,10695.28   ,1  ,
P3RLV1812 ,1 ,0.42 ,0.76   ,0.15  ,P3RHS0_1247 ,P3RHS0_1247 -> P3RDT836  ,1.90   ,0.38   ,4584.35    ,1  ,
P3RLV1813 ,1 ,0.42 ,2.91   ,0.59  ,P3RHS0_1247 ,P3RHS0_1247 -> P3RDT836  ,7.28   ,1.48   ,13929.20   ,1  ,
P3RLV1814 ,1 ,0.42 ,10.26  ,2.08  ,P3RHS0_1247 ,P3RHS0_1247 -> P3RDT836  ,25.64  ,5.21   ,49058.95   ,6  ,
P3RLV1815 ,1 ,0.42 ,2.26   ,0.46  ,P3RHS0_1247 ,P3RHS0_1247 -> P3RDT836  ,5.65   ,1.15   ,11076.82   ,1  ,
P3RLV1816 ,1 ,0.42 ,2.65   ,0.54  ,P3RHS0_1247 ,P3RHS0_1247 -> P3RDT836  ,6.63   ,1.35   ,12685.36   ,1  ,
P3RLV1817 ,1 ,0.42 ,7.28   ,1.48  ,P3RHS0_1247 ,P3RHS0_1247 -> P3RDT836  ,18.21  ,3.70   ,34843.25   ,4  ,
P3RLV1818 ,1 ,0.42 ,0.83   ,0.17  ,P3RHS0_1247 ,P3RHS0_1247 -> P3RDT836  ,2.08   ,0.42   ,4927.65    ,1  ,
P3RLV1819 ,1 ,0.42 ,5.38   ,1.09  ,P3RHS0_1247 ,P3RHS0_1247 -> P3RDT656  ,13.45  ,2.73   ,25740.54   ,3  ,
P3RLV1820 ,1 ,0.42 ,4.72   ,0.96  ,P3RHS0_1247 ,P3RHS0_1247 -> P3RDT656  ,11.80  ,2.40   ,22577.78   ,2  ,
P3RLV1821 ,1 ,0.42 ,1.68   ,0.34  ,P3RHS0_1247 ,P3RHS0_1247 -> P3RDT656  ,4.19   ,0.85   ,8749.23    ,1  ,
P3RLV1822 ,1 ,0.42 ,5.57   ,1.83  ,P3RHS0_1247 ,P3RHS0_1247 -> P3RDT656  ,13.91  ,4.57   ,38286.56   ,1  ,
P3RLV1823 ,1 ,0.42 ,0.84   ,0.28  ,P3RHS0_1247 ,P3RHS0_1247 -> P3RDT656  ,2.10   ,0.69   ,5766.45    ,1  ,
P3RLV1824 ,1 ,0.42 ,1.04   ,0.21  ,P3RHS0_1247 ,P3RHS0_1247 -> P3RDT656  ,2.61   ,0.53   ,5903.07    ,1  ,
P3RLV1825 ,1 ,0.42 ,4.68   ,1.54  ,P3RHS0_1247 ,P3RHS0_1247 -> P3RDT656  ,11.71  ,3.85   ,32210.92   ,1  ,
P3RLV1826 ,1 ,0.42 ,3.62   ,0.74  ,P3RHS0_1247 ,P3RHS0_1247 -> P3RDT656  ,9.05   ,1.84   ,17324.41   ,1  ,
P3RLV1827 ,1 ,0.42 ,3.51   ,1.15  ,P3RHS0_1247 ,P3RHS0_1247 -> P3RDT656  ,8.77   ,2.88   ,24125.85   ,1  ,
P3RLV1828 ,1 ,0.42 ,0.75   ,0.25  ,P3RHS0_1247 ,P3RHS0_1247 -> P3RDT656  ,1.88   ,0.62   ,5182.83    ,1  ,
P3RLV1829 ,1 ,0.42 ,3.26   ,0.66  ,P3RHS0_1247 ,P3RHS0_1247 -> P3RDT656  ,8.15   ,1.65   ,15585.87   ,1  ,
P3RLV1830 ,1 ,0.42 ,0.99   ,0.32  ,P3RHS0_1247 ,P3RHS0_1247 -> P3RDT656  ,2.47   ,0.81   ,6792.85    ,1  ,
P3RLV1831 ,3 ,0.42 ,23.55  ,4.78  ,P3RHS0_1247 ,P3RHS0_1247 -> P3RDT656  ,58.88  ,11.96  ,112647.40  ,16 ,
P3RLV1832 ,1 ,0.42 ,7.84   ,2.58  ,P3RHS0_1247 ,P3RHS0_1247 -> P3RDT656  ,19.59  ,6.44   ,53914.07   ,1  ,
P3RLV1833 ,1 ,0.42 ,6.73   ,1.37  ,P3RHS0_1247 ,P3RHS0_1247 -> P3RDT656  ,16.83  ,3.42   ,32198.88   ,4  ,
P3RLV1834 ,1 ,0.42 ,6.73   ,1.37  ,P3RHS0_1247 ,P3RHS0_1247 -> P3RDT656  ,16.82  ,3.41   ,32173.12   ,4  ,
P3RLV1835 ,1 ,0.42 ,2.87   ,0.58  ,P3RHS0_1247 ,P3RHS0_1247 -> P3RDT656  ,7.17   ,1.45   ,13708.78   ,1  ,
P3RLV1836 ,1 ,0.42 ,8.33   ,1.69  ,P3RHS0_1247 ,P3RHS0_1247 -> P3RDT656  ,20.82  ,4.23   ,39832.92   ,5  ,
P3RLV1837 ,1 ,0.42 ,3.02   ,0.61  ,P3RHS0_1247 ,P3RHS0_1247 -> P3RDT836  ,7.55   ,1.53   ,14441.93   ,1  ,
P3RLV1838 ,1 ,0.42 ,4.20   ,0.85  ,P3RHS0_1247 ,P3RHS0_1247 -> P3RDT836  ,10.50  ,2.13   ,20095.03   ,2  ,
P3RLV1839 ,1 ,0.42 ,2.62   ,0.53  ,P3RHS0_1247 ,P3RHS0_1247 -> P3RDT836  ,6.54   ,1.33   ,12512.89   ,1  ,
P3RLV1840 ,1 ,0.42 ,4.22   ,0.86  ,P3RHS0_1247 ,P3RHS0_1247 -> P3RDT836  ,10.55  ,2.14   ,20188.87   ,2  ,
P3RLV1841 ,1 ,0.42 ,3.44   ,0.70  ,P3RHS0_1247 ,P3RHS0_1247 -> P3RDT836  ,8.61   ,1.75   ,16466.26   ,1  ,
P3RLV1842 ,1 ,0.42 ,2.65   ,0.54  ,P3RHS0_1247 ,P3RHS0_1247 -> P3RDT836  ,6.61   ,1.34   ,12654.71   ,1  ,
P3RLV1843 ,1 ,0.42 ,9.09   ,1.84  ,P3RHS0_1247 ,P3RHS0_1247 -> P3RDT836  ,22.71  ,4.61   ,43455.85   ,5  ,
P3RLV1844 ,1 ,0.42 ,2.18   ,0.44  ,P3RHS0_1247 ,P3RHS0_1247 -> P3RDT836  ,5.44   ,1.10   ,10749.38   ,1  ,
P3RLV1845 ,1 ,0.42 ,5.13   ,1.04  ,P3RHS0_1247 ,P3RHS0_1247 -> P3RDT836  ,12.82  ,2.60   ,24537.33   ,2  ,
P3RLV1846 ,1 ,0.42 ,4.23   ,0.86  ,P3RHS0_1247 ,P3RHS0_1247 -> P3RDT836  ,10.58  ,2.15   ,20234.82   ,2  ,
P3RLV1847 ,1 ,0.42 ,5.58   ,1.13  ,P3RHS0_1247 ,P3RHS0_1247 -> P3RDT836  ,13.94  ,2.83   ,26672.09   ,3  ,
P3RLV1848 ,1 ,0.42 ,5.34   ,1.08  ,P3RHS0_1247 ,P3RHS0_1247 -> P3RDT836  ,13.34  ,2.71   ,25519.99   ,3  ,
P3RLV1849 ,1 ,0.42 ,4.35   ,0.88  ,P3RHS0_1247 ,P3RHS0_1247 -> P3RDT836  ,10.87  ,2.21   ,20799.38   ,2  ,
P3RLV1850 ,1 ,0.42 ,5.74   ,1.89  ,P3RHS0_1247 ,P3RHS0_1247 -> P3RDT836  ,14.34  ,4.71   ,39471.50   ,1  ,
P3RLV1851 ,1 ,0.42 ,4.78   ,0.97  ,P3RHS0_1247 ,P3RHS0_1247 -> P3RDT836  ,11.94  ,2.42   ,22843.52   ,2  ,
P3RLV1852 ,1 ,0.42 ,6.63   ,1.35  ,P3RHS0_1247 ,P3RHS0_1247 -> P3RDT836  ,16.57  ,3.36   ,31704.67   ,4  ,
P3RLV1853 ,1 ,0.42 ,3.53   ,0.72  ,P3RHS0_1247 ,P3RHS0_1247 -> P3RDT836  ,8.82   ,1.79   ,16876.91   ,1  ,
P3RLV1854 ,1 ,0.42 ,4.71   ,1.55  ,P3RHS0_1247 ,P3RHS0_1247 -> P3RDT836  ,11.78  ,3.87   ,32415.92   ,1  ,
P3RLV1855 ,1 ,0.42 ,5.56   ,1.13  ,P3RHS0_1247 ,P3RHS0_1247 -> P3RDT836  ,13.90  ,2.82   ,26603.02   ,3  ,
P3RLV1856 ,1 ,0.42 ,10.92  ,3.59  ,P3RHS0_1247 ,P3RHS0_1247 -> P3RDT836  ,27.31  ,8.98   ,75142.70   ,1  ,
P3RLV1857 ,1 ,0.42 ,17.35  ,5.70  ,P3RHS0_1247 ,P3RHS0_1247 -> P3RDT836  ,43.39  ,14.26  ,119387.50  ,1  ,
P3RLV1858 ,1 ,0.42 ,9.89   ,2.01  ,P3RHS0_1247 ,P3RHS0_1247 -> P3RDT836  ,24.73  ,5.02   ,80736.70   ,1  ,
P3RLV1859 ,1 ,0.42 ,4.86   ,0.99  ,P3RHS0_1247 ,P3RHS0_1247 -> P3RDT836  ,12.14  ,2.47   ,23228.63   ,2  ,
P3RLV1860 ,1 ,0.42 ,5.33   ,1.08  ,P3RHS0_1247 ,P3RHS0_1247 -> P3RDT836  ,13.34  ,2.71   ,25515.71   ,3  ,
P3RLV1861 ,1 ,0.42 ,6.69   ,1.36  ,P3RHS0_1247 ,P3RHS0_1247 -> P3RDT1052 ,16.73  ,3.40   ,32009.76   ,4  ,
P3RLV1862 ,1 ,0.42 ,3.40   ,0.69  ,P3RHS0_1247 ,P3RHS0_1247 -> P3RDT1052 ,8.50   ,1.73   ,16258.33   ,1  ,
P3RLV1863 ,1 ,0.42 ,11.03  ,3.62  ,P3RHS0_1247 ,P3RHS0_1247 -> P3RDT656  ,27.57  ,9.06   ,75872.25   ,1  ,
P3RLV1864 ,1 ,0.42 ,4.24   ,0.86  ,P3RHS0_1247 ,P3RHS0_1247 -> P3RDT1052 ,10.61  ,2.15   ,20297.63   ,2  ,
P3RLV1865 ,1 ,0.42 ,4.88   ,0.99  ,P3RHS0_1247 ,P3RHS0_1247 -> P3RDT1052 ,12.20  ,2.48   ,23343.93   ,2  ,
P3RLV1866 ,1 ,0.42 ,2.62   ,0.53  ,P3RHS0_1247 ,P3RHS0_1247 -> P3RDT1052 ,6.54   ,1.33   ,12511.27   ,1  ,
P3RLV1867 ,1 ,0.42 ,5.98   ,1.21  ,P3RHS0_1247 ,P3RHS0_1247 -> P3RDT1052 ,14.96  ,3.04   ,28614.36   ,3  ,
P3RLV1868 ,3 ,0.42 ,30.33  ,6.16  ,P3RHS0_1247 ,P3RHS0_1247 -> P3RDT1052 ,75.83  ,15.40  ,222860.20  ,1  ,
P3RLV1869 ,1 ,0.42 ,4.72   ,0.96  ,P3RHS0_1247 ,P3RHS0_1247 -> P3RDT1052 ,11.81  ,2.40   ,22594.83   ,2  ,
P3RLV1870 ,1 ,0.42 ,2.04   ,0.67  ,P3RHS0_1247 ,P3RHS0_1247 -> P3RDT1052 ,5.11   ,1.68   ,14062.26   ,1  ,
P3RLV1871 ,1 ,0.42 ,5.65   ,1.15  ,P3RHS0_1247 ,P3RHS0_1247 -> P3RDT1052 ,14.13  ,2.87   ,27043.49   ,3  ,
P3RLV1872 ,1 ,0.42 ,2.32   ,0.76  ,P3RHS0_1247 ,P3RHS0_1247 -> P3RDT656  ,5.80   ,1.91   ,15965.10   ,1  ,
P3RLV1873 ,1 ,0.42 ,5.21   ,1.06  ,P3RHS0_1247 ,P3RHS0_1247 -> P3RDT1052 ,13.02  ,2.64   ,24901.74   ,3  ,
P3RLV1874 ,1 ,0.42 ,3.62   ,0.73  ,P3RHS0_1247 ,P3RHS0_1247 -> P3RDT1052 ,9.04   ,1.84   ,17303.91   ,1  ,
P3RLV1875 ,1 ,0.42 ,3.91   ,0.79  ,P3RHS0_1247 ,P3RHS0_1247 -> P3RDT1052 ,9.78   ,1.99   ,18712.21   ,2  ,
P3RLV1876 ,1 ,0.42 ,3.03   ,1.00  ,P3RHS0_1247 ,P3RHS0_1247 -> P3RDT1052 ,7.57   ,2.49   ,20832.91   ,1  ,
P3RLV1877 ,1 ,0.42 ,3.98   ,1.31  ,P3RHS0_1247 ,P3RHS0_1247 -> P3RDT1052 ,9.96   ,3.27   ,27403.62   ,1  ,
P3RLV1878 ,1 ,0.42 ,3.77   ,0.76  ,P3RHS0_1247 ,P3RHS0_1247 -> P3RDT1052 ,9.42   ,1.91   ,18016.78   ,1  ,
P3RLV1879 ,1 ,0.42 ,3.25   ,1.07  ,P3RHS0_1247 ,P3RHS0_1247 -> P3RDT1052 ,8.11   ,2.67   ,22324.95   ,1  ,
P3RLV1880 ,1 ,0.42 ,2.61   ,0.53  ,P3RHS0_1247 ,P3RHS0_1247 -> P3RDT1052 ,6.53   ,1.33   ,12487.33   ,1  ,
P3RLV1881 ,1 ,0.42 ,1.54   ,0.31  ,P3RHS0_1247 ,P3RHS0_1247 -> P3RDT1052 ,3.86   ,0.78   ,8224.51    ,1  ,
P3RLV1882 ,1 ,0.42 ,8.57   ,1.74  ,P3RHS0_1247 ,P3RHS0_1247 -> P3RDT1052 ,21.42  ,4.35   ,71534.52   ,1  ,
P3RLV1883 ,1 ,0.42 ,10.98  ,3.61  ,P3RHS0_1247 ,P3RHS0_1247 -> P3RDT656  ,27.45  ,9.02   ,75530.21   ,1  ,
P3RLV1884 ,1 ,0.42 ,1.93   ,0.63  ,P3RHS0_1247 ,P3RHS0_1247 -> P3RDT656  ,4.82   ,1.58   ,13266.24   ,1  ,
P3RLV1885 ,1 ,0.42 ,10.86  ,3.57  ,P3RHS0_1247 ,P3RHS0_1247 -> P3RDT656  ,27.15  ,8.92   ,74711.20   ,1  ,
P3RLV1886 ,1 ,0.42 ,0.32   ,0.11  ,P3RHS0_1247 ,P3RHS0_1247 -> P3RDT656  ,0.80   ,0.26   ,2214.50    ,1  ,
P3RLV1887 ,1 ,0.42 ,2.88   ,0.95  ,P3RHS0_1247 ,P3RHS0_1247 -> P3RDT656  ,7.21   ,2.37   ,19827.15   ,1  ,
P3RLV1888 ,1 ,0.42 ,4.71   ,1.55  ,P3RHS0_1247 ,P3RHS0_1247 -> P3RDT656  ,11.79  ,3.87   ,32431.80   ,1  ,
P3RLV1889 ,1 ,0.42 ,3.97   ,1.31  ,P3RHS0_1247 ,P3RHS0_1247 -> P3RDT656  ,9.93   ,3.27   ,27335.64   ,1  ,
P3RLV1890 ,1 ,0.42 ,5.34   ,1.08  ,P3RHS0_1247 ,P3RHS0_1247 -> P3RDT1052 ,13.35  ,2.71   ,25547.57   ,3  ,
P3RLV1891 ,1 ,0.42 ,5.87   ,1.19  ,P3RHS0_1247 ,P3RHS0_1247 -> P3RDT1052 ,14.69  ,2.98   ,28097.42   ,3  ,
P3RLV1892 ,1 ,0.42 ,2.58   ,0.52  ,P3RHS0_1247 ,P3RHS0_1247 -> P3RDT1052 ,6.44   ,1.31   ,12344.78   ,1  ,
P3RLV1893 ,1 ,0.42 ,3.61   ,0.73  ,P3RHS0_1247 ,P3RHS0_1247 -> P3RDT1052 ,9.03   ,1.83   ,17284.21   ,1  ,
P3RLV1894 ,1 ,0.42 ,6.00   ,1.97  ,P3RHS0_1247 ,P3RHS0_1247 -> P3RDT1052 ,15.01  ,4.93   ,41300.54   ,1  ,
P3RLV1895 ,1 ,0.42 ,6.43   ,1.31  ,P3RHS0_1247 ,P3RHS0_1247 -> P3RDT1052 ,16.08  ,3.26   ,30762.64   ,3  ,
P3RLV1896 ,1 ,0.42 ,1.90   ,0.39  ,P3RHS0_1247 ,P3RHS0_1247 -> P3RDT1052 ,4.76   ,0.97   ,9657.18    ,1  ,
P3RLV1897 ,1 ,0.42 ,6.49   ,2.13  ,P3RHS0_1247 ,P3RHS0_1247 -> P3RDT1052 ,16.23  ,5.34   ,44673.01   ,1  ,
P3RLV1898 ,1 ,0.42 ,4.24   ,0.86  ,P3RHS0_1247 ,P3RHS0_1247 -> P3RDT1052 ,10.59  ,2.15   ,20270.31   ,2  ,
P3RLV1899 ,1 ,0.42 ,3.62   ,0.74  ,P3RHS0_1247 ,P3RHS0_1247 -> P3RDT1052 ,9.06   ,1.84   ,17326.49   ,1  ,
P3RLV1900 ,1 ,0.42 ,1.87   ,0.62  ,P3RHS0_1247 ,P3RHS0_1247 -> P3RDT1052 ,4.68   ,1.54   ,12876.56   ,1  ,
P3RLV1901 ,1 ,0.42 ,1.65   ,0.54  ,P3RHS0_1247 ,P3RHS0_1247 -> P3RDT999  ,4.13   ,1.36   ,11377.99   ,1  ,
P3RLV1902 ,1 ,0.42 ,3.54   ,1.16  ,P3RHS0_1247 ,P3RHS0_1247 -> P3RDT999  ,8.85   ,2.91   ,24348.95   ,1  ,
P3RLV1903 ,1 ,0.42 ,3.63   ,0.74  ,P3RHS0_1247 ,P3RHS0_1247 -> P3RDT1052 ,9.08   ,1.84   ,17378.94   ,1  ,
P3RLV1904 ,1 ,0.42 ,2.72   ,0.55  ,P3RHS0_1247 ,P3RHS0_1247 -> P3RDT1052 ,6.80   ,1.38   ,13013.32   ,1  ,
P3RLV1905 ,1 ,0.42 ,3.06   ,0.62  ,P3RHS0_1247 ,P3RHS0_1247 -> P3RDT1052 ,7.64   ,1.55   ,14626.80   ,1  ,
P3RLV1906 ,1 ,0.42 ,8.42   ,2.77  ,P3RHS0_1247 ,P3RHS0_1247 -> P3RDT1052 ,21.04  ,6.92   ,57903.04   ,1  ,
P3RLV1907 ,1 ,0.42 ,1.78   ,0.58  ,P3RHS0_1247 ,P3RHS0_1247 -> P3RDT1052 ,4.45   ,1.46   ,12234.78   ,1  ,
P3RLV1908 ,1 ,0.42 ,7.04   ,1.43  ,P3RHS0_1247 ,P3RHS0_1247 -> P3RDT1052 ,17.61  ,3.58   ,33688.92   ,4  ,
P3RLV1909 ,1 ,0.42 ,1.29   ,0.26  ,P3RHS0_1247 ,P3RHS0_1247 -> P3RDT1052 ,3.22   ,0.65   ,7033.95    ,1  ,
P3RLV1910 ,1 ,0.42 ,4.50   ,1.48  ,P3RHS0_1247 ,P3RHS0_1247 -> P3RDT1052 ,11.25  ,3.70   ,30956.60   ,1  ,
P3RLV1911 ,1 ,0.42 ,3.50   ,1.15  ,P3RHS0_1247 ,P3RHS0_1247 -> P3RDT1052 ,8.76   ,2.88   ,24101.59   ,1  ,
P3RLV1912 ,1 ,0.42 ,8.45   ,2.78  ,P3RHS0_1247 ,P3RHS0_1247 -> P3RDT1052 ,21.12  ,6.94   ,58112.93   ,1  ,
P3RLV1913 ,1 ,0.42 ,3.69   ,0.75  ,P3RHS0_1247 ,P3RHS0_1247 -> P3RDT1052 ,9.23   ,1.87   ,17664.25   ,1  ,
P3RLV1909 ,1 ,0.42 ,3.66   ,0.74  ,P3RHS0_1247 ,P3RHS0_1247 -> P3RDT1052 ,9.14   ,1.86   ,17489.25   ,1  ,
P3RLV1915 ,1 ,0.42 ,7.70   ,1.56  ,P3RHS0_1247 ,P3RHS0_1247 -> P3RDT1052 ,19.26  ,3.91   ,36846.16   ,4  ,
P3RLV1916 ,1 ,0.42 ,1.42   ,0.47  ,P3RHS0_1247 ,P3RHS0_1247 -> P3RDT1052 ,3.56   ,1.17   ,9790.71    ,1  ,
P3RLV1917 ,1 ,0.42 ,4.94   ,1.00  ,P3RHS0_1247 ,P3RHS0_1247 -> P3RDT1052 ,12.34  ,2.51   ,23606.38   ,2  ,
P3RLV1918 ,1 ,0.42 ,3.94   ,0.80  ,P3RHS0_1247 ,P3RHS0_1247 -> P3RDT1052 ,9.85   ,2.00   ,18846.47   ,2  ,
P3RLV1919 ,1 ,0.42 ,6.52   ,1.32  ,P3RHS0_1247 ,P3RHS0_1247 -> P3RDT1052 ,16.30  ,3.31   ,31191.13   ,4  ,
P3RLV1920 ,1 ,0.42 ,2.09   ,0.43  ,P3RHS0_1247 ,P3RHS0_1247 -> P3RDT1052 ,5.23   ,1.06   ,10418.32   ,1  ,
P3RLV1921 ,1 ,0.42 ,4.42   ,1.45  ,P3RHS0_1247 ,P3RHS0_1247 -> P3RDT1052 ,11.06  ,3.63   ,30427.17   ,1  ,
P3RLV1922 ,1 ,0.42 ,2.97   ,0.60  ,P3RHS0_1247 ,P3RHS0_1247 -> P3RDT1052 ,7.43   ,1.51   ,14214.83   ,1  ,
P3RLV1923 ,1 ,0.42 ,1.06   ,0.35  ,P3RHS0_1247 ,P3RHS0_1247 -> P3RDT656  ,2.66   ,0.87   ,7323.19    ,1  ,
P3RLV1924 ,1 ,0.42 ,2.84   ,0.58  ,P3RHS0_1247 ,P3RHS0_1247 -> P3RDT836  ,7.09   ,1.44   ,13565.59   ,1  ,
P3RLV1925 ,1 ,0.42 ,1.77   ,0.36  ,P3RHS0_1247 ,P3RHS0_1247 -> P3RDT836  ,4.42   ,0.90   ,9122.18    ,1  ,
P3RLV1926 ,1 ,0.42 ,2.73   ,0.55  ,P3RHS0_1247 ,P3RHS0_1247 -> P3RDT831  ,6.82   ,1.38   ,13044.86   ,1  ,
P3RLV1927 ,1 ,0.42 ,2.30   ,0.76  ,P3RHS0_1247 ,P3RHS0_1247 -> P3RDT831  ,5.76   ,1.89   ,15842.44   ,1  ,
P3RLV1928 ,1 ,0.42 ,4.24   ,0.86  ,P3RHS0_1247 ,P3RHS0_1247 -> P3RDT836  ,10.60  ,2.15   ,20282.95   ,2  ,
P3RLV1929 ,1 ,0.42 ,3.13   ,0.64  ,P3RHS0_1247 ,P3RHS0_1247 -> P3RDT831  ,7.82   ,1.59   ,14958.78   ,1  ,
P3RLV1930 ,1 ,0.42 ,2.88   ,0.58  ,P3RHS0_1247 ,P3RHS0_1247 -> P3RDT831  ,7.20   ,1.46   ,13775.03   ,1  ,
P3RLV1931 ,1 ,0.42 ,2.84   ,0.58  ,P3RHS0_1247 ,P3RHS0_1247 -> P3RDT831  ,7.10   ,1.44   ,13580.98   ,1  ,
P3RLV1932 ,1 ,0.42 ,2.81   ,0.57  ,P3RHS0_1247 ,P3RHS0_1247 -> P3RDT831  ,7.03   ,1.43   ,13456.93   ,1  ,
P3RLV1933 ,1 ,0.42 ,0.30   ,0.10  ,P3RHS1_1247 ,P3RHS1_1247 -> P3RDT1584 ,0.76   ,0.25   ,2527.47    ,1  ,
P3RLV1934 ,1 ,0.42 ,2.97   ,0.98  ,P3RHS1_1247 ,P3RHS1_1247 -> P3RDT1584 ,7.42   ,2.44   ,24745.32   ,1  ,
P3RLV1935 ,1 ,0.42 ,2.80   ,0.92  ,P3RHS1_1247 ,P3RHS1_1247 -> P3RDT1584 ,7.00   ,2.30   ,23366.90   ,1  ,
P3RLV1936 ,1 ,0.42 ,0.83   ,0.17  ,P3RHS1_1247 ,P3RHS1_1247 -> P3RDT1584 ,2.07   ,0.42   ,7958.60    ,1  ,
P3RLV1937 ,1 ,0.42 ,1.73   ,0.57  ,P3RHS1_1247 ,P3RHS1_1247 -> P3RDT1584 ,4.33   ,1.42   ,14427.16   ,1  ,
P3RLV1938 ,1 ,0.42 ,1.82   ,0.60  ,P3RHS1_1247 ,P3RHS1_1247 -> P3RDT1584 ,4.56   ,1.50   ,15212.74   ,1  ,
P3RLV1939 ,1 ,0.42 ,2.80   ,0.92  ,P3RHS1_1247 ,P3RHS1_1247 -> P3RDT1584 ,7.00   ,2.30   ,23360.54   ,1  ,
P3RLV1940 ,1 ,0.42 ,1.71   ,0.56  ,P3RHS1_1247 ,P3RHS1_1247 -> P3RDT1584 ,4.28   ,1.41   ,14265.85   ,1  ,
P3RLV1941 ,1 ,0.42 ,1.63   ,0.54  ,P3RHS1_1247 ,P3RHS1_1247 -> P3RDT1584 ,4.07   ,1.34   ,13577.28   ,1  ,
P3RLV1942 ,1 ,0.42 ,1.92   ,0.63  ,P3RHS1_1247 ,P3RHS1_1247 -> P3RDT1584 ,4.79   ,1.57   ,15981.16   ,1  ,
P3RLV1943 ,1 ,0.42 ,1.58   ,0.52  ,P3RHS1_1247 ,P3RHS1_1247 -> P3RDT1584 ,3.96   ,1.30   ,13205.11   ,1  ,
P3RLV1944 ,1 ,0.42 ,1.03   ,0.34  ,P3RHS1_1247 ,P3RHS1_1247 -> P3RDT1584 ,2.58   ,0.85   ,8601.22    ,1  ,
P3RLV1945 ,1 ,0.42 ,1.63   ,0.54  ,P3RHS1_1247 ,P3RHS1_1247 -> P3RDT1584 ,4.08   ,1.34   ,13595.81   ,1  ,
P3RLV1946 ,1 ,0.42 ,1.46   ,0.48  ,P3RHS1_1247 ,P3RHS1_1247 -> P3RDT1584 ,3.66   ,1.20   ,12197.93   ,1  ,
P3RLV1947 ,1 ,0.42 ,2.99   ,0.98  ,P3RHS1_1247 ,P3RHS1_1247 -> P3RDT1272 ,7.48   ,2.46   ,24951.38   ,1  ,
P3RLV1948 ,1 ,0.42 ,4.15   ,0.84  ,P3RHS1_1247 ,P3RHS1_1247 -> P3RDT1272 ,10.38  ,2.11   ,41940.33   ,1  ,
P3RLV1949 ,1 ,0.42 ,2.80   ,0.92  ,P3RHS1_1247 ,P3RHS1_1247 -> P3RDT1272 ,7.01   ,2.30   ,23388.55   ,1  ,
P3RLV1950 ,1 ,0.42 ,5.61   ,1.84  ,P3RHS1_1247 ,P3RHS1_1247 -> P3RDT1272 ,14.02  ,4.61   ,46766.97   ,1  ,
P3RLV1951 ,1 ,0.42 ,1.26   ,0.26  ,P3RHS1_1247 ,P3RHS1_1247 -> P3RDT1272 ,3.14   ,0.64   ,11773.17   ,1  ,
P3RLV1952 ,1 ,0.42 ,0.58   ,0.19  ,P3RHS1_1247 ,P3RHS1_1247 -> P3RDT1584 ,1.44   ,0.47   ,4820.02    ,1  ,
P3RLV1953 ,1 ,0.42 ,15.21  ,3.09  ,P3RHS1_1247 ,P3RHS1_1247 -> P3RDT1205 ,38.03  ,7.72   ,143291.20  ,1  ,
P3RLV1954 ,1 ,0.42 ,0.60   ,0.12  ,P3RHS1_1247 ,P3RHS1_1247 -> P3RDT1272 ,1.50   ,0.30   ,5901.59    ,1  ,
P3RLV1955 ,1 ,0.42 ,0.75   ,0.15  ,P3RHS1_1247 ,P3RHS1_1247 -> P3RDT1584 ,1.88   ,0.38   ,7280.55    ,1  ,
P3RLV1956 ,1 ,0.42 ,2.78   ,0.56  ,P3RHS1_1247 ,P3RHS1_1247 -> P3RDT1194 ,6.94   ,1.41   ,28044.57   ,1  ,
P3RLV1957 ,1 ,0.42 ,1.34   ,0.44  ,P3RHS1_1247 ,P3RHS1_1247 -> P3RDT1584 ,3.34   ,1.10   ,11157.58   ,1  ,
P3RLV1958 ,1 ,0.42 ,19.01  ,3.86  ,P3RHS1_1247 ,P3RHS1_1247 -> P3RDT1194 ,47.52  ,9.65   ,177263.10  ,1  ,
P3RLV1959 ,1 ,0.42 ,8.03   ,2.64  ,P3RHS1_1247 ,P3RHS1_1247 -> P3RDT1584 ,20.08  ,6.60   ,66998.33   ,1  ,
P3RLV1960 ,1 ,0.42 ,2.23   ,0.73  ,P3RHS1_1247 ,P3RHS1_1247 -> P3RDT1584 ,5.56   ,1.83   ,18560.07   ,1  ,
P3RLV1961 ,3 ,0.42 ,20.89  ,4.24  ,P3RHS1_1247 ,P3RHS1_1247 -> P3RDT1194 ,52.22  ,10.60  ,194052.00  ,1  ,
P3RLV1962 ,1 ,0.42 ,0.90   ,0.30  ,P3RHS1_1247 ,P3RHS1_1247 -> P3RDT1584 ,2.25   ,0.74   ,7510.36    ,1  ,
P3RLV1963 ,1 ,0.42 ,0.93   ,0.30  ,P3RHS1_1247 ,P3RHS1_1247 -> P3RDT1584 ,2.32   ,0.76   ,7737.91    ,1  ,
P3RLV1964 ,3 ,0.42 ,31.28  ,6.35  ,P3RHS1_1247 ,P3RHS1_1247 -> P3RDT1194 ,78.20  ,15.88  ,287026.60  ,1  ,
P3RLV1965 ,1 ,0.42 ,2.46   ,0.81  ,P3RHS1_1247 ,P3RHS1_1247 -> P3RDT1428 ,6.16   ,2.02   ,20544.43   ,1  ,
P3RLV1966 ,3 ,0.42 ,26.55  ,5.39  ,P3RHS1_1247 ,P3RHS1_1247 -> P3RDT1322 ,66.37  ,13.48  ,244685.70  ,1  ,
P3RLV1967 ,1 ,0.42 ,3.96   ,0.80  ,P3RHS1_1247 ,P3RHS1_1247 -> P3RDT1322 ,9.91   ,2.01   ,40039.17   ,1  ,
P3RLV1968 ,1 ,0.42 ,18.69  ,3.80  ,P3RHS1_1247 ,P3RHS1_1247 -> P3RDT1322 ,46.72  ,9.49   ,174402.70  ,1  ,
P3RLV1969 ,1 ,0.42 ,10.32  ,2.10  ,P3RHS1_1247 ,P3RHS1_1247 -> P3RDT1322 ,25.81  ,5.24   ,99571.35   ,1  ,
P3RLV1970 ,1 ,0.42 ,12.79  ,2.60  ,P3RHS1_1247 ,P3RHS1_1247 -> P3RDT1322 ,31.97  ,6.49   ,121622.50  ,1  ,
P3RLV1971 ,1 ,0.42 ,6.21   ,1.26  ,P3RHS1_1247 ,P3RHS1_1247 -> P3RDT1322 ,15.54  ,3.15   ,62800.95   ,1  ,
P3RLV1972 ,1 ,0.42 ,6.10   ,1.24  ,P3RHS1_1247 ,P3RHS1_1247 -> P3RDT1322 ,15.25  ,3.10   ,61663.12   ,1  ,
P3RLV1973 ,1 ,0.42 ,12.24  ,2.49  ,P3RHS1_1247 ,P3RHS1_1247 -> P3RDT1322 ,30.61  ,6.21   ,116738.40  ,1  ,
P3RLV1974 ,1 ,0.42 ,4.56   ,1.50  ,P3RHS1_1247 ,P3RHS1_1247 -> P3RDT1205 ,11.40  ,3.75   ,38025.09   ,1  ,
P3RLV1975 ,1 ,0.42 ,9.68   ,1.96  ,P3RHS1_1247 ,P3RHS1_1247 -> P3RDT1322 ,24.19  ,4.91   ,93779.58   ,1  ,
P3RLV1976 ,3 ,0.42 ,24.50  ,4.98  ,P3RHS1_1247 ,P3RHS1_1247 -> P3RDT1322 ,61.26  ,12.44  ,226396.60  ,1  ,
P3RLV1977 ,1 ,0.42 ,1.43   ,0.29  ,P3RHS1_1247 ,P3RHS1_1247 -> P3RDT1322 ,3.58   ,0.73   ,14480.31   ,1  ,
P3RLV1978 ,1 ,0.42 ,4.89   ,0.99  ,P3RHS1_1247 ,P3RHS1_1247 -> P3RDT1322 ,12.23  ,2.48   ,49446.99   ,1  ,
P3RLV1979 ,1 ,0.42 ,11.89  ,2.41  ,P3RHS1_1247 ,P3RHS1_1247 -> P3RDT1322 ,29.73  ,6.04   ,113609.60  ,1  ,
P3RLV1980 ,1 ,0.42 ,8.11   ,1.65  ,P3RHS1_1247 ,P3RHS1_1247 -> P3RDT1322 ,20.28  ,4.12   ,79808.63   ,1  ,
P3RLV1981 ,1 ,0.42 ,0.78   ,0.26  ,P3RHS1_1247 ,P3RHS1_1247 -> P3RDT1428 ,1.95   ,0.64   ,6502.69    ,1  ,
P3RLV1982 ,1 ,0.42 ,9.05   ,1.84  ,P3RHS1_1247 ,P3RHS1_1247 -> P3RDT1322 ,22.62  ,4.59   ,88161.95   ,1  ,
P3RLV1983 ,1 ,0.42 ,10.13  ,2.06  ,P3RHS1_1247 ,P3RHS1_1247 -> P3RDT1322 ,25.33  ,5.14   ,97857.80   ,1  ,
P3RLV1984 ,1 ,0.42 ,4.77   ,0.97  ,P3RHS1_1247 ,P3RHS1_1247 -> P3RDT1322 ,11.92  ,2.42   ,48178.77   ,1  ,
P3RLV1985 ,1 ,0.42 ,2.22   ,0.73  ,P3RHS1_1247 ,P3RHS1_1247 -> P3RDT1205 ,5.56   ,1.83   ,18547.44   ,1  ,
P3RLV1986 ,1 ,0.42 ,13.86  ,2.81  ,P3RHS1_1247 ,P3RHS1_1247 -> P3RDT1322 ,34.65  ,7.04   ,131201.70  ,1  ,
P3RLV1987 ,1 ,0.42 ,4.76   ,0.97  ,P3RHS1_1247 ,P3RHS1_1247 -> P3RDT1322 ,11.90  ,2.42   ,48117.84   ,1  ,
P3RLV1988 ,1 ,0.42 ,5.55   ,1.13  ,P3RHS1_1247 ,P3RHS1_1247 -> P3RDT1322 ,13.87  ,2.82   ,56056.13   ,1  ,
P3RLV1989 ,1 ,0.42 ,11.12  ,2.26  ,P3RHS1_1247 ,P3RHS1_1247 -> P3RDT1322 ,27.79  ,5.64   ,106679.00  ,1  ,
P3RLV1990 ,1 ,0.42 ,6.15   ,1.25  ,P3RHS1_1247 ,P3RHS1_1247 -> P3RDT1322 ,15.37  ,3.12   ,62147.25   ,1  ,
P3RLV1991 ,3 ,0.42 ,78.93  ,16.03 ,P3RHS1_1247 ,P3RHS1_1247 -> P3RDT1322 ,197.32 ,40.07  ,730026.60  ,1  ,
P3RLV1992 ,1 ,0.42 ,1.75   ,0.36  ,P3RHS1_1247 ,P3RHS1_1247 -> P3RDT1322 ,4.38   ,0.89   ,17713.41   ,1  ,
P3RLV1993 ,1 ,0.42 ,17.65  ,3.58  ,P3RHS1_1247 ,P3RHS1_1247 -> P3RDT1194 ,44.13  ,8.96   ,165130.00  ,1  ,
P3RLV1994 ,1 ,0.42 ,5.32   ,1.08  ,P3RHS1_1247 ,P3RHS1_1247 -> P3RDT1322 ,13.31  ,2.70   ,53806.97   ,1  ,
P3RLV1995 ,1 ,0.42 ,6.95   ,1.41  ,P3RHS1_1247 ,P3RHS1_1247 -> P3RDT1322 ,17.38  ,3.53   ,69420.41   ,1  ,
P3RLV1996 ,1 ,0.42 ,0.59   ,0.12  ,P3RHS1_1247 ,P3RHS1_1247 -> P3RDT1322 ,1.47   ,0.30   ,5953.01    ,1  ,
P3RLV1997 ,1 ,0.42 ,15.87  ,3.22  ,P3RHS1_1247 ,P3RHS1_1247 -> P3RDT1322 ,39.68  ,8.06   ,149187.80  ,1  ,
P3RLV1998 ,1 ,0.42 ,2.09   ,0.43  ,P3RHS1_1247 ,P3RHS1_1247 -> P3RDT1322 ,5.24   ,1.06   ,21170.65   ,1  ,
P3RLV1999 ,1 ,0.42 ,17.09  ,3.47  ,P3RHS1_1247 ,P3RHS1_1247 -> P3RDT1194 ,42.74  ,8.68   ,160140.50  ,1  ,
P3RLV2000 ,1 ,0.42 ,2.33   ,0.47  ,P3RHS1_1247 ,P3RHS1_1247 -> P3RDT1194 ,5.82   ,1.18   ,21838.05   ,2  ,
P3RLV2001 ,1 ,0.42 ,1.22   ,0.25  ,P3RHS1_1247 ,P3RHS1_1247 -> P3RDT1194 ,3.04   ,0.62   ,12281.86   ,1  ,
P3RLV2002 ,1 ,0.42 ,4.98   ,1.64  ,P3RHS1_1247 ,P3RHS1_1247 -> P3RDT1194 ,12.45  ,4.09   ,81816.93   ,1  ,
P3RLV2003 ,1 ,0.42 ,3.09   ,0.63  ,P3RHS1_1247 ,P3RHS1_1247 -> P3RDT1194 ,7.74   ,1.57   ,29005.07   ,2  ,
P3RLV2004 ,1 ,0.42 ,0.65   ,0.13  ,P3RHS1_1247 ,P3RHS1_1247 -> P3RDT1194 ,1.61   ,0.33   ,6318.25    ,1  ,
P3RLV2005 ,1 ,0.42 ,3.12   ,0.63  ,P3RHS1_1247 ,P3RHS1_1247 -> P3RDT1194 ,7.81   ,1.59   ,29267.15   ,2  ,
P3RLV2006 ,1 ,0.42 ,6.83   ,1.39  ,P3RHS1_1247 ,P3RHS1_1247 -> P3RDT1194 ,17.08  ,3.47   ,68365.30   ,1  ,
P3RLV2007 ,1 ,0.42 ,1.29   ,0.26  ,P3RHS1_1247 ,P3RHS1_1247 -> P3RDT1194 ,3.22   ,0.65   ,12064.32   ,1  ,
P3RLV2008 ,1 ,0.42 ,2.81   ,0.57  ,P3RHS1_1247 ,P3RHS1_1247 -> P3RDT1194 ,7.01   ,1.42   ,28352.17   ,1  ,
P3RLV2009 ,1 ,0.42 ,2.64   ,0.54  ,P3RHS1_1247 ,P3RHS1_1247 -> P3RDT1194 ,6.59   ,1.34   ,26631.50   ,1  ,
P3RLV2010 ,1 ,0.42 ,0.84   ,0.17  ,P3RHS1_1247 ,P3RHS1_1247 -> P3RDT1194 ,2.09   ,0.42   ,8013.70    ,1  ,
P3RLV2011 ,1 ,0.42 ,5.10   ,1.04  ,P3RHS1_1247 ,P3RHS1_1247 -> P3RDT1194 ,12.75  ,2.59   ,56669.73   ,3  ,
P3RLV2012 ,1 ,0.42 ,4.37   ,0.89  ,P3RHS1_1247 ,P3RHS1_1247 -> P3RDT1194 ,10.93  ,2.22   ,44178.41   ,1  ,
P3RLV2013 ,1 ,0.42 ,6.62   ,1.34  ,P3RHS1_1247 ,P3RHS1_1247 -> P3RDT1194 ,16.56  ,3.36   ,66476.30   ,1  ,
P3RLV2014 ,1 ,0.42 ,1.70   ,0.34  ,P3RHS1_1247 ,P3RHS1_1247 -> P3RDT1194 ,4.25   ,0.86   ,15915.03   ,1  ,
P3RLV2015 ,1 ,0.42 ,1.16   ,0.24  ,P3RHS1_1247 ,P3RHS1_1247 -> P3RDT1194 ,2.90   ,0.59   ,10884.20   ,1  ,
P3RLV2016 ,1 ,0.42 ,1.75   ,0.36  ,P3RHS1_1247 ,P3RHS1_1247 -> P3RDT1194 ,4.39   ,0.89   ,16440.63   ,1  ,
P3RLV2017 ,1 ,0.42 ,0.94   ,0.19  ,P3RHS1_1247 ,P3RHS1_1247 -> P3RDT1194 ,2.36   ,0.48   ,8945.64    ,1  ,
P3RLV2018 ,1 ,0.42 ,15.37  ,3.12  ,P3RHS1_1247 ,P3RHS1_1247 -> P3RDT1194 ,38.42  ,7.80   ,144679.90  ,1  ,
P3RLV2019 ,1 ,0.42 ,3.09   ,0.63  ,P3RHS1_1247 ,P3RHS1_1247 -> P3RDT1194 ,7.73   ,1.57   ,28976.52   ,2  ,
P3RLV2020 ,1 ,0.42 ,5.08   ,1.03  ,P3RHS1_1247 ,P3RHS1_1247 -> P3RDT1194 ,12.70  ,2.58   ,51334.16   ,1  ,
P3RLV2021 ,1 ,0.42 ,1.76   ,0.36  ,P3RHS1_1247 ,P3RHS1_1247 -> P3RDT1194 ,4.39   ,0.89   ,16476.86   ,1  ,
P3RLV2022 ,1 ,0.42 ,14.90  ,3.03  ,P3RHS1_1247 ,P3RHS1_1247 -> P3RDT1194 ,37.26  ,7.57   ,140537.70  ,1  ,
P3RLV2023 ,1 ,0.42 ,3.70   ,0.75  ,P3RHS1_1247 ,P3RHS1_1247 -> P3RDT1194 ,9.24   ,1.88   ,34642.81   ,3  ,
P3RLV2024 ,1 ,0.42 ,1.01   ,0.21  ,P3RHS1_1247 ,P3RHS1_1247 -> P3RDT1194 ,2.54   ,0.52   ,9560.15    ,1  ,
P3RLV2025 ,1 ,0.42 ,2.60   ,0.53  ,P3RHS1_1247 ,P3RHS1_1247 -> P3RDT1194 ,6.49   ,1.32   ,24342.05   ,2  ,
P3RLV2026 ,1 ,0.42 ,1.64   ,0.33  ,P3RHS1_1247 ,P3RHS1_1247 -> P3RDT1194 ,4.10   ,0.83   ,18238.07   ,1  ,
P3RLV2027 ,1 ,0.42 ,1.87   ,0.38  ,P3RHS1_1247 ,P3RHS1_1247 -> P3RDT1194 ,4.68   ,0.95   ,18934.44   ,1  ,
P3RLV2028 ,1 ,0.42 ,0.83   ,0.17  ,P3RHS1_1247 ,P3RHS1_1247 -> P3RDT1194 ,2.07   ,0.42   ,7964.79    ,1  ,
P3RLV2029 ,1 ,0.42 ,1.09   ,0.22  ,P3RHS1_1247 ,P3RHS1_1247 -> P3RDT1194 ,2.72   ,0.55   ,10189.81   ,1  ,
P3RLV2030 ,1 ,0.42 ,11.83  ,3.89  ,P3RHS1_1247 ,P3RHS1_1247 -> P3RDT1194 ,29.57  ,9.72   ,194253.70  ,1  ,
P3RLV2031 ,1 ,0.42 ,1.96   ,0.40  ,P3RHS1_1247 ,P3RHS1_1247 -> P3RDT1194 ,4.89   ,0.99   ,18331.28   ,1  ,
P3RLV2032 ,1 ,0.42 ,1.81   ,0.37  ,P3RHS1_1247 ,P3RHS1_1247 -> P3RDT1194 ,4.53   ,0.92   ,16966.79   ,1  ,
P3RLV2033 ,1 ,0.42 ,1.09   ,0.22  ,P3RHS1_1247 ,P3RHS1_1247 -> P3RDT1194 ,2.72   ,0.55   ,10199.73   ,1  ,
P3RLV2034 ,1 ,0.42 ,1.24   ,0.25  ,P3RHS1_1247 ,P3RHS1_1247 -> P3RDT1194 ,3.11   ,0.63   ,11665.44   ,1  ,
P3RLV2035 ,3 ,0.42 ,66.40  ,13.48 ,P3RHS1_1247 ,P3RHS1_1247 -> P3RDT1194 ,166.01 ,33.71  ,601158.70  ,1  ,
P3RLV2036 ,1 ,0.42 ,1.66   ,0.34  ,P3RHS1_1247 ,P3RHS1_1247 -> P3RDT1194 ,4.14   ,0.84   ,15515.98   ,1  ,
P3RLV2037 ,1 ,0.42 ,0.66   ,0.13  ,P3RHS1_1247 ,P3RHS1_1247 -> P3RDT1194 ,1.65   ,0.34   ,6457.36    ,1  ,
P3RLV2038 ,1 ,0.42 ,2.09   ,0.42  ,P3RHS1_1247 ,P3RHS1_1247 -> P3RDT1194 ,5.23   ,1.06   ,23237.13   ,1  ,
P3RLV2039 ,1 ,0.42 ,1.17   ,0.24  ,P3RHS1_1247 ,P3RHS1_1247 -> P3RDT1194 ,2.92   ,0.59   ,10935.29   ,1  ,
P3RLV2040 ,1 ,0.42 ,2.37   ,0.48  ,P3RHS1_1247 ,P3RHS1_1247 -> P3RDT1194 ,5.93   ,1.20   ,22236.76   ,2  ,
P3RLV2041 ,1 ,0.42 ,1.10   ,0.22  ,P3RHS1_1247 ,P3RHS1_1247 -> P3RDT1194 ,2.75   ,0.56   ,10316.24   ,1  ,
P3RLV2042 ,1 ,0.42 ,1.17   ,0.24  ,P3RHS1_1247 ,P3RHS1_1247 -> P3RDT1194 ,2.93   ,0.60   ,11003.00   ,1  ,
P3RLV2043 ,1 ,0.42 ,3.29   ,0.67  ,P3RHS1_1247 ,P3RHS1_1247 -> P3RDT1194 ,8.23   ,1.67   ,31846.68   ,1  ,
P3RLV2044 ,1 ,0.42 ,1.04   ,0.34  ,P3RHS1_1247 ,P3RHS1_1247 -> P3RDT1584 ,2.59   ,0.85   ,8643.03    ,1  ,
P3RLV2045 ,3 ,0.42 ,32.24  ,6.55  ,P3RHS1_1247 ,P3RHS1_1247 -> P3RDT1194 ,80.60  ,16.37  ,295605.90  ,1  ,
P3RLV2046 ,3 ,0.42 ,20.81  ,4.23  ,P3RHS1_1247 ,P3RHS1_1247 -> P3RDT1194 ,52.03  ,10.57  ,193394.90  ,1  ,
P3RLV2047 ,1 ,0.42 ,1.03   ,0.21  ,P3RHS1_1247 ,P3RHS1_1247 -> P3RDT1194 ,2.58   ,0.52   ,9711.12    ,1  ,
P3RLV2048 ,1 ,0.42 ,1.78   ,0.36  ,P3RHS1_1247 ,P3RHS1_1247 -> P3RDT1194 ,4.45   ,0.90   ,16697.58   ,1  ,
P3RLV2049 ,1 ,0.42 ,11.49  ,2.33  ,P3RHS1_1247 ,P3RHS1_1247 -> P3RDT1194 ,28.71  ,5.83   ,109975.10  ,1  ,
P3RLV2050 ,1 ,0.42 ,0.53   ,0.11  ,P3RHS1_1247 ,P3RHS1_1247 -> P3RDT1194 ,1.32   ,0.27   ,5256.32    ,1  ,
P3RLV2051 ,1 ,0.42 ,1.39   ,0.28  ,P3RHS1_1247 ,P3RHS1_1247 -> P3RDT1194 ,3.47   ,0.70   ,13001.65   ,1  ,
P3RLV2052 ,1 ,0.42 ,14.03  ,2.85  ,P3RHS1_1247 ,P3RHS1_1247 -> P3RDT1194 ,35.07  ,7.12   ,132708.40  ,1  ,
P3RLV2053 ,1 ,0.42 ,1.58   ,0.32  ,P3RHS1_1247 ,P3RHS1_1247 -> P3RDT1194 ,3.95   ,0.80   ,14800.89   ,1  ,
P3RLV2054 ,1 ,0.42 ,4.86   ,0.99  ,P3RHS1_1247 ,P3RHS1_1247 -> P3RDT1194 ,12.16  ,2.47   ,45590.57   ,3  ,
P3RLV2055 ,1 ,0.42 ,2.69   ,0.55  ,P3RHS1_1247 ,P3RHS1_1247 -> P3RDT1194 ,6.73   ,1.37   ,29920.59   ,2  ,
P3RLV2056 ,1 ,0.42 ,0.64   ,0.13  ,P3RHS1_1247 ,P3RHS1_1247 -> P3RDT1194 ,1.61   ,0.33   ,6216.89    ,1  ,
P3RLV2057 ,1 ,0.42 ,1.75   ,0.36  ,P3RHS1_1247 ,P3RHS1_1247 -> P3RDT1194 ,4.37   ,0.89   ,16401.95   ,1  ,
P3RLV2058 ,3 ,0.42 ,22.05  ,4.48  ,P3RHS1_1247 ,P3RHS1_1247 -> P3RDT1194 ,55.13  ,11.19  ,204464.40  ,1  ,
P3RLV2059 ,1 ,0.42 ,1.70   ,0.35  ,P3RHS1_1247 ,P3RHS1_1247 -> P3RDT1194 ,4.25   ,0.86   ,15941.10   ,1  ,
P3RLV2060 ,1 ,0.42 ,6.19   ,1.26  ,P3RHS1_1247 ,P3RHS1_1247 -> P3RDT1194 ,15.47  ,3.14   ,62520.21   ,1  ,
P3RLV2061 ,1 ,0.42 ,2.70   ,0.55  ,P3RHS1_1247 ,P3RHS1_1247 -> P3RDT1194 ,6.75   ,1.37   ,30005.81   ,2  ,
P3RLV2062 ,1 ,0.42 ,1.69   ,0.34  ,P3RHS1_1247 ,P3RHS1_1247 -> P3RDT1194 ,4.22   ,0.86   ,15836.01   ,1  ,
P3RLV2063 ,1 ,0.42 ,1.83   ,0.37  ,P3RHS1_1247 ,P3RHS1_1247 -> P3RDT1194 ,4.57   ,0.93   ,17134.50   ,1  ,
P3RLV2064 ,1 ,0.42 ,2.37   ,0.48  ,P3RHS1_1247 ,P3RHS1_1247 -> P3RDT1194 ,5.91   ,1.20   ,22173.55   ,2  ,
P3RLV2065 ,1 ,0.42 ,1.18   ,0.24  ,P3RHS1_1247 ,P3RHS1_1247 -> P3RDT1194 ,2.95   ,0.60   ,11062.48   ,1  ,
P3RLV2066 ,1 ,0.42 ,1.59   ,0.32  ,P3RHS1_1247 ,P3RHS1_1247 -> P3RDT1194 ,3.98   ,0.81   ,14935.84   ,1  ,
P3RLV2067 ,1 ,0.42 ,1.82   ,0.37  ,P3RHS1_1247 ,P3RHS1_1247 -> P3RDT1194 ,4.55   ,0.92   ,17052.53   ,1  ,
P3RLV2068 ,3 ,0.42 ,33.56  ,6.81  ,P3RHS1_1247 ,P3RHS1_1247 -> P3RDT1194 ,83.90  ,17.04  ,307405.60  ,1  ,
P3RLV2069 ,1 ,0.42 ,1.64   ,0.33  ,P3RHS1_1247 ,P3RHS1_1247 -> P3RDT1194 ,4.09   ,0.83   ,15819.77   ,1  ,
P3RLV2070 ,1 ,0.42 ,2.63   ,0.53  ,P3RHS1_1247 ,P3RHS1_1247 -> P3RDT1194 ,6.58   ,1.34   ,24659.83   ,2  ,
P3RLV2071 ,1 ,0.42 ,0.96   ,0.20  ,P3RHS1_1247 ,P3RHS1_1247 -> P3RDT1194 ,2.41   ,0.49   ,9108.42    ,1  ,
P3RLV2072 ,1 ,0.42 ,2.64   ,0.54  ,P3RHS1_1247 ,P3RHS1_1247 -> P3RDT1194 ,6.59   ,1.34   ,29308.70   ,2  ,
P3RLV2073 ,1 ,0.42 ,1.50   ,0.31  ,P3RHS1_1247 ,P3RHS1_1247 -> P3RDT1194 ,3.76   ,0.76   ,14090.34   ,1  ,
P3RLV2074 ,1 ,0.42 ,0.52   ,0.11  ,P3RHS1_1247 ,P3RHS1_1247 -> P3RDT1194 ,1.29   ,0.26   ,5166.09    ,1  ,
P3RLV2075 ,1 ,0.42 ,1.51   ,0.31  ,P3RHS1_1247 ,P3RHS1_1247 -> P3RDT1194 ,3.77   ,0.77   ,14151.06   ,1  ,
P3RLV2076 ,1 ,0.42 ,1.53   ,0.31  ,P3RHS1_1247 ,P3RHS1_1247 -> P3RDT1194 ,3.82   ,0.78   ,14328.48   ,1  ,
P3RLV2077 ,1 ,0.42 ,1.76   ,0.36  ,P3RHS1_1247 ,P3RHS1_1247 -> P3RDT1194 ,4.39   ,0.89   ,16467.05   ,1  ,
P3RLV2078 ,1 ,0.42 ,0.92   ,0.19  ,P3RHS1_1247 ,P3RHS1_1247 -> P3RDT1194 ,2.31   ,0.47   ,8763.67    ,1  ,
P3RLV2079 ,1 ,0.42 ,0.88   ,0.18  ,P3RHS1_1247 ,P3RHS1_1247 -> P3RDT1194 ,2.21   ,0.45   ,8442.62    ,1  ,
P3RLV2080 ,1 ,0.42 ,3.99   ,0.81  ,P3RHS1_1247 ,P3RHS1_1247 -> P3RDT1194 ,9.97   ,2.02   ,38559.30   ,1  ,
P3RLV2081 ,1 ,0.42 ,2.07   ,0.42  ,P3RHS1_1247 ,P3RHS1_1247 -> P3RDT1194 ,5.17   ,1.05   ,22995.37   ,1  ,
P3RLV2082 ,1 ,0.42 ,0.72   ,0.15  ,P3RHS1_1247 ,P3RHS1_1247 -> P3RDT1194 ,1.81   ,0.37   ,6987.54    ,1  ,
P3RLV2083 ,1 ,0.42 ,1.33   ,0.27  ,P3RHS1_1247 ,P3RHS1_1247 -> P3RDT1194 ,3.33   ,0.68   ,12487.61   ,1  ,
P3RLV2084 ,1 ,0.42 ,6.02   ,1.22  ,P3RHS1_1247 ,P3RHS1_1247 -> P3RDT1194 ,15.05  ,3.06   ,58233.32   ,1  ,
P3RLV2085 ,1 ,0.42 ,1.35   ,0.27  ,P3RHS1_1247 ,P3RHS1_1247 -> P3RDT1194 ,3.38   ,0.69   ,12671.23   ,1  ,
P3RLV2086 ,3 ,0.42 ,91.71  ,18.62 ,P3RHS1_1247 ,P3RHS1_1247 -> P3RDT1194 ,229.28 ,46.56  ,869777.90  ,1  ,
P3RLV2087 ,1 ,0.42 ,1.60   ,0.32  ,P3RHS1_1247 ,P3RHS1_1247 -> P3RDT1194 ,3.99   ,0.81   ,16122.72   ,1  ,
P3RLV2088 ,1 ,0.42 ,2.91   ,0.59  ,P3RHS1_1247 ,P3RHS1_1247 -> P3RDT1194 ,7.27   ,1.48   ,27241.15   ,2  ,
P3RLV2089 ,1 ,0.42 ,2.13   ,0.43  ,P3RHS1_1247 ,P3RHS1_1247 -> P3RDT1194 ,5.33   ,1.08   ,19977.99   ,1  ,
P3RLV2090 ,1 ,0.42 ,1.94   ,0.39  ,P3RHS1_1247 ,P3RHS1_1247 -> P3RDT1194 ,4.85   ,0.98   ,18178.88   ,1  ,
P3RLV2091 ,1 ,0.42 ,1.42   ,0.29  ,P3RHS1_1247 ,P3RHS1_1247 -> P3RDT1194 ,3.55   ,0.72   ,13315.58   ,1  ,
P3RLV2092 ,1 ,0.42 ,6.22   ,1.26  ,P3RHS1_1247 ,P3RHS1_1247 -> P3RDT1194 ,15.55  ,3.16   ,62842.38   ,1  ,
P3RLV2093 ,1 ,0.42 ,8.57   ,1.74  ,P3RHS1_1247 ,P3RHS1_1247 -> P3RDT1194 ,21.43  ,4.35   ,83895.88   ,1  ,
P3RLV2094 ,1 ,0.42 ,4.18   ,0.85  ,P3RHS1_1247 ,P3RHS1_1247 -> P3RDT1194 ,10.45  ,2.12   ,46465.36   ,3  ,
P3RLV2095 ,1 ,0.42 ,3.34   ,1.10  ,P3RHS1_1247 ,P3RHS1_1247 -> P3RDT1194 ,8.36   ,2.75   ,54922.27   ,1  ,
P3RLV2096 ,1 ,0.42 ,1.05   ,0.21  ,P3RHS1_1247 ,P3RHS1_1247 -> P3RDT1194 ,2.62   ,0.53   ,9846.05    ,1  ,
P3RLV2097 ,3 ,0.42 ,130.01 ,26.40 ,P3RHS1_1247 ,P3RHS1_1247 -> P3RDT1194 ,325.02 ,66.00  ,1288447.00 ,1  ,
P3RLV2098 ,1 ,0.42 ,1.67   ,0.34  ,P3RHS1_1247 ,P3RHS1_1247 -> P3RDT1194 ,4.18   ,0.85   ,15689.68   ,1  ,
P3RLV2099 ,1 ,0.42 ,1.65   ,0.33  ,P3RHS1_1247 ,P3RHS1_1247 -> P3RDT1194 ,4.11   ,0.84   ,15426.79   ,1  ,
P3RLV2100 ,1 ,0.42 ,1.98   ,0.40  ,P3RHS1_1247 ,P3RHS1_1247 -> P3RDT1194 ,4.94   ,1.00   ,18533.62   ,1  ,
P3RLV2101 ,1 ,0.42 ,0.81   ,0.17  ,P3RHS1_1247 ,P3RHS1_1247 -> P3RDT1194 ,2.03   ,0.41   ,7826.63    ,1  ,
P3RLV2102 ,1 ,0.42 ,10.18  ,2.07  ,P3RHS1_1247 ,P3RHS1_1247 -> P3RDT1194 ,25.46  ,5.17   ,98317.78   ,1  ,
P3RLV2103 ,3 ,0.42 ,29.17  ,5.92  ,P3RHS1_1247 ,P3RHS1_1247 -> P3RDT1194 ,72.92  ,14.81  ,268107.50  ,1  ,
P3RLV2104 ,1 ,0.42 ,2.12   ,0.43  ,P3RHS1_1247 ,P3RHS1_1247 -> P3RDT1194 ,5.31   ,1.08   ,19916.58   ,1  ,
P3RLV2105 ,1 ,0.42 ,11.99  ,2.43  ,P3RHS1_1247 ,P3RHS1_1247 -> P3RDT1194 ,29.97  ,6.09   ,115939.80  ,1  ,
P3RLV2106 ,1 ,0.42 ,12.65  ,2.57  ,P3RHS1_1247 ,P3RHS1_1247 -> P3RDT1194 ,31.62  ,6.42   ,120382.50  ,1  ,
P3RLV2107 ,1 ,0.42 ,1.25   ,0.25  ,P3RHS1_1247 ,P3RHS1_1247 -> P3RDT1194 ,3.13   ,0.63   ,11719.17   ,1  ,
P3RLV2108 ,1 ,0.42 ,1.64   ,0.33  ,P3RHS1_1247 ,P3RHS1_1247 -> P3RDT1194 ,4.11   ,0.83   ,15397.77   ,1  ,
P3RLV2109 ,1 ,0.42 ,2.17   ,0.44  ,P3RHS1_1247 ,P3RHS1_1247 -> P3RDT1194 ,5.43   ,1.10   ,20999.77   ,1  ,
P3RLV2110 ,1 ,0.42 ,2.70   ,0.55  ,P3RHS1_1247 ,P3RHS1_1247 -> P3RDT1194 ,6.74   ,1.37   ,25277.47   ,2  ,
P3RLV2111 ,3 ,0.42 ,19.72  ,4.00  ,P3RHS1_1247 ,P3RHS1_1247 -> P3RDT1194 ,49.30  ,10.01  ,183632.20  ,1  ,
P3RLV2112 ,1 ,0.42 ,0.84   ,0.17  ,P3RHS1_1247 ,P3RHS1_1247 -> P3RDT1194 ,2.10   ,0.43   ,8055.73    ,1  ,
P3RLV2113 ,1 ,0.42 ,1.65   ,0.33  ,P3RHS1_1247 ,P3RHS1_1247 -> P3RDT1194 ,4.12   ,0.84   ,15447.38   ,1  ,
P3RLV2114 ,1 ,0.42 ,1.28   ,0.26  ,P3RHS1_1247 ,P3RHS1_1247 -> P3RDT1194 ,3.21   ,0.65   ,12025.69   ,1  ,
P3RLV2115 ,1 ,0.42 ,16.27  ,3.30  ,P3RHS1_1247 ,P3RHS1_1247 -> P3RDT1194 ,40.68  ,8.26   ,152796.00  ,1  ,
P3RLV2116 ,1 ,0.42 ,1.60   ,0.33  ,P3RHS1_1247 ,P3RHS1_1247 -> P3RDT1194 ,4.01   ,0.81   ,15015.33   ,1  ,
P3RLV2117 ,1 ,0.42 ,2.88   ,0.58  ,P3RHS1_1247 ,P3RHS1_1247 -> P3RDT1194 ,7.20   ,1.46   ,27000.33   ,2  ,
P3RLV2118 ,1 ,0.42 ,1.00   ,0.20  ,P3RHS1_1247 ,P3RHS1_1247 -> P3RDT1194 ,2.50   ,0.51   ,9433.10    ,1  ,
P3RLV2119 ,1 ,0.42 ,2.43   ,0.49  ,P3RHS1_1247 ,P3RHS1_1247 -> P3RDT1194 ,6.08   ,1.24   ,22802.81   ,2  ,
P3RLV2120 ,1 ,0.42 ,14.42  ,2.93  ,P3RHS1_1247 ,P3RHS1_1247 -> P3RDT1194 ,36.04  ,7.32   ,136196.00  ,1  ,
P3RLV2121 ,1 ,0.42 ,0.63   ,0.13  ,P3RHS1_1247 ,P3RHS1_1247 -> P3RDT1194 ,1.58   ,0.32   ,6205.65    ,1  ,
P3RLV2122 ,1 ,0.42 ,2.65   ,0.54  ,P3RHS1_1247 ,P3RHS1_1247 -> P3RDT1194 ,6.63   ,1.35   ,24861.86   ,2  ,
P3RLV2123 ,1 ,0.42 ,6.64   ,1.35  ,P3RHS1_1247 ,P3RHS1_1247 -> P3RDT1194 ,16.59  ,3.37   ,66597.02   ,1  ,
P3RLV2124 ,1 ,0.42 ,1.34   ,0.27  ,P3RHS1_1247 ,P3RHS1_1247 -> P3RDT1194 ,3.35   ,0.68   ,12577.32   ,1  ,
P3RLV2125 ,1 ,0.42 ,1.78   ,0.36  ,P3RHS1_1247 ,P3RHS1_1247 -> P3RDT1194 ,4.44   ,0.90   ,16655.72   ,1  ,
P3RLV2126 ,1 ,0.42 ,9.79   ,1.99  ,P3RHS1_1247 ,P3RHS1_1247 -> P3RDT1194 ,24.46  ,4.97   ,94762.26   ,1  ,
P3RLV2127 ,1 ,0.42 ,1.61   ,0.33  ,P3RHS1_1247 ,P3RHS1_1247 -> P3RDT1194 ,4.01   ,0.82   ,15047.68   ,1  ,
P3RLV2128 ,1 ,0.42 ,1.64   ,0.33  ,P3RHS1_1247 ,P3RHS1_1247 -> P3RDT1194 ,4.09   ,0.83   ,15331.20   ,1  ,
P3RLV2129 ,1 ,0.42 ,0.97   ,0.20  ,P3RHS1_1247 ,P3RHS1_1247 -> P3RDT1194 ,2.44   ,0.49   ,9215.15    ,1  ,
P3RLV2130 ,3 ,0.42 ,63.87  ,12.97 ,P3RHS1_1247 ,P3RHS1_1247 -> P3RDT1194 ,159.68 ,32.43  ,578520.80  ,1  ,
P3RLV2131 ,1 ,0.42 ,11.54  ,2.34  ,P3RHS1_1247 ,P3RHS1_1247 -> P3RDT1194 ,28.84  ,5.86   ,110420.40  ,1  ,
P3RLV2132 ,1 ,0.42 ,1.68   ,0.34  ,P3RHS1_1247 ,P3RHS1_1247 -> P3RDT1194 ,4.21   ,0.85   ,17006.34   ,1  ,
P3RLV2133 ,1 ,0.42 ,4.03   ,0.82  ,P3RHS1_1247 ,P3RHS1_1247 -> P3RDT1194 ,10.09  ,2.05   ,37811.15   ,3  ,
P3RLV2134 ,3 ,0.42 ,125.77 ,25.54 ,P3RHS1_1247 ,P3RHS1_1247 -> P3RDT1194 ,314.42 ,63.85  ,1242101.00 ,1  ,
P3RLV2135 ,1 ,0.42 ,1.35   ,0.27  ,P3RHS1_1247 ,P3RHS1_1247 -> P3RDT1194 ,3.38   ,0.69   ,12656.16   ,1  ,
P3RLV2136 ,1 ,0.42 ,1.69   ,0.34  ,P3RHS1_1247 ,P3RHS1_1247 -> P3RDT1194 ,4.23   ,0.86   ,15852.92   ,1  ,
P3RLV2137 ,1 ,0.42 ,0.60   ,0.12  ,P3RHS1_1247 ,P3RHS1_1247 -> P3RDT1194 ,1.50   ,0.31   ,5918.60    ,1  ,
P3RLV2138 ,1 ,0.42 ,2.96   ,0.60  ,P3RHS1_1247 ,P3RHS1_1247 -> P3RDT1194 ,7.39   ,1.50   ,32876.24   ,2  ,
P3RLV2139 ,1 ,0.42 ,11.64  ,2.36  ,P3RHS1_1247 ,P3RHS1_1247 -> P3RDT1194 ,29.10  ,5.91   ,111364.60  ,1  ,
P3RLV2140 ,1 ,0.42 ,1.64   ,0.33  ,P3RHS1_1247 ,P3RHS1_1247 -> P3RDT1194 ,4.10   ,0.83   ,15354.22   ,1  ,
P3RLV2141 ,1 ,0.42 ,3.83   ,0.78  ,P3RHS1_1247 ,P3RHS1_1247 -> P3RDT1194 ,9.58   ,1.95   ,35911.25   ,3  ,
P3RLV2142 ,1 ,0.42 ,1.33   ,0.27  ,P3RHS1_1247 ,P3RHS1_1247 -> P3RDT1194 ,3.34   ,0.68   ,12505.52   ,1  ,
P3RLV2143 ,1 ,0.42 ,1.52   ,0.31  ,P3RHS1_1247 ,P3RHS1_1247 -> P3RDT1194 ,3.79   ,0.77   ,14221.97   ,1  ,
P3RLV2144 ,1 ,0.42 ,2.22   ,0.45  ,P3RHS1_1247 ,P3RHS1_1247 -> P3RDT1194 ,5.54   ,1.13   ,20782.28   ,1  ,
P3RLV2145 ,1 ,0.42 ,3.88   ,0.79  ,P3RHS1_1247 ,P3RHS1_1247 -> P3RDT1194 ,9.70   ,1.97   ,39193.15   ,1  ,
P3RLV2146 ,1 ,0.42 ,7.36   ,1.49  ,P3RHS1_1247 ,P3RHS1_1247 -> P3RDT1194 ,18.40  ,3.74   ,71196.03   ,1  ,
P3RLV2147 ,1 ,0.42 ,1.24   ,0.25  ,P3RHS1_1247 ,P3RHS1_1247 -> P3RDT1428 ,3.11   ,0.63   ,11664.58   ,1  ,
P3RLV2148 ,1 ,0.42 ,5.06   ,1.03  ,P3RHS1_1247 ,P3RHS1_1247 -> P3RDT1194 ,12.65  ,2.57   ,51115.16   ,1  ,
P3RLV2149 ,1 ,0.42 ,1.27   ,0.42  ,P3RHS1_1247 ,P3RHS1_1247 -> P3RDT1428 ,3.17   ,1.04   ,10589.65   ,1  ,
P3RLV2150 ,1 ,0.42 ,5.51   ,1.12  ,P3RHS1_1247 ,P3RHS1_1247 -> P3RDT1194 ,13.78  ,2.80   ,55698.39   ,1  ,
P3RLV2151 ,1 ,0.42 ,1.22   ,0.25  ,P3RHS1_1247 ,P3RHS1_1247 -> P3RDT1428 ,3.05   ,0.62   ,11450.10   ,1  ,
P3RLV2152 ,1 ,0.42 ,1.05   ,0.21  ,P3RHS1_1247 ,P3RHS1_1247 -> P3RDT1428 ,2.63   ,0.53   ,9866.54    ,1  ,
P3RLV2153 ,1 ,0.42 ,8.97   ,1.82  ,P3RHS1_1247 ,P3RHS1_1247 -> P3RDT1194 ,22.42  ,4.55   ,87453.65   ,1  ,
P3RLV2154 ,1 ,0.42 ,1.91   ,0.63  ,P3RHS1_1247 ,P3RHS1_1247 -> P3RDT1428 ,4.78   ,1.57   ,15953.90   ,1  ,
P3RLV2155 ,1 ,0.42 ,4.65   ,0.95  ,P3RHS1_1247 ,P3RHS1_1247 -> P3RDT1194 ,11.64  ,2.36   ,47035.55   ,1  ,
P3RLV2156 ,1 ,0.42 ,3.11   ,1.02  ,P3RHS1_1247 ,P3RHS1_1247 -> P3RDT1194 ,7.77   ,2.55   ,25921.10   ,1  ,
P3RLV2157 ,1 ,0.42 ,5.10   ,1.68  ,P3RHS1_1247 ,P3RHS1_1247 -> P3RDT1194 ,12.74  ,4.19   ,42500.39   ,1  ,
P3RLV2158 ,1 ,0.42 ,1.89   ,0.62  ,P3RHS1_1247 ,P3RHS1_1247 -> P3RDT1194 ,4.71   ,1.55   ,15726.47   ,1  ,
P3RLV2159 ,1 ,0.42 ,1.20   ,0.40  ,P3RHS1_1247 ,P3RHS1_1247 -> P3RDT1194 ,3.01   ,0.99   ,10037.00   ,1  ,
P3RLV2160 ,1 ,0.42 ,2.49   ,0.82  ,P3RHS1_1247 ,P3RHS1_1247 -> P3RDT1194 ,6.21   ,2.04   ,20726.50   ,1  ,
P3RLV2161 ,1 ,0.42 ,0.52   ,0.17  ,P3RHS1_1247 ,P3RHS1_1247 -> P3RDT1194 ,1.31   ,0.43   ,4355.55    ,1  ,
P3RLV2162 ,1 ,0.42 ,4.14   ,1.36  ,P3RHS1_1247 ,P3RHS1_1247 -> P3RDT1194 ,10.35  ,3.40   ,34512.98   ,1  ,
P3RLV2163 ,1 ,0.42 ,4.26   ,1.40  ,P3RHS1_1247 ,P3RHS1_1247 -> P3RDT1194 ,10.66  ,3.50   ,35555.07   ,1  ,
P3RLV2164 ,1 ,0.42 ,1.05   ,0.34  ,P3RHS1_1247 ,P3RHS1_1247 -> P3RDT1194 ,2.62   ,0.86   ,8746.41    ,1  ,
P3RLV2165 ,1 ,0.42 ,1.93   ,0.63  ,P3RHS1_1247 ,P3RHS1_1247 -> P3RDT1194 ,4.82   ,1.59   ,16087.74   ,1  ,
P3RLV2166 ,1 ,0.42 ,3.11   ,1.02  ,P3RHS1_1247 ,P3RHS1_1247 -> P3RDT1194 ,7.77   ,2.56   ,25933.19   ,1  ,
P3RLV2167 ,1 ,0.42 ,3.10   ,0.63  ,P3RHS1_1247 ,P3RHS1_1247 -> P3RDT1205 ,7.76   ,1.58   ,29097.89   ,2  ,
P3RLV2168 ,1 ,0.42 ,2.84   ,0.93  ,P3RHS1_1247 ,P3RHS1_1247 -> P3RDT1194 ,7.11   ,2.34   ,23714.48   ,1  ,
P3RLV2169 ,1 ,0.42 ,0.81   ,0.27  ,P3RHS1_1247 ,P3RHS1_1247 -> P3RDT1194 ,2.03   ,0.67   ,6783.99    ,1  ,
P3RLV2170 ,1 ,0.42 ,5.21   ,1.71  ,P3RHS1_1247 ,P3RHS1_1247 -> P3RDT1194 ,13.02  ,4.28   ,43422.35   ,1  ,
P3RLV2171 ,1 ,0.42 ,3.26   ,1.07  ,P3RHS1_1247 ,P3RHS1_1247 -> P3RDT1194 ,8.14   ,2.68   ,27149.50   ,1  ,
P3RLV2172 ,1 ,0.42 ,1.05   ,0.35  ,P3RHS1_1247 ,P3RHS1_1247 -> P3RDT1194 ,2.64   ,0.87   ,8792.56    ,1  ,
P3RLV2173 ,1 ,0.42 ,1.11   ,0.36  ,P3RHS1_1247 ,P3RHS1_1247 -> P3RDT1194 ,2.77   ,0.91   ,9223.92    ,1  ,
P3RLV2174 ,1 ,0.42 ,7.01   ,2.30  ,P3RHS1_1247 ,P3RHS1_1247 -> P3RDT1194 ,17.52  ,5.76   ,58457.90   ,1  ,
P3RLV2175 ,1 ,0.42 ,6.47   ,2.13  ,P3RHS1_1247 ,P3RHS1_1247 -> P3RDT1272 ,16.17  ,5.32   ,53953.09   ,1  ,
P3RLV2176 ,1 ,0.42 ,1.10   ,0.22  ,P3RHS1_1247 ,P3RHS1_1247 -> P3RDT1428 ,2.76   ,0.56   ,10347.89   ,1  ,
P3RLV2177 ,1 ,0.42 ,1.53   ,0.31  ,P3RHS1_1247 ,P3RHS1_1247 -> P3RDT1428 ,3.82   ,0.78   ,14333.94   ,1  ,
P3RLV2178 ,1 ,0.42 ,2.17   ,0.71  ,P3RHS1_1247 ,P3RHS1_1247 -> P3RDT1322 ,5.42   ,1.78   ,18093.10   ,1  ,
P3RLV2179 ,1 ,0.42 ,0.39   ,0.13  ,P3RHS1_1247 ,P3RHS1_1247 -> P3RDT1272 ,0.97   ,0.32   ,3239.14    ,1  ,
P3RLV2180 ,1 ,0.42 ,5.92   ,1.95  ,P3RHS1_1247 ,P3RHS1_1247 -> P3RDT1272 ,14.81  ,4.87   ,49408.88   ,1  ,
P3RLV2181 ,1 ,0.42 ,3.28   ,1.08  ,P3RHS1_1247 ,P3RHS1_1247 -> P3RDT1272 ,8.19   ,2.69   ,27317.79   ,1  ,
P3RLV2182 ,1 ,0.42 ,1.61   ,0.53  ,P3RHS1_1247 ,P3RHS1_1247 -> P3RDT1428 ,4.01   ,1.32   ,13387.39   ,1  ,
P3RLV2183 ,1 ,0.42 ,2.68   ,0.54  ,P3RHS1_1247 ,P3RHS1_1247 -> P3RDT1272 ,6.70   ,1.36   ,25109.16   ,2  ,
P3RLV2184 ,1 ,0.42 ,2.19   ,0.45  ,P3RHS1_1247 ,P3RHS1_1247 -> P3RDT1428 ,5.48   ,1.11   ,20563.20   ,1  ,
P3RLV2185 ,1 ,0.42 ,1.08   ,0.36  ,P3RHS1_1247 ,P3RHS1_1247 -> P3RDT1272 ,2.71   ,0.89   ,9033.76    ,1  ,
P3RLV2186 ,1 ,0.42 ,3.63   ,0.74  ,P3RHS1_1247 ,P3RHS1_1247 -> P3RDT1272 ,9.08   ,1.84   ,34056.38   ,2  ,
P3RLV2187 ,1 ,0.42 ,0.74   ,0.24  ,P3RHS1_1247 ,P3RHS1_1247 -> P3RDT1428 ,1.85   ,0.61   ,6171.54    ,1  ,
P3RLV2188 ,1 ,0.42 ,3.39   ,0.69  ,P3RHS1_1247 ,P3RHS1_1247 -> P3RDT1272 ,8.47   ,1.72   ,31762.88   ,2  ,
P3RLV2189 ,1 ,0.42 ,2.93   ,0.60  ,P3RHS1_1247 ,P3RHS1_1247 -> P3RDT1272 ,7.33   ,1.49   ,27465.90   ,2  ,
P3RLV2190 ,1 ,0.42 ,2.06   ,0.42  ,P3RHS1_1247 ,P3RHS1_1247 -> P3RDT1272 ,5.14   ,1.04   ,19277.44   ,1  ,
P3RLV2191 ,1 ,0.42 ,1.79   ,0.59  ,P3RHS1_1247 ,P3RHS1_1247 -> P3RDT1428 ,4.49   ,1.47   ,14966.13   ,1  ,
P3RLV2192 ,1 ,0.42 ,4.39   ,0.89  ,P3RHS1_1247 ,P3RHS1_1247 -> P3RDT1272 ,10.97  ,2.23   ,41134.21   ,3  ,
P3RLV2193 ,1 ,0.42 ,0.40   ,0.13  ,P3RHS1_1247 ,P3RHS1_1247 -> P3RDT1428 ,1.00   ,0.33   ,3322.14    ,1  ,
P3RLV2194 ,1 ,0.42 ,2.17   ,0.44  ,P3RHS1_1247 ,P3RHS1_1247 -> P3RDT1272 ,5.42   ,1.10   ,20328.87   ,1  ,
P3RLV2195 ,1 ,0.42 ,0.86   ,0.17  ,P3RHS1_1247 ,P3RHS1_1247 -> P3RDT1428 ,2.15   ,0.44   ,8224.60    ,1  ,
P3RLV2196 ,1 ,0.42 ,1.64   ,0.33  ,P3RHS1_1247 ,P3RHS1_1247 -> P3RDT1322 ,4.10   ,0.83   ,15370.31   ,1  ,
P3RLV2197 ,1 ,0.42 ,1.43   ,0.29  ,P3RHS1_1247 ,P3RHS1_1247 -> P3RDT1322 ,3.57   ,0.72   ,13369.08   ,1  ,
P3RLV2198 ,1 ,0.42 ,1.48   ,0.30  ,P3RHS1_1247 ,P3RHS1_1247 -> P3RDT1322 ,3.71   ,0.75   ,13903.16   ,1  ,
P3RLV2199 ,1 ,0.42 ,2.51   ,0.82  ,P3RHS1_1247 ,P3RHS1_1247 -> P3RDT1428 ,6.26   ,2.06   ,20890.73   ,1  ,
P3RLV2200 ,1 ,0.42 ,1.65   ,0.34  ,P3RHS1_1247 ,P3RHS1_1247 -> P3RDT1322 ,4.13   ,0.84   ,15487.55   ,1  ,
P3RLV2201 ,1 ,0.42 ,1.42   ,0.29  ,P3RHS1_1247 ,P3RHS1_1247 -> P3RDT1194 ,3.54   ,0.72   ,13281.32   ,1  ,
P3RLV2202 ,1 ,0.42 ,3.42   ,1.12  ,P3RHS1_1247 ,P3RHS1_1247 -> P3RDT1194 ,8.55   ,2.81   ,28513.09   ,1  ,
P3RLV2203 ,1 ,0.42 ,4.73   ,0.96  ,P3RHS1_1247 ,P3RHS1_1247 -> P3RDT1194 ,11.84  ,2.40   ,45789.68   ,1  ,
P3RLV2204 ,1 ,0.42 ,1.56   ,0.32  ,P3RHS1_1247 ,P3RHS1_1247 -> P3RDT1194 ,3.89   ,0.79   ,14587.59   ,1  ,
P3RLV2205 ,1 ,0.42 ,1.02   ,0.21  ,P3RHS1_1247 ,P3RHS1_1247 -> P3RDT1194 ,2.54   ,0.52   ,9577.03    ,1  ,
P3RLV2206 ,1 ,0.42 ,1.19   ,0.39  ,P3RHS1_1247 ,P3RHS1_1247 -> P3RDT1194 ,2.96   ,0.97   ,9885.04    ,1  ,
P3RLV2207 ,1 ,0.42 ,0.58   ,0.12  ,P3RHS1_1247 ,P3RHS1_1247 -> P3RDT1194 ,1.45   ,0.30   ,5745.83    ,1  ,
P3RLV2208 ,1 ,0.42 ,1.51   ,0.31  ,P3RHS1_1247 ,P3RHS1_1247 -> P3RDT1194 ,3.78   ,0.77   ,14166.43   ,1  ,
P3RLV2209 ,1 ,0.42 ,3.71   ,0.75  ,P3RHS1_1247 ,P3RHS1_1247 -> P3RDT1194 ,9.27   ,1.88   ,35879.29   ,1  ,
P3RLV2210 ,1 ,0.42 ,1.99   ,0.40  ,P3RHS1_1247 ,P3RHS1_1247 -> P3RDT1194 ,4.97   ,1.01   ,18644.23   ,1  ,
P3RLV2211 ,1 ,0.42 ,3.06   ,0.62  ,P3RHS1_1247 ,P3RHS1_1247 -> P3RDT1194 ,7.66   ,1.56   ,29633.36   ,1  ,
P3RLV2212 ,1 ,0.42 ,1.73   ,0.57  ,P3RHS1_1247 ,P3RHS1_1247 -> P3RDT1194 ,4.33   ,1.42   ,14435.82   ,1  ,
P3RLV2213 ,1 ,0.42 ,1.94   ,0.39  ,P3RHS1_1247 ,P3RHS1_1247 -> P3RDT1194 ,4.84   ,0.98   ,18151.14   ,1  ,
P3RLV2214 ,1 ,0.42 ,0.68   ,0.14  ,P3RHS1_1247 ,P3RHS1_1247 -> P3RDT1194 ,1.70   ,0.35   ,6646.00    ,1  ,
P3RLV2215 ,1 ,0.42 ,2.79   ,0.92  ,P3RHS1_1247 ,P3RHS1_1247 -> P3RDT1194 ,6.98   ,2.30   ,23298.34   ,1  ,
P3RLV2216 ,1 ,0.42 ,2.82   ,0.57  ,P3RHS1_1247 ,P3RHS1_1247 -> P3RDT1194 ,7.04   ,1.43   ,26395.36   ,2  ,
P3RLV2217 ,1 ,0.42 ,2.37   ,0.48  ,P3RHS1_1247 ,P3RHS1_1247 -> P3RDT1194 ,5.91   ,1.20   ,22881.29   ,1  ,
P3RLV2218 ,1 ,0.42 ,1.37   ,0.45  ,P3RHS1_1247 ,P3RHS1_1247 -> P3RDT1194 ,3.44   ,1.13   ,11466.44   ,1  ,
P3RLV2219 ,1 ,0.42 ,14.67  ,4.82  ,P3RHS1_1247 ,P3RHS1_1247 -> P3RDT1194 ,36.67  ,12.05  ,122311.20  ,1  ,
P3RLV2220 ,1 ,0.42 ,4.56   ,0.93  ,P3RHS1_1247 ,P3RHS1_1247 -> P3RDT1194 ,11.40  ,2.31   ,42734.70   ,3  ,
P3RLV2221 ,1 ,0.42 ,5.09   ,1.03  ,P3RHS1_1247 ,P3RHS1_1247 -> P3RDT1194 ,12.72  ,2.58   ,49197.37   ,1  ,
P3RLV2222 ,1 ,0.42 ,4.36   ,0.89  ,P3RHS1_1247 ,P3RHS1_1247 -> P3RDT1194 ,10.90  ,2.21   ,42168.13   ,1  ,
P3RLV2223 ,1 ,0.42 ,3.82   ,0.78  ,P3RHS1_1247 ,P3RHS1_1247 -> P3RDT1194 ,9.56   ,1.94   ,38649.20   ,1  ,
P3RLV2224 ,1 ,0.42 ,1.83   ,0.37  ,P3RHS1_1247 ,P3RHS1_1247 -> P3RDT1194 ,4.58   ,0.93   ,17155.05   ,1  ,
P3RLV2225 ,3 ,0.42 ,30.09  ,6.11  ,P3RHS1_1247 ,P3RHS1_1247 -> P3RDT1194 ,75.22  ,15.27  ,290972.30  ,1  ,
P3RLV2226 ,1 ,0.42 ,11.21  ,3.68  ,P3RHS1_1247 ,P3RHS1_1247 -> P3RDT1194 ,28.01  ,9.21   ,93450.14   ,1  ,
P3RLV2227 ,1 ,0.42 ,1.38   ,0.28  ,P3RHS1_1247 ,P3RHS1_1247 -> P3RDT1194 ,3.46   ,0.70   ,13984.85   ,1  ,
P3RLV2228 ,1 ,0.42 ,0.92   ,0.19  ,P3RHS1_1247 ,P3RHS1_1247 -> P3RDT1194 ,2.30   ,0.47   ,8750.92    ,1  ,
P3RLV2229 ,1 ,0.42 ,1.20   ,0.24  ,P3RHS1_1247 ,P3RHS1_1247 -> P3RDT1194 ,3.00   ,0.61   ,11248.97   ,1  ,
P3RLV2230 ,1 ,0.42 ,1.53   ,0.50  ,P3RHS1_1247 ,P3RHS1_1247 -> P3RDT1194 ,3.83   ,1.26   ,12776.70   ,1  ,
P3RLV2231 ,1 ,0.42 ,1.75   ,0.36  ,P3RHS1_1247 ,P3RHS1_1247 -> P3RDT1194 ,4.38   ,0.89   ,16432.48   ,1  ,
P3RLV2232 ,1 ,0.42 ,2.17   ,0.44  ,P3RHS1_1247 ,P3RHS1_1247 -> P3RDT1194 ,5.41   ,1.10   ,20939.65   ,1  ,
P3RLV2233 ,1 ,0.42 ,1.00   ,0.20  ,P3RHS1_1247 ,P3RHS1_1247 -> P3RDT1194 ,2.49   ,0.51   ,9644.93    ,1  ,
P3RLV2234 ,1 ,0.42 ,4.45   ,0.90  ,P3RHS1_1247 ,P3RHS1_1247 -> P3RDT1194 ,11.12  ,2.26   ,43030.95   ,1  ,
P3RLV2235 ,3 ,0.42 ,20.76  ,4.21  ,P3RHS1_1247 ,P3RHS1_1247 -> P3RDT1194 ,51.89  ,10.54  ,192890.80  ,1  ,
P3RLV2236 ,1 ,0.42 ,7.28   ,1.48  ,P3RHS1_1247 ,P3RHS1_1247 -> P3RDT1194 ,18.19  ,3.69   ,68187.23   ,5  ,
P3RLV2237 ,1 ,0.42 ,1.41   ,0.29  ,P3RHS1_1247 ,P3RHS1_1247 -> P3RDT1194 ,3.53   ,0.72   ,13248.31   ,1  ,
P3RLV2238 ,1 ,0.42 ,0.47   ,0.09  ,P3RHS1_1247 ,P3RHS1_1247 -> P3RDT1194 ,1.17   ,0.24   ,4709.17    ,1  ,
P3RLV2239 ,1 ,0.42 ,5.30   ,1.08  ,P3RHS1_1247 ,P3RHS1_1247 -> P3RDT1194 ,13.26  ,2.69   ,49714.63   ,4  ,
P3RLV2240 ,1 ,0.42 ,1.96   ,0.64  ,P3RHS1_1247 ,P3RHS1_1247 -> P3RDT1194 ,4.89   ,1.61   ,16310.79   ,1  ,
P3RLV2241 ,1 ,0.42 ,1.06   ,0.21  ,P3RHS1_1247 ,P3RHS1_1247 -> P3RDT1194 ,2.64   ,0.54   ,9923.47    ,1  ,
P3RLV2242 ,1 ,0.42 ,5.40   ,1.10  ,P3RHS1_1247 ,P3RHS1_1247 -> P3RDT1194 ,13.50  ,2.74   ,52233.09   ,1  ,
P3RLV2243 ,1 ,0.42 ,13.11  ,2.66  ,P3RHS1_1247 ,P3RHS1_1247 -> P3RDT1194 ,32.78  ,6.66   ,124516.70  ,1  ,
P3RLV2244 ,1 ,0.42 ,2.07   ,0.68  ,P3RHS1_1247 ,P3RHS1_1247 -> P3RDT1194 ,5.18   ,1.70   ,17264.89   ,1  ,
P3RLV2245 ,1 ,0.42 ,2.60   ,0.53  ,P3RHS1_1247 ,P3RHS1_1247 -> P3RDT1194 ,6.50   ,1.32   ,25156.94   ,1  ,
P3RLV2246 ,1 ,0.42 ,5.07   ,1.67  ,P3RHS1_1247 ,P3RHS1_1247 -> P3RDT1194 ,12.67  ,4.16   ,42255.20   ,1  ,
P3RLV2247 ,1 ,0.42 ,1.93   ,0.39  ,P3RHS1_1247 ,P3RHS1_1247 -> P3RDT1194 ,4.83   ,0.98   ,18109.75   ,1  ,
P3RLV2248 ,1 ,0.42 ,2.38   ,0.48  ,P3RHS1_1247 ,P3RHS1_1247 -> P3RDT1194 ,5.96   ,1.21   ,22334.38   ,2  ,
P3RLV2249 ,1 ,0.42 ,3.27   ,0.66  ,P3RHS1_1247 ,P3RHS1_1247 -> P3RDT1194 ,8.17   ,1.66   ,30620.48   ,2  ,
P3RLV2250 ,1 ,0.42 ,2.25   ,0.46  ,P3RHS1_1247 ,P3RHS1_1247 -> P3RDT1194 ,5.62   ,1.14   ,21722.67   ,1  ,
P3RLV2251 ,1 ,0.42 ,8.48   ,2.79  ,P3RHS1_1247 ,P3RHS1_1247 -> P3RDT1322 ,21.21  ,6.97   ,139321.40  ,1  ,
P3RLV2252 ,1 ,0.42 ,15.90  ,5.23  ,P3RHS1_1247 ,P3RHS1_1247 -> P3RDT1322 ,39.76  ,13.07  ,261217.90  ,1  ,
P3RLV2253 ,1 ,0.42 ,1.68   ,0.34  ,P3RHS1_1247 ,P3RHS1_1247 -> P3RDT1194 ,4.20   ,0.85   ,15749.24   ,1  ,
P3RLV2254 ,1 ,0.42 ,0.44   ,0.14  ,P3RHS1_1247 ,P3RHS1_1247 -> P3RDT1194 ,1.09   ,0.36   ,3628.07    ,1  ,
P3RLV2255 ,1 ,0.42 ,1.91   ,0.63  ,P3RHS1_1247 ,P3RHS1_1247 -> P3RDT1194 ,4.78   ,1.57   ,15928.25   ,1  ,
P3RLV2256 ,1 ,0.42 ,0.73   ,0.24  ,P3RHS1_1247 ,P3RHS1_1247 -> P3RDT1194 ,1.83   ,0.60   ,6112.00    ,1  ,
P3RLV2257 ,1 ,0.42 ,0.38   ,0.13  ,P3RHS1_1247 ,P3RHS1_1247 -> P3RDT1194 ,0.96   ,0.31   ,3194.11    ,1  ,
P3RLV2258 ,1 ,0.42 ,2.49   ,0.82  ,P3RHS1_1247 ,P3RHS1_1247 -> P3RDT1194 ,6.24   ,2.05   ,20806.25   ,1  ,
P3RLV2259 ,1 ,0.42 ,2.34   ,0.77  ,P3RHS1_1247 ,P3RHS1_1247 -> P3RDT1194 ,5.84   ,1.92   ,19477.26   ,1  ,
P3RLV2260 ,1 ,0.42 ,1.38   ,0.45  ,P3RHS1_1247 ,P3RHS1_1247 -> P3RDT1194 ,3.46   ,1.14   ,11534.51   ,1  ,
P3RLV2261 ,1 ,0.42 ,1.08   ,0.22  ,P3RHS1_1247 ,P3RHS1_1247 -> P3RDT1194 ,2.70   ,0.55   ,10109.42   ,1  ,
P3RLV2262 ,1 ,0.42 ,2.08   ,0.68  ,P3RHS1_1247 ,P3RHS1_1247 -> P3RDT1194 ,5.20   ,1.71   ,17361.88   ,1  ,
P3RLV2263 ,1 ,0.42 ,0.68   ,0.22  ,P3RHS1_1247 ,P3RHS1_1247 -> P3RDT1194 ,1.70   ,0.56   ,5671.72    ,1  ,
P3RLV2264 ,1 ,0.42 ,0.96   ,0.31  ,P3RHS1_1247 ,P3RHS1_1247 -> P3RDT1194 ,2.39   ,0.79   ,7988.02    ,1  ,
P3RLV2265 ,1 ,0.42 ,1.02   ,0.33  ,P3RHS1_1247 ,P3RHS1_1247 -> P3RDT1194 ,2.54   ,0.84   ,8487.10    ,1  ,
P3RLV2266 ,3 ,0.42 ,20.65  ,6.79  ,P3RHS1_1247 ,P3RHS1_1247 -> P3RDT1194 ,51.62  ,16.97  ,172205.80  ,1  ,
P3RLV2267 ,1 ,0.42 ,1.35   ,0.44  ,P3RHS1_1247 ,P3RHS1_1247 -> P3RDT1194 ,3.38   ,1.11   ,11288.62   ,1  ,
P3RLV2268 ,1 ,0.42 ,0.43   ,0.14  ,P3RHS1_1247 ,P3RHS1_1247 -> P3RDT1194 ,1.07   ,0.35   ,3573.38    ,1  ,
P3RLV2269 ,1 ,0.42 ,1.36   ,0.45  ,P3RHS1_1247 ,P3RHS1_1247 -> P3RDT1194 ,3.39   ,1.12   ,11317.23   ,1  ,
P3RLV2270 ,1 ,0.42 ,1.28   ,0.26  ,P3RHS1_1247 ,P3RHS1_1247 -> P3RDT1194 ,3.21   ,0.65   ,12026.06   ,1  ,
P3RLV2271 ,1 ,0.42 ,1.37   ,0.28  ,P3RHS1_1247 ,P3RHS1_1247 -> P3RDT1194 ,3.42   ,0.70   ,12837.36   ,1  ,
P3RLV2272 ,1 ,0.42 ,1.05   ,0.34  ,P3RHS1_1247 ,P3RHS1_1247 -> P3RDT1194 ,2.62   ,0.86   ,8737.63    ,1  ,
P3RLV2273 ,1 ,0.42 ,0.34   ,0.11  ,P3RHS1_1247 ,P3RHS1_1247 -> P3RDT1194 ,0.84   ,0.28   ,2801.35    ,1  ,
P3RLV2274 ,1 ,0.42 ,0.35   ,0.11  ,P3RHS1_1247 ,P3RHS1_1247 -> P3RDT1194 ,0.87   ,0.29   ,2917.14    ,1  ,
P3RLV2275 ,1 ,0.42 ,0.39   ,0.13  ,P3RHS1_1247 ,P3RHS1_1247 -> P3RDT1194 ,0.99   ,0.32   ,3286.90    ,1  ,
P3RLV2276 ,1 ,0.42 ,1.13   ,0.37  ,P3RHS1_1247 ,P3RHS1_1247 -> P3RDT1194 ,2.83   ,0.93   ,9436.46    ,1  ,
P3RLV2277 ,1 ,0.42 ,3.61   ,0.73  ,P3RHS1_1247 ,P3RHS1_1247 -> P3RDT1194 ,9.04   ,1.83   ,33878.52   ,2  ,
P3RLV2278 ,1 ,0.42 ,4.32   ,0.88  ,P3RHS1_1247 ,P3RHS1_1247 -> P3RDT1194 ,10.80  ,2.19   ,40492.02   ,3  ,
P3RLV2279 ,1 ,0.42 ,0.72   ,0.15  ,P3RHS1_1247 ,P3RHS1_1247 -> P3RDT1194 ,1.80   ,0.37   ,7003.61    ,1  ,
P3RLV2280 ,1 ,0.42 ,0.79   ,0.26  ,P3RHS1_1247 ,P3RHS1_1247 -> P3RDT1194 ,1.98   ,0.65   ,6596.01    ,1  ,
P3RLV2281 ,1 ,0.42 ,0.66   ,0.22  ,P3RHS1_1247 ,P3RHS1_1247 -> P3RDT1194 ,1.64   ,0.54   ,5479.52    ,1  ,
P3RLV2282 ,1 ,0.42 ,2.77   ,0.91  ,P3RHS1_1247 ,P3RHS1_1247 -> P3RDT1194 ,6.93   ,2.28   ,23121.70   ,1  ,
P3RLV2283 ,1 ,0.42 ,1.81   ,0.60  ,P3RHS1_1247 ,P3RHS1_1247 -> P3RDT1194 ,4.53   ,1.49   ,15103.72   ,1  ,
P3RLV2284 ,1 ,0.42 ,7.90   ,2.60  ,P3RHS1_1247 ,P3RHS1_1247 -> P3RDT1194 ,19.75  ,6.49   ,65878.95   ,1  ,
P3RLV2285 ,1 ,0.42 ,1.05   ,0.34  ,P3RHS1_1247 ,P3RHS1_1247 -> P3RDT1194 ,2.61   ,0.86   ,8714.99    ,1  ,
P3RLV2286 ,1 ,0.42 ,0.84   ,0.28  ,P3RHS1_1247 ,P3RHS1_1247 -> P3RDT1194 ,2.09   ,0.69   ,6982.84    ,1  ,
P3RLV2287 ,1 ,0.42 ,1.33   ,0.44  ,P3RHS1_1247 ,P3RHS1_1247 -> P3RDT1194 ,3.33   ,1.10   ,11122.30   ,1  ,
P3RLV2288 ,1 ,0.42 ,0.39   ,0.13  ,P3RHS1_1247 ,P3RHS1_1247 -> P3RDT1194 ,0.99   ,0.32   ,3292.05    ,1  ,
P3RLV2289 ,1 ,0.42 ,1.69   ,0.34  ,P3RHS1_1247 ,P3RHS1_1247 -> P3RDT1322 ,4.22   ,0.86   ,17067.19   ,1  ,
P3RLV2290 ,1 ,0.42 ,3.91   ,0.79  ,P3RHS1_1247 ,P3RHS1_1247 -> P3RDT1322 ,9.78   ,1.99   ,39543.58   ,1  ,
P3RLV2291 ,1 ,0.42 ,2.09   ,0.42  ,P3RHS1_1247 ,P3RHS1_1247 -> P3RDT1322 ,5.22   ,1.06   ,19563.27   ,1  ,
P3RLV2292 ,1 ,0.42 ,8.04   ,2.64  ,P3RHS1_1247 ,P3RHS1_1247 -> P3RDT1322 ,20.10  ,6.61   ,132062.60  ,1  ,
P3RLV2293 ,1 ,0.42 ,3.90   ,0.79  ,P3RHS1_1247 ,P3RHS1_1247 -> P3RDT1272 ,9.74   ,1.98   ,36532.04   ,3  ,
P3RLV2294 ,1 ,0.42 ,1.14   ,0.23  ,P3RHS1_1247 ,P3RHS1_1247 -> P3RDT1322 ,2.85   ,0.58   ,10684.52   ,1  ,
P3RLV2295 ,1 ,0.42 ,1.32   ,0.27  ,P3RHS1_1247 ,P3RHS1_1247 -> P3RDT1322 ,3.30   ,0.67   ,13330.12   ,1  ,
P3RLV2296 ,1 ,0.42 ,5.39   ,1.09  ,P3RHS1_1247 ,P3RHS1_1247 -> P3RDT1322 ,13.47  ,2.73   ,54428.88   ,1  ,
P3RLV2297 ,1 ,0.42 ,6.00   ,1.22  ,P3RHS1_1247 ,P3RHS1_1247 -> P3RDT1322 ,15.00  ,3.05   ,60619.31   ,1  ,
P3RLV2298 ,1 ,0.42 ,5.71   ,1.88  ,P3RHS1_1247 ,P3RHS1_1247 -> P3RDT1272 ,14.28  ,4.69   ,47643.73   ,1  ,
P3RLV2299 ,1 ,0.42 ,1.75   ,0.58  ,P3RHS1_1247 ,P3RHS1_1247 -> P3RDT1272 ,4.37   ,1.44   ,14591.82   ,1  ,
P3RLV2300 ,1 ,0.42 ,4.05   ,1.33  ,P3RHS1_1247 ,P3RHS1_1247 -> P3RDT1272 ,10.13  ,3.33   ,33775.16   ,1  ,
P3RLV2301 ,1 ,0.42 ,3.70   ,0.75  ,P3RHS1_1247 ,P3RHS1_1247 -> P3RDT1272 ,9.26   ,1.88   ,34709.86   ,3  ,
P3RLV2302 ,1 ,0.42 ,6.64   ,1.35  ,P3RHS1_1247 ,P3RHS1_1247 -> P3RDT1322 ,16.60  ,3.37   ,62231.10   ,5  ,
P3RLV2303 ,1 ,0.42 ,1.14   ,0.23  ,P3RHS1_1247 ,P3RHS1_1247 -> P3RDT1322 ,2.85   ,0.58   ,10701.53   ,1  ,
P3RLV2304 ,1 ,0.42 ,1.42   ,0.29  ,P3RHS1_1247 ,P3RHS1_1247 -> P3RDT1194 ,3.56   ,0.72   ,13335.08   ,1  ,
P3RLV2305 ,1 ,0.42 ,2.28   ,0.46  ,P3RHS1_1247 ,P3RHS1_1247 -> P3RDT1322 ,5.71   ,1.16   ,21411.36   ,1  ,
P3RLV2306 ,1 ,0.42 ,0.92   ,0.30  ,P3RHS1_1247 ,P3RHS1_1247 -> P3RDT1322 ,2.30   ,0.75   ,7659.23    ,1  ,
P3RLV2307 ,1 ,0.42 ,4.38   ,0.89  ,P3RHS1_1247 ,P3RHS1_1247 -> P3RDT1322 ,10.94  ,2.22   ,41019.69   ,3  ,
P3RLV2308 ,1 ,0.42 ,1.83   ,0.60  ,P3RHS1_1247 ,P3RHS1_1247 -> P3RDT1322 ,4.56   ,1.50   ,15223.96   ,1  ,
P3RLV2309 ,1 ,0.42 ,2.16   ,0.44  ,P3RHS1_1247 ,P3RHS1_1247 -> P3RDT1194 ,5.40   ,1.10   ,20263.27   ,1  ,
P3RLV2310 ,1 ,0.42 ,5.06   ,1.03  ,P3RHS1_1247 ,P3RHS1_1247 -> P3RDT1322 ,12.66  ,2.57   ,51176.33   ,1  ,
P3RLV2311 ,1 ,0.42 ,1.41   ,0.29  ,P3RHS1_1247 ,P3RHS1_1247 -> P3RDT1194 ,3.52   ,0.71   ,13199.00   ,1  ,
P3RLV2312 ,1 ,0.42 ,0.45   ,0.09  ,P3RHS1_1247 ,P3RHS1_1247 -> P3RDT1322 ,1.13   ,0.23   ,4574.07    ,1  ,
P3RLV2313 ,1 ,0.42 ,2.23   ,0.45  ,P3RHS1_1247 ,P3RHS1_1247 -> P3RDT1322 ,5.58   ,1.13   ,20904.78   ,1  ,
P3RLV2314 ,1 ,0.42 ,1.30   ,0.26  ,P3RHS1_1247 ,P3RHS1_1247 -> P3RDT1194 ,3.26   ,0.66   ,12206.29   ,1  ,
P3RLV2315 ,1 ,0.42 ,1.18   ,0.24  ,P3RHS1_1247 ,P3RHS1_1247 -> P3RDT1322 ,2.94   ,0.60   ,11031.65   ,1  ,
P3RLV2316 ,1 ,0.42 ,7.84   ,1.59  ,P3RHS1_1247 ,P3RHS1_1247 -> P3RDT1322 ,19.59  ,3.98   ,77330.74   ,1  ,
P3RLV2317 ,1 ,0.42 ,3.04   ,0.62  ,P3RHS1_1247 ,P3RHS1_1247 -> P3RDT1194 ,7.60   ,1.54   ,28475.57   ,2  ,
P3RLV2318 ,1 ,0.42 ,0.82   ,0.27  ,P3RHS1_1247 ,P3RHS1_1247 -> P3RDT1194 ,2.06   ,0.68   ,6862.77    ,1  ,
P3RLV2319 ,3 ,0.42 ,24.68  ,5.01  ,P3RHS1_1247 ,P3RHS1_1247 -> P3RDT1322 ,61.69  ,12.53  ,227962.80  ,1  ,
P3RLV2320 ,1 ,0.42 ,5.55   ,1.83  ,P3RHS1_1247 ,P3RHS1_1247 -> P3RDT1322 ,13.89  ,4.56   ,46318.97   ,1  ,
P3RLV2321 ,1 ,0.42 ,1.22   ,0.25  ,P3RHS1_1247 ,P3RHS1_1247 -> P3RDT1194 ,3.05   ,0.62   ,11417.21   ,1  ,
P3RLV2322 ,1 ,0.42 ,2.10   ,0.43  ,P3RHS1_1247 ,P3RHS1_1247 -> P3RDT1194 ,5.25   ,1.07   ,19685.01   ,1  ,
P3RLV2323 ,1 ,0.42 ,1.11   ,0.36  ,P3RHS1_1247 ,P3RHS1_1247 -> P3RDT1194 ,2.77   ,0.91   ,9245.93    ,1  ,
P3RLV2324 ,1 ,0.42 ,0.91   ,0.30  ,P3RHS1_1247 ,P3RHS1_1247 -> P3RDT1194 ,2.27   ,0.75   ,7578.49    ,1  ,
P3RLV2325 ,1 ,0.42 ,2.25   ,0.74  ,P3RHS1_1247 ,P3RHS1_1247 -> P3RDT1194 ,5.63   ,1.85   ,18794.03   ,1  ,
P3RLV2326 ,1 ,0.42 ,4.73   ,1.56  ,P3RHS1_1247 ,P3RHS1_1247 -> P3RDT1194 ,11.84  ,3.89   ,39479.66   ,1  ,
P3RLV2327 ,1 ,0.42 ,2.36   ,0.77  ,P3RHS1_1247 ,P3RHS1_1247 -> P3RDT1194 ,5.89   ,1.94   ,19645.82   ,1  ,
P3RLV2328 ,1 ,0.42 ,1.20   ,0.39  ,P3RHS1_1247 ,P3RHS1_1247 -> P3RDT1272 ,2.99   ,0.98   ,9983.50    ,1  ,
P3RLV2329 ,1 ,0.42 ,1.44   ,0.47  ,P3RHS1_1247 ,P3RHS1_1247 -> P3RDT1272 ,3.61   ,1.19   ,12037.76   ,1  ,
P3RLV2330 ,1 ,0.42 ,0.45   ,0.15  ,P3RHS1_1247 ,P3RHS1_1247 -> P3RDT1272 ,1.12   ,0.37   ,3728.59    ,1  ,
P3RLV2331 ,1 ,0.42 ,1.15   ,0.23  ,P3RHS1_1247 ,P3RHS1_1247 -> P3RDT1272 ,2.88   ,0.59   ,10815.22   ,1  ,
P3RLV2332 ,1 ,0.42 ,1.83   ,0.60  ,P3RHS1_1247 ,P3RHS1_1247 -> P3RDT1428 ,4.57   ,1.50   ,15247.15   ,1  ,
P3RLV2333 ,1 ,0.42 ,0.52   ,0.17  ,P3RHS1_1247 ,P3RHS1_1247 -> P3RDT1272 ,1.30   ,0.43   ,4338.69    ,1  ,
P3RLV2334 ,1 ,0.42 ,1.09   ,0.36  ,P3RHS1_1247 ,P3RHS1_1247 -> P3RDT1272 ,2.73   ,0.90   ,9109.49    ,1  ,
P3RLV2335 ,1 ,0.42 ,1.93   ,0.64  ,P3RHS1_1247 ,P3RHS1_1247 -> P3RDT1272 ,4.83   ,1.59   ,16127.69   ,1  ,
P3RLV2336 ,1 ,0.42 ,2.98   ,0.98  ,P3RHS1_1247 ,P3RHS1_1247 -> P3RDT1272 ,7.46   ,2.45   ,24881.20   ,1  ,
P3RLV2337 ,1 ,0.42 ,0.99   ,0.33  ,P3RHS1_1247 ,P3RHS1_1247 -> P3RDT1272 ,2.48   ,0.82   ,8272.35    ,1  ,
P3RLV2338 ,1 ,0.42 ,2.05   ,0.67  ,P3RHS1_1247 ,P3RHS1_1247 -> P3RDT1428 ,5.12   ,1.68   ,17070.98   ,1  ,
P3RLV2339 ,1 ,0.42 ,0.82   ,0.27  ,P3RHS1_1247 ,P3RHS1_1247 -> P3RDT1272 ,2.06   ,0.68   ,6855.46    ,1  ,
P3RLV2340 ,1 ,0.42 ,0.79   ,0.26  ,P3RHS1_1247 ,P3RHS1_1247 -> P3RDT1272 ,1.99   ,0.65   ,6624.45    ,1  ,
P3RLV2341 ,1 ,0.42 ,2.61   ,0.86  ,P3RHS1_1247 ,P3RHS1_1247 -> P3RDT1272 ,6.54   ,2.15   ,21799.29   ,1  ,
P3RLV2342 ,1 ,0.42 ,3.81   ,0.77  ,P3RHS1_1247 ,P3RHS1_1247 -> P3RDT1272 ,9.52   ,1.93   ,35696.71   ,3  ,
P3RLV2343 ,1 ,0.42 ,1.48   ,0.49  ,P3RHS1_1247 ,P3RHS1_1247 -> P3RDT1272 ,3.71   ,1.22   ,12360.36   ,1  ,
P3RLV2344 ,1 ,0.42 ,2.19   ,0.72  ,P3RHS1_1247 ,P3RHS1_1247 -> P3RDT1272 ,5.48   ,1.80   ,18280.15   ,1  ,
P3RLV2345 ,1 ,0.42 ,1.16   ,0.38  ,P3RHS1_1247 ,P3RHS1_1247 -> P3RDT1272 ,2.91   ,0.96   ,9706.42    ,1  ,
P3RLV2346 ,1 ,0.42 ,0.46   ,0.15  ,P3RHS1_1247 ,P3RHS1_1247 -> P3RDT1272 ,1.14   ,0.38   ,3812.54    ,1  ,
P3RLV2347 ,1 ,0.42 ,1.54   ,0.31  ,P3RHS1_1247 ,P3RHS1_1247 -> P3RDT1272 ,3.84   ,0.78   ,14406.00   ,1  ,
P3RLV2348 ,1 ,0.42 ,4.20   ,1.38  ,P3RHS1_1247 ,P3RHS1_1247 -> P3RDT1272 ,10.50  ,3.45   ,35012.70   ,1  ,
P3RLV2349 ,1 ,0.42 ,4.82   ,1.59  ,P3RHS1_1247 ,P3RHS1_1247 -> P3RDT1272 ,12.06  ,3.96   ,40220.98   ,1  ,
P3RLV2350 ,1 ,0.42 ,4.94   ,1.00  ,P3RHS1_1247 ,P3RHS1_1247 -> P3RDT1272 ,12.34  ,2.51   ,46262.31   ,3  ,
P3RLV2351 ,1 ,0.42 ,1.78   ,0.36  ,P3RHS1_1247 ,P3RHS1_1247 -> P3RDT1272 ,4.46   ,0.90   ,16704.89   ,1  ,
P3RLV2352 ,1 ,0.42 ,0.36   ,0.07  ,P3RHS1_1247 ,P3RHS1_1247 -> P3RDT1272 ,0.91   ,0.18   ,3756.14    ,1  ,
P3RLV2353 ,1 ,0.42 ,4.35   ,0.88  ,P3RHS1_1247 ,P3RHS1_1247 -> P3RDT1272 ,10.87  ,2.21   ,40768.05   ,3  ,
P3RLV2354 ,1 ,0.42 ,0.98   ,0.32  ,P3RHS1_1247 ,P3RHS1_1247 -> P3RDT1272 ,2.45   ,0.81   ,8183.71    ,1  ,
P3RLV2355 ,1 ,0.42 ,2.90   ,0.59  ,P3RHS1_1247 ,P3RHS1_1247 -> P3RDT1272 ,7.26   ,1.47   ,27209.44   ,2  ,
P3RLV2356 ,1 ,0.42 ,1.51   ,0.50  ,P3RHS1_1247 ,P3RHS1_1247 -> P3RDT1272 ,3.79   ,1.24   ,12630.26   ,1  ,
P3RLV2357 ,1 ,0.42 ,1.01   ,0.33  ,P3RHS1_1247 ,P3RHS1_1247 -> P3RDT1272 ,2.52   ,0.83   ,8390.90    ,1  ,
P3RLV2358 ,1 ,0.42 ,0.34   ,0.07  ,P3RHS1_1247 ,P3RHS1_1247 -> P3RDT1272 ,0.86   ,0.18   ,3559.20    ,1  ,
P3RLV2359 ,1 ,0.42 ,4.51   ,0.92  ,P3RHS1_1247 ,P3RHS1_1247 -> P3RDT1272 ,11.28  ,2.29   ,42307.14   ,3  ,
P3RLV2360 ,1 ,0.42 ,4.59   ,0.93  ,P3RHS1_1247 ,P3RHS1_1247 -> P3RDT1272 ,11.48  ,2.33   ,43052.34   ,3  ,
P3RLV2361 ,1 ,0.42 ,0.79   ,0.16  ,P3RHS1_1247 ,P3RHS1_1247 -> P3RDT1584 ,1.97   ,0.40   ,7601.45    ,1  ,
P3RLV2362 ,1 ,0.42 ,1.25   ,0.41  ,P3RHS1_1247 ,P3RHS1_1247 -> P3RDT1272 ,3.14   ,1.03   ,10460.31   ,1  ,
P3RLV2363 ,1 ,0.42 ,1.54   ,0.31  ,P3RHS1_1247 ,P3RHS1_1247 -> P3RDT1272 ,3.85   ,0.78   ,14419.53   ,1  ,
P3RLV2364 ,1 ,0.42 ,0.99   ,0.20  ,P3RHS1_1247 ,P3RHS1_1247 -> P3RDT1272 ,2.47   ,0.50   ,9334.82    ,1  ,
P3RLV2365 ,1 ,0.42 ,5.01   ,1.02  ,P3RHS1_1247 ,P3RHS1_1247 -> P3RDT1272 ,12.52  ,2.54   ,46944.36   ,4  ,
P3RLV2366 ,1 ,0.42 ,1.41   ,0.46  ,P3RHS1_1247 ,P3RHS1_1247 -> P3RDT1272 ,3.53   ,1.16   ,11773.20   ,1  ,
P3RLV2367 ,1 ,0.42 ,0.35   ,0.11  ,P3RHS1_1247 ,P3RHS1_1247 -> P3RDT1272 ,0.87   ,0.29   ,2912.49    ,1  ,
P3RLV2368 ,1 ,0.42 ,0.99   ,0.33  ,P3RHS1_1247 ,P3RHS1_1247 -> P3RDT1272 ,2.49   ,0.82   ,8293.85    ,1  ,
P3RLV2369 ,1 ,0.42 ,0.58   ,0.19  ,P3RHS1_1247 ,P3RHS1_1247 -> P3RDT1428 ,1.46   ,0.48   ,4860.39    ,1  ,
P3RLV2370 ,1 ,0.42 ,1.94   ,0.39  ,P3RHS1_1247 ,P3RHS1_1247 -> P3RDT1272 ,4.84   ,0.98   ,19562.13   ,1  ,
P3RLV2371 ,1 ,0.42 ,1.18   ,0.39  ,P3RHS1_1247 ,P3RHS1_1247 -> P3RDT1428 ,2.96   ,0.97   ,9867.68    ,1  ,
P3RLV2372 ,1 ,0.42 ,0.39   ,0.13  ,P3RHS1_1247 ,P3RHS1_1247 -> P3RDT1272 ,0.96   ,0.32   ,3218.64    ,1  ,
P3RLV2373 ,1 ,0.42 ,2.34   ,0.77  ,P3RHS1_1247 ,P3RHS1_1247 -> P3RDT1272 ,5.85   ,1.92   ,19529.81   ,1  ,
P3RLV2374 ,1 ,0.42 ,0.67   ,0.14  ,P3RHS1_1247 ,P3RHS1_1247 -> P3RDT1428 ,1.69   ,0.34   ,6581.70    ,1  ,
P3RLV2375 ,1 ,0.42 ,0.52   ,0.17  ,P3RHS1_1247 ,P3RHS1_1247 -> P3RDT1272 ,1.31   ,0.43   ,4371.90    ,1  ,
P3RLV2376 ,1 ,0.42 ,0.91   ,0.30  ,P3RHS1_1247 ,P3RHS1_1247 -> P3RDT1272 ,2.28   ,0.75   ,7617.74    ,1  ,
P3RLV2377 ,1 ,0.42 ,0.41   ,0.13  ,P3RHS1_1247 ,P3RHS1_1247 -> P3RDT1272 ,1.02   ,0.34   ,3406.62    ,1  ,
P3RLV2378 ,1 ,0.42 ,0.60   ,0.20  ,P3RHS1_1247 ,P3RHS1_1247 -> P3RDT1428 ,1.51   ,0.50   ,5032.77    ,1  ,
P3RLV2379 ,1 ,0.42 ,1.26   ,0.26  ,P3RHS1_1247 ,P3RHS1_1247 -> P3RDT1428 ,3.14   ,0.64   ,11781.58   ,1  ,
P3RLV2380 ,1 ,0.42 ,1.96   ,0.64  ,P3RHS1_1247 ,P3RHS1_1247 -> P3RDT1428 ,4.90   ,1.61   ,16328.75   ,1  ,
P3RLV2381 ,1 ,0.42 ,0.91   ,0.30  ,P3RHS1_1247 ,P3RHS1_1247 -> P3RDT1428 ,2.28   ,0.75   ,7613.61    ,1  ,
P3RLV2382 ,3 ,0.42 ,71.89  ,14.60 ,P3RHS1_1247 ,P3RHS1_1247 -> P3RDT1272 ,179.71 ,36.49  ,653041.40  ,1  ,
P3RLV2383 ,1 ,0.42 ,0.33   ,0.11  ,P3RHS1_1247 ,P3RHS1_1247 -> P3RDT1428 ,0.82   ,0.27   ,2732.13    ,1  ,
P3RLV2384 ,1 ,0.42 ,1.78   ,0.58  ,P3RHS1_1247 ,P3RHS1_1247 -> P3RDT1272 ,4.45   ,1.46   ,14837.50   ,1  ,
P3RLV2385 ,1 ,0.42 ,0.54   ,0.18  ,P3RHS1_1247 ,P3RHS1_1247 -> P3RDT1272 ,1.34   ,0.44   ,4481.98    ,1  ,
P3RLV2386 ,1 ,0.42 ,0.87   ,0.29  ,P3RHS1_1247 ,P3RHS1_1247 -> P3RDT1428 ,2.18   ,0.72   ,7286.02    ,1  ,
P3RLV2387 ,1 ,0.42 ,1.26   ,0.41  ,P3RHS1_1247 ,P3RHS1_1247 -> P3RDT1272 ,3.16   ,1.04   ,10528.98   ,1  ,
P3RLV2388 ,1 ,0.42 ,1.03   ,0.34  ,P3RHS1_1247 ,P3RHS1_1247 -> P3RDT1428 ,2.58   ,0.85   ,8620.97    ,1  ,
P3RLV2389 ,1 ,0.42 ,2.38   ,0.48  ,P3RHS1_1247 ,P3RHS1_1247 -> P3RDT1322 ,5.94   ,1.21   ,22266.78   ,2  ,
P3RLV2390 ,1 ,0.42 ,3.25   ,0.66  ,P3RHS1_1247 ,P3RHS1_1247 -> P3RDT1272 ,8.12   ,1.65   ,30430.28   ,2  ,
P3RLV2391 ,1 ,0.42 ,1.16   ,0.24  ,P3RHS1_1247 ,P3RHS1_1247 -> P3RDT1272 ,2.90   ,0.59   ,10875.12   ,1  ,
P3RLV2392 ,1 ,0.42 ,9.64   ,1.96  ,P3RHS1_1247 ,P3RHS1_1247 -> P3RDT1272 ,24.09  ,4.89   ,90325.49   ,7  ,
P3RLV2393 ,1 ,0.42 ,2.11   ,0.69  ,P3RHS1_1247 ,P3RHS1_1247 -> P3RDT1428 ,5.28   ,1.74   ,17617.29   ,1  ,
P3RLV2394 ,1 ,0.42 ,2.60   ,0.85  ,P3RHS1_1247 ,P3RHS1_1247 -> P3RDT1428 ,6.50   ,2.14   ,21678.74   ,1  ,
P3RLV2395 ,1 ,0.42 ,0.42   ,0.14  ,P3RHS1_1247 ,P3RHS1_1247 -> P3RDT1428 ,1.05   ,0.35   ,3506.57    ,1  ,
P3RLV2396 ,1 ,0.42 ,4.15   ,0.84  ,P3RHS1_1247 ,P3RHS1_1247 -> P3RDT1272 ,10.38  ,2.11   ,38909.36   ,3  ,
P3RLV2397 ,1 ,0.42 ,2.31   ,0.76  ,P3RHS1_1247 ,P3RHS1_1247 -> P3RDT1272 ,5.79   ,1.90   ,19301.23   ,1  ,
P3RLV2398 ,1 ,0.42 ,2.50   ,0.82  ,P3RHS1_1247 ,P3RHS1_1247 -> P3RDT1428 ,6.26   ,2.06   ,20875.09   ,1  ,
P3RLV2399 ,1 ,0.42 ,1.47   ,0.48  ,P3RHS1_1247 ,P3RHS1_1247 -> P3RDT1428 ,3.67   ,1.21   ,12252.29   ,1  ,
P3RLV2400 ,1 ,0.42 ,3.13   ,1.03  ,P3RHS1_1247 ,P3RHS1_1247 -> P3RDT1428 ,7.81   ,2.57   ,26063.11   ,1  ,
P3RLV2401 ,1 ,0.42 ,0.72   ,0.24  ,P3RHS1_1247 ,P3RHS1_1247 -> P3RDT1272 ,1.80   ,0.59   ,6006.03    ,1  ,
P3RLV2402 ,1 ,0.42 ,8.34   ,2.74  ,P3RHS1_1247 ,P3RHS1_1247 -> P3RDT1322 ,20.86  ,6.85   ,69568.27   ,1  ,
P3RLV2403 ,1 ,0.42 ,3.86   ,0.78  ,P3RHS1_1247 ,P3RHS1_1247 -> P3RDT1322 ,9.66   ,1.96   ,36220.91   ,3  ,
P3RLV2404 ,1 ,0.42 ,8.48   ,2.79  ,P3RHS1_1247 ,P3RHS1_1247 -> P3RDT1322 ,21.21  ,6.97   ,70755.91   ,1  ,
P3RLV2405 ,1 ,0.42 ,8.88   ,2.92  ,P3RHS1_1247 ,P3RHS1_1247 -> P3RDT1322 ,22.21  ,7.30   ,74095.23   ,1  ,
P3RLV2406 ,1 ,0.42 ,1.07   ,0.35  ,P3RHS1_1247 ,P3RHS1_1247 -> P3RDT1322 ,2.67   ,0.88   ,8900.41    ,1  ,
P3RLV2407 ,1 ,0.42 ,2.37   ,0.78  ,P3RHS1_1247 ,P3RHS1_1247 -> P3RDT1322 ,5.93   ,1.95   ,19779.65   ,1  ,
P3RLV2408 ,1 ,0.42 ,2.02   ,0.66  ,P3RHS1_1247 ,P3RHS1_1247 -> P3RDT1322 ,5.05   ,1.66   ,16861.01   ,1  ,
P3RLV2409 ,1 ,0.42 ,5.51   ,1.81  ,P3RHS1_1247 ,P3RHS1_1247 -> P3RDT1428 ,13.77  ,4.53   ,45937.41   ,1  ,
P3RLV2410 ,1 ,0.42 ,2.06   ,0.68  ,P3RHS1_1247 ,P3RHS1_1247 -> P3RDT1428 ,5.14   ,1.69   ,17155.36   ,1  ,
P3RLV2411 ,1 ,0.42 ,0.52   ,0.17  ,P3RHS1_1247 ,P3RHS1_1247 -> P3RDT1428 ,1.29   ,0.42   ,4304.10    ,1  ,
P3RLV2412 ,1 ,0.42 ,0.54   ,0.18  ,P3RHS1_1247 ,P3RHS1_1247 -> P3RDT1428 ,1.34   ,0.44   ,4476.12    ,1  ,
P3RLV2413 ,1 ,0.42 ,1.45   ,0.47  ,P3RHS1_1247 ,P3RHS1_1247 -> P3RDT1428 ,3.61   ,1.19   ,12051.66   ,1  ,
P3RLV2414 ,1 ,0.42 ,1.17   ,0.38  ,P3RHS1_1247 ,P3RHS1_1247 -> P3RDT1428 ,2.92   ,0.96   ,9750.90    ,1  ,
P3RLV2415 ,1 ,0.42 ,1.46   ,0.30  ,P3RHS1_1247 ,P3RHS1_1247 -> P3RDT1194 ,3.64   ,0.74   ,13651.00   ,1  ,
P3RLV2416 ,1 ,0.42 ,2.17   ,0.44  ,P3RHS1_1247 ,P3RHS1_1247 -> P3RDT1194 ,5.44   ,1.10   ,20377.85   ,1  ,
P3RLV2417 ,1 ,0.42 ,1.68   ,0.34  ,P3RHS1_1247 ,P3RHS1_1247 -> P3RDT1194 ,4.19   ,0.85   ,15704.95   ,1  ,
P3RLV2418 ,1 ,0.42 ,2.13   ,0.43  ,P3RHS1_1247 ,P3RHS1_1247 -> P3RDT1194 ,5.34   ,1.08   ,20002.09   ,1  ,
P3RLV2419 ,1 ,0.42 ,2.71   ,0.55  ,P3RHS1_1247 ,P3RHS1_1247 -> P3RDT1194 ,6.78   ,1.38   ,25420.31   ,2  ,
P3RLV2420 ,1 ,0.42 ,1.64   ,0.33  ,P3RHS1_1247 ,P3RHS1_1247 -> P3RDT1194 ,4.10   ,0.83   ,15371.42   ,1  ,
P3RLV2421 ,1 ,0.42 ,2.30   ,0.76  ,P3RHS1_1247 ,P3RHS1_1247 -> P3RDT1194 ,5.76   ,1.89   ,19214.33   ,1  ,
P3RLV2422 ,1 ,0.42 ,1.00   ,0.20  ,P3RHS1_1247 ,P3RHS1_1247 -> P3RDT1194 ,2.51   ,0.51   ,9458.66    ,1  ,
P3RLV2423 ,1 ,0.42 ,5.07   ,1.03  ,P3RHS1_1247 ,P3RHS1_1247 -> P3RDT1194 ,12.67  ,2.57   ,47514.88   ,4  ,
P3RLV2424 ,1 ,0.42 ,0.46   ,0.15  ,P3RHS1_1247 ,P3RHS1_1247 -> P3RDT1194 ,1.15   ,0.38   ,3846.13    ,1  ,
P3RLV2425 ,1 ,0.42 ,2.29   ,0.46  ,P3RHS1_1247 ,P3RHS1_1247 -> P3RDT1194 ,5.72   ,1.16   ,21450.91   ,1  ,
P3RLV2426 ,1 ,0.42 ,0.81   ,0.16  ,P3RHS1_1247 ,P3RHS1_1247 -> P3RDT1194 ,2.03   ,0.41   ,7801.51    ,1  ,
P3RLV2427 ,1 ,0.42 ,1.04   ,0.21  ,P3RHS1_1247 ,P3RHS1_1247 -> P3RDT1194 ,2.59   ,0.53   ,9736.80    ,1  ,
P3RLV2428 ,1 ,0.42 ,1.16   ,0.24  ,P3RHS1_1247 ,P3RHS1_1247 -> P3RDT1194 ,2.91   ,0.59   ,10907.67   ,1  ,
P3RLV2429 ,1 ,0.42 ,3.47   ,0.71  ,P3RHS1_1247 ,P3RHS1_1247 -> P3RDT1194 ,8.68   ,1.76   ,32542.00   ,2  ,
P3RLV2430 ,1 ,0.42 ,3.00   ,0.61  ,P3RHS1_1247 ,P3RHS1_1247 -> P3RDT1194 ,7.50   ,1.52   ,28116.38   ,2  ,
P3RLV2431 ,1 ,0.42 ,0.92   ,0.19  ,P3RHS1_1247 ,P3RHS1_1247 -> P3RDT1194 ,2.31   ,0.47   ,8778.33    ,1  ,
P3RLV2432 ,1 ,0.42 ,1.28   ,0.26  ,P3RHS1_1247 ,P3RHS1_1247 -> P3RDT1194 ,3.19   ,0.65   ,11960.82   ,1  ,
P3RLV2433 ,1 ,0.42 ,3.59   ,0.73  ,P3RHS1_1247 ,P3RHS1_1247 -> P3RDT1194 ,8.99   ,1.82   ,33692.99   ,2  ,
P3RLV2434 ,1 ,0.42 ,2.38   ,0.48  ,P3RHS1_1247 ,P3RHS1_1247 -> P3RDT1194 ,5.94   ,1.21   ,22279.89   ,2  ,
P3RLV2435 ,1 ,0.42 ,1.18   ,0.24  ,P3RHS1_1247 ,P3RHS1_1247 -> P3RDT1194 ,2.95   ,0.60   ,11074.67   ,1  ,
P3RLV2436 ,1 ,0.42 ,8.28   ,1.68  ,P3RHS1_1247 ,P3RHS1_1247 -> P3RDT1194 ,20.69  ,4.20   ,77570.51   ,6  ,
P3RLV2437 ,1 ,0.42 ,1.10   ,0.22  ,P3RHS1_1247 ,P3RHS1_1247 -> P3RDT1194 ,2.75   ,0.56   ,10301.08   ,1  ,
P3RLV2438 ,1 ,0.42 ,0.95   ,0.19  ,P3RHS1_1247 ,P3RHS1_1247 -> P3RDT1194 ,2.38   ,0.48   ,9027.98    ,1  ,
P3RLV2439 ,1 ,0.42 ,1.43   ,0.29  ,P3RHS1_1247 ,P3RHS1_1247 -> P3RDT1194 ,3.57   ,0.73   ,13386.82   ,1  ,
P3RLV2440 ,1 ,0.42 ,1.45   ,0.29  ,P3RHS1_1247 ,P3RHS1_1247 -> P3RDT1194 ,3.63   ,0.74   ,13596.96   ,1  ,
P3RLV2441 ,1 ,0.42 ,1.12   ,0.23  ,P3RHS1_1247 ,P3RHS1_1247 -> P3RDT1194 ,2.80   ,0.57   ,10511.76   ,1  ,
P3RLV2442 ,1 ,0.42 ,0.43   ,0.14  ,P3RHS1_1247 ,P3RHS1_1247 -> P3RDT1194 ,1.07   ,0.35   ,3585.75    ,1  ,
P3RLV2431 ,1 ,0.42 ,0.69   ,0.14  ,P3RHS1_1247 ,P3RHS1_1247 -> P3RDT1194 ,1.72   ,0.35   ,6716.51    ,1  ,
P3RLV2444 ,1 ,0.42 ,3.36   ,0.68  ,P3RHS1_1247 ,P3RHS1_1247 -> P3RDT1322 ,8.39   ,1.70   ,31452.34   ,2  ,
P3RLV2445 ,1 ,0.42 ,4.79   ,0.97  ,P3RHS1_1247 ,P3RHS1_1247 -> P3RDT1194 ,11.97  ,2.43   ,44889.16   ,3  ,
P3RLV2446 ,1 ,0.42 ,1.27   ,0.26  ,P3RHS1_1247 ,P3RHS1_1247 -> P3RDT1194 ,3.18   ,0.65   ,11933.28   ,1  ,
P3RLV2447 ,1 ,0.42 ,1.72   ,0.35  ,P3RHS1_1247 ,P3RHS1_1247 -> P3RDT1194 ,4.30   ,0.87   ,16118.17   ,1  ,
P3RLV2448 ,1 ,0.42 ,1.01   ,0.33  ,P3RHS1_1247 ,P3RHS1_1247 -> P3RDT1428 ,2.52   ,0.83   ,8404.49    ,1  ,
P3RLV2449 ,1 ,0.42 ,2.53   ,0.51  ,P3RHS1_1247 ,P3RHS1_1247 -> P3RDT1194 ,6.33   ,1.28   ,23716.87   ,2  ,
P3RLV2450 ,1 ,0.42 ,3.41   ,0.69  ,P3RHS1_1247 ,P3RHS1_1247 -> P3RDT1194 ,8.53   ,1.73   ,31982.32   ,2  ,
P3RLV2451 ,1 ,0.42 ,4.21   ,0.86  ,P3RHS1_1247 ,P3RHS1_1247 -> P3RDT1194 ,10.53  ,2.14   ,39468.80   ,3  ,
P3RLV2452 ,1 ,0.42 ,0.78   ,0.26  ,P3RHS1_1247 ,P3RHS1_1247 -> P3RDT1428 ,1.95   ,0.64   ,6508.39    ,1  ,
P3RLV2453 ,1 ,0.42 ,1.03   ,0.21  ,P3RHS1_1247 ,P3RHS1_1247 -> P3RDT1194 ,2.58   ,0.52   ,9717.99    ,1  ,
P3RLV2454 ,1 ,0.42 ,3.02   ,0.61  ,P3RHS1_1247 ,P3RHS1_1247 -> P3RDT1194 ,7.54   ,1.53   ,28277.59   ,2  ,
P3RLV2455 ,1 ,0.42 ,0.77   ,0.16  ,P3RHS1_1247 ,P3RHS1_1247 -> P3RDT1194 ,1.94   ,0.39   ,7483.08    ,1  ,
P3RLV2456 ,1 ,0.42 ,1.90   ,0.39  ,P3RHS1_1247 ,P3RHS1_1247 -> P3RDT1194 ,4.74   ,0.96   ,17781.20   ,1  ,
P3RLV2457 ,1 ,0.42 ,0.98   ,0.20  ,P3RHS1_1247 ,P3RHS1_1247 -> P3RDT1194 ,2.46   ,0.50   ,9287.63    ,1  ,
P3RLV2458 ,1 ,0.42 ,0.92   ,0.19  ,P3RHS1_1247 ,P3RHS1_1247 -> P3RDT1194 ,2.29   ,0.46   ,8708.22    ,1  ,
P3RLV2459 ,1 ,0.42 ,1.57   ,0.32  ,P3RHS1_1247 ,P3RHS1_1247 -> P3RDT1322 ,3.93   ,0.80   ,14749.83   ,1  ,
P3RLV2460 ,1 ,0.42 ,1.41   ,0.29  ,P3RHS1_1247 ,P3RHS1_1247 -> P3RDT1322 ,3.53   ,0.72   ,13245.30   ,1  ,
P3RLV2461 ,1 ,0.42 ,1.08   ,0.22  ,P3RHS1_1247 ,P3RHS1_1247 -> P3RDT1322 ,2.70   ,0.55   ,10120.34   ,1  ,
P3RLV2462 ,1 ,0.42 ,1.51   ,0.31  ,P3RHS1_1247 ,P3RHS1_1247 -> P3RDT1322 ,3.78   ,0.77   ,14178.68   ,1  ,
P3RLV2463 ,1 ,0.42 ,1.10   ,0.22  ,P3RHS1_1247 ,P3RHS1_1247 -> P3RDT1322 ,2.74   ,0.56   ,10289.89   ,1  ,
P3RLV2464 ,1 ,0.42 ,0.92   ,0.19  ,P3RHS1_1247 ,P3RHS1_1247 -> P3RDT1322 ,2.29   ,0.47   ,8713.45    ,1  ,
P3RLV2465 ,1 ,0.42 ,1.33   ,0.27  ,P3RHS1_1247 ,P3RHS1_1247 -> P3RDT1322 ,3.34   ,0.68   ,12512.23   ,1  ,
P3RLV2466 ,1 ,0.42 ,1.42   ,0.29  ,P3RHS1_1247 ,P3RHS1_1247 -> P3RDT1322 ,3.54   ,0.72   ,13280.45   ,1  ,
P3RLV2467 ,1 ,0.42 ,2.02   ,0.66  ,P3RHS1_1247 ,P3RHS1_1247 -> P3RDT1272 ,5.06   ,1.66   ,16863.99   ,1  ,
P3RLV2468 ,1 ,0.42 ,1.33   ,0.27  ,P3RHS1_1247 ,P3RHS1_1247 -> P3RDT1322 ,3.32   ,0.67   ,12447.58   ,1  ,
P3RLV2469 ,1 ,0.42 ,1.71   ,0.35  ,P3RHS1_1247 ,P3RHS1_1247 -> P3RDT1322 ,4.28   ,0.87   ,16064.77   ,1  ,
P3RLV2470 ,1 ,0.42 ,1.91   ,0.39  ,P3RHS1_1247 ,P3RHS1_1247 -> P3RDT1322 ,4.78   ,0.97   ,17904.75   ,1  ,
P3RLV2471 ,1 ,0.42 ,3.06   ,1.01  ,P3RHS1_1247 ,P3RHS1_1247 -> P3RDT1272 ,7.65   ,2.51   ,25503.94   ,1  ,
P3RLV2472 ,1 ,0.42 ,1.22   ,0.25  ,P3RHS1_1247 ,P3RHS1_1247 -> P3RDT1322 ,3.04   ,0.62   ,11414.66   ,1  ,
P3RLV2473 ,1 ,0.42 ,3.53   ,1.16  ,P3RHS1_1247 ,P3RHS1_1247 -> P3RDT1272 ,8.82   ,2.90   ,29431.09   ,1  ,
P3RLV2474 ,1 ,0.42 ,2.94   ,0.97  ,P3RHS1_1247 ,P3RHS1_1247 -> P3RDT1205 ,7.35   ,2.41   ,24504.27   ,1  ,
P3RLV2475 ,3 ,0.42 ,22.58  ,4.58  ,P3RHS1_1247 ,P3RHS1_1247 -> P3RDT1322 ,56.44  ,11.46  ,209159.00  ,1  ,
P3RLV2476 ,1 ,0.42 ,3.61   ,0.73  ,P3RHS1_1247 ,P3RHS1_1247 -> P3RDT1322 ,9.03   ,1.83   ,36518.00   ,1  ,
P3RLV2477 ,1 ,0.42 ,1.81   ,0.37  ,P3RHS1_1247 ,P3RHS1_1247 -> P3RDT1322 ,4.52   ,0.92   ,18288.35   ,1  ,
P3RLV2478 ,3 ,0.42 ,20.86  ,4.24  ,P3RHS1_1247 ,P3RHS1_1247 -> P3RDT1322 ,52.15  ,10.59  ,193813.80  ,1  ,
P3RLV2479 ,1 ,0.42 ,1.88   ,0.38  ,P3RHS1_1247 ,P3RHS1_1247 -> P3RDT1322 ,4.70   ,0.96   ,19015.54   ,1  ,
P3RLV2480 ,1 ,0.42 ,6.45   ,1.31  ,P3RHS1_1247 ,P3RHS1_1247 -> P3RDT1322 ,16.12  ,3.27   ,64929.91   ,1  ,
P3RLV2481 ,1 ,0.42 ,0.45   ,0.09  ,P3RHS1_1247 ,P3RHS1_1247 -> P3RDT1322 ,1.14   ,0.23   ,4597.37    ,1  ,
P3RLV2482 ,1 ,0.42 ,1.84   ,0.61  ,P3RHS1_1247 ,P3RHS1_1247 -> P3RDT1205 ,4.61   ,1.51   ,15369.80   ,1  ,
P3RLV2483 ,1 ,0.42 ,2.29   ,0.46  ,P3RHS1_1247 ,P3RHS1_1247 -> P3RDT1322 ,5.72   ,1.16   ,23106.39   ,1  ,
P3RLV2484 ,1 ,0.42 ,13.62  ,2.77  ,P3RHS1_1247 ,P3RHS1_1247 -> P3RDT1322 ,34.05  ,6.91   ,129051.40  ,1  ,
P3RLV2485 ,1 ,0.42 ,7.57   ,1.54  ,P3RHS1_1247 ,P3RHS1_1247 -> P3RDT1322 ,18.91  ,3.84   ,74906.57   ,1  ,
P3RLV2486 ,1 ,0.42 ,9.39   ,1.91  ,P3RHS1_1247 ,P3RHS1_1247 -> P3RDT1322 ,23.47  ,4.77   ,91199.56   ,1  ,
P3RLV2487 ,1 ,0.42 ,1.38   ,0.28  ,P3RHS1_1247 ,P3RHS1_1247 -> P3RDT1194 ,3.46   ,0.70   ,12966.97   ,1  ,
P3RLV2488 ,1 ,0.42 ,3.76   ,0.76  ,P3RHS1_1247 ,P3RHS1_1247 -> P3RDT1194 ,9.39   ,1.91   ,35215.34   ,3  ,
P3RLV2489 ,1 ,0.42 ,1.58   ,0.32  ,P3RHS1_1247 ,P3RHS1_1247 -> P3RDT1194 ,3.96   ,0.80   ,14841.37   ,1  ,
P3RLV2490 ,1 ,0.42 ,0.87   ,0.18  ,P3RHS1_1247 ,P3RHS1_1247 -> P3RDT1194 ,2.18   ,0.44   ,8340.34    ,1  ,
P3RLV2491 ,1 ,0.42 ,2.09   ,0.42  ,P3RHS1_1247 ,P3RHS1_1247 -> P3RDT1194 ,5.22   ,1.06   ,19571.17   ,1  ,
P3RLV2492 ,1 ,0.42 ,0.56   ,0.11  ,P3RHS1_1247 ,P3RHS1_1247 -> P3RDT1194 ,1.41   ,0.29   ,5580.29    ,1  ,
P3RLV2493 ,1 ,0.42 ,0.84   ,0.17  ,P3RHS1_1247 ,P3RHS1_1247 -> P3RDT1194 ,2.09   ,0.42   ,8023.99    ,1  ,
P3RLV2494 ,1 ,0.42 ,3.96   ,0.80  ,P3RHS1_1247 ,P3RHS1_1247 -> P3RDT1194 ,9.90   ,2.01   ,37114.43   ,3  ,
P3RLV2495 ,1 ,0.42 ,3.63   ,0.74  ,P3RHS1_1247 ,P3RHS1_1247 -> P3RDT1194 ,9.08   ,1.84   ,35142.50   ,1  ,
P3RLV2496 ,1 ,0.42 ,2.80   ,0.57  ,P3RHS1_1247 ,P3RHS1_1247 -> P3RDT1194 ,6.99   ,1.42   ,26216.10   ,2  ,
P3RLV2497 ,1 ,0.42 ,1.25   ,0.25  ,P3RHS1_1247 ,P3RHS1_1247 -> P3RDT1194 ,3.13   ,0.64   ,11728.88   ,1  ,
P3RLV2498 ,1 ,0.42 ,1.12   ,0.23  ,P3RHS1_1247 ,P3RHS1_1247 -> P3RDT1194 ,2.81   ,0.57   ,10538.06   ,1  ,
P3RLV2499 ,1 ,0.42 ,2.91   ,0.59  ,P3RHS1_1247 ,P3RHS1_1247 -> P3RDT1194 ,7.28   ,1.48   ,27283.33   ,2  ,
P3RLV2500 ,1 ,0.42 ,3.61   ,0.73  ,P3RHS1_1247 ,P3RHS1_1247 -> P3RDT1194 ,9.02   ,1.83   ,33828.05   ,2  ,
P3RLV2501 ,1 ,0.42 ,1.13   ,0.23  ,P3RHS1_1247 ,P3RHS1_1247 -> P3RDT1194 ,2.83   ,0.57   ,10604.36   ,1  ,
P3RLV2502 ,1 ,0.42 ,3.58   ,0.73  ,P3RHS1_1247 ,P3RHS1_1247 -> P3RDT1194 ,8.96   ,1.82   ,33583.68   ,2  ,
P3RLV2503 ,1 ,0.42 ,3.49   ,0.71  ,P3RHS1_1247 ,P3RHS1_1247 -> P3RDT1194 ,8.73   ,1.77   ,32719.49   ,2  ,
P3RLV2504 ,1 ,0.42 ,0.54   ,0.11  ,P3RHS1_1247 ,P3RHS1_1247 -> P3RDT1322 ,1.36   ,0.28   ,5407.83    ,1  ,
P3RLV2505 ,1 ,0.42 ,0.74   ,0.15  ,P3RHS1_1247 ,P3RHS1_1247 -> P3RDT1194 ,1.85   ,0.37   ,7158.49    ,1  ,
P3RLV2506 ,1 ,0.42 ,2.54   ,0.51  ,P3RHS1_1247 ,P3RHS1_1247 -> P3RDT1194 ,6.34   ,1.29   ,24520.78   ,1  ,
P3RLV2507 ,1 ,0.42 ,0.97   ,0.20  ,P3RHS1_1247 ,P3RHS1_1247 -> P3RDT1194 ,2.42   ,0.49   ,9152.13    ,1  ,
P3RLV2508 ,1 ,0.42 ,1.63   ,0.33  ,P3RHS1_1247 ,P3RHS1_1247 -> P3RDT1194 ,4.08   ,0.83   ,15279.26   ,1  ,
P3RLV2509 ,1 ,0.42 ,1.10   ,0.22  ,P3RHS1_1247 ,P3RHS1_1247 -> P3RDT1194 ,2.74   ,0.56   ,10268.28   ,1  ,
P3RLV2510 ,1 ,0.42 ,2.39   ,0.48  ,P3RHS1_1247 ,P3RHS1_1247 -> P3RDT1194 ,5.97   ,1.21   ,22380.98   ,2  ,
P3RLV2511 ,1 ,0.42 ,1.90   ,0.39  ,P3RHS1_1247 ,P3RHS1_1247 -> P3RDT1194 ,4.76   ,0.97   ,17838.39   ,1  ,
P3RLV2512 ,1 ,0.42 ,1.35   ,0.27  ,P3RHS1_1247 ,P3RHS1_1247 -> P3RDT1194 ,3.39   ,0.69   ,12690.91   ,1  ,
P3RLV2513 ,1 ,0.42 ,2.67   ,0.54  ,P3RHS1_1247 ,P3RHS1_1247 -> P3RDT1194 ,6.67   ,1.36   ,25021.64   ,2  ,
P3RLV2514 ,1 ,0.42 ,1.06   ,0.22  ,P3RHS1_1247 ,P3RHS1_1247 -> P3RDT1194 ,2.65   ,0.54   ,9944.82    ,1  ,
P3RLV2515 ,1 ,0.42 ,1.26   ,0.26  ,P3RHS1_1247 ,P3RHS1_1247 -> P3RDT1194 ,3.15   ,0.64   ,11799.11   ,1  ,
P3RLV2516 ,1 ,0.42 ,1.20   ,0.24  ,P3RHS1_1247 ,P3RHS1_1247 -> P3RDT1194 ,3.00   ,0.61   ,11263.06   ,1  ,
P3RLV2490 ,1 ,0.42 ,0.60   ,0.12  ,P3RHS1_1247 ,P3RHS1_1247 -> P3RDT1194 ,1.50   ,0.30   ,5897.69    ,1  ,
P3RLV2518 ,1 ,0.42 ,2.66   ,0.54  ,P3RHS1_1247 ,P3RHS1_1247 -> P3RDT1194 ,6.65   ,1.35   ,24937.38   ,2  ,
P3RLV2519 ,1 ,0.42 ,1.35   ,0.27  ,P3RHS1_1247 ,P3RHS1_1247 -> P3RDT1194 ,3.38   ,0.69   ,12654.65   ,1  ,
P3RLV2520 ,1 ,0.42 ,0.44   ,0.09  ,P3RHS1_1247 ,P3RHS1_1247 -> P3RDT1194 ,1.11   ,0.23   ,4499.71    ,1  ,
P3RLV2521 ,1 ,0.42 ,1.27   ,0.26  ,P3RHS1_1247 ,P3RHS1_1247 -> P3RDT1194 ,3.18   ,0.65   ,11926.48   ,1  ,
P3RLV2522 ,1 ,0.42 ,4.30   ,0.87  ,P3RHS1_1247 ,P3RHS1_1247 -> P3RDT1194 ,10.75  ,2.18   ,40317.78   ,3  ,
P3RLV2523 ,1 ,0.42 ,3.33   ,0.68  ,P3RHS1_1247 ,P3RHS1_1247 -> P3RDT1194 ,8.33   ,1.69   ,31231.81   ,2  ,
P3RLV2524 ,1 ,0.42 ,1.33   ,0.27  ,P3RHS1_1247 ,P3RHS1_1247 -> P3RDT1194 ,3.34   ,0.68   ,12504.20   ,1  ,
P3RLV2525 ,1 ,0.42 ,2.20   ,0.45  ,P3RHS1_1247 ,P3RHS1_1247 -> P3RDT1194 ,5.49   ,1.12   ,20597.98   ,1  ,
P3RLV2526 ,1 ,0.42 ,0.95   ,0.19  ,P3RHS1_1247 ,P3RHS1_1247 -> P3RDT1194 ,2.38   ,0.48   ,9012.26    ,1  ,
P3RLV2527 ,1 ,0.42 ,3.33   ,0.68  ,P3RHS1_1247 ,P3RHS1_1247 -> P3RDT1194 ,8.33   ,1.69   ,31244.20   ,2  ,
P3RLV2528 ,1 ,0.42 ,1.31   ,0.27  ,P3RHS1_1247 ,P3RHS1_1247 -> P3RDT1194 ,3.28   ,0.67   ,12304.60   ,1  ,
P3RLV2529 ,1 ,0.42 ,1.19   ,0.24  ,P3RHS1_1247 ,P3RHS1_1247 -> P3RDT1194 ,2.98   ,0.61   ,11188.72   ,1  ,
P3RLV2530 ,1 ,0.42 ,0.91   ,0.18  ,P3RHS1_1247 ,P3RHS1_1247 -> P3RDT1194 ,2.27   ,0.46   ,8654.63    ,1  ,
P3RLV2531 ,1 ,0.42 ,3.82   ,0.78  ,P3RHS1_1247 ,P3RHS1_1247 -> P3RDT1194 ,9.56   ,1.94   ,35827.94   ,3  ,
P3RLV2532 ,1 ,0.42 ,1.55   ,0.31  ,P3RHS1_1247 ,P3RHS1_1247 -> P3RDT1194 ,3.87   ,0.79   ,14520.25   ,1  ,
P3RLV2533 ,1 ,0.42 ,1.08   ,0.22  ,P3RHS1_1247 ,P3RHS1_1247 -> P3RDT1194 ,2.70   ,0.55   ,10112.92   ,1  ,
P3RLV2534 ,1 ,0.42 ,3.27   ,0.66  ,P3RHS1_1247 ,P3RHS1_1247 -> P3RDT1194 ,8.17   ,1.66   ,30640.02   ,2  ,
P3RLV2535 ,1 ,0.42 ,1.52   ,0.31  ,P3RHS1_1247 ,P3RHS1_1247 -> P3RDT1194 ,3.79   ,0.77   ,14205.84   ,1  ,
P3RLV2536 ,1 ,0.42 ,5.32   ,1.08  ,P3RHS1_1247 ,P3RHS1_1247 -> P3RDT1194 ,13.29  ,2.70   ,49826.94   ,4  ,
P3RLV2537 ,1 ,0.42 ,1.02   ,0.21  ,P3RHS1_1247 ,P3RHS1_1247 -> P3RDT1194 ,2.54   ,0.52   ,9566.93    ,1  ,
P3RLV2538 ,1 ,0.42 ,1.64   ,0.33  ,P3RHS1_1247 ,P3RHS1_1247 -> P3RDT1194 ,4.09   ,0.83   ,15343.93   ,1  ,
P3RLV2539 ,1 ,0.42 ,1.57   ,0.32  ,P3RHS1_1247 ,P3RHS1_1247 -> P3RDT1194 ,3.93   ,0.80   ,14742.29   ,1  ,
P3RLV2540 ,1 ,0.42 ,1.14   ,0.23  ,P3RHS1_1247 ,P3RHS1_1247 -> P3RDT1194 ,2.86   ,0.58   ,10719.40   ,1  ,
P3RLV2541 ,1 ,0.42 ,2.33   ,0.47  ,P3RHS1_1247 ,P3RHS1_1247 -> P3RDT1194 ,5.82   ,1.18   ,21828.00   ,2  ,
P3RLV2542 ,1 ,0.42 ,1.47   ,0.30  ,P3RHS1_1247 ,P3RHS1_1247 -> P3RDT1194 ,3.67   ,0.75   ,13773.20   ,1  ,
P3RLV2543 ,1 ,0.42 ,1.17   ,0.24  ,P3RHS1_1247 ,P3RHS1_1247 -> P3RDT1194 ,2.93   ,0.60   ,10986.26   ,1  ,
P3RLV2544 ,1 ,0.42 ,3.70   ,0.75  ,P3RHS1_1247 ,P3RHS1_1247 -> P3RDT1194 ,9.26   ,1.88   ,34710.53   ,3  ,
P3RLV2545 ,1 ,0.42 ,6.58   ,1.34  ,P3RHS1_1247 ,P3RHS1_1247 -> P3RDT1194 ,16.46  ,3.34   ,63682.49   ,1  ,
P3RLV2546 ,1 ,0.42 ,2.76   ,0.56  ,P3RHS1_1247 ,P3RHS1_1247 -> P3RDT1194 ,6.91   ,1.40   ,25914.19   ,2  ,
P3RLV2547 ,1 ,0.42 ,2.60   ,0.53  ,P3RHS1_1247 ,P3RHS1_1247 -> P3RDT1194 ,6.51   ,1.32   ,24402.09   ,2  ,
P3RLV2548 ,1 ,0.42 ,1.96   ,0.40  ,P3RHS1_1247 ,P3RHS1_1247 -> P3RDT1194 ,4.89   ,0.99   ,18923.49   ,1  ,
P3RLV2549 ,1 ,0.42 ,0.88   ,0.18  ,P3RHS1_1247 ,P3RHS1_1247 -> P3RDT1194 ,2.21   ,0.45   ,8433.21    ,1  ,
P3RLV2550 ,1 ,0.42 ,1.18   ,0.24  ,P3RHS1_1247 ,P3RHS1_1247 -> P3RDT1194 ,2.94   ,0.60   ,11039.35   ,1  ,
P3RLV2551 ,1 ,0.42 ,1.40   ,0.28  ,P3RHS1_1247 ,P3RHS1_1247 -> P3RDT1194 ,3.49   ,0.71   ,13087.15   ,1  ,
P3RLV2552 ,1 ,0.42 ,2.68   ,0.54  ,P3RHS1_1247 ,P3RHS1_1247 -> P3RDT1194 ,6.69   ,1.36   ,25079.82   ,2  ,
P3RLV2553 ,1 ,0.42 ,2.21   ,0.45  ,P3RHS1_1247 ,P3RHS1_1247 -> P3RDT1194 ,5.51   ,1.12   ,20675.46   ,1  ,
P3RLV2554 ,1 ,0.42 ,3.02   ,0.61  ,P3RHS1_1247 ,P3RHS1_1247 -> P3RDT1194 ,7.54   ,1.53   ,28274.65   ,2  ,
P3RLV2555 ,1 ,0.42 ,1.33   ,0.27  ,P3RHS1_1247 ,P3RHS1_1247 -> P3RDT1194 ,3.33   ,0.68   ,12497.85   ,1  ,
P3RLV2556 ,1 ,0.42 ,1.23   ,0.25  ,P3RHS1_1247 ,P3RHS1_1247 -> P3RDT1194 ,3.08   ,0.62   ,11537.13   ,1  ,
P3RLV2557 ,1 ,0.42 ,0.80   ,0.16  ,P3RHS1_1247 ,P3RHS1_1247 -> P3RDT1194 ,2.01   ,0.41   ,7742.77    ,1  ,
P3RLV2558 ,1 ,0.42 ,1.00   ,0.20  ,P3RHS1_1247 ,P3RHS1_1247 -> P3RDT1194 ,2.51   ,0.51   ,9471.37    ,1  ,
P3RLV2559 ,1 ,0.42 ,0.51   ,0.10  ,P3RHS1_1247 ,P3RHS1_1247 -> P3RDT1194 ,1.27   ,0.26   ,5082.55    ,1  ,
P3RLV2560 ,1 ,0.42 ,1.99   ,0.40  ,P3RHS1_1247 ,P3RHS1_1247 -> P3RDT1194 ,4.99   ,1.01   ,18692.03   ,1  ,
P3RLV2561 ,1 ,0.42 ,0.33   ,0.11  ,P3RHS1_1247 ,P3RHS1_1247 -> P3RDT1272 ,0.84   ,0.27   ,2790.69    ,1  ,
P3RLV2562 ,1 ,0.42 ,1.57   ,0.52  ,P3RHS1_1247 ,P3RHS1_1247 -> P3RDT1272 ,3.93   ,1.29   ,13109.00   ,1  ,
P3RLV2563 ,1 ,0.42 ,6.81   ,2.24  ,P3RHS1_1247 ,P3RHS1_1247 -> P3RDT1272 ,17.03  ,5.60   ,56792.36   ,1  ,
P3RLV2564 ,1 ,0.42 ,1.96   ,0.64  ,P3RHS1_1247 ,P3RHS1_1247 -> P3RDT1272 ,4.89   ,1.61   ,16303.63   ,1  ,
P3RLV2565 ,1 ,0.42 ,0.30   ,0.10  ,P3RHS1_1247 ,P3RHS1_1247 -> P3RDT1272 ,0.75   ,0.25   ,2486.65    ,1  ,
P3RLV2566 ,1 ,0.42 ,0.51   ,0.10  ,P3RHS1_1247 ,P3RHS1_1247 -> P3RDT1584 ,1.28   ,0.26   ,5105.97    ,1  ,
P3RLV2567 ,1 ,0.42 ,0.38   ,0.13  ,P3RHS1_1247 ,P3RHS1_1247 -> P3RDT1584 ,0.96   ,0.31   ,3189.96    ,1  ,
P3RLV2568 ,1 ,0.42 ,3.96   ,1.30  ,P3RHS1_1247 ,P3RHS1_1247 -> P3RDT1322 ,9.89   ,3.25   ,32990.92   ,1  ,
P3RLV2569 ,1 ,0.42 ,2.58   ,0.52  ,P3RHS1_1247 ,P3RHS1_1247 -> P3RDT1322 ,6.45   ,1.31   ,24164.38   ,2  ,
P3RLV2570 ,1 ,0.42 ,1.81   ,0.37  ,P3RHS1_1247 ,P3RHS1_1247 -> P3RDT1322 ,4.51   ,0.92   ,16921.75   ,1  ,
P3RLV2571 ,1 ,0.42 ,2.04   ,0.67  ,P3RHS1_1247 ,P3RHS1_1247 -> P3RDT1272 ,5.11   ,1.68   ,17043.41   ,1  ,
P3RLV2572 ,1 ,0.42 ,0.67   ,0.14  ,P3RHS0_1247 ,P3RHS0_1247 -> P3RDT836  ,1.68   ,0.34   ,6486.12    ,1  ,
P3RLV2573 ,1 ,0.42 ,0.59   ,0.19  ,P3RHS1_1247 ,P3RHS1_1247 -> P3RDT1194 ,1.47   ,0.48   ,4915.87    ,1  ,
P3RLV2574 ,3 ,0.42 ,33.65  ,6.83  ,P3RHS1_1247 ,P3RHS1_1247 -> P3RDT1272 ,84.13  ,17.08  ,308237.70  ,1  ,
P3RLV2575 ,1 ,0.42 ,2.61   ,0.53  ,P3RHS0_1247 ,P3RHS0_1247 -> P3RDT836  ,6.54   ,1.33   ,25286.85   ,1  ,
P3RLV2576 ,1 ,0.42 ,0.55   ,0.18  ,P3RHS1_1247 ,P3RHS1_1247 -> P3RDT1584 ,1.38   ,0.45   ,4596.27    ,1  ,
P3RLV2577 ,3 ,0.42 ,26.00  ,8.55  ,P3RHS1_1247 ,P3RHS1_1247 -> P3RDT1272 ,65.01  ,21.37  ,216848.70  ,1  ,
P3RLV2578 ,1 ,0.42 ,1.15   ,0.38  ,P3RHS1_1247 ,P3RHS1_1247 -> P3RDT1584 ,2.88   ,0.95   ,9594.22    ,1  ,
P3RLV2579 ,1 ,0.42 ,2.03   ,0.67  ,P3RHS1_1247 ,P3RHS1_1247 -> P3RDT1194 ,5.08   ,1.67   ,16939.90   ,1  ,
P3RLV2580 ,1 ,0.42 ,1.07   ,0.35  ,P3RHS1_1247 ,P3RHS1_1247 -> P3RDT1584 ,2.67   ,0.88   ,8922.55    ,1  ,
P3RLV2581 ,1 ,0.42 ,0.54   ,0.18  ,P3RHS1_1247 ,P3RHS1_1247 -> P3RDT1584 ,1.34   ,0.44   ,4465.00    ,1  ,
P3RLV2582 ,1 ,0.42 ,2.65   ,0.87  ,P3RHS1_1247 ,P3RHS1_1247 -> P3RDT1272 ,6.63   ,2.18   ,22125.29   ,1  ,
P3RLV2583 ,1 ,0.42 ,1.73   ,0.57  ,P3RHS1_1247 ,P3RHS1_1247 -> P3RDT1584 ,4.33   ,1.42   ,14442.80   ,1  ,
P3RLV2584 ,1 ,0.42 ,7.02   ,1.43  ,P3RHS1_1247 ,P3RHS1_1247 -> P3RDT1272 ,17.56  ,3.57   ,70074.70   ,1  ,
P3RLV2585 ,3 ,0.42 ,40.69  ,8.26  ,P3RHS1_1247 ,P3RHS1_1247 -> P3RDT1272 ,101.73 ,20.66  ,371197.90  ,1  ,
P3RLV2586 ,1 ,0.42 ,1.50   ,0.49  ,P3RHS1_1247 ,P3RHS1_1247 -> P3RDT1272 ,3.75   ,1.23   ,12501.34   ,1  ,
P3RLV2587 ,1 ,0.42 ,1.93   ,0.63  ,P3RHS1_1247 ,P3RHS1_1247 -> P3RDT1272 ,4.83   ,1.59   ,16096.55   ,1  ,
P3RLV2588 ,1 ,0.42 ,4.29   ,1.41  ,P3RHS1_1247 ,P3RHS1_1247 -> P3RDT1584 ,10.74  ,3.53   ,35810.58   ,1  ,
P3RLV2589 ,1 ,0.42 ,3.35   ,1.10  ,P3RHS1_1247 ,P3RHS1_1247 -> P3RDT1584 ,8.38   ,2.75   ,27949.00   ,1  ,
P3RLV2590 ,1 ,0.42 ,1.42   ,0.47  ,P3RHS1_1247 ,P3RHS1_1247 -> P3RDT1272 ,3.55   ,1.17   ,11832.03   ,1  ,
P3RLV2591 ,1 ,0.42 ,5.18   ,1.70  ,P3RHS1_1247 ,P3RHS1_1247 -> P3RDT1272 ,12.95  ,4.26   ,43213.75   ,1  ,
P3RLV2592 ,1 ,0.42 ,2.56   ,0.84  ,P3RHS1_1247 ,P3RHS1_1247 -> P3RDT1584 ,6.41   ,2.11   ,21376.96   ,1  ,
P3RLV2593 ,1 ,0.42 ,3.15   ,1.04  ,P3RHS1_1247 ,P3RHS1_1247 -> P3RDT1584 ,7.89   ,2.59   ,26308.76   ,1  ,
P3RLV2594 ,1 ,0.42 ,2.72   ,0.89  ,P3RHS1_1247 ,P3RHS1_1247 -> P3RDT1272 ,6.80   ,2.24   ,22684.08   ,1  ,
P3RLV2595 ,1 ,0.42 ,1.05   ,0.34  ,P3RHS1_1247 ,P3RHS1_1247 -> P3RDT1584 ,2.62   ,0.86   ,8734.39    ,1  ,
P3RLV2596 ,1 ,0.42 ,1.78   ,0.36  ,P3RHS1_1247 ,P3RHS1_1247 -> P3RDT1272 ,4.45   ,0.90   ,16692.83   ,1  ,
P3RLV2597 ,1 ,0.42 ,0.91   ,0.30  ,P3RHS1_1247 ,P3RHS1_1247 -> P3RDT1272 ,2.28   ,0.75   ,7607.48    ,1  ,
P3RLV2598 ,1 ,0.42 ,0.63   ,0.21  ,P3RHS1_1247 ,P3RHS1_1247 -> P3RDT1272 ,1.58   ,0.52   ,5257.84    ,1  ,
P3RLV2599 ,1 ,0.42 ,0.76   ,0.15  ,P3RHS1_1247 ,P3RHS1_1247 -> P3RDT1194 ,1.90   ,0.39   ,7342.79    ,1  ,
P3RLV2600 ,1 ,0.42 ,1.78   ,0.59  ,P3RHS1_1247 ,P3RHS1_1247 -> P3RDT1428 ,4.46   ,1.47   ,14879.11   ,1  ,
P3RLV2601 ,1 ,0.42 ,0.51   ,0.17  ,P3RHS1_1247 ,P3RHS1_1247 -> P3RDT1272 ,1.29   ,0.42   ,4289.33    ,1  ,
P3RLV2602 ,1 ,0.42 ,1.18   ,0.24  ,P3RHS1_1247 ,P3RHS1_1247 -> P3RDT1194 ,2.94   ,0.60   ,11034.24   ,1  ,
P3RLV2603 ,1 ,0.42 ,0.49   ,0.16  ,P3RHS1_1247 ,P3RHS1_1247 -> P3RDT1272 ,1.22   ,0.40   ,4077.35    ,1  ,
P3RLV2604 ,1 ,0.42 ,2.14   ,0.43  ,P3RHS1_1247 ,P3RHS1_1247 -> P3RDT1272 ,5.35   ,1.09   ,21619.28   ,1  ,
P3RLV2605 ,1 ,0.42 ,6.67   ,1.36  ,P3RHS1_1247 ,P3RHS1_1247 -> P3RDT1194 ,16.68  ,3.39   ,66933.91   ,1  ,
P3RLV2606 ,1 ,0.42 ,0.68   ,0.22  ,P3RHS1_1247 ,P3RHS1_1247 -> P3RDT1194 ,1.69   ,0.56   ,5646.11    ,1  ,
P3RLV2607 ,1 ,0.42 ,1.29   ,0.42  ,P3RHS1_1247 ,P3RHS1_1247 -> P3RDT1272 ,3.22   ,1.06   ,10747.05   ,1  ,
P3RLV2608 ,1 ,0.42 ,2.96   ,0.60  ,P3RHS1_1247 ,P3RHS1_1247 -> P3RDT1194 ,7.39   ,1.50   ,27707.00   ,2  ,
P3RLV2609 ,1 ,0.42 ,2.93   ,0.60  ,P3RHS1_1247 ,P3RHS1_1247 -> P3RDT1428 ,7.33   ,1.49   ,27483.22   ,2  ,
P3RLV2610 ,1 ,0.42 ,18.35  ,3.73  ,P3RHS1_1247 ,P3RHS1_1247 -> P3RDT1194 ,45.87  ,9.31   ,171334.20  ,1  ,
P3RLV2611 ,3 ,0.42 ,63.52  ,12.90 ,P3RHS1_1247 ,P3RHS1_1247 -> P3RDT1194 ,158.80 ,32.25  ,575366.30  ,1  ,
P3RLV2612 ,1 ,0.42 ,3.74   ,0.76  ,P3RHS1_1247 ,P3RHS1_1247 -> P3RDT1428 ,9.35   ,1.90   ,35055.13   ,3  ,
P3RLV2613 ,1 ,0.42 ,1.60   ,0.32  ,P3RHS1_1247 ,P3RHS1_1247 -> P3RDT1194 ,3.99   ,0.81   ,14963.61   ,1  ,
P3RLV2614 ,1 ,0.42 ,2.34   ,0.77  ,P3RHS1_1247 ,P3RHS1_1247 -> P3RDT1194 ,5.84   ,1.92   ,19480.48   ,1  ,
P3RLV2615 ,1 ,0.42 ,0.54   ,0.18  ,P3RHS1_1247 ,P3RHS1_1247 -> P3RDT1584 ,1.36   ,0.45   ,4537.43    ,1  ,
P3RLV2616 ,1 ,0.42 ,1.25   ,0.25  ,P3RHS1_1247 ,P3RHS1_1247 -> P3RDT1194 ,3.13   ,0.64   ,11731.87   ,1  ,
P3RLV2617 ,1 ,0.42 ,1.14   ,0.37  ,P3RHS1_1247 ,P3RHS1_1247 -> P3RDT1194 ,2.84   ,0.93   ,9481.39    ,1  ,
P3RLV2618 ,1 ,0.42 ,1.34   ,0.27  ,P3RHS1_1247 ,P3RHS1_1247 -> P3RDT1194 ,3.35   ,0.68   ,12557.74   ,1  ,
P3RLV2619 ,1 ,0.42 ,2.14   ,0.70  ,P3RHS1_1247 ,P3RHS1_1247 -> P3RDT1584 ,5.36   ,1.76   ,17870.95   ,1  ,
P3RLV2620 ,1 ,0.42 ,1.96   ,0.40  ,P3RHS1_1247 ,P3RHS1_1247 -> P3RDT1194 ,4.89   ,0.99   ,18334.63   ,1  ,
P3RLV2621 ,1 ,0.42 ,3.50   ,0.71  ,P3RHS1_1247 ,P3RHS1_1247 -> P3RDT1194 ,8.76   ,1.78   ,32849.74   ,2  ,
P3RLV2622 ,1 ,0.42 ,0.84   ,0.28  ,P3RHS1_1247 ,P3RHS1_1247 -> P3RDT1584 ,2.11   ,0.69   ,7034.24    ,1  ,
P3RLV2623 ,1 ,0.42 ,1.44   ,0.29  ,P3RHS1_1247 ,P3RHS1_1247 -> P3RDT1194 ,3.61   ,0.73   ,13537.66   ,1  ,
P3RLV2624 ,1 ,0.42 ,1.79   ,0.59  ,P3RHS1_1247 ,P3RHS1_1247 -> P3RDT1194 ,4.46   ,1.47   ,14886.77   ,1  ,
P3RLV2625 ,1 ,0.42 ,2.22   ,0.45  ,P3RHS1_1247 ,P3RHS1_1247 -> P3RDT1194 ,5.54   ,1.13   ,20775.96   ,1  ,
P3RLV2626 ,1 ,0.42 ,15.06  ,3.06  ,P3RHS1_1247 ,P3RHS1_1247 -> P3RDT1194 ,37.66  ,7.65   ,141973.90  ,1  ,
P3RLV2627 ,1 ,0.42 ,1.18   ,0.39  ,P3RHS1_1247 ,P3RHS1_1247 -> P3RDT1194 ,2.96   ,0.97   ,9880.43    ,1  ,
P3RLV2628 ,3 ,0.42 ,29.32  ,5.95  ,P3RHS1_1247 ,P3RHS1_1247 -> P3RDT1194 ,73.31  ,14.89  ,269507.70  ,1  ,
P3RLV2629 ,1 ,0.42 ,2.00   ,0.66  ,P3RHS1_1247 ,P3RHS1_1247 -> P3RDT1584 ,4.99   ,1.64   ,16644.58   ,1  ,
P3RLV2630 ,1 ,0.42 ,0.37   ,0.12  ,P3RHS1_1247 ,P3RHS1_1247 -> P3RDT1272 ,0.92   ,0.30   ,3072.49    ,1  ,
P3RLV2631 ,1 ,0.42 ,1.80   ,0.59  ,P3RHS1_1247 ,P3RHS1_1247 -> P3RDT1428 ,4.50   ,1.48   ,15014.25   ,1  ,
P3RLV2632 ,1 ,0.42 ,2.44   ,0.50  ,P3RHS1_1247 ,P3RHS1_1247 -> P3RDT1194 ,6.10   ,1.24   ,22881.61   ,2  ,
P3RLV2633 ,1 ,0.42 ,5.14   ,1.69  ,P3RHS1_1247 ,P3RHS1_1247 -> P3RDT1272 ,12.85  ,4.22   ,42864.05   ,1  ,
P3RLV2634 ,1 ,0.42 ,14.25  ,2.89  ,P3RHS1_1247 ,P3RHS1_1247 -> P3RDT1205 ,35.62  ,7.23   ,134674.80  ,1  ,
P3RLV2635 ,1 ,0.42 ,9.17   ,1.86  ,P3RHS1_1247 ,P3RHS1_1247 -> P3RDT1205 ,22.94  ,4.66   ,89302.48   ,1  ,
P3RLV2636 ,1 ,0.42 ,1.87   ,0.38  ,P3RHS1_1247 ,P3RHS1_1247 -> P3RDT1584 ,4.67   ,0.95   ,17490.78   ,1  ,
P3RLV2637 ,1 ,0.42 ,1.21   ,0.24  ,P3RHS1_1247 ,P3RHS1_1247 -> P3RDT1194 ,3.01   ,0.61   ,11299.49   ,1  ,
P3RLV2638 ,1 ,0.42 ,1.53   ,0.31  ,P3RHS1_1247 ,P3RHS1_1247 -> P3RDT1194 ,3.83   ,0.78   ,14374.16   ,1  ,
P3RLV2639 ,3 ,0.42 ,121.15 ,24.60 ,P3RHS1_1247 ,P3RHS1_1247 -> P3RDT1194 ,302.88 ,61.50  ,1191652.00 ,1  ,
P3RLV2640 ,1 ,0.42 ,3.85   ,0.78  ,P3RHS1_1247 ,P3RHS1_1247 -> P3RDT1194 ,9.63   ,1.96   ,36115.24   ,3  ,
P3RLV2641 ,3 ,0.42 ,28.46  ,5.78  ,P3RHS0_1247 ,P3RHS0_1247 -> P3RDT1052 ,71.15  ,14.45  ,261779.30  ,1  ,
P3RLV2642 ,1 ,0.42 ,15.80  ,3.21  ,P3RHS0_1247 ,P3RHS0_1247 -> P3RDT1052 ,39.49  ,8.02   ,148523.30  ,1  ,
P3RLV2643 ,3 ,0.42 ,29.67  ,6.03  ,P3RHS1_1247 ,P3RHS1_1247 -> P3RDT1194 ,74.19  ,15.06  ,272653.70  ,1  ,
P3RLV2644 ,3 ,0.42 ,20.20  ,4.10  ,P3RHS1_1247 ,P3RHS1_1247 -> P3RDT1194 ,50.49  ,10.25  ,187889.20  ,1  ,
P3RLV2645 ,3 ,0.42 ,94.00  ,19.09 ,P3RHS0_1247 ,P3RHS0_1247 -> P3RDT1052 ,235.00 ,47.72  ,894821.90  ,1  ,
P3RLV2646 ,1 ,0.42 ,0.59   ,0.12  ,P3RHS1_1247 ,P3RHS1_1247 -> P3RDT1194 ,1.48   ,0.30   ,5824.58    ,1  ,
P3RLV2647 ,1 ,0.42 ,4.61   ,0.94  ,P3RHS1_1247 ,P3RHS1_1247 -> P3RDT1194 ,11.52  ,2.34   ,43195.09   ,3  ,
P3RLV2648 ,1 ,0.42 ,15.81  ,3.21  ,P3RHS0_1247 ,P3RHS0_1247 -> P3RDT1052 ,39.54  ,8.03   ,148690.90  ,1  ,
P3RLV2649 ,1 ,0.42 ,0.80   ,0.16  ,P3RHS1_1247 ,P3RHS1_1247 -> P3RDT1194 ,2.00   ,0.41   ,7695.03    ,1  ,
P3RLV2650 ,1 ,0.42 ,1.25   ,0.25  ,P3RHS1_1247 ,P3RHS1_1247 -> P3RDT1194 ,3.13   ,0.64   ,11727.44   ,1  ,
P3RLV2651 ,1 ,0.42 ,0.90   ,0.18  ,P3RHS1_1247 ,P3RHS1_1247 -> P3RDT1194 ,2.24   ,0.46   ,8546.24    ,1  ,
P3RLV2652 ,1 ,0.42 ,9.88   ,2.01  ,P3RHS0_1247 ,P3RHS0_1247 -> P3RDT1052 ,24.71  ,5.02   ,95644.72   ,1  ,
P3RLV2653 ,3 ,0.42 ,236.97 ,48.12 ,P3RHS1_1247 ,P3RHS1_1247 -> P3RDT1194 ,592.42 ,120.30 ,2457789.00 ,1  ,
P3RLV2654 ,1 ,0.42 ,11.31  ,2.30  ,P3RHS1_1247 ,P3RHS1_1247 -> P3RDT1194 ,28.28  ,5.74   ,108425.40  ,1  ,
P3RLV2655 ,1 ,0.42 ,1.04   ,0.21  ,P3RHS1_1247 ,P3RHS1_1247 -> P3RDT1194 ,2.59   ,0.53   ,9761.65    ,1  ,
P3RLV2656 ,1 ,0.42 ,1.95   ,0.40  ,P3RHS1_1247 ,P3RHS1_1247 -> P3RDT1194 ,4.87   ,0.99   ,18242.64   ,1  ,
P3RLV2657 ,1 ,0.42 ,0.84   ,0.17  ,P3RHS1_1247 ,P3RHS1_1247 -> P3RDT1194 ,2.11   ,0.43   ,8096.67    ,1  ,
P3RLV2658 ,1 ,0.42 ,1.63   ,0.33  ,P3RHS1_1247 ,P3RHS1_1247 -> P3RDT1194 ,4.08   ,0.83   ,15296.87   ,1  ,
P3RLV2659 ,1 ,0.42 ,2.31   ,0.47  ,P3RHS1_1247 ,P3RHS1_1247 -> P3RDT1194 ,5.77   ,1.17   ,21634.01   ,1  ,
P3RLV2660 ,1 ,0.42 ,0.87   ,0.18  ,P3RHS1_1247 ,P3RHS1_1247 -> P3RDT1194 ,2.18   ,0.44   ,8326.46    ,1  ,
P3RLV2661 ,1 ,0.42 ,1.32   ,0.27  ,P3RHS1_1247 ,P3RHS1_1247 -> P3RDT1194 ,3.29   ,0.67   ,12334.73   ,1  ,
P3RLV2662 ,3 ,0.42 ,65.21  ,13.24 ,P3RHS1_1247 ,P3RHS1_1247 -> P3RDT1194 ,163.02 ,33.10  ,590469.80  ,1  ,
P3RLV2663 ,1 ,0.42 ,0.66   ,0.13  ,P3RHS1_1247 ,P3RHS1_1247 -> P3RDT1428 ,1.65   ,0.34   ,6455.03    ,1  ,
P3RLV2664 ,1 ,0.42 ,0.95   ,0.19  ,P3RHS1_1247 ,P3RHS1_1247 -> P3RDT1428 ,2.38   ,0.48   ,9029.50    ,1  ,
P3RLV2665 ,1 ,0.42 ,0.90   ,0.29  ,P3RHS1_1247 ,P3RHS1_1247 -> P3RDT1428 ,2.24   ,0.74   ,7472.26    ,1  ,
P3RLV2666 ,1 ,0.42 ,1.27   ,0.26  ,P3RHS1_1247 ,P3RHS1_1247 -> P3RDT1194 ,3.19   ,0.65   ,11945.41   ,1  ,
P3RLV2667 ,1 ,0.42 ,2.74   ,0.56  ,P3RHS1_1247 ,P3RHS1_1247 -> P3RDT1194 ,6.85   ,1.39   ,25683.79   ,2  ,
P3RLV2668 ,1 ,0.42 ,3.32   ,0.67  ,P3RHS1_1247 ,P3RHS1_1247 -> P3RDT1322 ,8.29   ,1.68   ,33523.29   ,1  ,
P3RLV2669 ,1 ,0.42 ,17.44  ,3.54  ,P3RHS1_1247 ,P3RHS1_1247 -> P3RDT1322 ,43.60  ,8.85   ,163219.80  ,1  ,
P3RLV2670 ,1 ,0.42 ,1.22   ,0.25  ,P3RHS1_1247 ,P3RHS1_1247 -> P3RDT1194 ,3.05   ,0.62   ,11444.20   ,1  ,
P3RLV2671 ,1 ,0.42 ,0.80   ,0.26  ,P3RHS1_1247 ,P3RHS1_1247 -> P3RDT1428 ,2.00   ,0.66   ,6666.13    ,1  ,
P3RLV2672 ,1 ,0.42 ,2.02   ,0.66  ,P3RHS1_1247 ,P3RHS1_1247 -> P3RDT1194 ,5.05   ,1.66   ,16838.42   ,1  ,
P3RLV2673 ,1 ,0.42 ,2.84   ,0.58  ,P3RHS1_1247 ,P3RHS1_1247 -> P3RDT1205 ,7.09   ,1.44   ,26575.67   ,2  ,
P3RLV2674 ,1 ,0.42 ,3.71   ,1.22  ,P3RHS1_1247 ,P3RHS1_1247 -> P3RDT1205 ,9.26   ,3.04   ,30899.11   ,1  ,
P3RLV2675 ,1 ,0.42 ,2.09   ,0.69  ,P3RHS1_1247 ,P3RHS1_1247 -> P3RDT1205 ,5.23   ,1.72   ,17440.07   ,1  ,
P3RLV2676 ,1 ,0.42 ,2.77   ,0.91  ,P3RHS1_1247 ,P3RHS1_1247 -> P3RDT1584 ,6.93   ,2.28   ,23123.68   ,1  ,
P3RLV2677 ,1 ,0.42 ,14.92  ,3.03  ,P3RHS1_1247 ,P3RHS1_1247 -> P3RDT1272 ,37.30  ,7.57   ,140674.90  ,1  ,
P3RLV2678 ,1 ,0.42 ,6.52   ,2.14  ,P3RHS1_1247 ,P3RHS1_1247 -> P3RDT1205 ,16.30  ,5.36   ,54388.32   ,1  ,
P3RLV2679 ,1 ,0.42 ,1.78   ,0.58  ,P3RHS1_1247 ,P3RHS1_1247 -> P3RDT1205 ,4.45   ,1.46   ,14832.74   ,1  ,
P3RLV2680 ,1 ,0.42 ,1.07   ,0.35  ,P3RHS1_1247 ,P3RHS1_1247 -> P3RDT1584 ,2.68   ,0.88   ,8944.46    ,1  ,
P3RLV2681 ,1 ,0.42 ,4.47   ,0.91  ,P3RHS1_1247 ,P3RHS1_1247 -> P3RDT1272 ,11.17  ,2.27   ,45144.34   ,1  ,
P3RLV2682 ,1 ,0.42 ,4.46   ,1.47  ,P3RHS1_1247 ,P3RHS1_1247 -> P3RDT1205 ,11.16  ,3.67   ,37211.36   ,1  ,
P3RLV2683 ,1 ,0.42 ,0.35   ,0.11  ,P3RHS1_1247 ,P3RHS1_1247 -> P3RDT1205 ,0.87   ,0.29   ,2912.73    ,1  ,
P3RLV2684 ,1 ,0.42 ,4.88   ,0.99  ,P3RHS1_1247 ,P3RHS1_1247 -> P3RDT1205 ,12.19  ,2.48   ,45698.25   ,3  ,
P3RLV2685 ,1 ,0.42 ,3.06   ,1.01  ,P3RHS1_1247 ,P3RHS1_1247 -> P3RDT1205 ,7.66   ,2.52   ,25556.82   ,1  ,
P3RLV2686 ,1 ,0.42 ,4.47   ,0.91  ,P3RHS1_1247 ,P3RHS1_1247 -> P3RDT1272 ,11.18  ,2.27   ,45200.42   ,1  ,
P3RLV2687 ,1 ,0.42 ,3.07   ,1.01  ,P3RHS1_1247 ,P3RHS1_1247 -> P3RDT1205 ,7.68   ,2.52   ,25610.95   ,1  ,
P3RLV2688 ,1 ,0.42 ,1.73   ,0.57  ,P3RHS1_1247 ,P3RHS1_1247 -> P3RDT1205 ,4.31   ,1.42   ,14388.53   ,1  ,
P3RLV2689 ,1 ,0.42 ,4.38   ,1.44  ,P3RHS1_1247 ,P3RHS1_1247 -> P3RDT1205 ,10.94  ,3.60   ,36505.16   ,1  ,
P3RLV2690 ,1 ,0.42 ,1.54   ,0.51  ,P3RHS1_1247 ,P3RHS1_1247 -> P3RDT1205 ,3.86   ,1.27   ,12881.37   ,1  ,
P3RLV2691 ,1 ,0.42 ,0.36   ,0.12  ,P3RHS1_1247 ,P3RHS1_1247 -> P3RDT1584 ,0.90   ,0.29   ,2988.67    ,1  ,
P3RLV2692 ,1 ,0.42 ,0.87   ,0.29  ,P3RHS1_1247 ,P3RHS1_1247 -> P3RDT1205 ,2.18   ,0.71   ,7255.47    ,1  ,
P3RLV2693 ,1 ,0.42 ,1.95   ,0.64  ,P3RHS1_1247 ,P3RHS1_1247 -> P3RDT1194 ,4.86   ,1.60   ,16227.35   ,1  ,
P3RLV2694 ,1 ,0.42 ,2.00   ,0.41  ,P3RHS1_1247 ,P3RHS1_1247 -> P3RDT1205 ,5.00   ,1.01   ,18737.84   ,1  ,
P3RLV2695 ,1 ,0.42 ,1.21   ,0.40  ,P3RHS1_1247 ,P3RHS1_1247 -> P3RDT1205 ,3.03   ,0.99   ,10097.27   ,1  ,
P3RLV2696 ,1 ,0.42 ,2.81   ,0.57  ,P3RHS1_1247 ,P3RHS1_1247 -> P3RDT1194 ,7.03   ,1.43   ,26371.79   ,2  ,
P3RLV2697 ,1 ,0.42 ,9.26   ,1.88  ,P3RHS1_1247 ,P3RHS1_1247 -> P3RDT1194 ,23.15  ,4.70   ,90073.54   ,1  ,
P3RLV2698 ,1 ,0.42 ,1.31   ,0.27  ,P3RHS1_1247 ,P3RHS1_1247 -> P3RDT1194 ,3.29   ,0.67   ,12318.71   ,1  ,
P3RLV2699 ,1 ,0.42 ,1.71   ,0.35  ,P3RHS1_1247 ,P3RHS1_1247 -> P3RDT1194 ,4.28   ,0.87   ,16057.21   ,1  ,
P3RLV2700 ,1 ,0.42 ,1.25   ,0.25  ,P3RHS1_1247 ,P3RHS1_1247 -> P3RDT1194 ,3.12   ,0.63   ,11684.08   ,1  ,
P3RLV2701 ,1 ,0.42 ,2.27   ,0.46  ,P3RHS1_1247 ,P3RHS1_1247 -> P3RDT1194 ,5.67   ,1.15   ,21274.79   ,1  ,
P3RLV2702 ,1 ,0.42 ,2.15   ,0.44  ,P3RHS1_1247 ,P3RHS1_1247 -> P3RDT1194 ,5.36   ,1.09   ,20109.50   ,1  ,
P3RLV2703 ,1 ,0.42 ,2.07   ,0.68  ,P3RHS1_1247 ,P3RHS1_1247 -> P3RDT1194 ,5.18   ,1.70   ,34003.39   ,1  ,
P3RLV2704 ,1 ,0.42 ,1.47   ,0.30  ,P3RHS1_1247 ,P3RHS1_1247 -> P3RDT1194 ,3.68   ,0.75   ,13784.35   ,1  ,
P3RLV2705 ,1 ,0.42 ,2.59   ,0.53  ,P3RHS1_1247 ,P3RHS1_1247 -> P3RDT1194 ,6.47   ,1.31   ,24260.00   ,2  ,
P3RLV2706 ,1 ,0.42 ,2.09   ,0.43  ,P3RHS1_1247 ,P3RHS1_1247 -> P3RDT1194 ,5.24   ,1.06   ,19633.43   ,1  ,
P3RLV2707 ,3 ,0.42 ,36.57  ,7.43  ,P3RHS1_1247 ,P3RHS1_1247 -> P3RDT1205 ,91.43  ,18.57  ,334356.00  ,1  ,
P3RLV2708 ,1 ,0.42 ,2.98   ,0.60  ,P3RHS1_1247 ,P3RHS1_1247 -> P3RDT1194 ,7.44   ,1.51   ,27891.99   ,2  ,
P3RLV2709 ,1 ,0.42 ,2.47   ,0.50  ,P3RHS1_1247 ,P3RHS1_1247 -> P3RDT1194 ,6.17   ,1.25   ,23131.29   ,2  ,
P3RLV2710 ,1 ,0.42 ,4.34   ,0.88  ,P3RHS1_1247 ,P3RHS1_1247 -> P3RDT1194 ,10.86  ,2.21   ,40720.91   ,3  ,
P3RLV2711 ,1 ,0.42 ,6.94   ,2.28  ,P3RHS1_1247 ,P3RHS1_1247 -> P3RDT1194 ,17.34  ,5.70   ,113956.20  ,1  ,
P3RLV2712 ,1 ,0.42 ,2.44   ,0.49  ,P3RHS1_1247 ,P3RHS1_1247 -> P3RDT1194 ,6.09   ,1.24   ,22842.17   ,2  ,
P3RLV2713 ,1 ,0.42 ,2.30   ,0.47  ,P3RHS1_1247 ,P3RHS1_1247 -> P3RDT1194 ,5.74   ,1.17   ,21518.13   ,1  ,
P3RLV2714 ,1 ,0.42 ,2.48   ,0.50  ,P3RHS1_1247 ,P3RHS1_1247 -> P3RDT1194 ,6.19   ,1.26   ,23218.31   ,2  ,
P3RLV2715 ,1 ,0.42 ,2.04   ,0.42  ,P3RHS1_1247 ,P3RHS1_1247 -> P3RDT1194 ,5.11   ,1.04   ,19160.88   ,1  ,
P3RLV2716 ,1 ,0.42 ,2.32   ,0.47  ,P3RHS1_1247 ,P3RHS1_1247 -> P3RDT1194 ,5.80   ,1.18   ,21729.12   ,2  ,
P3RLV2717 ,1 ,0.42 ,4.78   ,0.97  ,P3RHS1_1247 ,P3RHS1_1247 -> P3RDT1194 ,11.94  ,2.42   ,44763.78   ,3  ,
P3RLV2718 ,1 ,0.42 ,2.18   ,0.44  ,P3RHS1_1247 ,P3RHS1_1247 -> P3RDT1194 ,5.44   ,1.10   ,20401.58   ,1  ,
P3RLV2719 ,1 ,0.42 ,1.13   ,0.23  ,P3RHS1_1247 ,P3RHS1_1247 -> P3RDT1194 ,2.82   ,0.57   ,10585.17   ,1  ,
P3RLV2720 ,1 ,0.42 ,11.72  ,2.38  ,P3RHS1_1247 ,P3RHS1_1247 -> P3RDT1205 ,29.30  ,5.95   ,112053.50  ,1  ,
P3RLV2721 ,1 ,0.42 ,2.08   ,0.42  ,P3RHS1_1247 ,P3RHS1_1247 -> P3RDT1194 ,5.21   ,1.06   ,19521.91   ,1  ,
P3RLV2722 ,1 ,0.42 ,1.32   ,0.27  ,P3RHS1_1247 ,P3RHS1_1247 -> P3RDT1194 ,3.30   ,0.67   ,12374.10   ,1  ,
P3RLV2723 ,1 ,0.42 ,8.66   ,2.85  ,P3RHS1_1247 ,P3RHS1_1247 -> P3RDT1194 ,21.64  ,7.11   ,72191.87   ,1  ,
P3RLV2724 ,1 ,0.42 ,1.20   ,0.24  ,P3RHS1_1247 ,P3RHS1_1247 -> P3RDT1194 ,3.01   ,0.61   ,11277.80   ,1  ,
P3RLV2725 ,1 ,0.42 ,3.51   ,0.71  ,P3RHS1_1247 ,P3RHS1_1247 -> P3RDT1194 ,8.77   ,1.78   ,32888.50   ,2  ,
P3RLV2726 ,1 ,0.42 ,0.63   ,0.13  ,P3RHS1_1247 ,P3RHS1_1247 -> P3RDT1194 ,1.58   ,0.32   ,6212.19    ,1  ,
P3RLV2727 ,1 ,0.42 ,1.89   ,0.38  ,P3RHS1_1247 ,P3RHS1_1247 -> P3RDT1194 ,4.73   ,0.96   ,17749.61   ,1  ,
P3RLV2728 ,1 ,0.42 ,14.97  ,4.92  ,P3RHS1_1247 ,P3RHS1_1247 -> P3RDT1194 ,37.43  ,12.30  ,124856.20  ,1  ,
P3RLV2729 ,1 ,0.42 ,1.63   ,0.33  ,P3RHS1_1247 ,P3RHS1_1247 -> P3RDT1194 ,4.07   ,0.83   ,15255.01   ,1  ,
P3RLV2730 ,1 ,0.42 ,2.94   ,0.97  ,P3RHS1_1247 ,P3RHS1_1247 -> P3RDT1194 ,7.36   ,2.42   ,24544.79   ,1  ,
P3RLV2731 ,1 ,0.42 ,5.31   ,1.08  ,P3RHS1_1247 ,P3RHS1_1247 -> P3RDT1194 ,13.28  ,2.70   ,49778.66   ,4  ,
P3RLV2732 ,1 ,0.42 ,16.57  ,3.36  ,P3RHS1_1247 ,P3RHS1_1247 -> P3RDT1205 ,41.43  ,8.41   ,155459.00  ,1  ,
P3RLV2733 ,1 ,0.42 ,1.64   ,0.33  ,P3RHS1_1247 ,P3RHS1_1247 -> P3RDT1194 ,4.09   ,0.83   ,15345.35   ,1  ,
P3RLV2734 ,1 ,0.42 ,4.19   ,0.85  ,P3RHS1_1247 ,P3RHS1_1247 -> P3RDT1194 ,10.48  ,2.13   ,39306.86   ,3  ,
P3RLV2735 ,1 ,0.42 ,0.68   ,0.14  ,P3RHS1_1247 ,P3RHS1_1247 -> P3RDT1194 ,1.69   ,0.34   ,6610.83    ,1  ,
P3RLV2736 ,1 ,0.42 ,2.71   ,0.55  ,P3RHS1_1247 ,P3RHS1_1247 -> P3RDT1194 ,6.78   ,1.38   ,25426.02   ,2  ,
P3RLV2700 ,1 ,0.42 ,1.43   ,0.29  ,P3RHS1_1247 ,P3RHS1_1247 -> P3RDT1194 ,3.57   ,0.72   ,13376.56   ,1  ,
P3RLV2738 ,1 ,0.42 ,3.61   ,0.73  ,P3RHS1_1247 ,P3RHS1_1247 -> P3RDT1194 ,9.03   ,1.83   ,33839.79   ,2  ,
P3RLV2739 ,1 ,0.42 ,2.54   ,0.52  ,P3RHS1_1247 ,P3RHS1_1247 -> P3RDT1194 ,6.35   ,1.29   ,23802.91   ,2  ,
P3RLV2740 ,1 ,0.42 ,2.39   ,0.48  ,P3RHS1_1247 ,P3RHS1_1247 -> P3RDT1194 ,5.97   ,1.21   ,22371.33   ,2  ,
P3RLV2741 ,1 ,0.42 ,2.66   ,0.54  ,P3RHS1_1247 ,P3RHS1_1247 -> P3RDT1194 ,6.65   ,1.35   ,24933.26   ,2  ,
P3RLV2742 ,1 ,0.42 ,2.65   ,0.54  ,P3RHS1_1247 ,P3RHS1_1247 -> P3RDT1194 ,6.63   ,1.35   ,24866.76   ,2  ,
P3RLV2743 ,1 ,0.42 ,7.91   ,1.61  ,P3RHS1_1247 ,P3RHS1_1247 -> P3RDT1205 ,19.78  ,4.02   ,78022.50   ,1  ,
P3RLV2744 ,1 ,0.42 ,2.79   ,0.92  ,P3RHS1_1247 ,P3RHS1_1247 -> P3RDT1194 ,6.98   ,2.29   ,23282.12   ,1  ,
P3RLV2745 ,1 ,0.42 ,15.59  ,5.12  ,P3RHS1_1247 ,P3RHS1_1247 -> P3RDT1194 ,38.97  ,12.81  ,256037.00  ,1  ,
P3RLV2746 ,1 ,0.42 ,2.00   ,0.41  ,P3RHS1_1247 ,P3RHS1_1247 -> P3RDT1194 ,5.01   ,1.02   ,18768.03   ,1  ,
P3RLV2747 ,1 ,0.42 ,0.31   ,0.10  ,P3RHS1_1247 ,P3RHS1_1247 -> P3RDT1194 ,0.78   ,0.26   ,2595.27    ,1  ,
P3RLV2748 ,1 ,0.42 ,1.14   ,0.23  ,P3RHS1_1247 ,P3RHS1_1247 -> P3RDT1194 ,2.85   ,0.58   ,10674.25   ,1  ,
P3RLV2749 ,1 ,0.42 ,1.56   ,0.51  ,P3RHS1_1247 ,P3RHS1_1247 -> P3RDT1272 ,3.90   ,1.28   ,13013.09   ,1  ,
P3RLV2750 ,3 ,0.42 ,104.83 ,21.29 ,P3RHS1_1247 ,P3RHS1_1247 -> P3RDT1194 ,262.06 ,53.21  ,1013155.00 ,1  ,
P3RLV2751 ,1 ,0.42 ,1.54   ,0.31  ,P3RHS1_1247 ,P3RHS1_1247 -> P3RDT1194 ,3.85   ,0.78   ,15556.24   ,1  ,
P3RLV2752 ,1 ,0.42 ,3.40   ,0.69  ,P3RHS1_1247 ,P3RHS1_1247 -> P3RDT1194 ,8.51   ,1.73   ,34392.56   ,1  ,
P3RLV2753 ,1 ,0.42 ,3.11   ,1.02  ,P3RHS1_1247 ,P3RHS1_1247 -> P3RDT1272 ,7.76   ,2.55   ,25899.89   ,1  ,
P3RLV2754 ,1 ,0.42 ,2.91   ,0.59  ,P3RHS1_1247 ,P3RHS1_1247 -> P3RDT1194 ,7.27   ,1.48   ,29374.17   ,1  ,
P3RLV2755 ,1 ,0.42 ,8.68   ,1.76  ,P3RHS1_1247 ,P3RHS1_1247 -> P3RDT1194 ,21.71  ,4.41   ,84919.45   ,1  ,
P3RLV2756 ,1 ,0.42 ,4.37   ,0.89  ,P3RHS1_1247 ,P3RHS1_1247 -> P3RDT1194 ,10.93  ,2.22   ,44176.58   ,1  ,
P3RLV2757 ,3 ,0.42 ,22.36  ,7.35  ,P3RHS1_1247 ,P3RHS1_1247 -> P3RDT1272 ,55.90  ,18.37  ,186481.30  ,1  ,
P3RLV2758 ,3 ,0.42 ,30.83  ,6.26  ,P3RHS1_1247 ,P3RHS1_1247 -> P3RDT1194 ,77.09  ,15.65  ,283028.30  ,1  ,
P3RLV2759 ,1 ,0.42 ,2.97   ,0.98  ,P3RHS1_1247 ,P3RHS1_1247 -> P3RDT1272 ,7.43   ,2.44   ,24799.48   ,1  ,
P3RLV2760 ,3 ,0.42 ,133.85 ,27.18 ,P3RHS1_1247 ,P3RHS1_1247 -> P3RDT1194 ,334.64 ,67.95  ,1330503.00 ,1  ,
P3RLV2761 ,1 ,0.42 ,8.27   ,1.68  ,P3RHS1_1247 ,P3RHS1_1247 -> P3RDT1194 ,20.68  ,4.20   ,81242.70   ,1  ,
P3RLV2762 ,1 ,0.42 ,2.47   ,0.50  ,P3RHS1_1247 ,P3RHS1_1247 -> P3RDT1194 ,6.18   ,1.26   ,24986.93   ,1  ,
P3RLV2763 ,1 ,0.42 ,9.06   ,2.98  ,P3RHS1_1247 ,P3RHS1_1247 -> P3RDT1272 ,22.64  ,7.44   ,75521.80   ,1  ,
P3RLV2764 ,1 ,0.42 ,0.66   ,0.22  ,P3RHS1_1247 ,P3RHS1_1247 -> P3RDT1428 ,1.64   ,0.54   ,5470.97    ,1  ,
P3RLV2765 ,1 ,0.42 ,1.10   ,0.22  ,P3RHS1_1247 ,P3RHS1_1247 -> P3RDT1322 ,2.76   ,0.56   ,10347.41   ,1  ,
P3RLV2766 ,1 ,0.42 ,1.54   ,0.51  ,P3RHS1_1247 ,P3RHS1_1247 -> P3RDT1428 ,3.86   ,1.27   ,12880.53   ,1  ,
P3RLV2767 ,1 ,0.42 ,3.20   ,1.05  ,P3RHS1_1247 ,P3RHS1_1247 -> P3RDT1428 ,7.99   ,2.63   ,26664.90   ,1  ,
P3RLV2768 ,1 ,0.42 ,0.41   ,0.14  ,P3RHS1_1247 ,P3RHS1_1247 -> P3RDT1194 ,1.03   ,0.34   ,3439.87    ,1  ,
P3RLV2769 ,1 ,0.42 ,3.63   ,0.74  ,P3RHS1_1247 ,P3RHS1_1247 -> P3RDT1272 ,9.07   ,1.84   ,36662.38   ,1  ,
P3RLV2770 ,1 ,0.42 ,8.61   ,1.75  ,P3RHS1_1247 ,P3RHS1_1247 -> P3RDT1272 ,21.53  ,4.37   ,84277.67   ,1  ,
P3RLV2771 ,1 ,0.42 ,3.17   ,0.64  ,P3RHS1_1247 ,P3RHS1_1247 -> P3RDT1272 ,7.92   ,1.61   ,31997.73   ,1  ,
P3RLV2772 ,1 ,0.42 ,3.51   ,1.15  ,P3RHS1_1247 ,P3RHS1_1247 -> P3RDT1272 ,8.76   ,2.88   ,29237.12   ,1  ,
P3RLV2773 ,1 ,0.42 ,0.39   ,0.13  ,P3RHS1_1247 ,P3RHS1_1247 -> P3RDT1272 ,0.98   ,0.32   ,3280.41    ,1  ,
P3RLV2774 ,1 ,0.42 ,0.39   ,0.13  ,P3RHS1_1247 ,P3RHS1_1247 -> P3RDT1272 ,0.98   ,0.32   ,3285.46    ,1  ,
P3RLV2775 ,1 ,0.42 ,3.81   ,1.25  ,P3RHS1_1247 ,P3RHS1_1247 -> P3RDT1272 ,9.52   ,3.13   ,31741.71   ,1  ,
P3RLV2776 ,1 ,0.42 ,1.98   ,0.65  ,P3RHS1_1247 ,P3RHS1_1247 -> P3RDT1272 ,4.96   ,1.63   ,16552.00   ,1  ,
P3RLV2777 ,1 ,0.42 ,9.38   ,3.08  ,P3RHS1_1247 ,P3RHS1_1247 -> P3RDT1272 ,23.46  ,7.71   ,78254.66   ,1  ,
P3RLV2778 ,1 ,0.42 ,1.74   ,0.57  ,P3RHS1_1247 ,P3RHS1_1247 -> P3RDT1272 ,4.36   ,1.43   ,14551.18   ,1  ,
P3RLV2779 ,1 ,0.42 ,0.25   ,0.08  ,P3RHS1_1247 ,P3RHS1_1247 -> P3RDT1272 ,0.64   ,0.21   ,2120.05    ,1  ,
P3RLV2780 ,1 ,0.42 ,1.47   ,0.48  ,P3RHS1_1247 ,P3RHS1_1247 -> P3RDT1272 ,3.66   ,1.20   ,12217.49   ,1  ,
P3RLV2781 ,1 ,0.42 ,12.46  ,2.53  ,P3RHS1_1247 ,P3RHS1_1247 -> P3RDT1322 ,31.14  ,6.32   ,118646.60  ,1  ,
P3RLV2782 ,1 ,0.42 ,0.26   ,0.08  ,P3RHS1_1247 ,P3RHS1_1247 -> P3RDT1322 ,0.65   ,0.21   ,2154.59    ,1  ,
P3RLV2783 ,3 ,0.42 ,23.93  ,4.86  ,P3RHS1_1247 ,P3RHS1_1247 -> P3RDT1322 ,59.83  ,12.15  ,221283.50  ,1  ,
P3RLV2784 ,1 ,0.42 ,4.40   ,0.89  ,P3RHS1_1247 ,P3RHS1_1247 -> P3RDT1322 ,10.99  ,2.23   ,44442.12   ,1  ,
P3RLV2785 ,1 ,0.42 ,0.79   ,0.26  ,P3RHS1_1247 ,P3RHS1_1247 -> P3RDT1322 ,1.98   ,0.65   ,6611.59    ,1  ,
P3RLV2786 ,1 ,0.42 ,0.48   ,0.16  ,P3RHS1_1247 ,P3RHS1_1247 -> P3RDT1322 ,1.20   ,0.39   ,3994.40    ,1  ,
P3RLV2787 ,1 ,0.42 ,1.97   ,0.40  ,P3RHS1_1247 ,P3RHS1_1247 -> P3RDT1272 ,4.92   ,1.00   ,18456.24   ,1  ,
P3RLV2788 ,1 ,0.42 ,1.19   ,0.39  ,P3RHS1_1247 ,P3RHS1_1247 -> P3RDT1272 ,2.97   ,0.97   ,9893.82    ,1  ,
P3RLV2789 ,1 ,0.42 ,2.37   ,0.78  ,P3RHS1_1247 ,P3RHS1_1247 -> P3RDT1272 ,5.92   ,1.94   ,19733.49   ,1  ,
P3RLV2790 ,1 ,0.42 ,4.06   ,0.82  ,P3RHS1_1247 ,P3RHS1_1247 -> P3RDT1272 ,10.16  ,2.06   ,38074.65   ,3  ,
P3RLV2791 ,1 ,0.42 ,0.45   ,0.15  ,P3RHS1_1247 ,P3RHS1_1247 -> P3RDT1272 ,1.14   ,0.37   ,3788.04    ,1  ,
P3RLV2792 ,1 ,0.42 ,1.29   ,0.26  ,P3RHS1_1247 ,P3RHS1_1247 -> P3RDT1272 ,3.21   ,0.65   ,12049.69   ,1  ,
P3RLV2793 ,1 ,0.42 ,1.85   ,0.38  ,P3RHS1_1247 ,P3RHS1_1247 -> P3RDT1272 ,4.63   ,0.94   ,17349.73   ,1  ,
P3RLV2794 ,1 ,0.42 ,2.22   ,0.45  ,P3RHS1_1247 ,P3RHS1_1247 -> P3RDT1272 ,5.55   ,1.13   ,20822.76   ,1  ,
P3RLV2795 ,1 ,0.42 ,0.65   ,0.13  ,P3RHS1_1247 ,P3RHS1_1247 -> P3RDT1272 ,1.63   ,0.33   ,6363.29    ,1  ,
P3RLV2796 ,1 ,0.42 ,1.00   ,0.20  ,P3RHS1_1247 ,P3RHS1_1247 -> P3RDT1272 ,2.49   ,0.51   ,9401.23    ,1  ,
P3RLV2797 ,1 ,0.42 ,2.48   ,0.81  ,P3RHS1_1247 ,P3RHS1_1247 -> P3RDT1272 ,6.20   ,2.04   ,20671.82   ,1  ,
P3RLV2798 ,1 ,0.42 ,0.91   ,0.30  ,P3RHS1_1247 ,P3RHS1_1247 -> P3RDT1272 ,2.26   ,0.74   ,7553.80    ,1  ,
P3RLV2799 ,1 ,0.42 ,2.57   ,0.85  ,P3RHS1_1247 ,P3RHS1_1247 -> P3RDT1272 ,6.43   ,2.11   ,21445.40   ,1  ,
P3RLV2800 ,1 ,0.42 ,3.32   ,0.67  ,P3RHS1_1247 ,P3RHS1_1247 -> P3RDT1272 ,8.29   ,1.68   ,31082.57   ,2  ,
P3RLV2801 ,1 ,0.42 ,0.68   ,0.14  ,P3RHS1_1247 ,P3RHS1_1247 -> P3RDT1272 ,1.69   ,0.34   ,6587.46    ,1  ,
P3RLV2802 ,1 ,0.42 ,1.57   ,0.32  ,P3RHS1_1247 ,P3RHS1_1247 -> P3RDT1272 ,3.92   ,0.80   ,14697.07   ,1  ,
P3RLV2803 ,1 ,0.42 ,2.18   ,0.72  ,P3RHS1_1247 ,P3RHS1_1247 -> P3RDT1272 ,5.46   ,1.79   ,18200.38   ,1  ,
P3RLV2804 ,1 ,0.42 ,2.34   ,0.77  ,P3RHS1_1247 ,P3RHS1_1247 -> P3RDT1272 ,5.85   ,1.92   ,19511.62   ,1  ,
P3RLV2805 ,1 ,0.42 ,0.87   ,0.18  ,P3RHS1_1247 ,P3RHS1_1247 -> P3RDT1272 ,2.19   ,0.44   ,8351.26    ,1  ,
P3RLV2806 ,1 ,0.42 ,1.12   ,0.23  ,P3RHS1_1247 ,P3RHS1_1247 -> P3RDT1272 ,2.81   ,0.57   ,10522.04   ,1  ,
P3RLV2807 ,1 ,0.42 ,0.48   ,0.16  ,P3RHS1_1247 ,P3RHS1_1247 -> P3RDT1272 ,1.19   ,0.39   ,3980.24    ,1  ,
P3RLV2808 ,1 ,0.42 ,4.24   ,1.39  ,P3RHS1_1247 ,P3RHS1_1247 -> P3RDT1272 ,10.59  ,3.48   ,35322.06   ,1  ,
P3RLV2809 ,1 ,0.42 ,3.31   ,0.67  ,P3RHS1_1247 ,P3RHS1_1247 -> P3RDT1272 ,8.27   ,1.68   ,31020.56   ,2  ,
P3RLV2810 ,1 ,0.42 ,0.73   ,0.15  ,P3RHS1_1247 ,P3RHS1_1247 -> P3RDT1272 ,1.83   ,0.37   ,7103.22    ,1  ,
P3RLV2811 ,1 ,0.42 ,1.06   ,0.35  ,P3RHS1_1247 ,P3RHS1_1247 -> P3RDT1272 ,2.65   ,0.87   ,8828.35    ,1  ,
P3RLV2812 ,1 ,0.42 ,1.80   ,0.37  ,P3RHS1_1247 ,P3RHS1_1247 -> P3RDT1272 ,4.51   ,0.92   ,16899.32   ,1  ,
P3RLV2813 ,1 ,0.42 ,0.90   ,0.29  ,P3RHS1_1247 ,P3RHS1_1247 -> P3RDT1272 ,2.24   ,0.74   ,7477.41    ,1  ,
P3RLV2814 ,1 ,0.42 ,2.10   ,0.43  ,P3RHS1_1247 ,P3RHS1_1247 -> P3RDT1272 ,5.25   ,1.07   ,19678.97   ,1  ,
P3RLV2815 ,1 ,0.42 ,3.08   ,0.63  ,P3RHS1_1247 ,P3RHS1_1247 -> P3RDT1272 ,7.70   ,1.56   ,28874.97   ,2  ,
P3RLV2816 ,1 ,0.42 ,4.82   ,0.98  ,P3RHS1_1247 ,P3RHS1_1247 -> P3RDT1272 ,12.05  ,2.45   ,45164.11   ,3  ,
P3RLV2817 ,1 ,0.42 ,0.76   ,0.25  ,P3RHS1_1247 ,P3RHS1_1247 -> P3RDT1272 ,1.90   ,0.63   ,6343.28    ,1  ,
P3RLV2818 ,1 ,0.42 ,1.50   ,0.30  ,P3RHS1_1247 ,P3RHS1_1247 -> P3RDT1322 ,3.74   ,0.76   ,14028.11   ,1  ,
P3RLV2819 ,1 ,0.42 ,0.48   ,0.10  ,P3RHS1_1247 ,P3RHS1_1247 -> P3RDT1272 ,1.21   ,0.25   ,4868.07    ,1  ,
P3RLV2820 ,1 ,0.42 ,3.58   ,0.73  ,P3RHS1_1247 ,P3RHS1_1247 -> P3RDT1272 ,8.95   ,1.82   ,33551.24   ,2  ,
P3RLV2821 ,1 ,0.42 ,2.30   ,0.47  ,P3RHS1_1247 ,P3RHS1_1247 -> P3RDT1272 ,5.76   ,1.17   ,21597.66   ,1  ,
P3RLV2822 ,1 ,0.42 ,0.71   ,0.14  ,P3RHS1_1247 ,P3RHS1_1247 -> P3RDT1272 ,1.78   ,0.36   ,6919.26    ,1  ,
P3RLV2823 ,1 ,0.42 ,14.60  ,2.96  ,P3RHS1_1247 ,P3RHS1_1247 -> P3RDT1272 ,36.50  ,7.41   ,137809.70  ,1  ,
P3RLV2824 ,1 ,0.42 ,3.57   ,0.73  ,P3RHS1_1247 ,P3RHS1_1247 -> P3RDT1272 ,8.93   ,1.81   ,33486.42   ,2  ,
P3RLV2825 ,1 ,0.42 ,1.62   ,0.33  ,P3RHS1_1247 ,P3RHS1_1247 -> P3RDT1322 ,4.05   ,0.82   ,15166.96   ,1  ,
P3RLV2826 ,1 ,0.42 ,2.07   ,0.42  ,P3RHS1_1247 ,P3RHS1_1247 -> P3RDT1272 ,5.18   ,1.05   ,19402.37   ,1  ,
P3RLV2827 ,1 ,0.42 ,1.23   ,0.25  ,P3RHS1_1247 ,P3RHS1_1247 -> P3RDT1272 ,3.08   ,0.63   ,11559.34   ,1  ,
P3RLV2828 ,1 ,0.42 ,15.14  ,3.07  ,P3RHS1_1247 ,P3RHS1_1247 -> P3RDT1272 ,37.86  ,7.69   ,142682.00  ,1  ,
P3RLV2829 ,1 ,0.42 ,1.44   ,0.29  ,P3RHS1_1247 ,P3RHS1_1247 -> P3RDT1584 ,3.60   ,0.73   ,13485.04   ,1  ,
P3RLV2830 ,1 ,0.42 ,1.43   ,0.29  ,P3RHS1_1247 ,P3RHS1_1247 -> P3RDT1272 ,3.56   ,0.72   ,13364.29   ,1  ,
P3RLV2831 ,1 ,0.42 ,0.43   ,0.09  ,P3RHS1_1247 ,P3RHS1_1247 -> P3RDT1584 ,1.07   ,0.22   ,4348.41    ,1  ,
P3RLV2832 ,3 ,0.42 ,29.47  ,5.98  ,P3RHS1_1247 ,P3RHS1_1247 -> P3RDT1272 ,73.67  ,14.96  ,270797.80  ,1  ,
P3RLV2833 ,1 ,0.42 ,1.61   ,0.33  ,P3RHS1_1247 ,P3RHS1_1247 -> P3RDT1322 ,4.03   ,0.82   ,15094.36   ,1  ,
P3RLV2834 ,1 ,0.42 ,0.35   ,0.07  ,P3RHS1_1247 ,P3RHS1_1247 -> P3RDT1322 ,0.88   ,0.18   ,3645.31    ,1  ,
P3RLV2835 ,1 ,0.42 ,0.70   ,0.14  ,P3RHS1_1247 ,P3RHS1_1247 -> P3RDT1272 ,1.76   ,0.36   ,6839.21    ,1  ,
P3RLV2836 ,1 ,0.42 ,5.16   ,1.05  ,P3RHS1_1247 ,P3RHS1_1247 -> P3RDT1272 ,12.90  ,2.62   ,48350.04   ,4  ,
P3RLV2837 ,3 ,0.42 ,21.59  ,4.38  ,P3RHS1_1247 ,P3RHS1_1247 -> P3RDT1272 ,53.98  ,10.96  ,200369.20  ,1  ,
P3RLV2838 ,1 ,0.42 ,2.32   ,0.47  ,P3RHS1_1247 ,P3RHS1_1247 -> P3RDT1272 ,5.81   ,1.18   ,21768.45   ,2  ,
P3RLV2839 ,1 ,0.42 ,1.38   ,0.28  ,P3RHS1_1247 ,P3RHS1_1247 -> P3RDT1322 ,3.46   ,0.70   ,12957.99   ,1  ,
P3RLV2840 ,1 ,0.42 ,1.11   ,0.23  ,P3RHS1_1247 ,P3RHS1_1247 -> P3RDT1322 ,2.77   ,0.56   ,10386.82   ,1  ,
P3RLV2841 ,1 ,0.42 ,1.40   ,0.28  ,P3RHS1_1247 ,P3RHS1_1247 -> P3RDT1322 ,3.49   ,0.71   ,13075.53   ,1  ,
P3RLV2842 ,1 ,0.42 ,0.71   ,0.14  ,P3RHS1_1247 ,P3RHS1_1247 -> P3RDT1322 ,1.78   ,0.36   ,6928.41    ,1  ,
P3RLV2843 ,1 ,0.42 ,1.02   ,0.21  ,P3RHS1_1247 ,P3RHS1_1247 -> P3RDT1322 ,2.55   ,0.52   ,9599.73    ,1  ,
P3RLV2844 ,1 ,0.42 ,1.62   ,0.33  ,P3RHS1_1247 ,P3RHS1_1247 -> P3RDT1322 ,4.05   ,0.82   ,15186.86   ,1  ,
P3RLV2845 ,1 ,0.42 ,1.12   ,0.23  ,P3RHS1_1247 ,P3RHS1_1247 -> P3RDT1322 ,2.80   ,0.57   ,10498.36   ,1  ,
P3RLV2846 ,1 ,0.42 ,1.09   ,0.22  ,P3RHS1_1247 ,P3RHS1_1247 -> P3RDT1322 ,2.72   ,0.55   ,10207.44   ,1  ,
P3RLV2847 ,1 ,0.42 ,1.25   ,0.25  ,P3RHS1_1247 ,P3RHS1_1247 -> P3RDT1322 ,3.12   ,0.63   ,11696.89   ,1  ,
P3RLV2848 ,1 ,0.42 ,1.78   ,0.36  ,P3RHS1_1247 ,P3RHS1_1247 -> P3RDT1322 ,4.44   ,0.90   ,16646.18   ,1  ,
P3RLV2849 ,1 ,0.42 ,0.45   ,0.09  ,P3RHS1_1247 ,P3RHS1_1247 -> P3RDT1322 ,1.12   ,0.23   ,4535.81    ,1  ,
P3RLV2850 ,1 ,0.42 ,1.12   ,0.23  ,P3RHS1_1247 ,P3RHS1_1247 -> P3RDT1322 ,2.80   ,0.57   ,10484.02   ,1  ,
P3RLV2851 ,1 ,0.42 ,0.82   ,0.17  ,P3RHS1_1247 ,P3RHS1_1247 -> P3RDT1322 ,2.05   ,0.42   ,7872.54    ,1  ,
P3RLV2852 ,1 ,0.42 ,1.14   ,0.23  ,P3RHS1_1247 ,P3RHS1_1247 -> P3RDT1322 ,2.84   ,0.58   ,10645.96   ,1  ,
P3RLV2853 ,1 ,0.42 ,1.13   ,0.23  ,P3RHS1_1247 ,P3RHS1_1247 -> P3RDT1322 ,2.83   ,0.57   ,10614.18   ,1  ,
P3RLV2854 ,1 ,0.42 ,1.27   ,0.26  ,P3RHS1_1247 ,P3RHS1_1247 -> P3RDT1322 ,3.18   ,0.65   ,11939.13   ,1  ,
P3RLV2855 ,1 ,0.42 ,2.22   ,0.45  ,P3RHS1_1247 ,P3RHS1_1247 -> P3RDT1322 ,5.55   ,1.13   ,20799.05   ,1  ,
P3RLV2856 ,1 ,0.42 ,1.35   ,0.27  ,P3RHS1_1247 ,P3RHS1_1247 -> P3RDT1322 ,3.37   ,0.68   ,12644.52   ,1  ,
P3RLV2857 ,1 ,0.42 ,1.06   ,0.21  ,P3RHS1_1247 ,P3RHS1_1247 -> P3RDT1322 ,2.64   ,0.54   ,9918.90    ,1  ,
P3RLV2858 ,1 ,0.42 ,0.88   ,0.18  ,P3RHS1_1247 ,P3RHS1_1247 -> P3RDT1322 ,2.19   ,0.44   ,8357.75    ,1  ,
P3RLV2859 ,1 ,0.42 ,3.04   ,0.62  ,P3RHS1_1247 ,P3RHS1_1247 -> P3RDT1322 ,7.59   ,1.54   ,28452.97   ,2  ,
P3RLV2860 ,1 ,0.42 ,1.60   ,0.32  ,P3RHS1_1247 ,P3RHS1_1247 -> P3RDT1322 ,4.00   ,0.81   ,14995.44   ,1  ,
P3RLV2861 ,1 ,0.42 ,1.07   ,0.22  ,P3RHS1_1247 ,P3RHS1_1247 -> P3RDT1322 ,2.67   ,0.54   ,10023.36   ,1  ,
P3RLV2862 ,1 ,0.42 ,0.85   ,0.17  ,P3RHS1_1247 ,P3RHS1_1247 -> P3RDT1322 ,2.12   ,0.43   ,8112.08    ,1  ,
P3RLV2863 ,1 ,0.42 ,2.85   ,0.58  ,P3RHS1_1247 ,P3RHS1_1247 -> P3RDT1322 ,7.12   ,1.44   ,26675.11   ,2  ,
P3RLV2864 ,1 ,0.42 ,1.65   ,0.33  ,P3RHS1_1247 ,P3RHS1_1247 -> P3RDT1322 ,4.12   ,0.84   ,15452.43   ,1  ,
P3RLV2865 ,1 ,0.42 ,1.56   ,0.32  ,P3RHS1_1247 ,P3RHS1_1247 -> P3RDT1322 ,3.90   ,0.79   ,14606.92   ,1  ,
P3RLV2866 ,1 ,0.42 ,1.44   ,0.29  ,P3RHS1_1247 ,P3RHS1_1247 -> P3RDT1322 ,3.59   ,0.73   ,13466.65   ,1  ,
P3RLV2867 ,1 ,0.42 ,1.02   ,0.21  ,P3RHS1_1247 ,P3RHS1_1247 -> P3RDT1322 ,2.54   ,0.52   ,9565.25    ,1  ,
P3RLV2868 ,1 ,0.42 ,1.18   ,0.24  ,P3RHS1_1247 ,P3RHS1_1247 -> P3RDT1322 ,2.94   ,0.60   ,11038.74   ,1  ,
P3RLV2869 ,1 ,0.42 ,1.08   ,0.22  ,P3RHS1_1247 ,P3RHS1_1247 -> P3RDT1322 ,2.71   ,0.55   ,10147.10   ,1  ,
P3RLV2870 ,1 ,0.42 ,1.70   ,0.35  ,P3RHS1_1247 ,P3RHS1_1247 -> P3RDT1322 ,4.26   ,0.86   ,15964.32   ,1  ,
P3RLV2871 ,1 ,0.42 ,1.41   ,0.29  ,P3RHS1_1247 ,P3RHS1_1247 -> P3RDT1322 ,3.53   ,0.72   ,13221.05   ,1  ,
P3RLV2872 ,1 ,0.42 ,1.26   ,0.26  ,P3RHS1_1247 ,P3RHS1_1247 -> P3RDT1322 ,3.14   ,0.64   ,11776.13   ,1  ,
P3RLV2873 ,1 ,0.42 ,1.19   ,0.24  ,P3RHS1_1247 ,P3RHS1_1247 -> P3RDT1322 ,2.98   ,0.60   ,11153.59   ,1  ,
P3RLV2874 ,1 ,0.42 ,2.39   ,0.49  ,P3RHS1_1247 ,P3RHS1_1247 -> P3RDT1322 ,5.97   ,1.21   ,22398.76   ,2  ,
P3RLV2875 ,1 ,0.42 ,1.20   ,0.24  ,P3RHS1_1247 ,P3RHS1_1247 -> P3RDT1322 ,2.99   ,0.61   ,11216.34   ,1  ,
P3RLV2876 ,1 ,0.42 ,0.95   ,0.19  ,P3RHS1_1247 ,P3RHS1_1247 -> P3RDT1322 ,2.39   ,0.48   ,9039.61    ,1  ,
P3RLV2877 ,1 ,0.42 ,0.89   ,0.18  ,P3RHS1_1247 ,P3RHS1_1247 -> P3RDT1322 ,2.24   ,0.45   ,8521.58    ,1  ,
P3RLV2878 ,1 ,0.42 ,1.01   ,0.21  ,P3RHS1_1247 ,P3RHS1_1247 -> P3RDT1322 ,2.53   ,0.51   ,9531.58    ,1  ,
P3RLV2879 ,1 ,0.42 ,6.87   ,2.26  ,P3RHS1_1247 ,P3RHS1_1247 -> P3RDT1194 ,17.17  ,5.64   ,57284.96   ,1  ,
P3RLV2880 ,3 ,0.42 ,19.14  ,6.29  ,P3RHS1_1247 ,P3RHS1_1247 -> P3RDT1194 ,47.86  ,15.73  ,159639.60  ,1  ,
P3RLV2881 ,1 ,0.42 ,2.09   ,0.69  ,P3RHS1_1247 ,P3RHS1_1247 -> P3RDT1194 ,5.21   ,1.71   ,17389.74   ,1  ,
P3RLV2882 ,3 ,0.42 ,37.74  ,7.66  ,P3RHS1_1247 ,P3RHS1_1247 -> P3RDT1194 ,94.36  ,19.16  ,344832.00  ,1  ,
P3RLV2883 ,1 ,0.42 ,6.04   ,1.23  ,P3RHS1_1247 ,P3RHS1_1247 -> P3RDT1194 ,15.09  ,3.06   ,56581.86   ,4  ,
P3RLV2884 ,1 ,0.42 ,0.83   ,0.27  ,P3RHS1_1247 ,P3RHS1_1247 -> P3RDT1194 ,2.06   ,0.68   ,6887.44    ,1  ,
P3RLV2885 ,1 ,0.42 ,2.58   ,0.85  ,P3RHS1_1247 ,P3RHS1_1247 -> P3RDT1194 ,6.45   ,2.12   ,21514.21   ,1  ,
P3RLV2886 ,1 ,0.42 ,1.51   ,0.31  ,P3RHS1_1247 ,P3RHS1_1247 -> P3RDT1194 ,3.78   ,0.77   ,14183.04   ,1  ,
P3RLV2887 ,1 ,0.42 ,4.48   ,1.47  ,P3RHS1_1247 ,P3RHS1_1247 -> P3RDT1194 ,11.20  ,3.68   ,37350.46   ,1  ,
P3RLV2888 ,3 ,0.42 ,41.63  ,13.68 ,P3RHS1_1247 ,P3RHS1_1247 -> P3RDT1194 ,104.07 ,34.21  ,347143.10  ,1  ,
P3RLV2889 ,1 ,0.42 ,1.18   ,0.24  ,P3RHS1_1247 ,P3RHS1_1247 -> P3RDT1194 ,2.95   ,0.60   ,11070.89   ,1  ,
P3RLV2890 ,1 ,0.42 ,2.36   ,0.48  ,P3RHS1_1247 ,P3RHS1_1247 -> P3RDT1194 ,5.89   ,1.20   ,22082.30   ,2  ,
P3RLV2891 ,1 ,0.42 ,2.76   ,0.56  ,P3RHS1_1247 ,P3RHS1_1247 -> P3RDT1194 ,6.91   ,1.40   ,25907.06   ,2  ,
P3RLV2892 ,1 ,0.42 ,0.60   ,0.20  ,P3RHS1_1247 ,P3RHS1_1247 -> P3RDT1194 ,1.51   ,0.49   ,5022.45    ,1  ,
P3RLV2893 ,1 ,0.42 ,9.24   ,1.88  ,P3RHS1_1247 ,P3RHS1_1247 -> P3RDT1194 ,23.10  ,4.69   ,86592.83   ,7  ,
P3RLV2894 ,1 ,0.42 ,2.65   ,0.87  ,P3RHS1_1247 ,P3RHS1_1247 -> P3RDT1194 ,6.63   ,2.18   ,22109.79   ,1  ,
P3RLV2895 ,1 ,0.42 ,3.33   ,1.09  ,P3RHS1_1247 ,P3RHS1_1247 -> P3RDT1194 ,8.31   ,2.73   ,27733.68   ,1  ,
P3RLV2896 ,1 ,0.42 ,4.85   ,0.99  ,P3RHS1_1247 ,P3RHS1_1247 -> P3RDT1194 ,12.13  ,2.46   ,45479.93   ,3  ,
P3RLV2897 ,1 ,0.42 ,1.51   ,0.31  ,P3RHS1_1247 ,P3RHS1_1247 -> P3RDT1584 ,3.78   ,0.77   ,14171.82   ,1  ,
P3RLV2898 ,1 ,0.42 ,1.64   ,0.54  ,P3RHS1_1247 ,P3RHS1_1247 -> P3RDT1584 ,4.10   ,1.35   ,13661.21   ,1  ,
P3RLV2899 ,1 ,0.42 ,1.70   ,0.56  ,P3RHS1_1247 ,P3RHS1_1247 -> P3RDT1584 ,4.26   ,1.40   ,14217.92   ,1  ,
P3RLV2900 ,1 ,0.42 ,2.89   ,0.95  ,P3RHS1_1247 ,P3RHS1_1247 -> P3RDT1272 ,7.23   ,2.38   ,24118.95   ,1  ,
P3RLV2901 ,1 ,0.42 ,3.42   ,1.12  ,P3RHS1_1247 ,P3RHS1_1247 -> P3RDT1272 ,8.56   ,2.81   ,28540.65   ,1  ,
P3RLV2902 ,1 ,0.42 ,0.91   ,0.30  ,P3RHS1_1247 ,P3RHS1_1247 -> P3RDT1428 ,2.27   ,0.75   ,7586.36    ,1  ,
P3RLV2903 ,1 ,0.42 ,0.35   ,0.11  ,P3RHS1_1247 ,P3RHS1_1247 -> P3RDT1272 ,0.87   ,0.29   ,2892.52    ,1  ,
P3RLV2904 ,1 ,0.42 ,4.87   ,1.60  ,P3RHS1_1247 ,P3RHS1_1247 -> P3RDT1272 ,12.16  ,4.00   ,40576.23   ,1  ,
P3RLV2905 ,1 ,0.42 ,1.11   ,0.37  ,P3RHS1_1247 ,P3RHS1_1247 -> P3RDT1428 ,2.78   ,0.91   ,9274.95    ,1  ,
P3RLV2906 ,1 ,0.42 ,2.84   ,0.93  ,P3RHS1_1247 ,P3RHS1_1247 -> P3RDT1272 ,7.09   ,2.33   ,23666.64   ,1  ,
P3RLV2907 ,1 ,0.42 ,0.33   ,0.11  ,P3RHS1_1247 ,P3RHS1_1247 -> P3RDT1272 ,0.84   ,0.27   ,2785.80    ,1  ,
P3RLV2908 ,1 ,0.42 ,9.19   ,3.02  ,P3RHS1_1247 ,P3RHS1_1247 -> P3RDT1272 ,22.98  ,7.55   ,76644.81   ,1  ,
P3RLV2909 ,1 ,0.42 ,2.76   ,0.91  ,P3RHS1_1247 ,P3RHS1_1247 -> P3RDT1428 ,6.91   ,2.27   ,23053.18   ,1  ,
P3RLV2910 ,1 ,0.42 ,4.32   ,1.42  ,P3RHS1_1247 ,P3RHS1_1247 -> P3RDT1272 ,10.80  ,3.55   ,36040.65   ,1  ,
P3RLV2911 ,1 ,0.42 ,0.46   ,0.15  ,P3RHS1_1247 ,P3RHS1_1247 -> P3RDT1428 ,1.15   ,0.38   ,3844.72    ,1  ,
P3RLV2912 ,1 ,0.42 ,2.52   ,0.83  ,P3RHS1_1247 ,P3RHS1_1247 -> P3RDT1428 ,6.29   ,2.07   ,20983.16   ,1  ,
P3RLV2913 ,1 ,0.42 ,1.54   ,0.51  ,P3RHS1_1247 ,P3RHS1_1247 -> P3RDT1428 ,3.85   ,1.26   ,12827.92   ,1  ,
P3RLV2914 ,1 ,0.42 ,4.38   ,0.89  ,P3RHS1_1247 ,P3RHS1_1247 -> P3RDT1194 ,10.94  ,2.22   ,41009.36   ,3  ,
P3RLV2915 ,1 ,0.42 ,3.31   ,1.09  ,P3RHS1_1247 ,P3RHS1_1247 -> P3RDT1205 ,8.27   ,2.72   ,27573.87   ,1  ,
P3RLV2916 ,1 ,0.42 ,1.94   ,0.39  ,P3RHS1_1247 ,P3RHS1_1247 -> P3RDT1194 ,4.86   ,0.99   ,18225.54   ,1  ,
P3RLV2917 ,1 ,0.42 ,5.51   ,1.12  ,P3RHS1_1247 ,P3RHS1_1247 -> P3RDT1272 ,13.79  ,2.80   ,55731.30   ,1  ,
P3RLV2918 ,1 ,0.42 ,1.18   ,0.39  ,P3RHS1_1247 ,P3RHS1_1247 -> P3RDT1272 ,2.96   ,0.97   ,9868.56    ,1  ,
P3RLV2919 ,1 ,0.42 ,4.00   ,0.81  ,P3RHS1_1247 ,P3RHS1_1247 -> P3RDT1322 ,10.00  ,2.03   ,40423.59   ,1  ,
P3RLV2920 ,3 ,0.42 ,57.48  ,11.67 ,P3RHS1_1247 ,P3RHS1_1247 -> P3RDT1322 ,143.70 ,29.18  ,521345.90  ,1  ,
P3RLV2921 ,1 ,0.42 ,7.54   ,1.53  ,P3RHS1_1247 ,P3RHS1_1247 -> P3RDT1322 ,18.86  ,3.83   ,74712.62   ,1  ,
P3RLV2922 ,1 ,0.42 ,5.58   ,1.13  ,P3RHS1_1247 ,P3RHS1_1247 -> P3RDT1322 ,13.95  ,2.83   ,56378.58   ,1  ,
P3RLV2923 ,3 ,0.42 ,124.21 ,25.22 ,P3RHS1_1247 ,P3RHS1_1247 -> P3RDT1322 ,310.53 ,63.06  ,1225105.00 ,1  ,
P3RLV2924 ,3 ,0.42 ,21.76  ,4.42  ,P3RHS1_1247 ,P3RHS1_1247 -> P3RDT1322 ,54.40  ,11.05  ,201862.70  ,1  ,
P3RLV2925 ,1 ,0.42 ,3.40   ,0.69  ,P3RHS1_1247 ,P3RHS1_1247 -> P3RDT1322 ,8.50   ,1.73   ,34339.77   ,1  ,
P3RLV2926 ,1 ,0.42 ,0.73   ,0.15  ,P3RHS1_1247 ,P3RHS1_1247 -> P3RDT1322 ,1.82   ,0.37   ,7343.44    ,1  ,
P3RLV2927 ,1 ,0.42 ,5.72   ,1.16  ,P3RHS1_1247 ,P3RHS1_1247 -> P3RDT1322 ,14.30  ,2.90   ,57793.81   ,1  ,
P3RLV2928 ,1 ,0.42 ,2.00   ,0.66  ,P3RHS1_1247 ,P3RHS1_1247 -> P3RDT1322 ,5.01   ,1.65   ,32898.96   ,1  ,
P3RLV2921 ,1 ,0.42 ,2.01   ,0.41  ,P3RHS1_1247 ,P3RHS1_1247 -> P3RDT1322 ,5.03   ,1.02   ,20316.40   ,1  ,
P3RLV2930 ,3 ,0.42 ,28.25  ,5.74  ,P3RHS1_1247 ,P3RHS1_1247 -> P3RDT1322 ,70.64  ,14.34  ,259947.60  ,1  ,
P3RLV2931 ,1 ,0.42 ,8.33   ,1.69  ,P3RHS1_1247 ,P3RHS1_1247 -> P3RDT1322 ,20.81  ,4.23   ,81709.46   ,1  ,
P3RLV2932 ,1 ,0.42 ,4.94   ,1.00  ,P3RHS1_1247 ,P3RHS1_1247 -> P3RDT1322 ,12.34  ,2.51   ,49879.14   ,1  ,
P3RLV2933 ,1 ,0.42 ,11.87  ,2.41  ,P3RHS1_1247 ,P3RHS1_1247 -> P3RDT1272 ,29.66  ,6.02   ,113372.90  ,1  ,
P3RLV2934 ,3 ,0.42 ,34.23  ,6.95  ,P3RHS1_1247 ,P3RHS1_1247 -> P3RDT1322 ,85.58  ,17.38  ,313416.50  ,1  ,
P3RLV2935 ,1 ,0.42 ,11.00  ,2.23  ,P3RHS1_1247 ,P3RHS1_1247 -> P3RDT1272 ,27.50  ,5.58   ,105629.80  ,1  ,
P3RLV2936 ,1 ,0.42 ,3.19   ,1.05  ,P3RHS1_1247 ,P3RHS1_1247 -> P3RDT1322 ,7.98   ,2.62   ,52455.24   ,1  ,
P3RLV2937 ,1 ,0.42 ,2.14   ,0.43  ,P3RHS1_1247 ,P3RHS1_1247 -> P3RDT1322 ,5.35   ,1.09   ,20702.08   ,1  ,
P3RLV2938 ,1 ,0.42 ,0.46   ,0.09  ,P3RHS1_1247 ,P3RHS1_1247 -> P3RDT1322 ,1.14   ,0.23   ,4401.71    ,1  ,
P3RLV2939 ,1 ,0.42 ,2.31   ,0.47  ,P3RHS1_1247 ,P3RHS1_1247 -> P3RDT1322 ,5.77   ,1.17   ,23323.65   ,1  ,
P3RLV2940 ,1 ,0.42 ,13.69  ,2.78  ,P3RHS1_1247 ,P3RHS1_1247 -> P3RDT1322 ,34.23  ,6.95   ,129704.60  ,1  ,
P3RLV2941 ,1 ,0.42 ,0.44   ,0.14  ,P3RHS1_1247 ,P3RHS1_1247 -> P3RDT1272 ,1.09   ,0.36   ,3652.62    ,1  ,
P3RLV2942 ,1 ,0.42 ,18.46  ,3.75  ,P3RHS1_1247 ,P3RHS1_1247 -> P3RDT1322 ,46.16  ,9.37   ,172376.90  ,1  ,
P3RLV2943 ,1 ,0.42 ,1.36   ,0.45  ,P3RHS1_1247 ,P3RHS1_1247 -> P3RDT1194 ,3.39   ,1.11   ,22273.68   ,1  ,
P3RLV2944 ,1 ,0.42 ,2.20   ,0.72  ,P3RHS1_1247 ,P3RHS1_1247 -> P3RDT1272 ,5.51   ,1.81   ,18363.78   ,1  ,
P3RLV2945 ,1 ,0.42 ,0.77   ,0.16  ,P3RHS1_1247 ,P3RHS1_1247 -> P3RDT1322 ,1.91   ,0.39   ,7400.83    ,1  ,
P3RLV2946 ,1 ,0.42 ,4.25   ,0.86  ,P3RHS1_1247 ,P3RHS1_1247 -> P3RDT1322 ,10.64  ,2.16   ,42988.96   ,1  ,
P3RLV2947 ,1 ,0.42 ,0.98   ,0.32  ,P3RHS1_1247 ,P3RHS1_1247 -> P3RDT1272 ,2.44   ,0.80   ,8144.99    ,1  ,
P3RLV2948 ,1 ,0.42 ,0.70   ,0.23  ,P3RHS1_1247 ,P3RHS1_1247 -> P3RDT1272 ,1.75   ,0.57   ,5825.10    ,1  ,
P3RLV2949 ,3 ,0.42 ,41.35  ,13.59 ,P3RHS1_1247 ,P3RHS1_1247 -> P3RDT1322 ,103.37 ,33.98  ,679144.40  ,1  ,
P3RLV2950 ,1 ,0.42 ,3.11   ,0.63  ,P3RHS1_1247 ,P3RHS1_1247 -> P3RDT1322 ,7.77   ,1.58   ,31426.69   ,1  ,
P3RLV2951 ,3 ,0.42 ,21.72  ,4.41  ,P3RHS1_1247 ,P3RHS1_1247 -> P3RDT1272 ,54.29  ,11.02  ,201474.50  ,1  ,
P3RLV2952 ,1 ,0.42 ,3.35   ,0.68  ,P3RHS1_1247 ,P3RHS1_1247 -> P3RDT1322 ,8.38   ,1.70   ,33877.21   ,1  ,
P3RLV2953 ,1 ,0.42 ,4.08   ,0.83  ,P3RHS1_1247 ,P3RHS1_1247 -> P3RDT1322 ,10.19  ,2.07   ,41180.80   ,1  ,
P3RLV2954 ,1 ,0.42 ,0.51   ,0.10  ,P3RHS1_1247 ,P3RHS1_1247 -> P3RDT1322 ,1.26   ,0.26   ,4891.20    ,1  ,
P3RLV2955 ,1 ,0.42 ,5.94   ,1.21  ,P3RHS1_1247 ,P3RHS1_1247 -> P3RDT1322 ,14.86  ,3.02   ,60076.33   ,1  ,
P3RLV2956 ,3 ,0.42 ,35.51  ,11.67 ,P3RHS1_1247 ,P3RHS1_1247 -> P3RDT1322 ,88.79  ,29.18  ,583321.30  ,1  ,
P3RLV2957 ,1 ,0.42 ,4.86   ,0.99  ,P3RHS1_1247 ,P3RHS1_1247 -> P3RDT1322 ,12.16  ,2.47   ,49143.77   ,1  ,
P3RLV2958 ,1 ,0.42 ,1.67   ,0.34  ,P3RHS1_1247 ,P3RHS1_1247 -> P3RDT1322 ,4.18   ,0.85   ,16885.83   ,1  ,
P3RLV2959 ,1 ,0.42 ,5.44   ,1.11  ,P3RHS1_1247 ,P3RHS1_1247 -> P3RDT1194 ,13.61  ,2.76   ,55011.04   ,1  ,
P3RLV2960 ,1 ,0.42 ,1.26   ,0.42  ,P3RHS1_1247 ,P3RHS1_1247 -> P3RDT1194 ,3.16   ,1.04   ,10539.08   ,1  ,
P3RLV2961 ,1 ,0.42 ,1.22   ,0.40  ,P3RHS1_1247 ,P3RHS1_1247 -> P3RDT1194 ,3.06   ,1.01   ,20091.75   ,1  ,
P3RLV2962 ,1 ,0.42 ,3.90   ,1.28  ,P3RHS1_1247 ,P3RHS1_1247 -> P3RDT1194 ,9.75   ,3.21   ,32528.17   ,1  ,
P3RLV2963 ,1 ,0.42 ,3.82   ,0.78  ,P3RHS1_1247 ,P3RHS1_1247 -> P3RDT1194 ,9.55   ,1.94   ,38605.18   ,1  ,
P3RLV2964 ,1 ,0.42 ,11.94  ,3.92  ,P3RHS1_1247 ,P3RHS1_1247 -> P3RDT1194 ,29.85  ,9.81   ,196084.80  ,1  ,
P3RLV2965 ,1 ,0.42 ,3.74   ,1.23  ,P3RHS1_1247 ,P3RHS1_1247 -> P3RDT1194 ,9.36   ,3.08   ,31218.47   ,1  ,
P3RLV2966 ,1 ,0.42 ,1.07   ,0.35  ,P3RHS1_1247 ,P3RHS1_1247 -> P3RDT1194 ,2.68   ,0.88   ,8926.29    ,1  ,
P3RLV2967 ,1 ,0.42 ,2.62   ,0.86  ,P3RHS1_1247 ,P3RHS1_1247 -> P3RDT1194 ,6.55   ,2.15   ,21841.16   ,1  ,
P3RLV2968 ,1 ,0.42 ,9.46   ,1.92  ,P3RHS1_1247 ,P3RHS1_1247 -> P3RDT1194 ,23.66  ,4.80   ,91888.98   ,1  ,
P3RLV2969 ,1 ,0.42 ,0.81   ,0.27  ,P3RHS1_1247 ,P3RHS1_1247 -> P3RDT1194 ,2.02   ,0.66   ,13270.67   ,1  ,
P3RLV2970 ,1 ,0.42 ,10.52  ,2.14  ,P3RHS1_1247 ,P3RHS1_1247 -> P3RDT1194 ,26.29  ,5.34   ,101305.10  ,1  ,
P3RLV2971 ,1 ,0.42 ,2.92   ,0.96  ,P3RHS1_1247 ,P3RHS1_1247 -> P3RDT1194 ,7.31   ,2.40   ,24378.04   ,1  ,
P3RLV2972 ,1 ,0.42 ,0.86   ,0.28  ,P3RHS1_1247 ,P3RHS1_1247 -> P3RDT1194 ,2.14   ,0.70   ,7154.11    ,1  ,
P3RLV2973 ,1 ,0.42 ,12.24  ,4.02  ,P3RHS1_1247 ,P3RHS1_1247 -> P3RDT1194 ,30.61  ,10.06  ,201075.30  ,1  ,
P3RLV2974 ,1 ,0.42 ,3.59   ,1.18  ,P3RHS1_1247 ,P3RHS1_1247 -> P3RDT1194 ,8.97   ,2.95   ,29923.29   ,1  ,
P3RLV2975 ,1 ,0.42 ,2.91   ,0.96  ,P3RHS1_1247 ,P3RHS1_1247 -> P3RDT1428 ,7.27   ,2.39   ,24245.16   ,1  ,
P3RLV2976 ,3 ,0.42 ,48.87  ,16.06 ,P3RHS1_1247 ,P3RHS1_1247 -> P3RDT1194 ,122.17 ,40.15  ,407524.10  ,1  ,
P3RLV2977 ,1 ,0.42 ,1.18   ,0.39  ,P3RHS1_1247 ,P3RHS1_1247 -> P3RDT1194 ,2.95   ,0.97   ,9830.62    ,1  ,
P3RLV2978 ,1 ,0.42 ,2.04   ,0.67  ,P3RHS1_1247 ,P3RHS1_1247 -> P3RDT1194 ,5.11   ,1.68   ,17029.95   ,1  ,
P3RLV2979 ,1 ,0.42 ,1.34   ,0.44  ,P3RHS1_1247 ,P3RHS1_1247 -> P3RDT1194 ,3.35   ,1.10   ,11174.82   ,1  ,
P3RLV2980 ,1 ,0.42 ,1.81   ,0.37  ,P3RHS1_1247 ,P3RHS1_1247 -> P3RDT1194 ,4.52   ,0.92   ,16960.59   ,1  ,
P3RLV2981 ,1 ,0.42 ,11.56  ,3.80  ,P3RHS1_1247 ,P3RHS1_1247 -> P3RDT1194 ,28.90  ,9.50   ,96394.26   ,1  ,
P3RLV2982 ,1 ,0.42 ,16.79  ,5.52  ,P3RHS1_1247 ,P3RHS1_1247 -> P3RDT1194 ,41.98  ,13.80  ,140040.50  ,1  ,
P3RLV2983 ,1 ,0.42 ,2.30   ,0.76  ,P3RHS1_1247 ,P3RHS1_1247 -> P3RDT1194 ,5.76   ,1.89   ,19200.58   ,1  ,
P3RLV2984 ,1 ,0.42 ,1.52   ,0.50  ,P3RHS1_1247 ,P3RHS1_1247 -> P3RDT1194 ,3.80   ,1.25   ,12670.95   ,1  ,
P3RLV2985 ,1 ,0.42 ,1.37   ,0.45  ,P3RHS1_1247 ,P3RHS1_1247 -> P3RDT1428 ,3.44   ,1.13   ,11462.62   ,1  ,
P3RLV2986 ,1 ,0.42 ,1.35   ,0.44  ,P3RHS1_1247 ,P3RHS1_1247 -> P3RDT1428 ,3.37   ,1.11   ,11232.65   ,1  ,
P3RLV2987 ,1 ,0.42 ,1.61   ,0.53  ,P3RHS1_1247 ,P3RHS1_1247 -> P3RDT1194 ,4.03   ,1.32   ,13438.64   ,1  ,
P3RLV2988 ,1 ,0.42 ,9.96   ,3.27  ,P3RHS1_1247 ,P3RHS1_1247 -> P3RDT1194 ,24.90  ,8.18   ,83051.73   ,1  ,
P3RLV2989 ,1 ,0.42 ,7.79   ,1.58  ,P3RHS1_1247 ,P3RHS1_1247 -> P3RDT1194 ,19.48  ,3.96   ,76939.20   ,1  ,
P3RLV2990 ,1 ,0.42 ,2.20   ,0.72  ,P3RHS1_1247 ,P3RHS1_1247 -> P3RDT1194 ,5.49   ,1.81   ,18327.78   ,1  ,
P3RLV2991 ,1 ,0.42 ,5.96   ,1.96  ,P3RHS1_1247 ,P3RHS1_1247 -> P3RDT1194 ,14.89  ,4.89   ,49666.51   ,1  ,
P3RLV2992 ,1 ,0.42 ,2.64   ,0.87  ,P3RHS1_1247 ,P3RHS1_1247 -> P3RDT1194 ,6.59   ,2.17   ,21982.59   ,1  ,
P3RLV2993 ,3 ,0.42 ,19.85  ,4.03  ,P3RHS1_1247 ,P3RHS1_1247 -> P3RDT1194 ,49.62  ,10.07  ,184749.20  ,1  ,
P3RLV2994 ,3 ,0.42 ,42.48  ,13.96 ,P3RHS1_1247 ,P3RHS1_1247 -> P3RDT1194 ,106.19 ,34.90  ,354226.90  ,1  ,
P3RLV2995 ,3 ,0.42 ,117.77 ,38.71 ,P3RHS1_1247 ,P3RHS1_1247 -> P3RDT1194 ,294.42 ,96.77  ,982097.70  ,1  ,
P3RLV2996 ,1 ,0.42 ,0.46   ,0.15  ,P3RHS1_1247 ,P3RHS1_1247 -> P3RDT1194 ,1.14   ,0.37   ,3801.86    ,1  ,
P3RLV2997 ,1 ,0.42 ,0.49   ,0.16  ,P3RHS1_1247 ,P3RHS1_1247 -> P3RDT1272 ,1.23   ,0.41   ,4112.78    ,1  ,
P3RLV2998 ,3 ,0.42 ,26.99  ,5.48  ,P3RHS1_1247 ,P3RHS1_1247 -> P3RDT1272 ,67.48  ,13.70  ,248641.20  ,1  ,
P3RLV2999 ,3 ,0.42 ,25.52  ,5.18  ,P3RHS1_1247 ,P3RHS1_1247 -> P3RDT1272 ,63.79  ,12.95  ,235473.00  ,1  ,
P3RLV3000 ,1 ,0.42 ,16.38  ,3.33  ,P3RHS1_1247 ,P3RHS1_1247 -> P3RDT1272 ,40.94  ,8.31   ,153711.30  ,1  ,
P3RLV3001 ,1 ,0.42 ,11.96  ,2.43  ,P3RHS1_1247 ,P3RHS1_1247 -> P3RDT1272 ,29.91  ,6.07   ,114251.30  ,1  ,
P3RLV3002 ,3 ,0.42 ,22.51  ,4.57  ,P3RHS1_1247 ,P3RHS1_1247 -> P3RDT1272 ,56.26  ,11.43  ,208535.60  ,1  ,
P3RLV3003 ,1 ,0.42 ,1.97   ,0.40  ,P3RHS1_1247 ,P3RHS1_1247 -> P3RDT1272 ,4.92   ,1.00   ,18430.14   ,1  ,
P3RLV3004 ,1 ,0.42 ,9.06   ,1.84  ,P3RHS1_1247 ,P3RHS1_1247 -> P3RDT1272 ,22.64  ,4.60   ,88247.83   ,1  ,
P3RLV3005 ,3 ,0.42 ,21.12  ,4.29  ,P3RHS1_1247 ,P3RHS1_1247 -> P3RDT1272 ,52.79  ,10.72  ,196097.60  ,1  ,
P3RLV3006 ,3 ,0.42 ,21.69  ,4.40  ,P3RHS1_1247 ,P3RHS1_1247 -> P3RDT1272 ,54.23  ,11.01  ,201245.40  ,1  ,
P3RLV3007 ,1 ,0.42 ,6.35   ,1.29  ,P3RHS1_1247 ,P3RHS1_1247 -> P3RDT1272 ,15.88  ,3.22   ,59535.41   ,5  ,
P3RLV3008 ,3 ,0.42 ,46.74  ,9.49  ,P3RHS1_1247 ,P3RHS1_1247 -> P3RDT1272 ,116.85 ,23.73  ,425281.20  ,1  ,
P3RLV3009 ,1 ,0.42 ,1.94   ,0.64  ,P3RHS1_1247 ,P3RHS1_1247 -> P3RDT1584 ,4.85   ,1.59   ,16171.33   ,1  ,
P3RLV3010 ,1 ,0.42 ,1.27   ,0.42  ,P3RHS1_1247 ,P3RHS1_1247 -> P3RDT1428 ,3.18   ,1.05   ,10614.26   ,1  ,
P3RLV3011 ,1 ,0.42 ,3.44   ,1.13  ,P3RHS1_1247 ,P3RHS1_1247 -> P3RDT1428 ,8.61   ,2.83   ,28713.88   ,1  ,
P3RLV3012 ,1 ,0.42 ,1.93   ,0.63  ,P3RHS1_1247 ,P3RHS1_1247 -> P3RDT1584 ,4.82   ,1.59   ,16087.52   ,1  ,
P3RLV3013 ,1 ,0.42 ,2.84   ,0.58  ,P3RHS1_1247 ,P3RHS1_1247 -> P3RDT1194 ,7.10   ,1.44   ,26633.95   ,2  ,
P3RLV3014 ,1 ,0.42 ,5.75   ,1.17  ,P3RHS1_1247 ,P3RHS1_1247 -> P3RDT1194 ,14.38  ,2.92   ,53912.02   ,4  ,
P3RLV3015 ,1 ,0.42 ,1.45   ,0.48  ,P3RHS1_1247 ,P3RHS1_1247 -> P3RDT1194 ,3.62   ,1.19   ,23781.75   ,1  ,
P3RLV3016 ,1 ,0.42 ,0.79   ,0.16  ,P3RHS1_1247 ,P3RHS1_1247 -> P3RDT1194 ,1.98   ,0.40   ,7629.01    ,1  ,
P3RLV3017 ,1 ,0.42 ,0.34   ,0.07  ,P3RHS1_1247 ,P3RHS1_1247 -> P3RDT1194 ,0.86   ,0.17   ,3540.22    ,1  ,
P3RLV3018 ,1 ,0.42 ,2.57   ,0.52  ,P3RHS1_1247 ,P3RHS1_1247 -> P3RDT1194 ,6.43   ,1.31   ,24110.57   ,2  ,
P3RLV3019 ,1 ,0.42 ,3.84   ,0.78  ,P3RHS1_1247 ,P3RHS1_1247 -> P3RDT1194 ,9.61   ,1.95   ,36020.20   ,3  ,
P3RLV3020 ,1 ,0.42 ,1.78   ,0.36  ,P3RHS1_1247 ,P3RHS1_1247 -> P3RDT1322 ,4.46   ,0.91   ,18016.03   ,1  ,
P3RLV3021 ,1 ,0.42 ,2.07   ,0.68  ,P3RHS1_1247 ,P3RHS1_1247 -> P3RDT1194 ,5.18   ,1.70   ,17291.78   ,1  ,
P3RLV3022 ,1 ,0.42 ,1.86   ,0.61  ,P3RHS1_1247 ,P3RHS1_1247 -> P3RDT1428 ,4.64   ,1.53   ,15485.30   ,1  ,
P3RLV3023 ,1 ,0.42 ,1.48   ,0.49  ,P3RHS1_1247 ,P3RHS1_1247 -> P3RDT1428 ,3.70   ,1.22   ,12339.97   ,1  ,
P3RLV3024 ,1 ,0.42 ,1.71   ,0.56  ,P3RHS1_1247 ,P3RHS1_1247 -> P3RDT1428 ,4.29   ,1.41   ,14295.56   ,1  ,
P3RLV3025 ,1 ,0.42 ,1.28   ,0.42  ,P3RHS1_1247 ,P3RHS1_1247 -> P3RDT1428 ,3.19   ,1.05   ,10648.58   ,1  ,
P3RLV3026 ,1 ,0.42 ,3.71   ,1.22  ,P3RHS1_1247 ,P3RHS1_1247 -> P3RDT1428 ,9.27   ,3.05   ,30921.64   ,1  ,
P3RLV3027 ,1 ,0.42 ,0.98   ,0.32  ,P3RHS1_1247 ,P3RHS1_1247 -> P3RDT1428 ,2.45   ,0.80   ,8156.32    ,1  ,
P3RLV3028 ,3 ,0.42 ,20.23  ,4.11  ,P3RHS1_1247 ,P3RHS1_1247 -> P3RDT1322 ,50.58  ,10.27  ,188199.10  ,1  ,
P3RLV3029 ,1 ,0.42 ,1.02   ,0.34  ,P3RHS1_1247 ,P3RHS1_1247 -> P3RDT1428 ,2.56   ,0.84   ,8530.57    ,1  ,
P3RLV3030 ,1 ,0.42 ,0.46   ,0.15  ,P3RHS1_1247 ,P3RHS1_1247 -> P3RDT1428 ,1.14   ,0.38   ,3808.25    ,1  ,
P3RLV3031 ,1 ,0.42 ,3.47   ,1.14  ,P3RHS1_1247 ,P3RHS1_1247 -> P3RDT1194 ,8.68   ,2.85   ,28964.72   ,1  ,
P3RLV3032 ,1 ,0.42 ,8.49   ,1.72  ,P3RHS1_1247 ,P3RHS1_1247 -> P3RDT1322 ,21.22  ,4.31   ,83171.30   ,1  ,
P3RLV3033 ,1 ,0.42 ,4.80   ,1.58  ,P3RHS1_1247 ,P3RHS1_1247 -> P3RDT1428 ,12.01  ,3.95   ,40050.60   ,1  ,
P3RLV3034 ,1 ,0.42 ,4.00   ,1.32  ,P3RHS1_1247 ,P3RHS1_1247 -> P3RDT1428 ,10.00  ,3.29   ,33370.31   ,1  ,
P3RLV3035 ,1 ,0.42 ,1.25   ,0.41  ,P3RHS1_1247 ,P3RHS1_1247 -> P3RDT1272 ,3.13   ,1.03   ,10433.90   ,1  ,
P3RLV3036 ,1 ,0.42 ,0.53   ,0.17  ,P3RHS1_1247 ,P3RHS1_1247 -> P3RDT1428 ,1.32   ,0.44   ,4415.00    ,1  ,
P3RLV3037 ,1 ,0.42 ,1.07   ,0.22  ,P3RHS1_1247 ,P3RHS1_1247 -> P3RDT1428 ,2.68   ,0.54   ,10046.49   ,1  ,
P3RLV3038 ,1 ,0.42 ,2.23   ,0.73  ,P3RHS1_1247 ,P3RHS1_1247 -> P3RDT1428 ,5.57   ,1.83   ,18579.94   ,1  ,
P3RLV3039 ,1 ,0.42 ,4.05   ,1.33  ,P3RHS1_1247 ,P3RHS1_1247 -> P3RDT1428 ,10.13  ,3.33   ,33804.01   ,1  ,
P3RLV3040 ,1 ,0.42 ,2.06   ,0.68  ,P3RHS1_1247 ,P3RHS1_1247 -> P3RDT1428 ,5.14   ,1.69   ,17143.61   ,1  ,
P3RLV3041 ,1 ,0.42 ,0.41   ,0.14  ,P3RHS1_1247 ,P3RHS1_1247 -> P3RDT1428 ,1.03   ,0.34   ,3441.22    ,1  ,
P3RLV3042 ,1 ,0.42 ,1.29   ,0.42  ,P3RHS1_1247 ,P3RHS1_1247 -> P3RDT1428 ,3.22   ,1.06   ,10747.68   ,1  ,
P3RLV3043 ,1 ,0.42 ,2.34   ,0.77  ,P3RHS1_1247 ,P3RHS1_1247 -> P3RDT1428 ,5.85   ,1.92   ,19510.29   ,1  ,
P3RLV3044 ,1 ,0.42 ,1.58   ,0.52  ,P3RHS1_1247 ,P3RHS1_1247 -> P3RDT1428 ,3.95   ,1.30   ,13189.13   ,1  ,
P3RLV3045 ,1 ,0.42 ,2.51   ,0.82  ,P3RHS1_1247 ,P3RHS1_1247 -> P3RDT1428 ,6.27   ,2.06   ,20906.94   ,1  ,
P3RLV3046 ,1 ,0.42 ,1.68   ,0.55  ,P3RHS1_1247 ,P3RHS1_1247 -> P3RDT1272 ,4.21   ,1.38   ,14028.11   ,1  ,
P3RLV3047 ,1 ,0.42 ,1.78   ,0.58  ,P3RHS1_1247 ,P3RHS1_1247 -> P3RDT1272 ,4.44   ,1.46   ,14807.36   ,1  ,
P3RLV3048 ,1 ,0.42 ,1.66   ,0.54  ,P3RHS1_1247 ,P3RHS1_1247 -> P3RDT1272 ,4.14   ,1.36   ,13814.36   ,1  ,
P3RLV3049 ,1 ,0.42 ,1.23   ,0.25  ,P3RHS1_1247 ,P3RHS1_1247 -> P3RDT1428 ,3.07   ,0.62   ,11508.32   ,1  ,
P3RLV3050 ,1 ,0.42 ,0.54   ,0.18  ,P3RHS1_1247 ,P3RHS1_1247 -> P3RDT1428 ,1.35   ,0.44   ,4487.94    ,1  ,
P3RLV3051 ,1 ,0.42 ,0.53   ,0.18  ,P3RHS1_1247 ,P3RHS1_1247 -> P3RDT1428 ,1.33   ,0.44   ,4449.62    ,1  ,
P3RLV3052 ,1 ,0.42 ,1.16   ,0.24  ,P3RHS1_1247 ,P3RHS1_1247 -> P3RDT1272 ,2.90   ,0.59   ,10859.23   ,1  ,
P3RLV3053 ,1 ,0.42 ,1.68   ,0.55  ,P3RHS1_1247 ,P3RHS1_1247 -> P3RDT1272 ,4.20   ,1.38   ,14012.38   ,1  ,
P3RLV3054 ,1 ,0.42 ,1.34   ,0.44  ,P3RHS1_1247 ,P3RHS1_1247 -> P3RDT1428 ,3.35   ,1.10   ,11185.08   ,1  ,
P3RLV3055 ,1 ,0.42 ,3.46   ,1.14  ,P3RHS1_1247 ,P3RHS1_1247 -> P3RDT1428 ,8.66   ,2.85   ,28877.79   ,1  ,
P3RLV3056 ,1 ,0.42 ,1.48   ,0.49  ,P3RHS1_1247 ,P3RHS1_1247 -> P3RDT1194 ,3.70   ,1.22   ,12358.96   ,1  ,
P3RLV3057 ,1 ,0.42 ,6.20   ,2.04  ,P3RHS1_1247 ,P3RHS1_1247 -> P3RDT1322 ,15.50  ,5.09   ,101813.80  ,1  ,
P3RLV3058 ,3 ,0.42 ,36.60  ,12.03 ,P3RHS1_1247 ,P3RHS1_1247 -> P3RDT1194 ,91.50  ,30.07  ,305224.70  ,1  ,
P3RLV3059 ,1 ,0.42 ,1.64   ,0.54  ,P3RHS1_1247 ,P3RHS1_1247 -> P3RDT1322 ,4.10   ,1.35   ,26906.52   ,1  ,
P3RLV3060 ,1 ,0.42 ,4.59   ,1.51  ,P3RHS1_1247 ,P3RHS1_1247 -> P3RDT1272 ,11.47  ,3.77   ,38272.97   ,1  ,
P3RLV3061 ,3 ,0.42 ,34.07  ,11.20 ,P3RHS1_1247 ,P3RHS1_1247 -> P3RDT1194 ,85.17  ,27.99  ,284109.50  ,1  ,
P3RLV3062 ,1 ,0.42 ,4.69   ,1.54  ,P3RHS1_1247 ,P3RHS1_1247 -> P3RDT1194 ,11.72  ,3.85   ,39082.26   ,1  ,
P3RLV3063 ,1 ,0.42 ,0.65   ,0.21  ,P3RHS1_1247 ,P3RHS1_1247 -> P3RDT1194 ,1.62   ,0.53   ,5411.83    ,1  ,
P3RLV3064 ,1 ,0.42 ,10.58  ,3.48  ,P3RHS1_1247 ,P3RHS1_1247 -> P3RDT1194 ,26.44  ,8.69   ,88209.18   ,1  ,
P3RLV3065 ,1 ,0.42 ,6.02   ,1.98  ,P3RHS1_1247 ,P3RHS1_1247 -> P3RDT1194 ,15.05  ,4.95   ,50214.16   ,1  ,
P3RLV3066 ,1 ,0.42 ,1.02   ,0.34  ,P3RHS1_1247 ,P3RHS1_1247 -> P3RDT1272 ,2.56   ,0.84   ,8526.88    ,1  ,
P3RLV3067 ,1 ,0.42 ,3.30   ,1.09  ,P3RHS1_1247 ,P3RHS1_1247 -> P3RDT1322 ,8.26   ,2.71   ,54240.07   ,1  ,
P3RLV3068 ,1 ,0.42 ,3.16   ,1.04  ,P3RHS1_1247 ,P3RHS1_1247 -> P3RDT1272 ,7.91   ,2.60   ,26379.13   ,1  ,
P3RLV3069 ,1 ,0.42 ,4.48   ,1.47  ,P3RHS1_1247 ,P3RHS1_1247 -> P3RDT1272 ,11.19  ,3.68   ,37320.21   ,1  ,
P3RLV3070 ,1 ,0.42 ,1.85   ,0.37  ,P3RHS1_1247 ,P3RHS1_1247 -> P3RDT1194 ,4.61   ,0.94   ,17296.05   ,1  ,
P3RLV3071 ,1 ,0.42 ,17.06  ,3.46  ,P3RHS1_1247 ,P3RHS1_1247 -> P3RDT1322 ,42.65  ,8.66   ,159813.90  ,1  ,
P3RLV3072 ,1 ,0.42 ,1.49   ,0.30  ,P3RHS1_1247 ,P3RHS1_1247 -> P3RDT1194 ,3.72   ,0.76   ,13954.73   ,1  ,
P3RLV3073 ,1 ,0.42 ,1.75   ,0.36  ,P3RHS1_1247 ,P3RHS1_1247 -> P3RDT1194 ,4.38   ,0.89   ,16418.22   ,1  ,
P3RLV3074 ,1 ,0.42 ,5.05   ,1.03  ,P3RHS1_1247 ,P3RHS1_1247 -> P3RDT1194 ,12.63  ,2.56   ,47340.89   ,4  ,
P3RLV3075 ,1 ,0.42 ,4.03   ,0.82  ,P3RHS1_1247 ,P3RHS1_1247 -> P3RDT1194 ,10.08  ,2.05   ,37775.34   ,3  ,
P3RLV3076 ,1 ,0.42 ,1.68   ,0.34  ,P3RHS1_1247 ,P3RHS1_1247 -> P3RDT1194 ,4.21   ,0.85   ,15784.08   ,1  ,
P3RLV3077 ,1 ,0.42 ,1.45   ,0.29  ,P3RHS1_1247 ,P3RHS1_1247 -> P3RDT1194 ,3.62   ,0.73   ,13565.77   ,1  ,
P3RLV3078 ,1 ,0.42 ,1.75   ,0.36  ,P3RHS1_1247 ,P3RHS1_1247 -> P3RDT1322 ,4.38   ,0.89   ,16428.68   ,1  ,
P3RLV3079 ,1 ,0.42 ,3.51   ,0.71  ,P3RHS1_1247 ,P3RHS1_1247 -> P3RDT1194 ,8.77   ,1.78   ,32882.58   ,2  ,
P3RLV3080 ,1 ,0.42 ,3.38   ,0.69  ,P3RHS1_1247 ,P3RHS1_1247 -> P3RDT1194 ,8.45   ,1.72   ,31693.10   ,2  ,
P3RLV3081 ,1 ,0.42 ,3.25   ,0.66  ,P3RHS1_1247 ,P3RHS1_1247 -> P3RDT1194 ,8.12   ,1.65   ,30427.27   ,2  ,
P3RLV3082 ,1 ,0.42 ,0.38   ,0.13  ,P3RHS1_1247 ,P3RHS1_1247 -> P3RDT1272 ,0.96   ,0.32   ,3209.34    ,1  ,
P3RLV3083 ,1 ,0.42 ,1.45   ,0.48  ,P3RHS1_1247 ,P3RHS1_1247 -> P3RDT1272 ,3.62   ,1.19   ,12081.75   ,1  ,
P3RLV3084 ,1 ,0.42 ,1.15   ,0.38  ,P3RHS1_1247 ,P3RHS1_1247 -> P3RDT1272 ,2.87   ,0.94   ,9589.13    ,1  ,
P3RLV3085 ,1 ,0.42 ,0.25   ,0.08  ,P3RHS1_1247 ,P3RHS1_1247 -> P3RDT1272 ,0.62   ,0.20   ,2072.91    ,1  ,
P3RLV3086 ,1 ,0.42 ,3.98   ,1.31  ,P3RHS1_1247 ,P3RHS1_1247 -> P3RDT1428 ,9.95   ,3.27   ,33194.06   ,1  ,
P3RLV3087 ,1 ,0.42 ,2.72   ,0.89  ,P3RHS1_1247 ,P3RHS1_1247 -> P3RDT1428 ,6.80   ,2.24   ,22697.84   ,1  ,
P3RLV3088 ,1 ,0.42 ,0.58   ,0.19  ,P3RHS1_1247 ,P3RHS1_1247 -> P3RDT1272 ,1.44   ,0.47   ,4803.06    ,1  ,
P3RLV3089 ,1 ,0.42 ,3.01   ,0.61  ,P3RHS1_1247 ,P3RHS1_1247 -> P3RDT1322 ,7.51   ,1.53   ,28174.19   ,2  ,
P3RLV3090 ,1 ,0.42 ,2.76   ,0.56  ,P3RHS1_1247 ,P3RHS1_1247 -> P3RDT1322 ,6.89   ,1.40   ,25845.62   ,2  ,
P3RLV3091 ,1 ,0.42 ,2.43   ,0.49  ,P3RHS1_1247 ,P3RHS1_1247 -> P3RDT1322 ,6.07   ,1.23   ,22750.09   ,2  ,
P3RLV3092 ,1 ,0.42 ,0.94   ,0.31  ,P3RHS1_1247 ,P3RHS1_1247 -> P3RDT1272 ,2.34   ,0.77   ,7815.20    ,1  ,
P3RLV3093 ,1 ,0.42 ,3.60   ,0.73  ,P3RHS1_1247 ,P3RHS1_1247 -> P3RDT1322 ,9.00   ,1.83   ,33732.09   ,2  ,
P3RLV3094 ,1 ,0.42 ,0.25   ,0.08  ,P3RHS1_1247 ,P3RHS1_1247 -> P3RDT1272 ,0.62   ,0.21   ,2084.02    ,1  ,
P3RLV3095 ,1 ,0.42 ,0.98   ,0.32  ,P3RHS1_1247 ,P3RHS1_1247 -> P3RDT1428 ,2.44   ,0.80   ,8151.39    ,1  ,
P3RLV3096 ,1 ,0.42 ,15.93  ,5.24  ,P3RHS1_1247 ,P3RHS1_1247 -> P3RDT1194 ,39.82  ,13.09  ,132845.80  ,1  ,
P3RLV3097 ,1 ,0.42 ,1.10   ,0.36  ,P3RHS1_1247 ,P3RHS1_1247 -> P3RDT1428 ,2.75   ,0.90   ,9161.75    ,1  ,
P3RLV3098 ,1 ,0.42 ,15.26  ,3.10  ,P3RHS1_1247 ,P3RHS1_1247 -> P3RDT1322 ,38.16  ,7.75   ,143773.50  ,1  ,
P3RLV3099 ,1 ,0.42 ,0.91   ,0.30  ,P3RHS1_1247 ,P3RHS1_1247 -> P3RDT1428 ,2.29   ,0.75   ,7626.44    ,1  ,
P3RLV3100 ,3 ,0.42 ,21.24  ,4.31  ,P3RHS1_1247 ,P3RHS1_1247 -> P3RDT1322 ,53.11  ,10.78  ,197249.50  ,1  ,
P3RLV3101 ,1 ,0.42 ,2.41   ,0.49  ,P3RHS1_1247 ,P3RHS1_1247 -> P3RDT1194 ,6.02   ,1.22   ,22564.45   ,2  ,
P3RLV3102 ,1 ,0.42 ,2.48   ,0.50  ,P3RHS1_1247 ,P3RHS1_1247 -> P3RDT1272 ,6.20   ,1.26   ,23248.81   ,2  ,
P3RLV3103 ,1 ,0.42 ,2.57   ,0.52  ,P3RHS1_1247 ,P3RHS1_1247 -> P3RDT1272 ,6.43   ,1.31   ,24109.16   ,2  ,
P3RLV3104 ,1 ,0.42 ,0.46   ,0.15  ,P3RHS1_1247 ,P3RHS1_1247 -> P3RDT1584 ,1.15   ,0.38   ,3826.13    ,1  ,
P3RLV3105 ,1 ,0.42 ,0.98   ,0.32  ,P3RHS1_1247 ,P3RHS1_1247 -> P3RDT1584 ,2.44   ,0.80   ,8137.63    ,1  ,
P3RLV3106 ,1 ,0.42 ,2.74   ,0.90  ,P3RHS1_1247 ,P3RHS1_1247 -> P3RDT1584 ,6.85   ,2.25   ,22841.83   ,1  ,
P3RLV3107 ,1 ,0.42 ,3.49   ,1.15  ,P3RHS1_1247 ,P3RHS1_1247 -> P3RDT1584 ,8.72   ,2.87   ,29083.77   ,1  ,
P3RLV3108 ,1 ,0.42 ,0.80   ,0.26  ,P3RHS1_1247 ,P3RHS1_1247 -> P3RDT1584 ,2.00   ,0.66   ,6666.12    ,1  ,
P3RLV3109 ,1 ,0.42 ,2.92   ,0.96  ,P3RHS1_1247 ,P3RHS1_1247 -> P3RDT1584 ,7.31   ,2.40   ,24374.04   ,1  ,
P3RLV3110 ,1 ,0.42 ,0.21   ,0.07  ,P3RHS1_1247 ,P3RHS1_1247 -> P3RDT1584 ,0.52   ,0.17   ,1730.69    ,1  ,